#VRML V2.0 utf8
WorldInfo
{
	info ["Generated by TraceParts CAD VRML Translator"]
	title "TraceParts Part"
}
DEF TraceParts_Part Group
{
	children
	[
		Shape
		{
			appearance Appearance
			{
				material Material
				{
					diffuseColor 0.592 0.667 0.682
				}
			}
			geometry IndexedFaceSet
			{
				creaseAngle 0.5
				solid TRUE
				coord Coordinate
				{
					point
					[
						0.125 -0.603 0.060,
						0.085 -0.630 0.100,
						0.125 -0.590 0.040,
						-0.085 -0.630 0.100,
						-0.125 -0.590 0.040,
						-0.125 -0.603 0.060
					]
				}
				coordIndex
				[
					0, 1, 2, -1,
					2, 1, 3, -1,
					2, 3, 4, -1,
					4, 3, 5, -1
				]
				normal Normal
				{
					vector
					[
						-0.000 -0.832 -0.555
					]
				}
				normalIndex
				[
					0, 0, 0, -1,
					0, 0, 0, -1,
					0, 0, 0, -1,
					0, 0, 0, -1
				]
			}
		}
		Shape
		{
			appearance Appearance
			{
				material Material
				{
					diffuseColor 0.592 0.667 0.682
				}
			}
			geometry IndexedFaceSet
			{
				creaseAngle 0.5
				solid TRUE
				coord Coordinate
				{
					point
					[
						-0.225 -0.603 0.060,
						-0.265 -0.630 0.100,
						-0.225 -0.590 0.040,
						-0.435 -0.630 0.100,
						-0.475 -0.590 0.040,
						-0.475 -0.603 0.060
					]
				}
				coordIndex
				[
					0, 1, 2, -1,
					2, 1, 3, -1,
					2, 3, 4, -1,
					4, 3, 5, -1
				]
				normal Normal
				{
					vector
					[
						-0.000 -0.832 -0.555
					]
				}
				normalIndex
				[
					0, 0, 0, -1,
					0, 0, 0, -1,
					0, 0, 0, -1,
					0, 0, 0, -1
				]
			}
		}
		Shape
		{
			appearance Appearance
			{
				material Material
				{
					diffuseColor 0.592 0.667 0.682
				}
			}
			geometry IndexedFaceSet
			{
				creaseAngle 0.5
				solid TRUE
				coord Coordinate
				{
					point
					[
						-0.575 -0.603 0.060,
						-0.615 -0.630 0.100,
						-0.575 -0.590 0.040,
						-0.765 -0.590 0.040,
						-0.765 -0.630 0.100
					]
				}
				coordIndex
				[
					0, 1, 2, -1,
					2, 1, 3, -1,
					1, 4, 3, -1
				]
				normal Normal
				{
					vector
					[
						-0.000 -0.832 -0.555
					]
				}
				normalIndex
				[
					0, 0, 0, -1,
					0, 0, 0, -1,
					0, 0, 0, -1
				]
			}
		}
		Shape
		{
			appearance Appearance
			{
				material Material
				{
					diffuseColor 0.592 0.667 0.682
				}
			}
			geometry IndexedFaceSet
			{
				creaseAngle 0.5
				solid TRUE
				coord Coordinate
				{
					point
					[
						-0.125 0.603 0.060,
						-0.085 0.630 0.100,
						-0.125 0.590 0.040,
						0.085 0.630 0.100,
						0.125 0.590 0.040,
						0.125 0.603 0.060
					]
				}
				coordIndex
				[
					0, 1, 2, -1,
					2, 1, 3, -1,
					2, 3, 4, -1,
					4, 3, 5, -1
				]
				normal Normal
				{
					vector
					[
						-0.000 0.832 -0.555
					]
				}
				normalIndex
				[
					0, 0, 0, -1,
					0, 0, 0, -1,
					0, 0, 0, -1,
					0, 0, 0, -1
				]
			}
		}
		Shape
		{
			appearance Appearance
			{
				material Material
				{
					diffuseColor 0.592 0.667 0.682
				}
			}
			geometry IndexedFaceSet
			{
				creaseAngle 0.5
				solid TRUE
				coord Coordinate
				{
					point
					[
						-0.475 0.603 0.060,
						-0.435 0.630 0.100,
						-0.475 0.590 0.040,
						-0.265 0.630 0.100,
						-0.225 0.590 0.040,
						-0.225 0.603 0.060
					]
				}
				coordIndex
				[
					0, 1, 2, -1,
					2, 1, 3, -1,
					2, 3, 4, -1,
					4, 3, 5, -1
				]
				normal Normal
				{
					vector
					[
						-0.000 0.832 -0.555
					]
				}
				normalIndex
				[
					0, 0, 0, -1,
					0, 0, 0, -1,
					0, 0, 0, -1,
					0, 0, 0, -1
				]
			}
		}
		Shape
		{
			appearance Appearance
			{
				material Material
				{
					diffuseColor 0.592 0.667 0.682
				}
			}
			geometry IndexedFaceSet
			{
				creaseAngle 0.5
				solid TRUE
				coord Coordinate
				{
					point
					[
						-0.765 0.630 0.100,
						-0.615 0.630 0.100,
						-0.765 0.590 0.040,
						-0.575 0.590 0.040,
						-0.575 0.603 0.060
					]
				}
				coordIndex
				[
					0, 1, 2, -1,
					2, 1, 3, -1,
					1, 4, 3, -1
				]
				normal Normal
				{
					vector
					[
						-0.000 0.832 -0.555
					]
				}
				normalIndex
				[
					0, 0, 0, -1,
					0, 0, 0, -1,
					0, 0, 0, -1
				]
			}
		}
		Shape
		{
			appearance Appearance
			{
				material Material
				{
					diffuseColor 0.592 0.667 0.682
				}
			}
			geometry IndexedFaceSet
			{
				creaseAngle 0.5
				solid TRUE
				coord Coordinate
				{
					point
					[
						-0.475 0.630 0.060,
						-0.475 0.780 0.060,
						-0.575 0.630 0.060,
						-0.575 0.780 0.060
					]
				}
				coordIndex
				[
					0, 1, 2, -1,
					2, 1, 3, -1
				]
				normal Normal
				{
					vector
					[
						-0.000 0.000 1.000
					]
				}
				normalIndex
				[
					0, 0, 0, -1,
					0, 0, 0, -1
				]
			}
		}
		Shape
		{
			appearance Appearance
			{
				material Material
				{
					diffuseColor 0.592 0.667 0.682
				}
			}
			geometry IndexedFaceSet
			{
				creaseAngle 0.5
				solid TRUE
				coord Coordinate
				{
					point
					[
						-0.125 0.630 0.060,
						-0.125 0.780 0.060,
						-0.225 0.630 0.060,
						-0.225 0.780 0.060
					]
				}
				coordIndex
				[
					0, 1, 2, -1,
					2, 1, 3, -1
				]
				normal Normal
				{
					vector
					[
						-0.000 0.000 1.000
					]
				}
				normalIndex
				[
					0, 0, 0, -1,
					0, 0, 0, -1
				]
			}
		}
		Shape
		{
			appearance Appearance
			{
				material Material
				{
					diffuseColor 0.592 0.667 0.682
				}
			}
			geometry IndexedFaceSet
			{
				creaseAngle 0.5
				solid TRUE
				coord Coordinate
				{
					point
					[
						0.225 0.630 0.060,
						0.225 0.780 0.060,
						0.125 0.630 0.060,
						0.125 0.780 0.060
					]
				}
				coordIndex
				[
					0, 1, 2, -1,
					2, 1, 3, -1
				]
				normal Normal
				{
					vector
					[
						-0.000 0.000 1.000
					]
				}
				normalIndex
				[
					0, 0, 0, -1,
					0, 0, 0, -1
				]
			}
		}
		Shape
		{
			appearance Appearance
			{
				material Material
				{
					diffuseColor 0.592 0.667 0.682
				}
			}
			geometry IndexedFaceSet
			{
				creaseAngle 0.5
				solid TRUE
				coord Coordinate
				{
					point
					[
						0.125 -0.590 0.040,
						-0.125 -0.590 0.040,
						0.125 -0.590 0.000,
						-0.125 -0.590 0.000
					]
				}
				coordIndex
				[
					0, 1, 2, -1,
					2, 1, 3, -1
				]
				normal Normal
				{
					vector
					[
						0.000 -1.000 -0.000
					]
				}
				normalIndex
				[
					0, 0, 0, -1,
					0, 0, 0, -1
				]
			}
		}
		Shape
		{
			appearance Appearance
			{
				material Material
				{
					diffuseColor 0.592 0.667 0.682
				}
			}
			geometry IndexedFaceSet
			{
				creaseAngle 0.5
				solid TRUE
				coord Coordinate
				{
					point
					[
						-0.225 -0.590 0.040,
						-0.475 -0.590 0.040,
						-0.225 -0.590 0.000,
						-0.475 -0.590 0.000
					]
				}
				coordIndex
				[
					0, 1, 2, -1,
					2, 1, 3, -1
				]
				normal Normal
				{
					vector
					[
						0.000 -1.000 -0.000
					]
				}
				normalIndex
				[
					0, 0, 0, -1,
					0, 0, 0, -1
				]
			}
		}
		Shape
		{
			appearance Appearance
			{
				material Material
				{
					diffuseColor 0.592 0.667 0.682
				}
			}
			geometry IndexedFaceSet
			{
				creaseAngle 0.5
				solid TRUE
				coord Coordinate
				{
					point
					[
						-0.575 -0.590 0.040,
						-0.765 -0.590 0.040,
						-0.575 -0.590 0.000,
						-0.765 -0.590 -0.000
					]
				}
				coordIndex
				[
					0, 1, 2, -1,
					2, 1, 3, -1
				]
				normal Normal
				{
					vector
					[
						0.000 -1.000 -0.000
					]
				}
				normalIndex
				[
					0, 0, 0, -1,
					0, 0, 0, -1
				]
			}
		}
		Shape
		{
			appearance Appearance
			{
				material Material
				{
					diffuseColor 0.592 0.667 0.682
				}
			}
			geometry IndexedFaceSet
			{
				creaseAngle 0.5
				solid TRUE
				coord Coordinate
				{
					point
					[
						0.125 0.590 0.040,
						0.125 0.590 0.000,
						-0.125 0.590 0.040,
						-0.125 0.590 0.000
					]
				}
				coordIndex
				[
					0, 1, 2, -1,
					2, 1, 3, -1
				]
				normal Normal
				{
					vector
					[
						-0.000 1.000 -0.000
					]
				}
				normalIndex
				[
					0, 0, 0, -1,
					0, 0, 0, -1
				]
			}
		}
		Shape
		{
			appearance Appearance
			{
				material Material
				{
					diffuseColor 0.592 0.667 0.682
				}
			}
			geometry IndexedFaceSet
			{
				creaseAngle 0.5
				solid TRUE
				coord Coordinate
				{
					point
					[
						-0.225 0.590 0.040,
						-0.225 0.590 0.000,
						-0.475 0.590 0.040,
						-0.475 0.590 0.000
					]
				}
				coordIndex
				[
					0, 1, 2, -1,
					2, 1, 3, -1
				]
				normal Normal
				{
					vector
					[
						-0.000 1.000 -0.000
					]
				}
				normalIndex
				[
					0, 0, 0, -1,
					0, 0, 0, -1
				]
			}
		}
		Shape
		{
			appearance Appearance
			{
				material Material
				{
					diffuseColor 0.592 0.667 0.682
				}
			}
			geometry IndexedFaceSet
			{
				creaseAngle 0.5
				solid TRUE
				coord Coordinate
				{
					point
					[
						-0.575 0.590 0.040,
						-0.575 0.590 0.000,
						-0.765 0.590 0.040,
						-0.765 0.590 0.000
					]
				}
				coordIndex
				[
					0, 1, 2, -1,
					2, 1, 3, -1
				]
				normal Normal
				{
					vector
					[
						-0.000 1.000 -0.000
					]
				}
				normalIndex
				[
					0, 0, 0, -1,
					0, 0, 0, -1
				]
			}
		}
		Shape
		{
			appearance Appearance
			{
				material Material
				{
					diffuseColor 0.592 0.667 0.682
				}
			}
			geometry IndexedFaceSet
			{
				creaseAngle 0.5
				solid TRUE
				coord Coordinate
				{
					point
					[
						0.065 -0.630 0.370,
						-0.065 -0.630 0.370,
						0.065 -0.585 0.350,
						-0.065 -0.585 0.350
					]
				}
				coordIndex
				[
					0, 1, 2, -1,
					2, 1, 3, -1
				]
				normal Normal
				{
					vector
					[
						-0.000 -0.406 -0.914
					]
				}
				normalIndex
				[
					0, 0, 0, -1,
					0, 0, 0, -1
				]
			}
		}
		Shape
		{
			appearance Appearance
			{
				material Material
				{
					diffuseColor 0.592 0.667 0.682
				}
			}
			geometry IndexedFaceSet
			{
				creaseAngle 0.5
				solid TRUE
				coord Coordinate
				{
					point
					[
						-0.285 -0.630 0.370,
						-0.415 -0.630 0.370,
						-0.285 -0.585 0.350,
						-0.415 -0.585 0.350
					]
				}
				coordIndex
				[
					0, 1, 2, -1,
					2, 1, 3, -1
				]
				normal Normal
				{
					vector
					[
						-0.000 -0.406 -0.914
					]
				}
				normalIndex
				[
					0, 0, 0, -1,
					0, 0, 0, -1
				]
			}
		}
		Shape
		{
			appearance Appearance
			{
				material Material
				{
					diffuseColor 0.592 0.667 0.682
				}
			}
			geometry IndexedFaceSet
			{
				creaseAngle 0.5
				solid TRUE
				coord Coordinate
				{
					point
					[
						-0.635 -0.630 0.370,
						-0.765 -0.630 0.370,
						-0.635 -0.585 0.350,
						-0.765 -0.585 0.350
					]
				}
				coordIndex
				[
					0, 1, 2, -1,
					2, 1, 3, -1
				]
				normal Normal
				{
					vector
					[
						-0.000 -0.406 -0.914
					]
				}
				normalIndex
				[
					0, 0, 0, -1,
					0, 0, 0, -1
				]
			}
		}
		Shape
		{
			appearance Appearance
			{
				material Material
				{
					diffuseColor 0.592 0.667 0.682
				}
			}
			geometry IndexedFaceSet
			{
				creaseAngle 0.5
				solid TRUE
				coord Coordinate
				{
					point
					[
						0.065 -0.585 0.140,
						0.065 -0.585 0.350,
						-0.065 -0.585 0.140,
						-0.065 -0.585 0.350
					]
				}
				coordIndex
				[
					0, 1, 2, -1,
					2, 1, 3, -1
				]
				normal Normal
				{
					vector
					[
						-0.000 -1.000 -0.000
					]
				}
				normalIndex
				[
					0, 0, 0, -1,
					0, 0, 0, -1
				]
			}
		}
		Shape
		{
			appearance Appearance
			{
				material Material
				{
					diffuseColor 0.592 0.667 0.682
				}
			}
			geometry IndexedFaceSet
			{
				creaseAngle 0.5
				solid TRUE
				coord Coordinate
				{
					point
					[
						-0.285 -0.585 0.280,
						-0.285 -0.585 0.350,
						-0.415 -0.585 0.280,
						-0.415 -0.585 0.350
					]
				}
				coordIndex
				[
					0, 1, 2, -1,
					2, 1, 3, -1
				]
				normal Normal
				{
					vector
					[
						-0.000 -1.000 -0.000
					]
				}
				normalIndex
				[
					0, 0, 0, -1,
					0, 0, 0, -1
				]
			}
		}
		Shape
		{
			appearance Appearance
			{
				material Material
				{
					diffuseColor 0.592 0.667 0.682
				}
			}
			geometry IndexedFaceSet
			{
				creaseAngle 0.5
				solid TRUE
				coord Coordinate
				{
					point
					[
						-0.635 -0.585 0.280,
						-0.635 -0.585 0.350,
						-0.765 -0.585 0.280,
						-0.765 -0.585 0.350
					]
				}
				coordIndex
				[
					0, 1, 2, -1,
					2, 1, 3, -1
				]
				normal Normal
				{
					vector
					[
						-0.000 -1.000 -0.000
					]
				}
				normalIndex
				[
					0, 0, 0, -1,
					0, 0, 0, -1
				]
			}
		}
		Shape
		{
			appearance Appearance
			{
				material Material
				{
					diffuseColor 0.592 0.667 0.682
				}
			}
			geometry IndexedFaceSet
			{
				creaseAngle 0.5
				solid TRUE
				coord Coordinate
				{
					point
					[
						0.285 -0.629 0.244,
						0.285 -0.626 0.253,
						0.285 -0.630 0.235,
						0.285 -0.621 0.262,
						0.285 -0.615 0.269,
						0.285 -0.615 0.140,
						0.285 -0.630 0.140
					]
				}
				coordIndex
				[
					0, 1, 2, -1,
					2, 1, 3, -1,
					2, 3, 4, -1,
					4, 5, 2, -1,
					2, 5, 6, -1
				]
				normal Normal
				{
					vector
					[
						-1.000 0.000 0.000
					]
				}
				normalIndex
				[
					0, 0, 0, -1,
					0, 0, 0, -1,
					0, 0, 0, -1,
					0, 0, 0, -1,
					0, 0, 0, -1
				]
			}
		}
		Shape
		{
			appearance Appearance
			{
				material Material
				{
					diffuseColor 0.592 0.667 0.682
				}
			}
			geometry IndexedFaceSet
			{
				creaseAngle 0.5
				solid TRUE
				coord Coordinate
				{
					point
					[
						0.285 -0.615 0.140,
						0.065 -0.615 0.140,
						0.285 -0.630 0.140,
						-0.065 -0.615 0.140,
						-0.285 -0.630 0.140,
						-0.285 -0.615 0.140,
						0.065 -0.585 0.140,
						-0.065 -0.585 0.140
					]
				}
				coordIndex
				[
					0, 1, 2, -1,
					2, 1, 3, -1,
					2, 3, 4, -1,
					4, 3, 5, -1,
					6, 7, 1, -1,
					1, 7, 3, -1
				]
				normal Normal
				{
					vector
					[
						0.000 0.000 1.000
					]
				}
				normalIndex
				[
					0, 0, 0, -1,
					0, 0, 0, -1,
					0, 0, 0, -1,
					0, 0, 0, -1,
					0, 0, 0, -1,
					0, 0, 0, -1
				]
			}
		}
		Shape
		{
			appearance Appearance
			{
				material Material
				{
					diffuseColor 0.592 0.667 0.682
				}
			}
			geometry IndexedFaceSet
			{
				creaseAngle 0.5
				solid TRUE
				coord Coordinate
				{
					point
					[
						0.065 0.585 0.140,
						-0.065 0.585 0.140,
						0.065 0.585 0.350,
						-0.065 0.585 0.350
					]
				}
				coordIndex
				[
					0, 1, 2, -1,
					2, 1, 3, -1
				]
				normal Normal
				{
					vector
					[
						-0.000 1.000 -0.000
					]
				}
				normalIndex
				[
					0, 0, 0, -1,
					0, 0, 0, -1
				]
			}
		}
		Shape
		{
			appearance Appearance
			{
				material Material
				{
					diffuseColor 0.592 0.667 0.682
				}
			}
			geometry IndexedFaceSet
			{
				creaseAngle 0.5
				solid TRUE
				coord Coordinate
				{
					point
					[
						-0.285 0.585 0.280,
						-0.415 0.585 0.280,
						-0.285 0.585 0.350,
						-0.415 0.585 0.350
					]
				}
				coordIndex
				[
					0, 1, 2, -1,
					2, 1, 3, -1
				]
				normal Normal
				{
					vector
					[
						-0.000 1.000 -0.000
					]
				}
				normalIndex
				[
					0, 0, 0, -1,
					0, 0, 0, -1
				]
			}
		}
		Shape
		{
			appearance Appearance
			{
				material Material
				{
					diffuseColor 0.592 0.667 0.682
				}
			}
			geometry IndexedFaceSet
			{
				creaseAngle 0.5
				solid TRUE
				coord Coordinate
				{
					point
					[
						-0.635 0.585 0.280,
						-0.765 0.585 0.280,
						-0.635 0.585 0.350,
						-0.765 0.585 0.350
					]
				}
				coordIndex
				[
					0, 1, 2, -1,
					2, 1, 3, -1
				]
				normal Normal
				{
					vector
					[
						-0.000 1.000 -0.000
					]
				}
				normalIndex
				[
					0, 0, 0, -1,
					0, 0, 0, -1
				]
			}
		}
		Shape
		{
			appearance Appearance
			{
				material Material
				{
					diffuseColor 0.592 0.667 0.682
				}
			}
			geometry IndexedFaceSet
			{
				creaseAngle 0.5
				solid TRUE
				coord Coordinate
				{
					point
					[
						0.065 0.585 0.350,
						-0.065 0.585 0.350,
						0.065 0.630 0.370,
						-0.065 0.630 0.370
					]
				}
				coordIndex
				[
					0, 1, 2, -1,
					2, 1, 3, -1
				]
				normal Normal
				{
					vector
					[
						-0.000 0.406 -0.914
					]
				}
				normalIndex
				[
					0, 0, 0, -1,
					0, 0, 0, -1
				]
			}
		}
		Shape
		{
			appearance Appearance
			{
				material Material
				{
					diffuseColor 0.592 0.667 0.682
				}
			}
			geometry IndexedFaceSet
			{
				creaseAngle 0.5
				solid TRUE
				coord Coordinate
				{
					point
					[
						-0.285 0.585 0.350,
						-0.415 0.585 0.350,
						-0.285 0.630 0.370,
						-0.415 0.630 0.370
					]
				}
				coordIndex
				[
					0, 1, 2, -1,
					2, 1, 3, -1
				]
				normal Normal
				{
					vector
					[
						-0.000 0.406 -0.914
					]
				}
				normalIndex
				[
					0, 0, 0, -1,
					0, 0, 0, -1
				]
			}
		}
		Shape
		{
			appearance Appearance
			{
				material Material
				{
					diffuseColor 0.592 0.667 0.682
				}
			}
			geometry IndexedFaceSet
			{
				creaseAngle 0.5
				solid TRUE
				coord Coordinate
				{
					point
					[
						-0.635 0.585 0.350,
						-0.765 0.585 0.350,
						-0.635 0.630 0.370,
						-0.765 0.630 0.370
					]
				}
				coordIndex
				[
					0, 1, 2, -1,
					2, 1, 3, -1
				]
				normal Normal
				{
					vector
					[
						-0.000 0.406 -0.914
					]
				}
				normalIndex
				[
					0, 0, 0, -1,
					0, 0, 0, -1
				]
			}
		}
		Shape
		{
			appearance Appearance
			{
				material Material
				{
					diffuseColor 0.592 0.667 0.682
				}
			}
			geometry IndexedFaceSet
			{
				creaseAngle 0.5
				solid TRUE
				coord Coordinate
				{
					point
					[
						-0.415 0.615 0.140,
						-0.415 0.630 0.140,
						-0.635 0.615 0.140,
						-0.635 0.630 0.140
					]
				}
				coordIndex
				[
					0, 1, 2, -1,
					2, 1, 3, -1
				]
				normal Normal
				{
					vector
					[
						-0.000 -0.000 1.000
					]
				}
				normalIndex
				[
					0, 0, 0, -1,
					0, 0, 0, -1
				]
			}
		}
		Shape
		{
			appearance Appearance
			{
				material Material
				{
					diffuseColor 0.592 0.667 0.682
				}
			}
			geometry IndexedFaceSet
			{
				creaseAngle 0.5
				solid TRUE
				coord Coordinate
				{
					point
					[
						0.285 0.630 0.140,
						0.285 0.615 0.140,
						0.285 0.630 0.235,
						0.285 0.615 0.269,
						0.285 0.629 0.244,
						0.285 0.626 0.253,
						0.285 0.621 0.262
					]
				}
				coordIndex
				[
					0, 1, 2, -1,
					2, 1, 3, -1,
					2, 3, 4, -1,
					4, 3, 5, -1,
					3, 6, 5, -1
				]
				normal Normal
				{
					vector
					[
						-1.000 0.000 0.000
					]
				}
				normalIndex
				[
					0, 0, 0, -1,
					0, 0, 0, -1,
					0, 0, 0, -1,
					0, 0, 0, -1,
					0, 0, 0, -1
				]
			}
		}
		Shape
		{
			appearance Appearance
			{
				material Material
				{
					diffuseColor 0.592 0.667 0.682
				}
			}
			geometry IndexedFaceSet
			{
				creaseAngle 0.5
				solid TRUE
				coord Coordinate
				{
					point
					[
						-0.065 0.585 0.140,
						0.065 0.585 0.140,
						-0.065 0.615 0.140,
						0.065 0.615 0.140,
						-0.285 0.630 0.140,
						0.285 0.630 0.140,
						0.285 0.615 0.140,
						-0.285 0.615 0.140
					]
				}
				coordIndex
				[
					0, 1, 2, -1,
					2, 1, 3, -1,
					2, 3, 4, -1,
					4, 3, 5, -1,
					3, 6, 5, -1,
					4, 7, 2, -1
				]
				normal Normal
				{
					vector
					[
						0.000 0.000 1.000
					]
				}
				normalIndex
				[
					0, 0, 0, -1,
					0, 0, 0, -1,
					0, 0, 0, -1,
					0, 0, 0, -1,
					0, 0, 0, -1,
					0, 0, 0, -1
				]
			}
		}
		Shape
		{
			appearance Appearance
			{
				material Material
				{
					diffuseColor 0.592 0.667 0.682
				}
			}
			geometry IndexedFaceSet
			{
				creaseAngle 0.5
				solid TRUE
				coord Coordinate
				{
					point
					[
						0.575 0.630 0.060,
						0.575 0.780 0.060,
						0.475 0.630 0.060,
						0.475 0.780 0.060
					]
				}
				coordIndex
				[
					0, 1, 2, -1,
					2, 1, 3, -1
				]
				normal Normal
				{
					vector
					[
						-0.000 0.000 1.000
					]
				}
				normalIndex
				[
					0, 0, 0, -1,
					0, 0, 0, -1
				]
			}
		}
		Shape
		{
			appearance Appearance
			{
				material Material
				{
					diffuseColor 0.592 0.667 0.682
				}
			}
			geometry IndexedFaceSet
			{
				creaseAngle 0.5
				solid TRUE
				coord Coordinate
				{
					point
					[
						0.475 -0.603 0.060,
						0.435 -0.630 0.100,
						0.475 -0.590 0.040,
						0.265 -0.630 0.100,
						0.225 -0.590 0.040,
						0.225 -0.603 0.060
					]
				}
				coordIndex
				[
					0, 1, 2, -1,
					2, 1, 3, -1,
					2, 3, 4, -1,
					4, 3, 5, -1
				]
				normal Normal
				{
					vector
					[
						-0.000 -0.832 -0.555
					]
				}
				normalIndex
				[
					0, 0, 0, -1,
					0, 0, 0, -1,
					0, 0, 0, -1,
					0, 0, 0, -1
				]
			}
		}
		Shape
		{
			appearance Appearance
			{
				material Material
				{
					diffuseColor 0.592 0.667 0.682
				}
			}
			geometry IndexedFaceSet
			{
				creaseAngle 0.5
				solid TRUE
				coord Coordinate
				{
					point
					[
						0.225 0.603 0.060,
						0.265 0.630 0.100,
						0.225 0.590 0.040,
						0.435 0.630 0.100,
						0.475 0.590 0.040,
						0.475 0.603 0.060
					]
				}
				coordIndex
				[
					0, 1, 2, -1,
					2, 1, 3, -1,
					2, 3, 4, -1,
					4, 3, 5, -1
				]
				normal Normal
				{
					vector
					[
						-0.000 0.832 -0.555
					]
				}
				normalIndex
				[
					0, 0, 0, -1,
					0, 0, 0, -1,
					0, 0, 0, -1,
					0, 0, 0, -1
				]
			}
		}
		Shape
		{
			appearance Appearance
			{
				material Material
				{
					diffuseColor 0.592 0.667 0.682
				}
			}
			geometry IndexedFaceSet
			{
				creaseAngle 0.5
				solid TRUE
				coord Coordinate
				{
					point
					[
						0.475 -0.590 0.040,
						0.225 -0.590 0.040,
						0.475 -0.590 0.000,
						0.225 -0.590 0.000
					]
				}
				coordIndex
				[
					0, 1, 2, -1,
					2, 1, 3, -1
				]
				normal Normal
				{
					vector
					[
						0.000 -1.000 -0.000
					]
				}
				normalIndex
				[
					0, 0, 0, -1,
					0, 0, 0, -1
				]
			}
		}
		Shape
		{
			appearance Appearance
			{
				material Material
				{
					diffuseColor 0.592 0.667 0.682
				}
			}
			geometry IndexedFaceSet
			{
				creaseAngle 0.5
				solid TRUE
				coord Coordinate
				{
					point
					[
						0.225 0.590 0.000,
						0.225 0.590 0.040,
						0.475 0.590 0.000,
						0.475 0.590 0.040
					]
				}
				coordIndex
				[
					0, 1, 2, -1,
					2, 1, 3, -1
				]
				normal Normal
				{
					vector
					[
						-0.000 1.000 -0.000
					]
				}
				normalIndex
				[
					0, 0, 0, -1,
					0, 0, 0, -1
				]
			}
		}
		Shape
		{
			appearance Appearance
			{
				material Material
				{
					diffuseColor 0.592 0.667 0.682
				}
			}
			geometry IndexedFaceSet
			{
				creaseAngle 0.5
				solid TRUE
				coord Coordinate
				{
					point
					[
						0.415 -0.630 0.370,
						0.285 -0.630 0.370,
						0.415 -0.585 0.350,
						0.285 -0.585 0.350
					]
				}
				coordIndex
				[
					0, 1, 2, -1,
					2, 1, 3, -1
				]
				normal Normal
				{
					vector
					[
						-0.000 -0.406 -0.914
					]
				}
				normalIndex
				[
					0, 0, 0, -1,
					0, 0, 0, -1
				]
			}
		}
		Shape
		{
			appearance Appearance
			{
				material Material
				{
					diffuseColor 0.592 0.667 0.682
				}
			}
			geometry IndexedFaceSet
			{
				creaseAngle 0.5
				solid TRUE
				coord Coordinate
				{
					point
					[
						0.285 -0.585 0.350,
						0.285 -0.585 0.280,
						0.415 -0.585 0.350,
						0.415 -0.585 0.280
					]
				}
				coordIndex
				[
					0, 1, 2, -1,
					2, 1, 3, -1
				]
				normal Normal
				{
					vector
					[
						-0.000 -1.000 -0.000
					]
				}
				normalIndex
				[
					0, 0, 0, -1,
					0, 0, 0, -1
				]
			}
		}
		Shape
		{
			appearance Appearance
			{
				material Material
				{
					diffuseColor 0.592 0.667 0.682
				}
			}
			geometry IndexedFaceSet
			{
				creaseAngle 0.5
				solid TRUE
				coord Coordinate
				{
					point
					[
						0.635 -0.615 0.140,
						0.415 -0.615 0.140,
						0.635 -0.630 0.140,
						0.415 -0.630 0.140
					]
				}
				coordIndex
				[
					0, 1, 2, -1,
					2, 1, 3, -1
				]
				normal Normal
				{
					vector
					[
						0.000 0.000 1.000
					]
				}
				normalIndex
				[
					0, 0, 0, -1,
					0, 0, 0, -1
				]
			}
		}
		Shape
		{
			appearance Appearance
			{
				material Material
				{
					diffuseColor 0.592 0.667 0.682
				}
			}
			geometry IndexedFaceSet
			{
				creaseAngle 0.5
				solid TRUE
				coord Coordinate
				{
					point
					[
						0.415 0.585 0.280,
						0.285 0.585 0.280,
						0.415 0.585 0.350,
						0.285 0.585 0.350
					]
				}
				coordIndex
				[
					0, 1, 2, -1,
					2, 1, 3, -1
				]
				normal Normal
				{
					vector
					[
						-0.000 1.000 -0.000
					]
				}
				normalIndex
				[
					0, 0, 0, -1,
					0, 0, 0, -1
				]
			}
		}
		Shape
		{
			appearance Appearance
			{
				material Material
				{
					diffuseColor 0.592 0.667 0.682
				}
			}
			geometry IndexedFaceSet
			{
				creaseAngle 0.5
				solid TRUE
				coord Coordinate
				{
					point
					[
						0.415 0.585 0.350,
						0.285 0.585 0.350,
						0.415 0.630 0.370,
						0.285 0.630 0.370
					]
				}
				coordIndex
				[
					0, 1, 2, -1,
					2, 1, 3, -1
				]
				normal Normal
				{
					vector
					[
						-0.000 0.406 -0.914
					]
				}
				normalIndex
				[
					0, 0, 0, -1,
					0, 0, 0, -1
				]
			}
		}
		Shape
		{
			appearance Appearance
			{
				material Material
				{
					diffuseColor 0.592 0.667 0.682
				}
			}
			geometry IndexedFaceSet
			{
				creaseAngle 0.5
				solid TRUE
				coord Coordinate
				{
					point
					[
						-0.415 0.626 0.253,
						-0.415 0.621 0.262,
						-0.285 0.621 0.262,
						-0.415 0.615 0.269,
						-0.285 0.615 0.269,
						-0.415 0.606 0.275,
						-0.285 0.606 0.275,
						-0.285 0.596 0.279,
						-0.285 0.626 0.253,
						-0.285 0.629 0.244,
						-0.415 0.629 0.244,
						-0.415 0.630 0.235,
						-0.285 0.630 0.235,
						-0.415 0.596 0.279,
						-0.415 0.585 0.280,
						-0.285 0.585 0.280
					]
				}
				coordIndex
				[
					0, 1, 2, -1,
					2, 1, 3, -1,
					2, 3, 4, -1,
					4, 3, 5, -1,
					4, 5, 6, -1,
					6, 5, 7, -1,
					2, 8, 0, -1,
					0, 8, 9, -1,
					0, 9, 10, -1,
					10, 9, 11, -1,
					9, 12, 11, -1,
					5, 13, 7, -1,
					7, 13, 14, -1,
					7, 14, 15, -1
				]
				normal Normal
				{
					vector
					[
						0.000 0.913 0.408,
						0.000 0.808 0.590,
						0.000 0.667 0.745,
						0.000 0.468 0.884,
						0.000 0.241 0.971,
						0.000 0.978 0.209,
						0.000 1.000 0.000,
						0.000 0.000 1.000
					]
				}
				normalIndex
				[
					0, 1, 1, -1,
					1, 1, 2, -1,
					1, 2, 2, -1,
					2, 2, 3, -1,
					2, 3, 3, -1,
					3, 3, 4, -1,
					1, 0, 0, -1,
					0, 0, 5, -1,
					0, 5, 5, -1,
					5, 5, 6, -1,
					5, 6, 6, -1,
					3, 4, 4, -1,
					4, 4, 7, -1,
					4, 7, 7, -1
				]
			}
		}
		Shape
		{
			appearance Appearance
			{
				material Material
				{
					diffuseColor 0.592 0.667 0.682
				}
			}
			geometry IndexedFaceSet
			{
				creaseAngle 0.5
				solid TRUE
				coord Coordinate
				{
					point
					[
						0.415 0.596 0.279,
						0.415 0.606 0.275,
						0.285 0.606 0.275,
						0.415 0.615 0.269,
						0.285 0.615 0.269,
						0.415 0.621 0.262,
						0.285 0.621 0.262,
						0.285 0.626 0.253,
						0.285 0.596 0.279,
						0.285 0.585 0.280,
						0.415 0.585 0.280,
						0.415 0.626 0.253,
						0.415 0.629 0.244,
						0.285 0.629 0.244,
						0.285 0.630 0.235,
						0.415 0.630 0.235
					]
				}
				coordIndex
				[
					0, 1, 2, -1,
					2, 1, 3, -1,
					2, 3, 4, -1,
					4, 3, 5, -1,
					4, 5, 6, -1,
					6, 5, 7, -1,
					2, 8, 0, -1,
					0, 8, 9, -1,
					0, 9, 10, -1,
					5, 11, 7, -1,
					7, 11, 12, -1,
					7, 12, 13, -1,
					13, 12, 14, -1,
					12, 15, 14, -1
				]
				normal Normal
				{
					vector
					[
						0.000 0.241 0.971,
						0.000 0.468 0.884,
						0.000 0.667 0.745,
						0.000 0.808 0.590,
						0.000 0.913 0.408,
						0.000 0.000 1.000,
						0.000 0.978 0.209,
						0.000 1.000 0.000
					]
				}
				normalIndex
				[
					0, 1, 1, -1,
					1, 1, 2, -1,
					1, 2, 2, -1,
					2, 2, 3, -1,
					2, 3, 3, -1,
					3, 3, 4, -1,
					1, 0, 0, -1,
					0, 0, 5, -1,
					0, 5, 5, -1,
					3, 4, 4, -1,
					4, 4, 6, -1,
					4, 6, 6, -1,
					6, 6, 7, -1,
					6, 7, 7, -1
				]
			}
		}
		Shape
		{
			appearance Appearance
			{
				material Material
				{
					diffuseColor 0.592 0.667 0.682
				}
			}
			geometry IndexedFaceSet
			{
				creaseAngle 0.5
				solid TRUE
				coord Coordinate
				{
					point
					[
						-0.415 -0.596 0.279,
						-0.415 -0.606 0.275,
						-0.285 -0.606 0.275,
						-0.415 -0.615 0.269,
						-0.285 -0.615 0.269,
						-0.415 -0.621 0.262,
						-0.285 -0.621 0.262,
						-0.285 -0.626 0.253,
						-0.285 -0.596 0.279,
						-0.285 -0.585 0.280,
						-0.415 -0.585 0.280,
						-0.415 -0.626 0.253,
						-0.415 -0.629 0.244,
						-0.285 -0.629 0.244,
						-0.285 -0.630 0.235,
						-0.415 -0.630 0.235
					]
				}
				coordIndex
				[
					0, 1, 2, -1,
					2, 1, 3, -1,
					2, 3, 4, -1,
					4, 3, 5, -1,
					4, 5, 6, -1,
					6, 5, 7, -1,
					2, 8, 0, -1,
					0, 8, 9, -1,
					0, 9, 10, -1,
					5, 11, 7, -1,
					7, 11, 12, -1,
					7, 12, 13, -1,
					13, 12, 14, -1,
					12, 15, 14, -1
				]
				normal Normal
				{
					vector
					[
						0.000 -0.241 0.971,
						0.000 -0.468 0.884,
						0.000 -0.667 0.745,
						0.000 -0.808 0.590,
						0.000 -0.913 0.408,
						0.000 0.000 1.000,
						0.000 -0.978 0.209,
						0.000 -1.000 0.000
					]
				}
				normalIndex
				[
					0, 1, 1, -1,
					1, 1, 2, -1,
					1, 2, 2, -1,
					2, 2, 3, -1,
					2, 3, 3, -1,
					3, 3, 4, -1,
					1, 0, 0, -1,
					0, 0, 5, -1,
					0, 5, 5, -1,
					3, 4, 4, -1,
					4, 4, 6, -1,
					4, 6, 6, -1,
					6, 6, 7, -1,
					6, 7, 7, -1
				]
			}
		}
		Shape
		{
			appearance Appearance
			{
				material Material
				{
					diffuseColor 0.592 0.667 0.682
				}
			}
			geometry IndexedFaceSet
			{
				creaseAngle 0.5
				solid TRUE
				coord Coordinate
				{
					point
					[
						0.415 -0.626 0.253,
						0.415 -0.621 0.262,
						0.285 -0.621 0.262,
						0.415 -0.615 0.269,
						0.285 -0.615 0.269,
						0.415 -0.606 0.275,
						0.285 -0.606 0.275,
						0.285 -0.596 0.279,
						0.285 -0.626 0.253,
						0.285 -0.629 0.244,
						0.415 -0.629 0.244,
						0.415 -0.630 0.235,
						0.285 -0.630 0.235,
						0.415 -0.596 0.279,
						0.415 -0.585 0.280,
						0.285 -0.585 0.280
					]
				}
				coordIndex
				[
					0, 1, 2, -1,
					2, 1, 3, -1,
					2, 3, 4, -1,
					4, 3, 5, -1,
					4, 5, 6, -1,
					6, 5, 7, -1,
					2, 8, 0, -1,
					0, 8, 9, -1,
					0, 9, 10, -1,
					10, 9, 11, -1,
					9, 12, 11, -1,
					5, 13, 7, -1,
					7, 13, 14, -1,
					7, 14, 15, -1
				]
				normal Normal
				{
					vector
					[
						0.000 -0.913 0.408,
						0.000 -0.808 0.590,
						0.000 -0.667 0.745,
						0.000 -0.468 0.884,
						0.000 -0.241 0.971,
						0.000 -0.978 0.209,
						0.000 -1.000 0.000,
						0.000 0.000 1.000
					]
				}
				normalIndex
				[
					0, 1, 1, -1,
					1, 1, 2, -1,
					1, 2, 2, -1,
					2, 2, 3, -1,
					2, 3, 3, -1,
					3, 3, 4, -1,
					1, 0, 0, -1,
					0, 0, 5, -1,
					0, 5, 5, -1,
					5, 5, 6, -1,
					5, 6, 6, -1,
					3, 4, 4, -1,
					4, 4, 7, -1,
					4, 7, 7, -1
				]
			}
		}
		Shape
		{
			appearance Appearance
			{
				material Material
				{
					diffuseColor 0.592 0.667 0.682
				}
			}
			geometry IndexedFaceSet
			{
				creaseAngle 0.5
				solid TRUE
				coord Coordinate
				{
					point
					[
						0.305 -0.440 0.460,
						0.305 -0.417 0.457,
						0.045 -0.440 0.460,
						0.045 -0.417 0.457,
						0.045 -0.395 0.448,
						0.305 -0.395 0.448,
						0.305 -0.376 0.434,
						0.045 -0.376 0.434,
						0.305 -0.362 0.415,
						0.045 -0.362 0.415,
						0.305 -0.353 0.393,
						0.045 -0.353 0.393,
						0.045 -0.350 0.370,
						0.305 -0.350 0.370
					]
				}
				coordIndex
				[
					0, 1, 2, -1,
					2, 1, 3, -1,
					3, 1, 4, -1,
					4, 1, 5, -1,
					4, 5, 6, -1,
					4, 6, 7, -1,
					7, 6, 8, -1,
					7, 8, 9, -1,
					9, 8, 10, -1,
					9, 10, 11, -1,
					11, 10, 12, -1,
					10, 13, 12, -1
				]
				normal Normal
				{
					vector
					[
						0.000 0.000 1.000,
						0.000 0.259 0.966,
						0.000 0.500 0.866,
						0.000 0.707 0.707,
						0.000 0.866 0.500,
						0.000 0.966 0.259,
						0.000 1.000 0.000
					]
				}
				normalIndex
				[
					0, 1, 0, -1,
					0, 1, 1, -1,
					1, 1, 2, -1,
					2, 1, 2, -1,
					2, 2, 3, -1,
					2, 3, 3, -1,
					3, 3, 4, -1,
					3, 4, 4, -1,
					4, 4, 5, -1,
					4, 5, 5, -1,
					5, 5, 6, -1,
					5, 6, 6, -1
				]
			}
		}
		Shape
		{
			appearance Appearance
			{
				material Material
				{
					diffuseColor 0.592 0.667 0.682
				}
			}
			geometry IndexedFaceSet
			{
				creaseAngle 0.5
				solid TRUE
				coord Coordinate
				{
					point
					[
						-0.045 -0.440 0.460,
						-0.045 -0.417 0.457,
						-0.305 -0.440 0.460,
						-0.305 -0.417 0.457,
						-0.305 -0.395 0.448,
						-0.045 -0.395 0.448,
						-0.045 -0.376 0.434,
						-0.305 -0.376 0.434,
						-0.045 -0.362 0.415,
						-0.305 -0.362 0.415,
						-0.045 -0.353 0.393,
						-0.305 -0.353 0.393,
						-0.305 -0.350 0.370,
						-0.045 -0.350 0.370
					]
				}
				coordIndex
				[
					0, 1, 2, -1,
					2, 1, 3, -1,
					3, 1, 4, -1,
					4, 1, 5, -1,
					4, 5, 6, -1,
					4, 6, 7, -1,
					7, 6, 8, -1,
					7, 8, 9, -1,
					9, 8, 10, -1,
					9, 10, 11, -1,
					11, 10, 12, -1,
					10, 13, 12, -1
				]
				normal Normal
				{
					vector
					[
						0.000 0.000 1.000,
						0.000 0.259 0.966,
						0.000 0.500 0.866,
						0.000 0.707 0.707,
						0.000 0.866 0.500,
						0.000 0.966 0.259,
						0.000 1.000 0.000
					]
				}
				normalIndex
				[
					0, 1, 0, -1,
					0, 1, 1, -1,
					1, 1, 2, -1,
					2, 1, 2, -1,
					2, 2, 3, -1,
					2, 3, 3, -1,
					3, 3, 4, -1,
					3, 4, 4, -1,
					4, 4, 5, -1,
					4, 5, 5, -1,
					5, 5, 6, -1,
					5, 6, 6, -1
				]
			}
		}
		Shape
		{
			appearance Appearance
			{
				material Material
				{
					diffuseColor 0.592 0.667 0.682
				}
			}
			geometry IndexedFaceSet
			{
				creaseAngle 0.5
				solid TRUE
				coord Coordinate
				{
					point
					[
						-0.395 -0.440 0.460,
						-0.395 -0.417 0.457,
						-0.655 -0.440 0.460,
						-0.655 -0.417 0.457,
						-0.655 -0.395 0.448,
						-0.395 -0.395 0.448,
						-0.395 -0.376 0.434,
						-0.655 -0.376 0.434,
						-0.395 -0.362 0.415,
						-0.655 -0.362 0.415,
						-0.395 -0.353 0.393,
						-0.655 -0.353 0.393,
						-0.655 -0.350 0.370,
						-0.395 -0.350 0.370
					]
				}
				coordIndex
				[
					0, 1, 2, -1,
					2, 1, 3, -1,
					3, 1, 4, -1,
					4, 1, 5, -1,
					4, 5, 6, -1,
					4, 6, 7, -1,
					7, 6, 8, -1,
					7, 8, 9, -1,
					9, 8, 10, -1,
					9, 10, 11, -1,
					11, 10, 12, -1,
					10, 13, 12, -1
				]
				normal Normal
				{
					vector
					[
						0.000 0.000 1.000,
						0.000 0.259 0.966,
						0.000 0.500 0.866,
						0.000 0.707 0.707,
						0.000 0.866 0.500,
						0.000 0.966 0.259,
						0.000 1.000 0.000
					]
				}
				normalIndex
				[
					0, 1, 0, -1,
					0, 1, 1, -1,
					1, 1, 2, -1,
					2, 1, 2, -1,
					2, 2, 3, -1,
					2, 3, 3, -1,
					3, 3, 4, -1,
					3, 4, 4, -1,
					4, 4, 5, -1,
					4, 5, 5, -1,
					5, 5, 6, -1,
					5, 6, 6, -1
				]
			}
		}
		Shape
		{
			appearance Appearance
			{
				material Material
				{
					diffuseColor 0.592 0.667 0.682
				}
			}
			geometry IndexedFaceSet
			{
				creaseAngle 0.5
				solid TRUE
				coord Coordinate
				{
					point
					[
						-0.765 -0.440 0.460,
						-0.745 -0.440 0.460,
						-0.765 -0.418 0.457,
						-0.745 -0.417 0.457,
						-0.765 -0.398 0.450,
						-0.745 -0.395 0.448,
						-0.765 -0.380 0.437,
						-0.745 -0.376 0.434,
						-0.765 -0.366 0.421,
						-0.745 -0.362 0.415,
						-0.765 -0.356 0.401,
						-0.745 -0.353 0.393,
						-0.765 -0.351 0.380,
						-0.745 -0.350 0.370,
						-0.785 -0.350 0.370,
						-0.785 -0.350 0.373,
						-0.785 -0.350 0.377,
						-0.785 -0.351 0.380
					]
				}
				coordIndex
				[
					0, 1, 2, -1,
					2, 1, 3, -1,
					2, 3, 4, -1,
					4, 3, 5, -1,
					4, 5, 6, -1,
					6, 5, 7, -1,
					6, 7, 8, -1,
					8, 7, 9, -1,
					8, 9, 10, -1,
					10, 9, 11, -1,
					10, 11, 12, -1,
					12, 11, 13, -1,
					12, 13, 14, -1,
					14, 15, 12, -1,
					12, 15, 16, -1,
					12, 16, 17, -1
				]
				normal Normal
				{
					vector
					[
						0.000 0.000 1.000,
						0.000 0.241 0.971,
						0.000 0.259 0.966,
						0.000 0.468 0.884,
						0.000 0.500 0.866,
						0.000 0.667 0.745,
						0.000 0.707 0.707,
						0.000 0.827 0.563,
						0.000 0.866 0.500,
						0.000 0.938 0.347,
						0.000 0.966 0.259,
						0.000 0.994 0.111,
						0.000 1.000 0.000,
						0.000 0.999 0.037,
						0.000 0.997 0.074
					]
				}
				normalIndex
				[
					0, 0, 1, -1,
					1, 0, 2, -1,
					1, 2, 3, -1,
					3, 2, 4, -1,
					3, 4, 5, -1,
					5, 4, 6, -1,
					5, 6, 7, -1,
					7, 6, 8, -1,
					7, 8, 9, -1,
					9, 8, 10, -1,
					9, 10, 11, -1,
					11, 10, 12, -1,
					11, 12, 12, -1,
					12, 13, 11, -1,
					11, 13, 14, -1,
					11, 14, 11, -1
				]
			}
		}
		Shape
		{
			appearance Appearance
			{
				material Material
				{
					diffuseColor 0.592 0.667 0.682
				}
			}
			geometry IndexedFaceSet
			{
				creaseAngle 0.5
				solid TRUE
				coord Coordinate
				{
					point
					[
						0.395 0.440 0.460,
						0.395 0.417 0.457,
						0.655 0.440 0.460,
						0.655 0.417 0.457,
						0.655 0.395 0.448,
						0.395 0.395 0.448,
						0.395 0.376 0.434,
						0.655 0.376 0.434,
						0.395 0.362 0.415,
						0.655 0.362 0.415,
						0.395 0.353 0.393,
						0.655 0.353 0.393,
						0.655 0.350 0.370,
						0.395 0.350 0.370
					]
				}
				coordIndex
				[
					0, 1, 2, -1,
					2, 1, 3, -1,
					3, 1, 4, -1,
					4, 1, 5, -1,
					4, 5, 6, -1,
					4, 6, 7, -1,
					7, 6, 8, -1,
					7, 8, 9, -1,
					9, 8, 10, -1,
					9, 10, 11, -1,
					11, 10, 12, -1,
					10, 13, 12, -1
				]
				normal Normal
				{
					vector
					[
						0.000 0.000 1.000,
						0.000 -0.259 0.966,
						0.000 -0.500 0.866,
						0.000 -0.707 0.707,
						0.000 -0.866 0.500,
						0.000 -0.966 0.259,
						0.000 -1.000 0.000
					]
				}
				normalIndex
				[
					0, 1, 0, -1,
					0, 1, 1, -1,
					1, 1, 2, -1,
					2, 1, 2, -1,
					2, 2, 3, -1,
					2, 3, 3, -1,
					3, 3, 4, -1,
					3, 4, 4, -1,
					4, 4, 5, -1,
					4, 5, 5, -1,
					5, 5, 6, -1,
					5, 6, 6, -1
				]
			}
		}
		Shape
		{
			appearance Appearance
			{
				material Material
				{
					diffuseColor 0.592 0.667 0.682
				}
			}
			geometry IndexedFaceSet
			{
				creaseAngle 0.5
				solid TRUE
				coord Coordinate
				{
					point
					[
						0.045 0.350 0.370,
						0.305 0.350 0.370,
						0.045 0.353 0.393,
						0.305 0.353 0.393,
						0.305 0.362 0.415,
						0.045 0.362 0.415,
						0.305 0.376 0.434,
						0.045 0.376 0.434,
						0.305 0.395 0.448,
						0.045 0.395 0.448,
						0.045 0.417 0.457,
						0.305 0.417 0.457,
						0.305 0.440 0.460,
						0.045 0.440 0.460
					]
				}
				coordIndex
				[
					0, 1, 2, -1,
					2, 1, 3, -1,
					2, 3, 4, -1,
					2, 4, 5, -1,
					5, 4, 6, -1,
					5, 6, 7, -1,
					7, 6, 8, -1,
					7, 8, 9, -1,
					9, 8, 10, -1,
					8, 11, 10, -1,
					10, 11, 12, -1,
					10, 12, 13, -1
				]
				normal Normal
				{
					vector
					[
						0.000 -1.000 0.000,
						0.000 -0.966 0.259,
						0.000 -0.866 0.500,
						0.000 -0.707 0.707,
						0.000 -0.500 0.866,
						0.000 -0.259 0.966,
						0.000 0.000 1.000
					]
				}
				normalIndex
				[
					0, 0, 1, -1,
					1, 0, 1, -1,
					1, 1, 2, -1,
					1, 2, 2, -1,
					2, 2, 3, -1,
					2, 3, 3, -1,
					3, 3, 4, -1,
					3, 4, 4, -1,
					4, 4, 5, -1,
					4, 5, 5, -1,
					5, 5, 6, -1,
					5, 6, 6, -1
				]
			}
		}
		Shape
		{
			appearance Appearance
			{
				material Material
				{
					diffuseColor 0.592 0.667 0.682
				}
			}
			geometry IndexedFaceSet
			{
				creaseAngle 0.5
				solid TRUE
				coord Coordinate
				{
					point
					[
						-0.305 0.350 0.370,
						-0.045 0.350 0.370,
						-0.305 0.353 0.393,
						-0.045 0.353 0.393,
						-0.045 0.362 0.415,
						-0.305 0.362 0.415,
						-0.045 0.376 0.434,
						-0.305 0.376 0.434,
						-0.045 0.395 0.448,
						-0.305 0.395 0.448,
						-0.305 0.417 0.457,
						-0.045 0.417 0.457,
						-0.045 0.440 0.460,
						-0.305 0.440 0.460
					]
				}
				coordIndex
				[
					0, 1, 2, -1,
					2, 1, 3, -1,
					2, 3, 4, -1,
					2, 4, 5, -1,
					5, 4, 6, -1,
					5, 6, 7, -1,
					7, 6, 8, -1,
					7, 8, 9, -1,
					9, 8, 10, -1,
					8, 11, 10, -1,
					10, 11, 12, -1,
					10, 12, 13, -1
				]
				normal Normal
				{
					vector
					[
						0.000 -1.000 0.000,
						0.000 -0.966 0.259,
						0.000 -0.866 0.500,
						0.000 -0.707 0.707,
						0.000 -0.500 0.866,
						0.000 -0.259 0.966,
						0.000 0.000 1.000
					]
				}
				normalIndex
				[
					0, 0, 1, -1,
					1, 0, 1, -1,
					1, 1, 2, -1,
					1, 2, 2, -1,
					2, 2, 3, -1,
					2, 3, 3, -1,
					3, 3, 4, -1,
					3, 4, 4, -1,
					4, 4, 5, -1,
					4, 5, 5, -1,
					5, 5, 6, -1,
					5, 6, 6, -1
				]
			}
		}
		Shape
		{
			appearance Appearance
			{
				material Material
				{
					diffuseColor 0.592 0.667 0.682
				}
			}
			geometry IndexedFaceSet
			{
				creaseAngle 0.5
				solid TRUE
				coord Coordinate
				{
					point
					[
						-0.655 0.350 0.370,
						-0.395 0.350 0.370,
						-0.655 0.353 0.393,
						-0.395 0.353 0.393,
						-0.395 0.362 0.415,
						-0.655 0.362 0.415,
						-0.395 0.376 0.434,
						-0.655 0.376 0.434,
						-0.395 0.395 0.448,
						-0.655 0.395 0.448,
						-0.655 0.417 0.457,
						-0.395 0.417 0.457,
						-0.395 0.440 0.460,
						-0.655 0.440 0.460
					]
				}
				coordIndex
				[
					0, 1, 2, -1,
					2, 1, 3, -1,
					2, 3, 4, -1,
					2, 4, 5, -1,
					5, 4, 6, -1,
					5, 6, 7, -1,
					7, 6, 8, -1,
					7, 8, 9, -1,
					9, 8, 10, -1,
					8, 11, 10, -1,
					10, 11, 12, -1,
					10, 12, 13, -1
				]
				normal Normal
				{
					vector
					[
						0.000 -1.000 0.000,
						0.000 -0.966 0.259,
						0.000 -0.866 0.500,
						0.000 -0.707 0.707,
						0.000 -0.500 0.866,
						0.000 -0.259 0.966,
						0.000 0.000 1.000
					]
				}
				normalIndex
				[
					0, 0, 1, -1,
					1, 0, 1, -1,
					1, 1, 2, -1,
					1, 2, 2, -1,
					2, 2, 3, -1,
					2, 3, 3, -1,
					3, 3, 4, -1,
					3, 4, 4, -1,
					4, 4, 5, -1,
					4, 5, 5, -1,
					5, 5, 6, -1,
					5, 6, 6, -1
				]
			}
		}
		Shape
		{
			appearance Appearance
			{
				material Material
				{
					diffuseColor 0.592 0.667 0.682
				}
			}
			geometry IndexedFaceSet
			{
				creaseAngle 0.5
				solid TRUE
				coord Coordinate
				{
					point
					[
						0.655 -0.350 0.370,
						0.395 -0.350 0.370,
						0.655 -0.353 0.393,
						0.395 -0.353 0.393,
						0.395 -0.362 0.415,
						0.655 -0.362 0.415,
						0.395 -0.376 0.434,
						0.655 -0.376 0.434,
						0.395 -0.395 0.448,
						0.655 -0.395 0.448,
						0.655 -0.417 0.457,
						0.395 -0.417 0.457,
						0.395 -0.440 0.460,
						0.655 -0.440 0.460
					]
				}
				coordIndex
				[
					0, 1, 2, -1,
					2, 1, 3, -1,
					2, 3, 4, -1,
					2, 4, 5, -1,
					5, 4, 6, -1,
					5, 6, 7, -1,
					7, 6, 8, -1,
					7, 8, 9, -1,
					9, 8, 10, -1,
					8, 11, 10, -1,
					10, 11, 12, -1,
					10, 12, 13, -1
				]
				normal Normal
				{
					vector
					[
						0.000 1.000 0.000,
						0.000 0.966 0.259,
						0.000 0.866 0.500,
						0.000 0.707 0.707,
						0.000 0.500 0.866,
						0.000 0.259 0.966,
						0.000 0.000 1.000
					]
				}
				normalIndex
				[
					0, 0, 1, -1,
					1, 0, 1, -1,
					1, 1, 2, -1,
					1, 2, 2, -1,
					2, 2, 3, -1,
					2, 3, 3, -1,
					3, 3, 4, -1,
					3, 4, 4, -1,
					4, 4, 5, -1,
					4, 5, 5, -1,
					5, 5, 6, -1,
					5, 6, 6, -1
				]
			}
		}
		Shape
		{
			appearance Appearance
			{
				material Material
				{
					diffuseColor 0.592 0.667 0.682
				}
			}
			geometry IndexedFaceSet
			{
				creaseAngle 0.5
				solid TRUE
				coord Coordinate
				{
					point
					[
						0.765 0.440 0.460,
						0.745 0.440 0.460,
						0.765 0.418 0.457,
						0.745 0.417 0.457,
						0.765 0.398 0.450,
						0.745 0.395 0.448,
						0.765 0.380 0.437,
						0.745 0.376 0.434,
						0.765 0.366 0.421,
						0.745 0.362 0.415,
						0.765 0.356 0.401,
						0.745 0.353 0.393,
						0.765 0.351 0.380,
						0.745 0.350 0.370,
						0.785 0.350 0.370,
						0.785 0.350 0.373,
						0.785 0.350 0.377,
						0.785 0.351 0.380
					]
				}
				coordIndex
				[
					0, 1, 2, -1,
					2, 1, 3, -1,
					2, 3, 4, -1,
					4, 3, 5, -1,
					4, 5, 6, -1,
					6, 5, 7, -1,
					6, 7, 8, -1,
					8, 7, 9, -1,
					8, 9, 10, -1,
					10, 9, 11, -1,
					10, 11, 12, -1,
					12, 11, 13, -1,
					12, 13, 14, -1,
					14, 15, 12, -1,
					12, 15, 16, -1,
					12, 16, 17, -1
				]
				normal Normal
				{
					vector
					[
						0.000 0.000 1.000,
						0.000 -0.241 0.971,
						0.000 -0.259 0.966,
						0.000 -0.468 0.884,
						0.000 -0.500 0.866,
						0.000 -0.667 0.745,
						0.000 -0.707 0.707,
						0.000 -0.827 0.563,
						0.000 -0.866 0.500,
						0.000 -0.938 0.347,
						0.000 -0.966 0.259,
						0.000 -0.994 0.111,
						0.000 -1.000 0.000,
						0.000 -0.999 0.037,
						0.000 -0.997 0.074
					]
				}
				normalIndex
				[
					0, 0, 1, -1,
					1, 0, 2, -1,
					1, 2, 3, -1,
					3, 2, 4, -1,
					3, 4, 5, -1,
					5, 4, 6, -1,
					5, 6, 7, -1,
					7, 6, 8, -1,
					7, 8, 9, -1,
					9, 8, 10, -1,
					9, 10, 11, -1,
					11, 10, 12, -1,
					11, 12, 12, -1,
					12, 13, 11, -1,
					11, 13, 14, -1,
					11, 14, 11, -1
				]
			}
		}
		Shape
		{
			appearance Appearance
			{
				material Material
				{
					diffuseColor 0.592 0.667 0.682
				}
			}
			geometry IndexedFaceSet
			{
				creaseAngle 0.5
				solid TRUE
				coord Coordinate
				{
					point
					[
						-0.635 0.630 0.235,
						-0.765 0.630 0.235,
						-0.635 0.629 0.244,
						-0.765 0.628 0.247,
						-0.635 0.626 0.253,
						-0.765 0.624 0.257,
						-0.635 0.621 0.262,
						-0.765 0.617 0.267,
						-0.635 0.615 0.269,
						-0.765 0.608 0.274,
						-0.635 0.606 0.275,
						-0.765 0.597 0.278,
						-0.635 0.596 0.279,
						-0.765 0.585 0.280,
						-0.635 0.585 0.280
					]
				}
				coordIndex
				[
					0, 1, 2, -1,
					2, 1, 3, -1,
					2, 3, 4, -1,
					4, 3, 5, -1,
					4, 5, 6, -1,
					6, 5, 7, -1,
					6, 7, 8, -1,
					8, 7, 9, -1,
					8, 9, 10, -1,
					10, 9, 11, -1,
					10, 11, 12, -1,
					12, 11, 13, -1,
					12, 13, 14, -1
				]
				normal Normal
				{
					vector
					[
						0.000 1.000 0.000,
						0.000 0.978 0.209,
						0.000 0.966 0.259,
						0.000 0.913 0.408,
						0.000 0.866 0.500,
						0.000 0.808 0.590,
						0.000 0.707 0.707,
						0.000 0.667 0.745,
						0.000 0.500 0.866,
						0.000 0.468 0.884,
						0.000 0.259 0.966,
						0.000 0.241 0.971,
						0.000 -0.000 1.000,
						0.000 0.000 1.000
					]
				}
				normalIndex
				[
					0, 0, 1, -1,
					1, 0, 2, -1,
					1, 2, 3, -1,
					3, 2, 4, -1,
					3, 4, 5, -1,
					5, 4, 6, -1,
					5, 6, 7, -1,
					7, 6, 8, -1,
					7, 8, 9, -1,
					9, 8, 10, -1,
					9, 10, 11, -1,
					11, 10, 12, -1,
					11, 12, 13, -1
				]
			}
		}
		Shape
		{
			appearance Appearance
			{
				material Material
				{
					diffuseColor 0.592 0.667 0.682
				}
			}
			geometry IndexedFaceSet
			{
				creaseAngle 0.5
				solid TRUE
				coord Coordinate
				{
					point
					[
						-0.635 -0.596 0.279,
						-0.765 -0.597 0.278,
						-0.635 -0.606 0.275,
						-0.765 -0.608 0.274,
						-0.635 -0.615 0.269,
						-0.765 -0.617 0.267,
						-0.635 -0.621 0.262,
						-0.765 -0.624 0.257,
						-0.635 -0.626 0.253,
						-0.765 -0.628 0.247,
						-0.635 -0.629 0.244,
						-0.765 -0.630 0.235,
						-0.635 -0.630 0.235,
						-0.635 -0.585 0.280,
						-0.765 -0.585 0.280
					]
				}
				coordIndex
				[
					0, 1, 2, -1,
					2, 1, 3, -1,
					2, 3, 4, -1,
					4, 3, 5, -1,
					4, 5, 6, -1,
					6, 5, 7, -1,
					6, 7, 8, -1,
					8, 7, 9, -1,
					8, 9, 10, -1,
					10, 9, 11, -1,
					10, 11, 12, -1,
					0, 13, 1, -1,
					1, 13, 14, -1
				]
				normal Normal
				{
					vector
					[
						0.000 -0.241 0.971,
						0.000 -0.259 0.966,
						0.000 -0.468 0.884,
						0.000 -0.500 0.866,
						0.000 -0.667 0.745,
						0.000 -0.707 0.707,
						0.000 -0.808 0.590,
						0.000 -0.866 0.500,
						0.000 -0.913 0.408,
						0.000 -0.966 0.259,
						0.000 -0.978 0.209,
						0.000 -1.000 0.000,
						0.000 0.000 1.000
					]
				}
				normalIndex
				[
					0, 1, 2, -1,
					2, 1, 3, -1,
					2, 3, 4, -1,
					4, 3, 5, -1,
					4, 5, 6, -1,
					6, 5, 7, -1,
					6, 7, 8, -1,
					8, 7, 9, -1,
					8, 9, 10, -1,
					10, 9, 11, -1,
					10, 11, 11, -1,
					0, 12, 1, -1,
					1, 12, 12, -1
				]
			}
		}
		Shape
		{
			appearance Appearance
			{
				material Material
				{
					diffuseColor 0.592 0.667 0.682
				}
			}
			geometry IndexedFaceSet
			{
				creaseAngle 0.5
				solid TRUE
				coord Coordinate
				{
					point
					[
						-1.275 -0.490 0.380,
						-1.275 -0.490 0.200,
						-1.275 -0.540 0.380,
						-1.275 -0.540 0.180,
						-1.275 -0.110 0.180,
						-1.275 -0.090 0.200,
						-1.275 -0.090 0.070,
						-1.275 -0.110 0.050,
						-1.275 0.090 0.070,
						-1.275 0.110 0.050,
						-1.275 0.110 0.180,
						-1.275 0.090 0.200,
						-1.275 0.490 0.200,
						-1.275 0.540 0.180,
						-1.275 0.540 0.380,
						-1.275 0.490 0.380
					]
				}
				coordIndex
				[
					0, 1, 2, -1,
					2, 1, 3, -1,
					3, 1, 4, -1,
					4, 1, 5, -1,
					4, 5, 6, -1,
					4, 6, 7, -1,
					7, 6, 8, -1,
					7, 8, 9, -1,
					9, 8, 10, -1,
					8, 11, 10, -1,
					10, 11, 12, -1,
					10, 12, 13, -1,
					13, 12, 14, -1,
					12, 15, 14, -1
				]
				normal Normal
				{
					vector
					[
						-1.000 -0.000 -0.000
					]
				}
				normalIndex
				[
					0, 0, 0, -1,
					0, 0, 0, -1,
					0, 0, 0, -1,
					0, 0, 0, -1,
					0, 0, 0, -1,
					0, 0, 0, -1,
					0, 0, 0, -1,
					0, 0, 0, -1,
					0, 0, 0, -1,
					0, 0, 0, -1,
					0, 0, 0, -1,
					0, 0, 0, -1,
					0, 0, 0, -1,
					0, 0, 0, -1
				]
			}
		}
		Shape
		{
			appearance Appearance
			{
				material Material
				{
					diffuseColor 0.592 0.667 0.682
				}
			}
			geometry IndexedFaceSet
			{
				creaseAngle 0.5
				solid TRUE
				coord Coordinate
				{
					point
					[
						0.125 0.590 0.000,
						0.225 0.590 0.000,
						0.225 -0.590 0.000,
						0.855 -0.100 0.000,
						0.475 -0.590 0.000,
						0.864 -0.165 0.000,
						0.575 -0.590 0.000,
						0.765 -0.540 -0.000,
						0.765 -0.590 -0.000,
						0.125 -0.590 0.000,
						0.225 -0.780 -0.000,
						0.125 -0.780 -0.000,
						-0.125 0.590 0.000,
						-0.125 -0.590 0.000,
						-0.225 0.590 0.000,
						-0.225 -0.590 0.000,
						-0.855 0.100 0.000,
						-0.855 -0.100 0.000,
						-0.125 -0.780 -0.000,
						-0.225 -0.780 -0.000,
						-0.475 -0.590 0.000,
						-0.864 -0.165 0.000,
						-0.575 -0.590 0.000,
						-0.475 -0.780 -0.000,
						-0.575 -0.780 -0.000,
						-0.765 -0.590 -0.000,
						-0.765 -0.540 -0.000,
						-1.105 -0.350 0.000,
						-1.040 -0.341 0.000,
						-0.975 -0.540 0.000,
						-0.980 -0.317 0.000,
						-0.825 -0.540 0.000,
						-0.928 -0.277 0.000,
						-0.888 -0.225 0.000,
						-0.825 -0.583 0.000,
						-0.975 -0.583 0.000,
						-1.305 -0.540 -0.000,
						-1.355 -0.350 0.000,
						-1.355 -0.490 0.000,
						-1.318 -0.538 0.000,
						-1.330 -0.533 0.000,
						-1.340 -0.525 0.000,
						-1.348 -0.515 0.000,
						-1.353 -0.503 0.000,
						-0.475 0.590 0.000,
						-0.864 0.165 0.000,
						-0.575 0.590 0.000,
						-0.765 0.540 0.000,
						-0.765 0.590 0.000,
						-0.888 0.225 0.000,
						-0.928 0.277 0.000,
						-0.825 0.540 0.000,
						-0.980 0.317 0.000,
						-0.975 0.540 0.000,
						-1.040 0.341 0.000,
						-1.105 0.350 0.000,
						-1.305 0.540 0.000,
						-1.355 0.350 0.000,
						-1.355 0.490 0.000,
						-1.353 0.503 0.000,
						-1.348 0.515 0.000,
						-1.340 0.525 0.000,
						-1.330 0.533 0.000,
						-1.318 0.538 0.000,
						-0.975 0.583 0.000,
						-0.825 0.583 0.000,
						-0.575 0.780 0.000,
						-0.475 0.780 0.000,
						-0.225 0.780 0.000,
						-0.125 0.780 0.000,
						0.125 0.780 0.000,
						0.225 0.780 0.000,
						0.855 0.100 0.000,
						0.475 0.590 0.000,
						0.864 0.165 0.000,
						0.575 0.590 0.000,
						0.765 0.540 0.000,
						0.765 0.590 0.000,
						0.475 0.780 0.000,
						0.575 0.780 0.000,
						1.105 0.350 0.000,
						1.040 0.341 0.000,
						0.975 0.540 0.000,
						0.980 0.317 0.000,
						0.825 0.540 0.000,
						0.928 0.277 0.000,
						0.888 0.225 0.000,
						0.825 0.583 0.000,
						0.975 0.583 0.000,
						1.305 0.540 0.000,
						1.355 0.350 0.000,
						1.318 0.538 0.000,
						1.330 0.533 0.000,
						1.340 0.525 0.000,
						1.348 0.515 0.000,
						1.353 0.503 0.000,
						1.355 0.490 0.000,
						0.888 -0.225 0.000,
						0.928 -0.277 0.000,
						0.825 -0.540 0.000,
						0.980 -0.317 0.000,
						0.975 -0.540 0.000,
						1.040 -0.341 0.000,
						1.105 -0.350 0.000,
						1.305 -0.540 -0.000,
						1.355 -0.350 0.000,
						1.355 -0.490 0.000,
						1.353 -0.503 0.000,
						1.348 -0.515 0.000,
						1.340 -0.525 0.000,
						1.330 -0.533 0.000,
						1.318 -0.538 0.000,
						0.975 -0.583 0.000,
						0.825 -0.583 0.000,
						0.575 -0.780 -0.000,
						0.475 -0.780 -0.000
					]
				}
				coordIndex
				[
					0, 1, 2, -1,
					2, 1, 3, -1,
					2, 3, 4, -1,
					4, 3, 5, -1,
					4, 5, 6, -1,
					6, 5, 7, -1,
					6, 7, 8, -1,
					0, 2, 9, -1,
					9, 2, 10, -1,
					9, 10, 11, -1,
					0, 9, 12, -1,
					12, 9, 13, -1,
					12, 13, 14, -1,
					14, 13, 15, -1,
					14, 15, 16, -1,
					16, 15, 17, -1,
					13, 18, 15, -1,
					15, 18, 19, -1,
					15, 20, 17, -1,
					17, 20, 21, -1,
					21, 20, 22, -1,
					22, 20, 23, -1,
					22, 23, 24, -1,
					25, 26, 22, -1,
					22, 26, 21, -1,
					27, 28, 29, -1,
					29, 28, 30, -1,
					29, 30, 31, -1,
					31, 30, 32, -1,
					31, 32, 26, -1,
					26, 32, 33, -1,
					26, 33, 21, -1,
					31, 34, 29, -1,
					29, 34, 35, -1,
					29, 36, 27, -1,
					27, 36, 37, -1,
					37, 36, 38, -1,
					38, 36, 39, -1,
					38, 39, 40, -1,
					40, 41, 38, -1,
					38, 41, 42, -1,
					38, 42, 43, -1,
					14, 16, 44, -1,
					44, 16, 45, -1,
					44, 45, 46, -1,
					46, 45, 47, -1,
					46, 47, 48, -1,
					45, 49, 47, -1,
					47, 49, 50, -1,
					47, 50, 51, -1,
					51, 50, 52, -1,
					51, 52, 53, -1,
					53, 52, 54, -1,
					53, 54, 55, -1,
					53, 55, 56, -1,
					56, 55, 57, -1,
					56, 57, 58, -1,
					59, 60, 58, -1,
					58, 60, 61, -1,
					58, 61, 62, -1,
					62, 63, 58, -1,
					58, 63, 56, -1,
					53, 64, 51, -1,
					51, 64, 65, -1,
					46, 66, 44, -1,
					44, 66, 67, -1,
					14, 68, 12, -1,
					12, 68, 69, -1,
					0, 70, 1, -1,
					1, 70, 71, -1,
					3, 1, 72, -1,
					72, 1, 73, -1,
					72, 73, 74, -1,
					74, 73, 75, -1,
					74, 75, 76, -1,
					76, 75, 77, -1,
					73, 78, 75, -1,
					75, 78, 79, -1,
					80, 81, 82, -1,
					82, 81, 83, -1,
					82, 83, 84, -1,
					84, 83, 85, -1,
					84, 85, 76, -1,
					76, 85, 86, -1,
					76, 86, 74, -1,
					84, 87, 82, -1,
					82, 87, 88, -1,
					82, 89, 80, -1,
					80, 89, 90, -1,
					91, 92, 89, -1,
					89, 92, 93, -1,
					89, 93, 94, -1,
					94, 95, 89, -1,
					89, 95, 96, -1,
					89, 96, 90, -1,
					5, 97, 7, -1,
					7, 97, 98, -1,
					7, 98, 99, -1,
					99, 98, 100, -1,
					99, 100, 101, -1,
					101, 100, 102, -1,
					101, 102, 103, -1,
					101, 103, 104, -1,
					104, 103, 105, -1,
					104, 105, 106, -1,
					106, 107, 104, -1,
					104, 107, 108, -1,
					104, 108, 109, -1,
					109, 110, 104, -1,
					104, 110, 111, -1,
					101, 112, 99, -1,
					99, 112, 113, -1,
					6, 114, 4, -1,
					4, 114, 115, -1
				]
				normal Normal
				{
					vector
					[
						-0.000 0.000 -1.000
					]
				}
				normalIndex
				[
					0, 0, 0, -1,
					0, 0, 0, -1,
					0, 0, 0, -1,
					0, 0, 0, -1,
					0, 0, 0, -1,
					0, 0, 0, -1,
					0, 0, 0, -1,
					0, 0, 0, -1,
					0, 0, 0, -1,
					0, 0, 0, -1,
					0, 0, 0, -1,
					0, 0, 0, -1,
					0, 0, 0, -1,
					0, 0, 0, -1,
					0, 0, 0, -1,
					0, 0, 0, -1,
					0, 0, 0, -1,
					0, 0, 0, -1,
					0, 0, 0, -1,
					0, 0, 0, -1,
					0, 0, 0, -1,
					0, 0, 0, -1,
					0, 0, 0, -1,
					0, 0, 0, -1,
					0, 0, 0, -1,
					0, 0, 0, -1,
					0, 0, 0, -1,
					0, 0, 0, -1,
					0, 0, 0, -1,
					0, 0, 0, -1,
					0, 0, 0, -1,
					0, 0, 0, -1,
					0, 0, 0, -1,
					0, 0, 0, -1,
					0, 0, 0, -1,
					0, 0, 0, -1,
					0, 0, 0, -1,
					0, 0, 0, -1,
					0, 0, 0, -1,
					0, 0, 0, -1,
					0, 0, 0, -1,
					0, 0, 0, -1,
					0, 0, 0, -1,
					0, 0, 0, -1,
					0, 0, 0, -1,
					0, 0, 0, -1,
					0, 0, 0, -1,
					0, 0, 0, -1,
					0, 0, 0, -1,
					0, 0, 0, -1,
					0, 0, 0, -1,
					0, 0, 0, -1,
					0, 0, 0, -1,
					0, 0, 0, -1,
					0, 0, 0, -1,
					0, 0, 0, -1,
					0, 0, 0, -1,
					0, 0, 0, -1,
					0, 0, 0, -1,
					0, 0, 0, -1,
					0, 0, 0, -1,
					0, 0, 0, -1,
					0, 0, 0, -1,
					0, 0, 0, -1,
					0, 0, 0, -1,
					0, 0, 0, -1,
					0, 0, 0, -1,
					0, 0, 0, -1,
					0, 0, 0, -1,
					0, 0, 0, -1,
					0, 0, 0, -1,
					0, 0, 0, -1,
					0, 0, 0, -1,
					0, 0, 0, -1,
					0, 0, 0, -1,
					0, 0, 0, -1,
					0, 0, 0, -1,
					0, 0, 0, -1,
					0, 0, 0, -1,
					0, 0, 0, -1,
					0, 0, 0, -1,
					0, 0, 0, -1,
					0, 0, 0, -1,
					0, 0, 0, -1,
					0, 0, 0, -1,
					0, 0, 0, -1,
					0, 0, 0, -1,
					0, 0, 0, -1,
					0, 0, 0, -1,
					0, 0, 0, -1,
					0, 0, 0, -1,
					0, 0, 0, -1,
					0, 0, 0, -1,
					0, 0, 0, -1,
					0, 0, 0, -1,
					0, 0, 0, -1,
					0, 0, 0, -1,
					0, 0, 0, -1,
					0, 0, 0, -1,
					0, 0, 0, -1,
					0, 0, 0, -1,
					0, 0, 0, -1,
					0, 0, 0, -1,
					0, 0, 0, -1,
					0, 0, 0, -1,
					0, 0, 0, -1,
					0, 0, 0, -1,
					0, 0, 0, -1,
					0, 0, 0, -1,
					0, 0, 0, -1,
					0, 0, 0, -1,
					0, 0, 0, -1,
					0, 0, 0, -1,
					0, 0, 0, -1
				]
			}
		}
		Shape
		{
			appearance Appearance
			{
				material Material
				{
					diffuseColor 0.592 0.667 0.682
				}
			}
			geometry IndexedFaceSet
			{
				creaseAngle 0.5
				solid TRUE
				coord Coordinate
				{
					point
					[
						-0.825 -0.610 0.085,
						-0.785 -0.610 0.125,
						-0.975 -0.610 0.100,
						-0.785 -0.610 0.350,
						-1.225 -0.610 0.350,
						-1.225 -0.610 0.100,
						-0.975 -0.610 0.070,
						-0.825 -0.610 0.070
					]
				}
				coordIndex
				[
					0, 1, 2, -1,
					2, 1, 3, -1,
					2, 3, 4, -1,
					4, 5, 2, -1,
					2, 6, 0, -1,
					0, 6, 7, -1
				]
				normal Normal
				{
					vector
					[
						0.000 -1.000 0.000
					]
				}
				normalIndex
				[
					0, 0, 0, -1,
					0, 0, 0, -1,
					0, 0, 0, -1,
					0, 0, 0, -1,
					0, 0, 0, -1,
					0, 0, 0, -1
				]
			}
		}
		Shape
		{
			appearance Appearance
			{
				material Material
				{
					diffuseColor 0.592 0.667 0.682
				}
			}
			geometry IndexedFaceSet
			{
				creaseAngle 0.5
				solid TRUE
				coord Coordinate
				{
					point
					[
						-0.975 0.540 0.100,
						-0.975 0.540 0.000,
						-1.225 0.540 0.100,
						-1.305 0.540 0.000,
						-1.305 0.540 0.180,
						-1.275 0.540 0.180,
						-1.225 0.540 0.380,
						-1.275 0.540 0.380
					]
				}
				coordIndex
				[
					0, 1, 2, -1,
					2, 1, 3, -1,
					2, 3, 4, -1,
					4, 5, 2, -1,
					2, 5, 6, -1,
					5, 7, 6, -1
				]
				normal Normal
				{
					vector
					[
						-0.000 1.000 0.000
					]
				}
				normalIndex
				[
					0, 0, 0, -1,
					0, 0, 0, -1,
					0, 0, 0, -1,
					0, 0, 0, -1,
					0, 0, 0, -1,
					0, 0, 0, -1
				]
			}
		}
		Shape
		{
			appearance Appearance
			{
				material Material
				{
					diffuseColor 0.592 0.667 0.682
				}
			}
			geometry IndexedFaceSet
			{
				creaseAngle 0.5
				solid TRUE
				coord Coordinate
				{
					point
					[
						-1.305 -0.540 0.180,
						-1.225 -0.540 0.100,
						-1.275 -0.540 0.180,
						-1.225 -0.540 0.380,
						-1.275 -0.540 0.380,
						-1.305 -0.540 -0.000,
						-0.975 -0.540 0.000,
						-0.975 -0.540 0.100
					]
				}
				coordIndex
				[
					0, 1, 2, -1,
					2, 1, 3, -1,
					2, 3, 4, -1,
					0, 5, 1, -1,
					1, 5, 6, -1,
					1, 6, 7, -1
				]
				normal Normal
				{
					vector
					[
						0.000 -1.000 -0.000
					]
				}
				normalIndex
				[
					0, 0, 0, -1,
					0, 0, 0, -1,
					0, 0, 0, -1,
					0, 0, 0, -1,
					0, 0, 0, -1,
					0, 0, 0, -1
				]
			}
		}
		Shape
		{
			appearance Appearance
			{
				material Material
				{
					diffuseColor 0.592 0.667 0.682
				}
			}
			geometry IndexedFaceSet
			{
				creaseAngle 0.5
				solid TRUE
				coord Coordinate
				{
					point
					[
						-0.825 -0.540 0.085,
						-0.765 -0.540 -0.000,
						-0.785 -0.540 0.125,
						-0.765 -0.540 0.380,
						-0.785 -0.540 0.380,
						-0.825 -0.540 0.000
					]
				}
				coordIndex
				[
					0, 1, 2, -1,
					2, 1, 3, -1,
					2, 3, 4, -1,
					0, 5, 1, -1
				]
				normal Normal
				{
					vector
					[
						0.000 -1.000 -0.000
					]
				}
				normalIndex
				[
					0, 0, 0, -1,
					0, 0, 0, -1,
					0, 0, 0, -1,
					0, 0, 0, -1
				]
			}
		}
		Shape
		{
			appearance Appearance
			{
				material Material
				{
					diffuseColor 0.592 0.667 0.682
				}
			}
			geometry IndexedFaceSet
			{
				creaseAngle 0.5
				solid TRUE
				coord Coordinate
				{
					point
					[
						-0.785 -0.540 0.380,
						-0.765 -0.540 0.380,
						-0.785 -0.375 0.380,
						-0.765 -0.351 0.380,
						-0.785 -0.351 0.380
					]
				}
				coordIndex
				[
					0, 1, 2, -1,
					2, 1, 3, -1,
					2, 3, 4, -1
				]
				normal Normal
				{
					vector
					[
						-0.000 -0.000 1.000
					]
				}
				normalIndex
				[
					0, 0, 0, -1,
					0, 0, 0, -1,
					0, 0, 0, -1
				]
			}
		}
		Shape
		{
			appearance Appearance
			{
				material Material
				{
					diffuseColor 0.592 0.667 0.682
				}
			}
			geometry IndexedFaceSet
			{
				creaseAngle 0.5
				solid TRUE
				coord Coordinate
				{
					point
					[
						-1.225 -0.540 0.380,
						-1.225 -0.520 0.380,
						-1.275 -0.540 0.380,
						-1.226 -0.512 0.380,
						-1.229 -0.505 0.380,
						-1.234 -0.499 0.380,
						-1.240 -0.494 0.380,
						-1.247 -0.491 0.380,
						-1.255 -0.490 0.380,
						-1.275 -0.490 0.380
					]
				}
				coordIndex
				[
					0, 1, 2, -1,
					2, 1, 3, -1,
					2, 3, 4, -1,
					4, 5, 2, -1,
					2, 5, 6, -1,
					2, 6, 7, -1,
					7, 8, 2, -1,
					2, 8, 9, -1
				]
				normal Normal
				{
					vector
					[
						-0.000 -0.000 1.000
					]
				}
				normalIndex
				[
					0, 0, 0, -1,
					0, 0, 0, -1,
					0, 0, 0, -1,
					0, 0, 0, -1,
					0, 0, 0, -1,
					0, 0, 0, -1,
					0, 0, 0, -1,
					0, 0, 0, -1
				]
			}
		}
		Shape
		{
			appearance Appearance
			{
				material Material
				{
					diffuseColor 0.592 0.667 0.682
				}
			}
			geometry IndexedFaceSet
			{
				creaseAngle 0.5
				solid TRUE
				coord Coordinate
				{
					point
					[
						-1.275 0.490 0.380,
						-1.255 0.490 0.380,
						-1.275 0.540 0.380,
						-1.247 0.491 0.380,
						-1.240 0.494 0.380,
						-1.234 0.499 0.380,
						-1.229 0.505 0.380,
						-1.226 0.512 0.380,
						-1.225 0.520 0.380,
						-1.225 0.540 0.380
					]
				}
				coordIndex
				[
					0, 1, 2, -1,
					2, 1, 3, -1,
					2, 3, 4, -1,
					4, 5, 2, -1,
					2, 5, 6, -1,
					2, 6, 7, -1,
					7, 8, 2, -1,
					2, 8, 9, -1
				]
				normal Normal
				{
					vector
					[
						-0.000 -0.000 1.000
					]
				}
				normalIndex
				[
					0, 0, 0, -1,
					0, 0, 0, -1,
					0, 0, 0, -1,
					0, 0, 0, -1,
					0, 0, 0, -1,
					0, 0, 0, -1,
					0, 0, 0, -1,
					0, 0, 0, -1
				]
			}
		}
		Shape
		{
			appearance Appearance
			{
				material Material
				{
					diffuseColor 0.592 0.667 0.682
				}
			}
			geometry IndexedFaceSet
			{
				creaseAngle 0.5
				solid TRUE
				coord Coordinate
				{
					point
					[
						-0.785 0.351 0.380,
						-0.765 0.351 0.380,
						-0.785 0.375 0.380,
						-0.765 0.540 0.380,
						-0.785 0.540 0.380
					]
				}
				coordIndex
				[
					0, 1, 2, -1,
					2, 1, 3, -1,
					2, 3, 4, -1
				]
				normal Normal
				{
					vector
					[
						-0.000 -0.000 1.000
					]
				}
				normalIndex
				[
					0, 0, 0, -1,
					0, 0, 0, -1,
					0, 0, 0, -1
				]
			}
		}
		Shape
		{
			appearance Appearance
			{
				material Material
				{
					diffuseColor 0.592 0.667 0.682
				}
			}
			geometry IndexedFaceSet
			{
				creaseAngle 0.5
				solid TRUE
				coord Coordinate
				{
					point
					[
						-0.785 0.370 0.280,
						-0.785 0.350 0.280,
						-0.785 0.370 0.350,
						-0.785 0.350 0.370,
						-0.785 0.371 0.360,
						-0.785 0.372 0.370,
						-0.785 0.350 0.373,
						-0.785 0.350 0.377,
						-0.785 0.351 0.380,
						-0.785 0.375 0.380
					]
				}
				coordIndex
				[
					0, 1, 2, -1,
					2, 1, 3, -1,
					2, 3, 4, -1,
					4, 3, 5, -1,
					3, 6, 5, -1,
					5, 6, 7, -1,
					5, 7, 8, -1,
					8, 9, 5, -1
				]
				normal Normal
				{
					vector
					[
						-1.000 0.000 0.000
					]
				}
				normalIndex
				[
					0, 0, 0, -1,
					0, 0, 0, -1,
					0, 0, 0, -1,
					0, 0, 0, -1,
					0, 0, 0, -1,
					0, 0, 0, -1,
					0, 0, 0, -1,
					0, 0, 0, -1
				]
			}
		}
		Shape
		{
			appearance Appearance
			{
				material Material
				{
					diffuseColor 0.592 0.667 0.682
				}
			}
			geometry IndexedFaceSet
			{
				creaseAngle 0.5
				solid TRUE
				coord Coordinate
				{
					point
					[
						-1.355 0.110 0.050,
						-1.355 0.110 0.180,
						-1.355 0.350 0.050,
						-1.355 0.490 0.180,
						-1.355 0.490 0.000,
						-1.355 0.350 0.000
					]
				}
				coordIndex
				[
					0, 1, 2, -1,
					2, 1, 3, -1,
					2, 3, 4, -1,
					4, 5, 2, -1
				]
				normal Normal
				{
					vector
					[
						-1.000 -0.000 -0.000
					]
				}
				normalIndex
				[
					0, 0, 0, -1,
					0, 0, 0, -1,
					0, 0, 0, -1,
					0, 0, 0, -1
				]
			}
		}
		Shape
		{
			appearance Appearance
			{
				material Material
				{
					diffuseColor 0.592 0.667 0.682
				}
			}
			geometry IndexedFaceSet
			{
				creaseAngle 0.5
				solid TRUE
				coord Coordinate
				{
					point
					[
						-1.355 -0.110 0.050,
						-1.275 -0.110 0.050,
						-1.355 -0.350 0.050,
						-1.105 -0.350 0.050,
						-0.864 0.165 0.050,
						-0.855 0.100 0.050,
						-1.275 0.110 0.050,
						-0.855 -0.100 0.050,
						-0.864 -0.165 0.050,
						-0.888 -0.225 0.050,
						-1.355 0.110 0.050,
						-1.355 0.350 0.050,
						-1.105 0.350 0.050,
						-1.040 0.341 0.050,
						-0.980 0.317 0.050,
						-0.928 0.277 0.050,
						-0.888 0.225 0.050,
						-0.928 -0.277 0.050,
						-0.980 -0.317 0.050,
						-1.040 -0.341 0.050
					]
				}
				coordIndex
				[
					0, 1, 2, -1,
					2, 1, 3, -1,
					4, 5, 6, -1,
					6, 5, 7, -1,
					6, 7, 1, -1,
					1, 7, 8, -1,
					1, 8, 9, -1,
					10, 11, 6, -1,
					6, 11, 12, -1,
					6, 12, 13, -1,
					13, 14, 6, -1,
					6, 14, 15, -1,
					6, 15, 16, -1,
					16, 4, 6, -1,
					9, 17, 1, -1,
					1, 17, 18, -1,
					1, 18, 19, -1,
					19, 3, 1, -1
				]
				normal Normal
				{
					vector
					[
						0.000 0.000 -1.000
					]
				}
				normalIndex
				[
					0, 0, 0, -1,
					0, 0, 0, -1,
					0, 0, 0, -1,
					0, 0, 0, -1,
					0, 0, 0, -1,
					0, 0, 0, -1,
					0, 0, 0, -1,
					0, 0, 0, -1,
					0, 0, 0, -1,
					0, 0, 0, -1,
					0, 0, 0, -1,
					0, 0, 0, -1,
					0, 0, 0, -1,
					0, 0, 0, -1,
					0, 0, 0, -1,
					0, 0, 0, -1,
					0, 0, 0, -1,
					0, 0, 0, -1
				]
			}
		}
		Shape
		{
			appearance Appearance
			{
				material Material
				{
					diffuseColor 0.592 0.667 0.682
				}
			}
			geometry IndexedFaceSet
			{
				creaseAngle 0.5
				solid TRUE
				coord Coordinate
				{
					point
					[
						-0.825 0.540 0.000,
						-0.825 0.540 0.085,
						-0.765 0.540 0.000,
						-0.785 0.540 0.125,
						-0.765 0.540 0.380,
						-0.785 0.540 0.380
					]
				}
				coordIndex
				[
					0, 1, 2, -1,
					2, 1, 3, -1,
					2, 3, 4, -1,
					4, 3, 5, -1
				]
				normal Normal
				{
					vector
					[
						-0.000 1.000 0.000
					]
				}
				normalIndex
				[
					0, 0, 0, -1,
					0, 0, 0, -1,
					0, 0, 0, -1,
					0, 0, 0, -1
				]
			}
		}
		Shape
		{
			appearance Appearance
			{
				material Material
				{
					diffuseColor 0.592 0.667 0.682
				}
			}
			geometry IndexedFaceSet
			{
				creaseAngle 0.5
				solid TRUE
				coord Coordinate
				{
					point
					[
						0.305 0.350 0.370,
						1.005 0.350 0.100,
						0.395 0.350 0.370,
						0.785 0.350 0.280,
						0.655 0.350 0.370,
						0.745 0.350 0.370,
						0.655 0.350 0.430,
						0.745 0.350 0.430,
						0.395 0.350 0.430,
						0.305 0.350 0.430,
						0.045 0.350 0.370,
						-0.045 0.350 0.370,
						-1.005 0.350 0.100,
						-0.305 0.350 0.370,
						-0.395 0.350 0.370,
						-0.395 0.350 0.430,
						0.045 0.350 0.430,
						-0.045 0.350 0.430,
						-0.305 0.350 0.430,
						-0.785 0.350 0.280,
						-0.655 0.350 0.370,
						-0.745 0.350 0.370,
						-0.745 0.350 0.430,
						-0.655 0.350 0.430,
						-0.785 0.350 0.370,
						-0.960 0.350 0.280,
						-1.005 0.350 0.380,
						-0.960 0.350 0.380,
						0.960 0.350 0.280,
						1.005 0.350 0.380,
						0.960 0.350 0.380,
						0.785 0.350 0.370
					]
				}
				coordIndex
				[
					0, 1, 2, -1,
					2, 1, 3, -1,
					2, 3, 4, -1,
					4, 3, 5, -1,
					4, 5, 6, -1,
					6, 5, 7, -1,
					8, 9, 2, -1,
					2, 9, 0, -1,
					0, 10, 1, -1,
					1, 10, 11, -1,
					1, 11, 12, -1,
					12, 11, 13, -1,
					12, 13, 14, -1,
					14, 13, 15, -1,
					16, 17, 10, -1,
					10, 17, 11, -1,
					13, 18, 15, -1,
					12, 14, 19, -1,
					19, 14, 20, -1,
					19, 20, 21, -1,
					21, 20, 22, -1,
					20, 23, 22, -1,
					21, 24, 19, -1,
					19, 25, 12, -1,
					12, 25, 26, -1,
					25, 27, 26, -1,
					3, 1, 28, -1,
					28, 1, 29, -1,
					28, 29, 30, -1,
					3, 31, 5, -1
				]
				normal Normal
				{
					vector
					[
						0.000 -1.000 -0.000
					]
				}
				normalIndex
				[
					0, 0, 0, -1,
					0, 0, 0, -1,
					0, 0, 0, -1,
					0, 0, 0, -1,
					0, 0, 0, -1,
					0, 0, 0, -1,
					0, 0, 0, -1,
					0, 0, 0, -1,
					0, 0, 0, -1,
					0, 0, 0, -1,
					0, 0, 0, -1,
					0, 0, 0, -1,
					0, 0, 0, -1,
					0, 0, 0, -1,
					0, 0, 0, -1,
					0, 0, 0, -1,
					0, 0, 0, -1,
					0, 0, 0, -1,
					0, 0, 0, -1,
					0, 0, 0, -1,
					0, 0, 0, -1,
					0, 0, 0, -1,
					0, 0, 0, -1,
					0, 0, 0, -1,
					0, 0, 0, -1,
					0, 0, 0, -1,
					0, 0, 0, -1,
					0, 0, 0, -1,
					0, 0, 0, -1,
					0, 0, 0, -1
				]
			}
		}
		Shape
		{
			appearance Appearance
			{
				material Material
				{
					diffuseColor 0.592 0.667 0.682
				}
			}
			geometry IndexedFaceSet
			{
				creaseAngle 0.5
				solid TRUE
				coord Coordinate
				{
					point
					[
						0.305 -0.350 0.430,
						0.395 -0.350 0.370,
						0.305 -0.350 0.370,
						1.005 -0.350 0.100,
						0.045 -0.350 0.370,
						-1.005 -0.350 0.100,
						-0.045 -0.350 0.370,
						-0.305 -0.350 0.370,
						0.395 -0.350 0.430,
						0.785 -0.350 0.280,
						0.655 -0.350 0.370,
						0.745 -0.350 0.370,
						0.655 -0.350 0.430,
						0.745 -0.350 0.430,
						0.785 -0.350 0.370,
						0.960 -0.350 0.280,
						1.005 -0.350 0.380,
						0.960 -0.350 0.380,
						-1.005 -0.350 0.380,
						-0.960 -0.350 0.280,
						-0.785 -0.350 0.280,
						-0.395 -0.350 0.370,
						-0.655 -0.350 0.370,
						-0.960 -0.350 0.380,
						-0.785 -0.350 0.370,
						-0.745 -0.350 0.370,
						-0.745 -0.350 0.430,
						-0.655 -0.350 0.430,
						-0.395 -0.350 0.430,
						-0.305 -0.350 0.430,
						-0.045 -0.350 0.430,
						0.045 -0.350 0.430
					]
				}
				coordIndex
				[
					0, 1, 2, -1,
					2, 1, 3, -1,
					2, 3, 4, -1,
					4, 3, 5, -1,
					4, 5, 6, -1,
					6, 5, 7, -1,
					0, 8, 1, -1,
					3, 1, 9, -1,
					9, 1, 10, -1,
					9, 10, 11, -1,
					11, 10, 12, -1,
					11, 12, 13, -1,
					11, 14, 9, -1,
					9, 15, 3, -1,
					3, 15, 16, -1,
					15, 17, 16, -1,
					18, 19, 5, -1,
					5, 19, 20, -1,
					5, 20, 21, -1,
					21, 20, 22, -1,
					18, 23, 19, -1,
					24, 25, 20, -1,
					20, 25, 22, -1,
					25, 26, 22, -1,
					22, 26, 27, -1,
					5, 21, 7, -1,
					7, 21, 28, -1,
					7, 28, 29, -1,
					6, 30, 4, -1,
					4, 30, 31, -1
				]
				normal Normal
				{
					vector
					[
						-0.000 1.000 0.000
					]
				}
				normalIndex
				[
					0, 0, 0, -1,
					0, 0, 0, -1,
					0, 0, 0, -1,
					0, 0, 0, -1,
					0, 0, 0, -1,
					0, 0, 0, -1,
					0, 0, 0, -1,
					0, 0, 0, -1,
					0, 0, 0, -1,
					0, 0, 0, -1,
					0, 0, 0, -1,
					0, 0, 0, -1,
					0, 0, 0, -1,
					0, 0, 0, -1,
					0, 0, 0, -1,
					0, 0, 0, -1,
					0, 0, 0, -1,
					0, 0, 0, -1,
					0, 0, 0, -1,
					0, 0, 0, -1,
					0, 0, 0, -1,
					0, 0, 0, -1,
					0, 0, 0, -1,
					0, 0, 0, -1,
					0, 0, 0, -1,
					0, 0, 0, -1,
					0, 0, 0, -1,
					0, 0, 0, -1,
					0, 0, 0, -1,
					0, 0, 0, -1
				]
			}
		}
		Shape
		{
			appearance Appearance
			{
				material Material
				{
					diffuseColor 0.592 0.667 0.682
				}
			}
			geometry IndexedFaceSet
			{
				creaseAngle 0.5
				solid TRUE
				coord Coordinate
				{
					point
					[
						0.285 -0.630 0.235,
						0.285 -0.630 0.140,
						0.415 -0.630 0.235,
						0.415 -0.630 0.140,
						-0.615 -0.630 0.100,
						-0.435 -0.630 0.100,
						-0.415 -0.630 0.140,
						-0.265 -0.630 0.100,
						-0.285 -0.630 0.140,
						-0.085 -0.630 0.100,
						0.085 -0.630 0.100,
						0.265 -0.630 0.100,
						0.125 -0.630 0.060,
						0.225 -0.630 0.060,
						-0.285 -0.630 0.235,
						-0.415 -0.630 0.235,
						-0.635 -0.630 0.140,
						-0.765 -0.630 0.100,
						-0.635 -0.630 0.235,
						-0.765 -0.630 0.235,
						-0.575 -0.630 0.060,
						-0.475 -0.630 0.060,
						-0.225 -0.630 0.060,
						-0.125 -0.630 0.060,
						0.435 -0.630 0.100,
						0.475 -0.630 0.060,
						0.615 -0.630 0.100,
						0.635 -0.630 0.140,
						0.575 -0.630 0.060,
						0.765 -0.630 0.100,
						0.765 -0.630 0.235,
						0.635 -0.630 0.235
					]
				}
				coordIndex
				[
					0, 1, 2, -1,
					2, 1, 3, -1,
					4, 5, 6, -1,
					6, 5, 7, -1,
					6, 7, 8, -1,
					8, 7, 9, -1,
					8, 9, 1, -1,
					1, 9, 10, -1,
					1, 10, 11, -1,
					11, 10, 12, -1,
					11, 12, 13, -1,
					8, 14, 6, -1,
					6, 14, 15, -1,
					6, 16, 4, -1,
					4, 16, 17, -1,
					18, 19, 16, -1,
					16, 19, 17, -1,
					4, 20, 5, -1,
					5, 20, 21, -1,
					7, 22, 9, -1,
					9, 22, 23, -1,
					11, 24, 1, -1,
					1, 24, 3, -1,
					25, 26, 24, -1,
					24, 26, 27, -1,
					24, 27, 3, -1,
					25, 28, 26, -1,
					26, 29, 27, -1,
					27, 29, 30, -1,
					27, 30, 31, -1
				]
				normal Normal
				{
					vector
					[
						-0.000 -1.000 0.000
					]
				}
				normalIndex
				[
					0, 0, 0, -1,
					0, 0, 0, -1,
					0, 0, 0, -1,
					0, 0, 0, -1,
					0, 0, 0, -1,
					0, 0, 0, -1,
					0, 0, 0, -1,
					0, 0, 0, -1,
					0, 0, 0, -1,
					0, 0, 0, -1,
					0, 0, 0, -1,
					0, 0, 0, -1,
					0, 0, 0, -1,
					0, 0, 0, -1,
					0, 0, 0, -1,
					0, 0, 0, -1,
					0, 0, 0, -1,
					0, 0, 0, -1,
					0, 0, 0, -1,
					0, 0, 0, -1,
					0, 0, 0, -1,
					0, 0, 0, -1,
					0, 0, 0, -1,
					0, 0, 0, -1,
					0, 0, 0, -1,
					0, 0, 0, -1,
					0, 0, 0, -1,
					0, 0, 0, -1,
					0, 0, 0, -1,
					0, 0, 0, -1
				]
			}
		}
		Shape
		{
			appearance Appearance
			{
				material Material
				{
					diffuseColor 0.592 0.667 0.682
				}
			}
			geometry IndexedFaceSet
			{
				creaseAngle 0.5
				solid TRUE
				coord Coordinate
				{
					point
					[
						-0.285 0.630 0.235,
						-0.285 0.630 0.140,
						-0.415 0.630 0.235,
						-0.415 0.630 0.140,
						0.615 0.630 0.100,
						0.435 0.630 0.100,
						0.415 0.630 0.140,
						0.265 0.630 0.100,
						0.285 0.630 0.140,
						0.085 0.630 0.100,
						-0.085 0.630 0.100,
						-0.265 0.630 0.100,
						-0.125 0.630 0.060,
						-0.225 0.630 0.060,
						0.285 0.630 0.235,
						0.415 0.630 0.235,
						0.635 0.630 0.140,
						0.765 0.630 0.100,
						0.635 0.630 0.235,
						0.765 0.630 0.235,
						0.575 0.630 0.060,
						0.475 0.630 0.060,
						0.225 0.630 0.060,
						0.125 0.630 0.060,
						-0.435 0.630 0.100,
						-0.475 0.630 0.060,
						-0.615 0.630 0.100,
						-0.635 0.630 0.140,
						-0.575 0.630 0.060,
						-0.765 0.630 0.100,
						-0.765 0.630 0.235,
						-0.635 0.630 0.235
					]
				}
				coordIndex
				[
					0, 1, 2, -1,
					2, 1, 3, -1,
					4, 5, 6, -1,
					6, 5, 7, -1,
					6, 7, 8, -1,
					8, 7, 9, -1,
					8, 9, 1, -1,
					1, 9, 10, -1,
					1, 10, 11, -1,
					11, 10, 12, -1,
					11, 12, 13, -1,
					8, 14, 6, -1,
					6, 14, 15, -1,
					6, 16, 4, -1,
					4, 16, 17, -1,
					18, 19, 16, -1,
					16, 19, 17, -1,
					4, 20, 5, -1,
					5, 20, 21, -1,
					7, 22, 9, -1,
					9, 22, 23, -1,
					11, 24, 1, -1,
					1, 24, 3, -1,
					25, 26, 24, -1,
					24, 26, 27, -1,
					24, 27, 3, -1,
					25, 28, 26, -1,
					26, 29, 27, -1,
					27, 29, 30, -1,
					27, 30, 31, -1
				]
				normal Normal
				{
					vector
					[
						-0.000 1.000 0.000
					]
				}
				normalIndex
				[
					0, 0, 0, -1,
					0, 0, 0, -1,
					0, 0, 0, -1,
					0, 0, 0, -1,
					0, 0, 0, -1,
					0, 0, 0, -1,
					0, 0, 0, -1,
					0, 0, 0, -1,
					0, 0, 0, -1,
					0, 0, 0, -1,
					0, 0, 0, -1,
					0, 0, 0, -1,
					0, 0, 0, -1,
					0, 0, 0, -1,
					0, 0, 0, -1,
					0, 0, 0, -1,
					0, 0, 0, -1,
					0, 0, 0, -1,
					0, 0, 0, -1,
					0, 0, 0, -1,
					0, 0, 0, -1,
					0, 0, 0, -1,
					0, 0, 0, -1,
					0, 0, 0, -1,
					0, 0, 0, -1,
					0, 0, 0, -1,
					0, 0, 0, -1,
					0, 0, 0, -1,
					0, 0, 0, -1,
					0, 0, 0, -1
				]
			}
		}
		Shape
		{
			appearance Appearance
			{
				material Material
				{
					diffuseColor 0.592 0.667 0.682
				}
			}
			geometry IndexedFaceSet
			{
				creaseAngle 0.5
				solid TRUE
				coord Coordinate
				{
					point
					[
						1.275 -0.090 0.070,
						1.275 -0.090 0.200,
						1.275 -0.110 0.180,
						1.275 -0.490 0.200,
						1.275 -0.540 0.180,
						1.275 -0.540 0.380,
						1.275 -0.490 0.380,
						1.275 -0.110 0.050,
						1.275 0.110 0.050,
						1.275 0.090 0.070,
						1.275 0.110 0.180,
						1.275 0.090 0.200,
						1.275 0.490 0.200,
						1.275 0.540 0.180,
						1.275 0.540 0.380,
						1.275 0.490 0.380
					]
				}
				coordIndex
				[
					0, 1, 2, -1,
					2, 1, 3, -1,
					2, 3, 4, -1,
					4, 3, 5, -1,
					3, 6, 5, -1,
					2, 7, 0, -1,
					0, 7, 8, -1,
					0, 8, 9, -1,
					9, 8, 10, -1,
					9, 10, 11, -1,
					11, 10, 12, -1,
					10, 13, 12, -1,
					12, 13, 14, -1,
					12, 14, 15, -1
				]
				normal Normal
				{
					vector
					[
						1.000 0.000 0.000
					]
				}
				normalIndex
				[
					0, 0, 0, -1,
					0, 0, 0, -1,
					0, 0, 0, -1,
					0, 0, 0, -1,
					0, 0, 0, -1,
					0, 0, 0, -1,
					0, 0, 0, -1,
					0, 0, 0, -1,
					0, 0, 0, -1,
					0, 0, 0, -1,
					0, 0, 0, -1,
					0, 0, 0, -1,
					0, 0, 0, -1,
					0, 0, 0, -1
				]
			}
		}
		Shape
		{
			appearance Appearance
			{
				material Material
				{
					diffuseColor 0.592 0.667 0.682
				}
			}
			geometry IndexedFaceSet
			{
				creaseAngle 0.5
				solid TRUE
				coord Coordinate
				{
					point
					[
						1.225 -0.610 0.100,
						1.225 -0.610 0.350,
						0.975 -0.610 0.100,
						0.785 -0.610 0.350,
						0.785 -0.610 0.125,
						0.825 -0.610 0.085,
						0.975 -0.610 0.070,
						0.825 -0.610 0.070
					]
				}
				coordIndex
				[
					0, 1, 2, -1,
					2, 1, 3, -1,
					2, 3, 4, -1,
					4, 5, 2, -1,
					2, 5, 6, -1,
					5, 7, 6, -1
				]
				normal Normal
				{
					vector
					[
						0.000 -1.000 -0.000
					]
				}
				normalIndex
				[
					0, 0, 0, -1,
					0, 0, 0, -1,
					0, 0, 0, -1,
					0, 0, 0, -1,
					0, 0, 0, -1,
					0, 0, 0, -1
				]
			}
		}
		Shape
		{
			appearance Appearance
			{
				material Material
				{
					diffuseColor 0.592 0.667 0.682
				}
			}
			geometry IndexedFaceSet
			{
				creaseAngle 0.5
				solid TRUE
				coord Coordinate
				{
					point
					[
						0.785 0.540 0.380,
						0.785 0.540 0.125,
						0.765 0.540 0.380,
						0.765 0.540 0.000,
						0.825 0.540 0.085,
						0.825 0.540 0.000
					]
				}
				coordIndex
				[
					0, 1, 2, -1,
					2, 1, 3, -1,
					1, 4, 3, -1,
					3, 4, 5, -1
				]
				normal Normal
				{
					vector
					[
						-0.000 1.000 -0.000
					]
				}
				normalIndex
				[
					0, 0, 0, -1,
					0, 0, 0, -1,
					0, 0, 0, -1,
					0, 0, 0, -1
				]
			}
		}
		Shape
		{
			appearance Appearance
			{
				material Material
				{
					diffuseColor 0.592 0.667 0.682
				}
			}
			geometry IndexedFaceSet
			{
				creaseAngle 0.5
				solid TRUE
				coord Coordinate
				{
					point
					[
						0.975 -0.540 0.100,
						0.975 -0.540 0.000,
						1.225 -0.540 0.100,
						1.305 -0.540 -0.000,
						1.305 -0.540 0.180,
						1.275 -0.540 0.180,
						1.225 -0.540 0.380,
						1.275 -0.540 0.380
					]
				}
				coordIndex
				[
					0, 1, 2, -1,
					2, 1, 3, -1,
					2, 3, 4, -1,
					4, 5, 2, -1,
					2, 5, 6, -1,
					5, 7, 6, -1
				]
				normal Normal
				{
					vector
					[
						-0.000 -1.000 -0.000
					]
				}
				normalIndex
				[
					0, 0, 0, -1,
					0, 0, 0, -1,
					0, 0, 0, -1,
					0, 0, 0, -1,
					0, 0, 0, -1,
					0, 0, 0, -1
				]
			}
		}
		Shape
		{
			appearance Appearance
			{
				material Material
				{
					diffuseColor 0.592 0.667 0.682
				}
			}
			geometry IndexedFaceSet
			{
				creaseAngle 0.5
				solid TRUE
				coord Coordinate
				{
					point
					[
						0.825 -0.540 0.000,
						0.825 -0.540 0.085,
						0.765 -0.540 -0.000,
						0.785 -0.540 0.125,
						0.765 -0.540 0.380,
						0.785 -0.540 0.380
					]
				}
				coordIndex
				[
					0, 1, 2, -1,
					2, 1, 3, -1,
					2, 3, 4, -1,
					4, 3, 5, -1
				]
				normal Normal
				{
					vector
					[
						-0.000 -1.000 -0.000
					]
				}
				normalIndex
				[
					0, 0, 0, -1,
					0, 0, 0, -1,
					0, 0, 0, -1,
					0, 0, 0, -1
				]
			}
		}
		Shape
		{
			appearance Appearance
			{
				material Material
				{
					diffuseColor 0.592 0.667 0.682
				}
			}
			geometry IndexedFaceSet
			{
				creaseAngle 0.5
				solid TRUE
				coord Coordinate
				{
					point
					[
						0.785 -0.351 0.380,
						0.765 -0.351 0.380,
						0.785 -0.375 0.380,
						0.765 -0.540 0.380,
						0.785 -0.540 0.380
					]
				}
				coordIndex
				[
					0, 1, 2, -1,
					2, 1, 3, -1,
					2, 3, 4, -1
				]
				normal Normal
				{
					vector
					[
						-0.000 -0.000 1.000
					]
				}
				normalIndex
				[
					0, 0, 0, -1,
					0, 0, 0, -1,
					0, 0, 0, -1
				]
			}
		}
		Shape
		{
			appearance Appearance
			{
				material Material
				{
					diffuseColor 0.592 0.667 0.682
				}
			}
			geometry IndexedFaceSet
			{
				creaseAngle 0.5
				solid TRUE
				coord Coordinate
				{
					point
					[
						1.225 -0.540 0.380,
						1.275 -0.540 0.380,
						1.225 -0.520 0.380,
						1.226 -0.512 0.380,
						1.275 -0.490 0.380,
						1.255 -0.490 0.380,
						1.247 -0.491 0.380,
						1.240 -0.494 0.380,
						1.234 -0.499 0.380,
						1.229 -0.505 0.380
					]
				}
				coordIndex
				[
					0, 1, 2, -1,
					2, 1, 3, -1,
					4, 5, 1, -1,
					1, 5, 6, -1,
					1, 6, 7, -1,
					7, 8, 1, -1,
					1, 8, 9, -1,
					1, 9, 3, -1
				]
				normal Normal
				{
					vector
					[
						-0.000 -0.000 1.000
					]
				}
				normalIndex
				[
					0, 0, 0, -1,
					0, 0, 0, -1,
					0, 0, 0, -1,
					0, 0, 0, -1,
					0, 0, 0, -1,
					0, 0, 0, -1,
					0, 0, 0, -1,
					0, 0, 0, -1
				]
			}
		}
		Shape
		{
			appearance Appearance
			{
				material Material
				{
					diffuseColor 0.592 0.667 0.682
				}
			}
			geometry IndexedFaceSet
			{
				creaseAngle 0.5
				solid TRUE
				coord Coordinate
				{
					point
					[
						1.275 0.490 0.380,
						1.275 0.540 0.380,
						1.255 0.490 0.380,
						1.247 0.491 0.380,
						1.225 0.540 0.380,
						1.225 0.520 0.380,
						1.226 0.512 0.380,
						1.229 0.505 0.380,
						1.234 0.499 0.380,
						1.240 0.494 0.380
					]
				}
				coordIndex
				[
					0, 1, 2, -1,
					2, 1, 3, -1,
					4, 5, 1, -1,
					1, 5, 6, -1,
					1, 6, 7, -1,
					7, 8, 1, -1,
					1, 8, 9, -1,
					1, 9, 3, -1
				]
				normal Normal
				{
					vector
					[
						-0.000 -0.000 1.000
					]
				}
				normalIndex
				[
					0, 0, 0, -1,
					0, 0, 0, -1,
					0, 0, 0, -1,
					0, 0, 0, -1,
					0, 0, 0, -1,
					0, 0, 0, -1,
					0, 0, 0, -1,
					0, 0, 0, -1
				]
			}
		}
		Shape
		{
			appearance Appearance
			{
				material Material
				{
					diffuseColor 0.592 0.667 0.682
				}
			}
			geometry IndexedFaceSet
			{
				creaseAngle 0.5
				solid TRUE
				coord Coordinate
				{
					point
					[
						0.785 0.540 0.380,
						0.765 0.540 0.380,
						0.785 0.375 0.380,
						0.765 0.351 0.380,
						0.785 0.351 0.380
					]
				}
				coordIndex
				[
					0, 1, 2, -1,
					2, 1, 3, -1,
					2, 3, 4, -1
				]
				normal Normal
				{
					vector
					[
						-0.000 -0.000 1.000
					]
				}
				normalIndex
				[
					0, 0, 0, -1,
					0, 0, 0, -1,
					0, 0, 0, -1
				]
			}
		}
		Shape
		{
			appearance Appearance
			{
				material Material
				{
					diffuseColor 0.592 0.667 0.682
				}
			}
			geometry IndexedFaceSet
			{
				creaseAngle 0.5
				solid TRUE
				coord Coordinate
				{
					point
					[
						0.950 0.400 0.380,
						0.960 0.400 0.380,
						0.950 0.430 0.380,
						0.980 0.460 0.380,
						0.951 0.438 0.380,
						0.965 0.456 0.380,
						0.954 0.445 0.380,
						0.959 0.451 0.380,
						0.960 0.350 0.380,
						1.005 0.350 0.380,
						1.065 0.430 0.380,
						1.035 0.460 0.380,
						1.043 0.459 0.380,
						1.005 -0.350 0.380,
						1.065 -0.430 0.380,
						0.960 -0.350 0.380,
						0.960 -0.400 0.380,
						0.950 -0.400 0.380,
						0.950 -0.430 0.380,
						0.980 -0.460 0.380,
						1.035 -0.460 0.380,
						0.965 -0.456 0.380,
						0.951 -0.438 0.380,
						0.954 -0.445 0.380,
						0.959 -0.451 0.380,
						0.972 -0.459 0.380,
						1.043 -0.459 0.380,
						1.050 -0.456 0.380,
						1.056 -0.451 0.380,
						1.061 -0.445 0.380,
						1.064 -0.438 0.380,
						1.064 0.438 0.380,
						1.061 0.445 0.380,
						1.056 0.451 0.380,
						1.050 0.456 0.380,
						0.972 0.459 0.380
					]
				}
				coordIndex
				[
					0, 1, 2, -1,
					2, 1, 3, -1,
					2, 3, 4, -1,
					4, 3, 5, -1,
					4, 5, 6, -1,
					6, 5, 7, -1,
					8, 9, 1, -1,
					1, 9, 10, -1,
					1, 10, 11, -1,
					11, 10, 12, -1,
					9, 13, 10, -1,
					10, 13, 14, -1,
					15, 16, 13, -1,
					13, 16, 14, -1,
					17, 18, 16, -1,
					16, 18, 19, -1,
					16, 19, 20, -1,
					19, 18, 21, -1,
					21, 18, 22, -1,
					21, 22, 23, -1,
					23, 24, 21, -1,
					21, 25, 19, -1,
					16, 20, 14, -1,
					14, 20, 26, -1,
					14, 26, 27, -1,
					27, 28, 14, -1,
					14, 28, 29, -1,
					14, 29, 30, -1,
					31, 32, 10, -1,
					10, 32, 33, -1,
					10, 33, 34, -1,
					34, 12, 10, -1,
					11, 3, 1, -1,
					3, 35, 5, -1
				]
				normal Normal
				{
					vector
					[
						-0.000 -0.000 1.000
					]
				}
				normalIndex
				[
					0, 0, 0, -1,
					0, 0, 0, -1,
					0, 0, 0, -1,
					0, 0, 0, -1,
					0, 0, 0, -1,
					0, 0, 0, -1,
					0, 0, 0, -1,
					0, 0, 0, -1,
					0, 0, 0, -1,
					0, 0, 0, -1,
					0, 0, 0, -1,
					0, 0, 0, -1,
					0, 0, 0, -1,
					0, 0, 0, -1,
					0, 0, 0, -1,
					0, 0, 0, -1,
					0, 0, 0, -1,
					0, 0, 0, -1,
					0, 0, 0, -1,
					0, 0, 0, -1,
					0, 0, 0, -1,
					0, 0, 0, -1,
					0, 0, 0, -1,
					0, 0, 0, -1,
					0, 0, 0, -1,
					0, 0, 0, -1,
					0, 0, 0, -1,
					0, 0, 0, -1,
					0, 0, 0, -1,
					0, 0, 0, -1,
					0, 0, 0, -1,
					0, 0, 0, -1,
					0, 0, 0, -1,
					0, 0, 0, -1
				]
			}
		}
		Shape
		{
			appearance Appearance
			{
				material Material
				{
					diffuseColor 0.592 0.667 0.682
				}
			}
			geometry IndexedFaceSet
			{
				creaseAngle 0.5
				solid TRUE
				coord Coordinate
				{
					point
					[
						1.305 0.540 0.180,
						1.225 0.540 0.100,
						1.275 0.540 0.180,
						1.225 0.540 0.380,
						1.275 0.540 0.380,
						1.305 0.540 0.000,
						0.975 0.540 0.000,
						0.975 0.540 0.100
					]
				}
				coordIndex
				[
					0, 1, 2, -1,
					2, 1, 3, -1,
					2, 3, 4, -1,
					0, 5, 1, -1,
					1, 5, 6, -1,
					1, 6, 7, -1
				]
				normal Normal
				{
					vector
					[
						-0.000 1.000 -0.000
					]
				}
				normalIndex
				[
					0, 0, 0, -1,
					0, 0, 0, -1,
					0, 0, 0, -1,
					0, 0, 0, -1,
					0, 0, 0, -1,
					0, 0, 0, -1
				]
			}
		}
		Shape
		{
			appearance Appearance
			{
				material Material
				{
					diffuseColor 0.592 0.667 0.682
				}
			}
			geometry IndexedFaceSet
			{
				creaseAngle 0.5
				solid TRUE
				coord Coordinate
				{
					point
					[
						0.950 -0.400 0.280,
						0.950 -0.400 0.380,
						0.960 -0.400 0.280,
						0.960 -0.400 0.380
					]
				}
				coordIndex
				[
					0, 1, 2, -1,
					2, 1, 3, -1
				]
				normal Normal
				{
					vector
					[
						-0.000 1.000 -0.000
					]
				}
				normalIndex
				[
					0, 0, 0, -1,
					0, 0, 0, -1
				]
			}
		}
		Shape
		{
			appearance Appearance
			{
				material Material
				{
					diffuseColor 0.592 0.667 0.682
				}
			}
			geometry IndexedFaceSet
			{
				creaseAngle 0.5
				solid TRUE
				coord Coordinate
				{
					point
					[
						0.785 0.375 0.380,
						0.785 0.351 0.380,
						0.785 0.372 0.370,
						0.785 0.350 0.377,
						0.785 0.350 0.373,
						0.785 0.350 0.370,
						0.785 0.371 0.360,
						0.785 0.370 0.350,
						0.785 0.350 0.280,
						0.785 0.370 0.280
					]
				}
				coordIndex
				[
					0, 1, 2, -1,
					2, 1, 3, -1,
					2, 3, 4, -1,
					4, 5, 2, -1,
					2, 5, 6, -1,
					6, 5, 7, -1,
					7, 5, 8, -1,
					7, 8, 9, -1
				]
				normal Normal
				{
					vector
					[
						1.000 -0.000 -0.000
					]
				}
				normalIndex
				[
					0, 0, 0, -1,
					0, 0, 0, -1,
					0, 0, 0, -1,
					0, 0, 0, -1,
					0, 0, 0, -1,
					0, 0, 0, -1,
					0, 0, 0, -1,
					0, 0, 0, -1
				]
			}
		}
		Shape
		{
			appearance Appearance
			{
				material Material
				{
					diffuseColor 0.592 0.667 0.682
				}
			}
			geometry IndexedFaceSet
			{
				creaseAngle 0.5
				solid TRUE
				coord Coordinate
				{
					point
					[
						0.950 0.400 0.280,
						0.960 0.400 0.280,
						0.950 0.400 0.380,
						0.960 0.400 0.380
					]
				}
				coordIndex
				[
					0, 1, 2, -1,
					2, 1, 3, -1
				]
				normal Normal
				{
					vector
					[
						0.000 -1.000 -0.000
					]
				}
				normalIndex
				[
					0, 0, 0, -1,
					0, 0, 0, -1
				]
			}
		}
		Shape
		{
			appearance Appearance
			{
				material Material
				{
					diffuseColor 0.592 0.667 0.682
				}
			}
			geometry IndexedFaceSet
			{
				creaseAngle 0.5
				solid TRUE
				coord Coordinate
				{
					point
					[
						1.355 -0.110 0.050,
						1.355 -0.110 0.180,
						1.355 -0.350 0.050,
						1.355 -0.490 0.180,
						1.355 -0.490 0.000,
						1.355 -0.350 0.000
					]
				}
				coordIndex
				[
					0, 1, 2, -1,
					2, 1, 3, -1,
					2, 3, 4, -1,
					4, 5, 2, -1
				]
				normal Normal
				{
					vector
					[
						1.000 0.000 0.000
					]
				}
				normalIndex
				[
					0, 0, 0, -1,
					0, 0, 0, -1,
					0, 0, 0, -1,
					0, 0, 0, -1
				]
			}
		}
		Shape
		{
			appearance Appearance
			{
				material Material
				{
					diffuseColor 0.592 0.667 0.682
				}
			}
			geometry IndexedFaceSet
			{
				creaseAngle 0.5
				solid TRUE
				coord Coordinate
				{
					point
					[
						0.395 0.420 0.460,
						0.395 0.440 0.460,
						0.305 0.420 0.460,
						0.305 0.440 0.460,
						0.765 0.540 0.460,
						0.655 0.440 0.460,
						0.745 0.440 0.460,
						0.655 0.420 0.460,
						0.745 0.420 0.460,
						0.765 0.440 0.460,
						-0.395 0.440 0.460,
						-0.305 0.440 0.460,
						-0.765 0.540 0.460,
						-0.045 0.440 0.460,
						0.045 0.440 0.460,
						-0.765 0.440 0.460,
						-0.745 0.440 0.460,
						-0.655 0.440 0.460,
						-0.745 0.420 0.460,
						-0.655 0.420 0.460,
						-0.395 0.420 0.460,
						-0.305 0.420 0.460,
						-0.045 0.420 0.460,
						0.045 0.420 0.460
					]
				}
				coordIndex
				[
					0, 1, 2, -1,
					2, 1, 3, -1,
					3, 1, 4, -1,
					4, 1, 5, -1,
					4, 5, 6, -1,
					6, 5, 7, -1,
					6, 7, 8, -1,
					6, 9, 4, -1,
					10, 11, 12, -1,
					12, 11, 13, -1,
					12, 13, 4, -1,
					4, 13, 14, -1,
					4, 14, 3, -1,
					15, 16, 12, -1,
					12, 16, 17, -1,
					12, 17, 10, -1,
					16, 18, 17, -1,
					17, 18, 19, -1,
					10, 20, 11, -1,
					11, 20, 21, -1,
					13, 22, 14, -1,
					14, 22, 23, -1
				]
				normal Normal
				{
					vector
					[
						-0.000 -0.000 1.000
					]
				}
				normalIndex
				[
					0, 0, 0, -1,
					0, 0, 0, -1,
					0, 0, 0, -1,
					0, 0, 0, -1,
					0, 0, 0, -1,
					0, 0, 0, -1,
					0, 0, 0, -1,
					0, 0, 0, -1,
					0, 0, 0, -1,
					0, 0, 0, -1,
					0, 0, 0, -1,
					0, 0, 0, -1,
					0, 0, 0, -1,
					0, 0, 0, -1,
					0, 0, 0, -1,
					0, 0, 0, -1,
					0, 0, 0, -1,
					0, 0, 0, -1,
					0, 0, 0, -1,
					0, 0, 0, -1,
					0, 0, 0, -1,
					0, 0, 0, -1
				]
			}
		}
		Shape
		{
			appearance Appearance
			{
				material Material
				{
					diffuseColor 0.592 0.667 0.682
				}
			}
			geometry IndexedFaceSet
			{
				creaseAngle 0.5
				solid TRUE
				coord Coordinate
				{
					point
					[
						0.395 -0.420 0.460,
						0.305 -0.440 0.460,
						0.395 -0.440 0.460,
						0.765 -0.540 0.460,
						0.655 -0.440 0.460,
						0.745 -0.440 0.460,
						0.745 -0.420 0.460,
						0.305 -0.420 0.460,
						0.045 -0.440 0.460,
						-0.045 -0.440 0.460,
						-0.765 -0.540 0.460,
						-0.305 -0.440 0.460,
						-0.395 -0.440 0.460,
						-0.305 -0.420 0.460,
						-0.395 -0.420 0.460,
						0.045 -0.420 0.460,
						-0.045 -0.420 0.460,
						-0.655 -0.440 0.460,
						-0.745 -0.440 0.460,
						-0.765 -0.440 0.460,
						-0.655 -0.420 0.460,
						-0.745 -0.420 0.460,
						0.765 -0.440 0.460,
						0.655 -0.420 0.460
					]
				}
				coordIndex
				[
					0, 1, 2, -1,
					2, 1, 3, -1,
					2, 3, 4, -1,
					4, 3, 5, -1,
					4, 5, 6, -1,
					0, 7, 1, -1,
					1, 8, 3, -1,
					3, 8, 9, -1,
					3, 9, 10, -1,
					10, 9, 11, -1,
					10, 11, 12, -1,
					12, 11, 13, -1,
					12, 13, 14, -1,
					8, 15, 9, -1,
					9, 15, 16, -1,
					12, 17, 10, -1,
					10, 17, 18, -1,
					10, 18, 19, -1,
					17, 20, 18, -1,
					18, 20, 21, -1,
					3, 22, 5, -1,
					6, 23, 4, -1
				]
				normal Normal
				{
					vector
					[
						-0.000 -0.000 1.000
					]
				}
				normalIndex
				[
					0, 0, 0, -1,
					0, 0, 0, -1,
					0, 0, 0, -1,
					0, 0, 0, -1,
					0, 0, 0, -1,
					0, 0, 0, -1,
					0, 0, 0, -1,
					0, 0, 0, -1,
					0, 0, 0, -1,
					0, 0, 0, -1,
					0, 0, 0, -1,
					0, 0, 0, -1,
					0, 0, 0, -1,
					0, 0, 0, -1,
					0, 0, 0, -1,
					0, 0, 0, -1,
					0, 0, 0, -1,
					0, 0, 0, -1,
					0, 0, 0, -1,
					0, 0, 0, -1,
					0, 0, 0, -1,
					0, 0, 0, -1
				]
			}
		}
		Shape
		{
			appearance Appearance
			{
				material Material
				{
					diffuseColor 0.592 0.667 0.682
				}
			}
			geometry IndexedFaceSet
			{
				creaseAngle 0.5
				solid TRUE
				coord Coordinate
				{
					point
					[
						0.765 -0.630 0.100,
						0.615 -0.630 0.100,
						0.765 -0.590 0.040,
						0.575 -0.590 0.040,
						0.575 -0.603 0.060
					]
				}
				coordIndex
				[
					0, 1, 2, -1,
					2, 1, 3, -1,
					1, 4, 3, -1
				]
				normal Normal
				{
					vector
					[
						-0.000 -0.832 -0.555
					]
				}
				normalIndex
				[
					0, 0, 0, -1,
					0, 0, 0, -1,
					0, 0, 0, -1
				]
			}
		}
		Shape
		{
			appearance Appearance
			{
				material Material
				{
					diffuseColor 0.592 0.667 0.682
				}
			}
			geometry IndexedFaceSet
			{
				creaseAngle 0.5
				solid TRUE
				coord Coordinate
				{
					point
					[
						0.765 -0.590 0.040,
						0.575 -0.590 0.040,
						0.765 -0.590 -0.000,
						0.575 -0.590 0.000
					]
				}
				coordIndex
				[
					0, 1, 2, -1,
					2, 1, 3, -1
				]
				normal Normal
				{
					vector
					[
						0.000 -1.000 -0.000
					]
				}
				normalIndex
				[
					0, 0, 0, -1,
					0, 0, 0, -1
				]
			}
		}
		Shape
		{
			appearance Appearance
			{
				material Material
				{
					diffuseColor 0.592 0.667 0.682
				}
			}
			geometry IndexedFaceSet
			{
				creaseAngle 0.5
				solid TRUE
				coord Coordinate
				{
					point
					[
						0.575 0.590 0.000,
						0.575 0.590 0.040,
						0.765 0.590 0.000,
						0.765 0.590 0.040
					]
				}
				coordIndex
				[
					0, 1, 2, -1,
					2, 1, 3, -1
				]
				normal Normal
				{
					vector
					[
						-0.000 1.000 -0.000
					]
				}
				normalIndex
				[
					0, 0, 0, -1,
					0, 0, 0, -1
				]
			}
		}
		Shape
		{
			appearance Appearance
			{
				material Material
				{
					diffuseColor 0.592 0.667 0.682
				}
			}
			geometry IndexedFaceSet
			{
				creaseAngle 0.5
				solid TRUE
				coord Coordinate
				{
					point
					[
						0.575 0.603 0.060,
						0.615 0.630 0.100,
						0.575 0.590 0.040,
						0.765 0.590 0.040,
						0.765 0.630 0.100
					]
				}
				coordIndex
				[
					0, 1, 2, -1,
					2, 1, 3, -1,
					1, 4, 3, -1
				]
				normal Normal
				{
					vector
					[
						-0.000 0.832 -0.555
					]
				}
				normalIndex
				[
					0, 0, 0, -1,
					0, 0, 0, -1,
					0, 0, 0, -1
				]
			}
		}
		Shape
		{
			appearance Appearance
			{
				material Material
				{
					diffuseColor 0.592 0.667 0.682
				}
			}
			geometry IndexedFaceSet
			{
				creaseAngle 0.5
				solid TRUE
				coord Coordinate
				{
					point
					[
						0.635 0.630 0.235,
						0.635 0.629 0.244,
						0.765 0.630 0.235,
						0.765 0.628 0.247,
						0.635 0.626 0.253,
						0.765 0.624 0.257,
						0.635 0.621 0.262,
						0.765 0.617 0.267,
						0.635 0.615 0.269,
						0.765 0.608 0.274,
						0.635 0.606 0.275,
						0.765 0.597 0.278,
						0.635 0.596 0.279,
						0.635 0.585 0.280,
						0.765 0.585 0.280
					]
				}
				coordIndex
				[
					0, 1, 2, -1,
					2, 1, 3, -1,
					1, 4, 3, -1,
					3, 4, 5, -1,
					4, 6, 5, -1,
					5, 6, 7, -1,
					6, 8, 7, -1,
					7, 8, 9, -1,
					8, 10, 9, -1,
					9, 10, 11, -1,
					10, 12, 11, -1,
					11, 12, 13, -1,
					11, 13, 14, -1
				]
				normal Normal
				{
					vector
					[
						0.000 1.000 0.000,
						0.000 0.978 0.209,
						0.000 0.966 0.259,
						0.000 0.913 0.408,
						0.000 0.866 0.500,
						0.000 0.808 0.590,
						0.000 0.707 0.707,
						0.000 0.667 0.745,
						0.000 0.500 0.866,
						0.000 0.468 0.884,
						0.000 0.259 0.966,
						0.000 0.241 0.971,
						0.000 0.000 1.000,
						0.000 -0.000 1.000
					]
				}
				normalIndex
				[
					0, 1, 0, -1,
					0, 1, 2, -1,
					1, 3, 2, -1,
					2, 3, 4, -1,
					3, 5, 4, -1,
					4, 5, 6, -1,
					5, 7, 6, -1,
					6, 7, 8, -1,
					7, 9, 8, -1,
					8, 9, 10, -1,
					9, 11, 10, -1,
					10, 11, 12, -1,
					10, 12, 13, -1
				]
			}
		}
		Shape
		{
			appearance Appearance
			{
				material Material
				{
					diffuseColor 0.592 0.667 0.682
				}
			}
			geometry IndexedFaceSet
			{
				creaseAngle 0.5
				solid TRUE
				coord Coordinate
				{
					point
					[
						0.765 0.585 0.280,
						0.635 0.585 0.280,
						0.765 0.585 0.350,
						0.635 0.585 0.350
					]
				}
				coordIndex
				[
					0, 1, 2, -1,
					2, 1, 3, -1
				]
				normal Normal
				{
					vector
					[
						-0.000 1.000 -0.000
					]
				}
				normalIndex
				[
					0, 0, 0, -1,
					0, 0, 0, -1
				]
			}
		}
		Shape
		{
			appearance Appearance
			{
				material Material
				{
					diffuseColor 0.592 0.667 0.682
				}
			}
			geometry IndexedFaceSet
			{
				creaseAngle 0.5
				solid TRUE
				coord Coordinate
				{
					point
					[
						0.765 0.585 0.350,
						0.635 0.585 0.350,
						0.765 0.630 0.370,
						0.635 0.630 0.370
					]
				}
				coordIndex
				[
					0, 1, 2, -1,
					2, 1, 3, -1
				]
				normal Normal
				{
					vector
					[
						-0.000 0.406 -0.914
					]
				}
				normalIndex
				[
					0, 0, 0, -1,
					0, 0, 0, -1
				]
			}
		}
		Shape
		{
			appearance Appearance
			{
				material Material
				{
					diffuseColor 0.592 0.667 0.682
				}
			}
			geometry IndexedFaceSet
			{
				creaseAngle 0.5
				solid TRUE
				coord Coordinate
				{
					point
					[
						0.635 0.630 0.370,
						0.415 0.630 0.370,
						0.765 0.627 0.393,
						0.285 0.630 0.370,
						0.065 0.630 0.370,
						-0.065 0.630 0.370,
						-0.765 0.627 0.393,
						-0.765 0.618 0.415,
						-0.285 0.630 0.370,
						-0.415 0.630 0.370,
						-0.635 0.630 0.370,
						-0.765 0.630 0.370,
						0.765 0.618 0.415,
						-0.765 0.604 0.434,
						0.765 0.604 0.434,
						-0.765 0.585 0.448,
						0.765 0.585 0.448,
						0.765 0.563 0.457,
						-0.765 0.563 0.457,
						-0.765 0.540 0.460,
						0.765 0.540 0.460,
						0.765 0.630 0.370
					]
				}
				coordIndex
				[
					0, 1, 2, -1,
					2, 1, 3, -1,
					2, 3, 4, -1,
					4, 5, 2, -1,
					2, 5, 6, -1,
					2, 6, 7, -1,
					5, 8, 6, -1,
					6, 8, 9, -1,
					6, 9, 10, -1,
					10, 11, 6, -1,
					2, 7, 12, -1,
					12, 7, 13, -1,
					12, 13, 14, -1,
					14, 13, 15, -1,
					14, 15, 16, -1,
					16, 15, 17, -1,
					15, 18, 17, -1,
					17, 18, 19, -1,
					17, 19, 20, -1,
					2, 21, 0, -1
				]
				normal Normal
				{
					vector
					[
						0.000 1.000 0.000,
						0.000 0.966 0.259,
						0.000 0.866 0.500,
						0.000 0.707 0.707,
						0.000 0.500 0.866,
						0.000 0.259 0.966,
						0.000 0.000 1.000
					]
				}
				normalIndex
				[
					0, 0, 1, -1,
					1, 0, 0, -1,
					1, 0, 0, -1,
					0, 0, 1, -1,
					1, 0, 1, -1,
					1, 1, 2, -1,
					0, 0, 1, -1,
					1, 0, 0, -1,
					1, 0, 0, -1,
					0, 0, 1, -1,
					1, 2, 2, -1,
					2, 2, 3, -1,
					2, 3, 3, -1,
					3, 3, 4, -1,
					3, 4, 4, -1,
					4, 4, 5, -1,
					4, 5, 5, -1,
					5, 5, 6, -1,
					5, 6, 6, -1,
					1, 0, 0, -1
				]
			}
		}
		Shape
		{
			appearance Appearance
			{
				material Material
				{
					diffuseColor 0.592 0.667 0.682
				}
			}
			geometry IndexedFaceSet
			{
				creaseAngle 0.5
				solid TRUE
				coord Coordinate
				{
					point
					[
						-0.765 -0.540 0.460,
						-0.765 -0.563 0.457,
						0.765 -0.540 0.460,
						0.765 -0.563 0.457,
						0.765 -0.585 0.448,
						-0.765 -0.585 0.448,
						-0.765 -0.604 0.434,
						0.765 -0.604 0.434,
						-0.765 -0.618 0.415,
						0.765 -0.618 0.415,
						-0.765 -0.627 0.393,
						0.765 -0.627 0.393,
						0.065 -0.630 0.370,
						0.285 -0.630 0.370,
						-0.765 -0.630 0.370,
						-0.635 -0.630 0.370,
						-0.415 -0.630 0.370,
						-0.285 -0.630 0.370,
						-0.065 -0.630 0.370,
						0.415 -0.630 0.370,
						0.635 -0.630 0.370,
						0.765 -0.630 0.370
					]
				}
				coordIndex
				[
					0, 1, 2, -1,
					2, 1, 3, -1,
					3, 1, 4, -1,
					4, 1, 5, -1,
					4, 5, 6, -1,
					4, 6, 7, -1,
					7, 6, 8, -1,
					7, 8, 9, -1,
					9, 8, 10, -1,
					9, 10, 11, -1,
					11, 10, 12, -1,
					11, 12, 13, -1,
					14, 15, 10, -1,
					10, 15, 16, -1,
					10, 16, 17, -1,
					17, 18, 10, -1,
					10, 18, 12, -1,
					13, 19, 11, -1,
					11, 19, 20, -1,
					11, 20, 21, -1
				]
				normal Normal
				{
					vector
					[
						0.000 0.000 1.000,
						0.000 -0.259 0.966,
						0.000 -0.500 0.866,
						0.000 -0.707 0.707,
						0.000 -0.866 0.500,
						0.000 -0.966 0.259,
						0.000 -1.000 0.000
					]
				}
				normalIndex
				[
					0, 1, 0, -1,
					0, 1, 1, -1,
					1, 1, 2, -1,
					2, 1, 2, -1,
					2, 2, 3, -1,
					2, 3, 3, -1,
					3, 3, 4, -1,
					3, 4, 4, -1,
					4, 4, 5, -1,
					4, 5, 5, -1,
					5, 5, 6, -1,
					5, 6, 6, -1,
					6, 6, 5, -1,
					5, 6, 6, -1,
					5, 6, 6, -1,
					6, 6, 5, -1,
					5, 6, 6, -1,
					6, 6, 5, -1,
					5, 6, 6, -1,
					5, 6, 6, -1
				]
			}
		}
		Shape
		{
			appearance Appearance
			{
				material Material
				{
					diffuseColor 0.592 0.667 0.682
				}
			}
			geometry IndexedFaceSet
			{
				creaseAngle 0.5
				solid TRUE
				coord Coordinate
				{
					point
					[
						0.765 -0.630 0.370,
						0.635 -0.630 0.370,
						0.765 -0.585 0.350,
						0.635 -0.585 0.350
					]
				}
				coordIndex
				[
					0, 1, 2, -1,
					2, 1, 3, -1
				]
				normal Normal
				{
					vector
					[
						-0.000 -0.406 -0.914
					]
				}
				normalIndex
				[
					0, 0, 0, -1,
					0, 0, 0, -1
				]
			}
		}
		Shape
		{
			appearance Appearance
			{
				material Material
				{
					diffuseColor 0.592 0.667 0.682
				}
			}
			geometry IndexedFaceSet
			{
				creaseAngle 0.5
				solid TRUE
				coord Coordinate
				{
					point
					[
						0.635 -0.585 0.350,
						0.635 -0.585 0.280,
						0.765 -0.585 0.350,
						0.765 -0.585 0.280
					]
				}
				coordIndex
				[
					0, 1, 2, -1,
					2, 1, 3, -1
				]
				normal Normal
				{
					vector
					[
						-0.000 -1.000 -0.000
					]
				}
				normalIndex
				[
					0, 0, 0, -1,
					0, 0, 0, -1
				]
			}
		}
		Shape
		{
			appearance Appearance
			{
				material Material
				{
					diffuseColor 0.592 0.667 0.682
				}
			}
			geometry IndexedFaceSet
			{
				creaseAngle 0.5
				solid TRUE
				coord Coordinate
				{
					point
					[
						0.635 -0.585 0.280,
						0.635 -0.596 0.279,
						0.765 -0.585 0.280,
						0.765 -0.597 0.278,
						0.635 -0.606 0.275,
						0.765 -0.608 0.274,
						0.635 -0.615 0.269,
						0.765 -0.617 0.267,
						0.635 -0.621 0.262,
						0.765 -0.624 0.257,
						0.635 -0.626 0.253,
						0.765 -0.628 0.247,
						0.635 -0.629 0.244,
						0.765 -0.630 0.235,
						0.635 -0.630 0.235
					]
				}
				coordIndex
				[
					0, 1, 2, -1,
					2, 1, 3, -1,
					1, 4, 3, -1,
					3, 4, 5, -1,
					4, 6, 5, -1,
					5, 6, 7, -1,
					6, 8, 7, -1,
					7, 8, 9, -1,
					8, 10, 9, -1,
					9, 10, 11, -1,
					10, 12, 11, -1,
					11, 12, 13, -1,
					12, 14, 13, -1
				]
				normal Normal
				{
					vector
					[
						0.000 0.000 1.000,
						0.000 -0.241 0.971,
						0.000 -0.259 0.966,
						0.000 -0.468 0.884,
						0.000 -0.500 0.866,
						0.000 -0.667 0.745,
						0.000 -0.707 0.707,
						0.000 -0.808 0.590,
						0.000 -0.866 0.500,
						0.000 -0.913 0.408,
						0.000 -0.966 0.259,
						0.000 -0.978 0.209,
						0.000 -1.000 0.000
					]
				}
				normalIndex
				[
					0, 1, 0, -1,
					0, 1, 2, -1,
					1, 3, 2, -1,
					2, 3, 4, -1,
					3, 5, 4, -1,
					4, 5, 6, -1,
					5, 7, 6, -1,
					6, 7, 8, -1,
					7, 9, 8, -1,
					8, 9, 10, -1,
					9, 11, 10, -1,
					10, 11, 12, -1,
					11, 12, 12, -1
				]
			}
		}
		Shape
		{
			appearance Appearance
			{
				material Material
				{
					diffuseColor 0.592 0.667 0.682
				}
			}
			geometry IndexedFaceSet
			{
				creaseAngle 0.5
				solid TRUE
				coord Coordinate
				{
					point
					[
						1.005 0.290 0.100,
						1.005 0.350 0.100,
						0.765 0.290 0.100,
						-0.765 0.290 0.100,
						-0.765 -0.290 0.100,
						-1.005 0.350 0.100,
						-1.005 0.290 0.100,
						-1.005 -0.290 0.100,
						-1.005 -0.350 0.100,
						1.005 -0.350 0.100,
						0.765 -0.290 0.100,
						1.005 -0.290 0.100
					]
				}
				coordIndex
				[
					0, 1, 2, -1,
					2, 1, 3, -1,
					2, 3, 4, -1,
					1, 5, 3, -1,
					3, 5, 6, -1,
					7, 8, 4, -1,
					4, 8, 9, -1,
					4, 9, 10, -1,
					10, 9, 11, -1,
					10, 2, 4, -1
				]
				normal Normal
				{
					vector
					[
						-0.000 -0.000 1.000
					]
				}
				normalIndex
				[
					0, 0, 0, -1,
					0, 0, 0, -1,
					0, 0, 0, -1,
					0, 0, 0, -1,
					0, 0, 0, -1,
					0, 0, 0, -1,
					0, 0, 0, -1,
					0, 0, 0, -1,
					0, 0, 0, -1,
					0, 0, 0, -1
				]
			}
		}
		Shape
		{
			appearance Appearance
			{
				material Material
				{
					diffuseColor 0.592 0.667 0.682
				}
			}
			geometry IndexedFaceSet
			{
				creaseAngle 0.5
				solid TRUE
				coord Coordinate
				{
					point
					[
						-0.950 0.400 0.380,
						-0.950 0.430 0.380,
						-0.960 0.400 0.380,
						-0.980 0.460 0.380,
						-1.035 0.460 0.380,
						-0.951 0.438 0.380,
						-0.954 0.445 0.380,
						-0.959 0.451 0.380,
						-0.965 0.456 0.380,
						-0.972 0.459 0.380,
						-1.043 0.459 0.380,
						-1.050 0.456 0.380,
						-1.056 0.451 0.380,
						-1.061 0.445 0.380,
						-1.064 0.438 0.380,
						-1.065 0.430 0.380,
						-1.005 0.350 0.380,
						-0.960 0.350 0.380,
						-1.065 -0.430 0.380,
						-1.005 -0.350 0.380,
						-1.064 -0.438 0.380,
						-1.035 -0.460 0.380,
						-0.960 -0.400 0.380,
						-0.960 -0.350 0.380,
						-1.061 -0.445 0.380,
						-1.056 -0.451 0.380,
						-1.050 -0.456 0.380,
						-1.043 -0.459 0.380,
						-0.980 -0.460 0.380,
						-0.950 -0.430 0.380,
						-0.950 -0.400 0.380,
						-0.972 -0.459 0.380,
						-0.965 -0.456 0.380,
						-0.959 -0.451 0.380,
						-0.954 -0.445 0.380,
						-0.951 -0.438 0.380
					]
				}
				coordIndex
				[
					0, 1, 2, -1,
					2, 1, 3, -1,
					2, 3, 4, -1,
					5, 6, 1, -1,
					1, 6, 7, -1,
					1, 7, 8, -1,
					8, 9, 1, -1,
					1, 9, 3, -1,
					10, 11, 4, -1,
					4, 11, 12, -1,
					4, 12, 13, -1,
					13, 14, 4, -1,
					4, 14, 15, -1,
					4, 15, 2, -1,
					2, 15, 16, -1,
					2, 16, 17, -1,
					15, 18, 16, -1,
					16, 18, 19, -1,
					20, 21, 18, -1,
					18, 21, 22, -1,
					18, 22, 19, -1,
					19, 22, 23, -1,
					20, 24, 21, -1,
					21, 24, 25, -1,
					21, 25, 26, -1,
					26, 27, 21, -1,
					21, 28, 22, -1,
					22, 28, 29, -1,
					22, 29, 30, -1,
					28, 31, 29, -1,
					29, 31, 32, -1,
					29, 32, 33, -1,
					33, 34, 29, -1,
					29, 34, 35, -1
				]
				normal Normal
				{
					vector
					[
						-0.000 -0.000 1.000
					]
				}
				normalIndex
				[
					0, 0, 0, -1,
					0, 0, 0, -1,
					0, 0, 0, -1,
					0, 0, 0, -1,
					0, 0, 0, -1,
					0, 0, 0, -1,
					0, 0, 0, -1,
					0, 0, 0, -1,
					0, 0, 0, -1,
					0, 0, 0, -1,
					0, 0, 0, -1,
					0, 0, 0, -1,
					0, 0, 0, -1,
					0, 0, 0, -1,
					0, 0, 0, -1,
					0, 0, 0, -1,
					0, 0, 0, -1,
					0, 0, 0, -1,
					0, 0, 0, -1,
					0, 0, 0, -1,
					0, 0, 0, -1,
					0, 0, 0, -1,
					0, 0, 0, -1,
					0, 0, 0, -1,
					0, 0, 0, -1,
					0, 0, 0, -1,
					0, 0, 0, -1,
					0, 0, 0, -1,
					0, 0, 0, -1,
					0, 0, 0, -1,
					0, 0, 0, -1,
					0, 0, 0, -1,
					0, 0, 0, -1,
					0, 0, 0, -1
				]
			}
		}
		Shape
		{
			appearance Appearance
			{
				material Material
				{
					diffuseColor 0.592 0.667 0.682
				}
			}
			geometry IndexedFaceSet
			{
				creaseAngle 0.5
				solid TRUE
				coord Coordinate
				{
					point
					[
						1.355 0.350 0.000,
						1.355 0.490 0.000,
						1.355 0.350 0.050,
						1.355 0.490 0.180,
						1.355 0.110 0.180,
						1.355 0.110 0.050
					]
				}
				coordIndex
				[
					0, 1, 2, -1,
					2, 1, 3, -1,
					2, 3, 4, -1,
					4, 5, 2, -1
				]
				normal Normal
				{
					vector
					[
						1.000 0.000 0.000
					]
				}
				normalIndex
				[
					0, 0, 0, -1,
					0, 0, 0, -1,
					0, 0, 0, -1,
					0, 0, 0, -1
				]
			}
		}
		Shape
		{
			appearance Appearance
			{
				material Material
				{
					diffuseColor 0.592 0.667 0.682
				}
			}
			geometry IndexedFaceSet
			{
				creaseAngle 0.5
				solid TRUE
				coord Coordinate
				{
					point
					[
						-1.355 -0.350 0.000,
						-1.355 -0.490 0.000,
						-1.355 -0.350 0.050,
						-1.355 -0.490 0.180,
						-1.355 -0.110 0.180,
						-1.355 -0.110 0.050
					]
				}
				coordIndex
				[
					0, 1, 2, -1,
					2, 1, 3, -1,
					2, 3, 4, -1,
					4, 5, 2, -1
				]
				normal Normal
				{
					vector
					[
						-1.000 -0.000 -0.000
					]
				}
				normalIndex
				[
					0, 0, 0, -1,
					0, 0, 0, -1,
					0, 0, 0, -1,
					0, 0, 0, -1
				]
			}
		}
		Shape
		{
			appearance Appearance
			{
				material Material
				{
					diffuseColor 0.592 0.667 0.682
				}
			}
			geometry IndexedFaceSet
			{
				creaseAngle 0.5
				solid TRUE
				coord Coordinate
				{
					point
					[
						-1.105 0.350 0.000,
						-1.105 0.350 0.050,
						-1.355 0.350 0.000,
						-1.355 0.350 0.050
					]
				}
				coordIndex
				[
					0, 1, 2, -1,
					2, 1, 3, -1
				]
				normal Normal
				{
					vector
					[
						-0.000 -1.000 -0.000
					]
				}
				normalIndex
				[
					0, 0, 0, -1,
					0, 0, 0, -1
				]
			}
		}
		Shape
		{
			appearance Appearance
			{
				material Material
				{
					diffuseColor 0.592 0.667 0.682
				}
			}
			geometry IndexedFaceSet
			{
				creaseAngle 0.5
				solid TRUE
				coord Coordinate
				{
					point
					[
						-1.105 0.350 0.000,
						-1.040 0.341 0.000,
						-1.105 0.350 0.050,
						-1.040 0.341 0.050,
						-0.980 0.317 0.000,
						-0.980 0.317 0.050,
						-0.928 0.277 0.050,
						-0.928 0.277 0.000,
						-0.888 0.225 0.000,
						-0.888 0.225 0.050,
						-0.864 0.165 0.000,
						-0.864 0.165 0.050,
						-0.855 0.100 0.000,
						-0.855 0.100 0.050
					]
				}
				coordIndex
				[
					0, 1, 2, -1,
					2, 1, 3, -1,
					1, 4, 3, -1,
					3, 4, 5, -1,
					5, 4, 6, -1,
					6, 4, 7, -1,
					6, 7, 8, -1,
					6, 8, 9, -1,
					9, 8, 10, -1,
					9, 10, 11, -1,
					11, 10, 12, -1,
					11, 12, 13, -1
				]
				normal Normal
				{
					vector
					[
						-0.000 -1.000 -0.000,
						-0.259 -0.966 -0.000,
						-0.500 -0.866 -0.000,
						-0.707 -0.707 -0.000,
						-0.866 -0.500 -0.000,
						-0.966 -0.259 -0.000,
						-1.000 0.000 -0.000,
						-1.000 -0.000 -0.000
					]
				}
				normalIndex
				[
					0, 1, 0, -1,
					0, 1, 1, -1,
					1, 2, 1, -1,
					1, 2, 2, -1,
					2, 2, 3, -1,
					3, 2, 3, -1,
					3, 3, 4, -1,
					3, 4, 4, -1,
					4, 4, 5, -1,
					4, 5, 5, -1,
					5, 5, 6, -1,
					5, 6, 7, -1
				]
			}
		}
		Shape
		{
			appearance Appearance
			{
				material Material
				{
					diffuseColor 0.592 0.667 0.682
				}
			}
			geometry IndexedFaceSet
			{
				creaseAngle 0.5
				solid TRUE
				coord Coordinate
				{
					point
					[
						-0.855 0.100 0.000,
						-0.855 -0.100 0.000,
						-0.855 0.100 0.050,
						-0.855 -0.100 0.050
					]
				}
				coordIndex
				[
					0, 1, 2, -1,
					2, 1, 3, -1
				]
				normal Normal
				{
					vector
					[
						-1.000 -0.000 -0.000
					]
				}
				normalIndex
				[
					0, 0, 0, -1,
					0, 0, 0, -1
				]
			}
		}
		Shape
		{
			appearance Appearance
			{
				material Material
				{
					diffuseColor 0.592 0.667 0.682
				}
			}
			geometry IndexedFaceSet
			{
				creaseAngle 0.5
				solid TRUE
				coord Coordinate
				{
					point
					[
						-0.855 -0.100 0.000,
						-0.864 -0.165 0.000,
						-0.855 -0.100 0.050,
						-0.864 -0.165 0.050,
						-0.888 -0.225 0.050,
						-0.888 -0.225 0.000,
						-0.928 -0.277 0.000,
						-0.928 -0.277 0.050,
						-0.980 -0.317 0.000,
						-0.980 -0.317 0.050,
						-1.040 -0.341 0.000,
						-1.040 -0.341 0.050,
						-1.105 -0.350 0.050,
						-1.105 -0.350 0.000
					]
				}
				coordIndex
				[
					0, 1, 2, -1,
					2, 1, 3, -1,
					3, 1, 4, -1,
					4, 1, 5, -1,
					4, 5, 6, -1,
					4, 6, 7, -1,
					7, 6, 8, -1,
					7, 8, 9, -1,
					9, 8, 10, -1,
					9, 10, 11, -1,
					11, 10, 12, -1,
					10, 13, 12, -1
				]
				normal Normal
				{
					vector
					[
						-1.000 0.000 -0.000,
						-0.966 0.259 0.000,
						-0.866 0.500 0.000,
						-0.707 0.707 0.000,
						-0.500 0.866 0.000,
						-0.259 0.966 0.000,
						-0.000 1.000 0.000
					]
				}
				normalIndex
				[
					0, 1, 0, -1,
					0, 1, 1, -1,
					1, 1, 2, -1,
					2, 1, 2, -1,
					2, 2, 3, -1,
					2, 3, 3, -1,
					3, 3, 4, -1,
					3, 4, 4, -1,
					4, 4, 5, -1,
					4, 5, 5, -1,
					5, 5, 6, -1,
					5, 6, 6, -1
				]
			}
		}
		Shape
		{
			appearance Appearance
			{
				material Material
				{
					diffuseColor 0.592 0.667 0.682
				}
			}
			geometry IndexedFaceSet
			{
				creaseAngle 0.5
				solid TRUE
				coord Coordinate
				{
					point
					[
						-1.355 -0.350 0.000,
						-1.355 -0.350 0.050,
						-1.105 -0.350 0.000,
						-1.105 -0.350 0.050
					]
				}
				coordIndex
				[
					0, 1, 2, -1,
					2, 1, 3, -1
				]
				normal Normal
				{
					vector
					[
						-0.000 1.000 0.000
					]
				}
				normalIndex
				[
					0, 0, 0, -1,
					0, 0, 0, -1
				]
			}
		}
		Shape
		{
			appearance Appearance
			{
				material Material
				{
					diffuseColor 0.592 0.667 0.682
				}
			}
			geometry IndexedFaceSet
			{
				creaseAngle 0.5
				solid TRUE
				coord Coordinate
				{
					point
					[
						0.855 0.100 0.000,
						0.864 0.165 0.000,
						0.855 0.100 0.050,
						0.864 0.165 0.050,
						0.888 0.225 0.000,
						0.888 0.225 0.050,
						0.928 0.277 0.000,
						0.928 0.277 0.050,
						0.980 0.317 0.050,
						0.980 0.317 0.000,
						1.040 0.341 0.000,
						1.040 0.341 0.050,
						1.105 0.350 0.000,
						1.105 0.350 0.050
					]
				}
				coordIndex
				[
					0, 1, 2, -1,
					2, 1, 3, -1,
					1, 4, 3, -1,
					3, 4, 5, -1,
					4, 6, 5, -1,
					5, 6, 7, -1,
					7, 6, 8, -1,
					8, 6, 9, -1,
					8, 9, 10, -1,
					8, 10, 11, -1,
					11, 10, 12, -1,
					11, 12, 13, -1
				]
				normal Normal
				{
					vector
					[
						1.000 -0.000 -0.000,
						0.966 -0.259 -0.000,
						0.866 -0.500 -0.000,
						0.707 -0.707 -0.000,
						0.500 -0.866 -0.000,
						0.259 -0.966 -0.000,
						-0.000 -1.000 -0.000
					]
				}
				normalIndex
				[
					0, 1, 0, -1,
					0, 1, 1, -1,
					1, 2, 1, -1,
					1, 2, 2, -1,
					2, 3, 2, -1,
					2, 3, 3, -1,
					3, 3, 4, -1,
					4, 3, 4, -1,
					4, 4, 5, -1,
					4, 5, 5, -1,
					5, 5, 6, -1,
					5, 6, 6, -1
				]
			}
		}
		Shape
		{
			appearance Appearance
			{
				material Material
				{
					diffuseColor 0.592 0.667 0.682
				}
			}
			geometry IndexedFaceSet
			{
				creaseAngle 0.5
				solid TRUE
				coord Coordinate
				{
					point
					[
						1.355 0.350 0.000,
						1.355 0.350 0.050,
						1.105 0.350 0.000,
						1.105 0.350 0.050
					]
				}
				coordIndex
				[
					0, 1, 2, -1,
					2, 1, 3, -1
				]
				normal Normal
				{
					vector
					[
						-0.000 -1.000 -0.000
					]
				}
				normalIndex
				[
					0, 0, 0, -1,
					0, 0, 0, -1
				]
			}
		}
		Shape
		{
			appearance Appearance
			{
				material Material
				{
					diffuseColor 0.592 0.667 0.682
				}
			}
			geometry IndexedFaceSet
			{
				creaseAngle 0.5
				solid TRUE
				coord Coordinate
				{
					point
					[
						1.105 -0.350 0.000,
						1.105 -0.350 0.050,
						1.355 -0.350 0.000,
						1.355 -0.350 0.050
					]
				}
				coordIndex
				[
					0, 1, 2, -1,
					2, 1, 3, -1
				]
				normal Normal
				{
					vector
					[
						-0.000 1.000 0.000
					]
				}
				normalIndex
				[
					0, 0, 0, -1,
					0, 0, 0, -1
				]
			}
		}
		Shape
		{
			appearance Appearance
			{
				material Material
				{
					diffuseColor 0.592 0.667 0.682
				}
			}
			geometry IndexedFaceSet
			{
				creaseAngle 0.5
				solid TRUE
				coord Coordinate
				{
					point
					[
						1.105 -0.350 0.050,
						1.105 -0.350 0.000,
						1.040 -0.341 0.050,
						1.040 -0.341 0.000,
						0.980 -0.317 0.000,
						0.980 -0.317 0.050,
						0.928 -0.277 0.000,
						0.928 -0.277 0.050,
						0.888 -0.225 0.000,
						0.888 -0.225 0.050,
						0.864 -0.165 0.050,
						0.864 -0.165 0.000,
						0.855 -0.100 0.000,
						0.855 -0.100 0.050
					]
				}
				coordIndex
				[
					0, 1, 2, -1,
					2, 1, 3, -1,
					2, 3, 4, -1,
					2, 4, 5, -1,
					5, 4, 6, -1,
					5, 6, 7, -1,
					7, 6, 8, -1,
					7, 8, 9, -1,
					9, 8, 10, -1,
					8, 11, 10, -1,
					10, 11, 12, -1,
					10, 12, 13, -1
				]
				normal Normal
				{
					vector
					[
						-0.000 1.000 0.000,
						0.259 0.966 0.000,
						0.500 0.866 0.000,
						0.707 0.707 0.000,
						0.866 0.500 0.000,
						0.966 0.259 0.000,
						1.000 0.000 -0.000,
						1.000 0.000 0.000
					]
				}
				normalIndex
				[
					0, 0, 1, -1,
					1, 0, 1, -1,
					1, 1, 2, -1,
					1, 2, 2, -1,
					2, 2, 3, -1,
					2, 3, 3, -1,
					3, 3, 4, -1,
					3, 4, 4, -1,
					4, 4, 5, -1,
					4, 5, 5, -1,
					5, 5, 6, -1,
					5, 6, 7, -1
				]
			}
		}
		Shape
		{
			appearance Appearance
			{
				material Material
				{
					diffuseColor 0.592 0.667 0.682
				}
			}
			geometry IndexedFaceSet
			{
				creaseAngle 0.5
				solid TRUE
				coord Coordinate
				{
					point
					[
						0.855 0.100 0.000,
						0.855 0.100 0.050,
						0.855 -0.100 0.000,
						0.855 -0.100 0.050
					]
				}
				coordIndex
				[
					0, 1, 2, -1,
					2, 1, 3, -1
				]
				normal Normal
				{
					vector
					[
						1.000 -0.000 -0.000
					]
				}
				normalIndex
				[
					0, 0, 0, -1,
					0, 0, 0, -1
				]
			}
		}
		Shape
		{
			appearance Appearance
			{
				material Material
				{
					diffuseColor 0.592 0.667 0.682
				}
			}
			geometry IndexedFaceSet
			{
				creaseAngle 0.5
				solid TRUE
				coord Coordinate
				{
					point
					[
						1.355 -0.110 0.050,
						1.355 -0.350 0.050,
						1.275 -0.110 0.050,
						1.105 -0.350 0.050,
						1.040 -0.341 0.050,
						0.980 -0.317 0.050,
						0.928 -0.277 0.050,
						0.888 -0.225 0.050,
						0.864 -0.165 0.050,
						0.855 -0.100 0.050,
						0.855 0.100 0.050,
						1.275 0.110 0.050,
						0.864 0.165 0.050,
						0.888 0.225 0.050,
						0.928 0.277 0.050,
						0.980 0.317 0.050,
						1.040 0.341 0.050,
						1.105 0.350 0.050,
						1.355 0.350 0.050,
						1.355 0.110 0.050
					]
				}
				coordIndex
				[
					0, 1, 2, -1,
					2, 1, 3, -1,
					2, 3, 4, -1,
					4, 5, 2, -1,
					2, 5, 6, -1,
					2, 6, 7, -1,
					7, 8, 2, -1,
					2, 8, 9, -1,
					2, 9, 10, -1,
					2, 10, 11, -1,
					11, 10, 12, -1,
					11, 12, 13, -1,
					13, 14, 11, -1,
					11, 14, 15, -1,
					11, 15, 16, -1,
					16, 17, 11, -1,
					11, 17, 18, -1,
					11, 18, 19, -1
				]
				normal Normal
				{
					vector
					[
						0.000 0.000 -1.000
					]
				}
				normalIndex
				[
					0, 0, 0, -1,
					0, 0, 0, -1,
					0, 0, 0, -1,
					0, 0, 0, -1,
					0, 0, 0, -1,
					0, 0, 0, -1,
					0, 0, 0, -1,
					0, 0, 0, -1,
					0, 0, 0, -1,
					0, 0, 0, -1,
					0, 0, 0, -1,
					0, 0, 0, -1,
					0, 0, 0, -1,
					0, 0, 0, -1,
					0, 0, 0, -1,
					0, 0, 0, -1,
					0, 0, 0, -1,
					0, 0, 0, -1
				]
			}
		}
		Shape
		{
			appearance Appearance
			{
				material Material
				{
					diffuseColor 0.592 0.667 0.682
				}
			}
			geometry IndexedFaceSet
			{
				creaseAngle 0.5
				solid TRUE
				coord Coordinate
				{
					point
					[
						1.005 -0.240 0.150,
						1.005 -0.350 0.380,
						1.005 0.240 0.150,
						1.005 0.350 0.380,
						1.005 0.253 0.148,
						1.005 0.265 0.143,
						1.005 -0.253 0.148,
						1.005 -0.265 0.143,
						1.005 -0.275 0.135,
						1.005 -0.350 0.100,
						1.005 -0.283 0.125,
						1.005 -0.288 0.113,
						1.005 -0.290 0.100,
						1.005 0.275 0.135,
						1.005 0.350 0.100,
						1.005 0.283 0.125,
						1.005 0.288 0.113,
						1.005 0.290 0.100
					]
				}
				coordIndex
				[
					0, 1, 2, -1,
					2, 1, 3, -1,
					2, 3, 4, -1,
					4, 3, 5, -1,
					0, 6, 1, -1,
					1, 6, 7, -1,
					1, 7, 8, -1,
					1, 8, 9, -1,
					9, 8, 10, -1,
					9, 10, 11, -1,
					11, 12, 9, -1,
					5, 3, 13, -1,
					13, 3, 14, -1,
					13, 14, 15, -1,
					15, 14, 16, -1,
					14, 17, 16, -1
				]
				normal Normal
				{
					vector
					[
						-1.000 0.000 0.000
					]
				}
				normalIndex
				[
					0, 0, 0, -1,
					0, 0, 0, -1,
					0, 0, 0, -1,
					0, 0, 0, -1,
					0, 0, 0, -1,
					0, 0, 0, -1,
					0, 0, 0, -1,
					0, 0, 0, -1,
					0, 0, 0, -1,
					0, 0, 0, -1,
					0, 0, 0, -1,
					0, 0, 0, -1,
					0, 0, 0, -1,
					0, 0, 0, -1,
					0, 0, 0, -1,
					0, 0, 0, -1
				]
			}
		}
		Shape
		{
			appearance Appearance
			{
				material Material
				{
					diffuseColor 0.592 0.667 0.682
				}
			}
			geometry IndexedFaceSet
			{
				creaseAngle 0.5
				solid TRUE
				coord Coordinate
				{
					point
					[
						-1.005 -0.290 0.100,
						-1.005 -0.288 0.113,
						-1.005 -0.350 0.100,
						-1.005 -0.283 0.125,
						-1.005 -0.275 0.135,
						-1.005 -0.350 0.380,
						-1.005 -0.265 0.143,
						-1.005 -0.253 0.148,
						-1.005 -0.240 0.150,
						-1.005 0.240 0.150,
						-1.005 0.350 0.380,
						-1.005 0.253 0.148,
						-1.005 0.265 0.143,
						-1.005 0.275 0.135,
						-1.005 0.350 0.100,
						-1.005 0.283 0.125,
						-1.005 0.288 0.113,
						-1.005 0.290 0.100
					]
				}
				coordIndex
				[
					0, 1, 2, -1,
					2, 1, 3, -1,
					2, 3, 4, -1,
					2, 4, 5, -1,
					5, 4, 6, -1,
					5, 6, 7, -1,
					7, 8, 5, -1,
					5, 8, 9, -1,
					5, 9, 10, -1,
					10, 9, 11, -1,
					10, 11, 12, -1,
					12, 13, 10, -1,
					10, 13, 14, -1,
					13, 15, 14, -1,
					14, 15, 16, -1,
					14, 16, 17, -1
				]
				normal Normal
				{
					vector
					[
						1.000 0.000 0.000
					]
				}
				normalIndex
				[
					0, 0, 0, -1,
					0, 0, 0, -1,
					0, 0, 0, -1,
					0, 0, 0, -1,
					0, 0, 0, -1,
					0, 0, 0, -1,
					0, 0, 0, -1,
					0, 0, 0, -1,
					0, 0, 0, -1,
					0, 0, 0, -1,
					0, 0, 0, -1,
					0, 0, 0, -1,
					0, 0, 0, -1,
					0, 0, 0, -1,
					0, 0, 0, -1,
					0, 0, 0, -1
				]
			}
		}
		Shape
		{
			appearance Appearance
			{
				material Material
				{
					diffuseColor 0.592 0.667 0.682
				}
			}
			geometry IndexedFaceSet
			{
				creaseAngle 0.5
				solid TRUE
				coord Coordinate
				{
					point
					[
						-0.788 -0.286 0.119,
						-0.765 -0.290 0.100,
						-0.824 -0.240 0.150,
						-0.765 0.290 0.100,
						-0.824 0.240 0.150,
						-0.788 0.286 0.119,
						-0.798 0.282 0.128,
						-0.807 0.275 0.135,
						-0.814 0.268 0.142,
						-0.820 0.259 0.146,
						-0.821 0.255 0.148,
						-0.823 0.250 0.149,
						-0.824 0.245 0.150,
						-0.824 -0.245 0.150,
						-0.823 -0.250 0.149,
						-0.821 -0.255 0.148,
						-0.820 -0.259 0.146,
						-0.814 -0.268 0.142,
						-0.807 -0.275 0.135,
						-0.798 -0.282 0.128
					]
				}
				coordIndex
				[
					0, 1, 2, -1,
					2, 1, 3, -1,
					2, 3, 4, -1,
					4, 3, 5, -1,
					4, 5, 6, -1,
					6, 7, 4, -1,
					4, 7, 8, -1,
					4, 8, 9, -1,
					9, 10, 4, -1,
					4, 10, 11, -1,
					4, 11, 12, -1,
					13, 14, 2, -1,
					2, 14, 15, -1,
					2, 15, 16, -1,
					16, 17, 2, -1,
					2, 17, 18, -1,
					2, 18, 19, -1,
					19, 0, 2, -1
				]
				normal Normal
				{
					vector
					[
						0.647 0.000 0.763
					]
				}
				normalIndex
				[
					0, 0, 0, -1,
					0, 0, 0, -1,
					0, 0, 0, -1,
					0, 0, 0, -1,
					0, 0, 0, -1,
					0, 0, 0, -1,
					0, 0, 0, -1,
					0, 0, 0, -1,
					0, 0, 0, -1,
					0, 0, 0, -1,
					0, 0, 0, -1,
					0, 0, 0, -1,
					0, 0, 0, -1,
					0, 0, 0, -1,
					0, 0, 0, -1,
					0, 0, 0, -1,
					0, 0, 0, -1,
					0, 0, 0, -1
				]
			}
		}
		Shape
		{
			appearance Appearance
			{
				material Material
				{
					diffuseColor 0.592 0.667 0.682
				}
			}
			geometry IndexedFaceSet
			{
				creaseAngle 0.5
				solid TRUE
				coord Coordinate
				{
					point
					[
						-0.824 0.240 0.150,
						-1.005 0.240 0.150,
						-0.824 -0.240 0.150,
						-1.005 -0.240 0.150
					]
				}
				coordIndex
				[
					0, 1, 2, -1,
					2, 1, 3, -1
				]
				normal Normal
				{
					vector
					[
						-0.000 0.000 1.000
					]
				}
				normalIndex
				[
					0, 0, 0, -1,
					0, 0, 0, -1
				]
			}
		}
		Shape
		{
			appearance Appearance
			{
				material Material
				{
					diffuseColor 0.592 0.667 0.682
				}
			}
			geometry IndexedFaceSet
			{
				creaseAngle 0.5
				solid TRUE
				coord Coordinate
				{
					point
					[
						0.788 0.286 0.119,
						0.765 0.290 0.100,
						0.824 0.240 0.150,
						0.765 -0.290 0.100,
						0.824 -0.240 0.150,
						0.788 -0.286 0.119,
						0.798 -0.282 0.128,
						0.824 0.245 0.150,
						0.823 0.250 0.149,
						0.821 0.255 0.148,
						0.820 0.259 0.146,
						0.814 0.268 0.142,
						0.807 0.275 0.135,
						0.798 0.282 0.128,
						0.807 -0.275 0.135,
						0.814 -0.268 0.142,
						0.820 -0.259 0.146,
						0.821 -0.255 0.148,
						0.823 -0.250 0.149,
						0.824 -0.245 0.150
					]
				}
				coordIndex
				[
					0, 1, 2, -1,
					2, 1, 3, -1,
					2, 3, 4, -1,
					4, 3, 5, -1,
					4, 5, 6, -1,
					7, 8, 2, -1,
					2, 8, 9, -1,
					2, 9, 10, -1,
					10, 11, 2, -1,
					2, 11, 12, -1,
					2, 12, 13, -1,
					13, 0, 2, -1,
					6, 14, 4, -1,
					4, 14, 15, -1,
					4, 15, 16, -1,
					16, 17, 4, -1,
					4, 17, 18, -1,
					4, 18, 19, -1
				]
				normal Normal
				{
					vector
					[
						-0.647 0.000 0.763
					]
				}
				normalIndex
				[
					0, 0, 0, -1,
					0, 0, 0, -1,
					0, 0, 0, -1,
					0, 0, 0, -1,
					0, 0, 0, -1,
					0, 0, 0, -1,
					0, 0, 0, -1,
					0, 0, 0, -1,
					0, 0, 0, -1,
					0, 0, 0, -1,
					0, 0, 0, -1,
					0, 0, 0, -1,
					0, 0, 0, -1,
					0, 0, 0, -1,
					0, 0, 0, -1,
					0, 0, 0, -1,
					0, 0, 0, -1,
					0, 0, 0, -1
				]
			}
		}
		Shape
		{
			appearance Appearance
			{
				material Material
				{
					diffuseColor 0.592 0.667 0.682
				}
			}
			geometry IndexedFaceSet
			{
				creaseAngle 0.5
				solid TRUE
				coord Coordinate
				{
					point
					[
						1.005 0.240 0.150,
						0.824 0.240 0.150,
						1.005 -0.240 0.150,
						0.824 -0.240 0.150
					]
				}
				coordIndex
				[
					0, 1, 2, -1,
					2, 1, 3, -1
				]
				normal Normal
				{
					vector
					[
						0.000 0.000 1.000
					]
				}
				normalIndex
				[
					0, 0, 0, -1,
					0, 0, 0, -1
				]
			}
		}
		Shape
		{
			appearance Appearance
			{
				material Material
				{
					diffuseColor 0.592 0.667 0.682
				}
			}
			geometry IndexedFaceSet
			{
				creaseAngle 0.5
				solid TRUE
				coord Coordinate
				{
					point
					[
						0.765 -0.398 0.450,
						0.765 -0.418 0.457,
						0.765 -0.351 0.380,
						0.765 -0.440 0.460,
						0.765 -0.540 0.380,
						0.765 -0.540 0.460,
						0.765 -0.563 0.457,
						0.765 -0.356 0.401,
						0.765 -0.366 0.421,
						0.765 -0.380 0.437,
						0.765 -0.585 0.448,
						0.765 -0.604 0.434,
						0.765 -0.618 0.415,
						0.765 -0.585 0.350,
						0.765 -0.627 0.393,
						0.765 -0.630 0.370,
						0.765 -0.585 0.280,
						0.765 -0.540 -0.000,
						0.765 -0.597 0.278,
						0.765 -0.630 0.235,
						0.765 -0.630 0.100,
						0.765 -0.590 0.040,
						0.765 -0.608 0.274,
						0.765 -0.617 0.267,
						0.765 -0.624 0.257,
						0.765 -0.628 0.247,
						0.765 -0.590 -0.000
					]
				}
				coordIndex
				[
					0, 1, 2, -1,
					2, 1, 3, -1,
					2, 3, 4, -1,
					4, 3, 5, -1,
					4, 5, 6, -1,
					7, 8, 2, -1,
					2, 8, 9, -1,
					2, 9, 0, -1,
					6, 10, 4, -1,
					4, 10, 11, -1,
					4, 11, 12, -1,
					4, 12, 13, -1,
					13, 12, 14, -1,
					13, 14, 15, -1,
					13, 16, 4, -1,
					4, 16, 17, -1,
					18, 19, 16, -1,
					16, 19, 20, -1,
					16, 20, 21, -1,
					18, 22, 19, -1,
					19, 22, 23, -1,
					19, 23, 24, -1,
					24, 25, 19, -1,
					26, 17, 21, -1,
					21, 17, 16, -1
				]
				normal Normal
				{
					vector
					[
						1.000 0.000 0.000
					]
				}
				normalIndex
				[
					0, 0, 0, -1,
					0, 0, 0, -1,
					0, 0, 0, -1,
					0, 0, 0, -1,
					0, 0, 0, -1,
					0, 0, 0, -1,
					0, 0, 0, -1,
					0, 0, 0, -1,
					0, 0, 0, -1,
					0, 0, 0, -1,
					0, 0, 0, -1,
					0, 0, 0, -1,
					0, 0, 0, -1,
					0, 0, 0, -1,
					0, 0, 0, -1,
					0, 0, 0, -1,
					0, 0, 0, -1,
					0, 0, 0, -1,
					0, 0, 0, -1,
					0, 0, 0, -1,
					0, 0, 0, -1,
					0, 0, 0, -1,
					0, 0, 0, -1,
					0, 0, 0, -1,
					0, 0, 0, -1
				]
			}
		}
		Shape
		{
			appearance Appearance
			{
				material Material
				{
					diffuseColor 0.592 0.667 0.682
				}
			}
			geometry IndexedFaceSet
			{
				creaseAngle 0.5
				solid TRUE
				coord Coordinate
				{
					point
					[
						0.765 0.563 0.457,
						0.765 0.540 0.460,
						0.765 0.540 0.380,
						0.765 0.440 0.460,
						0.765 0.351 0.380,
						0.765 0.418 0.457,
						0.765 0.398 0.450,
						0.765 0.380 0.437,
						0.765 0.366 0.421,
						0.765 0.356 0.401,
						0.765 0.590 0.000,
						0.765 0.590 0.040,
						0.765 0.540 0.000,
						0.765 0.585 0.280,
						0.765 0.585 0.350,
						0.765 0.618 0.415,
						0.765 0.627 0.393,
						0.765 0.630 0.100,
						0.765 0.630 0.235,
						0.765 0.597 0.278,
						0.765 0.608 0.274,
						0.765 0.628 0.247,
						0.765 0.624 0.257,
						0.765 0.617 0.267,
						0.765 0.630 0.370,
						0.765 0.604 0.434,
						0.765 0.585 0.448
					]
				}
				coordIndex
				[
					0, 1, 2, -1,
					2, 1, 3, -1,
					2, 3, 4, -1,
					4, 3, 5, -1,
					4, 5, 6, -1,
					6, 7, 4, -1,
					4, 7, 8, -1,
					4, 8, 9, -1,
					10, 11, 12, -1,
					12, 11, 13, -1,
					12, 13, 2, -1,
					2, 13, 14, -1,
					2, 14, 15, -1,
					15, 14, 16, -1,
					11, 17, 13, -1,
					13, 17, 18, -1,
					13, 18, 19, -1,
					19, 18, 20, -1,
					21, 22, 18, -1,
					18, 22, 23, -1,
					18, 23, 20, -1,
					14, 24, 16, -1,
					15, 25, 2, -1,
					2, 25, 26, -1,
					2, 26, 0, -1
				]
				normal Normal
				{
					vector
					[
						1.000 0.000 0.000
					]
				}
				normalIndex
				[
					0, 0, 0, -1,
					0, 0, 0, -1,
					0, 0, 0, -1,
					0, 0, 0, -1,
					0, 0, 0, -1,
					0, 0, 0, -1,
					0, 0, 0, -1,
					0, 0, 0, -1,
					0, 0, 0, -1,
					0, 0, 0, -1,
					0, 0, 0, -1,
					0, 0, 0, -1,
					0, 0, 0, -1,
					0, 0, 0, -1,
					0, 0, 0, -1,
					0, 0, 0, -1,
					0, 0, 0, -1,
					0, 0, 0, -1,
					0, 0, 0, -1,
					0, 0, 0, -1,
					0, 0, 0, -1,
					0, 0, 0, -1,
					0, 0, 0, -1,
					0, 0, 0, -1,
					0, 0, 0, -1
				]
			}
		}
		Shape
		{
			appearance Appearance
			{
				material Material
				{
					diffuseColor 0.592 0.667 0.682
				}
			}
			geometry IndexedFaceSet
			{
				creaseAngle 0.5
				solid TRUE
				coord Coordinate
				{
					point
					[
						0.785 -0.370 0.280,
						0.785 -0.350 0.280,
						0.785 -0.370 0.350,
						0.785 -0.350 0.370,
						0.785 -0.371 0.360,
						0.785 -0.372 0.370,
						0.785 -0.350 0.373,
						0.785 -0.350 0.377,
						0.785 -0.351 0.380,
						0.785 -0.375 0.380
					]
				}
				coordIndex
				[
					0, 1, 2, -1,
					2, 1, 3, -1,
					2, 3, 4, -1,
					4, 3, 5, -1,
					3, 6, 5, -1,
					5, 6, 7, -1,
					5, 7, 8, -1,
					8, 9, 5, -1
				]
				normal Normal
				{
					vector
					[
						1.000 -0.000 -0.000
					]
				}
				normalIndex
				[
					0, 0, 0, -1,
					0, 0, 0, -1,
					0, 0, 0, -1,
					0, 0, 0, -1,
					0, 0, 0, -1,
					0, 0, 0, -1,
					0, 0, 0, -1,
					0, 0, 0, -1
				]
			}
		}
		Shape
		{
			appearance Appearance
			{
				material Material
				{
					diffuseColor 0.592 0.667 0.682
				}
			}
			geometry IndexedFaceSet
			{
				creaseAngle 0.5
				solid TRUE
				coord Coordinate
				{
					point
					[
						0.960 -0.400 0.380,
						0.960 -0.350 0.380,
						0.960 -0.400 0.280,
						0.960 -0.350 0.280
					]
				}
				coordIndex
				[
					0, 1, 2, -1,
					2, 1, 3, -1
				]
				normal Normal
				{
					vector
					[
						-1.000 -0.000 -0.000
					]
				}
				normalIndex
				[
					0, 0, 0, -1,
					0, 0, 0, -1
				]
			}
		}
		Shape
		{
			appearance Appearance
			{
				material Material
				{
					diffuseColor 0.592 0.667 0.682
				}
			}
			geometry IndexedFaceSet
			{
				creaseAngle 0.5
				solid TRUE
				coord Coordinate
				{
					point
					[
						0.785 -0.370 0.280,
						0.950 -0.370 0.280,
						0.785 -0.350 0.280,
						0.960 -0.350 0.280,
						0.950 -0.400 0.280,
						0.960 -0.400 0.280
					]
				}
				coordIndex
				[
					0, 1, 2, -1,
					2, 1, 3, -1,
					4, 5, 1, -1,
					1, 5, 3, -1
				]
				normal Normal
				{
					vector
					[
						0.000 0.000 1.000
					]
				}
				normalIndex
				[
					0, 0, 0, -1,
					0, 0, 0, -1,
					0, 0, 0, -1,
					0, 0, 0, -1
				]
			}
		}
		Shape
		{
			appearance Appearance
			{
				material Material
				{
					diffuseColor 0.592 0.667 0.682
				}
			}
			geometry IndexedFaceSet
			{
				creaseAngle 0.5
				solid TRUE
				coord Coordinate
				{
					point
					[
						0.960 0.350 0.380,
						0.960 0.400 0.380,
						0.960 0.350 0.280,
						0.960 0.400 0.280
					]
				}
				coordIndex
				[
					0, 1, 2, -1,
					2, 1, 3, -1
				]
				normal Normal
				{
					vector
					[
						-1.000 -0.000 -0.000
					]
				}
				normalIndex
				[
					0, 0, 0, -1,
					0, 0, 0, -1
				]
			}
		}
		Shape
		{
			appearance Appearance
			{
				material Material
				{
					diffuseColor 0.592 0.667 0.682
				}
			}
			geometry IndexedFaceSet
			{
				creaseAngle 0.5
				solid TRUE
				coord Coordinate
				{
					point
					[
						0.950 0.400 0.280,
						0.950 0.370 0.280,
						0.960 0.400 0.280,
						0.960 0.350 0.280,
						0.785 0.370 0.280,
						0.785 0.350 0.280
					]
				}
				coordIndex
				[
					0, 1, 2, -1,
					2, 1, 3, -1,
					4, 5, 1, -1,
					1, 5, 3, -1
				]
				normal Normal
				{
					vector
					[
						0.000 0.000 1.000
					]
				}
				normalIndex
				[
					0, 0, 0, -1,
					0, 0, 0, -1,
					0, 0, 0, -1,
					0, 0, 0, -1
				]
			}
		}
		Shape
		{
			appearance Appearance
			{
				material Material
				{
					diffuseColor 0.592 0.667 0.682
				}
			}
			geometry IndexedFaceSet
			{
				creaseAngle 0.5
				solid TRUE
				coord Coordinate
				{
					point
					[
						1.275 -0.110 0.180,
						1.275 -0.540 0.180,
						1.355 -0.490 0.180,
						1.305 -0.540 0.180,
						1.353 -0.503 0.180,
						1.348 -0.515 0.180,
						1.318 -0.538 0.180,
						1.330 -0.533 0.180,
						1.340 -0.525 0.180,
						1.355 -0.110 0.180
					]
				}
				coordIndex
				[
					0, 1, 2, -1,
					2, 1, 3, -1,
					2, 3, 4, -1,
					4, 3, 5, -1,
					6, 7, 3, -1,
					3, 7, 8, -1,
					3, 8, 5, -1,
					2, 9, 0, -1
				]
				normal Normal
				{
					vector
					[
						-0.000 -0.000 1.000
					]
				}
				normalIndex
				[
					0, 0, 0, -1,
					0, 0, 0, -1,
					0, 0, 0, -1,
					0, 0, 0, -1,
					0, 0, 0, -1,
					0, 0, 0, -1,
					0, 0, 0, -1,
					0, 0, 0, -1
				]
			}
		}
		Shape
		{
			appearance Appearance
			{
				material Material
				{
					diffuseColor 0.592 0.667 0.682
				}
			}
			geometry IndexedFaceSet
			{
				creaseAngle 0.5
				solid TRUE
				coord Coordinate
				{
					point
					[
						1.275 -0.110 0.050,
						1.275 -0.110 0.180,
						1.355 -0.110 0.050,
						1.355 -0.110 0.180
					]
				}
				coordIndex
				[
					0, 1, 2, -1,
					2, 1, 3, -1
				]
				normal Normal
				{
					vector
					[
						-0.000 1.000 0.000
					]
				}
				normalIndex
				[
					0, 0, 0, -1,
					0, 0, 0, -1
				]
			}
		}
		Shape
		{
			appearance Appearance
			{
				material Material
				{
					diffuseColor 0.592 0.667 0.682
				}
			}
			geometry IndexedFaceSet
			{
				creaseAngle 0.5
				solid TRUE
				coord Coordinate
				{
					point
					[
						1.355 0.110 0.050,
						1.355 0.110 0.180,
						1.275 0.110 0.050,
						1.275 0.110 0.180
					]
				}
				coordIndex
				[
					0, 1, 2, -1,
					2, 1, 3, -1
				]
				normal Normal
				{
					vector
					[
						-0.000 -1.000 0.000
					]
				}
				normalIndex
				[
					0, 0, 0, -1,
					0, 0, 0, -1
				]
			}
		}
		Shape
		{
			appearance Appearance
			{
				material Material
				{
					diffuseColor 0.592 0.667 0.682
				}
			}
			geometry IndexedFaceSet
			{
				creaseAngle 0.5
				solid TRUE
				coord Coordinate
				{
					point
					[
						1.355 0.110 0.180,
						1.355 0.490 0.180,
						1.275 0.110 0.180,
						1.275 0.540 0.180,
						1.353 0.503 0.180,
						1.348 0.515 0.180,
						1.340 0.525 0.180,
						1.330 0.533 0.180,
						1.318 0.538 0.180,
						1.305 0.540 0.180
					]
				}
				coordIndex
				[
					0, 1, 2, -1,
					2, 1, 3, -1,
					4, 5, 1, -1,
					1, 5, 6, -1,
					1, 6, 7, -1,
					7, 8, 1, -1,
					1, 8, 9, -1,
					1, 9, 3, -1
				]
				normal Normal
				{
					vector
					[
						-0.000 0.000 1.000
					]
				}
				normalIndex
				[
					0, 0, 0, -1,
					0, 0, 0, -1,
					0, 0, 0, -1,
					0, 0, 0, -1,
					0, 0, 0, -1,
					0, 0, 0, -1,
					0, 0, 0, -1,
					0, 0, 0, -1
				]
			}
		}
		Shape
		{
			appearance Appearance
			{
				material Material
				{
					diffuseColor 0.592 0.667 0.682
				}
			}
			geometry IndexedFaceSet
			{
				creaseAngle 0.5
				solid TRUE
				coord Coordinate
				{
					point
					[
						1.225 -0.520 0.380,
						1.226 -0.512 0.380,
						1.225 -0.520 0.440,
						1.226 -0.512 0.440,
						1.229 -0.505 0.440,
						1.229 -0.505 0.380,
						1.234 -0.499 0.380,
						1.234 -0.499 0.440,
						1.240 -0.494 0.380,
						1.240 -0.494 0.440,
						1.247 -0.491 0.380,
						1.247 -0.491 0.440,
						1.255 -0.490 0.440,
						1.255 -0.490 0.380
					]
				}
				coordIndex
				[
					0, 1, 2, -1,
					2, 1, 3, -1,
					3, 1, 4, -1,
					4, 1, 5, -1,
					4, 5, 6, -1,
					4, 6, 7, -1,
					7, 6, 8, -1,
					7, 8, 9, -1,
					9, 8, 10, -1,
					9, 10, 11, -1,
					11, 10, 12, -1,
					10, 13, 12, -1
				]
				normal Normal
				{
					vector
					[
						1.000 -0.000 -0.000,
						0.966 -0.259 -0.000,
						0.866 -0.500 -0.000,
						0.707 -0.707 -0.000,
						0.500 -0.866 -0.000,
						0.259 -0.966 -0.000,
						-0.000 -1.000 -0.000
					]
				}
				normalIndex
				[
					0, 1, 0, -1,
					0, 1, 1, -1,
					1, 1, 2, -1,
					2, 1, 2, -1,
					2, 2, 3, -1,
					2, 3, 3, -1,
					3, 3, 4, -1,
					3, 4, 4, -1,
					4, 4, 5, -1,
					4, 5, 5, -1,
					5, 5, 6, -1,
					5, 6, 6, -1
				]
			}
		}
		Shape
		{
			appearance Appearance
			{
				material Material
				{
					diffuseColor 0.592 0.667 0.682
				}
			}
			geometry IndexedFaceSet
			{
				creaseAngle 0.5
				solid TRUE
				coord Coordinate
				{
					point
					[
						1.255 0.490 0.440,
						1.255 0.490 0.380,
						1.247 0.491 0.440,
						1.247 0.491 0.380,
						1.240 0.494 0.380,
						1.240 0.494 0.440,
						1.234 0.499 0.380,
						1.234 0.499 0.440,
						1.229 0.505 0.380,
						1.229 0.505 0.440,
						1.226 0.512 0.440,
						1.226 0.512 0.380,
						1.225 0.520 0.380,
						1.225 0.520 0.440
					]
				}
				coordIndex
				[
					0, 1, 2, -1,
					2, 1, 3, -1,
					2, 3, 4, -1,
					2, 4, 5, -1,
					5, 4, 6, -1,
					5, 6, 7, -1,
					7, 6, 8, -1,
					7, 8, 9, -1,
					9, 8, 10, -1,
					8, 11, 10, -1,
					10, 11, 12, -1,
					10, 12, 13, -1
				]
				normal Normal
				{
					vector
					[
						-0.000 1.000 -0.000,
						0.259 0.966 -0.000,
						0.500 0.866 -0.000,
						0.707 0.707 -0.000,
						0.866 0.500 -0.000,
						0.966 0.259 -0.000,
						1.000 -0.000 -0.000
					]
				}
				normalIndex
				[
					0, 0, 1, -1,
					1, 0, 1, -1,
					1, 1, 2, -1,
					1, 2, 2, -1,
					2, 2, 3, -1,
					2, 3, 3, -1,
					3, 3, 4, -1,
					3, 4, 4, -1,
					4, 4, 5, -1,
					4, 5, 5, -1,
					5, 5, 6, -1,
					5, 6, 6, -1
				]
			}
		}
		Shape
		{
			appearance Appearance
			{
				material Material
				{
					diffuseColor 0.592 0.667 0.682
				}
			}
			geometry IndexedFaceSet
			{
				creaseAngle 0.5
				solid TRUE
				coord Coordinate
				{
					point
					[
						0.980 0.460 0.440,
						0.974 0.459 0.440,
						0.980 0.460 0.380,
						0.972 0.459 0.380,
						0.968 0.458 0.440,
						0.965 0.456 0.380,
						0.963 0.455 0.440,
						0.959 0.451 0.380,
						0.959 0.451 0.440,
						0.955 0.446 0.439,
						0.954 0.445 0.380,
						0.952 0.441 0.438,
						0.951 0.438 0.380,
						0.951 0.436 0.437,
						0.950 0.430 0.380,
						0.950 0.430 0.435
					]
				}
				coordIndex
				[
					0, 1, 2, -1,
					2, 1, 3, -1,
					1, 4, 3, -1,
					3, 4, 5, -1,
					4, 6, 5, -1,
					5, 6, 7, -1,
					6, 8, 7, -1,
					7, 8, 9, -1,
					7, 9, 10, -1,
					10, 9, 11, -1,
					10, 11, 12, -1,
					12, 11, 13, -1,
					12, 13, 14, -1,
					14, 13, 15, -1
				]
				normal Normal
				{
					vector
					[
						-0.000 -1.000 -0.000,
						0.198 -0.980 -0.000,
						0.259 -0.966 -0.000,
						0.388 -0.922 -0.000,
						0.500 -0.866 -0.000,
						0.562 -0.827 -0.000,
						0.707 -0.707 -0.000,
						0.713 -0.701 -0.000,
						0.836 -0.548 -0.000,
						0.866 -0.500 -0.000,
						0.927 -0.375 -0.000,
						0.966 -0.259 -0.000,
						0.982 -0.190 -0.000,
						1.000 -0.000 -0.000
					]
				}
				normalIndex
				[
					0, 1, 0, -1,
					0, 1, 2, -1,
					1, 3, 2, -1,
					2, 3, 4, -1,
					3, 5, 4, -1,
					4, 5, 6, -1,
					5, 7, 6, -1,
					6, 7, 8, -1,
					6, 8, 9, -1,
					9, 8, 10, -1,
					9, 10, 11, -1,
					11, 10, 12, -1,
					11, 12, 13, -1,
					13, 12, 13, -1
				]
			}
		}
		Shape
		{
			appearance Appearance
			{
				material Material
				{
					diffuseColor 0.592 0.667 0.682
				}
			}
			geometry IndexedFaceSet
			{
				creaseAngle 0.5
				solid TRUE
				coord Coordinate
				{
					point
					[
						0.980 0.460 0.380,
						1.035 0.460 0.380,
						0.980 0.460 0.440,
						1.035 0.460 0.440
					]
				}
				coordIndex
				[
					0, 1, 2, -1,
					2, 1, 3, -1
				]
				normal Normal
				{
					vector
					[
						0.000 -1.000 -0.000
					]
				}
				normalIndex
				[
					0, 0, 0, -1,
					0, 0, 0, -1
				]
			}
		}
		Shape
		{
			appearance Appearance
			{
				material Material
				{
					diffuseColor 0.592 0.667 0.682
				}
			}
			geometry IndexedFaceSet
			{
				creaseAngle 0.5
				solid TRUE
				coord Coordinate
				{
					point
					[
						1.035 0.460 0.380,
						1.043 0.459 0.380,
						1.035 0.460 0.440,
						1.043 0.459 0.440,
						1.050 0.456 0.380,
						1.050 0.456 0.440,
						1.056 0.451 0.440,
						1.056 0.451 0.380,
						1.061 0.445 0.380,
						1.061 0.445 0.440,
						1.064 0.438 0.380,
						1.064 0.438 0.440,
						1.065 0.430 0.440,
						1.065 0.430 0.380
					]
				}
				coordIndex
				[
					0, 1, 2, -1,
					2, 1, 3, -1,
					1, 4, 3, -1,
					3, 4, 5, -1,
					5, 4, 6, -1,
					6, 4, 7, -1,
					6, 7, 8, -1,
					6, 8, 9, -1,
					9, 8, 10, -1,
					9, 10, 11, -1,
					11, 10, 12, -1,
					10, 13, 12, -1
				]
				normal Normal
				{
					vector
					[
						-0.000 -1.000 -0.000,
						-0.259 -0.966 -0.000,
						-0.500 -0.866 -0.000,
						-0.707 -0.707 -0.000,
						-0.866 -0.500 -0.000,
						-0.966 -0.259 -0.000,
						-1.000 -0.000 -0.000
					]
				}
				normalIndex
				[
					0, 1, 0, -1,
					0, 1, 1, -1,
					1, 2, 1, -1,
					1, 2, 2, -1,
					2, 2, 3, -1,
					3, 2, 3, -1,
					3, 3, 4, -1,
					3, 4, 4, -1,
					4, 4, 5, -1,
					4, 5, 5, -1,
					5, 5, 6, -1,
					5, 6, 6, -1
				]
			}
		}
		Shape
		{
			appearance Appearance
			{
				material Material
				{
					diffuseColor 0.592 0.667 0.682
				}
			}
			geometry IndexedFaceSet
			{
				creaseAngle 0.5
				solid TRUE
				coord Coordinate
				{
					point
					[
						1.065 0.430 0.380,
						1.065 -0.430 0.380,
						1.065 0.430 0.440,
						1.065 -0.430 0.440
					]
				}
				coordIndex
				[
					0, 1, 2, -1,
					2, 1, 3, -1
				]
				normal Normal
				{
					vector
					[
						-1.000 -0.000 -0.000
					]
				}
				normalIndex
				[
					0, 0, 0, -1,
					0, 0, 0, -1
				]
			}
		}
		Shape
		{
			appearance Appearance
			{
				material Material
				{
					diffuseColor 0.592 0.667 0.682
				}
			}
			geometry IndexedFaceSet
			{
				creaseAngle 0.5
				solid TRUE
				coord Coordinate
				{
					point
					[
						1.065 -0.430 0.440,
						1.065 -0.430 0.380,
						1.064 -0.438 0.440,
						1.064 -0.438 0.380,
						1.061 -0.445 0.380,
						1.061 -0.445 0.440,
						1.056 -0.451 0.380,
						1.056 -0.451 0.440,
						1.050 -0.456 0.440,
						1.050 -0.456 0.380,
						1.043 -0.459 0.380,
						1.043 -0.459 0.440,
						1.035 -0.460 0.380,
						1.035 -0.460 0.440
					]
				}
				coordIndex
				[
					0, 1, 2, -1,
					2, 1, 3, -1,
					2, 3, 4, -1,
					2, 4, 5, -1,
					5, 4, 6, -1,
					5, 6, 7, -1,
					7, 6, 8, -1,
					6, 9, 8, -1,
					8, 9, 10, -1,
					8, 10, 11, -1,
					11, 10, 12, -1,
					11, 12, 13, -1
				]
				normal Normal
				{
					vector
					[
						-1.000 -0.000 -0.000,
						-0.966 0.259 -0.000,
						-0.866 0.500 -0.000,
						-0.707 0.707 -0.000,
						-0.500 0.866 -0.000,
						-0.259 0.966 -0.000,
						-0.000 1.000 -0.000
					]
				}
				normalIndex
				[
					0, 0, 1, -1,
					1, 0, 1, -1,
					1, 1, 2, -1,
					1, 2, 2, -1,
					2, 2, 3, -1,
					2, 3, 3, -1,
					3, 3, 4, -1,
					3, 4, 4, -1,
					4, 4, 5, -1,
					4, 5, 5, -1,
					5, 5, 6, -1,
					5, 6, 6, -1
				]
			}
		}
		Shape
		{
			appearance Appearance
			{
				material Material
				{
					diffuseColor 0.592 0.667 0.682
				}
			}
			geometry IndexedFaceSet
			{
				creaseAngle 0.5
				solid TRUE
				coord Coordinate
				{
					point
					[
						1.035 -0.460 0.440,
						1.035 -0.460 0.380,
						0.980 -0.460 0.440,
						0.980 -0.460 0.380
					]
				}
				coordIndex
				[
					0, 1, 2, -1,
					2, 1, 3, -1
				]
				normal Normal
				{
					vector
					[
						-0.000 1.000 -0.000
					]
				}
				normalIndex
				[
					0, 0, 0, -1,
					0, 0, 0, -1
				]
			}
		}
		Shape
		{
			appearance Appearance
			{
				material Material
				{
					diffuseColor 0.592 0.667 0.682
				}
			}
			geometry IndexedFaceSet
			{
				creaseAngle 0.5
				solid TRUE
				coord Coordinate
				{
					point
					[
						0.950 -0.430 0.435,
						0.951 -0.436 0.437,
						0.950 -0.430 0.380,
						0.951 -0.438 0.380,
						0.952 -0.441 0.438,
						0.954 -0.445 0.380,
						0.955 -0.446 0.439,
						0.959 -0.451 0.380,
						0.959 -0.451 0.440,
						0.963 -0.455 0.440,
						0.965 -0.456 0.380,
						0.968 -0.458 0.440,
						0.972 -0.459 0.380,
						0.974 -0.459 0.440,
						0.980 -0.460 0.380,
						0.980 -0.460 0.440
					]
				}
				coordIndex
				[
					0, 1, 2, -1,
					2, 1, 3, -1,
					1, 4, 3, -1,
					3, 4, 5, -1,
					4, 6, 5, -1,
					5, 6, 7, -1,
					6, 8, 7, -1,
					7, 8, 9, -1,
					7, 9, 10, -1,
					10, 9, 11, -1,
					10, 11, 12, -1,
					12, 11, 13, -1,
					12, 13, 14, -1,
					14, 13, 15, -1
				]
				normal Normal
				{
					vector
					[
						1.000 -0.000 -0.000,
						0.982 0.189 -0.000,
						0.966 0.259 -0.000,
						0.927 0.375 -0.000,
						0.866 0.500 -0.000,
						0.837 0.548 -0.000,
						0.707 0.707 -0.000,
						0.714 0.700 -0.000,
						0.562 0.827 -0.000,
						0.500 0.866 -0.000,
						0.388 0.922 -0.000,
						0.259 0.966 -0.000,
						0.198 0.980 -0.000,
						-0.000 1.000 -0.000
					]
				}
				normalIndex
				[
					0, 1, 0, -1,
					0, 1, 2, -1,
					1, 3, 2, -1,
					2, 3, 4, -1,
					3, 5, 4, -1,
					4, 5, 6, -1,
					5, 7, 6, -1,
					6, 7, 8, -1,
					6, 8, 9, -1,
					9, 8, 10, -1,
					9, 10, 11, -1,
					11, 10, 12, -1,
					11, 12, 13, -1,
					13, 12, 13, -1
				]
			}
		}
		Shape
		{
			appearance Appearance
			{
				material Material
				{
					diffuseColor 0.592 0.667 0.682
				}
			}
			geometry IndexedFaceSet
			{
				creaseAngle 0.5
				solid TRUE
				coord Coordinate
				{
					point
					[
						0.785 -0.543 0.437,
						0.785 -0.520 0.440,
						0.785 -0.540 0.380,
						0.785 -0.460 0.440,
						0.785 -0.438 0.437,
						0.785 -0.417 0.429,
						0.785 -0.399 0.417,
						0.785 -0.385 0.400,
						0.785 -0.375 0.380,
						0.785 -0.540 0.125,
						0.785 -0.610 0.350,
						0.785 -0.607 0.373,
						0.785 -0.598 0.395,
						0.785 -0.610 0.125,
						0.785 -0.584 0.414,
						0.785 -0.565 0.428
					]
				}
				coordIndex
				[
					0, 1, 2, -1,
					2, 1, 3, -1,
					2, 3, 4, -1,
					4, 5, 2, -1,
					2, 5, 6, -1,
					2, 6, 7, -1,
					7, 8, 2, -1,
					9, 10, 2, -1,
					2, 10, 11, -1,
					2, 11, 12, -1,
					9, 13, 10, -1,
					12, 14, 2, -1,
					2, 14, 15, -1,
					2, 15, 0, -1
				]
				normal Normal
				{
					vector
					[
						-1.000 -0.000 -0.000
					]
				}
				normalIndex
				[
					0, 0, 0, -1,
					0, 0, 0, -1,
					0, 0, 0, -1,
					0, 0, 0, -1,
					0, 0, 0, -1,
					0, 0, 0, -1,
					0, 0, 0, -1,
					0, 0, 0, -1,
					0, 0, 0, -1,
					0, 0, 0, -1,
					0, 0, 0, -1,
					0, 0, 0, -1,
					0, 0, 0, -1,
					0, 0, 0, -1
				]
			}
		}
		Shape
		{
			appearance Appearance
			{
				material Material
				{
					diffuseColor 0.592 0.667 0.682
				}
			}
			geometry IndexedFaceSet
			{
				creaseAngle 0.5
				solid TRUE
				coord Coordinate
				{
					point
					[
						1.225 -0.520 0.440,
						1.225 -0.543 0.437,
						1.225 -0.520 0.380,
						1.225 -0.540 0.380,
						1.225 -0.565 0.428,
						1.225 -0.584 0.414,
						1.225 -0.598 0.395,
						1.225 -0.607 0.373,
						1.225 -0.610 0.350,
						1.225 -0.540 0.100,
						1.225 -0.610 0.100
					]
				}
				coordIndex
				[
					0, 1, 2, -1,
					2, 1, 3, -1,
					1, 4, 3, -1,
					3, 4, 5, -1,
					3, 5, 6, -1,
					6, 7, 3, -1,
					3, 7, 8, -1,
					3, 8, 9, -1,
					9, 8, 10, -1
				]
				normal Normal
				{
					vector
					[
						1.000 -0.000 -0.000
					]
				}
				normalIndex
				[
					0, 0, 0, -1,
					0, 0, 0, -1,
					0, 0, 0, -1,
					0, 0, 0, -1,
					0, 0, 0, -1,
					0, 0, 0, -1,
					0, 0, 0, -1,
					0, 0, 0, -1,
					0, 0, 0, -1
				]
			}
		}
		Shape
		{
			appearance Appearance
			{
				material Material
				{
					diffuseColor 0.592 0.667 0.682
				}
			}
			geometry IndexedFaceSet
			{
				creaseAngle 0.5
				solid TRUE
				coord Coordinate
				{
					point
					[
						1.225 0.610 0.100,
						1.225 0.610 0.350,
						1.225 0.540 0.100,
						1.225 0.540 0.380,
						1.225 0.607 0.373,
						1.225 0.598 0.395,
						1.225 0.584 0.414,
						1.225 0.565 0.428,
						1.225 0.543 0.437,
						1.225 0.520 0.380,
						1.225 0.520 0.440
					]
				}
				coordIndex
				[
					0, 1, 2, -1,
					2, 1, 3, -1,
					1, 4, 3, -1,
					3, 4, 5, -1,
					3, 5, 6, -1,
					6, 7, 3, -1,
					3, 7, 8, -1,
					3, 8, 9, -1,
					9, 8, 10, -1
				]
				normal Normal
				{
					vector
					[
						1.000 -0.000 -0.000
					]
				}
				normalIndex
				[
					0, 0, 0, -1,
					0, 0, 0, -1,
					0, 0, 0, -1,
					0, 0, 0, -1,
					0, 0, 0, -1,
					0, 0, 0, -1,
					0, 0, 0, -1,
					0, 0, 0, -1,
					0, 0, 0, -1
				]
			}
		}
		Shape
		{
			appearance Appearance
			{
				material Material
				{
					diffuseColor 0.592 0.667 0.682
				}
			}
			geometry IndexedFaceSet
			{
				creaseAngle 0.5
				solid TRUE
				coord Coordinate
				{
					point
					[
						0.785 0.375 0.380,
						0.785 0.385 0.400,
						0.785 0.540 0.380,
						0.785 0.399 0.417,
						0.785 0.417 0.429,
						0.785 0.438 0.437,
						0.785 0.460 0.440,
						0.785 0.520 0.440,
						0.785 0.543 0.437,
						0.785 0.565 0.428,
						0.785 0.584 0.414,
						0.785 0.598 0.395,
						0.785 0.607 0.373,
						0.785 0.610 0.350,
						0.785 0.610 0.125,
						0.785 0.540 0.125
					]
				}
				coordIndex
				[
					0, 1, 2, -1,
					2, 1, 3, -1,
					2, 3, 4, -1,
					4, 5, 2, -1,
					2, 5, 6, -1,
					2, 6, 7, -1,
					7, 8, 2, -1,
					2, 8, 9, -1,
					2, 9, 10, -1,
					10, 11, 2, -1,
					2, 11, 12, -1,
					2, 12, 13, -1,
					14, 15, 13, -1,
					13, 15, 2, -1
				]
				normal Normal
				{
					vector
					[
						-1.000 -0.000 -0.000
					]
				}
				normalIndex
				[
					0, 0, 0, -1,
					0, 0, 0, -1,
					0, 0, 0, -1,
					0, 0, 0, -1,
					0, 0, 0, -1,
					0, 0, 0, -1,
					0, 0, 0, -1,
					0, 0, 0, -1,
					0, 0, 0, -1,
					0, 0, 0, -1,
					0, 0, 0, -1,
					0, 0, 0, -1,
					0, 0, 0, -1,
					0, 0, 0, -1
				]
			}
		}
		Shape
		{
			appearance Appearance
			{
				material Material
				{
					diffuseColor 0.592 0.667 0.682
				}
			}
			geometry IndexedFaceSet
			{
				creaseAngle 0.5
				solid TRUE
				coord Coordinate
				{
					point
					[
						0.950 -0.370 0.280,
						0.950 -0.370 0.350,
						0.950 -0.400 0.280,
						0.950 -0.400 0.380,
						0.950 -0.373 0.372,
						0.950 -0.381 0.393,
						0.950 -0.393 0.411,
						0.950 -0.430 0.380,
						0.950 -0.410 0.425,
						0.950 -0.430 0.435
					]
				}
				coordIndex
				[
					0, 1, 2, -1,
					2, 1, 3, -1,
					1, 4, 3, -1,
					3, 4, 5, -1,
					3, 5, 6, -1,
					3, 6, 7, -1,
					7, 6, 8, -1,
					7, 8, 9, -1
				]
				normal Normal
				{
					vector
					[
						1.000 -0.000 -0.000
					]
				}
				normalIndex
				[
					0, 0, 0, -1,
					0, 0, 0, -1,
					0, 0, 0, -1,
					0, 0, 0, -1,
					0, 0, 0, -1,
					0, 0, 0, -1,
					0, 0, 0, -1,
					0, 0, 0, -1
				]
			}
		}
		Shape
		{
			appearance Appearance
			{
				material Material
				{
					diffuseColor 0.592 0.667 0.682
				}
			}
			geometry IndexedFaceSet
			{
				creaseAngle 0.5
				solid TRUE
				coord Coordinate
				{
					point
					[
						0.950 0.430 0.435,
						0.950 0.410 0.425,
						0.950 0.430 0.380,
						0.950 0.393 0.411,
						0.950 0.400 0.380,
						0.950 0.381 0.393,
						0.950 0.373 0.372,
						0.950 0.370 0.350,
						0.950 0.400 0.280,
						0.950 0.370 0.280
					]
				}
				coordIndex
				[
					0, 1, 2, -1,
					2, 1, 3, -1,
					2, 3, 4, -1,
					4, 3, 5, -1,
					4, 5, 6, -1,
					6, 7, 4, -1,
					4, 7, 8, -1,
					7, 9, 8, -1
				]
				normal Normal
				{
					vector
					[
						1.000 -0.000 -0.000
					]
				}
				normalIndex
				[
					0, 0, 0, -1,
					0, 0, 0, -1,
					0, 0, 0, -1,
					0, 0, 0, -1,
					0, 0, 0, -1,
					0, 0, 0, -1,
					0, 0, 0, -1,
					0, 0, 0, -1
				]
			}
		}
		Shape
		{
			appearance Appearance
			{
				material Material
				{
					diffuseColor 0.592 0.667 0.682
				}
			}
			geometry IndexedFaceSet
			{
				creaseAngle 0.5
				solid TRUE
				coord Coordinate
				{
					point
					[
						1.345 -0.490 0.200,
						1.345 -0.490 0.350,
						1.275 -0.490 0.200,
						1.275 -0.490 0.380,
						1.342 -0.490 0.373,
						1.333 -0.490 0.395,
						1.319 -0.490 0.414,
						1.300 -0.490 0.428,
						1.278 -0.490 0.437,
						1.255 -0.490 0.380,
						1.255 -0.490 0.440
					]
				}
				coordIndex
				[
					0, 1, 2, -1,
					2, 1, 3, -1,
					1, 4, 3, -1,
					3, 4, 5, -1,
					3, 5, 6, -1,
					6, 7, 3, -1,
					3, 7, 8, -1,
					3, 8, 9, -1,
					9, 8, 10, -1
				]
				normal Normal
				{
					vector
					[
						0.000 -1.000 -0.000
					]
				}
				normalIndex
				[
					0, 0, 0, -1,
					0, 0, 0, -1,
					0, 0, 0, -1,
					0, 0, 0, -1,
					0, 0, 0, -1,
					0, 0, 0, -1,
					0, 0, 0, -1,
					0, 0, 0, -1,
					0, 0, 0, -1
				]
			}
		}
		Shape
		{
			appearance Appearance
			{
				material Material
				{
					diffuseColor 0.592 0.667 0.682
				}
			}
			geometry IndexedFaceSet
			{
				creaseAngle 0.5
				solid TRUE
				coord Coordinate
				{
					point
					[
						1.255 0.490 0.440,
						1.278 0.490 0.437,
						1.255 0.490 0.380,
						1.275 0.490 0.380,
						1.300 0.490 0.428,
						1.319 0.490 0.414,
						1.333 0.490 0.395,
						1.342 0.490 0.373,
						1.345 0.490 0.350,
						1.275 0.490 0.200,
						1.345 0.490 0.200
					]
				}
				coordIndex
				[
					0, 1, 2, -1,
					2, 1, 3, -1,
					1, 4, 3, -1,
					3, 4, 5, -1,
					3, 5, 6, -1,
					6, 7, 3, -1,
					3, 7, 8, -1,
					3, 8, 9, -1,
					9, 8, 10, -1
				]
				normal Normal
				{
					vector
					[
						-0.000 1.000 -0.000
					]
				}
				normalIndex
				[
					0, 0, 0, -1,
					0, 0, 0, -1,
					0, 0, 0, -1,
					0, 0, 0, -1,
					0, 0, 0, -1,
					0, 0, 0, -1,
					0, 0, 0, -1,
					0, 0, 0, -1,
					0, 0, 0, -1
				]
			}
		}
		Shape
		{
			appearance Appearance
			{
				material Material
				{
					diffuseColor 0.592 0.667 0.682
				}
			}
			geometry IndexedFaceSet
			{
				creaseAngle 0.5
				solid TRUE
				coord Coordinate
				{
					point
					[
						1.345 0.490 0.200,
						1.345 0.490 0.350,
						1.345 0.090 0.200,
						1.345 -0.490 0.350,
						1.345 -0.090 0.200,
						1.345 -0.490 0.200,
						1.345 -0.090 0.070,
						1.345 0.090 0.070
					]
				}
				coordIndex
				[
					0, 1, 2, -1,
					2, 1, 3, -1,
					2, 3, 4, -1,
					4, 3, 5, -1,
					4, 6, 2, -1,
					2, 6, 7, -1
				]
				normal Normal
				{
					vector
					[
						1.000 -0.000 -0.000
					]
				}
				normalIndex
				[
					0, 0, 0, -1,
					0, 0, 0, -1,
					0, 0, 0, -1,
					0, 0, 0, -1,
					0, 0, 0, -1,
					0, 0, 0, -1
				]
			}
		}
		Shape
		{
			appearance Appearance
			{
				material Material
				{
					diffuseColor 0.592 0.667 0.682
				}
			}
			geometry IndexedFaceSet
			{
				creaseAngle 0.5
				solid TRUE
				coord Coordinate
				{
					point
					[
						0.825 0.610 0.085,
						0.785 0.610 0.125,
						0.975 0.610 0.100,
						0.785 0.610 0.350,
						1.225 0.610 0.350,
						1.225 0.610 0.100,
						0.975 0.610 0.070,
						0.825 0.610 0.070
					]
				}
				coordIndex
				[
					0, 1, 2, -1,
					2, 1, 3, -1,
					2, 3, 4, -1,
					4, 5, 2, -1,
					2, 6, 0, -1,
					0, 6, 7, -1
				]
				normal Normal
				{
					vector
					[
						-0.000 1.000 -0.000
					]
				}
				normalIndex
				[
					0, 0, 0, -1,
					0, 0, 0, -1,
					0, 0, 0, -1,
					0, 0, 0, -1,
					0, 0, 0, -1,
					0, 0, 0, -1
				]
			}
		}
		Shape
		{
			appearance Appearance
			{
				material Material
				{
					diffuseColor 0.592 0.667 0.682
				}
			}
			geometry IndexedFaceSet
			{
				creaseAngle 0.5
				solid TRUE
				coord Coordinate
				{
					point
					[
						0.950 0.370 0.350,
						0.785 0.370 0.350,
						0.950 0.370 0.280,
						0.785 0.370 0.280
					]
				}
				coordIndex
				[
					0, 1, 2, -1,
					2, 1, 3, -1
				]
				normal Normal
				{
					vector
					[
						0.000 -1.000 -0.000
					]
				}
				normalIndex
				[
					0, 0, 0, -1,
					0, 0, 0, -1
				]
			}
		}
		Shape
		{
			appearance Appearance
			{
				material Material
				{
					diffuseColor 0.592 0.667 0.682
				}
			}
			geometry IndexedFaceSet
			{
				creaseAngle 0.5
				solid TRUE
				coord Coordinate
				{
					point
					[
						0.785 -0.370 0.280,
						0.785 -0.370 0.350,
						0.950 -0.370 0.280,
						0.950 -0.370 0.350
					]
				}
				coordIndex
				[
					0, 1, 2, -1,
					2, 1, 3, -1
				]
				normal Normal
				{
					vector
					[
						-0.000 1.000 -0.000
					]
				}
				normalIndex
				[
					0, 0, 0, -1,
					0, 0, 0, -1
				]
			}
		}
		Shape
		{
			appearance Appearance
			{
				material Material
				{
					diffuseColor 0.592 0.667 0.682
				}
			}
			geometry IndexedFaceSet
			{
				creaseAngle 0.5
				solid TRUE
				coord Coordinate
				{
					point
					[
						0.785 0.460 0.440,
						0.980 0.460 0.440,
						0.785 0.520 0.440,
						1.225 0.520 0.440,
						1.035 0.460 0.440,
						1.043 0.459 0.440,
						1.050 0.456 0.440,
						1.056 0.451 0.440,
						1.061 0.445 0.440,
						1.226 0.512 0.440,
						1.064 0.438 0.440,
						1.229 0.505 0.440,
						1.065 0.430 0.440,
						1.234 0.499 0.440,
						1.240 0.494 0.440,
						1.240 -0.494 0.440,
						1.247 -0.491 0.440,
						1.065 -0.430 0.440,
						1.255 -0.490 0.440,
						1.255 0.490 0.440,
						1.247 0.491 0.440,
						1.056 -0.451 0.440,
						1.225 -0.520 0.440,
						1.061 -0.445 0.440,
						1.226 -0.512 0.440,
						1.064 -0.438 0.440,
						1.229 -0.505 0.440,
						1.234 -0.499 0.440,
						1.050 -0.456 0.440,
						1.043 -0.459 0.440,
						1.035 -0.460 0.440,
						0.980 -0.460 0.440,
						0.785 -0.520 0.440,
						0.785 -0.460 0.440
					]
				}
				coordIndex
				[
					0, 1, 2, -1,
					2, 1, 3, -1,
					1, 4, 3, -1,
					3, 4, 5, -1,
					3, 5, 6, -1,
					6, 7, 3, -1,
					3, 7, 8, -1,
					3, 8, 9, -1,
					9, 8, 10, -1,
					9, 10, 11, -1,
					11, 10, 12, -1,
					11, 12, 13, -1,
					13, 12, 14, -1,
					15, 16, 17, -1,
					17, 16, 18, -1,
					17, 18, 12, -1,
					12, 18, 19, -1,
					12, 19, 20, -1,
					21, 22, 23, -1,
					23, 22, 24, -1,
					23, 24, 25, -1,
					25, 24, 26, -1,
					25, 26, 17, -1,
					17, 26, 27, -1,
					17, 27, 15, -1,
					21, 28, 22, -1,
					22, 28, 29, -1,
					22, 29, 30, -1,
					30, 31, 22, -1,
					22, 31, 32, -1,
					31, 33, 32, -1,
					20, 14, 12, -1
				]
				normal Normal
				{
					vector
					[
						-0.000 -0.000 1.000
					]
				}
				normalIndex
				[
					0, 0, 0, -1,
					0, 0, 0, -1,
					0, 0, 0, -1,
					0, 0, 0, -1,
					0, 0, 0, -1,
					0, 0, 0, -1,
					0, 0, 0, -1,
					0, 0, 0, -1,
					0, 0, 0, -1,
					0, 0, 0, -1,
					0, 0, 0, -1,
					0, 0, 0, -1,
					0, 0, 0, -1,
					0, 0, 0, -1,
					0, 0, 0, -1,
					0, 0, 0, -1,
					0, 0, 0, -1,
					0, 0, 0, -1,
					0, 0, 0, -1,
					0, 0, 0, -1,
					0, 0, 0, -1,
					0, 0, 0, -1,
					0, 0, 0, -1,
					0, 0, 0, -1,
					0, 0, 0, -1,
					0, 0, 0, -1,
					0, 0, 0, -1,
					0, 0, 0, -1,
					0, 0, 0, -1,
					0, 0, 0, -1,
					0, 0, 0, -1,
					0, 0, 0, -1
				]
			}
		}
		Shape
		{
			appearance Appearance
			{
				material Material
				{
					diffuseColor 0.592 0.667 0.682
				}
			}
			geometry IndexedFaceSet
			{
				creaseAngle 0.5
				solid TRUE
				coord Coordinate
				{
					point
					[
						0.785 -0.540 0.125,
						0.825 -0.540 0.085,
						0.785 -0.610 0.125,
						0.825 -0.610 0.085
					]
				}
				coordIndex
				[
					0, 1, 2, -1,
					2, 1, 3, -1
				]
				normal Normal
				{
					vector
					[
						-0.707 0.000 -0.707
					]
				}
				normalIndex
				[
					0, 0, 0, -1,
					0, 0, 0, -1
				]
			}
		}
		Shape
		{
			appearance Appearance
			{
				material Material
				{
					diffuseColor 0.592 0.667 0.682
				}
			}
			geometry IndexedFaceSet
			{
				creaseAngle 0.5
				solid TRUE
				coord Coordinate
				{
					point
					[
						0.825 -0.610 0.085,
						0.825 -0.540 0.085,
						0.825 -0.610 0.070,
						0.825 -0.611 0.062,
						0.825 -0.540 0.000,
						0.825 -0.583 0.000,
						0.825 -0.885 -0.020,
						0.825 -0.885 0.040,
						0.825 -0.640 -0.020,
						0.825 -0.640 0.040,
						0.825 -0.620 -0.018,
						0.825 -0.632 0.041,
						0.825 -0.601 -0.011,
						0.825 -0.625 0.044,
						0.825 -0.619 0.049,
						0.825 -0.614 0.055
					]
				}
				coordIndex
				[
					0, 1, 2, -1,
					2, 1, 3, -1,
					4, 5, 1, -1,
					1, 5, 3, -1,
					6, 7, 8, -1,
					8, 7, 9, -1,
					8, 9, 10, -1,
					10, 9, 11, -1,
					10, 11, 12, -1,
					12, 11, 13, -1,
					12, 13, 5, -1,
					5, 13, 14, -1,
					5, 14, 15, -1,
					15, 3, 5, -1
				]
				normal Normal
				{
					vector
					[
						-1.000 0.000 0.000
					]
				}
				normalIndex
				[
					0, 0, 0, -1,
					0, 0, 0, -1,
					0, 0, 0, -1,
					0, 0, 0, -1,
					0, 0, 0, -1,
					0, 0, 0, -1,
					0, 0, 0, -1,
					0, 0, 0, -1,
					0, 0, 0, -1,
					0, 0, 0, -1,
					0, 0, 0, -1,
					0, 0, 0, -1,
					0, 0, 0, -1,
					0, 0, 0, -1
				]
			}
		}
		Shape
		{
			appearance Appearance
			{
				material Material
				{
					diffuseColor 0.592 0.667 0.682
				}
			}
			geometry IndexedFaceSet
			{
				creaseAngle 0.5
				solid TRUE
				coord Coordinate
				{
					point
					[
						0.975 -0.610 0.100,
						0.975 -0.610 0.070,
						0.975 -0.540 0.100,
						0.975 -0.611 0.062,
						0.975 -0.540 0.000,
						0.975 -0.583 0.000,
						0.975 -0.614 0.055,
						0.975 -0.619 0.049,
						0.975 -0.625 0.044,
						0.975 -0.601 -0.011,
						0.975 -0.632 0.041,
						0.975 -0.620 -0.018,
						0.975 -0.640 0.040,
						0.975 -0.640 -0.020,
						0.975 -0.885 0.040,
						0.975 -0.885 -0.020
					]
				}
				coordIndex
				[
					0, 1, 2, -1,
					2, 1, 3, -1,
					2, 3, 4, -1,
					4, 3, 5, -1,
					3, 6, 5, -1,
					5, 6, 7, -1,
					5, 7, 8, -1,
					5, 8, 9, -1,
					9, 8, 10, -1,
					9, 10, 11, -1,
					11, 10, 12, -1,
					11, 12, 13, -1,
					13, 12, 14, -1,
					13, 14, 15, -1
				]
				normal Normal
				{
					vector
					[
						1.000 0.000 0.000
					]
				}
				normalIndex
				[
					0, 0, 0, -1,
					0, 0, 0, -1,
					0, 0, 0, -1,
					0, 0, 0, -1,
					0, 0, 0, -1,
					0, 0, 0, -1,
					0, 0, 0, -1,
					0, 0, 0, -1,
					0, 0, 0, -1,
					0, 0, 0, -1,
					0, 0, 0, -1,
					0, 0, 0, -1,
					0, 0, 0, -1,
					0, 0, 0, -1
				]
			}
		}
		Shape
		{
			appearance Appearance
			{
				material Material
				{
					diffuseColor 0.592 0.667 0.682
				}
			}
			geometry IndexedFaceSet
			{
				creaseAngle 0.5
				solid TRUE
				coord Coordinate
				{
					point
					[
						0.975 -0.540 0.100,
						1.225 -0.540 0.100,
						0.975 -0.610 0.100,
						1.225 -0.610 0.100
					]
				}
				coordIndex
				[
					0, 1, 2, -1,
					2, 1, 3, -1
				]
				normal Normal
				{
					vector
					[
						0.000 0.000 -1.000
					]
				}
				normalIndex
				[
					0, 0, 0, -1,
					0, 0, 0, -1
				]
			}
		}
		Shape
		{
			appearance Appearance
			{
				material Material
				{
					diffuseColor 0.592 0.667 0.682
				}
			}
			geometry IndexedFaceSet
			{
				creaseAngle 0.5
				solid TRUE
				coord Coordinate
				{
					point
					[
						0.785 0.540 0.125,
						0.785 0.610 0.125,
						0.825 0.540 0.085,
						0.825 0.610 0.085
					]
				}
				coordIndex
				[
					0, 1, 2, -1,
					2, 1, 3, -1
				]
				normal Normal
				{
					vector
					[
						-0.707 -0.000 -0.707
					]
				}
				normalIndex
				[
					0, 0, 0, -1,
					0, 0, 0, -1
				]
			}
		}
		Shape
		{
			appearance Appearance
			{
				material Material
				{
					diffuseColor 0.592 0.667 0.682
				}
			}
			geometry IndexedFaceSet
			{
				creaseAngle 0.5
				solid TRUE
				coord Coordinate
				{
					point
					[
						0.825 0.610 0.085,
						0.825 0.610 0.070,
						0.825 0.540 0.085,
						0.825 0.611 0.062,
						0.825 0.583 0.000,
						0.825 0.614 0.055,
						0.825 0.619 0.049,
						0.825 0.625 0.044,
						0.825 0.601 -0.011,
						0.825 0.632 0.041,
						0.825 0.620 -0.018,
						0.825 0.640 0.040,
						0.825 0.640 -0.020,
						0.825 0.885 0.040,
						0.825 0.885 -0.020,
						0.825 0.540 0.000
					]
				}
				coordIndex
				[
					0, 1, 2, -1,
					2, 1, 3, -1,
					2, 3, 4, -1,
					4, 3, 5, -1,
					4, 5, 6, -1,
					6, 7, 4, -1,
					4, 7, 8, -1,
					7, 9, 8, -1,
					8, 9, 10, -1,
					9, 11, 10, -1,
					10, 11, 12, -1,
					11, 13, 12, -1,
					12, 13, 14, -1,
					4, 15, 2, -1
				]
				normal Normal
				{
					vector
					[
						-1.000 -0.000 -0.000
					]
				}
				normalIndex
				[
					0, 0, 0, -1,
					0, 0, 0, -1,
					0, 0, 0, -1,
					0, 0, 0, -1,
					0, 0, 0, -1,
					0, 0, 0, -1,
					0, 0, 0, -1,
					0, 0, 0, -1,
					0, 0, 0, -1,
					0, 0, 0, -1,
					0, 0, 0, -1,
					0, 0, 0, -1,
					0, 0, 0, -1,
					0, 0, 0, -1
				]
			}
		}
		Shape
		{
			appearance Appearance
			{
				material Material
				{
					diffuseColor 0.592 0.667 0.682
				}
			}
			geometry IndexedFaceSet
			{
				creaseAngle 0.5
				solid TRUE
				coord Coordinate
				{
					point
					[
						0.975 0.540 0.100,
						0.975 0.540 0.000,
						0.975 0.611 0.062,
						0.975 0.583 0.000,
						0.975 0.614 0.055,
						0.975 0.619 0.049,
						0.975 0.625 0.044,
						0.975 0.601 -0.011,
						0.975 0.632 0.041,
						0.975 0.620 -0.018,
						0.975 0.640 0.040,
						0.975 0.640 -0.020,
						0.975 0.885 0.040,
						0.975 0.885 -0.020,
						0.975 0.610 0.070,
						0.975 0.610 0.100
					]
				}
				coordIndex
				[
					0, 1, 2, -1,
					2, 1, 3, -1,
					2, 3, 4, -1,
					4, 3, 5, -1,
					5, 3, 6, -1,
					6, 3, 7, -1,
					6, 7, 8, -1,
					8, 7, 9, -1,
					8, 9, 10, -1,
					10, 9, 11, -1,
					10, 11, 12, -1,
					12, 11, 13, -1,
					2, 14, 0, -1,
					0, 14, 15, -1
				]
				normal Normal
				{
					vector
					[
						1.000 -0.000 -0.000
					]
				}
				normalIndex
				[
					0, 0, 0, -1,
					0, 0, 0, -1,
					0, 0, 0, -1,
					0, 0, 0, -1,
					0, 0, 0, -1,
					0, 0, 0, -1,
					0, 0, 0, -1,
					0, 0, 0, -1,
					0, 0, 0, -1,
					0, 0, 0, -1,
					0, 0, 0, -1,
					0, 0, 0, -1,
					0, 0, 0, -1,
					0, 0, 0, -1
				]
			}
		}
		Shape
		{
			appearance Appearance
			{
				material Material
				{
					diffuseColor 0.592 0.667 0.682
				}
			}
			geometry IndexedFaceSet
			{
				creaseAngle 0.5
				solid TRUE
				coord Coordinate
				{
					point
					[
						0.975 0.540 0.100,
						0.975 0.610 0.100,
						1.225 0.540 0.100,
						1.225 0.610 0.100
					]
				}
				coordIndex
				[
					0, 1, 2, -1,
					2, 1, 3, -1
				]
				normal Normal
				{
					vector
					[
						-0.000 -0.000 -1.000
					]
				}
				normalIndex
				[
					0, 0, 0, -1,
					0, 0, 0, -1
				]
			}
		}
		Shape
		{
			appearance Appearance
			{
				material Material
				{
					diffuseColor 0.592 0.667 0.682
				}
			}
			geometry IndexedFaceSet
			{
				creaseAngle 0.5
				solid TRUE
				coord Coordinate
				{
					point
					[
						0.825 -0.583 0.000,
						0.975 -0.583 0.000,
						0.825 -0.601 -0.011,
						0.975 -0.601 -0.011,
						0.975 -0.620 -0.018,
						0.975 -0.640 -0.020,
						0.825 -0.640 -0.020,
						0.825 -0.620 -0.018
					]
				}
				coordIndex
				[
					0, 1, 2, -1,
					2, 1, 3, -1,
					2, 3, 4, -1,
					5, 6, 4, -1,
					4, 6, 7, -1,
					4, 7, 2, -1
				]
				normal Normal
				{
					vector
					[
						0.000 0.629 -0.778,
						0.000 0.438 -0.899,
						0.000 0.225 -0.974,
						0.000 0.000 -1.000
					]
				}
				normalIndex
				[
					0, 0, 1, -1,
					1, 0, 1, -1,
					1, 1, 2, -1,
					3, 3, 2, -1,
					2, 3, 2, -1,
					2, 2, 1, -1
				]
			}
		}
		Shape
		{
			appearance Appearance
			{
				material Material
				{
					diffuseColor 0.592 0.667 0.682
				}
			}
			geometry IndexedFaceSet
			{
				creaseAngle 0.5
				solid TRUE
				coord Coordinate
				{
					point
					[
						0.975 -0.885 -0.020,
						0.975 -0.885 0.040,
						0.825 -0.885 -0.020,
						0.825 -0.885 0.040
					]
				}
				coordIndex
				[
					0, 1, 2, -1,
					2, 1, 3, -1
				]
				normal Normal
				{
					vector
					[
						0.000 -1.000 0.000
					]
				}
				normalIndex
				[
					0, 0, 0, -1,
					0, 0, 0, -1
				]
			}
		}
		Shape
		{
			appearance Appearance
			{
				material Material
				{
					diffuseColor 0.592 0.667 0.682
				}
			}
			geometry IndexedFaceSet
			{
				creaseAngle 0.5
				solid TRUE
				coord Coordinate
				{
					point
					[
						0.975 -0.885 0.040,
						0.975 -0.640 0.040,
						0.825 -0.885 0.040,
						0.825 -0.640 0.040
					]
				}
				coordIndex
				[
					0, 1, 2, -1,
					2, 1, 3, -1
				]
				normal Normal
				{
					vector
					[
						0.000 -0.000 1.000
					]
				}
				normalIndex
				[
					0, 0, 0, -1,
					0, 0, 0, -1
				]
			}
		}
		Shape
		{
			appearance Appearance
			{
				material Material
				{
					diffuseColor 0.592 0.667 0.682
				}
			}
			geometry IndexedFaceSet
			{
				creaseAngle 0.5
				solid TRUE
				coord Coordinate
				{
					point
					[
						0.825 -0.640 0.040,
						0.975 -0.640 0.040,
						0.825 -0.632 0.041,
						0.975 -0.632 0.041,
						0.975 -0.625 0.044,
						0.825 -0.625 0.044,
						0.975 -0.619 0.049,
						0.825 -0.619 0.049,
						0.825 -0.614 0.055,
						0.975 -0.614 0.055,
						0.975 -0.611 0.062,
						0.825 -0.611 0.062,
						0.975 -0.610 0.070,
						0.825 -0.610 0.070
					]
				}
				coordIndex
				[
					0, 1, 2, -1,
					2, 1, 3, -1,
					2, 3, 4, -1,
					2, 4, 5, -1,
					5, 4, 6, -1,
					5, 6, 7, -1,
					7, 6, 8, -1,
					6, 9, 8, -1,
					8, 9, 10, -1,
					8, 10, 11, -1,
					11, 10, 12, -1,
					11, 12, 13, -1
				]
				normal Normal
				{
					vector
					[
						-0.000 -0.000 1.000,
						-0.000 -0.259 0.966,
						-0.000 -0.500 0.866,
						-0.000 -0.707 0.707,
						-0.000 -0.866 0.500,
						-0.000 -0.966 0.259,
						-0.000 -1.000 -0.000
					]
				}
				normalIndex
				[
					0, 0, 1, -1,
					1, 0, 1, -1,
					1, 1, 2, -1,
					1, 2, 2, -1,
					2, 2, 3, -1,
					2, 3, 3, -1,
					3, 3, 4, -1,
					3, 4, 4, -1,
					4, 4, 5, -1,
					4, 5, 5, -1,
					5, 5, 6, -1,
					5, 6, 6, -1
				]
			}
		}
		Shape
		{
			appearance Appearance
			{
				material Material
				{
					diffuseColor 0.592 0.667 0.682
				}
			}
			geometry IndexedFaceSet
			{
				creaseAngle 0.5
				solid TRUE
				coord Coordinate
				{
					point
					[
						0.975 -0.885 -0.020,
						0.825 -0.885 -0.020,
						0.975 -0.640 -0.020,
						0.825 -0.640 -0.020
					]
				}
				coordIndex
				[
					0, 1, 2, -1,
					2, 1, 3, -1
				]
				normal Normal
				{
					vector
					[
						0.000 0.000 -1.000
					]
				}
				normalIndex
				[
					0, 0, 0, -1,
					0, 0, 0, -1
				]
			}
		}
		Shape
		{
			appearance Appearance
			{
				material Material
				{
					diffuseColor 0.592 0.667 0.682
				}
			}
			geometry IndexedFaceSet
			{
				creaseAngle 0.5
				solid TRUE
				coord Coordinate
				{
					point
					[
						0.975 0.583 0.000,
						0.825 0.583 0.000,
						0.975 0.601 -0.011,
						0.825 0.601 -0.011,
						0.825 0.620 -0.018,
						0.825 0.640 -0.020,
						0.975 0.640 -0.020,
						0.975 0.620 -0.018
					]
				}
				coordIndex
				[
					0, 1, 2, -1,
					2, 1, 3, -1,
					2, 3, 4, -1,
					5, 6, 4, -1,
					4, 6, 7, -1,
					4, 7, 2, -1
				]
				normal Normal
				{
					vector
					[
						0.000 -0.629 -0.778,
						0.000 -0.438 -0.899,
						0.000 -0.225 -0.974,
						0.000 0.000 -1.000
					]
				}
				normalIndex
				[
					0, 0, 1, -1,
					1, 0, 1, -1,
					1, 1, 2, -1,
					3, 3, 2, -1,
					2, 3, 2, -1,
					2, 2, 1, -1
				]
			}
		}
		Shape
		{
			appearance Appearance
			{
				material Material
				{
					diffuseColor 0.592 0.667 0.682
				}
			}
			geometry IndexedFaceSet
			{
				creaseAngle 0.5
				solid TRUE
				coord Coordinate
				{
					point
					[
						0.975 0.610 0.070,
						0.975 0.611 0.062,
						0.825 0.610 0.070,
						0.825 0.611 0.062,
						0.975 0.614 0.055,
						0.825 0.614 0.055,
						0.825 0.619 0.049,
						0.975 0.619 0.049,
						0.975 0.625 0.044,
						0.825 0.625 0.044,
						0.975 0.632 0.041,
						0.825 0.632 0.041,
						0.825 0.640 0.040,
						0.975 0.640 0.040
					]
				}
				coordIndex
				[
					0, 1, 2, -1,
					2, 1, 3, -1,
					1, 4, 3, -1,
					3, 4, 5, -1,
					5, 4, 6, -1,
					6, 4, 7, -1,
					6, 7, 8, -1,
					6, 8, 9, -1,
					9, 8, 10, -1,
					9, 10, 11, -1,
					11, 10, 12, -1,
					10, 13, 12, -1
				]
				normal Normal
				{
					vector
					[
						-0.000 1.000 -0.000,
						-0.000 0.966 0.259,
						-0.000 0.866 0.500,
						-0.000 0.707 0.707,
						-0.000 0.500 0.866,
						-0.000 0.259 0.966,
						-0.000 -0.000 1.000
					]
				}
				normalIndex
				[
					0, 1, 0, -1,
					0, 1, 1, -1,
					1, 2, 1, -1,
					1, 2, 2, -1,
					2, 2, 3, -1,
					3, 2, 3, -1,
					3, 3, 4, -1,
					3, 4, 4, -1,
					4, 4, 5, -1,
					4, 5, 5, -1,
					5, 5, 6, -1,
					5, 6, 6, -1
				]
			}
		}
		Shape
		{
			appearance Appearance
			{
				material Material
				{
					diffuseColor 0.592 0.667 0.682
				}
			}
			geometry IndexedFaceSet
			{
				creaseAngle 0.5
				solid TRUE
				coord Coordinate
				{
					point
					[
						0.975 0.640 0.040,
						0.975 0.885 0.040,
						0.825 0.640 0.040,
						0.825 0.885 0.040
					]
				}
				coordIndex
				[
					0, 1, 2, -1,
					2, 1, 3, -1
				]
				normal Normal
				{
					vector
					[
						0.000 0.000 1.000
					]
				}
				normalIndex
				[
					0, 0, 0, -1,
					0, 0, 0, -1
				]
			}
		}
		Shape
		{
			appearance Appearance
			{
				material Material
				{
					diffuseColor 0.592 0.667 0.682
				}
			}
			geometry IndexedFaceSet
			{
				creaseAngle 0.5
				solid TRUE
				coord Coordinate
				{
					point
					[
						0.975 0.885 -0.020,
						0.825 0.885 -0.020,
						0.975 0.885 0.040,
						0.825 0.885 0.040
					]
				}
				coordIndex
				[
					0, 1, 2, -1,
					2, 1, 3, -1
				]
				normal Normal
				{
					vector
					[
						-0.000 1.000 0.000
					]
				}
				normalIndex
				[
					0, 0, 0, -1,
					0, 0, 0, -1
				]
			}
		}
		Shape
		{
			appearance Appearance
			{
				material Material
				{
					diffuseColor 0.592 0.667 0.682
				}
			}
			geometry IndexedFaceSet
			{
				creaseAngle 0.5
				solid TRUE
				coord Coordinate
				{
					point
					[
						0.975 0.885 -0.020,
						0.975 0.640 -0.020,
						0.825 0.885 -0.020,
						0.825 0.640 -0.020
					]
				}
				coordIndex
				[
					0, 1, 2, -1,
					2, 1, 3, -1
				]
				normal Normal
				{
					vector
					[
						0.000 -0.000 -1.000
					]
				}
				normalIndex
				[
					0, 0, 0, -1,
					0, 0, 0, -1
				]
			}
		}
		Shape
		{
			appearance Appearance
			{
				material Material
				{
					diffuseColor 0.592 0.667 0.682
				}
			}
			geometry IndexedFaceSet
			{
				creaseAngle 0.5
				solid TRUE
				coord Coordinate
				{
					point
					[
						1.275 -0.490 0.200,
						1.275 -0.090 0.200,
						1.345 -0.490 0.200,
						1.345 -0.090 0.200
					]
				}
				coordIndex
				[
					0, 1, 2, -1,
					2, 1, 3, -1
				]
				normal Normal
				{
					vector
					[
						0.000 0.000 -1.000
					]
				}
				normalIndex
				[
					0, 0, 0, -1,
					0, 0, 0, -1
				]
			}
		}
		Shape
		{
			appearance Appearance
			{
				material Material
				{
					diffuseColor 0.592 0.667 0.682
				}
			}
			geometry IndexedFaceSet
			{
				creaseAngle 0.5
				solid TRUE
				coord Coordinate
				{
					point
					[
						1.275 -0.090 0.200,
						1.275 -0.090 0.070,
						1.345 -0.090 0.200,
						1.345 -0.090 0.070
					]
				}
				coordIndex
				[
					0, 1, 2, -1,
					2, 1, 3, -1
				]
				normal Normal
				{
					vector
					[
						0.000 -1.000 0.000
					]
				}
				normalIndex
				[
					0, 0, 0, -1,
					0, 0, 0, -1
				]
			}
		}
		Shape
		{
			appearance Appearance
			{
				material Material
				{
					diffuseColor 0.592 0.667 0.682
				}
			}
			geometry IndexedFaceSet
			{
				creaseAngle 0.5
				solid TRUE
				coord Coordinate
				{
					point
					[
						1.275 -0.090 0.070,
						1.275 0.090 0.070,
						1.345 -0.090 0.070,
						1.345 0.090 0.070
					]
				}
				coordIndex
				[
					0, 1, 2, -1,
					2, 1, 3, -1
				]
				normal Normal
				{
					vector
					[
						0.000 0.000 -1.000
					]
				}
				normalIndex
				[
					0, 0, 0, -1,
					0, 0, 0, -1
				]
			}
		}
		Shape
		{
			appearance Appearance
			{
				material Material
				{
					diffuseColor 0.592 0.667 0.682
				}
			}
			geometry IndexedFaceSet
			{
				creaseAngle 0.5
				solid TRUE
				coord Coordinate
				{
					point
					[
						1.275 0.090 0.200,
						1.345 0.090 0.200,
						1.275 0.090 0.070,
						1.345 0.090 0.070
					]
				}
				coordIndex
				[
					0, 1, 2, -1,
					2, 1, 3, -1
				]
				normal Normal
				{
					vector
					[
						-0.000 1.000 0.000
					]
				}
				normalIndex
				[
					0, 0, 0, -1,
					0, 0, 0, -1
				]
			}
		}
		Shape
		{
			appearance Appearance
			{
				material Material
				{
					diffuseColor 0.592 0.667 0.682
				}
			}
			geometry IndexedFaceSet
			{
				creaseAngle 0.5
				solid TRUE
				coord Coordinate
				{
					point
					[
						1.275 0.090 0.200,
						1.275 0.490 0.200,
						1.345 0.090 0.200,
						1.345 0.490 0.200
					]
				}
				coordIndex
				[
					0, 1, 2, -1,
					2, 1, 3, -1
				]
				normal Normal
				{
					vector
					[
						0.000 0.000 -1.000
					]
				}
				normalIndex
				[
					0, 0, 0, -1,
					0, 0, 0, -1
				]
			}
		}
		Shape
		{
			appearance Appearance
			{
				material Material
				{
					diffuseColor 0.592 0.667 0.682
				}
			}
			geometry IndexedFaceSet
			{
				creaseAngle 0.5
				solid TRUE
				coord Coordinate
				{
					point
					[
						1.305 -0.540 0.180,
						1.305 -0.540 -0.000,
						1.318 -0.538 0.180,
						1.318 -0.538 0.000,
						1.330 -0.533 0.000,
						1.330 -0.533 0.180,
						1.340 -0.525 0.000,
						1.340 -0.525 0.180,
						1.348 -0.515 0.180,
						1.348 -0.515 0.000,
						1.353 -0.503 0.000,
						1.353 -0.503 0.180,
						1.355 -0.490 0.000,
						1.355 -0.490 0.180
					]
				}
				coordIndex
				[
					0, 1, 2, -1,
					2, 1, 3, -1,
					2, 3, 4, -1,
					2, 4, 5, -1,
					5, 4, 6, -1,
					5, 6, 7, -1,
					7, 6, 8, -1,
					6, 9, 8, -1,
					8, 9, 10, -1,
					8, 10, 11, -1,
					11, 10, 12, -1,
					11, 12, 13, -1
				]
				normal Normal
				{
					vector
					[
						0.000 -1.000 -0.000,
						0.259 -0.966 -0.000,
						0.500 -0.866 -0.000,
						0.707 -0.707 -0.000,
						0.866 -0.500 -0.000,
						0.966 -0.259 -0.000,
						0.966 -0.259 0.000,
						1.000 0.000 0.000
					]
				}
				normalIndex
				[
					0, 0, 1, -1,
					1, 0, 1, -1,
					1, 1, 2, -1,
					1, 2, 2, -1,
					2, 2, 3, -1,
					2, 3, 3, -1,
					3, 3, 4, -1,
					3, 4, 4, -1,
					4, 4, 5, -1,
					4, 5, 6, -1,
					6, 5, 7, -1,
					6, 7, 7, -1
				]
			}
		}
		Shape
		{
			appearance Appearance
			{
				material Material
				{
					diffuseColor 0.592 0.667 0.682
				}
			}
			geometry IndexedFaceSet
			{
				creaseAngle 0.5
				solid TRUE
				coord Coordinate
				{
					point
					[
						1.305 0.540 0.000,
						1.305 0.540 0.180,
						1.318 0.538 0.000,
						1.318 0.538 0.180,
						1.330 0.533 0.180,
						1.330 0.533 0.000,
						1.340 0.525 0.180,
						1.340 0.525 0.000,
						1.348 0.515 0.180,
						1.348 0.515 0.000,
						1.353 0.503 0.000,
						1.353 0.503 0.180,
						1.355 0.490 0.180,
						1.355 0.490 0.000
					]
				}
				coordIndex
				[
					0, 1, 2, -1,
					2, 1, 3, -1,
					2, 3, 4, -1,
					2, 4, 5, -1,
					5, 4, 6, -1,
					5, 6, 7, -1,
					7, 6, 8, -1,
					7, 8, 9, -1,
					9, 8, 10, -1,
					8, 11, 10, -1,
					10, 11, 12, -1,
					10, 12, 13, -1
				]
				normal Normal
				{
					vector
					[
						0.000 1.000 0.000,
						0.259 0.966 0.000,
						0.500 0.866 0.000,
						0.707 0.707 0.000,
						0.866 0.500 0.000,
						0.966 0.259 0.000,
						1.000 0.000 0.000
					]
				}
				normalIndex
				[
					0, 0, 1, -1,
					1, 0, 1, -1,
					1, 1, 2, -1,
					1, 2, 2, -1,
					2, 2, 3, -1,
					2, 3, 3, -1,
					3, 3, 4, -1,
					3, 4, 4, -1,
					4, 4, 5, -1,
					4, 5, 5, -1,
					5, 5, 6, -1,
					5, 6, 6, -1
				]
			}
		}
		Shape
		{
			appearance Appearance
			{
				material Material
				{
					diffuseColor 0.592 0.667 0.682
				}
			}
			geometry IndexedFaceSet
			{
				creaseAngle 0.5
				solid TRUE
				coord Coordinate
				{
					point
					[
						0.785 0.372 0.370,
						0.950 0.373 0.372,
						0.785 0.375 0.380,
						0.950 0.381 0.393,
						0.785 0.385 0.400,
						0.950 0.393 0.411,
						0.785 0.399 0.417,
						0.950 0.410 0.425,
						0.785 0.417 0.429,
						0.950 0.430 0.435,
						0.785 0.438 0.437,
						0.951 0.436 0.437,
						0.952 0.441 0.438,
						0.785 0.371 0.360,
						0.950 0.370 0.350,
						0.785 0.370 0.350,
						0.955 0.446 0.439,
						0.785 0.460 0.440,
						0.959 0.451 0.440,
						0.963 0.455 0.440,
						0.968 0.458 0.440,
						0.974 0.459 0.440,
						0.980 0.460 0.440
					]
				}
				coordIndex
				[
					0, 1, 2, -1,
					2, 1, 3, -1,
					2, 3, 4, -1,
					4, 3, 5, -1,
					4, 5, 6, -1,
					6, 5, 7, -1,
					6, 7, 8, -1,
					8, 7, 9, -1,
					8, 9, 10, -1,
					10, 9, 11, -1,
					10, 11, 12, -1,
					0, 13, 1, -1,
					1, 13, 14, -1,
					13, 15, 14, -1,
					12, 16, 10, -1,
					10, 16, 17, -1,
					16, 18, 17, -1,
					17, 18, 19, -1,
					17, 19, 20, -1,
					20, 21, 17, -1,
					17, 21, 22, -1
				]
				normal Normal
				{
					vector
					[
						0.000 -0.974 0.225,
						-0.000 -0.970 0.244,
						0.000 -0.943 0.333,
						0.000 -0.881 0.473,
						-0.000 -0.833 0.553,
						0.000 -0.739 0.673,
						0.000 -0.673 0.739,
						-0.000 -0.553 0.833,
						0.000 -0.473 0.881,
						0.000 -0.333 0.943,
						-0.000 -0.244 0.970,
						0.000 -0.270 0.963,
						0.000 -0.209 0.978,
						0.000 -0.994 0.113,
						0.000 -1.000 0.000,
						0.000 -1.000 -0.000,
						0.000 -0.151 0.989,
						0.000 0.000 1.000,
						0.000 -0.100 0.995,
						0.000 -0.058 0.998,
						0.000 -0.026 1.000,
						-0.000 -0.007 1.000
					]
				}
				normalIndex
				[
					0, 1, 2, -1,
					2, 1, 3, -1,
					2, 3, 4, -1,
					4, 3, 5, -1,
					4, 5, 6, -1,
					6, 5, 7, -1,
					6, 7, 8, -1,
					8, 7, 9, -1,
					8, 9, 10, -1,
					10, 9, 11, -1,
					10, 11, 12, -1,
					0, 13, 1, -1,
					1, 13, 14, -1,
					13, 15, 14, -1,
					12, 16, 10, -1,
					10, 16, 17, -1,
					16, 18, 17, -1,
					17, 18, 19, -1,
					17, 19, 20, -1,
					20, 21, 17, -1,
					17, 21, 17, -1
				]
			}
		}
		Shape
		{
			appearance Appearance
			{
				material Material
				{
					diffuseColor 0.592 0.667 0.682
				}
			}
			geometry IndexedFaceSet
			{
				creaseAngle 0.5
				solid TRUE
				coord Coordinate
				{
					point
					[
						0.785 -0.371 0.360,
						0.785 -0.372 0.370,
						0.950 -0.373 0.372,
						0.785 -0.375 0.380,
						0.950 -0.381 0.393,
						0.785 -0.385 0.400,
						0.950 -0.393 0.411,
						0.785 -0.399 0.417,
						0.950 -0.410 0.425,
						0.785 -0.417 0.429,
						0.950 -0.430 0.435,
						0.785 -0.438 0.437,
						0.951 -0.436 0.437,
						0.952 -0.441 0.438,
						0.950 -0.370 0.350,
						0.785 -0.370 0.350,
						0.955 -0.446 0.439,
						0.785 -0.460 0.440,
						0.959 -0.451 0.440,
						0.963 -0.455 0.440,
						0.980 -0.460 0.440,
						0.974 -0.459 0.440,
						0.968 -0.458 0.440
					]
				}
				coordIndex
				[
					0, 1, 2, -1,
					2, 1, 3, -1,
					2, 3, 4, -1,
					4, 3, 5, -1,
					4, 5, 6, -1,
					6, 5, 7, -1,
					6, 7, 8, -1,
					8, 7, 9, -1,
					8, 9, 10, -1,
					10, 9, 11, -1,
					10, 11, 12, -1,
					12, 11, 13, -1,
					2, 14, 0, -1,
					0, 14, 15, -1,
					13, 11, 16, -1,
					16, 11, 17, -1,
					16, 17, 18, -1,
					18, 17, 19, -1,
					20, 21, 17, -1,
					17, 21, 22, -1,
					17, 22, 19, -1
				]
				normal Normal
				{
					vector
					[
						0.000 0.994 0.113,
						0.000 0.974 0.225,
						0.000 0.970 0.244,
						0.000 0.943 0.333,
						0.000 0.881 0.473,
						0.000 0.833 0.553,
						0.000 0.739 0.673,
						0.000 0.673 0.739,
						0.000 0.553 0.833,
						0.000 0.473 0.881,
						0.000 0.333 0.943,
						0.000 0.244 0.970,
						0.000 0.270 0.963,
						0.000 0.209 0.978,
						0.000 1.000 0.000,
						0.000 0.151 0.989,
						0.000 0.000 1.000,
						0.000 0.100 0.995,
						0.000 0.058 0.998,
						0.000 0.007 1.000,
						0.000 0.026 1.000
					]
				}
				normalIndex
				[
					0, 1, 2, -1,
					2, 1, 3, -1,
					2, 3, 4, -1,
					4, 3, 5, -1,
					4, 5, 6, -1,
					6, 5, 7, -1,
					6, 7, 8, -1,
					8, 7, 9, -1,
					8, 9, 10, -1,
					10, 9, 11, -1,
					10, 11, 12, -1,
					12, 11, 13, -1,
					2, 14, 0, -1,
					0, 14, 14, -1,
					13, 11, 15, -1,
					15, 11, 16, -1,
					15, 16, 17, -1,
					17, 16, 18, -1,
					16, 19, 16, -1,
					16, 19, 20, -1,
					16, 20, 18, -1
				]
			}
		}
		Shape
		{
			appearance Appearance
			{
				material Material
				{
					diffuseColor 0.592 0.667 0.682
				}
			}
			geometry IndexedFaceSet
			{
				creaseAngle 0.5
				solid TRUE
				coord Coordinate
				{
					point
					[
						1.225 -0.520 0.440,
						0.785 -0.520 0.440,
						1.225 -0.543 0.437,
						0.785 -0.543 0.437,
						0.785 -0.565 0.428,
						1.225 -0.565 0.428,
						0.785 -0.584 0.414,
						1.225 -0.584 0.414,
						1.225 -0.598 0.395,
						0.785 -0.598 0.395,
						0.785 -0.607 0.373,
						1.225 -0.607 0.373,
						0.785 -0.610 0.350,
						1.225 -0.610 0.350
					]
				}
				coordIndex
				[
					0, 1, 2, -1,
					2, 1, 3, -1,
					2, 3, 4, -1,
					2, 4, 5, -1,
					5, 4, 6, -1,
					5, 6, 7, -1,
					7, 6, 8, -1,
					6, 9, 8, -1,
					8, 9, 10, -1,
					8, 10, 11, -1,
					11, 10, 12, -1,
					11, 12, 13, -1
				]
				normal Normal
				{
					vector
					[
						0.000 0.000 1.000,
						0.000 -0.259 0.966,
						0.000 -0.500 0.866,
						0.000 -0.707 0.707,
						0.000 -0.866 0.500,
						0.000 -0.966 0.259,
						0.000 -1.000 0.000
					]
				}
				normalIndex
				[
					0, 0, 1, -1,
					1, 0, 1, -1,
					1, 1, 2, -1,
					1, 2, 2, -1,
					2, 2, 3, -1,
					2, 3, 3, -1,
					3, 3, 4, -1,
					3, 4, 4, -1,
					4, 4, 5, -1,
					4, 5, 5, -1,
					5, 5, 6, -1,
					5, 6, 6, -1
				]
			}
		}
		Shape
		{
			appearance Appearance
			{
				material Material
				{
					diffuseColor 0.592 0.667 0.682
				}
			}
			geometry IndexedFaceSet
			{
				creaseAngle 0.5
				solid TRUE
				coord Coordinate
				{
					point
					[
						1.225 0.520 0.440,
						1.225 0.543 0.437,
						0.785 0.520 0.440,
						0.785 0.543 0.437,
						0.785 0.565 0.428,
						1.225 0.565 0.428,
						1.225 0.584 0.414,
						0.785 0.584 0.414,
						1.225 0.598 0.395,
						0.785 0.598 0.395,
						1.225 0.607 0.373,
						0.785 0.607 0.373,
						0.785 0.610 0.350,
						1.225 0.610 0.350
					]
				}
				coordIndex
				[
					0, 1, 2, -1,
					2, 1, 3, -1,
					3, 1, 4, -1,
					4, 1, 5, -1,
					4, 5, 6, -1,
					4, 6, 7, -1,
					7, 6, 8, -1,
					7, 8, 9, -1,
					9, 8, 10, -1,
					9, 10, 11, -1,
					11, 10, 12, -1,
					10, 13, 12, -1
				]
				normal Normal
				{
					vector
					[
						0.000 0.000 1.000,
						0.000 0.259 0.966,
						0.000 0.500 0.866,
						0.000 0.707 0.707,
						0.000 0.866 0.500,
						0.000 0.966 0.259,
						0.000 1.000 0.000
					]
				}
				normalIndex
				[
					0, 1, 0, -1,
					0, 1, 1, -1,
					1, 1, 2, -1,
					2, 1, 2, -1,
					2, 2, 3, -1,
					2, 3, 3, -1,
					3, 3, 4, -1,
					3, 4, 4, -1,
					4, 4, 5, -1,
					4, 5, 5, -1,
					5, 5, 6, -1,
					5, 6, 6, -1
				]
			}
		}
		Shape
		{
			appearance Appearance
			{
				material Material
				{
					diffuseColor 0.592 0.667 0.682
				}
			}
			geometry IndexedFaceSet
			{
				creaseAngle 0.5
				solid TRUE
				coord Coordinate
				{
					point
					[
						1.255 -0.490 0.440,
						1.278 -0.490 0.437,
						1.255 0.490 0.440,
						1.278 0.490 0.437,
						1.300 0.490 0.428,
						1.300 -0.490 0.428,
						1.319 -0.490 0.414,
						1.319 0.490 0.414,
						1.333 -0.490 0.395,
						1.333 0.490 0.395,
						1.342 -0.490 0.373,
						1.342 0.490 0.373,
						1.345 0.490 0.350,
						1.345 -0.490 0.350
					]
				}
				coordIndex
				[
					0, 1, 2, -1,
					2, 1, 3, -1,
					3, 1, 4, -1,
					4, 1, 5, -1,
					4, 5, 6, -1,
					4, 6, 7, -1,
					7, 6, 8, -1,
					7, 8, 9, -1,
					9, 8, 10, -1,
					9, 10, 11, -1,
					11, 10, 12, -1,
					10, 13, 12, -1
				]
				normal Normal
				{
					vector
					[
						0.000 0.000 1.000,
						0.259 0.000 0.966,
						0.500 0.000 0.866,
						0.707 0.000 0.707,
						0.866 0.000 0.500,
						0.966 0.000 0.259,
						1.000 0.000 0.000
					]
				}
				normalIndex
				[
					0, 1, 0, -1,
					0, 1, 1, -1,
					1, 1, 2, -1,
					2, 1, 2, -1,
					2, 2, 3, -1,
					2, 3, 3, -1,
					3, 3, 4, -1,
					3, 4, 4, -1,
					4, 4, 5, -1,
					4, 5, 5, -1,
					5, 5, 6, -1,
					5, 6, 6, -1
				]
			}
		}
		Shape
		{
			appearance Appearance
			{
				material Material
				{
					diffuseColor 0.592 0.667 0.682
				}
			}
			geometry IndexedFaceSet
			{
				creaseAngle 0.5
				solid TRUE
				coord Coordinate
				{
					point
					[
						0.635 -0.629 0.244,
						0.635 -0.626 0.253,
						0.635 -0.630 0.235,
						0.635 -0.621 0.262,
						0.635 -0.615 0.269,
						0.635 -0.615 0.140,
						0.635 -0.630 0.140
					]
				}
				coordIndex
				[
					0, 1, 2, -1,
					2, 1, 3, -1,
					2, 3, 4, -1,
					4, 5, 2, -1,
					2, 5, 6, -1
				]
				normal Normal
				{
					vector
					[
						-1.000 -0.000 -0.000
					]
				}
				normalIndex
				[
					0, 0, 0, -1,
					0, 0, 0, -1,
					0, 0, 0, -1,
					0, 0, 0, -1,
					0, 0, 0, -1
				]
			}
		}
		Shape
		{
			appearance Appearance
			{
				material Material
				{
					diffuseColor 0.592 0.667 0.682
				}
			}
			geometry IndexedFaceSet
			{
				creaseAngle 0.5
				solid TRUE
				coord Coordinate
				{
					point
					[
						0.415 -0.630 0.140,
						0.415 -0.615 0.140,
						0.415 -0.630 0.235,
						0.415 -0.615 0.269,
						0.415 -0.621 0.262,
						0.415 -0.626 0.253,
						0.415 -0.629 0.244
					]
				}
				coordIndex
				[
					0, 1, 2, -1,
					2, 1, 3, -1,
					2, 3, 4, -1,
					4, 5, 2, -1,
					2, 5, 6, -1
				]
				normal Normal
				{
					vector
					[
						1.000 0.000 0.000
					]
				}
				normalIndex
				[
					0, 0, 0, -1,
					0, 0, 0, -1,
					0, 0, 0, -1,
					0, 0, 0, -1,
					0, 0, 0, -1
				]
			}
		}
		Shape
		{
			appearance Appearance
			{
				material Material
				{
					diffuseColor 0.592 0.667 0.682
				}
			}
			geometry IndexedFaceSet
			{
				creaseAngle 0.5
				solid TRUE
				coord Coordinate
				{
					point
					[
						0.635 0.630 0.140,
						0.635 0.615 0.140,
						0.635 0.630 0.235,
						0.635 0.615 0.269,
						0.635 0.621 0.262,
						0.635 0.626 0.253,
						0.635 0.629 0.244
					]
				}
				coordIndex
				[
					0, 1, 2, -1,
					2, 1, 3, -1,
					2, 3, 4, -1,
					4, 5, 2, -1,
					2, 5, 6, -1
				]
				normal Normal
				{
					vector
					[
						-1.000 -0.000 -0.000
					]
				}
				normalIndex
				[
					0, 0, 0, -1,
					0, 0, 0, -1,
					0, 0, 0, -1,
					0, 0, 0, -1,
					0, 0, 0, -1
				]
			}
		}
		Shape
		{
			appearance Appearance
			{
				material Material
				{
					diffuseColor 0.592 0.667 0.682
				}
			}
			geometry IndexedFaceSet
			{
				creaseAngle 0.5
				solid TRUE
				coord Coordinate
				{
					point
					[
						0.415 0.621 0.262,
						0.415 0.615 0.269,
						0.415 0.630 0.235,
						0.415 0.615 0.140,
						0.415 0.630 0.140,
						0.415 0.629 0.244,
						0.415 0.626 0.253
					]
				}
				coordIndex
				[
					0, 1, 2, -1,
					2, 1, 3, -1,
					2, 3, 4, -1,
					5, 6, 2, -1,
					2, 6, 0, -1
				]
				normal Normal
				{
					vector
					[
						1.000 0.000 0.000
					]
				}
				normalIndex
				[
					0, 0, 0, -1,
					0, 0, 0, -1,
					0, 0, 0, -1,
					0, 0, 0, -1,
					0, 0, 0, -1
				]
			}
		}
		Shape
		{
			appearance Appearance
			{
				material Material
				{
					diffuseColor 0.592 0.667 0.682
				}
			}
			geometry IndexedFaceSet
			{
				creaseAngle 0.5
				solid TRUE
				coord Coordinate
				{
					point
					[
						0.415 0.615 0.140,
						0.635 0.615 0.140,
						0.415 0.630 0.140,
						0.635 0.630 0.140
					]
				}
				coordIndex
				[
					0, 1, 2, -1,
					2, 1, 3, -1
				]
				normal Normal
				{
					vector
					[
						0.000 0.000 1.000
					]
				}
				normalIndex
				[
					0, 0, 0, -1,
					0, 0, 0, -1
				]
			}
		}
		Shape
		{
			appearance Appearance
			{
				material Material
				{
					diffuseColor 0.592 0.667 0.682
				}
			}
			geometry IndexedFaceSet
			{
				creaseAngle 0.5
				solid TRUE
				coord Coordinate
				{
					point
					[
						-0.765 -0.563 0.457,
						-0.765 -0.540 0.460,
						-0.765 -0.540 0.380,
						-0.765 -0.440 0.460,
						-0.765 -0.351 0.380,
						-0.765 -0.418 0.457,
						-0.765 -0.398 0.450,
						-0.765 -0.380 0.437,
						-0.765 -0.366 0.421,
						-0.765 -0.356 0.401,
						-0.765 -0.590 -0.000,
						-0.765 -0.590 0.040,
						-0.765 -0.540 -0.000,
						-0.765 -0.585 0.280,
						-0.765 -0.585 0.350,
						-0.765 -0.618 0.415,
						-0.765 -0.627 0.393,
						-0.765 -0.630 0.100,
						-0.765 -0.630 0.235,
						-0.765 -0.597 0.278,
						-0.765 -0.608 0.274,
						-0.765 -0.628 0.247,
						-0.765 -0.624 0.257,
						-0.765 -0.617 0.267,
						-0.765 -0.630 0.370,
						-0.765 -0.604 0.434,
						-0.765 -0.585 0.448
					]
				}
				coordIndex
				[
					0, 1, 2, -1,
					2, 1, 3, -1,
					2, 3, 4, -1,
					4, 3, 5, -1,
					4, 5, 6, -1,
					6, 7, 4, -1,
					4, 7, 8, -1,
					4, 8, 9, -1,
					10, 11, 12, -1,
					12, 11, 13, -1,
					12, 13, 2, -1,
					2, 13, 14, -1,
					2, 14, 15, -1,
					15, 14, 16, -1,
					11, 17, 13, -1,
					13, 17, 18, -1,
					13, 18, 19, -1,
					19, 18, 20, -1,
					21, 22, 18, -1,
					18, 22, 23, -1,
					18, 23, 20, -1,
					14, 24, 16, -1,
					15, 25, 2, -1,
					2, 25, 26, -1,
					2, 26, 0, -1
				]
				normal Normal
				{
					vector
					[
						-1.000 -0.000 -0.000
					]
				}
				normalIndex
				[
					0, 0, 0, -1,
					0, 0, 0, -1,
					0, 0, 0, -1,
					0, 0, 0, -1,
					0, 0, 0, -1,
					0, 0, 0, -1,
					0, 0, 0, -1,
					0, 0, 0, -1,
					0, 0, 0, -1,
					0, 0, 0, -1,
					0, 0, 0, -1,
					0, 0, 0, -1,
					0, 0, 0, -1,
					0, 0, 0, -1,
					0, 0, 0, -1,
					0, 0, 0, -1,
					0, 0, 0, -1,
					0, 0, 0, -1,
					0, 0, 0, -1,
					0, 0, 0, -1,
					0, 0, 0, -1,
					0, 0, 0, -1,
					0, 0, 0, -1,
					0, 0, 0, -1,
					0, 0, 0, -1
				]
			}
		}
		Shape
		{
			appearance Appearance
			{
				material Material
				{
					diffuseColor 0.592 0.667 0.682
				}
			}
			geometry IndexedFaceSet
			{
				creaseAngle 0.5
				solid TRUE
				coord Coordinate
				{
					point
					[
						-0.765 0.398 0.450,
						-0.765 0.418 0.457,
						-0.765 0.351 0.380,
						-0.765 0.440 0.460,
						-0.765 0.540 0.380,
						-0.765 0.540 0.460,
						-0.765 0.563 0.457,
						-0.765 0.356 0.401,
						-0.765 0.366 0.421,
						-0.765 0.380 0.437,
						-0.765 0.585 0.448,
						-0.765 0.604 0.434,
						-0.765 0.618 0.415,
						-0.765 0.585 0.350,
						-0.765 0.627 0.393,
						-0.765 0.630 0.370,
						-0.765 0.585 0.280,
						-0.765 0.540 0.000,
						-0.765 0.597 0.278,
						-0.765 0.630 0.235,
						-0.765 0.630 0.100,
						-0.765 0.590 0.040,
						-0.765 0.608 0.274,
						-0.765 0.617 0.267,
						-0.765 0.624 0.257,
						-0.765 0.628 0.247,
						-0.765 0.590 0.000
					]
				}
				coordIndex
				[
					0, 1, 2, -1,
					2, 1, 3, -1,
					2, 3, 4, -1,
					4, 3, 5, -1,
					4, 5, 6, -1,
					7, 8, 2, -1,
					2, 8, 9, -1,
					2, 9, 0, -1,
					6, 10, 4, -1,
					4, 10, 11, -1,
					4, 11, 12, -1,
					4, 12, 13, -1,
					13, 12, 14, -1,
					13, 14, 15, -1,
					13, 16, 4, -1,
					4, 16, 17, -1,
					18, 19, 16, -1,
					16, 19, 20, -1,
					16, 20, 21, -1,
					18, 22, 19, -1,
					19, 22, 23, -1,
					19, 23, 24, -1,
					24, 25, 19, -1,
					26, 17, 21, -1,
					21, 17, 16, -1
				]
				normal Normal
				{
					vector
					[
						-1.000 -0.000 -0.000
					]
				}
				normalIndex
				[
					0, 0, 0, -1,
					0, 0, 0, -1,
					0, 0, 0, -1,
					0, 0, 0, -1,
					0, 0, 0, -1,
					0, 0, 0, -1,
					0, 0, 0, -1,
					0, 0, 0, -1,
					0, 0, 0, -1,
					0, 0, 0, -1,
					0, 0, 0, -1,
					0, 0, 0, -1,
					0, 0, 0, -1,
					0, 0, 0, -1,
					0, 0, 0, -1,
					0, 0, 0, -1,
					0, 0, 0, -1,
					0, 0, 0, -1,
					0, 0, 0, -1,
					0, 0, 0, -1,
					0, 0, 0, -1,
					0, 0, 0, -1,
					0, 0, 0, -1,
					0, 0, 0, -1,
					0, 0, 0, -1
				]
			}
		}
		Shape
		{
			appearance Appearance
			{
				material Material
				{
					diffuseColor 0.592 0.667 0.682
				}
			}
			geometry IndexedFaceSet
			{
				creaseAngle 0.5
				solid TRUE
				coord Coordinate
				{
					point
					[
						-0.960 0.400 0.380,
						-0.960 0.350 0.380,
						-0.960 0.400 0.280,
						-0.960 0.350 0.280
					]
				}
				coordIndex
				[
					0, 1, 2, -1,
					2, 1, 3, -1
				]
				normal Normal
				{
					vector
					[
						1.000 0.000 0.000
					]
				}
				normalIndex
				[
					0, 0, 0, -1,
					0, 0, 0, -1
				]
			}
		}
		Shape
		{
			appearance Appearance
			{
				material Material
				{
					diffuseColor 0.592 0.667 0.682
				}
			}
			geometry IndexedFaceSet
			{
				creaseAngle 0.5
				solid TRUE
				coord Coordinate
				{
					point
					[
						-0.950 0.400 0.280,
						-0.950 0.400 0.380,
						-0.960 0.400 0.280,
						-0.960 0.400 0.380
					]
				}
				coordIndex
				[
					0, 1, 2, -1,
					2, 1, 3, -1
				]
				normal Normal
				{
					vector
					[
						0.000 -1.000 0.000
					]
				}
				normalIndex
				[
					0, 0, 0, -1,
					0, 0, 0, -1
				]
			}
		}
		Shape
		{
			appearance Appearance
			{
				material Material
				{
					diffuseColor 0.592 0.667 0.682
				}
			}
			geometry IndexedFaceSet
			{
				creaseAngle 0.5
				solid TRUE
				coord Coordinate
				{
					point
					[
						-0.785 0.370 0.280,
						-0.950 0.370 0.280,
						-0.785 0.350 0.280,
						-0.960 0.350 0.280,
						-0.950 0.400 0.280,
						-0.960 0.400 0.280
					]
				}
				coordIndex
				[
					0, 1, 2, -1,
					2, 1, 3, -1,
					4, 5, 1, -1,
					1, 5, 3, -1
				]
				normal Normal
				{
					vector
					[
						-0.000 -0.000 1.000
					]
				}
				normalIndex
				[
					0, 0, 0, -1,
					0, 0, 0, -1,
					0, 0, 0, -1,
					0, 0, 0, -1
				]
			}
		}
		Shape
		{
			appearance Appearance
			{
				material Material
				{
					diffuseColor 0.592 0.667 0.682
				}
			}
			geometry IndexedFaceSet
			{
				creaseAngle 0.5
				solid TRUE
				coord Coordinate
				{
					point
					[
						-0.785 -0.375 0.380,
						-0.785 -0.351 0.380,
						-0.785 -0.372 0.370,
						-0.785 -0.350 0.377,
						-0.785 -0.350 0.373,
						-0.785 -0.350 0.370,
						-0.785 -0.371 0.360,
						-0.785 -0.370 0.350,
						-0.785 -0.350 0.280,
						-0.785 -0.370 0.280
					]
				}
				coordIndex
				[
					0, 1, 2, -1,
					2, 1, 3, -1,
					2, 3, 4, -1,
					4, 5, 2, -1,
					2, 5, 6, -1,
					6, 5, 7, -1,
					7, 5, 8, -1,
					7, 8, 9, -1
				]
				normal Normal
				{
					vector
					[
						-1.000 0.000 0.000
					]
				}
				normalIndex
				[
					0, 0, 0, -1,
					0, 0, 0, -1,
					0, 0, 0, -1,
					0, 0, 0, -1,
					0, 0, 0, -1,
					0, 0, 0, -1,
					0, 0, 0, -1,
					0, 0, 0, -1
				]
			}
		}
		Shape
		{
			appearance Appearance
			{
				material Material
				{
					diffuseColor 0.592 0.667 0.682
				}
			}
			geometry IndexedFaceSet
			{
				creaseAngle 0.5
				solid TRUE
				coord Coordinate
				{
					point
					[
						-0.950 -0.400 0.280,
						-0.960 -0.400 0.280,
						-0.950 -0.400 0.380,
						-0.960 -0.400 0.380
					]
				}
				coordIndex
				[
					0, 1, 2, -1,
					2, 1, 3, -1
				]
				normal Normal
				{
					vector
					[
						-0.000 1.000 0.000
					]
				}
				normalIndex
				[
					0, 0, 0, -1,
					0, 0, 0, -1
				]
			}
		}
		Shape
		{
			appearance Appearance
			{
				material Material
				{
					diffuseColor 0.592 0.667 0.682
				}
			}
			geometry IndexedFaceSet
			{
				creaseAngle 0.5
				solid TRUE
				coord Coordinate
				{
					point
					[
						-0.960 -0.350 0.380,
						-0.960 -0.400 0.380,
						-0.960 -0.350 0.280,
						-0.960 -0.400 0.280
					]
				}
				coordIndex
				[
					0, 1, 2, -1,
					2, 1, 3, -1
				]
				normal Normal
				{
					vector
					[
						1.000 0.000 0.000
					]
				}
				normalIndex
				[
					0, 0, 0, -1,
					0, 0, 0, -1
				]
			}
		}
		Shape
		{
			appearance Appearance
			{
				material Material
				{
					diffuseColor 0.592 0.667 0.682
				}
			}
			geometry IndexedFaceSet
			{
				creaseAngle 0.5
				solid TRUE
				coord Coordinate
				{
					point
					[
						-0.950 -0.400 0.280,
						-0.950 -0.370 0.280,
						-0.960 -0.400 0.280,
						-0.960 -0.350 0.280,
						-0.785 -0.370 0.280,
						-0.785 -0.350 0.280
					]
				}
				coordIndex
				[
					0, 1, 2, -1,
					2, 1, 3, -1,
					4, 5, 1, -1,
					1, 5, 3, -1
				]
				normal Normal
				{
					vector
					[
						-0.000 -0.000 1.000
					]
				}
				normalIndex
				[
					0, 0, 0, -1,
					0, 0, 0, -1,
					0, 0, 0, -1,
					0, 0, 0, -1
				]
			}
		}
		Shape
		{
			appearance Appearance
			{
				material Material
				{
					diffuseColor 0.592 0.667 0.682
				}
			}
			geometry IndexedFaceSet
			{
				creaseAngle 0.5
				solid TRUE
				coord Coordinate
				{
					point
					[
						-1.355 -0.110 0.180,
						-1.355 -0.490 0.180,
						-1.275 -0.110 0.180,
						-1.275 -0.540 0.180,
						-1.353 -0.503 0.180,
						-1.348 -0.515 0.180,
						-1.340 -0.525 0.180,
						-1.330 -0.533 0.180,
						-1.318 -0.538 0.180,
						-1.305 -0.540 0.180
					]
				}
				coordIndex
				[
					0, 1, 2, -1,
					2, 1, 3, -1,
					4, 5, 1, -1,
					1, 5, 6, -1,
					1, 6, 7, -1,
					7, 8, 1, -1,
					1, 8, 9, -1,
					1, 9, 3, -1
				]
				normal Normal
				{
					vector
					[
						0.000 -0.000 1.000
					]
				}
				normalIndex
				[
					0, 0, 0, -1,
					0, 0, 0, -1,
					0, 0, 0, -1,
					0, 0, 0, -1,
					0, 0, 0, -1,
					0, 0, 0, -1,
					0, 0, 0, -1,
					0, 0, 0, -1
				]
			}
		}
		Shape
		{
			appearance Appearance
			{
				material Material
				{
					diffuseColor 0.592 0.667 0.682
				}
			}
			geometry IndexedFaceSet
			{
				creaseAngle 0.5
				solid TRUE
				coord Coordinate
				{
					point
					[
						-1.355 -0.110 0.050,
						-1.355 -0.110 0.180,
						-1.275 -0.110 0.050,
						-1.275 -0.110 0.180
					]
				}
				coordIndex
				[
					0, 1, 2, -1,
					2, 1, 3, -1
				]
				normal Normal
				{
					vector
					[
						0.000 1.000 0.000
					]
				}
				normalIndex
				[
					0, 0, 0, -1,
					0, 0, 0, -1
				]
			}
		}
		Shape
		{
			appearance Appearance
			{
				material Material
				{
					diffuseColor 0.592 0.667 0.682
				}
			}
			geometry IndexedFaceSet
			{
				creaseAngle 0.5
				solid TRUE
				coord Coordinate
				{
					point
					[
						-1.275 0.110 0.180,
						-1.355 0.110 0.180,
						-1.275 0.110 0.050,
						-1.355 0.110 0.050
					]
				}
				coordIndex
				[
					0, 1, 2, -1,
					2, 1, 3, -1
				]
				normal Normal
				{
					vector
					[
						0.000 -1.000 0.000
					]
				}
				normalIndex
				[
					0, 0, 0, -1,
					0, 0, 0, -1
				]
			}
		}
		Shape
		{
			appearance Appearance
			{
				material Material
				{
					diffuseColor 0.592 0.667 0.682
				}
			}
			geometry IndexedFaceSet
			{
				creaseAngle 0.5
				solid TRUE
				coord Coordinate
				{
					point
					[
						-1.275 0.110 0.180,
						-1.275 0.540 0.180,
						-1.355 0.490 0.180,
						-1.305 0.540 0.180,
						-1.318 0.538 0.180,
						-1.330 0.533 0.180,
						-1.340 0.525 0.180,
						-1.348 0.515 0.180,
						-1.353 0.503 0.180,
						-1.355 0.110 0.180
					]
				}
				coordIndex
				[
					0, 1, 2, -1,
					2, 1, 3, -1,
					2, 3, 4, -1,
					4, 5, 2, -1,
					2, 5, 6, -1,
					2, 6, 7, -1,
					7, 8, 2, -1,
					2, 9, 0, -1
				]
				normal Normal
				{
					vector
					[
						0.000 0.000 1.000
					]
				}
				normalIndex
				[
					0, 0, 0, -1,
					0, 0, 0, -1,
					0, 0, 0, -1,
					0, 0, 0, -1,
					0, 0, 0, -1,
					0, 0, 0, -1,
					0, 0, 0, -1,
					0, 0, 0, -1
				]
			}
		}
		Shape
		{
			appearance Appearance
			{
				material Material
				{
					diffuseColor 0.592 0.667 0.682
				}
			}
			geometry IndexedFaceSet
			{
				creaseAngle 0.5
				solid TRUE
				coord Coordinate
				{
					point
					[
						-1.255 -0.490 0.380,
						-1.247 -0.491 0.380,
						-1.255 -0.490 0.440,
						-1.247 -0.491 0.440,
						-1.240 -0.494 0.380,
						-1.240 -0.494 0.440,
						-1.234 -0.499 0.440,
						-1.234 -0.499 0.380,
						-1.229 -0.505 0.380,
						-1.229 -0.505 0.440,
						-1.226 -0.512 0.380,
						-1.226 -0.512 0.440,
						-1.225 -0.520 0.440,
						-1.225 -0.520 0.380
					]
				}
				coordIndex
				[
					0, 1, 2, -1,
					2, 1, 3, -1,
					1, 4, 3, -1,
					3, 4, 5, -1,
					5, 4, 6, -1,
					6, 4, 7, -1,
					6, 7, 8, -1,
					6, 8, 9, -1,
					9, 8, 10, -1,
					9, 10, 11, -1,
					11, 10, 12, -1,
					10, 13, 12, -1
				]
				normal Normal
				{
					vector
					[
						-0.000 -1.000 -0.000,
						-0.259 -0.966 -0.000,
						-0.500 -0.866 -0.000,
						-0.707 -0.707 -0.000,
						-0.866 -0.500 -0.000,
						-0.966 -0.259 -0.000,
						-1.000 -0.000 -0.000
					]
				}
				normalIndex
				[
					0, 1, 0, -1,
					0, 1, 1, -1,
					1, 2, 1, -1,
					1, 2, 2, -1,
					2, 2, 3, -1,
					3, 2, 3, -1,
					3, 3, 4, -1,
					3, 4, 4, -1,
					4, 4, 5, -1,
					4, 5, 5, -1,
					5, 5, 6, -1,
					5, 6, 6, -1
				]
			}
		}
		Shape
		{
			appearance Appearance
			{
				material Material
				{
					diffuseColor 0.592 0.667 0.682
				}
			}
			geometry IndexedFaceSet
			{
				creaseAngle 0.5
				solid TRUE
				coord Coordinate
				{
					point
					[
						-1.225 0.520 0.440,
						-1.225 0.520 0.380,
						-1.226 0.512 0.440,
						-1.226 0.512 0.380,
						-1.229 0.505 0.380,
						-1.229 0.505 0.440,
						-1.234 0.499 0.380,
						-1.234 0.499 0.440,
						-1.240 0.494 0.440,
						-1.240 0.494 0.380,
						-1.247 0.491 0.380,
						-1.247 0.491 0.440,
						-1.255 0.490 0.380,
						-1.255 0.490 0.440
					]
				}
				coordIndex
				[
					0, 1, 2, -1,
					2, 1, 3, -1,
					2, 3, 4, -1,
					2, 4, 5, -1,
					5, 4, 6, -1,
					5, 6, 7, -1,
					7, 6, 8, -1,
					6, 9, 8, -1,
					8, 9, 10, -1,
					8, 10, 11, -1,
					11, 10, 12, -1,
					11, 12, 13, -1
				]
				normal Normal
				{
					vector
					[
						-1.000 -0.000 -0.000,
						-0.966 0.259 -0.000,
						-0.866 0.500 -0.000,
						-0.707 0.707 -0.000,
						-0.500 0.866 -0.000,
						-0.259 0.966 -0.000,
						-0.000 1.000 -0.000
					]
				}
				normalIndex
				[
					0, 0, 1, -1,
					1, 0, 1, -1,
					1, 1, 2, -1,
					1, 2, 2, -1,
					2, 2, 3, -1,
					2, 3, 3, -1,
					3, 3, 4, -1,
					3, 4, 4, -1,
					4, 4, 5, -1,
					4, 5, 5, -1,
					5, 5, 6, -1,
					5, 6, 6, -1
				]
			}
		}
		Shape
		{
			appearance Appearance
			{
				material Material
				{
					diffuseColor 0.592 0.667 0.682
				}
			}
			geometry IndexedFaceSet
			{
				creaseAngle 0.5
				solid TRUE
				coord Coordinate
				{
					point
					[
						-0.950 0.430 0.435,
						-0.951 0.436 0.437,
						-0.950 0.430 0.380,
						-0.951 0.438 0.380,
						-0.952 0.441 0.438,
						-0.954 0.445 0.380,
						-0.955 0.446 0.439,
						-0.959 0.451 0.380,
						-0.959 0.451 0.440,
						-0.963 0.455 0.440,
						-0.965 0.456 0.380,
						-0.968 0.458 0.440,
						-0.972 0.459 0.380,
						-0.974 0.459 0.440,
						-0.980 0.460 0.380,
						-0.980 0.460 0.440
					]
				}
				coordIndex
				[
					0, 1, 2, -1,
					2, 1, 3, -1,
					1, 4, 3, -1,
					3, 4, 5, -1,
					4, 6, 5, -1,
					5, 6, 7, -1,
					6, 8, 7, -1,
					7, 8, 9, -1,
					7, 9, 10, -1,
					10, 9, 11, -1,
					10, 11, 12, -1,
					12, 11, 13, -1,
					12, 13, 14, -1,
					14, 13, 15, -1
				]
				normal Normal
				{
					vector
					[
						-1.000 -0.000 -0.000,
						-0.982 -0.189 -0.000,
						-0.966 -0.259 -0.000,
						-0.927 -0.375 -0.000,
						-0.866 -0.500 -0.000,
						-0.837 -0.548 -0.000,
						-0.707 -0.707 -0.000,
						-0.714 -0.700 -0.000,
						-0.562 -0.827 -0.000,
						-0.500 -0.866 -0.000,
						-0.388 -0.922 -0.000,
						-0.259 -0.966 -0.000,
						-0.198 -0.980 -0.000,
						0.000 -1.000 -0.000,
						-0.000 -1.000 -0.000
					]
				}
				normalIndex
				[
					0, 1, 0, -1,
					0, 1, 2, -1,
					1, 3, 2, -1,
					2, 3, 4, -1,
					3, 5, 4, -1,
					4, 5, 6, -1,
					5, 7, 6, -1,
					6, 7, 8, -1,
					6, 8, 9, -1,
					9, 8, 10, -1,
					9, 10, 11, -1,
					11, 10, 12, -1,
					11, 12, 13, -1,
					13, 12, 14, -1
				]
			}
		}
		Shape
		{
			appearance Appearance
			{
				material Material
				{
					diffuseColor 0.592 0.667 0.682
				}
			}
			geometry IndexedFaceSet
			{
				creaseAngle 0.5
				solid TRUE
				coord Coordinate
				{
					point
					[
						-0.980 0.460 0.380,
						-0.980 0.460 0.440,
						-1.035 0.460 0.380,
						-1.035 0.460 0.440
					]
				}
				coordIndex
				[
					0, 1, 2, -1,
					2, 1, 3, -1
				]
				normal Normal
				{
					vector
					[
						0.000 -1.000 0.000
					]
				}
				normalIndex
				[
					0, 0, 0, -1,
					0, 0, 0, -1
				]
			}
		}
		Shape
		{
			appearance Appearance
			{
				material Material
				{
					diffuseColor 0.592 0.667 0.682
				}
			}
			geometry IndexedFaceSet
			{
				creaseAngle 0.5
				solid TRUE
				coord Coordinate
				{
					point
					[
						-1.065 0.430 0.380,
						-1.064 0.438 0.380,
						-1.065 0.430 0.440,
						-1.064 0.438 0.440,
						-1.061 0.445 0.440,
						-1.061 0.445 0.380,
						-1.056 0.451 0.380,
						-1.056 0.451 0.440,
						-1.050 0.456 0.380,
						-1.050 0.456 0.440,
						-1.043 0.459 0.380,
						-1.043 0.459 0.440,
						-1.035 0.460 0.440,
						-1.035 0.460 0.380
					]
				}
				coordIndex
				[
					0, 1, 2, -1,
					2, 1, 3, -1,
					3, 1, 4, -1,
					4, 1, 5, -1,
					4, 5, 6, -1,
					4, 6, 7, -1,
					7, 6, 8, -1,
					7, 8, 9, -1,
					9, 8, 10, -1,
					9, 10, 11, -1,
					11, 10, 12, -1,
					10, 13, 12, -1
				]
				normal Normal
				{
					vector
					[
						1.000 -0.000 -0.000,
						0.966 -0.259 -0.000,
						0.866 -0.500 -0.000,
						0.707 -0.707 -0.000,
						0.500 -0.866 -0.000,
						0.259 -0.966 -0.000,
						-0.000 -1.000 -0.000
					]
				}
				normalIndex
				[
					0, 1, 0, -1,
					0, 1, 1, -1,
					1, 1, 2, -1,
					2, 1, 2, -1,
					2, 2, 3, -1,
					2, 3, 3, -1,
					3, 3, 4, -1,
					3, 4, 4, -1,
					4, 4, 5, -1,
					4, 5, 5, -1,
					5, 5, 6, -1,
					5, 6, 6, -1
				]
			}
		}
		Shape
		{
			appearance Appearance
			{
				material Material
				{
					diffuseColor 0.592 0.667 0.682
				}
			}
			geometry IndexedFaceSet
			{
				creaseAngle 0.5
				solid TRUE
				coord Coordinate
				{
					point
					[
						-1.065 -0.430 0.380,
						-1.065 0.430 0.380,
						-1.065 -0.430 0.440,
						-1.065 0.430 0.440
					]
				}
				coordIndex
				[
					0, 1, 2, -1,
					2, 1, 3, -1
				]
				normal Normal
				{
					vector
					[
						1.000 0.000 0.000
					]
				}
				normalIndex
				[
					0, 0, 0, -1,
					0, 0, 0, -1
				]
			}
		}
		Shape
		{
			appearance Appearance
			{
				material Material
				{
					diffuseColor 0.592 0.667 0.682
				}
			}
			geometry IndexedFaceSet
			{
				creaseAngle 0.5
				solid TRUE
				coord Coordinate
				{
					point
					[
						-1.035 -0.460 0.440,
						-1.035 -0.460 0.380,
						-1.043 -0.459 0.440,
						-1.043 -0.459 0.380,
						-1.050 -0.456 0.380,
						-1.050 -0.456 0.440,
						-1.056 -0.451 0.380,
						-1.056 -0.451 0.440,
						-1.061 -0.445 0.380,
						-1.061 -0.445 0.440,
						-1.064 -0.438 0.440,
						-1.064 -0.438 0.380,
						-1.065 -0.430 0.380,
						-1.065 -0.430 0.440
					]
				}
				coordIndex
				[
					0, 1, 2, -1,
					2, 1, 3, -1,
					2, 3, 4, -1,
					2, 4, 5, -1,
					5, 4, 6, -1,
					5, 6, 7, -1,
					7, 6, 8, -1,
					7, 8, 9, -1,
					9, 8, 10, -1,
					8, 11, 10, -1,
					10, 11, 12, -1,
					10, 12, 13, -1
				]
				normal Normal
				{
					vector
					[
						-0.000 1.000 -0.000,
						0.259 0.966 -0.000,
						0.500 0.866 -0.000,
						0.707 0.707 -0.000,
						0.866 0.500 -0.000,
						0.966 0.259 -0.000,
						1.000 -0.000 -0.000
					]
				}
				normalIndex
				[
					0, 0, 1, -1,
					1, 0, 1, -1,
					1, 1, 2, -1,
					1, 2, 2, -1,
					2, 2, 3, -1,
					2, 3, 3, -1,
					3, 3, 4, -1,
					3, 4, 4, -1,
					4, 4, 5, -1,
					4, 5, 5, -1,
					5, 5, 6, -1,
					5, 6, 6, -1
				]
			}
		}
		Shape
		{
			appearance Appearance
			{
				material Material
				{
					diffuseColor 0.592 0.667 0.682
				}
			}
			geometry IndexedFaceSet
			{
				creaseAngle 0.5
				solid TRUE
				coord Coordinate
				{
					point
					[
						-0.980 -0.460 0.380,
						-1.035 -0.460 0.380,
						-0.980 -0.460 0.440,
						-1.035 -0.460 0.440
					]
				}
				coordIndex
				[
					0, 1, 2, -1,
					2, 1, 3, -1
				]
				normal Normal
				{
					vector
					[
						-0.000 1.000 0.000
					]
				}
				normalIndex
				[
					0, 0, 0, -1,
					0, 0, 0, -1
				]
			}
		}
		Shape
		{
			appearance Appearance
			{
				material Material
				{
					diffuseColor 0.592 0.667 0.682
				}
			}
			geometry IndexedFaceSet
			{
				creaseAngle 0.5
				solid TRUE
				coord Coordinate
				{
					point
					[
						-0.980 -0.460 0.440,
						-0.974 -0.459 0.440,
						-0.980 -0.460 0.380,
						-0.972 -0.459 0.380,
						-0.968 -0.458 0.440,
						-0.965 -0.456 0.380,
						-0.963 -0.455 0.440,
						-0.959 -0.451 0.380,
						-0.959 -0.451 0.440,
						-0.955 -0.446 0.439,
						-0.954 -0.445 0.380,
						-0.952 -0.441 0.438,
						-0.951 -0.438 0.380,
						-0.951 -0.436 0.437,
						-0.950 -0.430 0.380,
						-0.950 -0.430 0.435
					]
				}
				coordIndex
				[
					0, 1, 2, -1,
					2, 1, 3, -1,
					1, 4, 3, -1,
					3, 4, 5, -1,
					4, 6, 5, -1,
					5, 6, 7, -1,
					6, 8, 7, -1,
					7, 8, 9, -1,
					7, 9, 10, -1,
					10, 9, 11, -1,
					10, 11, 12, -1,
					12, 11, 13, -1,
					12, 13, 14, -1,
					14, 13, 15, -1
				]
				normal Normal
				{
					vector
					[
						-0.000 1.000 -0.000,
						-0.198 0.980 -0.000,
						-0.259 0.966 -0.000,
						-0.388 0.922 -0.000,
						-0.500 0.866 -0.000,
						-0.562 0.827 -0.000,
						-0.707 0.707 -0.000,
						-0.713 0.701 -0.000,
						-0.836 0.548 -0.000,
						-0.866 0.500 -0.000,
						-0.927 0.375 -0.000,
						-0.966 0.259 -0.000,
						-0.982 0.190 -0.000,
						-1.000 -0.000 -0.000
					]
				}
				normalIndex
				[
					0, 1, 0, -1,
					0, 1, 2, -1,
					1, 3, 2, -1,
					2, 3, 4, -1,
					3, 5, 4, -1,
					4, 5, 6, -1,
					5, 7, 6, -1,
					6, 7, 8, -1,
					6, 8, 9, -1,
					9, 8, 10, -1,
					9, 10, 11, -1,
					11, 10, 12, -1,
					11, 12, 13, -1,
					13, 12, 13, -1
				]
			}
		}
		Shape
		{
			appearance Appearance
			{
				material Material
				{
					diffuseColor 0.592 0.667 0.682
				}
			}
			geometry IndexedFaceSet
			{
				creaseAngle 0.5
				solid TRUE
				coord Coordinate
				{
					point
					[
						-0.950 0.370 0.280,
						-0.950 0.370 0.350,
						-0.950 0.400 0.280,
						-0.950 0.400 0.380,
						-0.950 0.373 0.372,
						-0.950 0.381 0.393,
						-0.950 0.393 0.411,
						-0.950 0.430 0.380,
						-0.950 0.410 0.425,
						-0.950 0.430 0.435
					]
				}
				coordIndex
				[
					0, 1, 2, -1,
					2, 1, 3, -1,
					1, 4, 3, -1,
					3, 4, 5, -1,
					3, 5, 6, -1,
					3, 6, 7, -1,
					7, 6, 8, -1,
					7, 8, 9, -1
				]
				normal Normal
				{
					vector
					[
						-1.000 0.000 0.000
					]
				}
				normalIndex
				[
					0, 0, 0, -1,
					0, 0, 0, -1,
					0, 0, 0, -1,
					0, 0, 0, -1,
					0, 0, 0, -1,
					0, 0, 0, -1,
					0, 0, 0, -1,
					0, 0, 0, -1
				]
			}
		}
		Shape
		{
			appearance Appearance
			{
				material Material
				{
					diffuseColor 0.592 0.667 0.682
				}
			}
			geometry IndexedFaceSet
			{
				creaseAngle 0.5
				solid TRUE
				coord Coordinate
				{
					point
					[
						-0.950 -0.430 0.435,
						-0.950 -0.410 0.425,
						-0.950 -0.430 0.380,
						-0.950 -0.393 0.411,
						-0.950 -0.400 0.380,
						-0.950 -0.381 0.393,
						-0.950 -0.373 0.372,
						-0.950 -0.370 0.350,
						-0.950 -0.400 0.280,
						-0.950 -0.370 0.280
					]
				}
				coordIndex
				[
					0, 1, 2, -1,
					2, 1, 3, -1,
					2, 3, 4, -1,
					4, 3, 5, -1,
					4, 5, 6, -1,
					6, 7, 4, -1,
					4, 7, 8, -1,
					7, 9, 8, -1
				]
				normal Normal
				{
					vector
					[
						-1.000 0.000 0.000
					]
				}
				normalIndex
				[
					0, 0, 0, -1,
					0, 0, 0, -1,
					0, 0, 0, -1,
					0, 0, 0, -1,
					0, 0, 0, -1,
					0, 0, 0, -1,
					0, 0, 0, -1,
					0, 0, 0, -1
				]
			}
		}
		Shape
		{
			appearance Appearance
			{
				material Material
				{
					diffuseColor 0.592 0.667 0.682
				}
			}
			geometry IndexedFaceSet
			{
				creaseAngle 0.5
				solid TRUE
				coord Coordinate
				{
					point
					[
						-1.255 -0.490 0.440,
						-1.278 -0.490 0.437,
						-1.255 -0.490 0.380,
						-1.275 -0.490 0.380,
						-1.300 -0.490 0.428,
						-1.319 -0.490 0.414,
						-1.333 -0.490 0.395,
						-1.342 -0.490 0.373,
						-1.345 -0.490 0.350,
						-1.275 -0.490 0.200,
						-1.345 -0.490 0.200
					]
				}
				coordIndex
				[
					0, 1, 2, -1,
					2, 1, 3, -1,
					1, 4, 3, -1,
					3, 4, 5, -1,
					3, 5, 6, -1,
					6, 7, 3, -1,
					3, 7, 8, -1,
					3, 8, 9, -1,
					9, 8, 10, -1
				]
				normal Normal
				{
					vector
					[
						0.000 -1.000 0.000
					]
				}
				normalIndex
				[
					0, 0, 0, -1,
					0, 0, 0, -1,
					0, 0, 0, -1,
					0, 0, 0, -1,
					0, 0, 0, -1,
					0, 0, 0, -1,
					0, 0, 0, -1,
					0, 0, 0, -1,
					0, 0, 0, -1
				]
			}
		}
		Shape
		{
			appearance Appearance
			{
				material Material
				{
					diffuseColor 0.592 0.667 0.682
				}
			}
			geometry IndexedFaceSet
			{
				creaseAngle 0.5
				solid TRUE
				coord Coordinate
				{
					point
					[
						-1.345 0.490 0.200,
						-1.345 0.490 0.350,
						-1.275 0.490 0.200,
						-1.275 0.490 0.380,
						-1.342 0.490 0.373,
						-1.333 0.490 0.395,
						-1.319 0.490 0.414,
						-1.300 0.490 0.428,
						-1.278 0.490 0.437,
						-1.255 0.490 0.380,
						-1.255 0.490 0.440
					]
				}
				coordIndex
				[
					0, 1, 2, -1,
					2, 1, 3, -1,
					1, 4, 3, -1,
					3, 4, 5, -1,
					3, 5, 6, -1,
					6, 7, 3, -1,
					3, 7, 8, -1,
					3, 8, 9, -1,
					9, 8, 10, -1
				]
				normal Normal
				{
					vector
					[
						-0.000 1.000 0.000
					]
				}
				normalIndex
				[
					0, 0, 0, -1,
					0, 0, 0, -1,
					0, 0, 0, -1,
					0, 0, 0, -1,
					0, 0, 0, -1,
					0, 0, 0, -1,
					0, 0, 0, -1,
					0, 0, 0, -1,
					0, 0, 0, -1
				]
			}
		}
		Shape
		{
			appearance Appearance
			{
				material Material
				{
					diffuseColor 0.592 0.667 0.682
				}
			}
			geometry IndexedFaceSet
			{
				creaseAngle 0.5
				solid TRUE
				coord Coordinate
				{
					point
					[
						-0.785 -0.375 0.380,
						-0.785 -0.385 0.400,
						-0.785 -0.540 0.380,
						-0.785 -0.399 0.417,
						-0.785 -0.417 0.429,
						-0.785 -0.438 0.437,
						-0.785 -0.460 0.440,
						-0.785 -0.520 0.440,
						-0.785 -0.543 0.437,
						-0.785 -0.565 0.428,
						-0.785 -0.584 0.414,
						-0.785 -0.598 0.395,
						-0.785 -0.607 0.373,
						-0.785 -0.610 0.350,
						-0.785 -0.610 0.125,
						-0.785 -0.540 0.125
					]
				}
				coordIndex
				[
					0, 1, 2, -1,
					2, 1, 3, -1,
					2, 3, 4, -1,
					4, 5, 2, -1,
					2, 5, 6, -1,
					2, 6, 7, -1,
					7, 8, 2, -1,
					2, 8, 9, -1,
					2, 9, 10, -1,
					10, 11, 2, -1,
					2, 11, 12, -1,
					2, 12, 13, -1,
					14, 15, 13, -1,
					13, 15, 2, -1
				]
				normal Normal
				{
					vector
					[
						1.000 0.000 0.000
					]
				}
				normalIndex
				[
					0, 0, 0, -1,
					0, 0, 0, -1,
					0, 0, 0, -1,
					0, 0, 0, -1,
					0, 0, 0, -1,
					0, 0, 0, -1,
					0, 0, 0, -1,
					0, 0, 0, -1,
					0, 0, 0, -1,
					0, 0, 0, -1,
					0, 0, 0, -1,
					0, 0, 0, -1,
					0, 0, 0, -1,
					0, 0, 0, -1
				]
			}
		}
		Shape
		{
			appearance Appearance
			{
				material Material
				{
					diffuseColor 0.592 0.667 0.682
				}
			}
			geometry IndexedFaceSet
			{
				creaseAngle 0.5
				solid TRUE
				coord Coordinate
				{
					point
					[
						-1.225 -0.610 0.100,
						-1.225 -0.610 0.350,
						-1.225 -0.540 0.100,
						-1.225 -0.540 0.380,
						-1.225 -0.607 0.373,
						-1.225 -0.598 0.395,
						-1.225 -0.584 0.414,
						-1.225 -0.565 0.428,
						-1.225 -0.543 0.437,
						-1.225 -0.520 0.380,
						-1.225 -0.520 0.440
					]
				}
				coordIndex
				[
					0, 1, 2, -1,
					2, 1, 3, -1,
					1, 4, 3, -1,
					3, 4, 5, -1,
					3, 5, 6, -1,
					6, 7, 3, -1,
					3, 7, 8, -1,
					3, 8, 9, -1,
					9, 8, 10, -1
				]
				normal Normal
				{
					vector
					[
						-1.000 -0.000 0.000
					]
				}
				normalIndex
				[
					0, 0, 0, -1,
					0, 0, 0, -1,
					0, 0, 0, -1,
					0, 0, 0, -1,
					0, 0, 0, -1,
					0, 0, 0, -1,
					0, 0, 0, -1,
					0, 0, 0, -1,
					0, 0, 0, -1
				]
			}
		}
		Shape
		{
			appearance Appearance
			{
				material Material
				{
					diffuseColor 0.592 0.667 0.682
				}
			}
			geometry IndexedFaceSet
			{
				creaseAngle 0.5
				solid TRUE
				coord Coordinate
				{
					point
					[
						-1.345 -0.490 0.200,
						-1.345 -0.490 0.350,
						-1.345 -0.090 0.200,
						-1.345 0.090 0.200,
						-1.345 0.090 0.070,
						-1.345 0.490 0.350,
						-1.345 0.490 0.200,
						-1.345 -0.090 0.070
					]
				}
				coordIndex
				[
					0, 1, 2, -1,
					2, 1, 3, -1,
					2, 3, 4, -1,
					1, 5, 3, -1,
					3, 5, 6, -1,
					4, 7, 2, -1
				]
				normal Normal
				{
					vector
					[
						-1.000 0.000 0.000
					]
				}
				normalIndex
				[
					0, 0, 0, -1,
					0, 0, 0, -1,
					0, 0, 0, -1,
					0, 0, 0, -1,
					0, 0, 0, -1,
					0, 0, 0, -1
				]
			}
		}
		Shape
		{
			appearance Appearance
			{
				material Material
				{
					diffuseColor 0.592 0.667 0.682
				}
			}
			geometry IndexedFaceSet
			{
				creaseAngle 0.5
				solid TRUE
				coord Coordinate
				{
					point
					[
						-1.225 0.520 0.440,
						-1.225 0.543 0.437,
						-1.225 0.520 0.380,
						-1.225 0.540 0.380,
						-1.225 0.565 0.428,
						-1.225 0.584 0.414,
						-1.225 0.598 0.395,
						-1.225 0.607 0.373,
						-1.225 0.610 0.350,
						-1.225 0.540 0.100,
						-1.225 0.610 0.100
					]
				}
				coordIndex
				[
					0, 1, 2, -1,
					2, 1, 3, -1,
					1, 4, 3, -1,
					3, 4, 5, -1,
					3, 5, 6, -1,
					6, 7, 3, -1,
					3, 7, 8, -1,
					3, 8, 9, -1,
					9, 8, 10, -1
				]
				normal Normal
				{
					vector
					[
						-1.000 0.000 0.000
					]
				}
				normalIndex
				[
					0, 0, 0, -1,
					0, 0, 0, -1,
					0, 0, 0, -1,
					0, 0, 0, -1,
					0, 0, 0, -1,
					0, 0, 0, -1,
					0, 0, 0, -1,
					0, 0, 0, -1,
					0, 0, 0, -1
				]
			}
		}
		Shape
		{
			appearance Appearance
			{
				material Material
				{
					diffuseColor 0.592 0.667 0.682
				}
			}
			geometry IndexedFaceSet
			{
				creaseAngle 0.5
				solid TRUE
				coord Coordinate
				{
					point
					[
						-1.225 0.610 0.100,
						-1.225 0.610 0.350,
						-0.975 0.610 0.100,
						-0.785 0.610 0.350,
						-0.785 0.610 0.125,
						-0.825 0.610 0.085,
						-0.975 0.610 0.070,
						-0.825 0.610 0.070
					]
				}
				coordIndex
				[
					0, 1, 2, -1,
					2, 1, 3, -1,
					2, 3, 4, -1,
					4, 5, 2, -1,
					2, 5, 6, -1,
					5, 7, 6, -1
				]
				normal Normal
				{
					vector
					[
						-0.000 1.000 0.000
					]
				}
				normalIndex
				[
					0, 0, 0, -1,
					0, 0, 0, -1,
					0, 0, 0, -1,
					0, 0, 0, -1,
					0, 0, 0, -1,
					0, 0, 0, -1
				]
			}
		}
		Shape
		{
			appearance Appearance
			{
				material Material
				{
					diffuseColor 0.592 0.667 0.682
				}
			}
			geometry IndexedFaceSet
			{
				creaseAngle 0.5
				solid TRUE
				coord Coordinate
				{
					point
					[
						-0.785 0.543 0.437,
						-0.785 0.520 0.440,
						-0.785 0.540 0.380,
						-0.785 0.460 0.440,
						-0.785 0.438 0.437,
						-0.785 0.417 0.429,
						-0.785 0.399 0.417,
						-0.785 0.385 0.400,
						-0.785 0.375 0.380,
						-0.785 0.540 0.125,
						-0.785 0.610 0.350,
						-0.785 0.607 0.373,
						-0.785 0.598 0.395,
						-0.785 0.610 0.125,
						-0.785 0.584 0.414,
						-0.785 0.565 0.428
					]
				}
				coordIndex
				[
					0, 1, 2, -1,
					2, 1, 3, -1,
					2, 3, 4, -1,
					4, 5, 2, -1,
					2, 5, 6, -1,
					2, 6, 7, -1,
					7, 8, 2, -1,
					9, 10, 2, -1,
					2, 10, 11, -1,
					2, 11, 12, -1,
					9, 13, 10, -1,
					12, 14, 2, -1,
					2, 14, 15, -1,
					2, 15, 0, -1
				]
				normal Normal
				{
					vector
					[
						1.000 0.000 0.000
					]
				}
				normalIndex
				[
					0, 0, 0, -1,
					0, 0, 0, -1,
					0, 0, 0, -1,
					0, 0, 0, -1,
					0, 0, 0, -1,
					0, 0, 0, -1,
					0, 0, 0, -1,
					0, 0, 0, -1,
					0, 0, 0, -1,
					0, 0, 0, -1,
					0, 0, 0, -1,
					0, 0, 0, -1,
					0, 0, 0, -1,
					0, 0, 0, -1
				]
			}
		}
		Shape
		{
			appearance Appearance
			{
				material Material
				{
					diffuseColor 0.592 0.667 0.682
				}
			}
			geometry IndexedFaceSet
			{
				creaseAngle 0.5
				solid TRUE
				coord Coordinate
				{
					point
					[
						-0.785 0.370 0.280,
						-0.785 0.370 0.350,
						-0.950 0.370 0.280,
						-0.950 0.370 0.350
					]
				}
				coordIndex
				[
					0, 1, 2, -1,
					2, 1, 3, -1
				]
				normal Normal
				{
					vector
					[
						0.000 -1.000 0.000
					]
				}
				normalIndex
				[
					0, 0, 0, -1,
					0, 0, 0, -1
				]
			}
		}
		Shape
		{
			appearance Appearance
			{
				material Material
				{
					diffuseColor 0.592 0.667 0.682
				}
			}
			geometry IndexedFaceSet
			{
				creaseAngle 0.5
				solid TRUE
				coord Coordinate
				{
					point
					[
						-0.950 -0.370 0.350,
						-0.785 -0.370 0.350,
						-0.950 -0.370 0.280,
						-0.785 -0.370 0.280
					]
				}
				coordIndex
				[
					0, 1, 2, -1,
					2, 1, 3, -1
				]
				normal Normal
				{
					vector
					[
						-0.000 1.000 0.000
					]
				}
				normalIndex
				[
					0, 0, 0, -1,
					0, 0, 0, -1
				]
			}
		}
		Shape
		{
			appearance Appearance
			{
				material Material
				{
					diffuseColor 0.592 0.667 0.682
				}
			}
			geometry IndexedFaceSet
			{
				creaseAngle 0.5
				solid TRUE
				coord Coordinate
				{
					point
					[
						-1.043 0.459 0.440,
						-1.035 0.460 0.440,
						-1.225 0.520 0.440,
						-0.980 0.460 0.440,
						-0.785 0.520 0.440,
						-0.785 0.460 0.440,
						-1.234 0.499 0.440,
						-1.065 0.430 0.440,
						-1.229 0.505 0.440,
						-1.064 0.438 0.440,
						-1.226 0.512 0.440,
						-1.061 0.445 0.440,
						-1.056 0.451 0.440,
						-1.050 0.456 0.440,
						-1.240 0.494 0.440,
						-1.247 0.491 0.440,
						-1.255 0.490 0.440,
						-1.255 -0.490 0.440,
						-1.065 -0.430 0.440,
						-1.247 -0.491 0.440,
						-1.240 -0.494 0.440,
						-1.234 -0.499 0.440,
						-1.229 -0.505 0.440,
						-1.064 -0.438 0.440,
						-1.226 -0.512 0.440,
						-1.061 -0.445 0.440,
						-1.225 -0.520 0.440,
						-1.056 -0.451 0.440,
						-0.785 -0.520 0.440,
						-0.980 -0.460 0.440,
						-1.035 -0.460 0.440,
						-1.043 -0.459 0.440,
						-0.785 -0.460 0.440,
						-1.050 -0.456 0.440
					]
				}
				coordIndex
				[
					0, 1, 2, -1,
					2, 1, 3, -1,
					2, 3, 4, -1,
					4, 3, 5, -1,
					6, 7, 8, -1,
					8, 7, 9, -1,
					8, 9, 10, -1,
					10, 9, 11, -1,
					10, 11, 2, -1,
					2, 11, 12, -1,
					2, 12, 13, -1,
					6, 14, 7, -1,
					7, 14, 15, -1,
					7, 15, 16, -1,
					16, 17, 7, -1,
					7, 17, 18, -1,
					17, 19, 18, -1,
					18, 19, 20, -1,
					18, 20, 21, -1,
					21, 22, 18, -1,
					18, 22, 23, -1,
					22, 24, 23, -1,
					23, 24, 25, -1,
					24, 26, 25, -1,
					25, 26, 27, -1,
					28, 29, 26, -1,
					26, 29, 30, -1,
					26, 30, 31, -1,
					28, 32, 29, -1,
					31, 33, 26, -1,
					26, 33, 27, -1,
					13, 0, 2, -1
				]
				normal Normal
				{
					vector
					[
						0.000 0.000 1.000
					]
				}
				normalIndex
				[
					0, 0, 0, -1,
					0, 0, 0, -1,
					0, 0, 0, -1,
					0, 0, 0, -1,
					0, 0, 0, -1,
					0, 0, 0, -1,
					0, 0, 0, -1,
					0, 0, 0, -1,
					0, 0, 0, -1,
					0, 0, 0, -1,
					0, 0, 0, -1,
					0, 0, 0, -1,
					0, 0, 0, -1,
					0, 0, 0, -1,
					0, 0, 0, -1,
					0, 0, 0, -1,
					0, 0, 0, -1,
					0, 0, 0, -1,
					0, 0, 0, -1,
					0, 0, 0, -1,
					0, 0, 0, -1,
					0, 0, 0, -1,
					0, 0, 0, -1,
					0, 0, 0, -1,
					0, 0, 0, -1,
					0, 0, 0, -1,
					0, 0, 0, -1,
					0, 0, 0, -1,
					0, 0, 0, -1,
					0, 0, 0, -1,
					0, 0, 0, -1,
					0, 0, 0, -1
				]
			}
		}
		Shape
		{
			appearance Appearance
			{
				material Material
				{
					diffuseColor 0.592 0.667 0.682
				}
			}
			geometry IndexedFaceSet
			{
				creaseAngle 0.5
				solid TRUE
				coord Coordinate
				{
					point
					[
						-0.825 -0.610 0.085,
						-0.825 -0.540 0.085,
						-0.785 -0.610 0.125,
						-0.785 -0.540 0.125
					]
				}
				coordIndex
				[
					0, 1, 2, -1,
					2, 1, 3, -1
				]
				normal Normal
				{
					vector
					[
						0.707 0.000 -0.707
					]
				}
				normalIndex
				[
					0, 0, 0, -1,
					0, 0, 0, -1
				]
			}
		}
		Shape
		{
			appearance Appearance
			{
				material Material
				{
					diffuseColor 0.592 0.667 0.682
				}
			}
			geometry IndexedFaceSet
			{
				creaseAngle 0.5
				solid TRUE
				coord Coordinate
				{
					point
					[
						-0.825 -0.885 -0.020,
						-0.825 -0.640 -0.020,
						-0.825 -0.640 0.040,
						-0.825 -0.620 -0.018,
						-0.825 -0.632 0.041,
						-0.825 -0.601 -0.011,
						-0.825 -0.625 0.044,
						-0.825 -0.583 0.000,
						-0.825 -0.619 0.049,
						-0.825 -0.614 0.055,
						-0.825 -0.540 0.000,
						-0.825 -0.540 0.085,
						-0.825 -0.611 0.062,
						-0.825 -0.610 0.085,
						-0.825 -0.610 0.070,
						-0.825 -0.885 0.040
					]
				}
				coordIndex
				[
					0, 1, 2, -1,
					2, 1, 3, -1,
					2, 3, 4, -1,
					4, 3, 5, -1,
					4, 5, 6, -1,
					6, 5, 7, -1,
					6, 7, 8, -1,
					8, 7, 9, -1,
					10, 11, 7, -1,
					7, 11, 12, -1,
					7, 12, 9, -1,
					13, 14, 11, -1,
					11, 14, 12, -1,
					2, 15, 0, -1
				]
				normal Normal
				{
					vector
					[
						1.000 -0.000 -0.000
					]
				}
				normalIndex
				[
					0, 0, 0, -1,
					0, 0, 0, -1,
					0, 0, 0, -1,
					0, 0, 0, -1,
					0, 0, 0, -1,
					0, 0, 0, -1,
					0, 0, 0, -1,
					0, 0, 0, -1,
					0, 0, 0, -1,
					0, 0, 0, -1,
					0, 0, 0, -1,
					0, 0, 0, -1,
					0, 0, 0, -1,
					0, 0, 0, -1
				]
			}
		}
		Shape
		{
			appearance Appearance
			{
				material Material
				{
					diffuseColor 0.592 0.667 0.682
				}
			}
			geometry IndexedFaceSet
			{
				creaseAngle 0.5
				solid TRUE
				coord Coordinate
				{
					point
					[
						-0.975 -0.610 0.100,
						-0.975 -0.540 0.100,
						-0.975 -0.610 0.070,
						-0.975 -0.611 0.062,
						-0.975 -0.540 0.000,
						-0.975 -0.583 0.000,
						-0.975 -0.614 0.055,
						-0.975 -0.619 0.049,
						-0.975 -0.625 0.044,
						-0.975 -0.601 -0.011,
						-0.975 -0.632 0.041,
						-0.975 -0.620 -0.018,
						-0.975 -0.640 0.040,
						-0.975 -0.640 -0.020,
						-0.975 -0.885 -0.020,
						-0.975 -0.885 0.040
					]
				}
				coordIndex
				[
					0, 1, 2, -1,
					2, 1, 3, -1,
					1, 4, 3, -1,
					3, 4, 5, -1,
					3, 5, 6, -1,
					6, 5, 7, -1,
					7, 5, 8, -1,
					8, 5, 9, -1,
					8, 9, 10, -1,
					10, 9, 11, -1,
					10, 11, 12, -1,
					12, 11, 13, -1,
					12, 13, 14, -1,
					14, 15, 12, -1
				]
				normal Normal
				{
					vector
					[
						-1.000 -0.000 -0.000
					]
				}
				normalIndex
				[
					0, 0, 0, -1,
					0, 0, 0, -1,
					0, 0, 0, -1,
					0, 0, 0, -1,
					0, 0, 0, -1,
					0, 0, 0, -1,
					0, 0, 0, -1,
					0, 0, 0, -1,
					0, 0, 0, -1,
					0, 0, 0, -1,
					0, 0, 0, -1,
					0, 0, 0, -1,
					0, 0, 0, -1,
					0, 0, 0, -1
				]
			}
		}
		Shape
		{
			appearance Appearance
			{
				material Material
				{
					diffuseColor 0.592 0.667 0.682
				}
			}
			geometry IndexedFaceSet
			{
				creaseAngle 0.5
				solid TRUE
				coord Coordinate
				{
					point
					[
						-1.225 -0.610 0.100,
						-1.225 -0.540 0.100,
						-0.975 -0.610 0.100,
						-0.975 -0.540 0.100
					]
				}
				coordIndex
				[
					0, 1, 2, -1,
					2, 1, 3, -1
				]
				normal Normal
				{
					vector
					[
						-0.000 0.000 -1.000
					]
				}
				normalIndex
				[
					0, 0, 0, -1,
					0, 0, 0, -1
				]
			}
		}
		Shape
		{
			appearance Appearance
			{
				material Material
				{
					diffuseColor 0.592 0.667 0.682
				}
			}
			geometry IndexedFaceSet
			{
				creaseAngle 0.5
				solid TRUE
				coord Coordinate
				{
					point
					[
						-0.785 0.610 0.125,
						-0.785 0.540 0.125,
						-0.825 0.610 0.085,
						-0.825 0.540 0.085
					]
				}
				coordIndex
				[
					0, 1, 2, -1,
					2, 1, 3, -1
				]
				normal Normal
				{
					vector
					[
						0.707 -0.000 -0.707
					]
				}
				normalIndex
				[
					0, 0, 0, -1,
					0, 0, 0, -1
				]
			}
		}
		Shape
		{
			appearance Appearance
			{
				material Material
				{
					diffuseColor 0.592 0.667 0.682
				}
			}
			geometry IndexedFaceSet
			{
				creaseAngle 0.5
				solid TRUE
				coord Coordinate
				{
					point
					[
						-0.825 0.610 0.085,
						-0.825 0.540 0.085,
						-0.825 0.610 0.070,
						-0.825 0.611 0.062,
						-0.825 0.540 0.000,
						-0.825 0.583 0.000,
						-0.825 0.640 -0.020,
						-0.825 0.640 0.040,
						-0.825 0.620 -0.018,
						-0.825 0.632 0.041,
						-0.825 0.601 -0.011,
						-0.825 0.625 0.044,
						-0.825 0.619 0.049,
						-0.825 0.614 0.055,
						-0.825 0.885 -0.020,
						-0.825 0.885 0.040
					]
				}
				coordIndex
				[
					0, 1, 2, -1,
					2, 1, 3, -1,
					4, 5, 1, -1,
					1, 5, 3, -1,
					6, 7, 8, -1,
					8, 7, 9, -1,
					8, 9, 10, -1,
					10, 9, 11, -1,
					10, 11, 5, -1,
					5, 11, 12, -1,
					5, 12, 13, -1,
					6, 14, 7, -1,
					7, 14, 15, -1,
					13, 3, 5, -1
				]
				normal Normal
				{
					vector
					[
						1.000 0.000 0.000
					]
				}
				normalIndex
				[
					0, 0, 0, -1,
					0, 0, 0, -1,
					0, 0, 0, -1,
					0, 0, 0, -1,
					0, 0, 0, -1,
					0, 0, 0, -1,
					0, 0, 0, -1,
					0, 0, 0, -1,
					0, 0, 0, -1,
					0, 0, 0, -1,
					0, 0, 0, -1,
					0, 0, 0, -1,
					0, 0, 0, -1,
					0, 0, 0, -1
				]
			}
		}
		Shape
		{
			appearance Appearance
			{
				material Material
				{
					diffuseColor 0.592 0.667 0.682
				}
			}
			geometry IndexedFaceSet
			{
				creaseAngle 0.5
				solid TRUE
				coord Coordinate
				{
					point
					[
						-0.975 0.885 -0.020,
						-0.975 0.640 -0.020,
						-0.975 0.640 0.040,
						-0.975 0.620 -0.018,
						-0.975 0.632 0.041,
						-0.975 0.601 -0.011,
						-0.975 0.625 0.044,
						-0.975 0.583 0.000,
						-0.975 0.619 0.049,
						-0.975 0.614 0.055,
						-0.975 0.611 0.062,
						-0.975 0.540 0.000,
						-0.975 0.540 0.100,
						-0.975 0.610 0.100,
						-0.975 0.610 0.070,
						-0.975 0.885 0.040
					]
				}
				coordIndex
				[
					0, 1, 2, -1,
					2, 1, 3, -1,
					2, 3, 4, -1,
					4, 3, 5, -1,
					4, 5, 6, -1,
					6, 5, 7, -1,
					6, 7, 8, -1,
					8, 7, 9, -1,
					9, 7, 10, -1,
					10, 7, 11, -1,
					10, 11, 12, -1,
					13, 14, 12, -1,
					12, 14, 10, -1,
					2, 15, 0, -1
				]
				normal Normal
				{
					vector
					[
						-1.000 0.000 0.000
					]
				}
				normalIndex
				[
					0, 0, 0, -1,
					0, 0, 0, -1,
					0, 0, 0, -1,
					0, 0, 0, -1,
					0, 0, 0, -1,
					0, 0, 0, -1,
					0, 0, 0, -1,
					0, 0, 0, -1,
					0, 0, 0, -1,
					0, 0, 0, -1,
					0, 0, 0, -1,
					0, 0, 0, -1,
					0, 0, 0, -1,
					0, 0, 0, -1
				]
			}
		}
		Shape
		{
			appearance Appearance
			{
				material Material
				{
					diffuseColor 0.592 0.667 0.682
				}
			}
			geometry IndexedFaceSet
			{
				creaseAngle 0.5
				solid TRUE
				coord Coordinate
				{
					point
					[
						-0.975 0.610 0.100,
						-0.975 0.540 0.100,
						-1.225 0.610 0.100,
						-1.225 0.540 0.100
					]
				}
				coordIndex
				[
					0, 1, 2, -1,
					2, 1, 3, -1
				]
				normal Normal
				{
					vector
					[
						0.000 -0.000 -1.000
					]
				}
				normalIndex
				[
					0, 0, 0, -1,
					0, 0, 0, -1
				]
			}
		}
		Shape
		{
			appearance Appearance
			{
				material Material
				{
					diffuseColor 0.592 0.667 0.682
				}
			}
			geometry IndexedFaceSet
			{
				creaseAngle 0.5
				solid TRUE
				coord Coordinate
				{
					point
					[
						-0.825 -0.640 -0.020,
						-0.975 -0.640 -0.020,
						-0.825 -0.620 -0.018,
						-0.975 -0.620 -0.018,
						-0.975 -0.601 -0.011,
						-0.975 -0.583 0.000,
						-0.825 -0.583 0.000,
						-0.825 -0.601 -0.011
					]
				}
				coordIndex
				[
					0, 1, 2, -1,
					2, 1, 3, -1,
					2, 3, 4, -1,
					5, 6, 4, -1,
					4, 6, 7, -1,
					4, 7, 2, -1
				]
				normal Normal
				{
					vector
					[
						0.000 0.000 -1.000,
						0.000 0.225 -0.974,
						0.000 0.438 -0.899,
						0.000 0.629 -0.778
					]
				}
				normalIndex
				[
					0, 0, 1, -1,
					1, 0, 1, -1,
					1, 1, 2, -1,
					3, 3, 2, -1,
					2, 3, 2, -1,
					2, 2, 1, -1
				]
			}
		}
		Shape
		{
			appearance Appearance
			{
				material Material
				{
					diffuseColor 0.592 0.667 0.682
				}
			}
			geometry IndexedFaceSet
			{
				creaseAngle 0.5
				solid TRUE
				coord Coordinate
				{
					point
					[
						-0.975 -0.885 -0.020,
						-0.825 -0.885 -0.020,
						-0.975 -0.885 0.040,
						-0.825 -0.885 0.040
					]
				}
				coordIndex
				[
					0, 1, 2, -1,
					2, 1, 3, -1
				]
				normal Normal
				{
					vector
					[
						0.000 -1.000 -0.000
					]
				}
				normalIndex
				[
					0, 0, 0, -1,
					0, 0, 0, -1
				]
			}
		}
		Shape
		{
			appearance Appearance
			{
				material Material
				{
					diffuseColor 0.592 0.667 0.682
				}
			}
			geometry IndexedFaceSet
			{
				creaseAngle 0.5
				solid TRUE
				coord Coordinate
				{
					point
					[
						-0.975 -0.885 0.040,
						-0.825 -0.885 0.040,
						-0.975 -0.640 0.040,
						-0.825 -0.640 0.040
					]
				}
				coordIndex
				[
					0, 1, 2, -1,
					2, 1, 3, -1
				]
				normal Normal
				{
					vector
					[
						-0.000 -0.000 1.000
					]
				}
				normalIndex
				[
					0, 0, 0, -1,
					0, 0, 0, -1
				]
			}
		}
		Shape
		{
			appearance Appearance
			{
				material Material
				{
					diffuseColor 0.592 0.667 0.682
				}
			}
			geometry IndexedFaceSet
			{
				creaseAngle 0.5
				solid TRUE
				coord Coordinate
				{
					point
					[
						-0.825 -0.610 0.070,
						-0.975 -0.610 0.070,
						-0.825 -0.611 0.062,
						-0.975 -0.611 0.062,
						-0.975 -0.614 0.055,
						-0.825 -0.614 0.055,
						-0.975 -0.619 0.049,
						-0.825 -0.619 0.049,
						-0.975 -0.625 0.044,
						-0.825 -0.625 0.044,
						-0.825 -0.632 0.041,
						-0.975 -0.632 0.041,
						-0.975 -0.640 0.040,
						-0.825 -0.640 0.040
					]
				}
				coordIndex
				[
					0, 1, 2, -1,
					2, 1, 3, -1,
					2, 3, 4, -1,
					2, 4, 5, -1,
					5, 4, 6, -1,
					5, 6, 7, -1,
					7, 6, 8, -1,
					7, 8, 9, -1,
					9, 8, 10, -1,
					8, 11, 10, -1,
					10, 11, 12, -1,
					10, 12, 13, -1
				]
				normal Normal
				{
					vector
					[
						-0.000 -1.000 -0.000,
						-0.000 -0.966 0.259,
						-0.000 -0.866 0.500,
						-0.000 -0.707 0.707,
						-0.000 -0.500 0.866,
						-0.000 -0.259 0.966,
						-0.000 -0.000 1.000
					]
				}
				normalIndex
				[
					0, 0, 1, -1,
					1, 0, 1, -1,
					1, 1, 2, -1,
					1, 2, 2, -1,
					2, 2, 3, -1,
					2, 3, 3, -1,
					3, 3, 4, -1,
					3, 4, 4, -1,
					4, 4, 5, -1,
					4, 5, 5, -1,
					5, 5, 6, -1,
					5, 6, 6, -1
				]
			}
		}
		Shape
		{
			appearance Appearance
			{
				material Material
				{
					diffuseColor 0.592 0.667 0.682
				}
			}
			geometry IndexedFaceSet
			{
				creaseAngle 0.5
				solid TRUE
				coord Coordinate
				{
					point
					[
						-0.975 -0.885 -0.020,
						-0.975 -0.640 -0.020,
						-0.825 -0.885 -0.020,
						-0.825 -0.640 -0.020
					]
				}
				coordIndex
				[
					0, 1, 2, -1,
					2, 1, 3, -1
				]
				normal Normal
				{
					vector
					[
						-0.000 0.000 -1.000
					]
				}
				normalIndex
				[
					0, 0, 0, -1,
					0, 0, 0, -1
				]
			}
		}
		Shape
		{
			appearance Appearance
			{
				material Material
				{
					diffuseColor 0.592 0.667 0.682
				}
			}
			geometry IndexedFaceSet
			{
				creaseAngle 0.5
				solid TRUE
				coord Coordinate
				{
					point
					[
						-0.975 0.640 -0.020,
						-0.825 0.640 -0.020,
						-0.975 0.620 -0.018,
						-0.825 0.620 -0.018,
						-0.825 0.601 -0.011,
						-0.825 0.583 0.000,
						-0.975 0.583 0.000,
						-0.975 0.601 -0.011
					]
				}
				coordIndex
				[
					0, 1, 2, -1,
					2, 1, 3, -1,
					2, 3, 4, -1,
					5, 6, 4, -1,
					4, 6, 7, -1,
					4, 7, 2, -1
				]
				normal Normal
				{
					vector
					[
						0.000 0.000 -1.000,
						0.000 -0.225 -0.974,
						0.000 -0.438 -0.899,
						0.000 -0.629 -0.778
					]
				}
				normalIndex
				[
					0, 0, 1, -1,
					1, 0, 1, -1,
					1, 1, 2, -1,
					3, 3, 2, -1,
					2, 3, 2, -1,
					2, 2, 1, -1
				]
			}
		}
		Shape
		{
			appearance Appearance
			{
				material Material
				{
					diffuseColor 0.592 0.667 0.682
				}
			}
			geometry IndexedFaceSet
			{
				creaseAngle 0.5
				solid TRUE
				coord Coordinate
				{
					point
					[
						-0.975 0.640 0.040,
						-0.975 0.632 0.041,
						-0.825 0.640 0.040,
						-0.825 0.632 0.041,
						-0.825 0.625 0.044,
						-0.975 0.625 0.044,
						-0.975 0.619 0.049,
						-0.825 0.619 0.049,
						-0.975 0.614 0.055,
						-0.825 0.614 0.055,
						-0.975 0.611 0.062,
						-0.825 0.611 0.062,
						-0.825 0.610 0.070,
						-0.975 0.610 0.070
					]
				}
				coordIndex
				[
					0, 1, 2, -1,
					2, 1, 3, -1,
					3, 1, 4, -1,
					4, 1, 5, -1,
					4, 5, 6, -1,
					4, 6, 7, -1,
					7, 6, 8, -1,
					7, 8, 9, -1,
					9, 8, 10, -1,
					9, 10, 11, -1,
					11, 10, 12, -1,
					10, 13, 12, -1
				]
				normal Normal
				{
					vector
					[
						-0.000 -0.000 1.000,
						-0.000 0.259 0.966,
						-0.000 0.500 0.866,
						-0.000 0.707 0.707,
						-0.000 0.866 0.500,
						-0.000 0.966 0.259,
						-0.000 1.000 -0.000
					]
				}
				normalIndex
				[
					0, 1, 0, -1,
					0, 1, 1, -1,
					1, 1, 2, -1,
					2, 1, 2, -1,
					2, 2, 3, -1,
					2, 3, 3, -1,
					3, 3, 4, -1,
					3, 4, 4, -1,
					4, 4, 5, -1,
					4, 5, 5, -1,
					5, 5, 6, -1,
					5, 6, 6, -1
				]
			}
		}
		Shape
		{
			appearance Appearance
			{
				material Material
				{
					diffuseColor 0.592 0.667 0.682
				}
			}
			geometry IndexedFaceSet
			{
				creaseAngle 0.5
				solid TRUE
				coord Coordinate
				{
					point
					[
						-0.975 0.885 0.040,
						-0.975 0.640 0.040,
						-0.825 0.885 0.040,
						-0.825 0.640 0.040
					]
				}
				coordIndex
				[
					0, 1, 2, -1,
					2, 1, 3, -1
				]
				normal Normal
				{
					vector
					[
						-0.000 0.000 1.000
					]
				}
				normalIndex
				[
					0, 0, 0, -1,
					0, 0, 0, -1
				]
			}
		}
		Shape
		{
			appearance Appearance
			{
				material Material
				{
					diffuseColor 0.592 0.667 0.682
				}
			}
			geometry IndexedFaceSet
			{
				creaseAngle 0.5
				solid TRUE
				coord Coordinate
				{
					point
					[
						-0.975 0.885 -0.020,
						-0.975 0.885 0.040,
						-0.825 0.885 -0.020,
						-0.825 0.885 0.040
					]
				}
				coordIndex
				[
					0, 1, 2, -1,
					2, 1, 3, -1
				]
				normal Normal
				{
					vector
					[
						-0.000 1.000 -0.000
					]
				}
				normalIndex
				[
					0, 0, 0, -1,
					0, 0, 0, -1
				]
			}
		}
		Shape
		{
			appearance Appearance
			{
				material Material
				{
					diffuseColor 0.592 0.667 0.682
				}
			}
			geometry IndexedFaceSet
			{
				creaseAngle 0.5
				solid TRUE
				coord Coordinate
				{
					point
					[
						-0.975 0.640 -0.020,
						-0.975 0.885 -0.020,
						-0.825 0.640 -0.020,
						-0.825 0.885 -0.020
					]
				}
				coordIndex
				[
					0, 1, 2, -1,
					2, 1, 3, -1
				]
				normal Normal
				{
					vector
					[
						-0.000 -0.000 -1.000
					]
				}
				normalIndex
				[
					0, 0, 0, -1,
					0, 0, 0, -1
				]
			}
		}
		Shape
		{
			appearance Appearance
			{
				material Material
				{
					diffuseColor 0.592 0.667 0.682
				}
			}
			geometry IndexedFaceSet
			{
				creaseAngle 0.5
				solid TRUE
				coord Coordinate
				{
					point
					[
						-1.275 -0.490 0.200,
						-1.345 -0.490 0.200,
						-1.275 -0.090 0.200,
						-1.345 -0.090 0.200
					]
				}
				coordIndex
				[
					0, 1, 2, -1,
					2, 1, 3, -1
				]
				normal Normal
				{
					vector
					[
						-0.000 -0.000 -1.000
					]
				}
				normalIndex
				[
					0, 0, 0, -1,
					0, 0, 0, -1
				]
			}
		}
		Shape
		{
			appearance Appearance
			{
				material Material
				{
					diffuseColor 0.592 0.667 0.682
				}
			}
			geometry IndexedFaceSet
			{
				creaseAngle 0.5
				solid TRUE
				coord Coordinate
				{
					point
					[
						-1.275 -0.090 0.200,
						-1.345 -0.090 0.200,
						-1.275 -0.090 0.070,
						-1.345 -0.090 0.070
					]
				}
				coordIndex
				[
					0, 1, 2, -1,
					2, 1, 3, -1
				]
				normal Normal
				{
					vector
					[
						0.000 -1.000 -0.000
					]
				}
				normalIndex
				[
					0, 0, 0, -1,
					0, 0, 0, -1
				]
			}
		}
		Shape
		{
			appearance Appearance
			{
				material Material
				{
					diffuseColor 0.592 0.667 0.682
				}
			}
			geometry IndexedFaceSet
			{
				creaseAngle 0.5
				solid TRUE
				coord Coordinate
				{
					point
					[
						-1.275 -0.090 0.070,
						-1.345 -0.090 0.070,
						-1.275 0.090 0.070,
						-1.345 0.090 0.070
					]
				}
				coordIndex
				[
					0, 1, 2, -1,
					2, 1, 3, -1
				]
				normal Normal
				{
					vector
					[
						-0.000 -0.000 -1.000
					]
				}
				normalIndex
				[
					0, 0, 0, -1,
					0, 0, 0, -1
				]
			}
		}
		Shape
		{
			appearance Appearance
			{
				material Material
				{
					diffuseColor 0.592 0.667 0.682
				}
			}
			geometry IndexedFaceSet
			{
				creaseAngle 0.5
				solid TRUE
				coord Coordinate
				{
					point
					[
						-1.275 0.090 0.200,
						-1.275 0.090 0.070,
						-1.345 0.090 0.200,
						-1.345 0.090 0.070
					]
				}
				coordIndex
				[
					0, 1, 2, -1,
					2, 1, 3, -1
				]
				normal Normal
				{
					vector
					[
						-0.000 1.000 -0.000
					]
				}
				normalIndex
				[
					0, 0, 0, -1,
					0, 0, 0, -1
				]
			}
		}
		Shape
		{
			appearance Appearance
			{
				material Material
				{
					diffuseColor 0.592 0.667 0.682
				}
			}
			geometry IndexedFaceSet
			{
				creaseAngle 0.5
				solid TRUE
				coord Coordinate
				{
					point
					[
						-1.275 0.090 0.200,
						-1.345 0.090 0.200,
						-1.275 0.490 0.200,
						-1.345 0.490 0.200
					]
				}
				coordIndex
				[
					0, 1, 2, -1,
					2, 1, 3, -1
				]
				normal Normal
				{
					vector
					[
						-0.000 -0.000 -1.000
					]
				}
				normalIndex
				[
					0, 0, 0, -1,
					0, 0, 0, -1
				]
			}
		}
		Shape
		{
			appearance Appearance
			{
				material Material
				{
					diffuseColor 0.592 0.667 0.682
				}
			}
			geometry IndexedFaceSet
			{
				creaseAngle 0.5
				solid TRUE
				coord Coordinate
				{
					point
					[
						-1.355 -0.490 0.000,
						-1.353 -0.503 0.000,
						-1.355 -0.490 0.180,
						-1.353 -0.503 0.180,
						-1.348 -0.515 0.000,
						-1.348 -0.515 0.180,
						-1.340 -0.525 0.180,
						-1.340 -0.525 0.000,
						-1.330 -0.533 0.000,
						-1.330 -0.533 0.180,
						-1.318 -0.538 0.000,
						-1.318 -0.538 0.180,
						-1.305 -0.540 0.180,
						-1.305 -0.540 -0.000
					]
				}
				coordIndex
				[
					0, 1, 2, -1,
					2, 1, 3, -1,
					1, 4, 3, -1,
					3, 4, 5, -1,
					5, 4, 6, -1,
					6, 4, 7, -1,
					6, 7, 8, -1,
					6, 8, 9, -1,
					9, 8, 10, -1,
					9, 10, 11, -1,
					11, 10, 12, -1,
					10, 13, 12, -1
				]
				normal Normal
				{
					vector
					[
						-1.000 -0.000 0.000,
						-0.966 -0.259 0.000,
						-0.966 -0.259 -0.000,
						-0.866 -0.500 0.000,
						-0.866 -0.500 -0.000,
						-0.707 -0.707 -0.000,
						-0.500 -0.866 -0.000,
						-0.259 -0.966 -0.000,
						0.000 -1.000 -0.000
					]
				}
				normalIndex
				[
					0, 1, 0, -1,
					0, 1, 2, -1,
					1, 3, 2, -1,
					2, 3, 4, -1,
					4, 3, 5, -1,
					5, 3, 5, -1,
					5, 5, 6, -1,
					5, 6, 6, -1,
					6, 6, 7, -1,
					6, 7, 7, -1,
					7, 7, 8, -1,
					7, 8, 8, -1
				]
			}
		}
		Shape
		{
			appearance Appearance
			{
				material Material
				{
					diffuseColor 0.592 0.667 0.682
				}
			}
			geometry IndexedFaceSet
			{
				creaseAngle 0.5
				solid TRUE
				coord Coordinate
				{
					point
					[
						-1.355 0.490 0.000,
						-1.355 0.490 0.180,
						-1.353 0.503 0.000,
						-1.353 0.503 0.180,
						-1.348 0.515 0.180,
						-1.348 0.515 0.000,
						-1.340 0.525 0.180,
						-1.340 0.525 0.000,
						-1.330 0.533 0.000,
						-1.330 0.533 0.180,
						-1.318 0.538 0.180,
						-1.318 0.538 0.000,
						-1.305 0.540 0.180,
						-1.305 0.540 0.000
					]
				}
				coordIndex
				[
					0, 1, 2, -1,
					2, 1, 3, -1,
					2, 3, 4, -1,
					2, 4, 5, -1,
					5, 4, 6, -1,
					5, 6, 7, -1,
					7, 6, 8, -1,
					6, 9, 8, -1,
					8, 9, 10, -1,
					8, 10, 11, -1,
					11, 10, 12, -1,
					11, 12, 13, -1
				]
				normal Normal
				{
					vector
					[
						-1.000 0.000 0.000,
						-0.966 0.259 0.000,
						-0.866 0.500 0.000,
						-0.707 0.707 0.000,
						-0.500 0.866 0.000,
						-0.259 0.966 0.000,
						0.000 1.000 0.000
					]
				}
				normalIndex
				[
					0, 0, 1, -1,
					1, 0, 1, -1,
					1, 1, 2, -1,
					1, 2, 2, -1,
					2, 2, 3, -1,
					2, 3, 3, -1,
					3, 3, 4, -1,
					3, 4, 4, -1,
					4, 4, 5, -1,
					4, 5, 5, -1,
					5, 5, 6, -1,
					5, 6, 6, -1
				]
			}
		}
		Shape
		{
			appearance Appearance
			{
				material Material
				{
					diffuseColor 0.592 0.667 0.682
				}
			}
			geometry IndexedFaceSet
			{
				creaseAngle 0.5
				solid TRUE
				coord Coordinate
				{
					point
					[
						-0.952 0.441 0.438,
						-0.951 0.436 0.437,
						-0.785 0.438 0.437,
						-0.950 0.430 0.435,
						-0.785 0.417 0.429,
						-0.950 0.410 0.425,
						-0.785 0.399 0.417,
						-0.950 0.393 0.411,
						-0.785 0.385 0.400,
						-0.950 0.381 0.393,
						-0.785 0.375 0.380,
						-0.950 0.373 0.372,
						-0.785 0.372 0.370,
						-0.785 0.371 0.360,
						-0.955 0.446 0.439,
						-0.785 0.460 0.440,
						-0.959 0.451 0.440,
						-0.963 0.455 0.440,
						-0.980 0.460 0.440,
						-0.974 0.459 0.440,
						-0.968 0.458 0.440,
						-0.950 0.370 0.350,
						-0.785 0.370 0.350
					]
				}
				coordIndex
				[
					0, 1, 2, -1,
					2, 1, 3, -1,
					2, 3, 4, -1,
					4, 3, 5, -1,
					4, 5, 6, -1,
					6, 5, 7, -1,
					6, 7, 8, -1,
					8, 7, 9, -1,
					8, 9, 10, -1,
					10, 9, 11, -1,
					10, 11, 12, -1,
					12, 11, 13, -1,
					0, 2, 14, -1,
					14, 2, 15, -1,
					14, 15, 16, -1,
					16, 15, 17, -1,
					18, 19, 15, -1,
					15, 19, 20, -1,
					15, 20, 17, -1,
					11, 21, 13, -1,
					13, 21, 22, -1
				]
				normal Normal
				{
					vector
					[
						0.000 -0.209 0.978,
						0.000 -0.270 0.963,
						0.000 -0.244 0.970,
						0.000 -0.333 0.943,
						0.000 -0.473 0.881,
						0.000 -0.553 0.833,
						0.000 -0.673 0.739,
						0.000 -0.739 0.673,
						0.000 -0.833 0.553,
						0.000 -0.881 0.473,
						0.000 -0.943 0.333,
						0.000 -0.970 0.244,
						0.000 -0.974 0.225,
						0.000 -0.994 0.113,
						0.000 -0.151 0.989,
						0.000 0.000 1.000,
						0.000 -0.100 0.995,
						0.000 -0.058 0.998,
						0.000 -0.007 1.000,
						0.000 -0.026 1.000,
						0.000 -1.000 0.000
					]
				}
				normalIndex
				[
					0, 1, 2, -1,
					2, 1, 3, -1,
					2, 3, 4, -1,
					4, 3, 5, -1,
					4, 5, 6, -1,
					6, 5, 7, -1,
					6, 7, 8, -1,
					8, 7, 9, -1,
					8, 9, 10, -1,
					10, 9, 11, -1,
					10, 11, 12, -1,
					12, 11, 13, -1,
					0, 2, 14, -1,
					14, 2, 15, -1,
					14, 15, 16, -1,
					16, 15, 17, -1,
					15, 18, 15, -1,
					15, 18, 19, -1,
					15, 19, 17, -1,
					11, 20, 13, -1,
					13, 20, 20, -1
				]
			}
		}
		Shape
		{
			appearance Appearance
			{
				material Material
				{
					diffuseColor 0.592 0.667 0.682
				}
			}
			geometry IndexedFaceSet
			{
				creaseAngle 0.5
				solid TRUE
				coord Coordinate
				{
					point
					[
						-0.951 -0.436 0.437,
						-0.785 -0.438 0.437,
						-0.950 -0.430 0.435,
						-0.785 -0.417 0.429,
						-0.950 -0.410 0.425,
						-0.785 -0.399 0.417,
						-0.950 -0.393 0.411,
						-0.785 -0.385 0.400,
						-0.950 -0.381 0.393,
						-0.785 -0.375 0.380,
						-0.950 -0.373 0.372,
						-0.785 -0.372 0.370,
						-0.785 -0.371 0.360,
						-0.952 -0.441 0.438,
						-0.955 -0.446 0.439,
						-0.785 -0.460 0.440,
						-0.959 -0.451 0.440,
						-0.963 -0.455 0.440,
						-0.968 -0.458 0.440,
						-0.974 -0.459 0.440,
						-0.980 -0.460 0.440,
						-0.785 -0.370 0.350,
						-0.950 -0.370 0.350
					]
				}
				coordIndex
				[
					0, 1, 2, -1,
					2, 1, 3, -1,
					2, 3, 4, -1,
					4, 3, 5, -1,
					4, 5, 6, -1,
					6, 5, 7, -1,
					6, 7, 8, -1,
					8, 7, 9, -1,
					8, 9, 10, -1,
					10, 9, 11, -1,
					10, 11, 12, -1,
					0, 13, 1, -1,
					1, 13, 14, -1,
					1, 14, 15, -1,
					15, 14, 16, -1,
					15, 16, 17, -1,
					17, 18, 15, -1,
					15, 18, 19, -1,
					15, 19, 20, -1,
					21, 22, 12, -1,
					12, 22, 10, -1
				]
				normal Normal
				{
					vector
					[
						0.000 0.270 0.963,
						0.000 0.244 0.970,
						0.000 0.333 0.943,
						0.000 0.473 0.881,
						-0.000 0.553 0.833,
						0.000 0.673 0.739,
						0.000 0.739 0.673,
						-0.000 0.833 0.553,
						0.000 0.881 0.473,
						0.000 0.943 0.333,
						0.000 0.970 0.244,
						0.000 0.974 0.225,
						0.000 0.994 0.113,
						-0.000 0.209 0.978,
						0.000 0.151 0.989,
						0.000 0.000 1.000,
						0.000 0.100 0.995,
						0.000 0.058 0.998,
						0.000 0.026 1.000,
						0.000 0.007 1.000,
						0.000 1.000 0.000
					]
				}
				normalIndex
				[
					0, 1, 2, -1,
					2, 1, 3, -1,
					2, 3, 4, -1,
					4, 3, 5, -1,
					4, 5, 6, -1,
					6, 5, 7, -1,
					6, 7, 8, -1,
					8, 7, 9, -1,
					8, 9, 10, -1,
					10, 9, 11, -1,
					10, 11, 12, -1,
					0, 13, 1, -1,
					1, 13, 14, -1,
					1, 14, 15, -1,
					15, 14, 16, -1,
					15, 16, 17, -1,
					17, 18, 15, -1,
					15, 18, 19, -1,
					15, 19, 15, -1,
					20, 20, 12, -1,
					12, 20, 10, -1
				]
			}
		}
		Shape
		{
			appearance Appearance
			{
				material Material
				{
					diffuseColor 0.592 0.667 0.682
				}
			}
			geometry IndexedFaceSet
			{
				creaseAngle 0.5
				solid TRUE
				coord Coordinate
				{
					point
					[
						-1.225 -0.610 0.350,
						-0.785 -0.610 0.350,
						-1.225 -0.607 0.373,
						-0.785 -0.607 0.373,
						-0.785 -0.598 0.395,
						-1.225 -0.598 0.395,
						-0.785 -0.584 0.414,
						-1.225 -0.584 0.414,
						-0.785 -0.565 0.428,
						-1.225 -0.565 0.428,
						-1.225 -0.543 0.437,
						-0.785 -0.543 0.437,
						-0.785 -0.520 0.440,
						-1.225 -0.520 0.440
					]
				}
				coordIndex
				[
					0, 1, 2, -1,
					2, 1, 3, -1,
					2, 3, 4, -1,
					2, 4, 5, -1,
					5, 4, 6, -1,
					5, 6, 7, -1,
					7, 6, 8, -1,
					7, 8, 9, -1,
					9, 8, 10, -1,
					8, 11, 10, -1,
					10, 11, 12, -1,
					10, 12, 13, -1
				]
				normal Normal
				{
					vector
					[
						0.000 -1.000 0.000,
						0.000 -0.966 0.259,
						0.000 -0.866 0.500,
						0.000 -0.707 0.707,
						0.000 -0.500 0.866,
						0.000 -0.259 0.966,
						0.000 0.000 1.000
					]
				}
				normalIndex
				[
					0, 0, 1, -1,
					1, 0, 1, -1,
					1, 1, 2, -1,
					1, 2, 2, -1,
					2, 2, 3, -1,
					2, 3, 3, -1,
					3, 3, 4, -1,
					3, 4, 4, -1,
					4, 4, 5, -1,
					4, 5, 5, -1,
					5, 5, 6, -1,
					5, 6, 6, -1
				]
			}
		}
		Shape
		{
			appearance Appearance
			{
				material Material
				{
					diffuseColor 0.592 0.667 0.682
				}
			}
			geometry IndexedFaceSet
			{
				creaseAngle 0.5
				solid TRUE
				coord Coordinate
				{
					point
					[
						-1.225 0.610 0.350,
						-1.225 0.607 0.373,
						-0.785 0.610 0.350,
						-0.785 0.607 0.373,
						-1.225 0.598 0.395,
						-0.785 0.598 0.395,
						-0.785 0.584 0.414,
						-1.225 0.584 0.414,
						-1.225 0.565 0.428,
						-0.785 0.565 0.428,
						-1.225 0.543 0.437,
						-0.785 0.543 0.437,
						-0.785 0.520 0.440,
						-1.225 0.520 0.440
					]
				}
				coordIndex
				[
					0, 1, 2, -1,
					2, 1, 3, -1,
					1, 4, 3, -1,
					3, 4, 5, -1,
					5, 4, 6, -1,
					6, 4, 7, -1,
					6, 7, 8, -1,
					6, 8, 9, -1,
					9, 8, 10, -1,
					9, 10, 11, -1,
					11, 10, 12, -1,
					10, 13, 12, -1
				]
				normal Normal
				{
					vector
					[
						0.000 1.000 0.000,
						0.000 0.966 0.259,
						0.000 0.866 0.500,
						0.000 0.707 0.707,
						0.000 0.500 0.866,
						0.000 0.259 0.966,
						0.000 0.000 1.000
					]
				}
				normalIndex
				[
					0, 1, 0, -1,
					0, 1, 1, -1,
					1, 2, 1, -1,
					1, 2, 2, -1,
					2, 2, 3, -1,
					3, 2, 3, -1,
					3, 3, 4, -1,
					3, 4, 4, -1,
					4, 4, 5, -1,
					4, 5, 5, -1,
					5, 5, 6, -1,
					5, 6, 6, -1
				]
			}
		}
		Shape
		{
			appearance Appearance
			{
				material Material
				{
					diffuseColor 0.592 0.667 0.682
				}
			}
			geometry IndexedFaceSet
			{
				creaseAngle 0.5
				solid TRUE
				coord Coordinate
				{
					point
					[
						-1.345 0.490 0.350,
						-1.345 -0.490 0.350,
						-1.342 0.490 0.373,
						-1.342 -0.490 0.373,
						-1.333 -0.490 0.395,
						-1.333 0.490 0.395,
						-1.319 -0.490 0.414,
						-1.319 0.490 0.414,
						-1.300 -0.490 0.428,
						-1.300 0.490 0.428,
						-1.278 0.490 0.437,
						-1.278 -0.490 0.437,
						-1.255 -0.490 0.440,
						-1.255 0.490 0.440
					]
				}
				coordIndex
				[
					0, 1, 2, -1,
					2, 1, 3, -1,
					2, 3, 4, -1,
					2, 4, 5, -1,
					5, 4, 6, -1,
					5, 6, 7, -1,
					7, 6, 8, -1,
					7, 8, 9, -1,
					9, 8, 10, -1,
					8, 11, 10, -1,
					10, 11, 12, -1,
					10, 12, 13, -1
				]
				normal Normal
				{
					vector
					[
						-1.000 0.000 0.000,
						-0.966 0.000 0.259,
						-0.866 0.000 0.500,
						-0.707 0.000 0.707,
						-0.500 0.000 0.866,
						-0.259 0.000 0.966,
						0.000 0.000 1.000
					]
				}
				normalIndex
				[
					0, 0, 1, -1,
					1, 0, 1, -1,
					1, 1, 2, -1,
					1, 2, 2, -1,
					2, 2, 3, -1,
					2, 3, 3, -1,
					3, 3, 4, -1,
					3, 4, 4, -1,
					4, 4, 5, -1,
					4, 5, 5, -1,
					5, 5, 6, -1,
					5, 6, 6, -1
				]
			}
		}
		Shape
		{
			appearance Appearance
			{
				material Material
				{
					diffuseColor 0.592 0.667 0.682
				}
			}
			geometry IndexedFaceSet
			{
				creaseAngle 0.5
				solid TRUE
				coord Coordinate
				{
					point
					[
						-0.635 -0.630 0.140,
						-0.635 -0.615 0.140,
						-0.635 -0.630 0.235,
						-0.635 -0.615 0.269,
						-0.635 -0.621 0.262,
						-0.635 -0.626 0.253,
						-0.635 -0.629 0.244
					]
				}
				coordIndex
				[
					0, 1, 2, -1,
					2, 1, 3, -1,
					2, 3, 4, -1,
					4, 5, 2, -1,
					2, 5, 6, -1
				]
				normal Normal
				{
					vector
					[
						1.000 0.000 0.000
					]
				}
				normalIndex
				[
					0, 0, 0, -1,
					0, 0, 0, -1,
					0, 0, 0, -1,
					0, 0, 0, -1,
					0, 0, 0, -1
				]
			}
		}
		Shape
		{
			appearance Appearance
			{
				material Material
				{
					diffuseColor 0.592 0.667 0.682
				}
			}
			geometry IndexedFaceSet
			{
				creaseAngle 0.5
				solid TRUE
				coord Coordinate
				{
					point
					[
						-0.415 -0.629 0.244,
						-0.415 -0.626 0.253,
						-0.415 -0.630 0.235,
						-0.415 -0.621 0.262,
						-0.415 -0.615 0.269,
						-0.415 -0.615 0.140,
						-0.415 -0.630 0.140
					]
				}
				coordIndex
				[
					0, 1, 2, -1,
					2, 1, 3, -1,
					2, 3, 4, -1,
					4, 5, 2, -1,
					2, 5, 6, -1
				]
				normal Normal
				{
					vector
					[
						-1.000 -0.000 -0.000
					]
				}
				normalIndex
				[
					0, 0, 0, -1,
					0, 0, 0, -1,
					0, 0, 0, -1,
					0, 0, 0, -1,
					0, 0, 0, -1
				]
			}
		}
		Shape
		{
			appearance Appearance
			{
				material Material
				{
					diffuseColor 0.592 0.667 0.682
				}
			}
			geometry IndexedFaceSet
			{
				creaseAngle 0.5
				solid TRUE
				coord Coordinate
				{
					point
					[
						-0.415 -0.630 0.140,
						-0.415 -0.615 0.140,
						-0.635 -0.630 0.140,
						-0.635 -0.615 0.140
					]
				}
				coordIndex
				[
					0, 1, 2, -1,
					2, 1, 3, -1
				]
				normal Normal
				{
					vector
					[
						-0.000 -0.000 1.000
					]
				}
				normalIndex
				[
					0, 0, 0, -1,
					0, 0, 0, -1
				]
			}
		}
		Shape
		{
			appearance Appearance
			{
				material Material
				{
					diffuseColor 0.592 0.667 0.682
				}
			}
			geometry IndexedFaceSet
			{
				creaseAngle 0.5
				solid TRUE
				coord Coordinate
				{
					point
					[
						-0.635 0.621 0.262,
						-0.635 0.615 0.269,
						-0.635 0.630 0.235,
						-0.635 0.615 0.140,
						-0.635 0.630 0.140,
						-0.635 0.629 0.244,
						-0.635 0.626 0.253
					]
				}
				coordIndex
				[
					0, 1, 2, -1,
					2, 1, 3, -1,
					2, 3, 4, -1,
					5, 6, 2, -1,
					2, 6, 0, -1
				]
				normal Normal
				{
					vector
					[
						1.000 0.000 0.000
					]
				}
				normalIndex
				[
					0, 0, 0, -1,
					0, 0, 0, -1,
					0, 0, 0, -1,
					0, 0, 0, -1,
					0, 0, 0, -1
				]
			}
		}
		Shape
		{
			appearance Appearance
			{
				material Material
				{
					diffuseColor 0.592 0.667 0.682
				}
			}
			geometry IndexedFaceSet
			{
				creaseAngle 0.5
				solid TRUE
				coord Coordinate
				{
					point
					[
						-0.415 0.630 0.140,
						-0.415 0.615 0.140,
						-0.415 0.630 0.235,
						-0.415 0.615 0.269,
						-0.415 0.621 0.262,
						-0.415 0.626 0.253,
						-0.415 0.629 0.244
					]
				}
				coordIndex
				[
					0, 1, 2, -1,
					2, 1, 3, -1,
					2, 3, 4, -1,
					4, 5, 2, -1,
					2, 5, 6, -1
				]
				normal Normal
				{
					vector
					[
						-1.000 -0.000 -0.000
					]
				}
				normalIndex
				[
					0, 0, 0, -1,
					0, 0, 0, -1,
					0, 0, 0, -1,
					0, 0, 0, -1,
					0, 0, 0, -1
				]
			}
		}
		Shape
		{
			appearance Appearance
			{
				material Material
				{
					diffuseColor 0.592 0.667 0.682
				}
			}
			geometry IndexedFaceSet
			{
				creaseAngle 0.5
				solid TRUE
				coord Coordinate
				{
					point
					[
						-0.824 0.240 0.150,
						-0.824 0.245 0.150,
						-1.005 0.240 0.150,
						-1.005 0.253 0.148,
						-0.823 0.250 0.149,
						-0.821 0.255 0.148,
						-0.820 0.259 0.146,
						-1.005 0.265 0.143,
						-0.814 0.268 0.142,
						-1.005 0.275 0.135,
						-0.807 0.275 0.135,
						-0.798 0.282 0.128,
						-1.005 0.283 0.125,
						-0.788 0.286 0.119,
						-1.005 0.288 0.113,
						-0.765 0.290 0.100,
						-1.005 0.290 0.100
					]
				}
				coordIndex
				[
					0, 1, 2, -1,
					2, 1, 3, -1,
					1, 4, 3, -1,
					3, 4, 5, -1,
					3, 5, 6, -1,
					3, 6, 7, -1,
					7, 6, 8, -1,
					7, 8, 9, -1,
					9, 8, 10, -1,
					9, 10, 11, -1,
					9, 11, 12, -1,
					12, 11, 13, -1,
					12, 13, 14, -1,
					14, 13, 15, -1,
					14, 15, 16, -1
				]
				normal Normal
				{
					vector
					[
						0.000 0.000 1.000,
						0.000 0.098 0.995,
						-0.000 0.000 1.000,
						0.000 0.259 0.966,
						-0.000 0.195 0.981,
						0.000 0.290 0.957,
						0.000 0.383 0.924,
						-0.000 0.500 0.866,
						0.000 0.556 0.831,
						0.000 0.707 0.707,
						0.000 0.831 0.556,
						0.000 0.866 0.500,
						0.000 0.924 0.383,
						0.000 0.966 0.259,
						0.000 1.000 -0.000
					]
				}
				normalIndex
				[
					0, 1, 2, -1,
					2, 1, 3, -1,
					1, 4, 3, -1,
					3, 4, 5, -1,
					3, 5, 6, -1,
					3, 6, 7, -1,
					7, 6, 8, -1,
					7, 8, 9, -1,
					9, 8, 9, -1,
					9, 9, 10, -1,
					9, 10, 11, -1,
					11, 10, 12, -1,
					11, 12, 13, -1,
					13, 12, 14, -1,
					13, 14, 14, -1
				]
			}
		}
		Shape
		{
			appearance Appearance
			{
				material Material
				{
					diffuseColor 0.592 0.667 0.682
				}
			}
			geometry IndexedFaceSet
			{
				creaseAngle 0.5
				solid TRUE
				coord Coordinate
				{
					point
					[
						-1.005 -0.290 0.100,
						-0.765 -0.290 0.100,
						-1.005 -0.288 0.113,
						-0.788 -0.286 0.119,
						-1.005 -0.283 0.125,
						-0.798 -0.282 0.128,
						-1.005 -0.275 0.135,
						-0.807 -0.275 0.135,
						-0.814 -0.268 0.142,
						-1.005 -0.265 0.143,
						-0.820 -0.259 0.146,
						-1.005 -0.253 0.148,
						-0.821 -0.255 0.148,
						-0.823 -0.250 0.149,
						-0.824 -0.245 0.150,
						-1.005 -0.240 0.150,
						-0.824 -0.240 0.150
					]
				}
				coordIndex
				[
					0, 1, 2, -1,
					2, 1, 3, -1,
					2, 3, 4, -1,
					4, 3, 5, -1,
					4, 5, 6, -1,
					6, 5, 7, -1,
					6, 7, 8, -1,
					6, 8, 9, -1,
					9, 8, 10, -1,
					9, 10, 11, -1,
					11, 10, 12, -1,
					11, 12, 13, -1,
					13, 14, 11, -1,
					11, 14, 15, -1,
					14, 16, 15, -1
				]
				normal Normal
				{
					vector
					[
						0.000 -1.000 -0.000,
						0.000 -0.966 0.259,
						0.000 -0.924 0.383,
						-0.000 -0.866 0.500,
						0.000 -0.831 0.556,
						-0.000 -0.707 0.707,
						0.000 -0.556 0.831,
						0.000 -0.500 0.866,
						0.000 -0.383 0.924,
						0.000 -0.259 0.966,
						0.000 -0.290 0.957,
						0.000 -0.195 0.981,
						0.000 -0.098 0.995,
						0.000 0.000 1.000
					]
				}
				normalIndex
				[
					0, 0, 1, -1,
					1, 0, 2, -1,
					1, 2, 3, -1,
					3, 2, 4, -1,
					3, 4, 5, -1,
					5, 4, 5, -1,
					5, 5, 6, -1,
					5, 6, 7, -1,
					7, 6, 8, -1,
					7, 8, 9, -1,
					9, 8, 10, -1,
					9, 10, 11, -1,
					11, 12, 9, -1,
					9, 12, 13, -1,
					12, 13, 13, -1
				]
			}
		}
		Shape
		{
			appearance Appearance
			{
				material Material
				{
					diffuseColor 0.592 0.667 0.682
				}
			}
			geometry IndexedFaceSet
			{
				creaseAngle 0.5
				solid TRUE
				coord Coordinate
				{
					point
					[
						0.824 0.240 0.150,
						1.005 0.240 0.150,
						0.824 0.245 0.150,
						1.005 0.253 0.148,
						0.823 0.250 0.149,
						0.821 0.255 0.148,
						0.820 0.259 0.146,
						1.005 0.265 0.143,
						0.814 0.268 0.142,
						1.005 0.275 0.135,
						0.807 0.275 0.135,
						0.798 0.282 0.128,
						1.005 0.283 0.125,
						0.788 0.286 0.119,
						1.005 0.288 0.113,
						0.765 0.290 0.100,
						1.005 0.290 0.100
					]
				}
				coordIndex
				[
					0, 1, 2, -1,
					2, 1, 3, -1,
					2, 3, 4, -1,
					4, 3, 5, -1,
					5, 3, 6, -1,
					6, 3, 7, -1,
					6, 7, 8, -1,
					8, 7, 9, -1,
					8, 9, 10, -1,
					10, 9, 11, -1,
					9, 12, 11, -1,
					11, 12, 13, -1,
					12, 14, 13, -1,
					13, 14, 15, -1,
					14, 16, 15, -1
				]
				normal Normal
				{
					vector
					[
						0.000 0.000 1.000,
						0.000 0.098 0.995,
						0.000 0.259 0.966,
						0.000 0.195 0.981,
						0.000 0.290 0.957,
						0.000 0.383 0.924,
						0.000 0.500 0.866,
						0.000 0.556 0.831,
						0.000 0.707 0.707,
						0.000 0.831 0.556,
						0.000 0.866 0.500,
						0.000 0.924 0.383,
						0.000 0.966 0.259,
						0.000 1.000 0.000
					]
				}
				normalIndex
				[
					0, 0, 1, -1,
					1, 0, 2, -1,
					1, 2, 3, -1,
					3, 2, 4, -1,
					4, 2, 5, -1,
					5, 2, 6, -1,
					5, 6, 7, -1,
					7, 6, 8, -1,
					7, 8, 8, -1,
					8, 8, 9, -1,
					8, 10, 9, -1,
					9, 10, 11, -1,
					10, 12, 11, -1,
					11, 12, 13, -1,
					12, 13, 13, -1
				]
			}
		}
		Shape
		{
			appearance Appearance
			{
				material Material
				{
					diffuseColor 0.592 0.667 0.682
				}
			}
			geometry IndexedFaceSet
			{
				creaseAngle 0.5
				solid TRUE
				coord Coordinate
				{
					point
					[
						1.005 -0.290 0.100,
						1.005 -0.288 0.113,
						0.765 -0.290 0.100,
						0.788 -0.286 0.119,
						1.005 -0.283 0.125,
						0.798 -0.282 0.128,
						1.005 -0.275 0.135,
						0.807 -0.275 0.135,
						0.814 -0.268 0.142,
						1.005 -0.265 0.143,
						0.820 -0.259 0.146,
						1.005 -0.253 0.148,
						0.821 -0.255 0.148,
						0.823 -0.250 0.149,
						0.824 -0.245 0.150,
						1.005 -0.240 0.150,
						0.824 -0.240 0.150
					]
				}
				coordIndex
				[
					0, 1, 2, -1,
					2, 1, 3, -1,
					1, 4, 3, -1,
					3, 4, 5, -1,
					4, 6, 5, -1,
					5, 6, 7, -1,
					7, 6, 8, -1,
					8, 6, 9, -1,
					8, 9, 10, -1,
					10, 9, 11, -1,
					10, 11, 12, -1,
					12, 11, 13, -1,
					13, 11, 14, -1,
					14, 11, 15, -1,
					14, 15, 16, -1
				]
				normal Normal
				{
					vector
					[
						0.000 -1.000 -0.000,
						0.000 -0.966 0.259,
						0.000 -0.924 0.383,
						0.000 -0.866 0.500,
						0.000 -0.831 0.556,
						0.000 -0.707 0.707,
						0.000 -0.556 0.831,
						0.000 -0.500 0.866,
						0.000 -0.383 0.924,
						0.000 -0.259 0.966,
						0.000 -0.290 0.957,
						0.000 -0.195 0.981,
						0.000 -0.098 0.995,
						0.000 0.000 1.000
					]
				}
				normalIndex
				[
					0, 1, 0, -1,
					0, 1, 2, -1,
					1, 3, 2, -1,
					2, 3, 4, -1,
					3, 5, 4, -1,
					4, 5, 5, -1,
					5, 5, 6, -1,
					6, 5, 7, -1,
					6, 7, 8, -1,
					8, 7, 9, -1,
					8, 9, 10, -1,
					10, 9, 11, -1,
					11, 9, 12, -1,
					12, 9, 13, -1,
					12, 13, 13, -1
				]
			}
		}
		Shape
		{
			appearance Appearance
			{
				material Material
				{
					diffuseColor 0.592 0.667 0.682
				}
			}
			geometry IndexedFaceSet
			{
				creaseAngle 0.5
				solid TRUE
				coord Coordinate
				{
					point
					[
						-0.785 0.350 0.370,
						-0.745 0.350 0.370,
						-0.765 0.351 0.380,
						-0.745 0.353 0.393,
						-0.765 0.356 0.401,
						-0.745 0.362 0.415,
						-0.765 0.366 0.421,
						-0.745 0.376 0.434,
						-0.765 0.380 0.437,
						-0.745 0.395 0.448,
						-0.765 0.398 0.450,
						-0.745 0.417 0.457,
						-0.765 0.418 0.457,
						-0.745 0.440 0.460,
						-0.765 0.440 0.460,
						-0.785 0.351 0.380,
						-0.785 0.350 0.377,
						-0.785 0.350 0.373
					]
				}
				coordIndex
				[
					0, 1, 2, -1,
					2, 1, 3, -1,
					2, 3, 4, -1,
					4, 3, 5, -1,
					4, 5, 6, -1,
					6, 5, 7, -1,
					6, 7, 8, -1,
					8, 7, 9, -1,
					8, 9, 10, -1,
					10, 9, 11, -1,
					10, 11, 12, -1,
					12, 11, 13, -1,
					12, 13, 14, -1,
					15, 16, 2, -1,
					2, 16, 17, -1,
					2, 17, 0, -1
				]
				normal Normal
				{
					vector
					[
						0.000 -1.000 0.000,
						0.000 -0.994 0.111,
						0.000 -0.966 0.259,
						0.000 -0.938 0.347,
						0.000 -0.866 0.500,
						0.000 -0.827 0.563,
						0.000 -0.707 0.707,
						0.000 -0.667 0.745,
						0.000 -0.500 0.866,
						0.000 -0.468 0.884,
						0.000 -0.259 0.966,
						0.000 -0.241 0.971,
						0.000 0.000 1.000,
						0.000 -0.997 0.074,
						0.000 -0.999 0.037
					]
				}
				normalIndex
				[
					0, 0, 1, -1,
					1, 0, 2, -1,
					1, 2, 3, -1,
					3, 2, 4, -1,
					3, 4, 5, -1,
					5, 4, 6, -1,
					5, 6, 7, -1,
					7, 6, 8, -1,
					7, 8, 9, -1,
					9, 8, 10, -1,
					9, 10, 11, -1,
					11, 10, 12, -1,
					11, 12, 12, -1,
					1, 13, 1, -1,
					1, 13, 14, -1,
					1, 14, 0, -1
				]
			}
		}
		Shape
		{
			appearance Appearance
			{
				material Material
				{
					diffuseColor 0.592 0.667 0.682
				}
			}
			geometry IndexedFaceSet
			{
				creaseAngle 0.5
				solid TRUE
				coord Coordinate
				{
					point
					[
						0.785 -0.350 0.370,
						0.745 -0.350 0.370,
						0.765 -0.351 0.380,
						0.745 -0.353 0.393,
						0.765 -0.356 0.401,
						0.745 -0.362 0.415,
						0.765 -0.366 0.421,
						0.745 -0.376 0.434,
						0.765 -0.380 0.437,
						0.745 -0.395 0.448,
						0.765 -0.398 0.450,
						0.745 -0.417 0.457,
						0.765 -0.418 0.457,
						0.745 -0.440 0.460,
						0.765 -0.440 0.460,
						0.785 -0.351 0.380,
						0.785 -0.350 0.377,
						0.785 -0.350 0.373
					]
				}
				coordIndex
				[
					0, 1, 2, -1,
					2, 1, 3, -1,
					2, 3, 4, -1,
					4, 3, 5, -1,
					4, 5, 6, -1,
					6, 5, 7, -1,
					6, 7, 8, -1,
					8, 7, 9, -1,
					8, 9, 10, -1,
					10, 9, 11, -1,
					10, 11, 12, -1,
					12, 11, 13, -1,
					12, 13, 14, -1,
					15, 16, 2, -1,
					2, 16, 17, -1,
					2, 17, 0, -1
				]
				normal Normal
				{
					vector
					[
						0.000 1.000 0.000,
						0.000 0.994 0.111,
						0.000 0.966 0.259,
						0.000 0.938 0.347,
						0.000 0.866 0.500,
						0.000 0.827 0.563,
						0.000 0.707 0.707,
						0.000 0.667 0.745,
						0.000 0.500 0.866,
						0.000 0.468 0.884,
						0.000 0.259 0.966,
						0.000 0.241 0.971,
						0.000 0.000 1.000,
						0.000 0.997 0.074,
						0.000 0.999 0.037
					]
				}
				normalIndex
				[
					0, 0, 1, -1,
					1, 0, 2, -1,
					1, 2, 3, -1,
					3, 2, 4, -1,
					3, 4, 5, -1,
					5, 4, 6, -1,
					5, 6, 7, -1,
					7, 6, 8, -1,
					7, 8, 9, -1,
					9, 8, 10, -1,
					9, 10, 11, -1,
					11, 10, 12, -1,
					11, 12, 12, -1,
					1, 13, 1, -1,
					1, 13, 14, -1,
					1, 14, 0, -1
				]
			}
		}
		Shape
		{
			appearance Appearance
			{
				material Material
				{
					diffuseColor 0.592 0.667 0.682
				}
			}
			geometry IndexedFaceSet
			{
				creaseAngle 0.5
				solid TRUE
				coord Coordinate
				{
					point
					[
						0.655 0.350 0.430,
						0.745 0.350 0.430,
						0.655 0.420 0.460,
						0.745 0.420 0.460
					]
				}
				coordIndex
				[
					0, 1, 2, -1,
					2, 1, 3, -1
				]
				normal Normal
				{
					vector
					[
						-0.000 -0.394 0.919
					]
				}
				normalIndex
				[
					0, 0, 0, -1,
					0, 0, 0, -1
				]
			}
		}
		Shape
		{
			appearance Appearance
			{
				material Material
				{
					diffuseColor 0.592 0.667 0.682
				}
			}
			geometry IndexedFaceSet
			{
				creaseAngle 0.5
				solid TRUE
				coord Coordinate
				{
					point
					[
						0.745 0.350 0.370,
						0.745 0.353 0.393,
						0.745 0.350 0.430,
						0.745 0.362 0.415,
						0.745 0.376 0.434,
						0.745 0.395 0.448,
						0.745 0.420 0.460,
						0.745 0.417 0.457,
						0.745 0.440 0.460
					]
				}
				coordIndex
				[
					0, 1, 2, -1,
					2, 1, 3, -1,
					2, 3, 4, -1,
					4, 5, 2, -1,
					2, 5, 6, -1,
					5, 7, 6, -1,
					6, 7, 8, -1
				]
				normal Normal
				{
					vector
					[
						1.000 -0.000 -0.000
					]
				}
				normalIndex
				[
					0, 0, 0, -1,
					0, 0, 0, -1,
					0, 0, 0, -1,
					0, 0, 0, -1,
					0, 0, 0, -1,
					0, 0, 0, -1,
					0, 0, 0, -1
				]
			}
		}
		Shape
		{
			appearance Appearance
			{
				material Material
				{
					diffuseColor 0.592 0.667 0.682
				}
			}
			geometry IndexedFaceSet
			{
				creaseAngle 0.5
				solid TRUE
				coord Coordinate
				{
					point
					[
						0.655 0.440 0.460,
						0.655 0.417 0.457,
						0.655 0.420 0.460,
						0.655 0.395 0.448,
						0.655 0.350 0.430,
						0.655 0.376 0.434,
						0.655 0.362 0.415,
						0.655 0.353 0.393,
						0.655 0.350 0.370
					]
				}
				coordIndex
				[
					0, 1, 2, -1,
					2, 1, 3, -1,
					2, 3, 4, -1,
					4, 3, 5, -1,
					4, 5, 6, -1,
					6, 7, 4, -1,
					4, 7, 8, -1
				]
				normal Normal
				{
					vector
					[
						-1.000 0.000 0.000
					]
				}
				normalIndex
				[
					0, 0, 0, -1,
					0, 0, 0, -1,
					0, 0, 0, -1,
					0, 0, 0, -1,
					0, 0, 0, -1,
					0, 0, 0, -1,
					0, 0, 0, -1
				]
			}
		}
		Shape
		{
			appearance Appearance
			{
				material Material
				{
					diffuseColor 0.592 0.667 0.682
				}
			}
			geometry IndexedFaceSet
			{
				creaseAngle 0.5
				solid TRUE
				coord Coordinate
				{
					point
					[
						0.655 -0.350 0.430,
						0.655 -0.420 0.460,
						0.745 -0.350 0.430,
						0.745 -0.420 0.460
					]
				}
				coordIndex
				[
					0, 1, 2, -1,
					2, 1, 3, -1
				]
				normal Normal
				{
					vector
					[
						-0.000 0.394 0.919
					]
				}
				normalIndex
				[
					0, 0, 0, -1,
					0, 0, 0, -1
				]
			}
		}
		Shape
		{
			appearance Appearance
			{
				material Material
				{
					diffuseColor 0.592 0.667 0.682
				}
			}
			geometry IndexedFaceSet
			{
				creaseAngle 0.5
				solid TRUE
				coord Coordinate
				{
					point
					[
						0.745 -0.440 0.460,
						0.745 -0.417 0.457,
						0.745 -0.420 0.460,
						0.745 -0.395 0.448,
						0.745 -0.350 0.430,
						0.745 -0.376 0.434,
						0.745 -0.362 0.415,
						0.745 -0.353 0.393,
						0.745 -0.350 0.370
					]
				}
				coordIndex
				[
					0, 1, 2, -1,
					2, 1, 3, -1,
					2, 3, 4, -1,
					4, 3, 5, -1,
					4, 5, 6, -1,
					6, 7, 4, -1,
					4, 7, 8, -1
				]
				normal Normal
				{
					vector
					[
						1.000 0.000 0.000
					]
				}
				normalIndex
				[
					0, 0, 0, -1,
					0, 0, 0, -1,
					0, 0, 0, -1,
					0, 0, 0, -1,
					0, 0, 0, -1,
					0, 0, 0, -1,
					0, 0, 0, -1
				]
			}
		}
		Shape
		{
			appearance Appearance
			{
				material Material
				{
					diffuseColor 0.592 0.667 0.682
				}
			}
			geometry IndexedFaceSet
			{
				creaseAngle 0.5
				solid TRUE
				coord Coordinate
				{
					point
					[
						0.655 -0.350 0.370,
						0.655 -0.353 0.393,
						0.655 -0.350 0.430,
						0.655 -0.362 0.415,
						0.655 -0.376 0.434,
						0.655 -0.395 0.448,
						0.655 -0.420 0.460,
						0.655 -0.417 0.457,
						0.655 -0.440 0.460
					]
				}
				coordIndex
				[
					0, 1, 2, -1,
					2, 1, 3, -1,
					2, 3, 4, -1,
					4, 5, 2, -1,
					2, 5, 6, -1,
					5, 7, 6, -1,
					6, 7, 8, -1
				]
				normal Normal
				{
					vector
					[
						-1.000 -0.000 -0.000
					]
				}
				normalIndex
				[
					0, 0, 0, -1,
					0, 0, 0, -1,
					0, 0, 0, -1,
					0, 0, 0, -1,
					0, 0, 0, -1,
					0, 0, 0, -1,
					0, 0, 0, -1
				]
			}
		}
		Shape
		{
			appearance Appearance
			{
				material Material
				{
					diffuseColor 0.592 0.667 0.682
				}
			}
			geometry IndexedFaceSet
			{
				creaseAngle 0.5
				solid TRUE
				coord Coordinate
				{
					point
					[
						-0.745 0.350 0.430,
						-0.655 0.350 0.430,
						-0.745 0.420 0.460,
						-0.655 0.420 0.460
					]
				}
				coordIndex
				[
					0, 1, 2, -1,
					2, 1, 3, -1
				]
				normal Normal
				{
					vector
					[
						-0.000 -0.394 0.919
					]
				}
				normalIndex
				[
					0, 0, 0, -1,
					0, 0, 0, -1
				]
			}
		}
		Shape
		{
			appearance Appearance
			{
				material Material
				{
					diffuseColor 0.592 0.667 0.682
				}
			}
			geometry IndexedFaceSet
			{
				creaseAngle 0.5
				solid TRUE
				coord Coordinate
				{
					point
					[
						-0.655 0.350 0.370,
						-0.655 0.353 0.393,
						-0.655 0.350 0.430,
						-0.655 0.362 0.415,
						-0.655 0.376 0.434,
						-0.655 0.395 0.448,
						-0.655 0.420 0.460,
						-0.655 0.417 0.457,
						-0.655 0.440 0.460
					]
				}
				coordIndex
				[
					0, 1, 2, -1,
					2, 1, 3, -1,
					2, 3, 4, -1,
					4, 5, 2, -1,
					2, 5, 6, -1,
					5, 7, 6, -1,
					6, 7, 8, -1
				]
				normal Normal
				{
					vector
					[
						1.000 -0.000 -0.000
					]
				}
				normalIndex
				[
					0, 0, 0, -1,
					0, 0, 0, -1,
					0, 0, 0, -1,
					0, 0, 0, -1,
					0, 0, 0, -1,
					0, 0, 0, -1,
					0, 0, 0, -1
				]
			}
		}
		Shape
		{
			appearance Appearance
			{
				material Material
				{
					diffuseColor 0.592 0.667 0.682
				}
			}
			geometry IndexedFaceSet
			{
				creaseAngle 0.5
				solid TRUE
				coord Coordinate
				{
					point
					[
						-0.745 0.440 0.460,
						-0.745 0.417 0.457,
						-0.745 0.420 0.460,
						-0.745 0.395 0.448,
						-0.745 0.350 0.430,
						-0.745 0.376 0.434,
						-0.745 0.362 0.415,
						-0.745 0.353 0.393,
						-0.745 0.350 0.370
					]
				}
				coordIndex
				[
					0, 1, 2, -1,
					2, 1, 3, -1,
					2, 3, 4, -1,
					4, 3, 5, -1,
					4, 5, 6, -1,
					6, 7, 4, -1,
					4, 7, 8, -1
				]
				normal Normal
				{
					vector
					[
						-1.000 0.000 0.000
					]
				}
				normalIndex
				[
					0, 0, 0, -1,
					0, 0, 0, -1,
					0, 0, 0, -1,
					0, 0, 0, -1,
					0, 0, 0, -1,
					0, 0, 0, -1,
					0, 0, 0, -1
				]
			}
		}
		Shape
		{
			appearance Appearance
			{
				material Material
				{
					diffuseColor 0.592 0.667 0.682
				}
			}
			geometry IndexedFaceSet
			{
				creaseAngle 0.5
				solid TRUE
				coord Coordinate
				{
					point
					[
						-0.395 0.350 0.430,
						-0.305 0.350 0.430,
						-0.395 0.420 0.460,
						-0.305 0.420 0.460
					]
				}
				coordIndex
				[
					0, 1, 2, -1,
					2, 1, 3, -1
				]
				normal Normal
				{
					vector
					[
						-0.000 -0.394 0.919
					]
				}
				normalIndex
				[
					0, 0, 0, -1,
					0, 0, 0, -1
				]
			}
		}
		Shape
		{
			appearance Appearance
			{
				material Material
				{
					diffuseColor 0.592 0.667 0.682
				}
			}
			geometry IndexedFaceSet
			{
				creaseAngle 0.5
				solid TRUE
				coord Coordinate
				{
					point
					[
						-0.305 0.350 0.370,
						-0.305 0.353 0.393,
						-0.305 0.350 0.430,
						-0.305 0.362 0.415,
						-0.305 0.376 0.434,
						-0.305 0.395 0.448,
						-0.305 0.420 0.460,
						-0.305 0.417 0.457,
						-0.305 0.440 0.460
					]
				}
				coordIndex
				[
					0, 1, 2, -1,
					2, 1, 3, -1,
					2, 3, 4, -1,
					4, 5, 2, -1,
					2, 5, 6, -1,
					5, 7, 6, -1,
					6, 7, 8, -1
				]
				normal Normal
				{
					vector
					[
						1.000 -0.000 -0.000
					]
				}
				normalIndex
				[
					0, 0, 0, -1,
					0, 0, 0, -1,
					0, 0, 0, -1,
					0, 0, 0, -1,
					0, 0, 0, -1,
					0, 0, 0, -1,
					0, 0, 0, -1
				]
			}
		}
		Shape
		{
			appearance Appearance
			{
				material Material
				{
					diffuseColor 0.592 0.667 0.682
				}
			}
			geometry IndexedFaceSet
			{
				creaseAngle 0.5
				solid TRUE
				coord Coordinate
				{
					point
					[
						-0.395 0.440 0.460,
						-0.395 0.417 0.457,
						-0.395 0.420 0.460,
						-0.395 0.395 0.448,
						-0.395 0.350 0.430,
						-0.395 0.376 0.434,
						-0.395 0.362 0.415,
						-0.395 0.353 0.393,
						-0.395 0.350 0.370
					]
				}
				coordIndex
				[
					0, 1, 2, -1,
					2, 1, 3, -1,
					2, 3, 4, -1,
					4, 3, 5, -1,
					4, 5, 6, -1,
					6, 7, 4, -1,
					4, 7, 8, -1
				]
				normal Normal
				{
					vector
					[
						-1.000 0.000 0.000
					]
				}
				normalIndex
				[
					0, 0, 0, -1,
					0, 0, 0, -1,
					0, 0, 0, -1,
					0, 0, 0, -1,
					0, 0, 0, -1,
					0, 0, 0, -1,
					0, 0, 0, -1
				]
			}
		}
		Shape
		{
			appearance Appearance
			{
				material Material
				{
					diffuseColor 0.592 0.667 0.682
				}
			}
			geometry IndexedFaceSet
			{
				creaseAngle 0.5
				solid TRUE
				coord Coordinate
				{
					point
					[
						-0.045 0.350 0.430,
						0.045 0.350 0.430,
						-0.045 0.420 0.460,
						0.045 0.420 0.460
					]
				}
				coordIndex
				[
					0, 1, 2, -1,
					2, 1, 3, -1
				]
				normal Normal
				{
					vector
					[
						-0.000 -0.394 0.919
					]
				}
				normalIndex
				[
					0, 0, 0, -1,
					0, 0, 0, -1
				]
			}
		}
		Shape
		{
			appearance Appearance
			{
				material Material
				{
					diffuseColor 0.592 0.667 0.682
				}
			}
			geometry IndexedFaceSet
			{
				creaseAngle 0.5
				solid TRUE
				coord Coordinate
				{
					point
					[
						0.045 0.350 0.370,
						0.045 0.353 0.393,
						0.045 0.350 0.430,
						0.045 0.362 0.415,
						0.045 0.376 0.434,
						0.045 0.395 0.448,
						0.045 0.420 0.460,
						0.045 0.417 0.457,
						0.045 0.440 0.460
					]
				}
				coordIndex
				[
					0, 1, 2, -1,
					2, 1, 3, -1,
					2, 3, 4, -1,
					4, 5, 2, -1,
					2, 5, 6, -1,
					5, 7, 6, -1,
					6, 7, 8, -1
				]
				normal Normal
				{
					vector
					[
						1.000 -0.000 -0.000
					]
				}
				normalIndex
				[
					0, 0, 0, -1,
					0, 0, 0, -1,
					0, 0, 0, -1,
					0, 0, 0, -1,
					0, 0, 0, -1,
					0, 0, 0, -1,
					0, 0, 0, -1
				]
			}
		}
		Shape
		{
			appearance Appearance
			{
				material Material
				{
					diffuseColor 0.592 0.667 0.682
				}
			}
			geometry IndexedFaceSet
			{
				creaseAngle 0.5
				solid TRUE
				coord Coordinate
				{
					point
					[
						-0.045 0.440 0.460,
						-0.045 0.417 0.457,
						-0.045 0.420 0.460,
						-0.045 0.395 0.448,
						-0.045 0.350 0.430,
						-0.045 0.376 0.434,
						-0.045 0.362 0.415,
						-0.045 0.353 0.393,
						-0.045 0.350 0.370
					]
				}
				coordIndex
				[
					0, 1, 2, -1,
					2, 1, 3, -1,
					2, 3, 4, -1,
					4, 3, 5, -1,
					4, 5, 6, -1,
					6, 7, 4, -1,
					4, 7, 8, -1
				]
				normal Normal
				{
					vector
					[
						-1.000 0.000 0.000
					]
				}
				normalIndex
				[
					0, 0, 0, -1,
					0, 0, 0, -1,
					0, 0, 0, -1,
					0, 0, 0, -1,
					0, 0, 0, -1,
					0, 0, 0, -1,
					0, 0, 0, -1
				]
			}
		}
		Shape
		{
			appearance Appearance
			{
				material Material
				{
					diffuseColor 0.592 0.667 0.682
				}
			}
			geometry IndexedFaceSet
			{
				creaseAngle 0.5
				solid TRUE
				coord Coordinate
				{
					point
					[
						0.305 0.350 0.430,
						0.395 0.350 0.430,
						0.305 0.420 0.460,
						0.395 0.420 0.460
					]
				}
				coordIndex
				[
					0, 1, 2, -1,
					2, 1, 3, -1
				]
				normal Normal
				{
					vector
					[
						-0.000 -0.394 0.919
					]
				}
				normalIndex
				[
					0, 0, 0, -1,
					0, 0, 0, -1
				]
			}
		}
		Shape
		{
			appearance Appearance
			{
				material Material
				{
					diffuseColor 0.592 0.667 0.682
				}
			}
			geometry IndexedFaceSet
			{
				creaseAngle 0.5
				solid TRUE
				coord Coordinate
				{
					point
					[
						0.395 0.350 0.370,
						0.395 0.353 0.393,
						0.395 0.350 0.430,
						0.395 0.362 0.415,
						0.395 0.376 0.434,
						0.395 0.395 0.448,
						0.395 0.420 0.460,
						0.395 0.417 0.457,
						0.395 0.440 0.460
					]
				}
				coordIndex
				[
					0, 1, 2, -1,
					2, 1, 3, -1,
					2, 3, 4, -1,
					4, 5, 2, -1,
					2, 5, 6, -1,
					5, 7, 6, -1,
					6, 7, 8, -1
				]
				normal Normal
				{
					vector
					[
						1.000 -0.000 -0.000
					]
				}
				normalIndex
				[
					0, 0, 0, -1,
					0, 0, 0, -1,
					0, 0, 0, -1,
					0, 0, 0, -1,
					0, 0, 0, -1,
					0, 0, 0, -1,
					0, 0, 0, -1
				]
			}
		}
		Shape
		{
			appearance Appearance
			{
				material Material
				{
					diffuseColor 0.592 0.667 0.682
				}
			}
			geometry IndexedFaceSet
			{
				creaseAngle 0.5
				solid TRUE
				coord Coordinate
				{
					point
					[
						0.305 0.440 0.460,
						0.305 0.417 0.457,
						0.305 0.420 0.460,
						0.305 0.395 0.448,
						0.305 0.350 0.430,
						0.305 0.376 0.434,
						0.305 0.362 0.415,
						0.305 0.353 0.393,
						0.305 0.350 0.370
					]
				}
				coordIndex
				[
					0, 1, 2, -1,
					2, 1, 3, -1,
					2, 3, 4, -1,
					4, 3, 5, -1,
					4, 5, 6, -1,
					6, 7, 4, -1,
					4, 7, 8, -1
				]
				normal Normal
				{
					vector
					[
						-1.000 0.000 0.000
					]
				}
				normalIndex
				[
					0, 0, 0, -1,
					0, 0, 0, -1,
					0, 0, 0, -1,
					0, 0, 0, -1,
					0, 0, 0, -1,
					0, 0, 0, -1,
					0, 0, 0, -1
				]
			}
		}
		Shape
		{
			appearance Appearance
			{
				material Material
				{
					diffuseColor 0.592 0.667 0.682
				}
			}
			geometry IndexedFaceSet
			{
				creaseAngle 0.5
				solid TRUE
				coord Coordinate
				{
					point
					[
						-0.745 -0.350 0.430,
						-0.745 -0.420 0.460,
						-0.655 -0.350 0.430,
						-0.655 -0.420 0.460
					]
				}
				coordIndex
				[
					0, 1, 2, -1,
					2, 1, 3, -1
				]
				normal Normal
				{
					vector
					[
						-0.000 0.394 0.919
					]
				}
				normalIndex
				[
					0, 0, 0, -1,
					0, 0, 0, -1
				]
			}
		}
		Shape
		{
			appearance Appearance
			{
				material Material
				{
					diffuseColor 0.592 0.667 0.682
				}
			}
			geometry IndexedFaceSet
			{
				creaseAngle 0.5
				solid TRUE
				coord Coordinate
				{
					point
					[
						-0.655 -0.440 0.460,
						-0.655 -0.417 0.457,
						-0.655 -0.420 0.460,
						-0.655 -0.395 0.448,
						-0.655 -0.350 0.430,
						-0.655 -0.376 0.434,
						-0.655 -0.362 0.415,
						-0.655 -0.353 0.393,
						-0.655 -0.350 0.370
					]
				}
				coordIndex
				[
					0, 1, 2, -1,
					2, 1, 3, -1,
					2, 3, 4, -1,
					4, 3, 5, -1,
					4, 5, 6, -1,
					6, 7, 4, -1,
					4, 7, 8, -1
				]
				normal Normal
				{
					vector
					[
						1.000 0.000 0.000
					]
				}
				normalIndex
				[
					0, 0, 0, -1,
					0, 0, 0, -1,
					0, 0, 0, -1,
					0, 0, 0, -1,
					0, 0, 0, -1,
					0, 0, 0, -1,
					0, 0, 0, -1
				]
			}
		}
		Shape
		{
			appearance Appearance
			{
				material Material
				{
					diffuseColor 0.592 0.667 0.682
				}
			}
			geometry IndexedFaceSet
			{
				creaseAngle 0.5
				solid TRUE
				coord Coordinate
				{
					point
					[
						-0.745 -0.350 0.370,
						-0.745 -0.353 0.393,
						-0.745 -0.350 0.430,
						-0.745 -0.362 0.415,
						-0.745 -0.376 0.434,
						-0.745 -0.395 0.448,
						-0.745 -0.420 0.460,
						-0.745 -0.417 0.457,
						-0.745 -0.440 0.460
					]
				}
				coordIndex
				[
					0, 1, 2, -1,
					2, 1, 3, -1,
					2, 3, 4, -1,
					4, 5, 2, -1,
					2, 5, 6, -1,
					5, 7, 6, -1,
					6, 7, 8, -1
				]
				normal Normal
				{
					vector
					[
						-1.000 -0.000 -0.000
					]
				}
				normalIndex
				[
					0, 0, 0, -1,
					0, 0, 0, -1,
					0, 0, 0, -1,
					0, 0, 0, -1,
					0, 0, 0, -1,
					0, 0, 0, -1,
					0, 0, 0, -1
				]
			}
		}
		Shape
		{
			appearance Appearance
			{
				material Material
				{
					diffuseColor 0.592 0.667 0.682
				}
			}
			geometry IndexedFaceSet
			{
				creaseAngle 0.5
				solid TRUE
				coord Coordinate
				{
					point
					[
						-0.395 -0.350 0.430,
						-0.395 -0.420 0.460,
						-0.305 -0.350 0.430,
						-0.305 -0.420 0.460
					]
				}
				coordIndex
				[
					0, 1, 2, -1,
					2, 1, 3, -1
				]
				normal Normal
				{
					vector
					[
						-0.000 0.394 0.919
					]
				}
				normalIndex
				[
					0, 0, 0, -1,
					0, 0, 0, -1
				]
			}
		}
		Shape
		{
			appearance Appearance
			{
				material Material
				{
					diffuseColor 0.592 0.667 0.682
				}
			}
			geometry IndexedFaceSet
			{
				creaseAngle 0.5
				solid TRUE
				coord Coordinate
				{
					point
					[
						-0.305 -0.440 0.460,
						-0.305 -0.417 0.457,
						-0.305 -0.420 0.460,
						-0.305 -0.395 0.448,
						-0.305 -0.350 0.430,
						-0.305 -0.376 0.434,
						-0.305 -0.362 0.415,
						-0.305 -0.353 0.393,
						-0.305 -0.350 0.370
					]
				}
				coordIndex
				[
					0, 1, 2, -1,
					2, 1, 3, -1,
					2, 3, 4, -1,
					4, 3, 5, -1,
					4, 5, 6, -1,
					6, 7, 4, -1,
					4, 7, 8, -1
				]
				normal Normal
				{
					vector
					[
						1.000 0.000 0.000
					]
				}
				normalIndex
				[
					0, 0, 0, -1,
					0, 0, 0, -1,
					0, 0, 0, -1,
					0, 0, 0, -1,
					0, 0, 0, -1,
					0, 0, 0, -1,
					0, 0, 0, -1
				]
			}
		}
		Shape
		{
			appearance Appearance
			{
				material Material
				{
					diffuseColor 0.592 0.667 0.682
				}
			}
			geometry IndexedFaceSet
			{
				creaseAngle 0.5
				solid TRUE
				coord Coordinate
				{
					point
					[
						-0.395 -0.350 0.370,
						-0.395 -0.353 0.393,
						-0.395 -0.350 0.430,
						-0.395 -0.362 0.415,
						-0.395 -0.376 0.434,
						-0.395 -0.395 0.448,
						-0.395 -0.420 0.460,
						-0.395 -0.417 0.457,
						-0.395 -0.440 0.460
					]
				}
				coordIndex
				[
					0, 1, 2, -1,
					2, 1, 3, -1,
					2, 3, 4, -1,
					4, 5, 2, -1,
					2, 5, 6, -1,
					5, 7, 6, -1,
					6, 7, 8, -1
				]
				normal Normal
				{
					vector
					[
						-1.000 -0.000 -0.000
					]
				}
				normalIndex
				[
					0, 0, 0, -1,
					0, 0, 0, -1,
					0, 0, 0, -1,
					0, 0, 0, -1,
					0, 0, 0, -1,
					0, 0, 0, -1,
					0, 0, 0, -1
				]
			}
		}
		Shape
		{
			appearance Appearance
			{
				material Material
				{
					diffuseColor 0.592 0.667 0.682
				}
			}
			geometry IndexedFaceSet
			{
				creaseAngle 0.5
				solid TRUE
				coord Coordinate
				{
					point
					[
						-0.045 -0.350 0.430,
						-0.045 -0.420 0.460,
						0.045 -0.350 0.430,
						0.045 -0.420 0.460
					]
				}
				coordIndex
				[
					0, 1, 2, -1,
					2, 1, 3, -1
				]
				normal Normal
				{
					vector
					[
						-0.000 0.394 0.919
					]
				}
				normalIndex
				[
					0, 0, 0, -1,
					0, 0, 0, -1
				]
			}
		}
		Shape
		{
			appearance Appearance
			{
				material Material
				{
					diffuseColor 0.592 0.667 0.682
				}
			}
			geometry IndexedFaceSet
			{
				creaseAngle 0.5
				solid TRUE
				coord Coordinate
				{
					point
					[
						0.045 -0.440 0.460,
						0.045 -0.417 0.457,
						0.045 -0.420 0.460,
						0.045 -0.395 0.448,
						0.045 -0.350 0.430,
						0.045 -0.376 0.434,
						0.045 -0.362 0.415,
						0.045 -0.353 0.393,
						0.045 -0.350 0.370
					]
				}
				coordIndex
				[
					0, 1, 2, -1,
					2, 1, 3, -1,
					2, 3, 4, -1,
					4, 3, 5, -1,
					4, 5, 6, -1,
					6, 7, 4, -1,
					4, 7, 8, -1
				]
				normal Normal
				{
					vector
					[
						1.000 0.000 0.000
					]
				}
				normalIndex
				[
					0, 0, 0, -1,
					0, 0, 0, -1,
					0, 0, 0, -1,
					0, 0, 0, -1,
					0, 0, 0, -1,
					0, 0, 0, -1,
					0, 0, 0, -1
				]
			}
		}
		Shape
		{
			appearance Appearance
			{
				material Material
				{
					diffuseColor 0.592 0.667 0.682
				}
			}
			geometry IndexedFaceSet
			{
				creaseAngle 0.5
				solid TRUE
				coord Coordinate
				{
					point
					[
						-0.045 -0.350 0.370,
						-0.045 -0.353 0.393,
						-0.045 -0.350 0.430,
						-0.045 -0.362 0.415,
						-0.045 -0.376 0.434,
						-0.045 -0.395 0.448,
						-0.045 -0.420 0.460,
						-0.045 -0.417 0.457,
						-0.045 -0.440 0.460
					]
				}
				coordIndex
				[
					0, 1, 2, -1,
					2, 1, 3, -1,
					2, 3, 4, -1,
					4, 5, 2, -1,
					2, 5, 6, -1,
					5, 7, 6, -1,
					6, 7, 8, -1
				]
				normal Normal
				{
					vector
					[
						-1.000 -0.000 -0.000
					]
				}
				normalIndex
				[
					0, 0, 0, -1,
					0, 0, 0, -1,
					0, 0, 0, -1,
					0, 0, 0, -1,
					0, 0, 0, -1,
					0, 0, 0, -1,
					0, 0, 0, -1
				]
			}
		}
		Shape
		{
			appearance Appearance
			{
				material Material
				{
					diffuseColor 0.592 0.667 0.682
				}
			}
			geometry IndexedFaceSet
			{
				creaseAngle 0.5
				solid TRUE
				coord Coordinate
				{
					point
					[
						0.305 -0.350 0.430,
						0.305 -0.420 0.460,
						0.395 -0.350 0.430,
						0.395 -0.420 0.460
					]
				}
				coordIndex
				[
					0, 1, 2, -1,
					2, 1, 3, -1
				]
				normal Normal
				{
					vector
					[
						-0.000 0.394 0.919
					]
				}
				normalIndex
				[
					0, 0, 0, -1,
					0, 0, 0, -1
				]
			}
		}
		Shape
		{
			appearance Appearance
			{
				material Material
				{
					diffuseColor 0.592 0.667 0.682
				}
			}
			geometry IndexedFaceSet
			{
				creaseAngle 0.5
				solid TRUE
				coord Coordinate
				{
					point
					[
						0.395 -0.440 0.460,
						0.395 -0.417 0.457,
						0.395 -0.420 0.460,
						0.395 -0.395 0.448,
						0.395 -0.350 0.430,
						0.395 -0.376 0.434,
						0.395 -0.362 0.415,
						0.395 -0.353 0.393,
						0.395 -0.350 0.370
					]
				}
				coordIndex
				[
					0, 1, 2, -1,
					2, 1, 3, -1,
					2, 3, 4, -1,
					4, 3, 5, -1,
					4, 5, 6, -1,
					6, 7, 4, -1,
					4, 7, 8, -1
				]
				normal Normal
				{
					vector
					[
						1.000 0.000 0.000
					]
				}
				normalIndex
				[
					0, 0, 0, -1,
					0, 0, 0, -1,
					0, 0, 0, -1,
					0, 0, 0, -1,
					0, 0, 0, -1,
					0, 0, 0, -1,
					0, 0, 0, -1
				]
			}
		}
		Shape
		{
			appearance Appearance
			{
				material Material
				{
					diffuseColor 0.592 0.667 0.682
				}
			}
			geometry IndexedFaceSet
			{
				creaseAngle 0.5
				solid TRUE
				coord Coordinate
				{
					point
					[
						0.305 -0.350 0.370,
						0.305 -0.353 0.393,
						0.305 -0.350 0.430,
						0.305 -0.362 0.415,
						0.305 -0.376 0.434,
						0.305 -0.395 0.448,
						0.305 -0.420 0.460,
						0.305 -0.417 0.457,
						0.305 -0.440 0.460
					]
				}
				coordIndex
				[
					0, 1, 2, -1,
					2, 1, 3, -1,
					2, 3, 4, -1,
					4, 5, 2, -1,
					2, 5, 6, -1,
					5, 7, 6, -1,
					6, 7, 8, -1
				]
				normal Normal
				{
					vector
					[
						-1.000 -0.000 -0.000
					]
				}
				normalIndex
				[
					0, 0, 0, -1,
					0, 0, 0, -1,
					0, 0, 0, -1,
					0, 0, 0, -1,
					0, 0, 0, -1,
					0, 0, 0, -1,
					0, 0, 0, -1
				]
			}
		}
		Shape
		{
			appearance Appearance
			{
				material Material
				{
					diffuseColor 0.592 0.667 0.682
				}
			}
			geometry IndexedFaceSet
			{
				creaseAngle 0.5
				solid TRUE
				coord Coordinate
				{
					point
					[
						-0.285 -0.630 0.140,
						-0.285 -0.615 0.140,
						-0.285 -0.630 0.235,
						-0.285 -0.615 0.269,
						-0.285 -0.629 0.244,
						-0.285 -0.626 0.253,
						-0.285 -0.621 0.262
					]
				}
				coordIndex
				[
					0, 1, 2, -1,
					2, 1, 3, -1,
					2, 3, 4, -1,
					4, 3, 5, -1,
					3, 6, 5, -1
				]
				normal Normal
				{
					vector
					[
						1.000 -0.000 0.000
					]
				}
				normalIndex
				[
					0, 0, 0, -1,
					0, 0, 0, -1,
					0, 0, 0, -1,
					0, 0, 0, -1,
					0, 0, 0, -1
				]
			}
		}
		Shape
		{
			appearance Appearance
			{
				material Material
				{
					diffuseColor 0.592 0.667 0.682
				}
			}
			geometry IndexedFaceSet
			{
				creaseAngle 0.5
				solid TRUE
				coord Coordinate
				{
					point
					[
						-0.285 0.621 0.262,
						-0.285 0.615 0.269,
						-0.285 0.630 0.235,
						-0.285 0.615 0.140,
						-0.285 0.630 0.140,
						-0.285 0.629 0.244,
						-0.285 0.626 0.253
					]
				}
				coordIndex
				[
					0, 1, 2, -1,
					2, 1, 3, -1,
					2, 3, 4, -1,
					5, 6, 2, -1,
					2, 6, 0, -1
				]
				normal Normal
				{
					vector
					[
						1.000 0.000 0.000
					]
				}
				normalIndex
				[
					0, 0, 0, -1,
					0, 0, 0, -1,
					0, 0, 0, -1,
					0, 0, 0, -1,
					0, 0, 0, -1
				]
			}
		}
		Shape
		{
			appearance Appearance
			{
				material Material
				{
					diffuseColor 0.592 0.667 0.682
				}
			}
			geometry IndexedFaceSet
			{
				creaseAngle 0.5
				solid TRUE
				coord Coordinate
				{
					point
					[
						0.635 0.585 0.350,
						0.635 0.585 0.280,
						0.635 0.615 0.340,
						0.635 0.596 0.279,
						0.635 0.606 0.275,
						0.635 0.615 0.269,
						0.635 0.630 0.355,
						0.635 0.630 0.370
					]
				}
				coordIndex
				[
					0, 1, 2, -1,
					2, 1, 3, -1,
					2, 3, 4, -1,
					4, 5, 2, -1,
					6, 7, 2, -1,
					2, 7, 0, -1
				]
				normal Normal
				{
					vector
					[
						1.000 0.000 0.000
					]
				}
				normalIndex
				[
					0, 0, 0, -1,
					0, 0, 0, -1,
					0, 0, 0, -1,
					0, 0, 0, -1,
					0, 0, 0, -1,
					0, 0, 0, -1
				]
			}
		}
		Shape
		{
			appearance Appearance
			{
				material Material
				{
					diffuseColor 0.592 0.667 0.682
				}
			}
			geometry IndexedFaceSet
			{
				creaseAngle 0.5
				solid TRUE
				coord Coordinate
				{
					point
					[
						0.415 0.615 0.269,
						0.415 0.606 0.275,
						0.415 0.615 0.340,
						0.415 0.596 0.279,
						0.415 0.585 0.280,
						0.415 0.585 0.350,
						0.415 0.630 0.370,
						0.415 0.630 0.355
					]
				}
				coordIndex
				[
					0, 1, 2, -1,
					2, 1, 3, -1,
					2, 3, 4, -1,
					4, 5, 2, -1,
					2, 5, 6, -1,
					2, 6, 7, -1
				]
				normal Normal
				{
					vector
					[
						-1.000 -0.000 -0.000
					]
				}
				normalIndex
				[
					0, 0, 0, -1,
					0, 0, 0, -1,
					0, 0, 0, -1,
					0, 0, 0, -1,
					0, 0, 0, -1,
					0, 0, 0, -1
				]
			}
		}
		Shape
		{
			appearance Appearance
			{
				material Material
				{
					diffuseColor 0.592 0.667 0.682
				}
			}
			geometry IndexedFaceSet
			{
				creaseAngle 0.5
				solid TRUE
				coord Coordinate
				{
					point
					[
						0.415 0.615 0.140,
						0.415 0.615 0.269,
						0.635 0.615 0.140,
						0.635 0.615 0.269,
						0.415 0.615 0.340,
						0.635 0.615 0.340
					]
				}
				coordIndex
				[
					0, 1, 2, -1,
					2, 1, 3, -1,
					1, 4, 3, -1,
					3, 4, 5, -1
				]
				normal Normal
				{
					vector
					[
						-0.000 1.000 -0.000
					]
				}
				normalIndex
				[
					0, 0, 0, -1,
					0, 0, 0, -1,
					0, 0, 0, -1,
					0, 0, 0, -1
				]
			}
		}
		Shape
		{
			appearance Appearance
			{
				material Material
				{
					diffuseColor 0.592 0.667 0.682
				}
			}
			geometry IndexedFaceSet
			{
				creaseAngle 0.5
				solid TRUE
				coord Coordinate
				{
					point
					[
						0.415 0.630 0.355,
						0.635 0.630 0.355,
						0.415 0.615 0.340,
						0.635 0.615 0.340
					]
				}
				coordIndex
				[
					0, 1, 2, -1,
					2, 1, 3, -1
				]
				normal Normal
				{
					vector
					[
						-0.000 0.707 -0.707
					]
				}
				normalIndex
				[
					0, 0, 0, -1,
					0, 0, 0, -1
				]
			}
		}
		Shape
		{
			appearance Appearance
			{
				material Material
				{
					diffuseColor 0.592 0.667 0.682
				}
			}
			geometry IndexedFaceSet
			{
				creaseAngle 0.5
				solid TRUE
				coord Coordinate
				{
					point
					[
						0.415 0.630 0.355,
						0.415 0.630 0.370,
						0.635 0.630 0.355,
						0.635 0.630 0.370
					]
				}
				coordIndex
				[
					0, 1, 2, -1,
					2, 1, 3, -1
				]
				normal Normal
				{
					vector
					[
						-0.000 1.000 -0.000
					]
				}
				normalIndex
				[
					0, 0, 0, -1,
					0, 0, 0, -1
				]
			}
		}
		Shape
		{
			appearance Appearance
			{
				material Material
				{
					diffuseColor 0.592 0.667 0.682
				}
			}
			geometry IndexedFaceSet
			{
				creaseAngle 0.5
				solid TRUE
				coord Coordinate
				{
					point
					[
						0.635 -0.615 0.269,
						0.635 -0.606 0.275,
						0.635 -0.615 0.340,
						0.635 -0.596 0.279,
						0.635 -0.585 0.280,
						0.635 -0.585 0.350,
						0.635 -0.630 0.370,
						0.635 -0.630 0.355
					]
				}
				coordIndex
				[
					0, 1, 2, -1,
					2, 1, 3, -1,
					2, 3, 4, -1,
					4, 5, 2, -1,
					2, 5, 6, -1,
					2, 6, 7, -1
				]
				normal Normal
				{
					vector
					[
						1.000 0.000 0.000
					]
				}
				normalIndex
				[
					0, 0, 0, -1,
					0, 0, 0, -1,
					0, 0, 0, -1,
					0, 0, 0, -1,
					0, 0, 0, -1,
					0, 0, 0, -1
				]
			}
		}
		Shape
		{
			appearance Appearance
			{
				material Material
				{
					diffuseColor 0.592 0.667 0.682
				}
			}
			geometry IndexedFaceSet
			{
				creaseAngle 0.5
				solid TRUE
				coord Coordinate
				{
					point
					[
						0.415 -0.630 0.370,
						0.415 -0.585 0.350,
						0.415 -0.615 0.340,
						0.415 -0.585 0.280,
						0.415 -0.596 0.279,
						0.415 -0.606 0.275,
						0.415 -0.615 0.269,
						0.415 -0.630 0.355
					]
				}
				coordIndex
				[
					0, 1, 2, -1,
					2, 1, 3, -1,
					2, 3, 4, -1,
					4, 5, 2, -1,
					2, 5, 6, -1,
					2, 7, 0, -1
				]
				normal Normal
				{
					vector
					[
						-1.000 -0.000 -0.000
					]
				}
				normalIndex
				[
					0, 0, 0, -1,
					0, 0, 0, -1,
					0, 0, 0, -1,
					0, 0, 0, -1,
					0, 0, 0, -1,
					0, 0, 0, -1
				]
			}
		}
		Shape
		{
			appearance Appearance
			{
				material Material
				{
					diffuseColor 0.592 0.667 0.682
				}
			}
			geometry IndexedFaceSet
			{
				creaseAngle 0.5
				solid TRUE
				coord Coordinate
				{
					point
					[
						0.415 -0.630 0.355,
						0.635 -0.630 0.355,
						0.415 -0.630 0.370,
						0.635 -0.630 0.370
					]
				}
				coordIndex
				[
					0, 1, 2, -1,
					2, 1, 3, -1
				]
				normal Normal
				{
					vector
					[
						0.000 -1.000 -0.000
					]
				}
				normalIndex
				[
					0, 0, 0, -1,
					0, 0, 0, -1
				]
			}
		}
		Shape
		{
			appearance Appearance
			{
				material Material
				{
					diffuseColor 0.592 0.667 0.682
				}
			}
			geometry IndexedFaceSet
			{
				creaseAngle 0.5
				solid TRUE
				coord Coordinate
				{
					point
					[
						0.415 -0.615 0.340,
						0.635 -0.615 0.340,
						0.415 -0.630 0.355,
						0.635 -0.630 0.355
					]
				}
				coordIndex
				[
					0, 1, 2, -1,
					2, 1, 3, -1
				]
				normal Normal
				{
					vector
					[
						-0.000 -0.707 -0.707
					]
				}
				normalIndex
				[
					0, 0, 0, -1,
					0, 0, 0, -1
				]
			}
		}
		Shape
		{
			appearance Appearance
			{
				material Material
				{
					diffuseColor 0.592 0.667 0.682
				}
			}
			geometry IndexedFaceSet
			{
				creaseAngle 0.5
				solid TRUE
				coord Coordinate
				{
					point
					[
						0.635 -0.615 0.340,
						0.415 -0.615 0.340,
						0.635 -0.615 0.269,
						0.415 -0.615 0.269,
						0.635 -0.615 0.140,
						0.415 -0.615 0.140
					]
				}
				coordIndex
				[
					0, 1, 2, -1,
					2, 1, 3, -1,
					2, 3, 4, -1,
					4, 3, 5, -1
				]
				normal Normal
				{
					vector
					[
						0.000 -1.000 -0.000
					]
				}
				normalIndex
				[
					0, 0, 0, -1,
					0, 0, 0, -1,
					0, 0, 0, -1,
					0, 0, 0, -1
				]
			}
		}
		Shape
		{
			appearance Appearance
			{
				material Material
				{
					diffuseColor 0.592 0.667 0.682
				}
			}
			geometry IndexedFaceSet
			{
				creaseAngle 0.5
				solid TRUE
				coord Coordinate
				{
					point
					[
						0.575 0.603 0.060,
						0.575 0.590 0.040,
						0.575 0.630 0.060,
						0.575 0.590 0.000,
						0.575 0.780 0.000,
						0.575 0.781 -0.005,
						0.575 0.800 -0.020,
						0.575 0.800 0.040,
						0.575 0.780 0.060,
						0.575 0.785 0.059,
						0.575 0.783 -0.010,
						0.575 0.786 -0.014,
						0.575 0.790 -0.017,
						0.575 0.795 -0.019,
						0.575 1.000 -0.020,
						0.575 1.000 0.040,
						0.575 0.799 0.045,
						0.575 0.797 0.050,
						0.575 0.794 0.054,
						0.575 0.790 0.057
					]
				}
				coordIndex
				[
					0, 1, 2, -1,
					2, 1, 3, -1,
					2, 3, 4, -1,
					5, 6, 4, -1,
					4, 6, 7, -1,
					4, 7, 8, -1,
					8, 7, 9, -1,
					5, 10, 6, -1,
					6, 10, 11, -1,
					6, 11, 12, -1,
					12, 13, 6, -1,
					6, 14, 7, -1,
					7, 14, 15, -1,
					16, 17, 7, -1,
					7, 17, 18, -1,
					7, 18, 19, -1,
					19, 9, 7, -1,
					8, 2, 4, -1
				]
				normal Normal
				{
					vector
					[
						1.000 0.000 0.000
					]
				}
				normalIndex
				[
					0, 0, 0, -1,
					0, 0, 0, -1,
					0, 0, 0, -1,
					0, 0, 0, -1,
					0, 0, 0, -1,
					0, 0, 0, -1,
					0, 0, 0, -1,
					0, 0, 0, -1,
					0, 0, 0, -1,
					0, 0, 0, -1,
					0, 0, 0, -1,
					0, 0, 0, -1,
					0, 0, 0, -1,
					0, 0, 0, -1,
					0, 0, 0, -1,
					0, 0, 0, -1,
					0, 0, 0, -1,
					0, 0, 0, -1
				]
			}
		}
		Shape
		{
			appearance Appearance
			{
				material Material
				{
					diffuseColor 0.592 0.667 0.682
				}
			}
			geometry IndexedFaceSet
			{
				creaseAngle 0.5
				solid TRUE
				coord Coordinate
				{
					point
					[
						0.475 0.590 0.000,
						0.475 0.630 0.060,
						0.475 0.780 0.000,
						0.475 0.780 0.060,
						0.475 0.800 0.040,
						0.475 0.785 0.059,
						0.475 0.790 0.057,
						0.475 0.590 0.040,
						0.475 0.603 0.060,
						0.475 0.794 0.054,
						0.475 0.797 0.050,
						0.475 0.799 0.045,
						0.475 0.800 -0.020,
						0.475 1.000 0.040,
						0.475 1.000 -0.020,
						0.475 0.795 -0.019,
						0.475 0.790 -0.017,
						0.475 0.786 -0.014,
						0.475 0.783 -0.010,
						0.475 0.781 -0.005
					]
				}
				coordIndex
				[
					0, 1, 2, -1,
					2, 1, 3, -1,
					2, 3, 4, -1,
					4, 3, 5, -1,
					4, 5, 6, -1,
					0, 7, 1, -1,
					1, 7, 8, -1,
					6, 9, 4, -1,
					4, 9, 10, -1,
					4, 10, 11, -1,
					2, 4, 12, -1,
					12, 4, 13, -1,
					12, 13, 14, -1,
					15, 16, 12, -1,
					12, 16, 17, -1,
					12, 17, 18, -1,
					18, 19, 12, -1,
					12, 19, 2, -1
				]
				normal Normal
				{
					vector
					[
						-1.000 -0.000 -0.000
					]
				}
				normalIndex
				[
					0, 0, 0, -1,
					0, 0, 0, -1,
					0, 0, 0, -1,
					0, 0, 0, -1,
					0, 0, 0, -1,
					0, 0, 0, -1,
					0, 0, 0, -1,
					0, 0, 0, -1,
					0, 0, 0, -1,
					0, 0, 0, -1,
					0, 0, 0, -1,
					0, 0, 0, -1,
					0, 0, 0, -1,
					0, 0, 0, -1,
					0, 0, 0, -1,
					0, 0, 0, -1,
					0, 0, 0, -1,
					0, 0, 0, -1
				]
			}
		}
		Shape
		{
			appearance Appearance
			{
				material Material
				{
					diffuseColor 0.592 0.667 0.682
				}
			}
			geometry IndexedFaceSet
			{
				creaseAngle 0.5
				solid TRUE
				coord Coordinate
				{
					point
					[
						0.475 0.780 0.000,
						0.475 0.781 -0.005,
						0.575 0.780 0.000,
						0.575 0.781 -0.005,
						0.475 0.783 -0.010,
						0.575 0.783 -0.010,
						0.575 0.786 -0.014,
						0.475 0.786 -0.014,
						0.475 0.790 -0.017,
						0.575 0.790 -0.017,
						0.475 0.795 -0.019,
						0.575 0.795 -0.019,
						0.575 0.800 -0.020,
						0.475 0.800 -0.020
					]
				}
				coordIndex
				[
					0, 1, 2, -1,
					2, 1, 3, -1,
					1, 4, 3, -1,
					3, 4, 5, -1,
					5, 4, 6, -1,
					6, 4, 7, -1,
					6, 7, 8, -1,
					6, 8, 9, -1,
					9, 8, 10, -1,
					9, 10, 11, -1,
					11, 10, 12, -1,
					10, 13, 12, -1
				]
				normal Normal
				{
					vector
					[
						0.000 -1.000 0.000,
						0.000 -0.966 -0.259,
						0.000 -0.866 -0.500,
						0.000 -0.707 -0.707,
						0.000 -0.500 -0.866,
						0.000 -0.259 -0.966,
						0.000 0.000 -1.000
					]
				}
				normalIndex
				[
					0, 1, 0, -1,
					0, 1, 1, -1,
					1, 2, 1, -1,
					1, 2, 2, -1,
					2, 2, 3, -1,
					3, 2, 3, -1,
					3, 3, 4, -1,
					3, 4, 4, -1,
					4, 4, 5, -1,
					4, 5, 5, -1,
					5, 5, 6, -1,
					5, 6, 6, -1
				]
			}
		}
		Shape
		{
			appearance Appearance
			{
				material Material
				{
					diffuseColor 0.592 0.667 0.682
				}
			}
			geometry IndexedFaceSet
			{
				creaseAngle 0.5
				solid TRUE
				coord Coordinate
				{
					point
					[
						0.475 1.000 -0.020,
						0.575 1.000 -0.020,
						0.475 0.800 -0.020,
						0.575 0.800 -0.020
					]
				}
				coordIndex
				[
					0, 1, 2, -1,
					2, 1, 3, -1
				]
				normal Normal
				{
					vector
					[
						-0.000 -0.000 -1.000
					]
				}
				normalIndex
				[
					0, 0, 0, -1,
					0, 0, 0, -1
				]
			}
		}
		Shape
		{
			appearance Appearance
			{
				material Material
				{
					diffuseColor 0.592 0.667 0.682
				}
			}
			geometry IndexedFaceSet
			{
				creaseAngle 0.5
				solid TRUE
				coord Coordinate
				{
					point
					[
						0.475 1.000 -0.020,
						0.475 1.000 0.040,
						0.575 1.000 -0.020,
						0.575 1.000 0.040
					]
				}
				coordIndex
				[
					0, 1, 2, -1,
					2, 1, 3, -1
				]
				normal Normal
				{
					vector
					[
						-0.000 1.000 -0.000
					]
				}
				normalIndex
				[
					0, 0, 0, -1,
					0, 0, 0, -1
				]
			}
		}
		Shape
		{
			appearance Appearance
			{
				material Material
				{
					diffuseColor 0.592 0.667 0.682
				}
			}
			geometry IndexedFaceSet
			{
				creaseAngle 0.5
				solid TRUE
				coord Coordinate
				{
					point
					[
						0.475 1.000 0.040,
						0.475 0.800 0.040,
						0.575 1.000 0.040,
						0.575 0.800 0.040
					]
				}
				coordIndex
				[
					0, 1, 2, -1,
					2, 1, 3, -1
				]
				normal Normal
				{
					vector
					[
						-0.000 0.000 1.000
					]
				}
				normalIndex
				[
					0, 0, 0, -1,
					0, 0, 0, -1
				]
			}
		}
		Shape
		{
			appearance Appearance
			{
				material Material
				{
					diffuseColor 0.592 0.667 0.682
				}
			}
			geometry IndexedFaceSet
			{
				creaseAngle 0.5
				solid TRUE
				coord Coordinate
				{
					point
					[
						0.575 0.800 0.040,
						0.475 0.800 0.040,
						0.575 0.799 0.045,
						0.475 0.799 0.045,
						0.475 0.797 0.050,
						0.575 0.797 0.050,
						0.475 0.794 0.054,
						0.575 0.794 0.054,
						0.475 0.790 0.057,
						0.575 0.790 0.057,
						0.575 0.785 0.059,
						0.475 0.785 0.059,
						0.475 0.780 0.060,
						0.575 0.780 0.060
					]
				}
				coordIndex
				[
					0, 1, 2, -1,
					2, 1, 3, -1,
					2, 3, 4, -1,
					2, 4, 5, -1,
					5, 4, 6, -1,
					5, 6, 7, -1,
					7, 6, 8, -1,
					7, 8, 9, -1,
					9, 8, 10, -1,
					8, 11, 10, -1,
					10, 11, 12, -1,
					10, 12, 13, -1
				]
				normal Normal
				{
					vector
					[
						0.000 1.000 0.000,
						0.000 0.966 0.259,
						0.000 0.866 0.500,
						0.000 0.707 0.707,
						0.000 0.500 0.866,
						0.000 0.259 0.966,
						0.000 0.000 1.000
					]
				}
				normalIndex
				[
					0, 0, 1, -1,
					1, 0, 1, -1,
					1, 1, 2, -1,
					1, 2, 2, -1,
					2, 2, 3, -1,
					2, 3, 3, -1,
					3, 3, 4, -1,
					3, 4, 4, -1,
					4, 4, 5, -1,
					4, 5, 5, -1,
					5, 5, 6, -1,
					5, 6, 6, -1
				]
			}
		}
		Shape
		{
			appearance Appearance
			{
				material Material
				{
					diffuseColor 0.592 0.667 0.682
				}
			}
			geometry IndexedFaceSet
			{
				creaseAngle 0.5
				solid TRUE
				coord Coordinate
				{
					point
					[
						0.575 -0.630 0.060,
						0.475 -0.630 0.060,
						0.575 -0.780 0.060,
						0.475 -0.780 0.060
					]
				}
				coordIndex
				[
					0, 1, 2, -1,
					2, 1, 3, -1
				]
				normal Normal
				{
					vector
					[
						-0.000 -0.000 1.000
					]
				}
				normalIndex
				[
					0, 0, 0, -1,
					0, 0, 0, -1
				]
			}
		}
		Shape
		{
			appearance Appearance
			{
				material Material
				{
					diffuseColor 0.592 0.667 0.682
				}
			}
			geometry IndexedFaceSet
			{
				creaseAngle 0.5
				solid TRUE
				coord Coordinate
				{
					point
					[
						0.575 -0.603 0.060,
						0.575 -0.630 0.060,
						0.575 -0.590 0.040,
						0.575 -0.590 0.000,
						0.575 -0.780 -0.000,
						0.575 -0.780 0.060,
						0.575 -0.800 0.040,
						0.575 -0.785 0.059,
						0.575 -0.790 0.057,
						0.575 -0.794 0.054,
						0.575 -0.797 0.050,
						0.575 -0.799 0.045,
						0.575 -0.800 -0.020,
						0.575 -1.000 0.040,
						0.575 -1.000 -0.020,
						0.575 -0.795 -0.019,
						0.575 -0.790 -0.017,
						0.575 -0.786 -0.014,
						0.575 -0.783 -0.010,
						0.575 -0.781 -0.005
					]
				}
				coordIndex
				[
					0, 1, 2, -1,
					2, 1, 3, -1,
					3, 1, 4, -1,
					4, 1, 5, -1,
					4, 5, 6, -1,
					6, 5, 7, -1,
					6, 7, 8, -1,
					8, 9, 6, -1,
					6, 9, 10, -1,
					6, 10, 11, -1,
					4, 6, 12, -1,
					12, 6, 13, -1,
					12, 13, 14, -1,
					15, 16, 12, -1,
					12, 16, 17, -1,
					12, 17, 18, -1,
					18, 19, 12, -1,
					12, 19, 4, -1
				]
				normal Normal
				{
					vector
					[
						1.000 0.000 0.000
					]
				}
				normalIndex
				[
					0, 0, 0, -1,
					0, 0, 0, -1,
					0, 0, 0, -1,
					0, 0, 0, -1,
					0, 0, 0, -1,
					0, 0, 0, -1,
					0, 0, 0, -1,
					0, 0, 0, -1,
					0, 0, 0, -1,
					0, 0, 0, -1,
					0, 0, 0, -1,
					0, 0, 0, -1,
					0, 0, 0, -1,
					0, 0, 0, -1,
					0, 0, 0, -1,
					0, 0, 0, -1,
					0, 0, 0, -1,
					0, 0, 0, -1
				]
			}
		}
		Shape
		{
			appearance Appearance
			{
				material Material
				{
					diffuseColor 0.592 0.667 0.682
				}
			}
			geometry IndexedFaceSet
			{
				creaseAngle 0.5
				solid TRUE
				coord Coordinate
				{
					point
					[
						0.475 -0.603 0.060,
						0.475 -0.590 0.040,
						0.475 -0.630 0.060,
						0.475 -0.590 0.000,
						0.475 -0.780 -0.000,
						0.475 -0.781 -0.005,
						0.475 -0.800 -0.020,
						0.475 -0.800 0.040,
						0.475 -0.780 0.060,
						0.475 -0.785 0.059,
						0.475 -0.783 -0.010,
						0.475 -0.786 -0.014,
						0.475 -0.790 -0.017,
						0.475 -0.795 -0.019,
						0.475 -1.000 -0.020,
						0.475 -1.000 0.040,
						0.475 -0.799 0.045,
						0.475 -0.797 0.050,
						0.475 -0.794 0.054,
						0.475 -0.790 0.057
					]
				}
				coordIndex
				[
					0, 1, 2, -1,
					2, 1, 3, -1,
					2, 3, 4, -1,
					5, 6, 4, -1,
					4, 6, 7, -1,
					4, 7, 8, -1,
					8, 7, 9, -1,
					5, 10, 6, -1,
					6, 10, 11, -1,
					6, 11, 12, -1,
					12, 13, 6, -1,
					6, 14, 7, -1,
					7, 14, 15, -1,
					16, 17, 7, -1,
					7, 17, 18, -1,
					7, 18, 19, -1,
					19, 9, 7, -1,
					8, 2, 4, -1
				]
				normal Normal
				{
					vector
					[
						-1.000 -0.000 -0.000
					]
				}
				normalIndex
				[
					0, 0, 0, -1,
					0, 0, 0, -1,
					0, 0, 0, -1,
					0, 0, 0, -1,
					0, 0, 0, -1,
					0, 0, 0, -1,
					0, 0, 0, -1,
					0, 0, 0, -1,
					0, 0, 0, -1,
					0, 0, 0, -1,
					0, 0, 0, -1,
					0, 0, 0, -1,
					0, 0, 0, -1,
					0, 0, 0, -1,
					0, 0, 0, -1,
					0, 0, 0, -1,
					0, 0, 0, -1,
					0, 0, 0, -1
				]
			}
		}
		Shape
		{
			appearance Appearance
			{
				material Material
				{
					diffuseColor 0.592 0.667 0.682
				}
			}
			geometry IndexedFaceSet
			{
				creaseAngle 0.5
				solid TRUE
				coord Coordinate
				{
					point
					[
						0.475 -1.000 -0.020,
						0.575 -1.000 -0.020,
						0.475 -1.000 0.040,
						0.575 -1.000 0.040
					]
				}
				coordIndex
				[
					0, 1, 2, -1,
					2, 1, 3, -1
				]
				normal Normal
				{
					vector
					[
						0.000 -1.000 -0.000
					]
				}
				normalIndex
				[
					0, 0, 0, -1,
					0, 0, 0, -1
				]
			}
		}
		Shape
		{
			appearance Appearance
			{
				material Material
				{
					diffuseColor 0.592 0.667 0.682
				}
			}
			geometry IndexedFaceSet
			{
				creaseAngle 0.5
				solid TRUE
				coord Coordinate
				{
					point
					[
						0.475 -0.800 -0.020,
						0.575 -0.800 -0.020,
						0.475 -1.000 -0.020,
						0.575 -1.000 -0.020
					]
				}
				coordIndex
				[
					0, 1, 2, -1,
					2, 1, 3, -1
				]
				normal Normal
				{
					vector
					[
						-0.000 -0.000 -1.000
					]
				}
				normalIndex
				[
					0, 0, 0, -1,
					0, 0, 0, -1
				]
			}
		}
		Shape
		{
			appearance Appearance
			{
				material Material
				{
					diffuseColor 0.592 0.667 0.682
				}
			}
			geometry IndexedFaceSet
			{
				creaseAngle 0.5
				solid TRUE
				coord Coordinate
				{
					point
					[
						0.575 -0.800 -0.020,
						0.475 -0.800 -0.020,
						0.575 -0.795 -0.019,
						0.475 -0.795 -0.019,
						0.475 -0.790 -0.017,
						0.575 -0.790 -0.017,
						0.475 -0.786 -0.014,
						0.575 -0.786 -0.014,
						0.575 -0.783 -0.010,
						0.475 -0.783 -0.010,
						0.475 -0.781 -0.005,
						0.575 -0.781 -0.005,
						0.475 -0.780 -0.000,
						0.575 -0.780 -0.000
					]
				}
				coordIndex
				[
					0, 1, 2, -1,
					2, 1, 3, -1,
					2, 3, 4, -1,
					2, 4, 5, -1,
					5, 4, 6, -1,
					5, 6, 7, -1,
					7, 6, 8, -1,
					6, 9, 8, -1,
					8, 9, 10, -1,
					8, 10, 11, -1,
					11, 10, 12, -1,
					11, 12, 13, -1
				]
				normal Normal
				{
					vector
					[
						0.000 0.000 -1.000,
						0.000 0.259 -0.966,
						0.000 0.500 -0.866,
						0.000 0.707 -0.707,
						0.000 0.866 -0.500,
						0.000 0.966 -0.259,
						0.000 1.000 -0.000
					]
				}
				normalIndex
				[
					0, 0, 1, -1,
					1, 0, 1, -1,
					1, 1, 2, -1,
					1, 2, 2, -1,
					2, 2, 3, -1,
					2, 3, 3, -1,
					3, 3, 4, -1,
					3, 4, 4, -1,
					4, 4, 5, -1,
					4, 5, 5, -1,
					5, 5, 6, -1,
					5, 6, 6, -1
				]
			}
		}
		Shape
		{
			appearance Appearance
			{
				material Material
				{
					diffuseColor 0.592 0.667 0.682
				}
			}
			geometry IndexedFaceSet
			{
				creaseAngle 0.5
				solid TRUE
				coord Coordinate
				{
					point
					[
						0.475 -0.780 0.060,
						0.475 -0.785 0.059,
						0.575 -0.780 0.060,
						0.575 -0.785 0.059,
						0.575 -0.790 0.057,
						0.475 -0.790 0.057,
						0.475 -0.794 0.054,
						0.575 -0.794 0.054,
						0.475 -0.797 0.050,
						0.575 -0.797 0.050,
						0.475 -0.799 0.045,
						0.575 -0.799 0.045,
						0.575 -0.800 0.040,
						0.475 -0.800 0.040
					]
				}
				coordIndex
				[
					0, 1, 2, -1,
					2, 1, 3, -1,
					3, 1, 4, -1,
					4, 1, 5, -1,
					4, 5, 6, -1,
					4, 6, 7, -1,
					7, 6, 8, -1,
					7, 8, 9, -1,
					9, 8, 10, -1,
					9, 10, 11, -1,
					11, 10, 12, -1,
					10, 13, 12, -1
				]
				normal Normal
				{
					vector
					[
						0.000 0.000 1.000,
						0.000 -0.259 0.966,
						0.000 -0.500 0.866,
						0.000 -0.707 0.707,
						0.000 -0.866 0.500,
						0.000 -0.966 0.259,
						0.000 -1.000 0.000
					]
				}
				normalIndex
				[
					0, 1, 0, -1,
					0, 1, 1, -1,
					1, 1, 2, -1,
					2, 1, 2, -1,
					2, 2, 3, -1,
					2, 3, 3, -1,
					3, 3, 4, -1,
					3, 4, 4, -1,
					4, 4, 5, -1,
					4, 5, 5, -1,
					5, 5, 6, -1,
					5, 6, 6, -1
				]
			}
		}
		Shape
		{
			appearance Appearance
			{
				material Material
				{
					diffuseColor 0.592 0.667 0.682
				}
			}
			geometry IndexedFaceSet
			{
				creaseAngle 0.5
				solid TRUE
				coord Coordinate
				{
					point
					[
						0.475 -1.000 0.040,
						0.575 -1.000 0.040,
						0.475 -0.800 0.040,
						0.575 -0.800 0.040
					]
				}
				coordIndex
				[
					0, 1, 2, -1,
					2, 1, 3, -1
				]
				normal Normal
				{
					vector
					[
						-0.000 -0.000 1.000
					]
				}
				normalIndex
				[
					0, 0, 0, -1,
					0, 0, 0, -1
				]
			}
		}
		Shape
		{
			appearance Appearance
			{
				material Material
				{
					diffuseColor 0.592 0.667 0.682
				}
			}
			geometry IndexedFaceSet
			{
				creaseAngle 0.5
				solid TRUE
				coord Coordinate
				{
					point
					[
						0.615 0.630 0.100,
						0.575 0.603 0.060,
						0.575 0.630 0.060
					]
				}
				coordIndex
				[
					0, 1, 2, -1
				]
				normal Normal
				{
					vector
					[
						0.707 0.000 -0.707
					]
				}
				normalIndex
				[
					0, 0, 0, -1
				]
			}
		}
		Shape
		{
			appearance Appearance
			{
				material Material
				{
					diffuseColor 0.592 0.667 0.682
				}
			}
			geometry IndexedFaceSet
			{
				creaseAngle 0.5
				solid TRUE
				coord Coordinate
				{
					point
					[
						0.475 0.603 0.060,
						0.435 0.630 0.100,
						0.475 0.630 0.060
					]
				}
				coordIndex
				[
					0, 1, 2, -1
				]
				normal Normal
				{
					vector
					[
						-0.707 0.000 -0.707
					]
				}
				normalIndex
				[
					0, 0, 0, -1
				]
			}
		}
		Shape
		{
			appearance Appearance
			{
				material Material
				{
					diffuseColor 0.592 0.667 0.682
				}
			}
			geometry IndexedFaceSet
			{
				creaseAngle 0.5
				solid TRUE
				coord Coordinate
				{
					point
					[
						0.575 -0.603 0.060,
						0.615 -0.630 0.100,
						0.575 -0.630 0.060
					]
				}
				coordIndex
				[
					0, 1, 2, -1
				]
				normal Normal
				{
					vector
					[
						0.707 0.000 -0.707
					]
				}
				normalIndex
				[
					0, 0, 0, -1
				]
			}
		}
		Shape
		{
			appearance Appearance
			{
				material Material
				{
					diffuseColor 0.592 0.667 0.682
				}
			}
			geometry IndexedFaceSet
			{
				creaseAngle 0.5
				solid TRUE
				coord Coordinate
				{
					point
					[
						0.435 -0.630 0.100,
						0.475 -0.603 0.060,
						0.475 -0.630 0.060
					]
				}
				coordIndex
				[
					0, 1, 2, -1
				]
				normal Normal
				{
					vector
					[
						-0.707 0.000 -0.707
					]
				}
				normalIndex
				[
					0, 0, 0, -1
				]
			}
		}
		Shape
		{
			appearance Appearance
			{
				material Material
				{
					diffuseColor 0.592 0.667 0.682
				}
			}
			geometry IndexedFaceSet
			{
				creaseAngle 0.5
				solid TRUE
				coord Coordinate
				{
					point
					[
						-0.065 0.630 0.370,
						-0.065 0.585 0.350,
						-0.065 0.615 0.340,
						-0.065 0.585 0.140,
						-0.065 0.615 0.140,
						-0.065 0.630 0.355
					]
				}
				coordIndex
				[
					0, 1, 2, -1,
					2, 1, 3, -1,
					2, 3, 4, -1,
					2, 5, 0, -1
				]
				normal Normal
				{
					vector
					[
						1.000 0.000 0.000
					]
				}
				normalIndex
				[
					0, 0, 0, -1,
					0, 0, 0, -1,
					0, 0, 0, -1,
					0, 0, 0, -1
				]
			}
		}
		Shape
		{
			appearance Appearance
			{
				material Material
				{
					diffuseColor 0.592 0.667 0.682
				}
			}
			geometry IndexedFaceSet
			{
				creaseAngle 0.5
				solid TRUE
				coord Coordinate
				{
					point
					[
						-0.285 0.596 0.279,
						-0.285 0.585 0.280,
						-0.285 0.615 0.340,
						-0.285 0.585 0.350,
						-0.285 0.630 0.370,
						-0.285 0.630 0.355,
						-0.285 0.615 0.269,
						-0.285 0.606 0.275
					]
				}
				coordIndex
				[
					0, 1, 2, -1,
					2, 1, 3, -1,
					2, 3, 4, -1,
					4, 5, 2, -1,
					6, 7, 2, -1,
					2, 7, 0, -1
				]
				normal Normal
				{
					vector
					[
						-1.000 -0.000 -0.000
					]
				}
				normalIndex
				[
					0, 0, 0, -1,
					0, 0, 0, -1,
					0, 0, 0, -1,
					0, 0, 0, -1,
					0, 0, 0, -1,
					0, 0, 0, -1
				]
			}
		}
		Shape
		{
			appearance Appearance
			{
				material Material
				{
					diffuseColor 0.592 0.667 0.682
				}
			}
			geometry IndexedFaceSet
			{
				creaseAngle 0.5
				solid TRUE
				coord Coordinate
				{
					point
					[
						-0.285 0.615 0.140,
						-0.285 0.615 0.269,
						-0.065 0.615 0.140,
						-0.065 0.615 0.340,
						-0.285 0.615 0.340
					]
				}
				coordIndex
				[
					0, 1, 2, -1,
					2, 1, 3, -1,
					1, 4, 3, -1
				]
				normal Normal
				{
					vector
					[
						-0.000 1.000 -0.000
					]
				}
				normalIndex
				[
					0, 0, 0, -1,
					0, 0, 0, -1,
					0, 0, 0, -1
				]
			}
		}
		Shape
		{
			appearance Appearance
			{
				material Material
				{
					diffuseColor 0.592 0.667 0.682
				}
			}
			geometry IndexedFaceSet
			{
				creaseAngle 0.5
				solid TRUE
				coord Coordinate
				{
					point
					[
						-0.285 0.630 0.355,
						-0.065 0.630 0.355,
						-0.285 0.615 0.340,
						-0.065 0.615 0.340
					]
				}
				coordIndex
				[
					0, 1, 2, -1,
					2, 1, 3, -1
				]
				normal Normal
				{
					vector
					[
						-0.000 0.707 -0.707
					]
				}
				normalIndex
				[
					0, 0, 0, -1,
					0, 0, 0, -1
				]
			}
		}
		Shape
		{
			appearance Appearance
			{
				material Material
				{
					diffuseColor 0.592 0.667 0.682
				}
			}
			geometry IndexedFaceSet
			{
				creaseAngle 0.5
				solid TRUE
				coord Coordinate
				{
					point
					[
						-0.285 0.630 0.355,
						-0.285 0.630 0.370,
						-0.065 0.630 0.355,
						-0.065 0.630 0.370
					]
				}
				coordIndex
				[
					0, 1, 2, -1,
					2, 1, 3, -1
				]
				normal Normal
				{
					vector
					[
						-0.000 1.000 -0.000
					]
				}
				normalIndex
				[
					0, 0, 0, -1,
					0, 0, 0, -1
				]
			}
		}
		Shape
		{
			appearance Appearance
			{
				material Material
				{
					diffuseColor 0.592 0.667 0.682
				}
			}
			geometry IndexedFaceSet
			{
				creaseAngle 0.5
				solid TRUE
				coord Coordinate
				{
					point
					[
						0.285 0.630 0.355,
						0.285 0.630 0.370,
						0.285 0.615 0.340,
						0.285 0.585 0.350,
						0.285 0.585 0.280,
						0.285 0.596 0.279,
						0.285 0.606 0.275,
						0.285 0.615 0.269
					]
				}
				coordIndex
				[
					0, 1, 2, -1,
					2, 1, 3, -1,
					2, 3, 4, -1,
					4, 5, 2, -1,
					2, 5, 6, -1,
					2, 6, 7, -1
				]
				normal Normal
				{
					vector
					[
						1.000 0.000 0.000
					]
				}
				normalIndex
				[
					0, 0, 0, -1,
					0, 0, 0, -1,
					0, 0, 0, -1,
					0, 0, 0, -1,
					0, 0, 0, -1,
					0, 0, 0, -1
				]
			}
		}
		Shape
		{
			appearance Appearance
			{
				material Material
				{
					diffuseColor 0.592 0.667 0.682
				}
			}
			geometry IndexedFaceSet
			{
				creaseAngle 0.5
				solid TRUE
				coord Coordinate
				{
					point
					[
						0.065 0.615 0.140,
						0.065 0.585 0.140,
						0.065 0.615 0.340,
						0.065 0.585 0.350,
						0.065 0.630 0.370,
						0.065 0.630 0.355
					]
				}
				coordIndex
				[
					0, 1, 2, -1,
					2, 1, 3, -1,
					2, 3, 4, -1,
					4, 5, 2, -1
				]
				normal Normal
				{
					vector
					[
						-1.000 -0.000 -0.000
					]
				}
				normalIndex
				[
					0, 0, 0, -1,
					0, 0, 0, -1,
					0, 0, 0, -1,
					0, 0, 0, -1
				]
			}
		}
		Shape
		{
			appearance Appearance
			{
				material Material
				{
					diffuseColor 0.592 0.667 0.682
				}
			}
			geometry IndexedFaceSet
			{
				creaseAngle 0.5
				solid TRUE
				coord Coordinate
				{
					point
					[
						0.285 0.615 0.140,
						0.065 0.615 0.140,
						0.285 0.615 0.269,
						0.065 0.615 0.340,
						0.285 0.615 0.340
					]
				}
				coordIndex
				[
					0, 1, 2, -1,
					2, 1, 3, -1,
					2, 3, 4, -1
				]
				normal Normal
				{
					vector
					[
						-0.000 1.000 -0.000
					]
				}
				normalIndex
				[
					0, 0, 0, -1,
					0, 0, 0, -1,
					0, 0, 0, -1
				]
			}
		}
		Shape
		{
			appearance Appearance
			{
				material Material
				{
					diffuseColor 0.592 0.667 0.682
				}
			}
			geometry IndexedFaceSet
			{
				creaseAngle 0.5
				solid TRUE
				coord Coordinate
				{
					point
					[
						0.065 0.630 0.355,
						0.285 0.630 0.355,
						0.065 0.615 0.340,
						0.285 0.615 0.340
					]
				}
				coordIndex
				[
					0, 1, 2, -1,
					2, 1, 3, -1
				]
				normal Normal
				{
					vector
					[
						-0.000 0.707 -0.707
					]
				}
				normalIndex
				[
					0, 0, 0, -1,
					0, 0, 0, -1
				]
			}
		}
		Shape
		{
			appearance Appearance
			{
				material Material
				{
					diffuseColor 0.592 0.667 0.682
				}
			}
			geometry IndexedFaceSet
			{
				creaseAngle 0.5
				solid TRUE
				coord Coordinate
				{
					point
					[
						0.065 0.630 0.355,
						0.065 0.630 0.370,
						0.285 0.630 0.355,
						0.285 0.630 0.370
					]
				}
				coordIndex
				[
					0, 1, 2, -1,
					2, 1, 3, -1
				]
				normal Normal
				{
					vector
					[
						-0.000 1.000 -0.000
					]
				}
				normalIndex
				[
					0, 0, 0, -1,
					0, 0, 0, -1
				]
			}
		}
		Shape
		{
			appearance Appearance
			{
				material Material
				{
					diffuseColor 0.592 0.667 0.682
				}
			}
			geometry IndexedFaceSet
			{
				creaseAngle 0.5
				solid TRUE
				coord Coordinate
				{
					point
					[
						-0.415 0.630 0.355,
						-0.415 0.630 0.370,
						-0.415 0.615 0.340,
						-0.415 0.585 0.350,
						-0.415 0.585 0.280,
						-0.415 0.596 0.279,
						-0.415 0.606 0.275,
						-0.415 0.615 0.269
					]
				}
				coordIndex
				[
					0, 1, 2, -1,
					2, 1, 3, -1,
					2, 3, 4, -1,
					4, 5, 2, -1,
					2, 5, 6, -1,
					2, 6, 7, -1
				]
				normal Normal
				{
					vector
					[
						1.000 0.000 0.000
					]
				}
				normalIndex
				[
					0, 0, 0, -1,
					0, 0, 0, -1,
					0, 0, 0, -1,
					0, 0, 0, -1,
					0, 0, 0, -1,
					0, 0, 0, -1
				]
			}
		}
		Shape
		{
			appearance Appearance
			{
				material Material
				{
					diffuseColor 0.592 0.667 0.682
				}
			}
			geometry IndexedFaceSet
			{
				creaseAngle 0.5
				solid TRUE
				coord Coordinate
				{
					point
					[
						-0.635 0.596 0.279,
						-0.635 0.585 0.280,
						-0.635 0.615 0.340,
						-0.635 0.585 0.350,
						-0.635 0.630 0.370,
						-0.635 0.630 0.355,
						-0.635 0.615 0.269,
						-0.635 0.606 0.275
					]
				}
				coordIndex
				[
					0, 1, 2, -1,
					2, 1, 3, -1,
					2, 3, 4, -1,
					4, 5, 2, -1,
					6, 7, 2, -1,
					2, 7, 0, -1
				]
				normal Normal
				{
					vector
					[
						-1.000 -0.000 -0.000
					]
				}
				normalIndex
				[
					0, 0, 0, -1,
					0, 0, 0, -1,
					0, 0, 0, -1,
					0, 0, 0, -1,
					0, 0, 0, -1,
					0, 0, 0, -1
				]
			}
		}
		Shape
		{
			appearance Appearance
			{
				material Material
				{
					diffuseColor 0.592 0.667 0.682
				}
			}
			geometry IndexedFaceSet
			{
				creaseAngle 0.5
				solid TRUE
				coord Coordinate
				{
					point
					[
						-0.635 0.615 0.140,
						-0.635 0.615 0.269,
						-0.415 0.615 0.140,
						-0.415 0.615 0.269,
						-0.635 0.615 0.340,
						-0.415 0.615 0.340
					]
				}
				coordIndex
				[
					0, 1, 2, -1,
					2, 1, 3, -1,
					1, 4, 3, -1,
					3, 4, 5, -1
				]
				normal Normal
				{
					vector
					[
						-0.000 1.000 -0.000
					]
				}
				normalIndex
				[
					0, 0, 0, -1,
					0, 0, 0, -1,
					0, 0, 0, -1,
					0, 0, 0, -1
				]
			}
		}
		Shape
		{
			appearance Appearance
			{
				material Material
				{
					diffuseColor 0.592 0.667 0.682
				}
			}
			geometry IndexedFaceSet
			{
				creaseAngle 0.5
				solid TRUE
				coord Coordinate
				{
					point
					[
						-0.635 0.630 0.355,
						-0.415 0.630 0.355,
						-0.635 0.615 0.340,
						-0.415 0.615 0.340
					]
				}
				coordIndex
				[
					0, 1, 2, -1,
					2, 1, 3, -1
				]
				normal Normal
				{
					vector
					[
						-0.000 0.707 -0.707
					]
				}
				normalIndex
				[
					0, 0, 0, -1,
					0, 0, 0, -1
				]
			}
		}
		Shape
		{
			appearance Appearance
			{
				material Material
				{
					diffuseColor 0.592 0.667 0.682
				}
			}
			geometry IndexedFaceSet
			{
				creaseAngle 0.5
				solid TRUE
				coord Coordinate
				{
					point
					[
						-0.635 0.630 0.355,
						-0.635 0.630 0.370,
						-0.415 0.630 0.355,
						-0.415 0.630 0.370
					]
				}
				coordIndex
				[
					0, 1, 2, -1,
					2, 1, 3, -1
				]
				normal Normal
				{
					vector
					[
						-0.000 1.000 -0.000
					]
				}
				normalIndex
				[
					0, 0, 0, -1,
					0, 0, 0, -1
				]
			}
		}
		Shape
		{
			appearance Appearance
			{
				material Material
				{
					diffuseColor 0.592 0.667 0.682
				}
			}
			geometry IndexedFaceSet
			{
				creaseAngle 0.5
				solid TRUE
				coord Coordinate
				{
					point
					[
						-0.065 -0.585 0.140,
						-0.065 -0.585 0.350,
						-0.065 -0.615 0.340,
						-0.065 -0.630 0.370,
						-0.065 -0.630 0.355,
						-0.065 -0.615 0.140
					]
				}
				coordIndex
				[
					0, 1, 2, -1,
					2, 1, 3, -1,
					2, 3, 4, -1,
					2, 5, 0, -1
				]
				normal Normal
				{
					vector
					[
						1.000 0.000 0.000
					]
				}
				normalIndex
				[
					0, 0, 0, -1,
					0, 0, 0, -1,
					0, 0, 0, -1,
					0, 0, 0, -1
				]
			}
		}
		Shape
		{
			appearance Appearance
			{
				material Material
				{
					diffuseColor 0.592 0.667 0.682
				}
			}
			geometry IndexedFaceSet
			{
				creaseAngle 0.5
				solid TRUE
				coord Coordinate
				{
					point
					[
						-0.285 -0.630 0.355,
						-0.285 -0.630 0.370,
						-0.285 -0.615 0.340,
						-0.285 -0.585 0.350,
						-0.285 -0.585 0.280,
						-0.285 -0.596 0.279,
						-0.285 -0.606 0.275,
						-0.285 -0.615 0.269
					]
				}
				coordIndex
				[
					0, 1, 2, -1,
					2, 1, 3, -1,
					2, 3, 4, -1,
					4, 5, 2, -1,
					2, 5, 6, -1,
					2, 6, 7, -1
				]
				normal Normal
				{
					vector
					[
						-1.000 -0.000 -0.000
					]
				}
				normalIndex
				[
					0, 0, 0, -1,
					0, 0, 0, -1,
					0, 0, 0, -1,
					0, 0, 0, -1,
					0, 0, 0, -1,
					0, 0, 0, -1
				]
			}
		}
		Shape
		{
			appearance Appearance
			{
				material Material
				{
					diffuseColor 0.592 0.667 0.682
				}
			}
			geometry IndexedFaceSet
			{
				creaseAngle 0.5
				solid TRUE
				coord Coordinate
				{
					point
					[
						-0.285 -0.630 0.355,
						-0.065 -0.630 0.355,
						-0.285 -0.630 0.370,
						-0.065 -0.630 0.370
					]
				}
				coordIndex
				[
					0, 1, 2, -1,
					2, 1, 3, -1
				]
				normal Normal
				{
					vector
					[
						0.000 -1.000 -0.000
					]
				}
				normalIndex
				[
					0, 0, 0, -1,
					0, 0, 0, -1
				]
			}
		}
		Shape
		{
			appearance Appearance
			{
				material Material
				{
					diffuseColor 0.592 0.667 0.682
				}
			}
			geometry IndexedFaceSet
			{
				creaseAngle 0.5
				solid TRUE
				coord Coordinate
				{
					point
					[
						-0.285 -0.615 0.340,
						-0.065 -0.615 0.340,
						-0.285 -0.630 0.355,
						-0.065 -0.630 0.355
					]
				}
				coordIndex
				[
					0, 1, 2, -1,
					2, 1, 3, -1
				]
				normal Normal
				{
					vector
					[
						-0.000 -0.707 -0.707
					]
				}
				normalIndex
				[
					0, 0, 0, -1,
					0, 0, 0, -1
				]
			}
		}
		Shape
		{
			appearance Appearance
			{
				material Material
				{
					diffuseColor 0.592 0.667 0.682
				}
			}
			geometry IndexedFaceSet
			{
				creaseAngle 0.5
				solid TRUE
				coord Coordinate
				{
					point
					[
						-0.285 -0.615 0.340,
						-0.285 -0.615 0.269,
						-0.065 -0.615 0.340,
						-0.065 -0.615 0.140,
						-0.285 -0.615 0.140
					]
				}
				coordIndex
				[
					0, 1, 2, -1,
					2, 1, 3, -1,
					1, 4, 3, -1
				]
				normal Normal
				{
					vector
					[
						0.000 -1.000 -0.000
					]
				}
				normalIndex
				[
					0, 0, 0, -1,
					0, 0, 0, -1,
					0, 0, 0, -1
				]
			}
		}
		Shape
		{
			appearance Appearance
			{
				material Material
				{
					diffuseColor 0.592 0.667 0.682
				}
			}
			geometry IndexedFaceSet
			{
				creaseAngle 0.5
				solid TRUE
				coord Coordinate
				{
					point
					[
						0.285 -0.585 0.280,
						0.285 -0.585 0.350,
						0.285 -0.615 0.340,
						0.285 -0.630 0.370,
						0.285 -0.630 0.355,
						0.285 -0.615 0.269,
						0.285 -0.606 0.275,
						0.285 -0.596 0.279
					]
				}
				coordIndex
				[
					0, 1, 2, -1,
					2, 1, 3, -1,
					2, 3, 4, -1,
					5, 6, 2, -1,
					2, 6, 7, -1,
					2, 7, 0, -1
				]
				normal Normal
				{
					vector
					[
						1.000 0.000 0.000
					]
				}
				normalIndex
				[
					0, 0, 0, -1,
					0, 0, 0, -1,
					0, 0, 0, -1,
					0, 0, 0, -1,
					0, 0, 0, -1,
					0, 0, 0, -1
				]
			}
		}
		Shape
		{
			appearance Appearance
			{
				material Material
				{
					diffuseColor 0.592 0.667 0.682
				}
			}
			geometry IndexedFaceSet
			{
				creaseAngle 0.5
				solid TRUE
				coord Coordinate
				{
					point
					[
						0.065 -0.630 0.355,
						0.065 -0.630 0.370,
						0.065 -0.615 0.340,
						0.065 -0.585 0.350,
						0.065 -0.585 0.140,
						0.065 -0.615 0.140
					]
				}
				coordIndex
				[
					0, 1, 2, -1,
					2, 1, 3, -1,
					2, 3, 4, -1,
					4, 5, 2, -1
				]
				normal Normal
				{
					vector
					[
						-1.000 -0.000 -0.000
					]
				}
				normalIndex
				[
					0, 0, 0, -1,
					0, 0, 0, -1,
					0, 0, 0, -1,
					0, 0, 0, -1
				]
			}
		}
		Shape
		{
			appearance Appearance
			{
				material Material
				{
					diffuseColor 0.592 0.667 0.682
				}
			}
			geometry IndexedFaceSet
			{
				creaseAngle 0.5
				solid TRUE
				coord Coordinate
				{
					point
					[
						0.065 -0.630 0.355,
						0.285 -0.630 0.355,
						0.065 -0.630 0.370,
						0.285 -0.630 0.370
					]
				}
				coordIndex
				[
					0, 1, 2, -1,
					2, 1, 3, -1
				]
				normal Normal
				{
					vector
					[
						0.000 -1.000 -0.000
					]
				}
				normalIndex
				[
					0, 0, 0, -1,
					0, 0, 0, -1
				]
			}
		}
		Shape
		{
			appearance Appearance
			{
				material Material
				{
					diffuseColor 0.592 0.667 0.682
				}
			}
			geometry IndexedFaceSet
			{
				creaseAngle 0.5
				solid TRUE
				coord Coordinate
				{
					point
					[
						0.065 -0.615 0.340,
						0.285 -0.615 0.340,
						0.065 -0.630 0.355,
						0.285 -0.630 0.355
					]
				}
				coordIndex
				[
					0, 1, 2, -1,
					2, 1, 3, -1
				]
				normal Normal
				{
					vector
					[
						-0.000 -0.707 -0.707
					]
				}
				normalIndex
				[
					0, 0, 0, -1,
					0, 0, 0, -1
				]
			}
		}
		Shape
		{
			appearance Appearance
			{
				material Material
				{
					diffuseColor 0.592 0.667 0.682
				}
			}
			geometry IndexedFaceSet
			{
				creaseAngle 0.5
				solid TRUE
				coord Coordinate
				{
					point
					[
						0.285 -0.615 0.340,
						0.065 -0.615 0.340,
						0.285 -0.615 0.269,
						0.065 -0.615 0.140,
						0.285 -0.615 0.140
					]
				}
				coordIndex
				[
					0, 1, 2, -1,
					2, 1, 3, -1,
					2, 3, 4, -1
				]
				normal Normal
				{
					vector
					[
						0.000 -1.000 -0.000
					]
				}
				normalIndex
				[
					0, 0, 0, -1,
					0, 0, 0, -1,
					0, 0, 0, -1
				]
			}
		}
		Shape
		{
			appearance Appearance
			{
				material Material
				{
					diffuseColor 0.592 0.667 0.682
				}
			}
			geometry IndexedFaceSet
			{
				creaseAngle 0.5
				solid TRUE
				coord Coordinate
				{
					point
					[
						-0.415 -0.585 0.280,
						-0.415 -0.585 0.350,
						-0.415 -0.615 0.340,
						-0.415 -0.630 0.370,
						-0.415 -0.630 0.355,
						-0.415 -0.615 0.269,
						-0.415 -0.606 0.275,
						-0.415 -0.596 0.279
					]
				}
				coordIndex
				[
					0, 1, 2, -1,
					2, 1, 3, -1,
					2, 3, 4, -1,
					5, 6, 2, -1,
					2, 6, 7, -1,
					2, 7, 0, -1
				]
				normal Normal
				{
					vector
					[
						1.000 0.000 0.000
					]
				}
				normalIndex
				[
					0, 0, 0, -1,
					0, 0, 0, -1,
					0, 0, 0, -1,
					0, 0, 0, -1,
					0, 0, 0, -1,
					0, 0, 0, -1
				]
			}
		}
		Shape
		{
			appearance Appearance
			{
				material Material
				{
					diffuseColor 0.592 0.667 0.682
				}
			}
			geometry IndexedFaceSet
			{
				creaseAngle 0.5
				solid TRUE
				coord Coordinate
				{
					point
					[
						-0.635 -0.630 0.355,
						-0.635 -0.630 0.370,
						-0.635 -0.615 0.340,
						-0.635 -0.585 0.350,
						-0.635 -0.585 0.280,
						-0.635 -0.596 0.279,
						-0.635 -0.606 0.275,
						-0.635 -0.615 0.269
					]
				}
				coordIndex
				[
					0, 1, 2, -1,
					2, 1, 3, -1,
					2, 3, 4, -1,
					4, 5, 2, -1,
					2, 5, 6, -1,
					2, 6, 7, -1
				]
				normal Normal
				{
					vector
					[
						-1.000 -0.000 -0.000
					]
				}
				normalIndex
				[
					0, 0, 0, -1,
					0, 0, 0, -1,
					0, 0, 0, -1,
					0, 0, 0, -1,
					0, 0, 0, -1,
					0, 0, 0, -1
				]
			}
		}
		Shape
		{
			appearance Appearance
			{
				material Material
				{
					diffuseColor 0.592 0.667 0.682
				}
			}
			geometry IndexedFaceSet
			{
				creaseAngle 0.5
				solid TRUE
				coord Coordinate
				{
					point
					[
						-0.635 -0.630 0.355,
						-0.415 -0.630 0.355,
						-0.635 -0.630 0.370,
						-0.415 -0.630 0.370
					]
				}
				coordIndex
				[
					0, 1, 2, -1,
					2, 1, 3, -1
				]
				normal Normal
				{
					vector
					[
						0.000 -1.000 -0.000
					]
				}
				normalIndex
				[
					0, 0, 0, -1,
					0, 0, 0, -1
				]
			}
		}
		Shape
		{
			appearance Appearance
			{
				material Material
				{
					diffuseColor 0.592 0.667 0.682
				}
			}
			geometry IndexedFaceSet
			{
				creaseAngle 0.5
				solid TRUE
				coord Coordinate
				{
					point
					[
						-0.635 -0.615 0.340,
						-0.415 -0.615 0.340,
						-0.635 -0.630 0.355,
						-0.415 -0.630 0.355
					]
				}
				coordIndex
				[
					0, 1, 2, -1,
					2, 1, 3, -1
				]
				normal Normal
				{
					vector
					[
						-0.000 -0.707 -0.707
					]
				}
				normalIndex
				[
					0, 0, 0, -1,
					0, 0, 0, -1
				]
			}
		}
		Shape
		{
			appearance Appearance
			{
				material Material
				{
					diffuseColor 0.592 0.667 0.682
				}
			}
			geometry IndexedFaceSet
			{
				creaseAngle 0.5
				solid TRUE
				coord Coordinate
				{
					point
					[
						-0.415 -0.615 0.340,
						-0.635 -0.615 0.340,
						-0.415 -0.615 0.269,
						-0.635 -0.615 0.269,
						-0.415 -0.615 0.140,
						-0.635 -0.615 0.140
					]
				}
				coordIndex
				[
					0, 1, 2, -1,
					2, 1, 3, -1,
					2, 3, 4, -1,
					4, 3, 5, -1
				]
				normal Normal
				{
					vector
					[
						0.000 -1.000 -0.000
					]
				}
				normalIndex
				[
					0, 0, 0, -1,
					0, 0, 0, -1,
					0, 0, 0, -1,
					0, 0, 0, -1
				]
			}
		}
		Shape
		{
			appearance Appearance
			{
				material Material
				{
					diffuseColor 0.592 0.667 0.682
				}
			}
			geometry IndexedFaceSet
			{
				creaseAngle 0.5
				solid TRUE
				coord Coordinate
				{
					point
					[
						-0.475 0.603 0.060,
						-0.475 0.590 0.040,
						-0.475 0.630 0.060,
						-0.475 0.590 0.000,
						-0.475 0.780 0.000,
						-0.475 0.781 -0.005,
						-0.475 0.800 -0.020,
						-0.475 0.800 0.040,
						-0.475 0.780 0.060,
						-0.475 0.785 0.059,
						-0.475 0.783 -0.010,
						-0.475 0.786 -0.014,
						-0.475 0.790 -0.017,
						-0.475 0.795 -0.019,
						-0.475 1.000 -0.020,
						-0.475 1.000 0.040,
						-0.475 0.799 0.045,
						-0.475 0.797 0.050,
						-0.475 0.794 0.054,
						-0.475 0.790 0.057
					]
				}
				coordIndex
				[
					0, 1, 2, -1,
					2, 1, 3, -1,
					2, 3, 4, -1,
					5, 6, 4, -1,
					4, 6, 7, -1,
					4, 7, 8, -1,
					8, 7, 9, -1,
					5, 10, 6, -1,
					6, 10, 11, -1,
					6, 11, 12, -1,
					12, 13, 6, -1,
					6, 14, 7, -1,
					7, 14, 15, -1,
					16, 17, 7, -1,
					7, 17, 18, -1,
					7, 18, 19, -1,
					19, 9, 7, -1,
					8, 2, 4, -1
				]
				normal Normal
				{
					vector
					[
						1.000 0.000 0.000
					]
				}
				normalIndex
				[
					0, 0, 0, -1,
					0, 0, 0, -1,
					0, 0, 0, -1,
					0, 0, 0, -1,
					0, 0, 0, -1,
					0, 0, 0, -1,
					0, 0, 0, -1,
					0, 0, 0, -1,
					0, 0, 0, -1,
					0, 0, 0, -1,
					0, 0, 0, -1,
					0, 0, 0, -1,
					0, 0, 0, -1,
					0, 0, 0, -1,
					0, 0, 0, -1,
					0, 0, 0, -1,
					0, 0, 0, -1,
					0, 0, 0, -1
				]
			}
		}
		Shape
		{
			appearance Appearance
			{
				material Material
				{
					diffuseColor 0.592 0.667 0.682
				}
			}
			geometry IndexedFaceSet
			{
				creaseAngle 0.5
				solid TRUE
				coord Coordinate
				{
					point
					[
						-0.575 0.780 0.000,
						-0.575 0.590 0.000,
						-0.575 0.630 0.060,
						-0.575 0.590 0.040,
						-0.575 0.603 0.060,
						-0.575 0.780 0.060,
						-0.575 0.800 0.040,
						-0.575 0.800 -0.020,
						-0.575 1.000 0.040,
						-0.575 1.000 -0.020,
						-0.575 0.785 0.059,
						-0.575 0.790 0.057,
						-0.575 0.794 0.054,
						-0.575 0.797 0.050,
						-0.575 0.799 0.045,
						-0.575 0.795 -0.019,
						-0.575 0.790 -0.017,
						-0.575 0.786 -0.014,
						-0.575 0.783 -0.010,
						-0.575 0.781 -0.005
					]
				}
				coordIndex
				[
					0, 1, 2, -1,
					2, 1, 3, -1,
					2, 3, 4, -1,
					2, 5, 0, -1,
					0, 5, 6, -1,
					0, 6, 7, -1,
					7, 6, 8, -1,
					7, 8, 9, -1,
					5, 10, 6, -1,
					6, 10, 11, -1,
					6, 11, 12, -1,
					12, 13, 6, -1,
					6, 13, 14, -1,
					15, 16, 7, -1,
					7, 16, 17, -1,
					7, 17, 18, -1,
					18, 19, 7, -1,
					7, 19, 0, -1
				]
				normal Normal
				{
					vector
					[
						-1.000 -0.000 -0.000
					]
				}
				normalIndex
				[
					0, 0, 0, -1,
					0, 0, 0, -1,
					0, 0, 0, -1,
					0, 0, 0, -1,
					0, 0, 0, -1,
					0, 0, 0, -1,
					0, 0, 0, -1,
					0, 0, 0, -1,
					0, 0, 0, -1,
					0, 0, 0, -1,
					0, 0, 0, -1,
					0, 0, 0, -1,
					0, 0, 0, -1,
					0, 0, 0, -1,
					0, 0, 0, -1,
					0, 0, 0, -1,
					0, 0, 0, -1,
					0, 0, 0, -1
				]
			}
		}
		Shape
		{
			appearance Appearance
			{
				material Material
				{
					diffuseColor 0.592 0.667 0.682
				}
			}
			geometry IndexedFaceSet
			{
				creaseAngle 0.5
				solid TRUE
				coord Coordinate
				{
					point
					[
						-0.575 0.780 0.000,
						-0.575 0.781 -0.005,
						-0.475 0.780 0.000,
						-0.475 0.781 -0.005,
						-0.575 0.783 -0.010,
						-0.475 0.783 -0.010,
						-0.475 0.786 -0.014,
						-0.575 0.786 -0.014,
						-0.575 0.790 -0.017,
						-0.475 0.790 -0.017,
						-0.575 0.795 -0.019,
						-0.475 0.795 -0.019,
						-0.475 0.800 -0.020,
						-0.575 0.800 -0.020
					]
				}
				coordIndex
				[
					0, 1, 2, -1,
					2, 1, 3, -1,
					1, 4, 3, -1,
					3, 4, 5, -1,
					5, 4, 6, -1,
					6, 4, 7, -1,
					6, 7, 8, -1,
					6, 8, 9, -1,
					9, 8, 10, -1,
					9, 10, 11, -1,
					11, 10, 12, -1,
					10, 13, 12, -1
				]
				normal Normal
				{
					vector
					[
						0.000 -1.000 0.000,
						0.000 -0.966 -0.259,
						0.000 -0.866 -0.500,
						0.000 -0.707 -0.707,
						0.000 -0.500 -0.866,
						0.000 -0.259 -0.966,
						0.000 0.000 -1.000
					]
				}
				normalIndex
				[
					0, 1, 0, -1,
					0, 1, 1, -1,
					1, 2, 1, -1,
					1, 2, 2, -1,
					2, 2, 3, -1,
					3, 2, 3, -1,
					3, 3, 4, -1,
					3, 4, 4, -1,
					4, 4, 5, -1,
					4, 5, 5, -1,
					5, 5, 6, -1,
					5, 6, 6, -1
				]
			}
		}
		Shape
		{
			appearance Appearance
			{
				material Material
				{
					diffuseColor 0.592 0.667 0.682
				}
			}
			geometry IndexedFaceSet
			{
				creaseAngle 0.5
				solid TRUE
				coord Coordinate
				{
					point
					[
						-0.575 1.000 -0.020,
						-0.475 1.000 -0.020,
						-0.575 0.800 -0.020,
						-0.475 0.800 -0.020
					]
				}
				coordIndex
				[
					0, 1, 2, -1,
					2, 1, 3, -1
				]
				normal Normal
				{
					vector
					[
						-0.000 -0.000 -1.000
					]
				}
				normalIndex
				[
					0, 0, 0, -1,
					0, 0, 0, -1
				]
			}
		}
		Shape
		{
			appearance Appearance
			{
				material Material
				{
					diffuseColor 0.592 0.667 0.682
				}
			}
			geometry IndexedFaceSet
			{
				creaseAngle 0.5
				solid TRUE
				coord Coordinate
				{
					point
					[
						-0.575 1.000 -0.020,
						-0.575 1.000 0.040,
						-0.475 1.000 -0.020,
						-0.475 1.000 0.040
					]
				}
				coordIndex
				[
					0, 1, 2, -1,
					2, 1, 3, -1
				]
				normal Normal
				{
					vector
					[
						-0.000 1.000 -0.000
					]
				}
				normalIndex
				[
					0, 0, 0, -1,
					0, 0, 0, -1
				]
			}
		}
		Shape
		{
			appearance Appearance
			{
				material Material
				{
					diffuseColor 0.592 0.667 0.682
				}
			}
			geometry IndexedFaceSet
			{
				creaseAngle 0.5
				solid TRUE
				coord Coordinate
				{
					point
					[
						-0.575 1.000 0.040,
						-0.575 0.800 0.040,
						-0.475 1.000 0.040,
						-0.475 0.800 0.040
					]
				}
				coordIndex
				[
					0, 1, 2, -1,
					2, 1, 3, -1
				]
				normal Normal
				{
					vector
					[
						-0.000 0.000 1.000
					]
				}
				normalIndex
				[
					0, 0, 0, -1,
					0, 0, 0, -1
				]
			}
		}
		Shape
		{
			appearance Appearance
			{
				material Material
				{
					diffuseColor 0.592 0.667 0.682
				}
			}
			geometry IndexedFaceSet
			{
				creaseAngle 0.5
				solid TRUE
				coord Coordinate
				{
					point
					[
						-0.475 0.800 0.040,
						-0.575 0.800 0.040,
						-0.475 0.799 0.045,
						-0.575 0.799 0.045,
						-0.575 0.797 0.050,
						-0.475 0.797 0.050,
						-0.575 0.794 0.054,
						-0.475 0.794 0.054,
						-0.575 0.790 0.057,
						-0.475 0.790 0.057,
						-0.475 0.785 0.059,
						-0.575 0.785 0.059,
						-0.575 0.780 0.060,
						-0.475 0.780 0.060
					]
				}
				coordIndex
				[
					0, 1, 2, -1,
					2, 1, 3, -1,
					2, 3, 4, -1,
					2, 4, 5, -1,
					5, 4, 6, -1,
					5, 6, 7, -1,
					7, 6, 8, -1,
					7, 8, 9, -1,
					9, 8, 10, -1,
					8, 11, 10, -1,
					10, 11, 12, -1,
					10, 12, 13, -1
				]
				normal Normal
				{
					vector
					[
						0.000 1.000 0.000,
						0.000 0.966 0.259,
						0.000 0.866 0.500,
						0.000 0.707 0.707,
						0.000 0.500 0.866,
						0.000 0.259 0.966,
						0.000 0.000 1.000
					]
				}
				normalIndex
				[
					0, 0, 1, -1,
					1, 0, 1, -1,
					1, 1, 2, -1,
					1, 2, 2, -1,
					2, 2, 3, -1,
					2, 3, 3, -1,
					3, 3, 4, -1,
					3, 4, 4, -1,
					4, 4, 5, -1,
					4, 5, 5, -1,
					5, 5, 6, -1,
					5, 6, 6, -1
				]
			}
		}
		Shape
		{
			appearance Appearance
			{
				material Material
				{
					diffuseColor 0.592 0.667 0.682
				}
			}
			geometry IndexedFaceSet
			{
				creaseAngle 0.5
				solid TRUE
				coord Coordinate
				{
					point
					[
						-0.125 0.603 0.060,
						-0.125 0.590 0.040,
						-0.125 0.630 0.060,
						-0.125 0.590 0.000,
						-0.125 0.780 0.000,
						-0.125 0.781 -0.005,
						-0.125 0.800 -0.020,
						-0.125 0.800 0.040,
						-0.125 0.780 0.060,
						-0.125 0.785 0.059,
						-0.125 0.783 -0.010,
						-0.125 0.786 -0.014,
						-0.125 0.790 -0.017,
						-0.125 0.795 -0.019,
						-0.125 1.000 -0.020,
						-0.125 1.000 0.040,
						-0.125 0.799 0.045,
						-0.125 0.797 0.050,
						-0.125 0.794 0.054,
						-0.125 0.790 0.057
					]
				}
				coordIndex
				[
					0, 1, 2, -1,
					2, 1, 3, -1,
					2, 3, 4, -1,
					5, 6, 4, -1,
					4, 6, 7, -1,
					4, 7, 8, -1,
					8, 7, 9, -1,
					5, 10, 6, -1,
					6, 10, 11, -1,
					6, 11, 12, -1,
					12, 13, 6, -1,
					6, 14, 7, -1,
					7, 14, 15, -1,
					16, 17, 7, -1,
					7, 17, 18, -1,
					7, 18, 19, -1,
					19, 9, 7, -1,
					8, 2, 4, -1
				]
				normal Normal
				{
					vector
					[
						1.000 0.000 0.000
					]
				}
				normalIndex
				[
					0, 0, 0, -1,
					0, 0, 0, -1,
					0, 0, 0, -1,
					0, 0, 0, -1,
					0, 0, 0, -1,
					0, 0, 0, -1,
					0, 0, 0, -1,
					0, 0, 0, -1,
					0, 0, 0, -1,
					0, 0, 0, -1,
					0, 0, 0, -1,
					0, 0, 0, -1,
					0, 0, 0, -1,
					0, 0, 0, -1,
					0, 0, 0, -1,
					0, 0, 0, -1,
					0, 0, 0, -1,
					0, 0, 0, -1
				]
			}
		}
		Shape
		{
			appearance Appearance
			{
				material Material
				{
					diffuseColor 0.592 0.667 0.682
				}
			}
			geometry IndexedFaceSet
			{
				creaseAngle 0.5
				solid TRUE
				coord Coordinate
				{
					point
					[
						-0.225 0.780 0.000,
						-0.225 0.590 0.000,
						-0.225 0.630 0.060,
						-0.225 0.590 0.040,
						-0.225 0.603 0.060,
						-0.225 0.780 0.060,
						-0.225 0.800 0.040,
						-0.225 0.800 -0.020,
						-0.225 1.000 0.040,
						-0.225 1.000 -0.020,
						-0.225 0.785 0.059,
						-0.225 0.790 0.057,
						-0.225 0.794 0.054,
						-0.225 0.797 0.050,
						-0.225 0.799 0.045,
						-0.225 0.795 -0.019,
						-0.225 0.790 -0.017,
						-0.225 0.786 -0.014,
						-0.225 0.783 -0.010,
						-0.225 0.781 -0.005
					]
				}
				coordIndex
				[
					0, 1, 2, -1,
					2, 1, 3, -1,
					2, 3, 4, -1,
					2, 5, 0, -1,
					0, 5, 6, -1,
					0, 6, 7, -1,
					7, 6, 8, -1,
					7, 8, 9, -1,
					5, 10, 6, -1,
					6, 10, 11, -1,
					6, 11, 12, -1,
					12, 13, 6, -1,
					6, 13, 14, -1,
					15, 16, 7, -1,
					7, 16, 17, -1,
					7, 17, 18, -1,
					18, 19, 7, -1,
					7, 19, 0, -1
				]
				normal Normal
				{
					vector
					[
						-1.000 -0.000 -0.000
					]
				}
				normalIndex
				[
					0, 0, 0, -1,
					0, 0, 0, -1,
					0, 0, 0, -1,
					0, 0, 0, -1,
					0, 0, 0, -1,
					0, 0, 0, -1,
					0, 0, 0, -1,
					0, 0, 0, -1,
					0, 0, 0, -1,
					0, 0, 0, -1,
					0, 0, 0, -1,
					0, 0, 0, -1,
					0, 0, 0, -1,
					0, 0, 0, -1,
					0, 0, 0, -1,
					0, 0, 0, -1,
					0, 0, 0, -1,
					0, 0, 0, -1
				]
			}
		}
		Shape
		{
			appearance Appearance
			{
				material Material
				{
					diffuseColor 0.592 0.667 0.682
				}
			}
			geometry IndexedFaceSet
			{
				creaseAngle 0.5
				solid TRUE
				coord Coordinate
				{
					point
					[
						-0.225 0.780 0.000,
						-0.225 0.781 -0.005,
						-0.125 0.780 0.000,
						-0.125 0.781 -0.005,
						-0.225 0.783 -0.010,
						-0.125 0.783 -0.010,
						-0.125 0.786 -0.014,
						-0.225 0.786 -0.014,
						-0.225 0.790 -0.017,
						-0.125 0.790 -0.017,
						-0.225 0.795 -0.019,
						-0.125 0.795 -0.019,
						-0.125 0.800 -0.020,
						-0.225 0.800 -0.020
					]
				}
				coordIndex
				[
					0, 1, 2, -1,
					2, 1, 3, -1,
					1, 4, 3, -1,
					3, 4, 5, -1,
					5, 4, 6, -1,
					6, 4, 7, -1,
					6, 7, 8, -1,
					6, 8, 9, -1,
					9, 8, 10, -1,
					9, 10, 11, -1,
					11, 10, 12, -1,
					10, 13, 12, -1
				]
				normal Normal
				{
					vector
					[
						0.000 -1.000 0.000,
						0.000 -0.966 -0.259,
						0.000 -0.866 -0.500,
						0.000 -0.707 -0.707,
						0.000 -0.500 -0.866,
						0.000 -0.259 -0.966,
						0.000 0.000 -1.000
					]
				}
				normalIndex
				[
					0, 1, 0, -1,
					0, 1, 1, -1,
					1, 2, 1, -1,
					1, 2, 2, -1,
					2, 2, 3, -1,
					3, 2, 3, -1,
					3, 3, 4, -1,
					3, 4, 4, -1,
					4, 4, 5, -1,
					4, 5, 5, -1,
					5, 5, 6, -1,
					5, 6, 6, -1
				]
			}
		}
		Shape
		{
			appearance Appearance
			{
				material Material
				{
					diffuseColor 0.592 0.667 0.682
				}
			}
			geometry IndexedFaceSet
			{
				creaseAngle 0.5
				solid TRUE
				coord Coordinate
				{
					point
					[
						-0.225 1.000 -0.020,
						-0.125 1.000 -0.020,
						-0.225 0.800 -0.020,
						-0.125 0.800 -0.020
					]
				}
				coordIndex
				[
					0, 1, 2, -1,
					2, 1, 3, -1
				]
				normal Normal
				{
					vector
					[
						-0.000 -0.000 -1.000
					]
				}
				normalIndex
				[
					0, 0, 0, -1,
					0, 0, 0, -1
				]
			}
		}
		Shape
		{
			appearance Appearance
			{
				material Material
				{
					diffuseColor 0.592 0.667 0.682
				}
			}
			geometry IndexedFaceSet
			{
				creaseAngle 0.5
				solid TRUE
				coord Coordinate
				{
					point
					[
						-0.225 1.000 -0.020,
						-0.225 1.000 0.040,
						-0.125 1.000 -0.020,
						-0.125 1.000 0.040
					]
				}
				coordIndex
				[
					0, 1, 2, -1,
					2, 1, 3, -1
				]
				normal Normal
				{
					vector
					[
						-0.000 1.000 -0.000
					]
				}
				normalIndex
				[
					0, 0, 0, -1,
					0, 0, 0, -1
				]
			}
		}
		Shape
		{
			appearance Appearance
			{
				material Material
				{
					diffuseColor 0.592 0.667 0.682
				}
			}
			geometry IndexedFaceSet
			{
				creaseAngle 0.5
				solid TRUE
				coord Coordinate
				{
					point
					[
						-0.225 1.000 0.040,
						-0.225 0.800 0.040,
						-0.125 1.000 0.040,
						-0.125 0.800 0.040
					]
				}
				coordIndex
				[
					0, 1, 2, -1,
					2, 1, 3, -1
				]
				normal Normal
				{
					vector
					[
						-0.000 0.000 1.000
					]
				}
				normalIndex
				[
					0, 0, 0, -1,
					0, 0, 0, -1
				]
			}
		}
		Shape
		{
			appearance Appearance
			{
				material Material
				{
					diffuseColor 0.592 0.667 0.682
				}
			}
			geometry IndexedFaceSet
			{
				creaseAngle 0.5
				solid TRUE
				coord Coordinate
				{
					point
					[
						-0.125 0.800 0.040,
						-0.225 0.800 0.040,
						-0.125 0.799 0.045,
						-0.225 0.799 0.045,
						-0.225 0.797 0.050,
						-0.125 0.797 0.050,
						-0.225 0.794 0.054,
						-0.125 0.794 0.054,
						-0.225 0.790 0.057,
						-0.125 0.790 0.057,
						-0.125 0.785 0.059,
						-0.225 0.785 0.059,
						-0.225 0.780 0.060,
						-0.125 0.780 0.060
					]
				}
				coordIndex
				[
					0, 1, 2, -1,
					2, 1, 3, -1,
					2, 3, 4, -1,
					2, 4, 5, -1,
					5, 4, 6, -1,
					5, 6, 7, -1,
					7, 6, 8, -1,
					7, 8, 9, -1,
					9, 8, 10, -1,
					8, 11, 10, -1,
					10, 11, 12, -1,
					10, 12, 13, -1
				]
				normal Normal
				{
					vector
					[
						0.000 1.000 0.000,
						0.000 0.966 0.259,
						0.000 0.866 0.500,
						0.000 0.707 0.707,
						0.000 0.500 0.866,
						0.000 0.259 0.966,
						0.000 0.000 1.000
					]
				}
				normalIndex
				[
					0, 0, 1, -1,
					1, 0, 1, -1,
					1, 1, 2, -1,
					1, 2, 2, -1,
					2, 2, 3, -1,
					2, 3, 3, -1,
					3, 3, 4, -1,
					3, 4, 4, -1,
					4, 4, 5, -1,
					4, 5, 5, -1,
					5, 5, 6, -1,
					5, 6, 6, -1
				]
			}
		}
		Shape
		{
			appearance Appearance
			{
				material Material
				{
					diffuseColor 0.592 0.667 0.682
				}
			}
			geometry IndexedFaceSet
			{
				creaseAngle 0.5
				solid TRUE
				coord Coordinate
				{
					point
					[
						0.225 0.603 0.060,
						0.225 0.590 0.040,
						0.225 0.630 0.060,
						0.225 0.590 0.000,
						0.225 0.780 0.000,
						0.225 0.781 -0.005,
						0.225 0.800 -0.020,
						0.225 0.800 0.040,
						0.225 0.780 0.060,
						0.225 0.785 0.059,
						0.225 0.783 -0.010,
						0.225 0.786 -0.014,
						0.225 0.790 -0.017,
						0.225 0.795 -0.019,
						0.225 1.000 -0.020,
						0.225 1.000 0.040,
						0.225 0.799 0.045,
						0.225 0.797 0.050,
						0.225 0.794 0.054,
						0.225 0.790 0.057
					]
				}
				coordIndex
				[
					0, 1, 2, -1,
					2, 1, 3, -1,
					2, 3, 4, -1,
					5, 6, 4, -1,
					4, 6, 7, -1,
					4, 7, 8, -1,
					8, 7, 9, -1,
					5, 10, 6, -1,
					6, 10, 11, -1,
					6, 11, 12, -1,
					12, 13, 6, -1,
					6, 14, 7, -1,
					7, 14, 15, -1,
					16, 17, 7, -1,
					7, 17, 18, -1,
					7, 18, 19, -1,
					19, 9, 7, -1,
					8, 2, 4, -1
				]
				normal Normal
				{
					vector
					[
						1.000 0.000 0.000
					]
				}
				normalIndex
				[
					0, 0, 0, -1,
					0, 0, 0, -1,
					0, 0, 0, -1,
					0, 0, 0, -1,
					0, 0, 0, -1,
					0, 0, 0, -1,
					0, 0, 0, -1,
					0, 0, 0, -1,
					0, 0, 0, -1,
					0, 0, 0, -1,
					0, 0, 0, -1,
					0, 0, 0, -1,
					0, 0, 0, -1,
					0, 0, 0, -1,
					0, 0, 0, -1,
					0, 0, 0, -1,
					0, 0, 0, -1,
					0, 0, 0, -1
				]
			}
		}
		Shape
		{
			appearance Appearance
			{
				material Material
				{
					diffuseColor 0.592 0.667 0.682
				}
			}
			geometry IndexedFaceSet
			{
				creaseAngle 0.5
				solid TRUE
				coord Coordinate
				{
					point
					[
						0.125 0.780 0.000,
						0.125 0.590 0.000,
						0.125 0.630 0.060,
						0.125 0.590 0.040,
						0.125 0.603 0.060,
						0.125 0.780 0.060,
						0.125 0.800 0.040,
						0.125 0.800 -0.020,
						0.125 1.000 0.040,
						0.125 1.000 -0.020,
						0.125 0.785 0.059,
						0.125 0.790 0.057,
						0.125 0.794 0.054,
						0.125 0.797 0.050,
						0.125 0.799 0.045,
						0.125 0.795 -0.019,
						0.125 0.790 -0.017,
						0.125 0.786 -0.014,
						0.125 0.783 -0.010,
						0.125 0.781 -0.005
					]
				}
				coordIndex
				[
					0, 1, 2, -1,
					2, 1, 3, -1,
					2, 3, 4, -1,
					2, 5, 0, -1,
					0, 5, 6, -1,
					0, 6, 7, -1,
					7, 6, 8, -1,
					7, 8, 9, -1,
					5, 10, 6, -1,
					6, 10, 11, -1,
					6, 11, 12, -1,
					12, 13, 6, -1,
					6, 13, 14, -1,
					15, 16, 7, -1,
					7, 16, 17, -1,
					7, 17, 18, -1,
					18, 19, 7, -1,
					7, 19, 0, -1
				]
				normal Normal
				{
					vector
					[
						-1.000 -0.000 -0.000
					]
				}
				normalIndex
				[
					0, 0, 0, -1,
					0, 0, 0, -1,
					0, 0, 0, -1,
					0, 0, 0, -1,
					0, 0, 0, -1,
					0, 0, 0, -1,
					0, 0, 0, -1,
					0, 0, 0, -1,
					0, 0, 0, -1,
					0, 0, 0, -1,
					0, 0, 0, -1,
					0, 0, 0, -1,
					0, 0, 0, -1,
					0, 0, 0, -1,
					0, 0, 0, -1,
					0, 0, 0, -1,
					0, 0, 0, -1,
					0, 0, 0, -1
				]
			}
		}
		Shape
		{
			appearance Appearance
			{
				material Material
				{
					diffuseColor 0.592 0.667 0.682
				}
			}
			geometry IndexedFaceSet
			{
				creaseAngle 0.5
				solid TRUE
				coord Coordinate
				{
					point
					[
						0.125 0.780 0.000,
						0.125 0.781 -0.005,
						0.225 0.780 0.000,
						0.225 0.781 -0.005,
						0.125 0.783 -0.010,
						0.225 0.783 -0.010,
						0.225 0.786 -0.014,
						0.125 0.786 -0.014,
						0.125 0.790 -0.017,
						0.225 0.790 -0.017,
						0.125 0.795 -0.019,
						0.225 0.795 -0.019,
						0.225 0.800 -0.020,
						0.125 0.800 -0.020
					]
				}
				coordIndex
				[
					0, 1, 2, -1,
					2, 1, 3, -1,
					1, 4, 3, -1,
					3, 4, 5, -1,
					5, 4, 6, -1,
					6, 4, 7, -1,
					6, 7, 8, -1,
					6, 8, 9, -1,
					9, 8, 10, -1,
					9, 10, 11, -1,
					11, 10, 12, -1,
					10, 13, 12, -1
				]
				normal Normal
				{
					vector
					[
						0.000 -1.000 0.000,
						0.000 -0.966 -0.259,
						0.000 -0.866 -0.500,
						0.000 -0.707 -0.707,
						0.000 -0.500 -0.866,
						0.000 -0.259 -0.966,
						0.000 0.000 -1.000
					]
				}
				normalIndex
				[
					0, 1, 0, -1,
					0, 1, 1, -1,
					1, 2, 1, -1,
					1, 2, 2, -1,
					2, 2, 3, -1,
					3, 2, 3, -1,
					3, 3, 4, -1,
					3, 4, 4, -1,
					4, 4, 5, -1,
					4, 5, 5, -1,
					5, 5, 6, -1,
					5, 6, 6, -1
				]
			}
		}
		Shape
		{
			appearance Appearance
			{
				material Material
				{
					diffuseColor 0.592 0.667 0.682
				}
			}
			geometry IndexedFaceSet
			{
				creaseAngle 0.5
				solid TRUE
				coord Coordinate
				{
					point
					[
						0.125 1.000 -0.020,
						0.225 1.000 -0.020,
						0.125 0.800 -0.020,
						0.225 0.800 -0.020
					]
				}
				coordIndex
				[
					0, 1, 2, -1,
					2, 1, 3, -1
				]
				normal Normal
				{
					vector
					[
						-0.000 -0.000 -1.000
					]
				}
				normalIndex
				[
					0, 0, 0, -1,
					0, 0, 0, -1
				]
			}
		}
		Shape
		{
			appearance Appearance
			{
				material Material
				{
					diffuseColor 0.592 0.667 0.682
				}
			}
			geometry IndexedFaceSet
			{
				creaseAngle 0.5
				solid TRUE
				coord Coordinate
				{
					point
					[
						0.125 1.000 -0.020,
						0.125 1.000 0.040,
						0.225 1.000 -0.020,
						0.225 1.000 0.040
					]
				}
				coordIndex
				[
					0, 1, 2, -1,
					2, 1, 3, -1
				]
				normal Normal
				{
					vector
					[
						-0.000 1.000 -0.000
					]
				}
				normalIndex
				[
					0, 0, 0, -1,
					0, 0, 0, -1
				]
			}
		}
		Shape
		{
			appearance Appearance
			{
				material Material
				{
					diffuseColor 0.592 0.667 0.682
				}
			}
			geometry IndexedFaceSet
			{
				creaseAngle 0.5
				solid TRUE
				coord Coordinate
				{
					point
					[
						0.125 1.000 0.040,
						0.125 0.800 0.040,
						0.225 1.000 0.040,
						0.225 0.800 0.040
					]
				}
				coordIndex
				[
					0, 1, 2, -1,
					2, 1, 3, -1
				]
				normal Normal
				{
					vector
					[
						-0.000 0.000 1.000
					]
				}
				normalIndex
				[
					0, 0, 0, -1,
					0, 0, 0, -1
				]
			}
		}
		Shape
		{
			appearance Appearance
			{
				material Material
				{
					diffuseColor 0.592 0.667 0.682
				}
			}
			geometry IndexedFaceSet
			{
				creaseAngle 0.5
				solid TRUE
				coord Coordinate
				{
					point
					[
						0.225 0.800 0.040,
						0.125 0.800 0.040,
						0.225 0.799 0.045,
						0.125 0.799 0.045,
						0.125 0.797 0.050,
						0.225 0.797 0.050,
						0.125 0.794 0.054,
						0.225 0.794 0.054,
						0.125 0.790 0.057,
						0.225 0.790 0.057,
						0.225 0.785 0.059,
						0.125 0.785 0.059,
						0.125 0.780 0.060,
						0.225 0.780 0.060
					]
				}
				coordIndex
				[
					0, 1, 2, -1,
					2, 1, 3, -1,
					2, 3, 4, -1,
					2, 4, 5, -1,
					5, 4, 6, -1,
					5, 6, 7, -1,
					7, 6, 8, -1,
					7, 8, 9, -1,
					9, 8, 10, -1,
					8, 11, 10, -1,
					10, 11, 12, -1,
					10, 12, 13, -1
				]
				normal Normal
				{
					vector
					[
						0.000 1.000 0.000,
						0.000 0.966 0.259,
						0.000 0.866 0.500,
						0.000 0.707 0.707,
						0.000 0.500 0.866,
						0.000 0.259 0.966,
						0.000 0.000 1.000
					]
				}
				normalIndex
				[
					0, 0, 1, -1,
					1, 0, 1, -1,
					1, 1, 2, -1,
					1, 2, 2, -1,
					2, 2, 3, -1,
					2, 3, 3, -1,
					3, 3, 4, -1,
					3, 4, 4, -1,
					4, 4, 5, -1,
					4, 5, 5, -1,
					5, 5, 6, -1,
					5, 6, 6, -1
				]
			}
		}
		Shape
		{
			appearance Appearance
			{
				material Material
				{
					diffuseColor 0.592 0.667 0.682
				}
			}
			geometry IndexedFaceSet
			{
				creaseAngle 0.5
				solid TRUE
				coord Coordinate
				{
					point
					[
						-0.475 -0.630 0.060,
						-0.575 -0.630 0.060,
						-0.475 -0.780 0.060,
						-0.575 -0.780 0.060
					]
				}
				coordIndex
				[
					0, 1, 2, -1,
					2, 1, 3, -1
				]
				normal Normal
				{
					vector
					[
						-0.000 -0.000 1.000
					]
				}
				normalIndex
				[
					0, 0, 0, -1,
					0, 0, 0, -1
				]
			}
		}
		Shape
		{
			appearance Appearance
			{
				material Material
				{
					diffuseColor 0.592 0.667 0.682
				}
			}
			geometry IndexedFaceSet
			{
				creaseAngle 0.5
				solid TRUE
				coord Coordinate
				{
					point
					[
						-0.475 -0.603 0.060,
						-0.475 -0.630 0.060,
						-0.475 -0.590 0.040,
						-0.475 -0.590 0.000,
						-0.475 -0.780 -0.000,
						-0.475 -0.780 0.060,
						-0.475 -0.800 0.040,
						-0.475 -0.785 0.059,
						-0.475 -0.790 0.057,
						-0.475 -0.794 0.054,
						-0.475 -0.797 0.050,
						-0.475 -0.799 0.045,
						-0.475 -0.800 -0.020,
						-0.475 -1.000 0.040,
						-0.475 -1.000 -0.020,
						-0.475 -0.795 -0.019,
						-0.475 -0.790 -0.017,
						-0.475 -0.786 -0.014,
						-0.475 -0.783 -0.010,
						-0.475 -0.781 -0.005
					]
				}
				coordIndex
				[
					0, 1, 2, -1,
					2, 1, 3, -1,
					3, 1, 4, -1,
					4, 1, 5, -1,
					4, 5, 6, -1,
					6, 5, 7, -1,
					6, 7, 8, -1,
					8, 9, 6, -1,
					6, 9, 10, -1,
					6, 10, 11, -1,
					4, 6, 12, -1,
					12, 6, 13, -1,
					12, 13, 14, -1,
					15, 16, 12, -1,
					12, 16, 17, -1,
					12, 17, 18, -1,
					18, 19, 12, -1,
					12, 19, 4, -1
				]
				normal Normal
				{
					vector
					[
						1.000 0.000 0.000
					]
				}
				normalIndex
				[
					0, 0, 0, -1,
					0, 0, 0, -1,
					0, 0, 0, -1,
					0, 0, 0, -1,
					0, 0, 0, -1,
					0, 0, 0, -1,
					0, 0, 0, -1,
					0, 0, 0, -1,
					0, 0, 0, -1,
					0, 0, 0, -1,
					0, 0, 0, -1,
					0, 0, 0, -1,
					0, 0, 0, -1,
					0, 0, 0, -1,
					0, 0, 0, -1,
					0, 0, 0, -1,
					0, 0, 0, -1,
					0, 0, 0, -1
				]
			}
		}
		Shape
		{
			appearance Appearance
			{
				material Material
				{
					diffuseColor 0.592 0.667 0.682
				}
			}
			geometry IndexedFaceSet
			{
				creaseAngle 0.5
				solid TRUE
				coord Coordinate
				{
					point
					[
						-0.575 -0.603 0.060,
						-0.575 -0.590 0.040,
						-0.575 -0.630 0.060,
						-0.575 -0.590 0.000,
						-0.575 -0.780 -0.000,
						-0.575 -0.781 -0.005,
						-0.575 -0.800 -0.020,
						-0.575 -0.800 0.040,
						-0.575 -0.780 0.060,
						-0.575 -0.785 0.059,
						-0.575 -0.783 -0.010,
						-0.575 -0.786 -0.014,
						-0.575 -0.790 -0.017,
						-0.575 -0.795 -0.019,
						-0.575 -1.000 -0.020,
						-0.575 -1.000 0.040,
						-0.575 -0.799 0.045,
						-0.575 -0.797 0.050,
						-0.575 -0.794 0.054,
						-0.575 -0.790 0.057
					]
				}
				coordIndex
				[
					0, 1, 2, -1,
					2, 1, 3, -1,
					2, 3, 4, -1,
					5, 6, 4, -1,
					4, 6, 7, -1,
					4, 7, 8, -1,
					8, 7, 9, -1,
					5, 10, 6, -1,
					6, 10, 11, -1,
					6, 11, 12, -1,
					12, 13, 6, -1,
					6, 14, 7, -1,
					7, 14, 15, -1,
					16, 17, 7, -1,
					7, 17, 18, -1,
					7, 18, 19, -1,
					19, 9, 7, -1,
					8, 2, 4, -1
				]
				normal Normal
				{
					vector
					[
						-1.000 -0.000 -0.000
					]
				}
				normalIndex
				[
					0, 0, 0, -1,
					0, 0, 0, -1,
					0, 0, 0, -1,
					0, 0, 0, -1,
					0, 0, 0, -1,
					0, 0, 0, -1,
					0, 0, 0, -1,
					0, 0, 0, -1,
					0, 0, 0, -1,
					0, 0, 0, -1,
					0, 0, 0, -1,
					0, 0, 0, -1,
					0, 0, 0, -1,
					0, 0, 0, -1,
					0, 0, 0, -1,
					0, 0, 0, -1,
					0, 0, 0, -1,
					0, 0, 0, -1
				]
			}
		}
		Shape
		{
			appearance Appearance
			{
				material Material
				{
					diffuseColor 0.592 0.667 0.682
				}
			}
			geometry IndexedFaceSet
			{
				creaseAngle 0.5
				solid TRUE
				coord Coordinate
				{
					point
					[
						-0.575 -1.000 -0.020,
						-0.475 -1.000 -0.020,
						-0.575 -1.000 0.040,
						-0.475 -1.000 0.040
					]
				}
				coordIndex
				[
					0, 1, 2, -1,
					2, 1, 3, -1
				]
				normal Normal
				{
					vector
					[
						0.000 -1.000 -0.000
					]
				}
				normalIndex
				[
					0, 0, 0, -1,
					0, 0, 0, -1
				]
			}
		}
		Shape
		{
			appearance Appearance
			{
				material Material
				{
					diffuseColor 0.592 0.667 0.682
				}
			}
			geometry IndexedFaceSet
			{
				creaseAngle 0.5
				solid TRUE
				coord Coordinate
				{
					point
					[
						-0.575 -0.800 -0.020,
						-0.475 -0.800 -0.020,
						-0.575 -1.000 -0.020,
						-0.475 -1.000 -0.020
					]
				}
				coordIndex
				[
					0, 1, 2, -1,
					2, 1, 3, -1
				]
				normal Normal
				{
					vector
					[
						-0.000 -0.000 -1.000
					]
				}
				normalIndex
				[
					0, 0, 0, -1,
					0, 0, 0, -1
				]
			}
		}
		Shape
		{
			appearance Appearance
			{
				material Material
				{
					diffuseColor 0.592 0.667 0.682
				}
			}
			geometry IndexedFaceSet
			{
				creaseAngle 0.5
				solid TRUE
				coord Coordinate
				{
					point
					[
						-0.475 -0.800 -0.020,
						-0.575 -0.800 -0.020,
						-0.475 -0.795 -0.019,
						-0.575 -0.795 -0.019,
						-0.575 -0.790 -0.017,
						-0.475 -0.790 -0.017,
						-0.575 -0.786 -0.014,
						-0.475 -0.786 -0.014,
						-0.475 -0.783 -0.010,
						-0.575 -0.783 -0.010,
						-0.575 -0.781 -0.005,
						-0.475 -0.781 -0.005,
						-0.575 -0.780 -0.000,
						-0.475 -0.780 -0.000
					]
				}
				coordIndex
				[
					0, 1, 2, -1,
					2, 1, 3, -1,
					2, 3, 4, -1,
					2, 4, 5, -1,
					5, 4, 6, -1,
					5, 6, 7, -1,
					7, 6, 8, -1,
					6, 9, 8, -1,
					8, 9, 10, -1,
					8, 10, 11, -1,
					11, 10, 12, -1,
					11, 12, 13, -1
				]
				normal Normal
				{
					vector
					[
						0.000 0.000 -1.000,
						0.000 0.259 -0.966,
						0.000 0.500 -0.866,
						0.000 0.707 -0.707,
						0.000 0.866 -0.500,
						0.000 0.966 -0.259,
						0.000 1.000 -0.000
					]
				}
				normalIndex
				[
					0, 0, 1, -1,
					1, 0, 1, -1,
					1, 1, 2, -1,
					1, 2, 2, -1,
					2, 2, 3, -1,
					2, 3, 3, -1,
					3, 3, 4, -1,
					3, 4, 4, -1,
					4, 4, 5, -1,
					4, 5, 5, -1,
					5, 5, 6, -1,
					5, 6, 6, -1
				]
			}
		}
		Shape
		{
			appearance Appearance
			{
				material Material
				{
					diffuseColor 0.592 0.667 0.682
				}
			}
			geometry IndexedFaceSet
			{
				creaseAngle 0.5
				solid TRUE
				coord Coordinate
				{
					point
					[
						-0.575 -0.780 0.060,
						-0.575 -0.785 0.059,
						-0.475 -0.780 0.060,
						-0.475 -0.785 0.059,
						-0.475 -0.790 0.057,
						-0.575 -0.790 0.057,
						-0.575 -0.794 0.054,
						-0.475 -0.794 0.054,
						-0.575 -0.797 0.050,
						-0.475 -0.797 0.050,
						-0.575 -0.799 0.045,
						-0.475 -0.799 0.045,
						-0.475 -0.800 0.040,
						-0.575 -0.800 0.040
					]
				}
				coordIndex
				[
					0, 1, 2, -1,
					2, 1, 3, -1,
					3, 1, 4, -1,
					4, 1, 5, -1,
					4, 5, 6, -1,
					4, 6, 7, -1,
					7, 6, 8, -1,
					7, 8, 9, -1,
					9, 8, 10, -1,
					9, 10, 11, -1,
					11, 10, 12, -1,
					10, 13, 12, -1
				]
				normal Normal
				{
					vector
					[
						0.000 0.000 1.000,
						0.000 -0.259 0.966,
						0.000 -0.500 0.866,
						0.000 -0.707 0.707,
						0.000 -0.866 0.500,
						0.000 -0.966 0.259,
						0.000 -1.000 0.000
					]
				}
				normalIndex
				[
					0, 1, 0, -1,
					0, 1, 1, -1,
					1, 1, 2, -1,
					2, 1, 2, -1,
					2, 2, 3, -1,
					2, 3, 3, -1,
					3, 3, 4, -1,
					3, 4, 4, -1,
					4, 4, 5, -1,
					4, 5, 5, -1,
					5, 5, 6, -1,
					5, 6, 6, -1
				]
			}
		}
		Shape
		{
			appearance Appearance
			{
				material Material
				{
					diffuseColor 0.592 0.667 0.682
				}
			}
			geometry IndexedFaceSet
			{
				creaseAngle 0.5
				solid TRUE
				coord Coordinate
				{
					point
					[
						-0.575 -1.000 0.040,
						-0.475 -1.000 0.040,
						-0.575 -0.800 0.040,
						-0.475 -0.800 0.040
					]
				}
				coordIndex
				[
					0, 1, 2, -1,
					2, 1, 3, -1
				]
				normal Normal
				{
					vector
					[
						-0.000 -0.000 1.000
					]
				}
				normalIndex
				[
					0, 0, 0, -1,
					0, 0, 0, -1
				]
			}
		}
		Shape
		{
			appearance Appearance
			{
				material Material
				{
					diffuseColor 0.592 0.667 0.682
				}
			}
			geometry IndexedFaceSet
			{
				creaseAngle 0.5
				solid TRUE
				coord Coordinate
				{
					point
					[
						-0.125 -0.630 0.060,
						-0.225 -0.630 0.060,
						-0.125 -0.780 0.060,
						-0.225 -0.780 0.060
					]
				}
				coordIndex
				[
					0, 1, 2, -1,
					2, 1, 3, -1
				]
				normal Normal
				{
					vector
					[
						-0.000 -0.000 1.000
					]
				}
				normalIndex
				[
					0, 0, 0, -1,
					0, 0, 0, -1
				]
			}
		}
		Shape
		{
			appearance Appearance
			{
				material Material
				{
					diffuseColor 0.592 0.667 0.682
				}
			}
			geometry IndexedFaceSet
			{
				creaseAngle 0.5
				solid TRUE
				coord Coordinate
				{
					point
					[
						-0.125 -0.603 0.060,
						-0.125 -0.630 0.060,
						-0.125 -0.590 0.040,
						-0.125 -0.590 0.000,
						-0.125 -0.780 -0.000,
						-0.125 -0.780 0.060,
						-0.125 -0.800 0.040,
						-0.125 -0.785 0.059,
						-0.125 -0.790 0.057,
						-0.125 -0.794 0.054,
						-0.125 -0.797 0.050,
						-0.125 -0.799 0.045,
						-0.125 -0.800 -0.020,
						-0.125 -1.000 0.040,
						-0.125 -1.000 -0.020,
						-0.125 -0.795 -0.019,
						-0.125 -0.790 -0.017,
						-0.125 -0.786 -0.014,
						-0.125 -0.783 -0.010,
						-0.125 -0.781 -0.005
					]
				}
				coordIndex
				[
					0, 1, 2, -1,
					2, 1, 3, -1,
					3, 1, 4, -1,
					4, 1, 5, -1,
					4, 5, 6, -1,
					6, 5, 7, -1,
					6, 7, 8, -1,
					8, 9, 6, -1,
					6, 9, 10, -1,
					6, 10, 11, -1,
					4, 6, 12, -1,
					12, 6, 13, -1,
					12, 13, 14, -1,
					15, 16, 12, -1,
					12, 16, 17, -1,
					12, 17, 18, -1,
					18, 19, 12, -1,
					12, 19, 4, -1
				]
				normal Normal
				{
					vector
					[
						1.000 0.000 0.000
					]
				}
				normalIndex
				[
					0, 0, 0, -1,
					0, 0, 0, -1,
					0, 0, 0, -1,
					0, 0, 0, -1,
					0, 0, 0, -1,
					0, 0, 0, -1,
					0, 0, 0, -1,
					0, 0, 0, -1,
					0, 0, 0, -1,
					0, 0, 0, -1,
					0, 0, 0, -1,
					0, 0, 0, -1,
					0, 0, 0, -1,
					0, 0, 0, -1,
					0, 0, 0, -1,
					0, 0, 0, -1,
					0, 0, 0, -1,
					0, 0, 0, -1
				]
			}
		}
		Shape
		{
			appearance Appearance
			{
				material Material
				{
					diffuseColor 0.592 0.667 0.682
				}
			}
			geometry IndexedFaceSet
			{
				creaseAngle 0.5
				solid TRUE
				coord Coordinate
				{
					point
					[
						-0.225 -0.603 0.060,
						-0.225 -0.590 0.040,
						-0.225 -0.630 0.060,
						-0.225 -0.590 0.000,
						-0.225 -0.780 -0.000,
						-0.225 -0.781 -0.005,
						-0.225 -0.800 -0.020,
						-0.225 -0.800 0.040,
						-0.225 -0.780 0.060,
						-0.225 -0.785 0.059,
						-0.225 -0.783 -0.010,
						-0.225 -0.786 -0.014,
						-0.225 -0.790 -0.017,
						-0.225 -0.795 -0.019,
						-0.225 -1.000 -0.020,
						-0.225 -1.000 0.040,
						-0.225 -0.799 0.045,
						-0.225 -0.797 0.050,
						-0.225 -0.794 0.054,
						-0.225 -0.790 0.057
					]
				}
				coordIndex
				[
					0, 1, 2, -1,
					2, 1, 3, -1,
					2, 3, 4, -1,
					5, 6, 4, -1,
					4, 6, 7, -1,
					4, 7, 8, -1,
					8, 7, 9, -1,
					5, 10, 6, -1,
					6, 10, 11, -1,
					6, 11, 12, -1,
					12, 13, 6, -1,
					6, 14, 7, -1,
					7, 14, 15, -1,
					16, 17, 7, -1,
					7, 17, 18, -1,
					7, 18, 19, -1,
					19, 9, 7, -1,
					8, 2, 4, -1
				]
				normal Normal
				{
					vector
					[
						-1.000 -0.000 -0.000
					]
				}
				normalIndex
				[
					0, 0, 0, -1,
					0, 0, 0, -1,
					0, 0, 0, -1,
					0, 0, 0, -1,
					0, 0, 0, -1,
					0, 0, 0, -1,
					0, 0, 0, -1,
					0, 0, 0, -1,
					0, 0, 0, -1,
					0, 0, 0, -1,
					0, 0, 0, -1,
					0, 0, 0, -1,
					0, 0, 0, -1,
					0, 0, 0, -1,
					0, 0, 0, -1,
					0, 0, 0, -1,
					0, 0, 0, -1,
					0, 0, 0, -1
				]
			}
		}
		Shape
		{
			appearance Appearance
			{
				material Material
				{
					diffuseColor 0.592 0.667 0.682
				}
			}
			geometry IndexedFaceSet
			{
				creaseAngle 0.5
				solid TRUE
				coord Coordinate
				{
					point
					[
						-0.225 -1.000 -0.020,
						-0.125 -1.000 -0.020,
						-0.225 -1.000 0.040,
						-0.125 -1.000 0.040
					]
				}
				coordIndex
				[
					0, 1, 2, -1,
					2, 1, 3, -1
				]
				normal Normal
				{
					vector
					[
						0.000 -1.000 -0.000
					]
				}
				normalIndex
				[
					0, 0, 0, -1,
					0, 0, 0, -1
				]
			}
		}
		Shape
		{
			appearance Appearance
			{
				material Material
				{
					diffuseColor 0.592 0.667 0.682
				}
			}
			geometry IndexedFaceSet
			{
				creaseAngle 0.5
				solid TRUE
				coord Coordinate
				{
					point
					[
						-0.225 -0.800 -0.020,
						-0.125 -0.800 -0.020,
						-0.225 -1.000 -0.020,
						-0.125 -1.000 -0.020
					]
				}
				coordIndex
				[
					0, 1, 2, -1,
					2, 1, 3, -1
				]
				normal Normal
				{
					vector
					[
						-0.000 -0.000 -1.000
					]
				}
				normalIndex
				[
					0, 0, 0, -1,
					0, 0, 0, -1
				]
			}
		}
		Shape
		{
			appearance Appearance
			{
				material Material
				{
					diffuseColor 0.592 0.667 0.682
				}
			}
			geometry IndexedFaceSet
			{
				creaseAngle 0.5
				solid TRUE
				coord Coordinate
				{
					point
					[
						-0.125 -0.800 -0.020,
						-0.225 -0.800 -0.020,
						-0.125 -0.795 -0.019,
						-0.225 -0.795 -0.019,
						-0.225 -0.790 -0.017,
						-0.125 -0.790 -0.017,
						-0.225 -0.786 -0.014,
						-0.125 -0.786 -0.014,
						-0.125 -0.783 -0.010,
						-0.225 -0.783 -0.010,
						-0.225 -0.781 -0.005,
						-0.125 -0.781 -0.005,
						-0.225 -0.780 -0.000,
						-0.125 -0.780 -0.000
					]
				}
				coordIndex
				[
					0, 1, 2, -1,
					2, 1, 3, -1,
					2, 3, 4, -1,
					2, 4, 5, -1,
					5, 4, 6, -1,
					5, 6, 7, -1,
					7, 6, 8, -1,
					6, 9, 8, -1,
					8, 9, 10, -1,
					8, 10, 11, -1,
					11, 10, 12, -1,
					11, 12, 13, -1
				]
				normal Normal
				{
					vector
					[
						0.000 0.000 -1.000,
						0.000 0.259 -0.966,
						0.000 0.500 -0.866,
						0.000 0.707 -0.707,
						0.000 0.866 -0.500,
						0.000 0.966 -0.259,
						0.000 1.000 -0.000
					]
				}
				normalIndex
				[
					0, 0, 1, -1,
					1, 0, 1, -1,
					1, 1, 2, -1,
					1, 2, 2, -1,
					2, 2, 3, -1,
					2, 3, 3, -1,
					3, 3, 4, -1,
					3, 4, 4, -1,
					4, 4, 5, -1,
					4, 5, 5, -1,
					5, 5, 6, -1,
					5, 6, 6, -1
				]
			}
		}
		Shape
		{
			appearance Appearance
			{
				material Material
				{
					diffuseColor 0.592 0.667 0.682
				}
			}
			geometry IndexedFaceSet
			{
				creaseAngle 0.5
				solid TRUE
				coord Coordinate
				{
					point
					[
						-0.225 -0.780 0.060,
						-0.225 -0.785 0.059,
						-0.125 -0.780 0.060,
						-0.125 -0.785 0.059,
						-0.125 -0.790 0.057,
						-0.225 -0.790 0.057,
						-0.225 -0.794 0.054,
						-0.125 -0.794 0.054,
						-0.225 -0.797 0.050,
						-0.125 -0.797 0.050,
						-0.225 -0.799 0.045,
						-0.125 -0.799 0.045,
						-0.125 -0.800 0.040,
						-0.225 -0.800 0.040
					]
				}
				coordIndex
				[
					0, 1, 2, -1,
					2, 1, 3, -1,
					3, 1, 4, -1,
					4, 1, 5, -1,
					4, 5, 6, -1,
					4, 6, 7, -1,
					7, 6, 8, -1,
					7, 8, 9, -1,
					9, 8, 10, -1,
					9, 10, 11, -1,
					11, 10, 12, -1,
					10, 13, 12, -1
				]
				normal Normal
				{
					vector
					[
						0.000 0.000 1.000,
						0.000 -0.259 0.966,
						0.000 -0.500 0.866,
						0.000 -0.707 0.707,
						0.000 -0.866 0.500,
						0.000 -0.966 0.259,
						0.000 -1.000 0.000
					]
				}
				normalIndex
				[
					0, 1, 0, -1,
					0, 1, 1, -1,
					1, 1, 2, -1,
					2, 1, 2, -1,
					2, 2, 3, -1,
					2, 3, 3, -1,
					3, 3, 4, -1,
					3, 4, 4, -1,
					4, 4, 5, -1,
					4, 5, 5, -1,
					5, 5, 6, -1,
					5, 6, 6, -1
				]
			}
		}
		Shape
		{
			appearance Appearance
			{
				material Material
				{
					diffuseColor 0.592 0.667 0.682
				}
			}
			geometry IndexedFaceSet
			{
				creaseAngle 0.5
				solid TRUE
				coord Coordinate
				{
					point
					[
						-0.225 -1.000 0.040,
						-0.125 -1.000 0.040,
						-0.225 -0.800 0.040,
						-0.125 -0.800 0.040
					]
				}
				coordIndex
				[
					0, 1, 2, -1,
					2, 1, 3, -1
				]
				normal Normal
				{
					vector
					[
						-0.000 -0.000 1.000
					]
				}
				normalIndex
				[
					0, 0, 0, -1,
					0, 0, 0, -1
				]
			}
		}
		Shape
		{
			appearance Appearance
			{
				material Material
				{
					diffuseColor 0.592 0.667 0.682
				}
			}
			geometry IndexedFaceSet
			{
				creaseAngle 0.5
				solid TRUE
				coord Coordinate
				{
					point
					[
						0.225 -0.630 0.060,
						0.125 -0.630 0.060,
						0.225 -0.780 0.060,
						0.125 -0.780 0.060
					]
				}
				coordIndex
				[
					0, 1, 2, -1,
					2, 1, 3, -1
				]
				normal Normal
				{
					vector
					[
						-0.000 -0.000 1.000
					]
				}
				normalIndex
				[
					0, 0, 0, -1,
					0, 0, 0, -1
				]
			}
		}
		Shape
		{
			appearance Appearance
			{
				material Material
				{
					diffuseColor 0.592 0.667 0.682
				}
			}
			geometry IndexedFaceSet
			{
				creaseAngle 0.5
				solid TRUE
				coord Coordinate
				{
					point
					[
						0.225 -0.603 0.060,
						0.225 -0.630 0.060,
						0.225 -0.590 0.040,
						0.225 -0.590 0.000,
						0.225 -0.780 -0.000,
						0.225 -0.780 0.060,
						0.225 -0.800 0.040,
						0.225 -0.785 0.059,
						0.225 -0.790 0.057,
						0.225 -0.794 0.054,
						0.225 -0.797 0.050,
						0.225 -0.799 0.045,
						0.225 -0.800 -0.020,
						0.225 -1.000 0.040,
						0.225 -1.000 -0.020,
						0.225 -0.795 -0.019,
						0.225 -0.790 -0.017,
						0.225 -0.786 -0.014,
						0.225 -0.783 -0.010,
						0.225 -0.781 -0.005
					]
				}
				coordIndex
				[
					0, 1, 2, -1,
					2, 1, 3, -1,
					3, 1, 4, -1,
					4, 1, 5, -1,
					4, 5, 6, -1,
					6, 5, 7, -1,
					6, 7, 8, -1,
					8, 9, 6, -1,
					6, 9, 10, -1,
					6, 10, 11, -1,
					4, 6, 12, -1,
					12, 6, 13, -1,
					12, 13, 14, -1,
					15, 16, 12, -1,
					12, 16, 17, -1,
					12, 17, 18, -1,
					18, 19, 12, -1,
					12, 19, 4, -1
				]
				normal Normal
				{
					vector
					[
						1.000 0.000 0.000
					]
				}
				normalIndex
				[
					0, 0, 0, -1,
					0, 0, 0, -1,
					0, 0, 0, -1,
					0, 0, 0, -1,
					0, 0, 0, -1,
					0, 0, 0, -1,
					0, 0, 0, -1,
					0, 0, 0, -1,
					0, 0, 0, -1,
					0, 0, 0, -1,
					0, 0, 0, -1,
					0, 0, 0, -1,
					0, 0, 0, -1,
					0, 0, 0, -1,
					0, 0, 0, -1,
					0, 0, 0, -1,
					0, 0, 0, -1,
					0, 0, 0, -1
				]
			}
		}
		Shape
		{
			appearance Appearance
			{
				material Material
				{
					diffuseColor 0.592 0.667 0.682
				}
			}
			geometry IndexedFaceSet
			{
				creaseAngle 0.5
				solid TRUE
				coord Coordinate
				{
					point
					[
						0.125 -0.603 0.060,
						0.125 -0.590 0.040,
						0.125 -0.630 0.060,
						0.125 -0.590 0.000,
						0.125 -0.780 -0.000,
						0.125 -0.781 -0.005,
						0.125 -0.800 -0.020,
						0.125 -0.800 0.040,
						0.125 -0.780 0.060,
						0.125 -0.785 0.059,
						0.125 -0.783 -0.010,
						0.125 -0.786 -0.014,
						0.125 -0.790 -0.017,
						0.125 -0.795 -0.019,
						0.125 -1.000 -0.020,
						0.125 -1.000 0.040,
						0.125 -0.799 0.045,
						0.125 -0.797 0.050,
						0.125 -0.794 0.054,
						0.125 -0.790 0.057
					]
				}
				coordIndex
				[
					0, 1, 2, -1,
					2, 1, 3, -1,
					2, 3, 4, -1,
					5, 6, 4, -1,
					4, 6, 7, -1,
					4, 7, 8, -1,
					8, 7, 9, -1,
					5, 10, 6, -1,
					6, 10, 11, -1,
					6, 11, 12, -1,
					12, 13, 6, -1,
					6, 14, 7, -1,
					7, 14, 15, -1,
					16, 17, 7, -1,
					7, 17, 18, -1,
					7, 18, 19, -1,
					19, 9, 7, -1,
					8, 2, 4, -1
				]
				normal Normal
				{
					vector
					[
						-1.000 -0.000 -0.000
					]
				}
				normalIndex
				[
					0, 0, 0, -1,
					0, 0, 0, -1,
					0, 0, 0, -1,
					0, 0, 0, -1,
					0, 0, 0, -1,
					0, 0, 0, -1,
					0, 0, 0, -1,
					0, 0, 0, -1,
					0, 0, 0, -1,
					0, 0, 0, -1,
					0, 0, 0, -1,
					0, 0, 0, -1,
					0, 0, 0, -1,
					0, 0, 0, -1,
					0, 0, 0, -1,
					0, 0, 0, -1,
					0, 0, 0, -1,
					0, 0, 0, -1
				]
			}
		}
		Shape
		{
			appearance Appearance
			{
				material Material
				{
					diffuseColor 0.592 0.667 0.682
				}
			}
			geometry IndexedFaceSet
			{
				creaseAngle 0.5
				solid TRUE
				coord Coordinate
				{
					point
					[
						0.125 -1.000 -0.020,
						0.225 -1.000 -0.020,
						0.125 -1.000 0.040,
						0.225 -1.000 0.040
					]
				}
				coordIndex
				[
					0, 1, 2, -1,
					2, 1, 3, -1
				]
				normal Normal
				{
					vector
					[
						0.000 -1.000 -0.000
					]
				}
				normalIndex
				[
					0, 0, 0, -1,
					0, 0, 0, -1
				]
			}
		}
		Shape
		{
			appearance Appearance
			{
				material Material
				{
					diffuseColor 0.592 0.667 0.682
				}
			}
			geometry IndexedFaceSet
			{
				creaseAngle 0.5
				solid TRUE
				coord Coordinate
				{
					point
					[
						0.125 -0.800 -0.020,
						0.225 -0.800 -0.020,
						0.125 -1.000 -0.020,
						0.225 -1.000 -0.020
					]
				}
				coordIndex
				[
					0, 1, 2, -1,
					2, 1, 3, -1
				]
				normal Normal
				{
					vector
					[
						-0.000 -0.000 -1.000
					]
				}
				normalIndex
				[
					0, 0, 0, -1,
					0, 0, 0, -1
				]
			}
		}
		Shape
		{
			appearance Appearance
			{
				material Material
				{
					diffuseColor 0.592 0.667 0.682
				}
			}
			geometry IndexedFaceSet
			{
				creaseAngle 0.5
				solid TRUE
				coord Coordinate
				{
					point
					[
						0.225 -0.800 -0.020,
						0.125 -0.800 -0.020,
						0.225 -0.795 -0.019,
						0.125 -0.795 -0.019,
						0.125 -0.790 -0.017,
						0.225 -0.790 -0.017,
						0.125 -0.786 -0.014,
						0.225 -0.786 -0.014,
						0.225 -0.783 -0.010,
						0.125 -0.783 -0.010,
						0.125 -0.781 -0.005,
						0.225 -0.781 -0.005,
						0.125 -0.780 -0.000,
						0.225 -0.780 -0.000
					]
				}
				coordIndex
				[
					0, 1, 2, -1,
					2, 1, 3, -1,
					2, 3, 4, -1,
					2, 4, 5, -1,
					5, 4, 6, -1,
					5, 6, 7, -1,
					7, 6, 8, -1,
					6, 9, 8, -1,
					8, 9, 10, -1,
					8, 10, 11, -1,
					11, 10, 12, -1,
					11, 12, 13, -1
				]
				normal Normal
				{
					vector
					[
						0.000 0.000 -1.000,
						0.000 0.259 -0.966,
						0.000 0.500 -0.866,
						0.000 0.707 -0.707,
						0.000 0.866 -0.500,
						0.000 0.966 -0.259,
						0.000 1.000 -0.000
					]
				}
				normalIndex
				[
					0, 0, 1, -1,
					1, 0, 1, -1,
					1, 1, 2, -1,
					1, 2, 2, -1,
					2, 2, 3, -1,
					2, 3, 3, -1,
					3, 3, 4, -1,
					3, 4, 4, -1,
					4, 4, 5, -1,
					4, 5, 5, -1,
					5, 5, 6, -1,
					5, 6, 6, -1
				]
			}
		}
		Shape
		{
			appearance Appearance
			{
				material Material
				{
					diffuseColor 0.592 0.667 0.682
				}
			}
			geometry IndexedFaceSet
			{
				creaseAngle 0.5
				solid TRUE
				coord Coordinate
				{
					point
					[
						0.125 -0.780 0.060,
						0.125 -0.785 0.059,
						0.225 -0.780 0.060,
						0.225 -0.785 0.059,
						0.225 -0.790 0.057,
						0.125 -0.790 0.057,
						0.125 -0.794 0.054,
						0.225 -0.794 0.054,
						0.125 -0.797 0.050,
						0.225 -0.797 0.050,
						0.125 -0.799 0.045,
						0.225 -0.799 0.045,
						0.225 -0.800 0.040,
						0.125 -0.800 0.040
					]
				}
				coordIndex
				[
					0, 1, 2, -1,
					2, 1, 3, -1,
					3, 1, 4, -1,
					4, 1, 5, -1,
					4, 5, 6, -1,
					4, 6, 7, -1,
					7, 6, 8, -1,
					7, 8, 9, -1,
					9, 8, 10, -1,
					9, 10, 11, -1,
					11, 10, 12, -1,
					10, 13, 12, -1
				]
				normal Normal
				{
					vector
					[
						0.000 0.000 1.000,
						0.000 -0.259 0.966,
						0.000 -0.500 0.866,
						0.000 -0.707 0.707,
						0.000 -0.866 0.500,
						0.000 -0.966 0.259,
						0.000 -1.000 0.000
					]
				}
				normalIndex
				[
					0, 1, 0, -1,
					0, 1, 1, -1,
					1, 1, 2, -1,
					2, 1, 2, -1,
					2, 2, 3, -1,
					2, 3, 3, -1,
					3, 3, 4, -1,
					3, 4, 4, -1,
					4, 4, 5, -1,
					4, 5, 5, -1,
					5, 5, 6, -1,
					5, 6, 6, -1
				]
			}
		}
		Shape
		{
			appearance Appearance
			{
				material Material
				{
					diffuseColor 0.592 0.667 0.682
				}
			}
			geometry IndexedFaceSet
			{
				creaseAngle 0.5
				solid TRUE
				coord Coordinate
				{
					point
					[
						0.125 -1.000 0.040,
						0.225 -1.000 0.040,
						0.125 -0.800 0.040,
						0.225 -0.800 0.040
					]
				}
				coordIndex
				[
					0, 1, 2, -1,
					2, 1, 3, -1
				]
				normal Normal
				{
					vector
					[
						-0.000 -0.000 1.000
					]
				}
				normalIndex
				[
					0, 0, 0, -1,
					0, 0, 0, -1
				]
			}
		}
		Shape
		{
			appearance Appearance
			{
				material Material
				{
					diffuseColor 0.592 0.667 0.682
				}
			}
			geometry IndexedFaceSet
			{
				creaseAngle 0.5
				solid TRUE
				coord Coordinate
				{
					point
					[
						0.225 -0.603 0.060,
						0.265 -0.630 0.100,
						0.225 -0.630 0.060
					]
				}
				coordIndex
				[
					0, 1, 2, -1
				]
				normal Normal
				{
					vector
					[
						0.707 0.000 -0.707
					]
				}
				normalIndex
				[
					0, 0, 0, -1
				]
			}
		}
		Shape
		{
			appearance Appearance
			{
				material Material
				{
					diffuseColor 0.592 0.667 0.682
				}
			}
			geometry IndexedFaceSet
			{
				creaseAngle 0.5
				solid TRUE
				coord Coordinate
				{
					point
					[
						0.085 -0.630 0.100,
						0.125 -0.603 0.060,
						0.125 -0.630 0.060
					]
				}
				coordIndex
				[
					0, 1, 2, -1
				]
				normal Normal
				{
					vector
					[
						-0.707 0.000 -0.707
					]
				}
				normalIndex
				[
					0, 0, 0, -1
				]
			}
		}
		Shape
		{
			appearance Appearance
			{
				material Material
				{
					diffuseColor 0.592 0.667 0.682
				}
			}
			geometry IndexedFaceSet
			{
				creaseAngle 0.5
				solid TRUE
				coord Coordinate
				{
					point
					[
						-0.125 -0.603 0.060,
						-0.085 -0.630 0.100,
						-0.125 -0.630 0.060
					]
				}
				coordIndex
				[
					0, 1, 2, -1
				]
				normal Normal
				{
					vector
					[
						0.707 0.000 -0.707
					]
				}
				normalIndex
				[
					0, 0, 0, -1
				]
			}
		}
		Shape
		{
			appearance Appearance
			{
				material Material
				{
					diffuseColor 0.592 0.667 0.682
				}
			}
			geometry IndexedFaceSet
			{
				creaseAngle 0.5
				solid TRUE
				coord Coordinate
				{
					point
					[
						-0.265 -0.630 0.100,
						-0.225 -0.603 0.060,
						-0.225 -0.630 0.060
					]
				}
				coordIndex
				[
					0, 1, 2, -1
				]
				normal Normal
				{
					vector
					[
						-0.707 0.000 -0.707
					]
				}
				normalIndex
				[
					0, 0, 0, -1
				]
			}
		}
		Shape
		{
			appearance Appearance
			{
				material Material
				{
					diffuseColor 0.592 0.667 0.682
				}
			}
			geometry IndexedFaceSet
			{
				creaseAngle 0.5
				solid TRUE
				coord Coordinate
				{
					point
					[
						-0.475 -0.603 0.060,
						-0.435 -0.630 0.100,
						-0.475 -0.630 0.060
					]
				}
				coordIndex
				[
					0, 1, 2, -1
				]
				normal Normal
				{
					vector
					[
						0.707 0.000 -0.707
					]
				}
				normalIndex
				[
					0, 0, 0, -1
				]
			}
		}
		Shape
		{
			appearance Appearance
			{
				material Material
				{
					diffuseColor 0.592 0.667 0.682
				}
			}
			geometry IndexedFaceSet
			{
				creaseAngle 0.5
				solid TRUE
				coord Coordinate
				{
					point
					[
						-0.615 -0.630 0.100,
						-0.575 -0.603 0.060,
						-0.575 -0.630 0.060
					]
				}
				coordIndex
				[
					0, 1, 2, -1
				]
				normal Normal
				{
					vector
					[
						-0.707 0.000 -0.707
					]
				}
				normalIndex
				[
					0, 0, 0, -1
				]
			}
		}
		Shape
		{
			appearance Appearance
			{
				material Material
				{
					diffuseColor 0.592 0.667 0.682
				}
			}
			geometry IndexedFaceSet
			{
				creaseAngle 0.5
				solid TRUE
				coord Coordinate
				{
					point
					[
						0.265 0.630 0.100,
						0.225 0.603 0.060,
						0.225 0.630 0.060
					]
				}
				coordIndex
				[
					0, 1, 2, -1
				]
				normal Normal
				{
					vector
					[
						0.707 0.000 -0.707
					]
				}
				normalIndex
				[
					0, 0, 0, -1
				]
			}
		}
		Shape
		{
			appearance Appearance
			{
				material Material
				{
					diffuseColor 0.592 0.667 0.682
				}
			}
			geometry IndexedFaceSet
			{
				creaseAngle 0.5
				solid TRUE
				coord Coordinate
				{
					point
					[
						0.125 0.603 0.060,
						0.085 0.630 0.100,
						0.125 0.630 0.060
					]
				}
				coordIndex
				[
					0, 1, 2, -1
				]
				normal Normal
				{
					vector
					[
						-0.707 0.000 -0.707
					]
				}
				normalIndex
				[
					0, 0, 0, -1
				]
			}
		}
		Shape
		{
			appearance Appearance
			{
				material Material
				{
					diffuseColor 0.592 0.667 0.682
				}
			}
			geometry IndexedFaceSet
			{
				creaseAngle 0.5
				solid TRUE
				coord Coordinate
				{
					point
					[
						-0.085 0.630 0.100,
						-0.125 0.603 0.060,
						-0.125 0.630 0.060
					]
				}
				coordIndex
				[
					0, 1, 2, -1
				]
				normal Normal
				{
					vector
					[
						0.707 0.000 -0.707
					]
				}
				normalIndex
				[
					0, 0, 0, -1
				]
			}
		}
		Shape
		{
			appearance Appearance
			{
				material Material
				{
					diffuseColor 0.592 0.667 0.682
				}
			}
			geometry IndexedFaceSet
			{
				creaseAngle 0.5
				solid TRUE
				coord Coordinate
				{
					point
					[
						-0.225 0.603 0.060,
						-0.265 0.630 0.100,
						-0.225 0.630 0.060
					]
				}
				coordIndex
				[
					0, 1, 2, -1
				]
				normal Normal
				{
					vector
					[
						-0.707 0.000 -0.707
					]
				}
				normalIndex
				[
					0, 0, 0, -1
				]
			}
		}
		Shape
		{
			appearance Appearance
			{
				material Material
				{
					diffuseColor 0.592 0.667 0.682
				}
			}
			geometry IndexedFaceSet
			{
				creaseAngle 0.5
				solid TRUE
				coord Coordinate
				{
					point
					[
						-0.435 0.630 0.100,
						-0.475 0.603 0.060,
						-0.475 0.630 0.060
					]
				}
				coordIndex
				[
					0, 1, 2, -1
				]
				normal Normal
				{
					vector
					[
						0.707 0.000 -0.707
					]
				}
				normalIndex
				[
					0, 0, 0, -1
				]
			}
		}
		Shape
		{
			appearance Appearance
			{
				material Material
				{
					diffuseColor 0.592 0.667 0.682
				}
			}
			geometry IndexedFaceSet
			{
				creaseAngle 0.5
				solid TRUE
				coord Coordinate
				{
					point
					[
						-0.575 0.603 0.060,
						-0.615 0.630 0.100,
						-0.575 0.630 0.060
					]
				}
				coordIndex
				[
					0, 1, 2, -1
				]
				normal Normal
				{
					vector
					[
						-0.707 0.000 -0.707
					]
				}
				normalIndex
				[
					0, 0, 0, -1
				]
			}
		}
	]
}
NavigationInfo
{
	headlight TRUE
	type "EXAMINE"
}
