ISO-10303-21;
HEADER;
FILE_DESCRIPTION(('STEP AP242'),'1');
FILE_NAME('5050700822.stp','2024-12-12T14:31:13',('TraceParts'),('TraceParts S.A.'),'Spatial InterOp 3D',' ',' ');
FILE_SCHEMA(('AP242_MANAGED_MODEL_BASED_3D_ENGINEERING_MIM_LF  {1 0 10303 442 1 1 4}'));
ENDSEC;
DATA;
#1=MECHANICAL_DESIGN_GEOMETRIC_PRESENTATION_REPRESENTATION(' ',(#10),#6);
#2=PRODUCT_DEFINITION_CONTEXT('',#11,'design');
#3=APPLICATION_PROTOCOL_DEFINITION('INTERNATIONAL STANDARD','ap242_managed_model_based_3d_engineering',2014,#11);
#4=PRODUCT_CATEGORY_RELATIONSHIP('NONE','NONE',#12,#13);
#5=SHAPE_DEFINITION_REPRESENTATION(#14,#15);
#6= (GEOMETRIC_REPRESENTATION_CONTEXT(3)GLOBAL_UNCERTAINTY_ASSIGNED_CONTEXT((#18))GLOBAL_UNIT_ASSIGNED_CONTEXT((#20,#21,#22))REPRESENTATION_CONTEXT('NONE','WORKSPACE'));
#10=STYLED_ITEM('',(#24),#25);
#11=APPLICATION_CONTEXT('managed model based 3d engineering');
#12=PRODUCT_CATEGORY('part','NONE');
#13=PRODUCT_RELATED_PRODUCT_CATEGORY('detail',' ',(#26));
#14=PRODUCT_DEFINITION_SHAPE('NONE','NONE',#27);
#15=ADVANCED_BREP_SHAPE_REPRESENTATION('5050700822',(#25,#28),#6);
#18=UNCERTAINTY_MEASURE_WITH_UNIT(LENGTH_MEASURE(1.0E-06),#20,'','');
#20= (CONVERSION_BASED_UNIT('MILLIMETRE',#31)LENGTH_UNIT()NAMED_UNIT(#34));
#21= (NAMED_UNIT(#36)PLANE_ANGLE_UNIT()SI_UNIT($,.RADIAN.));
#22= (NAMED_UNIT(#36)SOLID_ANGLE_UNIT()SI_UNIT($,.STERADIAN.));
#24=PRESENTATION_STYLE_ASSIGNMENT((#42));
#25=MANIFOLD_SOLID_BREP('5050700822',#43);
#26=PRODUCT('5050700822','','PART--DESC',(#44));
#27=PRODUCT_DEFINITION('','NONE',#45,#2);
#28=AXIS2_PLACEMENT_3D('',#46,#47,#48);
#31=LENGTH_MEASURE_WITH_UNIT(LENGTH_MEASURE(1.0),#49);
#34=DIMENSIONAL_EXPONENTS(1.0,0.0,0.0,0.0,0.0,0.0,0.0);
#36=DIMENSIONAL_EXPONENTS(0.0,0.0,0.0,0.0,0.0,0.0,0.0);
#42=SURFACE_STYLE_USAGE(.BOTH.,#50);
#43=CLOSED_SHELL('',(#51,#52,#53,#54,#55,#56,#57,#58,#59,#60,#61,#62,#63,#64,#65,#66,#67,#68,#69,#70,#71,#72,#73,#74,#75,#76,#77,#78,#79,#80,#81,#82,#83,#84,#85,#86,#87,#88,#89,#90,#91,#92,#93,#94,#95,#96,#97,#98,#99,#100,#101,#102,#103,#104,#105,#106,#107,#108,#109,#110,#111,#112,#113,#114,#115,#116,#117,#118,#119,#120,#121,#122,#123,#124,#125,#126,#127,#128,#129,#130,#131,#132,#133,#134,#135,#136,#137,#138,#139,#140,#141,#142,#143,#144,#145,#146,#147,#148,#149,#150,#151,#152,#153,#154,#155,#156,#157,#158,#159,#160,#161,#162,#163,#164,#165,#166,#167,#168,#169,#170,#171,#172,#173,#174,#175,#176,#177,#178,#179,#180,#181,#182,#183,#184,#185,#186,#187,#188,#189,#190,#191,#192,#193,#194,#195,#196,#197,#198,#199,#200,#201,#202,#203,#204,#205,#206,#207,#208,#209,#210,#211,#212,#213,#214,#215,#216,#217,#218,#219,#220,#221,#222,#223,#224,#225,#226,#227,#228,#229,#230,#231,#232,#233,#234,#235,#236,#237,#238,#239,#240,#241,#242,#243,#244,#245,#246,#247,#248,#249,#250,#251,#252,#253,#254,#255,#256,#257,#258,#259,#260,#261,#262,#263,#264,#265,#266,#267,#268,#269,#270,#271,#272,#273,#274,#275,#276,#277,#278,#279,#280,#281,#282,#283,#284,#285,#286,#287,#288,#289,#290,#291,#292,#293,#294,#295,#296,#297,#298,#299,#300,#301,#302,#303,#304,#305,#306,#307,#308,#309,#310,#311,#312,#313,#314,#315,#316,#317,#318,#319,#320,#321,#322,#323,#324,#325,#326,#327,#328,#329,#330,#331,#332,#333,#334,#335,#336,#337,#338,#339,#340,#341,#342,#343,#344,#345,#346,#347,#348,#349,#350,#351,#352,#353,#354,#355,#356,#357,#358,#359,#360,#361,#362,#363,#364,#365,#366,#367,#368,#369,#370,#371,#372,#373,#374,#375,#376,#377,#378,#379,#380,#381,#382,#383,#384,#385,#386,#387,#388,#389,#390,#391,#392,#393,#394,#395,#396,#397,#398,#399,#400,#401,#402,#403,#404,#405,#406,#407,#408,#409,#410,#411,#412,#413,#414,#415,#416,#417,#418,#419,#420,#421,#422,#423,#424,#425,#426,#427,#428,#429,#430,#431,#432,#433,#434,#435,#436,#437,#438,#439,#440,#441,#442,#443,#444,#445,#446,#447,#448,#449,#450,#451,#452,#453,#454,#455,#456,#457,#458,#459,#460,#461,#462,#463,#464,#465,#466,#467,#468));
#44=PRODUCT_CONTEXT('',#11,'mechanical');
#45=PRODUCT_DEFINITION_FORMATION_WITH_SPECIFIED_SOURCE(' ','NONE',#26,.NOT_KNOWN.);
#46=CARTESIAN_POINT('',(0.0,0.0,0.0));
#47=DIRECTION('',(0.0,0.0,1.0));
#48=DIRECTION('',(1.0,0.0,0.0));
#49= (NAMED_UNIT(#34)LENGTH_UNIT()SI_UNIT(.MILLI.,.METRE.));
#50=SURFACE_SIDE_STYLE('',(#470));
#51=ADVANCED_FACE('',(#471),#472,.F.);
#52=ADVANCED_FACE('',(#473),#474,.F.);
#53=ADVANCED_FACE('',(#475),#476,.F.);
#54=ADVANCED_FACE('',(#477),#478,.F.);
#55=ADVANCED_FACE('',(#479),#480,.F.);
#56=ADVANCED_FACE('',(#481),#482,.F.);
#57=ADVANCED_FACE('',(#483),#484,.F.);
#58=ADVANCED_FACE('',(#485),#486,.F.);
#59=ADVANCED_FACE('',(#487),#488,.F.);
#60=ADVANCED_FACE('',(#489),#490,.F.);
#61=ADVANCED_FACE('',(#491),#492,.F.);
#62=ADVANCED_FACE('',(#493),#494,.F.);
#63=ADVANCED_FACE('',(#495),#496,.F.);
#64=ADVANCED_FACE('',(#497),#498,.F.);
#65=ADVANCED_FACE('',(#499),#500,.F.);
#66=ADVANCED_FACE('',(#501),#502,.F.);
#67=ADVANCED_FACE('',(#503),#504,.F.);
#68=ADVANCED_FACE('',(#505),#506,.F.);
#69=ADVANCED_FACE('',(#507),#508,.F.);
#70=ADVANCED_FACE('',(#509),#510,.F.);
#71=ADVANCED_FACE('',(#511),#512,.F.);
#72=ADVANCED_FACE('',(#513),#514,.T.);
#73=ADVANCED_FACE('',(#515),#516,.T.);
#74=ADVANCED_FACE('',(#517),#518,.F.);
#75=ADVANCED_FACE('',(#519),#520,.F.);
#76=ADVANCED_FACE('',(#521),#522,.F.);
#77=ADVANCED_FACE('',(#523),#524,.F.);
#78=ADVANCED_FACE('',(#525),#526,.F.);
#79=ADVANCED_FACE('',(#527),#528,.F.);
#80=ADVANCED_FACE('',(#529),#530,.F.);
#81=ADVANCED_FACE('',(#531),#532,.T.);
#82=ADVANCED_FACE('',(#533),#534,.T.);
#83=ADVANCED_FACE('',(#535),#536,.F.);
#84=ADVANCED_FACE('',(#537),#538,.F.);
#85=ADVANCED_FACE('',(#539),#540,.F.);
#86=ADVANCED_FACE('',(#541),#542,.F.);
#87=ADVANCED_FACE('',(#543),#544,.F.);
#88=ADVANCED_FACE('',(#545),#546,.F.);
#89=ADVANCED_FACE('',(#547),#548,.F.);
#90=ADVANCED_FACE('',(#549),#550,.T.);
#91=ADVANCED_FACE('',(#551),#552,.F.);
#92=ADVANCED_FACE('',(#553),#554,.F.);
#93=ADVANCED_FACE('',(#555),#556,.T.);
#94=ADVANCED_FACE('',(#557),#558,.T.);
#95=ADVANCED_FACE('',(#559),#560,.T.);
#96=ADVANCED_FACE('',(#561),#562,.T.);
#97=ADVANCED_FACE('',(#563),#564,.T.);
#98=ADVANCED_FACE('',(#565),#566,.T.);
#99=ADVANCED_FACE('',(#567),#568,.T.);
#100=ADVANCED_FACE('',(#569),#570,.T.);
#101=ADVANCED_FACE('',(#571),#572,.T.);
#102=ADVANCED_FACE('',(#573),#574,.T.);
#103=ADVANCED_FACE('',(#575),#576,.T.);
#104=ADVANCED_FACE('',(#577),#578,.T.);
#105=ADVANCED_FACE('',(#579),#580,.T.);
#106=ADVANCED_FACE('',(#581),#582,.T.);
#107=ADVANCED_FACE('',(#583),#584,.T.);
#108=ADVANCED_FACE('',(#585),#586,.T.);
#109=ADVANCED_FACE('',(#587),#588,.F.);
#110=ADVANCED_FACE('',(#589),#590,.F.);
#111=ADVANCED_FACE('',(#591),#592,.T.);
#112=ADVANCED_FACE('',(#593),#594,.T.);
#113=ADVANCED_FACE('',(#595),#596,.T.);
#114=ADVANCED_FACE('',(#597),#598,.T.);
#115=ADVANCED_FACE('',(#599),#600,.F.);
#116=ADVANCED_FACE('',(#601),#602,.F.);
#117=ADVANCED_FACE('',(#603),#604,.F.);
#118=ADVANCED_FACE('',(#605),#606,.F.);
#119=ADVANCED_FACE('',(#607),#608,.T.);
#120=ADVANCED_FACE('',(#609),#610,.F.);
#121=ADVANCED_FACE('',(#611),#612,.T.);
#122=ADVANCED_FACE('',(#613),#614,.T.);
#123=ADVANCED_FACE('',(#615),#616,.F.);
#124=ADVANCED_FACE('',(#617),#618,.F.);
#125=ADVANCED_FACE('',(#619),#620,.F.);
#126=ADVANCED_FACE('',(#621),#622,.F.);
#127=ADVANCED_FACE('',(#623),#624,.T.);
#128=ADVANCED_FACE('',(#625),#626,.F.);
#129=ADVANCED_FACE('',(#627),#628,.F.);
#130=ADVANCED_FACE('',(#629),#630,.F.);
#131=ADVANCED_FACE('',(#631),#632,.F.);
#132=ADVANCED_FACE('',(#633),#634,.F.);
#133=ADVANCED_FACE('',(#635),#636,.F.);
#134=ADVANCED_FACE('',(#637),#638,.F.);
#135=ADVANCED_FACE('',(#639),#640,.F.);
#136=ADVANCED_FACE('',(#641),#642,.F.);
#137=ADVANCED_FACE('',(#643),#644,.F.);
#138=ADVANCED_FACE('',(#645),#646,.F.);
#139=ADVANCED_FACE('',(#647),#648,.F.);
#140=ADVANCED_FACE('',(#649),#650,.F.);
#141=ADVANCED_FACE('',(#651),#652,.T.);
#142=ADVANCED_FACE('',(#653),#654,.F.);
#143=ADVANCED_FACE('',(#655),#656,.F.);
#144=ADVANCED_FACE('',(#657),#658,.F.);
#145=ADVANCED_FACE('',(#659),#660,.F.);
#146=ADVANCED_FACE('',(#661),#662,.F.);
#147=ADVANCED_FACE('',(#663),#664,.F.);
#148=ADVANCED_FACE('',(#665),#666,.T.);
#149=ADVANCED_FACE('',(#667),#668,.F.);
#150=ADVANCED_FACE('',(#669),#670,.F.);
#151=ADVANCED_FACE('',(#671),#672,.T.);
#152=ADVANCED_FACE('',(#673),#674,.T.);
#153=ADVANCED_FACE('',(#675),#676,.F.);
#154=ADVANCED_FACE('',(#677),#678,.F.);
#155=ADVANCED_FACE('',(#679),#680,.T.);
#156=ADVANCED_FACE('',(#681),#682,.F.);
#157=ADVANCED_FACE('',(#683),#684,.F.);
#158=ADVANCED_FACE('',(#685),#686,.T.);
#159=ADVANCED_FACE('',(#687),#688,.F.);
#160=ADVANCED_FACE('',(#689),#690,.F.);
#161=ADVANCED_FACE('',(#691),#692,.F.);
#162=ADVANCED_FACE('',(#693),#694,.F.);
#163=ADVANCED_FACE('',(#695),#696,.F.);
#164=ADVANCED_FACE('',(#697),#698,.F.);
#165=ADVANCED_FACE('',(#699),#700,.F.);
#166=ADVANCED_FACE('',(#701),#702,.F.);
#167=ADVANCED_FACE('',(#703),#704,.F.);
#168=ADVANCED_FACE('',(#705),#706,.F.);
#169=ADVANCED_FACE('',(#707),#708,.F.);
#170=ADVANCED_FACE('',(#709),#710,.T.);
#171=ADVANCED_FACE('',(#711),#712,.T.);
#172=ADVANCED_FACE('',(#713),#714,.T.);
#173=ADVANCED_FACE('',(#715),#716,.T.);
#174=ADVANCED_FACE('',(#717),#718,.T.);
#175=ADVANCED_FACE('',(#719),#720,.T.);
#176=ADVANCED_FACE('',(#721),#722,.T.);
#177=ADVANCED_FACE('',(#723),#724,.T.);
#178=ADVANCED_FACE('',(#725),#726,.T.);
#179=ADVANCED_FACE('',(#727),#728,.F.);
#180=ADVANCED_FACE('',(#729),#730,.F.);
#181=ADVANCED_FACE('',(#731),#732,.T.);
#182=ADVANCED_FACE('',(#733),#734,.F.);
#183=ADVANCED_FACE('',(#735),#736,.T.);
#184=ADVANCED_FACE('',(#737),#738,.F.);
#185=ADVANCED_FACE('',(#739),#740,.F.);
#186=ADVANCED_FACE('',(#741),#742,.F.);
#187=ADVANCED_FACE('',(#743),#744,.F.);
#188=ADVANCED_FACE('',(#745),#746,.F.);
#189=ADVANCED_FACE('',(#747),#748,.F.);
#190=ADVANCED_FACE('',(#749),#750,.F.);
#191=ADVANCED_FACE('',(#751),#752,.F.);
#192=ADVANCED_FACE('',(#753),#754,.F.);
#193=ADVANCED_FACE('',(#755),#756,.F.);
#194=ADVANCED_FACE('',(#757),#758,.F.);
#195=ADVANCED_FACE('',(#759),#760,.F.);
#196=ADVANCED_FACE('',(#761),#762,.F.);
#197=ADVANCED_FACE('',(#763),#764,.F.);
#198=ADVANCED_FACE('',(#765),#766,.F.);
#199=ADVANCED_FACE('',(#767),#768,.F.);
#200=ADVANCED_FACE('',(#769),#770,.F.);
#201=ADVANCED_FACE('',(#771),#772,.F.);
#202=ADVANCED_FACE('',(#773),#774,.F.);
#203=ADVANCED_FACE('',(#775),#776,.F.);
#204=ADVANCED_FACE('',(#777),#778,.F.);
#205=ADVANCED_FACE('',(#779),#780,.F.);
#206=ADVANCED_FACE('',(#781),#782,.F.);
#207=ADVANCED_FACE('',(#783),#784,.F.);
#208=ADVANCED_FACE('',(#785),#786,.F.);
#209=ADVANCED_FACE('',(#787),#788,.F.);
#210=ADVANCED_FACE('',(#789),#790,.T.);
#211=ADVANCED_FACE('',(#791),#792,.T.);
#212=ADVANCED_FACE('',(#793),#794,.T.);
#213=ADVANCED_FACE('',(#795),#796,.T.);
#214=ADVANCED_FACE('',(#797),#798,.F.);
#215=ADVANCED_FACE('',(#799),#800,.F.);
#216=ADVANCED_FACE('',(#801),#802,.F.);
#217=ADVANCED_FACE('',(#803),#804,.F.);
#218=ADVANCED_FACE('',(#805),#806,.T.);
#219=ADVANCED_FACE('',(#807),#808,.T.);
#220=ADVANCED_FACE('',(#809),#810,.T.);
#221=ADVANCED_FACE('',(#811),#812,.F.);
#222=ADVANCED_FACE('',(#813),#814,.T.);
#223=ADVANCED_FACE('',(#815),#816,.T.);
#224=ADVANCED_FACE('',(#817),#818,.F.);
#225=ADVANCED_FACE('',(#819),#820,.T.);
#226=ADVANCED_FACE('',(#821),#822,.T.);
#227=ADVANCED_FACE('',(#823),#824,.T.);
#228=ADVANCED_FACE('',(#825),#826,.T.);
#229=ADVANCED_FACE('',(#827),#828,.T.);
#230=ADVANCED_FACE('',(#829),#830,.T.);
#231=ADVANCED_FACE('',(#831),#832,.T.);
#232=ADVANCED_FACE('',(#833),#834,.T.);
#233=ADVANCED_FACE('',(#835),#836,.T.);
#234=ADVANCED_FACE('',(#837),#838,.T.);
#235=ADVANCED_FACE('',(#839),#840,.T.);
#236=ADVANCED_FACE('',(#841),#842,.T.);
#237=ADVANCED_FACE('',(#843),#844,.T.);
#238=ADVANCED_FACE('',(#845),#846,.T.);
#239=ADVANCED_FACE('',(#847),#848,.T.);
#240=ADVANCED_FACE('',(#849),#850,.F.);
#241=ADVANCED_FACE('',(#851),#852,.T.);
#242=ADVANCED_FACE('',(#853),#854,.F.);
#243=ADVANCED_FACE('',(#855),#856,.T.);
#244=ADVANCED_FACE('',(#857),#858,.T.);
#245=ADVANCED_FACE('',(#859),#860,.F.);
#246=ADVANCED_FACE('',(#861),#862,.F.);
#247=ADVANCED_FACE('',(#863),#864,.T.);
#248=ADVANCED_FACE('',(#865),#866,.T.);
#249=ADVANCED_FACE('',(#867),#868,.F.);
#250=ADVANCED_FACE('',(#869),#870,.T.);
#251=ADVANCED_FACE('',(#871),#872,.T.);
#252=ADVANCED_FACE('',(#873),#874,.T.);
#253=ADVANCED_FACE('',(#875),#876,.F.);
#254=ADVANCED_FACE('',(#877),#878,.T.);
#255=ADVANCED_FACE('',(#879),#880,.T.);
#256=ADVANCED_FACE('',(#881),#882,.T.);
#257=ADVANCED_FACE('',(#883),#884,.T.);
#258=ADVANCED_FACE('',(#885),#886,.F.);
#259=ADVANCED_FACE('',(#887),#888,.F.);
#260=ADVANCED_FACE('',(#889),#890,.F.);
#261=ADVANCED_FACE('',(#891),#892,.T.);
#262=ADVANCED_FACE('',(#893),#894,.F.);
#263=ADVANCED_FACE('',(#895),#896,.T.);
#264=ADVANCED_FACE('',(#897),#898,.F.);
#265=ADVANCED_FACE('',(#899),#900,.T.);
#266=ADVANCED_FACE('',(#901),#902,.F.);
#267=ADVANCED_FACE('',(#903),#904,.T.);
#268=ADVANCED_FACE('',(#905),#906,.T.);
#269=ADVANCED_FACE('',(#907),#908,.T.);
#270=ADVANCED_FACE('',(#909),#910,.T.);
#271=ADVANCED_FACE('',(#911),#912,.T.);
#272=ADVANCED_FACE('',(#913),#914,.T.);
#273=ADVANCED_FACE('',(#915),#916,.T.);
#274=ADVANCED_FACE('',(#917),#918,.T.);
#275=ADVANCED_FACE('',(#919),#920,.T.);
#276=ADVANCED_FACE('',(#921),#922,.T.);
#277=ADVANCED_FACE('',(#923),#924,.T.);
#278=ADVANCED_FACE('',(#925),#926,.T.);
#279=ADVANCED_FACE('',(#927),#928,.T.);
#280=ADVANCED_FACE('',(#929),#930,.F.);
#281=ADVANCED_FACE('',(#931),#932,.F.);
#282=ADVANCED_FACE('',(#933),#934,.F.);
#283=ADVANCED_FACE('',(#935),#936,.F.);
#284=ADVANCED_FACE('',(#937),#938,.T.);
#285=ADVANCED_FACE('',(#939),#940,.T.);
#286=ADVANCED_FACE('',(#941),#942,.T.);
#287=ADVANCED_FACE('',(#943),#944,.T.);
#288=ADVANCED_FACE('',(#945),#946,.T.);
#289=ADVANCED_FACE('',(#947),#948,.F.);
#290=ADVANCED_FACE('',(#949),#950,.F.);
#291=ADVANCED_FACE('',(#951),#952,.F.);
#292=ADVANCED_FACE('',(#953),#954,.F.);
#293=ADVANCED_FACE('',(#955),#956,.T.);
#294=ADVANCED_FACE('',(#957),#958,.F.);
#295=ADVANCED_FACE('',(#959),#960,.F.);
#296=ADVANCED_FACE('',(#961),#962,.F.);
#297=ADVANCED_FACE('',(#963),#964,.F.);
#298=ADVANCED_FACE('',(#965),#966,.F.);
#299=ADVANCED_FACE('',(#967),#968,.F.);
#300=ADVANCED_FACE('',(#969),#970,.F.);
#301=ADVANCED_FACE('',(#971),#972,.F.);
#302=ADVANCED_FACE('',(#973),#974,.F.);
#303=ADVANCED_FACE('',(#975),#976,.T.);
#304=ADVANCED_FACE('',(#977),#978,.T.);
#305=ADVANCED_FACE('',(#979),#980,.T.);
#306=ADVANCED_FACE('',(#981),#982,.T.);
#307=ADVANCED_FACE('',(#983),#984,.T.);
#308=ADVANCED_FACE('',(#985),#986,.T.);
#309=ADVANCED_FACE('',(#987),#988,.T.);
#310=ADVANCED_FACE('',(#989),#990,.T.);
#311=ADVANCED_FACE('',(#991),#992,.F.);
#312=ADVANCED_FACE('',(#993),#994,.F.);
#313=ADVANCED_FACE('',(#995),#996,.T.);
#314=ADVANCED_FACE('',(#997),#998,.F.);
#315=ADVANCED_FACE('',(#999),#1000,.T.);
#316=ADVANCED_FACE('',(#1001),#1002,.T.);
#317=ADVANCED_FACE('',(#1003),#1004,.T.);
#318=ADVANCED_FACE('',(#1005),#1006,.T.);
#319=ADVANCED_FACE('',(#1007),#1008,.T.);
#320=ADVANCED_FACE('',(#1009),#1010,.T.);
#321=ADVANCED_FACE('',(#1011),#1012,.F.);
#322=ADVANCED_FACE('',(#1013),#1014,.F.);
#323=ADVANCED_FACE('',(#1015),#1016,.T.);
#324=ADVANCED_FACE('',(#1017),#1018,.F.);
#325=ADVANCED_FACE('',(#1019),#1020,.T.);
#326=ADVANCED_FACE('',(#1021),#1022,.F.);
#327=ADVANCED_FACE('',(#1023),#1024,.F.);
#328=ADVANCED_FACE('',(#1025),#1026,.F.);
#329=ADVANCED_FACE('',(#1027),#1028,.T.);
#330=ADVANCED_FACE('',(#1029),#1030,.F.);
#331=ADVANCED_FACE('',(#1031),#1032,.F.);
#332=ADVANCED_FACE('',(#1033),#1034,.T.);
#333=ADVANCED_FACE('',(#1035),#1036,.F.);
#334=ADVANCED_FACE('',(#1037),#1038,.F.);
#335=ADVANCED_FACE('',(#1039),#1040,.T.);
#336=ADVANCED_FACE('',(#1041),#1042,.F.);
#337=ADVANCED_FACE('',(#1043),#1044,.F.);
#338=ADVANCED_FACE('',(#1045),#1046,.T.);
#339=ADVANCED_FACE('',(#1047),#1048,.F.);
#340=ADVANCED_FACE('',(#1049),#1050,.T.);
#341=ADVANCED_FACE('',(#1051),#1052,.F.);
#342=ADVANCED_FACE('',(#1053),#1054,.F.);
#343=ADVANCED_FACE('',(#1055),#1056,.T.);
#344=ADVANCED_FACE('',(#1057),#1058,.F.);
#345=ADVANCED_FACE('',(#1059),#1060,.F.);
#346=ADVANCED_FACE('',(#1061),#1062,.T.);
#347=ADVANCED_FACE('',(#1063),#1064,.F.);
#348=ADVANCED_FACE('',(#1065),#1066,.F.);
#349=ADVANCED_FACE('',(#1067),#1068,.T.);
#350=ADVANCED_FACE('',(#1069),#1070,.F.);
#351=ADVANCED_FACE('',(#1071),#1072,.T.);
#352=ADVANCED_FACE('',(#1073),#1074,.T.);
#353=ADVANCED_FACE('',(#1075),#1076,.T.);
#354=ADVANCED_FACE('',(#1077),#1078,.F.);
#355=ADVANCED_FACE('',(#1079),#1080,.F.);
#356=ADVANCED_FACE('',(#1081),#1082,.F.);
#357=ADVANCED_FACE('',(#1083),#1084,.F.);
#358=ADVANCED_FACE('',(#1085),#1086,.T.);
#359=ADVANCED_FACE('',(#1087),#1088,.F.);
#360=ADVANCED_FACE('',(#1089),#1090,.F.);
#361=ADVANCED_FACE('',(#1091),#1092,.F.);
#362=ADVANCED_FACE('',(#1093),#1094,.F.);
#363=ADVANCED_FACE('',(#1095),#1096,.T.);
#364=ADVANCED_FACE('',(#1097),#1098,.F.);
#365=ADVANCED_FACE('',(#1099),#1100,.T.);
#366=ADVANCED_FACE('',(#1101),#1102,.F.);
#367=ADVANCED_FACE('',(#1103),#1104,.F.);
#368=ADVANCED_FACE('',(#1105),#1106,.F.);
#369=ADVANCED_FACE('',(#1107),#1108,.T.);
#370=ADVANCED_FACE('',(#1109),#1110,.F.);
#371=ADVANCED_FACE('',(#1111),#1112,.T.);
#372=ADVANCED_FACE('',(#1113),#1114,.F.);
#373=ADVANCED_FACE('',(#1115),#1116,.F.);
#374=ADVANCED_FACE('',(#1117),#1118,.F.);
#375=ADVANCED_FACE('',(#1119),#1120,.T.);
#376=ADVANCED_FACE('',(#1121),#1122,.T.);
#377=ADVANCED_FACE('',(#1123),#1124,.F.);
#378=ADVANCED_FACE('',(#1125),#1126,.T.);
#379=ADVANCED_FACE('',(#1127),#1128,.T.);
#380=ADVANCED_FACE('',(#1129),#1130,.T.);
#381=ADVANCED_FACE('',(#1131),#1132,.T.);
#382=ADVANCED_FACE('',(#1133),#1134,.T.);
#383=ADVANCED_FACE('',(#1135),#1136,.F.);
#384=ADVANCED_FACE('',(#1137),#1138,.F.);
#385=ADVANCED_FACE('',(#1139),#1140,.F.);
#386=ADVANCED_FACE('',(#1141),#1142,.F.);
#387=ADVANCED_FACE('',(#1143),#1144,.T.);
#388=ADVANCED_FACE('',(#1145),#1146,.F.);
#389=ADVANCED_FACE('',(#1147),#1148,.F.);
#390=ADVANCED_FACE('',(#1149),#1150,.F.);
#391=ADVANCED_FACE('',(#1151),#1152,.F.);
#392=ADVANCED_FACE('',(#1153),#1154,.T.);
#393=ADVANCED_FACE('',(#1155),#1156,.F.);
#394=ADVANCED_FACE('',(#1157),#1158,.F.);
#395=ADVANCED_FACE('',(#1159),#1160,.F.);
#396=ADVANCED_FACE('',(#1161),#1162,.F.);
#397=ADVANCED_FACE('',(#1163),#1164,.T.);
#398=ADVANCED_FACE('',(#1165),#1166,.F.);
#399=ADVANCED_FACE('',(#1167),#1168,.F.);
#400=ADVANCED_FACE('',(#1169),#1170,.F.);
#401=ADVANCED_FACE('',(#1171),#1172,.F.);
#402=ADVANCED_FACE('',(#1173),#1174,.T.);
#403=ADVANCED_FACE('',(#1175),#1176,.F.);
#404=ADVANCED_FACE('',(#1177),#1178,.F.);
#405=ADVANCED_FACE('',(#1179),#1180,.F.);
#406=ADVANCED_FACE('',(#1181),#1182,.F.);
#407=ADVANCED_FACE('',(#1183),#1184,.T.);
#408=ADVANCED_FACE('',(#1185),#1186,.F.);
#409=ADVANCED_FACE('',(#1187),#1188,.F.);
#410=ADVANCED_FACE('',(#1189),#1190,.F.);
#411=ADVANCED_FACE('',(#1191),#1192,.F.);
#412=ADVANCED_FACE('',(#1193),#1194,.T.);
#413=ADVANCED_FACE('',(#1195),#1196,.F.);
#414=ADVANCED_FACE('',(#1197),#1198,.T.);
#415=ADVANCED_FACE('',(#1199),#1200,.F.);
#416=ADVANCED_FACE('',(#1201),#1202,.F.);
#417=ADVANCED_FACE('',(#1203),#1204,.F.);
#418=ADVANCED_FACE('',(#1205),#1206,.T.);
#419=ADVANCED_FACE('',(#1207),#1208,.T.);
#420=ADVANCED_FACE('',(#1209),#1210,.F.);
#421=ADVANCED_FACE('',(#1211),#1212,.T.);
#422=ADVANCED_FACE('',(#1213),#1214,.F.);
#423=ADVANCED_FACE('',(#1215),#1216,.F.);
#424=ADVANCED_FACE('',(#1217),#1218,.F.);
#425=ADVANCED_FACE('',(#1219),#1220,.T.);
#426=ADVANCED_FACE('',(#1221),#1222,.T.);
#427=ADVANCED_FACE('',(#1223),#1224,.F.);
#428=ADVANCED_FACE('',(#1225),#1226,.T.);
#429=ADVANCED_FACE('',(#1227),#1228,.F.);
#430=ADVANCED_FACE('',(#1229),#1230,.F.);
#431=ADVANCED_FACE('',(#1231),#1232,.F.);
#432=ADVANCED_FACE('',(#1233),#1234,.T.);
#433=ADVANCED_FACE('',(#1235),#1236,.F.);
#434=ADVANCED_FACE('',(#1237),#1238,.T.);
#435=ADVANCED_FACE('',(#1239),#1240,.F.);
#436=ADVANCED_FACE('',(#1241),#1242,.F.);
#437=ADVANCED_FACE('',(#1243),#1244,.F.);
#438=ADVANCED_FACE('',(#1245),#1246,.T.);
#439=ADVANCED_FACE('',(#1247),#1248,.T.);
#440=ADVANCED_FACE('',(#1249),#1250,.F.);
#441=ADVANCED_FACE('',(#1251),#1252,.F.);
#442=ADVANCED_FACE('',(#1253),#1254,.T.);
#443=ADVANCED_FACE('',(#1255),#1256,.F.);
#444=ADVANCED_FACE('',(#1257),#1258,.F.);
#445=ADVANCED_FACE('',(#1259),#1260,.F.);
#446=ADVANCED_FACE('',(#1261),#1262,.T.);
#447=ADVANCED_FACE('',(#1263),#1264,.T.);
#448=ADVANCED_FACE('',(#1265),#1266,.F.);
#449=ADVANCED_FACE('',(#1267),#1268,.F.);
#450=ADVANCED_FACE('',(#1269),#1270,.T.);
#451=ADVANCED_FACE('',(#1271),#1272,.F.);
#452=ADVANCED_FACE('',(#1273),#1274,.F.);
#453=ADVANCED_FACE('',(#1275),#1276,.F.);
#454=ADVANCED_FACE('',(#1277),#1278,.T.);
#455=ADVANCED_FACE('',(#1279),#1280,.T.);
#456=ADVANCED_FACE('',(#1281),#1282,.F.);
#457=ADVANCED_FACE('',(#1283),#1284,.T.);
#458=ADVANCED_FACE('',(#1285),#1286,.T.);
#459=ADVANCED_FACE('',(#1287),#1288,.T.);
#460=ADVANCED_FACE('',(#1289),#1290,.T.);
#461=ADVANCED_FACE('',(#1291),#1292,.T.);
#462=ADVANCED_FACE('',(#1293),#1294,.T.);
#463=ADVANCED_FACE('',(#1295),#1296,.T.);
#464=ADVANCED_FACE('',(#1297),#1298,.T.);
#465=ADVANCED_FACE('',(#1299),#1300,.T.);
#466=ADVANCED_FACE('',(#1301),#1302,.T.);
#467=ADVANCED_FACE('',(#1303),#1304,.T.);
#468=ADVANCED_FACE('',(#1305),#1306,.T.);
#470=SURFACE_STYLE_FILL_AREA(#1307);
#471=FACE_OUTER_BOUND('',#1308,.T.);
#472=PLANE('',#1309);
#473=FACE_OUTER_BOUND('',#1310,.T.);
#474=PLANE('',#1311);
#475=FACE_OUTER_BOUND('',#1312,.T.);
#476=PLANE('',#1313);
#477=FACE_OUTER_BOUND('',#1314,.T.);
#478=PLANE('',#1315);
#479=FACE_OUTER_BOUND('',#1316,.T.);
#480=PLANE('',#1317);
#481=FACE_OUTER_BOUND('',#1318,.T.);
#482=PLANE('',#1319);
#483=FACE_OUTER_BOUND('',#1320,.T.);
#484=PLANE('',#1321);
#485=FACE_OUTER_BOUND('',#1322,.T.);
#486=PLANE('',#1323);
#487=FACE_OUTER_BOUND('',#1324,.T.);
#488=PLANE('',#1325);
#489=FACE_OUTER_BOUND('',#1326,.T.);
#490=PLANE('',#1327);
#491=FACE_OUTER_BOUND('',#1328,.T.);
#492=PLANE('',#1329);
#493=FACE_OUTER_BOUND('',#1330,.T.);
#494=PLANE('',#1331);
#495=FACE_OUTER_BOUND('',#1332,.T.);
#496=PLANE('',#1333);
#497=FACE_OUTER_BOUND('',#1334,.T.);
#498=PLANE('',#1335);
#499=FACE_OUTER_BOUND('',#1336,.T.);
#500=PLANE('',#1337);
#501=FACE_OUTER_BOUND('',#1338,.T.);
#502=PLANE('',#1339);
#503=FACE_OUTER_BOUND('',#1340,.T.);
#504=PLANE('',#1341);
#505=FACE_OUTER_BOUND('',#1342,.T.);
#506=PLANE('',#1343);
#507=FACE_OUTER_BOUND('',#1344,.T.);
#508=PLANE('',#1345);
#509=FACE_OUTER_BOUND('',#1346,.T.);
#510=PLANE('',#1347);
#511=FACE_OUTER_BOUND('',#1348,.T.);
#512=PLANE('',#1349);
#513=FACE_OUTER_BOUND('',#1350,.T.);
#514=PLANE('',#1351);
#515=FACE_OUTER_BOUND('',#1352,.T.);
#516=PLANE('',#1353);
#517=FACE_OUTER_BOUND('',#1354,.T.);
#518=PLANE('',#1355);
#519=FACE_OUTER_BOUND('',#1356,.T.);
#520=PLANE('',#1357);
#521=FACE_OUTER_BOUND('',#1358,.T.);
#522=PLANE('',#1359);
#523=FACE_OUTER_BOUND('',#1360,.T.);
#524=PLANE('',#1361);
#525=FACE_OUTER_BOUND('',#1362,.T.);
#526=PLANE('',#1363);
#527=FACE_OUTER_BOUND('',#1364,.T.);
#528=PLANE('',#1365);
#529=FACE_OUTER_BOUND('',#1366,.T.);
#530=PLANE('',#1367);
#531=FACE_OUTER_BOUND('',#1368,.T.);
#532=PLANE('',#1369);
#533=FACE_OUTER_BOUND('',#1370,.T.);
#534=PLANE('',#1371);
#535=FACE_OUTER_BOUND('',#1372,.T.);
#536=PLANE('',#1373);
#537=FACE_OUTER_BOUND('',#1374,.T.);
#538=PLANE('',#1375);
#539=FACE_OUTER_BOUND('',#1376,.T.);
#540=PLANE('',#1377);
#541=FACE_OUTER_BOUND('',#1378,.T.);
#542=PLANE('',#1379);
#543=FACE_OUTER_BOUND('',#1380,.T.);
#544=PLANE('',#1381);
#545=FACE_OUTER_BOUND('',#1382,.T.);
#546=PLANE('',#1383);
#547=FACE_OUTER_BOUND('',#1384,.T.);
#548=PLANE('',#1385);
#549=FACE_OUTER_BOUND('',#1386,.T.);
#550=PLANE('',#1387);
#551=FACE_OUTER_BOUND('',#1388,.T.);
#552=PLANE('',#1389);
#553=FACE_OUTER_BOUND('',#1390,.T.);
#554=PLANE('',#1391);
#555=FACE_OUTER_BOUND('',#1392,.T.);
#556=CYLINDRICAL_SURFACE('',#1393,0.045);
#557=FACE_OUTER_BOUND('',#1394,.T.);
#558=CYLINDRICAL_SURFACE('',#1395,0.045);
#559=FACE_OUTER_BOUND('',#1396,.T.);
#560=CYLINDRICAL_SURFACE('',#1397,0.045);
#561=FACE_OUTER_BOUND('',#1398,.T.);
#562=CYLINDRICAL_SURFACE('',#1399,0.045);
#563=FACE_OUTER_BOUND('',#1400,.T.);
#564=CYLINDRICAL_SURFACE('',#1401,0.09);
#565=FACE_OUTER_BOUND('',#1402,.T.);
#566=CYLINDRICAL_SURFACE('',#1403,0.09);
#567=FACE_OUTER_BOUND('',#1404,.T.);
#568=CYLINDRICAL_SURFACE('',#1405,0.09);
#569=FACE_OUTER_BOUND('',#1406,.T.);
#570=CYLINDRICAL_SURFACE('',#1407,0.09);
#571=FACE_OUTER_BOUND('',#1408,.T.);
#572=CYLINDRICAL_SURFACE('',#1409,0.09);
#573=FACE_OUTER_BOUND('',#1410,.T.);
#574=CYLINDRICAL_SURFACE('',#1411,0.09);
#575=FACE_OUTER_BOUND('',#1412,.T.);
#576=CYLINDRICAL_SURFACE('',#1413,0.09);
#577=FACE_OUTER_BOUND('',#1414,.T.);
#578=CYLINDRICAL_SURFACE('',#1415,0.09);
#579=FACE_OUTER_BOUND('',#1416,.T.);
#580=CYLINDRICAL_SURFACE('',#1417,0.09);
#581=FACE_OUTER_BOUND('',#1418,.T.);
#582=CYLINDRICAL_SURFACE('',#1419,0.09);
#583=FACE_OUTER_BOUND('',#1420,.T.);
#584=CYLINDRICAL_SURFACE('',#1421,0.045);
#585=FACE_OUTER_BOUND('',#1422,.T.);
#586=CYLINDRICAL_SURFACE('',#1423,0.045);
#587=FACE_OUTER_BOUND('',#1424,.T.);
#588=PLANE('',#1425);
#589=FACE_OUTER_BOUND('',#1426,.T.);
#590=PLANE('',#1427);
#591=FACE_OUTER_BOUND('',#1428,.T.);
#592=PLANE('',#1429);
#593=FACE_OUTER_BOUND('',#1430,.T.);
#594=PLANE('',#1431);
#595=FACE_OUTER_BOUND('',#1432,.T.);
#596=PLANE('',#1433);
#597=FACE_OUTER_BOUND('',#1434,.T.);
#598=PLANE('',#1435);
#599=FACE_OUTER_BOUND('',#1436,.T.);
#600=PLANE('',#1437);
#601=FACE_OUTER_BOUND('',#1438,.T.);
#602=PLANE('',#1439);
#603=FACE_OUTER_BOUND('',#1440,.T.);
#604=PLANE('',#1441);
#605=FACE_OUTER_BOUND('',#1442,.T.);
#606=PLANE('',#1443);
#607=FACE_OUTER_BOUND('',#1444,.T.);
#608=PLANE('',#1445);
#609=FACE_OUTER_BOUND('',#1446,.T.);
#610=PLANE('',#1447);
#611=FACE_OUTER_BOUND('',#1448,.T.);
#612=PLANE('',#1449);
#613=FACE_OUTER_BOUND('',#1450,.T.);
#614=PLANE('',#1451);
#615=FACE_OUTER_BOUND('',#1452,.T.);
#616=PLANE('',#1453);
#617=FACE_OUTER_BOUND('',#1454,.T.);
#618=PLANE('',#1455);
#619=FACE_OUTER_BOUND('',#1456,.T.);
#620=PLANE('',#1457);
#621=FACE_OUTER_BOUND('',#1458,.T.);
#622=PLANE('',#1459);
#623=FACE_OUTER_BOUND('',#1460,.T.);
#624=PLANE('',#1461);
#625=FACE_OUTER_BOUND('',#1462,.T.);
#626=PLANE('',#1463);
#627=FACE_OUTER_BOUND('',#1464,.T.);
#628=PLANE('',#1465);
#629=FACE_OUTER_BOUND('',#1466,.T.);
#630=PLANE('',#1467);
#631=FACE_OUTER_BOUND('',#1468,.T.);
#632=PLANE('',#1469);
#633=FACE_OUTER_BOUND('',#1470,.T.);
#634=PLANE('',#1471);
#635=FACE_OUTER_BOUND('',#1472,.T.);
#636=PLANE('',#1473);
#637=FACE_OUTER_BOUND('',#1474,.T.);
#638=PLANE('',#1475);
#639=FACE_OUTER_BOUND('',#1476,.T.);
#640=PLANE('',#1477);
#641=FACE_OUTER_BOUND('',#1478,.T.);
#642=PLANE('',#1479);
#643=FACE_OUTER_BOUND('',#1480,.T.);
#644=PLANE('',#1481);
#645=FACE_OUTER_BOUND('',#1482,.T.);
#646=PLANE('',#1483);
#647=FACE_OUTER_BOUND('',#1484,.T.);
#648=PLANE('',#1485);
#649=FACE_OUTER_BOUND('',#1486,.T.);
#650=PLANE('',#1487);
#651=FACE_OUTER_BOUND('',#1488,.T.);
#652=PLANE('',#1489);
#653=FACE_OUTER_BOUND('',#1490,.T.);
#654=PLANE('',#1491);
#655=FACE_OUTER_BOUND('',#1492,.T.);
#656=PLANE('',#1493);
#657=FACE_OUTER_BOUND('',#1494,.T.);
#658=PLANE('',#1495);
#659=FACE_OUTER_BOUND('',#1496,.T.);
#660=PLANE('',#1497);
#661=FACE_OUTER_BOUND('',#1498,.T.);
#662=PLANE('',#1499);
#663=FACE_OUTER_BOUND('',#1500,.T.);
#664=PLANE('',#1501);
#665=FACE_OUTER_BOUND('',#1502,.T.);
#666=CYLINDRICAL_SURFACE('',#1503,0.045);
#667=FACE_OUTER_BOUND('',#1504,.T.);
#668=PLANE('',#1505);
#669=FACE_OUTER_BOUND('',#1506,.T.);
#670=PLANE('',#1507);
#671=FACE_OUTER_BOUND('',#1508,.T.);
#672=CYLINDRICAL_SURFACE('',#1509,0.09);
#673=FACE_OUTER_BOUND('',#1510,.T.);
#674=CYLINDRICAL_SURFACE('',#1511,0.09);
#675=FACE_OUTER_BOUND('',#1512,.T.);
#676=PLANE('',#1513);
#677=FACE_OUTER_BOUND('',#1514,.T.);
#678=PLANE('',#1515);
#679=FACE_OUTER_BOUND('',#1516,.T.);
#680=CYLINDRICAL_SURFACE('',#1517,0.045);
#681=FACE_OUTER_BOUND('',#1518,.T.);
#682=PLANE('',#1519);
#683=FACE_OUTER_BOUND('',#1520,.T.);
#684=PLANE('',#1521);
#685=FACE_OUTER_BOUND('',#1522,.T.);
#686=PLANE('',#1523);
#687=FACE_OUTER_BOUND('',#1524,.T.);
#688=PLANE('',#1525);
#689=FACE_OUTER_BOUND('',#1526,.T.);
#690=PLANE('',#1527);
#691=FACE_OUTER_BOUND('',#1528,.T.);
#692=CYLINDRICAL_SURFACE('',#1529,0.25);
#693=FACE_OUTER_BOUND('',#1530,.T.);
#694=PLANE('',#1531);
#695=FACE_OUTER_BOUND('',#1532,.T.);
#696=CYLINDRICAL_SURFACE('',#1533,0.25);
#697=FACE_OUTER_BOUND('',#1534,.T.);
#698=PLANE('',#1535);
#699=FACE_OUTER_BOUND('',#1536,.T.);
#700=CYLINDRICAL_SURFACE('',#1537,0.25);
#701=FACE_OUTER_BOUND('',#1538,.T.);
#702=PLANE('',#1539);
#703=FACE_OUTER_BOUND('',#1540,.T.);
#704=PLANE('',#1541);
#705=FACE_OUTER_BOUND('',#1542,.T.);
#706=CYLINDRICAL_SURFACE('',#1543,0.25);
#707=FACE_OUTER_BOUND('',#1544,.T.);
#708=PLANE('',#1545);
#709=FACE_OUTER_BOUND('',#1546,.T.);
#710=PLANE('',#1547);
#711=FACE_OUTER_BOUND('',#1548,.T.);
#712=PLANE('',#1549);
#713=FACE_OUTER_BOUND('',#1550,.T.);
#714=PLANE('',#1551);
#715=FACE_OUTER_BOUND('',#1552,.T.);
#716=PLANE('',#1553);
#717=FACE_OUTER_BOUND('',#1554,.T.);
#718=PLANE('',#1555);
#719=FACE_OUTER_BOUND('',#1556,.T.);
#720=PLANE('',#1557);
#721=FACE_OUTER_BOUND('',#1558,.T.);
#722=PLANE('',#1559);
#723=FACE_OUTER_BOUND('',#1560,.T.);
#724=PLANE('',#1561);
#725=FACE_OUTER_BOUND('',#1562,.T.);
#726=PLANE('',#1563);
#727=FACE_OUTER_BOUND('',#1564,.T.);
#728=PLANE('',#1565);
#729=FACE_OUTER_BOUND('',#1566,.T.);
#730=PLANE('',#1567);
#731=FACE_OUTER_BOUND('',#1568,.T.);
#732=PLANE('',#1569);
#733=FACE_OUTER_BOUND('',#1570,.T.);
#734=PLANE('',#1571);
#735=FACE_OUTER_BOUND('',#1572,.T.);
#736=PLANE('',#1573);
#737=FACE_OUTER_BOUND('',#1574,.T.);
#738=PLANE('',#1575);
#739=FACE_OUTER_BOUND('',#1576,.T.);
#740=PLANE('',#1577);
#741=FACE_OUTER_BOUND('',#1578,.T.);
#742=PLANE('',#1579);
#743=FACE_OUTER_BOUND('',#1580,.T.);
#744=PLANE('',#1581);
#745=FACE_OUTER_BOUND('',#1582,.T.);
#746=CYLINDRICAL_SURFACE('',#1583,0.0299999999999998);
#747=FACE_OUTER_BOUND('',#1584,.T.);
#748=CYLINDRICAL_SURFACE('',#1585,0.0299999999999998);
#749=FACE_OUTER_BOUND('',#1586,.T.);
#750=CYLINDRICAL_SURFACE('',#1587,0.03);
#751=FACE_OUTER_BOUND('',#1588,.T.);
#752=PLANE('',#1589);
#753=FACE_OUTER_BOUND('',#1590,.T.);
#754=CYLINDRICAL_SURFACE('',#1591,0.0300000000000002);
#755=FACE_OUTER_BOUND('',#1592,.T.);
#756=PLANE('',#1593);
#757=FACE_OUTER_BOUND('',#1594,.T.);
#758=CYLINDRICAL_SURFACE('',#1595,0.0300000000000002);
#759=FACE_OUTER_BOUND('',#1596,.T.);
#760=PLANE('',#1597);
#761=FACE_OUTER_BOUND('',#1598,.T.);
#762=CYLINDRICAL_SURFACE('',#1599,0.0299999999999999);
#763=FACE_OUTER_BOUND('',#1600,.T.);
#764=PLANE('',#1601);
#765=FACE_OUTER_BOUND('',#1602,.T.);
#766=PLANE('',#1603);
#767=FACE_OUTER_BOUND('',#1604,.T.);
#768=PLANE('',#1605);
#769=FACE_OUTER_BOUND('',#1606,.T.);
#770=PLANE('',#1607);
#771=FACE_OUTER_BOUND('',#1608,.T.);
#772=PLANE('',#1609);
#773=FACE_OUTER_BOUND('',#1610,.T.);
#774=PLANE('',#1611);
#775=FACE_OUTER_BOUND('',#1612,.T.);
#776=PLANE('',#1613);
#777=FACE_OUTER_BOUND('',#1614,.T.);
#778=PLANE('',#1615);
#779=FACE_OUTER_BOUND('',#1616,.T.);
#780=PLANE('',#1617);
#781=FACE_OUTER_BOUND('',#1618,.T.);
#782=PLANE('',#1619);
#783=FACE_OUTER_BOUND('',#1620,.T.);
#784=PLANE('',#1621);
#785=FACE_OUTER_BOUND('',#1622,.T.);
#786=PLANE('',#1623);
#787=FACE_OUTER_BOUND('',#1624,.T.);
#788=PLANE('',#1625);
#789=FACE_OUTER_BOUND('',#1626,.T.);
#790=PLANE('',#1627);
#791=FACE_OUTER_BOUND('',#1628,.T.);
#792=PLANE('',#1629);
#793=FACE_OUTER_BOUND('',#1630,.T.);
#794=PLANE('',#1631);
#795=FACE_OUTER_BOUND('',#1632,.T.);
#796=PLANE('',#1633);
#797=FACE_OUTER_BOUND('',#1634,.T.);
#798=PLANE('',#1635);
#799=FACE_OUTER_BOUND('',#1636,.T.);
#800=PLANE('',#1637);
#801=FACE_OUTER_BOUND('',#1638,.T.);
#802=PLANE('',#1639);
#803=FACE_OUTER_BOUND('',#1640,.T.);
#804=PLANE('',#1641);
#805=FACE_OUTER_BOUND('',#1642,.T.);
#806=CYLINDRICAL_SURFACE('',#1643,0.09);
#807=FACE_OUTER_BOUND('',#1644,.T.);
#808=PLANE('',#1645);
#809=FACE_OUTER_BOUND('',#1646,.T.);
#810=PLANE('',#1647);
#811=FACE_OUTER_BOUND('',#1648,.T.);
#812=CYLINDRICAL_SURFACE('',#1649,0.0299999999999999);
#813=FACE_OUTER_BOUND('',#1650,.T.);
#814=PLANE('',#1651);
#815=FACE_OUTER_BOUND('',#1652,.T.);
#816=CYLINDRICAL_SURFACE('',#1653,0.09);
#817=FACE_OUTER_BOUND('',#1654,.T.);
#818=CYLINDRICAL_SURFACE('',#1655,0.0299999999999999);
#819=FACE_OUTER_BOUND('',#1656,.T.);
#820=PLANE('',#1657);
#821=FACE_OUTER_BOUND('',#1658,.T.);
#822=PLANE('',#1659);
#823=FACE_OUTER_BOUND('',#1660,.T.);
#824=PLANE('',#1661);
#825=FACE_OUTER_BOUND('',#1662,.T.);
#826=PLANE('',#1663);
#827=FACE_OUTER_BOUND('',#1664,.T.);
#828=PLANE('',#1665);
#829=FACE_OUTER_BOUND('',#1666,.T.);
#830=PLANE('',#1667);
#831=FACE_OUTER_BOUND('',#1668,.T.);
#832=PLANE('',#1669);
#833=FACE_OUTER_BOUND('',#1670,.T.);
#834=PLANE('',#1671);
#835=FACE_OUTER_BOUND('',#1672,.T.);
#836=CYLINDRICAL_SURFACE('',#1673,0.05);
#837=FACE_OUTER_BOUND('',#1674,.T.);
#838=CYLINDRICAL_SURFACE('',#1675,0.05);
#839=FACE_OUTER_BOUND('',#1676,.T.);
#840=CYLINDRICAL_SURFACE('',#1677,0.09);
#841=FACE_OUTER_BOUND('',#1678,.T.);
#842=CYLINDRICAL_SURFACE('',#1679,0.09);
#843=FACE_OUTER_BOUND('',#1680,.T.);
#844=CYLINDRICAL_SURFACE('',#1681,0.09);
#845=FACE_OUTER_BOUND('',#1682,.T.);
#846=CYLINDRICAL_SURFACE('',#1683,0.09);
#847=FACE_OUTER_BOUND('',#1684,.T.);
#848=CYLINDRICAL_SURFACE('',#1685,0.09);
#849=FACE_OUTER_BOUND('',#1686,.T.);
#850=PLANE('',#1687);
#851=FACE_OUTER_BOUND('',#1688,.T.);
#852=PLANE('',#1689);
#853=FACE_OUTER_BOUND('',#1690,.T.);
#854=PLANE('',#1691);
#855=FACE_OUTER_BOUND('',#1692,.T.);
#856=PLANE('',#1693);
#857=FACE_OUTER_BOUND('',#1694,.T.);
#858=PLANE('',#1695);
#859=FACE_OUTER_BOUND('',#1696,.T.);
#860=PLANE('',#1697);
#861=FACE_OUTER_BOUND('',#1698,.T.);
#862=PLANE('',#1699);
#863=FACE_OUTER_BOUND('',#1700,.T.);
#864=PLANE('',#1701);
#865=FACE_OUTER_BOUND('',#1702,.T.);
#866=PLANE('',#1703);
#867=FACE_OUTER_BOUND('',#1704,.T.);
#868=PLANE('',#1705);
#869=FACE_OUTER_BOUND('',#1706,.T.);
#870=PLANE('',#1707);
#871=FACE_OUTER_BOUND('',#1708,.T.);
#872=PLANE('',#1709);
#873=FACE_OUTER_BOUND('',#1710,.T.);
#874=PLANE('',#1711);
#875=FACE_OUTER_BOUND('',#1712,.T.);
#876=PLANE('',#1713);
#877=FACE_OUTER_BOUND('',#1714,.T.);
#878=PLANE('',#1715);
#879=FACE_OUTER_BOUND('',#1716,.T.);
#880=PLANE('',#1717);
#881=FACE_OUTER_BOUND('',#1718,.T.);
#882=PLANE('',#1719);
#883=FACE_OUTER_BOUND('',#1720,.T.);
#884=PLANE('',#1721);
#885=FACE_OUTER_BOUND('',#1722,.T.);
#886=CYLINDRICAL_SURFACE('',#1723,0.0299999999999998);
#887=FACE_OUTER_BOUND('',#1724,.T.);
#888=CYLINDRICAL_SURFACE('',#1725,0.0299999999999998);
#889=FACE_OUTER_BOUND('',#1726,.T.);
#890=CYLINDRICAL_SURFACE('',#1727,0.03);
#891=FACE_OUTER_BOUND('',#1728,.T.);
#892=PLANE('',#1729);
#893=FACE_OUTER_BOUND('',#1730,.T.);
#894=CYLINDRICAL_SURFACE('',#1731,0.0300000000000002);
#895=FACE_OUTER_BOUND('',#1732,.T.);
#896=PLANE('',#1733);
#897=FACE_OUTER_BOUND('',#1734,.T.);
#898=CYLINDRICAL_SURFACE('',#1735,0.0300000000000002);
#899=FACE_OUTER_BOUND('',#1736,.T.);
#900=PLANE('',#1737);
#901=FACE_OUTER_BOUND('',#1738,.T.);
#902=CYLINDRICAL_SURFACE('',#1739,0.0299999999999999);
#903=FACE_OUTER_BOUND('',#1740,.T.);
#904=PLANE('',#1741);
#905=FACE_OUTER_BOUND('',#1742,.T.);
#906=PLANE('',#1743);
#907=FACE_OUTER_BOUND('',#1744,.T.);
#908=PLANE('',#1745);
#909=FACE_OUTER_BOUND('',#1746,.T.);
#910=PLANE('',#1747);
#911=FACE_OUTER_BOUND('',#1748,.T.);
#912=PLANE('',#1749);
#913=FACE_OUTER_BOUND('',#1750,.T.);
#914=PLANE('',#1751);
#915=FACE_OUTER_BOUND('',#1752,.T.);
#916=PLANE('',#1753);
#917=FACE_OUTER_BOUND('',#1754,.T.);
#918=PLANE('',#1755);
#919=FACE_OUTER_BOUND('',#1756,.T.);
#920=PLANE('',#1757);
#921=FACE_OUTER_BOUND('',#1758,.T.);
#922=PLANE('',#1759);
#923=FACE_OUTER_BOUND('',#1760,.T.);
#924=PLANE('',#1761);
#925=FACE_OUTER_BOUND('',#1762,.T.);
#926=PLANE('',#1763);
#927=FACE_OUTER_BOUND('',#1764,.T.);
#928=PLANE('',#1765);
#929=FACE_OUTER_BOUND('',#1766,.T.);
#930=PLANE('',#1767);
#931=FACE_OUTER_BOUND('',#1768,.T.);
#932=PLANE('',#1769);
#933=FACE_OUTER_BOUND('',#1770,.T.);
#934=PLANE('',#1771);
#935=FACE_OUTER_BOUND('',#1772,.T.);
#936=PLANE('',#1773);
#937=FACE_OUTER_BOUND('',#1774,.T.);
#938=PLANE('',#1775);
#939=FACE_OUTER_BOUND('',#1776,.T.);
#940=PLANE('',#1777);
#941=FACE_OUTER_BOUND('',#1778,.T.);
#942=PLANE('',#1779);
#943=FACE_OUTER_BOUND('',#1780,.T.);
#944=PLANE('',#1781);
#945=FACE_OUTER_BOUND('',#1782,.T.);
#946=CYLINDRICAL_SURFACE('',#1783,0.09);
#947=FACE_OUTER_BOUND('',#1784,.T.);
#948=PLANE('',#1785);
#949=FACE_OUTER_BOUND('',#1786,.T.);
#950=PLANE('',#1787);
#951=FACE_OUTER_BOUND('',#1788,.T.);
#952=CYLINDRICAL_SURFACE('',#1789,0.0299999999999999);
#953=FACE_OUTER_BOUND('',#1790,.T.);
#954=PLANE('',#1791);
#955=FACE_OUTER_BOUND('',#1792,.T.);
#956=CYLINDRICAL_SURFACE('',#1793,0.09);
#957=FACE_OUTER_BOUND('',#1794,.T.);
#958=CYLINDRICAL_SURFACE('',#1795,0.0299999999999999);
#959=FACE_OUTER_BOUND('',#1796,.T.);
#960=PLANE('',#1797);
#961=FACE_OUTER_BOUND('',#1798,.T.);
#962=PLANE('',#1799);
#963=FACE_OUTER_BOUND('',#1800,.T.);
#964=PLANE('',#1801);
#965=FACE_OUTER_BOUND('',#1802,.T.);
#966=PLANE('',#1803);
#967=FACE_OUTER_BOUND('',#1804,.T.);
#968=PLANE('',#1805);
#969=FACE_OUTER_BOUND('',#1806,.T.);
#970=PLANE('',#1807);
#971=FACE_OUTER_BOUND('',#1808,.T.);
#972=PLANE('',#1809);
#973=FACE_OUTER_BOUND('',#1810,.T.);
#974=PLANE('',#1811);
#975=FACE_OUTER_BOUND('',#1812,.T.);
#976=CYLINDRICAL_SURFACE('',#1813,0.05);
#977=FACE_OUTER_BOUND('',#1814,.T.);
#978=CYLINDRICAL_SURFACE('',#1815,0.05);
#979=FACE_OUTER_BOUND('',#1816,.T.);
#980=CYLINDRICAL_SURFACE('',#1817,0.09);
#981=FACE_OUTER_BOUND('',#1818,.T.);
#982=CYLINDRICAL_SURFACE('',#1819,0.09);
#983=FACE_OUTER_BOUND('',#1820,.T.);
#984=CYLINDRICAL_SURFACE('',#1821,0.09);
#985=FACE_OUTER_BOUND('',#1822,.T.);
#986=CYLINDRICAL_SURFACE('',#1823,0.09);
#987=FACE_OUTER_BOUND('',#1824,.T.);
#988=CYLINDRICAL_SURFACE('',#1825,0.09);
#989=FACE_OUTER_BOUND('',#1826,.T.);
#990=PLANE('',#1827);
#991=FACE_OUTER_BOUND('',#1828,.T.);
#992=PLANE('',#1829);
#993=FACE_OUTER_BOUND('',#1830,.T.);
#994=PLANE('',#1831);
#995=FACE_OUTER_BOUND('',#1832,.T.);
#996=PLANE('',#1833);
#997=FACE_OUTER_BOUND('',#1834,.T.);
#998=PLANE('',#1835);
#999=FACE_OUTER_BOUND('',#1836,.T.);
#1000=CYLINDRICAL_SURFACE('',#1837,0.05);
#1001=FACE_OUTER_BOUND('',#1838,.T.);
#1002=CYLINDRICAL_SURFACE('',#1839,0.05);
#1003=FACE_OUTER_BOUND('',#1840,.T.);
#1004=CYLINDRICAL_SURFACE('',#1841,0.05);
#1005=FACE_OUTER_BOUND('',#1842,.T.);
#1006=CYLINDRICAL_SURFACE('',#1843,0.05);
#1007=FACE_OUTER_BOUND('',#1844,.T.);
#1008=CYLINDRICAL_SURFACE('',#1845,0.09);
#1009=FACE_OUTER_BOUND('',#1846,.T.);
#1010=CYLINDRICAL_SURFACE('',#1847,0.09);
#1011=FACE_OUTER_BOUND('',#1848,.T.);
#1012=PLANE('',#1849);
#1013=FACE_OUTER_BOUND('',#1850,.T.);
#1014=PLANE('',#1851);
#1015=FACE_OUTER_BOUND('',#1852,.T.);
#1016=PLANE('',#1853);
#1017=FACE_OUTER_BOUND('',#1854,.T.);
#1018=PLANE('',#1855);
#1019=FACE_OUTER_BOUND('',#1856,.T.);
#1020=PLANE('',#1857);
#1021=FACE_OUTER_BOUND('',#1858,.T.);
#1022=PLANE('',#1859);
#1023=FACE_OUTER_BOUND('',#1860,.T.);
#1024=PLANE('',#1861);
#1025=FACE_OUTER_BOUND('',#1862,.T.);
#1026=PLANE('',#1863);
#1027=FACE_OUTER_BOUND('',#1864,.T.);
#1028=PLANE('',#1865);
#1029=FACE_OUTER_BOUND('',#1866,.T.);
#1030=PLANE('',#1867);
#1031=FACE_OUTER_BOUND('',#1868,.T.);
#1032=PLANE('',#1869);
#1033=FACE_OUTER_BOUND('',#1870,.T.);
#1034=PLANE('',#1871);
#1035=FACE_OUTER_BOUND('',#1872,.T.);
#1036=PLANE('',#1873);
#1037=FACE_OUTER_BOUND('',#1874,.T.);
#1038=PLANE('',#1875);
#1039=FACE_OUTER_BOUND('',#1876,.T.);
#1040=PLANE('',#1877);
#1041=FACE_OUTER_BOUND('',#1878,.T.);
#1042=PLANE('',#1879);
#1043=FACE_OUTER_BOUND('',#1880,.T.);
#1044=PLANE('',#1881);
#1045=FACE_OUTER_BOUND('',#1882,.T.);
#1046=PLANE('',#1883);
#1047=FACE_OUTER_BOUND('',#1884,.T.);
#1048=PLANE('',#1885);
#1049=FACE_OUTER_BOUND('',#1886,.T.);
#1050=PLANE('',#1887);
#1051=FACE_OUTER_BOUND('',#1888,.T.);
#1052=PLANE('',#1889);
#1053=FACE_OUTER_BOUND('',#1890,.T.);
#1054=PLANE('',#1891);
#1055=FACE_OUTER_BOUND('',#1892,.T.);
#1056=PLANE('',#1893);
#1057=FACE_OUTER_BOUND('',#1894,.T.);
#1058=PLANE('',#1895);
#1059=FACE_OUTER_BOUND('',#1896,.T.);
#1060=PLANE('',#1897);
#1061=FACE_OUTER_BOUND('',#1898,.T.);
#1062=PLANE('',#1899);
#1063=FACE_OUTER_BOUND('',#1900,.T.);
#1064=PLANE('',#1901);
#1065=FACE_OUTER_BOUND('',#1902,.T.);
#1066=PLANE('',#1903);
#1067=FACE_OUTER_BOUND('',#1904,.T.);
#1068=PLANE('',#1905);
#1069=FACE_OUTER_BOUND('',#1906,.T.);
#1070=PLANE('',#1907);
#1071=FACE_OUTER_BOUND('',#1908,.T.);
#1072=PLANE('',#1909);
#1073=FACE_OUTER_BOUND('',#1910,.T.);
#1074=PLANE('',#1911);
#1075=FACE_OUTER_BOUND('',#1912,.T.);
#1076=PLANE('',#1913);
#1077=FACE_OUTER_BOUND('',#1914,.T.);
#1078=PLANE('',#1915);
#1079=FACE_OUTER_BOUND('',#1916,.T.);
#1080=PLANE('',#1917);
#1081=FACE_OUTER_BOUND('',#1918,.T.);
#1082=PLANE('',#1919);
#1083=FACE_OUTER_BOUND('',#1920,.T.);
#1084=PLANE('',#1921);
#1085=FACE_OUTER_BOUND('',#1922,.T.);
#1086=PLANE('',#1923);
#1087=FACE_OUTER_BOUND('',#1924,.T.);
#1088=PLANE('',#1925);
#1089=FACE_OUTER_BOUND('',#1926,.T.);
#1090=PLANE('',#1927);
#1091=FACE_OUTER_BOUND('',#1928,.T.);
#1092=PLANE('',#1929);
#1093=FACE_OUTER_BOUND('',#1930,.T.);
#1094=PLANE('',#1931);
#1095=FACE_OUTER_BOUND('',#1932,.T.);
#1096=PLANE('',#1933);
#1097=FACE_OUTER_BOUND('',#1934,.T.);
#1098=PLANE('',#1935);
#1099=FACE_OUTER_BOUND('',#1936,.T.);
#1100=CYLINDRICAL_SURFACE('',#1937,0.02);
#1101=FACE_OUTER_BOUND('',#1938,.T.);
#1102=PLANE('',#1939);
#1103=FACE_OUTER_BOUND('',#1940,.T.);
#1104=PLANE('',#1941);
#1105=FACE_OUTER_BOUND('',#1942,.T.);
#1106=PLANE('',#1943);
#1107=FACE_OUTER_BOUND('',#1944,.T.);
#1108=CYLINDRICAL_SURFACE('',#1945,0.02);
#1109=FACE_OUTER_BOUND('',#1946,.T.);
#1110=PLANE('',#1947);
#1111=FACE_OUTER_BOUND('',#1948,.T.);
#1112=PLANE('',#1949);
#1113=FACE_OUTER_BOUND('',#1950,.T.);
#1114=PLANE('',#1951);
#1115=FACE_OUTER_BOUND('',#1952,.T.);
#1116=PLANE('',#1953);
#1117=FACE_OUTER_BOUND('',#1954,.T.);
#1118=PLANE('',#1955);
#1119=FACE_OUTER_BOUND('',#1956,.T.);
#1120=CYLINDRICAL_SURFACE('',#1957,0.02);
#1121=FACE_OUTER_BOUND('',#1958,.T.);
#1122=CYLINDRICAL_SURFACE('',#1959,0.02);
#1123=FACE_OUTER_BOUND('',#1960,.T.);
#1124=PLANE('',#1961);
#1125=FACE_OUTER_BOUND('',#1962,.T.);
#1126=PLANE('',#1963);
#1127=FACE_OUTER_BOUND('',#1964,.T.);
#1128=PLANE('',#1965);
#1129=FACE_OUTER_BOUND('',#1966,.T.);
#1130=PLANE('',#1967);
#1131=FACE_OUTER_BOUND('',#1968,.T.);
#1132=PLANE('',#1969);
#1133=FACE_OUTER_BOUND('',#1970,.T.);
#1134=PLANE('',#1971);
#1135=FACE_OUTER_BOUND('',#1972,.T.);
#1136=PLANE('',#1973);
#1137=FACE_OUTER_BOUND('',#1974,.T.);
#1138=PLANE('',#1975);
#1139=FACE_OUTER_BOUND('',#1976,.T.);
#1140=PLANE('',#1977);
#1141=FACE_OUTER_BOUND('',#1978,.T.);
#1142=PLANE('',#1979);
#1143=FACE_OUTER_BOUND('',#1980,.T.);
#1144=PLANE('',#1981);
#1145=FACE_OUTER_BOUND('',#1982,.T.);
#1146=PLANE('',#1983);
#1147=FACE_OUTER_BOUND('',#1984,.T.);
#1148=PLANE('',#1985);
#1149=FACE_OUTER_BOUND('',#1986,.T.);
#1150=PLANE('',#1987);
#1151=FACE_OUTER_BOUND('',#1988,.T.);
#1152=PLANE('',#1989);
#1153=FACE_OUTER_BOUND('',#1990,.T.);
#1154=PLANE('',#1991);
#1155=FACE_OUTER_BOUND('',#1992,.T.);
#1156=PLANE('',#1993);
#1157=FACE_OUTER_BOUND('',#1994,.T.);
#1158=PLANE('',#1995);
#1159=FACE_OUTER_BOUND('',#1996,.T.);
#1160=PLANE('',#1997);
#1161=FACE_OUTER_BOUND('',#1998,.T.);
#1162=PLANE('',#1999);
#1163=FACE_OUTER_BOUND('',#2000,.T.);
#1164=PLANE('',#2001);
#1165=FACE_OUTER_BOUND('',#2002,.T.);
#1166=PLANE('',#2003);
#1167=FACE_OUTER_BOUND('',#2004,.T.);
#1168=PLANE('',#2005);
#1169=FACE_OUTER_BOUND('',#2006,.T.);
#1170=PLANE('',#2007);
#1171=FACE_OUTER_BOUND('',#2008,.T.);
#1172=PLANE('',#2009);
#1173=FACE_OUTER_BOUND('',#2010,.T.);
#1174=PLANE('',#2011);
#1175=FACE_OUTER_BOUND('',#2012,.T.);
#1176=PLANE('',#2013);
#1177=FACE_OUTER_BOUND('',#2014,.T.);
#1178=PLANE('',#2015);
#1179=FACE_OUTER_BOUND('',#2016,.T.);
#1180=PLANE('',#2017);
#1181=FACE_OUTER_BOUND('',#2018,.T.);
#1182=PLANE('',#2019);
#1183=FACE_OUTER_BOUND('',#2020,.T.);
#1184=PLANE('',#2021);
#1185=FACE_OUTER_BOUND('',#2022,.T.);
#1186=PLANE('',#2023);
#1187=FACE_OUTER_BOUND('',#2024,.T.);
#1188=PLANE('',#2025);
#1189=FACE_OUTER_BOUND('',#2026,.T.);
#1190=PLANE('',#2027);
#1191=FACE_OUTER_BOUND('',#2028,.T.);
#1192=PLANE('',#2029);
#1193=FACE_OUTER_BOUND('',#2030,.T.);
#1194=PLANE('',#2031);
#1195=FACE_OUTER_BOUND('',#2032,.T.);
#1196=PLANE('',#2033);
#1197=FACE_OUTER_BOUND('',#2034,.T.);
#1198=CYLINDRICAL_SURFACE('',#2035,0.02);
#1199=FACE_OUTER_BOUND('',#2036,.T.);
#1200=PLANE('',#2037);
#1201=FACE_OUTER_BOUND('',#2038,.T.);
#1202=PLANE('',#2039);
#1203=FACE_OUTER_BOUND('',#2040,.T.);
#1204=PLANE('',#2041);
#1205=FACE_OUTER_BOUND('',#2042,.T.);
#1206=CYLINDRICAL_SURFACE('',#2043,0.02);
#1207=FACE_OUTER_BOUND('',#2044,.T.);
#1208=PLANE('',#2045);
#1209=FACE_OUTER_BOUND('',#2046,.T.);
#1210=PLANE('',#2047);
#1211=FACE_OUTER_BOUND('',#2048,.T.);
#1212=CYLINDRICAL_SURFACE('',#2049,0.02);
#1213=FACE_OUTER_BOUND('',#2050,.T.);
#1214=PLANE('',#2051);
#1215=FACE_OUTER_BOUND('',#2052,.T.);
#1216=PLANE('',#2053);
#1217=FACE_OUTER_BOUND('',#2054,.T.);
#1218=PLANE('',#2055);
#1219=FACE_OUTER_BOUND('',#2056,.T.);
#1220=CYLINDRICAL_SURFACE('',#2057,0.02);
#1221=FACE_OUTER_BOUND('',#2058,.T.);
#1222=PLANE('',#2059);
#1223=FACE_OUTER_BOUND('',#2060,.T.);
#1224=PLANE('',#2061);
#1225=FACE_OUTER_BOUND('',#2062,.T.);
#1226=CYLINDRICAL_SURFACE('',#2063,0.02);
#1227=FACE_OUTER_BOUND('',#2064,.T.);
#1228=PLANE('',#2065);
#1229=FACE_OUTER_BOUND('',#2066,.T.);
#1230=PLANE('',#2067);
#1231=FACE_OUTER_BOUND('',#2068,.T.);
#1232=PLANE('',#2069);
#1233=FACE_OUTER_BOUND('',#2070,.T.);
#1234=CYLINDRICAL_SURFACE('',#2071,0.02);
#1235=FACE_OUTER_BOUND('',#2072,.T.);
#1236=PLANE('',#2073);
#1237=FACE_OUTER_BOUND('',#2074,.T.);
#1238=PLANE('',#2075);
#1239=FACE_OUTER_BOUND('',#2076,.T.);
#1240=PLANE('',#2077);
#1241=FACE_OUTER_BOUND('',#2078,.T.);
#1242=PLANE('',#2079);
#1243=FACE_OUTER_BOUND('',#2080,.T.);
#1244=PLANE('',#2081);
#1245=FACE_OUTER_BOUND('',#2082,.T.);
#1246=CYLINDRICAL_SURFACE('',#2083,0.02);
#1247=FACE_OUTER_BOUND('',#2084,.T.);
#1248=CYLINDRICAL_SURFACE('',#2085,0.02);
#1249=FACE_OUTER_BOUND('',#2086,.T.);
#1250=PLANE('',#2087);
#1251=FACE_OUTER_BOUND('',#2088,.T.);
#1252=PLANE('',#2089);
#1253=FACE_OUTER_BOUND('',#2090,.T.);
#1254=PLANE('',#2091);
#1255=FACE_OUTER_BOUND('',#2092,.T.);
#1256=PLANE('',#2093);
#1257=FACE_OUTER_BOUND('',#2094,.T.);
#1258=PLANE('',#2095);
#1259=FACE_OUTER_BOUND('',#2096,.T.);
#1260=PLANE('',#2097);
#1261=FACE_OUTER_BOUND('',#2098,.T.);
#1262=CYLINDRICAL_SURFACE('',#2099,0.02);
#1263=FACE_OUTER_BOUND('',#2100,.T.);
#1264=CYLINDRICAL_SURFACE('',#2101,0.02);
#1265=FACE_OUTER_BOUND('',#2102,.T.);
#1266=PLANE('',#2103);
#1267=FACE_OUTER_BOUND('',#2104,.T.);
#1268=PLANE('',#2105);
#1269=FACE_OUTER_BOUND('',#2106,.T.);
#1270=PLANE('',#2107);
#1271=FACE_OUTER_BOUND('',#2108,.T.);
#1272=PLANE('',#2109);
#1273=FACE_OUTER_BOUND('',#2110,.T.);
#1274=PLANE('',#2111);
#1275=FACE_OUTER_BOUND('',#2112,.T.);
#1276=PLANE('',#2113);
#1277=FACE_OUTER_BOUND('',#2114,.T.);
#1278=CYLINDRICAL_SURFACE('',#2115,0.02);
#1279=FACE_OUTER_BOUND('',#2116,.T.);
#1280=CYLINDRICAL_SURFACE('',#2117,0.02);
#1281=FACE_OUTER_BOUND('',#2118,.T.);
#1282=PLANE('',#2119);
#1283=FACE_OUTER_BOUND('',#2120,.T.);
#1284=PLANE('',#2121);
#1285=FACE_OUTER_BOUND('',#2122,.T.);
#1286=PLANE('',#2123);
#1287=FACE_OUTER_BOUND('',#2124,.T.);
#1288=PLANE('',#2125);
#1289=FACE_OUTER_BOUND('',#2126,.T.);
#1290=PLANE('',#2127);
#1291=FACE_OUTER_BOUND('',#2128,.T.);
#1292=PLANE('',#2129);
#1293=FACE_OUTER_BOUND('',#2130,.T.);
#1294=PLANE('',#2131);
#1295=FACE_OUTER_BOUND('',#2132,.T.);
#1296=PLANE('',#2133);
#1297=FACE_OUTER_BOUND('',#2134,.T.);
#1298=PLANE('',#2135);
#1299=FACE_OUTER_BOUND('',#2136,.T.);
#1300=PLANE('',#2137);
#1301=FACE_OUTER_BOUND('',#2138,.T.);
#1302=PLANE('',#2139);
#1303=FACE_OUTER_BOUND('',#2140,.T.);
#1304=PLANE('',#2141);
#1305=FACE_OUTER_BOUND('',#2142,.T.);
#1306=PLANE('',#2143);
#1307=FILL_AREA_STYLE('',(#2144));
#1308=EDGE_LOOP('',(#2145,#2146,#2147,#2148,#2149,#2150));
#1309=AXIS2_PLACEMENT_3D('',#2151,#2152,#2153);
#1310=EDGE_LOOP('',(#2154,#2155,#2156,#2157,#2158,#2159));
#1311=AXIS2_PLACEMENT_3D('',#2160,#2161,#2162);
#1312=EDGE_LOOP('',(#2163,#2164,#2165,#2166,#2167));
#1313=AXIS2_PLACEMENT_3D('',#2168,#2169,#2170);
#1314=EDGE_LOOP('',(#2171,#2172,#2173,#2174,#2175,#2176));
#1315=AXIS2_PLACEMENT_3D('',#2177,#2178,#2179);
#1316=EDGE_LOOP('',(#2180,#2181,#2182,#2183,#2184,#2185));
#1317=AXIS2_PLACEMENT_3D('',#2186,#2187,#2188);
#1318=EDGE_LOOP('',(#2189,#2190,#2191,#2192,#2193));
#1319=AXIS2_PLACEMENT_3D('',#2194,#2195,#2196);
#1320=EDGE_LOOP('',(#2197,#2198,#2199,#2200));
#1321=AXIS2_PLACEMENT_3D('',#2201,#2202,#2203);
#1322=EDGE_LOOP('',(#2204,#2205,#2206,#2207));
#1323=AXIS2_PLACEMENT_3D('',#2208,#2209,#2210);
#1324=EDGE_LOOP('',(#2211,#2212,#2213,#2214));
#1325=AXIS2_PLACEMENT_3D('',#2215,#2216,#2217);
#1326=EDGE_LOOP('',(#2218,#2219,#2220,#2221));
#1327=AXIS2_PLACEMENT_3D('',#2222,#2223,#2224);
#1328=EDGE_LOOP('',(#2225,#2226,#2227,#2228));
#1329=AXIS2_PLACEMENT_3D('',#2229,#2230,#2231);
#1330=EDGE_LOOP('',(#2232,#2233,#2234,#2235));
#1331=AXIS2_PLACEMENT_3D('',#2236,#2237,#2238);
#1332=EDGE_LOOP('',(#2239,#2240,#2241,#2242));
#1333=AXIS2_PLACEMENT_3D('',#2243,#2244,#2245);
#1334=EDGE_LOOP('',(#2246,#2247,#2248,#2249));
#1335=AXIS2_PLACEMENT_3D('',#2250,#2251,#2252);
#1336=EDGE_LOOP('',(#2253,#2254,#2255,#2256));
#1337=AXIS2_PLACEMENT_3D('',#2257,#2258,#2259);
#1338=EDGE_LOOP('',(#2260,#2261,#2262,#2263));
#1339=AXIS2_PLACEMENT_3D('',#2264,#2265,#2266);
#1340=EDGE_LOOP('',(#2267,#2268,#2269,#2270));
#1341=AXIS2_PLACEMENT_3D('',#2271,#2272,#2273);
#1342=EDGE_LOOP('',(#2274,#2275,#2276,#2277));
#1343=AXIS2_PLACEMENT_3D('',#2278,#2279,#2280);
#1344=EDGE_LOOP('',(#2281,#2282,#2283,#2284));
#1345=AXIS2_PLACEMENT_3D('',#2285,#2286,#2287);
#1346=EDGE_LOOP('',(#2288,#2289,#2290,#2291));
#1347=AXIS2_PLACEMENT_3D('',#2292,#2293,#2294);
#1348=EDGE_LOOP('',(#2295,#2296,#2297,#2298));
#1349=AXIS2_PLACEMENT_3D('',#2299,#2300,#2301);
#1350=EDGE_LOOP('',(#2302,#2303,#2304,#2305));
#1351=AXIS2_PLACEMENT_3D('',#2306,#2307,#2308);
#1352=EDGE_LOOP('',(#2309,#2310,#2311,#2312,#2313,#2314,#2315,#2316));
#1353=AXIS2_PLACEMENT_3D('',#2317,#2318,#2319);
#1354=EDGE_LOOP('',(#2320,#2321,#2322,#2323));
#1355=AXIS2_PLACEMENT_3D('',#2324,#2325,#2326);
#1356=EDGE_LOOP('',(#2327,#2328,#2329,#2330));
#1357=AXIS2_PLACEMENT_3D('',#2331,#2332,#2333);
#1358=EDGE_LOOP('',(#2334,#2335,#2336,#2337));
#1359=AXIS2_PLACEMENT_3D('',#2338,#2339,#2340);
#1360=EDGE_LOOP('',(#2341,#2342,#2343,#2344));
#1361=AXIS2_PLACEMENT_3D('',#2345,#2346,#2347);
#1362=EDGE_LOOP('',(#2348,#2349,#2350,#2351));
#1363=AXIS2_PLACEMENT_3D('',#2352,#2353,#2354);
#1364=EDGE_LOOP('',(#2355,#2356,#2357,#2358));
#1365=AXIS2_PLACEMENT_3D('',#2359,#2360,#2361);
#1366=EDGE_LOOP('',(#2362,#2363,#2364,#2365));
#1367=AXIS2_PLACEMENT_3D('',#2366,#2367,#2368);
#1368=EDGE_LOOP('',(#2369,#2370,#2371,#2372));
#1369=AXIS2_PLACEMENT_3D('',#2373,#2374,#2375);
#1370=EDGE_LOOP('',(#2376,#2377,#2378,#2379,#2380,#2381,#2382,#2383));
#1371=AXIS2_PLACEMENT_3D('',#2384,#2385,#2386);
#1372=EDGE_LOOP('',(#2387,#2388,#2389,#2390));
#1373=AXIS2_PLACEMENT_3D('',#2391,#2392,#2393);
#1374=EDGE_LOOP('',(#2394,#2395,#2396,#2397,#2398,#2399));
#1375=AXIS2_PLACEMENT_3D('',#2400,#2401,#2402);
#1376=EDGE_LOOP('',(#2403,#2404,#2405,#2406,#2407,#2408));
#1377=AXIS2_PLACEMENT_3D('',#2409,#2410,#2411);
#1378=EDGE_LOOP('',(#2412,#2413,#2414,#2415));
#1379=AXIS2_PLACEMENT_3D('',#2416,#2417,#2418);
#1380=EDGE_LOOP('',(#2419,#2420,#2421,#2422));
#1381=AXIS2_PLACEMENT_3D('',#2423,#2424,#2425);
#1382=EDGE_LOOP('',(#2426,#2427,#2428,#2429));
#1383=AXIS2_PLACEMENT_3D('',#2430,#2431,#2432);
#1384=EDGE_LOOP('',(#2433,#2434,#2435,#2436));
#1385=AXIS2_PLACEMENT_3D('',#2437,#2438,#2439);
#1386=EDGE_LOOP('',(#2440,#2441,#2442,#2443));
#1387=AXIS2_PLACEMENT_3D('',#2444,#2445,#2446);
#1388=EDGE_LOOP('',(#2447,#2448,#2449,#2450));
#1389=AXIS2_PLACEMENT_3D('',#2451,#2452,#2453);
#1390=EDGE_LOOP('',(#2454,#2455,#2456,#2457));
#1391=AXIS2_PLACEMENT_3D('',#2458,#2459,#2460);
#1392=EDGE_LOOP('',(#2461,#2462,#2463,#2464,#2465,#2466));
#1393=AXIS2_PLACEMENT_3D('',#2467,#2468,#2469);
#1394=EDGE_LOOP('',(#2470,#2471,#2472,#2473,#2474,#2475));
#1395=AXIS2_PLACEMENT_3D('',#2476,#2477,#2478);
#1396=EDGE_LOOP('',(#2479,#2480,#2481,#2482,#2483,#2484));
#1397=AXIS2_PLACEMENT_3D('',#2485,#2486,#2487);
#1398=EDGE_LOOP('',(#2488,#2489,#2490,#2491,#2492,#2493));
#1399=AXIS2_PLACEMENT_3D('',#2494,#2495,#2496);
#1400=EDGE_LOOP('',(#2497,#2498,#2499,#2500));
#1401=AXIS2_PLACEMENT_3D('',#2501,#2502,#2503);
#1402=EDGE_LOOP('',(#2504,#2505,#2506,#2507));
#1403=AXIS2_PLACEMENT_3D('',#2508,#2509,#2510);
#1404=EDGE_LOOP('',(#2511,#2512,#2513,#2514));
#1405=AXIS2_PLACEMENT_3D('',#2515,#2516,#2517);
#1406=EDGE_LOOP('',(#2518,#2519,#2520,#2521,#2522,#2523));
#1407=AXIS2_PLACEMENT_3D('',#2524,#2525,#2526);
#1408=EDGE_LOOP('',(#2527,#2528,#2529,#2530));
#1409=AXIS2_PLACEMENT_3D('',#2531,#2532,#2533);
#1410=EDGE_LOOP('',(#2534,#2535,#2536,#2537));
#1411=AXIS2_PLACEMENT_3D('',#2538,#2539,#2540);
#1412=EDGE_LOOP('',(#2541,#2542,#2543,#2544));
#1413=AXIS2_PLACEMENT_3D('',#2545,#2546,#2547);
#1414=EDGE_LOOP('',(#2548,#2549,#2550,#2551));
#1415=AXIS2_PLACEMENT_3D('',#2552,#2553,#2554);
#1416=EDGE_LOOP('',(#2555,#2556,#2557,#2558));
#1417=AXIS2_PLACEMENT_3D('',#2559,#2560,#2561);
#1418=EDGE_LOOP('',(#2562,#2563,#2564,#2565,#2566,#2567));
#1419=AXIS2_PLACEMENT_3D('',#2568,#2569,#2570);
#1420=EDGE_LOOP('',(#2571,#2572,#2573,#2574,#2575));
#1421=AXIS2_PLACEMENT_3D('',#2576,#2577,#2578);
#1422=EDGE_LOOP('',(#2579,#2580,#2581,#2582,#2583));
#1423=AXIS2_PLACEMENT_3D('',#2584,#2585,#2586);
#1424=EDGE_LOOP('',(#2587,#2588,#2589,#2590,#2591,#2592,#2593,#2594,#2595,#2596,#2597,#2598,#2599,#2600,#2601,#2602));
#1425=AXIS2_PLACEMENT_3D('',#2603,#2604,#2605);
#1426=EDGE_LOOP('',(#2606,#2607,#2608,#2609,#2610,#2611,#2612,#2613,#2614,#2615,#2616,#2617,#2618,#2619,#2620,#2621,#2622,#2623,#2624,#2625,#2626,#2627,#2628,#2629,#2630,#2631,#2632,#2633,#2634,#2635,#2636,#2637,#2638,#2639,#2640,#2641,#2642,#2643,#2644,#2645,#2646,#2647,#2648,#2649,#2650,#2651,#2652,#2653,#2654,#2655,#2656,#2657,#2658,#2659,#2660,#2661,#2662,#2663,#2664,#2665,#2666,#2667,#2668,#2669,#2670,#2671,#2672,#2673,#2674,#2675,#2676,#2677,#2678,#2679,#2680,#2681));
#1427=AXIS2_PLACEMENT_3D('',#2682,#2683,#2684);
#1428=EDGE_LOOP('',(#2685,#2686,#2687,#2688,#2689,#2690,#2691,#2692));
#1429=AXIS2_PLACEMENT_3D('',#2693,#2694,#2695);
#1430=EDGE_LOOP('',(#2696,#2697,#2698,#2699,#2700,#2701,#2702,#2703));
#1431=AXIS2_PLACEMENT_3D('',#2704,#2705,#2706);
#1432=EDGE_LOOP('',(#2707,#2708,#2709,#2710,#2711,#2712,#2713,#2714));
#1433=AXIS2_PLACEMENT_3D('',#2715,#2716,#2717);
#1434=EDGE_LOOP('',(#2718,#2719,#2720,#2721,#2722,#2723));
#1435=AXIS2_PLACEMENT_3D('',#2724,#2725,#2726);
#1436=EDGE_LOOP('',(#2727,#2728,#2729,#2730,#2731));
#1437=AXIS2_PLACEMENT_3D('',#2732,#2733,#2734);
#1438=EDGE_LOOP('',(#2735,#2736,#2737,#2738,#2739));
#1439=AXIS2_PLACEMENT_3D('',#2740,#2741,#2742);
#1440=EDGE_LOOP('',(#2743,#2744,#2745,#2746,#2747));
#1441=AXIS2_PLACEMENT_3D('',#2748,#2749,#2750);
#1442=EDGE_LOOP('',(#2751,#2752,#2753,#2754,#2755));
#1443=AXIS2_PLACEMENT_3D('',#2756,#2757,#2758);
#1444=EDGE_LOOP('',(#2759,#2760,#2761,#2762,#2763,#2764));
#1445=AXIS2_PLACEMENT_3D('',#2765,#2766,#2767);
#1446=EDGE_LOOP('',(#2768,#2769,#2770,#2771,#2772,#2773));
#1447=AXIS2_PLACEMENT_3D('',#2774,#2775,#2776);
#1448=EDGE_LOOP('',(#2777,#2778,#2779,#2780,#2781,#2782,#2783,#2784,#2785,#2786));
#1449=AXIS2_PLACEMENT_3D('',#2787,#2788,#2789);
#1450=EDGE_LOOP('',(#2790,#2791,#2792,#2793,#2794,#2795));
#1451=AXIS2_PLACEMENT_3D('',#2796,#2797,#2798);
#1452=EDGE_LOOP('',(#2799,#2800,#2801,#2802,#2803,#2804,#2805,#2806,#2807,#2808,#2809,#2810,#2811,#2812,#2813,#2814,#2815,#2816,#2817,#2818,#2819,#2820,#2821,#2822,#2823,#2824,#2825,#2826,#2827,#2828,#2829,#2830));
#1453=AXIS2_PLACEMENT_3D('',#2831,#2832,#2833);
#1454=EDGE_LOOP('',(#2834,#2835,#2836,#2837,#2838,#2839,#2840,#2841,#2842,#2843,#2844,#2845,#2846,#2847,#2848,#2849,#2850,#2851,#2852,#2853,#2854,#2855,#2856,#2857,#2858,#2859,#2860,#2861,#2862,#2863,#2864,#2865));
#1455=AXIS2_PLACEMENT_3D('',#2866,#2867,#2868);
#1456=EDGE_LOOP('',(#2869,#2870,#2871,#2872,#2873,#2874,#2875,#2876,#2877,#2878,#2879,#2880,#2881,#2882,#2883,#2884,#2885,#2886,#2887,#2888,#2889,#2890,#2891,#2892,#2893,#2894,#2895,#2896,#2897,#2898,#2899,#2900));
#1457=AXIS2_PLACEMENT_3D('',#2901,#2902,#2903);
#1458=EDGE_LOOP('',(#2904,#2905,#2906,#2907,#2908,#2909,#2910,#2911,#2912,#2913,#2914,#2915,#2916,#2917,#2918,#2919,#2920,#2921,#2922,#2923,#2924,#2925,#2926,#2927,#2928,#2929,#2930,#2931,#2932,#2933,#2934,#2935));
#1459=AXIS2_PLACEMENT_3D('',#2936,#2937,#2938);
#1460=EDGE_LOOP('',(#2939,#2940,#2941,#2942,#2943,#2944,#2945,#2946,#2947,#2948,#2949,#2950,#2951,#2952,#2953,#2954));
#1461=AXIS2_PLACEMENT_3D('',#2955,#2956,#2957);
#1462=EDGE_LOOP('',(#2958,#2959,#2960,#2961,#2962,#2963,#2964,#2965));
#1463=AXIS2_PLACEMENT_3D('',#2966,#2967,#2968);
#1464=EDGE_LOOP('',(#2969,#2970,#2971,#2972,#2973,#2974));
#1465=AXIS2_PLACEMENT_3D('',#2975,#2976,#2977);
#1466=EDGE_LOOP('',(#2978,#2979,#2980,#2981,#2982,#2983,#2984,#2985));
#1467=AXIS2_PLACEMENT_3D('',#2986,#2987,#2988);
#1468=EDGE_LOOP('',(#2989,#2990,#2991,#2992,#2993,#2994));
#1469=AXIS2_PLACEMENT_3D('',#2995,#2996,#2997);
#1470=EDGE_LOOP('',(#2998,#2999,#3000,#3001,#3002));
#1471=AXIS2_PLACEMENT_3D('',#3003,#3004,#3005);
#1472=EDGE_LOOP('',(#3006,#3007,#3008,#3009,#3010));
#1473=AXIS2_PLACEMENT_3D('',#3011,#3012,#3013);
#1474=EDGE_LOOP('',(#3014,#3015,#3016,#3017,#3018));
#1475=AXIS2_PLACEMENT_3D('',#3019,#3020,#3021);
#1476=EDGE_LOOP('',(#3022,#3023,#3024,#3025,#3026));
#1477=AXIS2_PLACEMENT_3D('',#3027,#3028,#3029);
#1478=EDGE_LOOP('',(#3030,#3031,#3032,#3033,#3034,#3035,#3036,#3037,#3038,#3039,#3040,#3041,#3042,#3043,#3044,#3045));
#1479=AXIS2_PLACEMENT_3D('',#3046,#3047,#3048);
#1480=EDGE_LOOP('',(#3049,#3050,#3051,#3052,#3053,#3054,#3055,#3056));
#1481=AXIS2_PLACEMENT_3D('',#3057,#3058,#3059);
#1482=EDGE_LOOP('',(#3060,#3061,#3062,#3063));
#1483=AXIS2_PLACEMENT_3D('',#3064,#3065,#3066);
#1484=EDGE_LOOP('',(#3067,#3068,#3069,#3070,#3071,#3072));
#1485=AXIS2_PLACEMENT_3D('',#3073,#3074,#3075);
#1486=EDGE_LOOP('',(#3076,#3077,#3078,#3079));
#1487=AXIS2_PLACEMENT_3D('',#3080,#3081,#3082);
#1488=EDGE_LOOP('',(#3083,#3084,#3085,#3086,#3087,#3088));
#1489=AXIS2_PLACEMENT_3D('',#3089,#3090,#3091);
#1490=EDGE_LOOP('',(#3092,#3093,#3094,#3095,#3096,#3097,#3098,#3099,#3100,#3101,#3102,#3103,#3104,#3105,#3106,#3107,#3108,#3109,#3110,#3111,#3112,#3113,#3114,#3115));
#1491=AXIS2_PLACEMENT_3D('',#3116,#3117,#3118);
#1492=EDGE_LOOP('',(#3119,#3120,#3121,#3122,#3123,#3124,#3125,#3126,#3127,#3128,#3129,#3130,#3131,#3132,#3133,#3134,#3135,#3136,#3137,#3138,#3139,#3140,#3141,#3142));
#1493=AXIS2_PLACEMENT_3D('',#3143,#3144,#3145);
#1494=EDGE_LOOP('',(#3146,#3147,#3148,#3149,#3150));
#1495=AXIS2_PLACEMENT_3D('',#3151,#3152,#3153);
#1496=EDGE_LOOP('',(#3154,#3155,#3156,#3157));
#1497=AXIS2_PLACEMENT_3D('',#3158,#3159,#3160);
#1498=EDGE_LOOP('',(#3161,#3162,#3163,#3164));
#1499=AXIS2_PLACEMENT_3D('',#3165,#3166,#3167);
#1500=EDGE_LOOP('',(#3168,#3169,#3170,#3171,#3172));
#1501=AXIS2_PLACEMENT_3D('',#3173,#3174,#3175);
#1502=EDGE_LOOP('',(#3176,#3177,#3178,#3179,#3180));
#1503=AXIS2_PLACEMENT_3D('',#3181,#3182,#3183);
#1504=EDGE_LOOP('',(#3184,#3185,#3186,#3187));
#1505=AXIS2_PLACEMENT_3D('',#3188,#3189,#3190);
#1506=EDGE_LOOP('',(#3191,#3192,#3193,#3194));
#1507=AXIS2_PLACEMENT_3D('',#3195,#3196,#3197);
#1508=EDGE_LOOP('',(#3198,#3199,#3200,#3201,#3202,#3203,#3204,#3205,#3206,#3207,#3208,#3209));
#1509=AXIS2_PLACEMENT_3D('',#3210,#3211,#3212);
#1510=EDGE_LOOP('',(#3213,#3214,#3215,#3216,#3217,#3218,#3219,#3220,#3221,#3222,#3223,#3224));
#1511=AXIS2_PLACEMENT_3D('',#3225,#3226,#3227);
#1512=EDGE_LOOP('',(#3228,#3229,#3230,#3231));
#1513=AXIS2_PLACEMENT_3D('',#3232,#3233,#3234);
#1514=EDGE_LOOP('',(#3235,#3236,#3237,#3238));
#1515=AXIS2_PLACEMENT_3D('',#3239,#3240,#3241);
#1516=EDGE_LOOP('',(#3242,#3243,#3244,#3245,#3246));
#1517=AXIS2_PLACEMENT_3D('',#3247,#3248,#3249);
#1518=EDGE_LOOP('',(#3250,#3251,#3252,#3253,#3254,#3255,#3256,#3257,#3258,#3259,#3260,#3261));
#1519=AXIS2_PLACEMENT_3D('',#3262,#3263,#3264);
#1520=EDGE_LOOP('',(#3265,#3266,#3267,#3268,#3269,#3270,#3271,#3272,#3273,#3274,#3275,#3276,#3277,#3278,#3279,#3280));
#1521=AXIS2_PLACEMENT_3D('',#3281,#3282,#3283);
#1522=EDGE_LOOP('',(#3284,#3285,#3286,#3287,#3288,#3289));
#1523=AXIS2_PLACEMENT_3D('',#3290,#3291,#3292);
#1524=EDGE_LOOP('',(#3293,#3294,#3295,#3296,#3297,#3298));
#1525=AXIS2_PLACEMENT_3D('',#3299,#3300,#3301);
#1526=EDGE_LOOP('',(#3302,#3303,#3304,#3305));
#1527=AXIS2_PLACEMENT_3D('',#3306,#3307,#3308);
#1528=EDGE_LOOP('',(#3309,#3310,#3311,#3312));
#1529=AXIS2_PLACEMENT_3D('',#3313,#3314,#3315);
#1530=EDGE_LOOP('',(#3316,#3317,#3318,#3319));
#1531=AXIS2_PLACEMENT_3D('',#3320,#3321,#3322);
#1532=EDGE_LOOP('',(#3323,#3324,#3325,#3326));
#1533=AXIS2_PLACEMENT_3D('',#3327,#3328,#3329);
#1534=EDGE_LOOP('',(#3330,#3331,#3332,#3333));
#1535=AXIS2_PLACEMENT_3D('',#3334,#3335,#3336);
#1536=EDGE_LOOP('',(#3337,#3338,#3339,#3340));
#1537=AXIS2_PLACEMENT_3D('',#3341,#3342,#3343);
#1538=EDGE_LOOP('',(#3344,#3345,#3346,#3347));
#1539=AXIS2_PLACEMENT_3D('',#3348,#3349,#3350);
#1540=EDGE_LOOP('',(#3351,#3352,#3353,#3354));
#1541=AXIS2_PLACEMENT_3D('',#3355,#3356,#3357);
#1542=EDGE_LOOP('',(#3358,#3359,#3360,#3361));
#1543=AXIS2_PLACEMENT_3D('',#3362,#3363,#3364);
#1544=EDGE_LOOP('',(#3365,#3366,#3367,#3368));
#1545=AXIS2_PLACEMENT_3D('',#3369,#3370,#3371);
#1546=EDGE_LOOP('',(#3372,#3373,#3374,#3375,#3376,#3377,#3378,#3379,#3380,#3381));
#1547=AXIS2_PLACEMENT_3D('',#3382,#3383,#3384);
#1548=EDGE_LOOP('',(#3385,#3386,#3387,#3388,#3389,#3390,#3391,#3392));
#1549=AXIS2_PLACEMENT_3D('',#3393,#3394,#3395);
#1550=EDGE_LOOP('',(#3396,#3397,#3398,#3399,#3400,#3401,#3402,#3403));
#1551=AXIS2_PLACEMENT_3D('',#3404,#3405,#3406);
#1552=EDGE_LOOP('',(#3407,#3408,#3409,#3410));
#1553=AXIS2_PLACEMENT_3D('',#3411,#3412,#3413);
#1554=EDGE_LOOP('',(#3414,#3415,#3416,#3417));
#1555=AXIS2_PLACEMENT_3D('',#3418,#3419,#3420);
#1556=EDGE_LOOP('',(#3421,#3422,#3423,#3424));
#1557=AXIS2_PLACEMENT_3D('',#3425,#3426,#3427);
#1558=EDGE_LOOP('',(#3428,#3429,#3430,#3431));
#1559=AXIS2_PLACEMENT_3D('',#3432,#3433,#3434);
#1560=EDGE_LOOP('',(#3435,#3436,#3437,#3438,#3439,#3440,#3441,#3442,#3443,#3444,#3445,#3446));
#1561=AXIS2_PLACEMENT_3D('',#3447,#3448,#3449);
#1562=EDGE_LOOP('',(#3450,#3451,#3452,#3453,#3454,#3455,#3456,#3457,#3458,#3459,#3460,#3461));
#1563=AXIS2_PLACEMENT_3D('',#3462,#3463,#3464);
#1564=EDGE_LOOP('',(#3465,#3466,#3467,#3468,#3469,#3470));
#1565=AXIS2_PLACEMENT_3D('',#3471,#3472,#3473);
#1566=EDGE_LOOP('',(#3474,#3475,#3476,#3477));
#1567=AXIS2_PLACEMENT_3D('',#3478,#3479,#3480);
#1568=EDGE_LOOP('',(#3481,#3482,#3483,#3484,#3485,#3486));
#1569=AXIS2_PLACEMENT_3D('',#3487,#3488,#3489);
#1570=EDGE_LOOP('',(#3490,#3491,#3492,#3493));
#1571=AXIS2_PLACEMENT_3D('',#3494,#3495,#3496);
#1572=EDGE_LOOP('',(#3497,#3498,#3499,#3500,#3501,#3502));
#1573=AXIS2_PLACEMENT_3D('',#3503,#3504,#3505);
#1574=EDGE_LOOP('',(#3506,#3507,#3508,#3509,#3510));
#1575=AXIS2_PLACEMENT_3D('',#3511,#3512,#3513);
#1576=EDGE_LOOP('',(#3514,#3515,#3516,#3517));
#1577=AXIS2_PLACEMENT_3D('',#3518,#3519,#3520);
#1578=EDGE_LOOP('',(#3521,#3522,#3523,#3524));
#1579=AXIS2_PLACEMENT_3D('',#3525,#3526,#3527);
#1580=EDGE_LOOP('',(#3528,#3529,#3530,#3531,#3532));
#1581=AXIS2_PLACEMENT_3D('',#3533,#3534,#3535);
#1582=EDGE_LOOP('',(#3536,#3537,#3538,#3539));
#1583=AXIS2_PLACEMENT_3D('',#3540,#3541,#3542);
#1584=EDGE_LOOP('',(#3543,#3544,#3545,#3546));
#1585=AXIS2_PLACEMENT_3D('',#3547,#3548,#3549);
#1586=EDGE_LOOP('',(#3550,#3551,#3552,#3553));
#1587=AXIS2_PLACEMENT_3D('',#3554,#3555,#3556);
#1588=EDGE_LOOP('',(#3557,#3558,#3559,#3560));
#1589=AXIS2_PLACEMENT_3D('',#3561,#3562,#3563);
#1590=EDGE_LOOP('',(#3564,#3565,#3566,#3567));
#1591=AXIS2_PLACEMENT_3D('',#3568,#3569,#3570);
#1592=EDGE_LOOP('',(#3571,#3572,#3573,#3574));
#1593=AXIS2_PLACEMENT_3D('',#3575,#3576,#3577);
#1594=EDGE_LOOP('',(#3578,#3579,#3580,#3581));
#1595=AXIS2_PLACEMENT_3D('',#3582,#3583,#3584);
#1596=EDGE_LOOP('',(#3585,#3586,#3587,#3588));
#1597=AXIS2_PLACEMENT_3D('',#3589,#3590,#3591);
#1598=EDGE_LOOP('',(#3592,#3593,#3594,#3595));
#1599=AXIS2_PLACEMENT_3D('',#3596,#3597,#3598);
#1600=EDGE_LOOP('',(#3599,#3600,#3601,#3602,#3603,#3604,#3605));
#1601=AXIS2_PLACEMENT_3D('',#3606,#3607,#3608);
#1602=EDGE_LOOP('',(#3609,#3610,#3611,#3612,#3613,#3614));
#1603=AXIS2_PLACEMENT_3D('',#3615,#3616,#3617);
#1604=EDGE_LOOP('',(#3618,#3619,#3620,#3621,#3622,#3623));
#1605=AXIS2_PLACEMENT_3D('',#3624,#3625,#3626);
#1606=EDGE_LOOP('',(#3627,#3628,#3629,#3630,#3631,#3632,#3633));
#1607=AXIS2_PLACEMENT_3D('',#3634,#3635,#3636);
#1608=EDGE_LOOP('',(#3637,#3638,#3639,#3640,#3641,#3642));
#1609=AXIS2_PLACEMENT_3D('',#3643,#3644,#3645);
#1610=EDGE_LOOP('',(#3646,#3647,#3648,#3649,#3650,#3651));
#1611=AXIS2_PLACEMENT_3D('',#3652,#3653,#3654);
#1612=EDGE_LOOP('',(#3655,#3656,#3657,#3658,#3659,#3660));
#1613=AXIS2_PLACEMENT_3D('',#3661,#3662,#3663);
#1614=EDGE_LOOP('',(#3664,#3665,#3666,#3667,#3668,#3669));
#1615=AXIS2_PLACEMENT_3D('',#3670,#3671,#3672);
#1616=EDGE_LOOP('',(#3673,#3674,#3675,#3676,#3677,#3678,#3679,#3680));
#1617=AXIS2_PLACEMENT_3D('',#3681,#3682,#3683);
#1618=EDGE_LOOP('',(#3684,#3685,#3686,#3687,#3688,#3689,#3690,#3691));
#1619=AXIS2_PLACEMENT_3D('',#3692,#3693,#3694);
#1620=EDGE_LOOP('',(#3695,#3696,#3697,#3698));
#1621=AXIS2_PLACEMENT_3D('',#3699,#3700,#3701);
#1622=EDGE_LOOP('',(#3702,#3703,#3704,#3705));
#1623=AXIS2_PLACEMENT_3D('',#3706,#3707,#3708);
#1624=EDGE_LOOP('',(#3709,#3710,#3711,#3712,#3713,#3714,#3715,#3716,#3717,#3718,#3719,#3720,#3721,#3722));
#1625=AXIS2_PLACEMENT_3D('',#3723,#3724,#3725);
#1626=EDGE_LOOP('',(#3726,#3727,#3728,#3729));
#1627=AXIS2_PLACEMENT_3D('',#3730,#3731,#3732);
#1628=EDGE_LOOP('',(#3733,#3734,#3735,#3736,#3737,#3738,#3739,#3740,#3741));
#1629=AXIS2_PLACEMENT_3D('',#3742,#3743,#3744);
#1630=EDGE_LOOP('',(#3745,#3746,#3747,#3748,#3749,#3750,#3751,#3752,#3753));
#1631=AXIS2_PLACEMENT_3D('',#3754,#3755,#3756);
#1632=EDGE_LOOP('',(#3757,#3758,#3759,#3760));
#1633=AXIS2_PLACEMENT_3D('',#3761,#3762,#3763);
#1634=EDGE_LOOP('',(#3764,#3765,#3766,#3767));
#1635=AXIS2_PLACEMENT_3D('',#3768,#3769,#3770);
#1636=EDGE_LOOP('',(#3771,#3772,#3773,#3774,#3775,#3776,#3777,#3778,#3779));
#1637=AXIS2_PLACEMENT_3D('',#3780,#3781,#3782);
#1638=EDGE_LOOP('',(#3783,#3784,#3785,#3786,#3787,#3788,#3789,#3790,#3791));
#1639=AXIS2_PLACEMENT_3D('',#3792,#3793,#3794);
#1640=EDGE_LOOP('',(#3795,#3796,#3797,#3798));
#1641=AXIS2_PLACEMENT_3D('',#3799,#3800,#3801);
#1642=EDGE_LOOP('',(#3802,#3803,#3804,#3805));
#1643=AXIS2_PLACEMENT_3D('',#3806,#3807,#3808);
#1644=EDGE_LOOP('',(#3809,#3810,#3811,#3812));
#1645=AXIS2_PLACEMENT_3D('',#3813,#3814,#3815);
#1646=EDGE_LOOP('',(#3816,#3817,#3818,#3819));
#1647=AXIS2_PLACEMENT_3D('',#3820,#3821,#3822);
#1648=EDGE_LOOP('',(#3823,#3824,#3825,#3826));
#1649=AXIS2_PLACEMENT_3D('',#3827,#3828,#3829);
#1650=EDGE_LOOP('',(#3830,#3831,#3832,#3833));
#1651=AXIS2_PLACEMENT_3D('',#3834,#3835,#3836);
#1652=EDGE_LOOP('',(#3837,#3838,#3839,#3840));
#1653=AXIS2_PLACEMENT_3D('',#3841,#3842,#3843);
#1654=EDGE_LOOP('',(#3844,#3845,#3846,#3847));
#1655=AXIS2_PLACEMENT_3D('',#3848,#3849,#3850);
#1656=EDGE_LOOP('',(#3851,#3852,#3853,#3854));
#1657=AXIS2_PLACEMENT_3D('',#3855,#3856,#3857);
#1658=EDGE_LOOP('',(#3858,#3859,#3860,#3861));
#1659=AXIS2_PLACEMENT_3D('',#3862,#3863,#3864);
#1660=EDGE_LOOP('',(#3865,#3866,#3867,#3868));
#1661=AXIS2_PLACEMENT_3D('',#3869,#3870,#3871);
#1662=EDGE_LOOP('',(#3872,#3873,#3874,#3875));
#1663=AXIS2_PLACEMENT_3D('',#3876,#3877,#3878);
#1664=EDGE_LOOP('',(#3879,#3880,#3881,#3882));
#1665=AXIS2_PLACEMENT_3D('',#3883,#3884,#3885);
#1666=EDGE_LOOP('',(#3886,#3887,#3888,#3889));
#1667=AXIS2_PLACEMENT_3D('',#3890,#3891,#3892);
#1668=EDGE_LOOP('',(#3893,#3894,#3895,#3896));
#1669=AXIS2_PLACEMENT_3D('',#3897,#3898,#3899);
#1670=EDGE_LOOP('',(#3900,#3901,#3902,#3903));
#1671=AXIS2_PLACEMENT_3D('',#3904,#3905,#3906);
#1672=EDGE_LOOP('',(#3907,#3908,#3909,#3910));
#1673=AXIS2_PLACEMENT_3D('',#3911,#3912,#3913);
#1674=EDGE_LOOP('',(#3914,#3915,#3916,#3917));
#1675=AXIS2_PLACEMENT_3D('',#3918,#3919,#3920);
#1676=EDGE_LOOP('',(#3921,#3922,#3923,#3924,#3925,#3926));
#1677=AXIS2_PLACEMENT_3D('',#3927,#3928,#3929);
#1678=EDGE_LOOP('',(#3930,#3931,#3932,#3933,#3934,#3935));
#1679=AXIS2_PLACEMENT_3D('',#3936,#3937,#3938);
#1680=EDGE_LOOP('',(#3939,#3940,#3941,#3942));
#1681=AXIS2_PLACEMENT_3D('',#3943,#3944,#3945);
#1682=EDGE_LOOP('',(#3946,#3947,#3948,#3949));
#1683=AXIS2_PLACEMENT_3D('',#3950,#3951,#3952);
#1684=EDGE_LOOP('',(#3953,#3954,#3955,#3956));
#1685=AXIS2_PLACEMENT_3D('',#3957,#3958,#3959);
#1686=EDGE_LOOP('',(#3960,#3961,#3962,#3963));
#1687=AXIS2_PLACEMENT_3D('',#3964,#3965,#3966);
#1688=EDGE_LOOP('',(#3967,#3968,#3969,#3970));
#1689=AXIS2_PLACEMENT_3D('',#3971,#3972,#3973);
#1690=EDGE_LOOP('',(#3974,#3975,#3976,#3977));
#1691=AXIS2_PLACEMENT_3D('',#3978,#3979,#3980);
#1692=EDGE_LOOP('',(#3981,#3982,#3983,#3984));
#1693=AXIS2_PLACEMENT_3D('',#3985,#3986,#3987);
#1694=EDGE_LOOP('',(#3988,#3989,#3990,#3991));
#1695=AXIS2_PLACEMENT_3D('',#3992,#3993,#3994);
#1696=EDGE_LOOP('',(#3995,#3996,#3997,#3998,#3999,#4000,#4001,#4002,#4003,#4004,#4005,#4006));
#1697=AXIS2_PLACEMENT_3D('',#4007,#4008,#4009);
#1698=EDGE_LOOP('',(#4010,#4011,#4012,#4013,#4014,#4015,#4016,#4017,#4018,#4019,#4020,#4021));
#1699=AXIS2_PLACEMENT_3D('',#4022,#4023,#4024);
#1700=EDGE_LOOP('',(#4025,#4026,#4027,#4028));
#1701=AXIS2_PLACEMENT_3D('',#4029,#4030,#4031);
#1702=EDGE_LOOP('',(#4032,#4033,#4034,#4035));
#1703=AXIS2_PLACEMENT_3D('',#4036,#4037,#4038);
#1704=EDGE_LOOP('',(#4039,#4040,#4041,#4042,#4043,#4044));
#1705=AXIS2_PLACEMENT_3D('',#4045,#4046,#4047);
#1706=EDGE_LOOP('',(#4048,#4049,#4050,#4051,#4052,#4053));
#1707=AXIS2_PLACEMENT_3D('',#4054,#4055,#4056);
#1708=EDGE_LOOP('',(#4057,#4058,#4059,#4060));
#1709=AXIS2_PLACEMENT_3D('',#4061,#4062,#4063);
#1710=EDGE_LOOP('',(#4064,#4065,#4066,#4067));
#1711=AXIS2_PLACEMENT_3D('',#4068,#4069,#4070);
#1712=EDGE_LOOP('',(#4071,#4072,#4073,#4074,#4075,#4076));
#1713=AXIS2_PLACEMENT_3D('',#4077,#4078,#4079);
#1714=EDGE_LOOP('',(#4080,#4081,#4082,#4083,#4084));
#1715=AXIS2_PLACEMENT_3D('',#4085,#4086,#4087);
#1716=EDGE_LOOP('',(#4088,#4089,#4090,#4091));
#1717=AXIS2_PLACEMENT_3D('',#4092,#4093,#4094);
#1718=EDGE_LOOP('',(#4095,#4096,#4097,#4098));
#1719=AXIS2_PLACEMENT_3D('',#4099,#4100,#4101);
#1720=EDGE_LOOP('',(#4102,#4103,#4104,#4105,#4106));
#1721=AXIS2_PLACEMENT_3D('',#4107,#4108,#4109);
#1722=EDGE_LOOP('',(#4110,#4111,#4112,#4113));
#1723=AXIS2_PLACEMENT_3D('',#4114,#4115,#4116);
#1724=EDGE_LOOP('',(#4117,#4118,#4119,#4120));
#1725=AXIS2_PLACEMENT_3D('',#4121,#4122,#4123);
#1726=EDGE_LOOP('',(#4124,#4125,#4126,#4127));
#1727=AXIS2_PLACEMENT_3D('',#4128,#4129,#4130);
#1728=EDGE_LOOP('',(#4131,#4132,#4133,#4134));
#1729=AXIS2_PLACEMENT_3D('',#4135,#4136,#4137);
#1730=EDGE_LOOP('',(#4138,#4139,#4140,#4141));
#1731=AXIS2_PLACEMENT_3D('',#4142,#4143,#4144);
#1732=EDGE_LOOP('',(#4145,#4146,#4147,#4148));
#1733=AXIS2_PLACEMENT_3D('',#4149,#4150,#4151);
#1734=EDGE_LOOP('',(#4152,#4153,#4154,#4155));
#1735=AXIS2_PLACEMENT_3D('',#4156,#4157,#4158);
#1736=EDGE_LOOP('',(#4159,#4160,#4161,#4162));
#1737=AXIS2_PLACEMENT_3D('',#4163,#4164,#4165);
#1738=EDGE_LOOP('',(#4166,#4167,#4168,#4169));
#1739=AXIS2_PLACEMENT_3D('',#4170,#4171,#4172);
#1740=EDGE_LOOP('',(#4173,#4174,#4175,#4176,#4177,#4178));
#1741=AXIS2_PLACEMENT_3D('',#4179,#4180,#4181);
#1742=EDGE_LOOP('',(#4182,#4183,#4184,#4185,#4186,#4187));
#1743=AXIS2_PLACEMENT_3D('',#4188,#4189,#4190);
#1744=EDGE_LOOP('',(#4191,#4192,#4193,#4194,#4195,#4196));
#1745=AXIS2_PLACEMENT_3D('',#4197,#4198,#4199);
#1746=EDGE_LOOP('',(#4200,#4201,#4202,#4203,#4204,#4205));
#1747=AXIS2_PLACEMENT_3D('',#4206,#4207,#4208);
#1748=EDGE_LOOP('',(#4209,#4210,#4211,#4212,#4213,#4214,#4215));
#1749=AXIS2_PLACEMENT_3D('',#4216,#4217,#4218);
#1750=EDGE_LOOP('',(#4219,#4220,#4221,#4222,#4223,#4224));
#1751=AXIS2_PLACEMENT_3D('',#4225,#4226,#4227);
#1752=EDGE_LOOP('',(#4228,#4229,#4230,#4231,#4232,#4233,#4234,#4235));
#1753=AXIS2_PLACEMENT_3D('',#4236,#4237,#4238);
#1754=EDGE_LOOP('',(#4239,#4240,#4241,#4242,#4243,#4244));
#1755=AXIS2_PLACEMENT_3D('',#4245,#4246,#4247);
#1756=EDGE_LOOP('',(#4248,#4249,#4250,#4251,#4252,#4253,#4254,#4255));
#1757=AXIS2_PLACEMENT_3D('',#4256,#4257,#4258);
#1758=EDGE_LOOP('',(#4259,#4260,#4261,#4262,#4263,#4264,#4265));
#1759=AXIS2_PLACEMENT_3D('',#4266,#4267,#4268);
#1760=EDGE_LOOP('',(#4269,#4270,#4271,#4272));
#1761=AXIS2_PLACEMENT_3D('',#4273,#4274,#4275);
#1762=EDGE_LOOP('',(#4276,#4277,#4278,#4279));
#1763=AXIS2_PLACEMENT_3D('',#4280,#4281,#4282);
#1764=EDGE_LOOP('',(#4283,#4284,#4285,#4286,#4287,#4288,#4289,#4290,#4291,#4292,#4293,#4294,#4295,#4296));
#1765=AXIS2_PLACEMENT_3D('',#4297,#4298,#4299);
#1766=EDGE_LOOP('',(#4300,#4301,#4302,#4303));
#1767=AXIS2_PLACEMENT_3D('',#4304,#4305,#4306);
#1768=EDGE_LOOP('',(#4307,#4308,#4309,#4310,#4311,#4312,#4313,#4314,#4315));
#1769=AXIS2_PLACEMENT_3D('',#4316,#4317,#4318);
#1770=EDGE_LOOP('',(#4319,#4320,#4321,#4322,#4323,#4324,#4325,#4326,#4327));
#1771=AXIS2_PLACEMENT_3D('',#4328,#4329,#4330);
#1772=EDGE_LOOP('',(#4331,#4332,#4333,#4334));
#1773=AXIS2_PLACEMENT_3D('',#4335,#4336,#4337);
#1774=EDGE_LOOP('',(#4338,#4339,#4340,#4341));
#1775=AXIS2_PLACEMENT_3D('',#4342,#4343,#4344);
#1776=EDGE_LOOP('',(#4345,#4346,#4347,#4348,#4349,#4350,#4351,#4352,#4353));
#1777=AXIS2_PLACEMENT_3D('',#4354,#4355,#4356);
#1778=EDGE_LOOP('',(#4357,#4358,#4359,#4360,#4361,#4362,#4363,#4364,#4365));
#1779=AXIS2_PLACEMENT_3D('',#4366,#4367,#4368);
#1780=EDGE_LOOP('',(#4369,#4370,#4371,#4372));
#1781=AXIS2_PLACEMENT_3D('',#4373,#4374,#4375);
#1782=EDGE_LOOP('',(#4376,#4377,#4378,#4379));
#1783=AXIS2_PLACEMENT_3D('',#4380,#4381,#4382);
#1784=EDGE_LOOP('',(#4383,#4384,#4385,#4386));
#1785=AXIS2_PLACEMENT_3D('',#4387,#4388,#4389);
#1786=EDGE_LOOP('',(#4390,#4391,#4392,#4393));
#1787=AXIS2_PLACEMENT_3D('',#4394,#4395,#4396);
#1788=EDGE_LOOP('',(#4397,#4398,#4399,#4400));
#1789=AXIS2_PLACEMENT_3D('',#4401,#4402,#4403);
#1790=EDGE_LOOP('',(#4404,#4405,#4406,#4407));
#1791=AXIS2_PLACEMENT_3D('',#4408,#4409,#4410);
#1792=EDGE_LOOP('',(#4411,#4412,#4413,#4414));
#1793=AXIS2_PLACEMENT_3D('',#4415,#4416,#4417);
#1794=EDGE_LOOP('',(#4418,#4419,#4420,#4421));
#1795=AXIS2_PLACEMENT_3D('',#4422,#4423,#4424);
#1796=EDGE_LOOP('',(#4425,#4426,#4427,#4428));
#1797=AXIS2_PLACEMENT_3D('',#4429,#4430,#4431);
#1798=EDGE_LOOP('',(#4432,#4433,#4434,#4435));
#1799=AXIS2_PLACEMENT_3D('',#4436,#4437,#4438);
#1800=EDGE_LOOP('',(#4439,#4440,#4441,#4442));
#1801=AXIS2_PLACEMENT_3D('',#4443,#4444,#4445);
#1802=EDGE_LOOP('',(#4446,#4447,#4448,#4449));
#1803=AXIS2_PLACEMENT_3D('',#4450,#4451,#4452);
#1804=EDGE_LOOP('',(#4453,#4454,#4455,#4456));
#1805=AXIS2_PLACEMENT_3D('',#4457,#4458,#4459);
#1806=EDGE_LOOP('',(#4460,#4461,#4462,#4463));
#1807=AXIS2_PLACEMENT_3D('',#4464,#4465,#4466);
#1808=EDGE_LOOP('',(#4467,#4468,#4469,#4470));
#1809=AXIS2_PLACEMENT_3D('',#4471,#4472,#4473);
#1810=EDGE_LOOP('',(#4474,#4475,#4476,#4477));
#1811=AXIS2_PLACEMENT_3D('',#4478,#4479,#4480);
#1812=EDGE_LOOP('',(#4481,#4482,#4483,#4484));
#1813=AXIS2_PLACEMENT_3D('',#4485,#4486,#4487);
#1814=EDGE_LOOP('',(#4488,#4489,#4490,#4491));
#1815=AXIS2_PLACEMENT_3D('',#4492,#4493,#4494);
#1816=EDGE_LOOP('',(#4495,#4496,#4497,#4498,#4499,#4500));
#1817=AXIS2_PLACEMENT_3D('',#4501,#4502,#4503);
#1818=EDGE_LOOP('',(#4504,#4505,#4506,#4507,#4508,#4509));
#1819=AXIS2_PLACEMENT_3D('',#4510,#4511,#4512);
#1820=EDGE_LOOP('',(#4513,#4514,#4515,#4516));
#1821=AXIS2_PLACEMENT_3D('',#4517,#4518,#4519);
#1822=EDGE_LOOP('',(#4520,#4521,#4522,#4523));
#1823=AXIS2_PLACEMENT_3D('',#4524,#4525,#4526);
#1824=EDGE_LOOP('',(#4527,#4528,#4529,#4530));
#1825=AXIS2_PLACEMENT_3D('',#4531,#4532,#4533);
#1826=EDGE_LOOP('',(#4534,#4535,#4536,#4537));
#1827=AXIS2_PLACEMENT_3D('',#4538,#4539,#4540);
#1828=EDGE_LOOP('',(#4541,#4542,#4543,#4544));
#1829=AXIS2_PLACEMENT_3D('',#4545,#4546,#4547);
#1830=EDGE_LOOP('',(#4548,#4549,#4550,#4551));
#1831=AXIS2_PLACEMENT_3D('',#4552,#4553,#4554);
#1832=EDGE_LOOP('',(#4555,#4556,#4557,#4558));
#1833=AXIS2_PLACEMENT_3D('',#4559,#4560,#4561);
#1834=EDGE_LOOP('',(#4562,#4563,#4564,#4565));
#1835=AXIS2_PLACEMENT_3D('',#4566,#4567,#4568);
#1836=EDGE_LOOP('',(#4569,#4570,#4571,#4572));
#1837=AXIS2_PLACEMENT_3D('',#4573,#4574,#4575);
#1838=EDGE_LOOP('',(#4576,#4577,#4578,#4579));
#1839=AXIS2_PLACEMENT_3D('',#4580,#4581,#4582);
#1840=EDGE_LOOP('',(#4583,#4584,#4585,#4586));
#1841=AXIS2_PLACEMENT_3D('',#4587,#4588,#4589);
#1842=EDGE_LOOP('',(#4590,#4591,#4592,#4593));
#1843=AXIS2_PLACEMENT_3D('',#4594,#4595,#4596);
#1844=EDGE_LOOP('',(#4597,#4598,#4599,#4600,#4601,#4602));
#1845=AXIS2_PLACEMENT_3D('',#4603,#4604,#4605);
#1846=EDGE_LOOP('',(#4606,#4607,#4608,#4609,#4610,#4611));
#1847=AXIS2_PLACEMENT_3D('',#4612,#4613,#4614);
#1848=EDGE_LOOP('',(#4615,#4616,#4617,#4618));
#1849=AXIS2_PLACEMENT_3D('',#4619,#4620,#4621);
#1850=EDGE_LOOP('',(#4622,#4623,#4624,#4625));
#1851=AXIS2_PLACEMENT_3D('',#4626,#4627,#4628);
#1852=EDGE_LOOP('',(#4629,#4630,#4631,#4632));
#1853=AXIS2_PLACEMENT_3D('',#4633,#4634,#4635);
#1854=EDGE_LOOP('',(#4636,#4637,#4638,#4639));
#1855=AXIS2_PLACEMENT_3D('',#4640,#4641,#4642);
#1856=EDGE_LOOP('',(#4643,#4644,#4645,#4646));
#1857=AXIS2_PLACEMENT_3D('',#4647,#4648,#4649);
#1858=EDGE_LOOP('',(#4650,#4651,#4652,#4653));
#1859=AXIS2_PLACEMENT_3D('',#4654,#4655,#4656);
#1860=EDGE_LOOP('',(#4657,#4658,#4659,#4660));
#1861=AXIS2_PLACEMENT_3D('',#4661,#4662,#4663);
#1862=EDGE_LOOP('',(#4664,#4665,#4666,#4667));
#1863=AXIS2_PLACEMENT_3D('',#4668,#4669,#4670);
#1864=EDGE_LOOP('',(#4671,#4672,#4673,#4674));
#1865=AXIS2_PLACEMENT_3D('',#4675,#4676,#4677);
#1866=EDGE_LOOP('',(#4678,#4679,#4680,#4681));
#1867=AXIS2_PLACEMENT_3D('',#4682,#4683,#4684);
#1868=EDGE_LOOP('',(#4685,#4686,#4687,#4688));
#1869=AXIS2_PLACEMENT_3D('',#4689,#4690,#4691);
#1870=EDGE_LOOP('',(#4692,#4693,#4694,#4695));
#1871=AXIS2_PLACEMENT_3D('',#4696,#4697,#4698);
#1872=EDGE_LOOP('',(#4699,#4700,#4701,#4702));
#1873=AXIS2_PLACEMENT_3D('',#4703,#4704,#4705);
#1874=EDGE_LOOP('',(#4706,#4707,#4708,#4709));
#1875=AXIS2_PLACEMENT_3D('',#4710,#4711,#4712);
#1876=EDGE_LOOP('',(#4713,#4714,#4715,#4716));
#1877=AXIS2_PLACEMENT_3D('',#4717,#4718,#4719);
#1878=EDGE_LOOP('',(#4720,#4721,#4722,#4723));
#1879=AXIS2_PLACEMENT_3D('',#4724,#4725,#4726);
#1880=EDGE_LOOP('',(#4727,#4728,#4729,#4730));
#1881=AXIS2_PLACEMENT_3D('',#4731,#4732,#4733);
#1882=EDGE_LOOP('',(#4734,#4735,#4736,#4737));
#1883=AXIS2_PLACEMENT_3D('',#4738,#4739,#4740);
#1884=EDGE_LOOP('',(#4741,#4742,#4743,#4744));
#1885=AXIS2_PLACEMENT_3D('',#4745,#4746,#4747);
#1886=EDGE_LOOP('',(#4748,#4749,#4750,#4751));
#1887=AXIS2_PLACEMENT_3D('',#4752,#4753,#4754);
#1888=EDGE_LOOP('',(#4755,#4756,#4757,#4758));
#1889=AXIS2_PLACEMENT_3D('',#4759,#4760,#4761);
#1890=EDGE_LOOP('',(#4762,#4763,#4764,#4765));
#1891=AXIS2_PLACEMENT_3D('',#4766,#4767,#4768);
#1892=EDGE_LOOP('',(#4769,#4770,#4771,#4772));
#1893=AXIS2_PLACEMENT_3D('',#4773,#4774,#4775);
#1894=EDGE_LOOP('',(#4776,#4777,#4778,#4779));
#1895=AXIS2_PLACEMENT_3D('',#4780,#4781,#4782);
#1896=EDGE_LOOP('',(#4783,#4784,#4785,#4786));
#1897=AXIS2_PLACEMENT_3D('',#4787,#4788,#4789);
#1898=EDGE_LOOP('',(#4790,#4791,#4792,#4793));
#1899=AXIS2_PLACEMENT_3D('',#4794,#4795,#4796);
#1900=EDGE_LOOP('',(#4797,#4798,#4799,#4800));
#1901=AXIS2_PLACEMENT_3D('',#4801,#4802,#4803);
#1902=EDGE_LOOP('',(#4804,#4805,#4806,#4807));
#1903=AXIS2_PLACEMENT_3D('',#4808,#4809,#4810);
#1904=EDGE_LOOP('',(#4811,#4812,#4813,#4814));
#1905=AXIS2_PLACEMENT_3D('',#4815,#4816,#4817);
#1906=EDGE_LOOP('',(#4818,#4819,#4820,#4821));
#1907=AXIS2_PLACEMENT_3D('',#4822,#4823,#4824);
#1908=EDGE_LOOP('',(#4825,#4826,#4827,#4828));
#1909=AXIS2_PLACEMENT_3D('',#4829,#4830,#4831);
#1910=EDGE_LOOP('',(#4832,#4833,#4834,#4835));
#1911=AXIS2_PLACEMENT_3D('',#4836,#4837,#4838);
#1912=EDGE_LOOP('',(#4839,#4840,#4841,#4842,#4843,#4844));
#1913=AXIS2_PLACEMENT_3D('',#4845,#4846,#4847);
#1914=EDGE_LOOP('',(#4848,#4849,#4850,#4851,#4852,#4853));
#1915=AXIS2_PLACEMENT_3D('',#4854,#4855,#4856);
#1916=EDGE_LOOP('',(#4857,#4858,#4859,#4860,#4861,#4862));
#1917=AXIS2_PLACEMENT_3D('',#4863,#4864,#4865);
#1918=EDGE_LOOP('',(#4866,#4867,#4868,#4869));
#1919=AXIS2_PLACEMENT_3D('',#4870,#4871,#4872);
#1920=EDGE_LOOP('',(#4873,#4874,#4875,#4876));
#1921=AXIS2_PLACEMENT_3D('',#4877,#4878,#4879);
#1922=EDGE_LOOP('',(#4880,#4881,#4882,#4883,#4884,#4885));
#1923=AXIS2_PLACEMENT_3D('',#4886,#4887,#4888);
#1924=EDGE_LOOP('',(#4889,#4890,#4891,#4892,#4893,#4894));
#1925=AXIS2_PLACEMENT_3D('',#4895,#4896,#4897);
#1926=EDGE_LOOP('',(#4898,#4899,#4900,#4901));
#1927=AXIS2_PLACEMENT_3D('',#4902,#4903,#4904);
#1928=EDGE_LOOP('',(#4905,#4906,#4907,#4908));
#1929=AXIS2_PLACEMENT_3D('',#4909,#4910,#4911);
#1930=EDGE_LOOP('',(#4912,#4913,#4914,#4915,#4916,#4917));
#1931=AXIS2_PLACEMENT_3D('',#4918,#4919,#4920);
#1932=EDGE_LOOP('',(#4921,#4922,#4923,#4924,#4925,#4926,#4927,#4928,#4929,#4930));
#1933=AXIS2_PLACEMENT_3D('',#4931,#4932,#4933);
#1934=EDGE_LOOP('',(#4934,#4935,#4936,#4937,#4938,#4939,#4940,#4941,#4942,#4943));
#1935=AXIS2_PLACEMENT_3D('',#4944,#4945,#4946);
#1936=EDGE_LOOP('',(#4947,#4948,#4949,#4950));
#1937=AXIS2_PLACEMENT_3D('',#4951,#4952,#4953);
#1938=EDGE_LOOP('',(#4954,#4955,#4956,#4957));
#1939=AXIS2_PLACEMENT_3D('',#4958,#4959,#4960);
#1940=EDGE_LOOP('',(#4961,#4962,#4963,#4964));
#1941=AXIS2_PLACEMENT_3D('',#4965,#4966,#4967);
#1942=EDGE_LOOP('',(#4968,#4969,#4970,#4971));
#1943=AXIS2_PLACEMENT_3D('',#4972,#4973,#4974);
#1944=EDGE_LOOP('',(#4975,#4976,#4977,#4978));
#1945=AXIS2_PLACEMENT_3D('',#4979,#4980,#4981);
#1946=EDGE_LOOP('',(#4982,#4983,#4984,#4985));
#1947=AXIS2_PLACEMENT_3D('',#4986,#4987,#4988);
#1948=EDGE_LOOP('',(#4989,#4990,#4991,#4992,#4993,#4994,#4995,#4996,#4997,#4998));
#1949=AXIS2_PLACEMENT_3D('',#4999,#5000,#5001);
#1950=EDGE_LOOP('',(#5002,#5003,#5004,#5005,#5006,#5007,#5008,#5009,#5010,#5011));
#1951=AXIS2_PLACEMENT_3D('',#5012,#5013,#5014);
#1952=EDGE_LOOP('',(#5015,#5016,#5017,#5018));
#1953=AXIS2_PLACEMENT_3D('',#5019,#5020,#5021);
#1954=EDGE_LOOP('',(#5022,#5023,#5024,#5025));
#1955=AXIS2_PLACEMENT_3D('',#5026,#5027,#5028);
#1956=EDGE_LOOP('',(#5029,#5030,#5031,#5032));
#1957=AXIS2_PLACEMENT_3D('',#5033,#5034,#5035);
#1958=EDGE_LOOP('',(#5036,#5037,#5038,#5039));
#1959=AXIS2_PLACEMENT_3D('',#5040,#5041,#5042);
#1960=EDGE_LOOP('',(#5043,#5044,#5045,#5046));
#1961=AXIS2_PLACEMENT_3D('',#5047,#5048,#5049);
#1962=EDGE_LOOP('',(#5050,#5051,#5052));
#1963=AXIS2_PLACEMENT_3D('',#5053,#5054,#5055);
#1964=EDGE_LOOP('',(#5056,#5057,#5058));
#1965=AXIS2_PLACEMENT_3D('',#5059,#5060,#5061);
#1966=EDGE_LOOP('',(#5062,#5063,#5064));
#1967=AXIS2_PLACEMENT_3D('',#5065,#5066,#5067);
#1968=EDGE_LOOP('',(#5068,#5069,#5070));
#1969=AXIS2_PLACEMENT_3D('',#5071,#5072,#5073);
#1970=EDGE_LOOP('',(#5074,#5075,#5076,#5077,#5078,#5079));
#1971=AXIS2_PLACEMENT_3D('',#5080,#5081,#5082);
#1972=EDGE_LOOP('',(#5083,#5084,#5085,#5086,#5087,#5088));
#1973=AXIS2_PLACEMENT_3D('',#5089,#5090,#5091);
#1974=EDGE_LOOP('',(#5092,#5093,#5094,#5095,#5096));
#1975=AXIS2_PLACEMENT_3D('',#5097,#5098,#5099);
#1976=EDGE_LOOP('',(#5100,#5101,#5102,#5103));
#1977=AXIS2_PLACEMENT_3D('',#5104,#5105,#5106);
#1978=EDGE_LOOP('',(#5107,#5108,#5109,#5110));
#1979=AXIS2_PLACEMENT_3D('',#5111,#5112,#5113);
#1980=EDGE_LOOP('',(#5114,#5115,#5116,#5117,#5118,#5119));
#1981=AXIS2_PLACEMENT_3D('',#5120,#5121,#5122);
#1982=EDGE_LOOP('',(#5123,#5124,#5125,#5126,#5127,#5128));
#1983=AXIS2_PLACEMENT_3D('',#5129,#5130,#5131);
#1984=EDGE_LOOP('',(#5132,#5133,#5134,#5135,#5136));
#1985=AXIS2_PLACEMENT_3D('',#5137,#5138,#5139);
#1986=EDGE_LOOP('',(#5140,#5141,#5142,#5143));
#1987=AXIS2_PLACEMENT_3D('',#5144,#5145,#5146);
#1988=EDGE_LOOP('',(#5147,#5148,#5149,#5150));
#1989=AXIS2_PLACEMENT_3D('',#5151,#5152,#5153);
#1990=EDGE_LOOP('',(#5154,#5155,#5156,#5157,#5158,#5159));
#1991=AXIS2_PLACEMENT_3D('',#5160,#5161,#5162);
#1992=EDGE_LOOP('',(#5163,#5164,#5165,#5166,#5167,#5168));
#1993=AXIS2_PLACEMENT_3D('',#5169,#5170,#5171);
#1994=EDGE_LOOP('',(#5172,#5173,#5174,#5175,#5176,#5177));
#1995=AXIS2_PLACEMENT_3D('',#5178,#5179,#5180);
#1996=EDGE_LOOP('',(#5181,#5182,#5183,#5184));
#1997=AXIS2_PLACEMENT_3D('',#5185,#5186,#5187);
#1998=EDGE_LOOP('',(#5188,#5189,#5190,#5191));
#1999=AXIS2_PLACEMENT_3D('',#5192,#5193,#5194);
#2000=EDGE_LOOP('',(#5195,#5196,#5197,#5198,#5199,#5200));
#2001=AXIS2_PLACEMENT_3D('',#5201,#5202,#5203);
#2002=EDGE_LOOP('',(#5204,#5205,#5206,#5207,#5208,#5209));
#2003=AXIS2_PLACEMENT_3D('',#5210,#5211,#5212);
#2004=EDGE_LOOP('',(#5213,#5214,#5215,#5216));
#2005=AXIS2_PLACEMENT_3D('',#5217,#5218,#5219);
#2006=EDGE_LOOP('',(#5220,#5221,#5222,#5223));
#2007=AXIS2_PLACEMENT_3D('',#5224,#5225,#5226);
#2008=EDGE_LOOP('',(#5227,#5228,#5229,#5230,#5231));
#2009=AXIS2_PLACEMENT_3D('',#5232,#5233,#5234);
#2010=EDGE_LOOP('',(#5235,#5236,#5237,#5238,#5239,#5240));
#2011=AXIS2_PLACEMENT_3D('',#5241,#5242,#5243);
#2012=EDGE_LOOP('',(#5244,#5245,#5246,#5247,#5248,#5249));
#2013=AXIS2_PLACEMENT_3D('',#5250,#5251,#5252);
#2014=EDGE_LOOP('',(#5253,#5254,#5255,#5256));
#2015=AXIS2_PLACEMENT_3D('',#5257,#5258,#5259);
#2016=EDGE_LOOP('',(#5260,#5261,#5262,#5263));
#2017=AXIS2_PLACEMENT_3D('',#5264,#5265,#5266);
#2018=EDGE_LOOP('',(#5267,#5268,#5269,#5270,#5271));
#2019=AXIS2_PLACEMENT_3D('',#5272,#5273,#5274);
#2020=EDGE_LOOP('',(#5275,#5276,#5277,#5278,#5279,#5280));
#2021=AXIS2_PLACEMENT_3D('',#5281,#5282,#5283);
#2022=EDGE_LOOP('',(#5284,#5285,#5286,#5287,#5288,#5289));
#2023=AXIS2_PLACEMENT_3D('',#5290,#5291,#5292);
#2024=EDGE_LOOP('',(#5293,#5294,#5295,#5296));
#2025=AXIS2_PLACEMENT_3D('',#5297,#5298,#5299);
#2026=EDGE_LOOP('',(#5300,#5301,#5302,#5303));
#2027=AXIS2_PLACEMENT_3D('',#5304,#5305,#5306);
#2028=EDGE_LOOP('',(#5307,#5308,#5309,#5310,#5311,#5312));
#2029=AXIS2_PLACEMENT_3D('',#5313,#5314,#5315);
#2030=EDGE_LOOP('',(#5316,#5317,#5318,#5319,#5320,#5321,#5322,#5323,#5324,#5325));
#2031=AXIS2_PLACEMENT_3D('',#5326,#5327,#5328);
#2032=EDGE_LOOP('',(#5329,#5330,#5331,#5332,#5333,#5334,#5335,#5336,#5337,#5338));
#2033=AXIS2_PLACEMENT_3D('',#5339,#5340,#5341);
#2034=EDGE_LOOP('',(#5342,#5343,#5344,#5345));
#2035=AXIS2_PLACEMENT_3D('',#5346,#5347,#5348);
#2036=EDGE_LOOP('',(#5349,#5350,#5351,#5352));
#2037=AXIS2_PLACEMENT_3D('',#5353,#5354,#5355);
#2038=EDGE_LOOP('',(#5356,#5357,#5358,#5359));
#2039=AXIS2_PLACEMENT_3D('',#5360,#5361,#5362);
#2040=EDGE_LOOP('',(#5363,#5364,#5365,#5366));
#2041=AXIS2_PLACEMENT_3D('',#5367,#5368,#5369);
#2042=EDGE_LOOP('',(#5370,#5371,#5372,#5373));
#2043=AXIS2_PLACEMENT_3D('',#5374,#5375,#5376);
#2044=EDGE_LOOP('',(#5377,#5378,#5379,#5380,#5381,#5382,#5383,#5384,#5385,#5386));
#2045=AXIS2_PLACEMENT_3D('',#5387,#5388,#5389);
#2046=EDGE_LOOP('',(#5390,#5391,#5392,#5393,#5394,#5395,#5396,#5397,#5398,#5399));
#2047=AXIS2_PLACEMENT_3D('',#5400,#5401,#5402);
#2048=EDGE_LOOP('',(#5403,#5404,#5405,#5406));
#2049=AXIS2_PLACEMENT_3D('',#5407,#5408,#5409);
#2050=EDGE_LOOP('',(#5410,#5411,#5412,#5413));
#2051=AXIS2_PLACEMENT_3D('',#5414,#5415,#5416);
#2052=EDGE_LOOP('',(#5417,#5418,#5419,#5420));
#2053=AXIS2_PLACEMENT_3D('',#5421,#5422,#5423);
#2054=EDGE_LOOP('',(#5424,#5425,#5426,#5427));
#2055=AXIS2_PLACEMENT_3D('',#5428,#5429,#5430);
#2056=EDGE_LOOP('',(#5431,#5432,#5433,#5434));
#2057=AXIS2_PLACEMENT_3D('',#5435,#5436,#5437);
#2058=EDGE_LOOP('',(#5438,#5439,#5440,#5441,#5442,#5443,#5444,#5445,#5446,#5447));
#2059=AXIS2_PLACEMENT_3D('',#5448,#5449,#5450);
#2060=EDGE_LOOP('',(#5451,#5452,#5453,#5454,#5455,#5456,#5457,#5458,#5459,#5460));
#2061=AXIS2_PLACEMENT_3D('',#5461,#5462,#5463);
#2062=EDGE_LOOP('',(#5464,#5465,#5466,#5467));
#2063=AXIS2_PLACEMENT_3D('',#5468,#5469,#5470);
#2064=EDGE_LOOP('',(#5471,#5472,#5473,#5474));
#2065=AXIS2_PLACEMENT_3D('',#5475,#5476,#5477);
#2066=EDGE_LOOP('',(#5478,#5479,#5480,#5481));
#2067=AXIS2_PLACEMENT_3D('',#5482,#5483,#5484);
#2068=EDGE_LOOP('',(#5485,#5486,#5487,#5488));
#2069=AXIS2_PLACEMENT_3D('',#5489,#5490,#5491);
#2070=EDGE_LOOP('',(#5492,#5493,#5494,#5495));
#2071=AXIS2_PLACEMENT_3D('',#5496,#5497,#5498);
#2072=EDGE_LOOP('',(#5499,#5500,#5501,#5502));
#2073=AXIS2_PLACEMENT_3D('',#5503,#5504,#5505);
#2074=EDGE_LOOP('',(#5506,#5507,#5508,#5509,#5510,#5511,#5512,#5513,#5514,#5515));
#2075=AXIS2_PLACEMENT_3D('',#5516,#5517,#5518);
#2076=EDGE_LOOP('',(#5519,#5520,#5521,#5522,#5523,#5524,#5525,#5526,#5527,#5528));
#2077=AXIS2_PLACEMENT_3D('',#5529,#5530,#5531);
#2078=EDGE_LOOP('',(#5532,#5533,#5534,#5535));
#2079=AXIS2_PLACEMENT_3D('',#5536,#5537,#5538);
#2080=EDGE_LOOP('',(#5539,#5540,#5541,#5542));
#2081=AXIS2_PLACEMENT_3D('',#5543,#5544,#5545);
#2082=EDGE_LOOP('',(#5546,#5547,#5548,#5549));
#2083=AXIS2_PLACEMENT_3D('',#5550,#5551,#5552);
#2084=EDGE_LOOP('',(#5553,#5554,#5555,#5556));
#2085=AXIS2_PLACEMENT_3D('',#5557,#5558,#5559);
#2086=EDGE_LOOP('',(#5560,#5561,#5562,#5563));
#2087=AXIS2_PLACEMENT_3D('',#5564,#5565,#5566);
#2088=EDGE_LOOP('',(#5567,#5568,#5569,#5570));
#2089=AXIS2_PLACEMENT_3D('',#5571,#5572,#5573);
#2090=EDGE_LOOP('',(#5574,#5575,#5576,#5577,#5578,#5579,#5580,#5581,#5582,#5583));
#2091=AXIS2_PLACEMENT_3D('',#5584,#5585,#5586);
#2092=EDGE_LOOP('',(#5587,#5588,#5589,#5590,#5591,#5592,#5593,#5594,#5595,#5596));
#2093=AXIS2_PLACEMENT_3D('',#5597,#5598,#5599);
#2094=EDGE_LOOP('',(#5600,#5601,#5602,#5603));
#2095=AXIS2_PLACEMENT_3D('',#5604,#5605,#5606);
#2096=EDGE_LOOP('',(#5607,#5608,#5609,#5610));
#2097=AXIS2_PLACEMENT_3D('',#5611,#5612,#5613);
#2098=EDGE_LOOP('',(#5614,#5615,#5616,#5617));
#2099=AXIS2_PLACEMENT_3D('',#5618,#5619,#5620);
#2100=EDGE_LOOP('',(#5621,#5622,#5623,#5624));
#2101=AXIS2_PLACEMENT_3D('',#5625,#5626,#5627);
#2102=EDGE_LOOP('',(#5628,#5629,#5630,#5631));
#2103=AXIS2_PLACEMENT_3D('',#5632,#5633,#5634);
#2104=EDGE_LOOP('',(#5635,#5636,#5637,#5638));
#2105=AXIS2_PLACEMENT_3D('',#5639,#5640,#5641);
#2106=EDGE_LOOP('',(#5642,#5643,#5644,#5645,#5646,#5647,#5648,#5649,#5650,#5651));
#2107=AXIS2_PLACEMENT_3D('',#5652,#5653,#5654);
#2108=EDGE_LOOP('',(#5655,#5656,#5657,#5658,#5659,#5660,#5661,#5662,#5663,#5664));
#2109=AXIS2_PLACEMENT_3D('',#5665,#5666,#5667);
#2110=EDGE_LOOP('',(#5668,#5669,#5670,#5671));
#2111=AXIS2_PLACEMENT_3D('',#5672,#5673,#5674);
#2112=EDGE_LOOP('',(#5675,#5676,#5677,#5678));
#2113=AXIS2_PLACEMENT_3D('',#5679,#5680,#5681);
#2114=EDGE_LOOP('',(#5682,#5683,#5684,#5685));
#2115=AXIS2_PLACEMENT_3D('',#5686,#5687,#5688);
#2116=EDGE_LOOP('',(#5689,#5690,#5691,#5692));
#2117=AXIS2_PLACEMENT_3D('',#5693,#5694,#5695);
#2118=EDGE_LOOP('',(#5696,#5697,#5698,#5699));
#2119=AXIS2_PLACEMENT_3D('',#5700,#5701,#5702);
#2120=EDGE_LOOP('',(#5703,#5704,#5705));
#2121=AXIS2_PLACEMENT_3D('',#5706,#5707,#5708);
#2122=EDGE_LOOP('',(#5709,#5710,#5711));
#2123=AXIS2_PLACEMENT_3D('',#5712,#5713,#5714);
#2124=EDGE_LOOP('',(#5715,#5716,#5717));
#2125=AXIS2_PLACEMENT_3D('',#5718,#5719,#5720);
#2126=EDGE_LOOP('',(#5721,#5722,#5723));
#2127=AXIS2_PLACEMENT_3D('',#5724,#5725,#5726);
#2128=EDGE_LOOP('',(#5727,#5728,#5729));
#2129=AXIS2_PLACEMENT_3D('',#5730,#5731,#5732);
#2130=EDGE_LOOP('',(#5733,#5734,#5735));
#2131=AXIS2_PLACEMENT_3D('',#5736,#5737,#5738);
#2132=EDGE_LOOP('',(#5739,#5740,#5741));
#2133=AXIS2_PLACEMENT_3D('',#5742,#5743,#5744);
#2134=EDGE_LOOP('',(#5745,#5746,#5747));
#2135=AXIS2_PLACEMENT_3D('',#5748,#5749,#5750);
#2136=EDGE_LOOP('',(#5751,#5752,#5753));
#2137=AXIS2_PLACEMENT_3D('',#5754,#5755,#5756);
#2138=EDGE_LOOP('',(#5757,#5758,#5759));
#2139=AXIS2_PLACEMENT_3D('',#5760,#5761,#5762);
#2140=EDGE_LOOP('',(#5763,#5764,#5765));
#2141=AXIS2_PLACEMENT_3D('',#5766,#5767,#5768);
#2142=EDGE_LOOP('',(#5769,#5770,#5771));
#2143=AXIS2_PLACEMENT_3D('',#5772,#5773,#5774);
#2144=FILL_AREA_STYLE_COLOUR('',#5775);
#2145=ORIENTED_EDGE('',*,*,#5776,.F.);
#2146=ORIENTED_EDGE('',*,*,#5777,.T.);
#2147=ORIENTED_EDGE('',*,*,#5778,.T.);
#2148=ORIENTED_EDGE('',*,*,#5779,.T.);
#2149=ORIENTED_EDGE('',*,*,#5780,.T.);
#2150=ORIENTED_EDGE('',*,*,#5781,.F.);
#2151=CARTESIAN_POINT('',(1.355,-0.630000000000001,0.1));
#2152=DIRECTION('',(0.0,0.832050294337844,0.554700196225229));
#2153=DIRECTION('',(1.0,0.0,-0.0));
#2154=ORIENTED_EDGE('',*,*,#5782,.F.);
#2155=ORIENTED_EDGE('',*,*,#5783,.T.);
#2156=ORIENTED_EDGE('',*,*,#5784,.T.);
#2157=ORIENTED_EDGE('',*,*,#5785,.T.);
#2158=ORIENTED_EDGE('',*,*,#5786,.T.);
#2159=ORIENTED_EDGE('',*,*,#5787,.F.);
#2160=CARTESIAN_POINT('',(1.355,-0.630000000000001,0.1));
#2161=DIRECTION('',(0.0,0.832050294337844,0.554700196225229));
#2162=DIRECTION('',(1.0,0.0,-0.0));
#2163=ORIENTED_EDGE('',*,*,#5788,.F.);
#2164=ORIENTED_EDGE('',*,*,#5789,.T.);
#2165=ORIENTED_EDGE('',*,*,#5790,.T.);
#2166=ORIENTED_EDGE('',*,*,#5791,.T.);
#2167=ORIENTED_EDGE('',*,*,#5792,.F.);
#2168=CARTESIAN_POINT('',(1.355,-0.630000000000001,0.1));
#2169=DIRECTION('',(0.0,0.832050294337844,0.554700196225229));
#2170=DIRECTION('',(1.0,0.0,-0.0));
#2171=ORIENTED_EDGE('',*,*,#5793,.F.);
#2172=ORIENTED_EDGE('',*,*,#5794,.T.);
#2173=ORIENTED_EDGE('',*,*,#5795,.F.);
#2174=ORIENTED_EDGE('',*,*,#5796,.T.);
#2175=ORIENTED_EDGE('',*,*,#5797,.T.);
#2176=ORIENTED_EDGE('',*,*,#5798,.T.);
#2177=CARTESIAN_POINT('',(1.355,0.590000000000001,0.04));
#2178=DIRECTION('',(0.0,-0.832050294337844,0.554700196225229));
#2179=DIRECTION('',(-1.0,0.0,0.0));
#2180=ORIENTED_EDGE('',*,*,#5799,.F.);
#2181=ORIENTED_EDGE('',*,*,#5800,.T.);
#2182=ORIENTED_EDGE('',*,*,#5801,.F.);
#2183=ORIENTED_EDGE('',*,*,#5802,.T.);
#2184=ORIENTED_EDGE('',*,*,#5803,.T.);
#2185=ORIENTED_EDGE('',*,*,#5804,.T.);
#2186=CARTESIAN_POINT('',(1.355,0.590000000000001,0.04));
#2187=DIRECTION('',(0.0,-0.832050294337844,0.554700196225229));
#2188=DIRECTION('',(-1.0,0.0,0.0));
#2189=ORIENTED_EDGE('',*,*,#5805,.F.);
#2190=ORIENTED_EDGE('',*,*,#5806,.T.);
#2191=ORIENTED_EDGE('',*,*,#5807,.F.);
#2192=ORIENTED_EDGE('',*,*,#5808,.T.);
#2193=ORIENTED_EDGE('',*,*,#5809,.T.);
#2194=CARTESIAN_POINT('',(1.355,0.590000000000001,0.04));
#2195=DIRECTION('',(0.0,-0.832050294337844,0.554700196225229));
#2196=DIRECTION('',(-1.0,0.0,0.0));
#2197=ORIENTED_EDGE('',*,*,#5810,.F.);
#2198=ORIENTED_EDGE('',*,*,#5811,.F.);
#2199=ORIENTED_EDGE('',*,*,#5812,.T.);
#2200=ORIENTED_EDGE('',*,*,#5813,.T.);
#2201=CARTESIAN_POINT('',(-0.475,0.779999999999992,0.06));
#2202=DIRECTION('',(0.0,-2.04863782591742E-16,-1.0));
#2203=DIRECTION('',(0.0,-1.0,2.04863782591742E-16));
#2204=ORIENTED_EDGE('',*,*,#5814,.F.);
#2205=ORIENTED_EDGE('',*,*,#5815,.F.);
#2206=ORIENTED_EDGE('',*,*,#5816,.T.);
#2207=ORIENTED_EDGE('',*,*,#5817,.T.);
#2208=CARTESIAN_POINT('',(-0.125,0.779999999999992,0.06));
#2209=DIRECTION('',(0.0,-2.04863782591742E-16,-1.0));
#2210=DIRECTION('',(0.0,-1.0,2.04863782591742E-16));
#2211=ORIENTED_EDGE('',*,*,#5818,.F.);
#2212=ORIENTED_EDGE('',*,*,#5819,.F.);
#2213=ORIENTED_EDGE('',*,*,#5820,.T.);
#2214=ORIENTED_EDGE('',*,*,#5821,.T.);
#2215=CARTESIAN_POINT('',(0.225,0.779999999999992,0.06));
#2216=DIRECTION('',(0.0,-2.04863782591742E-16,-1.0));
#2217=DIRECTION('',(0.0,-1.0,2.04863782591742E-16));
#2218=ORIENTED_EDGE('',*,*,#5822,.F.);
#2219=ORIENTED_EDGE('',*,*,#5781,.T.);
#2220=ORIENTED_EDGE('',*,*,#5823,.T.);
#2221=ORIENTED_EDGE('',*,*,#5824,.F.);
#2222=CARTESIAN_POINT('',(1.355,-0.590000000000001,0.04));
#2223=DIRECTION('',(-0.0,1.0,0.0));
#2224=DIRECTION('',(1.0,0.0,0.0));
#2225=ORIENTED_EDGE('',*,*,#5825,.F.);
#2226=ORIENTED_EDGE('',*,*,#5787,.T.);
#2227=ORIENTED_EDGE('',*,*,#5826,.T.);
#2228=ORIENTED_EDGE('',*,*,#5827,.F.);
#2229=CARTESIAN_POINT('',(1.355,-0.590000000000001,0.04));
#2230=DIRECTION('',(-0.0,1.0,0.0));
#2231=DIRECTION('',(1.0,0.0,0.0));
#2232=ORIENTED_EDGE('',*,*,#5828,.F.);
#2233=ORIENTED_EDGE('',*,*,#5792,.T.);
#2234=ORIENTED_EDGE('',*,*,#5829,.T.);
#2235=ORIENTED_EDGE('',*,*,#5830,.F.);
#2236=CARTESIAN_POINT('',(1.355,-0.590000000000001,0.04));
#2237=DIRECTION('',(-0.0,1.0,0.0));
#2238=DIRECTION('',(1.0,0.0,0.0));
#2239=ORIENTED_EDGE('',*,*,#5831,.F.);
#2240=ORIENTED_EDGE('',*,*,#5832,.T.);
#2241=ORIENTED_EDGE('',*,*,#5833,.T.);
#2242=ORIENTED_EDGE('',*,*,#5796,.F.);
#2243=CARTESIAN_POINT('',(1.355,0.590000000000001,0.0));
#2244=DIRECTION('',(0.0,-1.0,0.0));
#2245=DIRECTION('',(0.0,0.0,-1.0));
#2246=ORIENTED_EDGE('',*,*,#5834,.F.);
#2247=ORIENTED_EDGE('',*,*,#5835,.T.);
#2248=ORIENTED_EDGE('',*,*,#5836,.T.);
#2249=ORIENTED_EDGE('',*,*,#5802,.F.);
#2250=CARTESIAN_POINT('',(1.355,0.590000000000001,0.0));
#2251=DIRECTION('',(0.0,-1.0,0.0));
#2252=DIRECTION('',(0.0,0.0,-1.0));
#2253=ORIENTED_EDGE('',*,*,#5837,.F.);
#2254=ORIENTED_EDGE('',*,*,#5838,.T.);
#2255=ORIENTED_EDGE('',*,*,#5839,.T.);
#2256=ORIENTED_EDGE('',*,*,#5808,.F.);
#2257=CARTESIAN_POINT('',(1.355,0.590000000000001,0.0));
#2258=DIRECTION('',(0.0,-1.0,0.0));
#2259=DIRECTION('',(0.0,0.0,-1.0));
#2260=ORIENTED_EDGE('',*,*,#5840,.F.);
#2261=ORIENTED_EDGE('',*,*,#5841,.T.);
#2262=ORIENTED_EDGE('',*,*,#5842,.T.);
#2263=ORIENTED_EDGE('',*,*,#5843,.F.);
#2264=CARTESIAN_POINT('',(1.355,-0.629999999999992,0.37));
#2265=DIRECTION('',(0.0,0.406138466053515,0.913811548620227));
#2266=DIRECTION('',(1.0,-0.0,0.0));
#2267=ORIENTED_EDGE('',*,*,#5844,.F.);
#2268=ORIENTED_EDGE('',*,*,#5845,.T.);
#2269=ORIENTED_EDGE('',*,*,#5846,.T.);
#2270=ORIENTED_EDGE('',*,*,#5847,.F.);
#2271=CARTESIAN_POINT('',(1.355,-0.629999999999992,0.37));
#2272=DIRECTION('',(0.0,0.406138466053515,0.913811548620227));
#2273=DIRECTION('',(1.0,-0.0,0.0));
#2274=ORIENTED_EDGE('',*,*,#5848,.F.);
#2275=ORIENTED_EDGE('',*,*,#5849,.T.);
#2276=ORIENTED_EDGE('',*,*,#5850,.T.);
#2277=ORIENTED_EDGE('',*,*,#5851,.F.);
#2278=CARTESIAN_POINT('',(1.355,-0.629999999999992,0.37));
#2279=DIRECTION('',(0.0,0.406138466053515,0.913811548620227));
#2280=DIRECTION('',(1.0,-0.0,0.0));
#2281=ORIENTED_EDGE('',*,*,#5852,.F.);
#2282=ORIENTED_EDGE('',*,*,#5843,.T.);
#2283=ORIENTED_EDGE('',*,*,#5853,.T.);
#2284=ORIENTED_EDGE('',*,*,#5854,.F.);
#2285=CARTESIAN_POINT('',(1.355,-0.585,0.35));
#2286=DIRECTION('',(0.0,1.0,1.8896095006176E-13));
#2287=DIRECTION('',(0.0,1.8896095006176E-13,-1.0));
#2288=ORIENTED_EDGE('',*,*,#5855,.F.);
#2289=ORIENTED_EDGE('',*,*,#5847,.T.);
#2290=ORIENTED_EDGE('',*,*,#5856,.T.);
#2291=ORIENTED_EDGE('',*,*,#5857,.F.);
#2292=CARTESIAN_POINT('',(1.355,-0.585,0.35));
#2293=DIRECTION('',(0.0,1.0,1.8896095006176E-13));
#2294=DIRECTION('',(0.0,1.8896095006176E-13,-1.0));
#2295=ORIENTED_EDGE('',*,*,#5858,.F.);
#2296=ORIENTED_EDGE('',*,*,#5851,.T.);
#2297=ORIENTED_EDGE('',*,*,#5859,.T.);
#2298=ORIENTED_EDGE('',*,*,#5860,.F.);
#2299=CARTESIAN_POINT('',(1.355,-0.585,0.35));
#2300=DIRECTION('',(0.0,1.0,1.8896095006176E-13));
#2301=DIRECTION('',(0.0,1.8896095006176E-13,-1.0));
#2302=ORIENTED_EDGE('',*,*,#5861,.T.);
#2303=ORIENTED_EDGE('',*,*,#5862,.T.);
#2304=ORIENTED_EDGE('',*,*,#5863,.T.);
#2305=ORIENTED_EDGE('',*,*,#5864,.F.);
#2306=CARTESIAN_POINT('',(0.285000000000001,-0.629999999999999,0.29));
#2307=DIRECTION('',(-1.0,0.0,0.0));
#2308=DIRECTION('',(0.0,0.0,1.0));
#2309=ORIENTED_EDGE('',*,*,#5863,.F.);
#2310=ORIENTED_EDGE('',*,*,#5865,.T.);
#2311=ORIENTED_EDGE('',*,*,#5866,.T.);
#2312=ORIENTED_EDGE('',*,*,#5854,.T.);
#2313=ORIENTED_EDGE('',*,*,#5867,.F.);
#2314=ORIENTED_EDGE('',*,*,#5868,.T.);
#2315=ORIENTED_EDGE('',*,*,#5869,.F.);
#2316=ORIENTED_EDGE('',*,*,#5870,.T.);
#2317=CARTESIAN_POINT('',(0.0,0.0,0.14));
#2318=DIRECTION('',(0.0,0.0,1.0));
#2319=DIRECTION('',(1.0,0.0,0.0));
#2320=ORIENTED_EDGE('',*,*,#5871,.F.);
#2321=ORIENTED_EDGE('',*,*,#5872,.F.);
#2322=ORIENTED_EDGE('',*,*,#5873,.T.);
#2323=ORIENTED_EDGE('',*,*,#5874,.F.);
#2324=CARTESIAN_POINT('',(1.355,0.584999999999987,0.28));
#2325=DIRECTION('',(0.0,-1.0,1.8896095006176E-13));
#2326=DIRECTION('',(-1.0,0.0,0.0));
#2327=ORIENTED_EDGE('',*,*,#5875,.F.);
#2328=ORIENTED_EDGE('',*,*,#5876,.T.);
#2329=ORIENTED_EDGE('',*,*,#5877,.T.);
#2330=ORIENTED_EDGE('',*,*,#5878,.F.);
#2331=CARTESIAN_POINT('',(1.355,0.584999999999987,0.28));
#2332=DIRECTION('',(0.0,-1.0,1.8896095006176E-13));
#2333=DIRECTION('',(-1.0,0.0,0.0));
#2334=ORIENTED_EDGE('',*,*,#5879,.F.);
#2335=ORIENTED_EDGE('',*,*,#5880,.T.);
#2336=ORIENTED_EDGE('',*,*,#5881,.T.);
#2337=ORIENTED_EDGE('',*,*,#5882,.F.);
#2338=CARTESIAN_POINT('',(1.355,0.584999999999987,0.28));
#2339=DIRECTION('',(0.0,-1.0,1.8896095006176E-13));
#2340=DIRECTION('',(-1.0,0.0,0.0));
#2341=ORIENTED_EDGE('',*,*,#5883,.F.);
#2342=ORIENTED_EDGE('',*,*,#5874,.T.);
#2343=ORIENTED_EDGE('',*,*,#5884,.T.);
#2344=ORIENTED_EDGE('',*,*,#5885,.F.);
#2345=CARTESIAN_POINT('',(1.355,0.585,0.35));
#2346=DIRECTION('',(0.0,-0.406138466053515,0.913811548620227));
#2347=DIRECTION('',(-1.0,0.0,0.0));
#2348=ORIENTED_EDGE('',*,*,#5886,.F.);
#2349=ORIENTED_EDGE('',*,*,#5878,.T.);
#2350=ORIENTED_EDGE('',*,*,#5887,.T.);
#2351=ORIENTED_EDGE('',*,*,#5888,.F.);
#2352=CARTESIAN_POINT('',(1.355,0.585,0.35));
#2353=DIRECTION('',(0.0,-0.406138466053515,0.913811548620227));
#2354=DIRECTION('',(-1.0,0.0,0.0));
#2355=ORIENTED_EDGE('',*,*,#5889,.F.);
#2356=ORIENTED_EDGE('',*,*,#5882,.T.);
#2357=ORIENTED_EDGE('',*,*,#5890,.T.);
#2358=ORIENTED_EDGE('',*,*,#5891,.F.);
#2359=CARTESIAN_POINT('',(1.355,0.585,0.35));
#2360=DIRECTION('',(0.0,-0.406138466053515,0.913811548620227));
#2361=DIRECTION('',(-1.0,0.0,0.0));
#2362=ORIENTED_EDGE('',*,*,#5892,.F.);
#2363=ORIENTED_EDGE('',*,*,#5893,.F.);
#2364=ORIENTED_EDGE('',*,*,#5894,.F.);
#2365=ORIENTED_EDGE('',*,*,#5895,.T.);
#2366=CARTESIAN_POINT('',(-0.635,0.585,0.14));
#2367=DIRECTION('',(0.0,0.0,-1.0));
#2368=DIRECTION('',(0.0,-1.0,0.0));
#2369=ORIENTED_EDGE('',*,*,#5896,.T.);
#2370=ORIENTED_EDGE('',*,*,#5897,.T.);
#2371=ORIENTED_EDGE('',*,*,#5898,.T.);
#2372=ORIENTED_EDGE('',*,*,#5899,.T.);
#2373=CARTESIAN_POINT('',(0.285000000000001,0.585,0.29));
#2374=DIRECTION('',(-1.0,0.0,0.0));
#2375=DIRECTION('',(0.0,0.0,1.0));
#2376=ORIENTED_EDGE('',*,*,#5900,.T.);
#2377=ORIENTED_EDGE('',*,*,#5901,.F.);
#2378=ORIENTED_EDGE('',*,*,#5896,.F.);
#2379=ORIENTED_EDGE('',*,*,#5902,.T.);
#2380=ORIENTED_EDGE('',*,*,#5903,.F.);
#2381=ORIENTED_EDGE('',*,*,#5904,.F.);
#2382=ORIENTED_EDGE('',*,*,#5905,.F.);
#2383=ORIENTED_EDGE('',*,*,#5872,.T.);
#2384=CARTESIAN_POINT('',(0.0,0.0,0.14));
#2385=DIRECTION('',(0.0,0.0,1.0));
#2386=DIRECTION('',(1.0,0.0,0.0));
#2387=ORIENTED_EDGE('',*,*,#5906,.F.);
#2388=ORIENTED_EDGE('',*,*,#5907,.F.);
#2389=ORIENTED_EDGE('',*,*,#5908,.T.);
#2390=ORIENTED_EDGE('',*,*,#5909,.T.);
#2391=CARTESIAN_POINT('',(0.575,0.779999999999992,0.06));
#2392=DIRECTION('',(0.0,-2.04863782591742E-16,-1.0));
#2393=DIRECTION('',(0.0,-1.0,2.04863782591742E-16));
#2394=ORIENTED_EDGE('',*,*,#5910,.T.);
#2395=ORIENTED_EDGE('',*,*,#5911,.T.);
#2396=ORIENTED_EDGE('',*,*,#5912,.T.);
#2397=ORIENTED_EDGE('',*,*,#5913,.F.);
#2398=ORIENTED_EDGE('',*,*,#5914,.F.);
#2399=ORIENTED_EDGE('',*,*,#5915,.T.);
#2400=CARTESIAN_POINT('',(1.355,-0.630000000000001,0.1));
#2401=DIRECTION('',(0.0,0.832050294337844,0.554700196225229));
#2402=DIRECTION('',(1.0,0.0,-0.0));
#2403=ORIENTED_EDGE('',*,*,#5916,.T.);
#2404=ORIENTED_EDGE('',*,*,#5917,.T.);
#2405=ORIENTED_EDGE('',*,*,#5918,.F.);
#2406=ORIENTED_EDGE('',*,*,#5919,.T.);
#2407=ORIENTED_EDGE('',*,*,#5920,.F.);
#2408=ORIENTED_EDGE('',*,*,#5921,.T.);
#2409=CARTESIAN_POINT('',(1.355,0.590000000000001,0.04));
#2410=DIRECTION('',(0.0,-0.832050294337844,0.554700196225229));
#2411=DIRECTION('',(-1.0,0.0,0.0));
#2412=ORIENTED_EDGE('',*,*,#5913,.T.);
#2413=ORIENTED_EDGE('',*,*,#5922,.T.);
#2414=ORIENTED_EDGE('',*,*,#5923,.F.);
#2415=ORIENTED_EDGE('',*,*,#5924,.F.);
#2416=CARTESIAN_POINT('',(1.355,-0.590000000000001,0.04));
#2417=DIRECTION('',(-0.0,1.0,0.0));
#2418=DIRECTION('',(1.0,0.0,0.0));
#2419=ORIENTED_EDGE('',*,*,#5925,.T.);
#2420=ORIENTED_EDGE('',*,*,#5926,.T.);
#2421=ORIENTED_EDGE('',*,*,#5921,.F.);
#2422=ORIENTED_EDGE('',*,*,#5927,.F.);
#2423=CARTESIAN_POINT('',(1.355,0.590000000000001,0.0));
#2424=DIRECTION('',(0.0,-1.0,0.0));
#2425=DIRECTION('',(0.0,0.0,-1.0));
#2426=ORIENTED_EDGE('',*,*,#5928,.T.);
#2427=ORIENTED_EDGE('',*,*,#5929,.T.);
#2428=ORIENTED_EDGE('',*,*,#5930,.F.);
#2429=ORIENTED_EDGE('',*,*,#5931,.F.);
#2430=CARTESIAN_POINT('',(1.355,-0.629999999999992,0.37));
#2431=DIRECTION('',(0.0,0.406138466053515,0.913811548620227));
#2432=DIRECTION('',(1.0,-0.0,0.0));
#2433=ORIENTED_EDGE('',*,*,#5930,.T.);
#2434=ORIENTED_EDGE('',*,*,#5932,.T.);
#2435=ORIENTED_EDGE('',*,*,#5933,.F.);
#2436=ORIENTED_EDGE('',*,*,#5934,.F.);
#2437=CARTESIAN_POINT('',(1.355,-0.585,0.35));
#2438=DIRECTION('',(0.0,1.0,1.8896095006176E-13));
#2439=DIRECTION('',(0.0,1.8896095006176E-13,-1.0));
#2440=ORIENTED_EDGE('',*,*,#5935,.F.);
#2441=ORIENTED_EDGE('',*,*,#5936,.T.);
#2442=ORIENTED_EDGE('',*,*,#5937,.T.);
#2443=ORIENTED_EDGE('',*,*,#5938,.F.);
#2444=CARTESIAN_POINT('',(0.635,-0.629999999999999,0.14));
#2445=DIRECTION('',(0.0,0.0,1.0));
#2446=DIRECTION('',(1.0,0.0,0.0));
#2447=ORIENTED_EDGE('',*,*,#5939,.T.);
#2448=ORIENTED_EDGE('',*,*,#5940,.T.);
#2449=ORIENTED_EDGE('',*,*,#5941,.F.);
#2450=ORIENTED_EDGE('',*,*,#5942,.F.);
#2451=CARTESIAN_POINT('',(1.355,0.584999999999987,0.28));
#2452=DIRECTION('',(0.0,-1.0,1.8896095006176E-13));
#2453=DIRECTION('',(-1.0,0.0,0.0));
#2454=ORIENTED_EDGE('',*,*,#5941,.T.);
#2455=ORIENTED_EDGE('',*,*,#5943,.T.);
#2456=ORIENTED_EDGE('',*,*,#5944,.F.);
#2457=ORIENTED_EDGE('',*,*,#5945,.F.);
#2458=CARTESIAN_POINT('',(1.355,0.585,0.35));
#2459=DIRECTION('',(0.0,-0.406138466053515,0.913811548620227));
#2460=DIRECTION('',(-1.0,0.0,0.0));
#2461=ORIENTED_EDGE('',*,*,#5946,.F.);
#2462=ORIENTED_EDGE('',*,*,#5947,.T.);
#2463=ORIENTED_EDGE('',*,*,#5948,.T.);
#2464=ORIENTED_EDGE('',*,*,#5949,.T.);
#2465=ORIENTED_EDGE('',*,*,#5876,.F.);
#2466=ORIENTED_EDGE('',*,*,#5950,.F.);
#2467=CARTESIAN_POINT('',(1.355,0.585,0.235));
#2468=DIRECTION('',(1.0,-0.0,0.0));
#2469=DIRECTION('',(0.0,0.0,1.0));
#2470=ORIENTED_EDGE('',*,*,#5951,.T.);
#2471=ORIENTED_EDGE('',*,*,#5939,.F.);
#2472=ORIENTED_EDGE('',*,*,#5952,.F.);
#2473=ORIENTED_EDGE('',*,*,#5953,.F.);
#2474=ORIENTED_EDGE('',*,*,#5954,.T.);
#2475=ORIENTED_EDGE('',*,*,#5898,.F.);
#2476=CARTESIAN_POINT('',(1.355,0.585,0.235));
#2477=DIRECTION('',(1.0,-0.0,0.0));
#2478=DIRECTION('',(0.0,0.0,1.0));
#2479=ORIENTED_EDGE('',*,*,#5955,.F.);
#2480=ORIENTED_EDGE('',*,*,#5857,.T.);
#2481=ORIENTED_EDGE('',*,*,#5956,.T.);
#2482=ORIENTED_EDGE('',*,*,#5957,.T.);
#2483=ORIENTED_EDGE('',*,*,#5958,.F.);
#2484=ORIENTED_EDGE('',*,*,#5959,.F.);
#2485=CARTESIAN_POINT('',(1.355,-0.585,0.235));
#2486=DIRECTION('',(1.0,-0.0,0.0));
#2487=DIRECTION('',(0.0,0.0,1.0));
#2488=ORIENTED_EDGE('',*,*,#5861,.F.);
#2489=ORIENTED_EDGE('',*,*,#5960,.F.);
#2490=ORIENTED_EDGE('',*,*,#5961,.F.);
#2491=ORIENTED_EDGE('',*,*,#5962,.F.);
#2492=ORIENTED_EDGE('',*,*,#5933,.T.);
#2493=ORIENTED_EDGE('',*,*,#5963,.T.);
#2494=CARTESIAN_POINT('',(1.355,-0.585,0.235));
#2495=DIRECTION('',(1.0,-0.0,0.0));
#2496=DIRECTION('',(0.0,0.0,1.0));
#2497=ORIENTED_EDGE('',*,*,#5964,.F.);
#2498=ORIENTED_EDGE('',*,*,#5965,.T.);
#2499=ORIENTED_EDGE('',*,*,#5966,.F.);
#2500=ORIENTED_EDGE('',*,*,#5967,.F.);
#2501=CARTESIAN_POINT('',(1.355,-0.440000000000001,0.37));
#2502=DIRECTION('',(1.0,-0.0,0.0));
#2503=DIRECTION('',(0.0,0.0,1.0));
#2504=ORIENTED_EDGE('',*,*,#5968,.F.);
#2505=ORIENTED_EDGE('',*,*,#5969,.T.);
#2506=ORIENTED_EDGE('',*,*,#5970,.F.);
#2507=ORIENTED_EDGE('',*,*,#5971,.F.);
#2508=CARTESIAN_POINT('',(1.355,-0.440000000000001,0.37));
#2509=DIRECTION('',(1.0,-0.0,0.0));
#2510=DIRECTION('',(0.0,0.0,1.0));
#2511=ORIENTED_EDGE('',*,*,#5972,.F.);
#2512=ORIENTED_EDGE('',*,*,#5973,.T.);
#2513=ORIENTED_EDGE('',*,*,#5974,.F.);
#2514=ORIENTED_EDGE('',*,*,#5975,.F.);
#2515=CARTESIAN_POINT('',(1.355,-0.440000000000001,0.37));
#2516=DIRECTION('',(1.0,-0.0,0.0));
#2517=DIRECTION('',(0.0,0.0,1.0));
#2518=ORIENTED_EDGE('',*,*,#5976,.F.);
#2519=ORIENTED_EDGE('',*,*,#5977,.T.);
#2520=ORIENTED_EDGE('',*,*,#5978,.F.);
#2521=ORIENTED_EDGE('',*,*,#5979,.F.);
#2522=ORIENTED_EDGE('',*,*,#5980,.F.);
#2523=ORIENTED_EDGE('',*,*,#5981,.F.);
#2524=CARTESIAN_POINT('',(1.355,-0.440000000000001,0.37));
#2525=DIRECTION('',(1.0,-0.0,0.0));
#2526=DIRECTION('',(0.0,0.0,1.0));
#2527=ORIENTED_EDGE('',*,*,#5982,.F.);
#2528=ORIENTED_EDGE('',*,*,#5983,.T.);
#2529=ORIENTED_EDGE('',*,*,#5984,.F.);
#2530=ORIENTED_EDGE('',*,*,#5985,.F.);
#2531=CARTESIAN_POINT('',(1.355,0.440000000000001,0.37));
#2532=DIRECTION('',(1.0,-0.0,0.0));
#2533=DIRECTION('',(0.0,0.0,1.0));
#2534=ORIENTED_EDGE('',*,*,#5986,.F.);
#2535=ORIENTED_EDGE('',*,*,#5987,.F.);
#2536=ORIENTED_EDGE('',*,*,#5988,.T.);
#2537=ORIENTED_EDGE('',*,*,#5989,.F.);
#2538=CARTESIAN_POINT('',(1.355,0.440000000000001,0.37));
#2539=DIRECTION('',(1.0,-0.0,0.0));
#2540=DIRECTION('',(0.0,0.0,1.0));
#2541=ORIENTED_EDGE('',*,*,#5990,.F.);
#2542=ORIENTED_EDGE('',*,*,#5991,.F.);
#2543=ORIENTED_EDGE('',*,*,#5992,.T.);
#2544=ORIENTED_EDGE('',*,*,#5993,.F.);
#2545=CARTESIAN_POINT('',(1.355,0.440000000000001,0.37));
#2546=DIRECTION('',(1.0,-0.0,0.0));
#2547=DIRECTION('',(0.0,0.0,1.0));
#2548=ORIENTED_EDGE('',*,*,#5994,.F.);
#2549=ORIENTED_EDGE('',*,*,#5995,.F.);
#2550=ORIENTED_EDGE('',*,*,#5996,.T.);
#2551=ORIENTED_EDGE('',*,*,#5997,.F.);
#2552=CARTESIAN_POINT('',(1.355,0.440000000000001,0.37));
#2553=DIRECTION('',(1.0,-0.0,0.0));
#2554=DIRECTION('',(0.0,0.0,1.0));
#2555=ORIENTED_EDGE('',*,*,#5998,.F.);
#2556=ORIENTED_EDGE('',*,*,#5999,.F.);
#2557=ORIENTED_EDGE('',*,*,#6000,.T.);
#2558=ORIENTED_EDGE('',*,*,#6001,.F.);
#2559=CARTESIAN_POINT('',(1.355,-0.440000000000001,0.37));
#2560=DIRECTION('',(1.0,-0.0,0.0));
#2561=DIRECTION('',(0.0,0.0,1.0));
#2562=ORIENTED_EDGE('',*,*,#6002,.F.);
#2563=ORIENTED_EDGE('',*,*,#6003,.T.);
#2564=ORIENTED_EDGE('',*,*,#6004,.F.);
#2565=ORIENTED_EDGE('',*,*,#6005,.F.);
#2566=ORIENTED_EDGE('',*,*,#6006,.F.);
#2567=ORIENTED_EDGE('',*,*,#6007,.F.);
#2568=CARTESIAN_POINT('',(1.355,0.440000000000001,0.37));
#2569=DIRECTION('',(1.0,-0.0,0.0));
#2570=DIRECTION('',(0.0,0.0,1.0));
#2571=ORIENTED_EDGE('',*,*,#6008,.F.);
#2572=ORIENTED_EDGE('',*,*,#6009,.T.);
#2573=ORIENTED_EDGE('',*,*,#6010,.T.);
#2574=ORIENTED_EDGE('',*,*,#5880,.F.);
#2575=ORIENTED_EDGE('',*,*,#6011,.F.);
#2576=CARTESIAN_POINT('',(1.355,0.585,0.235));
#2577=DIRECTION('',(1.0,-0.0,0.0));
#2578=DIRECTION('',(0.0,0.0,1.0));
#2579=ORIENTED_EDGE('',*,*,#6012,.F.);
#2580=ORIENTED_EDGE('',*,*,#5860,.T.);
#2581=ORIENTED_EDGE('',*,*,#6013,.T.);
#2582=ORIENTED_EDGE('',*,*,#6014,.F.);
#2583=ORIENTED_EDGE('',*,*,#6015,.F.);
#2584=CARTESIAN_POINT('',(1.355,-0.585,0.235));
#2585=DIRECTION('',(1.0,-0.0,0.0));
#2586=DIRECTION('',(0.0,0.0,1.0));
#2587=ORIENTED_EDGE('',*,*,#6016,.F.);
#2588=ORIENTED_EDGE('',*,*,#6017,.F.);
#2589=ORIENTED_EDGE('',*,*,#6018,.F.);
#2590=ORIENTED_EDGE('',*,*,#6019,.F.);
#2591=ORIENTED_EDGE('',*,*,#6020,.F.);
#2592=ORIENTED_EDGE('',*,*,#6021,.F.);
#2593=ORIENTED_EDGE('',*,*,#6022,.F.);
#2594=ORIENTED_EDGE('',*,*,#6023,.F.);
#2595=ORIENTED_EDGE('',*,*,#6024,.F.);
#2596=ORIENTED_EDGE('',*,*,#6025,.T.);
#2597=ORIENTED_EDGE('',*,*,#6026,.T.);
#2598=ORIENTED_EDGE('',*,*,#6027,.T.);
#2599=ORIENTED_EDGE('',*,*,#6028,.T.);
#2600=ORIENTED_EDGE('',*,*,#6029,.T.);
#2601=ORIENTED_EDGE('',*,*,#6030,.F.);
#2602=ORIENTED_EDGE('',*,*,#6031,.F.);
#2603=CARTESIAN_POINT('',(-1.275,0.0,0.0));
#2604=DIRECTION('',(1.0,0.0,0.0));
#2605=DIRECTION('',(0.0,1.0,0.0));
#2606=ORIENTED_EDGE('',*,*,#5923,.T.);
#2607=ORIENTED_EDGE('',*,*,#6032,.F.);
#2608=ORIENTED_EDGE('',*,*,#6033,.T.);
#2609=ORIENTED_EDGE('',*,*,#6034,.T.);
#2610=ORIENTED_EDGE('',*,*,#5824,.T.);
#2611=ORIENTED_EDGE('',*,*,#6035,.F.);
#2612=ORIENTED_EDGE('',*,*,#6036,.T.);
#2613=ORIENTED_EDGE('',*,*,#6037,.T.);
#2614=ORIENTED_EDGE('',*,*,#5827,.T.);
#2615=ORIENTED_EDGE('',*,*,#6038,.F.);
#2616=ORIENTED_EDGE('',*,*,#6039,.T.);
#2617=ORIENTED_EDGE('',*,*,#6040,.T.);
#2618=ORIENTED_EDGE('',*,*,#5830,.T.);
#2619=ORIENTED_EDGE('',*,*,#6041,.T.);
#2620=ORIENTED_EDGE('',*,*,#6042,.T.);
#2621=ORIENTED_EDGE('',*,*,#6043,.T.);
#2622=ORIENTED_EDGE('',*,*,#6044,.F.);
#2623=ORIENTED_EDGE('',*,*,#6045,.F.);
#2624=ORIENTED_EDGE('',*,*,#6046,.T.);
#2625=ORIENTED_EDGE('',*,*,#6047,.F.);
#2626=ORIENTED_EDGE('',*,*,#6048,.T.);
#2627=ORIENTED_EDGE('',*,*,#6049,.F.);
#2628=ORIENTED_EDGE('',*,*,#6050,.F.);
#2629=ORIENTED_EDGE('',*,*,#6051,.F.);
#2630=ORIENTED_EDGE('',*,*,#6052,.F.);
#2631=ORIENTED_EDGE('',*,*,#6053,.F.);
#2632=ORIENTED_EDGE('',*,*,#6054,.T.);
#2633=ORIENTED_EDGE('',*,*,#6055,.F.);
#2634=ORIENTED_EDGE('',*,*,#6056,.F.);
#2635=ORIENTED_EDGE('',*,*,#6057,.T.);
#2636=ORIENTED_EDGE('',*,*,#6058,.F.);
#2637=ORIENTED_EDGE('',*,*,#6059,.F.);
#2638=ORIENTED_EDGE('',*,*,#6060,.F.);
#2639=ORIENTED_EDGE('',*,*,#6061,.T.);
#2640=ORIENTED_EDGE('',*,*,#5838,.F.);
#2641=ORIENTED_EDGE('',*,*,#6062,.T.);
#2642=ORIENTED_EDGE('',*,*,#6063,.F.);
#2643=ORIENTED_EDGE('',*,*,#6064,.F.);
#2644=ORIENTED_EDGE('',*,*,#5835,.F.);
#2645=ORIENTED_EDGE('',*,*,#6065,.T.);
#2646=ORIENTED_EDGE('',*,*,#6066,.F.);
#2647=ORIENTED_EDGE('',*,*,#6067,.F.);
#2648=ORIENTED_EDGE('',*,*,#5832,.F.);
#2649=ORIENTED_EDGE('',*,*,#6068,.T.);
#2650=ORIENTED_EDGE('',*,*,#6069,.F.);
#2651=ORIENTED_EDGE('',*,*,#6070,.F.);
#2652=ORIENTED_EDGE('',*,*,#5925,.F.);
#2653=ORIENTED_EDGE('',*,*,#6071,.T.);
#2654=ORIENTED_EDGE('',*,*,#6072,.F.);
#2655=ORIENTED_EDGE('',*,*,#6073,.F.);
#2656=ORIENTED_EDGE('',*,*,#6074,.F.);
#2657=ORIENTED_EDGE('',*,*,#6075,.F.);
#2658=ORIENTED_EDGE('',*,*,#6076,.T.);
#2659=ORIENTED_EDGE('',*,*,#6077,.T.);
#2660=ORIENTED_EDGE('',*,*,#6078,.T.);
#2661=ORIENTED_EDGE('',*,*,#6079,.F.);
#2662=ORIENTED_EDGE('',*,*,#6080,.T.);
#2663=ORIENTED_EDGE('',*,*,#6081,.T.);
#2664=ORIENTED_EDGE('',*,*,#6082,.F.);
#2665=ORIENTED_EDGE('',*,*,#6083,.F.);
#2666=ORIENTED_EDGE('',*,*,#6084,.F.);
#2667=ORIENTED_EDGE('',*,*,#6085,.F.);
#2668=ORIENTED_EDGE('',*,*,#6086,.F.);
#2669=ORIENTED_EDGE('',*,*,#6087,.F.);
#2670=ORIENTED_EDGE('',*,*,#6088,.F.);
#2671=ORIENTED_EDGE('',*,*,#6089,.T.);
#2672=ORIENTED_EDGE('',*,*,#6090,.F.);
#2673=ORIENTED_EDGE('',*,*,#6091,.T.);
#2674=ORIENTED_EDGE('',*,*,#6092,.T.);
#2675=ORIENTED_EDGE('',*,*,#6093,.F.);
#2676=ORIENTED_EDGE('',*,*,#6094,.F.);
#2677=ORIENTED_EDGE('',*,*,#6095,.F.);
#2678=ORIENTED_EDGE('',*,*,#6096,.T.);
#2679=ORIENTED_EDGE('',*,*,#6097,.F.);
#2680=ORIENTED_EDGE('',*,*,#6098,.T.);
#2681=ORIENTED_EDGE('',*,*,#6099,.T.);
#2682=CARTESIAN_POINT('',(1.355,-0.590000000000001,0.0));
#2683=DIRECTION('',(0.0,-3.93251544149862E-16,1.0));
#2684=DIRECTION('',(0.0,-1.0,-3.93251544149862E-16));
#2685=ORIENTED_EDGE('',*,*,#6100,.F.);
#2686=ORIENTED_EDGE('',*,*,#6101,.F.);
#2687=ORIENTED_EDGE('',*,*,#6102,.T.);
#2688=ORIENTED_EDGE('',*,*,#6103,.F.);
#2689=ORIENTED_EDGE('',*,*,#6104,.F.);
#2690=ORIENTED_EDGE('',*,*,#6105,.T.);
#2691=ORIENTED_EDGE('',*,*,#6106,.F.);
#2692=ORIENTED_EDGE('',*,*,#6107,.F.);
#2693=CARTESIAN_POINT('',(-0.785,-0.61,0.44));
#2694=DIRECTION('',(0.0,-1.0,0.0));
#2695=DIRECTION('',(0.0,0.0,-1.0));
#2696=ORIENTED_EDGE('',*,*,#6056,.T.);
#2697=ORIENTED_EDGE('',*,*,#6108,.F.);
#2698=ORIENTED_EDGE('',*,*,#6109,.F.);
#2699=ORIENTED_EDGE('',*,*,#6024,.T.);
#2700=ORIENTED_EDGE('',*,*,#6110,.F.);
#2701=ORIENTED_EDGE('',*,*,#6111,.T.);
#2702=ORIENTED_EDGE('',*,*,#6112,.F.);
#2703=ORIENTED_EDGE('',*,*,#6113,.F.);
#2704=CARTESIAN_POINT('',(-0.765,0.54,0.38));
#2705=DIRECTION('',(-0.0,1.0,0.0));
#2706=DIRECTION('',(1.0,0.0,0.0));
#2707=ORIENTED_EDGE('',*,*,#6114,.T.);
#2708=ORIENTED_EDGE('',*,*,#6115,.F.);
#2709=ORIENTED_EDGE('',*,*,#6046,.F.);
#2710=ORIENTED_EDGE('',*,*,#6116,.T.);
#2711=ORIENTED_EDGE('',*,*,#6117,.T.);
#2712=ORIENTED_EDGE('',*,*,#6118,.T.);
#2713=ORIENTED_EDGE('',*,*,#6119,.T.);
#2714=ORIENTED_EDGE('',*,*,#6030,.T.);
#2715=CARTESIAN_POINT('',(-0.765,-0.54,-5.55111512312578E-17));
#2716=DIRECTION('',(0.0,-1.0,-5.70632722360792E-16));
#2717=DIRECTION('',(0.0,5.70632722360792E-16,-1.0));
#2718=ORIENTED_EDGE('',*,*,#6120,.T.);
#2719=ORIENTED_EDGE('',*,*,#6121,.T.);
#2720=ORIENTED_EDGE('',*,*,#6042,.F.);
#2721=ORIENTED_EDGE('',*,*,#6122,.F.);
#2722=ORIENTED_EDGE('',*,*,#6123,.T.);
#2723=ORIENTED_EDGE('',*,*,#6124,.T.);
#2724=CARTESIAN_POINT('',(-0.765,-0.54,-5.55111512312578E-17));
#2725=DIRECTION('',(0.0,-1.0,-5.70632722360792E-16));
#2726=DIRECTION('',(0.0,5.70632722360792E-16,-1.0));
#2727=ORIENTED_EDGE('',*,*,#6125,.T.);
#2728=ORIENTED_EDGE('',*,*,#5980,.T.);
#2729=ORIENTED_EDGE('',*,*,#6126,.T.);
#2730=ORIENTED_EDGE('',*,*,#6127,.T.);
#2731=ORIENTED_EDGE('',*,*,#6123,.F.);
#2732=CARTESIAN_POINT('',(1.355,0.350000000000001,0.38));
#2733=DIRECTION('',(0.0,0.0,-1.0));
#2734=DIRECTION('',(0.0,-1.0,0.0));
#2735=ORIENTED_EDGE('',*,*,#6119,.F.);
#2736=ORIENTED_EDGE('',*,*,#6128,.T.);
#2737=ORIENTED_EDGE('',*,*,#6129,.T.);
#2738=ORIENTED_EDGE('',*,*,#6130,.T.);
#2739=ORIENTED_EDGE('',*,*,#6031,.T.);
#2740=CARTESIAN_POINT('',(1.355,0.350000000000001,0.38));
#2741=DIRECTION('',(0.0,0.0,-1.0));
#2742=DIRECTION('',(0.0,-1.0,0.0));
#2743=ORIENTED_EDGE('',*,*,#6023,.T.);
#2744=ORIENTED_EDGE('',*,*,#6131,.T.);
#2745=ORIENTED_EDGE('',*,*,#6132,.T.);
#2746=ORIENTED_EDGE('',*,*,#6133,.T.);
#2747=ORIENTED_EDGE('',*,*,#6110,.T.);
#2748=CARTESIAN_POINT('',(1.355,0.350000000000001,0.38));
#2749=DIRECTION('',(0.0,0.0,-1.0));
#2750=DIRECTION('',(0.0,-1.0,0.0));
#2751=ORIENTED_EDGE('',*,*,#6134,.T.);
#2752=ORIENTED_EDGE('',*,*,#6135,.T.);
#2753=ORIENTED_EDGE('',*,*,#6136,.T.);
#2754=ORIENTED_EDGE('',*,*,#6137,.T.);
#2755=ORIENTED_EDGE('',*,*,#6138,.T.);
#2756=CARTESIAN_POINT('',(1.355,0.350000000000001,0.38));
#2757=DIRECTION('',(0.0,0.0,-1.0));
#2758=DIRECTION('',(0.0,-1.0,0.0));
#2759=ORIENTED_EDGE('',*,*,#6139,.T.);
#2760=ORIENTED_EDGE('',*,*,#6140,.T.);
#2761=ORIENTED_EDGE('',*,*,#6134,.F.);
#2762=ORIENTED_EDGE('',*,*,#6141,.F.);
#2763=ORIENTED_EDGE('',*,*,#6142,.T.);
#2764=ORIENTED_EDGE('',*,*,#6143,.F.);
#2765=CARTESIAN_POINT('',(-0.785000000000001,0.4,0.28));
#2766=DIRECTION('',(-1.0,0.0,0.0));
#2767=DIRECTION('',(0.0,0.0,1.0));
#2768=ORIENTED_EDGE('',*,*,#6144,.T.);
#2769=ORIENTED_EDGE('',*,*,#6145,.T.);
#2770=ORIENTED_EDGE('',*,*,#6054,.F.);
#2771=ORIENTED_EDGE('',*,*,#6146,.F.);
#2772=ORIENTED_EDGE('',*,*,#6147,.F.);
#2773=ORIENTED_EDGE('',*,*,#6148,.T.);
#2774=CARTESIAN_POINT('',(-1.355,0.585,0.235));
#2775=DIRECTION('',(1.0,0.0,0.0));
#2776=DIRECTION('',(0.0,1.0,0.0));
#2777=ORIENTED_EDGE('',*,*,#6149,.T.);
#2778=ORIENTED_EDGE('',*,*,#6150,.T.);
#2779=ORIENTED_EDGE('',*,*,#6027,.F.);
#2780=ORIENTED_EDGE('',*,*,#6151,.T.);
#2781=ORIENTED_EDGE('',*,*,#6147,.T.);
#2782=ORIENTED_EDGE('',*,*,#6152,.F.);
#2783=ORIENTED_EDGE('',*,*,#6153,.F.);
#2784=ORIENTED_EDGE('',*,*,#6154,.F.);
#2785=ORIENTED_EDGE('',*,*,#6155,.F.);
#2786=ORIENTED_EDGE('',*,*,#6156,.F.);
#2787=CARTESIAN_POINT('',(-1.105,0.0999999999999999,0.0500000000000001));
#2788=DIRECTION('',(0.0,0.0,-1.0));
#2789=DIRECTION('',(0.0,-1.0,0.0));
#2790=ORIENTED_EDGE('',*,*,#6157,.F.);
#2791=ORIENTED_EDGE('',*,*,#6158,.T.);
#2792=ORIENTED_EDGE('',*,*,#6137,.F.);
#2793=ORIENTED_EDGE('',*,*,#6159,.F.);
#2794=ORIENTED_EDGE('',*,*,#6060,.T.);
#2795=ORIENTED_EDGE('',*,*,#6160,.F.);
#2796=CARTESIAN_POINT('',(-0.765,0.54,0.38));
#2797=DIRECTION('',(-0.0,1.0,0.0));
#2798=DIRECTION('',(1.0,0.0,0.0));
#2799=ORIENTED_EDGE('',*,*,#5984,.T.);
#2800=ORIENTED_EDGE('',*,*,#6161,.F.);
#2801=ORIENTED_EDGE('',*,*,#6162,.T.);
#2802=ORIENTED_EDGE('',*,*,#6163,.T.);
#2803=ORIENTED_EDGE('',*,*,#5989,.T.);
#2804=ORIENTED_EDGE('',*,*,#6164,.F.);
#2805=ORIENTED_EDGE('',*,*,#6165,.T.);
#2806=ORIENTED_EDGE('',*,*,#6166,.T.);
#2807=ORIENTED_EDGE('',*,*,#5993,.T.);
#2808=ORIENTED_EDGE('',*,*,#6167,.F.);
#2809=ORIENTED_EDGE('',*,*,#6168,.T.);
#2810=ORIENTED_EDGE('',*,*,#6169,.T.);
#2811=ORIENTED_EDGE('',*,*,#5997,.T.);
#2812=ORIENTED_EDGE('',*,*,#6170,.F.);
#2813=ORIENTED_EDGE('',*,*,#6171,.T.);
#2814=ORIENTED_EDGE('',*,*,#6172,.T.);
#2815=ORIENTED_EDGE('',*,*,#6173,.T.);
#2816=ORIENTED_EDGE('',*,*,#6139,.F.);
#2817=ORIENTED_EDGE('',*,*,#6174,.T.);
#2818=ORIENTED_EDGE('',*,*,#6175,.T.);
#2819=ORIENTED_EDGE('',*,*,#6176,.F.);
#2820=ORIENTED_EDGE('',*,*,#6177,.F.);
#2821=ORIENTED_EDGE('',*,*,#6178,.T.);
#2822=ORIENTED_EDGE('',*,*,#6179,.T.);
#2823=ORIENTED_EDGE('',*,*,#6180,.F.);
#2824=ORIENTED_EDGE('',*,*,#6181,.F.);
#2825=ORIENTED_EDGE('',*,*,#6182,.F.);
#2826=ORIENTED_EDGE('',*,*,#6183,.T.);
#2827=ORIENTED_EDGE('',*,*,#6004,.T.);
#2828=ORIENTED_EDGE('',*,*,#6184,.F.);
#2829=ORIENTED_EDGE('',*,*,#6185,.T.);
#2830=ORIENTED_EDGE('',*,*,#6186,.T.);
#2831=CARTESIAN_POINT('',(1.355,0.350000000000001,0.46));
#2832=DIRECTION('',(-0.0,1.0,0.0));
#2833=DIRECTION('',(1.0,0.0,0.0));
#2834=ORIENTED_EDGE('',*,*,#5966,.T.);
#2835=ORIENTED_EDGE('',*,*,#6187,.T.);
#2836=ORIENTED_EDGE('',*,*,#6188,.F.);
#2837=ORIENTED_EDGE('',*,*,#6189,.F.);
#2838=ORIENTED_EDGE('',*,*,#6001,.T.);
#2839=ORIENTED_EDGE('',*,*,#6190,.T.);
#2840=ORIENTED_EDGE('',*,*,#6191,.F.);
#2841=ORIENTED_EDGE('',*,*,#6192,.F.);
#2842=ORIENTED_EDGE('',*,*,#6193,.T.);
#2843=ORIENTED_EDGE('',*,*,#6194,.F.);
#2844=ORIENTED_EDGE('',*,*,#6195,.F.);
#2845=ORIENTED_EDGE('',*,*,#6196,.T.);
#2846=ORIENTED_EDGE('',*,*,#6197,.T.);
#2847=ORIENTED_EDGE('',*,*,#6198,.F.);
#2848=ORIENTED_EDGE('',*,*,#6199,.T.);
#2849=ORIENTED_EDGE('',*,*,#6200,.T.);
#2850=ORIENTED_EDGE('',*,*,#6201,.T.);
#2851=ORIENTED_EDGE('',*,*,#6202,.F.);
#2852=ORIENTED_EDGE('',*,*,#6203,.T.);
#2853=ORIENTED_EDGE('',*,*,#6204,.T.);
#2854=ORIENTED_EDGE('',*,*,#5978,.T.);
#2855=ORIENTED_EDGE('',*,*,#6205,.T.);
#2856=ORIENTED_EDGE('',*,*,#6206,.F.);
#2857=ORIENTED_EDGE('',*,*,#6207,.F.);
#2858=ORIENTED_EDGE('',*,*,#5974,.T.);
#2859=ORIENTED_EDGE('',*,*,#6208,.T.);
#2860=ORIENTED_EDGE('',*,*,#6209,.F.);
#2861=ORIENTED_EDGE('',*,*,#6210,.F.);
#2862=ORIENTED_EDGE('',*,*,#5970,.T.);
#2863=ORIENTED_EDGE('',*,*,#6211,.T.);
#2864=ORIENTED_EDGE('',*,*,#6212,.F.);
#2865=ORIENTED_EDGE('',*,*,#6213,.F.);
#2866=CARTESIAN_POINT('',(1.355,-0.350000000000001,0.38));
#2867=DIRECTION('',(0.0,-1.0,-6.7762635780344E-16));
#2868=DIRECTION('',(0.0,6.7762635780344E-16,-1.0));
#2869=ORIENTED_EDGE('',*,*,#5960,.T.);
#2870=ORIENTED_EDGE('',*,*,#5864,.T.);
#2871=ORIENTED_EDGE('',*,*,#5870,.F.);
#2872=ORIENTED_EDGE('',*,*,#6214,.F.);
#2873=ORIENTED_EDGE('',*,*,#5958,.T.);
#2874=ORIENTED_EDGE('',*,*,#6215,.T.);
#2875=ORIENTED_EDGE('',*,*,#6216,.F.);
#2876=ORIENTED_EDGE('',*,*,#6217,.F.);
#2877=ORIENTED_EDGE('',*,*,#6014,.T.);
#2878=ORIENTED_EDGE('',*,*,#6218,.T.);
#2879=ORIENTED_EDGE('',*,*,#5790,.F.);
#2880=ORIENTED_EDGE('',*,*,#6219,.F.);
#2881=ORIENTED_EDGE('',*,*,#6220,.F.);
#2882=ORIENTED_EDGE('',*,*,#6221,.F.);
#2883=ORIENTED_EDGE('',*,*,#5784,.F.);
#2884=ORIENTED_EDGE('',*,*,#6222,.F.);
#2885=ORIENTED_EDGE('',*,*,#6223,.F.);
#2886=ORIENTED_EDGE('',*,*,#6224,.F.);
#2887=ORIENTED_EDGE('',*,*,#5778,.F.);
#2888=ORIENTED_EDGE('',*,*,#6225,.F.);
#2889=ORIENTED_EDGE('',*,*,#6226,.F.);
#2890=ORIENTED_EDGE('',*,*,#6227,.F.);
#2891=ORIENTED_EDGE('',*,*,#5910,.F.);
#2892=ORIENTED_EDGE('',*,*,#6228,.F.);
#2893=ORIENTED_EDGE('',*,*,#6229,.F.);
#2894=ORIENTED_EDGE('',*,*,#6230,.F.);
#2895=ORIENTED_EDGE('',*,*,#6231,.F.);
#2896=ORIENTED_EDGE('',*,*,#6232,.F.);
#2897=ORIENTED_EDGE('',*,*,#6233,.T.);
#2898=ORIENTED_EDGE('',*,*,#6234,.T.);
#2899=ORIENTED_EDGE('',*,*,#5938,.T.);
#2900=ORIENTED_EDGE('',*,*,#6235,.F.);
#2901=CARTESIAN_POINT('',(1.355,-0.63,0.235));
#2902=DIRECTION('',(0.0,1.0,-9.6373526443156E-15));
#2903=DIRECTION('',(0.0,-9.6373526443156E-15,-1.0));
#2904=ORIENTED_EDGE('',*,*,#5947,.F.);
#2905=ORIENTED_EDGE('',*,*,#6236,.T.);
#2906=ORIENTED_EDGE('',*,*,#5902,.F.);
#2907=ORIENTED_EDGE('',*,*,#5899,.F.);
#2908=ORIENTED_EDGE('',*,*,#5954,.F.);
#2909=ORIENTED_EDGE('',*,*,#6237,.F.);
#2910=ORIENTED_EDGE('',*,*,#6238,.F.);
#2911=ORIENTED_EDGE('',*,*,#6239,.T.);
#2912=ORIENTED_EDGE('',*,*,#6240,.F.);
#2913=ORIENTED_EDGE('',*,*,#6241,.F.);
#2914=ORIENTED_EDGE('',*,*,#6242,.T.);
#2915=ORIENTED_EDGE('',*,*,#6243,.T.);
#2916=ORIENTED_EDGE('',*,*,#5906,.T.);
#2917=ORIENTED_EDGE('',*,*,#6244,.T.);
#2918=ORIENTED_EDGE('',*,*,#5918,.T.);
#2919=ORIENTED_EDGE('',*,*,#6245,.T.);
#2920=ORIENTED_EDGE('',*,*,#5818,.T.);
#2921=ORIENTED_EDGE('',*,*,#6246,.T.);
#2922=ORIENTED_EDGE('',*,*,#5793,.T.);
#2923=ORIENTED_EDGE('',*,*,#6247,.T.);
#2924=ORIENTED_EDGE('',*,*,#5814,.T.);
#2925=ORIENTED_EDGE('',*,*,#6248,.T.);
#2926=ORIENTED_EDGE('',*,*,#5799,.T.);
#2927=ORIENTED_EDGE('',*,*,#6249,.T.);
#2928=ORIENTED_EDGE('',*,*,#5810,.T.);
#2929=ORIENTED_EDGE('',*,*,#6250,.T.);
#2930=ORIENTED_EDGE('',*,*,#5805,.T.);
#2931=ORIENTED_EDGE('',*,*,#6251,.T.);
#2932=ORIENTED_EDGE('',*,*,#6009,.F.);
#2933=ORIENTED_EDGE('',*,*,#6252,.F.);
#2934=ORIENTED_EDGE('',*,*,#5894,.T.);
#2935=ORIENTED_EDGE('',*,*,#6253,.T.);
#2936=CARTESIAN_POINT('',(1.355,0.630000000000001,0.1));
#2937=DIRECTION('',(0.0,-1.0,-9.6373526443156E-15));
#2938=DIRECTION('',(0.0,9.6373526443156E-15,-1.0));
#2939=ORIENTED_EDGE('',*,*,#6254,.T.);
#2940=ORIENTED_EDGE('',*,*,#6255,.T.);
#2941=ORIENTED_EDGE('',*,*,#6256,.T.);
#2942=ORIENTED_EDGE('',*,*,#6257,.T.);
#2943=ORIENTED_EDGE('',*,*,#6258,.F.);
#2944=ORIENTED_EDGE('',*,*,#6259,.F.);
#2945=ORIENTED_EDGE('',*,*,#6260,.F.);
#2946=ORIENTED_EDGE('',*,*,#6261,.F.);
#2947=ORIENTED_EDGE('',*,*,#6262,.F.);
#2948=ORIENTED_EDGE('',*,*,#6263,.T.);
#2949=ORIENTED_EDGE('',*,*,#6264,.T.);
#2950=ORIENTED_EDGE('',*,*,#6265,.T.);
#2951=ORIENTED_EDGE('',*,*,#6266,.T.);
#2952=ORIENTED_EDGE('',*,*,#6267,.T.);
#2953=ORIENTED_EDGE('',*,*,#6268,.T.);
#2954=ORIENTED_EDGE('',*,*,#6269,.T.);
#2955=CARTESIAN_POINT('',(1.275,0.0,0.0));
#2956=DIRECTION('',(1.0,0.0,0.0));
#2957=DIRECTION('',(0.0,1.0,0.0));
#2958=ORIENTED_EDGE('',*,*,#6270,.F.);
#2959=ORIENTED_EDGE('',*,*,#6271,.T.);
#2960=ORIENTED_EDGE('',*,*,#6272,.T.);
#2961=ORIENTED_EDGE('',*,*,#6273,.T.);
#2962=ORIENTED_EDGE('',*,*,#6274,.T.);
#2963=ORIENTED_EDGE('',*,*,#6275,.F.);
#2964=ORIENTED_EDGE('',*,*,#6276,.T.);
#2965=ORIENTED_EDGE('',*,*,#6277,.T.);
#2966=CARTESIAN_POINT('',(0.785,-0.61,0.44));
#2967=DIRECTION('',(-0.0,1.0,0.0));
#2968=DIRECTION('',(1.0,0.0,0.0));
#2969=ORIENTED_EDGE('',*,*,#6278,.F.);
#2970=ORIENTED_EDGE('',*,*,#6279,.T.);
#2971=ORIENTED_EDGE('',*,*,#6280,.T.);
#2972=ORIENTED_EDGE('',*,*,#6076,.F.);
#2973=ORIENTED_EDGE('',*,*,#6281,.T.);
#2974=ORIENTED_EDGE('',*,*,#6282,.T.);
#2975=CARTESIAN_POINT('',(0.765,0.54,0.38));
#2976=DIRECTION('',(0.0,-1.0,0.0));
#2977=DIRECTION('',(0.0,0.0,-1.0));
#2978=ORIENTED_EDGE('',*,*,#6090,.T.);
#2979=ORIENTED_EDGE('',*,*,#6283,.T.);
#2980=ORIENTED_EDGE('',*,*,#6284,.F.);
#2981=ORIENTED_EDGE('',*,*,#6257,.F.);
#2982=ORIENTED_EDGE('',*,*,#6285,.F.);
#2983=ORIENTED_EDGE('',*,*,#6286,.F.);
#2984=ORIENTED_EDGE('',*,*,#6287,.F.);
#2985=ORIENTED_EDGE('',*,*,#6288,.F.);
#2986=CARTESIAN_POINT('',(0.765,-0.54,0.0));
#2987=DIRECTION('',(0.0,1.0,5.70632722360792E-16));
#2988=DIRECTION('',(0.0,5.70632722360792E-16,-1.0));
#2989=ORIENTED_EDGE('',*,*,#6289,.F.);
#2990=ORIENTED_EDGE('',*,*,#6290,.F.);
#2991=ORIENTED_EDGE('',*,*,#6291,.F.);
#2992=ORIENTED_EDGE('',*,*,#6292,.T.);
#2993=ORIENTED_EDGE('',*,*,#6094,.T.);
#2994=ORIENTED_EDGE('',*,*,#6293,.F.);
#2995=CARTESIAN_POINT('',(0.765,-0.54,0.0));
#2996=DIRECTION('',(0.0,1.0,5.70632722360792E-16));
#2997=DIRECTION('',(0.0,5.70632722360792E-16,-1.0));
#2998=ORIENTED_EDGE('',*,*,#6294,.F.);
#2999=ORIENTED_EDGE('',*,*,#6295,.T.);
#3000=ORIENTED_EDGE('',*,*,#6296,.F.);
#3001=ORIENTED_EDGE('',*,*,#6291,.T.);
#3002=ORIENTED_EDGE('',*,*,#6297,.F.);
#3003=CARTESIAN_POINT('',(1.355,0.350000000000001,0.38));
#3004=DIRECTION('',(0.0,0.0,-1.0));
#3005=DIRECTION('',(0.0,-1.0,0.0));
#3006=ORIENTED_EDGE('',*,*,#6298,.F.);
#3007=ORIENTED_EDGE('',*,*,#6285,.T.);
#3008=ORIENTED_EDGE('',*,*,#6256,.F.);
#3009=ORIENTED_EDGE('',*,*,#6299,.F.);
#3010=ORIENTED_EDGE('',*,*,#6300,.F.);
#3011=CARTESIAN_POINT('',(1.355,0.350000000000001,0.38));
#3012=DIRECTION('',(0.0,0.0,-1.0));
#3013=DIRECTION('',(0.0,-1.0,0.0));
#3014=ORIENTED_EDGE('',*,*,#6301,.F.);
#3015=ORIENTED_EDGE('',*,*,#6264,.F.);
#3016=ORIENTED_EDGE('',*,*,#6302,.F.);
#3017=ORIENTED_EDGE('',*,*,#6303,.F.);
#3018=ORIENTED_EDGE('',*,*,#6304,.F.);
#3019=CARTESIAN_POINT('',(1.355,0.350000000000001,0.38));
#3020=DIRECTION('',(0.0,0.0,-1.0));
#3021=DIRECTION('',(0.0,-1.0,0.0));
#3022=ORIENTED_EDGE('',*,*,#6305,.F.);
#3023=ORIENTED_EDGE('',*,*,#6006,.T.);
#3024=ORIENTED_EDGE('',*,*,#6306,.F.);
#3025=ORIENTED_EDGE('',*,*,#6307,.F.);
#3026=ORIENTED_EDGE('',*,*,#6282,.F.);
#3027=CARTESIAN_POINT('',(1.355,0.350000000000001,0.38));
#3028=DIRECTION('',(0.0,0.0,-1.0));
#3029=DIRECTION('',(0.0,-1.0,0.0));
#3030=ORIENTED_EDGE('',*,*,#6308,.F.);
#3031=ORIENTED_EDGE('',*,*,#6309,.F.);
#3032=ORIENTED_EDGE('',*,*,#6310,.F.);
#3033=ORIENTED_EDGE('',*,*,#6180,.T.);
#3034=ORIENTED_EDGE('',*,*,#6311,.F.);
#3035=ORIENTED_EDGE('',*,*,#6197,.F.);
#3036=ORIENTED_EDGE('',*,*,#6312,.F.);
#3037=ORIENTED_EDGE('',*,*,#6313,.F.);
#3038=ORIENTED_EDGE('',*,*,#6314,.F.);
#3039=ORIENTED_EDGE('',*,*,#6315,.F.);
#3040=ORIENTED_EDGE('',*,*,#6316,.F.);
#3041=ORIENTED_EDGE('',*,*,#6317,.F.);
#3042=ORIENTED_EDGE('',*,*,#6318,.F.);
#3043=ORIENTED_EDGE('',*,*,#6319,.F.);
#3044=ORIENTED_EDGE('',*,*,#6320,.F.);
#3045=ORIENTED_EDGE('',*,*,#6321,.F.);
#3046=CARTESIAN_POINT('',(1.355,0.350000000000001,0.38));
#3047=DIRECTION('',(0.0,0.0,-1.0));
#3048=DIRECTION('',(0.0,-1.0,0.0));
#3049=ORIENTED_EDGE('',*,*,#6322,.T.);
#3050=ORIENTED_EDGE('',*,*,#6323,.T.);
#3051=ORIENTED_EDGE('',*,*,#6080,.F.);
#3052=ORIENTED_EDGE('',*,*,#6324,.T.);
#3053=ORIENTED_EDGE('',*,*,#6325,.T.);
#3054=ORIENTED_EDGE('',*,*,#6326,.F.);
#3055=ORIENTED_EDGE('',*,*,#6302,.T.);
#3056=ORIENTED_EDGE('',*,*,#6263,.F.);
#3057=CARTESIAN_POINT('',(0.765,0.54,0.38));
#3058=DIRECTION('',(0.0,-1.0,0.0));
#3059=DIRECTION('',(0.0,0.0,-1.0));
#3060=ORIENTED_EDGE('',*,*,#6327,.F.);
#3061=ORIENTED_EDGE('',*,*,#6313,.T.);
#3062=ORIENTED_EDGE('',*,*,#6328,.T.);
#3063=ORIENTED_EDGE('',*,*,#6329,.T.);
#3064=CARTESIAN_POINT('',(0.785000000000001,-0.4,0.28));
#3065=DIRECTION('',(0.0,-1.0,0.0));
#3066=DIRECTION('',(0.0,0.0,-1.0));
#3067=ORIENTED_EDGE('',*,*,#6306,.T.);
#3068=ORIENTED_EDGE('',*,*,#6005,.T.);
#3069=ORIENTED_EDGE('',*,*,#6183,.F.);
#3070=ORIENTED_EDGE('',*,*,#6330,.T.);
#3071=ORIENTED_EDGE('',*,*,#6331,.F.);
#3072=ORIENTED_EDGE('',*,*,#6332,.T.);
#3073=CARTESIAN_POINT('',(0.785000000000001,0.4,0.28));
#3074=DIRECTION('',(-1.0,0.0,0.0));
#3075=DIRECTION('',(0.0,0.0,1.0));
#3076=ORIENTED_EDGE('',*,*,#6333,.F.);
#3077=ORIENTED_EDGE('',*,*,#6334,.T.);
#3078=ORIENTED_EDGE('',*,*,#6335,.F.);
#3079=ORIENTED_EDGE('',*,*,#6309,.T.);
#3080=CARTESIAN_POINT('',(0.96,0.4,0.28));
#3081=DIRECTION('',(-0.0,1.0,0.0));
#3082=DIRECTION('',(1.0,0.0,0.0));
#3083=ORIENTED_EDGE('',*,*,#6336,.F.);
#3084=ORIENTED_EDGE('',*,*,#6337,.T.);
#3085=ORIENTED_EDGE('',*,*,#6088,.T.);
#3086=ORIENTED_EDGE('',*,*,#6338,.F.);
#3087=ORIENTED_EDGE('',*,*,#6339,.F.);
#3088=ORIENTED_EDGE('',*,*,#6340,.F.);
#3089=CARTESIAN_POINT('',(1.355,0.585,0.235));
#3090=DIRECTION('',(1.0,0.0,0.0));
#3091=DIRECTION('',(0.0,1.0,0.0));
#3092=ORIENTED_EDGE('',*,*,#6341,.F.);
#3093=ORIENTED_EDGE('',*,*,#5982,.T.);
#3094=ORIENTED_EDGE('',*,*,#6342,.T.);
#3095=ORIENTED_EDGE('',*,*,#6343,.F.);
#3096=ORIENTED_EDGE('',*,*,#6344,.F.);
#3097=ORIENTED_EDGE('',*,*,#6002,.T.);
#3098=ORIENTED_EDGE('',*,*,#6345,.F.);
#3099=ORIENTED_EDGE('',*,*,#6346,.T.);
#3100=ORIENTED_EDGE('',*,*,#6347,.T.);
#3101=ORIENTED_EDGE('',*,*,#6348,.T.);
#3102=ORIENTED_EDGE('',*,*,#6349,.T.);
#3103=ORIENTED_EDGE('',*,*,#6350,.F.);
#3104=ORIENTED_EDGE('',*,*,#6351,.F.);
#3105=ORIENTED_EDGE('',*,*,#5995,.T.);
#3106=ORIENTED_EDGE('',*,*,#6352,.T.);
#3107=ORIENTED_EDGE('',*,*,#6353,.F.);
#3108=ORIENTED_EDGE('',*,*,#6354,.F.);
#3109=ORIENTED_EDGE('',*,*,#5991,.T.);
#3110=ORIENTED_EDGE('',*,*,#6355,.T.);
#3111=ORIENTED_EDGE('',*,*,#6356,.F.);
#3112=ORIENTED_EDGE('',*,*,#6357,.F.);
#3113=ORIENTED_EDGE('',*,*,#5987,.T.);
#3114=ORIENTED_EDGE('',*,*,#6358,.T.);
#3115=ORIENTED_EDGE('',*,*,#6359,.F.);
#3116=CARTESIAN_POINT('',(1.355,0.539999999999987,0.46));
#3117=DIRECTION('',(0.0,0.0,-1.0));
#3118=DIRECTION('',(0.0,-1.0,0.0));
#3119=ORIENTED_EDGE('',*,*,#5999,.T.);
#3120=ORIENTED_EDGE('',*,*,#6360,.F.);
#3121=ORIENTED_EDGE('',*,*,#6361,.T.);
#3122=ORIENTED_EDGE('',*,*,#6362,.T.);
#3123=ORIENTED_EDGE('',*,*,#5964,.T.);
#3124=ORIENTED_EDGE('',*,*,#6363,.F.);
#3125=ORIENTED_EDGE('',*,*,#6364,.T.);
#3126=ORIENTED_EDGE('',*,*,#6365,.T.);
#3127=ORIENTED_EDGE('',*,*,#5968,.T.);
#3128=ORIENTED_EDGE('',*,*,#6366,.F.);
#3129=ORIENTED_EDGE('',*,*,#6367,.T.);
#3130=ORIENTED_EDGE('',*,*,#6368,.T.);
#3131=ORIENTED_EDGE('',*,*,#5972,.T.);
#3132=ORIENTED_EDGE('',*,*,#6369,.F.);
#3133=ORIENTED_EDGE('',*,*,#6370,.T.);
#3134=ORIENTED_EDGE('',*,*,#6371,.T.);
#3135=ORIENTED_EDGE('',*,*,#5976,.T.);
#3136=ORIENTED_EDGE('',*,*,#6372,.T.);
#3137=ORIENTED_EDGE('',*,*,#6373,.F.);
#3138=ORIENTED_EDGE('',*,*,#6374,.F.);
#3139=ORIENTED_EDGE('',*,*,#6375,.T.);
#3140=ORIENTED_EDGE('',*,*,#6376,.F.);
#3141=ORIENTED_EDGE('',*,*,#6377,.T.);
#3142=ORIENTED_EDGE('',*,*,#6378,.T.);
#3143=CARTESIAN_POINT('',(1.355,-0.350000000000001,0.46));
#3144=DIRECTION('',(0.0,0.0,-1.0));
#3145=DIRECTION('',(0.0,-1.0,0.0));
#3146=ORIENTED_EDGE('',*,*,#6231,.T.);
#3147=ORIENTED_EDGE('',*,*,#6379,.T.);
#3148=ORIENTED_EDGE('',*,*,#6380,.T.);
#3149=ORIENTED_EDGE('',*,*,#6381,.F.);
#3150=ORIENTED_EDGE('',*,*,#6382,.F.);
#3151=CARTESIAN_POINT('',(1.355,-0.630000000000001,0.1));
#3152=DIRECTION('',(0.0,0.832050294337844,0.554700196225229));
#3153=DIRECTION('',(1.0,0.0,-0.0));
#3154=ORIENTED_EDGE('',*,*,#6381,.T.);
#3155=ORIENTED_EDGE('',*,*,#6383,.T.);
#3156=ORIENTED_EDGE('',*,*,#6096,.F.);
#3157=ORIENTED_EDGE('',*,*,#6384,.F.);
#3158=CARTESIAN_POINT('',(1.355,-0.590000000000001,0.04));
#3159=DIRECTION('',(-0.0,1.0,0.0));
#3160=DIRECTION('',(1.0,0.0,0.0));
#3161=ORIENTED_EDGE('',*,*,#6074,.T.);
#3162=ORIENTED_EDGE('',*,*,#6385,.T.);
#3163=ORIENTED_EDGE('',*,*,#6386,.F.);
#3164=ORIENTED_EDGE('',*,*,#6387,.F.);
#3165=CARTESIAN_POINT('',(1.355,0.590000000000001,0.0));
#3166=DIRECTION('',(0.0,-1.0,0.0));
#3167=DIRECTION('',(0.0,0.0,-1.0));
#3168=ORIENTED_EDGE('',*,*,#6388,.T.);
#3169=ORIENTED_EDGE('',*,*,#6389,.T.);
#3170=ORIENTED_EDGE('',*,*,#6242,.F.);
#3171=ORIENTED_EDGE('',*,*,#6390,.F.);
#3172=ORIENTED_EDGE('',*,*,#6386,.T.);
#3173=CARTESIAN_POINT('',(1.355,0.590000000000001,0.04));
#3174=DIRECTION('',(0.0,-0.832050294337844,0.554700196225229));
#3175=DIRECTION('',(-1.0,0.0,0.0));
#3176=ORIENTED_EDGE('',*,*,#6240,.T.);
#3177=ORIENTED_EDGE('',*,*,#6391,.T.);
#3178=ORIENTED_EDGE('',*,*,#6392,.T.);
#3179=ORIENTED_EDGE('',*,*,#6393,.F.);
#3180=ORIENTED_EDGE('',*,*,#6394,.F.);
#3181=CARTESIAN_POINT('',(1.355,0.585,0.235));
#3182=DIRECTION('',(1.0,-0.0,0.0));
#3183=DIRECTION('',(0.0,0.0,1.0));
#3184=ORIENTED_EDGE('',*,*,#6393,.T.);
#3185=ORIENTED_EDGE('',*,*,#6395,.T.);
#3186=ORIENTED_EDGE('',*,*,#6396,.F.);
#3187=ORIENTED_EDGE('',*,*,#6397,.F.);
#3188=CARTESIAN_POINT('',(1.355,0.584999999999987,0.28));
#3189=DIRECTION('',(0.0,-1.0,1.8896095006176E-13));
#3190=DIRECTION('',(-1.0,0.0,0.0));
#3191=ORIENTED_EDGE('',*,*,#6396,.T.);
#3192=ORIENTED_EDGE('',*,*,#6398,.T.);
#3193=ORIENTED_EDGE('',*,*,#6399,.F.);
#3194=ORIENTED_EDGE('',*,*,#6400,.F.);
#3195=CARTESIAN_POINT('',(1.355,0.585,0.35));
#3196=DIRECTION('',(0.0,-0.406138466053515,0.913811548620227));
#3197=DIRECTION('',(-1.0,0.0,0.0));
#3198=ORIENTED_EDGE('',*,*,#5944,.T.);
#3199=ORIENTED_EDGE('',*,*,#6401,.T.);
#3200=ORIENTED_EDGE('',*,*,#5885,.T.);
#3201=ORIENTED_EDGE('',*,*,#6402,.T.);
#3202=ORIENTED_EDGE('',*,*,#5888,.T.);
#3203=ORIENTED_EDGE('',*,*,#6403,.T.);
#3204=ORIENTED_EDGE('',*,*,#5891,.T.);
#3205=ORIENTED_EDGE('',*,*,#6404,.T.);
#3206=ORIENTED_EDGE('',*,*,#6346,.F.);
#3207=ORIENTED_EDGE('',*,*,#6405,.F.);
#3208=ORIENTED_EDGE('',*,*,#6399,.T.);
#3209=ORIENTED_EDGE('',*,*,#6406,.T.);
#3210=CARTESIAN_POINT('',(1.355,0.539999999999992,0.37));
#3211=DIRECTION('',(1.0,-0.0,0.0));
#3212=DIRECTION('',(0.0,0.0,1.0));
#3213=ORIENTED_EDGE('',*,*,#6373,.T.);
#3214=ORIENTED_EDGE('',*,*,#6407,.T.);
#3215=ORIENTED_EDGE('',*,*,#5849,.F.);
#3216=ORIENTED_EDGE('',*,*,#6408,.F.);
#3217=ORIENTED_EDGE('',*,*,#5845,.F.);
#3218=ORIENTED_EDGE('',*,*,#6409,.F.);
#3219=ORIENTED_EDGE('',*,*,#5841,.F.);
#3220=ORIENTED_EDGE('',*,*,#6410,.F.);
#3221=ORIENTED_EDGE('',*,*,#5928,.F.);
#3222=ORIENTED_EDGE('',*,*,#6411,.F.);
#3223=ORIENTED_EDGE('',*,*,#6412,.F.);
#3224=ORIENTED_EDGE('',*,*,#6413,.F.);
#3225=CARTESIAN_POINT('',(1.355,-0.539999999999992,0.37));
#3226=DIRECTION('',(1.0,-0.0,0.0));
#3227=DIRECTION('',(0.0,0.0,1.0));
#3228=ORIENTED_EDGE('',*,*,#6412,.T.);
#3229=ORIENTED_EDGE('',*,*,#6414,.T.);
#3230=ORIENTED_EDGE('',*,*,#6415,.F.);
#3231=ORIENTED_EDGE('',*,*,#6416,.F.);
#3232=CARTESIAN_POINT('',(1.355,-0.629999999999992,0.37));
#3233=DIRECTION('',(0.0,0.406138466053515,0.913811548620227));
#3234=DIRECTION('',(1.0,-0.0,0.0));
#3235=ORIENTED_EDGE('',*,*,#6415,.T.);
#3236=ORIENTED_EDGE('',*,*,#6417,.T.);
#3237=ORIENTED_EDGE('',*,*,#6418,.F.);
#3238=ORIENTED_EDGE('',*,*,#6419,.F.);
#3239=CARTESIAN_POINT('',(1.355,-0.585,0.35));
#3240=DIRECTION('',(0.0,1.0,1.8896095006176E-13));
#3241=DIRECTION('',(0.0,1.8896095006176E-13,-1.0));
#3242=ORIENTED_EDGE('',*,*,#6418,.T.);
#3243=ORIENTED_EDGE('',*,*,#6420,.T.);
#3244=ORIENTED_EDGE('',*,*,#6421,.T.);
#3245=ORIENTED_EDGE('',*,*,#6233,.F.);
#3246=ORIENTED_EDGE('',*,*,#6422,.F.);
#3247=CARTESIAN_POINT('',(1.355,-0.585,0.235));
#3248=DIRECTION('',(1.0,-0.0,0.0));
#3249=DIRECTION('',(0.0,0.0,1.0));
#3250=ORIENTED_EDGE('',*,*,#6423,.T.);
#3251=ORIENTED_EDGE('',*,*,#6178,.F.);
#3252=ORIENTED_EDGE('',*,*,#6424,.T.);
#3253=ORIENTED_EDGE('',*,*,#6425,.T.);
#3254=ORIENTED_EDGE('',*,*,#6426,.T.);
#3255=ORIENTED_EDGE('',*,*,#6427,.F.);
#3256=ORIENTED_EDGE('',*,*,#6428,.T.);
#3257=ORIENTED_EDGE('',*,*,#6199,.F.);
#3258=ORIENTED_EDGE('',*,*,#6429,.T.);
#3259=ORIENTED_EDGE('',*,*,#6430,.F.);
#3260=ORIENTED_EDGE('',*,*,#6431,.F.);
#3261=ORIENTED_EDGE('',*,*,#6432,.T.);
#3262=CARTESIAN_POINT('',(0.0,0.0,0.1));
#3263=DIRECTION('',(0.0,0.0,-1.0));
#3264=DIRECTION('',(0.0,-1.0,0.0));
#3265=ORIENTED_EDGE('',*,*,#6433,.T.);
#3266=ORIENTED_EDGE('',*,*,#6434,.T.);
#3267=ORIENTED_EDGE('',*,*,#6435,.T.);
#3268=ORIENTED_EDGE('',*,*,#6436,.T.);
#3269=ORIENTED_EDGE('',*,*,#6437,.T.);
#3270=ORIENTED_EDGE('',*,*,#6438,.T.);
#3271=ORIENTED_EDGE('',*,*,#6439,.T.);
#3272=ORIENTED_EDGE('',*,*,#6440,.T.);
#3273=ORIENTED_EDGE('',*,*,#6441,.T.);
#3274=ORIENTED_EDGE('',*,*,#6442,.T.);
#3275=ORIENTED_EDGE('',*,*,#6443,.T.);
#3276=ORIENTED_EDGE('',*,*,#6444,.T.);
#3277=ORIENTED_EDGE('',*,*,#6201,.F.);
#3278=ORIENTED_EDGE('',*,*,#6445,.F.);
#3279=ORIENTED_EDGE('',*,*,#6176,.T.);
#3280=ORIENTED_EDGE('',*,*,#6446,.T.);
#3281=CARTESIAN_POINT('',(1.355,0.350000000000001,0.38));
#3282=DIRECTION('',(0.0,0.0,-1.0));
#3283=DIRECTION('',(0.0,-1.0,0.0));
#3284=ORIENTED_EDGE('',*,*,#6082,.T.);
#3285=ORIENTED_EDGE('',*,*,#6447,.T.);
#3286=ORIENTED_EDGE('',*,*,#6448,.F.);
#3287=ORIENTED_EDGE('',*,*,#6449,.F.);
#3288=ORIENTED_EDGE('',*,*,#6450,.F.);
#3289=ORIENTED_EDGE('',*,*,#6451,.T.);
#3290=CARTESIAN_POINT('',(1.355,0.585,0.235));
#3291=DIRECTION('',(1.0,0.0,0.0));
#3292=DIRECTION('',(0.0,1.0,0.0));
#3293=ORIENTED_EDGE('',*,*,#6048,.F.);
#3294=ORIENTED_EDGE('',*,*,#6452,.T.);
#3295=ORIENTED_EDGE('',*,*,#6453,.T.);
#3296=ORIENTED_EDGE('',*,*,#6454,.T.);
#3297=ORIENTED_EDGE('',*,*,#6149,.F.);
#3298=ORIENTED_EDGE('',*,*,#6455,.T.);
#3299=CARTESIAN_POINT('',(-1.355,0.585,0.235));
#3300=DIRECTION('',(1.0,0.0,0.0));
#3301=DIRECTION('',(0.0,1.0,0.0));
#3302=ORIENTED_EDGE('',*,*,#6053,.T.);
#3303=ORIENTED_EDGE('',*,*,#6456,.T.);
#3304=ORIENTED_EDGE('',*,*,#6152,.T.);
#3305=ORIENTED_EDGE('',*,*,#6146,.T.);
#3306=CARTESIAN_POINT('',(-1.355,0.35,0.0500000000000003));
#3307=DIRECTION('',(0.0,1.0,3.93251544149862E-16));
#3308=DIRECTION('',(0.0,3.93251544149862E-16,-1.0));
#3309=ORIENTED_EDGE('',*,*,#6052,.T.);
#3310=ORIENTED_EDGE('',*,*,#6457,.T.);
#3311=ORIENTED_EDGE('',*,*,#6153,.T.);
#3312=ORIENTED_EDGE('',*,*,#6456,.F.);
#3313=CARTESIAN_POINT('',(-1.105,0.0999999999999999,0.0500000000000001));
#3314=DIRECTION('',(0.0,-4.06575814682064E-16,1.0));
#3315=DIRECTION('',(0.0,1.0,4.06575814682064E-16));
#3316=ORIENTED_EDGE('',*,*,#6051,.T.);
#3317=ORIENTED_EDGE('',*,*,#6458,.T.);
#3318=ORIENTED_EDGE('',*,*,#6154,.T.);
#3319=ORIENTED_EDGE('',*,*,#6457,.F.);
#3320=CARTESIAN_POINT('',(-0.855,0.0999999999999999,0.0500000000000002));
#3321=DIRECTION('',(1.0,0.0,0.0));
#3322=DIRECTION('',(0.0,1.0,0.0));
#3323=ORIENTED_EDGE('',*,*,#6050,.T.);
#3324=ORIENTED_EDGE('',*,*,#6459,.T.);
#3325=ORIENTED_EDGE('',*,*,#6155,.T.);
#3326=ORIENTED_EDGE('',*,*,#6458,.F.);
#3327=CARTESIAN_POINT('',(-1.105,-0.0999999999999999,0.0500000000000003));
#3328=DIRECTION('',(0.0,-4.06575814682064E-16,1.0));
#3329=DIRECTION('',(0.0,1.0,4.06575814682064E-16));
#3330=ORIENTED_EDGE('',*,*,#6049,.T.);
#3331=ORIENTED_EDGE('',*,*,#6455,.F.);
#3332=ORIENTED_EDGE('',*,*,#6156,.T.);
#3333=ORIENTED_EDGE('',*,*,#6459,.F.);
#3334=CARTESIAN_POINT('',(-1.105,-0.35,0.0500000000000001));
#3335=DIRECTION('',(0.0,-1.0,-3.93251544149862E-16));
#3336=DIRECTION('',(0.0,3.93251544149862E-16,-1.0));
#3337=ORIENTED_EDGE('',*,*,#6084,.T.);
#3338=ORIENTED_EDGE('',*,*,#6460,.T.);
#3339=ORIENTED_EDGE('',*,*,#6461,.T.);
#3340=ORIENTED_EDGE('',*,*,#6462,.F.);
#3341=CARTESIAN_POINT('',(1.105,0.0999999999999998,0.0500000000000002));
#3342=DIRECTION('',(0.0,-4.06575814682064E-16,1.0));
#3343=DIRECTION('',(0.0,1.0,4.06575814682064E-16));
#3344=ORIENTED_EDGE('',*,*,#6083,.T.);
#3345=ORIENTED_EDGE('',*,*,#6451,.F.);
#3346=ORIENTED_EDGE('',*,*,#6463,.T.);
#3347=ORIENTED_EDGE('',*,*,#6460,.F.);
#3348=CARTESIAN_POINT('',(1.105,0.35,0.0500000000000003));
#3349=DIRECTION('',(0.0,1.0,3.93251544149862E-16));
#3350=DIRECTION('',(0.0,3.93251544149862E-16,-1.0));
#3351=ORIENTED_EDGE('',*,*,#6087,.T.);
#3352=ORIENTED_EDGE('',*,*,#6464,.T.);
#3353=ORIENTED_EDGE('',*,*,#6465,.T.);
#3354=ORIENTED_EDGE('',*,*,#6338,.T.);
#3355=CARTESIAN_POINT('',(1.355,-0.35,0.0500000000000001));
#3356=DIRECTION('',(0.0,-1.0,-3.93251544149862E-16));
#3357=DIRECTION('',(0.0,3.93251544149862E-16,-1.0));
#3358=ORIENTED_EDGE('',*,*,#6086,.T.);
#3359=ORIENTED_EDGE('',*,*,#6466,.T.);
#3360=ORIENTED_EDGE('',*,*,#6467,.T.);
#3361=ORIENTED_EDGE('',*,*,#6464,.F.);
#3362=CARTESIAN_POINT('',(1.105,-0.0999999999999998,0.0500000000000001));
#3363=DIRECTION('',(0.0,-4.06575814682064E-16,1.0));
#3364=DIRECTION('',(0.0,1.0,4.06575814682064E-16));
#3365=ORIENTED_EDGE('',*,*,#6085,.T.);
#3366=ORIENTED_EDGE('',*,*,#6462,.T.);
#3367=ORIENTED_EDGE('',*,*,#6468,.T.);
#3368=ORIENTED_EDGE('',*,*,#6466,.F.);
#3369=CARTESIAN_POINT('',(0.855,-0.0999999999999999,0.0500000000000002));
#3370=DIRECTION('',(-1.0,0.0,0.0));
#3371=DIRECTION('',(0.0,0.0,1.0));
#3372=ORIENTED_EDGE('',*,*,#6469,.F.);
#3373=ORIENTED_EDGE('',*,*,#6339,.T.);
#3374=ORIENTED_EDGE('',*,*,#6465,.F.);
#3375=ORIENTED_EDGE('',*,*,#6467,.F.);
#3376=ORIENTED_EDGE('',*,*,#6468,.F.);
#3377=ORIENTED_EDGE('',*,*,#6461,.F.);
#3378=ORIENTED_EDGE('',*,*,#6463,.F.);
#3379=ORIENTED_EDGE('',*,*,#6450,.T.);
#3380=ORIENTED_EDGE('',*,*,#6470,.F.);
#3381=ORIENTED_EDGE('',*,*,#6260,.T.);
#3382=CARTESIAN_POINT('',(1.105,0.0999999999999998,0.0500000000000002));
#3383=DIRECTION('',(0.0,4.2773025946194E-16,-1.0));
#3384=DIRECTION('',(-1.0,0.0,0.0));
#3385=ORIENTED_EDGE('',*,*,#6471,.T.);
#3386=ORIENTED_EDGE('',*,*,#6472,.T.);
#3387=ORIENTED_EDGE('',*,*,#6429,.F.);
#3388=ORIENTED_EDGE('',*,*,#6198,.T.);
#3389=ORIENTED_EDGE('',*,*,#6311,.T.);
#3390=ORIENTED_EDGE('',*,*,#6179,.F.);
#3391=ORIENTED_EDGE('',*,*,#6423,.F.);
#3392=ORIENTED_EDGE('',*,*,#6473,.T.);
#3393=CARTESIAN_POINT('',(1.005,0.35,0.1));
#3394=DIRECTION('',(-1.0,0.0,0.0));
#3395=DIRECTION('',(0.0,0.0,1.0));
#3396=ORIENTED_EDGE('',*,*,#6428,.F.);
#3397=ORIENTED_EDGE('',*,*,#6474,.T.);
#3398=ORIENTED_EDGE('',*,*,#6475,.F.);
#3399=ORIENTED_EDGE('',*,*,#6476,.T.);
#3400=ORIENTED_EDGE('',*,*,#6424,.F.);
#3401=ORIENTED_EDGE('',*,*,#6177,.T.);
#3402=ORIENTED_EDGE('',*,*,#6445,.T.);
#3403=ORIENTED_EDGE('',*,*,#6200,.F.);
#3404=CARTESIAN_POINT('',(-1.005,-0.35,0.1));
#3405=DIRECTION('',(1.0,0.0,0.0));
#3406=DIRECTION('',(0.0,1.0,0.0));
#3407=ORIENTED_EDGE('',*,*,#6426,.F.);
#3408=ORIENTED_EDGE('',*,*,#6477,.T.);
#3409=ORIENTED_EDGE('',*,*,#6478,.T.);
#3410=ORIENTED_EDGE('',*,*,#6479,.T.);
#3411=CARTESIAN_POINT('',(-0.765,0.29,0.1));
#3412=DIRECTION('',(0.646521695401619,0.0,0.762895600573903));
#3413=DIRECTION('',(0.0,-1.0,0.0));
#3414=ORIENTED_EDGE('',*,*,#6478,.F.);
#3415=ORIENTED_EDGE('',*,*,#6480,.T.);
#3416=ORIENTED_EDGE('',*,*,#6475,.T.);
#3417=ORIENTED_EDGE('',*,*,#6481,.T.);
#3418=CARTESIAN_POINT('',(-0.824,0.29,0.15));
#3419=DIRECTION('',(-2.99503362565057E-16,0.0,1.0));
#3420=DIRECTION('',(1.0,-0.0,2.99503362565057E-16));
#3421=ORIENTED_EDGE('',*,*,#6482,.F.);
#3422=ORIENTED_EDGE('',*,*,#6483,.T.);
#3423=ORIENTED_EDGE('',*,*,#6431,.T.);
#3424=ORIENTED_EDGE('',*,*,#6484,.T.);
#3425=CARTESIAN_POINT('',(0.824,0.29,0.15));
#3426=DIRECTION('',(-0.646521695401619,0.0,0.762895600573903));
#3427=DIRECTION('',(0.0,1.0,0.0));
#3428=ORIENTED_EDGE('',*,*,#6471,.F.);
#3429=ORIENTED_EDGE('',*,*,#6485,.T.);
#3430=ORIENTED_EDGE('',*,*,#6482,.T.);
#3431=ORIENTED_EDGE('',*,*,#6486,.T.);
#3432=CARTESIAN_POINT('',(1.005,0.29,0.15));
#3433=DIRECTION('',(2.99503362565057E-16,0.0,1.0));
#3434=DIRECTION('',(1.0,0.0,-2.99503362565057E-16));
#3435=ORIENTED_EDGE('',*,*,#6296,.T.);
#3436=ORIENTED_EDGE('',*,*,#6487,.T.);
#3437=ORIENTED_EDGE('',*,*,#6374,.T.);
#3438=ORIENTED_EDGE('',*,*,#6413,.T.);
#3439=ORIENTED_EDGE('',*,*,#6416,.T.);
#3440=ORIENTED_EDGE('',*,*,#6419,.T.);
#3441=ORIENTED_EDGE('',*,*,#6422,.T.);
#3442=ORIENTED_EDGE('',*,*,#6232,.T.);
#3443=ORIENTED_EDGE('',*,*,#6382,.T.);
#3444=ORIENTED_EDGE('',*,*,#6384,.T.);
#3445=ORIENTED_EDGE('',*,*,#6095,.T.);
#3446=ORIENTED_EDGE('',*,*,#6292,.F.);
#3447=CARTESIAN_POINT('',(0.765,0.0,0.0));
#3448=DIRECTION('',(1.0,0.0,0.0));
#3449=DIRECTION('',(0.0,1.0,0.0));
#3450=ORIENTED_EDGE('',*,*,#6345,.T.);
#3451=ORIENTED_EDGE('',*,*,#6007,.T.);
#3452=ORIENTED_EDGE('',*,*,#6305,.T.);
#3453=ORIENTED_EDGE('',*,*,#6281,.F.);
#3454=ORIENTED_EDGE('',*,*,#6075,.T.);
#3455=ORIENTED_EDGE('',*,*,#6387,.T.);
#3456=ORIENTED_EDGE('',*,*,#6390,.T.);
#3457=ORIENTED_EDGE('',*,*,#6241,.T.);
#3458=ORIENTED_EDGE('',*,*,#6394,.T.);
#3459=ORIENTED_EDGE('',*,*,#6397,.T.);
#3460=ORIENTED_EDGE('',*,*,#6400,.T.);
#3461=ORIENTED_EDGE('',*,*,#6405,.T.);
#3462=CARTESIAN_POINT('',(0.765,0.0,0.0));
#3463=DIRECTION('',(1.0,0.0,0.0));
#3464=DIRECTION('',(0.0,1.0,0.0));
#3465=ORIENTED_EDGE('',*,*,#6194,.T.);
#3466=ORIENTED_EDGE('',*,*,#6488,.T.);
#3467=ORIENTED_EDGE('',*,*,#6294,.T.);
#3468=ORIENTED_EDGE('',*,*,#6489,.T.);
#3469=ORIENTED_EDGE('',*,*,#6490,.T.);
#3470=ORIENTED_EDGE('',*,*,#6491,.T.);
#3471=CARTESIAN_POINT('',(0.785000000000001,-0.350000000000001,0.28));
#3472=DIRECTION('',(-1.0,0.0,0.0));
#3473=DIRECTION('',(0.0,0.0,1.0));
#3474=ORIENTED_EDGE('',*,*,#6312,.T.);
#3475=ORIENTED_EDGE('',*,*,#6196,.F.);
#3476=ORIENTED_EDGE('',*,*,#6492,.T.);
#3477=ORIENTED_EDGE('',*,*,#6328,.F.);
#3478=CARTESIAN_POINT('',(0.96,-0.4,0.28));
#3479=DIRECTION('',(1.0,0.0,0.0));
#3480=DIRECTION('',(0.0,1.0,0.0));
#3481=ORIENTED_EDGE('',*,*,#6493,.F.);
#3482=ORIENTED_EDGE('',*,*,#6494,.F.);
#3483=ORIENTED_EDGE('',*,*,#6329,.F.);
#3484=ORIENTED_EDGE('',*,*,#6492,.F.);
#3485=ORIENTED_EDGE('',*,*,#6195,.T.);
#3486=ORIENTED_EDGE('',*,*,#6491,.F.);
#3487=CARTESIAN_POINT('',(0.0,0.0,0.28));
#3488=DIRECTION('',(0.0,0.0,1.0));
#3489=DIRECTION('',(1.0,0.0,0.0));
#3490=ORIENTED_EDGE('',*,*,#6310,.T.);
#3491=ORIENTED_EDGE('',*,*,#6335,.T.);
#3492=ORIENTED_EDGE('',*,*,#6495,.T.);
#3493=ORIENTED_EDGE('',*,*,#6181,.T.);
#3494=CARTESIAN_POINT('',(0.96,0.350000000000001,0.28));
#3495=DIRECTION('',(1.0,0.0,0.0));
#3496=DIRECTION('',(0.0,1.0,0.0));
#3497=ORIENTED_EDGE('',*,*,#6496,.F.);
#3498=ORIENTED_EDGE('',*,*,#6497,.F.);
#3499=ORIENTED_EDGE('',*,*,#6330,.F.);
#3500=ORIENTED_EDGE('',*,*,#6182,.T.);
#3501=ORIENTED_EDGE('',*,*,#6495,.F.);
#3502=ORIENTED_EDGE('',*,*,#6334,.F.);
#3503=CARTESIAN_POINT('',(0.0,0.0,0.28));
#3504=DIRECTION('',(0.0,0.0,1.0));
#3505=DIRECTION('',(1.0,0.0,0.0));
#3506=ORIENTED_EDGE('',*,*,#6284,.T.);
#3507=ORIENTED_EDGE('',*,*,#6498,.T.);
#3508=ORIENTED_EDGE('',*,*,#6336,.T.);
#3509=ORIENTED_EDGE('',*,*,#6499,.T.);
#3510=ORIENTED_EDGE('',*,*,#6258,.T.);
#3511=CARTESIAN_POINT('',(1.275,-0.54,0.18));
#3512=DIRECTION('',(0.0,8.19455130366945E-16,-1.0));
#3513=DIRECTION('',(-1.0,0.0,0.0));
#3514=ORIENTED_EDGE('',*,*,#6469,.T.);
#3515=ORIENTED_EDGE('',*,*,#6259,.T.);
#3516=ORIENTED_EDGE('',*,*,#6499,.F.);
#3517=ORIENTED_EDGE('',*,*,#6340,.T.);
#3518=CARTESIAN_POINT('',(1.275,-0.109999999999997,0.18));
#3519=DIRECTION('',(0.0,-1.0,-3.76459087668578E-16));
#3520=DIRECTION('',(0.0,3.76459087668578E-16,-1.0));
#3521=ORIENTED_EDGE('',*,*,#6470,.T.);
#3522=ORIENTED_EDGE('',*,*,#6449,.T.);
#3523=ORIENTED_EDGE('',*,*,#6500,.T.);
#3524=ORIENTED_EDGE('',*,*,#6261,.T.);
#3525=CARTESIAN_POINT('',(1.275,0.109999999999997,1.66533453693773E-16));
#3526=DIRECTION('',(0.0,1.0,-6.7762635780344E-16));
#3527=DIRECTION('',(0.0,-6.7762635780344E-16,-1.0));
#3528=ORIENTED_EDGE('',*,*,#6448,.T.);
#3529=ORIENTED_EDGE('',*,*,#6501,.T.);
#3530=ORIENTED_EDGE('',*,*,#6322,.F.);
#3531=ORIENTED_EDGE('',*,*,#6262,.T.);
#3532=ORIENTED_EDGE('',*,*,#6500,.F.);
#3533=CARTESIAN_POINT('',(1.275,0.109999999999997,0.18));
#3534=DIRECTION('',(0.0,-8.19455130366945E-16,-1.0));
#3535=DIRECTION('',(0.0,-1.0,8.19455130366945E-16));
#3536=ORIENTED_EDGE('',*,*,#6502,.T.);
#3537=ORIENTED_EDGE('',*,*,#6300,.T.);
#3538=ORIENTED_EDGE('',*,*,#6503,.F.);
#3539=ORIENTED_EDGE('',*,*,#6504,.F.);
#3540=CARTESIAN_POINT('',(1.255,-0.52,0.439999999999999));
#3541=DIRECTION('',(0.0,0.0,1.0));
#3542=DIRECTION('',(-1.0,0.0,0.0));
#3543=ORIENTED_EDGE('',*,*,#6505,.T.);
#3544=ORIENTED_EDGE('',*,*,#6304,.T.);
#3545=ORIENTED_EDGE('',*,*,#6506,.F.);
#3546=ORIENTED_EDGE('',*,*,#6507,.F.);
#3547=CARTESIAN_POINT('',(1.255,0.52,0.440000000000001));
#3548=DIRECTION('',(0.0,0.0,1.0));
#3549=DIRECTION('',(-1.0,0.0,0.0));
#3550=ORIENTED_EDGE('',*,*,#6508,.F.);
#3551=ORIENTED_EDGE('',*,*,#6509,.T.);
#3552=ORIENTED_EDGE('',*,*,#6510,.T.);
#3553=ORIENTED_EDGE('',*,*,#6321,.T.);
#3554=CARTESIAN_POINT('',(0.98,0.43,0.44));
#3555=DIRECTION('',(0.0,0.0,1.0));
#3556=DIRECTION('',(-1.0,0.0,0.0));
#3557=ORIENTED_EDGE('',*,*,#6508,.T.);
#3558=ORIENTED_EDGE('',*,*,#6320,.T.);
#3559=ORIENTED_EDGE('',*,*,#6511,.F.);
#3560=ORIENTED_EDGE('',*,*,#6512,.F.);
#3561=CARTESIAN_POINT('',(0.98,0.46,0.44));
#3562=DIRECTION('',(-0.0,1.0,0.0));
#3563=DIRECTION('',(1.0,0.0,0.0));
#3564=ORIENTED_EDGE('',*,*,#6511,.T.);
#3565=ORIENTED_EDGE('',*,*,#6319,.T.);
#3566=ORIENTED_EDGE('',*,*,#6513,.F.);
#3567=ORIENTED_EDGE('',*,*,#6514,.F.);
#3568=CARTESIAN_POINT('',(1.035,0.43,0.440000000000001));
#3569=DIRECTION('',(0.0,0.0,1.0));
#3570=DIRECTION('',(-1.0,0.0,0.0));
#3571=ORIENTED_EDGE('',*,*,#6513,.T.);
#3572=ORIENTED_EDGE('',*,*,#6318,.T.);
#3573=ORIENTED_EDGE('',*,*,#6515,.F.);
#3574=ORIENTED_EDGE('',*,*,#6516,.F.);
#3575=CARTESIAN_POINT('',(1.065,0.43,0.44));
#3576=DIRECTION('',(1.0,0.0,0.0));
#3577=DIRECTION('',(0.0,1.0,0.0));
#3578=ORIENTED_EDGE('',*,*,#6515,.T.);
#3579=ORIENTED_EDGE('',*,*,#6317,.T.);
#3580=ORIENTED_EDGE('',*,*,#6517,.F.);
#3581=ORIENTED_EDGE('',*,*,#6518,.F.);
#3582=CARTESIAN_POINT('',(1.035,-0.43,0.439999999999999));
#3583=DIRECTION('',(0.0,0.0,1.0));
#3584=DIRECTION('',(-1.0,0.0,0.0));
#3585=ORIENTED_EDGE('',*,*,#6517,.T.);
#3586=ORIENTED_EDGE('',*,*,#6316,.T.);
#3587=ORIENTED_EDGE('',*,*,#6519,.F.);
#3588=ORIENTED_EDGE('',*,*,#6520,.F.);
#3589=CARTESIAN_POINT('',(1.035,-0.46,0.44));
#3590=DIRECTION('',(0.0,-1.0,0.0));
#3591=DIRECTION('',(0.0,0.0,-1.0));
#3592=ORIENTED_EDGE('',*,*,#6521,.F.);
#3593=ORIENTED_EDGE('',*,*,#6522,.T.);
#3594=ORIENTED_EDGE('',*,*,#6519,.T.);
#3595=ORIENTED_EDGE('',*,*,#6315,.T.);
#3596=CARTESIAN_POINT('',(0.98,-0.43,0.439999999999999));
#3597=DIRECTION('',(0.0,0.0,1.0));
#3598=DIRECTION('',(-1.0,0.0,0.0));
#3599=ORIENTED_EDGE('',*,*,#6523,.F.);
#3600=ORIENTED_EDGE('',*,*,#6524,.T.);
#3601=ORIENTED_EDGE('',*,*,#6297,.T.);
#3602=ORIENTED_EDGE('',*,*,#6290,.T.);
#3603=ORIENTED_EDGE('',*,*,#6525,.T.);
#3604=ORIENTED_EDGE('',*,*,#6272,.F.);
#3605=ORIENTED_EDGE('',*,*,#6526,.T.);
#3606=CARTESIAN_POINT('',(0.785,-0.37,0.44));
#3607=DIRECTION('',(1.0,0.0,0.0));
#3608=DIRECTION('',(0.0,1.0,0.0));
#3609=ORIENTED_EDGE('',*,*,#6502,.F.);
#3610=ORIENTED_EDGE('',*,*,#6527,.T.);
#3611=ORIENTED_EDGE('',*,*,#6270,.T.);
#3612=ORIENTED_EDGE('',*,*,#6528,.F.);
#3613=ORIENTED_EDGE('',*,*,#6286,.T.);
#3614=ORIENTED_EDGE('',*,*,#6298,.T.);
#3615=CARTESIAN_POINT('',(1.225,-0.61,0.44));
#3616=DIRECTION('',(-1.0,9.63735264431561E-15,0.0));
#3617=DIRECTION('',(0.0,0.0,1.0));
#3618=ORIENTED_EDGE('',*,*,#6529,.F.);
#3619=ORIENTED_EDGE('',*,*,#6530,.T.);
#3620=ORIENTED_EDGE('',*,*,#6506,.T.);
#3621=ORIENTED_EDGE('',*,*,#6303,.T.);
#3622=ORIENTED_EDGE('',*,*,#6326,.T.);
#3623=ORIENTED_EDGE('',*,*,#6531,.T.);
#3624=CARTESIAN_POINT('',(1.225,0.52,0.44));
#3625=DIRECTION('',(-1.0,0.0,0.0));
#3626=DIRECTION('',(0.0,0.0,1.0));
#3627=ORIENTED_EDGE('',*,*,#6307,.T.);
#3628=ORIENTED_EDGE('',*,*,#6532,.T.);
#3629=ORIENTED_EDGE('',*,*,#6533,.F.);
#3630=ORIENTED_EDGE('',*,*,#6534,.T.);
#3631=ORIENTED_EDGE('',*,*,#6535,.T.);
#3632=ORIENTED_EDGE('',*,*,#6536,.F.);
#3633=ORIENTED_EDGE('',*,*,#6278,.T.);
#3634=CARTESIAN_POINT('',(0.785,0.61,0.44));
#3635=DIRECTION('',(1.0,0.0,0.0));
#3636=DIRECTION('',(0.0,1.0,0.0));
#3637=ORIENTED_EDGE('',*,*,#6537,.F.);
#3638=ORIENTED_EDGE('',*,*,#6538,.T.);
#3639=ORIENTED_EDGE('',*,*,#6521,.T.);
#3640=ORIENTED_EDGE('',*,*,#6314,.T.);
#3641=ORIENTED_EDGE('',*,*,#6327,.T.);
#3642=ORIENTED_EDGE('',*,*,#6494,.T.);
#3643=CARTESIAN_POINT('',(0.95,-0.43,0.44));
#3644=DIRECTION('',(-1.0,0.0,0.0));
#3645=DIRECTION('',(0.0,0.0,1.0));
#3646=ORIENTED_EDGE('',*,*,#6510,.F.);
#3647=ORIENTED_EDGE('',*,*,#6539,.T.);
#3648=ORIENTED_EDGE('',*,*,#6540,.T.);
#3649=ORIENTED_EDGE('',*,*,#6496,.T.);
#3650=ORIENTED_EDGE('',*,*,#6333,.T.);
#3651=ORIENTED_EDGE('',*,*,#6308,.T.);
#3652=CARTESIAN_POINT('',(0.95,0.37,0.44));
#3653=DIRECTION('',(-1.0,0.0,0.0));
#3654=DIRECTION('',(0.0,0.0,1.0));
#3655=ORIENTED_EDGE('',*,*,#6541,.F.);
#3656=ORIENTED_EDGE('',*,*,#6542,.T.);
#3657=ORIENTED_EDGE('',*,*,#6503,.T.);
#3658=ORIENTED_EDGE('',*,*,#6299,.T.);
#3659=ORIENTED_EDGE('',*,*,#6255,.F.);
#3660=ORIENTED_EDGE('',*,*,#6543,.T.);
#3661=CARTESIAN_POINT('',(1.255,-0.49,0.44));
#3662=DIRECTION('',(-0.0,1.0,0.0));
#3663=DIRECTION('',(1.0,0.0,0.0));
#3664=ORIENTED_EDGE('',*,*,#6505,.F.);
#3665=ORIENTED_EDGE('',*,*,#6544,.T.);
#3666=ORIENTED_EDGE('',*,*,#6545,.T.);
#3667=ORIENTED_EDGE('',*,*,#6546,.F.);
#3668=ORIENTED_EDGE('',*,*,#6265,.F.);
#3669=ORIENTED_EDGE('',*,*,#6301,.T.);
#3670=CARTESIAN_POINT('',(1.345,0.49,0.44));
#3671=DIRECTION('',(0.0,-1.0,0.0));
#3672=DIRECTION('',(0.0,0.0,-1.0));
#3673=ORIENTED_EDGE('',*,*,#6545,.F.);
#3674=ORIENTED_EDGE('',*,*,#6547,.T.);
#3675=ORIENTED_EDGE('',*,*,#6541,.T.);
#3676=ORIENTED_EDGE('',*,*,#6548,.T.);
#3677=ORIENTED_EDGE('',*,*,#6549,.T.);
#3678=ORIENTED_EDGE('',*,*,#6550,.T.);
#3679=ORIENTED_EDGE('',*,*,#6551,.T.);
#3680=ORIENTED_EDGE('',*,*,#6552,.T.);
#3681=CARTESIAN_POINT('',(1.345,-0.49,0.44));
#3682=DIRECTION('',(-1.0,0.0,0.0));
#3683=DIRECTION('',(0.0,0.0,1.0));
#3684=ORIENTED_EDGE('',*,*,#6535,.F.);
#3685=ORIENTED_EDGE('',*,*,#6553,.T.);
#3686=ORIENTED_EDGE('',*,*,#6529,.T.);
#3687=ORIENTED_EDGE('',*,*,#6554,.F.);
#3688=ORIENTED_EDGE('',*,*,#6555,.F.);
#3689=ORIENTED_EDGE('',*,*,#6556,.T.);
#3690=ORIENTED_EDGE('',*,*,#6557,.F.);
#3691=ORIENTED_EDGE('',*,*,#6558,.F.);
#3692=CARTESIAN_POINT('',(1.225,0.61,0.44));
#3693=DIRECTION('',(0.0,-1.0,0.0));
#3694=DIRECTION('',(0.0,0.0,-1.0));
#3695=ORIENTED_EDGE('',*,*,#6540,.F.);
#3696=ORIENTED_EDGE('',*,*,#6559,.T.);
#3697=ORIENTED_EDGE('',*,*,#6331,.T.);
#3698=ORIENTED_EDGE('',*,*,#6497,.T.);
#3699=CARTESIAN_POINT('',(0.785,0.37,0.44));
#3700=DIRECTION('',(-0.0,1.0,0.0));
#3701=DIRECTION('',(1.0,0.0,0.0));
#3702=ORIENTED_EDGE('',*,*,#6490,.F.);
#3703=ORIENTED_EDGE('',*,*,#6560,.T.);
#3704=ORIENTED_EDGE('',*,*,#6537,.T.);
#3705=ORIENTED_EDGE('',*,*,#6493,.T.);
#3706=CARTESIAN_POINT('',(0.95,-0.37,0.44));
#3707=DIRECTION('',(0.0,-1.0,0.0));
#3708=DIRECTION('',(0.0,0.0,-1.0));
#3709=ORIENTED_EDGE('',*,*,#6533,.T.);
#3710=ORIENTED_EDGE('',*,*,#6561,.T.);
#3711=ORIENTED_EDGE('',*,*,#6512,.T.);
#3712=ORIENTED_EDGE('',*,*,#6514,.T.);
#3713=ORIENTED_EDGE('',*,*,#6516,.T.);
#3714=ORIENTED_EDGE('',*,*,#6518,.T.);
#3715=ORIENTED_EDGE('',*,*,#6520,.T.);
#3716=ORIENTED_EDGE('',*,*,#6562,.T.);
#3717=ORIENTED_EDGE('',*,*,#6523,.T.);
#3718=ORIENTED_EDGE('',*,*,#6563,.T.);
#3719=ORIENTED_EDGE('',*,*,#6504,.T.);
#3720=ORIENTED_EDGE('',*,*,#6564,.T.);
#3721=ORIENTED_EDGE('',*,*,#6507,.T.);
#3722=ORIENTED_EDGE('',*,*,#6565,.T.);
#3723=CARTESIAN_POINT('',(1.255,-0.52,0.439999999999999));
#3724=DIRECTION('',(0.0,4.2773025946194E-16,-1.0));
#3725=DIRECTION('',(-1.0,0.0,0.0));
#3726=ORIENTED_EDGE('',*,*,#6525,.F.);
#3727=ORIENTED_EDGE('',*,*,#6289,.T.);
#3728=ORIENTED_EDGE('',*,*,#6566,.T.);
#3729=ORIENTED_EDGE('',*,*,#6273,.F.);
#3730=CARTESIAN_POINT('',(0.785,0.083000000000002,0.125000000000001));
#3731=DIRECTION('',(-0.707106781186542,4.03498267548259E-16,-0.707106781186553));
#3732=DIRECTION('',(-0.707106781186553,0.0,0.707106781186542));
#3733=ORIENTED_EDGE('',*,*,#6274,.F.);
#3734=ORIENTED_EDGE('',*,*,#6566,.F.);
#3735=ORIENTED_EDGE('',*,*,#6293,.T.);
#3736=ORIENTED_EDGE('',*,*,#6093,.T.);
#3737=ORIENTED_EDGE('',*,*,#6567,.T.);
#3738=ORIENTED_EDGE('',*,*,#6568,.T.);
#3739=ORIENTED_EDGE('',*,*,#6569,.T.);
#3740=ORIENTED_EDGE('',*,*,#6570,.T.);
#3741=ORIENTED_EDGE('',*,*,#6571,.T.);
#3742=CARTESIAN_POINT('',(0.825000000000001,0.083000000000002,0.0850000000000006));
#3743=DIRECTION('',(-1.0,0.0,0.0));
#3744=DIRECTION('',(0.0,0.0,1.0));
#3745=ORIENTED_EDGE('',*,*,#6572,.T.);
#3746=ORIENTED_EDGE('',*,*,#6276,.F.);
#3747=ORIENTED_EDGE('',*,*,#6573,.T.);
#3748=ORIENTED_EDGE('',*,*,#6574,.T.);
#3749=ORIENTED_EDGE('',*,*,#6575,.T.);
#3750=ORIENTED_EDGE('',*,*,#6576,.T.);
#3751=ORIENTED_EDGE('',*,*,#6577,.T.);
#3752=ORIENTED_EDGE('',*,*,#6091,.F.);
#3753=ORIENTED_EDGE('',*,*,#6288,.T.);
#3754=CARTESIAN_POINT('',(0.975,0.083000000000002,6.17493081521061E-16));
#3755=DIRECTION('',(1.0,0.0,0.0));
#3756=DIRECTION('',(0.0,1.0,0.0));
#3757=ORIENTED_EDGE('',*,*,#6572,.F.);
#3758=ORIENTED_EDGE('',*,*,#6287,.T.);
#3759=ORIENTED_EDGE('',*,*,#6528,.T.);
#3760=ORIENTED_EDGE('',*,*,#6277,.F.);
#3761=CARTESIAN_POINT('',(0.975,0.083000000000002,0.100000000000001));
#3762=DIRECTION('',(0.0,5.70632722360792E-16,-1.0));
#3763=DIRECTION('',(-1.0,0.0,0.0));
#3764=ORIENTED_EDGE('',*,*,#6279,.F.);
#3765=ORIENTED_EDGE('',*,*,#6536,.T.);
#3766=ORIENTED_EDGE('',*,*,#6558,.T.);
#3767=ORIENTED_EDGE('',*,*,#6578,.F.);
#3768=CARTESIAN_POINT('',(0.785,-0.083000000000002,0.125000000000001));
#3769=DIRECTION('',(0.707106781186542,4.03498267548259E-16,0.707106781186553));
#3770=DIRECTION('',(5.706327223608E-16,-1.0,0.0));
#3771=ORIENTED_EDGE('',*,*,#6578,.T.);
#3772=ORIENTED_EDGE('',*,*,#6557,.T.);
#3773=ORIENTED_EDGE('',*,*,#6579,.T.);
#3774=ORIENTED_EDGE('',*,*,#6580,.T.);
#3775=ORIENTED_EDGE('',*,*,#6581,.T.);
#3776=ORIENTED_EDGE('',*,*,#6582,.T.);
#3777=ORIENTED_EDGE('',*,*,#6583,.T.);
#3778=ORIENTED_EDGE('',*,*,#6077,.F.);
#3779=ORIENTED_EDGE('',*,*,#6280,.F.);
#3780=CARTESIAN_POINT('',(0.825000000000001,-0.083000000000002,0.0850000000000006));
#3781=DIRECTION('',(1.0,0.0,0.0));
#3782=DIRECTION('',(0.0,1.0,0.0));
#3783=ORIENTED_EDGE('',*,*,#6079,.T.);
#3784=ORIENTED_EDGE('',*,*,#6584,.T.);
#3785=ORIENTED_EDGE('',*,*,#6585,.T.);
#3786=ORIENTED_EDGE('',*,*,#6586,.T.);
#3787=ORIENTED_EDGE('',*,*,#6587,.T.);
#3788=ORIENTED_EDGE('',*,*,#6588,.T.);
#3789=ORIENTED_EDGE('',*,*,#6555,.T.);
#3790=ORIENTED_EDGE('',*,*,#6589,.F.);
#3791=ORIENTED_EDGE('',*,*,#6324,.F.);
#3792=CARTESIAN_POINT('',(0.975,-0.083000000000002,6.17493081521061E-16));
#3793=DIRECTION('',(-1.0,0.0,0.0));
#3794=DIRECTION('',(0.0,0.0,1.0));
#3795=ORIENTED_EDGE('',*,*,#6325,.F.);
#3796=ORIENTED_EDGE('',*,*,#6589,.T.);
#3797=ORIENTED_EDGE('',*,*,#6554,.T.);
#3798=ORIENTED_EDGE('',*,*,#6531,.F.);
#3799=CARTESIAN_POINT('',(0.975,-0.083000000000002,0.100000000000001));
#3800=DIRECTION('',(0.0,5.70632722360792E-16,1.0));
#3801=DIRECTION('',(0.0,-1.0,5.70632722360792E-16));
#3802=ORIENTED_EDGE('',*,*,#6092,.F.);
#3803=ORIENTED_EDGE('',*,*,#6577,.F.);
#3804=ORIENTED_EDGE('',*,*,#6590,.T.);
#3805=ORIENTED_EDGE('',*,*,#6567,.F.);
#3806=CARTESIAN_POINT('',(2.31,-0.64,0.0700000000000005));
#3807=DIRECTION('',(1.0,-0.0,0.0));
#3808=DIRECTION('',(0.0,0.0,1.0));
#3809=ORIENTED_EDGE('',*,*,#6575,.F.);
#3810=ORIENTED_EDGE('',*,*,#6591,.T.);
#3811=ORIENTED_EDGE('',*,*,#6569,.F.);
#3812=ORIENTED_EDGE('',*,*,#6592,.F.);
#3813=CARTESIAN_POINT('',(2.31,-0.885,-0.0199999999999992));
#3814=DIRECTION('',(0.0,-1.0,0.0));
#3815=DIRECTION('',(0.0,0.0,-1.0));
#3816=ORIENTED_EDGE('',*,*,#6574,.F.);
#3817=ORIENTED_EDGE('',*,*,#6593,.T.);
#3818=ORIENTED_EDGE('',*,*,#6570,.F.);
#3819=ORIENTED_EDGE('',*,*,#6591,.F.);
#3820=CARTESIAN_POINT('',(2.31,-0.885,0.0400000000000004));
#3821=DIRECTION('',(0.0,-3.07006227412987E-15,1.0));
#3822=DIRECTION('',(0.0,-1.0,-3.07006227412987E-15));
#3823=ORIENTED_EDGE('',*,*,#6573,.F.);
#3824=ORIENTED_EDGE('',*,*,#6275,.T.);
#3825=ORIENTED_EDGE('',*,*,#6571,.F.);
#3826=ORIENTED_EDGE('',*,*,#6593,.F.);
#3827=CARTESIAN_POINT('',(2.31,-0.64,0.0700000000000005));
#3828=DIRECTION('',(1.0,-0.0,0.0));
#3829=DIRECTION('',(0.0,0.0,1.0));
#3830=ORIENTED_EDGE('',*,*,#6576,.F.);
#3831=ORIENTED_EDGE('',*,*,#6592,.T.);
#3832=ORIENTED_EDGE('',*,*,#6568,.F.);
#3833=ORIENTED_EDGE('',*,*,#6590,.F.);
#3834=CARTESIAN_POINT('',(2.31,-0.64,-0.019999999999999));
#3835=DIRECTION('',(0.0,1.02335409137662E-15,-1.0));
#3836=DIRECTION('',(-1.0,0.0,0.0));
#3837=ORIENTED_EDGE('',*,*,#6078,.F.);
#3838=ORIENTED_EDGE('',*,*,#6583,.F.);
#3839=ORIENTED_EDGE('',*,*,#6594,.F.);
#3840=ORIENTED_EDGE('',*,*,#6584,.F.);
#3841=CARTESIAN_POINT('',(2.31,0.64,0.0700000000000004));
#3842=DIRECTION('',(1.0,-0.0,0.0));
#3843=DIRECTION('',(0.0,0.0,1.0));
#3844=ORIENTED_EDGE('',*,*,#6588,.F.);
#3845=ORIENTED_EDGE('',*,*,#6595,.T.);
#3846=ORIENTED_EDGE('',*,*,#6579,.F.);
#3847=ORIENTED_EDGE('',*,*,#6556,.F.);
#3848=CARTESIAN_POINT('',(2.31,0.64,0.0700000000000004));
#3849=DIRECTION('',(1.0,-0.0,0.0));
#3850=DIRECTION('',(0.0,0.0,1.0));
#3851=ORIENTED_EDGE('',*,*,#6587,.F.);
#3852=ORIENTED_EDGE('',*,*,#6596,.T.);
#3853=ORIENTED_EDGE('',*,*,#6580,.F.);
#3854=ORIENTED_EDGE('',*,*,#6595,.F.);
#3855=CARTESIAN_POINT('',(2.31,0.64,0.0400000000000012));
#3856=DIRECTION('',(0.0,3.07006227412987E-15,1.0));
#3857=DIRECTION('',(0.0,-1.0,3.07006227412987E-15));
#3858=ORIENTED_EDGE('',*,*,#6586,.F.);
#3859=ORIENTED_EDGE('',*,*,#6597,.T.);
#3860=ORIENTED_EDGE('',*,*,#6581,.F.);
#3861=ORIENTED_EDGE('',*,*,#6596,.F.);
#3862=CARTESIAN_POINT('',(2.31,0.885,0.0400000000000004));
#3863=DIRECTION('',(-0.0,1.0,0.0));
#3864=DIRECTION('',(1.0,0.0,0.0));
#3865=ORIENTED_EDGE('',*,*,#6585,.F.);
#3866=ORIENTED_EDGE('',*,*,#6594,.T.);
#3867=ORIENTED_EDGE('',*,*,#6582,.F.);
#3868=ORIENTED_EDGE('',*,*,#6597,.F.);
#3869=CARTESIAN_POINT('',(2.31,0.885,-0.0199999999999993));
#3870=DIRECTION('',(0.0,-1.29993627823517E-15,-1.0));
#3871=DIRECTION('',(0.0,-1.0,1.29993627823517E-15));
#3872=ORIENTED_EDGE('',*,*,#6254,.F.);
#3873=ORIENTED_EDGE('',*,*,#6598,.T.);
#3874=ORIENTED_EDGE('',*,*,#6548,.F.);
#3875=ORIENTED_EDGE('',*,*,#6543,.F.);
#3876=CARTESIAN_POINT('',(0.652000000000004,-0.49,0.200000000000001));
#3877=DIRECTION('',(0.0,0.0,-1.0));
#3878=DIRECTION('',(0.0,-1.0,0.0));
#3879=ORIENTED_EDGE('',*,*,#6269,.F.);
#3880=ORIENTED_EDGE('',*,*,#6599,.T.);
#3881=ORIENTED_EDGE('',*,*,#6549,.F.);
#3882=ORIENTED_EDGE('',*,*,#6598,.F.);
#3883=CARTESIAN_POINT('',(0.652000000000004,-0.09,0.200000000000001));
#3884=DIRECTION('',(0.0,-1.0,0.0));
#3885=DIRECTION('',(0.0,0.0,-1.0));
#3886=ORIENTED_EDGE('',*,*,#6268,.F.);
#3887=ORIENTED_EDGE('',*,*,#6600,.T.);
#3888=ORIENTED_EDGE('',*,*,#6550,.F.);
#3889=ORIENTED_EDGE('',*,*,#6599,.F.);
#3890=CARTESIAN_POINT('',(0.652000000000004,-0.09,0.0700000000000008));
#3891=DIRECTION('',(0.0,0.0,-1.0));
#3892=DIRECTION('',(0.0,-1.0,0.0));
#3893=ORIENTED_EDGE('',*,*,#6267,.F.);
#3894=ORIENTED_EDGE('',*,*,#6601,.T.);
#3895=ORIENTED_EDGE('',*,*,#6551,.F.);
#3896=ORIENTED_EDGE('',*,*,#6600,.F.);
#3897=CARTESIAN_POINT('',(0.652000000000004,0.09,0.0700000000000008));
#3898=DIRECTION('',(-0.0,1.0,0.0));
#3899=DIRECTION('',(1.0,0.0,0.0));
#3900=ORIENTED_EDGE('',*,*,#6266,.F.);
#3901=ORIENTED_EDGE('',*,*,#6546,.T.);
#3902=ORIENTED_EDGE('',*,*,#6552,.F.);
#3903=ORIENTED_EDGE('',*,*,#6601,.F.);
#3904=CARTESIAN_POINT('',(0.652000000000004,0.09,0.200000000000001));
#3905=DIRECTION('',(0.0,0.0,-1.0));
#3906=DIRECTION('',(0.0,-1.0,0.0));
#3907=ORIENTED_EDGE('',*,*,#6089,.F.);
#3908=ORIENTED_EDGE('',*,*,#6337,.F.);
#3909=ORIENTED_EDGE('',*,*,#6498,.F.);
#3910=ORIENTED_EDGE('',*,*,#6283,.F.);
#3911=CARTESIAN_POINT('',(1.305,-0.49,2.85316361180396E-17));
#3912=DIRECTION('',(0.0,-5.70632722360792E-16,1.0));
#3913=DIRECTION('',(0.0,1.0,5.70632722360792E-16));
#3914=ORIENTED_EDGE('',*,*,#6501,.F.);
#3915=ORIENTED_EDGE('',*,*,#6447,.F.);
#3916=ORIENTED_EDGE('',*,*,#6081,.F.);
#3917=ORIENTED_EDGE('',*,*,#6323,.F.);
#3918=CARTESIAN_POINT('',(1.305,0.49,0.38));
#3919=DIRECTION('',(0.0,0.0,-1.0));
#3920=DIRECTION('',(1.0,0.0,0.0));
#3921=ORIENTED_EDGE('',*,*,#6332,.F.);
#3922=ORIENTED_EDGE('',*,*,#6559,.F.);
#3923=ORIENTED_EDGE('',*,*,#6539,.F.);
#3924=ORIENTED_EDGE('',*,*,#6509,.F.);
#3925=ORIENTED_EDGE('',*,*,#6561,.F.);
#3926=ORIENTED_EDGE('',*,*,#6532,.F.);
#3927=CARTESIAN_POINT('',(1.255,0.46,0.35));
#3928=DIRECTION('',(-1.0,0.0,-0.0));
#3929=DIRECTION('',(0.0,0.0,-1.0));
#3930=ORIENTED_EDGE('',*,*,#6538,.F.);
#3931=ORIENTED_EDGE('',*,*,#6560,.F.);
#3932=ORIENTED_EDGE('',*,*,#6489,.F.);
#3933=ORIENTED_EDGE('',*,*,#6524,.F.);
#3934=ORIENTED_EDGE('',*,*,#6562,.F.);
#3935=ORIENTED_EDGE('',*,*,#6522,.F.);
#3936=CARTESIAN_POINT('',(1.255,-0.46,0.349999999999999));
#3937=DIRECTION('',(1.0,-0.0,0.0));
#3938=DIRECTION('',(0.0,0.0,1.0));
#3939=ORIENTED_EDGE('',*,*,#6526,.F.);
#3940=ORIENTED_EDGE('',*,*,#6271,.F.);
#3941=ORIENTED_EDGE('',*,*,#6527,.F.);
#3942=ORIENTED_EDGE('',*,*,#6563,.F.);
#3943=CARTESIAN_POINT('',(1.255,-0.52,0.349999999999999));
#3944=DIRECTION('',(-1.0,0.0,-0.0));
#3945=DIRECTION('',(0.0,0.0,-1.0));
#3946=ORIENTED_EDGE('',*,*,#6530,.F.);
#3947=ORIENTED_EDGE('',*,*,#6553,.F.);
#3948=ORIENTED_EDGE('',*,*,#6534,.F.);
#3949=ORIENTED_EDGE('',*,*,#6565,.F.);
#3950=CARTESIAN_POINT('',(1.255,0.52,0.35));
#3951=DIRECTION('',(1.0,-0.0,0.0));
#3952=DIRECTION('',(0.0,0.0,1.0));
#3953=ORIENTED_EDGE('',*,*,#6542,.F.);
#3954=ORIENTED_EDGE('',*,*,#6547,.F.);
#3955=ORIENTED_EDGE('',*,*,#6544,.F.);
#3956=ORIENTED_EDGE('',*,*,#6564,.F.);
#3957=CARTESIAN_POINT('',(1.255,-0.52,0.349999999999999));
#3958=DIRECTION('',(0.0,-1.0,0.0));
#3959=DIRECTION('',(0.0,0.0,1.0));
#3960=ORIENTED_EDGE('',*,*,#6421,.F.);
#3961=ORIENTED_EDGE('',*,*,#6602,.T.);
#3962=ORIENTED_EDGE('',*,*,#5935,.T.);
#3963=ORIENTED_EDGE('',*,*,#6234,.F.);
#3964=CARTESIAN_POINT('',(0.635,0.0,0.0));
#3965=DIRECTION('',(1.0,0.0,0.0));
#3966=DIRECTION('',(0.0,1.0,0.0));
#3967=ORIENTED_EDGE('',*,*,#6603,.F.);
#3968=ORIENTED_EDGE('',*,*,#5961,.T.);
#3969=ORIENTED_EDGE('',*,*,#6235,.T.);
#3970=ORIENTED_EDGE('',*,*,#5937,.F.);
#3971=CARTESIAN_POINT('',(0.415,0.0,0.0));
#3972=DIRECTION('',(1.0,0.0,0.0));
#3973=DIRECTION('',(0.0,1.0,0.0));
#3974=ORIENTED_EDGE('',*,*,#6604,.T.);
#3975=ORIENTED_EDGE('',*,*,#6605,.T.);
#3976=ORIENTED_EDGE('',*,*,#6391,.F.);
#3977=ORIENTED_EDGE('',*,*,#6239,.F.);
#3978=CARTESIAN_POINT('',(0.635,0.0,0.0));
#3979=DIRECTION('',(1.0,0.0,0.0));
#3980=DIRECTION('',(0.0,1.0,0.0));
#3981=ORIENTED_EDGE('',*,*,#6606,.F.);
#3982=ORIENTED_EDGE('',*,*,#6607,.F.);
#3983=ORIENTED_EDGE('',*,*,#6237,.T.);
#3984=ORIENTED_EDGE('',*,*,#5953,.T.);
#3985=CARTESIAN_POINT('',(0.415,0.0,0.0));
#3986=DIRECTION('',(1.0,0.0,0.0));
#3987=DIRECTION('',(0.0,1.0,0.0));
#3988=ORIENTED_EDGE('',*,*,#6608,.F.);
#3989=ORIENTED_EDGE('',*,*,#6604,.F.);
#3990=ORIENTED_EDGE('',*,*,#6238,.T.);
#3991=ORIENTED_EDGE('',*,*,#6607,.T.);
#3992=CARTESIAN_POINT('',(0.635,0.585,0.14));
#3993=DIRECTION('',(0.0,0.0,1.0));
#3994=DIRECTION('',(1.0,0.0,0.0));
#3995=ORIENTED_EDGE('',*,*,#6372,.F.);
#3996=ORIENTED_EDGE('',*,*,#5981,.T.);
#3997=ORIENTED_EDGE('',*,*,#6125,.F.);
#3998=ORIENTED_EDGE('',*,*,#6122,.T.);
#3999=ORIENTED_EDGE('',*,*,#6041,.F.);
#4000=ORIENTED_EDGE('',*,*,#5829,.F.);
#4001=ORIENTED_EDGE('',*,*,#5791,.F.);
#4002=ORIENTED_EDGE('',*,*,#6218,.F.);
#4003=ORIENTED_EDGE('',*,*,#6013,.F.);
#4004=ORIENTED_EDGE('',*,*,#5859,.F.);
#4005=ORIENTED_EDGE('',*,*,#5850,.F.);
#4006=ORIENTED_EDGE('',*,*,#6407,.F.);
#4007=CARTESIAN_POINT('',(-0.765,0.0,0.0));
#4008=DIRECTION('',(1.0,0.0,0.0));
#4009=DIRECTION('',(0.0,1.0,0.0));
#4010=ORIENTED_EDGE('',*,*,#6136,.F.);
#4011=ORIENTED_EDGE('',*,*,#6609,.T.);
#4012=ORIENTED_EDGE('',*,*,#6347,.F.);
#4013=ORIENTED_EDGE('',*,*,#6404,.F.);
#4014=ORIENTED_EDGE('',*,*,#5890,.F.);
#4015=ORIENTED_EDGE('',*,*,#5881,.F.);
#4016=ORIENTED_EDGE('',*,*,#6010,.F.);
#4017=ORIENTED_EDGE('',*,*,#6251,.F.);
#4018=ORIENTED_EDGE('',*,*,#5809,.F.);
#4019=ORIENTED_EDGE('',*,*,#5839,.F.);
#4020=ORIENTED_EDGE('',*,*,#6061,.F.);
#4021=ORIENTED_EDGE('',*,*,#6159,.T.);
#4022=CARTESIAN_POINT('',(-0.765,0.0,0.0));
#4023=DIRECTION('',(1.0,0.0,0.0));
#4024=DIRECTION('',(0.0,1.0,0.0));
#4025=ORIENTED_EDGE('',*,*,#6446,.F.);
#4026=ORIENTED_EDGE('',*,*,#6175,.F.);
#4027=ORIENTED_EDGE('',*,*,#6610,.F.);
#4028=ORIENTED_EDGE('',*,*,#6611,.F.);
#4029=CARTESIAN_POINT('',(-0.96,0.350000000000001,0.28));
#4030=DIRECTION('',(1.0,0.0,0.0));
#4031=DIRECTION('',(0.0,1.0,0.0));
#4032=ORIENTED_EDGE('',*,*,#6612,.T.);
#4033=ORIENTED_EDGE('',*,*,#6433,.F.);
#4034=ORIENTED_EDGE('',*,*,#6611,.T.);
#4035=ORIENTED_EDGE('',*,*,#6613,.F.);
#4036=CARTESIAN_POINT('',(-0.96,0.4,0.28));
#4037=DIRECTION('',(0.0,-1.0,0.0));
#4038=DIRECTION('',(0.0,0.0,-1.0));
#4039=ORIENTED_EDGE('',*,*,#6143,.T.);
#4040=ORIENTED_EDGE('',*,*,#6614,.T.);
#4041=ORIENTED_EDGE('',*,*,#6615,.T.);
#4042=ORIENTED_EDGE('',*,*,#6613,.T.);
#4043=ORIENTED_EDGE('',*,*,#6610,.T.);
#4044=ORIENTED_EDGE('',*,*,#6174,.F.);
#4045=CARTESIAN_POINT('',(0.0,0.0,0.28));
#4046=DIRECTION('',(0.0,0.0,-1.0));
#4047=DIRECTION('',(0.0,-1.0,0.0));
#4048=ORIENTED_EDGE('',*,*,#6126,.F.);
#4049=ORIENTED_EDGE('',*,*,#5979,.T.);
#4050=ORIENTED_EDGE('',*,*,#6204,.F.);
#4051=ORIENTED_EDGE('',*,*,#6616,.F.);
#4052=ORIENTED_EDGE('',*,*,#6617,.F.);
#4053=ORIENTED_EDGE('',*,*,#6618,.F.);
#4054=CARTESIAN_POINT('',(-0.785000000000001,-0.350000000000001,0.28));
#4055=DIRECTION('',(-1.0,0.0,0.0));
#4056=DIRECTION('',(0.0,0.0,1.0));
#4057=ORIENTED_EDGE('',*,*,#6619,.T.);
#4058=ORIENTED_EDGE('',*,*,#6620,.F.);
#4059=ORIENTED_EDGE('',*,*,#6621,.F.);
#4060=ORIENTED_EDGE('',*,*,#6443,.F.);
#4061=CARTESIAN_POINT('',(-0.785000000000001,-0.4,0.28));
#4062=DIRECTION('',(-0.0,1.0,0.0));
#4063=DIRECTION('',(1.0,0.0,0.0));
#4064=ORIENTED_EDGE('',*,*,#6444,.F.);
#4065=ORIENTED_EDGE('',*,*,#6621,.T.);
#4066=ORIENTED_EDGE('',*,*,#6622,.F.);
#4067=ORIENTED_EDGE('',*,*,#6202,.T.);
#4068=CARTESIAN_POINT('',(-0.96,-0.4,0.28));
#4069=DIRECTION('',(1.0,0.0,0.0));
#4070=DIRECTION('',(0.0,1.0,0.0));
#4071=ORIENTED_EDGE('',*,*,#6620,.T.);
#4072=ORIENTED_EDGE('',*,*,#6623,.T.);
#4073=ORIENTED_EDGE('',*,*,#6624,.T.);
#4074=ORIENTED_EDGE('',*,*,#6616,.T.);
#4075=ORIENTED_EDGE('',*,*,#6203,.F.);
#4076=ORIENTED_EDGE('',*,*,#6622,.T.);
#4077=CARTESIAN_POINT('',(0.0,0.0,0.28));
#4078=DIRECTION('',(0.0,0.0,-1.0));
#4079=DIRECTION('',(0.0,-1.0,0.0));
#4080=ORIENTED_EDGE('',*,*,#6453,.F.);
#4081=ORIENTED_EDGE('',*,*,#6625,.F.);
#4082=ORIENTED_EDGE('',*,*,#6114,.F.);
#4083=ORIENTED_EDGE('',*,*,#6029,.F.);
#4084=ORIENTED_EDGE('',*,*,#6626,.F.);
#4085=CARTESIAN_POINT('',(-1.275,-0.54,0.18));
#4086=DIRECTION('',(0.0,-8.19455130366945E-16,1.0));
#4087=DIRECTION('',(0.0,-1.0,-8.19455130366945E-16));
#4088=ORIENTED_EDGE('',*,*,#6454,.F.);
#4089=ORIENTED_EDGE('',*,*,#6626,.T.);
#4090=ORIENTED_EDGE('',*,*,#6028,.F.);
#4091=ORIENTED_EDGE('',*,*,#6150,.F.);
#4092=CARTESIAN_POINT('',(-1.275,-0.109999999999997,0.18));
#4093=DIRECTION('',(0.0,1.0,3.76459087668578E-16));
#4094=DIRECTION('',(0.0,3.76459087668578E-16,-1.0));
#4095=ORIENTED_EDGE('',*,*,#6026,.F.);
#4096=ORIENTED_EDGE('',*,*,#6627,.F.);
#4097=ORIENTED_EDGE('',*,*,#6148,.F.);
#4098=ORIENTED_EDGE('',*,*,#6151,.F.);
#4099=CARTESIAN_POINT('',(-1.275,0.109999999999997,1.66533453693773E-16));
#4100=DIRECTION('',(0.0,-1.0,6.7762635780344E-16));
#4101=DIRECTION('',(-1.0,0.0,0.0));
#4102=ORIENTED_EDGE('',*,*,#6109,.T.);
#4103=ORIENTED_EDGE('',*,*,#6628,.F.);
#4104=ORIENTED_EDGE('',*,*,#6144,.F.);
#4105=ORIENTED_EDGE('',*,*,#6627,.T.);
#4106=ORIENTED_EDGE('',*,*,#6025,.F.);
#4107=CARTESIAN_POINT('',(-1.275,0.109999999999997,0.18));
#4108=DIRECTION('',(0.0,8.19455130366945E-16,1.0));
#4109=DIRECTION('',(0.0,-1.0,8.19455130366945E-16));
#4110=ORIENTED_EDGE('',*,*,#6129,.F.);
#4111=ORIENTED_EDGE('',*,*,#6629,.F.);
#4112=ORIENTED_EDGE('',*,*,#6630,.T.);
#4113=ORIENTED_EDGE('',*,*,#6631,.T.);
#4114=CARTESIAN_POINT('',(-1.255,-0.52,0.440000000000001));
#4115=DIRECTION('',(0.0,0.0,1.0));
#4116=DIRECTION('',(-1.0,0.0,0.0));
#4117=ORIENTED_EDGE('',*,*,#6132,.F.);
#4118=ORIENTED_EDGE('',*,*,#6632,.F.);
#4119=ORIENTED_EDGE('',*,*,#6633,.T.);
#4120=ORIENTED_EDGE('',*,*,#6634,.T.);
#4121=CARTESIAN_POINT('',(-1.255,0.52,0.44));
#4122=DIRECTION('',(0.0,0.0,1.0));
#4123=DIRECTION('',(-1.0,0.0,0.0));
#4124=ORIENTED_EDGE('',*,*,#6635,.F.);
#4125=ORIENTED_EDGE('',*,*,#6636,.F.);
#4126=ORIENTED_EDGE('',*,*,#6637,.T.);
#4127=ORIENTED_EDGE('',*,*,#6435,.F.);
#4128=CARTESIAN_POINT('',(-0.98,0.43,0.44));
#4129=DIRECTION('',(0.0,0.0,1.0));
#4130=DIRECTION('',(-1.0,0.0,0.0));
#4131=ORIENTED_EDGE('',*,*,#6436,.F.);
#4132=ORIENTED_EDGE('',*,*,#6637,.F.);
#4133=ORIENTED_EDGE('',*,*,#6638,.T.);
#4134=ORIENTED_EDGE('',*,*,#6639,.T.);
#4135=CARTESIAN_POINT('',(-0.98,0.46,0.44));
#4136=DIRECTION('',(0.0,-1.0,0.0));
#4137=DIRECTION('',(0.0,0.0,-1.0));
#4138=ORIENTED_EDGE('',*,*,#6437,.F.);
#4139=ORIENTED_EDGE('',*,*,#6639,.F.);
#4140=ORIENTED_EDGE('',*,*,#6640,.T.);
#4141=ORIENTED_EDGE('',*,*,#6641,.T.);
#4142=CARTESIAN_POINT('',(-1.035,0.43,0.44));
#4143=DIRECTION('',(0.0,0.0,1.0));
#4144=DIRECTION('',(-1.0,0.0,0.0));
#4145=ORIENTED_EDGE('',*,*,#6438,.F.);
#4146=ORIENTED_EDGE('',*,*,#6641,.F.);
#4147=ORIENTED_EDGE('',*,*,#6642,.T.);
#4148=ORIENTED_EDGE('',*,*,#6643,.T.);
#4149=CARTESIAN_POINT('',(-1.065,0.43,0.44));
#4150=DIRECTION('',(1.0,0.0,0.0));
#4151=DIRECTION('',(0.0,1.0,0.0));
#4152=ORIENTED_EDGE('',*,*,#6439,.F.);
#4153=ORIENTED_EDGE('',*,*,#6643,.F.);
#4154=ORIENTED_EDGE('',*,*,#6644,.T.);
#4155=ORIENTED_EDGE('',*,*,#6645,.T.);
#4156=CARTESIAN_POINT('',(-1.035,-0.43,0.440000000000001));
#4157=DIRECTION('',(0.0,0.0,1.0));
#4158=DIRECTION('',(-1.0,0.0,0.0));
#4159=ORIENTED_EDGE('',*,*,#6440,.F.);
#4160=ORIENTED_EDGE('',*,*,#6645,.F.);
#4161=ORIENTED_EDGE('',*,*,#6646,.T.);
#4162=ORIENTED_EDGE('',*,*,#6647,.T.);
#4163=CARTESIAN_POINT('',(-1.035,-0.46,0.44));
#4164=DIRECTION('',(-0.0,1.0,0.0));
#4165=DIRECTION('',(1.0,0.0,0.0));
#4166=ORIENTED_EDGE('',*,*,#6647,.F.);
#4167=ORIENTED_EDGE('',*,*,#6648,.F.);
#4168=ORIENTED_EDGE('',*,*,#6649,.T.);
#4169=ORIENTED_EDGE('',*,*,#6441,.F.);
#4170=CARTESIAN_POINT('',(-0.98,-0.43,0.440000000000001));
#4171=DIRECTION('',(0.0,0.0,1.0));
#4172=DIRECTION('',(-1.0,0.0,0.0));
#4173=ORIENTED_EDGE('',*,*,#6650,.F.);
#4174=ORIENTED_EDGE('',*,*,#6651,.F.);
#4175=ORIENTED_EDGE('',*,*,#6635,.T.);
#4176=ORIENTED_EDGE('',*,*,#6434,.F.);
#4177=ORIENTED_EDGE('',*,*,#6612,.F.);
#4178=ORIENTED_EDGE('',*,*,#6615,.F.);
#4179=CARTESIAN_POINT('',(-0.95,0.37,0.44));
#4180=DIRECTION('',(-1.0,0.0,0.0));
#4181=DIRECTION('',(0.0,0.0,1.0));
#4182=ORIENTED_EDGE('',*,*,#6649,.F.);
#4183=ORIENTED_EDGE('',*,*,#6652,.F.);
#4184=ORIENTED_EDGE('',*,*,#6653,.T.);
#4185=ORIENTED_EDGE('',*,*,#6623,.F.);
#4186=ORIENTED_EDGE('',*,*,#6619,.F.);
#4187=ORIENTED_EDGE('',*,*,#6442,.F.);
#4188=CARTESIAN_POINT('',(-0.95,-0.43,0.44));
#4189=DIRECTION('',(-1.0,0.0,0.0));
#4190=DIRECTION('',(0.0,0.0,1.0));
#4191=ORIENTED_EDGE('',*,*,#6631,.F.);
#4192=ORIENTED_EDGE('',*,*,#6654,.F.);
#4193=ORIENTED_EDGE('',*,*,#6655,.T.);
#4194=ORIENTED_EDGE('',*,*,#6656,.F.);
#4195=ORIENTED_EDGE('',*,*,#6016,.T.);
#4196=ORIENTED_EDGE('',*,*,#6130,.F.);
#4197=CARTESIAN_POINT('',(-1.255,-0.49,0.44));
#4198=DIRECTION('',(0.0,-1.0,0.0));
#4199=DIRECTION('',(0.0,0.0,-1.0));
#4200=ORIENTED_EDGE('',*,*,#6657,.F.);
#4201=ORIENTED_EDGE('',*,*,#6658,.F.);
#4202=ORIENTED_EDGE('',*,*,#6632,.T.);
#4203=ORIENTED_EDGE('',*,*,#6131,.F.);
#4204=ORIENTED_EDGE('',*,*,#6022,.T.);
#4205=ORIENTED_EDGE('',*,*,#6659,.T.);
#4206=CARTESIAN_POINT('',(-1.345,0.49,0.44));
#4207=DIRECTION('',(-0.0,1.0,0.0));
#4208=DIRECTION('',(1.0,0.0,0.0));
#4209=ORIENTED_EDGE('',*,*,#6127,.F.);
#4210=ORIENTED_EDGE('',*,*,#6660,.F.);
#4211=ORIENTED_EDGE('',*,*,#6661,.T.);
#4212=ORIENTED_EDGE('',*,*,#6662,.F.);
#4213=ORIENTED_EDGE('',*,*,#6100,.T.);
#4214=ORIENTED_EDGE('',*,*,#6663,.F.);
#4215=ORIENTED_EDGE('',*,*,#6124,.F.);
#4216=CARTESIAN_POINT('',(-0.785,-0.37,0.44));
#4217=DIRECTION('',(1.0,0.0,0.0));
#4218=DIRECTION('',(0.0,1.0,0.0));
#4219=ORIENTED_EDGE('',*,*,#6102,.F.);
#4220=ORIENTED_EDGE('',*,*,#6664,.F.);
#4221=ORIENTED_EDGE('',*,*,#6629,.T.);
#4222=ORIENTED_EDGE('',*,*,#6128,.F.);
#4223=ORIENTED_EDGE('',*,*,#6118,.F.);
#4224=ORIENTED_EDGE('',*,*,#6665,.T.);
#4225=CARTESIAN_POINT('',(-1.225,-0.61,0.44));
#4226=DIRECTION('',(-1.0,-9.63735264431561E-15,0.0));
#4227=DIRECTION('',(-9.63735264431561E-15,1.0,0.0));
#4228=ORIENTED_EDGE('',*,*,#6655,.F.);
#4229=ORIENTED_EDGE('',*,*,#6666,.F.);
#4230=ORIENTED_EDGE('',*,*,#6657,.T.);
#4231=ORIENTED_EDGE('',*,*,#6667,.F.);
#4232=ORIENTED_EDGE('',*,*,#6668,.F.);
#4233=ORIENTED_EDGE('',*,*,#6669,.F.);
#4234=ORIENTED_EDGE('',*,*,#6670,.F.);
#4235=ORIENTED_EDGE('',*,*,#6671,.F.);
#4236=CARTESIAN_POINT('',(-1.345,-0.49,0.44));
#4237=DIRECTION('',(-1.0,0.0,0.0));
#4238=DIRECTION('',(0.0,0.0,1.0));
#4239=ORIENTED_EDGE('',*,*,#6634,.F.);
#4240=ORIENTED_EDGE('',*,*,#6672,.F.);
#4241=ORIENTED_EDGE('',*,*,#6673,.T.);
#4242=ORIENTED_EDGE('',*,*,#6674,.F.);
#4243=ORIENTED_EDGE('',*,*,#6111,.F.);
#4244=ORIENTED_EDGE('',*,*,#6133,.F.);
#4245=CARTESIAN_POINT('',(-1.225,0.52,0.44));
#4246=DIRECTION('',(-1.0,0.0,0.0));
#4247=DIRECTION('',(0.0,0.0,1.0));
#4248=ORIENTED_EDGE('',*,*,#6673,.F.);
#4249=ORIENTED_EDGE('',*,*,#6675,.F.);
#4250=ORIENTED_EDGE('',*,*,#6676,.T.);
#4251=ORIENTED_EDGE('',*,*,#6677,.T.);
#4252=ORIENTED_EDGE('',*,*,#6678,.T.);
#4253=ORIENTED_EDGE('',*,*,#6679,.F.);
#4254=ORIENTED_EDGE('',*,*,#6680,.T.);
#4255=ORIENTED_EDGE('',*,*,#6681,.T.);
#4256=CARTESIAN_POINT('',(-1.225,0.61,0.44));
#4257=DIRECTION('',(-0.0,1.0,0.0));
#4258=DIRECTION('',(1.0,0.0,0.0));
#4259=ORIENTED_EDGE('',*,*,#6682,.T.);
#4260=ORIENTED_EDGE('',*,*,#6683,.F.);
#4261=ORIENTED_EDGE('',*,*,#6138,.F.);
#4262=ORIENTED_EDGE('',*,*,#6158,.F.);
#4263=ORIENTED_EDGE('',*,*,#6684,.T.);
#4264=ORIENTED_EDGE('',*,*,#6676,.F.);
#4265=ORIENTED_EDGE('',*,*,#6685,.F.);
#4266=CARTESIAN_POINT('',(-0.785,0.61,0.44));
#4267=DIRECTION('',(1.0,0.0,0.0));
#4268=DIRECTION('',(0.0,1.0,0.0));
#4269=ORIENTED_EDGE('',*,*,#6142,.F.);
#4270=ORIENTED_EDGE('',*,*,#6686,.F.);
#4271=ORIENTED_EDGE('',*,*,#6650,.T.);
#4272=ORIENTED_EDGE('',*,*,#6614,.F.);
#4273=CARTESIAN_POINT('',(-0.785,0.37,0.44));
#4274=DIRECTION('',(0.0,-1.0,0.0));
#4275=DIRECTION('',(0.0,0.0,-1.0));
#4276=ORIENTED_EDGE('',*,*,#6653,.F.);
#4277=ORIENTED_EDGE('',*,*,#6687,.F.);
#4278=ORIENTED_EDGE('',*,*,#6617,.T.);
#4279=ORIENTED_EDGE('',*,*,#6624,.F.);
#4280=CARTESIAN_POINT('',(-0.95,-0.37,0.44));
#4281=DIRECTION('',(-0.0,1.0,0.0));
#4282=DIRECTION('',(1.0,0.0,0.0));
#4283=ORIENTED_EDGE('',*,*,#6638,.F.);
#4284=ORIENTED_EDGE('',*,*,#6688,.F.);
#4285=ORIENTED_EDGE('',*,*,#6682,.F.);
#4286=ORIENTED_EDGE('',*,*,#6689,.F.);
#4287=ORIENTED_EDGE('',*,*,#6633,.F.);
#4288=ORIENTED_EDGE('',*,*,#6690,.F.);
#4289=ORIENTED_EDGE('',*,*,#6630,.F.);
#4290=ORIENTED_EDGE('',*,*,#6691,.F.);
#4291=ORIENTED_EDGE('',*,*,#6661,.F.);
#4292=ORIENTED_EDGE('',*,*,#6692,.F.);
#4293=ORIENTED_EDGE('',*,*,#6646,.F.);
#4294=ORIENTED_EDGE('',*,*,#6644,.F.);
#4295=ORIENTED_EDGE('',*,*,#6642,.F.);
#4296=ORIENTED_EDGE('',*,*,#6640,.F.);
#4297=CARTESIAN_POINT('',(-1.255,-0.52,0.440000000000001));
#4298=DIRECTION('',(0.0,0.0,1.0));
#4299=DIRECTION('',(1.0,0.0,0.0));
#4300=ORIENTED_EDGE('',*,*,#6693,.F.);
#4301=ORIENTED_EDGE('',*,*,#6120,.F.);
#4302=ORIENTED_EDGE('',*,*,#6663,.T.);
#4303=ORIENTED_EDGE('',*,*,#6107,.T.);
#4304=CARTESIAN_POINT('',(-0.785,0.083000000000002,0.125000000000001));
#4305=DIRECTION('',(-0.707106781186542,-4.03498267548259E-16,0.707106781186553));
#4306=DIRECTION('',(-5.706327223608E-16,1.0,0.0));
#4307=ORIENTED_EDGE('',*,*,#6694,.F.);
#4308=ORIENTED_EDGE('',*,*,#6043,.F.);
#4309=ORIENTED_EDGE('',*,*,#6121,.F.);
#4310=ORIENTED_EDGE('',*,*,#6693,.T.);
#4311=ORIENTED_EDGE('',*,*,#6106,.T.);
#4312=ORIENTED_EDGE('',*,*,#6695,.F.);
#4313=ORIENTED_EDGE('',*,*,#6696,.F.);
#4314=ORIENTED_EDGE('',*,*,#6697,.F.);
#4315=ORIENTED_EDGE('',*,*,#6698,.F.);
#4316=CARTESIAN_POINT('',(-0.825000000000001,0.083000000000002,0.0850000000000006));
#4317=DIRECTION('',(-1.0,0.0,0.0));
#4318=DIRECTION('',(0.0,0.0,1.0));
#4319=ORIENTED_EDGE('',*,*,#6104,.T.);
#4320=ORIENTED_EDGE('',*,*,#6699,.F.);
#4321=ORIENTED_EDGE('',*,*,#6116,.F.);
#4322=ORIENTED_EDGE('',*,*,#6045,.T.);
#4323=ORIENTED_EDGE('',*,*,#6700,.F.);
#4324=ORIENTED_EDGE('',*,*,#6701,.F.);
#4325=ORIENTED_EDGE('',*,*,#6702,.F.);
#4326=ORIENTED_EDGE('',*,*,#6703,.F.);
#4327=ORIENTED_EDGE('',*,*,#6704,.F.);
#4328=CARTESIAN_POINT('',(-0.975,0.083000000000002,6.17493081521061E-16));
#4329=DIRECTION('',(1.0,0.0,0.0));
#4330=DIRECTION('',(0.0,1.0,0.0));
#4331=ORIENTED_EDGE('',*,*,#6665,.F.);
#4332=ORIENTED_EDGE('',*,*,#6117,.F.);
#4333=ORIENTED_EDGE('',*,*,#6699,.T.);
#4334=ORIENTED_EDGE('',*,*,#6103,.T.);
#4335=CARTESIAN_POINT('',(-0.975,0.083000000000002,0.100000000000001));
#4336=DIRECTION('',(0.0,-5.70632722360792E-16,1.0));
#4337=DIRECTION('',(0.0,-1.0,-5.70632722360792E-16));
#4338=ORIENTED_EDGE('',*,*,#6684,.F.);
#4339=ORIENTED_EDGE('',*,*,#6157,.T.);
#4340=ORIENTED_EDGE('',*,*,#6705,.T.);
#4341=ORIENTED_EDGE('',*,*,#6677,.F.);
#4342=CARTESIAN_POINT('',(-0.785,-0.083000000000002,0.125000000000001));
#4343=DIRECTION('',(0.707106781186542,-4.03498267548259E-16,-0.707106781186553));
#4344=DIRECTION('',(0.0,-1.0,5.70632722360791E-16));
#4345=ORIENTED_EDGE('',*,*,#6678,.F.);
#4346=ORIENTED_EDGE('',*,*,#6705,.F.);
#4347=ORIENTED_EDGE('',*,*,#6160,.T.);
#4348=ORIENTED_EDGE('',*,*,#6059,.T.);
#4349=ORIENTED_EDGE('',*,*,#6706,.F.);
#4350=ORIENTED_EDGE('',*,*,#6707,.F.);
#4351=ORIENTED_EDGE('',*,*,#6708,.F.);
#4352=ORIENTED_EDGE('',*,*,#6709,.F.);
#4353=ORIENTED_EDGE('',*,*,#6710,.F.);
#4354=CARTESIAN_POINT('',(-0.825000000000001,-0.083000000000002,0.0850000000000006));
#4355=DIRECTION('',(1.0,0.0,0.0));
#4356=DIRECTION('',(0.0,1.0,0.0));
#4357=ORIENTED_EDGE('',*,*,#6711,.F.);
#4358=ORIENTED_EDGE('',*,*,#6057,.F.);
#4359=ORIENTED_EDGE('',*,*,#6113,.T.);
#4360=ORIENTED_EDGE('',*,*,#6712,.T.);
#4361=ORIENTED_EDGE('',*,*,#6680,.F.);
#4362=ORIENTED_EDGE('',*,*,#6713,.F.);
#4363=ORIENTED_EDGE('',*,*,#6714,.F.);
#4364=ORIENTED_EDGE('',*,*,#6715,.F.);
#4365=ORIENTED_EDGE('',*,*,#6716,.F.);
#4366=CARTESIAN_POINT('',(-0.975,-0.083000000000002,6.17493081521061E-16));
#4367=DIRECTION('',(-1.0,0.0,0.0));
#4368=DIRECTION('',(0.0,0.0,1.0));
#4369=ORIENTED_EDGE('',*,*,#6712,.F.);
#4370=ORIENTED_EDGE('',*,*,#6112,.T.);
#4371=ORIENTED_EDGE('',*,*,#6674,.T.);
#4372=ORIENTED_EDGE('',*,*,#6681,.F.);
#4373=CARTESIAN_POINT('',(-0.975,-0.083000000000002,0.100000000000001));
#4374=DIRECTION('',(0.0,-5.70632722360792E-16,-1.0));
#4375=DIRECTION('',(0.0,-1.0,5.70632722360792E-16));
#4376=ORIENTED_EDGE('',*,*,#6700,.T.);
#4377=ORIENTED_EDGE('',*,*,#6044,.T.);
#4378=ORIENTED_EDGE('',*,*,#6694,.T.);
#4379=ORIENTED_EDGE('',*,*,#6717,.F.);
#4380=CARTESIAN_POINT('',(-2.31,-0.64,0.0700000000000005));
#4381=DIRECTION('',(-1.0,0.0,-0.0));
#4382=DIRECTION('',(0.0,0.0,-1.0));
#4383=ORIENTED_EDGE('',*,*,#6702,.T.);
#4384=ORIENTED_EDGE('',*,*,#6718,.T.);
#4385=ORIENTED_EDGE('',*,*,#6697,.T.);
#4386=ORIENTED_EDGE('',*,*,#6719,.F.);
#4387=CARTESIAN_POINT('',(-2.31,-0.885,-0.0199999999999992));
#4388=DIRECTION('',(-0.0,1.0,0.0));
#4389=DIRECTION('',(1.0,0.0,0.0));
#4390=ORIENTED_EDGE('',*,*,#6703,.T.);
#4391=ORIENTED_EDGE('',*,*,#6719,.T.);
#4392=ORIENTED_EDGE('',*,*,#6696,.T.);
#4393=ORIENTED_EDGE('',*,*,#6720,.F.);
#4394=CARTESIAN_POINT('',(-2.31,-0.885,0.0400000000000004));
#4395=DIRECTION('',(0.0,3.07006227412987E-15,-1.0));
#4396=DIRECTION('',(-1.0,0.0,0.0));
#4397=ORIENTED_EDGE('',*,*,#6704,.T.);
#4398=ORIENTED_EDGE('',*,*,#6720,.T.);
#4399=ORIENTED_EDGE('',*,*,#6695,.T.);
#4400=ORIENTED_EDGE('',*,*,#6105,.F.);
#4401=CARTESIAN_POINT('',(-2.31,-0.64,0.0700000000000005));
#4402=DIRECTION('',(-1.0,0.0,-0.0));
#4403=DIRECTION('',(0.0,0.0,-1.0));
#4404=ORIENTED_EDGE('',*,*,#6701,.T.);
#4405=ORIENTED_EDGE('',*,*,#6717,.T.);
#4406=ORIENTED_EDGE('',*,*,#6698,.T.);
#4407=ORIENTED_EDGE('',*,*,#6718,.F.);
#4408=CARTESIAN_POINT('',(-2.31,-0.64,-0.019999999999999));
#4409=DIRECTION('',(0.0,-1.02335409137662E-15,1.0));
#4410=DIRECTION('',(0.0,-1.0,-1.02335409137662E-15));
#4411=ORIENTED_EDGE('',*,*,#6706,.T.);
#4412=ORIENTED_EDGE('',*,*,#6058,.T.);
#4413=ORIENTED_EDGE('',*,*,#6711,.T.);
#4414=ORIENTED_EDGE('',*,*,#6721,.T.);
#4415=CARTESIAN_POINT('',(-2.31,0.64,0.0700000000000004));
#4416=DIRECTION('',(-1.0,0.0,-0.0));
#4417=DIRECTION('',(0.0,0.0,-1.0));
#4418=ORIENTED_EDGE('',*,*,#6713,.T.);
#4419=ORIENTED_EDGE('',*,*,#6679,.T.);
#4420=ORIENTED_EDGE('',*,*,#6710,.T.);
#4421=ORIENTED_EDGE('',*,*,#6722,.F.);
#4422=CARTESIAN_POINT('',(-2.31,0.64,0.0700000000000004));
#4423=DIRECTION('',(-1.0,0.0,-0.0));
#4424=DIRECTION('',(0.0,0.0,-1.0));
#4425=ORIENTED_EDGE('',*,*,#6714,.T.);
#4426=ORIENTED_EDGE('',*,*,#6722,.T.);
#4427=ORIENTED_EDGE('',*,*,#6709,.T.);
#4428=ORIENTED_EDGE('',*,*,#6723,.F.);
#4429=CARTESIAN_POINT('',(-2.31,0.64,0.0400000000000012));
#4430=DIRECTION('',(0.0,-3.07006227412987E-15,-1.0));
#4431=DIRECTION('',(0.0,-1.0,3.07006227412987E-15));
#4432=ORIENTED_EDGE('',*,*,#6715,.T.);
#4433=ORIENTED_EDGE('',*,*,#6723,.T.);
#4434=ORIENTED_EDGE('',*,*,#6708,.T.);
#4435=ORIENTED_EDGE('',*,*,#6724,.F.);
#4436=CARTESIAN_POINT('',(-2.31,0.885,0.0400000000000004));
#4437=DIRECTION('',(0.0,-1.0,0.0));
#4438=DIRECTION('',(0.0,0.0,-1.0));
#4439=ORIENTED_EDGE('',*,*,#6716,.T.);
#4440=ORIENTED_EDGE('',*,*,#6724,.T.);
#4441=ORIENTED_EDGE('',*,*,#6707,.T.);
#4442=ORIENTED_EDGE('',*,*,#6721,.F.);
#4443=CARTESIAN_POINT('',(-2.31,0.885,-0.0199999999999993));
#4444=DIRECTION('',(0.0,1.29993627823517E-15,1.0));
#4445=DIRECTION('',(0.0,-1.0,1.29993627823517E-15));
#4446=ORIENTED_EDGE('',*,*,#6017,.T.);
#4447=ORIENTED_EDGE('',*,*,#6656,.T.);
#4448=ORIENTED_EDGE('',*,*,#6671,.T.);
#4449=ORIENTED_EDGE('',*,*,#6725,.F.);
#4450=CARTESIAN_POINT('',(-0.652000000000004,-0.49,0.200000000000001));
#4451=DIRECTION('',(0.0,0.0,1.0));
#4452=DIRECTION('',(1.0,0.0,0.0));
#4453=ORIENTED_EDGE('',*,*,#6018,.T.);
#4454=ORIENTED_EDGE('',*,*,#6725,.T.);
#4455=ORIENTED_EDGE('',*,*,#6670,.T.);
#4456=ORIENTED_EDGE('',*,*,#6726,.F.);
#4457=CARTESIAN_POINT('',(-0.652000000000004,-0.09,0.200000000000001));
#4458=DIRECTION('',(-0.0,1.0,0.0));
#4459=DIRECTION('',(1.0,0.0,0.0));
#4460=ORIENTED_EDGE('',*,*,#6019,.T.);
#4461=ORIENTED_EDGE('',*,*,#6726,.T.);
#4462=ORIENTED_EDGE('',*,*,#6669,.T.);
#4463=ORIENTED_EDGE('',*,*,#6727,.F.);
#4464=CARTESIAN_POINT('',(-0.652000000000004,-0.09,0.0700000000000008));
#4465=DIRECTION('',(0.0,0.0,1.0));
#4466=DIRECTION('',(1.0,0.0,0.0));
#4467=ORIENTED_EDGE('',*,*,#6020,.T.);
#4468=ORIENTED_EDGE('',*,*,#6727,.T.);
#4469=ORIENTED_EDGE('',*,*,#6668,.T.);
#4470=ORIENTED_EDGE('',*,*,#6728,.F.);
#4471=CARTESIAN_POINT('',(-0.652000000000004,0.09,0.0700000000000008));
#4472=DIRECTION('',(0.0,-1.0,0.0));
#4473=DIRECTION('',(0.0,0.0,-1.0));
#4474=ORIENTED_EDGE('',*,*,#6021,.T.);
#4475=ORIENTED_EDGE('',*,*,#6728,.T.);
#4476=ORIENTED_EDGE('',*,*,#6667,.T.);
#4477=ORIENTED_EDGE('',*,*,#6659,.F.);
#4478=CARTESIAN_POINT('',(-0.652000000000004,0.09,0.200000000000001));
#4479=DIRECTION('',(0.0,0.0,1.0));
#4480=DIRECTION('',(1.0,0.0,0.0));
#4481=ORIENTED_EDGE('',*,*,#6047,.T.);
#4482=ORIENTED_EDGE('',*,*,#6115,.T.);
#4483=ORIENTED_EDGE('',*,*,#6625,.T.);
#4484=ORIENTED_EDGE('',*,*,#6452,.F.);
#4485=CARTESIAN_POINT('',(-1.305,-0.49,0.234999999999999));
#4486=DIRECTION('',(0.0,-5.42101086242752E-16,1.0));
#4487=DIRECTION('',(0.0,1.0,5.42101086242752E-16));
#4488=ORIENTED_EDGE('',*,*,#6628,.T.);
#4489=ORIENTED_EDGE('',*,*,#6108,.T.);
#4490=ORIENTED_EDGE('',*,*,#6055,.T.);
#4491=ORIENTED_EDGE('',*,*,#6145,.F.);
#4492=CARTESIAN_POINT('',(-1.305,0.49,0.235));
#4493=DIRECTION('',(0.0,0.0,-1.0));
#4494=DIRECTION('',(1.0,0.0,0.0));
#4495=ORIENTED_EDGE('',*,*,#6683,.T.);
#4496=ORIENTED_EDGE('',*,*,#6688,.T.);
#4497=ORIENTED_EDGE('',*,*,#6636,.T.);
#4498=ORIENTED_EDGE('',*,*,#6651,.T.);
#4499=ORIENTED_EDGE('',*,*,#6686,.T.);
#4500=ORIENTED_EDGE('',*,*,#6141,.T.);
#4501=CARTESIAN_POINT('',(-0.785,0.46,0.350000000000001));
#4502=DIRECTION('',(1.0,-0.0,0.0));
#4503=DIRECTION('',(0.0,0.0,1.0));
#4504=ORIENTED_EDGE('',*,*,#6648,.T.);
#4505=ORIENTED_EDGE('',*,*,#6692,.T.);
#4506=ORIENTED_EDGE('',*,*,#6660,.T.);
#4507=ORIENTED_EDGE('',*,*,#6618,.T.);
#4508=ORIENTED_EDGE('',*,*,#6687,.T.);
#4509=ORIENTED_EDGE('',*,*,#6652,.T.);
#4510=CARTESIAN_POINT('',(-0.95,-0.46,0.350000000000001));
#4511=DIRECTION('',(-1.0,0.0,-0.0));
#4512=DIRECTION('',(0.0,0.0,-1.0));
#4513=ORIENTED_EDGE('',*,*,#6662,.T.);
#4514=ORIENTED_EDGE('',*,*,#6691,.T.);
#4515=ORIENTED_EDGE('',*,*,#6664,.T.);
#4516=ORIENTED_EDGE('',*,*,#6101,.T.);
#4517=CARTESIAN_POINT('',(-0.785,-0.52,0.350000000000001));
#4518=DIRECTION('',(1.0,-0.0,0.0));
#4519=DIRECTION('',(0.0,0.0,1.0));
#4520=ORIENTED_EDGE('',*,*,#6672,.T.);
#4521=ORIENTED_EDGE('',*,*,#6689,.T.);
#4522=ORIENTED_EDGE('',*,*,#6685,.T.);
#4523=ORIENTED_EDGE('',*,*,#6675,.T.);
#4524=CARTESIAN_POINT('',(-1.225,0.52,0.350000000000001));
#4525=DIRECTION('',(-1.0,0.0,-0.0));
#4526=DIRECTION('',(0.0,0.0,-1.0));
#4527=ORIENTED_EDGE('',*,*,#6654,.T.);
#4528=ORIENTED_EDGE('',*,*,#6690,.T.);
#4529=ORIENTED_EDGE('',*,*,#6658,.T.);
#4530=ORIENTED_EDGE('',*,*,#6666,.T.);
#4531=CARTESIAN_POINT('',(-1.255,-0.49,0.350000000000001));
#4532=DIRECTION('',(0.0,-1.0,0.0));
#4533=DIRECTION('',(0.0,0.0,1.0));
#4534=ORIENTED_EDGE('',*,*,#6729,.F.);
#4535=ORIENTED_EDGE('',*,*,#6015,.T.);
#4536=ORIENTED_EDGE('',*,*,#6217,.T.);
#4537=ORIENTED_EDGE('',*,*,#6730,.F.);
#4538=CARTESIAN_POINT('',(-0.635,0.0,0.0));
#4539=DIRECTION('',(1.0,0.0,0.0));
#4540=DIRECTION('',(0.0,1.0,0.0));
#4541=ORIENTED_EDGE('',*,*,#5957,.F.);
#4542=ORIENTED_EDGE('',*,*,#6731,.T.);
#4543=ORIENTED_EDGE('',*,*,#6732,.T.);
#4544=ORIENTED_EDGE('',*,*,#6215,.F.);
#4545=CARTESIAN_POINT('',(-0.415,0.0,0.0));
#4546=DIRECTION('',(1.0,0.0,0.0));
#4547=DIRECTION('',(0.0,1.0,0.0));
#4548=ORIENTED_EDGE('',*,*,#6732,.F.);
#4549=ORIENTED_EDGE('',*,*,#6733,.T.);
#4550=ORIENTED_EDGE('',*,*,#6730,.T.);
#4551=ORIENTED_EDGE('',*,*,#6216,.T.);
#4552=CARTESIAN_POINT('',(-0.635,-0.629999999999999,0.14));
#4553=DIRECTION('',(0.0,0.0,-1.0));
#4554=DIRECTION('',(0.0,-1.0,0.0));
#4555=ORIENTED_EDGE('',*,*,#6734,.F.);
#4556=ORIENTED_EDGE('',*,*,#5895,.F.);
#4557=ORIENTED_EDGE('',*,*,#6252,.T.);
#4558=ORIENTED_EDGE('',*,*,#6008,.T.);
#4559=CARTESIAN_POINT('',(-0.635,0.0,0.0));
#4560=DIRECTION('',(1.0,0.0,0.0));
#4561=DIRECTION('',(0.0,1.0,0.0));
#4562=ORIENTED_EDGE('',*,*,#5893,.T.);
#4563=ORIENTED_EDGE('',*,*,#6735,.T.);
#4564=ORIENTED_EDGE('',*,*,#5948,.F.);
#4565=ORIENTED_EDGE('',*,*,#6253,.F.);
#4566=CARTESIAN_POINT('',(-0.415,0.0,0.0));
#4567=DIRECTION('',(1.0,0.0,0.0));
#4568=DIRECTION('',(0.0,1.0,0.0));
#4569=ORIENTED_EDGE('',*,*,#6477,.F.);
#4570=ORIENTED_EDGE('',*,*,#6425,.F.);
#4571=ORIENTED_EDGE('',*,*,#6476,.F.);
#4572=ORIENTED_EDGE('',*,*,#6480,.F.);
#4573=CARTESIAN_POINT('',(-0.824,0.24,0.100000000000001));
#4574=DIRECTION('',(-1.0,0.0,-0.0));
#4575=DIRECTION('',(0.0,0.0,-1.0));
#4576=ORIENTED_EDGE('',*,*,#6479,.F.);
#4577=ORIENTED_EDGE('',*,*,#6481,.F.);
#4578=ORIENTED_EDGE('',*,*,#6474,.F.);
#4579=ORIENTED_EDGE('',*,*,#6427,.T.);
#4580=CARTESIAN_POINT('',(-2.99503362565059E-17,-0.24,0.100000000000001));
#4581=DIRECTION('',(1.0,0.0,2.99503362565057E-16));
#4582=DIRECTION('',(-2.99503362565057E-16,0.0,1.0));
#4583=ORIENTED_EDGE('',*,*,#6473,.F.);
#4584=ORIENTED_EDGE('',*,*,#6432,.F.);
#4585=ORIENTED_EDGE('',*,*,#6483,.F.);
#4586=ORIENTED_EDGE('',*,*,#6485,.F.);
#4587=CARTESIAN_POINT('',(1.005,0.24,0.1));
#4588=DIRECTION('',(1.0,-0.0,0.0));
#4589=DIRECTION('',(0.0,0.0,1.0));
#4590=ORIENTED_EDGE('',*,*,#6472,.F.);
#4591=ORIENTED_EDGE('',*,*,#6486,.F.);
#4592=ORIENTED_EDGE('',*,*,#6484,.F.);
#4593=ORIENTED_EDGE('',*,*,#6430,.T.);
#4594=CARTESIAN_POINT('',(2.99503362565059E-17,-0.24,0.100000000000001));
#4595=DIRECTION('',(-1.0,0.0,2.99503362565057E-16));
#4596=DIRECTION('',(-2.99503362565057E-16,0.0,-1.0));
#4597=ORIENTED_EDGE('',*,*,#6736,.F.);
#4598=ORIENTED_EDGE('',*,*,#6348,.F.);
#4599=ORIENTED_EDGE('',*,*,#6609,.F.);
#4600=ORIENTED_EDGE('',*,*,#6135,.F.);
#4601=ORIENTED_EDGE('',*,*,#6140,.F.);
#4602=ORIENTED_EDGE('',*,*,#6173,.F.);
#4603=CARTESIAN_POINT('',(1.355,0.440000000000001,0.37));
#4604=DIRECTION('',(1.0,-0.0,0.0));
#4605=DIRECTION('',(0.0,0.0,1.0));
#4606=ORIENTED_EDGE('',*,*,#6737,.F.);
#4607=ORIENTED_EDGE('',*,*,#6375,.F.);
#4608=ORIENTED_EDGE('',*,*,#6487,.F.);
#4609=ORIENTED_EDGE('',*,*,#6295,.F.);
#4610=ORIENTED_EDGE('',*,*,#6488,.F.);
#4611=ORIENTED_EDGE('',*,*,#6193,.F.);
#4612=CARTESIAN_POINT('',(1.355,-0.440000000000001,0.37));
#4613=DIRECTION('',(1.0,-0.0,0.0));
#4614=DIRECTION('',(0.0,0.0,1.0));
#4615=ORIENTED_EDGE('',*,*,#6738,.T.);
#4616=ORIENTED_EDGE('',*,*,#6185,.F.);
#4617=ORIENTED_EDGE('',*,*,#6739,.F.);
#4618=ORIENTED_EDGE('',*,*,#6343,.T.);
#4619=CARTESIAN_POINT('',(0.745,0.420000000000001,0.46));
#4620=DIRECTION('',(0.0,0.393919298579169,-0.919145030018057));
#4621=DIRECTION('',(-1.0,0.0,0.0));
#4622=ORIENTED_EDGE('',*,*,#6003,.F.);
#4623=ORIENTED_EDGE('',*,*,#6344,.T.);
#4624=ORIENTED_EDGE('',*,*,#6739,.T.);
#4625=ORIENTED_EDGE('',*,*,#6184,.T.);
#4626=CARTESIAN_POINT('',(0.745,0.0,0.0));
#4627=DIRECTION('',(-1.0,0.0,0.0));
#4628=DIRECTION('',(0.0,0.0,1.0));
#4629=ORIENTED_EDGE('',*,*,#6342,.F.);
#4630=ORIENTED_EDGE('',*,*,#5985,.T.);
#4631=ORIENTED_EDGE('',*,*,#6186,.F.);
#4632=ORIENTED_EDGE('',*,*,#6738,.F.);
#4633=CARTESIAN_POINT('',(0.655,0.0,0.0));
#4634=DIRECTION('',(-1.0,0.0,0.0));
#4635=DIRECTION('',(0.0,0.0,1.0));
#4636=ORIENTED_EDGE('',*,*,#6740,.T.);
#4637=ORIENTED_EDGE('',*,*,#6377,.F.);
#4638=ORIENTED_EDGE('',*,*,#6741,.F.);
#4639=ORIENTED_EDGE('',*,*,#6191,.T.);
#4640=CARTESIAN_POINT('',(0.745,-0.350000000000001,0.43));
#4641=DIRECTION('',(0.0,-0.393919298579169,-0.919145030018057));
#4642=DIRECTION('',(0.0,-0.919145030018057,0.393919298579169));
#4643=ORIENTED_EDGE('',*,*,#6376,.T.);
#4644=ORIENTED_EDGE('',*,*,#6737,.T.);
#4645=ORIENTED_EDGE('',*,*,#6192,.T.);
#4646=ORIENTED_EDGE('',*,*,#6741,.T.);
#4647=CARTESIAN_POINT('',(0.745,0.0,0.0));
#4648=DIRECTION('',(1.0,0.0,0.0));
#4649=DIRECTION('',(0.0,1.0,0.0));
#4650=ORIENTED_EDGE('',*,*,#6000,.F.);
#4651=ORIENTED_EDGE('',*,*,#6378,.F.);
#4652=ORIENTED_EDGE('',*,*,#6740,.F.);
#4653=ORIENTED_EDGE('',*,*,#6190,.F.);
#4654=CARTESIAN_POINT('',(0.655,0.0,0.0));
#4655=DIRECTION('',(1.0,0.0,0.0));
#4656=DIRECTION('',(0.0,1.0,0.0));
#4657=ORIENTED_EDGE('',*,*,#6742,.T.);
#4658=ORIENTED_EDGE('',*,*,#6171,.F.);
#4659=ORIENTED_EDGE('',*,*,#6743,.F.);
#4660=ORIENTED_EDGE('',*,*,#6350,.T.);
#4661=CARTESIAN_POINT('',(-0.655,0.420000000000001,0.46));
#4662=DIRECTION('',(0.0,0.393919298579169,-0.919145030018057));
#4663=DIRECTION('',(-1.0,0.0,0.0));
#4664=ORIENTED_EDGE('',*,*,#5996,.F.);
#4665=ORIENTED_EDGE('',*,*,#6351,.T.);
#4666=ORIENTED_EDGE('',*,*,#6743,.T.);
#4667=ORIENTED_EDGE('',*,*,#6170,.T.);
#4668=CARTESIAN_POINT('',(-0.655,0.0,0.0));
#4669=DIRECTION('',(-1.0,0.0,0.0));
#4670=DIRECTION('',(0.0,0.0,1.0));
#4671=ORIENTED_EDGE('',*,*,#6349,.F.);
#4672=ORIENTED_EDGE('',*,*,#6736,.T.);
#4673=ORIENTED_EDGE('',*,*,#6172,.F.);
#4674=ORIENTED_EDGE('',*,*,#6742,.F.);
#4675=CARTESIAN_POINT('',(-0.745,0.0,0.0));
#4676=DIRECTION('',(-1.0,0.0,0.0));
#4677=DIRECTION('',(0.0,0.0,1.0));
#4678=ORIENTED_EDGE('',*,*,#6744,.T.);
#4679=ORIENTED_EDGE('',*,*,#6168,.F.);
#4680=ORIENTED_EDGE('',*,*,#6745,.F.);
#4681=ORIENTED_EDGE('',*,*,#6353,.T.);
#4682=CARTESIAN_POINT('',(-0.305,0.420000000000001,0.46));
#4683=DIRECTION('',(0.0,0.393919298579169,-0.919145030018057));
#4684=DIRECTION('',(-1.0,0.0,0.0));
#4685=ORIENTED_EDGE('',*,*,#5992,.F.);
#4686=ORIENTED_EDGE('',*,*,#6354,.T.);
#4687=ORIENTED_EDGE('',*,*,#6745,.T.);
#4688=ORIENTED_EDGE('',*,*,#6167,.T.);
#4689=CARTESIAN_POINT('',(-0.305,0.0,0.0));
#4690=DIRECTION('',(-1.0,0.0,0.0));
#4691=DIRECTION('',(0.0,0.0,1.0));
#4692=ORIENTED_EDGE('',*,*,#6352,.F.);
#4693=ORIENTED_EDGE('',*,*,#5994,.T.);
#4694=ORIENTED_EDGE('',*,*,#6169,.F.);
#4695=ORIENTED_EDGE('',*,*,#6744,.F.);
#4696=CARTESIAN_POINT('',(-0.395,0.0,0.0));
#4697=DIRECTION('',(-1.0,0.0,0.0));
#4698=DIRECTION('',(0.0,0.0,1.0));
#4699=ORIENTED_EDGE('',*,*,#6746,.T.);
#4700=ORIENTED_EDGE('',*,*,#6165,.F.);
#4701=ORIENTED_EDGE('',*,*,#6747,.F.);
#4702=ORIENTED_EDGE('',*,*,#6356,.T.);
#4703=CARTESIAN_POINT('',(0.0450000000000002,0.420000000000001,0.46));
#4704=DIRECTION('',(0.0,0.393919298579169,-0.919145030018057));
#4705=DIRECTION('',(-1.0,0.0,0.0));
#4706=ORIENTED_EDGE('',*,*,#5988,.F.);
#4707=ORIENTED_EDGE('',*,*,#6357,.T.);
#4708=ORIENTED_EDGE('',*,*,#6747,.T.);
#4709=ORIENTED_EDGE('',*,*,#6164,.T.);
#4710=CARTESIAN_POINT('',(0.0450000000000002,0.0,0.0));
#4711=DIRECTION('',(-1.0,0.0,0.0));
#4712=DIRECTION('',(0.0,0.0,1.0));
#4713=ORIENTED_EDGE('',*,*,#6355,.F.);
#4714=ORIENTED_EDGE('',*,*,#5990,.T.);
#4715=ORIENTED_EDGE('',*,*,#6166,.F.);
#4716=ORIENTED_EDGE('',*,*,#6746,.F.);
#4717=CARTESIAN_POINT('',(-0.0449999999999998,0.0,0.0));
#4718=DIRECTION('',(-1.0,0.0,0.0));
#4719=DIRECTION('',(0.0,0.0,1.0));
#4720=ORIENTED_EDGE('',*,*,#6748,.T.);
#4721=ORIENTED_EDGE('',*,*,#6162,.F.);
#4722=ORIENTED_EDGE('',*,*,#6749,.F.);
#4723=ORIENTED_EDGE('',*,*,#6359,.T.);
#4724=CARTESIAN_POINT('',(0.395,0.420000000000001,0.46));
#4725=DIRECTION('',(0.0,0.393919298579169,-0.919145030018057));
#4726=DIRECTION('',(-1.0,0.0,0.0));
#4727=ORIENTED_EDGE('',*,*,#5983,.F.);
#4728=ORIENTED_EDGE('',*,*,#6341,.T.);
#4729=ORIENTED_EDGE('',*,*,#6749,.T.);
#4730=ORIENTED_EDGE('',*,*,#6161,.T.);
#4731=CARTESIAN_POINT('',(0.395,0.0,0.0));
#4732=DIRECTION('',(-1.0,0.0,0.0));
#4733=DIRECTION('',(0.0,0.0,1.0));
#4734=ORIENTED_EDGE('',*,*,#6358,.F.);
#4735=ORIENTED_EDGE('',*,*,#5986,.T.);
#4736=ORIENTED_EDGE('',*,*,#6163,.F.);
#4737=ORIENTED_EDGE('',*,*,#6748,.F.);
#4738=CARTESIAN_POINT('',(0.305,0.0,0.0));
#4739=DIRECTION('',(-1.0,0.0,0.0));
#4740=DIRECTION('',(0.0,0.0,1.0));
#4741=ORIENTED_EDGE('',*,*,#6750,.T.);
#4742=ORIENTED_EDGE('',*,*,#6370,.F.);
#4743=ORIENTED_EDGE('',*,*,#6751,.F.);
#4744=ORIENTED_EDGE('',*,*,#6206,.T.);
#4745=CARTESIAN_POINT('',(-0.655,-0.350000000000001,0.43));
#4746=DIRECTION('',(0.0,-0.393919298579169,-0.919145030018057));
#4747=DIRECTION('',(0.0,-0.919145030018057,0.393919298579169));
#4748=ORIENTED_EDGE('',*,*,#6369,.T.);
#4749=ORIENTED_EDGE('',*,*,#5975,.T.);
#4750=ORIENTED_EDGE('',*,*,#6207,.T.);
#4751=ORIENTED_EDGE('',*,*,#6751,.T.);
#4752=CARTESIAN_POINT('',(-0.655,0.0,0.0));
#4753=DIRECTION('',(1.0,0.0,0.0));
#4754=DIRECTION('',(0.0,1.0,0.0));
#4755=ORIENTED_EDGE('',*,*,#5977,.F.);
#4756=ORIENTED_EDGE('',*,*,#6371,.F.);
#4757=ORIENTED_EDGE('',*,*,#6750,.F.);
#4758=ORIENTED_EDGE('',*,*,#6205,.F.);
#4759=CARTESIAN_POINT('',(-0.745,0.0,0.0));
#4760=DIRECTION('',(1.0,0.0,0.0));
#4761=DIRECTION('',(0.0,1.0,0.0));
#4762=ORIENTED_EDGE('',*,*,#6752,.T.);
#4763=ORIENTED_EDGE('',*,*,#6367,.F.);
#4764=ORIENTED_EDGE('',*,*,#6753,.F.);
#4765=ORIENTED_EDGE('',*,*,#6209,.T.);
#4766=CARTESIAN_POINT('',(-0.305,-0.350000000000001,0.43));
#4767=DIRECTION('',(0.0,-0.393919298579169,-0.919145030018057));
#4768=DIRECTION('',(0.0,-0.919145030018057,0.393919298579169));
#4769=ORIENTED_EDGE('',*,*,#6366,.T.);
#4770=ORIENTED_EDGE('',*,*,#5971,.T.);
#4771=ORIENTED_EDGE('',*,*,#6210,.T.);
#4772=ORIENTED_EDGE('',*,*,#6753,.T.);
#4773=CARTESIAN_POINT('',(-0.305,0.0,0.0));
#4774=DIRECTION('',(1.0,0.0,0.0));
#4775=DIRECTION('',(0.0,1.0,0.0));
#4776=ORIENTED_EDGE('',*,*,#5973,.F.);
#4777=ORIENTED_EDGE('',*,*,#6368,.F.);
#4778=ORIENTED_EDGE('',*,*,#6752,.F.);
#4779=ORIENTED_EDGE('',*,*,#6208,.F.);
#4780=CARTESIAN_POINT('',(-0.395,0.0,0.0));
#4781=DIRECTION('',(1.0,0.0,0.0));
#4782=DIRECTION('',(0.0,1.0,0.0));
#4783=ORIENTED_EDGE('',*,*,#6754,.T.);
#4784=ORIENTED_EDGE('',*,*,#6364,.F.);
#4785=ORIENTED_EDGE('',*,*,#6755,.F.);
#4786=ORIENTED_EDGE('',*,*,#6212,.T.);
#4787=CARTESIAN_POINT('',(0.0450000000000002,-0.350000000000001,0.43));
#4788=DIRECTION('',(0.0,-0.393919298579169,-0.919145030018057));
#4789=DIRECTION('',(0.0,-0.919145030018057,0.393919298579169));
#4790=ORIENTED_EDGE('',*,*,#6363,.T.);
#4791=ORIENTED_EDGE('',*,*,#5967,.T.);
#4792=ORIENTED_EDGE('',*,*,#6213,.T.);
#4793=ORIENTED_EDGE('',*,*,#6755,.T.);
#4794=CARTESIAN_POINT('',(0.0450000000000002,0.0,0.0));
#4795=DIRECTION('',(1.0,0.0,0.0));
#4796=DIRECTION('',(0.0,1.0,0.0));
#4797=ORIENTED_EDGE('',*,*,#5969,.F.);
#4798=ORIENTED_EDGE('',*,*,#6365,.F.);
#4799=ORIENTED_EDGE('',*,*,#6754,.F.);
#4800=ORIENTED_EDGE('',*,*,#6211,.F.);
#4801=CARTESIAN_POINT('',(-0.0449999999999998,0.0,0.0));
#4802=DIRECTION('',(1.0,0.0,0.0));
#4803=DIRECTION('',(0.0,1.0,0.0));
#4804=ORIENTED_EDGE('',*,*,#6756,.T.);
#4805=ORIENTED_EDGE('',*,*,#6361,.F.);
#4806=ORIENTED_EDGE('',*,*,#6757,.F.);
#4807=ORIENTED_EDGE('',*,*,#6188,.T.);
#4808=CARTESIAN_POINT('',(0.395,-0.350000000000001,0.43));
#4809=DIRECTION('',(0.0,-0.393919298579169,-0.919145030018057));
#4810=DIRECTION('',(0.0,-0.919145030018057,0.393919298579169));
#4811=ORIENTED_EDGE('',*,*,#6360,.T.);
#4812=ORIENTED_EDGE('',*,*,#5998,.T.);
#4813=ORIENTED_EDGE('',*,*,#6189,.T.);
#4814=ORIENTED_EDGE('',*,*,#6757,.T.);
#4815=CARTESIAN_POINT('',(0.395,0.0,0.0));
#4816=DIRECTION('',(1.0,0.0,0.0));
#4817=DIRECTION('',(0.0,1.0,0.0));
#4818=ORIENTED_EDGE('',*,*,#5965,.F.);
#4819=ORIENTED_EDGE('',*,*,#6362,.F.);
#4820=ORIENTED_EDGE('',*,*,#6756,.F.);
#4821=ORIENTED_EDGE('',*,*,#6187,.F.);
#4822=CARTESIAN_POINT('',(0.305,0.0,0.0));
#4823=DIRECTION('',(1.0,0.0,0.0));
#4824=DIRECTION('',(0.0,1.0,0.0));
#4825=ORIENTED_EDGE('',*,*,#6758,.F.);
#4826=ORIENTED_EDGE('',*,*,#5959,.T.);
#4827=ORIENTED_EDGE('',*,*,#6214,.T.);
#4828=ORIENTED_EDGE('',*,*,#5869,.T.);
#4829=CARTESIAN_POINT('',(-0.285,-0.585,0.29));
#4830=DIRECTION('',(1.0,-9.63735264431562E-15,0.0));
#4831=DIRECTION('',(-9.63735264431562E-15,-1.0,0.0));
#4832=ORIENTED_EDGE('',*,*,#6759,.F.);
#4833=ORIENTED_EDGE('',*,*,#5903,.T.);
#4834=ORIENTED_EDGE('',*,*,#6236,.F.);
#4835=ORIENTED_EDGE('',*,*,#5946,.T.);
#4836=CARTESIAN_POINT('',(-0.285,0.629999999999999,0.29));
#4837=DIRECTION('',(1.0,9.63735264431562E-15,0.0));
#4838=DIRECTION('',(-9.63735264431562E-15,1.0,0.0));
#4839=ORIENTED_EDGE('',*,*,#6392,.F.);
#4840=ORIENTED_EDGE('',*,*,#6760,.T.);
#4841=ORIENTED_EDGE('',*,*,#6761,.T.);
#4842=ORIENTED_EDGE('',*,*,#6762,.T.);
#4843=ORIENTED_EDGE('',*,*,#6398,.F.);
#4844=ORIENTED_EDGE('',*,*,#6395,.F.);
#4845=CARTESIAN_POINT('',(0.635,0.539999999999992,0.37));
#4846=DIRECTION('',(1.0,0.0,0.0));
#4847=DIRECTION('',(0.0,1.0,0.0));
#4848=ORIENTED_EDGE('',*,*,#6763,.F.);
#4849=ORIENTED_EDGE('',*,*,#5952,.T.);
#4850=ORIENTED_EDGE('',*,*,#5942,.T.);
#4851=ORIENTED_EDGE('',*,*,#5945,.T.);
#4852=ORIENTED_EDGE('',*,*,#6764,.F.);
#4853=ORIENTED_EDGE('',*,*,#6765,.F.);
#4854=CARTESIAN_POINT('',(0.415,0.539999999999992,0.37));
#4855=DIRECTION('',(1.0,0.0,0.0));
#4856=DIRECTION('',(0.0,1.0,0.0));
#4857=ORIENTED_EDGE('',*,*,#6606,.T.);
#4858=ORIENTED_EDGE('',*,*,#6763,.T.);
#4859=ORIENTED_EDGE('',*,*,#6766,.F.);
#4860=ORIENTED_EDGE('',*,*,#6760,.F.);
#4861=ORIENTED_EDGE('',*,*,#6605,.F.);
#4862=ORIENTED_EDGE('',*,*,#6608,.T.);
#4863=CARTESIAN_POINT('',(0.635,0.614999999999992,0.14));
#4864=DIRECTION('',(0.0,-1.0,0.0));
#4865=DIRECTION('',(0.0,0.0,-1.0));
#4866=ORIENTED_EDGE('',*,*,#6765,.T.);
#4867=ORIENTED_EDGE('',*,*,#6767,.F.);
#4868=ORIENTED_EDGE('',*,*,#6761,.F.);
#4869=ORIENTED_EDGE('',*,*,#6766,.T.);
#4870=CARTESIAN_POINT('',(0.635,0.614999999999992,0.34));
#4871=DIRECTION('',(0.0,-0.707106781186548,0.707106781186548));
#4872=DIRECTION('',(-1.0,0.0,0.0));
#4873=ORIENTED_EDGE('',*,*,#6764,.T.);
#4874=ORIENTED_EDGE('',*,*,#6406,.F.);
#4875=ORIENTED_EDGE('',*,*,#6762,.F.);
#4876=ORIENTED_EDGE('',*,*,#6767,.T.);
#4877=CARTESIAN_POINT('',(0.635,0.629999999999992,0.355));
#4878=DIRECTION('',(0.0,-1.0,0.0));
#4879=DIRECTION('',(0.0,0.0,-1.0));
#4880=ORIENTED_EDGE('',*,*,#6420,.F.);
#4881=ORIENTED_EDGE('',*,*,#6417,.F.);
#4882=ORIENTED_EDGE('',*,*,#6414,.F.);
#4883=ORIENTED_EDGE('',*,*,#6768,.T.);
#4884=ORIENTED_EDGE('',*,*,#6769,.T.);
#4885=ORIENTED_EDGE('',*,*,#6770,.T.);
#4886=CARTESIAN_POINT('',(0.635,-0.539999999999992,0.37));
#4887=DIRECTION('',(1.0,0.0,0.0));
#4888=DIRECTION('',(0.0,1.0,0.0));
#4889=ORIENTED_EDGE('',*,*,#5934,.T.);
#4890=ORIENTED_EDGE('',*,*,#5962,.T.);
#4891=ORIENTED_EDGE('',*,*,#6771,.F.);
#4892=ORIENTED_EDGE('',*,*,#6772,.F.);
#4893=ORIENTED_EDGE('',*,*,#6773,.F.);
#4894=ORIENTED_EDGE('',*,*,#5931,.T.);
#4895=CARTESIAN_POINT('',(0.415,-0.539999999999992,0.37));
#4896=DIRECTION('',(1.0,0.0,0.0));
#4897=DIRECTION('',(0.0,1.0,0.0));
#4898=ORIENTED_EDGE('',*,*,#6773,.T.);
#4899=ORIENTED_EDGE('',*,*,#6774,.F.);
#4900=ORIENTED_EDGE('',*,*,#6768,.F.);
#4901=ORIENTED_EDGE('',*,*,#6411,.T.);
#4902=CARTESIAN_POINT('',(0.635,-0.629999999999992,0.37));
#4903=DIRECTION('',(-0.0,1.0,0.0));
#4904=DIRECTION('',(1.0,0.0,0.0));
#4905=ORIENTED_EDGE('',*,*,#6772,.T.);
#4906=ORIENTED_EDGE('',*,*,#6775,.F.);
#4907=ORIENTED_EDGE('',*,*,#6769,.F.);
#4908=ORIENTED_EDGE('',*,*,#6774,.T.);
#4909=CARTESIAN_POINT('',(0.635,-0.629999999999992,0.355));
#4910=DIRECTION('',(0.0,0.707106781186548,0.707106781186548));
#4911=DIRECTION('',(1.0,0.0,-0.0));
#4912=ORIENTED_EDGE('',*,*,#6771,.T.);
#4913=ORIENTED_EDGE('',*,*,#6603,.T.);
#4914=ORIENTED_EDGE('',*,*,#5936,.F.);
#4915=ORIENTED_EDGE('',*,*,#6602,.F.);
#4916=ORIENTED_EDGE('',*,*,#6770,.F.);
#4917=ORIENTED_EDGE('',*,*,#6775,.T.);
#4918=CARTESIAN_POINT('',(0.635,-0.614999999999992,0.34));
#4919=DIRECTION('',(-0.0,1.0,0.0));
#4920=DIRECTION('',(1.0,0.0,0.0));
#4921=ORIENTED_EDGE('',*,*,#6385,.F.);
#4922=ORIENTED_EDGE('',*,*,#6073,.T.);
#4923=ORIENTED_EDGE('',*,*,#6776,.T.);
#4924=ORIENTED_EDGE('',*,*,#6777,.T.);
#4925=ORIENTED_EDGE('',*,*,#6778,.T.);
#4926=ORIENTED_EDGE('',*,*,#6779,.T.);
#4927=ORIENTED_EDGE('',*,*,#6780,.T.);
#4928=ORIENTED_EDGE('',*,*,#5907,.T.);
#4929=ORIENTED_EDGE('',*,*,#6781,.F.);
#4930=ORIENTED_EDGE('',*,*,#6388,.F.);
#4931=CARTESIAN_POINT('',(0.575,0.8,0.0));
#4932=DIRECTION('',(1.0,0.0,0.0));
#4933=DIRECTION('',(0.0,1.0,0.0));
#4934=ORIENTED_EDGE('',*,*,#6071,.F.);
#4935=ORIENTED_EDGE('',*,*,#5927,.T.);
#4936=ORIENTED_EDGE('',*,*,#5920,.T.);
#4937=ORIENTED_EDGE('',*,*,#6782,.T.);
#4938=ORIENTED_EDGE('',*,*,#5909,.F.);
#4939=ORIENTED_EDGE('',*,*,#6783,.F.);
#4940=ORIENTED_EDGE('',*,*,#6784,.F.);
#4941=ORIENTED_EDGE('',*,*,#6785,.F.);
#4942=ORIENTED_EDGE('',*,*,#6786,.F.);
#4943=ORIENTED_EDGE('',*,*,#6787,.F.);
#4944=CARTESIAN_POINT('',(0.475,0.8,0.0));
#4945=DIRECTION('',(1.0,0.0,0.0));
#4946=DIRECTION('',(0.0,1.0,0.0));
#4947=ORIENTED_EDGE('',*,*,#6787,.T.);
#4948=ORIENTED_EDGE('',*,*,#6788,.F.);
#4949=ORIENTED_EDGE('',*,*,#6776,.F.);
#4950=ORIENTED_EDGE('',*,*,#6072,.T.);
#4951=CARTESIAN_POINT('',(0.575,0.8,0.0));
#4952=DIRECTION('',(1.0,-0.0,0.0));
#4953=DIRECTION('',(0.0,0.0,1.0));
#4954=ORIENTED_EDGE('',*,*,#6786,.T.);
#4955=ORIENTED_EDGE('',*,*,#6789,.F.);
#4956=ORIENTED_EDGE('',*,*,#6777,.F.);
#4957=ORIENTED_EDGE('',*,*,#6788,.T.);
#4958=CARTESIAN_POINT('',(0.575,0.8,-0.02));
#4959=DIRECTION('',(0.0,0.0,1.0));
#4960=DIRECTION('',(1.0,0.0,0.0));
#4961=ORIENTED_EDGE('',*,*,#6785,.T.);
#4962=ORIENTED_EDGE('',*,*,#6790,.F.);
#4963=ORIENTED_EDGE('',*,*,#6778,.F.);
#4964=ORIENTED_EDGE('',*,*,#6789,.T.);
#4965=CARTESIAN_POINT('',(0.575,1.0,-0.02));
#4966=DIRECTION('',(0.0,-1.0,0.0));
#4967=DIRECTION('',(0.0,0.0,-1.0));
#4968=ORIENTED_EDGE('',*,*,#6784,.T.);
#4969=ORIENTED_EDGE('',*,*,#6791,.F.);
#4970=ORIENTED_EDGE('',*,*,#6779,.F.);
#4971=ORIENTED_EDGE('',*,*,#6790,.T.);
#4972=CARTESIAN_POINT('',(0.575,1.0,0.04));
#4973=DIRECTION('',(0.0,-1.01643953670512E-16,-1.0));
#4974=DIRECTION('',(0.0,-1.0,1.01643953670512E-16));
#4975=ORIENTED_EDGE('',*,*,#6783,.T.);
#4976=ORIENTED_EDGE('',*,*,#5908,.F.);
#4977=ORIENTED_EDGE('',*,*,#6780,.F.);
#4978=ORIENTED_EDGE('',*,*,#6791,.T.);
#4979=CARTESIAN_POINT('',(0.575,0.779999999999992,0.04));
#4980=DIRECTION('',(1.0,-0.0,0.0));
#4981=DIRECTION('',(0.0,0.0,1.0));
#4982=ORIENTED_EDGE('',*,*,#6792,.F.);
#4983=ORIENTED_EDGE('',*,*,#6229,.T.);
#4984=ORIENTED_EDGE('',*,*,#6793,.T.);
#4985=ORIENTED_EDGE('',*,*,#6794,.F.);
#4986=CARTESIAN_POINT('',(0.575,-0.35,0.0600000000000001));
#4987=DIRECTION('',(0.0,1.89105030084685E-16,-1.0));
#4988=DIRECTION('',(-1.0,0.0,0.0));
#4989=ORIENTED_EDGE('',*,*,#6380,.F.);
#4990=ORIENTED_EDGE('',*,*,#6795,.T.);
#4991=ORIENTED_EDGE('',*,*,#6792,.T.);
#4992=ORIENTED_EDGE('',*,*,#6796,.T.);
#4993=ORIENTED_EDGE('',*,*,#6797,.T.);
#4994=ORIENTED_EDGE('',*,*,#6798,.T.);
#4995=ORIENTED_EDGE('',*,*,#6799,.T.);
#4996=ORIENTED_EDGE('',*,*,#6800,.T.);
#4997=ORIENTED_EDGE('',*,*,#6097,.T.);
#4998=ORIENTED_EDGE('',*,*,#6383,.F.);
#4999=CARTESIAN_POINT('',(0.575,-0.8,0.0));
#5000=DIRECTION('',(1.0,0.0,0.0));
#5001=DIRECTION('',(0.0,1.0,0.0));
#5002=ORIENTED_EDGE('',*,*,#6801,.F.);
#5003=ORIENTED_EDGE('',*,*,#5914,.T.);
#5004=ORIENTED_EDGE('',*,*,#5924,.T.);
#5005=ORIENTED_EDGE('',*,*,#6099,.F.);
#5006=ORIENTED_EDGE('',*,*,#6802,.F.);
#5007=ORIENTED_EDGE('',*,*,#6803,.F.);
#5008=ORIENTED_EDGE('',*,*,#6804,.F.);
#5009=ORIENTED_EDGE('',*,*,#6805,.F.);
#5010=ORIENTED_EDGE('',*,*,#6806,.F.);
#5011=ORIENTED_EDGE('',*,*,#6793,.F.);
#5012=CARTESIAN_POINT('',(0.475,-0.8,0.0));
#5013=DIRECTION('',(1.0,0.0,0.0));
#5014=DIRECTION('',(0.0,1.0,0.0));
#5015=ORIENTED_EDGE('',*,*,#6804,.T.);
#5016=ORIENTED_EDGE('',*,*,#6807,.F.);
#5017=ORIENTED_EDGE('',*,*,#6798,.F.);
#5018=ORIENTED_EDGE('',*,*,#6808,.T.);
#5019=CARTESIAN_POINT('',(0.575,-1.0,0.04));
#5020=DIRECTION('',(-0.0,1.0,0.0));
#5021=DIRECTION('',(1.0,0.0,0.0));
#5022=ORIENTED_EDGE('',*,*,#6803,.T.);
#5023=ORIENTED_EDGE('',*,*,#6809,.F.);
#5024=ORIENTED_EDGE('',*,*,#6799,.F.);
#5025=ORIENTED_EDGE('',*,*,#6807,.T.);
#5026=CARTESIAN_POINT('',(0.575,-1.0,-0.02));
#5027=DIRECTION('',(0.0,0.0,1.0));
#5028=DIRECTION('',(1.0,0.0,0.0));
#5029=ORIENTED_EDGE('',*,*,#6802,.T.);
#5030=ORIENTED_EDGE('',*,*,#6098,.F.);
#5031=ORIENTED_EDGE('',*,*,#6800,.F.);
#5032=ORIENTED_EDGE('',*,*,#6809,.T.);
#5033=CARTESIAN_POINT('',(0.575,-0.8,0.0));
#5034=DIRECTION('',(1.0,-0.0,0.0));
#5035=DIRECTION('',(0.0,0.0,1.0));
#5036=ORIENTED_EDGE('',*,*,#6806,.T.);
#5037=ORIENTED_EDGE('',*,*,#6810,.F.);
#5038=ORIENTED_EDGE('',*,*,#6796,.F.);
#5039=ORIENTED_EDGE('',*,*,#6794,.T.);
#5040=CARTESIAN_POINT('',(0.575,-0.779999999999992,0.04));
#5041=DIRECTION('',(1.0,-0.0,0.0));
#5042=DIRECTION('',(0.0,0.0,1.0));
#5043=ORIENTED_EDGE('',*,*,#6805,.T.);
#5044=ORIENTED_EDGE('',*,*,#6808,.F.);
#5045=ORIENTED_EDGE('',*,*,#6797,.F.);
#5046=ORIENTED_EDGE('',*,*,#6810,.T.);
#5047=CARTESIAN_POINT('',(0.575,-0.799999999999992,0.04));
#5048=DIRECTION('',(0.0,1.01643953670512E-16,-1.0));
#5049=DIRECTION('',(-1.0,0.0,0.0));
#5050=ORIENTED_EDGE('',*,*,#6389,.F.);
#5051=ORIENTED_EDGE('',*,*,#6781,.T.);
#5052=ORIENTED_EDGE('',*,*,#6243,.F.);
#5053=CARTESIAN_POINT('',(0.615000000000001,-11.844,0.0999999999998797));
#5054=DIRECTION('',(0.707106781186547,6.81463740748167E-15,-0.707106781186548));
#5055=DIRECTION('',(0.0,-1.0,-9.6373526443156E-15));
#5056=ORIENTED_EDGE('',*,*,#5919,.F.);
#5057=ORIENTED_EDGE('',*,*,#6244,.F.);
#5058=ORIENTED_EDGE('',*,*,#6782,.F.);
#5059=CARTESIAN_POINT('',(0.475,-11.844,0.0599999999998798));
#5060=DIRECTION('',(-0.707106781186547,6.81463740748167E-15,-0.707106781186548));
#5061=DIRECTION('',(-0.707106781186548,0.0,0.707106781186547));
#5062=ORIENTED_EDGE('',*,*,#6379,.F.);
#5063=ORIENTED_EDGE('',*,*,#6230,.T.);
#5064=ORIENTED_EDGE('',*,*,#6795,.F.);
#5065=CARTESIAN_POINT('',(0.615000000000001,-11.844,0.0999999999998797));
#5066=DIRECTION('',(0.707106781186547,6.81463740748167E-15,-0.707106781186548));
#5067=DIRECTION('',(0.0,-1.0,-9.6373526443156E-15));
#5068=ORIENTED_EDGE('',*,*,#5915,.F.);
#5069=ORIENTED_EDGE('',*,*,#6801,.T.);
#5070=ORIENTED_EDGE('',*,*,#6228,.T.);
#5071=CARTESIAN_POINT('',(0.475,-11.844,0.0599999999998798));
#5072=DIRECTION('',(-0.707106781186547,6.81463740748167E-15,-0.707106781186548));
#5073=DIRECTION('',(-0.707106781186548,0.0,0.707106781186547));
#5074=ORIENTED_EDGE('',*,*,#5873,.F.);
#5075=ORIENTED_EDGE('',*,*,#5905,.T.);
#5076=ORIENTED_EDGE('',*,*,#6811,.T.);
#5077=ORIENTED_EDGE('',*,*,#6812,.T.);
#5078=ORIENTED_EDGE('',*,*,#6813,.T.);
#5079=ORIENTED_EDGE('',*,*,#5884,.F.);
#5080=CARTESIAN_POINT('',(-0.0649999999999998,0.539999999999992,0.37));
#5081=DIRECTION('',(1.0,0.0,0.0));
#5082=DIRECTION('',(0.0,1.0,0.0));
#5083=ORIENTED_EDGE('',*,*,#5875,.T.);
#5084=ORIENTED_EDGE('',*,*,#5886,.T.);
#5085=ORIENTED_EDGE('',*,*,#6814,.F.);
#5086=ORIENTED_EDGE('',*,*,#6815,.F.);
#5087=ORIENTED_EDGE('',*,*,#6816,.F.);
#5088=ORIENTED_EDGE('',*,*,#5950,.T.);
#5089=CARTESIAN_POINT('',(-0.285,0.539999999999992,0.37));
#5090=DIRECTION('',(1.0,0.0,0.0));
#5091=DIRECTION('',(0.0,1.0,0.0));
#5092=ORIENTED_EDGE('',*,*,#6759,.T.);
#5093=ORIENTED_EDGE('',*,*,#6816,.T.);
#5094=ORIENTED_EDGE('',*,*,#6817,.F.);
#5095=ORIENTED_EDGE('',*,*,#6811,.F.);
#5096=ORIENTED_EDGE('',*,*,#5904,.T.);
#5097=CARTESIAN_POINT('',(-0.0649999999999998,0.614999999999992,0.14));
#5098=DIRECTION('',(0.0,-1.0,0.0));
#5099=DIRECTION('',(0.0,0.0,-1.0));
#5100=ORIENTED_EDGE('',*,*,#6815,.T.);
#5101=ORIENTED_EDGE('',*,*,#6818,.F.);
#5102=ORIENTED_EDGE('',*,*,#6812,.F.);
#5103=ORIENTED_EDGE('',*,*,#6817,.T.);
#5104=CARTESIAN_POINT('',(-0.0649999999999998,0.614999999999992,0.34));
#5105=DIRECTION('',(0.0,-0.707106781186548,0.707106781186548));
#5106=DIRECTION('',(-1.0,0.0,0.0));
#5107=ORIENTED_EDGE('',*,*,#6814,.T.);
#5108=ORIENTED_EDGE('',*,*,#6402,.F.);
#5109=ORIENTED_EDGE('',*,*,#6813,.F.);
#5110=ORIENTED_EDGE('',*,*,#6818,.T.);
#5111=CARTESIAN_POINT('',(-0.0649999999999998,0.629999999999992,0.355));
#5112=DIRECTION('',(0.0,-1.0,0.0));
#5113=DIRECTION('',(0.0,0.0,-1.0));
#5114=ORIENTED_EDGE('',*,*,#5943,.F.);
#5115=ORIENTED_EDGE('',*,*,#5940,.F.);
#5116=ORIENTED_EDGE('',*,*,#5951,.F.);
#5117=ORIENTED_EDGE('',*,*,#6819,.T.);
#5118=ORIENTED_EDGE('',*,*,#6820,.T.);
#5119=ORIENTED_EDGE('',*,*,#6821,.T.);
#5120=CARTESIAN_POINT('',(0.285,0.539999999999992,0.37));
#5121=DIRECTION('',(1.0,0.0,0.0));
#5122=DIRECTION('',(0.0,1.0,0.0));
#5123=ORIENTED_EDGE('',*,*,#5900,.F.);
#5124=ORIENTED_EDGE('',*,*,#5871,.T.);
#5125=ORIENTED_EDGE('',*,*,#5883,.T.);
#5126=ORIENTED_EDGE('',*,*,#6822,.F.);
#5127=ORIENTED_EDGE('',*,*,#6823,.F.);
#5128=ORIENTED_EDGE('',*,*,#6824,.F.);
#5129=CARTESIAN_POINT('',(0.0650000000000002,0.539999999999992,0.37));
#5130=DIRECTION('',(1.0,0.0,0.0));
#5131=DIRECTION('',(0.0,1.0,0.0));
#5132=ORIENTED_EDGE('',*,*,#6824,.T.);
#5133=ORIENTED_EDGE('',*,*,#6825,.F.);
#5134=ORIENTED_EDGE('',*,*,#6819,.F.);
#5135=ORIENTED_EDGE('',*,*,#5897,.F.);
#5136=ORIENTED_EDGE('',*,*,#5901,.T.);
#5137=CARTESIAN_POINT('',(0.285,0.614999999999992,0.14));
#5138=DIRECTION('',(0.0,-1.0,0.0));
#5139=DIRECTION('',(0.0,0.0,-1.0));
#5140=ORIENTED_EDGE('',*,*,#6823,.T.);
#5141=ORIENTED_EDGE('',*,*,#6826,.F.);
#5142=ORIENTED_EDGE('',*,*,#6820,.F.);
#5143=ORIENTED_EDGE('',*,*,#6825,.T.);
#5144=CARTESIAN_POINT('',(0.285,0.614999999999992,0.34));
#5145=DIRECTION('',(0.0,-0.707106781186548,0.707106781186548));
#5146=DIRECTION('',(-1.0,0.0,0.0));
#5147=ORIENTED_EDGE('',*,*,#6822,.T.);
#5148=ORIENTED_EDGE('',*,*,#6401,.F.);
#5149=ORIENTED_EDGE('',*,*,#6821,.F.);
#5150=ORIENTED_EDGE('',*,*,#6826,.T.);
#5151=CARTESIAN_POINT('',(0.285,0.629999999999992,0.355));
#5152=DIRECTION('',(0.0,-1.0,0.0));
#5153=DIRECTION('',(0.0,0.0,-1.0));
#5154=ORIENTED_EDGE('',*,*,#5887,.F.);
#5155=ORIENTED_EDGE('',*,*,#5877,.F.);
#5156=ORIENTED_EDGE('',*,*,#5949,.F.);
#5157=ORIENTED_EDGE('',*,*,#6827,.T.);
#5158=ORIENTED_EDGE('',*,*,#6828,.T.);
#5159=ORIENTED_EDGE('',*,*,#6829,.T.);
#5160=CARTESIAN_POINT('',(-0.415,0.539999999999992,0.37));
#5161=DIRECTION('',(1.0,0.0,0.0));
#5162=DIRECTION('',(0.0,1.0,0.0));
#5163=ORIENTED_EDGE('',*,*,#5879,.T.);
#5164=ORIENTED_EDGE('',*,*,#5889,.T.);
#5165=ORIENTED_EDGE('',*,*,#6830,.F.);
#5166=ORIENTED_EDGE('',*,*,#6831,.F.);
#5167=ORIENTED_EDGE('',*,*,#6832,.F.);
#5168=ORIENTED_EDGE('',*,*,#6011,.T.);
#5169=CARTESIAN_POINT('',(-0.635,0.539999999999992,0.37));
#5170=DIRECTION('',(1.0,0.0,0.0));
#5171=DIRECTION('',(0.0,1.0,0.0));
#5172=ORIENTED_EDGE('',*,*,#6734,.T.);
#5173=ORIENTED_EDGE('',*,*,#6832,.T.);
#5174=ORIENTED_EDGE('',*,*,#6833,.F.);
#5175=ORIENTED_EDGE('',*,*,#6827,.F.);
#5176=ORIENTED_EDGE('',*,*,#6735,.F.);
#5177=ORIENTED_EDGE('',*,*,#5892,.T.);
#5178=CARTESIAN_POINT('',(-0.415,0.614999999999992,0.14));
#5179=DIRECTION('',(0.0,-1.0,0.0));
#5180=DIRECTION('',(0.0,0.0,-1.0));
#5181=ORIENTED_EDGE('',*,*,#6831,.T.);
#5182=ORIENTED_EDGE('',*,*,#6834,.F.);
#5183=ORIENTED_EDGE('',*,*,#6828,.F.);
#5184=ORIENTED_EDGE('',*,*,#6833,.T.);
#5185=CARTESIAN_POINT('',(-0.415,0.614999999999992,0.34));
#5186=DIRECTION('',(0.0,-0.707106781186548,0.707106781186548));
#5187=DIRECTION('',(-1.0,0.0,0.0));
#5188=ORIENTED_EDGE('',*,*,#6830,.T.);
#5189=ORIENTED_EDGE('',*,*,#6403,.F.);
#5190=ORIENTED_EDGE('',*,*,#6829,.F.);
#5191=ORIENTED_EDGE('',*,*,#6834,.T.);
#5192=CARTESIAN_POINT('',(-0.415,0.629999999999992,0.355));
#5193=DIRECTION('',(0.0,-1.0,0.0));
#5194=DIRECTION('',(0.0,0.0,-1.0));
#5195=ORIENTED_EDGE('',*,*,#5842,.F.);
#5196=ORIENTED_EDGE('',*,*,#6835,.T.);
#5197=ORIENTED_EDGE('',*,*,#6836,.T.);
#5198=ORIENTED_EDGE('',*,*,#6837,.T.);
#5199=ORIENTED_EDGE('',*,*,#5867,.T.);
#5200=ORIENTED_EDGE('',*,*,#5853,.F.);
#5201=CARTESIAN_POINT('',(-0.0649999999999998,-0.539999999999992,0.37));
#5202=DIRECTION('',(1.0,0.0,0.0));
#5203=DIRECTION('',(0.0,1.0,0.0));
#5204=ORIENTED_EDGE('',*,*,#6838,.F.);
#5205=ORIENTED_EDGE('',*,*,#5844,.T.);
#5206=ORIENTED_EDGE('',*,*,#5855,.T.);
#5207=ORIENTED_EDGE('',*,*,#5955,.T.);
#5208=ORIENTED_EDGE('',*,*,#6839,.F.);
#5209=ORIENTED_EDGE('',*,*,#6840,.F.);
#5210=CARTESIAN_POINT('',(-0.285,-0.539999999999992,0.37));
#5211=DIRECTION('',(1.0,0.0,0.0));
#5212=DIRECTION('',(0.0,1.0,0.0));
#5213=ORIENTED_EDGE('',*,*,#6838,.T.);
#5214=ORIENTED_EDGE('',*,*,#6841,.F.);
#5215=ORIENTED_EDGE('',*,*,#6835,.F.);
#5216=ORIENTED_EDGE('',*,*,#6409,.T.);
#5217=CARTESIAN_POINT('',(-0.0649999999999998,-0.629999999999992,0.37));
#5218=DIRECTION('',(-0.0,1.0,0.0));
#5219=DIRECTION('',(1.0,0.0,0.0));
#5220=ORIENTED_EDGE('',*,*,#6840,.T.);
#5221=ORIENTED_EDGE('',*,*,#6842,.F.);
#5222=ORIENTED_EDGE('',*,*,#6836,.F.);
#5223=ORIENTED_EDGE('',*,*,#6841,.T.);
#5224=CARTESIAN_POINT('',(-0.0649999999999998,-0.629999999999992,0.355));
#5225=DIRECTION('',(0.0,0.707106781186548,0.707106781186548));
#5226=DIRECTION('',(1.0,0.0,-0.0));
#5227=ORIENTED_EDGE('',*,*,#6839,.T.);
#5228=ORIENTED_EDGE('',*,*,#6758,.T.);
#5229=ORIENTED_EDGE('',*,*,#5868,.F.);
#5230=ORIENTED_EDGE('',*,*,#6837,.F.);
#5231=ORIENTED_EDGE('',*,*,#6842,.T.);
#5232=CARTESIAN_POINT('',(-0.0649999999999998,-0.614999999999992,0.34));
#5233=DIRECTION('',(-0.0,1.0,0.0));
#5234=DIRECTION('',(1.0,0.0,0.0));
#5235=ORIENTED_EDGE('',*,*,#5929,.F.);
#5236=ORIENTED_EDGE('',*,*,#6843,.T.);
#5237=ORIENTED_EDGE('',*,*,#6844,.T.);
#5238=ORIENTED_EDGE('',*,*,#6845,.T.);
#5239=ORIENTED_EDGE('',*,*,#5963,.F.);
#5240=ORIENTED_EDGE('',*,*,#5932,.F.);
#5241=CARTESIAN_POINT('',(0.285,-0.539999999999992,0.37));
#5242=DIRECTION('',(1.0,0.0,0.0));
#5243=DIRECTION('',(0.0,1.0,0.0));
#5244=ORIENTED_EDGE('',*,*,#6846,.F.);
#5245=ORIENTED_EDGE('',*,*,#5840,.T.);
#5246=ORIENTED_EDGE('',*,*,#5852,.T.);
#5247=ORIENTED_EDGE('',*,*,#5866,.F.);
#5248=ORIENTED_EDGE('',*,*,#6847,.F.);
#5249=ORIENTED_EDGE('',*,*,#6848,.F.);
#5250=CARTESIAN_POINT('',(0.0650000000000002,-0.539999999999992,0.37));
#5251=DIRECTION('',(1.0,0.0,0.0));
#5252=DIRECTION('',(0.0,1.0,0.0));
#5253=ORIENTED_EDGE('',*,*,#6846,.T.);
#5254=ORIENTED_EDGE('',*,*,#6849,.F.);
#5255=ORIENTED_EDGE('',*,*,#6843,.F.);
#5256=ORIENTED_EDGE('',*,*,#6410,.T.);
#5257=CARTESIAN_POINT('',(0.285,-0.629999999999992,0.37));
#5258=DIRECTION('',(-0.0,1.0,0.0));
#5259=DIRECTION('',(1.0,0.0,0.0));
#5260=ORIENTED_EDGE('',*,*,#6848,.T.);
#5261=ORIENTED_EDGE('',*,*,#6850,.F.);
#5262=ORIENTED_EDGE('',*,*,#6844,.F.);
#5263=ORIENTED_EDGE('',*,*,#6849,.T.);
#5264=CARTESIAN_POINT('',(0.285,-0.629999999999992,0.355));
#5265=DIRECTION('',(0.0,0.707106781186548,0.707106781186548));
#5266=DIRECTION('',(1.0,0.0,-0.0));
#5267=ORIENTED_EDGE('',*,*,#6847,.T.);
#5268=ORIENTED_EDGE('',*,*,#5865,.F.);
#5269=ORIENTED_EDGE('',*,*,#5862,.F.);
#5270=ORIENTED_EDGE('',*,*,#6845,.F.);
#5271=ORIENTED_EDGE('',*,*,#6850,.T.);
#5272=CARTESIAN_POINT('',(0.285,-0.614999999999992,0.34));
#5273=DIRECTION('',(-0.0,1.0,0.0));
#5274=DIRECTION('',(1.0,0.0,0.0));
#5275=ORIENTED_EDGE('',*,*,#5846,.F.);
#5276=ORIENTED_EDGE('',*,*,#6851,.T.);
#5277=ORIENTED_EDGE('',*,*,#6852,.T.);
#5278=ORIENTED_EDGE('',*,*,#6853,.T.);
#5279=ORIENTED_EDGE('',*,*,#5956,.F.);
#5280=ORIENTED_EDGE('',*,*,#5856,.F.);
#5281=CARTESIAN_POINT('',(-0.415,-0.539999999999992,0.37));
#5282=DIRECTION('',(1.0,0.0,0.0));
#5283=DIRECTION('',(0.0,1.0,0.0));
#5284=ORIENTED_EDGE('',*,*,#6854,.F.);
#5285=ORIENTED_EDGE('',*,*,#5848,.T.);
#5286=ORIENTED_EDGE('',*,*,#5858,.T.);
#5287=ORIENTED_EDGE('',*,*,#6012,.T.);
#5288=ORIENTED_EDGE('',*,*,#6855,.F.);
#5289=ORIENTED_EDGE('',*,*,#6856,.F.);
#5290=CARTESIAN_POINT('',(-0.635,-0.539999999999992,0.37));
#5291=DIRECTION('',(1.0,0.0,0.0));
#5292=DIRECTION('',(0.0,1.0,0.0));
#5293=ORIENTED_EDGE('',*,*,#6854,.T.);
#5294=ORIENTED_EDGE('',*,*,#6857,.F.);
#5295=ORIENTED_EDGE('',*,*,#6851,.F.);
#5296=ORIENTED_EDGE('',*,*,#6408,.T.);
#5297=CARTESIAN_POINT('',(-0.415,-0.629999999999992,0.37));
#5298=DIRECTION('',(-0.0,1.0,0.0));
#5299=DIRECTION('',(1.0,0.0,0.0));
#5300=ORIENTED_EDGE('',*,*,#6856,.T.);
#5301=ORIENTED_EDGE('',*,*,#6858,.F.);
#5302=ORIENTED_EDGE('',*,*,#6852,.F.);
#5303=ORIENTED_EDGE('',*,*,#6857,.T.);
#5304=CARTESIAN_POINT('',(-0.415,-0.629999999999992,0.355));
#5305=DIRECTION('',(0.0,0.707106781186548,0.707106781186548));
#5306=DIRECTION('',(1.0,0.0,-0.0));
#5307=ORIENTED_EDGE('',*,*,#6855,.T.);
#5308=ORIENTED_EDGE('',*,*,#6729,.T.);
#5309=ORIENTED_EDGE('',*,*,#6733,.F.);
#5310=ORIENTED_EDGE('',*,*,#6731,.F.);
#5311=ORIENTED_EDGE('',*,*,#6853,.F.);
#5312=ORIENTED_EDGE('',*,*,#6858,.T.);
#5313=CARTESIAN_POINT('',(-0.415,-0.614999999999992,0.34));
#5314=DIRECTION('',(-0.0,1.0,0.0));
#5315=DIRECTION('',(1.0,0.0,0.0));
#5316=ORIENTED_EDGE('',*,*,#5803,.F.);
#5317=ORIENTED_EDGE('',*,*,#5836,.F.);
#5318=ORIENTED_EDGE('',*,*,#6064,.T.);
#5319=ORIENTED_EDGE('',*,*,#6859,.T.);
#5320=ORIENTED_EDGE('',*,*,#6860,.T.);
#5321=ORIENTED_EDGE('',*,*,#6861,.T.);
#5322=ORIENTED_EDGE('',*,*,#6862,.T.);
#5323=ORIENTED_EDGE('',*,*,#6863,.T.);
#5324=ORIENTED_EDGE('',*,*,#5811,.T.);
#5325=ORIENTED_EDGE('',*,*,#6864,.T.);
#5326=CARTESIAN_POINT('',(-0.475,0.8,0.0));
#5327=DIRECTION('',(1.0,0.0,0.0));
#5328=DIRECTION('',(0.0,1.0,0.0));
#5329=ORIENTED_EDGE('',*,*,#5837,.T.);
#5330=ORIENTED_EDGE('',*,*,#5807,.T.);
#5331=ORIENTED_EDGE('',*,*,#6865,.F.);
#5332=ORIENTED_EDGE('',*,*,#5813,.F.);
#5333=ORIENTED_EDGE('',*,*,#6866,.F.);
#5334=ORIENTED_EDGE('',*,*,#6867,.F.);
#5335=ORIENTED_EDGE('',*,*,#6868,.F.);
#5336=ORIENTED_EDGE('',*,*,#6869,.F.);
#5337=ORIENTED_EDGE('',*,*,#6870,.F.);
#5338=ORIENTED_EDGE('',*,*,#6062,.F.);
#5339=CARTESIAN_POINT('',(-0.575,0.8,0.0));
#5340=DIRECTION('',(1.0,0.0,0.0));
#5341=DIRECTION('',(0.0,1.0,0.0));
#5342=ORIENTED_EDGE('',*,*,#6870,.T.);
#5343=ORIENTED_EDGE('',*,*,#6871,.F.);
#5344=ORIENTED_EDGE('',*,*,#6859,.F.);
#5345=ORIENTED_EDGE('',*,*,#6063,.T.);
#5346=CARTESIAN_POINT('',(-0.475,0.8,0.0));
#5347=DIRECTION('',(1.0,-0.0,0.0));
#5348=DIRECTION('',(0.0,0.0,1.0));
#5349=ORIENTED_EDGE('',*,*,#6869,.T.);
#5350=ORIENTED_EDGE('',*,*,#6872,.F.);
#5351=ORIENTED_EDGE('',*,*,#6860,.F.);
#5352=ORIENTED_EDGE('',*,*,#6871,.T.);
#5353=CARTESIAN_POINT('',(-0.475,0.8,-0.02));
#5354=DIRECTION('',(0.0,0.0,1.0));
#5355=DIRECTION('',(1.0,0.0,0.0));
#5356=ORIENTED_EDGE('',*,*,#6868,.T.);
#5357=ORIENTED_EDGE('',*,*,#6873,.F.);
#5358=ORIENTED_EDGE('',*,*,#6861,.F.);
#5359=ORIENTED_EDGE('',*,*,#6872,.T.);
#5360=CARTESIAN_POINT('',(-0.475,1.0,-0.02));
#5361=DIRECTION('',(0.0,-1.0,0.0));
#5362=DIRECTION('',(0.0,0.0,-1.0));
#5363=ORIENTED_EDGE('',*,*,#6867,.T.);
#5364=ORIENTED_EDGE('',*,*,#6874,.F.);
#5365=ORIENTED_EDGE('',*,*,#6862,.F.);
#5366=ORIENTED_EDGE('',*,*,#6873,.T.);
#5367=CARTESIAN_POINT('',(-0.475,1.0,0.04));
#5368=DIRECTION('',(0.0,-1.01643953670512E-16,-1.0));
#5369=DIRECTION('',(0.0,-1.0,1.01643953670512E-16));
#5370=ORIENTED_EDGE('',*,*,#6866,.T.);
#5371=ORIENTED_EDGE('',*,*,#5812,.F.);
#5372=ORIENTED_EDGE('',*,*,#6863,.F.);
#5373=ORIENTED_EDGE('',*,*,#6874,.T.);
#5374=CARTESIAN_POINT('',(-0.475,0.779999999999992,0.04));
#5375=DIRECTION('',(1.0,-0.0,0.0));
#5376=DIRECTION('',(0.0,0.0,1.0));
#5377=ORIENTED_EDGE('',*,*,#5797,.F.);
#5378=ORIENTED_EDGE('',*,*,#5833,.F.);
#5379=ORIENTED_EDGE('',*,*,#6067,.T.);
#5380=ORIENTED_EDGE('',*,*,#6875,.T.);
#5381=ORIENTED_EDGE('',*,*,#6876,.T.);
#5382=ORIENTED_EDGE('',*,*,#6877,.T.);
#5383=ORIENTED_EDGE('',*,*,#6878,.T.);
#5384=ORIENTED_EDGE('',*,*,#6879,.T.);
#5385=ORIENTED_EDGE('',*,*,#5815,.T.);
#5386=ORIENTED_EDGE('',*,*,#6880,.T.);
#5387=CARTESIAN_POINT('',(-0.125,0.8,0.0));
#5388=DIRECTION('',(1.0,0.0,0.0));
#5389=DIRECTION('',(0.0,1.0,0.0));
#5390=ORIENTED_EDGE('',*,*,#5834,.T.);
#5391=ORIENTED_EDGE('',*,*,#5801,.T.);
#5392=ORIENTED_EDGE('',*,*,#6881,.F.);
#5393=ORIENTED_EDGE('',*,*,#5817,.F.);
#5394=ORIENTED_EDGE('',*,*,#6882,.F.);
#5395=ORIENTED_EDGE('',*,*,#6883,.F.);
#5396=ORIENTED_EDGE('',*,*,#6884,.F.);
#5397=ORIENTED_EDGE('',*,*,#6885,.F.);
#5398=ORIENTED_EDGE('',*,*,#6886,.F.);
#5399=ORIENTED_EDGE('',*,*,#6065,.F.);
#5400=CARTESIAN_POINT('',(-0.225,0.8,0.0));
#5401=DIRECTION('',(1.0,0.0,0.0));
#5402=DIRECTION('',(0.0,1.0,0.0));
#5403=ORIENTED_EDGE('',*,*,#6886,.T.);
#5404=ORIENTED_EDGE('',*,*,#6887,.F.);
#5405=ORIENTED_EDGE('',*,*,#6875,.F.);
#5406=ORIENTED_EDGE('',*,*,#6066,.T.);
#5407=CARTESIAN_POINT('',(-0.125,0.8,0.0));
#5408=DIRECTION('',(1.0,-0.0,0.0));
#5409=DIRECTION('',(0.0,0.0,1.0));
#5410=ORIENTED_EDGE('',*,*,#6885,.T.);
#5411=ORIENTED_EDGE('',*,*,#6888,.F.);
#5412=ORIENTED_EDGE('',*,*,#6876,.F.);
#5413=ORIENTED_EDGE('',*,*,#6887,.T.);
#5414=CARTESIAN_POINT('',(-0.125,0.8,-0.02));
#5415=DIRECTION('',(0.0,0.0,1.0));
#5416=DIRECTION('',(1.0,0.0,0.0));
#5417=ORIENTED_EDGE('',*,*,#6884,.T.);
#5418=ORIENTED_EDGE('',*,*,#6889,.F.);
#5419=ORIENTED_EDGE('',*,*,#6877,.F.);
#5420=ORIENTED_EDGE('',*,*,#6888,.T.);
#5421=CARTESIAN_POINT('',(-0.125,1.0,-0.02));
#5422=DIRECTION('',(0.0,-1.0,0.0));
#5423=DIRECTION('',(0.0,0.0,-1.0));
#5424=ORIENTED_EDGE('',*,*,#6883,.T.);
#5425=ORIENTED_EDGE('',*,*,#6890,.F.);
#5426=ORIENTED_EDGE('',*,*,#6878,.F.);
#5427=ORIENTED_EDGE('',*,*,#6889,.T.);
#5428=CARTESIAN_POINT('',(-0.125,1.0,0.04));
#5429=DIRECTION('',(0.0,-1.01643953670512E-16,-1.0));
#5430=DIRECTION('',(0.0,-1.0,1.01643953670512E-16));
#5431=ORIENTED_EDGE('',*,*,#6882,.T.);
#5432=ORIENTED_EDGE('',*,*,#5816,.F.);
#5433=ORIENTED_EDGE('',*,*,#6879,.F.);
#5434=ORIENTED_EDGE('',*,*,#6890,.T.);
#5435=CARTESIAN_POINT('',(-0.125,0.779999999999992,0.04));
#5436=DIRECTION('',(1.0,-0.0,0.0));
#5437=DIRECTION('',(0.0,0.0,1.0));
#5438=ORIENTED_EDGE('',*,*,#5916,.F.);
#5439=ORIENTED_EDGE('',*,*,#5926,.F.);
#5440=ORIENTED_EDGE('',*,*,#6070,.T.);
#5441=ORIENTED_EDGE('',*,*,#6891,.T.);
#5442=ORIENTED_EDGE('',*,*,#6892,.T.);
#5443=ORIENTED_EDGE('',*,*,#6893,.T.);
#5444=ORIENTED_EDGE('',*,*,#6894,.T.);
#5445=ORIENTED_EDGE('',*,*,#6895,.T.);
#5446=ORIENTED_EDGE('',*,*,#5819,.T.);
#5447=ORIENTED_EDGE('',*,*,#6896,.T.);
#5448=CARTESIAN_POINT('',(0.225,0.8,0.0));
#5449=DIRECTION('',(1.0,0.0,0.0));
#5450=DIRECTION('',(0.0,1.0,0.0));
#5451=ORIENTED_EDGE('',*,*,#5831,.T.);
#5452=ORIENTED_EDGE('',*,*,#5795,.T.);
#5453=ORIENTED_EDGE('',*,*,#6897,.F.);
#5454=ORIENTED_EDGE('',*,*,#5821,.F.);
#5455=ORIENTED_EDGE('',*,*,#6898,.F.);
#5456=ORIENTED_EDGE('',*,*,#6899,.F.);
#5457=ORIENTED_EDGE('',*,*,#6900,.F.);
#5458=ORIENTED_EDGE('',*,*,#6901,.F.);
#5459=ORIENTED_EDGE('',*,*,#6902,.F.);
#5460=ORIENTED_EDGE('',*,*,#6068,.F.);
#5461=CARTESIAN_POINT('',(0.125,0.8,0.0));
#5462=DIRECTION('',(1.0,0.0,0.0));
#5463=DIRECTION('',(0.0,1.0,0.0));
#5464=ORIENTED_EDGE('',*,*,#6902,.T.);
#5465=ORIENTED_EDGE('',*,*,#6903,.F.);
#5466=ORIENTED_EDGE('',*,*,#6891,.F.);
#5467=ORIENTED_EDGE('',*,*,#6069,.T.);
#5468=CARTESIAN_POINT('',(0.225,0.8,0.0));
#5469=DIRECTION('',(1.0,-0.0,0.0));
#5470=DIRECTION('',(0.0,0.0,1.0));
#5471=ORIENTED_EDGE('',*,*,#6901,.T.);
#5472=ORIENTED_EDGE('',*,*,#6904,.F.);
#5473=ORIENTED_EDGE('',*,*,#6892,.F.);
#5474=ORIENTED_EDGE('',*,*,#6903,.T.);
#5475=CARTESIAN_POINT('',(0.225,0.8,-0.02));
#5476=DIRECTION('',(0.0,0.0,1.0));
#5477=DIRECTION('',(1.0,0.0,0.0));
#5478=ORIENTED_EDGE('',*,*,#6900,.T.);
#5479=ORIENTED_EDGE('',*,*,#6905,.F.);
#5480=ORIENTED_EDGE('',*,*,#6893,.F.);
#5481=ORIENTED_EDGE('',*,*,#6904,.T.);
#5482=CARTESIAN_POINT('',(0.225,1.0,-0.02));
#5483=DIRECTION('',(0.0,-1.0,0.0));
#5484=DIRECTION('',(0.0,0.0,-1.0));
#5485=ORIENTED_EDGE('',*,*,#6899,.T.);
#5486=ORIENTED_EDGE('',*,*,#6906,.F.);
#5487=ORIENTED_EDGE('',*,*,#6894,.F.);
#5488=ORIENTED_EDGE('',*,*,#6905,.T.);
#5489=CARTESIAN_POINT('',(0.225,1.0,0.04));
#5490=DIRECTION('',(0.0,-1.01643953670512E-16,-1.0));
#5491=DIRECTION('',(0.0,-1.0,1.01643953670512E-16));
#5492=ORIENTED_EDGE('',*,*,#6898,.T.);
#5493=ORIENTED_EDGE('',*,*,#5820,.F.);
#5494=ORIENTED_EDGE('',*,*,#6895,.F.);
#5495=ORIENTED_EDGE('',*,*,#6906,.T.);
#5496=CARTESIAN_POINT('',(0.225,0.779999999999992,0.04));
#5497=DIRECTION('',(1.0,-0.0,0.0));
#5498=DIRECTION('',(0.0,0.0,1.0));
#5499=ORIENTED_EDGE('',*,*,#6907,.F.);
#5500=ORIENTED_EDGE('',*,*,#6220,.T.);
#5501=ORIENTED_EDGE('',*,*,#6908,.T.);
#5502=ORIENTED_EDGE('',*,*,#6909,.F.);
#5503=CARTESIAN_POINT('',(-0.475,-0.35,0.0600000000000001));
#5504=DIRECTION('',(0.0,1.89105030084685E-16,-1.0));
#5505=DIRECTION('',(-1.0,0.0,0.0));
#5506=ORIENTED_EDGE('',*,*,#5786,.F.);
#5507=ORIENTED_EDGE('',*,*,#6910,.T.);
#5508=ORIENTED_EDGE('',*,*,#6907,.T.);
#5509=ORIENTED_EDGE('',*,*,#6911,.T.);
#5510=ORIENTED_EDGE('',*,*,#6912,.T.);
#5511=ORIENTED_EDGE('',*,*,#6913,.T.);
#5512=ORIENTED_EDGE('',*,*,#6914,.T.);
#5513=ORIENTED_EDGE('',*,*,#6915,.T.);
#5514=ORIENTED_EDGE('',*,*,#6038,.T.);
#5515=ORIENTED_EDGE('',*,*,#5826,.F.);
#5516=CARTESIAN_POINT('',(-0.475,-0.8,0.0));
#5517=DIRECTION('',(1.0,0.0,0.0));
#5518=DIRECTION('',(0.0,1.0,0.0));
#5519=ORIENTED_EDGE('',*,*,#6916,.F.);
#5520=ORIENTED_EDGE('',*,*,#5788,.T.);
#5521=ORIENTED_EDGE('',*,*,#5828,.T.);
#5522=ORIENTED_EDGE('',*,*,#6040,.F.);
#5523=ORIENTED_EDGE('',*,*,#6917,.F.);
#5524=ORIENTED_EDGE('',*,*,#6918,.F.);
#5525=ORIENTED_EDGE('',*,*,#6919,.F.);
#5526=ORIENTED_EDGE('',*,*,#6920,.F.);
#5527=ORIENTED_EDGE('',*,*,#6921,.F.);
#5528=ORIENTED_EDGE('',*,*,#6908,.F.);
#5529=CARTESIAN_POINT('',(-0.575,-0.8,0.0));
#5530=DIRECTION('',(1.0,0.0,0.0));
#5531=DIRECTION('',(0.0,1.0,0.0));
#5532=ORIENTED_EDGE('',*,*,#6919,.T.);
#5533=ORIENTED_EDGE('',*,*,#6922,.F.);
#5534=ORIENTED_EDGE('',*,*,#6913,.F.);
#5535=ORIENTED_EDGE('',*,*,#6923,.T.);
#5536=CARTESIAN_POINT('',(-0.475,-1.0,0.04));
#5537=DIRECTION('',(-0.0,1.0,0.0));
#5538=DIRECTION('',(1.0,0.0,0.0));
#5539=ORIENTED_EDGE('',*,*,#6918,.T.);
#5540=ORIENTED_EDGE('',*,*,#6924,.F.);
#5541=ORIENTED_EDGE('',*,*,#6914,.F.);
#5542=ORIENTED_EDGE('',*,*,#6922,.T.);
#5543=CARTESIAN_POINT('',(-0.475,-1.0,-0.02));
#5544=DIRECTION('',(0.0,0.0,1.0));
#5545=DIRECTION('',(1.0,0.0,0.0));
#5546=ORIENTED_EDGE('',*,*,#6917,.T.);
#5547=ORIENTED_EDGE('',*,*,#6039,.F.);
#5548=ORIENTED_EDGE('',*,*,#6915,.F.);
#5549=ORIENTED_EDGE('',*,*,#6924,.T.);
#5550=CARTESIAN_POINT('',(-0.475,-0.8,0.0));
#5551=DIRECTION('',(1.0,-0.0,0.0));
#5552=DIRECTION('',(0.0,0.0,1.0));
#5553=ORIENTED_EDGE('',*,*,#6921,.T.);
#5554=ORIENTED_EDGE('',*,*,#6925,.F.);
#5555=ORIENTED_EDGE('',*,*,#6911,.F.);
#5556=ORIENTED_EDGE('',*,*,#6909,.T.);
#5557=CARTESIAN_POINT('',(-0.475,-0.779999999999992,0.04));
#5558=DIRECTION('',(1.0,-0.0,0.0));
#5559=DIRECTION('',(0.0,0.0,1.0));
#5560=ORIENTED_EDGE('',*,*,#6920,.T.);
#5561=ORIENTED_EDGE('',*,*,#6923,.F.);
#5562=ORIENTED_EDGE('',*,*,#6912,.F.);
#5563=ORIENTED_EDGE('',*,*,#6925,.T.);
#5564=CARTESIAN_POINT('',(-0.475,-0.799999999999992,0.04));
#5565=DIRECTION('',(0.0,1.01643953670512E-16,-1.0));
#5566=DIRECTION('',(-1.0,0.0,0.0));
#5567=ORIENTED_EDGE('',*,*,#6926,.F.);
#5568=ORIENTED_EDGE('',*,*,#6223,.T.);
#5569=ORIENTED_EDGE('',*,*,#6927,.T.);
#5570=ORIENTED_EDGE('',*,*,#6928,.F.);
#5571=CARTESIAN_POINT('',(-0.125,-0.35,0.0600000000000001));
#5572=DIRECTION('',(0.0,1.89105030084685E-16,-1.0));
#5573=DIRECTION('',(-1.0,0.0,0.0));
#5574=ORIENTED_EDGE('',*,*,#5780,.F.);
#5575=ORIENTED_EDGE('',*,*,#6929,.T.);
#5576=ORIENTED_EDGE('',*,*,#6926,.T.);
#5577=ORIENTED_EDGE('',*,*,#6930,.T.);
#5578=ORIENTED_EDGE('',*,*,#6931,.T.);
#5579=ORIENTED_EDGE('',*,*,#6932,.T.);
#5580=ORIENTED_EDGE('',*,*,#6933,.T.);
#5581=ORIENTED_EDGE('',*,*,#6934,.T.);
#5582=ORIENTED_EDGE('',*,*,#6035,.T.);
#5583=ORIENTED_EDGE('',*,*,#5823,.F.);
#5584=CARTESIAN_POINT('',(-0.125,-0.8,0.0));
#5585=DIRECTION('',(1.0,0.0,0.0));
#5586=DIRECTION('',(0.0,1.0,0.0));
#5587=ORIENTED_EDGE('',*,*,#6935,.F.);
#5588=ORIENTED_EDGE('',*,*,#5782,.T.);
#5589=ORIENTED_EDGE('',*,*,#5825,.T.);
#5590=ORIENTED_EDGE('',*,*,#6037,.F.);
#5591=ORIENTED_EDGE('',*,*,#6936,.F.);
#5592=ORIENTED_EDGE('',*,*,#6937,.F.);
#5593=ORIENTED_EDGE('',*,*,#6938,.F.);
#5594=ORIENTED_EDGE('',*,*,#6939,.F.);
#5595=ORIENTED_EDGE('',*,*,#6940,.F.);
#5596=ORIENTED_EDGE('',*,*,#6927,.F.);
#5597=CARTESIAN_POINT('',(-0.225,-0.8,0.0));
#5598=DIRECTION('',(1.0,0.0,0.0));
#5599=DIRECTION('',(0.0,1.0,0.0));
#5600=ORIENTED_EDGE('',*,*,#6938,.T.);
#5601=ORIENTED_EDGE('',*,*,#6941,.F.);
#5602=ORIENTED_EDGE('',*,*,#6932,.F.);
#5603=ORIENTED_EDGE('',*,*,#6942,.T.);
#5604=CARTESIAN_POINT('',(-0.125,-1.0,0.04));
#5605=DIRECTION('',(-0.0,1.0,0.0));
#5606=DIRECTION('',(1.0,0.0,0.0));
#5607=ORIENTED_EDGE('',*,*,#6937,.T.);
#5608=ORIENTED_EDGE('',*,*,#6943,.F.);
#5609=ORIENTED_EDGE('',*,*,#6933,.F.);
#5610=ORIENTED_EDGE('',*,*,#6941,.T.);
#5611=CARTESIAN_POINT('',(-0.125,-1.0,-0.02));
#5612=DIRECTION('',(0.0,0.0,1.0));
#5613=DIRECTION('',(1.0,0.0,0.0));
#5614=ORIENTED_EDGE('',*,*,#6936,.T.);
#5615=ORIENTED_EDGE('',*,*,#6036,.F.);
#5616=ORIENTED_EDGE('',*,*,#6934,.F.);
#5617=ORIENTED_EDGE('',*,*,#6943,.T.);
#5618=CARTESIAN_POINT('',(-0.125,-0.8,0.0));
#5619=DIRECTION('',(1.0,-0.0,0.0));
#5620=DIRECTION('',(0.0,0.0,1.0));
#5621=ORIENTED_EDGE('',*,*,#6940,.T.);
#5622=ORIENTED_EDGE('',*,*,#6944,.F.);
#5623=ORIENTED_EDGE('',*,*,#6930,.F.);
#5624=ORIENTED_EDGE('',*,*,#6928,.T.);
#5625=CARTESIAN_POINT('',(-0.125,-0.779999999999992,0.04));
#5626=DIRECTION('',(1.0,-0.0,0.0));
#5627=DIRECTION('',(0.0,0.0,1.0));
#5628=ORIENTED_EDGE('',*,*,#6939,.T.);
#5629=ORIENTED_EDGE('',*,*,#6942,.F.);
#5630=ORIENTED_EDGE('',*,*,#6931,.F.);
#5631=ORIENTED_EDGE('',*,*,#6944,.T.);
#5632=CARTESIAN_POINT('',(-0.125,-0.799999999999992,0.04));
#5633=DIRECTION('',(0.0,1.01643953670512E-16,-1.0));
#5634=DIRECTION('',(-1.0,0.0,0.0));
#5635=ORIENTED_EDGE('',*,*,#6945,.F.);
#5636=ORIENTED_EDGE('',*,*,#6226,.T.);
#5637=ORIENTED_EDGE('',*,*,#6946,.T.);
#5638=ORIENTED_EDGE('',*,*,#6947,.F.);
#5639=CARTESIAN_POINT('',(0.225,-0.35,0.0600000000000001));
#5640=DIRECTION('',(0.0,1.89105030084685E-16,-1.0));
#5641=DIRECTION('',(-1.0,0.0,0.0));
#5642=ORIENTED_EDGE('',*,*,#5912,.F.);
#5643=ORIENTED_EDGE('',*,*,#6948,.T.);
#5644=ORIENTED_EDGE('',*,*,#6945,.T.);
#5645=ORIENTED_EDGE('',*,*,#6949,.T.);
#5646=ORIENTED_EDGE('',*,*,#6950,.T.);
#5647=ORIENTED_EDGE('',*,*,#6951,.T.);
#5648=ORIENTED_EDGE('',*,*,#6952,.T.);
#5649=ORIENTED_EDGE('',*,*,#6953,.T.);
#5650=ORIENTED_EDGE('',*,*,#6032,.T.);
#5651=ORIENTED_EDGE('',*,*,#5922,.F.);
#5652=CARTESIAN_POINT('',(0.225,-0.8,0.0));
#5653=DIRECTION('',(1.0,0.0,0.0));
#5654=DIRECTION('',(0.0,1.0,0.0));
#5655=ORIENTED_EDGE('',*,*,#6954,.F.);
#5656=ORIENTED_EDGE('',*,*,#5776,.T.);
#5657=ORIENTED_EDGE('',*,*,#5822,.T.);
#5658=ORIENTED_EDGE('',*,*,#6034,.F.);
#5659=ORIENTED_EDGE('',*,*,#6955,.F.);
#5660=ORIENTED_EDGE('',*,*,#6956,.F.);
#5661=ORIENTED_EDGE('',*,*,#6957,.F.);
#5662=ORIENTED_EDGE('',*,*,#6958,.F.);
#5663=ORIENTED_EDGE('',*,*,#6959,.F.);
#5664=ORIENTED_EDGE('',*,*,#6946,.F.);
#5665=CARTESIAN_POINT('',(0.125,-0.8,0.0));
#5666=DIRECTION('',(1.0,0.0,0.0));
#5667=DIRECTION('',(0.0,1.0,0.0));
#5668=ORIENTED_EDGE('',*,*,#6957,.T.);
#5669=ORIENTED_EDGE('',*,*,#6960,.F.);
#5670=ORIENTED_EDGE('',*,*,#6951,.F.);
#5671=ORIENTED_EDGE('',*,*,#6961,.T.);
#5672=CARTESIAN_POINT('',(0.225,-1.0,0.04));
#5673=DIRECTION('',(-0.0,1.0,0.0));
#5674=DIRECTION('',(1.0,0.0,0.0));
#5675=ORIENTED_EDGE('',*,*,#6956,.T.);
#5676=ORIENTED_EDGE('',*,*,#6962,.F.);
#5677=ORIENTED_EDGE('',*,*,#6952,.F.);
#5678=ORIENTED_EDGE('',*,*,#6960,.T.);
#5679=CARTESIAN_POINT('',(0.225,-1.0,-0.02));
#5680=DIRECTION('',(0.0,0.0,1.0));
#5681=DIRECTION('',(1.0,0.0,0.0));
#5682=ORIENTED_EDGE('',*,*,#6955,.T.);
#5683=ORIENTED_EDGE('',*,*,#6033,.F.);
#5684=ORIENTED_EDGE('',*,*,#6953,.F.);
#5685=ORIENTED_EDGE('',*,*,#6962,.T.);
#5686=CARTESIAN_POINT('',(0.225,-0.8,0.0));
#5687=DIRECTION('',(1.0,-0.0,0.0));
#5688=DIRECTION('',(0.0,0.0,1.0));
#5689=ORIENTED_EDGE('',*,*,#6959,.T.);
#5690=ORIENTED_EDGE('',*,*,#6963,.F.);
#5691=ORIENTED_EDGE('',*,*,#6949,.F.);
#5692=ORIENTED_EDGE('',*,*,#6947,.T.);
#5693=CARTESIAN_POINT('',(0.225,-0.779999999999992,0.04));
#5694=DIRECTION('',(1.0,-0.0,0.0));
#5695=DIRECTION('',(0.0,0.0,1.0));
#5696=ORIENTED_EDGE('',*,*,#6958,.T.);
#5697=ORIENTED_EDGE('',*,*,#6961,.F.);
#5698=ORIENTED_EDGE('',*,*,#6950,.F.);
#5699=ORIENTED_EDGE('',*,*,#6963,.T.);
#5700=CARTESIAN_POINT('',(0.225,-0.799999999999992,0.04));
#5701=DIRECTION('',(0.0,1.01643953670512E-16,-1.0));
#5702=DIRECTION('',(-1.0,0.0,0.0));
#5703=ORIENTED_EDGE('',*,*,#5911,.F.);
#5704=ORIENTED_EDGE('',*,*,#6227,.T.);
#5705=ORIENTED_EDGE('',*,*,#6948,.F.);
#5706=CARTESIAN_POINT('',(0.265000000000001,-11.844,0.0999999999998797));
#5707=DIRECTION('',(0.707106781186547,6.81463740748167E-15,-0.707106781186548));
#5708=DIRECTION('',(0.0,-1.0,-9.6373526443156E-15));
#5709=ORIENTED_EDGE('',*,*,#5777,.F.);
#5710=ORIENTED_EDGE('',*,*,#6954,.T.);
#5711=ORIENTED_EDGE('',*,*,#6225,.T.);
#5712=CARTESIAN_POINT('',(0.125,-11.844,0.0599999999998798));
#5713=DIRECTION('',(-0.707106781186547,6.81463740748167E-15,-0.707106781186548));
#5714=DIRECTION('',(-0.707106781186548,0.0,0.707106781186547));
#5715=ORIENTED_EDGE('',*,*,#5779,.F.);
#5716=ORIENTED_EDGE('',*,*,#6224,.T.);
#5717=ORIENTED_EDGE('',*,*,#6929,.F.);
#5718=CARTESIAN_POINT('',(-0.0849999999999994,-11.844,0.0999999999998797));
#5719=DIRECTION('',(0.707106781186547,6.81463740748167E-15,-0.707106781186548));
#5720=DIRECTION('',(0.0,-1.0,-9.6373526443156E-15));
#5721=ORIENTED_EDGE('',*,*,#5783,.F.);
#5722=ORIENTED_EDGE('',*,*,#6935,.T.);
#5723=ORIENTED_EDGE('',*,*,#6222,.T.);
#5724=CARTESIAN_POINT('',(-0.225,-11.844,0.0599999999998798));
#5725=DIRECTION('',(-0.707106781186547,6.81463740748167E-15,-0.707106781186548));
#5726=DIRECTION('',(-0.707106781186548,0.0,0.707106781186547));
#5727=ORIENTED_EDGE('',*,*,#5785,.F.);
#5728=ORIENTED_EDGE('',*,*,#6221,.T.);
#5729=ORIENTED_EDGE('',*,*,#6910,.F.);
#5730=CARTESIAN_POINT('',(-0.434999999999999,-11.844,0.0999999999998797));
#5731=DIRECTION('',(0.707106781186547,6.81463740748167E-15,-0.707106781186548));
#5732=DIRECTION('',(0.0,-1.0,-9.6373526443156E-15));
#5733=ORIENTED_EDGE('',*,*,#5789,.F.);
#5734=ORIENTED_EDGE('',*,*,#6916,.T.);
#5735=ORIENTED_EDGE('',*,*,#6219,.T.);
#5736=CARTESIAN_POINT('',(-0.575,-11.844,0.0599999999998798));
#5737=DIRECTION('',(-0.707106781186547,6.81463740748167E-15,-0.707106781186548));
#5738=DIRECTION('',(-0.707106781186548,0.0,0.707106781186547));
#5739=ORIENTED_EDGE('',*,*,#5917,.F.);
#5740=ORIENTED_EDGE('',*,*,#6896,.F.);
#5741=ORIENTED_EDGE('',*,*,#6245,.F.);
#5742=CARTESIAN_POINT('',(0.265000000000001,-11.844,0.0999999999998797));
#5743=DIRECTION('',(0.707106781186547,6.81463740748167E-15,-0.707106781186548));
#5744=DIRECTION('',(0.0,-1.0,-9.6373526443156E-15));
#5745=ORIENTED_EDGE('',*,*,#5794,.F.);
#5746=ORIENTED_EDGE('',*,*,#6246,.F.);
#5747=ORIENTED_EDGE('',*,*,#6897,.T.);
#5748=CARTESIAN_POINT('',(0.125,-11.844,0.0599999999998798));
#5749=DIRECTION('',(-0.707106781186547,6.81463740748167E-15,-0.707106781186548));
#5750=DIRECTION('',(-0.707106781186548,0.0,0.707106781186547));
#5751=ORIENTED_EDGE('',*,*,#5798,.F.);
#5752=ORIENTED_EDGE('',*,*,#6880,.F.);
#5753=ORIENTED_EDGE('',*,*,#6247,.F.);
#5754=CARTESIAN_POINT('',(-0.0849999999999994,-11.844,0.0999999999998797));
#5755=DIRECTION('',(0.707106781186547,6.81463740748167E-15,-0.707106781186548));
#5756=DIRECTION('',(0.0,-1.0,-9.6373526443156E-15));
#5757=ORIENTED_EDGE('',*,*,#5800,.F.);
#5758=ORIENTED_EDGE('',*,*,#6248,.F.);
#5759=ORIENTED_EDGE('',*,*,#6881,.T.);
#5760=CARTESIAN_POINT('',(-0.225,-11.844,0.0599999999998798));
#5761=DIRECTION('',(-0.707106781186547,6.81463740748167E-15,-0.707106781186548));
#5762=DIRECTION('',(-0.707106781186548,0.0,0.707106781186547));
#5763=ORIENTED_EDGE('',*,*,#5804,.F.);
#5764=ORIENTED_EDGE('',*,*,#6864,.F.);
#5765=ORIENTED_EDGE('',*,*,#6249,.F.);
#5766=CARTESIAN_POINT('',(-0.434999999999999,-11.844,0.0999999999998797));
#5767=DIRECTION('',(0.707106781186547,6.81463740748167E-15,-0.707106781186548));
#5768=DIRECTION('',(0.0,-1.0,-9.6373526443156E-15));
#5769=ORIENTED_EDGE('',*,*,#5806,.F.);
#5770=ORIENTED_EDGE('',*,*,#6250,.F.);
#5771=ORIENTED_EDGE('',*,*,#6865,.T.);
#5772=CARTESIAN_POINT('',(-0.575,-11.844,0.0599999999998798));
#5773=DIRECTION('',(-0.707106781186547,6.81463740748167E-15,-0.707106781186548));
#5774=DIRECTION('',(-0.707106781186548,0.0,0.707106781186547));
#5775=COLOUR_RGB('',0.596063196659088,0.666666686534882,0.686259269714355);
#5776=EDGE_CURVE('',#6964,#6965,#6966,.T.);
#5777=EDGE_CURVE('',#6964,#6967,#6968,.T.);
#5778=EDGE_CURVE('',#6967,#6969,#6970,.T.);
#5779=EDGE_CURVE('',#6969,#6971,#6972,.T.);
#5780=EDGE_CURVE('',#6971,#6973,#6974,.T.);
#5781=EDGE_CURVE('',#6965,#6973,#6975,.T.);
#5782=EDGE_CURVE('',#6976,#6977,#6978,.T.);
#5783=EDGE_CURVE('',#6976,#6979,#6980,.T.);
#5784=EDGE_CURVE('',#6979,#6981,#6982,.T.);
#5785=EDGE_CURVE('',#6981,#6983,#6984,.T.);
#5786=EDGE_CURVE('',#6983,#6985,#6986,.T.);
#5787=EDGE_CURVE('',#6977,#6985,#6987,.T.);
#5788=EDGE_CURVE('',#6988,#6989,#6990,.T.);
#5789=EDGE_CURVE('',#6988,#6991,#6992,.T.);
#5790=EDGE_CURVE('',#6991,#6993,#6994,.T.);
#5791=EDGE_CURVE('',#6993,#6995,#6996,.T.);
#5792=EDGE_CURVE('',#6989,#6995,#6997,.T.);
#5793=EDGE_CURVE('',#6998,#6999,#7000,.T.);
#5794=EDGE_CURVE('',#6998,#7001,#7002,.T.);
#5795=EDGE_CURVE('',#7003,#7001,#7004,.T.);
#5796=EDGE_CURVE('',#7003,#7005,#7006,.T.);
#5797=EDGE_CURVE('',#7005,#7007,#7008,.T.);
#5798=EDGE_CURVE('',#7007,#6999,#7009,.T.);
#5799=EDGE_CURVE('',#7010,#7011,#7012,.T.);
#5800=EDGE_CURVE('',#7010,#7013,#7014,.T.);
#5801=EDGE_CURVE('',#7015,#7013,#7016,.T.);
#5802=EDGE_CURVE('',#7015,#7017,#7018,.T.);
#5803=EDGE_CURVE('',#7017,#7019,#7020,.T.);
#5804=EDGE_CURVE('',#7019,#7011,#7021,.T.);
#5805=EDGE_CURVE('',#7022,#7023,#7024,.T.);
#5806=EDGE_CURVE('',#7022,#7025,#7026,.T.);
#5807=EDGE_CURVE('',#7027,#7025,#7028,.T.);
#5808=EDGE_CURVE('',#7027,#7029,#7030,.T.);
#5809=EDGE_CURVE('',#7029,#7023,#7031,.T.);
#5810=EDGE_CURVE('',#7032,#7033,#7034,.T.);
#5811=EDGE_CURVE('',#7035,#7032,#7036,.T.);
#5812=EDGE_CURVE('',#7035,#7037,#7038,.T.);
#5813=EDGE_CURVE('',#7037,#7033,#7039,.T.);
#5814=EDGE_CURVE('',#7040,#7041,#7042,.T.);
#5815=EDGE_CURVE('',#7043,#7040,#7044,.T.);
#5816=EDGE_CURVE('',#7043,#7045,#7046,.T.);
#5817=EDGE_CURVE('',#7045,#7041,#7047,.T.);
#5818=EDGE_CURVE('',#7048,#7049,#7050,.T.);
#5819=EDGE_CURVE('',#7051,#7048,#7052,.T.);
#5820=EDGE_CURVE('',#7051,#7053,#7054,.T.);
#5821=EDGE_CURVE('',#7053,#7049,#7055,.T.);
#5822=EDGE_CURVE('',#6965,#7056,#7057,.T.);
#5823=EDGE_CURVE('',#6973,#7058,#7059,.T.);
#5824=EDGE_CURVE('',#7056,#7058,#7060,.T.);
#5825=EDGE_CURVE('',#6977,#7061,#7062,.T.);
#5826=EDGE_CURVE('',#6985,#7063,#7064,.T.);
#5827=EDGE_CURVE('',#7061,#7063,#7065,.T.);
#5828=EDGE_CURVE('',#6989,#7066,#7067,.T.);
#5829=EDGE_CURVE('',#6995,#7068,#7069,.T.);
#5830=EDGE_CURVE('',#7066,#7068,#7070,.T.);
#5831=EDGE_CURVE('',#7071,#7003,#7072,.T.);
#5832=EDGE_CURVE('',#7071,#7073,#7074,.T.);
#5833=EDGE_CURVE('',#7073,#7005,#7075,.T.);
#5834=EDGE_CURVE('',#7076,#7015,#7077,.T.);
#5835=EDGE_CURVE('',#7076,#7078,#7079,.T.);
#5836=EDGE_CURVE('',#7078,#7017,#7080,.T.);
#5837=EDGE_CURVE('',#7081,#7027,#7082,.T.);
#5838=EDGE_CURVE('',#7081,#7083,#7084,.T.);
#5839=EDGE_CURVE('',#7083,#7029,#7085,.T.);
#5840=EDGE_CURVE('',#7086,#7087,#7088,.T.);
#5841=EDGE_CURVE('',#7086,#7089,#7090,.T.);
#5842=EDGE_CURVE('',#7089,#7091,#7092,.T.);
#5843=EDGE_CURVE('',#7087,#7091,#7093,.T.);
#5844=EDGE_CURVE('',#7094,#7095,#7096,.T.);
#5845=EDGE_CURVE('',#7094,#7097,#7098,.T.);
#5846=EDGE_CURVE('',#7097,#7099,#7100,.T.);
#5847=EDGE_CURVE('',#7095,#7099,#7101,.T.);
#5848=EDGE_CURVE('',#7102,#7103,#7104,.T.);
#5849=EDGE_CURVE('',#7102,#7105,#7106,.T.);
#5850=EDGE_CURVE('',#7105,#7107,#7108,.T.);
#5851=EDGE_CURVE('',#7103,#7107,#7109,.T.);
#5852=EDGE_CURVE('',#7087,#7110,#7111,.T.);
#5853=EDGE_CURVE('',#7091,#7112,#7113,.T.);
#5854=EDGE_CURVE('',#7110,#7112,#7114,.T.);
#5855=EDGE_CURVE('',#7095,#7115,#7116,.T.);
#5856=EDGE_CURVE('',#7099,#7117,#7118,.T.);
#5857=EDGE_CURVE('',#7115,#7117,#7119,.T.);
#5858=EDGE_CURVE('',#7103,#7120,#7121,.T.);
#5859=EDGE_CURVE('',#7107,#7122,#7123,.T.);
#5860=EDGE_CURVE('',#7120,#7122,#7124,.T.);
#5861=EDGE_CURVE('',#7125,#7126,#7127,.T.);
#5862=EDGE_CURVE('',#7126,#7128,#7129,.T.);
#5863=EDGE_CURVE('',#7128,#7130,#7131,.T.);
#5864=EDGE_CURVE('',#7125,#7130,#7132,.T.);
#5865=EDGE_CURVE('',#7128,#7133,#7134,.T.);
#5866=EDGE_CURVE('',#7133,#7110,#7135,.T.);
#5867=EDGE_CURVE('',#7136,#7112,#7137,.T.);
#5868=EDGE_CURVE('',#7136,#7138,#7139,.T.);
#5869=EDGE_CURVE('',#7140,#7138,#7141,.T.);
#5870=EDGE_CURVE('',#7140,#7130,#7142,.T.);
#5871=EDGE_CURVE('',#7143,#7144,#7145,.T.);
#5872=EDGE_CURVE('',#7146,#7143,#7147,.T.);
#5873=EDGE_CURVE('',#7146,#7148,#7149,.T.);
#5874=EDGE_CURVE('',#7144,#7148,#7150,.T.);
#5875=EDGE_CURVE('',#7151,#7152,#7153,.T.);
#5876=EDGE_CURVE('',#7151,#7154,#7155,.T.);
#5877=EDGE_CURVE('',#7154,#7156,#7157,.T.);
#5878=EDGE_CURVE('',#7152,#7156,#7158,.T.);
#5879=EDGE_CURVE('',#7159,#7160,#7161,.T.);
#5880=EDGE_CURVE('',#7159,#7162,#7163,.T.);
#5881=EDGE_CURVE('',#7162,#7164,#7165,.T.);
#5882=EDGE_CURVE('',#7160,#7164,#7166,.T.);
#5883=EDGE_CURVE('',#7144,#7167,#7168,.T.);
#5884=EDGE_CURVE('',#7148,#7169,#7170,.T.);
#5885=EDGE_CURVE('',#7167,#7169,#7171,.T.);
#5886=EDGE_CURVE('',#7152,#7172,#7173,.T.);
#5887=EDGE_CURVE('',#7156,#7174,#7175,.T.);
#5888=EDGE_CURVE('',#7172,#7174,#7176,.T.);
#5889=EDGE_CURVE('',#7160,#7177,#7178,.T.);
#5890=EDGE_CURVE('',#7164,#7179,#7180,.T.);
#5891=EDGE_CURVE('',#7177,#7179,#7181,.T.);
#5892=EDGE_CURVE('',#7182,#7183,#7184,.T.);
#5893=EDGE_CURVE('',#7185,#7182,#7186,.T.);
#5894=EDGE_CURVE('',#7187,#7185,#7188,.T.);
#5895=EDGE_CURVE('',#7187,#7183,#7189,.T.);
#5896=EDGE_CURVE('',#7190,#7191,#7192,.T.);
#5897=EDGE_CURVE('',#7191,#7193,#7194,.T.);
#5898=EDGE_CURVE('',#7193,#7195,#7196,.T.);
#5899=EDGE_CURVE('',#7195,#7190,#7197,.T.);
#5900=EDGE_CURVE('',#7143,#7198,#7199,.T.);
#5901=EDGE_CURVE('',#7191,#7198,#7200,.T.);
#5902=EDGE_CURVE('',#7190,#7201,#7202,.T.);
#5903=EDGE_CURVE('',#7203,#7201,#7204,.T.);
#5904=EDGE_CURVE('',#7205,#7203,#7206,.T.);
#5905=EDGE_CURVE('',#7146,#7205,#7207,.T.);
#5906=EDGE_CURVE('',#7208,#7209,#7210,.T.);
#5907=EDGE_CURVE('',#7211,#7208,#7212,.T.);
#5908=EDGE_CURVE('',#7211,#7213,#7214,.T.);
#5909=EDGE_CURVE('',#7213,#7209,#7215,.T.);
#5910=EDGE_CURVE('',#7216,#7217,#7218,.T.);
#5911=EDGE_CURVE('',#7217,#7219,#7220,.T.);
#5912=EDGE_CURVE('',#7219,#7221,#7222,.T.);
#5913=EDGE_CURVE('',#7223,#7221,#7224,.T.);
#5914=EDGE_CURVE('',#7225,#7223,#7226,.T.);
#5915=EDGE_CURVE('',#7225,#7216,#7227,.T.);
#5916=EDGE_CURVE('',#7228,#7229,#7230,.T.);
#5917=EDGE_CURVE('',#7229,#7231,#7232,.T.);
#5918=EDGE_CURVE('',#7233,#7231,#7234,.T.);
#5919=EDGE_CURVE('',#7233,#7235,#7236,.T.);
#5920=EDGE_CURVE('',#7237,#7235,#7238,.T.);
#5921=EDGE_CURVE('',#7237,#7228,#7239,.T.);
#5922=EDGE_CURVE('',#7221,#7240,#7241,.T.);
#5923=EDGE_CURVE('',#7242,#7240,#7243,.T.);
#5924=EDGE_CURVE('',#7223,#7242,#7244,.T.);
#5925=EDGE_CURVE('',#7245,#7246,#7247,.T.);
#5926=EDGE_CURVE('',#7246,#7228,#7248,.T.);
#5927=EDGE_CURVE('',#7245,#7237,#7249,.T.);
#5928=EDGE_CURVE('',#7250,#7251,#7252,.T.);
#5929=EDGE_CURVE('',#7251,#7253,#7254,.T.);
#5930=EDGE_CURVE('',#7255,#7253,#7256,.T.);
#5931=EDGE_CURVE('',#7250,#7255,#7257,.T.);
#5932=EDGE_CURVE('',#7253,#7258,#7259,.T.);
#5933=EDGE_CURVE('',#7260,#7258,#7261,.T.);
#5934=EDGE_CURVE('',#7255,#7260,#7262,.T.);
#5935=EDGE_CURVE('',#7263,#7264,#7265,.T.);
#5936=EDGE_CURVE('',#7263,#7266,#7267,.T.);
#5937=EDGE_CURVE('',#7266,#7268,#7269,.T.);
#5938=EDGE_CURVE('',#7264,#7268,#7270,.T.);
#5939=EDGE_CURVE('',#7271,#7272,#7273,.T.);
#5940=EDGE_CURVE('',#7272,#7274,#7275,.T.);
#5941=EDGE_CURVE('',#7276,#7274,#7277,.T.);
#5942=EDGE_CURVE('',#7271,#7276,#7278,.T.);
#5943=EDGE_CURVE('',#7274,#7279,#7280,.T.);
#5944=EDGE_CURVE('',#7281,#7279,#7282,.T.);
#5945=EDGE_CURVE('',#7276,#7281,#7283,.T.);
#5946=EDGE_CURVE('',#7284,#7285,#7286,.T.);
#5947=EDGE_CURVE('',#7284,#7287,#7288,.T.);
#5948=EDGE_CURVE('',#7287,#7289,#7290,.T.);
#5949=EDGE_CURVE('',#7289,#7154,#7291,.T.);
#5950=EDGE_CURVE('',#7285,#7151,#7292,.T.);
#5951=EDGE_CURVE('',#7193,#7272,#7293,.T.);
#5952=EDGE_CURVE('',#7294,#7271,#7295,.T.);
#5953=EDGE_CURVE('',#7296,#7294,#7297,.T.);
#5954=EDGE_CURVE('',#7296,#7195,#7298,.T.);
#5955=EDGE_CURVE('',#7115,#7299,#7300,.T.);
#5956=EDGE_CURVE('',#7117,#7301,#7302,.T.);
#5957=EDGE_CURVE('',#7301,#7303,#7304,.T.);
#5958=EDGE_CURVE('',#7305,#7303,#7306,.T.);
#5959=EDGE_CURVE('',#7299,#7305,#7307,.T.);
#5960=EDGE_CURVE('',#7308,#7125,#7309,.T.);
#5961=EDGE_CURVE('',#7310,#7308,#7311,.T.);
#5962=EDGE_CURVE('',#7260,#7310,#7312,.T.);
#5963=EDGE_CURVE('',#7258,#7126,#7313,.T.);
#5964=EDGE_CURVE('',#7314,#7315,#7316,.T.);
#5965=EDGE_CURVE('',#7314,#7317,#7318,.T.);
#5966=EDGE_CURVE('',#7319,#7317,#7320,.T.);
#5967=EDGE_CURVE('',#7315,#7319,#7321,.T.);
#5968=EDGE_CURVE('',#7322,#7323,#7324,.T.);
#5969=EDGE_CURVE('',#7322,#7325,#7326,.T.);
#5970=EDGE_CURVE('',#7327,#7325,#7328,.T.);
#5971=EDGE_CURVE('',#7323,#7327,#7329,.T.);
#5972=EDGE_CURVE('',#7330,#7331,#7332,.T.);
#5973=EDGE_CURVE('',#7330,#7333,#7334,.T.);
#5974=EDGE_CURVE('',#7335,#7333,#7336,.T.);
#5975=EDGE_CURVE('',#7331,#7335,#7337,.T.);
#5976=EDGE_CURVE('',#7338,#7339,#7340,.T.);
#5977=EDGE_CURVE('',#7338,#7341,#7342,.T.);
#5978=EDGE_CURVE('',#7343,#7341,#7344,.T.);
#5979=EDGE_CURVE('',#7345,#7343,#7346,.T.);
#5980=EDGE_CURVE('',#7347,#7345,#7348,.T.);
#5981=EDGE_CURVE('',#7339,#7347,#7349,.T.);
#5982=EDGE_CURVE('',#7350,#7351,#7352,.T.);
#5983=EDGE_CURVE('',#7350,#7353,#7354,.T.);
#5984=EDGE_CURVE('',#7355,#7353,#7356,.T.);
#5985=EDGE_CURVE('',#7351,#7355,#7357,.T.);
#5986=EDGE_CURVE('',#7358,#7359,#7360,.T.);
#5987=EDGE_CURVE('',#7361,#7358,#7362,.T.);
#5988=EDGE_CURVE('',#7361,#7363,#7364,.T.);
#5989=EDGE_CURVE('',#7359,#7363,#7365,.T.);
#5990=EDGE_CURVE('',#7366,#7367,#7368,.T.);
#5991=EDGE_CURVE('',#7369,#7366,#7370,.T.);
#5992=EDGE_CURVE('',#7369,#7371,#7372,.T.);
#5993=EDGE_CURVE('',#7367,#7371,#7373,.T.);
#5994=EDGE_CURVE('',#7374,#7375,#7376,.T.);
#5995=EDGE_CURVE('',#7377,#7374,#7378,.T.);
#5996=EDGE_CURVE('',#7377,#7379,#7380,.T.);
#5997=EDGE_CURVE('',#7375,#7379,#7381,.T.);
#5998=EDGE_CURVE('',#7382,#7383,#7384,.T.);
#5999=EDGE_CURVE('',#7385,#7382,#7386,.T.);
#6000=EDGE_CURVE('',#7385,#7387,#7388,.T.);
#6001=EDGE_CURVE('',#7383,#7387,#7389,.T.);
#6002=EDGE_CURVE('',#7390,#7391,#7392,.T.);
#6003=EDGE_CURVE('',#7390,#7393,#7394,.T.);
#6004=EDGE_CURVE('',#7395,#7393,#7396,.T.);
#6005=EDGE_CURVE('',#7397,#7395,#7398,.T.);
#6006=EDGE_CURVE('',#7399,#7397,#7400,.T.);
#6007=EDGE_CURVE('',#7391,#7399,#7401,.T.);
#6008=EDGE_CURVE('',#7402,#7403,#7404,.T.);
#6009=EDGE_CURVE('',#7402,#7405,#7406,.T.);
#6010=EDGE_CURVE('',#7405,#7162,#7407,.T.);
#6011=EDGE_CURVE('',#7403,#7159,#7408,.T.);
#6012=EDGE_CURVE('',#7120,#7409,#7410,.T.);
#6013=EDGE_CURVE('',#7122,#7411,#7412,.T.);
#6014=EDGE_CURVE('',#7413,#7411,#7414,.T.);
#6015=EDGE_CURVE('',#7409,#7413,#7415,.T.);
#6016=EDGE_CURVE('',#7416,#7417,#7418,.T.);
#6017=EDGE_CURVE('',#7419,#7416,#7420,.T.);
#6018=EDGE_CURVE('',#7421,#7419,#7422,.T.);
#6019=EDGE_CURVE('',#7423,#7421,#7424,.T.);
#6020=EDGE_CURVE('',#7425,#7423,#7426,.T.);
#6021=EDGE_CURVE('',#7427,#7425,#7428,.T.);
#6022=EDGE_CURVE('',#7429,#7427,#7430,.T.);
#6023=EDGE_CURVE('',#7431,#7429,#7432,.T.);
#6024=EDGE_CURVE('',#7433,#7431,#7434,.T.);
#6025=EDGE_CURVE('',#7433,#7435,#7436,.T.);
#6026=EDGE_CURVE('',#7435,#7437,#7438,.T.);
#6027=EDGE_CURVE('',#7437,#7439,#7440,.T.);
#6028=EDGE_CURVE('',#7439,#7441,#7442,.T.);
#6029=EDGE_CURVE('',#7441,#7443,#7444,.T.);
#6030=EDGE_CURVE('',#7445,#7443,#7446,.T.);
#6031=EDGE_CURVE('',#7417,#7445,#7447,.T.);
#6032=EDGE_CURVE('',#7448,#7240,#7449,.T.);
#6033=EDGE_CURVE('',#7448,#7450,#7451,.T.);
#6034=EDGE_CURVE('',#7450,#7056,#7452,.T.);
#6035=EDGE_CURVE('',#7453,#7058,#7454,.T.);
#6036=EDGE_CURVE('',#7453,#7455,#7456,.T.);
#6037=EDGE_CURVE('',#7455,#7061,#7457,.T.);
#6038=EDGE_CURVE('',#7458,#7063,#7459,.T.);
#6039=EDGE_CURVE('',#7458,#7460,#7461,.T.);
#6040=EDGE_CURVE('',#7460,#7066,#7462,.T.);
#6041=EDGE_CURVE('',#7068,#7463,#7464,.T.);
#6042=EDGE_CURVE('',#7463,#7465,#7466,.T.);
#6043=EDGE_CURVE('',#7465,#7467,#7468,.T.);
#6044=EDGE_CURVE('',#7469,#7467,#7470,.T.);
#6045=EDGE_CURVE('',#7471,#7469,#7472,.T.);
#6046=EDGE_CURVE('',#7471,#7473,#7474,.T.);
#6047=EDGE_CURVE('',#7475,#7473,#7476,.T.);
#6048=EDGE_CURVE('',#7475,#7477,#7478,.T.);
#6049=EDGE_CURVE('',#7479,#7477,#7480,.T.);
#6050=EDGE_CURVE('',#7481,#7479,#7482,.T.);
#6051=EDGE_CURVE('',#7483,#7481,#7484,.T.);
#6052=EDGE_CURVE('',#7485,#7483,#7486,.T.);
#6053=EDGE_CURVE('',#7487,#7485,#7488,.T.);
#6054=EDGE_CURVE('',#7487,#7489,#7490,.T.);
#6055=EDGE_CURVE('',#7491,#7489,#7492,.T.);
#6056=EDGE_CURVE('',#7493,#7491,#7494,.T.);
#6057=EDGE_CURVE('',#7493,#7495,#7496,.T.);
#6058=EDGE_CURVE('',#7497,#7495,#7498,.T.);
#6059=EDGE_CURVE('',#7499,#7497,#7500,.T.);
#6060=EDGE_CURVE('',#7501,#7499,#7502,.T.);
#6061=EDGE_CURVE('',#7501,#7083,#7503,.T.);
#6062=EDGE_CURVE('',#7081,#7504,#7505,.T.);
#6063=EDGE_CURVE('',#7506,#7504,#7507,.T.);
#6064=EDGE_CURVE('',#7078,#7506,#7508,.T.);
#6065=EDGE_CURVE('',#7076,#7509,#7510,.T.);
#6066=EDGE_CURVE('',#7511,#7509,#7512,.T.);
#6067=EDGE_CURVE('',#7073,#7511,#7513,.T.);
#6068=EDGE_CURVE('',#7071,#7514,#7515,.T.);
#6069=EDGE_CURVE('',#7516,#7514,#7517,.T.);
#6070=EDGE_CURVE('',#7246,#7516,#7518,.T.);
#6071=EDGE_CURVE('',#7245,#7519,#7520,.T.);
#6072=EDGE_CURVE('',#7521,#7519,#7522,.T.);
#6073=EDGE_CURVE('',#7523,#7521,#7524,.T.);
#6074=EDGE_CURVE('',#7525,#7523,#7526,.T.);
#6075=EDGE_CURVE('',#7527,#7525,#7528,.T.);
#6076=EDGE_CURVE('',#7527,#7529,#7530,.T.);
#6077=EDGE_CURVE('',#7529,#7531,#7532,.T.);
#6078=EDGE_CURVE('',#7531,#7533,#7534,.T.);
#6079=EDGE_CURVE('',#7535,#7533,#7536,.T.);
#6080=EDGE_CURVE('',#7535,#7537,#7538,.T.);
#6081=EDGE_CURVE('',#7537,#7539,#7540,.T.);
#6082=EDGE_CURVE('',#7541,#7539,#7542,.T.);
#6083=EDGE_CURVE('',#7543,#7541,#7544,.T.);
#6084=EDGE_CURVE('',#7545,#7543,#7546,.T.);
#6085=EDGE_CURVE('',#7547,#7545,#7548,.T.);
#6086=EDGE_CURVE('',#7549,#7547,#7550,.T.);
#6087=EDGE_CURVE('',#7551,#7549,#7552,.T.);
#6088=EDGE_CURVE('',#7553,#7551,#7554,.T.);
#6089=EDGE_CURVE('',#7553,#7555,#7556,.T.);
#6090=EDGE_CURVE('',#7557,#7555,#7558,.T.);
#6091=EDGE_CURVE('',#7557,#7559,#7560,.T.);
#6092=EDGE_CURVE('',#7559,#7561,#7562,.T.);
#6093=EDGE_CURVE('',#7563,#7561,#7564,.T.);
#6094=EDGE_CURVE('',#7565,#7563,#7566,.T.);
#6095=EDGE_CURVE('',#7567,#7565,#7568,.T.);
#6096=EDGE_CURVE('',#7567,#7569,#7570,.T.);
#6097=EDGE_CURVE('',#7571,#7569,#7572,.T.);
#6098=EDGE_CURVE('',#7571,#7573,#7574,.T.);
#6099=EDGE_CURVE('',#7573,#7242,#7575,.T.);
#6100=EDGE_CURVE('',#7576,#7577,#7578,.T.);
#6101=EDGE_CURVE('',#7579,#7576,#7580,.T.);
#6102=EDGE_CURVE('',#7579,#7581,#7582,.T.);
#6103=EDGE_CURVE('',#7583,#7581,#7584,.T.);
#6104=EDGE_CURVE('',#7585,#7583,#7586,.T.);
#6105=EDGE_CURVE('',#7585,#7587,#7588,.T.);
#6106=EDGE_CURVE('',#7589,#7587,#7590,.T.);
#6107=EDGE_CURVE('',#7577,#7589,#7591,.T.);
#6108=EDGE_CURVE('',#7592,#7491,#7593,.T.);
#6109=EDGE_CURVE('',#7433,#7592,#7594,.T.);
#6110=EDGE_CURVE('',#7595,#7431,#7596,.T.);
#6111=EDGE_CURVE('',#7595,#7597,#7598,.T.);
#6112=EDGE_CURVE('',#7599,#7597,#7600,.T.);
#6113=EDGE_CURVE('',#7493,#7599,#7601,.T.);
#6114=EDGE_CURVE('',#7443,#7602,#7603,.T.);
#6115=EDGE_CURVE('',#7473,#7602,#7604,.T.);
#6116=EDGE_CURVE('',#7471,#7605,#7606,.T.);
#6117=EDGE_CURVE('',#7605,#7607,#7608,.T.);
#6118=EDGE_CURVE('',#7607,#7609,#7610,.T.);
#6119=EDGE_CURVE('',#7609,#7445,#7611,.T.);
#6120=EDGE_CURVE('',#7612,#7613,#7614,.T.);
#6121=EDGE_CURVE('',#7613,#7465,#7615,.T.);
#6122=EDGE_CURVE('',#7616,#7463,#7617,.T.);
#6123=EDGE_CURVE('',#7616,#7618,#7619,.T.);
#6124=EDGE_CURVE('',#7618,#7612,#7620,.T.);
#6125=EDGE_CURVE('',#7616,#7347,#7621,.T.);
#6126=EDGE_CURVE('',#7345,#7622,#7623,.T.);
#6127=EDGE_CURVE('',#7622,#7618,#7624,.T.);
#6128=EDGE_CURVE('',#7609,#7625,#7626,.T.);
#6129=EDGE_CURVE('',#7625,#7627,#7628,.T.);
#6130=EDGE_CURVE('',#7627,#7417,#7629,.T.);
#6131=EDGE_CURVE('',#7429,#7630,#7631,.T.);
#6132=EDGE_CURVE('',#7630,#7632,#7633,.T.);
#6133=EDGE_CURVE('',#7632,#7595,#7634,.T.);
#6134=EDGE_CURVE('',#7635,#7636,#7637,.T.);
#6135=EDGE_CURVE('',#7636,#7638,#7639,.T.);
#6136=EDGE_CURVE('',#7638,#7640,#7641,.T.);
#6137=EDGE_CURVE('',#7640,#7642,#7643,.T.);
#6138=EDGE_CURVE('',#7642,#7635,#7644,.T.);
#6139=EDGE_CURVE('',#7645,#7646,#7647,.T.);
#6140=EDGE_CURVE('',#7646,#7636,#7648,.T.);
#6141=EDGE_CURVE('',#7649,#7635,#7650,.T.);
#6142=EDGE_CURVE('',#7649,#7651,#7652,.T.);
#6143=EDGE_CURVE('',#7645,#7651,#7653,.T.);
#6144=EDGE_CURVE('',#7654,#7655,#7656,.T.);
#6145=EDGE_CURVE('',#7655,#7489,#7657,.T.);
#6146=EDGE_CURVE('',#7658,#7487,#7659,.T.);
#6147=EDGE_CURVE('',#7660,#7658,#7661,.T.);
#6148=EDGE_CURVE('',#7660,#7654,#7662,.T.);
#6149=EDGE_CURVE('',#7663,#7664,#7665,.T.);
#6150=EDGE_CURVE('',#7664,#7439,#7666,.T.);
#6151=EDGE_CURVE('',#7437,#7660,#7667,.T.);
#6152=EDGE_CURVE('',#7668,#7658,#7669,.T.);
#6153=EDGE_CURVE('',#7670,#7668,#7671,.T.);
#6154=EDGE_CURVE('',#7672,#7670,#7673,.T.);
#6155=EDGE_CURVE('',#7674,#7672,#7675,.T.);
#6156=EDGE_CURVE('',#7663,#7674,#7676,.T.);
#6157=EDGE_CURVE('',#7677,#7678,#7679,.T.);
#6158=EDGE_CURVE('',#7677,#7642,#7680,.T.);
#6159=EDGE_CURVE('',#7501,#7640,#7681,.T.);
#6160=EDGE_CURVE('',#7678,#7499,#7682,.T.);
#6161=EDGE_CURVE('',#7683,#7353,#7684,.T.);
#6162=EDGE_CURVE('',#7683,#7685,#7686,.T.);
#6163=EDGE_CURVE('',#7685,#7359,#7687,.T.);
#6164=EDGE_CURVE('',#7688,#7363,#7689,.T.);
#6165=EDGE_CURVE('',#7688,#7690,#7691,.T.);
#6166=EDGE_CURVE('',#7690,#7367,#7692,.T.);
#6167=EDGE_CURVE('',#7693,#7371,#7694,.T.);
#6168=EDGE_CURVE('',#7693,#7695,#7696,.T.);
#6169=EDGE_CURVE('',#7695,#7375,#7697,.T.);
#6170=EDGE_CURVE('',#7698,#7379,#7699,.T.);
#6171=EDGE_CURVE('',#7698,#7700,#7701,.T.);
#6172=EDGE_CURVE('',#7700,#7702,#7703,.T.);
#6173=EDGE_CURVE('',#7702,#7646,#7704,.T.);
#6174=EDGE_CURVE('',#7645,#7705,#7706,.T.);
#6175=EDGE_CURVE('',#7705,#7707,#7708,.T.);
#6176=EDGE_CURVE('',#7709,#7707,#7710,.T.);
#6177=EDGE_CURVE('',#7711,#7709,#7712,.T.);
#6178=EDGE_CURVE('',#7711,#7713,#7714,.T.);
#6179=EDGE_CURVE('',#7713,#7715,#7716,.T.);
#6180=EDGE_CURVE('',#7717,#7715,#7718,.T.);
#6181=EDGE_CURVE('',#7719,#7717,#7720,.T.);
#6182=EDGE_CURVE('',#7721,#7719,#7722,.T.);
#6183=EDGE_CURVE('',#7721,#7395,#7723,.T.);
#6184=EDGE_CURVE('',#7724,#7393,#7725,.T.);
#6185=EDGE_CURVE('',#7724,#7726,#7727,.T.);
#6186=EDGE_CURVE('',#7726,#7355,#7728,.T.);
#6187=EDGE_CURVE('',#7317,#7729,#7730,.T.);
#6188=EDGE_CURVE('',#7731,#7729,#7732,.T.);
#6189=EDGE_CURVE('',#7383,#7731,#7733,.T.);
#6190=EDGE_CURVE('',#7387,#7734,#7735,.T.);
#6191=EDGE_CURVE('',#7736,#7734,#7737,.T.);
#6192=EDGE_CURVE('',#7738,#7736,#7739,.T.);
#6193=EDGE_CURVE('',#7738,#7740,#7741,.T.);
#6194=EDGE_CURVE('',#7742,#7740,#7743,.T.);
#6195=EDGE_CURVE('',#7744,#7742,#7745,.T.);
#6196=EDGE_CURVE('',#7744,#7746,#7747,.T.);
#6197=EDGE_CURVE('',#7746,#7748,#7749,.T.);
#6198=EDGE_CURVE('',#7750,#7748,#7751,.T.);
#6199=EDGE_CURVE('',#7750,#7752,#7753,.T.);
#6200=EDGE_CURVE('',#7752,#7754,#7755,.T.);
#6201=EDGE_CURVE('',#7754,#7756,#7757,.T.);
#6202=EDGE_CURVE('',#7758,#7756,#7759,.T.);
#6203=EDGE_CURVE('',#7758,#7760,#7761,.T.);
#6204=EDGE_CURVE('',#7760,#7343,#7762,.T.);
#6205=EDGE_CURVE('',#7341,#7763,#7764,.T.);
#6206=EDGE_CURVE('',#7765,#7763,#7766,.T.);
#6207=EDGE_CURVE('',#7335,#7765,#7767,.T.);
#6208=EDGE_CURVE('',#7333,#7768,#7769,.T.);
#6209=EDGE_CURVE('',#7770,#7768,#7771,.T.);
#6210=EDGE_CURVE('',#7327,#7770,#7772,.T.);
#6211=EDGE_CURVE('',#7325,#7773,#7774,.T.);
#6212=EDGE_CURVE('',#7775,#7773,#7776,.T.);
#6213=EDGE_CURVE('',#7319,#7775,#7777,.T.);
#6214=EDGE_CURVE('',#7305,#7140,#7778,.T.);
#6215=EDGE_CURVE('',#7303,#7779,#7780,.T.);
#6216=EDGE_CURVE('',#7781,#7779,#7782,.T.);
#6217=EDGE_CURVE('',#7413,#7781,#7783,.T.);
#6218=EDGE_CURVE('',#7411,#6993,#7784,.T.);
#6219=EDGE_CURVE('',#7785,#6991,#7786,.T.);
#6220=EDGE_CURVE('',#7787,#7785,#7788,.T.);
#6221=EDGE_CURVE('',#6981,#7787,#7789,.T.);
#6222=EDGE_CURVE('',#7790,#6979,#7791,.T.);
#6223=EDGE_CURVE('',#7792,#7790,#7793,.T.);
#6224=EDGE_CURVE('',#6969,#7792,#7794,.T.);
#6225=EDGE_CURVE('',#7795,#6967,#7796,.T.);
#6226=EDGE_CURVE('',#7797,#7795,#7798,.T.);
#6227=EDGE_CURVE('',#7217,#7797,#7799,.T.);
#6228=EDGE_CURVE('',#7800,#7216,#7801,.T.);
#6229=EDGE_CURVE('',#7802,#7800,#7803,.T.);
#6230=EDGE_CURVE('',#7804,#7802,#7805,.T.);
#6231=EDGE_CURVE('',#7806,#7804,#7807,.T.);
#6232=EDGE_CURVE('',#7808,#7806,#7809,.T.);
#6233=EDGE_CURVE('',#7808,#7810,#7811,.T.);
#6234=EDGE_CURVE('',#7810,#7264,#7812,.T.);
#6235=EDGE_CURVE('',#7308,#7268,#7813,.T.);
#6236=EDGE_CURVE('',#7284,#7201,#7814,.T.);
#6237=EDGE_CURVE('',#7815,#7296,#7816,.T.);
#6238=EDGE_CURVE('',#7817,#7815,#7818,.T.);
#6239=EDGE_CURVE('',#7817,#7819,#7820,.T.);
#6240=EDGE_CURVE('',#7821,#7819,#7822,.T.);
#6241=EDGE_CURVE('',#7823,#7821,#7824,.T.);
#6242=EDGE_CURVE('',#7823,#7825,#7826,.T.);
#6243=EDGE_CURVE('',#7825,#7208,#7827,.T.);
#6244=EDGE_CURVE('',#7209,#7233,#7828,.T.);
#6245=EDGE_CURVE('',#7231,#7048,#7829,.T.);
#6246=EDGE_CURVE('',#7049,#6998,#7830,.T.);
#6247=EDGE_CURVE('',#6999,#7040,#7831,.T.);
#6248=EDGE_CURVE('',#7041,#7010,#7832,.T.);
#6249=EDGE_CURVE('',#7011,#7032,#7833,.T.);
#6250=EDGE_CURVE('',#7033,#7022,#7834,.T.);
#6251=EDGE_CURVE('',#7023,#7405,#7835,.T.);
#6252=EDGE_CURVE('',#7187,#7402,#7836,.T.);
#6253=EDGE_CURVE('',#7185,#7287,#7837,.T.);
#6254=EDGE_CURVE('',#7838,#7839,#7840,.T.);
#6255=EDGE_CURVE('',#7839,#7841,#7842,.T.);
#6256=EDGE_CURVE('',#7841,#7843,#7844,.T.);
#6257=EDGE_CURVE('',#7843,#7845,#7846,.T.);
#6258=EDGE_CURVE('',#7847,#7845,#7848,.T.);
#6259=EDGE_CURVE('',#7849,#7847,#7850,.T.);
#6260=EDGE_CURVE('',#7851,#7849,#7852,.T.);
#6261=EDGE_CURVE('',#7853,#7851,#7854,.T.);
#6262=EDGE_CURVE('',#7855,#7853,#7856,.T.);
#6263=EDGE_CURVE('',#7855,#7857,#7858,.T.);
#6264=EDGE_CURVE('',#7857,#7859,#7860,.T.);
#6265=EDGE_CURVE('',#7859,#7861,#7862,.T.);
#6266=EDGE_CURVE('',#7861,#7863,#7864,.T.);
#6267=EDGE_CURVE('',#7863,#7865,#7866,.T.);
#6268=EDGE_CURVE('',#7865,#7867,#7868,.T.);
#6269=EDGE_CURVE('',#7867,#7838,#7869,.T.);
#6270=EDGE_CURVE('',#7870,#7871,#7872,.T.);
#6271=EDGE_CURVE('',#7870,#7873,#7874,.T.);
#6272=EDGE_CURVE('',#7873,#7875,#7876,.T.);
#6273=EDGE_CURVE('',#7875,#7877,#7878,.T.);
#6274=EDGE_CURVE('',#7877,#7879,#7880,.T.);
#6275=EDGE_CURVE('',#7881,#7879,#7882,.T.);
#6276=EDGE_CURVE('',#7881,#7883,#7884,.T.);
#6277=EDGE_CURVE('',#7883,#7871,#7885,.T.);
#6278=EDGE_CURVE('',#7886,#7887,#7888,.T.);
#6279=EDGE_CURVE('',#7886,#7889,#7890,.T.);
#6280=EDGE_CURVE('',#7889,#7529,#7891,.T.);
#6281=EDGE_CURVE('',#7527,#7892,#7893,.T.);
#6282=EDGE_CURVE('',#7892,#7887,#7894,.T.);
#6283=EDGE_CURVE('',#7555,#7895,#7896,.T.);
#6284=EDGE_CURVE('',#7845,#7895,#7897,.T.);
#6285=EDGE_CURVE('',#7898,#7843,#7899,.T.);
#6286=EDGE_CURVE('',#7900,#7898,#7901,.T.);
#6287=EDGE_CURVE('',#7902,#7900,#7903,.T.);
#6288=EDGE_CURVE('',#7557,#7902,#7904,.T.);
#6289=EDGE_CURVE('',#7905,#7906,#7907,.T.);
#6290=EDGE_CURVE('',#7908,#7905,#7909,.T.);
#6291=EDGE_CURVE('',#7910,#7908,#7911,.T.);
#6292=EDGE_CURVE('',#7910,#7565,#7912,.T.);
#6293=EDGE_CURVE('',#7906,#7563,#7913,.T.);
#6294=EDGE_CURVE('',#7914,#7915,#7916,.T.);
#6295=EDGE_CURVE('',#7914,#7917,#7918,.T.);
#6296=EDGE_CURVE('',#7910,#7917,#7919,.T.);
#6297=EDGE_CURVE('',#7915,#7908,#7920,.T.);
#6298=EDGE_CURVE('',#7898,#7921,#7922,.T.);
#6299=EDGE_CURVE('',#7923,#7841,#7924,.T.);
#6300=EDGE_CURVE('',#7921,#7923,#7925,.T.);
#6301=EDGE_CURVE('',#7859,#7926,#7927,.T.);
#6302=EDGE_CURVE('',#7928,#7857,#7929,.T.);
#6303=EDGE_CURVE('',#7930,#7928,#7931,.T.);
#6304=EDGE_CURVE('',#7926,#7930,#7932,.T.);
#6305=EDGE_CURVE('',#7399,#7892,#7933,.T.);
#6306=EDGE_CURVE('',#7934,#7397,#7935,.T.);
#6307=EDGE_CURVE('',#7887,#7934,#7936,.T.);
#6308=EDGE_CURVE('',#7937,#7938,#7939,.T.);
#6309=EDGE_CURVE('',#7940,#7937,#7941,.T.);
#6310=EDGE_CURVE('',#7717,#7940,#7942,.T.);
#6311=EDGE_CURVE('',#7748,#7715,#7943,.T.);
#6312=EDGE_CURVE('',#7944,#7746,#7945,.T.);
#6313=EDGE_CURVE('',#7946,#7944,#7947,.T.);
#6314=EDGE_CURVE('',#7948,#7946,#7949,.T.);
#6315=EDGE_CURVE('',#7950,#7948,#7951,.T.);
#6316=EDGE_CURVE('',#7952,#7950,#7953,.T.);
#6317=EDGE_CURVE('',#7954,#7952,#7955,.T.);
#6318=EDGE_CURVE('',#7956,#7954,#7957,.T.);
#6319=EDGE_CURVE('',#7958,#7956,#7959,.T.);
#6320=EDGE_CURVE('',#7960,#7958,#7961,.T.);
#6321=EDGE_CURVE('',#7938,#7960,#7962,.T.);
#6322=EDGE_CURVE('',#7855,#7963,#7964,.T.);
#6323=EDGE_CURVE('',#7963,#7537,#7965,.T.);
#6324=EDGE_CURVE('',#7535,#7966,#7967,.T.);
#6325=EDGE_CURVE('',#7966,#7968,#7969,.T.);
#6326=EDGE_CURVE('',#7928,#7968,#7970,.T.);
#6327=EDGE_CURVE('',#7946,#7971,#7972,.T.);
#6328=EDGE_CURVE('',#7944,#7973,#7974,.T.);
#6329=EDGE_CURVE('',#7973,#7971,#7975,.T.);
#6330=EDGE_CURVE('',#7721,#7976,#7977,.T.);
#6331=EDGE_CURVE('',#7978,#7976,#7979,.T.);
#6332=EDGE_CURVE('',#7978,#7934,#7980,.T.);
#6333=EDGE_CURVE('',#7981,#7937,#7982,.T.);
#6334=EDGE_CURVE('',#7981,#7983,#7984,.T.);
#6335=EDGE_CURVE('',#7940,#7983,#7985,.T.);
#6336=EDGE_CURVE('',#7986,#7987,#7988,.T.);
#6337=EDGE_CURVE('',#7986,#7553,#7989,.T.);
#6338=EDGE_CURVE('',#7990,#7551,#7991,.T.);
#6339=EDGE_CURVE('',#7992,#7990,#7993,.T.);
#6340=EDGE_CURVE('',#7987,#7992,#7994,.T.);
#6341=EDGE_CURVE('',#7350,#7995,#7996,.T.);
#6342=EDGE_CURVE('',#7351,#7997,#7998,.T.);
#6343=EDGE_CURVE('',#7999,#7997,#8000,.T.);
#6344=EDGE_CURVE('',#7390,#7999,#8001,.T.);
#6345=EDGE_CURVE('',#8002,#7391,#8003,.T.);
#6346=EDGE_CURVE('',#8002,#8004,#8005,.T.);
#6347=EDGE_CURVE('',#8004,#8006,#8007,.T.);
#6348=EDGE_CURVE('',#8006,#8008,#8009,.T.);
#6349=EDGE_CURVE('',#8008,#8010,#8011,.T.);
#6350=EDGE_CURVE('',#8012,#8010,#8013,.T.);
#6351=EDGE_CURVE('',#7377,#8012,#8014,.T.);
#6352=EDGE_CURVE('',#7374,#8015,#8016,.T.);
#6353=EDGE_CURVE('',#8017,#8015,#8018,.T.);
#6354=EDGE_CURVE('',#7369,#8017,#8019,.T.);
#6355=EDGE_CURVE('',#7366,#8020,#8021,.T.);
#6356=EDGE_CURVE('',#8022,#8020,#8023,.T.);
#6357=EDGE_CURVE('',#7361,#8022,#8024,.T.);
#6358=EDGE_CURVE('',#7358,#8025,#8026,.T.);
#6359=EDGE_CURVE('',#7995,#8025,#8027,.T.);
#6360=EDGE_CURVE('',#8028,#7382,#8029,.T.);
#6361=EDGE_CURVE('',#8028,#8030,#8031,.T.);
#6362=EDGE_CURVE('',#8030,#7314,#8032,.T.);
#6363=EDGE_CURVE('',#8033,#7315,#8034,.T.);
#6364=EDGE_CURVE('',#8033,#8035,#8036,.T.);
#6365=EDGE_CURVE('',#8035,#7322,#8037,.T.);
#6366=EDGE_CURVE('',#8038,#7323,#8039,.T.);
#6367=EDGE_CURVE('',#8038,#8040,#8041,.T.);
#6368=EDGE_CURVE('',#8040,#7330,#8042,.T.);
#6369=EDGE_CURVE('',#8043,#7331,#8044,.T.);
#6370=EDGE_CURVE('',#8043,#8045,#8046,.T.);
#6371=EDGE_CURVE('',#8045,#7338,#8047,.T.);
#6372=EDGE_CURVE('',#7339,#8048,#8049,.T.);
#6373=EDGE_CURVE('',#8050,#8048,#8051,.T.);
#6374=EDGE_CURVE('',#8052,#8050,#8053,.T.);
#6375=EDGE_CURVE('',#8052,#8054,#8055,.T.);
#6376=EDGE_CURVE('',#8056,#8054,#8057,.T.);
#6377=EDGE_CURVE('',#8056,#8058,#8059,.T.);
#6378=EDGE_CURVE('',#8058,#7385,#8060,.T.);
#6379=EDGE_CURVE('',#7804,#8061,#8062,.T.);
#6380=EDGE_CURVE('',#8061,#8063,#8064,.T.);
#6381=EDGE_CURVE('',#8065,#8063,#8066,.T.);
#6382=EDGE_CURVE('',#7806,#8065,#8067,.T.);
#6383=EDGE_CURVE('',#8063,#7569,#8068,.T.);
#6384=EDGE_CURVE('',#8065,#7567,#8069,.T.);
#6385=EDGE_CURVE('',#7523,#8070,#8071,.T.);
#6386=EDGE_CURVE('',#8072,#8070,#8073,.T.);
#6387=EDGE_CURVE('',#7525,#8072,#8074,.T.);
#6388=EDGE_CURVE('',#8070,#8075,#8076,.T.);
#6389=EDGE_CURVE('',#8075,#7825,#8077,.T.);
#6390=EDGE_CURVE('',#8072,#7823,#8078,.T.);
#6391=EDGE_CURVE('',#7819,#8079,#8080,.T.);
#6392=EDGE_CURVE('',#8079,#8081,#8082,.T.);
#6393=EDGE_CURVE('',#8083,#8081,#8084,.T.);
#6394=EDGE_CURVE('',#7821,#8083,#8085,.T.);
#6395=EDGE_CURVE('',#8081,#8086,#8087,.T.);
#6396=EDGE_CURVE('',#8088,#8086,#8089,.T.);
#6397=EDGE_CURVE('',#8083,#8088,#8090,.T.);
#6398=EDGE_CURVE('',#8086,#8091,#8092,.T.);
#6399=EDGE_CURVE('',#8093,#8091,#8094,.T.);
#6400=EDGE_CURVE('',#8088,#8093,#8095,.T.);
#6401=EDGE_CURVE('',#7279,#7167,#8096,.T.);
#6402=EDGE_CURVE('',#7169,#7172,#8097,.T.);
#6403=EDGE_CURVE('',#7174,#7177,#8098,.T.);
#6404=EDGE_CURVE('',#7179,#8004,#8099,.T.);
#6405=EDGE_CURVE('',#8093,#8002,#8100,.T.);
#6406=EDGE_CURVE('',#8091,#7281,#8101,.T.);
#6407=EDGE_CURVE('',#8048,#7105,#8102,.T.);
#6408=EDGE_CURVE('',#7097,#7102,#8103,.T.);
#6409=EDGE_CURVE('',#7089,#7094,#8104,.T.);
#6410=EDGE_CURVE('',#7251,#7086,#8105,.T.);
#6411=EDGE_CURVE('',#8106,#7250,#8107,.T.);
#6412=EDGE_CURVE('',#8108,#8106,#8109,.T.);
#6413=EDGE_CURVE('',#8050,#8108,#8110,.T.);
#6414=EDGE_CURVE('',#8106,#8111,#8112,.T.);
#6415=EDGE_CURVE('',#8113,#8111,#8114,.T.);
#6416=EDGE_CURVE('',#8108,#8113,#8115,.T.);
#6417=EDGE_CURVE('',#8111,#8116,#8117,.T.);
#6418=EDGE_CURVE('',#8118,#8116,#8119,.T.);
#6419=EDGE_CURVE('',#8113,#8118,#8120,.T.);
#6420=EDGE_CURVE('',#8116,#8121,#8122,.T.);
#6421=EDGE_CURVE('',#8121,#7810,#8123,.T.);
#6422=EDGE_CURVE('',#8118,#7808,#8124,.T.);
#6423=EDGE_CURVE('',#8125,#7713,#8126,.T.);
#6424=EDGE_CURVE('',#7711,#8127,#8128,.T.);
#6425=EDGE_CURVE('',#8127,#8129,#8130,.T.);
#6426=EDGE_CURVE('',#8129,#8131,#8132,.T.);
#6427=EDGE_CURVE('',#8133,#8131,#8134,.T.);
#6428=EDGE_CURVE('',#8133,#7752,#8135,.T.);
#6429=EDGE_CURVE('',#7750,#8136,#8137,.T.);
#6430=EDGE_CURVE('',#8138,#8136,#8139,.T.);
#6431=EDGE_CURVE('',#8140,#8138,#8141,.T.);
#6432=EDGE_CURVE('',#8140,#8125,#8142,.T.);
#6433=EDGE_CURVE('',#8143,#8144,#8145,.T.);
#6434=EDGE_CURVE('',#8144,#8146,#8147,.T.);
#6435=EDGE_CURVE('',#8146,#8148,#8149,.T.);
#6436=EDGE_CURVE('',#8148,#8150,#8151,.T.);
#6437=EDGE_CURVE('',#8150,#8152,#8153,.T.);
#6438=EDGE_CURVE('',#8152,#8154,#8155,.T.);
#6439=EDGE_CURVE('',#8154,#8156,#8157,.T.);
#6440=EDGE_CURVE('',#8156,#8158,#8159,.T.);
#6441=EDGE_CURVE('',#8158,#8160,#8161,.T.);
#6442=EDGE_CURVE('',#8160,#8162,#8163,.T.);
#6443=EDGE_CURVE('',#8162,#8164,#8165,.T.);
#6444=EDGE_CURVE('',#8164,#7756,#8166,.T.);
#6445=EDGE_CURVE('',#7709,#7754,#8167,.T.);
#6446=EDGE_CURVE('',#7707,#8143,#8168,.T.);
#6447=EDGE_CURVE('',#7539,#8169,#8170,.T.);
#6448=EDGE_CURVE('',#8171,#8169,#8172,.T.);
#6449=EDGE_CURVE('',#8173,#8171,#8174,.T.);
#6450=EDGE_CURVE('',#8175,#8173,#8176,.T.);
#6451=EDGE_CURVE('',#8175,#7541,#8177,.T.);
#6452=EDGE_CURVE('',#7475,#8178,#8179,.T.);
#6453=EDGE_CURVE('',#8178,#8180,#8181,.T.);
#6454=EDGE_CURVE('',#8180,#7664,#8182,.T.);
#6455=EDGE_CURVE('',#7663,#7477,#8183,.T.);
#6456=EDGE_CURVE('',#7485,#7668,#8184,.T.);
#6457=EDGE_CURVE('',#7483,#7670,#8185,.T.);
#6458=EDGE_CURVE('',#7481,#7672,#8186,.T.);
#6459=EDGE_CURVE('',#7479,#7674,#8187,.T.);
#6460=EDGE_CURVE('',#7543,#8188,#8189,.T.);
#6461=EDGE_CURVE('',#8188,#8190,#8191,.T.);
#6462=EDGE_CURVE('',#7545,#8190,#8192,.T.);
#6463=EDGE_CURVE('',#8175,#8188,#8193,.T.);
#6464=EDGE_CURVE('',#7549,#8194,#8195,.T.);
#6465=EDGE_CURVE('',#8194,#7990,#8196,.T.);
#6466=EDGE_CURVE('',#7547,#8197,#8198,.T.);
#6467=EDGE_CURVE('',#8197,#8194,#8199,.T.);
#6468=EDGE_CURVE('',#8190,#8197,#8200,.T.);
#6469=EDGE_CURVE('',#7992,#7849,#8201,.T.);
#6470=EDGE_CURVE('',#7851,#8173,#8202,.T.);
#6471=EDGE_CURVE('',#8203,#8204,#8205,.T.);
#6472=EDGE_CURVE('',#8204,#8136,#8206,.T.);
#6473=EDGE_CURVE('',#8125,#8203,#8207,.T.);
#6474=EDGE_CURVE('',#8133,#8208,#8209,.T.);
#6475=EDGE_CURVE('',#8210,#8208,#8211,.T.);
#6476=EDGE_CURVE('',#8210,#8127,#8212,.T.);
#6477=EDGE_CURVE('',#8129,#8213,#8214,.T.);
#6478=EDGE_CURVE('',#8213,#8215,#8216,.T.);
#6479=EDGE_CURVE('',#8215,#8131,#8217,.T.);
#6480=EDGE_CURVE('',#8213,#8210,#8218,.T.);
#6481=EDGE_CURVE('',#8208,#8215,#8219,.T.);
#6482=EDGE_CURVE('',#8220,#8221,#8222,.T.);
#6483=EDGE_CURVE('',#8220,#8140,#8223,.T.);
#6484=EDGE_CURVE('',#8138,#8221,#8224,.T.);
#6485=EDGE_CURVE('',#8203,#8220,#8225,.T.);
#6486=EDGE_CURVE('',#8221,#8204,#8226,.T.);
#6487=EDGE_CURVE('',#7917,#8052,#8227,.T.);
#6488=EDGE_CURVE('',#7740,#7914,#8228,.T.);
#6489=EDGE_CURVE('',#7915,#8229,#8230,.T.);
#6490=EDGE_CURVE('',#8229,#8231,#8232,.T.);
#6491=EDGE_CURVE('',#8231,#7742,#8233,.T.);
#6492=EDGE_CURVE('',#7744,#7973,#8234,.T.);
#6493=EDGE_CURVE('',#8235,#8231,#8236,.T.);
#6494=EDGE_CURVE('',#7971,#8235,#8237,.T.);
#6495=EDGE_CURVE('',#7983,#7719,#8238,.T.);
#6496=EDGE_CURVE('',#8239,#7981,#8240,.T.);
#6497=EDGE_CURVE('',#7976,#8239,#8241,.T.);
#6498=EDGE_CURVE('',#7895,#7986,#8242,.T.);
#6499=EDGE_CURVE('',#7987,#7847,#8243,.T.);
#6500=EDGE_CURVE('',#8171,#7853,#8244,.T.);
#6501=EDGE_CURVE('',#8169,#7963,#8245,.T.);
#6502=EDGE_CURVE('',#8246,#7921,#8247,.T.);
#6503=EDGE_CURVE('',#8248,#7923,#8249,.T.);
#6504=EDGE_CURVE('',#8246,#8248,#8250,.T.);
#6505=EDGE_CURVE('',#8251,#7926,#8252,.T.);
#6506=EDGE_CURVE('',#8253,#7930,#8254,.T.);
#6507=EDGE_CURVE('',#8251,#8253,#8255,.T.);
#6508=EDGE_CURVE('',#8256,#7960,#8257,.T.);
#6509=EDGE_CURVE('',#8256,#8258,#8259,.T.);
#6510=EDGE_CURVE('',#8258,#7938,#8260,.T.);
#6511=EDGE_CURVE('',#8261,#7958,#8262,.T.);
#6512=EDGE_CURVE('',#8256,#8261,#8263,.T.);
#6513=EDGE_CURVE('',#8264,#7956,#8265,.T.);
#6514=EDGE_CURVE('',#8261,#8264,#8266,.T.);
#6515=EDGE_CURVE('',#8267,#7954,#8268,.T.);
#6516=EDGE_CURVE('',#8264,#8267,#8269,.T.);
#6517=EDGE_CURVE('',#8270,#7952,#8271,.T.);
#6518=EDGE_CURVE('',#8267,#8270,#8272,.T.);
#6519=EDGE_CURVE('',#8273,#7950,#8274,.T.);
#6520=EDGE_CURVE('',#8270,#8273,#8275,.T.);
#6521=EDGE_CURVE('',#8276,#7948,#8277,.T.);
#6522=EDGE_CURVE('',#8276,#8273,#8278,.T.);
#6523=EDGE_CURVE('',#8279,#8280,#8281,.T.);
#6524=EDGE_CURVE('',#8279,#7915,#8282,.T.);
#6525=EDGE_CURVE('',#7905,#7875,#8283,.T.);
#6526=EDGE_CURVE('',#7873,#8280,#8284,.T.);
#6527=EDGE_CURVE('',#8246,#7870,#8285,.T.);
#6528=EDGE_CURVE('',#7900,#7871,#8286,.T.);
#6529=EDGE_CURVE('',#8287,#8288,#8289,.T.);
#6530=EDGE_CURVE('',#8287,#8253,#8290,.T.);
#6531=EDGE_CURVE('',#7968,#8288,#8291,.T.);
#6532=EDGE_CURVE('',#7934,#8292,#8293,.T.);
#6533=EDGE_CURVE('',#8294,#8292,#8295,.T.);
#6534=EDGE_CURVE('',#8294,#8296,#8297,.T.);
#6535=EDGE_CURVE('',#8296,#8298,#8299,.T.);
#6536=EDGE_CURVE('',#7886,#8298,#8300,.T.);
#6537=EDGE_CURVE('',#8301,#8235,#8302,.T.);
#6538=EDGE_CURVE('',#8301,#8276,#8303,.T.);
#6539=EDGE_CURVE('',#8258,#8304,#8305,.T.);
#6540=EDGE_CURVE('',#8304,#8239,#8306,.T.);
#6541=EDGE_CURVE('',#8307,#8308,#8309,.T.);
#6542=EDGE_CURVE('',#8307,#8248,#8310,.T.);
#6543=EDGE_CURVE('',#7839,#8308,#8311,.T.);
#6544=EDGE_CURVE('',#8251,#8312,#8313,.T.);
#6545=EDGE_CURVE('',#8312,#8314,#8315,.T.);
#6546=EDGE_CURVE('',#7861,#8314,#8316,.T.);
#6547=EDGE_CURVE('',#8312,#8307,#8317,.T.);
#6548=EDGE_CURVE('',#8308,#8318,#8319,.T.);
#6549=EDGE_CURVE('',#8318,#8320,#8321,.T.);
#6550=EDGE_CURVE('',#8320,#8322,#8323,.T.);
#6551=EDGE_CURVE('',#8322,#8324,#8325,.T.);
#6552=EDGE_CURVE('',#8324,#8314,#8326,.T.);
#6553=EDGE_CURVE('',#8296,#8287,#8327,.T.);
#6554=EDGE_CURVE('',#8328,#8288,#8329,.T.);
#6555=EDGE_CURVE('',#8330,#8328,#8331,.T.);
#6556=EDGE_CURVE('',#8330,#8332,#8333,.T.);
#6557=EDGE_CURVE('',#8334,#8332,#8335,.T.);
#6558=EDGE_CURVE('',#8298,#8334,#8336,.T.);
#6559=EDGE_CURVE('',#8304,#7978,#8337,.T.);
#6560=EDGE_CURVE('',#8229,#8301,#8338,.T.);
#6561=EDGE_CURVE('',#8292,#8256,#8339,.T.);
#6562=EDGE_CURVE('',#8273,#8279,#8340,.T.);
#6563=EDGE_CURVE('',#8280,#8246,#8341,.T.);
#6564=EDGE_CURVE('',#8248,#8251,#8342,.T.);
#6565=EDGE_CURVE('',#8253,#8294,#8343,.T.);
#6566=EDGE_CURVE('',#7906,#7877,#8344,.T.);
#6567=EDGE_CURVE('',#7561,#8345,#8346,.T.);
#6568=EDGE_CURVE('',#8345,#8347,#8348,.T.);
#6569=EDGE_CURVE('',#8347,#8349,#8350,.T.);
#6570=EDGE_CURVE('',#8349,#8351,#8352,.T.);
#6571=EDGE_CURVE('',#8351,#7879,#8353,.T.);
#6572=EDGE_CURVE('',#7902,#7883,#8354,.T.);
#6573=EDGE_CURVE('',#7881,#8355,#8356,.T.);
#6574=EDGE_CURVE('',#8355,#8357,#8358,.T.);
#6575=EDGE_CURVE('',#8357,#8359,#8360,.T.);
#6576=EDGE_CURVE('',#8359,#8361,#8362,.T.);
#6577=EDGE_CURVE('',#8361,#7559,#8363,.T.);
#6578=EDGE_CURVE('',#7889,#8334,#8364,.T.);
#6579=EDGE_CURVE('',#8332,#8365,#8366,.T.);
#6580=EDGE_CURVE('',#8365,#8367,#8368,.T.);
#6581=EDGE_CURVE('',#8367,#8369,#8370,.T.);
#6582=EDGE_CURVE('',#8369,#8371,#8372,.T.);
#6583=EDGE_CURVE('',#8371,#7531,#8373,.T.);
#6584=EDGE_CURVE('',#7533,#8374,#8375,.T.);
#6585=EDGE_CURVE('',#8374,#8376,#8377,.T.);
#6586=EDGE_CURVE('',#8376,#8378,#8379,.T.);
#6587=EDGE_CURVE('',#8378,#8380,#8381,.T.);
#6588=EDGE_CURVE('',#8380,#8330,#8382,.T.);
#6589=EDGE_CURVE('',#7966,#8328,#8383,.T.);
#6590=EDGE_CURVE('',#8361,#8345,#8384,.T.);
#6591=EDGE_CURVE('',#8357,#8349,#8385,.T.);
#6592=EDGE_CURVE('',#8359,#8347,#8386,.T.);
#6593=EDGE_CURVE('',#8355,#8351,#8387,.T.);
#6594=EDGE_CURVE('',#8374,#8371,#8388,.T.);
#6595=EDGE_CURVE('',#8380,#8365,#8389,.T.);
#6596=EDGE_CURVE('',#8378,#8367,#8390,.T.);
#6597=EDGE_CURVE('',#8376,#8369,#8391,.T.);
#6598=EDGE_CURVE('',#7838,#8318,#8392,.T.);
#6599=EDGE_CURVE('',#7867,#8320,#8393,.T.);
#6600=EDGE_CURVE('',#7865,#8322,#8394,.T.);
#6601=EDGE_CURVE('',#7863,#8324,#8395,.T.);
#6602=EDGE_CURVE('',#8121,#7263,#8396,.T.);
#6603=EDGE_CURVE('',#7310,#7266,#8397,.T.);
#6604=EDGE_CURVE('',#7817,#8398,#8399,.T.);
#6605=EDGE_CURVE('',#8398,#8079,#8400,.T.);
#6606=EDGE_CURVE('',#8401,#7294,#8402,.T.);
#6607=EDGE_CURVE('',#7815,#8401,#8403,.T.);
#6608=EDGE_CURVE('',#8398,#8401,#8404,.T.);
#6609=EDGE_CURVE('',#7638,#8006,#8405,.T.);
#6610=EDGE_CURVE('',#8406,#7705,#8407,.T.);
#6611=EDGE_CURVE('',#8143,#8406,#8408,.T.);
#6612=EDGE_CURVE('',#8409,#8144,#8410,.T.);
#6613=EDGE_CURVE('',#8409,#8406,#8411,.T.);
#6614=EDGE_CURVE('',#7651,#8412,#8413,.T.);
#6615=EDGE_CURVE('',#8412,#8409,#8414,.T.);
#6616=EDGE_CURVE('',#8415,#7760,#8416,.T.);
#6617=EDGE_CURVE('',#8417,#8415,#8418,.T.);
#6618=EDGE_CURVE('',#7622,#8417,#8419,.T.);
#6619=EDGE_CURVE('',#8162,#8420,#8421,.T.);
#6620=EDGE_CURVE('',#8422,#8420,#8423,.T.);
#6621=EDGE_CURVE('',#8164,#8422,#8424,.T.);
#6622=EDGE_CURVE('',#7758,#8422,#8425,.T.);
#6623=EDGE_CURVE('',#8420,#8426,#8427,.T.);
#6624=EDGE_CURVE('',#8426,#8415,#8428,.T.);
#6625=EDGE_CURVE('',#7602,#8178,#8429,.T.);
#6626=EDGE_CURVE('',#8180,#7441,#8430,.T.);
#6627=EDGE_CURVE('',#7654,#7435,#8431,.T.);
#6628=EDGE_CURVE('',#7655,#7592,#8432,.T.);
#6629=EDGE_CURVE('',#8433,#7625,#8434,.T.);
#6630=EDGE_CURVE('',#8433,#8435,#8436,.T.);
#6631=EDGE_CURVE('',#8435,#7627,#8437,.T.);
#6632=EDGE_CURVE('',#8438,#7630,#8439,.T.);
#6633=EDGE_CURVE('',#8438,#8440,#8441,.T.);
#6634=EDGE_CURVE('',#8440,#7632,#8442,.T.);
#6635=EDGE_CURVE('',#8443,#8146,#8444,.T.);
#6636=EDGE_CURVE('',#8445,#8443,#8446,.T.);
#6637=EDGE_CURVE('',#8445,#8148,#8447,.T.);
#6638=EDGE_CURVE('',#8445,#8448,#8449,.T.);
#6639=EDGE_CURVE('',#8448,#8150,#8450,.T.);
#6640=EDGE_CURVE('',#8448,#8451,#8452,.T.);
#6641=EDGE_CURVE('',#8451,#8152,#8453,.T.);
#6642=EDGE_CURVE('',#8451,#8454,#8455,.T.);
#6643=EDGE_CURVE('',#8454,#8154,#8456,.T.);
#6644=EDGE_CURVE('',#8454,#8457,#8458,.T.);
#6645=EDGE_CURVE('',#8457,#8156,#8459,.T.);
#6646=EDGE_CURVE('',#8457,#8460,#8461,.T.);
#6647=EDGE_CURVE('',#8460,#8158,#8462,.T.);
#6648=EDGE_CURVE('',#8463,#8460,#8464,.T.);
#6649=EDGE_CURVE('',#8463,#8160,#8465,.T.);
#6650=EDGE_CURVE('',#8466,#8412,#8467,.T.);
#6651=EDGE_CURVE('',#8443,#8466,#8468,.T.);
#6652=EDGE_CURVE('',#8469,#8463,#8470,.T.);
#6653=EDGE_CURVE('',#8469,#8426,#8471,.T.);
#6654=EDGE_CURVE('',#8472,#8435,#8473,.T.);
#6655=EDGE_CURVE('',#8472,#8474,#8475,.T.);
#6656=EDGE_CURVE('',#7416,#8474,#8476,.T.);
#6657=EDGE_CURVE('',#8477,#8478,#8479,.T.);
#6658=EDGE_CURVE('',#8438,#8477,#8480,.T.);
#6659=EDGE_CURVE('',#7427,#8478,#8481,.T.);
#6660=EDGE_CURVE('',#8482,#7622,#8483,.T.);
#6661=EDGE_CURVE('',#8482,#8484,#8485,.T.);
#6662=EDGE_CURVE('',#7576,#8484,#8486,.T.);
#6663=EDGE_CURVE('',#7612,#7577,#8487,.T.);
#6664=EDGE_CURVE('',#8433,#7579,#8488,.T.);
#6665=EDGE_CURVE('',#7607,#7581,#8489,.T.);
#6666=EDGE_CURVE('',#8477,#8472,#8490,.T.);
#6667=EDGE_CURVE('',#8491,#8478,#8492,.T.);
#6668=EDGE_CURVE('',#8493,#8491,#8494,.T.);
#6669=EDGE_CURVE('',#8495,#8493,#8496,.T.);
#6670=EDGE_CURVE('',#8497,#8495,#8498,.T.);
#6671=EDGE_CURVE('',#8474,#8497,#8499,.T.);
#6672=EDGE_CURVE('',#8500,#8440,#8501,.T.);
#6673=EDGE_CURVE('',#8500,#8502,#8503,.T.);
#6674=EDGE_CURVE('',#7597,#8502,#8504,.T.);
#6675=EDGE_CURVE('',#8505,#8500,#8506,.T.);
#6676=EDGE_CURVE('',#8505,#8507,#8508,.T.);
#6677=EDGE_CURVE('',#8507,#8509,#8510,.T.);
#6678=EDGE_CURVE('',#8509,#8511,#8512,.T.);
#6679=EDGE_CURVE('',#8513,#8511,#8514,.T.);
#6680=EDGE_CURVE('',#8513,#8515,#8516,.T.);
#6681=EDGE_CURVE('',#8515,#8502,#8517,.T.);
#6682=EDGE_CURVE('',#8518,#8519,#8520,.T.);
#6683=EDGE_CURVE('',#7635,#8519,#8521,.T.);
#6684=EDGE_CURVE('',#7677,#8507,#8522,.T.);
#6685=EDGE_CURVE('',#8518,#8505,#8523,.T.);
#6686=EDGE_CURVE('',#8466,#7649,#8524,.T.);
#6687=EDGE_CURVE('',#8417,#8469,#8525,.T.);
#6688=EDGE_CURVE('',#8519,#8445,#8526,.T.);
#6689=EDGE_CURVE('',#8440,#8518,#8527,.T.);
#6690=EDGE_CURVE('',#8435,#8438,#8528,.T.);
#6691=EDGE_CURVE('',#8484,#8433,#8529,.T.);
#6692=EDGE_CURVE('',#8460,#8482,#8530,.T.);
#6693=EDGE_CURVE('',#7613,#7589,#8531,.T.);
#6694=EDGE_CURVE('',#7467,#8532,#8533,.T.);
#6695=EDGE_CURVE('',#8534,#7587,#8535,.T.);
#6696=EDGE_CURVE('',#8536,#8534,#8537,.T.);
#6697=EDGE_CURVE('',#8538,#8536,#8539,.T.);
#6698=EDGE_CURVE('',#8532,#8538,#8540,.T.);
#6699=EDGE_CURVE('',#7605,#7583,#8541,.T.);
#6700=EDGE_CURVE('',#8542,#7469,#8543,.T.);
#6701=EDGE_CURVE('',#8544,#8542,#8545,.T.);
#6702=EDGE_CURVE('',#8546,#8544,#8547,.T.);
#6703=EDGE_CURVE('',#8548,#8546,#8549,.T.);
#6704=EDGE_CURVE('',#7585,#8548,#8550,.T.);
#6705=EDGE_CURVE('',#7678,#8509,#8551,.T.);
#6706=EDGE_CURVE('',#8552,#7497,#8553,.T.);
#6707=EDGE_CURVE('',#8554,#8552,#8555,.T.);
#6708=EDGE_CURVE('',#8556,#8554,#8557,.T.);
#6709=EDGE_CURVE('',#8558,#8556,#8559,.T.);
#6710=EDGE_CURVE('',#8511,#8558,#8560,.T.);
#6711=EDGE_CURVE('',#7495,#8561,#8562,.T.);
#6712=EDGE_CURVE('',#7599,#8515,#8563,.T.);
#6713=EDGE_CURVE('',#8564,#8513,#8565,.T.);
#6714=EDGE_CURVE('',#8566,#8564,#8567,.T.);
#6715=EDGE_CURVE('',#8568,#8566,#8569,.T.);
#6716=EDGE_CURVE('',#8561,#8568,#8570,.T.);
#6717=EDGE_CURVE('',#8542,#8532,#8571,.T.);
#6718=EDGE_CURVE('',#8544,#8538,#8572,.T.);
#6719=EDGE_CURVE('',#8546,#8536,#8573,.T.);
#6720=EDGE_CURVE('',#8548,#8534,#8574,.T.);
#6721=EDGE_CURVE('',#8561,#8552,#8575,.T.);
#6722=EDGE_CURVE('',#8564,#8558,#8576,.T.);
#6723=EDGE_CURVE('',#8566,#8556,#8577,.T.);
#6724=EDGE_CURVE('',#8568,#8554,#8578,.T.);
#6725=EDGE_CURVE('',#7419,#8497,#8579,.T.);
#6726=EDGE_CURVE('',#7421,#8495,#8580,.T.);
#6727=EDGE_CURVE('',#7423,#8493,#8581,.T.);
#6728=EDGE_CURVE('',#7425,#8491,#8582,.T.);
#6729=EDGE_CURVE('',#7409,#8583,#8584,.T.);
#6730=EDGE_CURVE('',#8583,#7781,#8585,.T.);
#6731=EDGE_CURVE('',#7301,#8586,#8587,.T.);
#6732=EDGE_CURVE('',#8586,#7779,#8588,.T.);
#6733=EDGE_CURVE('',#8586,#8583,#8589,.T.);
#6734=EDGE_CURVE('',#7183,#7403,#8590,.T.);
#6735=EDGE_CURVE('',#7182,#7289,#8591,.T.);
#6736=EDGE_CURVE('',#8008,#7702,#8592,.T.);
#6737=EDGE_CURVE('',#8054,#7738,#8593,.T.);
#6738=EDGE_CURVE('',#7997,#7726,#8594,.T.);
#6739=EDGE_CURVE('',#7999,#7724,#8595,.T.);
#6740=EDGE_CURVE('',#7734,#8058,#8596,.T.);
#6741=EDGE_CURVE('',#7736,#8056,#8597,.T.);
#6742=EDGE_CURVE('',#8010,#7700,#8598,.T.);
#6743=EDGE_CURVE('',#8012,#7698,#8599,.T.);
#6744=EDGE_CURVE('',#8015,#7695,#8600,.T.);
#6745=EDGE_CURVE('',#8017,#7693,#8601,.T.);
#6746=EDGE_CURVE('',#8020,#7690,#8602,.T.);
#6747=EDGE_CURVE('',#8022,#7688,#8603,.T.);
#6748=EDGE_CURVE('',#8025,#7685,#8604,.T.);
#6749=EDGE_CURVE('',#7995,#7683,#8605,.T.);
#6750=EDGE_CURVE('',#7763,#8045,#8606,.T.);
#6751=EDGE_CURVE('',#7765,#8043,#8607,.T.);
#6752=EDGE_CURVE('',#7768,#8040,#8608,.T.);
#6753=EDGE_CURVE('',#7770,#8038,#8609,.T.);
#6754=EDGE_CURVE('',#7773,#8035,#8610,.T.);
#6755=EDGE_CURVE('',#7775,#8033,#8611,.T.);
#6756=EDGE_CURVE('',#7729,#8030,#8612,.T.);
#6757=EDGE_CURVE('',#7731,#8028,#8613,.T.);
#6758=EDGE_CURVE('',#7299,#7138,#8614,.T.);
#6759=EDGE_CURVE('',#7203,#7285,#8615,.T.);
#6760=EDGE_CURVE('',#8079,#8616,#8617,.T.);
#6761=EDGE_CURVE('',#8616,#8618,#8619,.T.);
#6762=EDGE_CURVE('',#8618,#8091,#8620,.T.);
#6763=EDGE_CURVE('',#7294,#8621,#8622,.T.);
#6764=EDGE_CURVE('',#8623,#7281,#8624,.T.);
#6765=EDGE_CURVE('',#8621,#8623,#8625,.T.);
#6766=EDGE_CURVE('',#8616,#8621,#8626,.T.);
#6767=EDGE_CURVE('',#8618,#8623,#8627,.T.);
#6768=EDGE_CURVE('',#8106,#8628,#8629,.T.);
#6769=EDGE_CURVE('',#8628,#8630,#8631,.T.);
#6770=EDGE_CURVE('',#8630,#8121,#8632,.T.);
#6771=EDGE_CURVE('',#8633,#7310,#8634,.T.);
#6772=EDGE_CURVE('',#8635,#8633,#8636,.T.);
#6773=EDGE_CURVE('',#7250,#8635,#8637,.T.);
#6774=EDGE_CURVE('',#8628,#8635,#8638,.T.);
#6775=EDGE_CURVE('',#8630,#8633,#8639,.T.);
#6776=EDGE_CURVE('',#7521,#8640,#8641,.T.);
#6777=EDGE_CURVE('',#8640,#8642,#8643,.T.);
#6778=EDGE_CURVE('',#8642,#8644,#8645,.T.);
#6779=EDGE_CURVE('',#8644,#8646,#8647,.T.);
#6780=EDGE_CURVE('',#8646,#7211,#8648,.T.);
#6781=EDGE_CURVE('',#8075,#7208,#8649,.T.);
#6782=EDGE_CURVE('',#7235,#7209,#8650,.T.);
#6783=EDGE_CURVE('',#8651,#7213,#8652,.T.);
#6784=EDGE_CURVE('',#8653,#8651,#8654,.T.);
#6785=EDGE_CURVE('',#8655,#8653,#8656,.T.);
#6786=EDGE_CURVE('',#8657,#8655,#8658,.T.);
#6787=EDGE_CURVE('',#7519,#8657,#8659,.T.);
#6788=EDGE_CURVE('',#8640,#8657,#8660,.T.);
#6789=EDGE_CURVE('',#8642,#8655,#8661,.T.);
#6790=EDGE_CURVE('',#8644,#8653,#8662,.T.);
#6791=EDGE_CURVE('',#8646,#8651,#8663,.T.);
#6792=EDGE_CURVE('',#7802,#8664,#8665,.T.);
#6793=EDGE_CURVE('',#7800,#8666,#8667,.T.);
#6794=EDGE_CURVE('',#8664,#8666,#8668,.T.);
#6795=EDGE_CURVE('',#8061,#7802,#8669,.T.);
#6796=EDGE_CURVE('',#8664,#8670,#8671,.T.);
#6797=EDGE_CURVE('',#8670,#8672,#8673,.T.);
#6798=EDGE_CURVE('',#8672,#8674,#8675,.T.);
#6799=EDGE_CURVE('',#8674,#8676,#8677,.T.);
#6800=EDGE_CURVE('',#8676,#7571,#8678,.T.);
#6801=EDGE_CURVE('',#7225,#7800,#8679,.T.);
#6802=EDGE_CURVE('',#8680,#7573,#8681,.T.);
#6803=EDGE_CURVE('',#8682,#8680,#8683,.T.);
#6804=EDGE_CURVE('',#8684,#8682,#8685,.T.);
#6805=EDGE_CURVE('',#8686,#8684,#8687,.T.);
#6806=EDGE_CURVE('',#8666,#8686,#8688,.T.);
#6807=EDGE_CURVE('',#8674,#8682,#8689,.T.);
#6808=EDGE_CURVE('',#8672,#8684,#8690,.T.);
#6809=EDGE_CURVE('',#8676,#8680,#8691,.T.);
#6810=EDGE_CURVE('',#8670,#8686,#8692,.T.);
#6811=EDGE_CURVE('',#7205,#8693,#8694,.T.);
#6812=EDGE_CURVE('',#8693,#8695,#8696,.T.);
#6813=EDGE_CURVE('',#8695,#7169,#8697,.T.);
#6814=EDGE_CURVE('',#8698,#7172,#8699,.T.);
#6815=EDGE_CURVE('',#8700,#8698,#8701,.T.);
#6816=EDGE_CURVE('',#7285,#8700,#8702,.T.);
#6817=EDGE_CURVE('',#8693,#8700,#8703,.T.);
#6818=EDGE_CURVE('',#8695,#8698,#8704,.T.);
#6819=EDGE_CURVE('',#7193,#8705,#8706,.T.);
#6820=EDGE_CURVE('',#8705,#8707,#8708,.T.);
#6821=EDGE_CURVE('',#8707,#7279,#8709,.T.);
#6822=EDGE_CURVE('',#8710,#7167,#8711,.T.);
#6823=EDGE_CURVE('',#8712,#8710,#8713,.T.);
#6824=EDGE_CURVE('',#7198,#8712,#8714,.T.);
#6825=EDGE_CURVE('',#8705,#8712,#8715,.T.);
#6826=EDGE_CURVE('',#8707,#8710,#8716,.T.);
#6827=EDGE_CURVE('',#7289,#8717,#8718,.T.);
#6828=EDGE_CURVE('',#8717,#8719,#8720,.T.);
#6829=EDGE_CURVE('',#8719,#7174,#8721,.T.);
#6830=EDGE_CURVE('',#8722,#7177,#8723,.T.);
#6831=EDGE_CURVE('',#8724,#8722,#8725,.T.);
#6832=EDGE_CURVE('',#7403,#8724,#8726,.T.);
#6833=EDGE_CURVE('',#8717,#8724,#8727,.T.);
#6834=EDGE_CURVE('',#8719,#8722,#8728,.T.);
#6835=EDGE_CURVE('',#7089,#8729,#8730,.T.);
#6836=EDGE_CURVE('',#8729,#8731,#8732,.T.);
#6837=EDGE_CURVE('',#8731,#7136,#8733,.T.);
#6838=EDGE_CURVE('',#7094,#8734,#8735,.T.);
#6839=EDGE_CURVE('',#8736,#7299,#8737,.T.);
#6840=EDGE_CURVE('',#8734,#8736,#8738,.T.);
#6841=EDGE_CURVE('',#8729,#8734,#8739,.T.);
#6842=EDGE_CURVE('',#8731,#8736,#8740,.T.);
#6843=EDGE_CURVE('',#7251,#8741,#8742,.T.);
#6844=EDGE_CURVE('',#8741,#8743,#8744,.T.);
#6845=EDGE_CURVE('',#8743,#7126,#8745,.T.);
#6846=EDGE_CURVE('',#7086,#8746,#8747,.T.);
#6847=EDGE_CURVE('',#8748,#7133,#8749,.T.);
#6848=EDGE_CURVE('',#8746,#8748,#8750,.T.);
#6849=EDGE_CURVE('',#8741,#8746,#8751,.T.);
#6850=EDGE_CURVE('',#8743,#8748,#8752,.T.);
#6851=EDGE_CURVE('',#7097,#8753,#8754,.T.);
#6852=EDGE_CURVE('',#8753,#8755,#8756,.T.);
#6853=EDGE_CURVE('',#8755,#7301,#8757,.T.);
#6854=EDGE_CURVE('',#7102,#8758,#8759,.T.);
#6855=EDGE_CURVE('',#8760,#7409,#8761,.T.);
#6856=EDGE_CURVE('',#8758,#8760,#8762,.T.);
#6857=EDGE_CURVE('',#8753,#8758,#8763,.T.);
#6858=EDGE_CURVE('',#8755,#8760,#8764,.T.);
#6859=EDGE_CURVE('',#7506,#8765,#8766,.T.);
#6860=EDGE_CURVE('',#8765,#8767,#8768,.T.);
#6861=EDGE_CURVE('',#8767,#8769,#8770,.T.);
#6862=EDGE_CURVE('',#8769,#8771,#8772,.T.);
#6863=EDGE_CURVE('',#8771,#7035,#8773,.T.);
#6864=EDGE_CURVE('',#7032,#7019,#8774,.T.);
#6865=EDGE_CURVE('',#7033,#7025,#8775,.T.);
#6866=EDGE_CURVE('',#8776,#7037,#8777,.T.);
#6867=EDGE_CURVE('',#8778,#8776,#8779,.T.);
#6868=EDGE_CURVE('',#8780,#8778,#8781,.T.);
#6869=EDGE_CURVE('',#8782,#8780,#8783,.T.);
#6870=EDGE_CURVE('',#7504,#8782,#8784,.T.);
#6871=EDGE_CURVE('',#8765,#8782,#8785,.T.);
#6872=EDGE_CURVE('',#8767,#8780,#8786,.T.);
#6873=EDGE_CURVE('',#8769,#8778,#8787,.T.);
#6874=EDGE_CURVE('',#8771,#8776,#8788,.T.);
#6875=EDGE_CURVE('',#7511,#8789,#8790,.T.);
#6876=EDGE_CURVE('',#8789,#8791,#8792,.T.);
#6877=EDGE_CURVE('',#8791,#8793,#8794,.T.);
#6878=EDGE_CURVE('',#8793,#8795,#8796,.T.);
#6879=EDGE_CURVE('',#8795,#7043,#8797,.T.);
#6880=EDGE_CURVE('',#7040,#7007,#8798,.T.);
#6881=EDGE_CURVE('',#7041,#7013,#8799,.T.);
#6882=EDGE_CURVE('',#8800,#7045,#8801,.T.);
#6883=EDGE_CURVE('',#8802,#8800,#8803,.T.);
#6884=EDGE_CURVE('',#8804,#8802,#8805,.T.);
#6885=EDGE_CURVE('',#8806,#8804,#8807,.T.);
#6886=EDGE_CURVE('',#7509,#8806,#8808,.T.);
#6887=EDGE_CURVE('',#8789,#8806,#8809,.T.);
#6888=EDGE_CURVE('',#8791,#8804,#8810,.T.);
#6889=EDGE_CURVE('',#8793,#8802,#8811,.T.);
#6890=EDGE_CURVE('',#8795,#8800,#8812,.T.);
#6891=EDGE_CURVE('',#7516,#8813,#8814,.T.);
#6892=EDGE_CURVE('',#8813,#8815,#8816,.T.);
#6893=EDGE_CURVE('',#8815,#8817,#8818,.T.);
#6894=EDGE_CURVE('',#8817,#8819,#8820,.T.);
#6895=EDGE_CURVE('',#8819,#7051,#8821,.T.);
#6896=EDGE_CURVE('',#7048,#7229,#8822,.T.);
#6897=EDGE_CURVE('',#7049,#7001,#8823,.T.);
#6898=EDGE_CURVE('',#8824,#7053,#8825,.T.);
#6899=EDGE_CURVE('',#8826,#8824,#8827,.T.);
#6900=EDGE_CURVE('',#8828,#8826,#8829,.T.);
#6901=EDGE_CURVE('',#8830,#8828,#8831,.T.);
#6902=EDGE_CURVE('',#7514,#8830,#8832,.T.);
#6903=EDGE_CURVE('',#8813,#8830,#8833,.T.);
#6904=EDGE_CURVE('',#8815,#8828,#8834,.T.);
#6905=EDGE_CURVE('',#8817,#8826,#8835,.T.);
#6906=EDGE_CURVE('',#8819,#8824,#8836,.T.);
#6907=EDGE_CURVE('',#7787,#8837,#8838,.T.);
#6908=EDGE_CURVE('',#7785,#8839,#8840,.T.);
#6909=EDGE_CURVE('',#8837,#8839,#8841,.T.);
#6910=EDGE_CURVE('',#6983,#7787,#8842,.T.);
#6911=EDGE_CURVE('',#8837,#8843,#8844,.T.);
#6912=EDGE_CURVE('',#8843,#8845,#8846,.T.);
#6913=EDGE_CURVE('',#8845,#8847,#8848,.T.);
#6914=EDGE_CURVE('',#8847,#8849,#8850,.T.);
#6915=EDGE_CURVE('',#8849,#7458,#8851,.T.);
#6916=EDGE_CURVE('',#6988,#7785,#8852,.T.);
#6917=EDGE_CURVE('',#8853,#7460,#8854,.T.);
#6918=EDGE_CURVE('',#8855,#8853,#8856,.T.);
#6919=EDGE_CURVE('',#8857,#8855,#8858,.T.);
#6920=EDGE_CURVE('',#8859,#8857,#8860,.T.);
#6921=EDGE_CURVE('',#8839,#8859,#8861,.T.);
#6922=EDGE_CURVE('',#8847,#8855,#8862,.T.);
#6923=EDGE_CURVE('',#8845,#8857,#8863,.T.);
#6924=EDGE_CURVE('',#8849,#8853,#8864,.T.);
#6925=EDGE_CURVE('',#8843,#8859,#8865,.T.);
#6926=EDGE_CURVE('',#7792,#8866,#8867,.T.);
#6927=EDGE_CURVE('',#7790,#8868,#8869,.T.);
#6928=EDGE_CURVE('',#8866,#8868,#8870,.T.);
#6929=EDGE_CURVE('',#6971,#7792,#8871,.T.);
#6930=EDGE_CURVE('',#8866,#8872,#8873,.T.);
#6931=EDGE_CURVE('',#8872,#8874,#8875,.T.);
#6932=EDGE_CURVE('',#8874,#8876,#8877,.T.);
#6933=EDGE_CURVE('',#8876,#8878,#8879,.T.);
#6934=EDGE_CURVE('',#8878,#7453,#8880,.T.);
#6935=EDGE_CURVE('',#6976,#7790,#8881,.T.);
#6936=EDGE_CURVE('',#8882,#7455,#8883,.T.);
#6937=EDGE_CURVE('',#8884,#8882,#8885,.T.);
#6938=EDGE_CURVE('',#8886,#8884,#8887,.T.);
#6939=EDGE_CURVE('',#8888,#8886,#8889,.T.);
#6940=EDGE_CURVE('',#8868,#8888,#8890,.T.);
#6941=EDGE_CURVE('',#8876,#8884,#8891,.T.);
#6942=EDGE_CURVE('',#8874,#8886,#8892,.T.);
#6943=EDGE_CURVE('',#8878,#8882,#8893,.T.);
#6944=EDGE_CURVE('',#8872,#8888,#8894,.T.);
#6945=EDGE_CURVE('',#7797,#8895,#8896,.T.);
#6946=EDGE_CURVE('',#7795,#8897,#8898,.T.);
#6947=EDGE_CURVE('',#8895,#8897,#8899,.T.);
#6948=EDGE_CURVE('',#7219,#7797,#8900,.T.);
#6949=EDGE_CURVE('',#8895,#8901,#8902,.T.);
#6950=EDGE_CURVE('',#8901,#8903,#8904,.T.);
#6951=EDGE_CURVE('',#8903,#8905,#8906,.T.);
#6952=EDGE_CURVE('',#8905,#8907,#8908,.T.);
#6953=EDGE_CURVE('',#8907,#7448,#8909,.T.);
#6954=EDGE_CURVE('',#6964,#7795,#8910,.T.);
#6955=EDGE_CURVE('',#8911,#7450,#8912,.T.);
#6956=EDGE_CURVE('',#8913,#8911,#8914,.T.);
#6957=EDGE_CURVE('',#8915,#8913,#8916,.T.);
#6958=EDGE_CURVE('',#8917,#8915,#8918,.T.);
#6959=EDGE_CURVE('',#8897,#8917,#8919,.T.);
#6960=EDGE_CURVE('',#8905,#8913,#8920,.T.);
#6961=EDGE_CURVE('',#8903,#8915,#8921,.T.);
#6962=EDGE_CURVE('',#8907,#8911,#8922,.T.);
#6963=EDGE_CURVE('',#8901,#8917,#8923,.T.);
#6964=VERTEX_POINT('',#8924);
#6965=VERTEX_POINT('',#8925);
#6966=LINE('',#8926,#8927);
#6967=VERTEX_POINT('',#8928);
#6968=LINE('',#8929,#8930);
#6969=VERTEX_POINT('',#8931);
#6970=LINE('',#8932,#8933);
#6971=VERTEX_POINT('',#8934);
#6972=LINE('',#8935,#8936);
#6973=VERTEX_POINT('',#8937);
#6974=LINE('',#8938,#8939);
#6975=LINE('',#8940,#8941);
#6976=VERTEX_POINT('',#8942);
#6977=VERTEX_POINT('',#8943);
#6978=LINE('',#8944,#8945);
#6979=VERTEX_POINT('',#8946);
#6980=LINE('',#8947,#8948);
#6981=VERTEX_POINT('',#8949);
#6982=LINE('',#8950,#8951);
#6983=VERTEX_POINT('',#8952);
#6984=LINE('',#8953,#8954);
#6985=VERTEX_POINT('',#8955);
#6986=LINE('',#8956,#8957);
#6987=LINE('',#8958,#8959);
#6988=VERTEX_POINT('',#8960);
#6989=VERTEX_POINT('',#8961);
#6990=LINE('',#8962,#8963);
#6991=VERTEX_POINT('',#8964);
#6992=LINE('',#8965,#8966);
#6993=VERTEX_POINT('',#8967);
#6994=LINE('',#8968,#8969);
#6995=VERTEX_POINT('',#8970);
#6996=LINE('',#8971,#8972);
#6997=LINE('',#8973,#8974);
#6998=VERTEX_POINT('',#8975);
#6999=VERTEX_POINT('',#8976);
#7000=LINE('',#8977,#8978);
#7001=VERTEX_POINT('',#8979);
#7002=LINE('',#8980,#8981);
#7003=VERTEX_POINT('',#8982);
#7004=LINE('',#8983,#8984);
#7005=VERTEX_POINT('',#8985);
#7006=LINE('',#8986,#8987);
#7007=VERTEX_POINT('',#8988);
#7008=LINE('',#8989,#8990);
#7009=LINE('',#8991,#8992);
#7010=VERTEX_POINT('',#8993);
#7011=VERTEX_POINT('',#8994);
#7012=LINE('',#8995,#8996);
#7013=VERTEX_POINT('',#8997);
#7014=LINE('',#8998,#8999);
#7015=VERTEX_POINT('',#9000);
#7016=LINE('',#9001,#9002);
#7017=VERTEX_POINT('',#9003);
#7018=LINE('',#9004,#9005);
#7019=VERTEX_POINT('',#9006);
#7020=LINE('',#9007,#9008);
#7021=LINE('',#9009,#9010);
#7022=VERTEX_POINT('',#9011);
#7023=VERTEX_POINT('',#9012);
#7024=LINE('',#9013,#9014);
#7025=VERTEX_POINT('',#9015);
#7026=LINE('',#9016,#9017);
#7027=VERTEX_POINT('',#9018);
#7028=LINE('',#9019,#9020);
#7029=VERTEX_POINT('',#9021);
#7030=LINE('',#9022,#9023);
#7031=LINE('',#9024,#9025);
#7032=VERTEX_POINT('',#9026);
#7033=VERTEX_POINT('',#9027);
#7034=LINE('',#9028,#9029);
#7035=VERTEX_POINT('',#9030);
#7036=LINE('',#9031,#9032);
#7037=VERTEX_POINT('',#9033);
#7038=LINE('',#9034,#9035);
#7039=LINE('',#9036,#9037);
#7040=VERTEX_POINT('',#9038);
#7041=VERTEX_POINT('',#9039);
#7042=LINE('',#9040,#9041);
#7043=VERTEX_POINT('',#9042);
#7044=LINE('',#9043,#9044);
#7045=VERTEX_POINT('',#9045);
#7046=LINE('',#9046,#9047);
#7047=LINE('',#9048,#9049);
#7048=VERTEX_POINT('',#9050);
#7049=VERTEX_POINT('',#9051);
#7050=LINE('',#9052,#9053);
#7051=VERTEX_POINT('',#9054);
#7052=LINE('',#9055,#9056);
#7053=VERTEX_POINT('',#9057);
#7054=LINE('',#9058,#9059);
#7055=LINE('',#9060,#9061);
#7056=VERTEX_POINT('',#9062);
#7057=LINE('',#9063,#9064);
#7058=VERTEX_POINT('',#9065);
#7059=LINE('',#9066,#9067);
#7060=LINE('',#9068,#9069);
#7061=VERTEX_POINT('',#9070);
#7062=LINE('',#9071,#9072);
#7063=VERTEX_POINT('',#9073);
#7064=LINE('',#9074,#9075);
#7065=LINE('',#9076,#9077);
#7066=VERTEX_POINT('',#9078);
#7067=LINE('',#9079,#9080);
#7068=VERTEX_POINT('',#9081);
#7069=LINE('',#9082,#9083);
#7070=LINE('',#9084,#9085);
#7071=VERTEX_POINT('',#9086);
#7072=LINE('',#9087,#9088);
#7073=VERTEX_POINT('',#9089);
#7074=LINE('',#9090,#9091);
#7075=LINE('',#9092,#9093);
#7076=VERTEX_POINT('',#9094);
#7077=LINE('',#9095,#9096);
#7078=VERTEX_POINT('',#9097);
#7079=LINE('',#9098,#9099);
#7080=LINE('',#9100,#9101);
#7081=VERTEX_POINT('',#9102);
#7082=LINE('',#9103,#9104);
#7083=VERTEX_POINT('',#9105);
#7084=LINE('',#9106,#9107);
#7085=LINE('',#9108,#9109);
#7086=VERTEX_POINT('',#9110);
#7087=VERTEX_POINT('',#9111);
#7088=LINE('',#9112,#9113);
#7089=VERTEX_POINT('',#9114);
#7090=LINE('',#9115,#9116);
#7091=VERTEX_POINT('',#9117);
#7092=LINE('',#9118,#9119);
#7093=LINE('',#9120,#9121);
#7094=VERTEX_POINT('',#9122);
#7095=VERTEX_POINT('',#9123);
#7096=LINE('',#9124,#9125);
#7097=VERTEX_POINT('',#9126);
#7098=LINE('',#9127,#9128);
#7099=VERTEX_POINT('',#9129);
#7100=LINE('',#9130,#9131);
#7101=LINE('',#9132,#9133);
#7102=VERTEX_POINT('',#9134);
#7103=VERTEX_POINT('',#9135);
#7104=LINE('',#9136,#9137);
#7105=VERTEX_POINT('',#9138);
#7106=LINE('',#9139,#9140);
#7107=VERTEX_POINT('',#9141);
#7108=LINE('',#9142,#9143);
#7109=LINE('',#9144,#9145);
#7110=VERTEX_POINT('',#9146);
#7111=LINE('',#9147,#9148);
#7112=VERTEX_POINT('',#9149);
#7113=LINE('',#9150,#9151);
#7114=LINE('',#9152,#9153);
#7115=VERTEX_POINT('',#9154);
#7116=LINE('',#9155,#9156);
#7117=VERTEX_POINT('',#9157);
#7118=LINE('',#9158,#9159);
#7119=LINE('',#9160,#9161);
#7120=VERTEX_POINT('',#9162);
#7121=LINE('',#9163,#9164);
#7122=VERTEX_POINT('',#9165);
#7123=LINE('',#9166,#9167);
#7124=LINE('',#9168,#9169);
#7125=VERTEX_POINT('',#9170);
#7126=VERTEX_POINT('',#9171);
#7127=CIRCLE('',#9172,0.045);
#7128=VERTEX_POINT('',#9173);
#7129=LINE('',#9174,#9175);
#7130=VERTEX_POINT('',#9176);
#7131=LINE('',#9177,#9178);
#7132=LINE('',#9179,#9180);
#7133=VERTEX_POINT('',#9181);
#7134=LINE('',#9182,#9183);
#7135=LINE('',#9184,#9185);
#7136=VERTEX_POINT('',#9186);
#7137=LINE('',#9187,#9188);
#7138=VERTEX_POINT('',#9189);
#7139=LINE('',#9190,#9191);
#7140=VERTEX_POINT('',#9192);
#7141=LINE('',#9193,#9194);
#7142=LINE('',#9195,#9196);
#7143=VERTEX_POINT('',#9197);
#7144=VERTEX_POINT('',#9198);
#7145=LINE('',#9199,#9200);
#7146=VERTEX_POINT('',#9201);
#7147=LINE('',#9202,#9203);
#7148=VERTEX_POINT('',#9204);
#7149=LINE('',#9205,#9206);
#7150=LINE('',#9207,#9208);
#7151=VERTEX_POINT('',#9209);
#7152=VERTEX_POINT('',#9210);
#7153=LINE('',#9211,#9212);
#7154=VERTEX_POINT('',#9213);
#7155=LINE('',#9214,#9215);
#7156=VERTEX_POINT('',#9216);
#7157=LINE('',#9217,#9218);
#7158=LINE('',#9219,#9220);
#7159=VERTEX_POINT('',#9221);
#7160=VERTEX_POINT('',#9222);
#7161=LINE('',#9223,#9224);
#7162=VERTEX_POINT('',#9225);
#7163=LINE('',#9226,#9227);
#7164=VERTEX_POINT('',#9228);
#7165=LINE('',#9229,#9230);
#7166=LINE('',#9231,#9232);
#7167=VERTEX_POINT('',#9233);
#7168=LINE('',#9234,#9235);
#7169=VERTEX_POINT('',#9236);
#7170=LINE('',#9237,#9238);
#7171=LINE('',#9239,#9240);
#7172=VERTEX_POINT('',#9241);
#7173=LINE('',#9242,#9243);
#7174=VERTEX_POINT('',#9244);
#7175=LINE('',#9245,#9246);
#7176=LINE('',#9247,#9248);
#7177=VERTEX_POINT('',#9249);
#7178=LINE('',#9250,#9251);
#7179=VERTEX_POINT('',#9252);
#7180=LINE('',#9253,#9254);
#7181=LINE('',#9255,#9256);
#7182=VERTEX_POINT('',#9257);
#7183=VERTEX_POINT('',#9258);
#7184=LINE('',#9259,#9260);
#7185=VERTEX_POINT('',#9261);
#7186=LINE('',#9262,#9263);
#7187=VERTEX_POINT('',#9264);
#7188=LINE('',#9265,#9266);
#7189=LINE('',#9267,#9268);
#7190=VERTEX_POINT('',#9269);
#7191=VERTEX_POINT('',#9270);
#7192=LINE('',#9271,#9272);
#7193=VERTEX_POINT('',#9273);
#7194=LINE('',#9274,#9275);
#7195=VERTEX_POINT('',#9276);
#7196=CIRCLE('',#9277,0.045);
#7197=LINE('',#9278,#9279);
#7198=VERTEX_POINT('',#9280);
#7199=LINE('',#9281,#9282);
#7200=LINE('',#9283,#9284);
#7201=VERTEX_POINT('',#9285);
#7202=LINE('',#9286,#9287);
#7203=VERTEX_POINT('',#9288);
#7204=LINE('',#9289,#9290);
#7205=VERTEX_POINT('',#9291);
#7206=LINE('',#9292,#9293);
#7207=LINE('',#9294,#9295);
#7208=VERTEX_POINT('',#9296);
#7209=VERTEX_POINT('',#9297);
#7210=LINE('',#9298,#9299);
#7211=VERTEX_POINT('',#9300);
#7212=LINE('',#9301,#9302);
#7213=VERTEX_POINT('',#9303);
#7214=LINE('',#9304,#9305);
#7215=LINE('',#9306,#9307);
#7216=VERTEX_POINT('',#9308);
#7217=VERTEX_POINT('',#9309);
#7218=LINE('',#9310,#9311);
#7219=VERTEX_POINT('',#9312);
#7220=LINE('',#9313,#9314);
#7221=VERTEX_POINT('',#9315);
#7222=LINE('',#9316,#9317);
#7223=VERTEX_POINT('',#9318);
#7224=LINE('',#9319,#9320);
#7225=VERTEX_POINT('',#9321);
#7226=LINE('',#9322,#9323);
#7227=LINE('',#9324,#9325);
#7228=VERTEX_POINT('',#9326);
#7229=VERTEX_POINT('',#9327);
#7230=LINE('',#9328,#9329);
#7231=VERTEX_POINT('',#9330);
#7232=LINE('',#9331,#9332);
#7233=VERTEX_POINT('',#9333);
#7234=LINE('',#9334,#9335);
#7235=VERTEX_POINT('',#9336);
#7236=LINE('',#9337,#9338);
#7237=VERTEX_POINT('',#9339);
#7238=LINE('',#9340,#9341);
#7239=LINE('',#9342,#9343);
#7240=VERTEX_POINT('',#9344);
#7241=LINE('',#9345,#9346);
#7242=VERTEX_POINT('',#9347);
#7243=LINE('',#9348,#9349);
#7244=LINE('',#9350,#9351);
#7245=VERTEX_POINT('',#9352);
#7246=VERTEX_POINT('',#9353);
#7247=LINE('',#9354,#9355);
#7248=LINE('',#9356,#9357);
#7249=LINE('',#9358,#9359);
#7250=VERTEX_POINT('',#9360);
#7251=VERTEX_POINT('',#9361);
#7252=LINE('',#9362,#9363);
#7253=VERTEX_POINT('',#9364);
#7254=LINE('',#9365,#9366);
#7255=VERTEX_POINT('',#9367);
#7256=LINE('',#9368,#9369);
#7257=LINE('',#9370,#9371);
#7258=VERTEX_POINT('',#9372);
#7259=LINE('',#9373,#9374);
#7260=VERTEX_POINT('',#9375);
#7261=LINE('',#9376,#9377);
#7262=LINE('',#9378,#9379);
#7263=VERTEX_POINT('',#9380);
#7264=VERTEX_POINT('',#9381);
#7265=LINE('',#9382,#9383);
#7266=VERTEX_POINT('',#9384);
#7267=LINE('',#9385,#9386);
#7268=VERTEX_POINT('',#9387);
#7269=LINE('',#9388,#9389);
#7270=LINE('',#9390,#9391);
#7271=VERTEX_POINT('',#9392);
#7272=VERTEX_POINT('',#9393);
#7273=LINE('',#9394,#9395);
#7274=VERTEX_POINT('',#9396);
#7275=LINE('',#9397,#9398);
#7276=VERTEX_POINT('',#9399);
#7277=LINE('',#9400,#9401);
#7278=LINE('',#9402,#9403);
#7279=VERTEX_POINT('',#9404);
#7280=LINE('',#9405,#9406);
#7281=VERTEX_POINT('',#9407);
#7282=LINE('',#9408,#9409);
#7283=LINE('',#9410,#9411);
#7284=VERTEX_POINT('',#9412);
#7285=VERTEX_POINT('',#9413);
#7286=CIRCLE('',#9414,0.045);
#7287=VERTEX_POINT('',#9415);
#7288=LINE('',#9416,#9417);
#7289=VERTEX_POINT('',#9418);
#7290=CIRCLE('',#9419,0.045);
#7291=CIRCLE('',#9420,0.045);
#7292=CIRCLE('',#9421,0.045);
#7293=CIRCLE('',#9422,0.045);
#7294=VERTEX_POINT('',#9423);
#7295=CIRCLE('',#9424,0.045);
#7296=VERTEX_POINT('',#9425);
#7297=CIRCLE('',#9426,0.045);
#7298=LINE('',#9427,#9428);
#7299=VERTEX_POINT('',#9429);
#7300=CIRCLE('',#9430,0.045);
#7301=VERTEX_POINT('',#9431);
#7302=CIRCLE('',#9432,0.045);
#7303=VERTEX_POINT('',#9433);
#7304=CIRCLE('',#9434,0.045);
#7305=VERTEX_POINT('',#9435);
#7306=LINE('',#9436,#9437);
#7307=CIRCLE('',#9438,0.045);
#7308=VERTEX_POINT('',#9439);
#7309=LINE('',#9440,#9441);
#7310=VERTEX_POINT('',#9442);
#7311=CIRCLE('',#9443,0.045);
#7312=CIRCLE('',#9444,0.045);
#7313=CIRCLE('',#9445,0.045);
#7314=VERTEX_POINT('',#9446);
#7315=VERTEX_POINT('',#9447);
#7316=LINE('',#9448,#9449);
#7317=VERTEX_POINT('',#9450);
#7318=CIRCLE('',#9451,0.09);
#7319=VERTEX_POINT('',#9452);
#7320=LINE('',#9453,#9454);
#7321=CIRCLE('',#9455,0.09);
#7322=VERTEX_POINT('',#9456);
#7323=VERTEX_POINT('',#9457);
#7324=LINE('',#9458,#9459);
#7325=VERTEX_POINT('',#9460);
#7326=CIRCLE('',#9461,0.09);
#7327=VERTEX_POINT('',#9462);
#7328=LINE('',#9463,#9464);
#7329=CIRCLE('',#9465,0.09);
#7330=VERTEX_POINT('',#9466);
#7331=VERTEX_POINT('',#9467);
#7332=LINE('',#9468,#9469);
#7333=VERTEX_POINT('',#9470);
#7334=CIRCLE('',#9471,0.09);
#7335=VERTEX_POINT('',#9472);
#7336=LINE('',#9473,#9474);
#7337=CIRCLE('',#9475,0.09);
#7338=VERTEX_POINT('',#9476);
#7339=VERTEX_POINT('',#9477);
#7340=LINE('',#9478,#9479);
#7341=VERTEX_POINT('',#9480);
#7342=CIRCLE('',#9481,0.09);
#7343=VERTEX_POINT('',#9482);
#7344=LINE('',#9483,#9484);
#7345=VERTEX_POINT('',#9485);
#7346=CIRCLE('',#9486,0.09);
#7347=VERTEX_POINT('',#9487);
#7348=LINE('',#9488,#9489);
#7349=CIRCLE('',#9490,0.09);
#7350=VERTEX_POINT('',#9491);
#7351=VERTEX_POINT('',#9492);
#7352=LINE('',#9493,#9494);
#7353=VERTEX_POINT('',#9495);
#7354=CIRCLE('',#9496,0.09);
#7355=VERTEX_POINT('',#9497);
#7356=LINE('',#9498,#9499);
#7357=CIRCLE('',#9500,0.09);
#7358=VERTEX_POINT('',#9501);
#7359=VERTEX_POINT('',#9502);
#7360=CIRCLE('',#9503,0.09);
#7361=VERTEX_POINT('',#9504);
#7362=LINE('',#9505,#9506);
#7363=VERTEX_POINT('',#9507);
#7364=CIRCLE('',#9508,0.09);
#7365=LINE('',#9509,#9510);
#7366=VERTEX_POINT('',#9511);
#7367=VERTEX_POINT('',#9512);
#7368=CIRCLE('',#9513,0.09);
#7369=VERTEX_POINT('',#9514);
#7370=LINE('',#9515,#9516);
#7371=VERTEX_POINT('',#9517);
#7372=CIRCLE('',#9518,0.09);
#7373=LINE('',#9519,#9520);
#7374=VERTEX_POINT('',#9521);
#7375=VERTEX_POINT('',#9522);
#7376=CIRCLE('',#9523,0.09);
#7377=VERTEX_POINT('',#9524);
#7378=LINE('',#9525,#9526);
#7379=VERTEX_POINT('',#9527);
#7380=CIRCLE('',#9528,0.09);
#7381=LINE('',#9529,#9530);
#7382=VERTEX_POINT('',#9531);
#7383=VERTEX_POINT('',#9532);
#7384=CIRCLE('',#9533,0.09);
#7385=VERTEX_POINT('',#9534);
#7386=LINE('',#9535,#9536);
#7387=VERTEX_POINT('',#9537);
#7388=CIRCLE('',#9538,0.09);
#7389=LINE('',#9539,#9540);
#7390=VERTEX_POINT('',#9541);
#7391=VERTEX_POINT('',#9542);
#7392=LINE('',#9543,#9544);
#7393=VERTEX_POINT('',#9545);
#7394=CIRCLE('',#9546,0.09);
#7395=VERTEX_POINT('',#9547);
#7396=LINE('',#9548,#9549);
#7397=VERTEX_POINT('',#9550);
#7398=CIRCLE('',#9551,0.09);
#7399=VERTEX_POINT('',#9552);
#7400=LINE('',#9553,#9554);
#7401=CIRCLE('',#9555,0.09);
#7402=VERTEX_POINT('',#9556);
#7403=VERTEX_POINT('',#9557);
#7404=CIRCLE('',#9558,0.045);
#7405=VERTEX_POINT('',#9559);
#7406=LINE('',#9560,#9561);
#7407=CIRCLE('',#9562,0.045);
#7408=CIRCLE('',#9563,0.045);
#7409=VERTEX_POINT('',#9564);
#7410=CIRCLE('',#9565,0.045);
#7411=VERTEX_POINT('',#9566);
#7412=CIRCLE('',#9567,0.045);
#7413=VERTEX_POINT('',#9568);
#7414=LINE('',#9569,#9570);
#7415=CIRCLE('',#9571,0.045);
#7416=VERTEX_POINT('',#9572);
#7417=VERTEX_POINT('',#9573);
#7418=LINE('',#9574,#9575);
#7419=VERTEX_POINT('',#9576);
#7420=LINE('',#9577,#9578);
#7421=VERTEX_POINT('',#9579);
#7422=LINE('',#9580,#9581);
#7423=VERTEX_POINT('',#9582);
#7424=LINE('',#9583,#9584);
#7425=VERTEX_POINT('',#9585);
#7426=LINE('',#9586,#9587);
#7427=VERTEX_POINT('',#9588);
#7428=LINE('',#9589,#9590);
#7429=VERTEX_POINT('',#9591);
#7430=LINE('',#9592,#9593);
#7431=VERTEX_POINT('',#9594);
#7432=LINE('',#9595,#9596);
#7433=VERTEX_POINT('',#9597);
#7434=LINE('',#9598,#9599);
#7435=VERTEX_POINT('',#9600);
#7436=LINE('',#9601,#9602);
#7437=VERTEX_POINT('',#9603);
#7438=LINE('',#9604,#9605);
#7439=VERTEX_POINT('',#9606);
#7440=LINE('',#9607,#9608);
#7441=VERTEX_POINT('',#9609);
#7442=LINE('',#9610,#9611);
#7443=VERTEX_POINT('',#9612);
#7444=LINE('',#9613,#9614);
#7445=VERTEX_POINT('',#9615);
#7446=LINE('',#9616,#9617);
#7447=LINE('',#9618,#9619);
#7448=VERTEX_POINT('',#9620);
#7449=LINE('',#9621,#9622);
#7450=VERTEX_POINT('',#9623);
#7451=LINE('',#9624,#9625);
#7452=LINE('',#9626,#9627);
#7453=VERTEX_POINT('',#9628);
#7454=LINE('',#9629,#9630);
#7455=VERTEX_POINT('',#9631);
#7456=LINE('',#9632,#9633);
#7457=LINE('',#9634,#9635);
#7458=VERTEX_POINT('',#9636);
#7459=LINE('',#9637,#9638);
#7460=VERTEX_POINT('',#9639);
#7461=LINE('',#9640,#9641);
#7462=LINE('',#9642,#9643);
#7463=VERTEX_POINT('',#9644);
#7464=LINE('',#9645,#9646);
#7465=VERTEX_POINT('',#9647);
#7466=LINE('',#9648,#9649);
#7467=VERTEX_POINT('',#9650);
#7468=LINE('',#9651,#9652);
#7469=VERTEX_POINT('',#9653);
#7470=LINE('',#9654,#9655);
#7471=VERTEX_POINT('',#9656);
#7472=LINE('',#9657,#9658);
#7473=VERTEX_POINT('',#9659);
#7474=LINE('',#9660,#9661);
#7475=VERTEX_POINT('',#9662);
#7476=CIRCLE('',#9663,0.05);
#7477=VERTEX_POINT('',#9664);
#7478=LINE('',#9665,#9666);
#7479=VERTEX_POINT('',#9667);
#7480=LINE('',#9668,#9669);
#7481=VERTEX_POINT('',#9670);
#7482=CIRCLE('',#9671,0.25);
#7483=VERTEX_POINT('',#9672);
#7484=LINE('',#9673,#9674);
#7485=VERTEX_POINT('',#9675);
#7486=CIRCLE('',#9676,0.25);
#7487=VERTEX_POINT('',#9677);
#7488=LINE('',#9678,#9679);
#7489=VERTEX_POINT('',#9680);
#7490=LINE('',#9681,#9682);
#7491=VERTEX_POINT('',#9683);
#7492=CIRCLE('',#9684,0.05);
#7493=VERTEX_POINT('',#9685);
#7494=LINE('',#9686,#9687);
#7495=VERTEX_POINT('',#9688);
#7496=LINE('',#9689,#9690);
#7497=VERTEX_POINT('',#9691);
#7498=LINE('',#9692,#9693);
#7499=VERTEX_POINT('',#9694);
#7500=LINE('',#9695,#9696);
#7501=VERTEX_POINT('',#9697);
#7502=LINE('',#9698,#9699);
#7503=LINE('',#9700,#9701);
#7504=VERTEX_POINT('',#9702);
#7505=LINE('',#9703,#9704);
#7506=VERTEX_POINT('',#9705);
#7507=LINE('',#9706,#9707);
#7508=LINE('',#9708,#9709);
#7509=VERTEX_POINT('',#9710);
#7510=LINE('',#9711,#9712);
#7511=VERTEX_POINT('',#9713);
#7512=LINE('',#9714,#9715);
#7513=LINE('',#9716,#9717);
#7514=VERTEX_POINT('',#9718);
#7515=LINE('',#9719,#9720);
#7516=VERTEX_POINT('',#9721);
#7517=LINE('',#9722,#9723);
#7518=LINE('',#9724,#9725);
#7519=VERTEX_POINT('',#9726);
#7520=LINE('',#9727,#9728);
#7521=VERTEX_POINT('',#9729);
#7522=LINE('',#9730,#9731);
#7523=VERTEX_POINT('',#9732);
#7524=LINE('',#9733,#9734);
#7525=VERTEX_POINT('',#9735);
#7526=LINE('',#9736,#9737);
#7527=VERTEX_POINT('',#9738);
#7528=LINE('',#9739,#9740);
#7529=VERTEX_POINT('',#9741);
#7530=LINE('',#9742,#9743);
#7531=VERTEX_POINT('',#9744);
#7532=LINE('',#9745,#9746);
#7533=VERTEX_POINT('',#9747);
#7534=LINE('',#9748,#9749);
#7535=VERTEX_POINT('',#9750);
#7536=LINE('',#9751,#9752);
#7537=VERTEX_POINT('',#9753);
#7538=LINE('',#9754,#9755);
#7539=VERTEX_POINT('',#9756);
#7540=CIRCLE('',#9757,0.05);
#7541=VERTEX_POINT('',#9758);
#7542=LINE('',#9759,#9760);
#7543=VERTEX_POINT('',#9761);
#7544=LINE('',#9762,#9763);
#7545=VERTEX_POINT('',#9764);
#7546=CIRCLE('',#9765,0.25);
#7547=VERTEX_POINT('',#9766);
#7548=LINE('',#9767,#9768);
#7549=VERTEX_POINT('',#9769);
#7550=CIRCLE('',#9770,0.25);
#7551=VERTEX_POINT('',#9771);
#7552=LINE('',#9772,#9773);
#7553=VERTEX_POINT('',#9774);
#7554=LINE('',#9775,#9776);
#7555=VERTEX_POINT('',#9777);
#7556=CIRCLE('',#9778,0.05);
#7557=VERTEX_POINT('',#9779);
#7558=LINE('',#9780,#9781);
#7559=VERTEX_POINT('',#9782);
#7560=LINE('',#9783,#9784);
#7561=VERTEX_POINT('',#9785);
#7562=LINE('',#9786,#9787);
#7563=VERTEX_POINT('',#9788);
#7564=LINE('',#9789,#9790);
#7565=VERTEX_POINT('',#9791);
#7566=LINE('',#9792,#9793);
#7567=VERTEX_POINT('',#9794);
#7568=LINE('',#9795,#9796);
#7569=VERTEX_POINT('',#9797);
#7570=LINE('',#9798,#9799);
#7571=VERTEX_POINT('',#9800);
#7572=LINE('',#9801,#9802);
#7573=VERTEX_POINT('',#9803);
#7574=LINE('',#9804,#9805);
#7575=LINE('',#9806,#9807);
#7576=VERTEX_POINT('',#9808);
#7577=VERTEX_POINT('',#9809);
#7578=LINE('',#9810,#9811);
#7579=VERTEX_POINT('',#9812);
#7580=LINE('',#9813,#9814);
#7581=VERTEX_POINT('',#9815);
#7582=LINE('',#9816,#9817);
#7583=VERTEX_POINT('',#9818);
#7584=LINE('',#9819,#9820);
#7585=VERTEX_POINT('',#9821);
#7586=LINE('',#9822,#9823);
#7587=VERTEX_POINT('',#9824);
#7588=LINE('',#9825,#9826);
#7589=VERTEX_POINT('',#9827);
#7590=LINE('',#9828,#9829);
#7591=LINE('',#9830,#9831);
#7592=VERTEX_POINT('',#9832);
#7593=LINE('',#9833,#9834);
#7594=LINE('',#9835,#9836);
#7595=VERTEX_POINT('',#9837);
#7596=LINE('',#9838,#9839);
#7597=VERTEX_POINT('',#9840);
#7598=LINE('',#9841,#9842);
#7599=VERTEX_POINT('',#9843);
#7600=LINE('',#9844,#9845);
#7601=LINE('',#9846,#9847);
#7602=VERTEX_POINT('',#9848);
#7603=LINE('',#9849,#9850);
#7604=LINE('',#9851,#9852);
#7605=VERTEX_POINT('',#9853);
#7606=LINE('',#9854,#9855);
#7607=VERTEX_POINT('',#9856);
#7608=LINE('',#9857,#9858);
#7609=VERTEX_POINT('',#9859);
#7610=LINE('',#9860,#9861);
#7611=LINE('',#9862,#9863);
#7612=VERTEX_POINT('',#9864);
#7613=VERTEX_POINT('',#9865);
#7614=LINE('',#9866,#9867);
#7615=LINE('',#9868,#9869);
#7616=VERTEX_POINT('',#9870);
#7617=LINE('',#9871,#9872);
#7618=VERTEX_POINT('',#9873);
#7619=LINE('',#9874,#9875);
#7620=LINE('',#9876,#9877);
#7621=LINE('',#9878,#9879);
#7622=VERTEX_POINT('',#9880);
#7623=LINE('',#9881,#9882);
#7624=LINE('',#9883,#9884);
#7625=VERTEX_POINT('',#9885);
#7626=LINE('',#9886,#9887);
#7627=VERTEX_POINT('',#9888);
#7628=CIRCLE('',#9889,0.0299999999999998);
#7629=LINE('',#9890,#9891);
#7630=VERTEX_POINT('',#9892);
#7631=LINE('',#9893,#9894);
#7632=VERTEX_POINT('',#9895);
#7633=CIRCLE('',#9896,0.0299999999999998);
#7634=LINE('',#9897,#9898);
#7635=VERTEX_POINT('',#9899);
#7636=VERTEX_POINT('',#9900);
#7637=LINE('',#9901,#9902);
#7638=VERTEX_POINT('',#9903);
#7639=LINE('',#9904,#9905);
#7640=VERTEX_POINT('',#9906);
#7641=LINE('',#9907,#9908);
#7642=VERTEX_POINT('',#9909);
#7643=LINE('',#9910,#9911);
#7644=LINE('',#9912,#9913);
#7645=VERTEX_POINT('',#9914);
#7646=VERTEX_POINT('',#9915);
#7647=LINE('',#9916,#9917);
#7648=CIRCLE('',#9918,0.09);
#7649=VERTEX_POINT('',#9919);
#7650=CIRCLE('',#9920,0.09);
#7651=VERTEX_POINT('',#9921);
#7652=LINE('',#9922,#9923);
#7653=LINE('',#9924,#9925);
#7654=VERTEX_POINT('',#9926);
#7655=VERTEX_POINT('',#9927);
#7656=LINE('',#9928,#9929);
#7657=LINE('',#9930,#9931);
#7658=VERTEX_POINT('',#9932);
#7659=LINE('',#9933,#9934);
#7660=VERTEX_POINT('',#9935);
#7661=LINE('',#9936,#9937);
#7662=LINE('',#9938,#9939);
#7663=VERTEX_POINT('',#9940);
#7664=VERTEX_POINT('',#9941);
#7665=LINE('',#9942,#9943);
#7666=LINE('',#9944,#9945);
#7667=LINE('',#9946,#9947);
#7668=VERTEX_POINT('',#9948);
#7669=LINE('',#9949,#9950);
#7670=VERTEX_POINT('',#9951);
#7671=CIRCLE('',#9952,0.25);
#7672=VERTEX_POINT('',#9953);
#7673=LINE('',#9954,#9955);
#7674=VERTEX_POINT('',#9956);
#7675=CIRCLE('',#9957,0.25);
#7676=LINE('',#9958,#9959);
#7677=VERTEX_POINT('',#9960);
#7678=VERTEX_POINT('',#9961);
#7679=LINE('',#9962,#9963);
#7680=LINE('',#9964,#9965);
#7681=LINE('',#9966,#9967);
#7682=LINE('',#9968,#9969);
#7683=VERTEX_POINT('',#9970);
#7684=LINE('',#9971,#9972);
#7685=VERTEX_POINT('',#9973);
#7686=LINE('',#9974,#9975);
#7687=LINE('',#9976,#9977);
#7688=VERTEX_POINT('',#9978);
#7689=LINE('',#9979,#9980);
#7690=VERTEX_POINT('',#9981);
#7691=LINE('',#9982,#9983);
#7692=LINE('',#9984,#9985);
#7693=VERTEX_POINT('',#9986);
#7694=LINE('',#9987,#9988);
#7695=VERTEX_POINT('',#9989);
#7696=LINE('',#9990,#9991);
#7697=LINE('',#9992,#9993);
#7698=VERTEX_POINT('',#9994);
#7699=LINE('',#9995,#9996);
#7700=VERTEX_POINT('',#9997);
#7701=LINE('',#9998,#9999);
#7702=VERTEX_POINT('',#10000);
#7703=LINE('',#10001,#10002);
#7704=LINE('',#10003,#10004);
#7705=VERTEX_POINT('',#10005);
#7706=LINE('',#10006,#10007);
#7707=VERTEX_POINT('',#10008);
#7708=LINE('',#10009,#10010);
#7709=VERTEX_POINT('',#10011);
#7710=LINE('',#10012,#10013);
#7711=VERTEX_POINT('',#10014);
#7712=LINE('',#10015,#10016);
#7713=VERTEX_POINT('',#10017);
#7714=LINE('',#10018,#10019);
#7715=VERTEX_POINT('',#10020);
#7716=LINE('',#10021,#10022);
#7717=VERTEX_POINT('',#10023);
#7718=LINE('',#10024,#10025);
#7719=VERTEX_POINT('',#10026);
#7720=LINE('',#10027,#10028);
#7721=VERTEX_POINT('',#10029);
#7722=LINE('',#10030,#10031);
#7723=LINE('',#10032,#10033);
#7724=VERTEX_POINT('',#10034);
#7725=LINE('',#10035,#10036);
#7726=VERTEX_POINT('',#10037);
#7727=LINE('',#10038,#10039);
#7728=LINE('',#10040,#10041);
#7729=VERTEX_POINT('',#10042);
#7730=LINE('',#10043,#10044);
#7731=VERTEX_POINT('',#10045);
#7732=LINE('',#10046,#10047);
#7733=LINE('',#10048,#10049);
#7734=VERTEX_POINT('',#10050);
#7735=LINE('',#10051,#10052);
#7736=VERTEX_POINT('',#10053);
#7737=LINE('',#10054,#10055);
#7738=VERTEX_POINT('',#10056);
#7739=LINE('',#10057,#10058);
#7740=VERTEX_POINT('',#10059);
#7741=LINE('',#10060,#10061);
#7742=VERTEX_POINT('',#10062);
#7743=LINE('',#10063,#10064);
#7744=VERTEX_POINT('',#10065);
#7745=LINE('',#10066,#10067);
#7746=VERTEX_POINT('',#10068);
#7747=LINE('',#10069,#10070);
#7748=VERTEX_POINT('',#10071);
#7749=LINE('',#10072,#10073);
#7750=VERTEX_POINT('',#10074);
#7751=LINE('',#10075,#10076);
#7752=VERTEX_POINT('',#10077);
#7753=LINE('',#10078,#10079);
#7754=VERTEX_POINT('',#10080);
#7755=LINE('',#10081,#10082);
#7756=VERTEX_POINT('',#10083);
#7757=LINE('',#10084,#10085);
#7758=VERTEX_POINT('',#10086);
#7759=LINE('',#10087,#10088);
#7760=VERTEX_POINT('',#10089);
#7761=LINE('',#10090,#10091);
#7762=LINE('',#10092,#10093);
#7763=VERTEX_POINT('',#10094);
#7764=LINE('',#10095,#10096);
#7765=VERTEX_POINT('',#10097);
#7766=LINE('',#10098,#10099);
#7767=LINE('',#10100,#10101);
#7768=VERTEX_POINT('',#10102);
#7769=LINE('',#10103,#10104);
#7770=VERTEX_POINT('',#10105);
#7771=LINE('',#10106,#10107);
#7772=LINE('',#10108,#10109);
#7773=VERTEX_POINT('',#10110);
#7774=LINE('',#10111,#10112);
#7775=VERTEX_POINT('',#10113);
#7776=LINE('',#10114,#10115);
#7777=LINE('',#10116,#10117);
#7778=LINE('',#10118,#10119);
#7779=VERTEX_POINT('',#10120);
#7780=LINE('',#10121,#10122);
#7781=VERTEX_POINT('',#10123);
#7782=LINE('',#10124,#10125);
#7783=LINE('',#10126,#10127);
#7784=LINE('',#10128,#10129);
#7785=VERTEX_POINT('',#10130);
#7786=LINE('',#10131,#10132);
#7787=VERTEX_POINT('',#10133);
#7788=LINE('',#10134,#10135);
#7789=LINE('',#10136,#10137);
#7790=VERTEX_POINT('',#10138);
#7791=LINE('',#10139,#10140);
#7792=VERTEX_POINT('',#10141);
#7793=LINE('',#10142,#10143);
#7794=LINE('',#10144,#10145);
#7795=VERTEX_POINT('',#10146);
#7796=LINE('',#10147,#10148);
#7797=VERTEX_POINT('',#10149);
#7798=LINE('',#10150,#10151);
#7799=LINE('',#10152,#10153);
#7800=VERTEX_POINT('',#10154);
#7801=LINE('',#10155,#10156);
#7802=VERTEX_POINT('',#10157);
#7803=LINE('',#10158,#10159);
#7804=VERTEX_POINT('',#10160);
#7805=LINE('',#10161,#10162);
#7806=VERTEX_POINT('',#10163);
#7807=LINE('',#10164,#10165);
#7808=VERTEX_POINT('',#10166);
#7809=LINE('',#10167,#10168);
#7810=VERTEX_POINT('',#10169);
#7811=LINE('',#10170,#10171);
#7812=LINE('',#10172,#10173);
#7813=LINE('',#10174,#10175);
#7814=LINE('',#10176,#10177);
#7815=VERTEX_POINT('',#10178);
#7816=LINE('',#10179,#10180);
#7817=VERTEX_POINT('',#10181);
#7818=LINE('',#10182,#10183);
#7819=VERTEX_POINT('',#10184);
#7820=LINE('',#10185,#10186);
#7821=VERTEX_POINT('',#10187);
#7822=LINE('',#10188,#10189);
#7823=VERTEX_POINT('',#10190);
#7824=LINE('',#10191,#10192);
#7825=VERTEX_POINT('',#10193);
#7826=LINE('',#10194,#10195);
#7827=LINE('',#10196,#10197);
#7828=LINE('',#10198,#10199);
#7829=LINE('',#10200,#10201);
#7830=LINE('',#10202,#10203);
#7831=LINE('',#10204,#10205);
#7832=LINE('',#10206,#10207);
#7833=LINE('',#10208,#10209);
#7834=LINE('',#10210,#10211);
#7835=LINE('',#10212,#10213);
#7836=LINE('',#10214,#10215);
#7837=LINE('',#10216,#10217);
#7838=VERTEX_POINT('',#10218);
#7839=VERTEX_POINT('',#10219);
#7840=LINE('',#10220,#10221);
#7841=VERTEX_POINT('',#10222);
#7842=LINE('',#10223,#10224);
#7843=VERTEX_POINT('',#10225);
#7844=LINE('',#10226,#10227);
#7845=VERTEX_POINT('',#10228);
#7846=LINE('',#10229,#10230);
#7847=VERTEX_POINT('',#10231);
#7848=LINE('',#10232,#10233);
#7849=VERTEX_POINT('',#10234);
#7850=LINE('',#10235,#10236);
#7851=VERTEX_POINT('',#10237);
#7852=LINE('',#10238,#10239);
#7853=VERTEX_POINT('',#10240);
#7854=LINE('',#10241,#10242);
#7855=VERTEX_POINT('',#10243);
#7856=LINE('',#10244,#10245);
#7857=VERTEX_POINT('',#10246);
#7858=LINE('',#10247,#10248);
#7859=VERTEX_POINT('',#10249);
#7860=LINE('',#10250,#10251);
#7861=VERTEX_POINT('',#10252);
#7862=LINE('',#10253,#10254);
#7863=VERTEX_POINT('',#10255);
#7864=LINE('',#10256,#10257);
#7865=VERTEX_POINT('',#10258);
#7866=LINE('',#10259,#10260);
#7867=VERTEX_POINT('',#10261);
#7868=LINE('',#10262,#10263);
#7869=LINE('',#10264,#10265);
#7870=VERTEX_POINT('',#10266);
#7871=VERTEX_POINT('',#10267);
#7872=LINE('',#10268,#10269);
#7873=VERTEX_POINT('',#10270);
#7874=LINE('',#10271,#10272);
#7875=VERTEX_POINT('',#10273);
#7876=LINE('',#10274,#10275);
#7877=VERTEX_POINT('',#10276);
#7878=LINE('',#10277,#10278);
#7879=VERTEX_POINT('',#10279);
#7880=LINE('',#10280,#10281);
#7881=VERTEX_POINT('',#10282);
#7882=LINE('',#10283,#10284);
#7883=VERTEX_POINT('',#10285);
#7884=LINE('',#10286,#10287);
#7885=LINE('',#10288,#10289);
#7886=VERTEX_POINT('',#10290);
#7887=VERTEX_POINT('',#10291);
#7888=LINE('',#10292,#10293);
#7889=VERTEX_POINT('',#10294);
#7890=LINE('',#10295,#10296);
#7891=LINE('',#10297,#10298);
#7892=VERTEX_POINT('',#10299);
#7893=LINE('',#10300,#10301);
#7894=LINE('',#10302,#10303);
#7895=VERTEX_POINT('',#10304);
#7896=LINE('',#10305,#10306);
#7897=LINE('',#10307,#10308);
#7898=VERTEX_POINT('',#10309);
#7899=LINE('',#10310,#10311);
#7900=VERTEX_POINT('',#10312);
#7901=LINE('',#10313,#10314);
#7902=VERTEX_POINT('',#10315);
#7903=LINE('',#10316,#10317);
#7904=LINE('',#10318,#10319);
#7905=VERTEX_POINT('',#10320);
#7906=VERTEX_POINT('',#10321);
#7907=LINE('',#10322,#10323);
#7908=VERTEX_POINT('',#10324);
#7909=LINE('',#10325,#10326);
#7910=VERTEX_POINT('',#10327);
#7911=LINE('',#10328,#10329);
#7912=LINE('',#10330,#10331);
#7913=LINE('',#10332,#10333);
#7914=VERTEX_POINT('',#10334);
#7915=VERTEX_POINT('',#10335);
#7916=LINE('',#10336,#10337);
#7917=VERTEX_POINT('',#10338);
#7918=LINE('',#10339,#10340);
#7919=LINE('',#10341,#10342);
#7920=LINE('',#10343,#10344);
#7921=VERTEX_POINT('',#10345);
#7922=LINE('',#10346,#10347);
#7923=VERTEX_POINT('',#10348);
#7924=LINE('',#10349,#10350);
#7925=CIRCLE('',#10351,0.0299999999999998);
#7926=VERTEX_POINT('',#10352);
#7927=LINE('',#10353,#10354);
#7928=VERTEX_POINT('',#10355);
#7929=LINE('',#10356,#10357);
#7930=VERTEX_POINT('',#10358);
#7931=LINE('',#10359,#10360);
#7932=CIRCLE('',#10361,0.0299999999999998);
#7933=LINE('',#10362,#10363);
#7934=VERTEX_POINT('',#10364);
#7935=LINE('',#10365,#10366);
#7936=LINE('',#10367,#10368);
#7937=VERTEX_POINT('',#10369);
#7938=VERTEX_POINT('',#10370);
#7939=LINE('',#10371,#10372);
#7940=VERTEX_POINT('',#10373);
#7941=LINE('',#10374,#10375);
#7942=LINE('',#10376,#10377);
#7943=LINE('',#10378,#10379);
#7944=VERTEX_POINT('',#10380);
#7945=LINE('',#10381,#10382);
#7946=VERTEX_POINT('',#10383);
#7947=LINE('',#10384,#10385);
#7948=VERTEX_POINT('',#10386);
#7949=LINE('',#10387,#10388);
#7950=VERTEX_POINT('',#10389);
#7951=CIRCLE('',#10390,0.0299999999999999);
#7952=VERTEX_POINT('',#10391);
#7953=LINE('',#10392,#10393);
#7954=VERTEX_POINT('',#10394);
#7955=CIRCLE('',#10395,0.0300000000000002);
#7956=VERTEX_POINT('',#10396);
#7957=LINE('',#10397,#10398);
#7958=VERTEX_POINT('',#10399);
#7959=CIRCLE('',#10400,0.0300000000000002);
#7960=VERTEX_POINT('',#10401);
#7961=LINE('',#10402,#10403);
#7962=CIRCLE('',#10404,0.03);
#7963=VERTEX_POINT('',#10405);
#7964=LINE('',#10406,#10407);
#7965=LINE('',#10408,#10409);
#7966=VERTEX_POINT('',#10410);
#7967=LINE('',#10411,#10412);
#7968=VERTEX_POINT('',#10413);
#7969=LINE('',#10414,#10415);
#7970=LINE('',#10416,#10417);
#7971=VERTEX_POINT('',#10418);
#7972=LINE('',#10419,#10420);
#7973=VERTEX_POINT('',#10421);
#7974=LINE('',#10422,#10423);
#7975=LINE('',#10424,#10425);
#7976=VERTEX_POINT('',#10426);
#7977=LINE('',#10427,#10428);
#7978=VERTEX_POINT('',#10429);
#7979=LINE('',#10430,#10431);
#7980=CIRCLE('',#10432,0.09);
#7981=VERTEX_POINT('',#10433);
#7982=LINE('',#10434,#10435);
#7983=VERTEX_POINT('',#10436);
#7984=LINE('',#10437,#10438);
#7985=LINE('',#10439,#10440);
#7986=VERTEX_POINT('',#10441);
#7987=VERTEX_POINT('',#10442);
#7988=LINE('',#10443,#10444);
#7989=LINE('',#10445,#10446);
#7990=VERTEX_POINT('',#10447);
#7991=LINE('',#10448,#10449);
#7992=VERTEX_POINT('',#10450);
#7993=LINE('',#10451,#10452);
#7994=LINE('',#10453,#10454);
#7995=VERTEX_POINT('',#10455);
#7996=LINE('',#10456,#10457);
#7997=VERTEX_POINT('',#10458);
#7998=LINE('',#10459,#10460);
#7999=VERTEX_POINT('',#10461);
#8000=LINE('',#10462,#10463);
#8001=LINE('',#10464,#10465);
#8002=VERTEX_POINT('',#10466);
#8003=LINE('',#10467,#10468);
#8004=VERTEX_POINT('',#10469);
#8005=LINE('',#10470,#10471);
#8006=VERTEX_POINT('',#10472);
#8007=LINE('',#10473,#10474);
#8008=VERTEX_POINT('',#10475);
#8009=LINE('',#10476,#10477);
#8010=VERTEX_POINT('',#10478);
#8011=LINE('',#10479,#10480);
#8012=VERTEX_POINT('',#10481);
#8013=LINE('',#10482,#10483);
#8014=LINE('',#10484,#10485);
#8015=VERTEX_POINT('',#10486);
#8016=LINE('',#10487,#10488);
#8017=VERTEX_POINT('',#10489);
#8018=LINE('',#10490,#10491);
#8019=LINE('',#10492,#10493);
#8020=VERTEX_POINT('',#10494);
#8021=LINE('',#10495,#10496);
#8022=VERTEX_POINT('',#10497);
#8023=LINE('',#10498,#10499);
#8024=LINE('',#10500,#10501);
#8025=VERTEX_POINT('',#10502);
#8026=LINE('',#10503,#10504);
#8027=LINE('',#10505,#10506);
#8028=VERTEX_POINT('',#10507);
#8029=LINE('',#10508,#10509);
#8030=VERTEX_POINT('',#10510);
#8031=LINE('',#10511,#10512);
#8032=LINE('',#10513,#10514);
#8033=VERTEX_POINT('',#10515);
#8034=LINE('',#10516,#10517);
#8035=VERTEX_POINT('',#10518);
#8036=LINE('',#10519,#10520);
#8037=LINE('',#10521,#10522);
#8038=VERTEX_POINT('',#10523);
#8039=LINE('',#10524,#10525);
#8040=VERTEX_POINT('',#10526);
#8041=LINE('',#10527,#10528);
#8042=LINE('',#10529,#10530);
#8043=VERTEX_POINT('',#10531);
#8044=LINE('',#10532,#10533);
#8045=VERTEX_POINT('',#10534);
#8046=LINE('',#10535,#10536);
#8047=LINE('',#10537,#10538);
#8048=VERTEX_POINT('',#10539);
#8049=LINE('',#10540,#10541);
#8050=VERTEX_POINT('',#10542);
#8051=LINE('',#10543,#10544);
#8052=VERTEX_POINT('',#10545);
#8053=LINE('',#10546,#10547);
#8054=VERTEX_POINT('',#10548);
#8055=LINE('',#10549,#10550);
#8056=VERTEX_POINT('',#10551);
#8057=LINE('',#10552,#10553);
#8058=VERTEX_POINT('',#10554);
#8059=LINE('',#10555,#10556);
#8060=LINE('',#10557,#10558);
#8061=VERTEX_POINT('',#10559);
#8062=LINE('',#10560,#10561);
#8063=VERTEX_POINT('',#10562);
#8064=LINE('',#10563,#10564);
#8065=VERTEX_POINT('',#10565);
#8066=LINE('',#10566,#10567);
#8067=LINE('',#10568,#10569);
#8068=LINE('',#10570,#10571);
#8069=LINE('',#10572,#10573);
#8070=VERTEX_POINT('',#10574);
#8071=LINE('',#10575,#10576);
#8072=VERTEX_POINT('',#10577);
#8073=LINE('',#10578,#10579);
#8074=LINE('',#10580,#10581);
#8075=VERTEX_POINT('',#10582);
#8076=LINE('',#10583,#10584);
#8077=LINE('',#10585,#10586);
#8078=LINE('',#10587,#10588);
#8079=VERTEX_POINT('',#10589);
#8080=CIRCLE('',#10590,0.045);
#8081=VERTEX_POINT('',#10591);
#8082=CIRCLE('',#10592,0.045);
#8083=VERTEX_POINT('',#10593);
#8084=LINE('',#10594,#10595);
#8085=CIRCLE('',#10596,0.045);
#8086=VERTEX_POINT('',#10597);
#8087=LINE('',#10598,#10599);
#8088=VERTEX_POINT('',#10600);
#8089=LINE('',#10601,#10602);
#8090=LINE('',#10603,#10604);
#8091=VERTEX_POINT('',#10605);
#8092=LINE('',#10606,#10607);
#8093=VERTEX_POINT('',#10608);
#8094=LINE('',#10609,#10610);
#8095=LINE('',#10611,#10612);
#8096=LINE('',#10613,#10614);
#8097=LINE('',#10615,#10616);
#8098=LINE('',#10617,#10618);
#8099=CIRCLE('',#10619,0.09);
#8100=CIRCLE('',#10620,0.09);
#8101=LINE('',#10621,#10622);
#8102=CIRCLE('',#10623,0.09);
#8103=LINE('',#10624,#10625);
#8104=LINE('',#10626,#10627);
#8105=LINE('',#10628,#10629);
#8106=VERTEX_POINT('',#10630);
#8107=LINE('',#10631,#10632);
#8108=VERTEX_POINT('',#10633);
#8109=LINE('',#10634,#10635);
#8110=CIRCLE('',#10636,0.09);
#8111=VERTEX_POINT('',#10637);
#8112=LINE('',#10638,#10639);
#8113=VERTEX_POINT('',#10640);
#8114=LINE('',#10641,#10642);
#8115=LINE('',#10643,#10644);
#8116=VERTEX_POINT('',#10645);
#8117=LINE('',#10646,#10647);
#8118=VERTEX_POINT('',#10648);
#8119=LINE('',#10649,#10650);
#8120=LINE('',#10651,#10652);
#8121=VERTEX_POINT('',#10653);
#8122=CIRCLE('',#10654,0.045);
#8123=CIRCLE('',#10655,0.045);
#8124=CIRCLE('',#10656,0.045);
#8125=VERTEX_POINT('',#10657);
#8126=LINE('',#10658,#10659);
#8127=VERTEX_POINT('',#10660);
#8128=LINE('',#10661,#10662);
#8129=VERTEX_POINT('',#10663);
#8130=LINE('',#10664,#10665);
#8131=VERTEX_POINT('',#10666);
#8132=LINE('',#10667,#10668);
#8133=VERTEX_POINT('',#10669);
#8134=LINE('',#10670,#10671);
#8135=LINE('',#10672,#10673);
#8136=VERTEX_POINT('',#10674);
#8137=LINE('',#10675,#10676);
#8138=VERTEX_POINT('',#10677);
#8139=LINE('',#10678,#10679);
#8140=VERTEX_POINT('',#10680);
#8141=LINE('',#10681,#10682);
#8142=LINE('',#10683,#10684);
#8143=VERTEX_POINT('',#10685);
#8144=VERTEX_POINT('',#10686);
#8145=LINE('',#10687,#10688);
#8146=VERTEX_POINT('',#10689);
#8147=LINE('',#10690,#10691);
#8148=VERTEX_POINT('',#10692);
#8149=CIRCLE('',#10693,0.03);
#8150=VERTEX_POINT('',#10694);
#8151=LINE('',#10695,#10696);
#8152=VERTEX_POINT('',#10697);
#8153=CIRCLE('',#10698,0.0300000000000002);
#8154=VERTEX_POINT('',#10699);
#8155=LINE('',#10700,#10701);
#8156=VERTEX_POINT('',#10702);
#8157=CIRCLE('',#10703,0.0300000000000002);
#8158=VERTEX_POINT('',#10704);
#8159=LINE('',#10705,#10706);
#8160=VERTEX_POINT('',#10707);
#8161=CIRCLE('',#10708,0.0299999999999999);
#8162=VERTEX_POINT('',#10709);
#8163=LINE('',#10710,#10711);
#8164=VERTEX_POINT('',#10712);
#8165=LINE('',#10713,#10714);
#8166=LINE('',#10715,#10716);
#8167=LINE('',#10717,#10718);
#8168=LINE('',#10719,#10720);
#8169=VERTEX_POINT('',#10721);
#8170=LINE('',#10722,#10723);
#8171=VERTEX_POINT('',#10724);
#8172=LINE('',#10725,#10726);
#8173=VERTEX_POINT('',#10727);
#8174=LINE('',#10728,#10729);
#8175=VERTEX_POINT('',#10730);
#8176=LINE('',#10731,#10732);
#8177=LINE('',#10733,#10734);
#8178=VERTEX_POINT('',#10735);
#8179=LINE('',#10736,#10737);
#8180=VERTEX_POINT('',#10738);
#8181=LINE('',#10739,#10740);
#8182=LINE('',#10741,#10742);
#8183=LINE('',#10743,#10744);
#8184=LINE('',#10745,#10746);
#8185=LINE('',#10747,#10748);
#8186=LINE('',#10749,#10750);
#8187=LINE('',#10751,#10752);
#8188=VERTEX_POINT('',#10753);
#8189=LINE('',#10754,#10755);
#8190=VERTEX_POINT('',#10756);
#8191=CIRCLE('',#10757,0.25);
#8192=LINE('',#10758,#10759);
#8193=LINE('',#10760,#10761);
#8194=VERTEX_POINT('',#10762);
#8195=LINE('',#10763,#10764);
#8196=LINE('',#10765,#10766);
#8197=VERTEX_POINT('',#10767);
#8198=LINE('',#10768,#10769);
#8199=CIRCLE('',#10770,0.25);
#8200=LINE('',#10771,#10772);
#8201=LINE('',#10773,#10774);
#8202=LINE('',#10775,#10776);
#8203=VERTEX_POINT('',#10777);
#8204=VERTEX_POINT('',#10778);
#8205=LINE('',#10779,#10780);
#8206=CIRCLE('',#10781,0.05);
#8207=CIRCLE('',#10782,0.05);
#8208=VERTEX_POINT('',#10783);
#8209=CIRCLE('',#10784,0.05);
#8210=VERTEX_POINT('',#10785);
#8211=LINE('',#10786,#10787);
#8212=CIRCLE('',#10788,0.05);
#8213=VERTEX_POINT('',#10789);
#8214=ELLIPSE('',#10790,0.0773369252039408,0.05);
#8215=VERTEX_POINT('',#10791);
#8216=LINE('',#10792,#10793);
#8217=ELLIPSE('',#10794,0.0773369252039408,0.05);
#8218=LINE('',#10795,#10796);
#8219=LINE('',#10797,#10798);
#8220=VERTEX_POINT('',#10799);
#8221=VERTEX_POINT('',#10800);
#8222=LINE('',#10801,#10802);
#8223=ELLIPSE('',#10803,0.0773369252039408,0.05);
#8224=ELLIPSE('',#10804,0.0773369252039408,0.05);
#8225=LINE('',#10805,#10806);
#8226=LINE('',#10807,#10808);
#8227=CIRCLE('',#10809,0.09);
#8228=CIRCLE('',#10810,0.09);
#8229=VERTEX_POINT('',#10811);
#8230=CIRCLE('',#10812,0.09);
#8231=VERTEX_POINT('',#10813);
#8232=LINE('',#10814,#10815);
#8233=LINE('',#10816,#10817);
#8234=LINE('',#10818,#10819);
#8235=VERTEX_POINT('',#10820);
#8236=LINE('',#10821,#10822);
#8237=LINE('',#10823,#10824);
#8238=LINE('',#10825,#10826);
#8239=VERTEX_POINT('',#10827);
#8240=LINE('',#10828,#10829);
#8241=LINE('',#10830,#10831);
#8242=CIRCLE('',#10832,0.05);
#8243=LINE('',#10833,#10834);
#8244=LINE('',#10835,#10836);
#8245=CIRCLE('',#10837,0.05);
#8246=VERTEX_POINT('',#10838);
#8247=LINE('',#10839,#10840);
#8248=VERTEX_POINT('',#10841);
#8249=LINE('',#10842,#10843);
#8250=CIRCLE('',#10844,0.0299999999999998);
#8251=VERTEX_POINT('',#10845);
#8252=LINE('',#10846,#10847);
#8253=VERTEX_POINT('',#10848);
#8254=LINE('',#10849,#10850);
#8255=CIRCLE('',#10851,0.0299999999999998);
#8256=VERTEX_POINT('',#10852);
#8257=LINE('',#10853,#10854);
#8258=VERTEX_POINT('',#10855);
#8259=B_SPLINE_CURVE_WITH_KNOTS('',3,(#10856,#10857,#10858,#10859,#10860,#10861),.UNSPECIFIED.,.F.,.F.,(4,2,4),(0.0,0.500000000000049,1.00000000000019),.UNSPECIFIED.);
#8260=LINE('',#10862,#10863);
#8261=VERTEX_POINT('',#10864);
#8262=LINE('',#10865,#10866);
#8263=LINE('',#10867,#10868);
#8264=VERTEX_POINT('',#10869);
#8265=LINE('',#10870,#10871);
#8266=CIRCLE('',#10872,0.0300000000000002);
#8267=VERTEX_POINT('',#10873);
#8268=LINE('',#10874,#10875);
#8269=LINE('',#10876,#10877);
#8270=VERTEX_POINT('',#10878);
#8271=LINE('',#10879,#10880);
#8272=CIRCLE('',#10881,0.0300000000000002);
#8273=VERTEX_POINT('',#10882);
#8274=LINE('',#10883,#10884);
#8275=LINE('',#10885,#10886);
#8276=VERTEX_POINT('',#10887);
#8277=LINE('',#10888,#10889);
#8278=B_SPLINE_CURVE_WITH_KNOTS('',3,(#10890,#10891,#10892,#10893,#10894,#10895),.UNSPECIFIED.,.F.,.F.,(4,2,4),(0.0,0.5,1.0),.UNSPECIFIED.);
#8279=VERTEX_POINT('',#10896);
#8280=VERTEX_POINT('',#10897);
#8281=LINE('',#10898,#10899);
#8282=CIRCLE('',#10900,0.09);
#8283=LINE('',#10901,#10902);
#8284=CIRCLE('',#10903,0.09);
#8285=CIRCLE('',#10904,0.09);
#8286=LINE('',#10905,#10906);
#8287=VERTEX_POINT('',#10907);
#8288=VERTEX_POINT('',#10908);
#8289=LINE('',#10909,#10910);
#8290=CIRCLE('',#10911,0.09);
#8291=LINE('',#10912,#10913);
#8292=VERTEX_POINT('',#10914);
#8293=CIRCLE('',#10915,0.09);
#8294=VERTEX_POINT('',#10916);
#8295=LINE('',#10917,#10918);
#8296=VERTEX_POINT('',#10919);
#8297=CIRCLE('',#10920,0.09);
#8298=VERTEX_POINT('',#10921);
#8299=LINE('',#10922,#10923);
#8300=LINE('',#10924,#10925);
#8301=VERTEX_POINT('',#10926);
#8302=LINE('',#10927,#10928);
#8303=CIRCLE('',#10929,0.09);
#8304=VERTEX_POINT('',#10930);
#8305=CIRCLE('',#10931,0.09);
#8306=LINE('',#10932,#10933);
#8307=VERTEX_POINT('',#10934);
#8308=VERTEX_POINT('',#10935);
#8309=LINE('',#10936,#10937);
#8310=CIRCLE('',#10938,0.09);
#8311=LINE('',#10939,#10940);
#8312=VERTEX_POINT('',#10941);
#8313=CIRCLE('',#10942,0.09);
#8314=VERTEX_POINT('',#10943);
#8315=LINE('',#10944,#10945);
#8316=LINE('',#10946,#10947);
#8317=LINE('',#10948,#10949);
#8318=VERTEX_POINT('',#10950);
#8319=LINE('',#10951,#10952);
#8320=VERTEX_POINT('',#10953);
#8321=LINE('',#10954,#10955);
#8322=VERTEX_POINT('',#10956);
#8323=LINE('',#10957,#10958);
#8324=VERTEX_POINT('',#10959);
#8325=LINE('',#10960,#10961);
#8326=LINE('',#10962,#10963);
#8327=LINE('',#10964,#10965);
#8328=VERTEX_POINT('',#10966);
#8329=LINE('',#10967,#10968);
#8330=VERTEX_POINT('',#10969);
#8331=LINE('',#10970,#10971);
#8332=VERTEX_POINT('',#10972);
#8333=LINE('',#10973,#10974);
#8334=VERTEX_POINT('',#10975);
#8335=LINE('',#10976,#10977);
#8336=LINE('',#10978,#10979);
#8337=LINE('',#10980,#10981);
#8338=LINE('',#10982,#10983);
#8339=LINE('',#10984,#10985);
#8340=LINE('',#10986,#10987);
#8341=LINE('',#10988,#10989);
#8342=LINE('',#10990,#10991);
#8343=LINE('',#10992,#10993);
#8344=LINE('',#10994,#10995);
#8345=VERTEX_POINT('',#10996);
#8346=CIRCLE('',#10997,0.09);
#8347=VERTEX_POINT('',#10998);
#8348=LINE('',#10999,#11000);
#8349=VERTEX_POINT('',#11001);
#8350=LINE('',#11002,#11003);
#8351=VERTEX_POINT('',#11004);
#8352=LINE('',#11005,#11006);
#8353=CIRCLE('',#11007,0.0299999999999999);
#8354=LINE('',#11008,#11009);
#8355=VERTEX_POINT('',#11010);
#8356=CIRCLE('',#11011,0.0299999999999999);
#8357=VERTEX_POINT('',#11012);
#8358=LINE('',#11013,#11014);
#8359=VERTEX_POINT('',#11015);
#8360=LINE('',#11016,#11017);
#8361=VERTEX_POINT('',#11018);
#8362=LINE('',#11019,#11020);
#8363=CIRCLE('',#11021,0.09);
#8364=LINE('',#11022,#11023);
#8365=VERTEX_POINT('',#11024);
#8366=CIRCLE('',#11025,0.0299999999999999);
#8367=VERTEX_POINT('',#11026);
#8368=LINE('',#11027,#11028);
#8369=VERTEX_POINT('',#11029);
#8370=LINE('',#11030,#11031);
#8371=VERTEX_POINT('',#11032);
#8372=LINE('',#11033,#11034);
#8373=CIRCLE('',#11035,0.09);
#8374=VERTEX_POINT('',#11036);
#8375=CIRCLE('',#11037,0.09);
#8376=VERTEX_POINT('',#11038);
#8377=LINE('',#11039,#11040);
#8378=VERTEX_POINT('',#11041);
#8379=LINE('',#11042,#11043);
#8380=VERTEX_POINT('',#11044);
#8381=LINE('',#11045,#11046);
#8382=CIRCLE('',#11047,0.0299999999999999);
#8383=LINE('',#11048,#11049);
#8384=LINE('',#11050,#11051);
#8385=LINE('',#11052,#11053);
#8386=LINE('',#11054,#11055);
#8387=LINE('',#11056,#11057);
#8388=LINE('',#11058,#11059);
#8389=LINE('',#11060,#11061);
#8390=LINE('',#11062,#11063);
#8391=LINE('',#11064,#11065);
#8392=LINE('',#11066,#11067);
#8393=LINE('',#11068,#11069);
#8394=LINE('',#11070,#11071);
#8395=LINE('',#11072,#11073);
#8396=LINE('',#11074,#11075);
#8397=LINE('',#11076,#11077);
#8398=VERTEX_POINT('',#11078);
#8399=LINE('',#11079,#11080);
#8400=LINE('',#11081,#11082);
#8401=VERTEX_POINT('',#11083);
#8402=LINE('',#11084,#11085);
#8403=LINE('',#11086,#11087);
#8404=LINE('',#11088,#11089);
#8405=CIRCLE('',#11090,0.09);
#8406=VERTEX_POINT('',#11091);
#8407=LINE('',#11092,#11093);
#8408=LINE('',#11094,#11095);
#8409=VERTEX_POINT('',#11096);
#8410=LINE('',#11097,#11098);
#8411=LINE('',#11099,#11100);
#8412=VERTEX_POINT('',#11101);
#8413=LINE('',#11102,#11103);
#8414=LINE('',#11104,#11105);
#8415=VERTEX_POINT('',#11106);
#8416=LINE('',#11107,#11108);
#8417=VERTEX_POINT('',#11109);
#8418=LINE('',#11110,#11111);
#8419=CIRCLE('',#11112,0.09);
#8420=VERTEX_POINT('',#11113);
#8421=LINE('',#11114,#11115);
#8422=VERTEX_POINT('',#11116);
#8423=LINE('',#11117,#11118);
#8424=LINE('',#11119,#11120);
#8425=LINE('',#11121,#11122);
#8426=VERTEX_POINT('',#11123);
#8427=LINE('',#11124,#11125);
#8428=LINE('',#11126,#11127);
#8429=CIRCLE('',#11128,0.05);
#8430=LINE('',#11129,#11130);
#8431=LINE('',#11131,#11132);
#8432=CIRCLE('',#11133,0.05);
#8433=VERTEX_POINT('',#11134);
#8434=LINE('',#11135,#11136);
#8435=VERTEX_POINT('',#11137);
#8436=CIRCLE('',#11138,0.0299999999999998);
#8437=LINE('',#11139,#11140);
#8438=VERTEX_POINT('',#11141);
#8439=LINE('',#11142,#11143);
#8440=VERTEX_POINT('',#11144);
#8441=CIRCLE('',#11145,0.0299999999999998);
#8442=LINE('',#11146,#11147);
#8443=VERTEX_POINT('',#11148);
#8444=LINE('',#11149,#11150);
#8445=VERTEX_POINT('',#11151);
#8446=B_SPLINE_CURVE_WITH_KNOTS('',3,(#11152,#11153,#11154,#11155,#11156,#11157),.UNSPECIFIED.,.F.,.F.,(4,2,4),(0.0,0.5,1.0),.UNSPECIFIED.);
#8447=LINE('',#11158,#11159);
#8448=VERTEX_POINT('',#11160);
#8449=LINE('',#11161,#11162);
#8450=LINE('',#11163,#11164);
#8451=VERTEX_POINT('',#11165);
#8452=CIRCLE('',#11166,0.0300000000000002);
#8453=LINE('',#11167,#11168);
#8454=VERTEX_POINT('',#11169);
#8455=LINE('',#11170,#11171);
#8456=LINE('',#11172,#11173);
#8457=VERTEX_POINT('',#11174);
#8458=CIRCLE('',#11175,0.0300000000000002);
#8459=LINE('',#11176,#11177);
#8460=VERTEX_POINT('',#11178);
#8461=LINE('',#11179,#11180);
#8462=LINE('',#11181,#11182);
#8463=VERTEX_POINT('',#11183);
#8464=B_SPLINE_CURVE_WITH_KNOTS('',3,(#11184,#11185,#11186,#11187,#11188,#11189),.UNSPECIFIED.,.F.,.F.,(4,2,4),(2.34270868552906E-13,0.500000000000059,1.0),.UNSPECIFIED.);
#8465=LINE('',#11190,#11191);
#8466=VERTEX_POINT('',#11192);
#8467=LINE('',#11193,#11194);
#8468=CIRCLE('',#11195,0.09);
#8469=VERTEX_POINT('',#11196);
#8470=CIRCLE('',#11197,0.09);
#8471=LINE('',#11198,#11199);
#8472=VERTEX_POINT('',#11200);
#8473=CIRCLE('',#11201,0.09);
#8474=VERTEX_POINT('',#11202);
#8475=LINE('',#11203,#11204);
#8476=LINE('',#11205,#11206);
#8477=VERTEX_POINT('',#11207);
#8478=VERTEX_POINT('',#11208);
#8479=LINE('',#11209,#11210);
#8480=CIRCLE('',#11211,0.09);
#8481=LINE('',#11212,#11213);
#8482=VERTEX_POINT('',#11214);
#8483=CIRCLE('',#11215,0.09);
#8484=VERTEX_POINT('',#11216);
#8485=LINE('',#11217,#11218);
#8486=CIRCLE('',#11219,0.09);
#8487=LINE('',#11220,#11221);
#8488=CIRCLE('',#11222,0.09);
#8489=LINE('',#11223,#11224);
#8490=LINE('',#11225,#11226);
#8491=VERTEX_POINT('',#11227);
#8492=LINE('',#11228,#11229);
#8493=VERTEX_POINT('',#11230);
#8494=LINE('',#11231,#11232);
#8495=VERTEX_POINT('',#11233);
#8496=LINE('',#11234,#11235);
#8497=VERTEX_POINT('',#11236);
#8498=LINE('',#11237,#11238);
#8499=LINE('',#11239,#11240);
#8500=VERTEX_POINT('',#11241);
#8501=CIRCLE('',#11242,0.09);
#8502=VERTEX_POINT('',#11243);
#8503=LINE('',#11244,#11245);
#8504=LINE('',#11246,#11247);
#8505=VERTEX_POINT('',#11248);
#8506=LINE('',#11249,#11250);
#8507=VERTEX_POINT('',#11251);
#8508=LINE('',#11252,#11253);
#8509=VERTEX_POINT('',#11254);
#8510=LINE('',#11255,#11256);
#8511=VERTEX_POINT('',#11257);
#8512=LINE('',#11258,#11259);
#8513=VERTEX_POINT('',#11260);
#8514=LINE('',#11261,#11262);
#8515=VERTEX_POINT('',#11263);
#8516=LINE('',#11264,#11265);
#8517=LINE('',#11266,#11267);
#8518=VERTEX_POINT('',#11268);
#8519=VERTEX_POINT('',#11269);
#8520=LINE('',#11270,#11271);
#8521=CIRCLE('',#11272,0.09);
#8522=LINE('',#11273,#11274);
#8523=CIRCLE('',#11275,0.09);
#8524=LINE('',#11276,#11277);
#8525=LINE('',#11278,#11279);
#8526=LINE('',#11280,#11281);
#8527=LINE('',#11282,#11283);
#8528=LINE('',#11284,#11285);
#8529=LINE('',#11286,#11287);
#8530=LINE('',#11288,#11289);
#8531=LINE('',#11290,#11291);
#8532=VERTEX_POINT('',#11292);
#8533=CIRCLE('',#11293,0.09);
#8534=VERTEX_POINT('',#11294);
#8535=CIRCLE('',#11295,0.0299999999999999);
#8536=VERTEX_POINT('',#11296);
#8537=LINE('',#11297,#11298);
#8538=VERTEX_POINT('',#11299);
#8539=LINE('',#11300,#11301);
#8540=LINE('',#11302,#11303);
#8541=LINE('',#11304,#11305);
#8542=VERTEX_POINT('',#11306);
#8543=CIRCLE('',#11307,0.09);
#8544=VERTEX_POINT('',#11308);
#8545=LINE('',#11309,#11310);
#8546=VERTEX_POINT('',#11311);
#8547=LINE('',#11312,#11313);
#8548=VERTEX_POINT('',#11314);
#8549=LINE('',#11315,#11316);
#8550=CIRCLE('',#11317,0.0299999999999999);
#8551=LINE('',#11318,#11319);
#8552=VERTEX_POINT('',#11320);
#8553=CIRCLE('',#11321,0.09);
#8554=VERTEX_POINT('',#11322);
#8555=LINE('',#11323,#11324);
#8556=VERTEX_POINT('',#11325);
#8557=LINE('',#11326,#11327);
#8558=VERTEX_POINT('',#11328);
#8559=LINE('',#11329,#11330);
#8560=CIRCLE('',#11331,0.0299999999999999);
#8561=VERTEX_POINT('',#11332);
#8562=CIRCLE('',#11333,0.09);
#8563=LINE('',#11334,#11335);
#8564=VERTEX_POINT('',#11336);
#8565=CIRCLE('',#11337,0.0299999999999999);
#8566=VERTEX_POINT('',#11338);
#8567=LINE('',#11339,#11340);
#8568=VERTEX_POINT('',#11341);
#8569=LINE('',#11342,#11343);
#8570=LINE('',#11344,#11345);
#8571=LINE('',#11346,#11347);
#8572=LINE('',#11348,#11349);
#8573=LINE('',#11350,#11351);
#8574=LINE('',#11352,#11353);
#8575=LINE('',#11354,#11355);
#8576=LINE('',#11356,#11357);
#8577=LINE('',#11358,#11359);
#8578=LINE('',#11360,#11361);
#8579=LINE('',#11362,#11363);
#8580=LINE('',#11364,#11365);
#8581=LINE('',#11366,#11367);
#8582=LINE('',#11368,#11369);
#8583=VERTEX_POINT('',#11370);
#8584=LINE('',#11371,#11372);
#8585=LINE('',#11373,#11374);
#8586=VERTEX_POINT('',#11375);
#8587=LINE('',#11376,#11377);
#8588=LINE('',#11378,#11379);
#8589=LINE('',#11380,#11381);
#8590=LINE('',#11382,#11383);
#8591=LINE('',#11384,#11385);
#8592=CIRCLE('',#11386,0.09);
#8593=CIRCLE('',#11387,0.09);
#8594=LINE('',#11388,#11389);
#8595=LINE('',#11390,#11391);
#8596=LINE('',#11392,#11393);
#8597=LINE('',#11394,#11395);
#8598=LINE('',#11396,#11397);
#8599=LINE('',#11398,#11399);
#8600=LINE('',#11400,#11401);
#8601=LINE('',#11402,#11403);
#8602=LINE('',#11404,#11405);
#8603=LINE('',#11406,#11407);
#8604=LINE('',#11408,#11409);
#8605=LINE('',#11410,#11411);
#8606=LINE('',#11412,#11413);
#8607=LINE('',#11414,#11415);
#8608=LINE('',#11416,#11417);
#8609=LINE('',#11418,#11419);
#8610=LINE('',#11420,#11421);
#8611=LINE('',#11422,#11423);
#8612=LINE('',#11424,#11425);
#8613=LINE('',#11426,#11427);
#8614=LINE('',#11428,#11429);
#8615=LINE('',#11430,#11431);
#8616=VERTEX_POINT('',#11432);
#8617=LINE('',#11433,#11434);
#8618=VERTEX_POINT('',#11435);
#8619=LINE('',#11436,#11437);
#8620=LINE('',#11438,#11439);
#8621=VERTEX_POINT('',#11440);
#8622=LINE('',#11441,#11442);
#8623=VERTEX_POINT('',#11443);
#8624=LINE('',#11444,#11445);
#8625=LINE('',#11446,#11447);
#8626=LINE('',#11448,#11449);
#8627=LINE('',#11450,#11451);
#8628=VERTEX_POINT('',#11452);
#8629=LINE('',#11453,#11454);
#8630=VERTEX_POINT('',#11455);
#8631=LINE('',#11456,#11457);
#8632=LINE('',#11458,#11459);
#8633=VERTEX_POINT('',#11460);
#8634=LINE('',#11461,#11462);
#8635=VERTEX_POINT('',#11463);
#8636=LINE('',#11464,#11465);
#8637=LINE('',#11466,#11467);
#8638=LINE('',#11468,#11469);
#8639=LINE('',#11470,#11471);
#8640=VERTEX_POINT('',#11472);
#8641=CIRCLE('',#11473,0.02);
#8642=VERTEX_POINT('',#11474);
#8643=LINE('',#11475,#11476);
#8644=VERTEX_POINT('',#11477);
#8645=LINE('',#11478,#11479);
#8646=VERTEX_POINT('',#11480);
#8647=LINE('',#11481,#11482);
#8648=CIRCLE('',#11483,0.02);
#8649=LINE('',#11484,#11485);
#8650=LINE('',#11486,#11487);
#8651=VERTEX_POINT('',#11488);
#8652=CIRCLE('',#11489,0.02);
#8653=VERTEX_POINT('',#11490);
#8654=LINE('',#11491,#11492);
#8655=VERTEX_POINT('',#11493);
#8656=LINE('',#11494,#11495);
#8657=VERTEX_POINT('',#11496);
#8658=LINE('',#11497,#11498);
#8659=CIRCLE('',#11499,0.02);
#8660=LINE('',#11500,#11501);
#8661=LINE('',#11502,#11503);
#8662=LINE('',#11504,#11505);
#8663=LINE('',#11506,#11507);
#8664=VERTEX_POINT('',#11508);
#8665=LINE('',#11509,#11510);
#8666=VERTEX_POINT('',#11511);
#8667=LINE('',#11512,#11513);
#8668=LINE('',#11514,#11515);
#8669=LINE('',#11516,#11517);
#8670=VERTEX_POINT('',#11518);
#8671=CIRCLE('',#11519,0.02);
#8672=VERTEX_POINT('',#11520);
#8673=LINE('',#11521,#11522);
#8674=VERTEX_POINT('',#11523);
#8675=LINE('',#11524,#11525);
#8676=VERTEX_POINT('',#11526);
#8677=LINE('',#11527,#11528);
#8678=CIRCLE('',#11529,0.02);
#8679=LINE('',#11530,#11531);
#8680=VERTEX_POINT('',#11532);
#8681=CIRCLE('',#11533,0.02);
#8682=VERTEX_POINT('',#11534);
#8683=LINE('',#11535,#11536);
#8684=VERTEX_POINT('',#11537);
#8685=LINE('',#11538,#11539);
#8686=VERTEX_POINT('',#11540);
#8687=LINE('',#11541,#11542);
#8688=CIRCLE('',#11543,0.02);
#8689=LINE('',#11544,#11545);
#8690=LINE('',#11546,#11547);
#8691=LINE('',#11548,#11549);
#8692=LINE('',#11550,#11551);
#8693=VERTEX_POINT('',#11552);
#8694=LINE('',#11553,#11554);
#8695=VERTEX_POINT('',#11555);
#8696=LINE('',#11556,#11557);
#8697=LINE('',#11558,#11559);
#8698=VERTEX_POINT('',#11560);
#8699=LINE('',#11561,#11562);
#8700=VERTEX_POINT('',#11563);
#8701=LINE('',#11564,#11565);
#8702=LINE('',#11566,#11567);
#8703=LINE('',#11568,#11569);
#8704=LINE('',#11570,#11571);
#8705=VERTEX_POINT('',#11572);
#8706=LINE('',#11573,#11574);
#8707=VERTEX_POINT('',#11575);
#8708=LINE('',#11576,#11577);
#8709=LINE('',#11578,#11579);
#8710=VERTEX_POINT('',#11580);
#8711=LINE('',#11581,#11582);
#8712=VERTEX_POINT('',#11583);
#8713=LINE('',#11584,#11585);
#8714=LINE('',#11586,#11587);
#8715=LINE('',#11588,#11589);
#8716=LINE('',#11590,#11591);
#8717=VERTEX_POINT('',#11592);
#8718=LINE('',#11593,#11594);
#8719=VERTEX_POINT('',#11595);
#8720=LINE('',#11596,#11597);
#8721=LINE('',#11598,#11599);
#8722=VERTEX_POINT('',#11600);
#8723=LINE('',#11601,#11602);
#8724=VERTEX_POINT('',#11603);
#8725=LINE('',#11604,#11605);
#8726=LINE('',#11606,#11607);
#8727=LINE('',#11608,#11609);
#8728=LINE('',#11610,#11611);
#8729=VERTEX_POINT('',#11612);
#8730=LINE('',#11613,#11614);
#8731=VERTEX_POINT('',#11615);
#8732=LINE('',#11616,#11617);
#8733=LINE('',#11618,#11619);
#8734=VERTEX_POINT('',#11620);
#8735=LINE('',#11621,#11622);
#8736=VERTEX_POINT('',#11623);
#8737=LINE('',#11624,#11625);
#8738=LINE('',#11626,#11627);
#8739=LINE('',#11628,#11629);
#8740=LINE('',#11630,#11631);
#8741=VERTEX_POINT('',#11632);
#8742=LINE('',#11633,#11634);
#8743=VERTEX_POINT('',#11635);
#8744=LINE('',#11636,#11637);
#8745=LINE('',#11638,#11639);
#8746=VERTEX_POINT('',#11640);
#8747=LINE('',#11641,#11642);
#8748=VERTEX_POINT('',#11643);
#8749=LINE('',#11644,#11645);
#8750=LINE('',#11646,#11647);
#8751=LINE('',#11648,#11649);
#8752=LINE('',#11650,#11651);
#8753=VERTEX_POINT('',#11652);
#8754=LINE('',#11653,#11654);
#8755=VERTEX_POINT('',#11655);
#8756=LINE('',#11656,#11657);
#8757=LINE('',#11658,#11659);
#8758=VERTEX_POINT('',#11660);
#8759=LINE('',#11661,#11662);
#8760=VERTEX_POINT('',#11663);
#8761=LINE('',#11664,#11665);
#8762=LINE('',#11666,#11667);
#8763=LINE('',#11668,#11669);
#8764=LINE('',#11670,#11671);
#8765=VERTEX_POINT('',#11672);
#8766=CIRCLE('',#11673,0.02);
#8767=VERTEX_POINT('',#11674);
#8768=LINE('',#11675,#11676);
#8769=VERTEX_POINT('',#11677);
#8770=LINE('',#11678,#11679);
#8771=VERTEX_POINT('',#11680);
#8772=LINE('',#11681,#11682);
#8773=CIRCLE('',#11683,0.02);
#8774=LINE('',#11684,#11685);
#8775=LINE('',#11686,#11687);
#8776=VERTEX_POINT('',#11688);
#8777=CIRCLE('',#11689,0.02);
#8778=VERTEX_POINT('',#11690);
#8779=LINE('',#11691,#11692);
#8780=VERTEX_POINT('',#11693);
#8781=LINE('',#11694,#11695);
#8782=VERTEX_POINT('',#11696);
#8783=LINE('',#11697,#11698);
#8784=CIRCLE('',#11699,0.02);
#8785=LINE('',#11700,#11701);
#8786=LINE('',#11702,#11703);
#8787=LINE('',#11704,#11705);
#8788=LINE('',#11706,#11707);
#8789=VERTEX_POINT('',#11708);
#8790=CIRCLE('',#11709,0.02);
#8791=VERTEX_POINT('',#11710);
#8792=LINE('',#11711,#11712);
#8793=VERTEX_POINT('',#11713);
#8794=LINE('',#11714,#11715);
#8795=VERTEX_POINT('',#11716);
#8796=LINE('',#11717,#11718);
#8797=CIRCLE('',#11719,0.02);
#8798=LINE('',#11720,#11721);
#8799=LINE('',#11722,#11723);
#8800=VERTEX_POINT('',#11724);
#8801=CIRCLE('',#11725,0.02);
#8802=VERTEX_POINT('',#11726);
#8803=LINE('',#11727,#11728);
#8804=VERTEX_POINT('',#11729);
#8805=LINE('',#11730,#11731);
#8806=VERTEX_POINT('',#11732);
#8807=LINE('',#11733,#11734);
#8808=CIRCLE('',#11735,0.02);
#8809=LINE('',#11736,#11737);
#8810=LINE('',#11738,#11739);
#8811=LINE('',#11740,#11741);
#8812=LINE('',#11742,#11743);
#8813=VERTEX_POINT('',#11744);
#8814=CIRCLE('',#11745,0.02);
#8815=VERTEX_POINT('',#11746);
#8816=LINE('',#11747,#11748);
#8817=VERTEX_POINT('',#11749);
#8818=LINE('',#11750,#11751);
#8819=VERTEX_POINT('',#11752);
#8820=LINE('',#11753,#11754);
#8821=CIRCLE('',#11755,0.02);
#8822=LINE('',#11756,#11757);
#8823=LINE('',#11758,#11759);
#8824=VERTEX_POINT('',#11760);
#8825=CIRCLE('',#11761,0.02);
#8826=VERTEX_POINT('',#11762);
#8827=LINE('',#11763,#11764);
#8828=VERTEX_POINT('',#11765);
#8829=LINE('',#11766,#11767);
#8830=VERTEX_POINT('',#11768);
#8831=LINE('',#11769,#11770);
#8832=CIRCLE('',#11771,0.02);
#8833=LINE('',#11772,#11773);
#8834=LINE('',#11774,#11775);
#8835=LINE('',#11776,#11777);
#8836=LINE('',#11778,#11779);
#8837=VERTEX_POINT('',#11780);
#8838=LINE('',#11781,#11782);
#8839=VERTEX_POINT('',#11783);
#8840=LINE('',#11784,#11785);
#8841=LINE('',#11786,#11787);
#8842=LINE('',#11788,#11789);
#8843=VERTEX_POINT('',#11790);
#8844=CIRCLE('',#11791,0.02);
#8845=VERTEX_POINT('',#11792);
#8846=LINE('',#11793,#11794);
#8847=VERTEX_POINT('',#11795);
#8848=LINE('',#11796,#11797);
#8849=VERTEX_POINT('',#11798);
#8850=LINE('',#11799,#11800);
#8851=CIRCLE('',#11801,0.02);
#8852=LINE('',#11802,#11803);
#8853=VERTEX_POINT('',#11804);
#8854=CIRCLE('',#11805,0.02);
#8855=VERTEX_POINT('',#11806);
#8856=LINE('',#11807,#11808);
#8857=VERTEX_POINT('',#11809);
#8858=LINE('',#11810,#11811);
#8859=VERTEX_POINT('',#11812);
#8860=LINE('',#11813,#11814);
#8861=CIRCLE('',#11815,0.02);
#8862=LINE('',#11816,#11817);
#8863=LINE('',#11818,#11819);
#8864=LINE('',#11820,#11821);
#8865=LINE('',#11822,#11823);
#8866=VERTEX_POINT('',#11824);
#8867=LINE('',#11825,#11826);
#8868=VERTEX_POINT('',#11827);
#8869=LINE('',#11828,#11829);
#8870=LINE('',#11830,#11831);
#8871=LINE('',#11832,#11833);
#8872=VERTEX_POINT('',#11834);
#8873=CIRCLE('',#11835,0.02);
#8874=VERTEX_POINT('',#11836);
#8875=LINE('',#11837,#11838);
#8876=VERTEX_POINT('',#11839);
#8877=LINE('',#11840,#11841);
#8878=VERTEX_POINT('',#11842);
#8879=LINE('',#11843,#11844);
#8880=CIRCLE('',#11845,0.02);
#8881=LINE('',#11846,#11847);
#8882=VERTEX_POINT('',#11848);
#8883=CIRCLE('',#11849,0.02);
#8884=VERTEX_POINT('',#11850);
#8885=LINE('',#11851,#11852);
#8886=VERTEX_POINT('',#11853);
#8887=LINE('',#11854,#11855);
#8888=VERTEX_POINT('',#11856);
#8889=LINE('',#11857,#11858);
#8890=CIRCLE('',#11859,0.02);
#8891=LINE('',#11860,#11861);
#8892=LINE('',#11862,#11863);
#8893=LINE('',#11864,#11865);
#8894=LINE('',#11866,#11867);
#8895=VERTEX_POINT('',#11868);
#8896=LINE('',#11869,#11870);
#8897=VERTEX_POINT('',#11871);
#8898=LINE('',#11872,#11873);
#8899=LINE('',#11874,#11875);
#8900=LINE('',#11876,#11877);
#8901=VERTEX_POINT('',#11878);
#8902=CIRCLE('',#11879,0.02);
#8903=VERTEX_POINT('',#11880);
#8904=LINE('',#11881,#11882);
#8905=VERTEX_POINT('',#11883);
#8906=LINE('',#11884,#11885);
#8907=VERTEX_POINT('',#11886);
#8908=LINE('',#11887,#11888);
#8909=CIRCLE('',#11889,0.02);
#8910=LINE('',#11890,#11891);
#8911=VERTEX_POINT('',#11892);
#8912=CIRCLE('',#11893,0.02);
#8913=VERTEX_POINT('',#11894);
#8914=LINE('',#11895,#11896);
#8915=VERTEX_POINT('',#11897);
#8916=LINE('',#11898,#11899);
#8917=VERTEX_POINT('',#11900);
#8918=LINE('',#11901,#11902);
#8919=CIRCLE('',#11903,0.02);
#8920=LINE('',#11904,#11905);
#8921=LINE('',#11906,#11907);
#8922=LINE('',#11908,#11909);
#8923=LINE('',#11910,#11911);
#8924=CARTESIAN_POINT('',(0.125,-0.603333333333334,0.06));
#8925=CARTESIAN_POINT('',(0.125,-0.590000000000001,0.04));
#8926=CARTESIAN_POINT('',(0.125,-0.630000000000001,0.1));
#8927=VECTOR('',#11912,1.0);
#8928=CARTESIAN_POINT('',(0.085,-0.630000000000001,0.1));
#8929=CARTESIAN_POINT('',(0.604545454545453,-0.283636363636361,-0.41954545454546));
#8930=VECTOR('',#11913,1.0);
#8931=CARTESIAN_POINT('',(-0.0849999999999869,-0.630000000000001,0.0999999999999999));
#8932=CARTESIAN_POINT('',(1.355,-0.630000000000001,0.1));
#8933=VECTOR('',#11914,1.0);
#8934=CARTESIAN_POINT('',(-0.125,-0.603333333333334,0.06));
#8935=CARTESIAN_POINT('',(0.504090909090922,-1.02272727272727,0.689090909090905));
#8936=VECTOR('',#11915,1.0);
#8937=CARTESIAN_POINT('',(-0.125,-0.590000000000001,0.04));
#8938=CARTESIAN_POINT('',(-0.125,-0.630000000000001,0.1));
#8939=VECTOR('',#11916,1.0);
#8940=CARTESIAN_POINT('',(1.355,-0.590000000000001,0.04));
#8941=VECTOR('',#11917,1.0);
#8942=CARTESIAN_POINT('',(-0.225,-0.603333333333334,0.06));
#8943=CARTESIAN_POINT('',(-0.225,-0.590000000000001,0.04));
#8944=CARTESIAN_POINT('',(-0.225,-0.630000000000001,0.1));
#8945=VECTOR('',#11918,1.0);
#8946=CARTESIAN_POINT('',(-0.265,-0.630000000000001,0.1));
#8947=CARTESIAN_POINT('',(0.397727272727272,-0.188181818181815,-0.562727272727279));
#8948=VECTOR('',#11919,1.0);
#8949=CARTESIAN_POINT('',(-0.434999999999987,-0.630000000000001,0.1));
#8950=CARTESIAN_POINT('',(1.355,-0.630000000000001,0.1));
#8951=VECTOR('',#11920,1.0);
#8952=CARTESIAN_POINT('',(-0.475,-0.603333333333334,0.06));
#8953=CARTESIAN_POINT('',(0.297272727272742,-1.11818181818182,0.832272727272723));
#8954=VECTOR('',#11921,1.0);
#8955=CARTESIAN_POINT('',(-0.475,-0.590000000000001,0.04));
#8956=CARTESIAN_POINT('',(-0.475,-0.630000000000001,0.1));
#8957=VECTOR('',#11922,1.0);
#8958=CARTESIAN_POINT('',(1.355,-0.590000000000001,0.04));
#8959=VECTOR('',#11923,1.0);
#8960=CARTESIAN_POINT('',(-0.575,-0.603333333333334,0.06));
#8961=CARTESIAN_POINT('',(-0.575,-0.590000000000001,0.04));
#8962=CARTESIAN_POINT('',(-0.575,-0.630000000000001,0.1));
#8963=VECTOR('',#11924,1.0);
#8964=CARTESIAN_POINT('',(-0.615,-0.630000000000001,0.1));
#8965=CARTESIAN_POINT('',(0.190909090909092,-0.0927272727272697,-0.705909090909097));
#8966=VECTOR('',#11925,1.0);
#8967=CARTESIAN_POINT('',(-0.765,-0.629999999999999,0.0999999999999976));
#8968=CARTESIAN_POINT('',(1.355,-0.630000000000001,0.1));
#8969=VECTOR('',#11926,1.0);
#8970=CARTESIAN_POINT('',(-0.765,-0.590000000000001,0.04));
#8971=CARTESIAN_POINT('',(-0.765,-0.630000000000001,0.1));
#8972=VECTOR('',#11927,1.0);
#8973=CARTESIAN_POINT('',(1.355,-0.590000000000001,0.04));
#8974=VECTOR('',#11928,1.0);
#8975=CARTESIAN_POINT('',(0.085,0.630000000000001,0.1));
#8976=CARTESIAN_POINT('',(-0.0849999999999998,0.630000000000001,0.0999999999999998));
#8977=CARTESIAN_POINT('',(1.355,0.630000000000001,0.1));
#8978=VECTOR('',#11929,1.0);
#8979=CARTESIAN_POINT('',(0.125,0.603333333333334,0.0599999999999997));
#8980=CARTESIAN_POINT('',(0.639999999999998,0.260000000000001,-0.455));
#8981=VECTOR('',#11930,1.0);
#8982=CARTESIAN_POINT('',(0.125,0.590000000000001,0.04));
#8983=CARTESIAN_POINT('',(0.125,0.590000000000001,0.04));
#8984=VECTOR('',#11931,1.0);
#8985=CARTESIAN_POINT('',(-0.125,0.590000000000001,0.04));
#8986=CARTESIAN_POINT('',(1.355,0.590000000000001,0.04));
#8987=VECTOR('',#11932,1.0);
#8988=CARTESIAN_POINT('',(-0.125,0.603333333333335,0.0600000000000001));
#8989=CARTESIAN_POINT('',(-0.125,0.590000000000001,0.04));
#8990=VECTOR('',#11933,1.0);
#8991=CARTESIAN_POINT('',(0.46863636363636,0.99909090909091,0.653636363636363));
#8992=VECTOR('',#11934,1.0);
#8993=CARTESIAN_POINT('',(-0.265,0.630000000000001,0.1));
#8994=CARTESIAN_POINT('',(-0.435,0.630000000000001,0.0999999999999998));
#8995=CARTESIAN_POINT('',(1.355,0.630000000000001,0.1));
#8996=VECTOR('',#11935,1.0);
#8997=CARTESIAN_POINT('',(-0.225,0.603333333333334,0.0599999999999997));
#8998=CARTESIAN_POINT('',(0.433181818181815,0.164545454545456,-0.598181818181818));
#8999=VECTOR('',#11936,1.0);
#9000=CARTESIAN_POINT('',(-0.225,0.590000000000001,0.04));
#9001=CARTESIAN_POINT('',(-0.225,0.590000000000001,0.04));
#9002=VECTOR('',#11937,1.0);
#9003=CARTESIAN_POINT('',(-0.475,0.590000000000001,0.04));
#9004=CARTESIAN_POINT('',(1.355,0.590000000000001,0.04));
#9005=VECTOR('',#11938,1.0);
#9006=CARTESIAN_POINT('',(-0.475,0.603333333333335,0.0600000000000001));
#9007=CARTESIAN_POINT('',(-0.475,0.590000000000001,0.04));
#9008=VECTOR('',#11939,1.0);
#9009=CARTESIAN_POINT('',(0.261818181818178,1.09454545454546,0.796818181818181));
#9010=VECTOR('',#11940,1.0);
#9011=CARTESIAN_POINT('',(-0.615,0.630000000000001,0.1));
#9012=CARTESIAN_POINT('',(-0.765,0.629999999999999,0.0999999999999974));
#9013=CARTESIAN_POINT('',(1.355,0.630000000000001,0.1));
#9014=VECTOR('',#11941,1.0);
#9015=CARTESIAN_POINT('',(-0.575,0.603333333333334,0.0599999999999997));
#9016=CARTESIAN_POINT('',(0.226363636363633,0.0690909090909106,-0.741363636363636));
#9017=VECTOR('',#11942,1.0);
#9018=CARTESIAN_POINT('',(-0.575,0.590000000000001,0.04));
#9019=CARTESIAN_POINT('',(-0.575,0.590000000000001,0.04));
#9020=VECTOR('',#11943,1.0);
#9021=CARTESIAN_POINT('',(-0.765,0.590000000000001,0.04));
#9022=CARTESIAN_POINT('',(1.355,0.590000000000001,0.04));
#9023=VECTOR('',#11944,1.0);
#9024=CARTESIAN_POINT('',(-0.765,0.590000000000001,0.04));
#9025=VECTOR('',#11945,1.0);
#9026=CARTESIAN_POINT('',(-0.475,0.630000000000003,0.0600000000000001));
#9027=CARTESIAN_POINT('',(-0.575,0.630000000000003,0.0600000000000001));
#9028=CARTESIAN_POINT('',(-0.474999999999999,0.630000000000003,0.06));
#9029=VECTOR('',#11946,1.0);
#9030=CARTESIAN_POINT('',(-0.475,0.779999999999992,0.06));
#9031=CARTESIAN_POINT('',(-0.475,0.779999999999992,0.06));
#9032=VECTOR('',#11947,1.0);
#9033=CARTESIAN_POINT('',(-0.575,0.779999999999992,0.06));
#9034=CARTESIAN_POINT('',(-0.475,0.779999999999992,0.06));
#9035=VECTOR('',#11948,1.0);
#9036=CARTESIAN_POINT('',(-0.575,0.779999999999992,0.06));
#9037=VECTOR('',#11949,1.0);
#9038=CARTESIAN_POINT('',(-0.125,0.630000000000003,0.0600000000000001));
#9039=CARTESIAN_POINT('',(-0.225,0.630000000000003,0.0600000000000001));
#9040=CARTESIAN_POINT('',(-0.124999999999999,0.630000000000003,0.06));
#9041=VECTOR('',#11950,1.0);
#9042=CARTESIAN_POINT('',(-0.125,0.779999999999992,0.06));
#9043=CARTESIAN_POINT('',(-0.125,0.779999999999992,0.06));
#9044=VECTOR('',#11951,1.0);
#9045=CARTESIAN_POINT('',(-0.225,0.779999999999992,0.06));
#9046=CARTESIAN_POINT('',(-0.125,0.779999999999992,0.06));
#9047=VECTOR('',#11952,1.0);
#9048=CARTESIAN_POINT('',(-0.225,0.779999999999992,0.06));
#9049=VECTOR('',#11953,1.0);
#9050=CARTESIAN_POINT('',(0.225,0.630000000000003,0.0600000000000001));
#9051=CARTESIAN_POINT('',(0.125,0.630000000000003,0.0600000000000001));
#9052=CARTESIAN_POINT('',(0.225000000000001,0.630000000000003,0.06));
#9053=VECTOR('',#11954,1.0);
#9054=CARTESIAN_POINT('',(0.225,0.779999999999992,0.06));
#9055=CARTESIAN_POINT('',(0.225,0.779999999999992,0.06));
#9056=VECTOR('',#11955,1.0);
#9057=CARTESIAN_POINT('',(0.125,0.779999999999992,0.06));
#9058=CARTESIAN_POINT('',(0.225,0.779999999999992,0.06));
#9059=VECTOR('',#11956,1.0);
#9060=CARTESIAN_POINT('',(0.125,0.779999999999992,0.06));
#9061=VECTOR('',#11957,1.0);
#9062=CARTESIAN_POINT('',(0.125,-0.590000000000001,0.0));
#9063=CARTESIAN_POINT('',(0.125,-0.590000000000001,0.04));
#9064=VECTOR('',#11958,1.0);
#9065=CARTESIAN_POINT('',(-0.125,-0.590000000000001,1.38777878078145E-17));
#9066=CARTESIAN_POINT('',(-0.125,-0.590000000000001,0.04));
#9067=VECTOR('',#11959,1.0);
#9068=CARTESIAN_POINT('',(1.355,-0.590000000000001,0.0));
#9069=VECTOR('',#11960,1.0);
#9070=CARTESIAN_POINT('',(-0.225,-0.590000000000001,0.0));
#9071=CARTESIAN_POINT('',(-0.225,-0.590000000000001,0.04));
#9072=VECTOR('',#11961,1.0);
#9073=CARTESIAN_POINT('',(-0.475,-0.590000000000001,1.38777878078145E-17));
#9074=CARTESIAN_POINT('',(-0.475,-0.590000000000001,0.04));
#9075=VECTOR('',#11962,1.0);
#9076=CARTESIAN_POINT('',(1.355,-0.590000000000001,0.0));
#9077=VECTOR('',#11963,1.0);
#9078=CARTESIAN_POINT('',(-0.575,-0.590000000000001,0.0));
#9079=CARTESIAN_POINT('',(-0.575,-0.590000000000001,0.04));
#9080=VECTOR('',#11964,1.0);
#9081=CARTESIAN_POINT('',(-0.765,-0.590000000000001,-8.13775021899351E-17));
#9082=CARTESIAN_POINT('',(-0.765,-0.590000000000001,0.04));
#9083=VECTOR('',#11965,1.0);
#9084=CARTESIAN_POINT('',(1.355,-0.590000000000001,0.0));
#9085=VECTOR('',#11966,1.0);
#9086=CARTESIAN_POINT('',(0.125,0.590000000000001,1.38777878078145E-17));
#9087=CARTESIAN_POINT('',(0.125,0.590000000000001,0.0));
#9088=VECTOR('',#11967,1.0);
#9089=CARTESIAN_POINT('',(-0.125,0.590000000000001,4.64036822096838E-16));
#9090=CARTESIAN_POINT('',(1.355,0.590000000000001,4.64036822096838E-16));
#9091=VECTOR('',#11968,1.0);
#9092=CARTESIAN_POINT('',(-0.125,0.590000000000001,0.0));
#9093=VECTOR('',#11969,1.0);
#9094=CARTESIAN_POINT('',(-0.225,0.590000000000001,1.38777878078145E-17));
#9095=CARTESIAN_POINT('',(-0.225,0.590000000000001,0.0));
#9096=VECTOR('',#11970,1.0);
#9097=CARTESIAN_POINT('',(-0.475,0.590000000000001,4.64036822096838E-16));
#9098=CARTESIAN_POINT('',(1.355,0.590000000000001,4.64036822096838E-16));
#9099=VECTOR('',#11971,1.0);
#9100=CARTESIAN_POINT('',(-0.475,0.590000000000001,0.0));
#9101=VECTOR('',#11972,1.0);
#9102=CARTESIAN_POINT('',(-0.575,0.590000000000001,1.38777878078145E-17));
#9103=CARTESIAN_POINT('',(-0.575,0.590000000000001,0.0));
#9104=VECTOR('',#11973,1.0);
#9105=CARTESIAN_POINT('',(-0.765,0.590000000000001,8.13775021899351E-17));
#9106=CARTESIAN_POINT('',(1.355,0.590000000000001,4.64036822096838E-16));
#9107=VECTOR('',#11974,1.0);
#9108=CARTESIAN_POINT('',(-0.765,0.590000000000001,0.0));
#9109=VECTOR('',#11975,1.0);
#9110=CARTESIAN_POINT('',(0.0650000000000002,-0.629999999999992,0.37));
#9111=CARTESIAN_POINT('',(0.0650000000000002,-0.585,0.35));
#9112=CARTESIAN_POINT('',(0.0650000000000002,-0.629999999999992,0.37));
#9113=VECTOR('',#11976,1.0);
#9114=CARTESIAN_POINT('',(-0.0649999999999997,-0.629999999999992,0.37));
#9115=CARTESIAN_POINT('',(1.355,-0.629999999999992,0.37));
#9116=VECTOR('',#11977,1.0);
#9117=CARTESIAN_POINT('',(-0.0649999999999997,-0.585,0.35));
#9118=CARTESIAN_POINT('',(-0.0649999999999997,-0.629999999999992,0.37));
#9119=VECTOR('',#11978,1.0);
#9120=CARTESIAN_POINT('',(1.355,-0.585,0.35));
#9121=VECTOR('',#11979,1.0);
#9122=CARTESIAN_POINT('',(-0.285,-0.629999999999992,0.37));
#9123=CARTESIAN_POINT('',(-0.285,-0.585,0.35));
#9124=CARTESIAN_POINT('',(-0.285,-0.629999999999992,0.37));
#9125=VECTOR('',#11980,1.0);
#9126=CARTESIAN_POINT('',(-0.415,-0.629999999999992,0.37));
#9127=CARTESIAN_POINT('',(1.355,-0.629999999999992,0.37));
#9128=VECTOR('',#11981,1.0);
#9129=CARTESIAN_POINT('',(-0.415,-0.585,0.35));
#9130=CARTESIAN_POINT('',(-0.415,-0.629999999999992,0.37));
#9131=VECTOR('',#11982,1.0);
#9132=CARTESIAN_POINT('',(1.355,-0.585,0.35));
#9133=VECTOR('',#11983,1.0);
#9134=CARTESIAN_POINT('',(-0.635,-0.629999999999992,0.37));
#9135=CARTESIAN_POINT('',(-0.634999999999999,-0.585,0.35));
#9136=CARTESIAN_POINT('',(-0.634999999999999,-0.629999999999992,0.37));
#9137=VECTOR('',#11984,1.0);
#9138=CARTESIAN_POINT('',(-0.765,-0.63,0.370000000000004));
#9139=CARTESIAN_POINT('',(1.355,-0.629999999999992,0.37));
#9140=VECTOR('',#11985,1.0);
#9141=CARTESIAN_POINT('',(-0.765,-0.585,0.35));
#9142=CARTESIAN_POINT('',(-0.765,-0.629999999999992,0.37));
#9143=VECTOR('',#11986,1.0);
#9144=CARTESIAN_POINT('',(1.355,-0.585,0.35));
#9145=VECTOR('',#11987,1.0);
#9146=CARTESIAN_POINT('',(0.0650000000000002,-0.585,0.14));
#9147=CARTESIAN_POINT('',(0.0650000000000002,-0.585,0.35));
#9148=VECTOR('',#11988,1.0);
#9149=CARTESIAN_POINT('',(-0.0649999999999998,-0.585,0.14));
#9150=CARTESIAN_POINT('',(-0.0649999999999997,-0.585,0.35));
#9151=VECTOR('',#11989,1.0);
#9152=CARTESIAN_POINT('',(0.285000000000001,-0.585,0.14));
#9153=VECTOR('',#11990,1.0);
#9154=CARTESIAN_POINT('',(-0.285,-0.585,0.28));
#9155=CARTESIAN_POINT('',(-0.285,-0.585,0.35));
#9156=VECTOR('',#11991,1.0);
#9157=CARTESIAN_POINT('',(-0.415,-0.585,0.28));
#9158=CARTESIAN_POINT('',(-0.415,-0.585,0.35));
#9159=VECTOR('',#11992,1.0);
#9160=CARTESIAN_POINT('',(1.355,-0.584999999999987,0.28));
#9161=VECTOR('',#11993,1.0);
#9162=CARTESIAN_POINT('',(-0.635,-0.585,0.28));
#9163=CARTESIAN_POINT('',(-0.634999999999999,-0.585,0.35));
#9164=VECTOR('',#11994,1.0);
#9165=CARTESIAN_POINT('',(-0.765,-0.584999999999987,0.28));
#9166=CARTESIAN_POINT('',(-0.765,-0.585,0.35));
#9167=VECTOR('',#11995,1.0);
#9168=CARTESIAN_POINT('',(1.355,-0.584999999999987,0.28));
#9169=VECTOR('',#11996,1.0);
#9170=CARTESIAN_POINT('',(0.285000000000001,-0.63,0.235));
#9171=CARTESIAN_POINT('',(0.285,-0.614999999999992,0.268541019662504));
#9172=AXIS2_PLACEMENT_3D('',#11997,#11998,#11999);
#9173=CARTESIAN_POINT('',(0.285,-0.614999999999992,0.14));
#9174=CARTESIAN_POINT('',(0.285,-0.614999999999992,0.34));
#9175=VECTOR('',#12000,1.0);
#9176=CARTESIAN_POINT('',(0.285000000000001,-0.629999999999999,0.14));
#9177=CARTESIAN_POINT('',(0.285000000000001,-0.629999999999999,0.14));
#9178=VECTOR('',#12001,1.0);
#9179=CARTESIAN_POINT('',(0.285000000000001,-0.629999999999999,0.29));
#9180=VECTOR('',#12002,1.0);
#9181=CARTESIAN_POINT('',(0.0650000000000002,-0.614999999999992,0.14));
#9182=CARTESIAN_POINT('',(0.285,-0.614999999999992,0.14));
#9183=VECTOR('',#12003,1.0);
#9184=CARTESIAN_POINT('',(0.0650000000000002,-0.614999999999992,0.14));
#9185=VECTOR('',#12004,1.0);
#9186=CARTESIAN_POINT('',(-0.0649999999999998,-0.614999999999992,0.14));
#9187=CARTESIAN_POINT('',(-0.0649999999999998,-0.614999999999992,0.14));
#9188=VECTOR('',#12005,1.0);
#9189=CARTESIAN_POINT('',(-0.285,-0.614999999999992,0.14));
#9190=CARTESIAN_POINT('',(-0.0649999999999998,-0.614999999999992,0.14));
#9191=VECTOR('',#12006,1.0);
#9192=CARTESIAN_POINT('',(-0.285,-0.629999999999999,0.14));
#9193=CARTESIAN_POINT('',(-0.285,-0.585,0.14));
#9194=VECTOR('',#12007,1.0);
#9195=CARTESIAN_POINT('',(-0.285,-0.629999999999999,0.14));
#9196=VECTOR('',#12008,1.0);
#9197=CARTESIAN_POINT('',(0.0650000000000002,0.585,0.14));
#9198=CARTESIAN_POINT('',(0.0650000000000002,0.585,0.35));
#9199=CARTESIAN_POINT('',(0.0650000000000002,0.584999999999987,0.28));
#9200=VECTOR('',#12009,1.0);
#9201=CARTESIAN_POINT('',(-0.0649999999999998,0.585,0.14));
#9202=CARTESIAN_POINT('',(-0.285,0.585,0.14));
#9203=VECTOR('',#12010,1.0);
#9204=CARTESIAN_POINT('',(-0.0649999999999997,0.585,0.35));
#9205=CARTESIAN_POINT('',(-0.0649999999999997,0.584999999999987,0.28));
#9206=VECTOR('',#12011,1.0);
#9207=CARTESIAN_POINT('',(1.355,0.585,0.35));
#9208=VECTOR('',#12012,1.0);
#9209=CARTESIAN_POINT('',(-0.285,0.585,0.28));
#9210=CARTESIAN_POINT('',(-0.285,0.585,0.35));
#9211=CARTESIAN_POINT('',(-0.285,0.584999999999987,0.28));
#9212=VECTOR('',#12013,1.0);
#9213=CARTESIAN_POINT('',(-0.415,0.585,0.28));
#9214=CARTESIAN_POINT('',(1.355,0.585,0.28));
#9215=VECTOR('',#12014,1.0);
#9216=CARTESIAN_POINT('',(-0.415,0.585,0.35));
#9217=CARTESIAN_POINT('',(-0.415,0.584999999999987,0.28));
#9218=VECTOR('',#12015,1.0);
#9219=CARTESIAN_POINT('',(1.355,0.585,0.35));
#9220=VECTOR('',#12016,1.0);
#9221=CARTESIAN_POINT('',(-0.635,0.585,0.28));
#9222=CARTESIAN_POINT('',(-0.634999999999999,0.585,0.35));
#9223=CARTESIAN_POINT('',(-0.634999999999999,0.584999999999987,0.28));
#9224=VECTOR('',#12017,1.0);
#9225=CARTESIAN_POINT('',(-0.765,0.584999999999987,0.28));
#9226=CARTESIAN_POINT('',(1.355,0.585,0.28));
#9227=VECTOR('',#12018,1.0);
#9228=CARTESIAN_POINT('',(-0.765,0.585,0.35));
#9229=CARTESIAN_POINT('',(-0.765,0.584999999999987,0.28));
#9230=VECTOR('',#12019,1.0);
#9231=CARTESIAN_POINT('',(1.355,0.585,0.35));
#9232=VECTOR('',#12020,1.0);
#9233=CARTESIAN_POINT('',(0.0650000000000002,0.629999999999992,0.37));
#9234=CARTESIAN_POINT('',(0.0650000000000002,0.585,0.35));
#9235=VECTOR('',#12021,1.0);
#9236=CARTESIAN_POINT('',(-0.0649999999999997,0.629999999999992,0.37));
#9237=CARTESIAN_POINT('',(-0.0649999999999997,0.585,0.35));
#9238=VECTOR('',#12022,1.0);
#9239=CARTESIAN_POINT('',(1.355,0.629999999999992,0.37));
#9240=VECTOR('',#12023,1.0);
#9241=CARTESIAN_POINT('',(-0.285,0.629999999999992,0.37));
#9242=CARTESIAN_POINT('',(-0.285,0.585,0.35));
#9243=VECTOR('',#12024,1.0);
#9244=CARTESIAN_POINT('',(-0.415,0.629999999999992,0.37));
#9245=CARTESIAN_POINT('',(-0.415,0.585,0.35));
#9246=VECTOR('',#12025,1.0);
#9247=CARTESIAN_POINT('',(1.355,0.629999999999992,0.37));
#9248=VECTOR('',#12026,1.0);
#9249=CARTESIAN_POINT('',(-0.634999999999999,0.629999999999992,0.37));
#9250=CARTESIAN_POINT('',(-0.634999999999999,0.585,0.35));
#9251=VECTOR('',#12027,1.0);
#9252=CARTESIAN_POINT('',(-0.765,0.63,0.37));
#9253=CARTESIAN_POINT('',(-0.765,0.585,0.35));
#9254=VECTOR('',#12028,1.0);
#9255=CARTESIAN_POINT('',(1.355,0.629999999999992,0.37));
#9256=VECTOR('',#12029,1.0);
#9257=CARTESIAN_POINT('',(-0.415,0.614999999999992,0.14));
#9258=CARTESIAN_POINT('',(-0.635,0.614999999999992,0.14));
#9259=CARTESIAN_POINT('',(-0.415,0.614999999999992,0.14));
#9260=VECTOR('',#12030,1.0);
#9261=CARTESIAN_POINT('',(-0.415,0.629999999999999,0.14));
#9262=CARTESIAN_POINT('',(-0.415,0.585,0.14));
#9263=VECTOR('',#12031,1.0);
#9264=CARTESIAN_POINT('',(-0.635,0.629999999999999,0.14));
#9265=CARTESIAN_POINT('',(-0.635,0.629999999999999,0.14));
#9266=VECTOR('',#12032,1.0);
#9267=CARTESIAN_POINT('',(-0.635,0.585,0.14));
#9268=VECTOR('',#12033,1.0);
#9269=CARTESIAN_POINT('',(0.285000000000001,0.629999999999999,0.14));
#9270=CARTESIAN_POINT('',(0.285,0.614999999999992,0.14));
#9271=CARTESIAN_POINT('',(0.285000000000001,0.585,0.14));
#9272=VECTOR('',#12034,1.0);
#9273=CARTESIAN_POINT('',(0.285,0.614999999999992,0.268541019662504));
#9274=CARTESIAN_POINT('',(0.285,0.614999999999992,0.14));
#9275=VECTOR('',#12035,1.0);
#9276=CARTESIAN_POINT('',(0.285000000000001,0.629999999999999,0.235));
#9277=AXIS2_PLACEMENT_3D('',#12036,#12037,#12038);
#9278=CARTESIAN_POINT('',(0.285000000000001,0.629999999999999,0.29));
#9279=VECTOR('',#12039,1.0);
#9280=CARTESIAN_POINT('',(0.0650000000000002,0.614999999999992,0.14));
#9281=CARTESIAN_POINT('',(0.0650000000000002,0.539999999999992,0.14));
#9282=VECTOR('',#12040,1.0);
#9283=CARTESIAN_POINT('',(0.285,0.614999999999992,0.14));
#9284=VECTOR('',#12041,1.0);
#9285=CARTESIAN_POINT('',(-0.285,0.629999999999999,0.14));
#9286=CARTESIAN_POINT('',(0.285000000000001,0.629999999999999,0.14));
#9287=VECTOR('',#12042,1.0);
#9288=CARTESIAN_POINT('',(-0.285,0.614999999999992,0.14));
#9289=CARTESIAN_POINT('',(-0.285,0.629999999999999,0.14));
#9290=VECTOR('',#12043,1.0);
#9291=CARTESIAN_POINT('',(-0.0649999999999998,0.614999999999992,0.14));
#9292=CARTESIAN_POINT('',(-0.0649999999999998,0.614999999999992,0.14));
#9293=VECTOR('',#12044,1.0);
#9294=CARTESIAN_POINT('',(-0.0649999999999998,0.539999999999992,0.14));
#9295=VECTOR('',#12045,1.0);
#9296=CARTESIAN_POINT('',(0.575000000000001,0.630000000000003,0.06));
#9297=CARTESIAN_POINT('',(0.475,0.630000000000003,0.06));
#9298=CARTESIAN_POINT('',(0.575000000000001,0.630000000000003,0.06));
#9299=VECTOR('',#12046,1.0);
#9300=CARTESIAN_POINT('',(0.575,0.779999999999992,0.06));
#9301=CARTESIAN_POINT('',(0.575,0.779999999999992,0.06));
#9302=VECTOR('',#12047,1.0);
#9303=CARTESIAN_POINT('',(0.475,0.779999999999992,0.06));
#9304=CARTESIAN_POINT('',(0.575,0.779999999999992,0.06));
#9305=VECTOR('',#12048,1.0);
#9306=CARTESIAN_POINT('',(0.475,0.779999999999992,0.06));
#9307=VECTOR('',#12049,1.0);
#9308=CARTESIAN_POINT('',(0.435,-0.630000000000002,0.0999999999999878));
#9309=CARTESIAN_POINT('',(0.265000000000013,-0.630000000000001,0.0999999999999999));
#9310=CARTESIAN_POINT('',(1.355,-0.630000000000001,0.1));
#9311=VECTOR('',#12050,1.0);
#9312=CARTESIAN_POINT('',(0.225,-0.603333333333334,0.06));
#9313=CARTESIAN_POINT('',(0.710909090909103,-0.927272727272725,0.545909090909086));
#9314=VECTOR('',#12051,1.0);
#9315=CARTESIAN_POINT('',(0.225,-0.590000000000001,0.04));
#9316=CARTESIAN_POINT('',(0.225,-0.630000000000001,0.1));
#9317=VECTOR('',#12052,1.0);
#9318=CARTESIAN_POINT('',(0.475,-0.590000000000001,0.04));
#9319=CARTESIAN_POINT('',(1.355,-0.590000000000001,0.04));
#9320=VECTOR('',#12053,1.0);
#9321=CARTESIAN_POINT('',(0.475,-0.603333333333334,0.0599999999999881));
#9322=CARTESIAN_POINT('',(0.475,-0.630000000000001,0.1));
#9323=VECTOR('',#12054,1.0);
#9324=CARTESIAN_POINT('',(0.811363636363633,-0.379090909090907,-0.276363636363642));
#9325=VECTOR('',#12055,1.0);
#9326=CARTESIAN_POINT('',(0.225,0.590000000000001,0.04));
#9327=CARTESIAN_POINT('',(0.225,0.603333333333335,0.0600000000000001));
#9328=CARTESIAN_POINT('',(0.225,0.590000000000001,0.04));
#9329=VECTOR('',#12056,1.0);
#9330=CARTESIAN_POINT('',(0.265,0.630000000000001,0.0999999999999999));
#9331=CARTESIAN_POINT('',(0.675454545454543,0.903636363636364,0.510454545454545));
#9332=VECTOR('',#12057,1.0);
#9333=CARTESIAN_POINT('',(0.435,0.630000000000001,0.0999999999999999));
#9334=CARTESIAN_POINT('',(1.355,0.630000000000001,0.1));
#9335=VECTOR('',#12058,1.0);
#9336=CARTESIAN_POINT('',(0.475,0.603333333333334,0.0599999999999997));
#9337=CARTESIAN_POINT('',(0.84681818181818,0.355454545454547,-0.311818181818182));
#9338=VECTOR('',#12059,1.0);
#9339=CARTESIAN_POINT('',(0.475,0.590000000000001,0.04));
#9340=CARTESIAN_POINT('',(0.475,0.590000000000001,0.04));
#9341=VECTOR('',#12060,1.0);
#9342=CARTESIAN_POINT('',(1.355,0.590000000000001,0.04));
#9343=VECTOR('',#12061,1.0);
#9344=CARTESIAN_POINT('',(0.225,-0.590000000000001,1.38777878078145E-17));
#9345=CARTESIAN_POINT('',(0.225,-0.590000000000001,0.04));
#9346=VECTOR('',#12062,1.0);
#9347=CARTESIAN_POINT('',(0.475,-0.590000000000001,1.38777878078145E-17));
#9348=CARTESIAN_POINT('',(1.355,-0.590000000000001,0.0));
#9349=VECTOR('',#12063,1.0);
#9350=CARTESIAN_POINT('',(0.475,-0.590000000000001,0.04));
#9351=VECTOR('',#12064,1.0);
#9352=CARTESIAN_POINT('',(0.475,0.590000000000001,4.64036822096838E-16));
#9353=CARTESIAN_POINT('',(0.225,0.590000000000001,4.64036822096838E-16));
#9354=CARTESIAN_POINT('',(1.355,0.590000000000001,4.64036822096838E-16));
#9355=VECTOR('',#12065,1.0);
#9356=CARTESIAN_POINT('',(0.225,0.590000000000001,0.0));
#9357=VECTOR('',#12066,1.0);
#9358=CARTESIAN_POINT('',(0.475,0.590000000000001,0.0));
#9359=VECTOR('',#12067,1.0);
#9360=CARTESIAN_POINT('',(0.415,-0.629999999999992,0.37));
#9361=CARTESIAN_POINT('',(0.285,-0.629999999999992,0.37));
#9362=CARTESIAN_POINT('',(1.355,-0.629999999999992,0.37));
#9363=VECTOR('',#12068,1.0);
#9364=CARTESIAN_POINT('',(0.285,-0.585,0.35));
#9365=CARTESIAN_POINT('',(0.285,-0.629999999999992,0.37));
#9366=VECTOR('',#12069,1.0);
#9367=CARTESIAN_POINT('',(0.415,-0.585,0.35));
#9368=CARTESIAN_POINT('',(1.355,-0.585,0.35));
#9369=VECTOR('',#12070,1.0);
#9370=CARTESIAN_POINT('',(0.415,-0.629999999999992,0.37));
#9371=VECTOR('',#12071,1.0);
#9372=CARTESIAN_POINT('',(0.285000000000001,-0.585,0.28));
#9373=CARTESIAN_POINT('',(0.285,-0.585,0.35));
#9374=VECTOR('',#12072,1.0);
#9375=CARTESIAN_POINT('',(0.415,-0.584999999999987,0.28));
#9376=CARTESIAN_POINT('',(1.355,-0.584999999999987,0.28));
#9377=VECTOR('',#12073,1.0);
#9378=CARTESIAN_POINT('',(0.415,-0.585,0.35));
#9379=VECTOR('',#12074,1.0);
#9380=CARTESIAN_POINT('',(0.635,-0.614999999999992,0.14));
#9381=CARTESIAN_POINT('',(0.635,-0.629999999999999,0.14));
#9382=CARTESIAN_POINT('',(0.635,-0.629999999999999,0.14));
#9383=VECTOR('',#12075,1.0);
#9384=CARTESIAN_POINT('',(0.415,-0.614999999999992,0.14));
#9385=CARTESIAN_POINT('',(0.635,-0.614999999999992,0.14));
#9386=VECTOR('',#12076,1.0);
#9387=CARTESIAN_POINT('',(0.415,-0.629999999999999,0.14));
#9388=CARTESIAN_POINT('',(0.415,-0.629999999999999,0.14));
#9389=VECTOR('',#12077,1.0);
#9390=CARTESIAN_POINT('',(0.635,-0.629999999999999,0.14));
#9391=VECTOR('',#12078,1.0);
#9392=CARTESIAN_POINT('',(0.415,0.585,0.28));
#9393=CARTESIAN_POINT('',(0.285000000000001,0.585,0.28));
#9394=CARTESIAN_POINT('',(1.355,0.585,0.28));
#9395=VECTOR('',#12079,1.0);
#9396=CARTESIAN_POINT('',(0.285,0.585,0.35));
#9397=CARTESIAN_POINT('',(0.285,0.584999999999987,0.28));
#9398=VECTOR('',#12080,1.0);
#9399=CARTESIAN_POINT('',(0.415,0.585,0.35));
#9400=CARTESIAN_POINT('',(1.355,0.585,0.35));
#9401=VECTOR('',#12081,1.0);
#9402=CARTESIAN_POINT('',(0.415,0.584999999999987,0.28));
#9403=VECTOR('',#12082,1.0);
#9404=CARTESIAN_POINT('',(0.285,0.629999999999992,0.37));
#9405=CARTESIAN_POINT('',(0.285,0.585,0.35));
#9406=VECTOR('',#12083,1.0);
#9407=CARTESIAN_POINT('',(0.415,0.629999999999992,0.37));
#9408=CARTESIAN_POINT('',(1.355,0.629999999999992,0.37));
#9409=VECTOR('',#12084,1.0);
#9410=CARTESIAN_POINT('',(0.415,0.585,0.35));
#9411=VECTOR('',#12085,1.0);
#9412=CARTESIAN_POINT('',(-0.285,0.629999999999999,0.235));
#9413=CARTESIAN_POINT('',(-0.285,0.614999999999992,0.268541019662504));
#9414=AXIS2_PLACEMENT_3D('',#12086,#12087,#12088);
#9415=CARTESIAN_POINT('',(-0.415,0.63,0.235));
#9416=CARTESIAN_POINT('',(1.355,0.63,0.235));
#9417=VECTOR('',#12089,1.0);
#9418=CARTESIAN_POINT('',(-0.415,0.614999999999992,0.268541019662504));
#9419=AXIS2_PLACEMENT_3D('',#12090,#12091,#12092);
#9420=AXIS2_PLACEMENT_3D('',#12093,#12094,#12095);
#9421=AXIS2_PLACEMENT_3D('',#12096,#12097,#12098);
#9422=AXIS2_PLACEMENT_3D('',#12099,#12100,#12101);
#9423=CARTESIAN_POINT('',(0.415,0.614999999999992,0.268541019662504));
#9424=AXIS2_PLACEMENT_3D('',#12102,#12103,#12104);
#9425=CARTESIAN_POINT('',(0.415,0.63,0.235));
#9426=AXIS2_PLACEMENT_3D('',#12105,#12106,#12107);
#9427=CARTESIAN_POINT('',(1.355,0.63,0.235));
#9428=VECTOR('',#12108,1.0);
#9429=CARTESIAN_POINT('',(-0.285,-0.614999999999992,0.268541019662504));
#9430=AXIS2_PLACEMENT_3D('',#12109,#12110,#12111);
#9431=CARTESIAN_POINT('',(-0.415,-0.614999999999992,0.268541019662504));
#9432=AXIS2_PLACEMENT_3D('',#12112,#12113,#12114);
#9433=CARTESIAN_POINT('',(-0.415,-0.63,0.235));
#9434=AXIS2_PLACEMENT_3D('',#12115,#12116,#12117);
#9435=CARTESIAN_POINT('',(-0.285,-0.629999999999999,0.235));
#9436=CARTESIAN_POINT('',(1.355,-0.63,0.235));
#9437=VECTOR('',#12118,1.0);
#9438=AXIS2_PLACEMENT_3D('',#12119,#12120,#12121);
#9439=CARTESIAN_POINT('',(0.415,-0.63,0.235));
#9440=CARTESIAN_POINT('',(1.355,-0.63,0.235));
#9441=VECTOR('',#12122,1.0);
#9442=CARTESIAN_POINT('',(0.415,-0.614999999999992,0.268541019662504));
#9443=AXIS2_PLACEMENT_3D('',#12123,#12124,#12125);
#9444=AXIS2_PLACEMENT_3D('',#12126,#12127,#12128);
#9445=AXIS2_PLACEMENT_3D('',#12129,#12130,#12131);
#9446=CARTESIAN_POINT('',(0.305,-0.440000000000001,0.46));
#9447=CARTESIAN_POINT('',(0.0450000000000002,-0.440000000000001,0.46));
#9448=CARTESIAN_POINT('',(1.355,-0.440000000000001,0.46));
#9449=VECTOR('',#12132,1.0);
#9450=CARTESIAN_POINT('',(0.305,-0.350000000000001,0.37));
#9451=AXIS2_PLACEMENT_3D('',#12133,#12134,#12135);
#9452=CARTESIAN_POINT('',(0.0450000000000002,-0.350000000000001,0.37));
#9453=CARTESIAN_POINT('',(1.355,-0.350000000000001,0.37));
#9454=VECTOR('',#12136,1.0);
#9455=AXIS2_PLACEMENT_3D('',#12137,#12138,#12139);
#9456=CARTESIAN_POINT('',(-0.0449999999999997,-0.440000000000001,0.46));
#9457=CARTESIAN_POINT('',(-0.305,-0.440000000000001,0.46));
#9458=CARTESIAN_POINT('',(1.355,-0.440000000000001,0.46));
#9459=VECTOR('',#12140,1.0);
#9460=CARTESIAN_POINT('',(-0.0449999999999998,-0.350000000000001,0.37));
#9461=AXIS2_PLACEMENT_3D('',#12141,#12142,#12143);
#9462=CARTESIAN_POINT('',(-0.305,-0.350000000000001,0.37));
#9463=CARTESIAN_POINT('',(1.355,-0.350000000000001,0.37));
#9464=VECTOR('',#12144,1.0);
#9465=AXIS2_PLACEMENT_3D('',#12145,#12146,#12147);
#9466=CARTESIAN_POINT('',(-0.395,-0.440000000000001,0.46));
#9467=CARTESIAN_POINT('',(-0.655,-0.440000000000001,0.46));
#9468=CARTESIAN_POINT('',(1.355,-0.440000000000001,0.46));
#9469=VECTOR('',#12148,1.0);
#9470=CARTESIAN_POINT('',(-0.395,-0.350000000000001,0.37));
#9471=AXIS2_PLACEMENT_3D('',#12149,#12150,#12151);
#9472=CARTESIAN_POINT('',(-0.655,-0.350000000000001,0.37));
#9473=CARTESIAN_POINT('',(1.355,-0.350000000000001,0.37));
#9474=VECTOR('',#12152,1.0);
#9475=AXIS2_PLACEMENT_3D('',#12153,#12154,#12155);
#9476=CARTESIAN_POINT('',(-0.745,-0.440000000000001,0.46));
#9477=CARTESIAN_POINT('',(-0.765,-0.440000000000001,0.46));
#9478=CARTESIAN_POINT('',(1.355,-0.440000000000001,0.46));
#9479=VECTOR('',#12156,1.0);
#9480=CARTESIAN_POINT('',(-0.745,-0.350000000000001,0.37));
#9481=AXIS2_PLACEMENT_3D('',#12157,#12158,#12159);
#9482=CARTESIAN_POINT('',(-0.785000000000001,-0.350000000000001,0.37));
#9483=CARTESIAN_POINT('',(1.355,-0.350000000000001,0.37));
#9484=VECTOR('',#12160,1.0);
#9485=CARTESIAN_POINT('',(-0.785000000000001,-0.35055728090001,0.38));
#9486=AXIS2_PLACEMENT_3D('',#12161,#12162,#12163);
#9487=CARTESIAN_POINT('',(-0.765,-0.35055728090001,0.38));
#9488=CARTESIAN_POINT('',(-0.765,-0.35055728090001,0.38));
#9489=VECTOR('',#12164,1.0);
#9490=AXIS2_PLACEMENT_3D('',#12165,#12166,#12167);
#9491=CARTESIAN_POINT('',(0.395,0.440000000000001,0.46));
#9492=CARTESIAN_POINT('',(0.655,0.440000000000001,0.46));
#9493=CARTESIAN_POINT('',(1.355,0.440000000000001,0.46));
#9494=VECTOR('',#12168,1.0);
#9495=CARTESIAN_POINT('',(0.395,0.350000000000001,0.37));
#9496=AXIS2_PLACEMENT_3D('',#12169,#12170,#12171);
#9497=CARTESIAN_POINT('',(0.655,0.350000000000001,0.37));
#9498=CARTESIAN_POINT('',(1.355,0.350000000000001,0.37));
#9499=VECTOR('',#12172,1.0);
#9500=AXIS2_PLACEMENT_3D('',#12173,#12174,#12175);
#9501=CARTESIAN_POINT('',(0.305,0.440000000000001,0.46));
#9502=CARTESIAN_POINT('',(0.305,0.350000000000001,0.37));
#9503=AXIS2_PLACEMENT_3D('',#12176,#12177,#12178);
#9504=CARTESIAN_POINT('',(0.0450000000000001,0.440000000000001,0.46));
#9505=CARTESIAN_POINT('',(1.355,0.440000000000001,0.46));
#9506=VECTOR('',#12179,1.0);
#9507=CARTESIAN_POINT('',(0.0450000000000001,0.350000000000001,0.37));
#9508=AXIS2_PLACEMENT_3D('',#12180,#12181,#12182);
#9509=CARTESIAN_POINT('',(1.355,0.350000000000001,0.37));
#9510=VECTOR('',#12183,1.0);
#9511=CARTESIAN_POINT('',(-0.0449999999999997,0.440000000000001,0.46));
#9512=CARTESIAN_POINT('',(-0.0449999999999997,0.350000000000001,0.37));
#9513=AXIS2_PLACEMENT_3D('',#12184,#12185,#12186);
#9514=CARTESIAN_POINT('',(-0.305,0.440000000000001,0.46));
#9515=CARTESIAN_POINT('',(1.355,0.440000000000001,0.46));
#9516=VECTOR('',#12187,1.0);
#9517=CARTESIAN_POINT('',(-0.305,0.350000000000001,0.37));
#9518=AXIS2_PLACEMENT_3D('',#12188,#12189,#12190);
#9519=CARTESIAN_POINT('',(1.355,0.350000000000001,0.37));
#9520=VECTOR('',#12191,1.0);
#9521=CARTESIAN_POINT('',(-0.395,0.440000000000001,0.46));
#9522=CARTESIAN_POINT('',(-0.395,0.350000000000001,0.37));
#9523=AXIS2_PLACEMENT_3D('',#12192,#12193,#12194);
#9524=CARTESIAN_POINT('',(-0.655,0.440000000000001,0.46));
#9525=CARTESIAN_POINT('',(1.355,0.440000000000001,0.46));
#9526=VECTOR('',#12195,1.0);
#9527=CARTESIAN_POINT('',(-0.655,0.350000000000001,0.37));
#9528=AXIS2_PLACEMENT_3D('',#12196,#12197,#12198);
#9529=CARTESIAN_POINT('',(1.355,0.350000000000001,0.37));
#9530=VECTOR('',#12199,1.0);
#9531=CARTESIAN_POINT('',(0.395,-0.440000000000001,0.46));
#9532=CARTESIAN_POINT('',(0.395,-0.350000000000001,0.37));
#9533=AXIS2_PLACEMENT_3D('',#12200,#12201,#12202);
#9534=CARTESIAN_POINT('',(0.655,-0.440000000000001,0.46));
#9535=CARTESIAN_POINT('',(1.355,-0.440000000000001,0.46));
#9536=VECTOR('',#12203,1.0);
#9537=CARTESIAN_POINT('',(0.655,-0.350000000000001,0.37));
#9538=AXIS2_PLACEMENT_3D('',#12204,#12205,#12206);
#9539=CARTESIAN_POINT('',(1.355,-0.350000000000001,0.37));
#9540=VECTOR('',#12207,1.0);
#9541=CARTESIAN_POINT('',(0.745,0.440000000000001,0.46));
#9542=CARTESIAN_POINT('',(0.765,0.440000000000001,0.46));
#9543=CARTESIAN_POINT('',(1.355,0.440000000000001,0.46));
#9544=VECTOR('',#12208,1.0);
#9545=CARTESIAN_POINT('',(0.745,0.350000000000001,0.37));
#9546=AXIS2_PLACEMENT_3D('',#12209,#12210,#12211);
#9547=CARTESIAN_POINT('',(0.785000000000001,0.350000000000001,0.37));
#9548=CARTESIAN_POINT('',(1.355,0.350000000000001,0.37));
#9549=VECTOR('',#12212,1.0);
#9550=CARTESIAN_POINT('',(0.785000000000001,0.35055728090001,0.38));
#9551=AXIS2_PLACEMENT_3D('',#12213,#12214,#12215);
#9552=CARTESIAN_POINT('',(0.765,0.35055728090001,0.38));
#9553=CARTESIAN_POINT('',(0.765,0.35055728090001,0.38));
#9554=VECTOR('',#12216,1.0);
#9555=AXIS2_PLACEMENT_3D('',#12217,#12218,#12219);
#9556=CARTESIAN_POINT('',(-0.635,0.63,0.235));
#9557=CARTESIAN_POINT('',(-0.635,0.614999999999992,0.268541019662504));
#9558=AXIS2_PLACEMENT_3D('',#12220,#12221,#12222);
#9559=CARTESIAN_POINT('',(-0.765,0.63,0.235));
#9560=CARTESIAN_POINT('',(1.355,0.63,0.235));
#9561=VECTOR('',#12223,1.0);
#9562=AXIS2_PLACEMENT_3D('',#12224,#12225,#12226);
#9563=AXIS2_PLACEMENT_3D('',#12227,#12228,#12229);
#9564=CARTESIAN_POINT('',(-0.635,-0.614999999999992,0.268541019662504));
#9565=AXIS2_PLACEMENT_3D('',#12230,#12231,#12232);
#9566=CARTESIAN_POINT('',(-0.765,-0.63,0.235));
#9567=AXIS2_PLACEMENT_3D('',#12233,#12234,#12235);
#9568=CARTESIAN_POINT('',(-0.635,-0.63,0.235));
#9569=CARTESIAN_POINT('',(1.355,-0.63,0.235));
#9570=VECTOR('',#12236,1.0);
#9571=AXIS2_PLACEMENT_3D('',#12237,#12238,#12239);
#9572=CARTESIAN_POINT('',(-1.275,-0.49,0.200000000000001));
#9573=CARTESIAN_POINT('',(-1.275,-0.49,0.38));
#9574=CARTESIAN_POINT('',(-1.275,-0.49,0.0));
#9575=VECTOR('',#12240,1.0);
#9576=CARTESIAN_POINT('',(-1.275,-0.09,0.200000000000001));
#9577=CARTESIAN_POINT('',(-1.275,-0.49,0.200000000000001));
#9578=VECTOR('',#12241,1.0);
#9579=CARTESIAN_POINT('',(-1.275,-0.09,0.0700000000000008));
#9580=CARTESIAN_POINT('',(-1.275,-0.09,0.200000000000001));
#9581=VECTOR('',#12242,1.0);
#9582=CARTESIAN_POINT('',(-1.275,0.09,0.0700000000000008));
#9583=CARTESIAN_POINT('',(-1.275,-0.09,0.0700000000000008));
#9584=VECTOR('',#12243,1.0);
#9585=CARTESIAN_POINT('',(-1.275,0.09,0.200000000000001));
#9586=CARTESIAN_POINT('',(-1.275,0.09,0.0700000000000008));
#9587=VECTOR('',#12244,1.0);
#9588=CARTESIAN_POINT('',(-1.275,0.49,0.200000000000001));
#9589=CARTESIAN_POINT('',(-1.275,0.09,0.200000000000001));
#9590=VECTOR('',#12245,1.0);
#9591=CARTESIAN_POINT('',(-1.275,0.49,0.38));
#9592=CARTESIAN_POINT('',(-1.275,0.49,0.0));
#9593=VECTOR('',#12246,1.0);
#9594=CARTESIAN_POINT('',(-1.275,0.54,0.38));
#9595=CARTESIAN_POINT('',(-1.275,0.54,0.38));
#9596=VECTOR('',#12247,1.0);
#9597=CARTESIAN_POINT('',(-1.275,0.54,0.18));
#9598=CARTESIAN_POINT('',(-1.275,0.54,0.18));
#9599=VECTOR('',#12248,1.0);
#9600=CARTESIAN_POINT('',(-1.275,0.109999999999997,0.18));
#9601=CARTESIAN_POINT('',(-1.275,0.109999999999997,0.18));
#9602=VECTOR('',#12249,1.0);
#9603=CARTESIAN_POINT('',(-1.275,0.109999999999997,0.0500000000000001));
#9604=CARTESIAN_POINT('',(-1.275,0.109999999999997,1.66533453693773E-16));
#9605=VECTOR('',#12250,1.0);
#9606=CARTESIAN_POINT('',(-1.275,-0.109999999999997,0.0500000000000001));
#9607=CARTESIAN_POINT('',(-1.275,0.0999999999999999,0.0500000000000001));
#9608=VECTOR('',#12251,1.0);
#9609=CARTESIAN_POINT('',(-1.275,-0.109999999999997,0.18));
#9610=CARTESIAN_POINT('',(-1.275,-0.109999999999997,0.18));
#9611=VECTOR('',#12252,1.0);
#9612=CARTESIAN_POINT('',(-1.275,-0.54,0.18));
#9613=CARTESIAN_POINT('',(-1.275,-0.54,0.18));
#9614=VECTOR('',#12253,1.0);
#9615=CARTESIAN_POINT('',(-1.275,-0.54,0.38));
#9616=CARTESIAN_POINT('',(-1.275,-0.54,0.38));
#9617=VECTOR('',#12254,1.0);
#9618=CARTESIAN_POINT('',(-1.275,0.54,0.38));
#9619=VECTOR('',#12255,1.0);
#9620=CARTESIAN_POINT('',(0.225,-0.78,-1.22464679914735E-18));
#9621=CARTESIAN_POINT('',(0.225,-0.78,1.38777878078145E-17));
#9622=VECTOR('',#12256,1.0);
#9623=CARTESIAN_POINT('',(0.125,-0.78,-1.22464679914735E-18));
#9624=CARTESIAN_POINT('',(0.225,-0.78,-1.22464679914735E-18));
#9625=VECTOR('',#12257,1.0);
#9626=CARTESIAN_POINT('',(0.125,-0.78,1.38777878078145E-17));
#9627=VECTOR('',#12258,1.0);
#9628=CARTESIAN_POINT('',(-0.125,-0.78,-1.22464679914735E-18));
#9629=CARTESIAN_POINT('',(-0.125,-0.78,1.38777878078145E-17));
#9630=VECTOR('',#12259,1.0);
#9631=CARTESIAN_POINT('',(-0.225,-0.78,-1.22464679914735E-18));
#9632=CARTESIAN_POINT('',(-0.125,-0.78,-1.22464679914735E-18));
#9633=VECTOR('',#12260,1.0);
#9634=CARTESIAN_POINT('',(-0.225,-0.78,1.38777878078145E-17));
#9635=VECTOR('',#12261,1.0);
#9636=CARTESIAN_POINT('',(-0.475,-0.78,-1.22464679914735E-18));
#9637=CARTESIAN_POINT('',(-0.475,-0.78,1.38777878078145E-17));
#9638=VECTOR('',#12262,1.0);
#9639=CARTESIAN_POINT('',(-0.575,-0.78,-1.22464679914735E-18));
#9640=CARTESIAN_POINT('',(-0.475,-0.78,-1.22464679914735E-18));
#9641=VECTOR('',#12263,1.0);
#9642=CARTESIAN_POINT('',(-0.575,-0.78,1.38777878078145E-17));
#9643=VECTOR('',#12264,1.0);
#9644=CARTESIAN_POINT('',(-0.765,-0.54,-7.44811036992624E-17));
#9645=CARTESIAN_POINT('',(-0.765,-0.629999999999999,-8.68946209824728E-17));
#9646=VECTOR('',#12265,1.0);
#9647=CARTESIAN_POINT('',(-0.825000000000001,-0.54,2.56784725062356E-16));
#9648=CARTESIAN_POINT('',(-0.765,-0.54,-7.44811036992624E-17));
#9649=VECTOR('',#12266,1.0);
#9650=CARTESIAN_POINT('',(-0.825000000000001,-0.583431457505077,1.89735380184963E-16));
#9651=CARTESIAN_POINT('',(-0.825000000000001,0.083000000000002,6.12288911093131E-16));
#9652=VECTOR('',#12267,1.0);
#9653=CARTESIAN_POINT('',(-0.975,-0.583431457505077,1.89735380184963E-16));
#9654=CARTESIAN_POINT('',(-2.31,-0.583431457505077,8.6931395303668E-18));
#9655=VECTOR('',#12268,1.0);
#9656=CARTESIAN_POINT('',(-0.975,-0.54,2.61988895490287E-16));
#9657=CARTESIAN_POINT('',(-0.975,0.083000000000002,6.17493081521061E-16));
#9658=VECTOR('',#12269,1.0);
#9659=CARTESIAN_POINT('',(-1.305,-0.54,-7.44811036992624E-17));
#9660=CARTESIAN_POINT('',(-0.765,-0.54,-7.44811036992624E-17));
#9661=VECTOR('',#12270,1.0);
#9662=CARTESIAN_POINT('',(-1.355,-0.49,3.93251544149867E-17));
#9663=AXIS2_PLACEMENT_3D('',#12271,#12272,#12273);
#9664=CARTESIAN_POINT('',(-1.355,-0.35,8.12784587773778E-17));
#9665=CARTESIAN_POINT('',(-1.355,-0.590000000000001,0.0));
#9666=VECTOR('',#12274,1.0);
#9667=CARTESIAN_POINT('',(-1.105,-0.35,3.19652604818749E-16));
#9668=CARTESIAN_POINT('',(-1.105,-0.35,8.12784587773778E-17));
#9669=VECTOR('',#12275,1.0);
#9670=CARTESIAN_POINT('',(-0.855,-0.0999999999999999,1.55456244096389E-16));
#9671=AXIS2_PLACEMENT_3D('',#12276,#12277,#12278);
#9672=CARTESIAN_POINT('',(-0.855,0.0999999999999999,6.3014449141585E-17));
#9673=CARTESIAN_POINT('',(-0.855,0.0999999999999999,2.27210809863945E-16));
#9674=VECTOR('',#12279,1.0);
#9675=CARTESIAN_POINT('',(-1.105,0.35,3.01388595182956E-16));
#9676=AXIS2_PLACEMENT_3D('',#12280,#12281,#12282);
#9677=CARTESIAN_POINT('',(-1.355,0.35,3.01388595182956E-16));
#9678=CARTESIAN_POINT('',(-1.355,0.35,3.01388595182956E-16));
#9679=VECTOR('',#12283,1.0);
#9680=CARTESIAN_POINT('',(-1.355,0.49,4.24711667681851E-16));
#9681=CARTESIAN_POINT('',(-1.355,-0.590000000000001,0.0));
#9682=VECTOR('',#12284,1.0);
#9683=CARTESIAN_POINT('',(-1.305,0.54,5.42101086242752E-17));
#9684=AXIS2_PLACEMENT_3D('',#12285,#12286,#12287);
#9685=CARTESIAN_POINT('',(-0.975,0.54,5.42101086242752E-17));
#9686=CARTESIAN_POINT('',(-0.765,0.54,5.42101086242752E-17));
#9687=VECTOR('',#12288,1.0);
#9688=CARTESIAN_POINT('',(-0.975,0.583431457505076,2.49120295900961E-16));
#9689=CARTESIAN_POINT('',(-0.975,-0.083000000000002,6.17493081521061E-16));
#9690=VECTOR('',#12289,1.0);
#9691=CARTESIAN_POINT('',(-0.825000000000001,0.583431457505076,2.35567768744892E-16));
#9692=CARTESIAN_POINT('',(-2.31,0.583431457505076,4.65645310932041E-16));
#9693=VECTOR('',#12290,1.0);
#9694=CARTESIAN_POINT('',(-0.825000000000001,0.54,5.42101086242752E-17));
#9695=CARTESIAN_POINT('',(-0.825000000000001,-0.083000000000002,6.12288911093131E-16));
#9696=VECTOR('',#12291,1.0);
#9697=CARTESIAN_POINT('',(-0.765,0.54,5.42101086242752E-17));
#9698=CARTESIAN_POINT('',(-0.765,0.54,5.42101086242752E-17));
#9699=VECTOR('',#12292,1.0);
#9700=CARTESIAN_POINT('',(-0.765,0.54,7.44811036992624E-17));
#9701=VECTOR('',#12293,1.0);
#9702=CARTESIAN_POINT('',(-0.575,0.78,1.38777878078145E-17));
#9703=CARTESIAN_POINT('',(-0.575,0.35,1.38777878078145E-17));
#9704=VECTOR('',#12294,1.0);
#9705=CARTESIAN_POINT('',(-0.475,0.78,1.38777878078145E-17));
#9706=CARTESIAN_POINT('',(-0.475,0.78,1.38777878078145E-17));
#9707=VECTOR('',#12295,1.0);
#9708=CARTESIAN_POINT('',(-0.475,0.35,1.38777878078145E-17));
#9709=VECTOR('',#12296,1.0);
#9710=CARTESIAN_POINT('',(-0.225,0.78,1.38777878078145E-17));
#9711=CARTESIAN_POINT('',(-0.225,0.35,1.38777878078145E-17));
#9712=VECTOR('',#12297,1.0);
#9713=CARTESIAN_POINT('',(-0.125,0.78,1.38777878078145E-17));
#9714=CARTESIAN_POINT('',(-0.125,0.78,1.38777878078145E-17));
#9715=VECTOR('',#12298,1.0);
#9716=CARTESIAN_POINT('',(-0.125,0.35,1.38777878078145E-17));
#9717=VECTOR('',#12299,1.0);
#9718=CARTESIAN_POINT('',(0.125,0.78,1.38777878078145E-17));
#9719=CARTESIAN_POINT('',(0.125,0.35,1.38777878078145E-17));
#9720=VECTOR('',#12300,1.0);
#9721=CARTESIAN_POINT('',(0.225,0.78,1.38777878078145E-17));
#9722=CARTESIAN_POINT('',(0.225,0.78,1.38777878078145E-17));
#9723=VECTOR('',#12301,1.0);
#9724=CARTESIAN_POINT('',(0.225,0.35,1.38777878078145E-17));
#9725=VECTOR('',#12302,1.0);
#9726=CARTESIAN_POINT('',(0.475,0.78,1.38777878078145E-17));
#9727=CARTESIAN_POINT('',(0.475,0.35,1.38777878078145E-17));
#9728=VECTOR('',#12303,1.0);
#9729=CARTESIAN_POINT('',(0.575,0.78,1.38777878078145E-17));
#9730=CARTESIAN_POINT('',(0.575,0.78,1.38777878078145E-17));
#9731=VECTOR('',#12304,1.0);
#9732=CARTESIAN_POINT('',(0.575,0.590000000000001,4.64036822096838E-16));
#9733=CARTESIAN_POINT('',(0.575,0.35,1.38777878078145E-17));
#9734=VECTOR('',#12305,1.0);
#9735=CARTESIAN_POINT('',(0.765,0.590000000000001,1.36888653421193E-16));
#9736=CARTESIAN_POINT('',(1.355,0.590000000000001,4.64036822096838E-16));
#9737=VECTOR('',#12306,1.0);
#9738=CARTESIAN_POINT('',(0.765,0.54,1.0842021724855E-16));
#9739=CARTESIAN_POINT('',(0.765,0.54,1.2999225493052E-16));
#9740=VECTOR('',#12307,1.0);
#9741=CARTESIAN_POINT('',(0.825000000000001,0.54,1.0842021724855E-16));
#9742=CARTESIAN_POINT('',(0.765,0.54,1.0842021724855E-16));
#9743=VECTOR('',#12308,1.0);
#9744=CARTESIAN_POINT('',(0.825000000000001,0.583431457505076,2.43945488809238E-16));
#9745=CARTESIAN_POINT('',(0.825000000000001,-0.083000000000002,6.12288911093131E-16));
#9746=VECTOR('',#12309,1.0);
#9747=CARTESIAN_POINT('',(0.975,0.583431457505076,2.43945488809238E-16));
#9748=CARTESIAN_POINT('',(2.31,0.583431457505076,4.65645310932041E-16));
#9749=VECTOR('',#12310,1.0);
#9750=CARTESIAN_POINT('',(0.975,0.54,1.0842021724855E-16));
#9751=CARTESIAN_POINT('',(0.975,-0.083000000000002,6.17493081521061E-16));
#9752=VECTOR('',#12311,1.0);
#9753=CARTESIAN_POINT('',(1.305,0.54,1.0842021724855E-16));
#9754=CARTESIAN_POINT('',(0.765,0.54,1.0842021724855E-16));
#9755=VECTOR('',#12312,1.0);
#9756=CARTESIAN_POINT('',(1.355,0.49,4.24711667681851E-16));
#9757=AXIS2_PLACEMENT_3D('',#12313,#12314,#12315);
#9758=CARTESIAN_POINT('',(1.355,0.35,3.01388595182956E-16));
#9759=CARTESIAN_POINT('',(1.355,-0.590000000000001,0.0));
#9760=VECTOR('',#12316,1.0);
#9761=CARTESIAN_POINT('',(1.105,0.35,3.41039117791846E-16));
#9762=CARTESIAN_POINT('',(1.105,0.35,3.01388595182956E-16));
#9763=VECTOR('',#12317,1.0);
#9764=CARTESIAN_POINT('',(0.855,0.0999999999999999,2.34106552926361E-16));
#9765=AXIS2_PLACEMENT_3D('',#12318,#12319,#12320);
#9766=CARTESIAN_POINT('',(0.855,-0.0999999999999999,1.48560501033973E-16));
#9767=CARTESIAN_POINT('',(0.855,-0.0999999999999999,1.55456244096389E-16));
#9768=VECTOR('',#12321,1.0);
#9769=CARTESIAN_POINT('',(1.105,-0.35,8.12784587773778E-17));
#9770=AXIS2_PLACEMENT_3D('',#12322,#12323,#12324);
#9771=CARTESIAN_POINT('',(1.355,-0.35,8.12784587773778E-17));
#9772=CARTESIAN_POINT('',(1.355,-0.35,8.12784587773778E-17));
#9773=VECTOR('',#12325,1.0);
#9774=CARTESIAN_POINT('',(1.355,-0.49,3.93251544149868E-17));
#9775=CARTESIAN_POINT('',(1.355,-0.590000000000001,0.0));
#9776=VECTOR('',#12326,1.0);
#9777=CARTESIAN_POINT('',(1.305,-0.54,-1.89699524680046E-17));
#9778=AXIS2_PLACEMENT_3D('',#12327,#12328,#12329);
#9779=CARTESIAN_POINT('',(0.975,-0.54,2.61988895490287E-16));
#9780=CARTESIAN_POINT('',(0.765,-0.54,-1.89699524680046E-17));
#9781=VECTOR('',#12330,1.0);
#9782=CARTESIAN_POINT('',(0.975,-0.583431457505077,2.49120295900961E-16));
#9783=CARTESIAN_POINT('',(0.975,0.083000000000002,6.17493081521061E-16));
#9784=VECTOR('',#12331,1.0);
#9785=CARTESIAN_POINT('',(0.825000000000001,-0.583431457505077,2.35567768744892E-16));
#9786=CARTESIAN_POINT('',(2.31,-0.583431457505077,8.6931395303668E-18));
#9787=VECTOR('',#12332,1.0);
#9788=CARTESIAN_POINT('',(0.825000000000001,-0.54,2.56784725062356E-16));
#9789=CARTESIAN_POINT('',(0.825000000000001,0.083000000000002,6.12288911093131E-16));
#9790=VECTOR('',#12333,1.0);
#9791=CARTESIAN_POINT('',(0.765,-0.54,-1.89699524680046E-17));
#9792=CARTESIAN_POINT('',(0.765,-0.54,-1.89699524680046E-17));
#9793=VECTOR('',#12334,1.0);
#9794=CARTESIAN_POINT('',(0.765,-0.590000000000001,-2.58663509586772E-17));
#9795=CARTESIAN_POINT('',(0.765,-0.629999999999999,-3.13834697512149E-17));
#9796=VECTOR('',#12335,1.0);
#9797=CARTESIAN_POINT('',(0.575,-0.590000000000001,0.0));
#9798=CARTESIAN_POINT('',(1.355,-0.590000000000001,0.0));
#9799=VECTOR('',#12336,1.0);
#9800=CARTESIAN_POINT('',(0.575,-0.78,-1.22464679914735E-18));
#9801=CARTESIAN_POINT('',(0.575,-0.78,1.38777878078145E-17));
#9802=VECTOR('',#12337,1.0);
#9803=CARTESIAN_POINT('',(0.475,-0.78,-1.22464679914735E-18));
#9804=CARTESIAN_POINT('',(0.575,-0.78,-1.22464679914735E-18));
#9805=VECTOR('',#12338,1.0);
#9806=CARTESIAN_POINT('',(0.475,-0.78,1.38777878078145E-17));
#9807=VECTOR('',#12339,1.0);
#9808=CARTESIAN_POINT('',(-0.785,-0.61,0.350000000000001));
#9809=CARTESIAN_POINT('',(-0.785,-0.61,0.125000000000001));
#9810=CARTESIAN_POINT('',(-0.785,-0.61,0.44));
#9811=VECTOR('',#12340,1.0);
#9812=CARTESIAN_POINT('',(-1.225,-0.61,0.350000000000001));
#9813=CARTESIAN_POINT('',(-0.785,-0.61,0.350000000000001));
#9814=VECTOR('',#12341,1.0);
#9815=CARTESIAN_POINT('',(-1.225,-0.61,0.1));
#9816=CARTESIAN_POINT('',(-1.225,-0.61,0.44));
#9817=VECTOR('',#12342,1.0);
#9818=CARTESIAN_POINT('',(-0.975,-0.61,0.1));
#9819=CARTESIAN_POINT('',(-0.975,-0.61,0.1));
#9820=VECTOR('',#12343,1.0);
#9821=CARTESIAN_POINT('',(-0.975,-0.61,0.0700000000000005));
#9822=CARTESIAN_POINT('',(-0.975,-0.61,2.22044604925031E-16));
#9823=VECTOR('',#12344,1.0);
#9824=CARTESIAN_POINT('',(-0.825000000000001,-0.61,0.0700000000000005));
#9825=CARTESIAN_POINT('',(-2.31,-0.61,0.0700000000000005));
#9826=VECTOR('',#12345,1.0);
#9827=CARTESIAN_POINT('',(-0.825000000000001,-0.61,0.0850000000000003));
#9828=CARTESIAN_POINT('',(-0.825000000000001,-0.61,0.0850000000000003));
#9829=VECTOR('',#12346,1.0);
#9830=CARTESIAN_POINT('',(-0.785,-0.61,0.125000000000001));
#9831=VECTOR('',#12347,1.0);
#9832=CARTESIAN_POINT('',(-1.305,0.54,0.18));
#9833=CARTESIAN_POINT('',(-1.305,0.54,0.18));
#9834=VECTOR('',#12348,1.0);
#9835=CARTESIAN_POINT('',(-1.275,0.54,0.18));
#9836=VECTOR('',#12349,1.0);
#9837=CARTESIAN_POINT('',(-1.225,0.54,0.38));
#9838=CARTESIAN_POINT('',(-0.765,0.54,0.38));
#9839=VECTOR('',#12350,1.0);
#9840=CARTESIAN_POINT('',(-1.225,0.54,0.1));
#9841=CARTESIAN_POINT('',(-1.225,0.54,0.38));
#9842=VECTOR('',#12351,1.0);
#9843=CARTESIAN_POINT('',(-0.975,0.54,0.1));
#9844=CARTESIAN_POINT('',(-0.975,0.54,0.1));
#9845=VECTOR('',#12352,1.0);
#9846=CARTESIAN_POINT('',(-0.975,0.54,2.61988895490287E-16));
#9847=VECTOR('',#12353,1.0);
#9848=CARTESIAN_POINT('',(-1.305,-0.54,0.18));
#9849=CARTESIAN_POINT('',(-1.275,-0.54,0.18));
#9850=VECTOR('',#12354,1.0);
#9851=CARTESIAN_POINT('',(-1.305,-0.54,-8.27417447423148E-17));
#9852=VECTOR('',#12355,1.0);
#9853=CARTESIAN_POINT('',(-0.975,-0.54,0.1));
#9854=CARTESIAN_POINT('',(-0.975,-0.54,2.61988895490287E-16));
#9855=VECTOR('',#12356,1.0);
#9856=CARTESIAN_POINT('',(-1.225,-0.54,0.1));
#9857=CARTESIAN_POINT('',(-0.975,-0.54,0.1));
#9858=VECTOR('',#12357,1.0);
#9859=CARTESIAN_POINT('',(-1.225,-0.54,0.38));
#9860=CARTESIAN_POINT('',(-1.225,-0.54,-5.55111512312553E-17));
#9861=VECTOR('',#12358,1.0);
#9862=CARTESIAN_POINT('',(-0.765,-0.54,0.38));
#9863=VECTOR('',#12359,1.0);
#9864=CARTESIAN_POINT('',(-0.785,-0.54,0.125000000000001));
#9865=CARTESIAN_POINT('',(-0.825000000000001,-0.54,0.0850000000000003));
#9866=CARTESIAN_POINT('',(-0.785,-0.54,0.125000000000001));
#9867=VECTOR('',#12360,1.0);
#9868=CARTESIAN_POINT('',(-0.825000000000001,-0.54,0.0850000000000003));
#9869=VECTOR('',#12361,1.0);
#9870=CARTESIAN_POINT('',(-0.765,-0.54,0.38));
#9871=CARTESIAN_POINT('',(-0.765,-0.54,-5.55111512312578E-17));
#9872=VECTOR('',#12362,1.0);
#9873=CARTESIAN_POINT('',(-0.785,-0.54,0.38));
#9874=CARTESIAN_POINT('',(-0.765,-0.54,0.38));
#9875=VECTOR('',#12363,1.0);
#9876=CARTESIAN_POINT('',(-0.785,-0.54,-5.55111512312578E-17));
#9877=VECTOR('',#12364,1.0);
#9878=CARTESIAN_POINT('',(-0.765,-0.54,0.38));
#9879=VECTOR('',#12365,1.0);
#9880=CARTESIAN_POINT('',(-0.785000000000001,-0.375147186257614,0.38));
#9881=CARTESIAN_POINT('',(-0.785000000000001,-0.350000000000001,0.38));
#9882=VECTOR('',#12366,1.0);
#9883=CARTESIAN_POINT('',(-0.785000000000001,-0.350000000000001,0.38));
#9884=VECTOR('',#12367,1.0);
#9885=CARTESIAN_POINT('',(-1.225,-0.52,0.38));
#9886=CARTESIAN_POINT('',(-1.22500000000001,0.349999999999976,0.38));
#9887=VECTOR('',#12368,1.0);
#9888=CARTESIAN_POINT('',(-1.255,-0.49,0.38));
#9889=AXIS2_PLACEMENT_3D('',#12369,#12370,#12371);
#9890=CARTESIAN_POINT('',(1.355,-0.49,0.38));
#9891=VECTOR('',#12372,1.0);
#9892=CARTESIAN_POINT('',(-1.255,0.49,0.38));
#9893=CARTESIAN_POINT('',(1.355,0.49,0.38));
#9894=VECTOR('',#12373,1.0);
#9895=CARTESIAN_POINT('',(-1.225,0.52,0.38));
#9896=AXIS2_PLACEMENT_3D('',#12374,#12375,#12376);
#9897=CARTESIAN_POINT('',(-1.225,0.350000000000001,0.38));
#9898=VECTOR('',#12377,1.0);
#9899=CARTESIAN_POINT('',(-0.785000000000001,0.375147186257614,0.38));
#9900=CARTESIAN_POINT('',(-0.785000000000001,0.35055728090001,0.38));
#9901=CARTESIAN_POINT('',(-0.785000000000001,0.4,0.38));
#9902=VECTOR('',#12378,1.0);
#9903=CARTESIAN_POINT('',(-0.765,0.35055728090001,0.38));
#9904=CARTESIAN_POINT('',(-0.785000000000001,0.35055728090001,0.38));
#9905=VECTOR('',#12379,1.0);
#9906=CARTESIAN_POINT('',(-0.765,0.54,0.38));
#9907=CARTESIAN_POINT('',(-0.765,-0.54,0.38));
#9908=VECTOR('',#12380,1.0);
#9909=CARTESIAN_POINT('',(-0.785,0.54,0.38));
#9910=CARTESIAN_POINT('',(-0.765,0.54,0.38));
#9911=VECTOR('',#12381,1.0);
#9912=CARTESIAN_POINT('',(-0.785000000000001,0.4,0.38));
#9913=VECTOR('',#12382,1.0);
#9914=CARTESIAN_POINT('',(-0.785000000000001,0.350000000000001,0.28));
#9915=CARTESIAN_POINT('',(-0.785000000000001,0.350000000000001,0.37));
#9916=CARTESIAN_POINT('',(-0.785000000000001,0.350000000000001,0.28));
#9917=VECTOR('',#12383,1.0);
#9918=AXIS2_PLACEMENT_3D('',#12384,#12385,#12386);
#9919=CARTESIAN_POINT('',(-0.785,0.37,0.350000000000001));
#9920=AXIS2_PLACEMENT_3D('',#12387,#12388,#12389);
#9921=CARTESIAN_POINT('',(-0.785000000000001,0.37,0.28));
#9922=CARTESIAN_POINT('',(-0.785,0.37,0.44));
#9923=VECTOR('',#12390,1.0);
#9924=CARTESIAN_POINT('',(-0.785000000000001,0.4,0.28));
#9925=VECTOR('',#12391,1.0);
#9926=CARTESIAN_POINT('',(-1.355,0.109999999999997,0.18));
#9927=CARTESIAN_POINT('',(-1.355,0.49,0.18));
#9928=CARTESIAN_POINT('',(-1.355,0.109999999999997,0.18));
#9929=VECTOR('',#12392,1.0);
#9930=CARTESIAN_POINT('',(-1.355,0.49,5.42101086242752E-17));
#9931=VECTOR('',#12393,1.0);
#9932=CARTESIAN_POINT('',(-1.355,0.35,0.0500000000000003));
#9933=CARTESIAN_POINT('',(-1.355,0.35,0.0500000000000003));
#9934=VECTOR('',#12394,1.0);
#9935=CARTESIAN_POINT('',(-1.355,0.109999999999997,0.0500000000000001));
#9936=CARTESIAN_POINT('',(-1.355,-0.35,0.0500000000000001));
#9937=VECTOR('',#12395,1.0);
#9938=CARTESIAN_POINT('',(-1.355,0.109999999999997,1.66533453693773E-16));
#9939=VECTOR('',#12396,1.0);
#9940=CARTESIAN_POINT('',(-1.355,-0.35,0.0500000000000001));
#9941=CARTESIAN_POINT('',(-1.355,-0.109999999999997,0.0500000000000001));
#9942=CARTESIAN_POINT('',(-1.355,-0.35,0.0500000000000001));
#9943=VECTOR('',#12397,1.0);
#9944=CARTESIAN_POINT('',(-1.105,-0.109999999999997,0.0500000000000001));
#9945=VECTOR('',#12398,1.0);
#9946=CARTESIAN_POINT('',(-1.105,0.109999999999997,0.0500000000000001));
#9947=VECTOR('',#12399,1.0);
#9948=CARTESIAN_POINT('',(-1.105,0.35,0.0500000000000003));
#9949=CARTESIAN_POINT('',(-1.355,0.35,0.0500000000000003));
#9950=VECTOR('',#12400,1.0);
#9951=CARTESIAN_POINT('',(-0.855,0.0999999999999999,0.0500000000000001));
#9952=AXIS2_PLACEMENT_3D('',#12401,#12402,#12403);
#9953=CARTESIAN_POINT('',(-0.855,-0.0999999999999999,0.0500000000000002));
#9954=CARTESIAN_POINT('',(-0.855,0.0999999999999999,0.0500000000000002));
#9955=VECTOR('',#12404,1.0);
#9956=CARTESIAN_POINT('',(-1.105,-0.35,0.0500000000000003));
#9957=AXIS2_PLACEMENT_3D('',#12405,#12406,#12407);
#9958=CARTESIAN_POINT('',(-1.105,-0.35,0.0500000000000001));
#9959=VECTOR('',#12408,1.0);
#9960=CARTESIAN_POINT('',(-0.785,0.54,0.125000000000001));
#9961=CARTESIAN_POINT('',(-0.825000000000001,0.54,0.0850000000000003));
#9962=CARTESIAN_POINT('',(-0.785,0.54,0.125000000000001));
#9963=VECTOR('',#12409,1.0);
#9964=CARTESIAN_POINT('',(-0.785,0.54,0.38));
#9965=VECTOR('',#12410,1.0);
#9966=CARTESIAN_POINT('',(-0.765,0.54,0.38));
#9967=VECTOR('',#12411,1.0);
#9968=CARTESIAN_POINT('',(-0.825000000000001,0.54,0.0850000000000003));
#9969=VECTOR('',#12412,1.0);
#9970=CARTESIAN_POINT('',(0.395,0.350000000000001,0.43));
#9971=CARTESIAN_POINT('',(0.395,0.350000000000001,0.43));
#9972=VECTOR('',#12413,1.0);
#9973=CARTESIAN_POINT('',(0.305,0.350000000000001,0.43));
#9974=CARTESIAN_POINT('',(0.395,0.350000000000001,0.43));
#9975=VECTOR('',#12414,1.0);
#9976=CARTESIAN_POINT('',(0.305,0.350000000000001,0.43));
#9977=VECTOR('',#12415,1.0);
#9978=CARTESIAN_POINT('',(0.0450000000000002,0.350000000000001,0.43));
#9979=CARTESIAN_POINT('',(0.0450000000000002,0.350000000000001,0.43));
#9980=VECTOR('',#12416,1.0);
#9981=CARTESIAN_POINT('',(-0.0449999999999998,0.350000000000001,0.43));
#9982=CARTESIAN_POINT('',(0.0450000000000002,0.350000000000001,0.43));
#9983=VECTOR('',#12417,1.0);
#9984=CARTESIAN_POINT('',(-0.0449999999999998,0.350000000000001,0.43));
#9985=VECTOR('',#12418,1.0);
#9986=CARTESIAN_POINT('',(-0.305,0.350000000000001,0.43));
#9987=CARTESIAN_POINT('',(-0.305,0.350000000000001,0.43));
#9988=VECTOR('',#12419,1.0);
#9989=CARTESIAN_POINT('',(-0.395,0.350000000000001,0.43));
#9990=CARTESIAN_POINT('',(-0.305,0.350000000000001,0.43));
#9991=VECTOR('',#12420,1.0);
#9992=CARTESIAN_POINT('',(-0.395,0.350000000000001,0.43));
#9993=VECTOR('',#12421,1.0);
#9994=CARTESIAN_POINT('',(-0.655,0.350000000000001,0.43));
#9995=CARTESIAN_POINT('',(-0.655,0.350000000000001,0.43));
#9996=VECTOR('',#12422,1.0);
#9997=CARTESIAN_POINT('',(-0.745,0.350000000000001,0.43));
#9998=CARTESIAN_POINT('',(-0.655,0.350000000000001,0.43));
#9999=VECTOR('',#12423,1.0);
#10000=CARTESIAN_POINT('',(-0.745,0.350000000000001,0.37));
#10001=CARTESIAN_POINT('',(-0.745,0.350000000000001,0.43));
#10002=VECTOR('',#12424,1.0);
#10003=CARTESIAN_POINT('',(1.355,0.350000000000001,0.37));
#10004=VECTOR('',#12425,1.0);
#10005=CARTESIAN_POINT('',(-0.96,0.350000000000001,0.28));
#10006=CARTESIAN_POINT('',(-0.785000000000001,0.350000000000001,0.28));
#10007=VECTOR('',#12426,1.0);
#10008=CARTESIAN_POINT('',(-0.96,0.350000000000001,0.38));
#10009=CARTESIAN_POINT('',(-0.96,0.350000000000001,0.28));
#10010=VECTOR('',#12427,1.0);
#10011=CARTESIAN_POINT('',(-1.005,0.35,0.38));
#10012=CARTESIAN_POINT('',(1.355,0.350000000000001,0.38));
#10013=VECTOR('',#12428,1.0);
#10014=CARTESIAN_POINT('',(-1.005,0.35,0.1));
#10015=CARTESIAN_POINT('',(-1.005,0.35,0.1));
#10016=VECTOR('',#12429,1.0);
#10017=CARTESIAN_POINT('',(1.005,0.35,0.1));
#10018=CARTESIAN_POINT('',(-1.005,0.35,0.1));
#10019=VECTOR('',#12430,1.0);
#10020=CARTESIAN_POINT('',(1.005,0.35,0.38));
#10021=CARTESIAN_POINT('',(1.005,0.35,0.1));
#10022=VECTOR('',#12431,1.0);
#10023=CARTESIAN_POINT('',(0.96,0.350000000000001,0.38));
#10024=CARTESIAN_POINT('',(1.355,0.350000000000001,0.38));
#10025=VECTOR('',#12432,1.0);
#10026=CARTESIAN_POINT('',(0.96,0.350000000000001,0.28));
#10027=CARTESIAN_POINT('',(0.96,0.350000000000001,0.28));
#10028=VECTOR('',#12433,1.0);
#10029=CARTESIAN_POINT('',(0.785000000000001,0.350000000000001,0.28));
#10030=CARTESIAN_POINT('',(0.785000000000001,0.350000000000001,0.28));
#10031=VECTOR('',#12434,1.0);
#10032=CARTESIAN_POINT('',(0.785000000000001,0.350000000000001,0.28));
#10033=VECTOR('',#12435,1.0);
#10034=CARTESIAN_POINT('',(0.745,0.350000000000001,0.43));
#10035=CARTESIAN_POINT('',(0.745,0.350000000000001,0.43));
#10036=VECTOR('',#12436,1.0);
#10037=CARTESIAN_POINT('',(0.655,0.350000000000001,0.43));
#10038=CARTESIAN_POINT('',(0.745,0.350000000000001,0.43));
#10039=VECTOR('',#12437,1.0);
#10040=CARTESIAN_POINT('',(0.655,0.350000000000001,0.43));
#10041=VECTOR('',#12438,1.0);
#10042=CARTESIAN_POINT('',(0.305,-0.350000000000001,0.43));
#10043=CARTESIAN_POINT('',(0.305,-0.350000000000001,0.36));
#10044=VECTOR('',#12439,1.0);
#10045=CARTESIAN_POINT('',(0.395,-0.350000000000001,0.43));
#10046=CARTESIAN_POINT('',(0.395,-0.350000000000001,0.43));
#10047=VECTOR('',#12440,1.0);
#10048=CARTESIAN_POINT('',(0.395,-0.350000000000001,0.36));
#10049=VECTOR('',#12441,1.0);
#10050=CARTESIAN_POINT('',(0.655,-0.350000000000001,0.43));
#10051=CARTESIAN_POINT('',(0.655,-0.350000000000001,0.36));
#10052=VECTOR('',#12442,1.0);
#10053=CARTESIAN_POINT('',(0.745,-0.350000000000001,0.43));
#10054=CARTESIAN_POINT('',(0.745,-0.350000000000001,0.43));
#10055=VECTOR('',#12443,1.0);
#10056=CARTESIAN_POINT('',(0.745,-0.350000000000001,0.37));
#10057=CARTESIAN_POINT('',(0.745,-0.350000000000001,0.36));
#10058=VECTOR('',#12444,1.0);
#10059=CARTESIAN_POINT('',(0.785000000000001,-0.350000000000001,0.37));
#10060=CARTESIAN_POINT('',(1.355,-0.350000000000001,0.37));
#10061=VECTOR('',#12445,1.0);
#10062=CARTESIAN_POINT('',(0.785000000000001,-0.350000000000001,0.28));
#10063=CARTESIAN_POINT('',(0.785000000000001,-0.350000000000001,0.28));
#10064=VECTOR('',#12446,1.0);
#10065=CARTESIAN_POINT('',(0.960000000000001,-0.350000000000001,0.28));
#10066=CARTESIAN_POINT('',(0.96,-0.350000000000001,0.28));
#10067=VECTOR('',#12447,1.0);
#10068=CARTESIAN_POINT('',(0.96,-0.350000000000001,0.38));
#10069=CARTESIAN_POINT('',(0.96,-0.350000000000001,0.28));
#10070=VECTOR('',#12448,1.0);
#10071=CARTESIAN_POINT('',(1.005,-0.35,0.38));
#10072=CARTESIAN_POINT('',(1.355,-0.350000000000001,0.38));
#10073=VECTOR('',#12449,1.0);
#10074=CARTESIAN_POINT('',(1.005,-0.35,0.1));
#10075=CARTESIAN_POINT('',(1.005,-0.35,0.1));
#10076=VECTOR('',#12450,1.0);
#10077=CARTESIAN_POINT('',(-1.005,-0.35,0.1));
#10078=CARTESIAN_POINT('',(1.005,-0.35,0.1));
#10079=VECTOR('',#12451,1.0);
#10080=CARTESIAN_POINT('',(-1.005,-0.35,0.38));
#10081=CARTESIAN_POINT('',(-1.005,-0.35,0.1));
#10082=VECTOR('',#12452,1.0);
#10083=CARTESIAN_POINT('',(-0.96,-0.350000000000001,0.38));
#10084=CARTESIAN_POINT('',(1.355,-0.350000000000001,0.38));
#10085=VECTOR('',#12453,1.0);
#10086=CARTESIAN_POINT('',(-0.96,-0.350000000000001,0.28));
#10087=CARTESIAN_POINT('',(-0.96,-0.350000000000001,0.28));
#10088=VECTOR('',#12454,1.0);
#10089=CARTESIAN_POINT('',(-0.785000000000001,-0.350000000000001,0.28));
#10090=CARTESIAN_POINT('',(-0.96,-0.350000000000001,0.28));
#10091=VECTOR('',#12455,1.0);
#10092=CARTESIAN_POINT('',(-0.785000000000001,-0.350000000000001,0.28));
#10093=VECTOR('',#12456,1.0);
#10094=CARTESIAN_POINT('',(-0.745,-0.350000000000001,0.43));
#10095=CARTESIAN_POINT('',(-0.745,-0.350000000000001,0.36));
#10096=VECTOR('',#12457,1.0);
#10097=CARTESIAN_POINT('',(-0.655,-0.350000000000001,0.43));
#10098=CARTESIAN_POINT('',(-0.655,-0.350000000000001,0.43));
#10099=VECTOR('',#12458,1.0);
#10100=CARTESIAN_POINT('',(-0.655,-0.350000000000001,0.36));
#10101=VECTOR('',#12459,1.0);
#10102=CARTESIAN_POINT('',(-0.395,-0.350000000000001,0.43));
#10103=CARTESIAN_POINT('',(-0.395,-0.350000000000001,0.36));
#10104=VECTOR('',#12460,1.0);
#10105=CARTESIAN_POINT('',(-0.305,-0.350000000000001,0.43));
#10106=CARTESIAN_POINT('',(-0.305,-0.350000000000001,0.43));
#10107=VECTOR('',#12461,1.0);
#10108=CARTESIAN_POINT('',(-0.305,-0.350000000000001,0.36));
#10109=VECTOR('',#12462,1.0);
#10110=CARTESIAN_POINT('',(-0.0449999999999998,-0.350000000000001,0.43));
#10111=CARTESIAN_POINT('',(-0.0449999999999998,-0.350000000000001,0.36));
#10112=VECTOR('',#12463,1.0);
#10113=CARTESIAN_POINT('',(0.0450000000000002,-0.350000000000001,0.43));
#10114=CARTESIAN_POINT('',(0.0450000000000002,-0.350000000000001,0.43));
#10115=VECTOR('',#12464,1.0);
#10116=CARTESIAN_POINT('',(0.0450000000000002,-0.350000000000001,0.36));
#10117=VECTOR('',#12465,1.0);
#10118=CARTESIAN_POINT('',(-0.285,-0.629999999999999,0.29));
#10119=VECTOR('',#12466,1.0);
#10120=CARTESIAN_POINT('',(-0.415,-0.629999999999999,0.14));
#10121=CARTESIAN_POINT('',(-0.415,-0.63,0.370000000000004));
#10122=VECTOR('',#12467,1.0);
#10123=CARTESIAN_POINT('',(-0.635,-0.629999999999999,0.14));
#10124=CARTESIAN_POINT('',(-0.635,-0.629999999999999,0.14));
#10125=VECTOR('',#12468,1.0);
#10126=CARTESIAN_POINT('',(-0.635,-0.63,0.370000000000004));
#10127=VECTOR('',#12469,1.0);
#10128=CARTESIAN_POINT('',(-0.765,-0.63,0.46));
#10129=VECTOR('',#12470,1.0);
#10130=CARTESIAN_POINT('',(-0.575,-0.630000000000002,0.0599999999999878));
#10131=CARTESIAN_POINT('',(-0.574999999999892,-0.630000000000002,0.0599999999998798));
#10132=VECTOR('',#12471,1.0);
#10133=CARTESIAN_POINT('',(-0.475,-0.630000000000002,0.0600000000000001));
#10134=CARTESIAN_POINT('',(-0.474999999999999,-0.630000000000002,0.0599999999999878));
#10135=VECTOR('',#12472,1.0);
#10136=CARTESIAN_POINT('',(-0.435000000000107,-0.630000000000002,0.0999999999998797));
#10137=VECTOR('',#12473,1.0);
#10138=CARTESIAN_POINT('',(-0.225,-0.630000000000002,0.0599999999999878));
#10139=CARTESIAN_POINT('',(-0.224999999999892,-0.630000000000002,0.0599999999998798));
#10140=VECTOR('',#12474,1.0);
#10141=CARTESIAN_POINT('',(-0.125,-0.630000000000002,0.0600000000000001));
#10142=CARTESIAN_POINT('',(-0.124999999999999,-0.630000000000002,0.0599999999999878));
#10143=VECTOR('',#12475,1.0);
#10144=CARTESIAN_POINT('',(-0.0850000000001074,-0.630000000000002,0.0999999999998797));
#10145=VECTOR('',#12476,1.0);
#10146=CARTESIAN_POINT('',(0.125,-0.630000000000002,0.0599999999999878));
#10147=CARTESIAN_POINT('',(0.125000000000108,-0.630000000000002,0.0599999999998798));
#10148=VECTOR('',#12477,1.0);
#10149=CARTESIAN_POINT('',(0.225,-0.630000000000002,0.0600000000000001));
#10150=CARTESIAN_POINT('',(0.225000000000001,-0.630000000000002,0.0599999999999878));
#10151=VECTOR('',#12478,1.0);
#10152=CARTESIAN_POINT('',(0.264999999999893,-0.630000000000002,0.0999999999998797));
#10153=VECTOR('',#12479,1.0);
#10154=CARTESIAN_POINT('',(0.475,-0.630000000000002,0.0599999999999878));
#10155=CARTESIAN_POINT('',(0.475000000000108,-0.630000000000002,0.0599999999998798));
#10156=VECTOR('',#12480,1.0);
#10157=CARTESIAN_POINT('',(0.575000000000001,-0.630000000000002,0.0599999999999878));
#10158=CARTESIAN_POINT('',(0.575000000000001,-0.630000000000002,0.0599999999999878));
#10159=VECTOR('',#12481,1.0);
#10160=CARTESIAN_POINT('',(0.615000000000001,-0.630000000000002,0.0999999999999878));
#10161=CARTESIAN_POINT('',(0.614999999999893,-0.630000000000002,0.0999999999998797));
#10162=VECTOR('',#12482,1.0);
#10163=CARTESIAN_POINT('',(0.765,-0.629999999999999,0.0999999999999976));
#10164=CARTESIAN_POINT('',(1.355,-0.630000000000001,0.1));
#10165=VECTOR('',#12483,1.0);
#10166=CARTESIAN_POINT('',(0.765,-0.63,0.235));
#10167=CARTESIAN_POINT('',(0.765,-0.63,0.46));
#10168=VECTOR('',#12484,1.0);
#10169=CARTESIAN_POINT('',(0.635,-0.63,0.235));
#10170=CARTESIAN_POINT('',(1.355,-0.63,0.235));
#10171=VECTOR('',#12485,1.0);
#10172=CARTESIAN_POINT('',(0.635,-0.63,0.370000000000004));
#10173=VECTOR('',#12486,1.0);
#10174=CARTESIAN_POINT('',(0.415,-0.63,0.370000000000004));
#10175=VECTOR('',#12487,1.0);
#10176=CARTESIAN_POINT('',(-0.285,0.629999999999999,0.29));
#10177=VECTOR('',#12488,1.0);
#10178=CARTESIAN_POINT('',(0.415,0.629999999999999,0.14));
#10179=CARTESIAN_POINT('',(0.415,0.629999999999999,0.14));
#10180=VECTOR('',#12489,1.0);
#10181=CARTESIAN_POINT('',(0.635,0.629999999999999,0.14));
#10182=CARTESIAN_POINT('',(0.635,0.629999999999999,0.14));
#10183=VECTOR('',#12490,1.0);
#10184=CARTESIAN_POINT('',(0.635,0.63,0.235));
#10185=CARTESIAN_POINT('',(0.635,0.629999999999999,0.14));
#10186=VECTOR('',#12491,1.0);
#10187=CARTESIAN_POINT('',(0.765,0.63,0.235));
#10188=CARTESIAN_POINT('',(1.355,0.63,0.235));
#10189=VECTOR('',#12492,1.0);
#10190=CARTESIAN_POINT('',(0.765,0.629999999999999,0.0999999999999974));
#10191=CARTESIAN_POINT('',(0.765,0.629999999999999,1.66533453693773E-16));
#10192=VECTOR('',#12493,1.0);
#10193=CARTESIAN_POINT('',(0.615000000000001,0.630000000000001,0.0999999999999999));
#10194=CARTESIAN_POINT('',(1.355,0.630000000000001,0.1));
#10195=VECTOR('',#12494,1.0);
#10196=CARTESIAN_POINT('',(0.615000000000001,0.630000000000001,0.0999999999999999));
#10197=VECTOR('',#12495,1.0);
#10198=CARTESIAN_POINT('',(0.475,0.630000000000003,0.06));
#10199=VECTOR('',#12496,1.0);
#10200=CARTESIAN_POINT('',(0.265000000000001,0.630000000000001,0.0999999999999999));
#10201=VECTOR('',#12497,1.0);
#10202=CARTESIAN_POINT('',(0.125,0.630000000000003,0.06));
#10203=VECTOR('',#12498,1.0);
#10204=CARTESIAN_POINT('',(-0.0849999999999994,0.630000000000001,0.0999999999999999));
#10205=VECTOR('',#12499,1.0);
#10206=CARTESIAN_POINT('',(-0.225,0.630000000000003,0.06));
#10207=VECTOR('',#12500,1.0);
#10208=CARTESIAN_POINT('',(-0.434999999999999,0.630000000000001,0.0999999999999999));
#10209=VECTOR('',#12501,1.0);
#10210=CARTESIAN_POINT('',(-0.575,0.630000000000003,0.06));
#10211=VECTOR('',#12502,1.0);
#10212=CARTESIAN_POINT('',(-0.765,0.629999999999999,1.11022302462516E-16));
#10213=VECTOR('',#12503,1.0);
#10214=CARTESIAN_POINT('',(-0.635,0.629999999999999,0.14));
#10215=VECTOR('',#12504,1.0);
#10216=CARTESIAN_POINT('',(-0.415,0.629999999999999,0.14));
#10217=VECTOR('',#12505,1.0);
#10218=CARTESIAN_POINT('',(1.275,-0.09,0.200000000000001));
#10219=CARTESIAN_POINT('',(1.275,-0.49,0.200000000000001));
#10220=CARTESIAN_POINT('',(1.275,-0.49,0.200000000000001));
#10221=VECTOR('',#12506,1.0);
#10222=CARTESIAN_POINT('',(1.275,-0.49,0.38));
#10223=CARTESIAN_POINT('',(1.275,-0.49,0.0));
#10224=VECTOR('',#12507,1.0);
#10225=CARTESIAN_POINT('',(1.275,-0.54,0.38));
#10226=CARTESIAN_POINT('',(1.275,0.54,0.38));
#10227=VECTOR('',#12508,1.0);
#10228=CARTESIAN_POINT('',(1.275,-0.54,0.18));
#10229=CARTESIAN_POINT('',(1.275,-0.54,0.38));
#10230=VECTOR('',#12509,1.0);
#10231=CARTESIAN_POINT('',(1.275,-0.109999999999997,0.18));
#10232=CARTESIAN_POINT('',(1.275,-0.54,0.18));
#10233=VECTOR('',#12510,1.0);
#10234=CARTESIAN_POINT('',(1.275,-0.109999999999997,0.0500000000000001));
#10235=CARTESIAN_POINT('',(1.275,-0.109999999999997,0.18));
#10236=VECTOR('',#12511,1.0);
#10237=CARTESIAN_POINT('',(1.275,0.109999999999997,0.0500000000000002));
#10238=CARTESIAN_POINT('',(1.275,0.0999999999999998,0.0500000000000002));
#10239=VECTOR('',#12512,1.0);
#10240=CARTESIAN_POINT('',(1.275,0.109999999999997,0.18));
#10241=CARTESIAN_POINT('',(1.275,0.109999999999997,1.66533453693773E-16));
#10242=VECTOR('',#12513,1.0);
#10243=CARTESIAN_POINT('',(1.275,0.54,0.18));
#10244=CARTESIAN_POINT('',(1.275,0.109999999999997,0.18));
#10245=VECTOR('',#12514,1.0);
#10246=CARTESIAN_POINT('',(1.275,0.54,0.38));
#10247=CARTESIAN_POINT('',(1.275,0.54,0.18));
#10248=VECTOR('',#12515,1.0);
#10249=CARTESIAN_POINT('',(1.275,0.49,0.38));
#10250=CARTESIAN_POINT('',(1.275,0.54,0.38));
#10251=VECTOR('',#12516,1.0);
#10252=CARTESIAN_POINT('',(1.275,0.49,0.200000000000001));
#10253=CARTESIAN_POINT('',(1.275,0.49,0.0));
#10254=VECTOR('',#12517,1.0);
#10255=CARTESIAN_POINT('',(1.275,0.09,0.200000000000001));
#10256=CARTESIAN_POINT('',(1.275,0.09,0.200000000000001));
#10257=VECTOR('',#12518,1.0);
#10258=CARTESIAN_POINT('',(1.275,0.09,0.0700000000000008));
#10259=CARTESIAN_POINT('',(1.275,0.09,0.0700000000000008));
#10260=VECTOR('',#12519,1.0);
#10261=CARTESIAN_POINT('',(1.275,-0.09,0.0700000000000008));
#10262=CARTESIAN_POINT('',(1.275,-0.09,0.0700000000000008));
#10263=VECTOR('',#12520,1.0);
#10264=CARTESIAN_POINT('',(1.275,-0.09,0.200000000000001));
#10265=VECTOR('',#12521,1.0);
#10266=CARTESIAN_POINT('',(1.225,-0.61,0.349999999999999));
#10267=CARTESIAN_POINT('',(1.225,-0.61,0.1));
#10268=CARTESIAN_POINT('',(1.225,-0.61,0.44));
#10269=VECTOR('',#12522,1.0);
#10270=CARTESIAN_POINT('',(0.785,-0.61,0.349999999999999));
#10271=CARTESIAN_POINT('',(0.785,-0.61,0.349999999999999));
#10272=VECTOR('',#12523,1.0);
#10273=CARTESIAN_POINT('',(0.785,-0.61,0.125000000000001));
#10274=CARTESIAN_POINT('',(0.785,-0.61,0.44));
#10275=VECTOR('',#12524,1.0);
#10276=CARTESIAN_POINT('',(0.825000000000001,-0.61,0.0850000000000003));
#10277=CARTESIAN_POINT('',(0.785,-0.61,0.125000000000001));
#10278=VECTOR('',#12525,1.0);
#10279=CARTESIAN_POINT('',(0.825000000000001,-0.61,0.0700000000000005));
#10280=CARTESIAN_POINT('',(0.825000000000001,-0.61,0.0850000000000003));
#10281=VECTOR('',#12526,1.0);
#10282=CARTESIAN_POINT('',(0.975,-0.61,0.0700000000000005));
#10283=CARTESIAN_POINT('',(2.31,-0.61,0.0700000000000005));
#10284=VECTOR('',#12527,1.0);
#10285=CARTESIAN_POINT('',(0.975,-0.61,0.1));
#10286=CARTESIAN_POINT('',(0.975,-0.61,2.22044604925031E-16));
#10287=VECTOR('',#12528,1.0);
#10288=CARTESIAN_POINT('',(0.975,-0.61,0.1));
#10289=VECTOR('',#12529,1.0);
#10290=CARTESIAN_POINT('',(0.785,0.54,0.125000000000001));
#10291=CARTESIAN_POINT('',(0.785,0.54,0.38));
#10292=CARTESIAN_POINT('',(0.785,0.54,0.38));
#10293=VECTOR('',#12530,1.0);
#10294=CARTESIAN_POINT('',(0.825000000000001,0.54,0.0850000000000002));
#10295=CARTESIAN_POINT('',(0.785,0.54,0.125000000000001));
#10296=VECTOR('',#12531,1.0);
#10297=CARTESIAN_POINT('',(0.825000000000001,0.54,0.0850000000000003));
#10298=VECTOR('',#12532,1.0);
#10299=CARTESIAN_POINT('',(0.765,0.54,0.38));
#10300=CARTESIAN_POINT('',(0.765,0.54,0.38));
#10301=VECTOR('',#12533,1.0);
#10302=CARTESIAN_POINT('',(0.765,0.54,0.38));
#10303=VECTOR('',#12534,1.0);
#10304=CARTESIAN_POINT('',(1.305,-0.54,0.18));
#10305=CARTESIAN_POINT('',(1.305,-0.54,0.18));
#10306=VECTOR('',#12535,1.0);
#10307=CARTESIAN_POINT('',(1.275,-0.54,0.18));
#10308=VECTOR('',#12536,1.0);
#10309=CARTESIAN_POINT('',(1.225,-0.54,0.38));
#10310=CARTESIAN_POINT('',(0.765,-0.54,0.38));
#10311=VECTOR('',#12537,1.0);
#10312=CARTESIAN_POINT('',(1.225,-0.54,0.1));
#10313=CARTESIAN_POINT('',(1.225,-0.54,2.52971883685733E-30));
#10314=VECTOR('',#12538,1.0);
#10315=CARTESIAN_POINT('',(0.975,-0.54,0.1));
#10316=CARTESIAN_POINT('',(0.975,-0.54,0.1));
#10317=VECTOR('',#12539,1.0);
#10318=CARTESIAN_POINT('',(0.975,-0.54,2.61988895490287E-16));
#10319=VECTOR('',#12540,1.0);
#10320=CARTESIAN_POINT('',(0.785,-0.54,0.125000000000001));
#10321=CARTESIAN_POINT('',(0.825000000000001,-0.54,0.0850000000000003));
#10322=CARTESIAN_POINT('',(0.785,-0.54,0.125000000000001));
#10323=VECTOR('',#12541,1.0);
#10324=CARTESIAN_POINT('',(0.785,-0.54,0.38));
#10325=CARTESIAN_POINT('',(0.785,-0.54,0.0));
#10326=VECTOR('',#12542,1.0);
#10327=CARTESIAN_POINT('',(0.765,-0.54,0.38));
#10328=CARTESIAN_POINT('',(0.765,-0.54,0.38));
#10329=VECTOR('',#12543,1.0);
#10330=CARTESIAN_POINT('',(0.765,-0.54,0.0));
#10331=VECTOR('',#12544,1.0);
#10332=CARTESIAN_POINT('',(0.825000000000001,-0.54,0.0850000000000003));
#10333=VECTOR('',#12545,1.0);
#10334=CARTESIAN_POINT('',(0.785000000000001,-0.35055728090001,0.38));
#10335=CARTESIAN_POINT('',(0.785000000000001,-0.375147186257615,0.38));
#10336=CARTESIAN_POINT('',(0.785000000000001,-0.350000000000001,0.38));
#10337=VECTOR('',#12546,1.0);
#10338=CARTESIAN_POINT('',(0.765,-0.35055728090001,0.38));
#10339=CARTESIAN_POINT('',(0.785000000000001,-0.35055728090001,0.38));
#10340=VECTOR('',#12547,1.0);
#10341=CARTESIAN_POINT('',(0.765,-0.54,0.38));
#10342=VECTOR('',#12548,1.0);
#10343=CARTESIAN_POINT('',(0.785000000000001,-0.350000000000001,0.38));
#10344=VECTOR('',#12549,1.0);
#10345=CARTESIAN_POINT('',(1.225,-0.52,0.38));
#10346=CARTESIAN_POINT('',(1.22500000000001,0.350000000000002,0.38));
#10347=VECTOR('',#12550,1.0);
#10348=CARTESIAN_POINT('',(1.255,-0.49,0.38));
#10349=CARTESIAN_POINT('',(1.355,-0.49,0.38));
#10350=VECTOR('',#12551,1.0);
#10351=AXIS2_PLACEMENT_3D('',#12552,#12553,#12554);
#10352=CARTESIAN_POINT('',(1.255,0.49,0.38));
#10353=CARTESIAN_POINT('',(1.355,0.49,0.38));
#10354=VECTOR('',#12555,1.0);
#10355=CARTESIAN_POINT('',(1.225,0.54,0.38));
#10356=CARTESIAN_POINT('',(0.765,0.54,0.38));
#10357=VECTOR('',#12556,1.0);
#10358=CARTESIAN_POINT('',(1.225,0.52,0.38));
#10359=CARTESIAN_POINT('',(1.225,0.350000000000001,0.38));
#10360=VECTOR('',#12557,1.0);
#10361=AXIS2_PLACEMENT_3D('',#12558,#12559,#12560);
#10362=CARTESIAN_POINT('',(0.765,-0.54,0.38));
#10363=VECTOR('',#12561,1.0);
#10364=CARTESIAN_POINT('',(0.785000000000001,0.375147186257614,0.38));
#10365=CARTESIAN_POINT('',(0.785000000000001,0.4,0.38));
#10366=VECTOR('',#12562,1.0);
#10367=CARTESIAN_POINT('',(0.785000000000001,0.4,0.38));
#10368=VECTOR('',#12563,1.0);
#10369=CARTESIAN_POINT('',(0.95,0.4,0.38));
#10370=CARTESIAN_POINT('',(0.95,0.43,0.38));
#10371=CARTESIAN_POINT('',(0.95,0.350000000000001,0.38));
#10372=VECTOR('',#12564,1.0);
#10373=CARTESIAN_POINT('',(0.96,0.4,0.38));
#10374=CARTESIAN_POINT('',(0.96,0.4,0.38));
#10375=VECTOR('',#12565,1.0);
#10376=CARTESIAN_POINT('',(0.96,0.350000000000001,0.38));
#10377=VECTOR('',#12566,1.0);
#10378=CARTESIAN_POINT('',(1.005,0.350000000000001,0.38));
#10379=VECTOR('',#12567,1.0);
#10380=CARTESIAN_POINT('',(0.96,-0.4,0.38));
#10381=CARTESIAN_POINT('',(0.96,-0.4,0.38));
#10382=VECTOR('',#12568,1.0);
#10383=CARTESIAN_POINT('',(0.95,-0.4,0.38));
#10384=CARTESIAN_POINT('',(0.785000000000001,-0.4,0.38));
#10385=VECTOR('',#12569,1.0);
#10386=CARTESIAN_POINT('',(0.95,-0.43,0.38));
#10387=CARTESIAN_POINT('',(0.95,0.350000000000001,0.38));
#10388=VECTOR('',#12570,1.0);
#10389=CARTESIAN_POINT('',(0.98,-0.46,0.38));
#10390=AXIS2_PLACEMENT_3D('',#12571,#12572,#12573);
#10391=CARTESIAN_POINT('',(1.035,-0.46,0.38));
#10392=CARTESIAN_POINT('',(1.355,-0.46,0.38));
#10393=VECTOR('',#12574,1.0);
#10394=CARTESIAN_POINT('',(1.065,-0.43,0.38));
#10395=AXIS2_PLACEMENT_3D('',#12575,#12576,#12577);
#10396=CARTESIAN_POINT('',(1.065,0.43,0.38));
#10397=CARTESIAN_POINT('',(1.065,0.350000000000001,0.38));
#10398=VECTOR('',#12578,1.0);
#10399=CARTESIAN_POINT('',(1.035,0.46,0.38));
#10400=AXIS2_PLACEMENT_3D('',#12579,#12580,#12581);
#10401=CARTESIAN_POINT('',(0.98,0.46,0.38));
#10402=CARTESIAN_POINT('',(1.355,0.46,0.38));
#10403=VECTOR('',#12582,1.0);
#10404=AXIS2_PLACEMENT_3D('',#12583,#12584,#12585);
#10405=CARTESIAN_POINT('',(1.305,0.54,0.18));
#10406=CARTESIAN_POINT('',(1.275,0.54,0.18));
#10407=VECTOR('',#12586,1.0);
#10408=CARTESIAN_POINT('',(1.305,0.54,1.0842021724855E-16));
#10409=VECTOR('',#12587,1.0);
#10410=CARTESIAN_POINT('',(0.975,0.54,0.1));
#10411=CARTESIAN_POINT('',(0.975,0.54,2.61988895490287E-16));
#10412=VECTOR('',#12588,1.0);
#10413=CARTESIAN_POINT('',(1.225,0.54,0.1));
#10414=CARTESIAN_POINT('',(0.975,0.54,0.1));
#10415=VECTOR('',#12589,1.0);
#10416=CARTESIAN_POINT('',(1.225,0.54,0.38));
#10417=VECTOR('',#12590,1.0);
#10418=CARTESIAN_POINT('',(0.95,-0.4,0.28));
#10419=CARTESIAN_POINT('',(0.95,-0.4,0.28));
#10420=VECTOR('',#12591,1.0);
#10421=CARTESIAN_POINT('',(0.96,-0.4,0.28));
#10422=CARTESIAN_POINT('',(0.96,-0.4,0.28));
#10423=VECTOR('',#12592,1.0);
#10424=CARTESIAN_POINT('',(0.785000000000001,-0.4,0.28));
#10425=VECTOR('',#12593,1.0);
#10426=CARTESIAN_POINT('',(0.785000000000001,0.37,0.28));
#10427=CARTESIAN_POINT('',(0.785000000000001,0.4,0.28));
#10428=VECTOR('',#12594,1.0);
#10429=CARTESIAN_POINT('',(0.785,0.37,0.35));
#10430=CARTESIAN_POINT('',(0.785,0.37,0.44));
#10431=VECTOR('',#12595,1.0);
#10432=AXIS2_PLACEMENT_3D('',#12596,#12597,#12598);
#10433=CARTESIAN_POINT('',(0.95,0.4,0.28));
#10434=CARTESIAN_POINT('',(0.95,0.4,0.28));
#10435=VECTOR('',#12599,1.0);
#10436=CARTESIAN_POINT('',(0.96,0.4,0.28));
#10437=CARTESIAN_POINT('',(0.96,0.4,0.28));
#10438=VECTOR('',#12600,1.0);
#10439=CARTESIAN_POINT('',(0.96,0.4,0.28));
#10440=VECTOR('',#12601,1.0);
#10441=CARTESIAN_POINT('',(1.355,-0.49,0.18));
#10442=CARTESIAN_POINT('',(1.355,-0.109999999999997,0.18));
#10443=CARTESIAN_POINT('',(1.355,-0.54,0.18));
#10444=VECTOR('',#12602,1.0);
#10445=CARTESIAN_POINT('',(1.355,-0.49,9.561683650035E-18));
#10446=VECTOR('',#12603,1.0);
#10447=CARTESIAN_POINT('',(1.355,-0.35,0.0500000000000001));
#10448=CARTESIAN_POINT('',(1.355,-0.35,0.0500000000000001));
#10449=VECTOR('',#12604,1.0);
#10450=CARTESIAN_POINT('',(1.355,-0.109999999999997,0.0500000000000001));
#10451=CARTESIAN_POINT('',(1.355,0.35,0.0500000000000003));
#10452=VECTOR('',#12605,1.0);
#10453=CARTESIAN_POINT('',(1.355,-0.109999999999997,0.18));
#10454=VECTOR('',#12606,1.0);
#10455=CARTESIAN_POINT('',(0.395,0.420000000000001,0.46));
#10456=CARTESIAN_POINT('',(0.395,0.490000000000001,0.46));
#10457=VECTOR('',#12607,1.0);
#10458=CARTESIAN_POINT('',(0.655,0.420000000000001,0.46));
#10459=CARTESIAN_POINT('',(0.655,0.490000000000001,0.46));
#10460=VECTOR('',#12608,1.0);
#10461=CARTESIAN_POINT('',(0.745,0.420000000000001,0.46));
#10462=CARTESIAN_POINT('',(0.745,0.420000000000001,0.46));
#10463=VECTOR('',#12609,1.0);
#10464=CARTESIAN_POINT('',(0.745,0.490000000000001,0.46));
#10465=VECTOR('',#12610,1.0);
#10466=CARTESIAN_POINT('',(0.765,0.539999999999992,0.46));
#10467=CARTESIAN_POINT('',(0.765,0.63,0.46));
#10468=VECTOR('',#12611,1.0);
#10469=CARTESIAN_POINT('',(-0.765,0.539999999999992,0.46));
#10470=CARTESIAN_POINT('',(1.355,0.539999999999992,0.46));
#10471=VECTOR('',#12612,1.0);
#10472=CARTESIAN_POINT('',(-0.765,0.440000000000001,0.46));
#10473=CARTESIAN_POINT('',(-0.765,0.63,0.46));
#10474=VECTOR('',#12613,1.0);
#10475=CARTESIAN_POINT('',(-0.745,0.440000000000001,0.46));
#10476=CARTESIAN_POINT('',(1.355,0.440000000000001,0.46));
#10477=VECTOR('',#12614,1.0);
#10478=CARTESIAN_POINT('',(-0.745,0.420000000000001,0.46));
#10479=CARTESIAN_POINT('',(-0.745,0.490000000000001,0.46));
#10480=VECTOR('',#12615,1.0);
#10481=CARTESIAN_POINT('',(-0.655,0.420000000000001,0.46));
#10482=CARTESIAN_POINT('',(-0.655,0.420000000000001,0.46));
#10483=VECTOR('',#12616,1.0);
#10484=CARTESIAN_POINT('',(-0.655,0.490000000000001,0.46));
#10485=VECTOR('',#12617,1.0);
#10486=CARTESIAN_POINT('',(-0.395,0.420000000000001,0.46));
#10487=CARTESIAN_POINT('',(-0.395,0.490000000000001,0.46));
#10488=VECTOR('',#12618,1.0);
#10489=CARTESIAN_POINT('',(-0.305,0.420000000000001,0.46));
#10490=CARTESIAN_POINT('',(-0.305,0.420000000000001,0.46));
#10491=VECTOR('',#12619,1.0);
#10492=CARTESIAN_POINT('',(-0.305,0.490000000000001,0.46));
#10493=VECTOR('',#12620,1.0);
#10494=CARTESIAN_POINT('',(-0.0449999999999998,0.420000000000001,0.46));
#10495=CARTESIAN_POINT('',(-0.0449999999999998,0.490000000000001,0.46));
#10496=VECTOR('',#12621,1.0);
#10497=CARTESIAN_POINT('',(0.0450000000000002,0.420000000000001,0.46));
#10498=CARTESIAN_POINT('',(0.0450000000000002,0.420000000000001,0.46));
#10499=VECTOR('',#12622,1.0);
#10500=CARTESIAN_POINT('',(0.0450000000000002,0.490000000000001,0.46));
#10501=VECTOR('',#12623,1.0);
#10502=CARTESIAN_POINT('',(0.305,0.420000000000001,0.46));
#10503=CARTESIAN_POINT('',(0.305,0.490000000000001,0.46));
#10504=VECTOR('',#12624,1.0);
#10505=CARTESIAN_POINT('',(0.395,0.420000000000001,0.46));
#10506=VECTOR('',#12625,1.0);
#10507=CARTESIAN_POINT('',(0.395,-0.420000000000001,0.46));
#10508=CARTESIAN_POINT('',(0.395,-0.420000000000001,0.46));
#10509=VECTOR('',#12626,1.0);
#10510=CARTESIAN_POINT('',(0.305,-0.420000000000001,0.46));
#10511=CARTESIAN_POINT('',(0.395,-0.420000000000001,0.46));
#10512=VECTOR('',#12627,1.0);
#10513=CARTESIAN_POINT('',(0.305,-0.420000000000001,0.46));
#10514=VECTOR('',#12628,1.0);
#10515=CARTESIAN_POINT('',(0.0450000000000002,-0.420000000000001,0.46));
#10516=CARTESIAN_POINT('',(0.0450000000000002,-0.420000000000001,0.46));
#10517=VECTOR('',#12629,1.0);
#10518=CARTESIAN_POINT('',(-0.0449999999999998,-0.420000000000001,0.46));
#10519=CARTESIAN_POINT('',(0.0450000000000002,-0.420000000000001,0.46));
#10520=VECTOR('',#12630,1.0);
#10521=CARTESIAN_POINT('',(-0.0449999999999998,-0.420000000000001,0.46));
#10522=VECTOR('',#12631,1.0);
#10523=CARTESIAN_POINT('',(-0.305,-0.420000000000001,0.46));
#10524=CARTESIAN_POINT('',(-0.305,-0.420000000000001,0.46));
#10525=VECTOR('',#12632,1.0);
#10526=CARTESIAN_POINT('',(-0.395,-0.420000000000001,0.46));
#10527=CARTESIAN_POINT('',(-0.305,-0.420000000000001,0.46));
#10528=VECTOR('',#12633,1.0);
#10529=CARTESIAN_POINT('',(-0.395,-0.420000000000001,0.46));
#10530=VECTOR('',#12634,1.0);
#10531=CARTESIAN_POINT('',(-0.655,-0.420000000000001,0.46));
#10532=CARTESIAN_POINT('',(-0.655,-0.420000000000001,0.46));
#10533=VECTOR('',#12635,1.0);
#10534=CARTESIAN_POINT('',(-0.745,-0.420000000000001,0.46));
#10535=CARTESIAN_POINT('',(-0.655,-0.420000000000001,0.46));
#10536=VECTOR('',#12636,1.0);
#10537=CARTESIAN_POINT('',(-0.745,-0.420000000000001,0.46));
#10538=VECTOR('',#12637,1.0);
#10539=CARTESIAN_POINT('',(-0.765,-0.539999999999992,0.46));
#10540=CARTESIAN_POINT('',(-0.765,0.63,0.46));
#10541=VECTOR('',#12638,1.0);
#10542=CARTESIAN_POINT('',(0.765,-0.539999999999992,0.46));
#10543=CARTESIAN_POINT('',(1.355,-0.539999999999992,0.46));
#10544=VECTOR('',#12639,1.0);
#10545=CARTESIAN_POINT('',(0.765,-0.440000000000001,0.46));
#10546=CARTESIAN_POINT('',(0.765,0.63,0.46));
#10547=VECTOR('',#12640,1.0);
#10548=CARTESIAN_POINT('',(0.745,-0.440000000000001,0.46));
#10549=CARTESIAN_POINT('',(1.355,-0.440000000000001,0.46));
#10550=VECTOR('',#12641,1.0);
#10551=CARTESIAN_POINT('',(0.745,-0.420000000000001,0.46));
#10552=CARTESIAN_POINT('',(0.745,-0.420000000000001,0.46));
#10553=VECTOR('',#12642,1.0);
#10554=CARTESIAN_POINT('',(0.655,-0.420000000000001,0.46));
#10555=CARTESIAN_POINT('',(0.745,-0.420000000000001,0.46));
#10556=VECTOR('',#12643,1.0);
#10557=CARTESIAN_POINT('',(0.655,-0.420000000000001,0.46));
#10558=VECTOR('',#12644,1.0);
#10559=CARTESIAN_POINT('',(0.575,-0.603333333333335,0.0600000000000001));
#10560=CARTESIAN_POINT('',(0.917727272727283,-0.83181818181818,0.402727272727268));
#10561=VECTOR('',#12645,1.0);
#10562=CARTESIAN_POINT('',(0.575,-0.590000000000001,0.04));
#10563=CARTESIAN_POINT('',(0.575,-0.630000000000001,0.1));
#10564=VECTOR('',#12646,1.0);
#10565=CARTESIAN_POINT('',(0.765,-0.590000000000001,0.04));
#10566=CARTESIAN_POINT('',(1.355,-0.590000000000001,0.04));
#10567=VECTOR('',#12647,1.0);
#10568=CARTESIAN_POINT('',(0.765,-0.630000000000001,0.1));
#10569=VECTOR('',#12648,1.0);
#10570=CARTESIAN_POINT('',(0.575,-0.590000000000001,0.04));
#10571=VECTOR('',#12649,1.0);
#10572=CARTESIAN_POINT('',(0.765,-0.590000000000001,0.04));
#10573=VECTOR('',#12650,1.0);
#10574=CARTESIAN_POINT('',(0.575,0.590000000000001,0.04));
#10575=CARTESIAN_POINT('',(0.575,0.590000000000001,0.0));
#10576=VECTOR('',#12651,1.0);
#10577=CARTESIAN_POINT('',(0.765,0.590000000000001,0.04));
#10578=CARTESIAN_POINT('',(1.355,0.590000000000001,0.04));
#10579=VECTOR('',#12652,1.0);
#10580=CARTESIAN_POINT('',(0.765,0.590000000000001,0.0));
#10581=VECTOR('',#12653,1.0);
#10582=CARTESIAN_POINT('',(0.575000000000001,0.603333333333334,0.0599999999999997));
#10583=CARTESIAN_POINT('',(0.575,0.590000000000001,0.04));
#10584=VECTOR('',#12654,1.0);
#10585=CARTESIAN_POINT('',(0.882272727272726,0.808181818181819,0.367272727272727));
#10586=VECTOR('',#12655,1.0);
#10587=CARTESIAN_POINT('',(0.765,0.590000000000001,0.04));
#10588=VECTOR('',#12656,1.0);
#10589=CARTESIAN_POINT('',(0.635,0.614999999999992,0.268541019662504));
#10590=AXIS2_PLACEMENT_3D('',#12657,#12658,#12659);
#10591=CARTESIAN_POINT('',(0.635,0.585,0.28));
#10592=AXIS2_PLACEMENT_3D('',#12660,#12661,#12662);
#10593=CARTESIAN_POINT('',(0.765,0.584999999999987,0.28));
#10594=CARTESIAN_POINT('',(1.355,0.585,0.28));
#10595=VECTOR('',#12663,1.0);
#10596=AXIS2_PLACEMENT_3D('',#12664,#12665,#12666);
#10597=CARTESIAN_POINT('',(0.635,0.585,0.35));
#10598=CARTESIAN_POINT('',(0.635,0.584999999999987,0.28));
#10599=VECTOR('',#12667,1.0);
#10600=CARTESIAN_POINT('',(0.765,0.585,0.35));
#10601=CARTESIAN_POINT('',(1.355,0.585,0.35));
#10602=VECTOR('',#12668,1.0);
#10603=CARTESIAN_POINT('',(0.765,0.584999999999987,0.28));
#10604=VECTOR('',#12669,1.0);
#10605=CARTESIAN_POINT('',(0.635,0.629999999999992,0.37));
#10606=CARTESIAN_POINT('',(0.635,0.585,0.35));
#10607=VECTOR('',#12670,1.0);
#10608=CARTESIAN_POINT('',(0.765,0.63,0.37));
#10609=CARTESIAN_POINT('',(1.355,0.629999999999992,0.37));
#10610=VECTOR('',#12671,1.0);
#10611=CARTESIAN_POINT('',(0.765,0.585,0.35));
#10612=VECTOR('',#12672,1.0);
#10613=CARTESIAN_POINT('',(1.355,0.629999999999992,0.37));
#10614=VECTOR('',#12673,1.0);
#10615=CARTESIAN_POINT('',(1.355,0.629999999999992,0.37));
#10616=VECTOR('',#12674,1.0);
#10617=CARTESIAN_POINT('',(1.355,0.629999999999992,0.37));
#10618=VECTOR('',#12675,1.0);
#10619=AXIS2_PLACEMENT_3D('',#12676,#12677,#12678);
#10620=AXIS2_PLACEMENT_3D('',#12679,#12680,#12681);
#10621=CARTESIAN_POINT('',(0.635,0.629999999999992,0.37));
#10622=VECTOR('',#12682,1.0);
#10623=AXIS2_PLACEMENT_3D('',#12683,#12684,#12685);
#10624=CARTESIAN_POINT('',(1.355,-0.629999999999992,0.37));
#10625=VECTOR('',#12686,1.0);
#10626=CARTESIAN_POINT('',(1.355,-0.629999999999992,0.37));
#10627=VECTOR('',#12687,1.0);
#10628=CARTESIAN_POINT('',(1.355,-0.629999999999992,0.37));
#10629=VECTOR('',#12688,1.0);
#10630=CARTESIAN_POINT('',(0.635,-0.629999999999992,0.37));
#10631=CARTESIAN_POINT('',(0.635,-0.629999999999992,0.37));
#10632=VECTOR('',#12689,1.0);
#10633=CARTESIAN_POINT('',(0.765,-0.63,0.370000000000004));
#10634=CARTESIAN_POINT('',(1.355,-0.629999999999992,0.37));
#10635=VECTOR('',#12690,1.0);
#10636=AXIS2_PLACEMENT_3D('',#12691,#12692,#12693);
#10637=CARTESIAN_POINT('',(0.635,-0.585,0.35));
#10638=CARTESIAN_POINT('',(0.635,-0.629999999999992,0.37));
#10639=VECTOR('',#12694,1.0);
#10640=CARTESIAN_POINT('',(0.765,-0.585,0.35));
#10641=CARTESIAN_POINT('',(1.355,-0.585,0.35));
#10642=VECTOR('',#12695,1.0);
#10643=CARTESIAN_POINT('',(0.765,-0.629999999999992,0.37));
#10644=VECTOR('',#12696,1.0);
#10645=CARTESIAN_POINT('',(0.635,-0.585,0.28));
#10646=CARTESIAN_POINT('',(0.635,-0.585,0.35));
#10647=VECTOR('',#12697,1.0);
#10648=CARTESIAN_POINT('',(0.765,-0.584999999999987,0.28));
#10649=CARTESIAN_POINT('',(1.355,-0.584999999999987,0.28));
#10650=VECTOR('',#12698,1.0);
#10651=CARTESIAN_POINT('',(0.765,-0.585,0.35));
#10652=VECTOR('',#12699,1.0);
#10653=CARTESIAN_POINT('',(0.635,-0.614999999999992,0.268541019662504));
#10654=AXIS2_PLACEMENT_3D('',#12700,#12701,#12702);
#10655=AXIS2_PLACEMENT_3D('',#12703,#12704,#12705);
#10656=AXIS2_PLACEMENT_3D('',#12706,#12707,#12708);
#10657=CARTESIAN_POINT('',(1.005,0.29,0.1));
#10658=CARTESIAN_POINT('',(1.005,0.35,0.1));
#10659=VECTOR('',#12709,1.0);
#10660=CARTESIAN_POINT('',(-1.005,0.29,0.1));
#10661=CARTESIAN_POINT('',(-1.005,-0.35,0.1));
#10662=VECTOR('',#12710,1.0);
#10663=CARTESIAN_POINT('',(-0.765,0.29,0.1));
#10664=CARTESIAN_POINT('',(-1.005,0.29,0.1));
#10665=VECTOR('',#12711,1.0);
#10666=CARTESIAN_POINT('',(-0.765,-0.29,0.1));
#10667=CARTESIAN_POINT('',(-0.765,0.29,0.1));
#10668=VECTOR('',#12712,1.0);
#10669=CARTESIAN_POINT('',(-1.005,-0.29,0.1));
#10670=CARTESIAN_POINT('',(-1.005,-0.29,0.1));
#10671=VECTOR('',#12713,1.0);
#10672=CARTESIAN_POINT('',(-1.005,-0.35,0.1));
#10673=VECTOR('',#12714,1.0);
#10674=CARTESIAN_POINT('',(1.005,-0.29,0.1));
#10675=CARTESIAN_POINT('',(1.005,0.35,0.1));
#10676=VECTOR('',#12715,1.0);
#10677=CARTESIAN_POINT('',(0.765,-0.29,0.1));
#10678=CARTESIAN_POINT('',(0.765,-0.29,0.1));
#10679=VECTOR('',#12716,1.0);
#10680=CARTESIAN_POINT('',(0.765,0.29,0.1));
#10681=CARTESIAN_POINT('',(0.765,0.29,0.1));
#10682=VECTOR('',#12717,1.0);
#10683=CARTESIAN_POINT('',(0.765,0.29,0.1));
#10684=VECTOR('',#12718,1.0);
#10685=CARTESIAN_POINT('',(-0.96,0.4,0.38));
#10686=CARTESIAN_POINT('',(-0.95,0.4,0.38));
#10687=CARTESIAN_POINT('',(-0.96,0.4,0.38));
#10688=VECTOR('',#12719,1.0);
#10689=CARTESIAN_POINT('',(-0.95,0.43,0.38));
#10690=CARTESIAN_POINT('',(-0.95,0.350000000000001,0.38));
#10691=VECTOR('',#12720,1.0);
#10692=CARTESIAN_POINT('',(-0.980000000000001,0.46,0.38));
#10693=AXIS2_PLACEMENT_3D('',#12721,#12722,#12723);
#10694=CARTESIAN_POINT('',(-1.035,0.46,0.38));
#10695=CARTESIAN_POINT('',(1.355,0.46,0.38));
#10696=VECTOR('',#12724,1.0);
#10697=CARTESIAN_POINT('',(-1.065,0.43,0.38));
#10698=AXIS2_PLACEMENT_3D('',#12725,#12726,#12727);
#10699=CARTESIAN_POINT('',(-1.065,-0.43,0.38));
#10700=CARTESIAN_POINT('',(-1.065,0.350000000000001,0.38));
#10701=VECTOR('',#12728,1.0);
#10702=CARTESIAN_POINT('',(-1.035,-0.46,0.38));
#10703=AXIS2_PLACEMENT_3D('',#12729,#12730,#12731);
#10704=CARTESIAN_POINT('',(-0.98,-0.46,0.38));
#10705=CARTESIAN_POINT('',(1.355,-0.46,0.38));
#10706=VECTOR('',#12732,1.0);
#10707=CARTESIAN_POINT('',(-0.95,-0.43,0.38));
#10708=AXIS2_PLACEMENT_3D('',#12733,#12734,#12735);
#10709=CARTESIAN_POINT('',(-0.95,-0.4,0.38));
#10710=CARTESIAN_POINT('',(-0.95,0.350000000000001,0.38));
#10711=VECTOR('',#12736,1.0);
#10712=CARTESIAN_POINT('',(-0.960000000000001,-0.4,0.38));
#10713=CARTESIAN_POINT('',(-0.785000000000001,-0.4,0.38));
#10714=VECTOR('',#12737,1.0);
#10715=CARTESIAN_POINT('',(-0.96,-0.4,0.38));
#10716=VECTOR('',#12738,1.0);
#10717=CARTESIAN_POINT('',(-1.005,0.350000000000001,0.38));
#10718=VECTOR('',#12739,1.0);
#10719=CARTESIAN_POINT('',(-0.96,0.350000000000001,0.38));
#10720=VECTOR('',#12740,1.0);
#10721=CARTESIAN_POINT('',(1.355,0.49,0.18));
#10722=CARTESIAN_POINT('',(1.355,0.49,0.18));
#10723=VECTOR('',#12741,1.0);
#10724=CARTESIAN_POINT('',(1.355,0.109999999999997,0.18));
#10725=CARTESIAN_POINT('',(1.355,0.109999999999997,0.18));
#10726=VECTOR('',#12742,1.0);
#10727=CARTESIAN_POINT('',(1.355,0.109999999999997,0.0500000000000003));
#10728=CARTESIAN_POINT('',(1.355,0.109999999999997,1.66533453693773E-16));
#10729=VECTOR('',#12743,1.0);
#10730=CARTESIAN_POINT('',(1.355,0.35,0.0500000000000004));
#10731=CARTESIAN_POINT('',(1.355,0.35,0.0500000000000003));
#10732=VECTOR('',#12744,1.0);
#10733=CARTESIAN_POINT('',(1.355,0.35,0.0500000000000003));
#10734=VECTOR('',#12745,1.0);
#10735=CARTESIAN_POINT('',(-1.355,-0.49,0.18));
#10736=CARTESIAN_POINT('',(-1.355,-0.49,0.18));
#10737=VECTOR('',#12746,1.0);
#10738=CARTESIAN_POINT('',(-1.355,-0.109999999999997,0.18));
#10739=CARTESIAN_POINT('',(-1.355,-0.54,0.18));
#10740=VECTOR('',#12747,1.0);
#10741=CARTESIAN_POINT('',(-1.355,-0.109999999999997,0.18));
#10742=VECTOR('',#12748,1.0);
#10743=CARTESIAN_POINT('',(-1.355,-0.35,0.0500000000000001));
#10744=VECTOR('',#12749,1.0);
#10745=CARTESIAN_POINT('',(-1.105,0.35,0.0500000000000003));
#10746=VECTOR('',#12750,1.0);
#10747=CARTESIAN_POINT('',(-0.855,0.0999999999999999,0.0500000000000001));
#10748=VECTOR('',#12751,1.0);
#10749=CARTESIAN_POINT('',(-0.855,-0.0999999999999999,0.0500000000000002));
#10750=VECTOR('',#12752,1.0);
#10751=CARTESIAN_POINT('',(-1.105,-0.35,0.0500000000000003));
#10752=VECTOR('',#12753,1.0);
#10753=CARTESIAN_POINT('',(1.105,0.35,0.0500000000000003));
#10754=CARTESIAN_POINT('',(1.105,0.35,0.0500000000000003));
#10755=VECTOR('',#12754,1.0);
#10756=CARTESIAN_POINT('',(0.855,0.0999999999999999,0.0500000000000002));
#10757=AXIS2_PLACEMENT_3D('',#12755,#12756,#12757);
#10758=CARTESIAN_POINT('',(0.855,0.0999999999999999,0.0500000000000002));
#10759=VECTOR('',#12758,1.0);
#10760=CARTESIAN_POINT('',(1.105,0.35,0.0500000000000003));
#10761=VECTOR('',#12759,1.0);
#10762=CARTESIAN_POINT('',(1.105,-0.35,0.0500000000000001));
#10763=CARTESIAN_POINT('',(1.105,-0.35,0.0500000000000001));
#10764=VECTOR('',#12760,1.0);
#10765=CARTESIAN_POINT('',(1.355,-0.35,0.0500000000000001));
#10766=VECTOR('',#12761,1.0);
#10767=CARTESIAN_POINT('',(0.855,-0.0999999999999999,0.0500000000000001));
#10768=CARTESIAN_POINT('',(0.855,-0.0999999999999999,0.0500000000000001));
#10769=VECTOR('',#12762,1.0);
#10770=AXIS2_PLACEMENT_3D('',#12763,#12764,#12765);
#10771=CARTESIAN_POINT('',(0.855,-0.0999999999999999,0.0500000000000002));
#10772=VECTOR('',#12766,1.0);
#10773=CARTESIAN_POINT('',(1.105,-0.109999999999997,0.0500000000000001));
#10774=VECTOR('',#12767,1.0);
#10775=CARTESIAN_POINT('',(1.105,0.109999999999997,0.0500000000000002));
#10776=VECTOR('',#12768,1.0);
#10777=CARTESIAN_POINT('',(1.005,0.24,0.15));
#10778=CARTESIAN_POINT('',(1.005,-0.24,0.15));
#10779=CARTESIAN_POINT('',(1.005,0.29,0.15));
#10780=VECTOR('',#12769,1.0);
#10781=AXIS2_PLACEMENT_3D('',#12770,#12771,#12772);
#10782=AXIS2_PLACEMENT_3D('',#12773,#12774,#12775);
#10783=CARTESIAN_POINT('',(-1.005,-0.24,0.15));
#10784=AXIS2_PLACEMENT_3D('',#12776,#12777,#12778);
#10785=CARTESIAN_POINT('',(-1.005,0.24,0.15));
#10786=CARTESIAN_POINT('',(-1.005,0.29,0.15));
#10787=VECTOR('',#12779,1.0);
#10788=AXIS2_PLACEMENT_3D('',#12780,#12781,#12782);
#10789=CARTESIAN_POINT('',(-0.824,0.24,0.15));
#10790=AXIS2_PLACEMENT_3D('',#12783,#12784,#12785);
#10791=CARTESIAN_POINT('',(-0.824,-0.24,0.15));
#10792=CARTESIAN_POINT('',(-0.824,0.29,0.15));
#10793=VECTOR('',#12786,1.0);
#10794=AXIS2_PLACEMENT_3D('',#12787,#12788,#12789);
#10795=CARTESIAN_POINT('',(-1.005,0.24,0.15));
#10796=VECTOR('',#12790,1.0);
#10797=CARTESIAN_POINT('',(-0.824,-0.24,0.15));
#10798=VECTOR('',#12791,1.0);
#10799=CARTESIAN_POINT('',(0.824,0.24,0.15));
#10800=CARTESIAN_POINT('',(0.824,-0.24,0.15));
#10801=CARTESIAN_POINT('',(0.824,0.29,0.15));
#10802=VECTOR('',#12792,1.0);
#10803=AXIS2_PLACEMENT_3D('',#12793,#12794,#12795);
#10804=AXIS2_PLACEMENT_3D('',#12796,#12797,#12798);
#10805=CARTESIAN_POINT('',(1.005,0.24,0.15));
#10806=VECTOR('',#12799,1.0);
#10807=CARTESIAN_POINT('',(1.005,-0.24,0.15));
#10808=VECTOR('',#12800,1.0);
#10809=AXIS2_PLACEMENT_3D('',#12801,#12802,#12803);
#10810=AXIS2_PLACEMENT_3D('',#12804,#12805,#12806);
#10811=CARTESIAN_POINT('',(0.785,-0.37,0.349999999999999));
#10812=AXIS2_PLACEMENT_3D('',#12807,#12808,#12809);
#10813=CARTESIAN_POINT('',(0.785000000000001,-0.37,0.28));
#10814=CARTESIAN_POINT('',(0.785,-0.37,0.44));
#10815=VECTOR('',#12810,1.0);
#10816=CARTESIAN_POINT('',(0.785000000000001,-0.350000000000001,0.28));
#10817=VECTOR('',#12811,1.0);
#10818=CARTESIAN_POINT('',(0.96,-0.4,0.28));
#10819=VECTOR('',#12812,1.0);
#10820=CARTESIAN_POINT('',(0.95,-0.37,0.28));
#10821=CARTESIAN_POINT('',(0.95,-0.37,0.28));
#10822=VECTOR('',#12813,1.0);
#10823=CARTESIAN_POINT('',(0.95,-0.43,0.28));
#10824=VECTOR('',#12814,1.0);
#10825=CARTESIAN_POINT('',(0.96,0.350000000000001,0.28));
#10826=VECTOR('',#12815,1.0);
#10827=CARTESIAN_POINT('',(0.95,0.37,0.28));
#10828=CARTESIAN_POINT('',(0.95,0.37,0.28));
#10829=VECTOR('',#12816,1.0);
#10830=CARTESIAN_POINT('',(0.785,0.37,0.28));
#10831=VECTOR('',#12817,1.0);
#10832=AXIS2_PLACEMENT_3D('',#12818,#12819,#12820);
#10833=CARTESIAN_POINT('',(1.275,-0.109999999999997,0.18));
#10834=VECTOR('',#12821,1.0);
#10835=CARTESIAN_POINT('',(1.275,0.109999999999997,0.18));
#10836=VECTOR('',#12822,1.0);
#10837=AXIS2_PLACEMENT_3D('',#12823,#12824,#12825);
#10838=CARTESIAN_POINT('',(1.225,-0.52,0.44));
#10839=CARTESIAN_POINT('',(1.225,-0.52,0.44));
#10840=VECTOR('',#12826,1.0);
#10841=CARTESIAN_POINT('',(1.255,-0.490000000000001,0.439999999999999));
#10842=CARTESIAN_POINT('',(1.255,-0.490000000000001,0.439999999999999));
#10843=VECTOR('',#12827,1.0);
#10844=AXIS2_PLACEMENT_3D('',#12828,#12829,#12830);
#10845=CARTESIAN_POINT('',(1.255,0.49,0.44));
#10846=CARTESIAN_POINT('',(1.255,0.49,0.44));
#10847=VECTOR('',#12831,1.0);
#10848=CARTESIAN_POINT('',(1.225,0.52,0.440000000000001));
#10849=CARTESIAN_POINT('',(1.225,0.52,0.440000000000001));
#10850=VECTOR('',#12832,1.0);
#10851=AXIS2_PLACEMENT_3D('',#12833,#12834,#12835);
#10852=CARTESIAN_POINT('',(0.98,0.46,0.44));
#10853=CARTESIAN_POINT('',(0.98,0.46,0.44));
#10854=VECTOR('',#12836,1.0);
#10855=CARTESIAN_POINT('',(0.95,0.43,0.434852813742385));
#10856=CARTESIAN_POINT('',(0.98,0.46,0.44));
#10857=CARTESIAN_POINT('',(0.971983027039359,0.46,0.44));
#10858=CARTESIAN_POINT('',(0.964136999598743,0.456657408936268,0.440115503081015));
#10859=CARTESIAN_POINT('',(0.953074810177322,0.44540410289301,0.43898840710006));
#10860=CARTESIAN_POINT('',(0.949999999999989,0.437556959813091,0.437524602506913));
#10861=CARTESIAN_POINT('',(0.94999999999999,0.429999999999994,0.434852813742416));
#10862=CARTESIAN_POINT('',(0.95,0.43,0.44));
#10863=VECTOR('',#12837,1.0);
#10864=CARTESIAN_POINT('',(1.035,0.46,0.44));
#10865=CARTESIAN_POINT('',(1.035,0.46,0.44));
#10866=VECTOR('',#12838,1.0);
#10867=CARTESIAN_POINT('',(0.98,0.46,0.44));
#10868=VECTOR('',#12839,1.0);
#10869=CARTESIAN_POINT('',(1.065,0.43,0.440000000000001));
#10870=CARTESIAN_POINT('',(1.065,0.43,0.440000000000001));
#10871=VECTOR('',#12840,1.0);
#10872=AXIS2_PLACEMENT_3D('',#12841,#12842,#12843);
#10873=CARTESIAN_POINT('',(1.065,-0.43,0.44));
#10874=CARTESIAN_POINT('',(1.065,-0.43,0.44));
#10875=VECTOR('',#12844,1.0);
#10876=CARTESIAN_POINT('',(1.065,0.43,0.44));
#10877=VECTOR('',#12845,1.0);
#10878=CARTESIAN_POINT('',(1.035,-0.460000000000001,0.439999999999999));
#10879=CARTESIAN_POINT('',(1.035,-0.460000000000001,0.439999999999999));
#10880=VECTOR('',#12846,1.0);
#10881=AXIS2_PLACEMENT_3D('',#12847,#12848,#12849);
#10882=CARTESIAN_POINT('',(0.98,-0.46,0.44));
#10883=CARTESIAN_POINT('',(0.98,-0.46,0.44));
#10884=VECTOR('',#12850,1.0);
#10885=CARTESIAN_POINT('',(1.035,-0.46,0.44));
#10886=VECTOR('',#12851,1.0);
#10887=CARTESIAN_POINT('',(0.95,-0.43,0.434852813742385));
#10888=CARTESIAN_POINT('',(0.95,-0.43,0.439999999999999));
#10889=VECTOR('',#12852,1.0);
#10890=CARTESIAN_POINT('',(0.95,-0.43,0.434852813742385));
#10891=CARTESIAN_POINT('',(0.95,-0.437554415912604,0.437523703102238));
#10892=CARTESIAN_POINT('',(0.953060012555576,-0.445380073764311,0.438984916347418));
#10893=CARTESIAN_POINT('',(0.964118332696424,-0.456647368278311,0.440115578237244));
#10894=CARTESIAN_POINT('',(0.971983461053878,-0.46,0.439999999999999));
#10895=CARTESIAN_POINT('',(0.98,-0.46,0.439999999999999));
#10896=CARTESIAN_POINT('',(0.785,-0.46,0.44));
#10897=CARTESIAN_POINT('',(0.785,-0.52,0.44));
#10898=CARTESIAN_POINT('',(0.785,-0.37,0.44));
#10899=VECTOR('',#12853,1.0);
#10900=AXIS2_PLACEMENT_3D('',#12854,#12855,#12856);
#10901=CARTESIAN_POINT('',(0.785,0.083000000000002,0.125000000000001));
#10902=VECTOR('',#12857,1.0);
#10903=AXIS2_PLACEMENT_3D('',#12858,#12859,#12860);
#10904=AXIS2_PLACEMENT_3D('',#12861,#12862,#12863);
#10905=CARTESIAN_POINT('',(1.225,0.083000000000002,0.100000000000001));
#10906=VECTOR('',#12864,1.0);
#10907=CARTESIAN_POINT('',(1.225,0.61,0.35));
#10908=CARTESIAN_POINT('',(1.225,0.61,0.1));
#10909=CARTESIAN_POINT('',(1.225,0.61,0.44));
#10910=VECTOR('',#12865,1.0);
#10911=AXIS2_PLACEMENT_3D('',#12866,#12867,#12868);
#10912=CARTESIAN_POINT('',(1.225,-0.083000000000002,0.100000000000001));
#10913=VECTOR('',#12869,1.0);
#10914=CARTESIAN_POINT('',(0.785,0.46,0.44));
#10915=AXIS2_PLACEMENT_3D('',#12870,#12871,#12872);
#10916=CARTESIAN_POINT('',(0.785,0.52,0.44));
#10917=CARTESIAN_POINT('',(0.785,0.61,0.44));
#10918=VECTOR('',#12873,1.0);
#10919=CARTESIAN_POINT('',(0.785,0.61,0.35));
#10920=AXIS2_PLACEMENT_3D('',#12874,#12875,#12876);
#10921=CARTESIAN_POINT('',(0.785,0.61,0.125000000000001));
#10922=CARTESIAN_POINT('',(0.785,0.61,0.44));
#10923=VECTOR('',#12877,1.0);
#10924=CARTESIAN_POINT('',(0.785,-0.083000000000002,0.125000000000001));
#10925=VECTOR('',#12878,1.0);
#10926=CARTESIAN_POINT('',(0.95,-0.37,0.349999999999999));
#10927=CARTESIAN_POINT('',(0.95,-0.37,0.44));
#10928=VECTOR('',#12879,1.0);
#10929=AXIS2_PLACEMENT_3D('',#12880,#12881,#12882);
#10930=CARTESIAN_POINT('',(0.95,0.37,0.35));
#10931=AXIS2_PLACEMENT_3D('',#12883,#12884,#12885);
#10932=CARTESIAN_POINT('',(0.95,0.37,0.44));
#10933=VECTOR('',#12886,1.0);
#10934=CARTESIAN_POINT('',(1.345,-0.49,0.349999999999999));
#10935=CARTESIAN_POINT('',(1.345,-0.49,0.200000000000001));
#10936=CARTESIAN_POINT('',(1.345,-0.49,0.44));
#10937=VECTOR('',#12887,1.0);
#10938=AXIS2_PLACEMENT_3D('',#12888,#12889,#12890);
#10939=CARTESIAN_POINT('',(0.652000000000004,-0.49,0.200000000000001));
#10940=VECTOR('',#12891,1.0);
#10941=CARTESIAN_POINT('',(1.345,0.49,0.35));
#10942=AXIS2_PLACEMENT_3D('',#12892,#12893,#12894);
#10943=CARTESIAN_POINT('',(1.345,0.49,0.200000000000001));
#10944=CARTESIAN_POINT('',(1.345,0.49,0.44));
#10945=VECTOR('',#12895,1.0);
#10946=CARTESIAN_POINT('',(0.652000000000004,0.49,0.200000000000001));
#10947=VECTOR('',#12896,1.0);
#10948=CARTESIAN_POINT('',(1.345,-0.49,0.349999999999999));
#10949=VECTOR('',#12897,1.0);
#10950=CARTESIAN_POINT('',(1.345,-0.09,0.200000000000001));
#10951=CARTESIAN_POINT('',(1.345,-0.49,0.200000000000001));
#10952=VECTOR('',#12898,1.0);
#10953=CARTESIAN_POINT('',(1.345,-0.09,0.0700000000000008));
#10954=CARTESIAN_POINT('',(1.345,-0.09,0.200000000000001));
#10955=VECTOR('',#12899,1.0);
#10956=CARTESIAN_POINT('',(1.345,0.09,0.0700000000000008));
#10957=CARTESIAN_POINT('',(1.345,-0.09,0.0700000000000008));
#10958=VECTOR('',#12900,1.0);
#10959=CARTESIAN_POINT('',(1.345,0.09,0.200000000000001));
#10960=CARTESIAN_POINT('',(1.345,0.09,0.0700000000000008));
#10961=VECTOR('',#12901,1.0);
#10962=CARTESIAN_POINT('',(1.345,0.09,0.200000000000001));
#10963=VECTOR('',#12902,1.0);
#10964=CARTESIAN_POINT('',(1.225,0.61,0.35));
#10965=VECTOR('',#12903,1.0);
#10966=CARTESIAN_POINT('',(0.975,0.61,0.1));
#10967=CARTESIAN_POINT('',(0.975,0.61,0.1));
#10968=VECTOR('',#12904,1.0);
#10969=CARTESIAN_POINT('',(0.975,0.61,0.0700000000000005));
#10970=CARTESIAN_POINT('',(0.975,0.61,2.22044604925031E-16));
#10971=VECTOR('',#12905,1.0);
#10972=CARTESIAN_POINT('',(0.825000000000001,0.61,0.0700000000000005));
#10973=CARTESIAN_POINT('',(2.31,0.61,0.0700000000000005));
#10974=VECTOR('',#12906,1.0);
#10975=CARTESIAN_POINT('',(0.825000000000001,0.61,0.0850000000000003));
#10976=CARTESIAN_POINT('',(0.825000000000001,0.61,0.0850000000000003));
#10977=VECTOR('',#12907,1.0);
#10978=CARTESIAN_POINT('',(0.785,0.61,0.125000000000001));
#10979=VECTOR('',#12908,1.0);
#10980=CARTESIAN_POINT('',(0.785,0.37,0.35));
#10981=VECTOR('',#12909,1.0);
#10982=CARTESIAN_POINT('',(0.95,-0.37,0.349999999999999));
#10983=VECTOR('',#12910,1.0);
#10984=CARTESIAN_POINT('',(1.255,0.46,0.44));
#10985=VECTOR('',#12911,1.0);
#10986=CARTESIAN_POINT('',(1.255,-0.46,0.439999999999999));
#10987=VECTOR('',#12912,1.0);
#10988=CARTESIAN_POINT('',(1.255,-0.52,0.439999999999999));
#10989=VECTOR('',#12913,1.0);
#10990=CARTESIAN_POINT('',(1.255,-0.52,0.439999999999999));
#10991=VECTOR('',#12914,1.0);
#10992=CARTESIAN_POINT('',(1.255,0.52,0.44));
#10993=VECTOR('',#12915,1.0);
#10994=CARTESIAN_POINT('',(0.825000000000001,0.083000000000002,0.0850000000000006));
#10995=VECTOR('',#12916,1.0);
#10996=CARTESIAN_POINT('',(0.825000000000001,-0.64,-0.0199999999999995));
#10997=AXIS2_PLACEMENT_3D('',#12917,#12918,#12919);
#10998=CARTESIAN_POINT('',(0.825000000000001,-0.885,-0.0199999999999992));
#10999=CARTESIAN_POINT('',(0.825000000000001,-0.64,-0.019999999999999));
#11000=VECTOR('',#12920,1.0);
#11001=CARTESIAN_POINT('',(0.825000000000001,-0.885,0.0400000000000004));
#11002=CARTESIAN_POINT('',(0.825000000000001,-0.885,-0.0199999999999992));
#11003=VECTOR('',#12921,1.0);
#11004=CARTESIAN_POINT('',(0.825000000000001,-0.64,0.0400000000000012));
#11005=CARTESIAN_POINT('',(0.825000000000001,-0.885,0.0400000000000004));
#11006=VECTOR('',#12922,1.0);
#11007=AXIS2_PLACEMENT_3D('',#12923,#12924,#12925);
#11008=CARTESIAN_POINT('',(0.975,0.083000000000002,0.100000000000001));
#11009=VECTOR('',#12926,1.0);
#11010=CARTESIAN_POINT('',(0.975,-0.64,0.0400000000000012));
#11011=AXIS2_PLACEMENT_3D('',#12927,#12928,#12929);
#11012=CARTESIAN_POINT('',(0.975,-0.885,0.0400000000000004));
#11013=CARTESIAN_POINT('',(0.975,-0.885,0.0400000000000004));
#11014=VECTOR('',#12930,1.0);
#11015=CARTESIAN_POINT('',(0.975,-0.885,-0.0199999999999992));
#11016=CARTESIAN_POINT('',(0.975,-0.885,-0.0199999999999992));
#11017=VECTOR('',#12931,1.0);
#11018=CARTESIAN_POINT('',(0.975,-0.64,-0.0199999999999995));
#11019=CARTESIAN_POINT('',(0.975,-0.64,-0.019999999999999));
#11020=VECTOR('',#12932,1.0);
#11021=AXIS2_PLACEMENT_3D('',#12933,#12934,#12935);
#11022=CARTESIAN_POINT('',(0.825000000000001,-0.083000000000002,0.0850000000000006));
#11023=VECTOR('',#12936,1.0);
#11024=CARTESIAN_POINT('',(0.825000000000001,0.64,0.0400000000000005));
#11025=AXIS2_PLACEMENT_3D('',#12937,#12938,#12939);
#11026=CARTESIAN_POINT('',(0.825000000000001,0.885,0.0400000000000004));
#11027=CARTESIAN_POINT('',(0.825000000000001,0.64,0.0400000000000012));
#11028=VECTOR('',#12940,1.0);
#11029=CARTESIAN_POINT('',(0.825000000000001,0.885,-0.0199999999999993));
#11030=CARTESIAN_POINT('',(0.825000000000001,0.885,0.0400000000000004));
#11031=VECTOR('',#12941,1.0);
#11032=CARTESIAN_POINT('',(0.825000000000001,0.64,-0.019999999999999));
#11033=CARTESIAN_POINT('',(0.825000000000001,0.885,-0.0199999999999993));
#11034=VECTOR('',#12942,1.0);
#11035=AXIS2_PLACEMENT_3D('',#12943,#12944,#12945);
#11036=CARTESIAN_POINT('',(0.975,0.64,-0.019999999999999));
#11037=AXIS2_PLACEMENT_3D('',#12946,#12947,#12948);
#11038=CARTESIAN_POINT('',(0.975,0.885,-0.0199999999999993));
#11039=CARTESIAN_POINT('',(0.975,0.885,-0.0199999999999993));
#11040=VECTOR('',#12949,1.0);
#11041=CARTESIAN_POINT('',(0.975,0.885,0.0400000000000004));
#11042=CARTESIAN_POINT('',(0.975,0.885,0.0400000000000004));
#11043=VECTOR('',#12950,1.0);
#11044=CARTESIAN_POINT('',(0.975,0.64,0.0400000000000005));
#11045=CARTESIAN_POINT('',(0.975,0.64,0.0400000000000012));
#11046=VECTOR('',#12951,1.0);
#11047=AXIS2_PLACEMENT_3D('',#12952,#12953,#12954);
#11048=CARTESIAN_POINT('',(0.975,-0.083000000000002,0.100000000000001));
#11049=VECTOR('',#12955,1.0);
#11050=CARTESIAN_POINT('',(2.31,-0.64,-0.0199999999999995));
#11051=VECTOR('',#12956,1.0);
#11052=CARTESIAN_POINT('',(2.31,-0.885,0.0400000000000004));
#11053=VECTOR('',#12957,1.0);
#11054=CARTESIAN_POINT('',(2.31,-0.885,-0.0199999999999992));
#11055=VECTOR('',#12958,1.0);
#11056=CARTESIAN_POINT('',(2.31,-0.64,0.0400000000000012));
#11057=VECTOR('',#12959,1.0);
#11058=CARTESIAN_POINT('',(2.31,0.64,-0.019999999999999));
#11059=VECTOR('',#12960,1.0);
#11060=CARTESIAN_POINT('',(2.31,0.64,0.0400000000000005));
#11061=VECTOR('',#12961,1.0);
#11062=CARTESIAN_POINT('',(2.31,0.885,0.0400000000000004));
#11063=VECTOR('',#12962,1.0);
#11064=CARTESIAN_POINT('',(2.31,0.885,-0.0199999999999993));
#11065=VECTOR('',#12963,1.0);
#11066=CARTESIAN_POINT('',(0.652000000000004,-0.09,0.200000000000001));
#11067=VECTOR('',#12964,1.0);
#11068=CARTESIAN_POINT('',(0.652000000000004,-0.09,0.0700000000000008));
#11069=VECTOR('',#12965,1.0);
#11070=CARTESIAN_POINT('',(0.652000000000004,0.09,0.0700000000000008));
#11071=VECTOR('',#12966,1.0);
#11072=CARTESIAN_POINT('',(0.652000000000004,0.09,0.200000000000001));
#11073=VECTOR('',#12967,1.0);
#11074=CARTESIAN_POINT('',(0.635,-0.614999999999992,0.34));
#11075=VECTOR('',#12968,1.0);
#11076=CARTESIAN_POINT('',(0.415,-0.614999999999992,0.34));
#11077=VECTOR('',#12969,1.0);
#11078=CARTESIAN_POINT('',(0.635,0.614999999999992,0.14));
#11079=CARTESIAN_POINT('',(0.635,0.585,0.14));
#11080=VECTOR('',#12970,1.0);
#11081=CARTESIAN_POINT('',(0.635,0.614999999999992,0.14));
#11082=VECTOR('',#12971,1.0);
#11083=CARTESIAN_POINT('',(0.415,0.614999999999992,0.14));
#11084=CARTESIAN_POINT('',(0.415,0.614999999999992,0.14));
#11085=VECTOR('',#12972,1.0);
#11086=CARTESIAN_POINT('',(0.415,0.585,0.14));
#11087=VECTOR('',#12973,1.0);
#11088=CARTESIAN_POINT('',(0.635,0.614999999999992,0.14));
#11089=VECTOR('',#12974,1.0);
#11090=AXIS2_PLACEMENT_3D('',#12975,#12976,#12977);
#11091=CARTESIAN_POINT('',(-0.96,0.4,0.28));
#11092=CARTESIAN_POINT('',(-0.96,0.350000000000001,0.28));
#11093=VECTOR('',#12978,1.0);
#11094=CARTESIAN_POINT('',(-0.96,0.4,0.28));
#11095=VECTOR('',#12979,1.0);
#11096=CARTESIAN_POINT('',(-0.95,0.4,0.28));
#11097=CARTESIAN_POINT('',(-0.95,0.4,0.28));
#11098=VECTOR('',#12980,1.0);
#11099=CARTESIAN_POINT('',(-0.96,0.4,0.28));
#11100=VECTOR('',#12981,1.0);
#11101=CARTESIAN_POINT('',(-0.95,0.37,0.28));
#11102=CARTESIAN_POINT('',(-0.785,0.37,0.28));
#11103=VECTOR('',#12982,1.0);
#11104=CARTESIAN_POINT('',(-0.95,0.37,0.28));
#11105=VECTOR('',#12983,1.0);
#11106=CARTESIAN_POINT('',(-0.785000000000001,-0.37,0.28));
#11107=CARTESIAN_POINT('',(-0.785000000000001,-0.350000000000001,0.28));
#11108=VECTOR('',#12984,1.0);
#11109=CARTESIAN_POINT('',(-0.785,-0.37,0.350000000000001));
#11110=CARTESIAN_POINT('',(-0.785,-0.37,0.44));
#11111=VECTOR('',#12985,1.0);
#11112=AXIS2_PLACEMENT_3D('',#12986,#12987,#12988);
#11113=CARTESIAN_POINT('',(-0.95,-0.4,0.28));
#11114=CARTESIAN_POINT('',(-0.95,-0.4,0.28));
#11115=VECTOR('',#12989,1.0);
#11116=CARTESIAN_POINT('',(-0.96,-0.4,0.28));
#11117=CARTESIAN_POINT('',(-0.785000000000001,-0.4,0.28));
#11118=VECTOR('',#12990,1.0);
#11119=CARTESIAN_POINT('',(-0.96,-0.4,0.28));
#11120=VECTOR('',#12991,1.0);
#11121=CARTESIAN_POINT('',(-0.96,-0.4,0.28));
#11122=VECTOR('',#12992,1.0);
#11123=CARTESIAN_POINT('',(-0.95,-0.37,0.28));
#11124=CARTESIAN_POINT('',(-0.95,-0.43,0.28));
#11125=VECTOR('',#12993,1.0);
#11126=CARTESIAN_POINT('',(-0.95,-0.37,0.28));
#11127=VECTOR('',#12994,1.0);
#11128=AXIS2_PLACEMENT_3D('',#12995,#12996,#12997);
#11129=CARTESIAN_POINT('',(-1.275,-0.109999999999997,0.18));
#11130=VECTOR('',#12998,1.0);
#11131=CARTESIAN_POINT('',(-1.275,0.109999999999997,0.18));
#11132=VECTOR('',#12999,1.0);
#11133=AXIS2_PLACEMENT_3D('',#13000,#13001,#13002);
#11134=CARTESIAN_POINT('',(-1.225,-0.52,0.44));
#11135=CARTESIAN_POINT('',(-1.225,-0.52,0.44));
#11136=VECTOR('',#13003,1.0);
#11137=CARTESIAN_POINT('',(-1.255,-0.490000000000001,0.440000000000001));
#11138=AXIS2_PLACEMENT_3D('',#13004,#13005,#13006);
#11139=CARTESIAN_POINT('',(-1.255,-0.490000000000001,0.440000000000001));
#11140=VECTOR('',#13007,1.0);
#11141=CARTESIAN_POINT('',(-1.255,0.49,0.44));
#11142=CARTESIAN_POINT('',(-1.255,0.49,0.44));
#11143=VECTOR('',#13008,1.0);
#11144=CARTESIAN_POINT('',(-1.225,0.52,0.44));
#11145=AXIS2_PLACEMENT_3D('',#13009,#13010,#13011);
#11146=CARTESIAN_POINT('',(-1.225,0.52,0.44));
#11147=VECTOR('',#13012,1.0);
#11148=CARTESIAN_POINT('',(-0.95,0.43,0.434852813742387));
#11149=CARTESIAN_POINT('',(-0.95,0.43,0.44));
#11150=VECTOR('',#13013,1.0);
#11151=CARTESIAN_POINT('',(-0.98,0.46,0.44));
#11152=CARTESIAN_POINT('',(-0.98,0.46,0.440000000000001));
#11153=CARTESIAN_POINT('',(-0.971983461053878,0.46,0.440000000000001));
#11154=CARTESIAN_POINT('',(-0.964118332696424,0.456647368278311,0.440115578237245));
#11155=CARTESIAN_POINT('',(-0.953060012555576,0.445380073764311,0.43898491634742));
#11156=CARTESIAN_POINT('',(-0.95,0.437554415912604,0.43752370310224));
#11157=CARTESIAN_POINT('',(-0.95,0.43,0.434852813742387));
#11158=CARTESIAN_POINT('',(-0.98,0.46,0.44));
#11159=VECTOR('',#13014,1.0);
#11160=CARTESIAN_POINT('',(-1.035,0.46,0.44));
#11161=CARTESIAN_POINT('',(-0.98,0.46,0.44));
#11162=VECTOR('',#13015,1.0);
#11163=CARTESIAN_POINT('',(-1.035,0.46,0.44));
#11164=VECTOR('',#13016,1.0);
#11165=CARTESIAN_POINT('',(-1.065,0.43,0.44));
#11166=AXIS2_PLACEMENT_3D('',#13017,#13018,#13019);
#11167=CARTESIAN_POINT('',(-1.065,0.43,0.44));
#11168=VECTOR('',#13020,1.0);
#11169=CARTESIAN_POINT('',(-1.065,-0.43,0.44));
#11170=CARTESIAN_POINT('',(-1.065,0.43,0.44));
#11171=VECTOR('',#13021,1.0);
#11172=CARTESIAN_POINT('',(-1.065,-0.43,0.44));
#11173=VECTOR('',#13022,1.0);
#11174=CARTESIAN_POINT('',(-1.035,-0.460000000000001,0.440000000000001));
#11175=AXIS2_PLACEMENT_3D('',#13023,#13024,#13025);
#11176=CARTESIAN_POINT('',(-1.035,-0.460000000000001,0.440000000000001));
#11177=VECTOR('',#13026,1.0);
#11178=CARTESIAN_POINT('',(-0.98,-0.46,0.44));
#11179=CARTESIAN_POINT('',(-1.035,-0.46,0.44));
#11180=VECTOR('',#13027,1.0);
#11181=CARTESIAN_POINT('',(-0.98,-0.46,0.44));
#11182=VECTOR('',#13028,1.0);
#11183=CARTESIAN_POINT('',(-0.95,-0.43,0.434852813742387));
#11184=CARTESIAN_POINT('',(-0.94999999999999,-0.429999999999995,0.434852813742418));
#11185=CARTESIAN_POINT('',(-0.949999999999989,-0.437556959813092,0.437524602506915));
#11186=CARTESIAN_POINT('',(-0.953074810177322,-0.445404102893011,0.438988407100061));
#11187=CARTESIAN_POINT('',(-0.964136999598743,-0.456657408936268,0.440115503081017));
#11188=CARTESIAN_POINT('',(-0.971983027039359,-0.46,0.440000000000001));
#11189=CARTESIAN_POINT('',(-0.98,-0.46,0.440000000000001));
#11190=CARTESIAN_POINT('',(-0.95,-0.43,0.440000000000001));
#11191=VECTOR('',#13029,1.0);
#11192=CARTESIAN_POINT('',(-0.95,0.37,0.350000000000001));
#11193=CARTESIAN_POINT('',(-0.95,0.37,0.44));
#11194=VECTOR('',#13030,1.0);
#11195=AXIS2_PLACEMENT_3D('',#13031,#13032,#13033);
#11196=CARTESIAN_POINT('',(-0.95,-0.37,0.350000000000001));
#11197=AXIS2_PLACEMENT_3D('',#13034,#13035,#13036);
#11198=CARTESIAN_POINT('',(-0.95,-0.37,0.44));
#11199=VECTOR('',#13037,1.0);
#11200=CARTESIAN_POINT('',(-1.345,-0.49,0.350000000000001));
#11201=AXIS2_PLACEMENT_3D('',#13038,#13039,#13040);
#11202=CARTESIAN_POINT('',(-1.345,-0.49,0.200000000000001));
#11203=CARTESIAN_POINT('',(-1.345,-0.49,0.44));
#11204=VECTOR('',#13041,1.0);
#11205=CARTESIAN_POINT('',(-0.652000000000004,-0.49,0.200000000000001));
#11206=VECTOR('',#13042,1.0);
#11207=CARTESIAN_POINT('',(-1.345,0.49,0.350000000000001));
#11208=CARTESIAN_POINT('',(-1.345,0.49,0.200000000000001));
#11209=CARTESIAN_POINT('',(-1.345,0.49,0.44));
#11210=VECTOR('',#13043,1.0);
#11211=AXIS2_PLACEMENT_3D('',#13044,#13045,#13046);
#11212=CARTESIAN_POINT('',(-0.652000000000004,0.49,0.200000000000001));
#11213=VECTOR('',#13047,1.0);
#11214=CARTESIAN_POINT('',(-0.785,-0.46,0.44));
#11215=AXIS2_PLACEMENT_3D('',#13048,#13049,#13050);
#11216=CARTESIAN_POINT('',(-0.785,-0.52,0.44));
#11217=CARTESIAN_POINT('',(-0.785,-0.37,0.44));
#11218=VECTOR('',#13051,1.0);
#11219=AXIS2_PLACEMENT_3D('',#13052,#13053,#13054);
#11220=CARTESIAN_POINT('',(-0.785,0.083000000000002,0.125000000000001));
#11221=VECTOR('',#13055,1.0);
#11222=AXIS2_PLACEMENT_3D('',#13056,#13057,#13058);
#11223=CARTESIAN_POINT('',(-1.225,0.083000000000002,0.100000000000001));
#11224=VECTOR('',#13059,1.0);
#11225=CARTESIAN_POINT('',(-1.345,-0.49,0.350000000000001));
#11226=VECTOR('',#13060,1.0);
#11227=CARTESIAN_POINT('',(-1.345,0.09,0.200000000000001));
#11228=CARTESIAN_POINT('',(-1.345,0.09,0.200000000000001));
#11229=VECTOR('',#13061,1.0);
#11230=CARTESIAN_POINT('',(-1.345,0.09,0.0700000000000008));
#11231=CARTESIAN_POINT('',(-1.345,0.09,0.0700000000000008));
#11232=VECTOR('',#13062,1.0);
#11233=CARTESIAN_POINT('',(-1.345,-0.09,0.0700000000000008));
#11234=CARTESIAN_POINT('',(-1.345,-0.09,0.0700000000000008));
#11235=VECTOR('',#13063,1.0);
#11236=CARTESIAN_POINT('',(-1.345,-0.09,0.200000000000001));
#11237=CARTESIAN_POINT('',(-1.345,-0.09,0.200000000000001));
#11238=VECTOR('',#13064,1.0);
#11239=CARTESIAN_POINT('',(-1.345,-0.49,0.200000000000001));
#11240=VECTOR('',#13065,1.0);
#11241=CARTESIAN_POINT('',(-1.225,0.61,0.350000000000001));
#11242=AXIS2_PLACEMENT_3D('',#13066,#13067,#13068);
#11243=CARTESIAN_POINT('',(-1.225,0.61,0.1));
#11244=CARTESIAN_POINT('',(-1.225,0.61,0.44));
#11245=VECTOR('',#13069,1.0);
#11246=CARTESIAN_POINT('',(-1.225,-0.083000000000002,0.100000000000001));
#11247=VECTOR('',#13070,1.0);
#11248=CARTESIAN_POINT('',(-0.785,0.61,0.350000000000001));
#11249=CARTESIAN_POINT('',(-1.225,0.61,0.350000000000001));
#11250=VECTOR('',#13071,1.0);
#11251=CARTESIAN_POINT('',(-0.785,0.61,0.125000000000001));
#11252=CARTESIAN_POINT('',(-0.785,0.61,0.44));
#11253=VECTOR('',#13072,1.0);
#11254=CARTESIAN_POINT('',(-0.825000000000001,0.61,0.0850000000000003));
#11255=CARTESIAN_POINT('',(-0.785,0.61,0.125000000000001));
#11256=VECTOR('',#13073,1.0);
#11257=CARTESIAN_POINT('',(-0.825000000000001,0.61,0.0700000000000004));
#11258=CARTESIAN_POINT('',(-0.825000000000001,0.61,0.0850000000000003));
#11259=VECTOR('',#13074,1.0);
#11260=CARTESIAN_POINT('',(-0.975,0.61,0.0700000000000004));
#11261=CARTESIAN_POINT('',(-2.31,0.61,0.0700000000000005));
#11262=VECTOR('',#13075,1.0);
#11263=CARTESIAN_POINT('',(-0.975,0.61,0.1));
#11264=CARTESIAN_POINT('',(-0.975,0.61,2.22044604925031E-16));
#11265=VECTOR('',#13076,1.0);
#11266=CARTESIAN_POINT('',(-0.975,0.61,0.1));
#11267=VECTOR('',#13077,1.0);
#11268=CARTESIAN_POINT('',(-0.785,0.52,0.44));
#11269=CARTESIAN_POINT('',(-0.785,0.46,0.44));
#11270=CARTESIAN_POINT('',(-0.785,0.61,0.44));
#11271=VECTOR('',#13078,1.0);
#11272=AXIS2_PLACEMENT_3D('',#13079,#13080,#13081);
#11273=CARTESIAN_POINT('',(-0.785,-0.083000000000002,0.125000000000001));
#11274=VECTOR('',#13082,1.0);
#11275=AXIS2_PLACEMENT_3D('',#13083,#13084,#13085);
#11276=CARTESIAN_POINT('',(-0.785,0.37,0.350000000000001));
#11277=VECTOR('',#13086,1.0);
#11278=CARTESIAN_POINT('',(-0.95,-0.37,0.350000000000001));
#11279=VECTOR('',#13087,1.0);
#11280=CARTESIAN_POINT('',(-1.255,0.46,0.440000000000001));
#11281=VECTOR('',#13088,1.0);
#11282=CARTESIAN_POINT('',(-1.255,0.52,0.440000000000001));
#11283=VECTOR('',#13089,1.0);
#11284=CARTESIAN_POINT('',(-1.255,-0.52,0.440000000000001));
#11285=VECTOR('',#13090,1.0);
#11286=CARTESIAN_POINT('',(-1.255,-0.52,0.440000000000001));
#11287=VECTOR('',#13091,1.0);
#11288=CARTESIAN_POINT('',(-1.255,-0.46,0.440000000000001));
#11289=VECTOR('',#13092,1.0);
#11290=CARTESIAN_POINT('',(-0.825000000000001,0.083000000000002,0.0850000000000006));
#11291=VECTOR('',#13093,1.0);
#11292=CARTESIAN_POINT('',(-0.825000000000001,-0.64,-0.0199999999999995));
#11293=AXIS2_PLACEMENT_3D('',#13094,#13095,#13096);
#11294=CARTESIAN_POINT('',(-0.825000000000001,-0.64,0.0400000000000012));
#11295=AXIS2_PLACEMENT_3D('',#13097,#13098,#13099);
#11296=CARTESIAN_POINT('',(-0.825000000000001,-0.885,0.0400000000000004));
#11297=CARTESIAN_POINT('',(-0.825000000000001,-0.885,0.0400000000000004));
#11298=VECTOR('',#13100,1.0);
#11299=CARTESIAN_POINT('',(-0.825000000000001,-0.885,-0.0199999999999992));
#11300=CARTESIAN_POINT('',(-0.825000000000001,-0.885,-0.0199999999999992));
#11301=VECTOR('',#13101,1.0);
#11302=CARTESIAN_POINT('',(-0.825000000000001,-0.64,-0.019999999999999));
#11303=VECTOR('',#13102,1.0);
#11304=CARTESIAN_POINT('',(-0.975,0.083000000000002,0.100000000000001));
#11305=VECTOR('',#13103,1.0);
#11306=CARTESIAN_POINT('',(-0.975,-0.64,-0.0199999999999995));
#11307=AXIS2_PLACEMENT_3D('',#13104,#13105,#13106);
#11308=CARTESIAN_POINT('',(-0.975,-0.885,-0.0199999999999992));
#11309=CARTESIAN_POINT('',(-0.975,-0.64,-0.019999999999999));
#11310=VECTOR('',#13107,1.0);
#11311=CARTESIAN_POINT('',(-0.975,-0.885,0.0400000000000004));
#11312=CARTESIAN_POINT('',(-0.975,-0.885,-0.0199999999999992));
#11313=VECTOR('',#13108,1.0);
#11314=CARTESIAN_POINT('',(-0.975,-0.64,0.0400000000000012));
#11315=CARTESIAN_POINT('',(-0.975,-0.885,0.0400000000000004));
#11316=VECTOR('',#13109,1.0);
#11317=AXIS2_PLACEMENT_3D('',#13110,#13111,#13112);
#11318=CARTESIAN_POINT('',(-0.825000000000001,-0.083000000000002,0.0850000000000006));
#11319=VECTOR('',#13113,1.0);
#11320=CARTESIAN_POINT('',(-0.825000000000001,0.64,-0.019999999999999));
#11321=AXIS2_PLACEMENT_3D('',#13114,#13115,#13116);
#11322=CARTESIAN_POINT('',(-0.825000000000001,0.885,-0.0199999999999993));
#11323=CARTESIAN_POINT('',(-0.825000000000001,0.885,-0.0199999999999993));
#11324=VECTOR('',#13117,1.0);
#11325=CARTESIAN_POINT('',(-0.825000000000001,0.885,0.0400000000000004));
#11326=CARTESIAN_POINT('',(-0.825000000000001,0.885,0.0400000000000004));
#11327=VECTOR('',#13118,1.0);
#11328=CARTESIAN_POINT('',(-0.825000000000001,0.64,0.0400000000000005));
#11329=CARTESIAN_POINT('',(-0.825000000000001,0.64,0.0400000000000012));
#11330=VECTOR('',#13119,1.0);
#11331=AXIS2_PLACEMENT_3D('',#13120,#13121,#13122);
#11332=CARTESIAN_POINT('',(-0.975,0.64,-0.019999999999999));
#11333=AXIS2_PLACEMENT_3D('',#13123,#13124,#13125);
#11334=CARTESIAN_POINT('',(-0.975,-0.083000000000002,0.100000000000001));
#11335=VECTOR('',#13126,1.0);
#11336=CARTESIAN_POINT('',(-0.975,0.64,0.0400000000000005));
#11337=AXIS2_PLACEMENT_3D('',#13127,#13128,#13129);
#11338=CARTESIAN_POINT('',(-0.975,0.885,0.0400000000000004));
#11339=CARTESIAN_POINT('',(-0.975,0.64,0.0400000000000012));
#11340=VECTOR('',#13130,1.0);
#11341=CARTESIAN_POINT('',(-0.975,0.885,-0.0199999999999993));
#11342=CARTESIAN_POINT('',(-0.975,0.885,0.0400000000000004));
#11343=VECTOR('',#13131,1.0);
#11344=CARTESIAN_POINT('',(-0.975,0.885,-0.0199999999999993));
#11345=VECTOR('',#13132,1.0);
#11346=CARTESIAN_POINT('',(-2.31,-0.64,-0.0199999999999995));
#11347=VECTOR('',#13133,1.0);
#11348=CARTESIAN_POINT('',(-2.31,-0.885,-0.0199999999999992));
#11349=VECTOR('',#13134,1.0);
#11350=CARTESIAN_POINT('',(-2.31,-0.885,0.0400000000000004));
#11351=VECTOR('',#13135,1.0);
#11352=CARTESIAN_POINT('',(-2.31,-0.64,0.0400000000000012));
#11353=VECTOR('',#13136,1.0);
#11354=CARTESIAN_POINT('',(-2.31,0.64,-0.019999999999999));
#11355=VECTOR('',#13137,1.0);
#11356=CARTESIAN_POINT('',(-2.31,0.64,0.0400000000000005));
#11357=VECTOR('',#13138,1.0);
#11358=CARTESIAN_POINT('',(-2.31,0.885,0.0400000000000004));
#11359=VECTOR('',#13139,1.0);
#11360=CARTESIAN_POINT('',(-2.31,0.885,-0.0199999999999993));
#11361=VECTOR('',#13140,1.0);
#11362=CARTESIAN_POINT('',(-0.652000000000004,-0.09,0.200000000000001));
#11363=VECTOR('',#13141,1.0);
#11364=CARTESIAN_POINT('',(-0.652000000000004,-0.09,0.0700000000000008));
#11365=VECTOR('',#13142,1.0);
#11366=CARTESIAN_POINT('',(-0.652000000000004,0.09,0.0700000000000008));
#11367=VECTOR('',#13143,1.0);
#11368=CARTESIAN_POINT('',(-0.652000000000004,0.09,0.200000000000001));
#11369=VECTOR('',#13144,1.0);
#11370=CARTESIAN_POINT('',(-0.635,-0.614999999999992,0.14));
#11371=CARTESIAN_POINT('',(-0.635,-0.614999999999992,0.34));
#11372=VECTOR('',#13145,1.0);
#11373=CARTESIAN_POINT('',(-0.635,-0.629999999999999,0.14));
#11374=VECTOR('',#13146,1.0);
#11375=CARTESIAN_POINT('',(-0.415,-0.614999999999992,0.14));
#11376=CARTESIAN_POINT('',(-0.415,-0.614999999999992,0.34));
#11377=VECTOR('',#13147,1.0);
#11378=CARTESIAN_POINT('',(-0.415,-0.629999999999999,0.14));
#11379=VECTOR('',#13148,1.0);
#11380=CARTESIAN_POINT('',(-0.415,-0.614999999999992,0.14));
#11381=VECTOR('',#13149,1.0);
#11382=CARTESIAN_POINT('',(-0.635,0.614999999999992,0.14));
#11383=VECTOR('',#13150,1.0);
#11384=CARTESIAN_POINT('',(-0.415,0.614999999999992,0.14));
#11385=VECTOR('',#13151,1.0);
#11386=AXIS2_PLACEMENT_3D('',#13152,#13153,#13154);
#11387=AXIS2_PLACEMENT_3D('',#13155,#13156,#13157);
#11388=CARTESIAN_POINT('',(0.655,0.420000000000001,0.46));
#11389=VECTOR('',#13158,1.0);
#11390=CARTESIAN_POINT('',(0.745,0.420000000000001,0.46));
#11391=VECTOR('',#13159,1.0);
#11392=CARTESIAN_POINT('',(0.655,-0.350000000000001,0.43));
#11393=VECTOR('',#13160,1.0);
#11394=CARTESIAN_POINT('',(0.745,-0.350000000000001,0.43));
#11395=VECTOR('',#13161,1.0);
#11396=CARTESIAN_POINT('',(-0.745,0.420000000000001,0.46));
#11397=VECTOR('',#13162,1.0);
#11398=CARTESIAN_POINT('',(-0.655,0.420000000000001,0.46));
#11399=VECTOR('',#13163,1.0);
#11400=CARTESIAN_POINT('',(-0.395,0.420000000000001,0.46));
#11401=VECTOR('',#13164,1.0);
#11402=CARTESIAN_POINT('',(-0.305,0.420000000000001,0.46));
#11403=VECTOR('',#13165,1.0);
#11404=CARTESIAN_POINT('',(-0.0449999999999998,0.420000000000001,0.46));
#11405=VECTOR('',#13166,1.0);
#11406=CARTESIAN_POINT('',(0.0450000000000002,0.420000000000001,0.46));
#11407=VECTOR('',#13167,1.0);
#11408=CARTESIAN_POINT('',(0.305,0.420000000000001,0.46));
#11409=VECTOR('',#13168,1.0);
#11410=CARTESIAN_POINT('',(0.395,0.420000000000001,0.46));
#11411=VECTOR('',#13169,1.0);
#11412=CARTESIAN_POINT('',(-0.745,-0.350000000000001,0.43));
#11413=VECTOR('',#13170,1.0);
#11414=CARTESIAN_POINT('',(-0.655,-0.350000000000001,0.43));
#11415=VECTOR('',#13171,1.0);
#11416=CARTESIAN_POINT('',(-0.395,-0.350000000000001,0.43));
#11417=VECTOR('',#13172,1.0);
#11418=CARTESIAN_POINT('',(-0.305,-0.350000000000001,0.43));
#11419=VECTOR('',#13173,1.0);
#11420=CARTESIAN_POINT('',(-0.0449999999999998,-0.350000000000001,0.43));
#11421=VECTOR('',#13174,1.0);
#11422=CARTESIAN_POINT('',(0.0450000000000002,-0.350000000000001,0.43));
#11423=VECTOR('',#13175,1.0);
#11424=CARTESIAN_POINT('',(0.305,-0.350000000000001,0.43));
#11425=VECTOR('',#13176,1.0);
#11426=CARTESIAN_POINT('',(0.395,-0.350000000000001,0.43));
#11427=VECTOR('',#13177,1.0);
#11428=CARTESIAN_POINT('',(-0.285,-0.614999999999992,0.34));
#11429=VECTOR('',#13178,1.0);
#11430=CARTESIAN_POINT('',(-0.285,0.614999999999992,0.14));
#11431=VECTOR('',#13179,1.0);
#11432=CARTESIAN_POINT('',(0.635,0.614999999999992,0.34));
#11433=CARTESIAN_POINT('',(0.635,0.614999999999992,0.14));
#11434=VECTOR('',#13180,1.0);
#11435=CARTESIAN_POINT('',(0.635,0.629999999999992,0.355));
#11436=CARTESIAN_POINT('',(0.635,0.614999999999992,0.34));
#11437=VECTOR('',#13181,1.0);
#11438=CARTESIAN_POINT('',(0.635,0.629999999999992,0.355));
#11439=VECTOR('',#13182,1.0);
#11440=CARTESIAN_POINT('',(0.415,0.614999999999992,0.34));
#11441=CARTESIAN_POINT('',(0.415,0.614999999999992,0.14));
#11442=VECTOR('',#13183,1.0);
#11443=CARTESIAN_POINT('',(0.415,0.629999999999992,0.355));
#11444=CARTESIAN_POINT('',(0.415,0.629999999999992,0.355));
#11445=VECTOR('',#13184,1.0);
#11446=CARTESIAN_POINT('',(0.415,0.614999999999992,0.34));
#11447=VECTOR('',#13185,1.0);
#11448=CARTESIAN_POINT('',(0.635,0.614999999999992,0.34));
#11449=VECTOR('',#13186,1.0);
#11450=CARTESIAN_POINT('',(0.635,0.629999999999992,0.355));
#11451=VECTOR('',#13187,1.0);
#11452=CARTESIAN_POINT('',(0.635,-0.629999999999992,0.355));
#11453=CARTESIAN_POINT('',(0.635,-0.629999999999992,0.37));
#11454=VECTOR('',#13188,1.0);
#11455=CARTESIAN_POINT('',(0.635,-0.614999999999992,0.34));
#11456=CARTESIAN_POINT('',(0.635,-0.629999999999992,0.355));
#11457=VECTOR('',#13189,1.0);
#11458=CARTESIAN_POINT('',(0.635,-0.614999999999992,0.34));
#11459=VECTOR('',#13190,1.0);
#11460=CARTESIAN_POINT('',(0.415,-0.614999999999992,0.34));
#11461=CARTESIAN_POINT('',(0.415,-0.614999999999992,0.34));
#11462=VECTOR('',#13191,1.0);
#11463=CARTESIAN_POINT('',(0.415,-0.629999999999992,0.355));
#11464=CARTESIAN_POINT('',(0.415,-0.629999999999992,0.355));
#11465=VECTOR('',#13192,1.0);
#11466=CARTESIAN_POINT('',(0.415,-0.629999999999992,0.37));
#11467=VECTOR('',#13193,1.0);
#11468=CARTESIAN_POINT('',(0.635,-0.629999999999992,0.355));
#11469=VECTOR('',#13194,1.0);
#11470=CARTESIAN_POINT('',(0.635,-0.614999999999992,0.34));
#11471=VECTOR('',#13195,1.0);
#11472=CARTESIAN_POINT('',(0.575,0.8,-0.02));
#11473=AXIS2_PLACEMENT_3D('',#13196,#13197,#13198);
#11474=CARTESIAN_POINT('',(0.575,1.0,-0.02));
#11475=CARTESIAN_POINT('',(0.575,0.8,-0.02));
#11476=VECTOR('',#13199,1.0);
#11477=CARTESIAN_POINT('',(0.575,1.0,0.04));
#11478=CARTESIAN_POINT('',(0.575,1.0,-0.02));
#11479=VECTOR('',#13200,1.0);
#11480=CARTESIAN_POINT('',(0.575,0.799999999999992,0.04));
#11481=CARTESIAN_POINT('',(0.575,1.0,0.04));
#11482=VECTOR('',#13201,1.0);
#11483=AXIS2_PLACEMENT_3D('',#13202,#13203,#13204);
#11484=CARTESIAN_POINT('',(0.575000000000001,-11.844,0.0599999999998798));
#11485=VECTOR('',#13205,1.0);
#11486=CARTESIAN_POINT('',(0.475,-11.844,0.0599999999998798));
#11487=VECTOR('',#13206,1.0);
#11488=CARTESIAN_POINT('',(0.475,0.799999999999992,0.04));
#11489=AXIS2_PLACEMENT_3D('',#13207,#13208,#13209);
#11490=CARTESIAN_POINT('',(0.475,1.0,0.04));
#11491=CARTESIAN_POINT('',(0.475,1.0,0.04));
#11492=VECTOR('',#13210,1.0);
#11493=CARTESIAN_POINT('',(0.475,1.0,-0.02));
#11494=CARTESIAN_POINT('',(0.475,1.0,-0.02));
#11495=VECTOR('',#13211,1.0);
#11496=CARTESIAN_POINT('',(0.475,0.8,-0.02));
#11497=CARTESIAN_POINT('',(0.475,0.8,-0.02));
#11498=VECTOR('',#13212,1.0);
#11499=AXIS2_PLACEMENT_3D('',#13213,#13214,#13215);
#11500=CARTESIAN_POINT('',(0.575,0.8,-0.02));
#11501=VECTOR('',#13216,1.0);
#11502=CARTESIAN_POINT('',(0.575,1.0,-0.02));
#11503=VECTOR('',#13217,1.0);
#11504=CARTESIAN_POINT('',(0.575,1.0,0.04));
#11505=VECTOR('',#13218,1.0);
#11506=CARTESIAN_POINT('',(0.575,0.799999999999992,0.04));
#11507=VECTOR('',#13219,1.0);
#11508=CARTESIAN_POINT('',(0.575,-0.779999999999992,0.06));
#11509=CARTESIAN_POINT('',(0.575,-0.35,0.0600000000000001));
#11510=VECTOR('',#13220,1.0);
#11511=CARTESIAN_POINT('',(0.475,-0.779999999999992,0.06));
#11512=CARTESIAN_POINT('',(0.475,-0.35,0.0600000000000001));
#11513=VECTOR('',#13221,1.0);
#11514=CARTESIAN_POINT('',(0.575,-0.779999999999992,0.06));
#11515=VECTOR('',#13222,1.0);
#11516=CARTESIAN_POINT('',(0.575,-0.35,0.0600000000000001));
#11517=VECTOR('',#13223,1.0);
#11518=CARTESIAN_POINT('',(0.575,-0.799999999999992,0.04));
#11519=AXIS2_PLACEMENT_3D('',#13224,#13225,#13226);
#11520=CARTESIAN_POINT('',(0.575,-1.0,0.04));
#11521=CARTESIAN_POINT('',(0.575,-0.799999999999992,0.04));
#11522=VECTOR('',#13227,1.0);
#11523=CARTESIAN_POINT('',(0.575,-1.0,-0.02));
#11524=CARTESIAN_POINT('',(0.575,-1.0,0.04));
#11525=VECTOR('',#13228,1.0);
#11526=CARTESIAN_POINT('',(0.575,-0.8,-0.02));
#11527=CARTESIAN_POINT('',(0.575,-1.0,-0.02));
#11528=VECTOR('',#13229,1.0);
#11529=AXIS2_PLACEMENT_3D('',#13230,#13231,#13232);
#11530=CARTESIAN_POINT('',(0.475,-0.35,0.0600000000000001));
#11531=VECTOR('',#13233,1.0);
#11532=CARTESIAN_POINT('',(0.475,-0.8,-0.02));
#11533=AXIS2_PLACEMENT_3D('',#13234,#13235,#13236);
#11534=CARTESIAN_POINT('',(0.475,-1.0,-0.02));
#11535=CARTESIAN_POINT('',(0.475,-1.0,-0.02));
#11536=VECTOR('',#13237,1.0);
#11537=CARTESIAN_POINT('',(0.475,-1.0,0.04));
#11538=CARTESIAN_POINT('',(0.475,-1.0,0.04));
#11539=VECTOR('',#13238,1.0);
#11540=CARTESIAN_POINT('',(0.475,-0.799999999999992,0.04));
#11541=CARTESIAN_POINT('',(0.475,-0.799999999999992,0.04));
#11542=VECTOR('',#13239,1.0);
#11543=AXIS2_PLACEMENT_3D('',#13240,#13241,#13242);
#11544=CARTESIAN_POINT('',(0.575,-1.0,-0.02));
#11545=VECTOR('',#13243,1.0);
#11546=CARTESIAN_POINT('',(0.575,-1.0,0.04));
#11547=VECTOR('',#13244,1.0);
#11548=CARTESIAN_POINT('',(0.575,-0.8,-0.02));
#11549=VECTOR('',#13245,1.0);
#11550=CARTESIAN_POINT('',(0.575,-0.799999999999992,0.04));
#11551=VECTOR('',#13246,1.0);
#11552=CARTESIAN_POINT('',(-0.0649999999999998,0.614999999999992,0.34));
#11553=CARTESIAN_POINT('',(-0.0649999999999998,0.614999999999992,0.14));
#11554=VECTOR('',#13247,1.0);
#11555=CARTESIAN_POINT('',(-0.0649999999999998,0.629999999999992,0.355));
#11556=CARTESIAN_POINT('',(-0.0649999999999998,0.614999999999992,0.34));
#11557=VECTOR('',#13248,1.0);
#11558=CARTESIAN_POINT('',(-0.0649999999999998,0.629999999999992,0.355));
#11559=VECTOR('',#13249,1.0);
#11560=CARTESIAN_POINT('',(-0.285,0.629999999999992,0.355));
#11561=CARTESIAN_POINT('',(-0.285,0.629999999999992,0.355));
#11562=VECTOR('',#13250,1.0);
#11563=CARTESIAN_POINT('',(-0.285,0.614999999999992,0.34));
#11564=CARTESIAN_POINT('',(-0.285,0.614999999999992,0.34));
#11565=VECTOR('',#13251,1.0);
#11566=CARTESIAN_POINT('',(-0.285,0.614999999999992,0.14));
#11567=VECTOR('',#13252,1.0);
#11568=CARTESIAN_POINT('',(-0.0649999999999998,0.614999999999992,0.34));
#11569=VECTOR('',#13253,1.0);
#11570=CARTESIAN_POINT('',(-0.0649999999999998,0.629999999999992,0.355));
#11571=VECTOR('',#13254,1.0);
#11572=CARTESIAN_POINT('',(0.285,0.614999999999992,0.34));
#11573=CARTESIAN_POINT('',(0.285,0.614999999999992,0.14));
#11574=VECTOR('',#13255,1.0);
#11575=CARTESIAN_POINT('',(0.285,0.629999999999992,0.355));
#11576=CARTESIAN_POINT('',(0.285,0.614999999999992,0.34));
#11577=VECTOR('',#13256,1.0);
#11578=CARTESIAN_POINT('',(0.285,0.629999999999992,0.355));
#11579=VECTOR('',#13257,1.0);
#11580=CARTESIAN_POINT('',(0.0650000000000002,0.629999999999992,0.355));
#11581=CARTESIAN_POINT('',(0.0650000000000002,0.629999999999992,0.355));
#11582=VECTOR('',#13258,1.0);
#11583=CARTESIAN_POINT('',(0.0650000000000002,0.614999999999992,0.34));
#11584=CARTESIAN_POINT('',(0.0650000000000002,0.614999999999992,0.34));
#11585=VECTOR('',#13259,1.0);
#11586=CARTESIAN_POINT('',(0.0650000000000002,0.614999999999992,0.14));
#11587=VECTOR('',#13260,1.0);
#11588=CARTESIAN_POINT('',(0.285,0.614999999999992,0.34));
#11589=VECTOR('',#13261,1.0);
#11590=CARTESIAN_POINT('',(0.285,0.629999999999992,0.355));
#11591=VECTOR('',#13262,1.0);
#11592=CARTESIAN_POINT('',(-0.415,0.614999999999992,0.34));
#11593=CARTESIAN_POINT('',(-0.415,0.614999999999992,0.14));
#11594=VECTOR('',#13263,1.0);
#11595=CARTESIAN_POINT('',(-0.415,0.629999999999992,0.355));
#11596=CARTESIAN_POINT('',(-0.415,0.614999999999992,0.34));
#11597=VECTOR('',#13264,1.0);
#11598=CARTESIAN_POINT('',(-0.415,0.629999999999992,0.355));
#11599=VECTOR('',#13265,1.0);
#11600=CARTESIAN_POINT('',(-0.635,0.629999999999992,0.355));
#11601=CARTESIAN_POINT('',(-0.635,0.629999999999992,0.355));
#11602=VECTOR('',#13266,1.0);
#11603=CARTESIAN_POINT('',(-0.635,0.614999999999992,0.34));
#11604=CARTESIAN_POINT('',(-0.635,0.614999999999992,0.34));
#11605=VECTOR('',#13267,1.0);
#11606=CARTESIAN_POINT('',(-0.635,0.614999999999992,0.14));
#11607=VECTOR('',#13268,1.0);
#11608=CARTESIAN_POINT('',(-0.415,0.614999999999992,0.34));
#11609=VECTOR('',#13269,1.0);
#11610=CARTESIAN_POINT('',(-0.415,0.629999999999992,0.355));
#11611=VECTOR('',#13270,1.0);
#11612=CARTESIAN_POINT('',(-0.0649999999999998,-0.629999999999992,0.355));
#11613=CARTESIAN_POINT('',(-0.0649999999999998,-0.629999999999992,0.37));
#11614=VECTOR('',#13271,1.0);
#11615=CARTESIAN_POINT('',(-0.0649999999999998,-0.614999999999992,0.34));
#11616=CARTESIAN_POINT('',(-0.0649999999999998,-0.629999999999992,0.355));
#11617=VECTOR('',#13272,1.0);
#11618=CARTESIAN_POINT('',(-0.0649999999999998,-0.614999999999992,0.34));
#11619=VECTOR('',#13273,1.0);
#11620=CARTESIAN_POINT('',(-0.285,-0.629999999999992,0.355));
#11621=CARTESIAN_POINT('',(-0.285,-0.629999999999992,0.37));
#11622=VECTOR('',#13274,1.0);
#11623=CARTESIAN_POINT('',(-0.285,-0.614999999999992,0.34));
#11624=CARTESIAN_POINT('',(-0.285,-0.614999999999992,0.34));
#11625=VECTOR('',#13275,1.0);
#11626=CARTESIAN_POINT('',(-0.285,-0.629999999999992,0.355));
#11627=VECTOR('',#13276,1.0);
#11628=CARTESIAN_POINT('',(-0.0649999999999998,-0.629999999999992,0.355));
#11629=VECTOR('',#13277,1.0);
#11630=CARTESIAN_POINT('',(-0.0649999999999998,-0.614999999999992,0.34));
#11631=VECTOR('',#13278,1.0);
#11632=CARTESIAN_POINT('',(0.285,-0.629999999999992,0.355));
#11633=CARTESIAN_POINT('',(0.285,-0.629999999999992,0.37));
#11634=VECTOR('',#13279,1.0);
#11635=CARTESIAN_POINT('',(0.285,-0.614999999999992,0.34));
#11636=CARTESIAN_POINT('',(0.285,-0.629999999999992,0.355));
#11637=VECTOR('',#13280,1.0);
#11638=CARTESIAN_POINT('',(0.285,-0.614999999999992,0.34));
#11639=VECTOR('',#13281,1.0);
#11640=CARTESIAN_POINT('',(0.0650000000000002,-0.629999999999992,0.355));
#11641=CARTESIAN_POINT('',(0.0650000000000002,-0.629999999999992,0.37));
#11642=VECTOR('',#13282,1.0);
#11643=CARTESIAN_POINT('',(0.0650000000000002,-0.614999999999992,0.34));
#11644=CARTESIAN_POINT('',(0.0650000000000002,-0.614999999999992,0.34));
#11645=VECTOR('',#13283,1.0);
#11646=CARTESIAN_POINT('',(0.0650000000000002,-0.629999999999992,0.355));
#11647=VECTOR('',#13284,1.0);
#11648=CARTESIAN_POINT('',(0.285,-0.629999999999992,0.355));
#11649=VECTOR('',#13285,1.0);
#11650=CARTESIAN_POINT('',(0.285,-0.614999999999992,0.34));
#11651=VECTOR('',#13286,1.0);
#11652=CARTESIAN_POINT('',(-0.415,-0.629999999999992,0.355));
#11653=CARTESIAN_POINT('',(-0.415,-0.629999999999992,0.37));
#11654=VECTOR('',#13287,1.0);
#11655=CARTESIAN_POINT('',(-0.415,-0.614999999999992,0.34));
#11656=CARTESIAN_POINT('',(-0.415,-0.629999999999992,0.355));
#11657=VECTOR('',#13288,1.0);
#11658=CARTESIAN_POINT('',(-0.415,-0.614999999999992,0.34));
#11659=VECTOR('',#13289,1.0);
#11660=CARTESIAN_POINT('',(-0.635,-0.629999999999992,0.355));
#11661=CARTESIAN_POINT('',(-0.635,-0.629999999999992,0.37));
#11662=VECTOR('',#13290,1.0);
#11663=CARTESIAN_POINT('',(-0.635,-0.614999999999992,0.34));
#11664=CARTESIAN_POINT('',(-0.635,-0.614999999999992,0.34));
#11665=VECTOR('',#13291,1.0);
#11666=CARTESIAN_POINT('',(-0.635,-0.629999999999992,0.355));
#11667=VECTOR('',#13292,1.0);
#11668=CARTESIAN_POINT('',(-0.415,-0.629999999999992,0.355));
#11669=VECTOR('',#13293,1.0);
#11670=CARTESIAN_POINT('',(-0.415,-0.614999999999992,0.34));
#11671=VECTOR('',#13294,1.0);
#11672=CARTESIAN_POINT('',(-0.475,0.8,-0.02));
#11673=AXIS2_PLACEMENT_3D('',#13295,#13296,#13297);
#11674=CARTESIAN_POINT('',(-0.475,1.0,-0.02));
#11675=CARTESIAN_POINT('',(-0.475,0.8,-0.02));
#11676=VECTOR('',#13298,1.0);
#11677=CARTESIAN_POINT('',(-0.475,1.0,0.04));
#11678=CARTESIAN_POINT('',(-0.475,1.0,-0.02));
#11679=VECTOR('',#13299,1.0);
#11680=CARTESIAN_POINT('',(-0.475,0.799999999999992,0.04));
#11681=CARTESIAN_POINT('',(-0.475,1.0,0.04));
#11682=VECTOR('',#13300,1.0);
#11683=AXIS2_PLACEMENT_3D('',#13301,#13302,#13303);
#11684=CARTESIAN_POINT('',(-0.475,0.779999999999992,0.06));
#11685=VECTOR('',#13304,1.0);
#11686=CARTESIAN_POINT('',(-0.575,0.779999999999992,0.06));
#11687=VECTOR('',#13305,1.0);
#11688=CARTESIAN_POINT('',(-0.575,0.799999999999992,0.04));
#11689=AXIS2_PLACEMENT_3D('',#13306,#13307,#13308);
#11690=CARTESIAN_POINT('',(-0.575,1.0,0.04));
#11691=CARTESIAN_POINT('',(-0.575,1.0,0.04));
#11692=VECTOR('',#13309,1.0);
#11693=CARTESIAN_POINT('',(-0.575,1.0,-0.02));
#11694=CARTESIAN_POINT('',(-0.575,1.0,-0.02));
#11695=VECTOR('',#13310,1.0);
#11696=CARTESIAN_POINT('',(-0.575,0.8,-0.02));
#11697=CARTESIAN_POINT('',(-0.575,0.8,-0.02));
#11698=VECTOR('',#13311,1.0);
#11699=AXIS2_PLACEMENT_3D('',#13312,#13313,#13314);
#11700=CARTESIAN_POINT('',(-0.475,0.8,-0.02));
#11701=VECTOR('',#13315,1.0);
#11702=CARTESIAN_POINT('',(-0.475,1.0,-0.02));
#11703=VECTOR('',#13316,1.0);
#11704=CARTESIAN_POINT('',(-0.475,1.0,0.04));
#11705=VECTOR('',#13317,1.0);
#11706=CARTESIAN_POINT('',(-0.475,0.799999999999992,0.04));
#11707=VECTOR('',#13318,1.0);
#11708=CARTESIAN_POINT('',(-0.125,0.8,-0.02));
#11709=AXIS2_PLACEMENT_3D('',#13319,#13320,#13321);
#11710=CARTESIAN_POINT('',(-0.125,1.0,-0.02));
#11711=CARTESIAN_POINT('',(-0.125,0.8,-0.02));
#11712=VECTOR('',#13322,1.0);
#11713=CARTESIAN_POINT('',(-0.125,1.0,0.04));
#11714=CARTESIAN_POINT('',(-0.125,1.0,-0.02));
#11715=VECTOR('',#13323,1.0);
#11716=CARTESIAN_POINT('',(-0.125,0.799999999999992,0.04));
#11717=CARTESIAN_POINT('',(-0.125,1.0,0.04));
#11718=VECTOR('',#13324,1.0);
#11719=AXIS2_PLACEMENT_3D('',#13325,#13326,#13327);
#11720=CARTESIAN_POINT('',(-0.125,0.779999999999992,0.06));
#11721=VECTOR('',#13328,1.0);
#11722=CARTESIAN_POINT('',(-0.225,0.779999999999992,0.06));
#11723=VECTOR('',#13329,1.0);
#11724=CARTESIAN_POINT('',(-0.225,0.799999999999992,0.04));
#11725=AXIS2_PLACEMENT_3D('',#13330,#13331,#13332);
#11726=CARTESIAN_POINT('',(-0.225,1.0,0.04));
#11727=CARTESIAN_POINT('',(-0.225,1.0,0.04));
#11728=VECTOR('',#13333,1.0);
#11729=CARTESIAN_POINT('',(-0.225,1.0,-0.02));
#11730=CARTESIAN_POINT('',(-0.225,1.0,-0.02));
#11731=VECTOR('',#13334,1.0);
#11732=CARTESIAN_POINT('',(-0.225,0.8,-0.02));
#11733=CARTESIAN_POINT('',(-0.225,0.8,-0.02));
#11734=VECTOR('',#13335,1.0);
#11735=AXIS2_PLACEMENT_3D('',#13336,#13337,#13338);
#11736=CARTESIAN_POINT('',(-0.125,0.8,-0.02));
#11737=VECTOR('',#13339,1.0);
#11738=CARTESIAN_POINT('',(-0.125,1.0,-0.02));
#11739=VECTOR('',#13340,1.0);
#11740=CARTESIAN_POINT('',(-0.125,1.0,0.04));
#11741=VECTOR('',#13341,1.0);
#11742=CARTESIAN_POINT('',(-0.125,0.799999999999992,0.04));
#11743=VECTOR('',#13342,1.0);
#11744=CARTESIAN_POINT('',(0.225,0.8,-0.02));
#11745=AXIS2_PLACEMENT_3D('',#13343,#13344,#13345);
#11746=CARTESIAN_POINT('',(0.225,1.0,-0.02));
#11747=CARTESIAN_POINT('',(0.225,0.8,-0.02));
#11748=VECTOR('',#13346,1.0);
#11749=CARTESIAN_POINT('',(0.225,1.0,0.04));
#11750=CARTESIAN_POINT('',(0.225,1.0,-0.02));
#11751=VECTOR('',#13347,1.0);
#11752=CARTESIAN_POINT('',(0.225,0.799999999999992,0.04));
#11753=CARTESIAN_POINT('',(0.225,1.0,0.04));
#11754=VECTOR('',#13348,1.0);
#11755=AXIS2_PLACEMENT_3D('',#13349,#13350,#13351);
#11756=CARTESIAN_POINT('',(0.225,0.779999999999992,0.06));
#11757=VECTOR('',#13352,1.0);
#11758=CARTESIAN_POINT('',(0.125,0.779999999999992,0.06));
#11759=VECTOR('',#13353,1.0);
#11760=CARTESIAN_POINT('',(0.125,0.799999999999992,0.04));
#11761=AXIS2_PLACEMENT_3D('',#13354,#13355,#13356);
#11762=CARTESIAN_POINT('',(0.125,1.0,0.04));
#11763=CARTESIAN_POINT('',(0.125,1.0,0.04));
#11764=VECTOR('',#13357,1.0);
#11765=CARTESIAN_POINT('',(0.125,1.0,-0.02));
#11766=CARTESIAN_POINT('',(0.125,1.0,-0.02));
#11767=VECTOR('',#13358,1.0);
#11768=CARTESIAN_POINT('',(0.125,0.8,-0.02));
#11769=CARTESIAN_POINT('',(0.125,0.8,-0.02));
#11770=VECTOR('',#13359,1.0);
#11771=AXIS2_PLACEMENT_3D('',#13360,#13361,#13362);
#11772=CARTESIAN_POINT('',(0.225,0.8,-0.02));
#11773=VECTOR('',#13363,1.0);
#11774=CARTESIAN_POINT('',(0.225,1.0,-0.02));
#11775=VECTOR('',#13364,1.0);
#11776=CARTESIAN_POINT('',(0.225,1.0,0.04));
#11777=VECTOR('',#13365,1.0);
#11778=CARTESIAN_POINT('',(0.225,0.799999999999992,0.04));
#11779=VECTOR('',#13366,1.0);
#11780=CARTESIAN_POINT('',(-0.475,-0.779999999999992,0.06));
#11781=CARTESIAN_POINT('',(-0.475,-0.35,0.0600000000000001));
#11782=VECTOR('',#13367,1.0);
#11783=CARTESIAN_POINT('',(-0.575,-0.779999999999992,0.06));
#11784=CARTESIAN_POINT('',(-0.575,-0.35,0.0600000000000001));
#11785=VECTOR('',#13368,1.0);
#11786=CARTESIAN_POINT('',(-0.475,-0.779999999999992,0.06));
#11787=VECTOR('',#13369,1.0);
#11788=CARTESIAN_POINT('',(-0.475,-0.35,0.0600000000000001));
#11789=VECTOR('',#13370,1.0);
#11790=CARTESIAN_POINT('',(-0.475,-0.799999999999992,0.04));
#11791=AXIS2_PLACEMENT_3D('',#13371,#13372,#13373);
#11792=CARTESIAN_POINT('',(-0.475,-1.0,0.04));
#11793=CARTESIAN_POINT('',(-0.475,-0.799999999999992,0.04));
#11794=VECTOR('',#13374,1.0);
#11795=CARTESIAN_POINT('',(-0.475,-1.0,-0.02));
#11796=CARTESIAN_POINT('',(-0.475,-1.0,0.04));
#11797=VECTOR('',#13375,1.0);
#11798=CARTESIAN_POINT('',(-0.475,-0.8,-0.02));
#11799=CARTESIAN_POINT('',(-0.475,-1.0,-0.02));
#11800=VECTOR('',#13376,1.0);
#11801=AXIS2_PLACEMENT_3D('',#13377,#13378,#13379);
#11802=CARTESIAN_POINT('',(-0.575,-0.35,0.0600000000000001));
#11803=VECTOR('',#13380,1.0);
#11804=CARTESIAN_POINT('',(-0.575,-0.8,-0.02));
#11805=AXIS2_PLACEMENT_3D('',#13381,#13382,#13383);
#11806=CARTESIAN_POINT('',(-0.575,-1.0,-0.02));
#11807=CARTESIAN_POINT('',(-0.575,-1.0,-0.02));
#11808=VECTOR('',#13384,1.0);
#11809=CARTESIAN_POINT('',(-0.575,-1.0,0.04));
#11810=CARTESIAN_POINT('',(-0.575,-1.0,0.04));
#11811=VECTOR('',#13385,1.0);
#11812=CARTESIAN_POINT('',(-0.575,-0.799999999999992,0.04));
#11813=CARTESIAN_POINT('',(-0.575,-0.799999999999992,0.04));
#11814=VECTOR('',#13386,1.0);
#11815=AXIS2_PLACEMENT_3D('',#13387,#13388,#13389);
#11816=CARTESIAN_POINT('',(-0.475,-1.0,-0.02));
#11817=VECTOR('',#13390,1.0);
#11818=CARTESIAN_POINT('',(-0.475,-1.0,0.04));
#11819=VECTOR('',#13391,1.0);
#11820=CARTESIAN_POINT('',(-0.475,-0.8,-0.02));
#11821=VECTOR('',#13392,1.0);
#11822=CARTESIAN_POINT('',(-0.475,-0.799999999999992,0.04));
#11823=VECTOR('',#13393,1.0);
#11824=CARTESIAN_POINT('',(-0.125,-0.779999999999992,0.06));
#11825=CARTESIAN_POINT('',(-0.125,-0.35,0.0600000000000001));
#11826=VECTOR('',#13394,1.0);
#11827=CARTESIAN_POINT('',(-0.225,-0.779999999999992,0.06));
#11828=CARTESIAN_POINT('',(-0.225,-0.35,0.0600000000000001));
#11829=VECTOR('',#13395,1.0);
#11830=CARTESIAN_POINT('',(-0.125,-0.779999999999992,0.06));
#11831=VECTOR('',#13396,1.0);
#11832=CARTESIAN_POINT('',(-0.125,-0.35,0.0600000000000001));
#11833=VECTOR('',#13397,1.0);
#11834=CARTESIAN_POINT('',(-0.125,-0.799999999999992,0.04));
#11835=AXIS2_PLACEMENT_3D('',#13398,#13399,#13400);
#11836=CARTESIAN_POINT('',(-0.125,-1.0,0.04));
#11837=CARTESIAN_POINT('',(-0.125,-0.799999999999992,0.04));
#11838=VECTOR('',#13401,1.0);
#11839=CARTESIAN_POINT('',(-0.125,-1.0,-0.02));
#11840=CARTESIAN_POINT('',(-0.125,-1.0,0.04));
#11841=VECTOR('',#13402,1.0);
#11842=CARTESIAN_POINT('',(-0.125,-0.8,-0.02));
#11843=CARTESIAN_POINT('',(-0.125,-1.0,-0.02));
#11844=VECTOR('',#13403,1.0);
#11845=AXIS2_PLACEMENT_3D('',#13404,#13405,#13406);
#11846=CARTESIAN_POINT('',(-0.225,-0.35,0.0600000000000001));
#11847=VECTOR('',#13407,1.0);
#11848=CARTESIAN_POINT('',(-0.225,-0.8,-0.02));
#11849=AXIS2_PLACEMENT_3D('',#13408,#13409,#13410);
#11850=CARTESIAN_POINT('',(-0.225,-1.0,-0.02));
#11851=CARTESIAN_POINT('',(-0.225,-1.0,-0.02));
#11852=VECTOR('',#13411,1.0);
#11853=CARTESIAN_POINT('',(-0.225,-1.0,0.04));
#11854=CARTESIAN_POINT('',(-0.225,-1.0,0.04));
#11855=VECTOR('',#13412,1.0);
#11856=CARTESIAN_POINT('',(-0.225,-0.799999999999992,0.04));
#11857=CARTESIAN_POINT('',(-0.225,-0.799999999999992,0.04));
#11858=VECTOR('',#13413,1.0);
#11859=AXIS2_PLACEMENT_3D('',#13414,#13415,#13416);
#11860=CARTESIAN_POINT('',(-0.125,-1.0,-0.02));
#11861=VECTOR('',#13417,1.0);
#11862=CARTESIAN_POINT('',(-0.125,-1.0,0.04));
#11863=VECTOR('',#13418,1.0);
#11864=CARTESIAN_POINT('',(-0.125,-0.8,-0.02));
#11865=VECTOR('',#13419,1.0);
#11866=CARTESIAN_POINT('',(-0.125,-0.799999999999992,0.04));
#11867=VECTOR('',#13420,1.0);
#11868=CARTESIAN_POINT('',(0.225,-0.779999999999992,0.06));
#11869=CARTESIAN_POINT('',(0.225,-0.35,0.0600000000000001));
#11870=VECTOR('',#13421,1.0);
#11871=CARTESIAN_POINT('',(0.125,-0.779999999999992,0.06));
#11872=CARTESIAN_POINT('',(0.125,-0.35,0.0600000000000001));
#11873=VECTOR('',#13422,1.0);
#11874=CARTESIAN_POINT('',(0.225,-0.779999999999992,0.06));
#11875=VECTOR('',#13423,1.0);
#11876=CARTESIAN_POINT('',(0.225,-0.35,0.0600000000000001));
#11877=VECTOR('',#13424,1.0);
#11878=CARTESIAN_POINT('',(0.225,-0.799999999999992,0.04));
#11879=AXIS2_PLACEMENT_3D('',#13425,#13426,#13427);
#11880=CARTESIAN_POINT('',(0.225,-1.0,0.04));
#11881=CARTESIAN_POINT('',(0.225,-0.799999999999992,0.04));
#11882=VECTOR('',#13428,1.0);
#11883=CARTESIAN_POINT('',(0.225,-1.0,-0.02));
#11884=CARTESIAN_POINT('',(0.225,-1.0,0.04));
#11885=VECTOR('',#13429,1.0);
#11886=CARTESIAN_POINT('',(0.225,-0.8,-0.02));
#11887=CARTESIAN_POINT('',(0.225,-1.0,-0.02));
#11888=VECTOR('',#13430,1.0);
#11889=AXIS2_PLACEMENT_3D('',#13431,#13432,#13433);
#11890=CARTESIAN_POINT('',(0.125,-0.35,0.0600000000000001));
#11891=VECTOR('',#13434,1.0);
#11892=CARTESIAN_POINT('',(0.125,-0.8,-0.02));
#11893=AXIS2_PLACEMENT_3D('',#13435,#13436,#13437);
#11894=CARTESIAN_POINT('',(0.125,-1.0,-0.02));
#11895=CARTESIAN_POINT('',(0.125,-1.0,-0.02));
#11896=VECTOR('',#13438,1.0);
#11897=CARTESIAN_POINT('',(0.125,-1.0,0.04));
#11898=CARTESIAN_POINT('',(0.125,-1.0,0.04));
#11899=VECTOR('',#13439,1.0);
#11900=CARTESIAN_POINT('',(0.125,-0.799999999999992,0.04));
#11901=CARTESIAN_POINT('',(0.125,-0.799999999999992,0.04));
#11902=VECTOR('',#13440,1.0);
#11903=AXIS2_PLACEMENT_3D('',#13441,#13442,#13443);
#11904=CARTESIAN_POINT('',(0.225,-1.0,-0.02));
#11905=VECTOR('',#13444,1.0);
#11906=CARTESIAN_POINT('',(0.225,-1.0,0.04));
#11907=VECTOR('',#13445,1.0);
#11908=CARTESIAN_POINT('',(0.225,-0.8,-0.02));
#11909=VECTOR('',#13446,1.0);
#11910=CARTESIAN_POINT('',(0.225,-0.799999999999992,0.04));
#11911=VECTOR('',#13447,1.0);
#11912=DIRECTION('',(0.0,0.554700196225229,-0.832050294337844));
#11913=DIRECTION('',(-0.639602149066835,-0.426401432711219,0.639602149066829));
#11914=DIRECTION('',(-1.0,0.0,0.0));
#11915=DIRECTION('',(-0.639602149066834,0.42640143271122,-0.639602149066829));
#11916=DIRECTION('',(0.0,0.554700196225229,-0.832050294337844));
#11917=DIRECTION('',(-1.0,0.0,0.0));
#11918=DIRECTION('',(0.0,0.554700196225229,-0.832050294337844));
#11919=DIRECTION('',(-0.639602149066835,-0.426401432711219,0.639602149066829));
#11920=DIRECTION('',(-1.0,0.0,0.0));
#11921=DIRECTION('',(-0.639602149066834,0.42640143271122,-0.639602149066829));
#11922=DIRECTION('',(0.0,0.554700196225229,-0.832050294337844));
#11923=DIRECTION('',(-1.0,0.0,0.0));
#11924=DIRECTION('',(0.0,0.554700196225229,-0.832050294337844));
#11925=DIRECTION('',(-0.639602149066835,-0.426401432711219,0.639602149066829));
#11926=DIRECTION('',(-1.0,0.0,0.0));
#11927=DIRECTION('',(0.0,0.554700196225229,-0.832050294337844));
#11928=DIRECTION('',(-1.0,0.0,0.0));
#11929=DIRECTION('',(-1.0,0.0,0.0));
#11930=DIRECTION('',(0.63960214906683,-0.426401432711222,-0.639602149066832));
#11931=DIRECTION('',(0.0,0.554700196225229,0.832050294337844));
#11932=DIRECTION('',(-1.0,0.0,0.0));
#11933=DIRECTION('',(0.0,0.554700196225229,0.832050294337844));
#11934=DIRECTION('',(0.639602149066829,0.426401432711222,0.639602149066833));
#11935=DIRECTION('',(-1.0,0.0,0.0));
#11936=DIRECTION('',(0.63960214906683,-0.426401432711222,-0.639602149066832));
#11937=DIRECTION('',(0.0,0.554700196225229,0.832050294337844));
#11938=DIRECTION('',(-1.0,0.0,0.0));
#11939=DIRECTION('',(0.0,0.554700196225229,0.832050294337844));
#11940=DIRECTION('',(0.639602149066829,0.426401432711222,0.639602149066833));
#11941=DIRECTION('',(-1.0,0.0,0.0));
#11942=DIRECTION('',(0.63960214906683,-0.426401432711222,-0.639602149066832));
#11943=DIRECTION('',(0.0,0.554700196225229,0.832050294337844));
#11944=DIRECTION('',(-1.0,0.0,0.0));
#11945=DIRECTION('',(0.0,0.554700196225229,0.832050294337844));
#11946=DIRECTION('',(-1.0,0.0,0.0));
#11947=DIRECTION('',(0.0,-1.0,2.04863782591742E-16));
#11948=DIRECTION('',(-1.0,0.0,0.0));
#11949=DIRECTION('',(0.0,-1.0,2.04863782591742E-16));
#11950=DIRECTION('',(-1.0,0.0,0.0));
#11951=DIRECTION('',(0.0,-1.0,2.04863782591742E-16));
#11952=DIRECTION('',(-1.0,0.0,0.0));
#11953=DIRECTION('',(0.0,-1.0,2.04863782591742E-16));
#11954=DIRECTION('',(-1.0,0.0,0.0));
#11955=DIRECTION('',(0.0,-1.0,2.04863782591742E-16));
#11956=DIRECTION('',(-1.0,0.0,0.0));
#11957=DIRECTION('',(0.0,-1.0,2.04863782591742E-16));
#11958=DIRECTION('',(0.0,0.0,-1.0));
#11959=DIRECTION('',(0.0,0.0,-1.0));
#11960=DIRECTION('',(-1.0,0.0,0.0));
#11961=DIRECTION('',(0.0,0.0,-1.0));
#11962=DIRECTION('',(0.0,0.0,-1.0));
#11963=DIRECTION('',(-1.0,0.0,0.0));
#11964=DIRECTION('',(0.0,0.0,-1.0));
#11965=DIRECTION('',(0.0,0.0,-1.0));
#11966=DIRECTION('',(-1.0,0.0,0.0));
#11967=DIRECTION('',(0.0,0.0,1.0));
#11968=DIRECTION('',(-1.0,0.0,0.0));
#11969=DIRECTION('',(0.0,0.0,1.0));
#11970=DIRECTION('',(0.0,0.0,1.0));
#11971=DIRECTION('',(-1.0,0.0,0.0));
#11972=DIRECTION('',(0.0,0.0,1.0));
#11973=DIRECTION('',(0.0,0.0,1.0));
#11974=DIRECTION('',(-1.0,0.0,0.0));
#11975=DIRECTION('',(0.0,0.0,1.0));
#11976=DIRECTION('',(0.0,0.913811548620227,-0.406138466053515));
#11977=DIRECTION('',(-1.0,0.0,0.0));
#11978=DIRECTION('',(0.0,0.913811548620227,-0.406138466053515));
#11979=DIRECTION('',(-1.0,0.0,0.0));
#11980=DIRECTION('',(0.0,0.913811548620227,-0.406138466053515));
#11981=DIRECTION('',(-1.0,0.0,0.0));
#11982=DIRECTION('',(0.0,0.913811548620227,-0.406138466053515));
#11983=DIRECTION('',(-1.0,0.0,0.0));
#11984=DIRECTION('',(0.0,0.913811548620227,-0.406138466053515));
#11985=DIRECTION('',(-1.0,0.0,0.0));
#11986=DIRECTION('',(0.0,0.913811548620227,-0.406138466053515));
#11987=DIRECTION('',(-1.0,0.0,0.0));
#11988=DIRECTION('',(0.0,1.8896095006176E-13,-1.0));
#11989=DIRECTION('',(0.0,1.8896095006176E-13,-1.0));
#11990=DIRECTION('',(-1.0,0.0,0.0));
#11991=DIRECTION('',(0.0,1.8896095006176E-13,-1.0));
#11992=DIRECTION('',(0.0,1.8896095006176E-13,-1.0));
#11993=DIRECTION('',(-1.0,0.0,0.0));
#11994=DIRECTION('',(0.0,1.8896095006176E-13,-1.0));
#11995=DIRECTION('',(0.0,1.8896095006176E-13,-1.0));
#11996=DIRECTION('',(-1.0,0.0,0.0));
#11997=CARTESIAN_POINT('',(0.285000000000001,-0.585,0.235));
#11998=DIRECTION('',(-1.0,0.0,0.0));
#11999=DIRECTION('',(0.0,0.0,1.0));
#12000=DIRECTION('',(0.0,0.0,-1.0));
#12001=DIRECTION('',(0.0,-1.0,0.0));
#12002=DIRECTION('',(0.0,0.0,-1.0));
#12003=DIRECTION('',(-1.0,0.0,0.0));
#12004=DIRECTION('',(0.0,1.0,0.0));
#12005=DIRECTION('',(0.0,1.0,0.0));
#12006=DIRECTION('',(-1.0,0.0,0.0));
#12007=DIRECTION('',(9.63735264431562E-15,1.0,0.0));
#12008=DIRECTION('',(1.0,0.0,0.0));
#12009=DIRECTION('',(0.0,1.8896095006176E-13,1.0));
#12010=DIRECTION('',(1.0,0.0,0.0));
#12011=DIRECTION('',(0.0,1.8896095006176E-13,1.0));
#12012=DIRECTION('',(-1.0,0.0,0.0));
#12013=DIRECTION('',(0.0,1.8896095006176E-13,1.0));
#12014=DIRECTION('',(-1.0,0.0,0.0));
#12015=DIRECTION('',(0.0,1.8896095006176E-13,1.0));
#12016=DIRECTION('',(-1.0,0.0,0.0));
#12017=DIRECTION('',(0.0,1.8896095006176E-13,1.0));
#12018=DIRECTION('',(-1.0,0.0,0.0));
#12019=DIRECTION('',(0.0,1.8896095006176E-13,1.0));
#12020=DIRECTION('',(-1.0,0.0,0.0));
#12021=DIRECTION('',(0.0,0.913811548620227,0.406138466053515));
#12022=DIRECTION('',(0.0,0.913811548620227,0.406138466053515));
#12023=DIRECTION('',(-1.0,0.0,0.0));
#12024=DIRECTION('',(0.0,0.913811548620227,0.406138466053515));
#12025=DIRECTION('',(0.0,0.913811548620227,0.406138466053515));
#12026=DIRECTION('',(-1.0,0.0,0.0));
#12027=DIRECTION('',(0.0,0.913811548620227,0.406138466053515));
#12028=DIRECTION('',(0.0,0.913811548620227,0.406138466053515));
#12029=DIRECTION('',(-1.0,0.0,0.0));
#12030=DIRECTION('',(-1.0,0.0,0.0));
#12031=DIRECTION('',(0.0,-1.0,0.0));
#12032=DIRECTION('',(1.0,0.0,0.0));
#12033=DIRECTION('',(0.0,-1.0,0.0));
#12034=DIRECTION('',(0.0,-1.0,0.0));
#12035=DIRECTION('',(0.0,0.0,1.0));
#12036=CARTESIAN_POINT('',(0.285000000000001,0.585,0.235));
#12037=DIRECTION('',(-1.0,0.0,0.0));
#12038=DIRECTION('',(0.0,0.0,1.0));
#12039=DIRECTION('',(0.0,0.0,-1.0));
#12040=DIRECTION('',(0.0,1.0,0.0));
#12041=DIRECTION('',(-1.0,0.0,0.0));
#12042=DIRECTION('',(-1.0,0.0,0.0));
#12043=DIRECTION('',(-9.63735264431562E-15,1.0,0.0));
#12044=DIRECTION('',(-1.0,0.0,0.0));
#12045=DIRECTION('',(0.0,1.0,0.0));
#12046=DIRECTION('',(-1.0,0.0,0.0));
#12047=DIRECTION('',(0.0,-1.0,2.04863782591742E-16));
#12048=DIRECTION('',(-1.0,0.0,0.0));
#12049=DIRECTION('',(0.0,-1.0,2.04863782591742E-16));
#12050=DIRECTION('',(-1.0,0.0,0.0));
#12051=DIRECTION('',(-0.639602149066834,0.42640143271122,-0.639602149066829));
#12052=DIRECTION('',(0.0,0.554700196225229,-0.832050294337844));
#12053=DIRECTION('',(-1.0,0.0,0.0));
#12054=DIRECTION('',(0.0,0.554700196225229,-0.832050294337844));
#12055=DIRECTION('',(-0.639602149066835,-0.426401432711219,0.639602149066829));
#12056=DIRECTION('',(0.0,0.554700196225229,0.832050294337844));
#12057=DIRECTION('',(0.639602149066829,0.426401432711222,0.639602149066833));
#12058=DIRECTION('',(-1.0,0.0,0.0));
#12059=DIRECTION('',(0.63960214906683,-0.426401432711222,-0.639602149066832));
#12060=DIRECTION('',(0.0,0.554700196225229,0.832050294337844));
#12061=DIRECTION('',(-1.0,0.0,0.0));
#12062=DIRECTION('',(0.0,0.0,-1.0));
#12063=DIRECTION('',(-1.0,0.0,0.0));
#12064=DIRECTION('',(0.0,0.0,-1.0));
#12065=DIRECTION('',(-1.0,0.0,0.0));
#12066=DIRECTION('',(0.0,0.0,1.0));
#12067=DIRECTION('',(0.0,0.0,1.0));
#12068=DIRECTION('',(-1.0,0.0,0.0));
#12069=DIRECTION('',(0.0,0.913811548620227,-0.406138466053515));
#12070=DIRECTION('',(-1.0,0.0,0.0));
#12071=DIRECTION('',(0.0,0.913811548620227,-0.406138466053515));
#12072=DIRECTION('',(0.0,1.8896095006176E-13,-1.0));
#12073=DIRECTION('',(-1.0,0.0,0.0));
#12074=DIRECTION('',(0.0,1.8896095006176E-13,-1.0));
#12075=DIRECTION('',(0.0,-1.0,0.0));
#12076=DIRECTION('',(-1.0,0.0,0.0));
#12077=DIRECTION('',(0.0,-1.0,0.0));
#12078=DIRECTION('',(-1.0,0.0,0.0));
#12079=DIRECTION('',(-1.0,0.0,0.0));
#12080=DIRECTION('',(0.0,1.8896095006176E-13,1.0));
#12081=DIRECTION('',(-1.0,0.0,0.0));
#12082=DIRECTION('',(0.0,1.8896095006176E-13,1.0));
#12083=DIRECTION('',(0.0,0.913811548620227,0.406138466053515));
#12084=DIRECTION('',(-1.0,0.0,0.0));
#12085=DIRECTION('',(0.0,0.913811548620227,0.406138466053515));
#12086=CARTESIAN_POINT('',(-0.285,0.585,0.235));
#12087=DIRECTION('',(1.0,9.6373526443156E-15,0.0));
#12088=DIRECTION('',(-9.6373526443156E-15,1.0,0.0));
#12089=DIRECTION('',(-1.0,0.0,0.0));
#12090=CARTESIAN_POINT('',(-0.415,0.585,0.235));
#12091=DIRECTION('',(1.0,0.0,0.0));
#12092=DIRECTION('',(0.0,0.0,-1.0));
#12093=CARTESIAN_POINT('',(-0.415,0.585,0.235));
#12094=DIRECTION('',(1.0,0.0,0.0));
#12095=DIRECTION('',(0.0,0.0,-1.0));
#12096=CARTESIAN_POINT('',(-0.285,0.585,0.235));
#12097=DIRECTION('',(1.0,9.6373526443156E-15,0.0));
#12098=DIRECTION('',(-9.6373526443156E-15,1.0,0.0));
#12099=CARTESIAN_POINT('',(0.285000000000001,0.585,0.235));
#12100=DIRECTION('',(1.0,0.0,-0.0));
#12101=DIRECTION('',(0.0,0.0,1.0));
#12102=CARTESIAN_POINT('',(0.415,0.585,0.235));
#12103=DIRECTION('',(1.0,0.0,0.0));
#12104=DIRECTION('',(0.0,0.0,-1.0));
#12105=CARTESIAN_POINT('',(0.415,0.585,0.235));
#12106=DIRECTION('',(1.0,0.0,0.0));
#12107=DIRECTION('',(0.0,0.0,-1.0));
#12108=DIRECTION('',(-1.0,0.0,0.0));
#12109=CARTESIAN_POINT('',(-0.285,-0.585,0.235));
#12110=DIRECTION('',(1.0,-9.6373526443156E-15,0.0));
#12111=DIRECTION('',(9.6373526443156E-15,1.0,0.0));
#12112=CARTESIAN_POINT('',(-0.415,-0.585,0.235));
#12113=DIRECTION('',(1.0,0.0,0.0));
#12114=DIRECTION('',(0.0,0.0,-1.0));
#12115=CARTESIAN_POINT('',(-0.415,-0.585,0.235));
#12116=DIRECTION('',(1.0,0.0,0.0));
#12117=DIRECTION('',(0.0,0.0,-1.0));
#12118=DIRECTION('',(-1.0,0.0,0.0));
#12119=CARTESIAN_POINT('',(-0.285,-0.585,0.235));
#12120=DIRECTION('',(1.0,-9.6373526443156E-15,0.0));
#12121=DIRECTION('',(9.6373526443156E-15,1.0,0.0));
#12122=DIRECTION('',(-1.0,0.0,0.0));
#12123=CARTESIAN_POINT('',(0.415,-0.585,0.235));
#12124=DIRECTION('',(1.0,0.0,0.0));
#12125=DIRECTION('',(0.0,0.0,-1.0));
#12126=CARTESIAN_POINT('',(0.415,-0.585,0.235));
#12127=DIRECTION('',(1.0,0.0,0.0));
#12128=DIRECTION('',(0.0,0.0,-1.0));
#12129=CARTESIAN_POINT('',(0.285000000000001,-0.585,0.235));
#12130=DIRECTION('',(1.0,0.0,-0.0));
#12131=DIRECTION('',(0.0,0.0,1.0));
#12132=DIRECTION('',(-1.0,0.0,0.0));
#12133=CARTESIAN_POINT('',(0.305,-0.440000000000001,0.37));
#12134=DIRECTION('',(-1.0,0.0,0.0));
#12135=DIRECTION('',(0.0,0.0,-1.0));
#12136=DIRECTION('',(1.0,0.0,0.0));
#12137=CARTESIAN_POINT('',(0.0450000000000001,-0.440000000000001,0.37));
#12138=DIRECTION('',(-1.0,0.0,0.0));
#12139=DIRECTION('',(0.0,0.0,-1.0));
#12140=DIRECTION('',(-1.0,0.0,0.0));
#12141=CARTESIAN_POINT('',(-0.0449999999999997,-0.440000000000001,0.37));
#12142=DIRECTION('',(-1.0,0.0,0.0));
#12143=DIRECTION('',(0.0,0.0,-1.0));
#12144=DIRECTION('',(1.0,0.0,0.0));
#12145=CARTESIAN_POINT('',(-0.305,-0.440000000000001,0.37));
#12146=DIRECTION('',(-1.0,0.0,0.0));
#12147=DIRECTION('',(0.0,0.0,-1.0));
#12148=DIRECTION('',(-1.0,0.0,0.0));
#12149=CARTESIAN_POINT('',(-0.395,-0.440000000000001,0.37));
#12150=DIRECTION('',(-1.0,0.0,0.0));
#12151=DIRECTION('',(0.0,0.0,-1.0));
#12152=DIRECTION('',(1.0,0.0,0.0));
#12153=CARTESIAN_POINT('',(-0.655,-0.440000000000001,0.37));
#12154=DIRECTION('',(-1.0,0.0,0.0));
#12155=DIRECTION('',(0.0,0.0,-1.0));
#12156=DIRECTION('',(-1.0,0.0,0.0));
#12157=CARTESIAN_POINT('',(-0.745,-0.440000000000001,0.37));
#12158=DIRECTION('',(-1.0,0.0,0.0));
#12159=DIRECTION('',(0.0,0.0,-1.0));
#12160=DIRECTION('',(1.0,0.0,0.0));
#12161=CARTESIAN_POINT('',(-0.785000000000001,-0.440000000000001,0.37));
#12162=DIRECTION('',(-1.0,0.0,0.0));
#12163=DIRECTION('',(0.0,0.0,1.0));
#12164=DIRECTION('',(-1.0,0.0,0.0));
#12165=CARTESIAN_POINT('',(-0.765,-0.440000000000001,0.37));
#12166=DIRECTION('',(-1.0,0.0,0.0));
#12167=DIRECTION('',(0.0,0.0,-1.0));
#12168=DIRECTION('',(1.0,0.0,0.0));
#12169=CARTESIAN_POINT('',(0.395,0.440000000000001,0.37));
#12170=DIRECTION('',(1.0,0.0,-0.0));
#12171=DIRECTION('',(0.0,0.0,1.0));
#12172=DIRECTION('',(-1.0,0.0,0.0));
#12173=CARTESIAN_POINT('',(0.655,0.440000000000001,0.37));
#12174=DIRECTION('',(1.0,0.0,-0.0));
#12175=DIRECTION('',(0.0,0.0,1.0));
#12176=CARTESIAN_POINT('',(0.305,0.440000000000001,0.37));
#12177=DIRECTION('',(1.0,0.0,-0.0));
#12178=DIRECTION('',(0.0,0.0,1.0));
#12179=DIRECTION('',(1.0,0.0,0.0));
#12180=CARTESIAN_POINT('',(0.0450000000000001,0.440000000000001,0.37));
#12181=DIRECTION('',(1.0,0.0,-0.0));
#12182=DIRECTION('',(0.0,0.0,1.0));
#12183=DIRECTION('',(-1.0,0.0,0.0));
#12184=CARTESIAN_POINT('',(-0.0449999999999997,0.440000000000001,0.37));
#12185=DIRECTION('',(1.0,0.0,-0.0));
#12186=DIRECTION('',(0.0,0.0,1.0));
#12187=DIRECTION('',(1.0,0.0,0.0));
#12188=CARTESIAN_POINT('',(-0.305,0.440000000000001,0.37));
#12189=DIRECTION('',(1.0,0.0,-0.0));
#12190=DIRECTION('',(0.0,0.0,1.0));
#12191=DIRECTION('',(-1.0,0.0,0.0));
#12192=CARTESIAN_POINT('',(-0.395,0.440000000000001,0.37));
#12193=DIRECTION('',(1.0,0.0,-0.0));
#12194=DIRECTION('',(0.0,0.0,1.0));
#12195=DIRECTION('',(1.0,0.0,0.0));
#12196=CARTESIAN_POINT('',(-0.655,0.440000000000001,0.37));
#12197=DIRECTION('',(1.0,0.0,-0.0));
#12198=DIRECTION('',(0.0,0.0,1.0));
#12199=DIRECTION('',(-1.0,0.0,0.0));
#12200=CARTESIAN_POINT('',(0.395,-0.440000000000001,0.37));
#12201=DIRECTION('',(-1.0,0.0,0.0));
#12202=DIRECTION('',(0.0,0.0,-1.0));
#12203=DIRECTION('',(-1.0,0.0,0.0));
#12204=CARTESIAN_POINT('',(0.655,-0.440000000000001,0.37));
#12205=DIRECTION('',(-1.0,0.0,0.0));
#12206=DIRECTION('',(0.0,0.0,-1.0));
#12207=DIRECTION('',(1.0,0.0,0.0));
#12208=DIRECTION('',(1.0,0.0,0.0));
#12209=CARTESIAN_POINT('',(0.745,0.440000000000001,0.37));
#12210=DIRECTION('',(1.0,0.0,-0.0));
#12211=DIRECTION('',(0.0,0.0,1.0));
#12212=DIRECTION('',(-1.0,0.0,0.0));
#12213=CARTESIAN_POINT('',(0.785000000000001,0.440000000000001,0.37));
#12214=DIRECTION('',(1.0,0.0,-0.0));
#12215=DIRECTION('',(0.0,0.0,1.0));
#12216=DIRECTION('',(1.0,0.0,0.0));
#12217=CARTESIAN_POINT('',(0.765,0.440000000000001,0.37));
#12218=DIRECTION('',(1.0,0.0,0.0));
#12219=DIRECTION('',(0.0,0.0,-1.0));
#12220=CARTESIAN_POINT('',(-0.635,0.585,0.235));
#12221=DIRECTION('',(1.0,0.0,0.0));
#12222=DIRECTION('',(0.0,0.0,-1.0));
#12223=DIRECTION('',(-1.0,0.0,0.0));
#12224=CARTESIAN_POINT('',(-0.765,0.585,0.235));
#12225=DIRECTION('',(1.0,0.0,0.0));
#12226=DIRECTION('',(0.0,0.0,-1.0));
#12227=CARTESIAN_POINT('',(-0.635,0.585,0.235));
#12228=DIRECTION('',(1.0,0.0,0.0));
#12229=DIRECTION('',(0.0,0.0,-1.0));
#12230=CARTESIAN_POINT('',(-0.635,-0.585,0.235));
#12231=DIRECTION('',(1.0,0.0,0.0));
#12232=DIRECTION('',(0.0,0.0,-1.0));
#12233=CARTESIAN_POINT('',(-0.765,-0.585,0.235));
#12234=DIRECTION('',(1.0,0.0,0.0));
#12235=DIRECTION('',(0.0,0.0,-1.0));
#12236=DIRECTION('',(-1.0,0.0,0.0));
#12237=CARTESIAN_POINT('',(-0.635,-0.585,0.235));
#12238=DIRECTION('',(1.0,0.0,0.0));
#12239=DIRECTION('',(0.0,0.0,-1.0));
#12240=DIRECTION('',(0.0,0.0,1.0));
#12241=DIRECTION('',(0.0,-1.0,0.0));
#12242=DIRECTION('',(0.0,0.0,1.0));
#12243=DIRECTION('',(0.0,-1.0,0.0));
#12244=DIRECTION('',(0.0,0.0,-1.0));
#12245=DIRECTION('',(0.0,-1.0,0.0));
#12246=DIRECTION('',(0.0,0.0,-1.0));
#12247=DIRECTION('',(0.0,-1.0,0.0));
#12248=DIRECTION('',(0.0,1.0842021724855E-15,1.0));
#12249=DIRECTION('',(0.0,-1.0,8.19455130366945E-16));
#12250=DIRECTION('',(0.0,-6.7762635780344E-16,-1.0));
#12251=DIRECTION('',(0.0,-1.0,0.0));
#12252=DIRECTION('',(0.0,-3.76459087668578E-16,1.0));
#12253=DIRECTION('',(0.0,-1.0,-8.19455130366945E-16));
#12254=DIRECTION('',(0.0,1.0842021724855E-15,-1.0));
#12255=DIRECTION('',(0.0,-1.0,0.0));
#12256=DIRECTION('',(0.0,1.0,0.0));
#12257=DIRECTION('',(-1.0,0.0,0.0));
#12258=DIRECTION('',(0.0,1.0,0.0));
#12259=DIRECTION('',(0.0,1.0,0.0));
#12260=DIRECTION('',(-1.0,0.0,0.0));
#12261=DIRECTION('',(0.0,1.0,0.0));
#12262=DIRECTION('',(0.0,1.0,0.0));
#12263=DIRECTION('',(-1.0,0.0,0.0));
#12264=DIRECTION('',(0.0,1.0,0.0));
#12265=DIRECTION('',(0.0,1.0,1.37927969813449E-16));
#12266=DIRECTION('',(-1.0,0.0,0.0));
#12267=DIRECTION('',(0.0,-1.0,-5.70632722360792E-16));
#12268=DIRECTION('',(1.0,0.0,0.0));
#12269=DIRECTION('',(0.0,-1.0,-5.70632722360792E-16));
#12270=DIRECTION('',(-1.0,0.0,0.0));
#12271=CARTESIAN_POINT('',(-1.305,-0.49,2.71050543121376E-17));
#12272=DIRECTION('',(0.0,-3.93251544149862E-16,1.0));
#12273=DIRECTION('',(0.0,-1.0,-3.93251544149862E-16));
#12274=DIRECTION('',(0.0,1.0,3.93251544149862E-16));
#12275=DIRECTION('',(-1.0,0.0,0.0));
#12276=CARTESIAN_POINT('',(-1.105,-0.0999999999999999,3.19652604818749E-16));
#12277=DIRECTION('',(0.0,0.0,-1.0));
#12278=DIRECTION('',(1.0,1.0842021724855E-16,0.0));
#12279=DIRECTION('',(0.0,-1.0,-3.58772828837784E-16));
#12280=CARTESIAN_POINT('',(-1.105,0.0999999999999999,6.3014449141585E-17));
#12281=DIRECTION('',(0.0,0.0,-1.0));
#12282=DIRECTION('',(1.0,1.0842021724855E-16,0.0));
#12283=DIRECTION('',(1.0,0.0,0.0));
#12284=DIRECTION('',(0.0,1.0,3.93251544149862E-16));
#12285=CARTESIAN_POINT('',(-1.305,0.49,4.33680868994202E-16));
#12286=DIRECTION('',(0.0,-3.93251544149862E-16,1.0));
#12287=DIRECTION('',(0.0,-1.0,-3.93251544149862E-16));
#12288=DIRECTION('',(-1.0,0.0,0.0));
#12289=DIRECTION('',(0.0,1.0,-5.70632722360792E-16));
#12290=DIRECTION('',(-1.0,0.0,0.0));
#12291=DIRECTION('',(0.0,1.0,-5.70632722360792E-16));
#12292=DIRECTION('',(-1.0,0.0,0.0));
#12293=DIRECTION('',(0.0,1.0,1.37927969813449E-16));
#12294=DIRECTION('',(0.0,1.0,0.0));
#12295=DIRECTION('',(-1.0,0.0,0.0));
#12296=DIRECTION('',(0.0,1.0,0.0));
#12297=DIRECTION('',(0.0,1.0,0.0));
#12298=DIRECTION('',(-1.0,0.0,0.0));
#12299=DIRECTION('',(0.0,1.0,0.0));
#12300=DIRECTION('',(0.0,1.0,0.0));
#12301=DIRECTION('',(-1.0,0.0,0.0));
#12302=DIRECTION('',(0.0,1.0,0.0));
#12303=DIRECTION('',(0.0,1.0,0.0));
#12304=DIRECTION('',(-1.0,0.0,0.0));
#12305=DIRECTION('',(0.0,1.0,0.0));
#12306=DIRECTION('',(-1.0,0.0,0.0));
#12307=DIRECTION('',(0.0,1.0,1.37927969813449E-16));
#12308=DIRECTION('',(1.0,0.0,0.0));
#12309=DIRECTION('',(0.0,1.0,-5.70632722360792E-16));
#12310=DIRECTION('',(1.0,0.0,0.0));
#12311=DIRECTION('',(0.0,1.0,-5.70632722360792E-16));
#12312=DIRECTION('',(1.0,0.0,0.0));
#12313=CARTESIAN_POINT('',(1.305,0.49,4.33680868994202E-16));
#12314=DIRECTION('',(0.0,3.93251544149862E-16,-1.0));
#12315=DIRECTION('',(0.0,-1.0,-3.93251544149862E-16));
#12316=DIRECTION('',(0.0,1.0,3.93251544149862E-16));
#12317=DIRECTION('',(1.0,0.0,0.0));
#12318=CARTESIAN_POINT('',(1.105,0.0999999999999998,2.34106552926361E-16));
#12319=DIRECTION('',(1.2303108295676E-31,4.2773025946194E-16,-1.0));
#12320=DIRECTION('',(-1.0,-1.62630325872826E-16,-1.92592994438724E-31));
#12321=DIRECTION('',(0.0,1.0,3.58772828837784E-16));
#12322=CARTESIAN_POINT('',(1.105,-0.0999999999999998,1.48560501033973E-16));
#12323=DIRECTION('',(2.67345857373981E-32,4.2773025946194E-16,-1.0));
#12324=DIRECTION('',(-1.0,-1.62630325872826E-16,-9.62964972193618E-32));
#12325=DIRECTION('',(-1.0,0.0,0.0));
#12326=DIRECTION('',(0.0,1.0,3.93251544149862E-16));
#12327=CARTESIAN_POINT('',(1.305,-0.49,3.93251544149868E-17));
#12328=DIRECTION('',(0.0,3.93251544149862E-16,-1.0));
#12329=DIRECTION('',(0.0,-1.0,-3.93251544149862E-16));
#12330=DIRECTION('',(1.0,0.0,0.0));
#12331=DIRECTION('',(0.0,-1.0,-5.70632722360792E-16));
#12332=DIRECTION('',(-1.0,0.0,0.0));
#12333=DIRECTION('',(0.0,-1.0,-5.70632722360792E-16));
#12334=DIRECTION('',(1.0,0.0,0.0));
#12335=DIRECTION('',(0.0,1.0,1.37927969813449E-16));
#12336=DIRECTION('',(-1.0,0.0,0.0));
#12337=DIRECTION('',(0.0,1.0,0.0));
#12338=DIRECTION('',(-1.0,0.0,0.0));
#12339=DIRECTION('',(0.0,1.0,0.0));
#12340=DIRECTION('',(0.0,0.0,-1.0));
#12341=DIRECTION('',(1.0,0.0,0.0));
#12342=DIRECTION('',(0.0,0.0,-1.0));
#12343=DIRECTION('',(-1.0,0.0,0.0));
#12344=DIRECTION('',(0.0,0.0,1.0));
#12345=DIRECTION('',(1.0,0.0,0.0));
#12346=DIRECTION('',(0.0,0.0,-1.0));
#12347=DIRECTION('',(-0.707106781186553,0.0,-0.707106781186542));
#12348=DIRECTION('',(0.0,0.0,-1.0));
#12349=DIRECTION('',(-1.0,0.0,0.0));
#12350=DIRECTION('',(-1.0,0.0,0.0));
#12351=DIRECTION('',(0.0,0.0,-1.0));
#12352=DIRECTION('',(-1.0,0.0,0.0));
#12353=DIRECTION('',(0.0,5.70632722360792E-16,1.0));
#12354=DIRECTION('',(-1.0,0.0,0.0));
#12355=DIRECTION('',(0.0,-5.70632722360792E-16,1.0));
#12356=DIRECTION('',(0.0,-5.70632722360792E-16,1.0));
#12357=DIRECTION('',(-1.0,0.0,0.0));
#12358=DIRECTION('',(5.49938877577679E-30,-5.70632722360792E-16,1.0));
#12359=DIRECTION('',(-1.0,0.0,0.0));
#12360=DIRECTION('',(-0.707106781186553,4.03498267548253E-16,-0.707106781186542));
#12361=DIRECTION('',(0.0,5.70632722360792E-16,-1.0));
#12362=DIRECTION('',(0.0,5.70632722360792E-16,-1.0));
#12363=DIRECTION('',(-1.0,0.0,0.0));
#12364=DIRECTION('',(0.0,5.70632722360792E-16,-1.0));
#12365=DIRECTION('',(0.0,1.0,1.00389090044954E-16));
#12366=DIRECTION('',(0.0,-1.0,0.0));
#12367=DIRECTION('',(0.0,-1.0,0.0));
#12368=DIRECTION('',(-9.63735264431562E-15,1.0,0.0));
#12369=CARTESIAN_POINT('',(-1.255,-0.52,0.38));
#12370=DIRECTION('',(0.0,0.0,1.0));
#12371=DIRECTION('',(-1.0,0.0,0.0));
#12372=DIRECTION('',(-1.0,0.0,0.0));
#12373=DIRECTION('',(1.0,0.0,0.0));
#12374=CARTESIAN_POINT('',(-1.255,0.52,0.38));
#12375=DIRECTION('',(0.0,0.0,1.0));
#12376=DIRECTION('',(-1.0,0.0,0.0));
#12377=DIRECTION('',(0.0,1.0,0.0));
#12378=DIRECTION('',(0.0,-1.0,0.0));
#12379=DIRECTION('',(1.0,0.0,0.0));
#12380=DIRECTION('',(0.0,1.0,1.00389090044954E-16));
#12381=DIRECTION('',(-1.0,0.0,0.0));
#12382=DIRECTION('',(0.0,-1.0,0.0));
#12383=DIRECTION('',(0.0,0.0,1.0));
#12384=CARTESIAN_POINT('',(-0.785000000000001,0.440000000000001,0.37));
#12385=DIRECTION('',(-1.0,0.0,0.0));
#12386=DIRECTION('',(0.0,0.0,1.0));
#12387=CARTESIAN_POINT('',(-0.785000000000001,0.46,0.350000000000001));
#12388=DIRECTION('',(-1.0,0.0,0.0));
#12389=DIRECTION('',(0.0,0.0,1.0));
#12390=DIRECTION('',(0.0,0.0,-1.0));
#12391=DIRECTION('',(0.0,1.0,0.0));
#12392=DIRECTION('',(0.0,1.0,-8.19455130366945E-16));
#12393=DIRECTION('',(0.0,0.0,-1.0));
#12394=DIRECTION('',(0.0,3.93251544149862E-16,-1.0));
#12395=DIRECTION('',(0.0,1.0,3.14443052007969E-16));
#12396=DIRECTION('',(0.0,6.7762635780344E-16,1.0));
#12397=DIRECTION('',(0.0,1.0,3.14443052007969E-16));
#12398=DIRECTION('',(1.0,0.0,0.0));
#12399=DIRECTION('',(-1.0,0.0,0.0));
#12400=DIRECTION('',(-1.0,0.0,0.0));
#12401=CARTESIAN_POINT('',(-1.105,0.0999999999999999,0.0500000000000001));
#12402=DIRECTION('',(0.0,-0.0,1.0));
#12403=DIRECTION('',(1.0,1.0842021724855E-16,0.0));
#12404=DIRECTION('',(0.0,1.0,3.58772828837784E-16));
#12405=CARTESIAN_POINT('',(-1.105,-0.0999999999999999,0.0500000000000003));
#12406=DIRECTION('',(0.0,-0.0,1.0));
#12407=DIRECTION('',(1.0,1.0842021724855E-16,0.0));
#12408=DIRECTION('',(1.0,0.0,0.0));
#12409=DIRECTION('',(-0.707106781186553,-4.03498267548253E-16,-0.707106781186542));
#12410=DIRECTION('',(0.0,0.0,1.0));
#12411=DIRECTION('',(0.0,0.0,1.0));
#12412=DIRECTION('',(0.0,-5.70632722360792E-16,-1.0));
#12413=DIRECTION('',(0.0,0.0,-1.0));
#12414=DIRECTION('',(-1.0,0.0,0.0));
#12415=DIRECTION('',(0.0,0.0,-1.0));
#12416=DIRECTION('',(0.0,0.0,-1.0));
#12417=DIRECTION('',(-1.0,0.0,0.0));
#12418=DIRECTION('',(0.0,0.0,-1.0));
#12419=DIRECTION('',(0.0,0.0,-1.0));
#12420=DIRECTION('',(-1.0,0.0,0.0));
#12421=DIRECTION('',(0.0,0.0,-1.0));
#12422=DIRECTION('',(0.0,0.0,-1.0));
#12423=DIRECTION('',(-1.0,0.0,0.0));
#12424=DIRECTION('',(0.0,0.0,-1.0));
#12425=DIRECTION('',(-1.0,0.0,0.0));
#12426=DIRECTION('',(-1.0,0.0,0.0));
#12427=DIRECTION('',(0.0,0.0,1.0));
#12428=DIRECTION('',(1.0,0.0,0.0));
#12429=DIRECTION('',(0.0,0.0,1.0));
#12430=DIRECTION('',(1.0,0.0,0.0));
#12431=DIRECTION('',(0.0,0.0,1.0));
#12432=DIRECTION('',(1.0,0.0,0.0));
#12433=DIRECTION('',(0.0,0.0,1.0));
#12434=DIRECTION('',(1.0,0.0,0.0));
#12435=DIRECTION('',(0.0,0.0,1.0));
#12436=DIRECTION('',(0.0,0.0,-1.0));
#12437=DIRECTION('',(-1.0,0.0,0.0));
#12438=DIRECTION('',(0.0,0.0,-1.0));
#12439=DIRECTION('',(0.0,0.0,1.0));
#12440=DIRECTION('',(-1.0,0.0,0.0));
#12441=DIRECTION('',(0.0,0.0,1.0));
#12442=DIRECTION('',(0.0,0.0,1.0));
#12443=DIRECTION('',(-1.0,0.0,0.0));
#12444=DIRECTION('',(0.0,0.0,1.0));
#12445=DIRECTION('',(1.0,0.0,0.0));
#12446=DIRECTION('',(0.0,0.0,1.0));
#12447=DIRECTION('',(-1.0,0.0,0.0));
#12448=DIRECTION('',(0.0,0.0,1.0));
#12449=DIRECTION('',(1.0,0.0,0.0));
#12450=DIRECTION('',(0.0,0.0,1.0));
#12451=DIRECTION('',(-1.0,0.0,0.0));
#12452=DIRECTION('',(0.0,0.0,1.0));
#12453=DIRECTION('',(1.0,0.0,0.0));
#12454=DIRECTION('',(0.0,0.0,1.0));
#12455=DIRECTION('',(1.0,0.0,0.0));
#12456=DIRECTION('',(0.0,0.0,1.0));
#12457=DIRECTION('',(0.0,0.0,1.0));
#12458=DIRECTION('',(-1.0,0.0,0.0));
#12459=DIRECTION('',(0.0,0.0,1.0));
#12460=DIRECTION('',(0.0,0.0,1.0));
#12461=DIRECTION('',(-1.0,0.0,0.0));
#12462=DIRECTION('',(0.0,0.0,1.0));
#12463=DIRECTION('',(0.0,0.0,1.0));
#12464=DIRECTION('',(-1.0,0.0,0.0));
#12465=DIRECTION('',(0.0,0.0,1.0));
#12466=DIRECTION('',(0.0,0.0,-1.0));
#12467=DIRECTION('',(0.0,9.42784497813468E-16,-1.0));
#12468=DIRECTION('',(1.0,0.0,0.0));
#12469=DIRECTION('',(0.0,9.42784497813468E-16,-1.0));
#12470=DIRECTION('',(0.0,4.71392248906741E-16,-1.0));
#12471=DIRECTION('',(-0.707106781186548,6.81463740748166E-15,0.707106781186547));
#12472=DIRECTION('',(-1.0,0.0,0.0));
#12473=DIRECTION('',(-0.707106781186548,-6.81463740748166E-15,-0.707106781186547));
#12474=DIRECTION('',(-0.707106781186548,6.81463740748166E-15,0.707106781186547));
#12475=DIRECTION('',(-1.0,0.0,0.0));
#12476=DIRECTION('',(-0.707106781186548,-6.81463740748166E-15,-0.707106781186547));
#12477=DIRECTION('',(-0.707106781186548,6.81463740748166E-15,0.707106781186547));
#12478=DIRECTION('',(-1.0,0.0,0.0));
#12479=DIRECTION('',(-0.707106781186548,-6.81463740748166E-15,-0.707106781186547));
#12480=DIRECTION('',(-0.707106781186548,6.81463740748166E-15,0.707106781186547));
#12481=DIRECTION('',(-1.0,0.0,0.0));
#12482=DIRECTION('',(-0.707106781186548,-6.81463740748166E-15,-0.707106781186547));
#12483=DIRECTION('',(-1.0,0.0,0.0));
#12484=DIRECTION('',(0.0,4.71392248906741E-16,-1.0));
#12485=DIRECTION('',(-1.0,0.0,0.0));
#12486=DIRECTION('',(0.0,9.42784497813468E-16,-1.0));
#12487=DIRECTION('',(0.0,9.42784497813468E-16,-1.0));
#12488=DIRECTION('',(0.0,0.0,-1.0));
#12489=DIRECTION('',(0.0,9.42784497813468E-16,1.0));
#12490=DIRECTION('',(-1.0,0.0,0.0));
#12491=DIRECTION('',(0.0,9.42784497813468E-16,1.0));
#12492=DIRECTION('',(-1.0,0.0,0.0));
#12493=DIRECTION('',(0.0,4.71392248906741E-16,1.0));
#12494=DIRECTION('',(-1.0,0.0,0.0));
#12495=DIRECTION('',(-0.707106781186548,2.49160180211048E-14,-0.707106781186547));
#12496=DIRECTION('',(-0.707106781186548,-2.49160180211048E-14,0.707106781186547));
#12497=DIRECTION('',(-0.707106781186548,2.49160180211048E-14,-0.707106781186547));
#12498=DIRECTION('',(-0.707106781186548,-2.49160180211048E-14,0.707106781186547));
#12499=DIRECTION('',(-0.707106781186548,2.49160180211048E-14,-0.707106781186547));
#12500=DIRECTION('',(-0.707106781186548,-2.49160180211048E-14,0.707106781186547));
#12501=DIRECTION('',(-0.707106781186548,2.49160180211048E-14,-0.707106781186547));
#12502=DIRECTION('',(-0.707106781186548,-2.49160180211048E-14,0.707106781186547));
#12503=DIRECTION('',(0.0,4.71392248906741E-16,1.0));
#12504=DIRECTION('',(0.0,9.42784497813468E-16,1.0));
#12505=DIRECTION('',(0.0,9.42784497813468E-16,1.0));
#12506=DIRECTION('',(0.0,-1.0,0.0));
#12507=DIRECTION('',(0.0,0.0,1.0));
#12508=DIRECTION('',(0.0,-1.0,0.0));
#12509=DIRECTION('',(0.0,1.0842021724855E-15,-1.0));
#12510=DIRECTION('',(0.0,-1.0,-8.19455130366945E-16));
#12511=DIRECTION('',(0.0,-3.76459087668578E-16,1.0));
#12512=DIRECTION('',(0.0,-1.0,-4.2773025946194E-16));
#12513=DIRECTION('',(0.0,-6.7762635780344E-16,-1.0));
#12514=DIRECTION('',(0.0,-1.0,8.19455130366945E-16));
#12515=DIRECTION('',(0.0,1.0842021724855E-15,1.0));
#12516=DIRECTION('',(0.0,-1.0,0.0));
#12517=DIRECTION('',(0.0,0.0,-1.0));
#12518=DIRECTION('',(0.0,-1.0,0.0));
#12519=DIRECTION('',(0.0,0.0,-1.0));
#12520=DIRECTION('',(0.0,-1.0,0.0));
#12521=DIRECTION('',(0.0,0.0,1.0));
#12522=DIRECTION('',(0.0,0.0,-1.0));
#12523=DIRECTION('',(-1.0,0.0,0.0));
#12524=DIRECTION('',(0.0,0.0,-1.0));
#12525=DIRECTION('',(0.707106781186553,0.0,-0.707106781186542));
#12526=DIRECTION('',(0.0,0.0,-1.0));
#12527=DIRECTION('',(-1.0,0.0,0.0));
#12528=DIRECTION('',(0.0,0.0,1.0));
#12529=DIRECTION('',(1.0,0.0,0.0));
#12530=DIRECTION('',(0.0,0.0,1.0));
#12531=DIRECTION('',(0.707106781186553,-4.03498267548253E-16,-0.707106781186542));
#12532=DIRECTION('',(0.0,-5.70632722360792E-16,-1.0));
#12533=DIRECTION('',(0.0,0.0,1.0));
#12534=DIRECTION('',(1.0,0.0,0.0));
#12535=DIRECTION('',(0.0,-5.70632722360792E-16,1.0));
#12536=DIRECTION('',(1.0,0.0,0.0));
#12537=DIRECTION('',(1.0,0.0,0.0));
#12538=DIRECTION('',(-5.49938877577679E-30,-5.70632722360792E-16,1.0));
#12539=DIRECTION('',(1.0,0.0,0.0));
#12540=DIRECTION('',(0.0,-5.70632722360792E-16,1.0));
#12541=DIRECTION('',(0.707106781186553,4.03498267548253E-16,-0.707106781186542));
#12542=DIRECTION('',(0.0,5.70632722360792E-16,-1.0));
#12543=DIRECTION('',(1.0,0.0,0.0));
#12544=DIRECTION('',(0.0,5.70632722360792E-16,-1.0));
#12545=DIRECTION('',(0.0,5.70632722360792E-16,-1.0));
#12546=DIRECTION('',(0.0,-1.0,0.0));
#12547=DIRECTION('',(-1.0,0.0,0.0));
#12548=DIRECTION('',(0.0,1.0,1.00389090044954E-16));
#12549=DIRECTION('',(0.0,-1.0,0.0));
#12550=DIRECTION('',(9.63735264431562E-15,1.0,0.0));
#12551=DIRECTION('',(1.0,0.0,0.0));
#12552=CARTESIAN_POINT('',(1.255,-0.52,0.38));
#12553=DIRECTION('',(0.0,0.0,-1.0));
#12554=DIRECTION('',(-1.0,0.0,0.0));
#12555=DIRECTION('',(-1.0,0.0,0.0));
#12556=DIRECTION('',(1.0,0.0,0.0));
#12557=DIRECTION('',(0.0,1.0,0.0));
#12558=CARTESIAN_POINT('',(1.255,0.52,0.38));
#12559=DIRECTION('',(0.0,0.0,-1.0));
#12560=DIRECTION('',(-1.0,0.0,0.0));
#12561=DIRECTION('',(0.0,1.0,1.00389090044954E-16));
#12562=DIRECTION('',(0.0,-1.0,0.0));
#12563=DIRECTION('',(0.0,-1.0,0.0));
#12564=DIRECTION('',(0.0,1.0,0.0));
#12565=DIRECTION('',(-1.0,0.0,0.0));
#12566=DIRECTION('',(0.0,1.0,0.0));
#12567=DIRECTION('',(0.0,1.0,0.0));
#12568=DIRECTION('',(0.0,1.0,0.0));
#12569=DIRECTION('',(1.0,0.0,0.0));
#12570=DIRECTION('',(0.0,1.0,0.0));
#12571=CARTESIAN_POINT('',(0.98,-0.43,0.38));
#12572=DIRECTION('',(0.0,0.0,-1.0));
#12573=DIRECTION('',(-1.0,0.0,0.0));
#12574=DIRECTION('',(-1.0,0.0,0.0));
#12575=CARTESIAN_POINT('',(1.035,-0.43,0.38));
#12576=DIRECTION('',(0.0,0.0,-1.0));
#12577=DIRECTION('',(-1.0,0.0,0.0));
#12578=DIRECTION('',(0.0,-1.0,0.0));
#12579=CARTESIAN_POINT('',(1.035,0.43,0.38));
#12580=DIRECTION('',(0.0,0.0,-1.0));
#12581=DIRECTION('',(-1.0,0.0,0.0));
#12582=DIRECTION('',(1.0,0.0,0.0));
#12583=CARTESIAN_POINT('',(0.98,0.43,0.38));
#12584=DIRECTION('',(0.0,0.0,-1.0));
#12585=DIRECTION('',(-1.0,0.0,0.0));
#12586=DIRECTION('',(1.0,0.0,0.0));
#12587=DIRECTION('',(0.0,0.0,-1.0));
#12588=DIRECTION('',(0.0,5.70632722360792E-16,1.0));
#12589=DIRECTION('',(1.0,0.0,0.0));
#12590=DIRECTION('',(0.0,0.0,-1.0));
#12591=DIRECTION('',(0.0,0.0,-1.0));
#12592=DIRECTION('',(0.0,0.0,-1.0));
#12593=DIRECTION('',(-1.0,0.0,0.0));
#12594=DIRECTION('',(0.0,1.0,0.0));
#12595=DIRECTION('',(0.0,0.0,-1.0));
#12596=CARTESIAN_POINT('',(0.785000000000001,0.46,0.35));
#12597=DIRECTION('',(-1.0,0.0,0.0));
#12598=DIRECTION('',(0.0,0.0,1.0));
#12599=DIRECTION('',(0.0,0.0,1.0));
#12600=DIRECTION('',(1.0,0.0,0.0));
#12601=DIRECTION('',(0.0,0.0,-1.0));
#12602=DIRECTION('',(0.0,1.0,8.19455130366945E-16));
#12603=DIRECTION('',(0.0,5.70632722360792E-16,-1.0));
#12604=DIRECTION('',(0.0,3.93251544149862E-16,-1.0));
#12605=DIRECTION('',(0.0,-1.0,-3.14443052007969E-16));
#12606=DIRECTION('',(0.0,3.76459087668578E-16,-1.0));
#12607=DIRECTION('',(0.0,-1.0,0.0));
#12608=DIRECTION('',(0.0,-1.0,0.0));
#12609=DIRECTION('',(-1.0,0.0,0.0));
#12610=DIRECTION('',(0.0,-1.0,0.0));
#12611=DIRECTION('',(0.0,-1.0,-8.60477914671036E-17));
#12612=DIRECTION('',(-1.0,0.0,0.0));
#12613=DIRECTION('',(0.0,-1.0,-8.60477914671036E-17));
#12614=DIRECTION('',(1.0,0.0,0.0));
#12615=DIRECTION('',(0.0,-1.0,0.0));
#12616=DIRECTION('',(-1.0,0.0,0.0));
#12617=DIRECTION('',(0.0,-1.0,0.0));
#12618=DIRECTION('',(0.0,-1.0,0.0));
#12619=DIRECTION('',(-1.0,0.0,0.0));
#12620=DIRECTION('',(0.0,-1.0,0.0));
#12621=DIRECTION('',(0.0,-1.0,0.0));
#12622=DIRECTION('',(-1.0,0.0,0.0));
#12623=DIRECTION('',(0.0,-1.0,0.0));
#12624=DIRECTION('',(0.0,-1.0,0.0));
#12625=DIRECTION('',(-1.0,0.0,0.0));
#12626=DIRECTION('',(0.0,-1.0,0.0));
#12627=DIRECTION('',(-1.0,0.0,0.0));
#12628=DIRECTION('',(0.0,-1.0,0.0));
#12629=DIRECTION('',(0.0,-1.0,0.0));
#12630=DIRECTION('',(-1.0,0.0,0.0));
#12631=DIRECTION('',(0.0,-1.0,0.0));
#12632=DIRECTION('',(0.0,-1.0,0.0));
#12633=DIRECTION('',(-1.0,0.0,0.0));
#12634=DIRECTION('',(0.0,-1.0,0.0));
#12635=DIRECTION('',(0.0,-1.0,0.0));
#12636=DIRECTION('',(-1.0,0.0,0.0));
#12637=DIRECTION('',(0.0,-1.0,0.0));
#12638=DIRECTION('',(0.0,-1.0,-8.60477914671036E-17));
#12639=DIRECTION('',(-1.0,0.0,0.0));
#12640=DIRECTION('',(0.0,-1.0,-8.60477914671036E-17));
#12641=DIRECTION('',(-1.0,0.0,0.0));
#12642=DIRECTION('',(0.0,-1.0,0.0));
#12643=DIRECTION('',(-1.0,0.0,0.0));
#12644=DIRECTION('',(0.0,-1.0,0.0));
#12645=DIRECTION('',(-0.639602149066834,0.42640143271122,-0.639602149066829));
#12646=DIRECTION('',(0.0,0.554700196225229,-0.832050294337844));
#12647=DIRECTION('',(-1.0,0.0,0.0));
#12648=DIRECTION('',(0.0,0.554700196225229,-0.832050294337844));
#12649=DIRECTION('',(0.0,0.0,-1.0));
#12650=DIRECTION('',(0.0,0.0,-1.0));
#12651=DIRECTION('',(0.0,0.0,1.0));
#12652=DIRECTION('',(-1.0,0.0,0.0));
#12653=DIRECTION('',(0.0,0.0,1.0));
#12654=DIRECTION('',(0.0,0.554700196225229,0.832050294337844));
#12655=DIRECTION('',(0.639602149066829,0.426401432711222,0.639602149066833));
#12656=DIRECTION('',(0.0,0.554700196225229,0.832050294337844));
#12657=CARTESIAN_POINT('',(0.635,0.585,0.235));
#12658=DIRECTION('',(1.0,0.0,0.0));
#12659=DIRECTION('',(0.0,0.0,-1.0));
#12660=CARTESIAN_POINT('',(0.635,0.585,0.235));
#12661=DIRECTION('',(1.0,0.0,0.0));
#12662=DIRECTION('',(0.0,0.0,-1.0));
#12663=DIRECTION('',(-1.0,0.0,0.0));
#12664=CARTESIAN_POINT('',(0.765,0.585,0.235));
#12665=DIRECTION('',(1.0,0.0,0.0));
#12666=DIRECTION('',(0.0,0.0,-1.0));
#12667=DIRECTION('',(0.0,1.8896095006176E-13,1.0));
#12668=DIRECTION('',(-1.0,0.0,0.0));
#12669=DIRECTION('',(0.0,1.8896095006176E-13,1.0));
#12670=DIRECTION('',(0.0,0.913811548620227,0.406138466053515));
#12671=DIRECTION('',(-1.0,0.0,0.0));
#12672=DIRECTION('',(0.0,0.913811548620227,0.406138466053515));
#12673=DIRECTION('',(-1.0,0.0,0.0));
#12674=DIRECTION('',(-1.0,0.0,0.0));
#12675=DIRECTION('',(-1.0,0.0,0.0));
#12676=CARTESIAN_POINT('',(-0.765,0.539999999999992,0.37));
#12677=DIRECTION('',(1.0,0.0,0.0));
#12678=DIRECTION('',(0.0,0.0,-1.0));
#12679=CARTESIAN_POINT('',(0.765,0.539999999999992,0.37));
#12680=DIRECTION('',(1.0,0.0,0.0));
#12681=DIRECTION('',(0.0,0.0,-1.0));
#12682=DIRECTION('',(-1.0,0.0,0.0));
#12683=CARTESIAN_POINT('',(-0.765,-0.539999999999992,0.37));
#12684=DIRECTION('',(1.0,0.0,0.0));
#12685=DIRECTION('',(0.0,0.0,-1.0));
#12686=DIRECTION('',(-1.0,0.0,0.0));
#12687=DIRECTION('',(-1.0,0.0,0.0));
#12688=DIRECTION('',(-1.0,0.0,0.0));
#12689=DIRECTION('',(-1.0,0.0,0.0));
#12690=DIRECTION('',(-1.0,0.0,0.0));
#12691=CARTESIAN_POINT('',(0.765,-0.539999999999992,0.37));
#12692=DIRECTION('',(1.0,0.0,0.0));
#12693=DIRECTION('',(0.0,0.0,-1.0));
#12694=DIRECTION('',(0.0,0.913811548620227,-0.406138466053515));
#12695=DIRECTION('',(-1.0,0.0,0.0));
#12696=DIRECTION('',(0.0,0.913811548620227,-0.406138466053515));
#12697=DIRECTION('',(0.0,1.8896095006176E-13,-1.0));
#12698=DIRECTION('',(-1.0,0.0,0.0));
#12699=DIRECTION('',(0.0,1.8896095006176E-13,-1.0));
#12700=CARTESIAN_POINT('',(0.635,-0.585,0.235));
#12701=DIRECTION('',(1.0,0.0,0.0));
#12702=DIRECTION('',(0.0,0.0,-1.0));
#12703=CARTESIAN_POINT('',(0.635,-0.585,0.235));
#12704=DIRECTION('',(1.0,0.0,0.0));
#12705=DIRECTION('',(0.0,0.0,-1.0));
#12706=CARTESIAN_POINT('',(0.765,-0.585,0.235));
#12707=DIRECTION('',(1.0,0.0,0.0));
#12708=DIRECTION('',(0.0,0.0,-1.0));
#12709=DIRECTION('',(0.0,1.0,0.0));
#12710=DIRECTION('',(0.0,-1.0,0.0));
#12711=DIRECTION('',(1.0,0.0,2.25875452601147E-16));
#12712=DIRECTION('',(0.0,-1.0,0.0));
#12713=DIRECTION('',(1.0,0.0,2.25875452601147E-16));
#12714=DIRECTION('',(0.0,-1.0,0.0));
#12715=DIRECTION('',(0.0,1.0,0.0));
#12716=DIRECTION('',(1.0,0.0,-2.25875452601147E-16));
#12717=DIRECTION('',(0.0,-1.0,0.0));
#12718=DIRECTION('',(1.0,0.0,-2.25875452601147E-16));
#12719=DIRECTION('',(1.0,0.0,0.0));
#12720=DIRECTION('',(0.0,1.0,0.0));
#12721=CARTESIAN_POINT('',(-0.98,0.43,0.38));
#12722=DIRECTION('',(0.0,0.0,1.0));
#12723=DIRECTION('',(-1.0,0.0,0.0));
#12724=DIRECTION('',(-1.0,0.0,0.0));
#12725=CARTESIAN_POINT('',(-1.035,0.43,0.38));
#12726=DIRECTION('',(0.0,0.0,1.0));
#12727=DIRECTION('',(-1.0,0.0,0.0));
#12728=DIRECTION('',(0.0,-1.0,0.0));
#12729=CARTESIAN_POINT('',(-1.035,-0.43,0.38));
#12730=DIRECTION('',(0.0,0.0,1.0));
#12731=DIRECTION('',(-1.0,0.0,0.0));
#12732=DIRECTION('',(1.0,0.0,0.0));
#12733=CARTESIAN_POINT('',(-0.98,-0.43,0.38));
#12734=DIRECTION('',(0.0,0.0,1.0));
#12735=DIRECTION('',(-1.0,0.0,0.0));
#12736=DIRECTION('',(0.0,1.0,0.0));
#12737=DIRECTION('',(-1.0,0.0,0.0));
#12738=DIRECTION('',(0.0,1.0,0.0));
#12739=DIRECTION('',(0.0,-1.0,0.0));
#12740=DIRECTION('',(0.0,1.0,0.0));
#12741=DIRECTION('',(0.0,0.0,1.0));
#12742=DIRECTION('',(0.0,1.0,-8.19455130366945E-16));
#12743=DIRECTION('',(0.0,6.7762635780344E-16,1.0));
#12744=DIRECTION('',(0.0,-1.0,-3.14443052007969E-16));
#12745=DIRECTION('',(0.0,3.93251544149862E-16,-1.0));
#12746=DIRECTION('',(0.0,-5.70632722360792E-16,1.0));
#12747=DIRECTION('',(0.0,1.0,8.19455130366945E-16));
#12748=DIRECTION('',(0.0,3.76459087668578E-16,-1.0));
#12749=DIRECTION('',(0.0,3.93251544149862E-16,-1.0));
#12750=DIRECTION('',(0.0,-3.93251544149862E-16,1.0));
#12751=DIRECTION('',(0.0,-3.93251544149862E-16,1.0));
#12752=DIRECTION('',(0.0,-3.93251544149862E-16,1.0));
#12753=DIRECTION('',(0.0,-3.93251544149862E-16,1.0));
#12754=DIRECTION('',(0.0,-3.93251544149862E-16,1.0));
#12755=CARTESIAN_POINT('',(1.105,0.0999999999999998,0.0500000000000002));
#12756=DIRECTION('',(6.95619114819637E-32,-4.2773025946194E-16,1.0));
#12757=DIRECTION('',(-1.0,-1.62630325872826E-16,0.0));
#12758=DIRECTION('',(0.0,-3.93251544149862E-16,1.0));
#12759=DIRECTION('',(-1.0,0.0,0.0));
#12760=DIRECTION('',(0.0,-3.93251544149862E-16,1.0));
#12761=DIRECTION('',(1.0,0.0,0.0));
#12762=DIRECTION('',(0.0,-3.93251544149862E-16,1.0));
#12763=CARTESIAN_POINT('',(1.105,-0.0999999999999998,0.0500000000000001));
#12764=DIRECTION('',(6.95619114819637E-32,-4.2773025946194E-16,1.0));
#12765=DIRECTION('',(-1.0,-1.62630325872826E-16,0.0));
#12766=DIRECTION('',(0.0,-1.0,-3.58772828837784E-16));
#12767=DIRECTION('',(-1.0,0.0,0.0));
#12768=DIRECTION('',(1.0,0.0,0.0));
#12769=DIRECTION('',(0.0,-1.0,0.0));
#12770=CARTESIAN_POINT('',(1.005,-0.24,0.1));
#12771=DIRECTION('',(1.0,0.0,-0.0));
#12772=DIRECTION('',(0.0,0.0,1.0));
#12773=CARTESIAN_POINT('',(1.005,0.24,0.1));
#12774=DIRECTION('',(1.0,0.0,-0.0));
#12775=DIRECTION('',(0.0,0.0,1.0));
#12776=CARTESIAN_POINT('',(-1.005,-0.24,0.1));
#12777=DIRECTION('',(-1.0,0.0,0.0));
#12778=DIRECTION('',(0.0,0.0,-1.0));
#12779=DIRECTION('',(0.0,-1.0,0.0));
#12780=CARTESIAN_POINT('',(-1.005,0.24,0.1));
#12781=DIRECTION('',(-1.0,0.0,0.0));
#12782=DIRECTION('',(0.0,0.0,-1.0));
#12783=CARTESIAN_POINT('',(-0.765000000000001,0.24,0.100000000000001));
#12784=DIRECTION('',(0.646521695401619,0.0,0.762895600573903));
#12785=DIRECTION('',(0.762895600573903,0.0,-0.646521695401619));
#12786=DIRECTION('',(0.0,-1.0,0.0));
#12787=CARTESIAN_POINT('',(-0.765000000000001,-0.24,0.100000000000001));
#12788=DIRECTION('',(0.646521695401619,0.0,0.762895600573903));
#12789=DIRECTION('',(-0.762895600573903,0.0,0.646521695401619));
#12790=DIRECTION('',(-1.0,0.0,-2.99503362565057E-16));
#12791=DIRECTION('',(1.0,0.0,2.99503362565057E-16));
#12792=DIRECTION('',(0.0,-1.0,0.0));
#12793=CARTESIAN_POINT('',(0.765000000000001,0.24,0.100000000000001));
#12794=DIRECTION('',(-0.646521695401619,0.0,0.762895600573903));
#12795=DIRECTION('',(-0.762895600573903,0.0,-0.646521695401619));
#12796=CARTESIAN_POINT('',(0.765000000000001,-0.24,0.100000000000001));
#12797=DIRECTION('',(-0.646521695401619,0.0,0.762895600573903));
#12798=DIRECTION('',(0.762895600573903,0.0,0.646521695401619));
#12799=DIRECTION('',(-1.0,0.0,2.99503362565057E-16));
#12800=DIRECTION('',(1.0,0.0,-2.99503362565057E-16));
#12801=CARTESIAN_POINT('',(0.765,-0.440000000000001,0.37));
#12802=DIRECTION('',(1.0,0.0,0.0));
#12803=DIRECTION('',(0.0,0.0,-1.0));
#12804=CARTESIAN_POINT('',(0.785000000000001,-0.440000000000001,0.37));
#12805=DIRECTION('',(1.0,0.0,-0.0));
#12806=DIRECTION('',(0.0,0.0,1.0));
#12807=CARTESIAN_POINT('',(0.785000000000001,-0.46,0.349999999999999));
#12808=DIRECTION('',(-1.0,0.0,0.0));
#12809=DIRECTION('',(0.0,0.0,1.0));
#12810=DIRECTION('',(0.0,0.0,-1.0));
#12811=DIRECTION('',(0.0,1.0,0.0));
#12812=DIRECTION('',(0.0,-1.0,0.0));
#12813=DIRECTION('',(-1.0,0.0,0.0));
#12814=DIRECTION('',(0.0,1.0,0.0));
#12815=DIRECTION('',(0.0,-1.0,0.0));
#12816=DIRECTION('',(0.0,1.0,0.0));
#12817=DIRECTION('',(1.0,0.0,0.0));
#12818=CARTESIAN_POINT('',(1.305,-0.49,0.18));
#12819=DIRECTION('',(0.0,-1.0842021724855E-15,1.0));
#12820=DIRECTION('',(0.0,1.0,1.0842021724855E-15));
#12821=DIRECTION('',(-1.0,0.0,0.0));
#12822=DIRECTION('',(-1.0,0.0,0.0));
#12823=CARTESIAN_POINT('',(1.305,0.49,0.18));
#12824=DIRECTION('',(0.0,1.0842021724855E-15,1.0));
#12825=DIRECTION('',(0.0,1.0,-1.0842021724855E-15));
#12826=DIRECTION('',(0.0,0.0,-1.0));
#12827=DIRECTION('',(0.0,0.0,-1.0));
#12828=CARTESIAN_POINT('',(1.255,-0.52,0.439999999999999));
#12829=DIRECTION('',(0.0,4.2773025946194E-16,-1.0));
#12830=DIRECTION('',(-1.0,0.0,0.0));
#12831=DIRECTION('',(0.0,0.0,-1.0));
#12832=DIRECTION('',(0.0,0.0,-1.0));
#12833=CARTESIAN_POINT('',(1.255,0.52,0.440000000000001));
#12834=DIRECTION('',(0.0,4.2773025946194E-16,-1.0));
#12835=DIRECTION('',(-1.0,0.0,0.0));
#12836=DIRECTION('',(0.0,0.0,-1.0));
#12837=DIRECTION('',(0.0,0.0,-1.0));
#12838=DIRECTION('',(0.0,0.0,-1.0));
#12839=DIRECTION('',(1.0,0.0,0.0));
#12840=DIRECTION('',(0.0,0.0,-1.0));
#12841=CARTESIAN_POINT('',(1.035,0.43,0.440000000000001));
#12842=DIRECTION('',(0.0,4.2773025946194E-16,-1.0));
#12843=DIRECTION('',(-1.0,0.0,0.0));
#12844=DIRECTION('',(0.0,0.0,-1.0));
#12845=DIRECTION('',(0.0,-1.0,0.0));
#12846=DIRECTION('',(0.0,0.0,-1.0));
#12847=CARTESIAN_POINT('',(1.035,-0.43,0.439999999999999));
#12848=DIRECTION('',(0.0,4.2773025946194E-16,-1.0));
#12849=DIRECTION('',(-1.0,0.0,0.0));
#12850=DIRECTION('',(0.0,0.0,-1.0));
#12851=DIRECTION('',(-1.0,0.0,0.0));
#12852=DIRECTION('',(0.0,0.0,-1.0));
#12853=DIRECTION('',(0.0,-1.0,0.0));
#12854=CARTESIAN_POINT('',(0.785,-0.46,0.349999999999999));
#12855=DIRECTION('',(-1.0,0.0,0.0));
#12856=DIRECTION('',(0.0,0.0,-1.0));
#12857=DIRECTION('',(0.0,-1.0,-5.70632722360792E-16));
#12858=CARTESIAN_POINT('',(0.785,-0.52,0.349999999999999));
#12859=DIRECTION('',(-1.0,0.0,0.0));
#12860=DIRECTION('',(0.0,0.0,-1.0));
#12861=CARTESIAN_POINT('',(1.225,-0.52,0.349999999999999));
#12862=DIRECTION('',(1.0,-9.6373526443156E-15,0.0));
#12863=DIRECTION('',(-9.6373526443156E-15,-1.0,0.0));
#12864=DIRECTION('',(0.0,-1.0,-5.70632722360792E-16));
#12865=DIRECTION('',(0.0,0.0,-1.0));
#12866=CARTESIAN_POINT('',(1.225,0.52,0.35));
#12867=DIRECTION('',(1.0,0.0,-0.0));
#12868=DIRECTION('',(0.0,0.0,1.0));
#12869=DIRECTION('',(0.0,1.0,-5.70632722360792E-16));
#12870=CARTESIAN_POINT('',(0.785,0.46,0.35));
#12871=DIRECTION('',(-1.0,0.0,0.0));
#12872=DIRECTION('',(0.0,0.0,-1.0));
#12873=DIRECTION('',(0.0,-1.0,0.0));
#12874=CARTESIAN_POINT('',(0.785,0.52,0.35));
#12875=DIRECTION('',(-1.0,0.0,0.0));
#12876=DIRECTION('',(0.0,0.0,-1.0));
#12877=DIRECTION('',(0.0,0.0,-1.0));
#12878=DIRECTION('',(0.0,1.0,-5.70632722360792E-16));
#12879=DIRECTION('',(0.0,0.0,-1.0));
#12880=CARTESIAN_POINT('',(0.95,-0.46,0.349999999999999));
#12881=DIRECTION('',(1.0,0.0,-0.0));
#12882=DIRECTION('',(0.0,0.0,1.0));
#12883=CARTESIAN_POINT('',(0.95,0.46,0.35));
#12884=DIRECTION('',(1.0,0.0,-0.0));
#12885=DIRECTION('',(0.0,0.0,1.0));
#12886=DIRECTION('',(0.0,0.0,-1.0));
#12887=DIRECTION('',(0.0,0.0,-1.0));
#12888=CARTESIAN_POINT('',(1.255,-0.49,0.349999999999999));
#12889=DIRECTION('',(0.0,-1.0,0.0));
#12890=DIRECTION('',(0.0,0.0,1.0));
#12891=DIRECTION('',(1.0,0.0,0.0));
#12892=CARTESIAN_POINT('',(1.255,0.49,0.35));
#12893=DIRECTION('',(0.0,1.0,0.0));
#12894=DIRECTION('',(0.0,0.0,-1.0));
#12895=DIRECTION('',(0.0,0.0,-1.0));
#12896=DIRECTION('',(1.0,0.0,0.0));
#12897=DIRECTION('',(0.0,-1.0,-4.2773025946194E-16));
#12898=DIRECTION('',(0.0,1.0,0.0));
#12899=DIRECTION('',(0.0,0.0,-1.0));
#12900=DIRECTION('',(0.0,1.0,0.0));
#12901=DIRECTION('',(0.0,0.0,1.0));
#12902=DIRECTION('',(0.0,1.0,0.0));
#12903=DIRECTION('',(1.0,0.0,0.0));
#12904=DIRECTION('',(1.0,0.0,0.0));
#12905=DIRECTION('',(0.0,0.0,1.0));
#12906=DIRECTION('',(-1.0,0.0,0.0));
#12907=DIRECTION('',(0.0,0.0,-1.0));
#12908=DIRECTION('',(0.707106781186553,0.0,-0.707106781186542));
#12909=DIRECTION('',(-1.0,0.0,0.0));
#12910=DIRECTION('',(1.0,0.0,0.0));
#12911=DIRECTION('',(1.0,0.0,0.0));
#12912=DIRECTION('',(-1.0,0.0,0.0));
#12913=DIRECTION('',(1.0,0.0,0.0));
#12914=DIRECTION('',(0.0,1.0,4.2773025946194E-16));
#12915=DIRECTION('',(-1.0,0.0,0.0));
#12916=DIRECTION('',(0.0,-1.0,-5.70632722360792E-16));
#12917=CARTESIAN_POINT('',(0.825000000000001,-0.64,0.0700000000000005));
#12918=DIRECTION('',(-1.0,-0.0,0.0));
#12919=DIRECTION('',(0.0,-1.0,-1.50583635067431E-16));
#12920=DIRECTION('',(0.0,-1.0,-1.02335409137662E-15));
#12921=DIRECTION('',(0.0,0.0,1.0));
#12922=DIRECTION('',(0.0,1.0,3.07006227412987E-15));
#12923=CARTESIAN_POINT('',(0.825000000000001,-0.64,0.0700000000000005));
#12924=DIRECTION('',(1.0,0.0,0.0));
#12925=DIRECTION('',(0.0,-1.0,0.0));
#12926=DIRECTION('',(0.0,-1.0,-5.70632722360792E-16));
#12927=CARTESIAN_POINT('',(0.975,-0.64,0.0700000000000005));
#12928=DIRECTION('',(-1.0,0.0,0.0));
#12929=DIRECTION('',(0.0,0.0,1.0));
#12930=DIRECTION('',(0.0,-1.0,-3.07006227412987E-15));
#12931=DIRECTION('',(0.0,0.0,-1.0));
#12932=DIRECTION('',(0.0,1.0,1.02335409137662E-15));
#12933=CARTESIAN_POINT('',(0.975,-0.64,0.0700000000000005));
#12934=DIRECTION('',(1.0,0.0,-0.0));
#12935=DIRECTION('',(0.0,0.0,1.0));
#12936=DIRECTION('',(0.0,1.0,-5.70632722360792E-16));
#12937=CARTESIAN_POINT('',(0.825000000000001,0.64,0.0700000000000004));
#12938=DIRECTION('',(1.0,0.0,0.0));
#12939=DIRECTION('',(0.0,1.0,0.0));
#12940=DIRECTION('',(0.0,1.0,-3.07006227412987E-15));
#12941=DIRECTION('',(0.0,0.0,-1.0));
#12942=DIRECTION('',(0.0,-1.0,1.29993627823517E-15));
#12943=CARTESIAN_POINT('',(0.825000000000001,0.64,0.0700000000000004));
#12944=DIRECTION('',(-1.0,0.0,0.0));
#12945=DIRECTION('',(0.0,1.0,0.0));
#12946=CARTESIAN_POINT('',(0.975,0.64,0.0700000000000004));
#12947=DIRECTION('',(1.0,0.0,-0.0));
#12948=DIRECTION('',(0.0,0.0,1.0));
#12949=DIRECTION('',(0.0,1.0,-1.29993627823517E-15));
#12950=DIRECTION('',(0.0,0.0,1.0));
#12951=DIRECTION('',(0.0,-1.0,3.07006227412987E-15));
#12952=CARTESIAN_POINT('',(0.975,0.64,0.0700000000000004));
#12953=DIRECTION('',(-1.0,0.0,0.0));
#12954=DIRECTION('',(0.0,0.0,1.0));
#12955=DIRECTION('',(0.0,1.0,-5.70632722360792E-16));
#12956=DIRECTION('',(-1.0,0.0,0.0));
#12957=DIRECTION('',(-1.0,0.0,0.0));
#12958=DIRECTION('',(-1.0,0.0,0.0));
#12959=DIRECTION('',(-1.0,0.0,0.0));
#12960=DIRECTION('',(-1.0,0.0,0.0));
#12961=DIRECTION('',(-1.0,0.0,0.0));
#12962=DIRECTION('',(-1.0,0.0,0.0));
#12963=DIRECTION('',(-1.0,0.0,0.0));
#12964=DIRECTION('',(1.0,0.0,0.0));
#12965=DIRECTION('',(1.0,0.0,0.0));
#12966=DIRECTION('',(1.0,0.0,0.0));
#12967=DIRECTION('',(1.0,0.0,0.0));
#12968=DIRECTION('',(0.0,0.0,-1.0));
#12969=DIRECTION('',(0.0,0.0,-1.0));
#12970=DIRECTION('',(0.0,-1.0,0.0));
#12971=DIRECTION('',(0.0,0.0,1.0));
#12972=DIRECTION('',(0.0,0.0,1.0));
#12973=DIRECTION('',(0.0,-1.0,0.0));
#12974=DIRECTION('',(-1.0,0.0,0.0));
#12975=CARTESIAN_POINT('',(-0.765,0.440000000000001,0.37));
#12976=DIRECTION('',(-1.0,0.0,0.0));
#12977=DIRECTION('',(0.0,0.0,-1.0));
#12978=DIRECTION('',(0.0,-1.0,0.0));
#12979=DIRECTION('',(0.0,0.0,-1.0));
#12980=DIRECTION('',(0.0,0.0,1.0));
#12981=DIRECTION('',(-1.0,0.0,0.0));
#12982=DIRECTION('',(-1.0,0.0,0.0));
#12983=DIRECTION('',(0.0,1.0,0.0));
#12984=DIRECTION('',(0.0,1.0,0.0));
#12985=DIRECTION('',(0.0,0.0,-1.0));
#12986=CARTESIAN_POINT('',(-0.785000000000001,-0.46,0.350000000000001));
#12987=DIRECTION('',(-1.0,0.0,0.0));
#12988=DIRECTION('',(0.0,0.0,1.0));
#12989=DIRECTION('',(0.0,0.0,-1.0));
#12990=DIRECTION('',(1.0,0.0,0.0));
#12991=DIRECTION('',(0.0,0.0,-1.0));
#12992=DIRECTION('',(0.0,-1.0,0.0));
#12993=DIRECTION('',(0.0,1.0,0.0));
#12994=DIRECTION('',(1.0,0.0,0.0));
#12995=CARTESIAN_POINT('',(-1.305,-0.49,0.18));
#12996=DIRECTION('',(0.0,1.0842021724855E-15,-1.0));
#12997=DIRECTION('',(0.0,-1.0,-1.0842021724855E-15));
#12998=DIRECTION('',(1.0,0.0,0.0));
#12999=DIRECTION('',(1.0,0.0,0.0));
#13000=CARTESIAN_POINT('',(-1.305,0.49,0.18));
#13001=DIRECTION('',(0.0,-1.0842021724855E-15,-1.0));
#13002=DIRECTION('',(0.0,-1.0,1.0842021724855E-15));
#13003=DIRECTION('',(0.0,0.0,-1.0));
#13004=CARTESIAN_POINT('',(-1.255,-0.52,0.440000000000001));
#13005=DIRECTION('',(0.0,0.0,1.0));
#13006=DIRECTION('',(1.0,0.0,0.0));
#13007=DIRECTION('',(0.0,0.0,-1.0));
#13008=DIRECTION('',(0.0,0.0,-1.0));
#13009=CARTESIAN_POINT('',(-1.255,0.52,0.44));
#13010=DIRECTION('',(0.0,0.0,1.0));
#13011=DIRECTION('',(1.0,0.0,0.0));
#13012=DIRECTION('',(0.0,0.0,-1.0));
#13013=DIRECTION('',(0.0,0.0,-1.0));
#13014=DIRECTION('',(0.0,0.0,-1.0));
#13015=DIRECTION('',(-1.0,0.0,0.0));
#13016=DIRECTION('',(0.0,0.0,-1.0));
#13017=CARTESIAN_POINT('',(-1.035,0.43,0.44));
#13018=DIRECTION('',(0.0,0.0,1.0));
#13019=DIRECTION('',(1.0,0.0,0.0));
#13020=DIRECTION('',(0.0,0.0,-1.0));
#13021=DIRECTION('',(0.0,-1.0,0.0));
#13022=DIRECTION('',(0.0,0.0,-1.0));
#13023=CARTESIAN_POINT('',(-1.035,-0.43,0.440000000000001));
#13024=DIRECTION('',(0.0,0.0,1.0));
#13025=DIRECTION('',(1.0,0.0,0.0));
#13026=DIRECTION('',(0.0,0.0,-1.0));
#13027=DIRECTION('',(1.0,0.0,0.0));
#13028=DIRECTION('',(0.0,0.0,-1.0));
#13029=DIRECTION('',(0.0,0.0,-1.0));
#13030=DIRECTION('',(0.0,0.0,-1.0));
#13031=CARTESIAN_POINT('',(-0.95,0.46,0.350000000000001));
#13032=DIRECTION('',(1.0,0.0,-0.0));
#13033=DIRECTION('',(0.0,0.0,1.0));
#13034=CARTESIAN_POINT('',(-0.95,-0.46,0.350000000000001));
#13035=DIRECTION('',(1.0,0.0,-0.0));
#13036=DIRECTION('',(0.0,0.0,1.0));
#13037=DIRECTION('',(0.0,0.0,-1.0));
#13038=CARTESIAN_POINT('',(-1.255,-0.49,0.350000000000001));
#13039=DIRECTION('',(0.0,1.0,0.0));
#13040=DIRECTION('',(0.0,0.0,-1.0));
#13041=DIRECTION('',(0.0,0.0,-1.0));
#13042=DIRECTION('',(-1.0,0.0,0.0));
#13043=DIRECTION('',(0.0,0.0,-1.0));
#13044=CARTESIAN_POINT('',(-1.255,0.49,0.350000000000001));
#13045=DIRECTION('',(0.0,-1.0,0.0));
#13046=DIRECTION('',(0.0,0.0,1.0));
#13047=DIRECTION('',(-1.0,0.0,0.0));
#13048=CARTESIAN_POINT('',(-0.785,-0.46,0.350000000000001));
#13049=DIRECTION('',(-1.0,0.0,0.0));
#13050=DIRECTION('',(0.0,0.0,-1.0));
#13051=DIRECTION('',(0.0,-1.0,0.0));
#13052=CARTESIAN_POINT('',(-0.785,-0.52,0.350000000000001));
#13053=DIRECTION('',(-1.0,0.0,0.0));
#13054=DIRECTION('',(0.0,0.0,-1.0));
#13055=DIRECTION('',(0.0,-1.0,-5.70632722360792E-16));
#13056=CARTESIAN_POINT('',(-1.225,-0.52,0.350000000000001));
#13057=DIRECTION('',(1.0,9.6373526443156E-15,0.0));
#13058=DIRECTION('',(9.6373526443156E-15,-1.0,0.0));
#13059=DIRECTION('',(0.0,-1.0,-5.70632722360792E-16));
#13060=DIRECTION('',(0.0,-1.0,0.0));
#13061=DIRECTION('',(0.0,1.0,0.0));
#13062=DIRECTION('',(0.0,0.0,1.0));
#13063=DIRECTION('',(0.0,1.0,0.0));
#13064=DIRECTION('',(0.0,0.0,-1.0));
#13065=DIRECTION('',(0.0,1.0,0.0));
#13066=CARTESIAN_POINT('',(-1.225,0.52,0.350000000000001));
#13067=DIRECTION('',(1.0,0.0,-0.0));
#13068=DIRECTION('',(0.0,0.0,1.0));
#13069=DIRECTION('',(0.0,0.0,-1.0));
#13070=DIRECTION('',(0.0,1.0,-5.70632722360792E-16));
#13071=DIRECTION('',(-1.0,0.0,0.0));
#13072=DIRECTION('',(0.0,0.0,-1.0));
#13073=DIRECTION('',(-0.707106781186553,0.0,-0.707106781186542));
#13074=DIRECTION('',(0.0,0.0,-1.0));
#13075=DIRECTION('',(1.0,0.0,0.0));
#13076=DIRECTION('',(0.0,0.0,1.0));
#13077=DIRECTION('',(-1.0,0.0,0.0));
#13078=DIRECTION('',(0.0,-1.0,0.0));
#13079=CARTESIAN_POINT('',(-0.785,0.46,0.350000000000001));
#13080=DIRECTION('',(-1.0,0.0,0.0));
#13081=DIRECTION('',(0.0,0.0,-1.0));
#13082=DIRECTION('',(0.0,1.0,-5.70632722360792E-16));
#13083=CARTESIAN_POINT('',(-0.785,0.52,0.350000000000001));
#13084=DIRECTION('',(-1.0,0.0,0.0));
#13085=DIRECTION('',(0.0,0.0,-1.0));
#13086=DIRECTION('',(1.0,0.0,0.0));
#13087=DIRECTION('',(-1.0,0.0,0.0));
#13088=DIRECTION('',(-1.0,0.0,0.0));
#13089=DIRECTION('',(1.0,0.0,0.0));
#13090=DIRECTION('',(0.0,1.0,0.0));
#13091=DIRECTION('',(-1.0,0.0,0.0));
#13092=DIRECTION('',(1.0,0.0,0.0));
#13093=DIRECTION('',(0.0,-1.0,-5.70632722360792E-16));
#13094=CARTESIAN_POINT('',(-0.825000000000001,-0.64,0.0700000000000005));
#13095=DIRECTION('',(-1.0,-0.0,0.0));
#13096=DIRECTION('',(0.0,-1.0,-1.50583635067431E-16));
#13097=CARTESIAN_POINT('',(-0.825000000000001,-0.64,0.0700000000000005));
#13098=DIRECTION('',(1.0,0.0,0.0));
#13099=DIRECTION('',(0.0,-1.0,0.0));
#13100=DIRECTION('',(0.0,1.0,3.07006227412987E-15));
#13101=DIRECTION('',(0.0,0.0,1.0));
#13102=DIRECTION('',(0.0,-1.0,-1.02335409137662E-15));
#13103=DIRECTION('',(0.0,-1.0,-5.70632722360792E-16));
#13104=CARTESIAN_POINT('',(-0.975,-0.64,0.0700000000000005));
#13105=DIRECTION('',(1.0,0.0,-0.0));
#13106=DIRECTION('',(0.0,0.0,1.0));
#13107=DIRECTION('',(0.0,1.0,1.02335409137662E-15));
#13108=DIRECTION('',(0.0,0.0,-1.0));
#13109=DIRECTION('',(0.0,-1.0,-3.07006227412987E-15));
#13110=CARTESIAN_POINT('',(-0.975,-0.64,0.0700000000000005));
#13111=DIRECTION('',(-1.0,0.0,0.0));
#13112=DIRECTION('',(0.0,0.0,1.0));
#13113=DIRECTION('',(0.0,1.0,-5.70632722360792E-16));
#13114=CARTESIAN_POINT('',(-0.825000000000001,0.64,0.0700000000000004));
#13115=DIRECTION('',(-1.0,0.0,0.0));
#13116=DIRECTION('',(0.0,1.0,0.0));
#13117=DIRECTION('',(0.0,-1.0,1.29993627823517E-15));
#13118=DIRECTION('',(0.0,0.0,-1.0));
#13119=DIRECTION('',(0.0,1.0,-3.07006227412987E-15));
#13120=CARTESIAN_POINT('',(-0.825000000000001,0.64,0.0700000000000004));
#13121=DIRECTION('',(1.0,0.0,0.0));
#13122=DIRECTION('',(0.0,1.0,0.0));
#13123=CARTESIAN_POINT('',(-0.975,0.64,0.0700000000000004));
#13124=DIRECTION('',(1.0,0.0,-0.0));
#13125=DIRECTION('',(0.0,0.0,1.0));
#13126=DIRECTION('',(0.0,1.0,-5.70632722360792E-16));
#13127=CARTESIAN_POINT('',(-0.975,0.64,0.0700000000000004));
#13128=DIRECTION('',(-1.0,0.0,0.0));
#13129=DIRECTION('',(0.0,0.0,1.0));
#13130=DIRECTION('',(0.0,-1.0,3.07006227412987E-15));
#13131=DIRECTION('',(0.0,0.0,1.0));
#13132=DIRECTION('',(0.0,1.0,-1.29993627823517E-15));
#13133=DIRECTION('',(1.0,0.0,0.0));
#13134=DIRECTION('',(1.0,0.0,0.0));
#13135=DIRECTION('',(1.0,0.0,0.0));
#13136=DIRECTION('',(1.0,0.0,0.0));
#13137=DIRECTION('',(1.0,0.0,0.0));
#13138=DIRECTION('',(1.0,0.0,0.0));
#13139=DIRECTION('',(1.0,0.0,0.0));
#13140=DIRECTION('',(1.0,0.0,0.0));
#13141=DIRECTION('',(-1.0,0.0,0.0));
#13142=DIRECTION('',(-1.0,0.0,0.0));
#13143=DIRECTION('',(-1.0,0.0,0.0));
#13144=DIRECTION('',(-1.0,0.0,0.0));
#13145=DIRECTION('',(0.0,0.0,-1.0));
#13146=DIRECTION('',(0.0,-1.0,0.0));
#13147=DIRECTION('',(0.0,0.0,-1.0));
#13148=DIRECTION('',(0.0,-1.0,0.0));
#13149=DIRECTION('',(-1.0,0.0,0.0));
#13150=DIRECTION('',(0.0,0.0,1.0));
#13151=DIRECTION('',(0.0,0.0,1.0));
#13152=CARTESIAN_POINT('',(-0.745,0.440000000000001,0.37));
#13153=DIRECTION('',(1.0,0.0,-0.0));
#13154=DIRECTION('',(0.0,0.0,1.0));
#13155=CARTESIAN_POINT('',(0.745,-0.440000000000001,0.37));
#13156=DIRECTION('',(-1.0,0.0,0.0));
#13157=DIRECTION('',(0.0,0.0,-1.0));
#13158=DIRECTION('',(0.0,-0.919145030018057,-0.393919298579169));
#13159=DIRECTION('',(0.0,-0.919145030018057,-0.393919298579169));
#13160=DIRECTION('',(0.0,-0.919145030018057,0.393919298579169));
#13161=DIRECTION('',(0.0,-0.919145030018057,0.393919298579169));
#13162=DIRECTION('',(0.0,-0.919145030018057,-0.393919298579169));
#13163=DIRECTION('',(0.0,-0.919145030018057,-0.393919298579169));
#13164=DIRECTION('',(0.0,-0.919145030018057,-0.393919298579169));
#13165=DIRECTION('',(0.0,-0.919145030018057,-0.393919298579169));
#13166=DIRECTION('',(0.0,-0.919145030018057,-0.393919298579169));
#13167=DIRECTION('',(0.0,-0.919145030018057,-0.393919298579169));
#13168=DIRECTION('',(0.0,-0.919145030018057,-0.393919298579169));
#13169=DIRECTION('',(0.0,-0.919145030018057,-0.393919298579169));
#13170=DIRECTION('',(0.0,-0.919145030018057,0.393919298579169));
#13171=DIRECTION('',(0.0,-0.919145030018057,0.393919298579169));
#13172=DIRECTION('',(0.0,-0.919145030018057,0.393919298579169));
#13173=DIRECTION('',(0.0,-0.919145030018057,0.393919298579169));
#13174=DIRECTION('',(0.0,-0.919145030018057,0.393919298579169));
#13175=DIRECTION('',(0.0,-0.919145030018057,0.393919298579169));
#13176=DIRECTION('',(0.0,-0.919145030018057,0.393919298579169));
#13177=DIRECTION('',(0.0,-0.919145030018057,0.393919298579169));
#13178=DIRECTION('',(0.0,0.0,-1.0));
#13179=DIRECTION('',(0.0,0.0,1.0));
#13180=DIRECTION('',(0.0,0.0,1.0));
#13181=DIRECTION('',(0.0,0.707106781186548,0.707106781186548));
#13182=DIRECTION('',(0.0,0.0,1.0));
#13183=DIRECTION('',(0.0,0.0,1.0));
#13184=DIRECTION('',(0.0,0.0,1.0));
#13185=DIRECTION('',(0.0,0.707106781186548,0.707106781186548));
#13186=DIRECTION('',(-1.0,0.0,0.0));
#13187=DIRECTION('',(-1.0,0.0,0.0));
#13188=DIRECTION('',(0.0,0.0,-1.0));
#13189=DIRECTION('',(0.0,0.707106781186548,-0.707106781186548));
#13190=DIRECTION('',(0.0,0.0,-1.0));
#13191=DIRECTION('',(0.0,0.0,-1.0));
#13192=DIRECTION('',(0.0,0.707106781186548,-0.707106781186548));
#13193=DIRECTION('',(0.0,0.0,-1.0));
#13194=DIRECTION('',(-1.0,0.0,0.0));
#13195=DIRECTION('',(-1.0,0.0,0.0));
#13196=CARTESIAN_POINT('',(0.575,0.8,0.0));
#13197=DIRECTION('',(1.0,0.0,0.0));
#13198=DIRECTION('',(0.0,-1.0,1.83697019872103E-16));
#13199=DIRECTION('',(0.0,1.0,0.0));
#13200=DIRECTION('',(0.0,0.0,1.0));
#13201=DIRECTION('',(0.0,-1.0,1.01643953670512E-16));
#13202=CARTESIAN_POINT('',(0.575,0.779999999999992,0.04));
#13203=DIRECTION('',(1.0,0.0,0.0));
#13204=DIRECTION('',(0.0,-1.0,3.3881317890172E-16));
#13205=DIRECTION('',(0.0,1.0,9.6373526443156E-15));
#13206=DIRECTION('',(0.0,1.0,9.6373526443156E-15));
#13207=CARTESIAN_POINT('',(0.475,0.779999999999992,0.04));
#13208=DIRECTION('',(1.0,0.0,0.0));
#13209=DIRECTION('',(0.0,-1.0,3.3881317890172E-16));
#13210=DIRECTION('',(0.0,-1.0,1.01643953670512E-16));
#13211=DIRECTION('',(0.0,0.0,1.0));
#13212=DIRECTION('',(0.0,1.0,0.0));
#13213=CARTESIAN_POINT('',(0.475,0.8,0.0));
#13214=DIRECTION('',(1.0,0.0,0.0));
#13215=DIRECTION('',(0.0,-1.0,1.83697019872103E-16));
#13216=DIRECTION('',(-1.0,0.0,0.0));
#13217=DIRECTION('',(-1.0,0.0,0.0));
#13218=DIRECTION('',(-1.0,0.0,0.0));
#13219=DIRECTION('',(-1.0,0.0,0.0));
#13220=DIRECTION('',(0.0,-1.0,-1.89105030084685E-16));
#13221=DIRECTION('',(0.0,-1.0,-1.89105030084685E-16));
#13222=DIRECTION('',(-1.0,0.0,0.0));
#13223=DIRECTION('',(0.0,-1.0,-1.89105030084685E-16));
#13224=CARTESIAN_POINT('',(0.575,-0.779999999999992,0.04));
#13225=DIRECTION('',(1.0,0.0,0.0));
#13226=DIRECTION('',(0.0,1.0,0.0));
#13227=DIRECTION('',(0.0,-1.0,-1.01643953670512E-16));
#13228=DIRECTION('',(0.0,0.0,-1.0));
#13229=DIRECTION('',(0.0,1.0,0.0));
#13230=CARTESIAN_POINT('',(0.575,-0.8,0.0));
#13231=DIRECTION('',(1.0,0.0,0.0));
#13232=DIRECTION('',(0.0,1.0,-6.12323399573677E-17));
#13233=DIRECTION('',(0.0,-1.0,-1.89105030084685E-16));
#13234=CARTESIAN_POINT('',(0.475,-0.8,0.0));
#13235=DIRECTION('',(1.0,0.0,0.0));
#13236=DIRECTION('',(0.0,1.0,-6.12323399573677E-17));
#13237=DIRECTION('',(0.0,1.0,0.0));
#13238=DIRECTION('',(0.0,0.0,-1.0));
#13239=DIRECTION('',(0.0,-1.0,-1.01643953670512E-16));
#13240=CARTESIAN_POINT('',(0.475,-0.779999999999992,0.04));
#13241=DIRECTION('',(1.0,0.0,0.0));
#13242=DIRECTION('',(0.0,1.0,0.0));
#13243=DIRECTION('',(-1.0,0.0,0.0));
#13244=DIRECTION('',(-1.0,0.0,0.0));
#13245=DIRECTION('',(-1.0,0.0,0.0));
#13246=DIRECTION('',(-1.0,0.0,0.0));
#13247=DIRECTION('',(0.0,0.0,1.0));
#13248=DIRECTION('',(0.0,0.707106781186548,0.707106781186548));
#13249=DIRECTION('',(0.0,0.0,1.0));
#13250=DIRECTION('',(0.0,0.0,1.0));
#13251=DIRECTION('',(0.0,0.707106781186548,0.707106781186548));
#13252=DIRECTION('',(0.0,0.0,1.0));
#13253=DIRECTION('',(-1.0,0.0,0.0));
#13254=DIRECTION('',(-1.0,0.0,0.0));
#13255=DIRECTION('',(0.0,0.0,1.0));
#13256=DIRECTION('',(0.0,0.707106781186548,0.707106781186548));
#13257=DIRECTION('',(0.0,0.0,1.0));
#13258=DIRECTION('',(0.0,0.0,1.0));
#13259=DIRECTION('',(0.0,0.707106781186548,0.707106781186548));
#13260=DIRECTION('',(0.0,0.0,1.0));
#13261=DIRECTION('',(-1.0,0.0,0.0));
#13262=DIRECTION('',(-1.0,0.0,0.0));
#13263=DIRECTION('',(0.0,0.0,1.0));
#13264=DIRECTION('',(0.0,0.707106781186548,0.707106781186548));
#13265=DIRECTION('',(0.0,0.0,1.0));
#13266=DIRECTION('',(0.0,0.0,1.0));
#13267=DIRECTION('',(0.0,0.707106781186548,0.707106781186548));
#13268=DIRECTION('',(0.0,0.0,1.0));
#13269=DIRECTION('',(-1.0,0.0,0.0));
#13270=DIRECTION('',(-1.0,0.0,0.0));
#13271=DIRECTION('',(0.0,0.0,-1.0));
#13272=DIRECTION('',(0.0,0.707106781186548,-0.707106781186548));
#13273=DIRECTION('',(0.0,0.0,-1.0));
#13274=DIRECTION('',(0.0,0.0,-1.0));
#13275=DIRECTION('',(0.0,0.0,-1.0));
#13276=DIRECTION('',(0.0,0.707106781186548,-0.707106781186548));
#13277=DIRECTION('',(-1.0,0.0,0.0));
#13278=DIRECTION('',(-1.0,0.0,0.0));
#13279=DIRECTION('',(0.0,0.0,-1.0));
#13280=DIRECTION('',(0.0,0.707106781186548,-0.707106781186548));
#13281=DIRECTION('',(0.0,0.0,-1.0));
#13282=DIRECTION('',(0.0,0.0,-1.0));
#13283=DIRECTION('',(0.0,0.0,-1.0));
#13284=DIRECTION('',(0.0,0.707106781186548,-0.707106781186548));
#13285=DIRECTION('',(-1.0,0.0,0.0));
#13286=DIRECTION('',(-1.0,0.0,0.0));
#13287=DIRECTION('',(0.0,0.0,-1.0));
#13288=DIRECTION('',(0.0,0.707106781186548,-0.707106781186548));
#13289=DIRECTION('',(0.0,0.0,-1.0));
#13290=DIRECTION('',(0.0,0.0,-1.0));
#13291=DIRECTION('',(0.0,0.0,-1.0));
#13292=DIRECTION('',(0.0,0.707106781186548,-0.707106781186548));
#13293=DIRECTION('',(-1.0,0.0,0.0));
#13294=DIRECTION('',(-1.0,0.0,0.0));
#13295=CARTESIAN_POINT('',(-0.475,0.8,0.0));
#13296=DIRECTION('',(1.0,0.0,0.0));
#13297=DIRECTION('',(0.0,-1.0,1.83697019872103E-16));
#13298=DIRECTION('',(0.0,1.0,0.0));
#13299=DIRECTION('',(0.0,0.0,1.0));
#13300=DIRECTION('',(0.0,-1.0,1.01643953670512E-16));
#13301=CARTESIAN_POINT('',(-0.475,0.779999999999992,0.04));
#13302=DIRECTION('',(1.0,0.0,0.0));
#13303=DIRECTION('',(0.0,-1.0,3.3881317890172E-16));
#13304=DIRECTION('',(0.0,-1.0,2.04863782591742E-16));
#13305=DIRECTION('',(0.0,-1.0,2.04863782591742E-16));
#13306=CARTESIAN_POINT('',(-0.575,0.779999999999992,0.04));
#13307=DIRECTION('',(1.0,0.0,0.0));
#13308=DIRECTION('',(0.0,-1.0,3.3881317890172E-16));
#13309=DIRECTION('',(0.0,-1.0,1.01643953670512E-16));
#13310=DIRECTION('',(0.0,0.0,1.0));
#13311=DIRECTION('',(0.0,1.0,0.0));
#13312=CARTESIAN_POINT('',(-0.575,0.8,0.0));
#13313=DIRECTION('',(1.0,0.0,0.0));
#13314=DIRECTION('',(0.0,-1.0,1.83697019872103E-16));
#13315=DIRECTION('',(-1.0,0.0,0.0));
#13316=DIRECTION('',(-1.0,0.0,0.0));
#13317=DIRECTION('',(-1.0,0.0,0.0));
#13318=DIRECTION('',(-1.0,0.0,0.0));
#13319=CARTESIAN_POINT('',(-0.125,0.8,0.0));
#13320=DIRECTION('',(1.0,0.0,0.0));
#13321=DIRECTION('',(0.0,-1.0,1.83697019872103E-16));
#13322=DIRECTION('',(0.0,1.0,0.0));
#13323=DIRECTION('',(0.0,0.0,1.0));
#13324=DIRECTION('',(0.0,-1.0,1.01643953670512E-16));
#13325=CARTESIAN_POINT('',(-0.125,0.779999999999992,0.04));
#13326=DIRECTION('',(1.0,0.0,0.0));
#13327=DIRECTION('',(0.0,-1.0,3.3881317890172E-16));
#13328=DIRECTION('',(0.0,-1.0,2.04863782591742E-16));
#13329=DIRECTION('',(0.0,-1.0,2.04863782591742E-16));
#13330=CARTESIAN_POINT('',(-0.225,0.779999999999992,0.04));
#13331=DIRECTION('',(1.0,0.0,0.0));
#13332=DIRECTION('',(0.0,-1.0,3.3881317890172E-16));
#13333=DIRECTION('',(0.0,-1.0,1.01643953670512E-16));
#13334=DIRECTION('',(0.0,0.0,1.0));
#13335=DIRECTION('',(0.0,1.0,0.0));
#13336=CARTESIAN_POINT('',(-0.225,0.8,0.0));
#13337=DIRECTION('',(1.0,0.0,0.0));
#13338=DIRECTION('',(0.0,-1.0,1.83697019872103E-16));
#13339=DIRECTION('',(-1.0,0.0,0.0));
#13340=DIRECTION('',(-1.0,0.0,0.0));
#13341=DIRECTION('',(-1.0,0.0,0.0));
#13342=DIRECTION('',(-1.0,0.0,0.0));
#13343=CARTESIAN_POINT('',(0.225,0.8,0.0));
#13344=DIRECTION('',(1.0,0.0,0.0));
#13345=DIRECTION('',(0.0,-1.0,1.83697019872103E-16));
#13346=DIRECTION('',(0.0,1.0,0.0));
#13347=DIRECTION('',(0.0,0.0,1.0));
#13348=DIRECTION('',(0.0,-1.0,1.01643953670512E-16));
#13349=CARTESIAN_POINT('',(0.225,0.779999999999992,0.04));
#13350=DIRECTION('',(1.0,0.0,0.0));
#13351=DIRECTION('',(0.0,-1.0,3.3881317890172E-16));
#13352=DIRECTION('',(0.0,-1.0,2.04863782591742E-16));
#13353=DIRECTION('',(0.0,-1.0,2.04863782591742E-16));
#13354=CARTESIAN_POINT('',(0.125,0.779999999999992,0.04));
#13355=DIRECTION('',(1.0,0.0,0.0));
#13356=DIRECTION('',(0.0,-1.0,3.3881317890172E-16));
#13357=DIRECTION('',(0.0,-1.0,1.01643953670512E-16));
#13358=DIRECTION('',(0.0,0.0,1.0));
#13359=DIRECTION('',(0.0,1.0,0.0));
#13360=CARTESIAN_POINT('',(0.125,0.8,0.0));
#13361=DIRECTION('',(1.0,0.0,0.0));
#13362=DIRECTION('',(0.0,-1.0,1.83697019872103E-16));
#13363=DIRECTION('',(-1.0,0.0,0.0));
#13364=DIRECTION('',(-1.0,0.0,0.0));
#13365=DIRECTION('',(-1.0,0.0,0.0));
#13366=DIRECTION('',(-1.0,0.0,0.0));
#13367=DIRECTION('',(0.0,-1.0,-1.89105030084685E-16));
#13368=DIRECTION('',(0.0,-1.0,-1.89105030084685E-16));
#13369=DIRECTION('',(-1.0,0.0,0.0));
#13370=DIRECTION('',(0.0,-1.0,-1.89105030084685E-16));
#13371=CARTESIAN_POINT('',(-0.475,-0.779999999999992,0.04));
#13372=DIRECTION('',(1.0,0.0,0.0));
#13373=DIRECTION('',(0.0,1.0,0.0));
#13374=DIRECTION('',(0.0,-1.0,-1.01643953670512E-16));
#13375=DIRECTION('',(0.0,0.0,-1.0));
#13376=DIRECTION('',(0.0,1.0,0.0));
#13377=CARTESIAN_POINT('',(-0.475,-0.8,0.0));
#13378=DIRECTION('',(1.0,0.0,0.0));
#13379=DIRECTION('',(0.0,1.0,-6.12323399573677E-17));
#13380=DIRECTION('',(0.0,-1.0,-1.89105030084685E-16));
#13381=CARTESIAN_POINT('',(-0.575,-0.8,0.0));
#13382=DIRECTION('',(1.0,0.0,0.0));
#13383=DIRECTION('',(0.0,1.0,-6.12323399573677E-17));
#13384=DIRECTION('',(0.0,1.0,0.0));
#13385=DIRECTION('',(0.0,0.0,-1.0));
#13386=DIRECTION('',(0.0,-1.0,-1.01643953670512E-16));
#13387=CARTESIAN_POINT('',(-0.575,-0.779999999999992,0.04));
#13388=DIRECTION('',(1.0,0.0,0.0));
#13389=DIRECTION('',(0.0,1.0,0.0));
#13390=DIRECTION('',(-1.0,0.0,0.0));
#13391=DIRECTION('',(-1.0,0.0,0.0));
#13392=DIRECTION('',(-1.0,0.0,0.0));
#13393=DIRECTION('',(-1.0,0.0,0.0));
#13394=DIRECTION('',(0.0,-1.0,-1.89105030084685E-16));
#13395=DIRECTION('',(0.0,-1.0,-1.89105030084685E-16));
#13396=DIRECTION('',(-1.0,0.0,0.0));
#13397=DIRECTION('',(0.0,-1.0,-1.89105030084685E-16));
#13398=CARTESIAN_POINT('',(-0.125,-0.779999999999992,0.04));
#13399=DIRECTION('',(1.0,0.0,0.0));
#13400=DIRECTION('',(0.0,1.0,0.0));
#13401=DIRECTION('',(0.0,-1.0,-1.01643953670512E-16));
#13402=DIRECTION('',(0.0,0.0,-1.0));
#13403=DIRECTION('',(0.0,1.0,0.0));
#13404=CARTESIAN_POINT('',(-0.125,-0.8,0.0));
#13405=DIRECTION('',(1.0,0.0,0.0));
#13406=DIRECTION('',(0.0,1.0,-6.12323399573677E-17));
#13407=DIRECTION('',(0.0,-1.0,-1.89105030084685E-16));
#13408=CARTESIAN_POINT('',(-0.225,-0.8,0.0));
#13409=DIRECTION('',(1.0,0.0,0.0));
#13410=DIRECTION('',(0.0,1.0,-6.12323399573677E-17));
#13411=DIRECTION('',(0.0,1.0,0.0));
#13412=DIRECTION('',(0.0,0.0,-1.0));
#13413=DIRECTION('',(0.0,-1.0,-1.01643953670512E-16));
#13414=CARTESIAN_POINT('',(-0.225,-0.779999999999992,0.04));
#13415=DIRECTION('',(1.0,0.0,0.0));
#13416=DIRECTION('',(0.0,1.0,0.0));
#13417=DIRECTION('',(-1.0,0.0,0.0));
#13418=DIRECTION('',(-1.0,0.0,0.0));
#13419=DIRECTION('',(-1.0,0.0,0.0));
#13420=DIRECTION('',(-1.0,0.0,0.0));
#13421=DIRECTION('',(0.0,-1.0,-1.89105030084685E-16));
#13422=DIRECTION('',(0.0,-1.0,-1.89105030084685E-16));
#13423=DIRECTION('',(-1.0,0.0,0.0));
#13424=DIRECTION('',(0.0,-1.0,-1.89105030084685E-16));
#13425=CARTESIAN_POINT('',(0.225,-0.779999999999992,0.04));
#13426=DIRECTION('',(1.0,0.0,0.0));
#13427=DIRECTION('',(0.0,1.0,0.0));
#13428=DIRECTION('',(0.0,-1.0,-1.01643953670512E-16));
#13429=DIRECTION('',(0.0,0.0,-1.0));
#13430=DIRECTION('',(0.0,1.0,0.0));
#13431=CARTESIAN_POINT('',(0.225,-0.8,0.0));
#13432=DIRECTION('',(1.0,0.0,0.0));
#13433=DIRECTION('',(0.0,1.0,-6.12323399573677E-17));
#13434=DIRECTION('',(0.0,-1.0,-1.89105030084685E-16));
#13435=CARTESIAN_POINT('',(0.125,-0.8,0.0));
#13436=DIRECTION('',(1.0,0.0,0.0));
#13437=DIRECTION('',(0.0,1.0,-6.12323399573677E-17));
#13438=DIRECTION('',(0.0,1.0,0.0));
#13439=DIRECTION('',(0.0,0.0,-1.0));
#13440=DIRECTION('',(0.0,-1.0,-1.01643953670512E-16));
#13441=CARTESIAN_POINT('',(0.125,-0.779999999999992,0.04));
#13442=DIRECTION('',(1.0,0.0,0.0));
#13443=DIRECTION('',(0.0,1.0,0.0));
#13444=DIRECTION('',(-1.0,0.0,0.0));
#13445=DIRECTION('',(-1.0,0.0,0.0));
#13446=DIRECTION('',(-1.0,0.0,0.0));
#13447=DIRECTION('',(-1.0,0.0,0.0));
#13448=PRESENTATION_LAYER_ASSIGNMENT('1','Layer 1',(#25));
ENDSEC;
END-ISO-10303-21;
