#VRML V2.0 utf8
# 3D model generated by easyeda2kicad.py (https://github.com/uPesy/easyeda2kicad.py)

Shape{
    appearance Appearance {
        material  Material 	{
            diffuseColor 0.25098039215686274 0.25098039215686274 0.25098039215686274
            specularColor 0.12549019607843137 0.12549019607843137 0.12549019607843137
            ambientIntensity 0.2
            transparency 0
            shininess 0.5
        }
    }
    geometry IndexedFaceSet {
        ccw TRUE
        solid FALSE
        coord DEF co Coordinate {
            point [
                -0.311 -0.1535 0.0, -0.311 -0.1354 0.0, -0.1575 -0.1354 0.0, -0.311 -0.0285 0.0, -0.311 0.0259 0.0, -0.1575 0.0259 0.0, 0.0907 0.0421 0.0, 0.0973 0.045 0.0, 0.0973 0.0259 0.0, -0.0276 -0.0278 0.0, -0.0261 -0.028 0.0, -0.0261 -0.0285 0.0, 0.029 0.0113 0.0, 0.0245 0.01 0.0, 0.0206 0.0259 0.0, 0.0245 0.0048 0.0, 0.0245 -0.0219 0.0, 0.0289 0.0067 0.0, 0.0252 -0.0223 0.0, 0.0337 0.0073 0.0, 0.0376 0.0068 0.0, 0.0472 -0.0249 0.0, 0.0501 -0.0218 0.0, 0.0555 -0.0285 0.0, 0.0522 -0.018 0.0, 0.0517 0.0007 0.0, 0.0494 0.0044 0.0, 0.0555 0.0259 0.0, 0.0458 0.0078 0.0, 0.0376 -0.0285 0.0, 0.0402 -0.0282 0.0, 0.044 -0.0269 0.0, 0.0405 0.0058 0.0, 0.0433 0.004 0.0, 0.0456 0.0013 0.0, 0.0485 -0.009 0.0, 0.0481 -0.0132 0.0, 0.047 -0.0166 0.0, 0.0383 -0.024 0.0, 0.0346 -0.0244 0.0, 0.0411 -0.0229 0.0, 0.0435 -0.0213 0.0, 0.0454 -0.0194 0.0, 0.0294 -0.0238 0.0, 0.0473 -0.0017 0.0, 0.0483 -0.0059 0.0, 0.0534 -0.0139 0.0, 0.0538 -0.0093 0.0, 0.0532 -0.0037 0.0, 0.0421 0.01 0.0, 0.0377 0.0113 0.0, 0.0338 0.0116 0.0, 0.0327 -0.0285 0.0, 0.0342 -0.0287 0.0, 0.0529 -0.0501 0.0, 0.0402 -0.0787 0.0, 0.041 -0.0868 0.0, 0.0206 -0.1354 0.0, 0.0435 -0.0944 0.0, 0.0245 -0.0262 0.0, 0.0287 -0.0279 0.0, 0.0206 -0.0285 0.0, 0.0475 -0.0561 0.0, 0.0435 -0.0631 0.0, 0.041 -0.0707 0.0, -0.0261 0.0259 0.0, -0.0261 0.0108 0.0, -0.0288 0.0105 0.0, -0.0334 0.0089 0.0, -0.0451 0.0259 0.0, -0.0377 0.006 0.0, -0.0451 -0.0285 0.0, -0.0417 -0.0175 0.0, -0.0395 -0.021 0.0, -0.0377 0.006 0.0, -0.0405 0.0029 0.0, -0.0423 -0.0005 0.0, -0.0362 -0.0241 0.0, -0.0321 -0.0265 0.0, -0.0434 -0.0044 0.0, -0.0437 -0.0081 0.0, -0.0431 -0.0133 0.0, -0.0227 -0.0283 0.0, -0.012 -0.0283 0.0, -0.0082 -0.0285 0.0, -0.012 0.0111 0.0, -0.0082 0.0259 0.0, -0.0231 0.0111 0.0, -0.041 -0.0707 0.0, -0.0435 -0.0631 0.0, -0.0451 -0.0602 0.0, -0.0261 -0.1354 0.0, -0.0451 -0.1354 0.0, -0.0451 -0.0973 0.0, -0.0435 -0.0944 0.0, -0.041 -0.0868 0.0, -0.0402 -0.0787 0.0, -0.0668 -0.1154 0.0, -0.0595 -0.1121 0.0, -0.098 -0.1121 0.0, -0.0907 -0.1154 0.0, -0.0997 -0.1354 0.0, -0.0828 -0.1171 0.0, -0.0747 -0.1171 0.0, -0.0529 -0.1074 0.0, -0.0475 -0.1014 0.0, -0.0997 -0.0466 0.0, -0.1046 -0.0501 0.0, -0.1575 -0.0285 0.0, -0.1099 -0.0561 0.0, -0.1173 -0.0787 0.0, -0.1165 -0.0868 0.0, -0.114 -0.0944 0.0, -0.1099 -0.1014 0.0, -0.1046 -0.1074 0.0, -0.0997 -0.1109 0.0, -0.114 -0.0631 0.0, -0.1165 -0.0707 0.0, -0.0475 -0.0561 0.0, -0.0529 -0.0501 0.0, -0.0595 -0.0453 0.0, -0.0997 -0.0285 0.0, -0.0907 -0.0421 0.0, -0.098 -0.0453 0.0, -0.0668 -0.0421 0.0, -0.0747 -0.0404 0.0, -0.0828 -0.0404 0.0, -0.0435 0.0631 0.0, -0.041 0.0707 0.0, -0.0402 0.0787 0.0, -0.0451 0.0602 0.0, -0.0451 0.0973 0.0, -0.0451 0.1535 0.0, -0.0435 0.0944 0.0, -0.0261 0.1535 0.0, -0.041 0.0868 0.0, -0.1046 0.0501 0.0, -0.0997 0.0466 0.0, -0.0997 0.0259 0.0, -0.098 0.0453 0.0, -0.0668 0.0421 0.0, -0.0595 0.0453 0.0, -0.0529 0.0501 0.0, -0.0475 0.0561 0.0, -0.0907 0.0421 0.0, -0.0828 0.0404 0.0, -0.0747 0.0404 0.0, -0.1165 0.0707 0.0, -0.114 0.0631 0.0, -0.1099 0.0561 0.0, -0.1099 0.1014 0.0, -0.114 0.0944 0.0, -0.1575 0.1535 0.0, -0.1165 0.0868 0.0, -0.1173 0.0787 0.0, -0.0475 0.1014 0.0, -0.0529 0.1074 0.0, -0.0595 0.1121 0.0, -0.0907 0.1154 0.0, -0.098 0.1121 0.0, -0.0997 0.1535 0.0, -0.0997 0.1109 0.0, -0.1046 0.1074 0.0, -0.0668 0.1154 0.0, -0.0747 0.1171 0.0, -0.0828 0.1171 0.0, 0.1046 -0.0501 0.0, 0.098 -0.0453 0.0, 0.0973 -0.0285 0.0, 0.0907 -0.1154 0.0, 0.0973 -0.1125 0.0, 0.0973 -0.1354 0.0, 0.098 -0.1121 0.0, 0.1575 -0.1354 0.0, 0.1046 -0.1074 0.0, 0.1099 -0.1014 0.0, 0.1173 -0.0787 0.0, 0.1575 -0.0285 0.0, 0.1165 -0.0868 0.0, 0.114 -0.0944 0.0, 0.1165 -0.0707 0.0, 0.114 -0.0631 0.0, 0.1099 -0.0561 0.0, 0.0475 -0.1014 0.0, 0.0529 -0.1074 0.0, 0.0555 -0.1354 0.0, 0.0555 -0.1092 0.0, 0.0595 -0.1121 0.0, 0.0668 -0.1154 0.0, 0.0747 -0.1171 0.0, 0.0828 -0.1171 0.0, 0.0973 -0.045 0.0, 0.0907 -0.0421 0.0, 0.0828 -0.0404 0.0, 0.0747 -0.0404 0.0, 0.0668 -0.0421 0.0, 0.0353 -0.0287 0.0, 0.0555 -0.0482 0.0, 0.0595 -0.0453 0.0, 0.0973 0.1125 0.0, 0.0973 0.1535 0.0, 0.098 0.1121 0.0, 0.1575 0.1535 0.0, 0.098 0.0453 0.0, 0.1046 0.0501 0.0, 0.1575 0.0259 0.0, 0.1099 0.0561 0.0, 0.114 0.0631 0.0, 0.114 0.0944 0.0, 0.1099 0.1014 0.0, 0.1046 0.1074 0.0, 0.1165 0.0707 0.0, 0.1173 0.0787 0.0, 0.1165 0.0868 0.0, 0.0595 0.0453 0.0, 0.0668 0.0421 0.0, 0.0747 0.0404 0.0, 0.0828 0.0404 0.0, 0.0402 0.0787 0.0, 0.041 0.0707 0.0, 0.0435 0.0631 0.0, 0.0475 0.0561 0.0, 0.0529 0.0501 0.0, 0.0555 0.0482 0.0, 0.0475 0.1014 0.0, 0.0435 0.0944 0.0, 0.0206 0.1535 0.0, 0.041 0.0868 0.0, 0.0668 0.1154 0.0, 0.0595 0.1121 0.0, 0.0555 0.1535 0.0, 0.0555 0.1092 0.0, 0.0529 0.1074 0.0, 0.0907 0.1154 0.0, 0.0828 0.1171 0.0, 0.0747 0.1171 0.0, -0.1985 0.0707 0.0, -0.1976 0.0787 0.0, -0.1985 0.0868 0.0, -0.201 0.0944 0.0, -0.205 0.1014 0.0, -0.2104 0.1074 0.0, -0.2169 0.1121 0.0, -0.2481 0.1154 0.0, -0.2555 0.1121 0.0, -0.311 0.1535 0.0, -0.262 0.1074 0.0, -0.2674 0.1014 0.0, -0.2748 0.0787 0.0, -0.274 0.0868 0.0, -0.2715 0.0944 0.0, -0.274 0.0707 0.0, -0.2715 0.0631 0.0, -0.2674 0.0561 0.0, -0.262 0.0501 0.0, -0.2555 0.0453 0.0, -0.2481 0.0421 0.0, -0.2169 0.0453 0.0, -0.2104 0.0501 0.0, -0.2243 0.1154 0.0, -0.2322 0.1171 0.0, -0.2403 0.1171 0.0, -0.2403 0.0404 0.0, -0.2322 0.0404 0.0, -0.2243 0.0421 0.0, -0.205 0.0561 0.0, -0.201 0.0631 0.0, -0.0082 0.1535 0.0, 0.274 0.0868 0.0, 0.2715 0.0944 0.0, 0.2929 0.1535 0.0, 0.2748 0.0787 0.0, 0.2929 0.0259 0.0, 0.274 0.0707 0.0, 0.2674 0.1014 0.0, 0.262 0.1074 0.0, 0.2555 0.1121 0.0, 0.2243 0.1154 0.0, 0.2169 0.1121 0.0, 0.2104 0.1074 0.0, 0.205 0.1014 0.0, 0.1976 0.0787 0.0, 0.1985 0.0868 0.0, 0.201 0.0944 0.0, 0.1985 0.0707 0.0, 0.201 0.0631 0.0, 0.205 0.0561 0.0, 0.2104 0.0501 0.0, 0.2169 0.0453 0.0, 0.2243 0.0421 0.0, 0.2322 0.0404 0.0, 0.2403 0.0404 0.0, 0.2481 0.1154 0.0, 0.2403 0.1171 0.0, 0.2322 0.1171 0.0, 0.2481 0.0421 0.0, 0.2555 0.0453 0.0, 0.262 0.0501 0.0, 0.2674 0.0561 0.0, 0.2715 0.0631 0.0, -0.0724 -0.0172 0.0, -0.0561 -0.0172 0.0, -0.0763 -0.0283 0.0, -0.0523 -0.0283 0.0, -0.0821 -0.0283 0.0, -0.0466 -0.0283 0.0, -0.0615 0.0111 0.0, -0.0667 0.0111 0.0, -0.0034 0.0111 0.0, 0.0168 0.0111 0.0, -0.0034 0.0068 0.0, -0.0043 -0.0239 0.0, -0.0043 -0.0283 0.0, 0.0168 -0.0283 0.0, 0.0115 -0.0105 0.0, 0.0115 -0.0239 0.0, -0.0024 -0.0105 0.0, -0.0024 -0.0062 0.0, 0.0115 -0.0062 0.0, 0.0115 0.0068 0.0, 0.0571 -0.0239 0.0, 0.0571 -0.0283 0.0, 0.0773 -0.0283 0.0, 0.072 -0.0239 0.0, 0.072 0.0111 0.0, 0.0773 0.0111 0.0, -0.2674 -0.0561 0.0, -0.2715 -0.0631 0.0, -0.1985 -0.0707 0.0, -0.201 -0.0631 0.0, -0.205 -0.0561 0.0, -0.2104 -0.0501 0.0, -0.2403 -0.0404 0.0, -0.2481 -0.0421 0.0, -0.274 -0.0707 0.0, -0.2748 -0.0787 0.0, -0.2169 -0.0453 0.0, -0.2243 -0.0421 0.0, -0.2322 -0.0404 0.0, -0.2555 -0.0453 0.0, -0.262 -0.0501 0.0, -0.274 -0.0868 0.0, -0.2715 -0.0944 0.0, -0.2674 -0.1014 0.0, -0.262 -0.1074 0.0, -0.2555 -0.1121 0.0, -0.2481 -0.1154 0.0, -0.2403 -0.1171 0.0, -0.2322 -0.1171 0.0, -0.2243 -0.1154 0.0, -0.2169 -0.1121 0.0, -0.2104 -0.1074 0.0, -0.205 -0.1014 0.0, -0.201 -0.0944 0.0, -0.1985 -0.0868 0.0, -0.1976 -0.0787 0.0, -0.0082 -0.1354 0.0, 0.205 -0.0561 0.0, 0.201 -0.0631 0.0, 0.262 -0.0501 0.0, 0.2929 -0.0285 0.0, 0.2674 -0.0561 0.0, 0.2715 -0.0631 0.0, 0.2322 -0.0404 0.0, 0.2243 -0.0421 0.0, 0.2555 -0.0453 0.0, 0.2481 -0.0421 0.0, 0.2403 -0.0404 0.0, 0.2169 -0.0453 0.0, 0.2104 -0.0501 0.0, 0.1985 -0.0707 0.0, 0.1976 -0.0787 0.0, 0.1985 -0.0868 0.0, 0.201 -0.0944 0.0, 0.205 -0.1014 0.0, 0.2104 -0.1074 0.0, 0.2169 -0.1121 0.0, 0.2929 -0.1354 0.0, 0.2481 -0.1154 0.0, 0.2555 -0.1121 0.0, 0.2243 -0.1154 0.0, 0.2322 -0.1171 0.0, 0.2403 -0.1171 0.0, 0.262 -0.1074 0.0, 0.2674 -0.1014 0.0, 0.2715 -0.0944 0.0, 0.274 -0.0868 0.0, 0.2748 -0.0787 0.0, 0.274 -0.0707 0.0, 0.311 0.1535 0.0, 0.311 0.0259 0.0, 0.311 -0.0285 0.0, 0.311 -0.1354 0.0, -0.1575 -0.1535 0.0, -0.0997 -0.1535 0.0, -0.0451 -0.1535 0.0, -0.0261 -0.1535 0.0, -0.0082 -0.1535 0.0, 0.0206 -0.1535 0.0, 0.0555 -0.1535 0.0, 0.0973 -0.1535 0.0, 0.1575 -0.1535 0.0, 0.2929 -0.1535 0.0, 0.311 -0.1535 0.0, 0.311 -0.1535 0.189, 0.311 0.1535 0.189, -0.311 0.1535 0.189, -0.311 -0.1535 0.189, -0.252 -0.1142 0.189, -0.2526 -0.1091 0.189, -0.2546 -0.1043 0.189, -0.2577 -0.1003 0.189, -0.2526 -0.1193 0.189, -0.2546 -0.124 0.189, -0.2577 -0.1281 0.189, -0.2618 -0.1312 0.189, -0.2666 -0.1332 0.189, -0.2717 -0.1339 0.189, -0.2767 -0.1332 0.189, -0.2815 -0.1312 0.189, -0.2767 -0.0952 0.189, -0.2815 -0.0971 0.189, -0.2856 -0.1003 0.189, -0.2856 -0.1281 0.189, -0.2887 -0.124 0.189, -0.2907 -0.1193 0.189, -0.2717 -0.0945 0.189, -0.2666 -0.0952 0.189, -0.2618 -0.0971 0.189, -0.2913 -0.1142 0.189, -0.2907 -0.1091 0.189, -0.2887 -0.1043 0.189, -0.2887 -0.1043 0.189
            ]
        }
        coordIndex [
            0,1,2,-1,3,4,5,-1,6,7,8,-1,9,10,11,-1,12,13,14,-1,14,13,15,-1,14,15,16,-1,16,15,17,-1,16,17,18,-1,18,17,19,-1,18,19,20,-1,21,22,23,-1,23,22,24,-1,25,26,27,-1,27,26,28,-1,29,30,23,-1,23,30,31,-1,23,31,21,-1,20,32,18,-1,18,32,33,-1,18,33,34,-1,35,36,18,-1,18,36,37,-1,38,39,40,-1,40,39,41,-1,37,42,18,-1,18,42,41,-1,18,41,43,-1,43,41,39,-1,34,44,18,-1,18,44,45,-1,18,45,35,-1,24,46,23,-1,23,46,47,-1,23,47,27,-1,27,47,48,-1,27,48,25,-1,28,49,27,-1,27,49,50,-1,27,50,14,-1,14,50,51,-1,14,51,12,-1,52,53,54,-1,55,56,57,-1,57,56,58,-1,59,60,61,-1,61,60,52,-1,61,52,62,-1,62,52,54,-1,62,63,61,-1,61,63,64,-1,61,64,55,-1,65,66,67,-1,67,68,69,-1,69,68,70,-1,71,72,73,-1,70,74,69,-1,69,74,75,-1,69,75,76,-1,73,77,71,-1,71,77,78,-1,71,78,9,-1,76,79,69,-1,69,79,80,-1,69,80,71,-1,71,80,81,-1,71,81,72,-1,10,82,11,-1,11,82,83,-1,11,83,84,-1,84,83,85,-1,84,85,86,-1,86,85,65,-1,65,85,87,-1,65,87,66,-1,88,89,11,-1,9,11,71,-1,71,11,89,-1,71,89,90,-1,91,92,93,-1,93,94,91,-1,91,94,95,-1,91,95,96,-1,92,97,98,-1,99,100,101,-1,101,100,102,-1,101,102,92,-1,92,102,103,-1,92,103,97,-1,98,104,92,-1,92,104,105,-1,92,105,93,-1,106,107,108,-1,108,107,109,-1,108,110,2,-1,2,110,111,-1,2,111,112,-1,112,113,2,-1,2,113,114,-1,2,114,101,-1,101,114,115,-1,101,115,99,-1,109,116,108,-1,108,116,117,-1,108,117,110,-1,90,118,71,-1,71,118,119,-1,71,119,120,-1,121,122,123,-1,120,124,71,-1,71,124,125,-1,71,125,121,-1,121,125,126,-1,121,126,122,-1,127,128,65,-1,65,128,129,-1,67,69,65,-1,65,69,130,-1,65,130,127,-1,131,132,133,-1,133,132,134,-1,133,134,135,-1,136,137,138,-1,138,137,139,-1,140,141,69,-1,141,142,69,-1,69,142,143,-1,69,143,130,-1,139,144,138,-1,138,144,145,-1,138,145,69,-1,69,145,146,-1,69,146,140,-1,147,148,5,-1,5,148,149,-1,5,149,136,-1,150,151,152,-1,152,151,153,-1,152,153,5,-1,5,153,154,-1,5,154,147,-1,131,155,132,-1,132,155,156,-1,132,156,157,-1,158,159,160,-1,160,159,161,-1,160,161,152,-1,152,161,162,-1,152,162,150,-1,157,163,132,-1,132,163,164,-1,132,164,160,-1,160,164,165,-1,160,165,158,-1,166,167,168,-1,169,170,171,-1,171,170,172,-1,171,172,173,-1,173,172,174,-1,173,174,175,-1,176,177,178,-1,178,177,173,-1,178,173,179,-1,179,173,175,-1,176,180,177,-1,177,180,181,-1,177,181,182,-1,58,183,57,-1,57,183,184,-1,57,184,185,-1,185,184,186,-1,185,186,187,-1,187,188,185,-1,185,188,189,-1,185,189,171,-1,171,189,190,-1,171,190,169,-1,167,191,168,-1,168,191,192,-1,168,192,193,-1,194,195,23,-1,53,196,54,-1,54,196,29,-1,54,29,197,-1,197,29,23,-1,197,23,198,-1,198,23,195,-1,199,200,201,-1,201,200,202,-1,203,204,205,-1,205,204,206,-1,205,206,207,-1,208,209,202,-1,202,209,210,-1,202,210,201,-1,207,211,205,-1,205,211,212,-1,205,212,202,-1,202,212,213,-1,202,213,208,-1,214,215,27,-1,27,215,216,-1,27,216,8,-1,8,216,217,-1,8,217,6,-1,218,219,14,-1,14,219,220,-1,220,221,14,-1,14,221,222,-1,14,222,27,-1,27,222,223,-1,27,223,214,-1,224,225,226,-1,226,225,227,-1,226,227,218,-1,228,229,230,-1,230,229,231,-1,230,231,226,-1,226,231,232,-1,226,232,224,-1,199,233,200,-1,200,233,234,-1,200,234,230,-1,230,234,235,-1,230,235,228,-1,236,237,5,-1,5,237,152,-1,152,237,238,-1,152,238,239,-1,239,240,152,-1,152,240,241,-1,152,241,242,-1,243,244,245,-1,245,244,246,-1,245,246,247,-1,248,4,249,-1,249,4,245,-1,249,245,250,-1,250,245,247,-1,248,251,4,-1,4,251,252,-1,4,252,253,-1,253,254,4,-1,4,254,255,-1,4,255,256,-1,257,258,5,-1,242,259,152,-1,152,259,260,-1,152,260,245,-1,245,260,261,-1,245,261,243,-1,256,262,4,-1,4,262,263,-1,4,263,5,-1,5,263,264,-1,5,264,257,-1,258,265,5,-1,5,265,266,-1,5,266,236,-1,218,14,226,-1,226,14,86,-1,226,86,267,-1,267,86,65,-1,267,65,134,-1,134,65,129,-1,134,129,135,-1,268,269,270,-1,268,270,271,-1,271,270,272,-1,271,272,273,-1,269,274,270,-1,270,274,275,-1,270,275,276,-1,277,278,202,-1,202,278,279,-1,202,279,280,-1,281,205,282,-1,282,205,202,-1,282,202,283,-1,283,202,280,-1,281,284,205,-1,205,284,285,-1,205,285,286,-1,286,287,205,-1,205,287,288,-1,205,288,289,-1,290,291,272,-1,276,292,270,-1,270,292,293,-1,270,293,202,-1,202,293,294,-1,202,294,277,-1,291,295,272,-1,272,295,296,-1,272,296,297,-1,297,298,272,-1,272,298,299,-1,272,299,273,-1,123,106,121,-1,121,106,108,-1,121,108,138,-1,300,301,302,-1,302,301,303,-1,304,302,121,-1,121,302,303,-1,121,303,71,-1,71,303,305,-1,71,305,69,-1,69,305,306,-1,69,306,138,-1,138,306,307,-1,138,307,121,-1,121,307,304,-1,308,86,309,-1,309,86,14,-1,309,14,61,-1,61,14,16,-1,61,16,59,-1,308,310,86,-1,86,310,311,-1,86,311,84,-1,84,311,312,-1,84,312,61,-1,61,312,313,-1,61,313,309,-1,314,315,316,-1,316,315,311,-1,316,311,317,-1,317,311,310,-1,317,310,318,-1,318,310,319,-1,27,320,23,-1,23,320,321,-1,23,321,322,-1,323,320,324,-1,324,320,27,-1,324,27,325,-1,325,27,8,-1,325,8,322,-1,322,8,168,-1,322,168,23,-1,23,168,193,-1,23,193,194,-1,7,203,8,-1,8,203,205,-1,8,205,168,-1,168,205,177,-1,168,177,166,-1,166,177,182,-1,326,327,3,-1,328,329,108,-1,108,329,330,-1,108,330,331,-1,332,333,3,-1,327,334,3,-1,3,334,335,-1,3,335,1,-1,331,336,108,-1,108,336,337,-1,108,337,338,-1,333,339,3,-1,3,339,340,-1,3,340,326,-1,335,341,1,-1,1,341,342,-1,1,342,343,-1,343,344,1,-1,1,344,345,-1,1,345,346,-1,136,138,5,-1,5,138,108,-1,5,108,3,-1,3,108,338,-1,3,338,332,-1,346,347,1,-1,1,347,348,-1,1,348,2,-1,2,348,349,-1,349,350,2,-1,2,350,351,-1,2,351,352,-1,352,353,2,-1,2,353,354,-1,2,354,108,-1,108,354,355,-1,108,355,328,-1,55,57,61,-1,61,57,356,-1,61,356,84,-1,84,356,91,-1,84,91,11,-1,11,91,96,-1,11,96,88,-1,357,358,177,-1,359,360,361,-1,361,360,362,-1,363,364,177,-1,359,365,360,-1,360,365,366,-1,360,366,367,-1,364,368,177,-1,177,368,369,-1,177,369,357,-1,358,370,177,-1,177,370,371,-1,177,371,173,-1,173,371,372,-1,173,372,373,-1,373,374,173,-1,173,374,375,-1,173,375,376,-1,377,378,379,-1,289,290,205,-1,205,290,272,-1,205,272,177,-1,177,272,360,-1,177,360,363,-1,363,360,367,-1,376,380,173,-1,173,380,381,-1,173,381,377,-1,377,381,382,-1,377,382,378,-1,379,383,377,-1,377,383,384,-1,377,384,385,-1,385,386,377,-1,377,386,387,-1,377,387,360,-1,360,387,388,-1,360,388,362,-1,270,389,272,-1,272,389,390,-1,272,390,360,-1,360,390,391,-1,360,391,377,-1,377,391,392,-1,0,2,393,-1,393,2,101,-1,393,101,394,-1,394,101,92,-1,394,92,395,-1,395,92,91,-1,395,91,396,-1,396,91,356,-1,396,356,397,-1,397,356,57,-1,397,57,398,-1,398,57,185,-1,398,185,399,-1,399,185,171,-1,399,171,400,-1,400,171,173,-1,400,173,401,-1,401,173,377,-1,401,377,402,-1,402,377,392,-1,402,392,403,-1,403,392,404,-1,404,392,391,-1,404,391,405,-1,405,391,390,-1,405,390,389,-1,389,270,405,-1,405,270,202,-1,405,202,200,-1,200,230,405,-1,405,230,226,-1,405,226,406,-1,226,267,406,-1,406,267,134,-1,406,134,132,-1,132,160,406,-1,406,160,152,-1,406,152,245,-1,1,0,407,-1,406,245,4,-1,406,4,407,-1,407,4,3,-1,407,3,1,-1,0,393,407,-1,407,393,394,-1,407,394,395,-1,395,396,407,-1,407,396,397,-1,407,397,404,-1,397,398,404,-1,404,398,399,-1,404,399,400,-1,400,401,404,-1,404,401,402,-1,404,402,403,-1,408,404,409,-1,409,404,405,-1,409,405,410,-1,410,405,411,-1,408,412,404,-1,404,412,413,-1,404,413,414,-1,414,415,404,-1,404,415,416,-1,404,416,407,-1,416,417,407,-1,407,417,418,-1,407,418,419,-1,420,406,421,-1,421,406,422,-1,419,423,407,-1,407,423,424,-1,407,424,425,-1,420,426,406,-1,406,426,427,-1,406,427,405,-1,405,427,428,-1,405,428,411,-1,425,429,407,-1,407,429,430,-1,407,430,406,-1,406,430,431,-1,406,431,422,-1,
        ]
    }
}
Shape{
    appearance Appearance {
        material  Material 	{
            diffuseColor 0.5019607843137255 0.5019607843137255 0.5019607843137255
            specularColor 0.25098039215686274 0.25098039215686274 0.25098039215686274
            ambientIntensity 0.2
            transparency 0
            shininess 0.5
        }
    }
    geometry IndexedFaceSet {
        ccw TRUE
        solid FALSE
        coord DEF co Coordinate {
            point [
                -0.252 -0.1142 0.185, -0.252 -0.1142 0.189, -0.2526 -0.1091 0.185, -0.2526 -0.1091 0.189, -0.2546 -0.1043 0.185, -0.2546 -0.1043 0.189, -0.2577 -0.1003 0.185, -0.2577 -0.1003 0.189, -0.2618 -0.0971 0.185, -0.2618 -0.0971 0.189, -0.2666 -0.0952 0.185, -0.2666 -0.0952 0.189, -0.2717 -0.0945 0.185, -0.2717 -0.0945 0.189, -0.2767 -0.0952 0.185, -0.2767 -0.0952 0.189, -0.2815 -0.0971 0.185, -0.2815 -0.0971 0.189, -0.2856 -0.1003 0.185, -0.2856 -0.1003 0.189, -0.2887 -0.1043 0.185, -0.2887 -0.1043 0.189, -0.2907 -0.1091 0.185, -0.2907 -0.1091 0.189, -0.2913 -0.1142 0.185, -0.2913 -0.1142 0.189, -0.2907 -0.1193 0.185, -0.2907 -0.1193 0.189, -0.2887 -0.124 0.185, -0.2887 -0.124 0.189, -0.2856 -0.1281 0.185, -0.2856 -0.1281 0.189, -0.2815 -0.1312 0.185, -0.2815 -0.1312 0.189, -0.2767 -0.1332 0.185, -0.2767 -0.1332 0.189, -0.2717 -0.1339 0.185, -0.2717 -0.1339 0.189, -0.2666 -0.1332 0.185, -0.2666 -0.1332 0.189, -0.2618 -0.1312 0.185, -0.2618 -0.1312 0.189, -0.2577 -0.1281 0.185, -0.2577 -0.1281 0.189, -0.2546 -0.124 0.185, -0.2546 -0.124 0.189, -0.2526 -0.1193 0.185, -0.2526 -0.1193 0.189, -0.2717 -0.1142 0.185, -0.2717 -0.1142 0.185
            ]
        }
        coordIndex [
            0,1,2,-1,2,1,3,-1,2,3,4,-1,4,3,5,-1,4,5,6,-1,6,5,7,-1,6,7,8,-1,8,7,9,-1,8,9,10,-1,10,9,11,-1,10,11,12,-1,12,11,13,-1,12,13,14,-1,14,13,15,-1,14,15,16,-1,16,15,17,-1,16,17,18,-1,18,17,19,-1,18,19,20,-1,20,19,21,-1,20,21,22,-1,22,21,23,-1,22,23,24,-1,24,23,25,-1,24,25,26,-1,26,25,27,-1,26,27,28,-1,28,27,29,-1,28,29,30,-1,30,29,31,-1,30,31,32,-1,32,31,33,-1,32,33,34,-1,34,33,35,-1,34,35,36,-1,36,35,37,-1,36,37,38,-1,38,37,39,-1,38,39,40,-1,40,39,41,-1,40,41,42,-1,42,41,43,-1,42,43,44,-1,44,43,45,-1,44,45,46,-1,46,45,47,-1,46,47,0,-1,0,47,1,-1,44,46,48,-1,48,46,0,-1,48,0,2,-1,38,40,48,-1,48,40,42,-1,48,42,44,-1,32,34,48,-1,48,34,36,-1,48,36,38,-1,26,28,48,-1,48,28,30,-1,48,30,32,-1,20,22,48,-1,48,22,24,-1,48,24,26,-1,14,16,48,-1,48,16,18,-1,48,18,20,-1,8,10,48,-1,48,10,12,-1,48,12,14,-1,2,4,48,-1,48,4,6,-1,48,6,8,-1,
        ]
    }
}
Shape{
    appearance Appearance {
        material  Material 	{
            diffuseColor 0.8980392156862745 0.8980392156862745 0.8980392156862745
            specularColor 0.7176470588235294 0.7176470588235294 0.7176470588235294
            ambientIntensity 0.2
            transparency 0
            shininess 0.5
        }
    }
    geometry IndexedFaceSet {
        ccw TRUE
        solid FALSE
        coord DEF co Coordinate {
            point [
                -0.2433 -0.0819 -0.0465, -0.2438 -0.0803 -0.0465, -0.2362 -0.0787 -0.0472, -0.2425 -0.0833 -0.0465, -0.2414 -0.0845 -0.0465, -0.2401 -0.0854 -0.0465, -0.2386 -0.0861 -0.0465, -0.237 -0.0864 -0.0465, -0.2354 -0.0864 -0.0465, -0.2338 -0.0861 -0.0465, -0.2324 -0.0854 -0.0465, -0.2311 -0.0845 -0.0465, -0.23 -0.0833 -0.0465, -0.2292 -0.0819 -0.0465, -0.2287 -0.0803 -0.0465, -0.2285 -0.0787 -0.0465, -0.2287 -0.0771 -0.0465, -0.2292 -0.0756 -0.0465, -0.23 -0.0742 -0.0465, -0.2311 -0.073 -0.0465, -0.2324 -0.0721 -0.0465, -0.2338 -0.0714 -0.0465, -0.2354 -0.0711 -0.0465, -0.237 -0.0711 -0.0465, -0.2386 -0.0714 -0.0465, -0.2401 -0.0721 -0.0465, -0.2414 -0.073 -0.0465, -0.2425 -0.0742 -0.0465, -0.2433 -0.0756 -0.0465, -0.2438 -0.0771 -0.0465, -0.2439 -0.0787 -0.0465, -0.2748 -0.0787 0.0, -0.2747 -0.0869 -0.0077, -0.274 -0.0868 0.0, -0.2722 -0.0948 -0.0077, -0.2715 -0.0944 0.0, -0.2681 -0.1019 -0.0077, -0.2674 -0.1014 0.0, -0.2626 -0.108 -0.0077, -0.262 -0.1074 0.0, -0.2559 -0.1128 -0.0077, -0.2555 -0.1121 0.0, -0.2484 -0.1162 -0.0077, -0.2481 -0.1154 0.0, -0.2403 -0.1179 -0.0077, -0.2403 -0.1171 0.0, -0.2321 -0.1179 -0.0077, -0.2322 -0.1171 0.0, -0.2241 -0.1162 -0.0077, -0.2243 -0.1154 0.0, -0.2165 -0.1128 -0.0077, -0.2169 -0.1121 0.0, -0.2099 -0.108 -0.0077, -0.2104 -0.1074 0.0, -0.2044 -0.1019 -0.0077, -0.205 -0.1014 0.0, -0.2003 -0.0948 -0.0077, -0.201 -0.0944 0.0, -0.1977 -0.0869 -0.0077, -0.1985 -0.0868 0.0, -0.1969 -0.0787 -0.0077, -0.1976 -0.0787 0.0, -0.1977 -0.0706 -0.0077, -0.1985 -0.0707 0.0, -0.2003 -0.0627 -0.0077, -0.201 -0.0631 0.0, -0.2044 -0.0556 -0.0077, -0.205 -0.0561 0.0, -0.2099 -0.0495 -0.0077, -0.2104 -0.0501 0.0, -0.2165 -0.0446 -0.0077, -0.2169 -0.0453 0.0, -0.2241 -0.0413 -0.0077, -0.2243 -0.0421 0.0, -0.2321 -0.0396 -0.0077, -0.2322 -0.0404 0.0, -0.2403 -0.0396 -0.0077, -0.2403 -0.0404 0.0, -0.2484 -0.0413 -0.0077, -0.2481 -0.0421 0.0, -0.2559 -0.0446 -0.0077, -0.2555 -0.0453 0.0, -0.2626 -0.0495 -0.0077, -0.262 -0.0501 0.0, -0.2681 -0.0556 -0.0077, -0.2674 -0.0561 0.0, -0.2722 -0.0627 -0.0077, -0.2715 -0.0631 0.0, -0.2747 -0.0706 -0.0077, -0.274 -0.0707 0.0, -0.2756 -0.0787 -0.0077, -0.274 -0.0868 -0.0154, -0.2715 -0.0945 -0.0154, -0.2675 -0.1015 -0.0154, -0.2621 -0.1075 -0.0154, -0.2555 -0.1122 -0.0154, -0.2482 -0.1155 -0.0154, -0.2403 -0.1172 -0.0154, -0.2322 -0.1172 -0.0154, -0.2243 -0.1155 -0.0154, -0.2169 -0.1122 -0.0154, -0.2104 -0.1075 -0.0154, -0.205 -0.1015 -0.0154, -0.2009 -0.0945 -0.0154, -0.1984 -0.0868 -0.0154, -0.1976 -0.0787 -0.0154, -0.1984 -0.0707 -0.0154, -0.2009 -0.063 -0.0154, -0.205 -0.056 -0.0154, -0.2104 -0.05 -0.0154, -0.2169 -0.0453 -0.0154, -0.2243 -0.042 -0.0154, -0.2322 -0.0403 -0.0154, -0.2403 -0.0403 -0.0154, -0.2482 -0.042 -0.0154, -0.2555 -0.0453 -0.0154, -0.2621 -0.05 -0.0154, -0.2675 -0.056 -0.0154, -0.2715 -0.063 -0.0154, -0.274 -0.0707 -0.0154, -0.2749 -0.0787 -0.0154, -0.2718 -0.0863 -0.0228, -0.2695 -0.0936 -0.0228, -0.2657 -0.1001 -0.0228, -0.2606 -0.1058 -0.0228, -0.2544 -0.1103 -0.0228, -0.2475 -0.1134 -0.0228, -0.24 -0.115 -0.0228, -0.2324 -0.115 -0.0228, -0.225 -0.1134 -0.0228, -0.218 -0.1103 -0.0228, -0.2118 -0.1058 -0.0228, -0.2068 -0.1001 -0.0228, -0.2029 -0.0936 -0.0228, -0.2006 -0.0863 -0.0228, -0.1998 -0.0787 -0.0228, -0.2006 -0.0712 -0.0228, -0.2029 -0.0639 -0.0228, -0.2068 -0.0573 -0.0228, -0.2118 -0.0517 -0.0228, -0.218 -0.0472 -0.0228, -0.225 -0.0441 -0.0228, -0.2324 -0.0425 -0.0228, -0.24 -0.0425 -0.0228, -0.2475 -0.0441 -0.0228, -0.2544 -0.0472 -0.0228, -0.2606 -0.0517 -0.0228, -0.2657 -0.0573 -0.0228, -0.2695 -0.0639 -0.0228, -0.2718 -0.0712 -0.0228, -0.2726 -0.0787 -0.0228, -0.2683 -0.0856 -0.0297, -0.2662 -0.0921 -0.0297, -0.2628 -0.098 -0.0297, -0.2582 -0.1031 -0.0297, -0.2526 -0.1071 -0.0297, -0.2464 -0.1099 -0.0297, -0.2396 -0.1114 -0.0297, -0.2328 -0.1114 -0.0297, -0.2261 -0.1099 -0.0297, -0.2198 -0.1071 -0.0297, -0.2143 -0.1031 -0.0297, -0.2097 -0.098 -0.0297, -0.2063 -0.0921 -0.0297, -0.2041 -0.0856 -0.0297, -0.2034 -0.0787 -0.0297, -0.2041 -0.0719 -0.0297, -0.2063 -0.0654 -0.0297, -0.2097 -0.0595 -0.0297, -0.2143 -0.0544 -0.0297, -0.2198 -0.0503 -0.0297, -0.2261 -0.0475 -0.0297, -0.2328 -0.0461 -0.0297, -0.2396 -0.0461 -0.0297, -0.2464 -0.0475 -0.0297, -0.2526 -0.0503 -0.0297, -0.2582 -0.0544 -0.0297, -0.2628 -0.0595 -0.0297, -0.2662 -0.0654 -0.0297, -0.2683 -0.0719 -0.0297, -0.269 -0.0787 -0.0297, -0.2635 -0.0845 -0.0357, -0.2617 -0.0901 -0.0357, -0.2588 -0.0951 -0.0357, -0.2549 -0.0995 -0.0357, -0.2502 -0.1029 -0.0357, -0.2448 -0.1053 -0.0357, -0.2391 -0.1065 -0.0357, -0.2333 -0.1065 -0.0357, -0.2276 -0.1053 -0.0357, -0.2223 -0.1029 -0.0357, -0.2176 -0.0995 -0.0357, -0.2136 -0.0951 -0.0357, -0.2107 -0.0901 -0.0357, -0.2089 -0.0845 -0.0357, -0.2083 -0.0787 -0.0357, -0.2089 -0.0729 -0.0357, -0.2107 -0.0674 -0.0357, -0.2136 -0.0623 -0.0357, -0.2176 -0.058 -0.0357, -0.2223 -0.0546 -0.0357, -0.2276 -0.0522 -0.0357, -0.2333 -0.051 -0.0357, -0.2391 -0.051 -0.0357, -0.2448 -0.0522 -0.0357, -0.2502 -0.0546 -0.0357, -0.2549 -0.058 -0.0357, -0.2588 -0.0623 -0.0357, -0.2617 -0.0674 -0.0357, -0.2635 -0.0729 -0.0357, -0.2641 -0.0787 -0.0357, -0.2577 -0.0833 -0.0406, -0.2563 -0.0877 -0.0406, -0.254 -0.0916 -0.0406, -0.2509 -0.095 -0.0406, -0.2472 -0.0977 -0.0406, -0.243 -0.0996 -0.0406, -0.2385 -0.1005 -0.0406, -0.2339 -0.1005 -0.0406, -0.2294 -0.0996 -0.0406, -0.2253 -0.0977 -0.0406, -0.2215 -0.095 -0.0406, -0.2185 -0.0916 -0.0406, -0.2162 -0.0877 -0.0406, -0.2148 -0.0833 -0.0406, -0.2143 -0.0787 -0.0406, -0.2148 -0.0742 -0.0406, -0.2162 -0.0698 -0.0406, -0.2185 -0.0659 -0.0406, -0.2215 -0.0624 -0.0406, -0.2253 -0.0598 -0.0406, -0.2294 -0.0579 -0.0406, -0.2339 -0.0569 -0.0406, -0.2385 -0.0569 -0.0406, -0.243 -0.0579 -0.0406, -0.2472 -0.0598 -0.0406, -0.2509 -0.0624 -0.0406, -0.254 -0.0659 -0.0406, -0.2563 -0.0698 -0.0406, -0.2577 -0.0742 -0.0406, -0.2581 -0.0787 -0.0406, -0.251 -0.0819 -0.0442, -0.25 -0.0849 -0.0442, -0.2484 -0.0876 -0.0442, -0.2463 -0.09 -0.0442, -0.2438 -0.0918 -0.0442, -0.2409 -0.0931 -0.0442, -0.2378 -0.0938 -0.0442, -0.2346 -0.0938 -0.0442, -0.2316 -0.0931 -0.0442, -0.2287 -0.0918 -0.0442, -0.2261 -0.09 -0.0442, -0.224 -0.0876 -0.0442, -0.2224 -0.0849 -0.0442, -0.2214 -0.0819 -0.0442, -0.2211 -0.0787 -0.0442, -0.2214 -0.0756 -0.0442, -0.2224 -0.0726 -0.0442, -0.224 -0.0699 -0.0442, -0.2261 -0.0675 -0.0442, -0.2287 -0.0657 -0.0442, -0.2316 -0.0644 -0.0442, -0.2346 -0.0637 -0.0442, -0.2378 -0.0637 -0.0442, -0.2409 -0.0644 -0.0442, -0.2438 -0.0657 -0.0442, -0.2463 -0.0675 -0.0442, -0.2484 -0.0699 -0.0442, -0.25 -0.0726 -0.0442, -0.251 -0.0756 -0.0442, -0.2513 -0.0787 -0.0442, -0.2433 0.0756 -0.0465, -0.2438 0.0771 -0.0465, -0.2362 0.0787 -0.0472, -0.2425 0.0742 -0.0465, -0.2414 0.073 -0.0465, -0.2401 0.0721 -0.0465, -0.2386 0.0714 -0.0465, -0.237 0.0711 -0.0465, -0.2354 0.0711 -0.0465, -0.2338 0.0714 -0.0465, -0.2324 0.0721 -0.0465, -0.2311 0.073 -0.0465, -0.23 0.0742 -0.0465, -0.2292 0.0756 -0.0465, -0.2287 0.0771 -0.0465, -0.2285 0.0787 -0.0465, -0.2287 0.0803 -0.0465, -0.2292 0.0819 -0.0465, -0.23 0.0833 -0.0465, -0.2311 0.0845 -0.0465, -0.2324 0.0854 -0.0465, -0.2338 0.0861 -0.0465, -0.2354 0.0864 -0.0465, -0.237 0.0864 -0.0465, -0.2386 0.0861 -0.0465, -0.2401 0.0854 -0.0465, -0.2414 0.0845 -0.0465, -0.2425 0.0833 -0.0465, -0.2433 0.0819 -0.0465, -0.2438 0.0803 -0.0465, -0.2439 0.0787 -0.0465, -0.2748 0.0787 0.0, -0.2747 0.0706 -0.0077, -0.274 0.0707 0.0, -0.2722 0.0627 -0.0077, -0.2715 0.0631 0.0, -0.2681 0.0556 -0.0077, -0.2674 0.0561 0.0, -0.2626 0.0495 -0.0077, -0.262 0.0501 0.0, -0.2559 0.0446 -0.0077, -0.2555 0.0453 0.0, -0.2484 0.0413 -0.0077, -0.2481 0.0421 0.0, -0.2403 0.0396 -0.0077, -0.2403 0.0404 0.0, -0.2321 0.0396 -0.0077, -0.2322 0.0404 0.0, -0.2241 0.0413 -0.0077, -0.2243 0.0421 0.0, -0.2165 0.0446 -0.0077, -0.2169 0.0453 0.0, -0.2099 0.0495 -0.0077, -0.2104 0.0501 0.0, -0.2044 0.0556 -0.0077, -0.205 0.0561 0.0, -0.2003 0.0627 -0.0077, -0.201 0.0631 0.0, -0.1977 0.0706 -0.0077, -0.1985 0.0707 0.0, -0.1969 0.0787 -0.0077, -0.1976 0.0787 0.0, -0.1977 0.0869 -0.0077, -0.1985 0.0868 0.0, -0.2003 0.0948 -0.0077, -0.201 0.0944 0.0, -0.2044 0.1019 -0.0077, -0.205 0.1014 0.0, -0.2099 0.108 -0.0077, -0.2104 0.1074 0.0, -0.2165 0.1128 -0.0077, -0.2169 0.1121 0.0, -0.2241 0.1162 -0.0077, -0.2243 0.1154 0.0, -0.2321 0.1179 -0.0077, -0.2322 0.1171 0.0, -0.2403 0.1179 -0.0077, -0.2403 0.1171 0.0, -0.2484 0.1162 -0.0077, -0.2481 0.1154 0.0, -0.2559 0.1128 -0.0077, -0.2555 0.1121 0.0, -0.2626 0.108 -0.0077, -0.262 0.1074 0.0, -0.2681 0.1019 -0.0077, -0.2674 0.1014 0.0, -0.2722 0.0948 -0.0077, -0.2715 0.0944 0.0, -0.2747 0.0869 -0.0077, -0.274 0.0868 0.0, -0.2756 0.0787 -0.0077, -0.274 0.0707 -0.0154, -0.2715 0.063 -0.0154, -0.2675 0.056 -0.0154, -0.2621 0.05 -0.0154, -0.2555 0.0453 -0.0154, -0.2482 0.042 -0.0154, -0.2403 0.0403 -0.0154, -0.2322 0.0403 -0.0154, -0.2243 0.042 -0.0154, -0.2169 0.0453 -0.0154, -0.2104 0.05 -0.0154, -0.205 0.056 -0.0154, -0.2009 0.063 -0.0154, -0.1984 0.0707 -0.0154, -0.1976 0.0787 -0.0154, -0.1984 0.0868 -0.0154, -0.2009 0.0945 -0.0154, -0.205 0.1015 -0.0154, -0.2104 0.1075 -0.0154, -0.2169 0.1122 -0.0154, -0.2243 0.1155 -0.0154, -0.2322 0.1172 -0.0154, -0.2403 0.1172 -0.0154, -0.2482 0.1155 -0.0154, -0.2555 0.1122 -0.0154, -0.2621 0.1075 -0.0154, -0.2675 0.1015 -0.0154, -0.2715 0.0945 -0.0154, -0.274 0.0868 -0.0154, -0.2749 0.0787 -0.0154, -0.2718 0.0712 -0.0228, -0.2695 0.0639 -0.0228, -0.2657 0.0573 -0.0228, -0.2606 0.0517 -0.0228, -0.2544 0.0472 -0.0228, -0.2475 0.0441 -0.0228, -0.24 0.0425 -0.0228, -0.2324 0.0425 -0.0228, -0.225 0.0441 -0.0228, -0.218 0.0472 -0.0228, -0.2118 0.0517 -0.0228, -0.2068 0.0573 -0.0228, -0.2029 0.0639 -0.0228, -0.2006 0.0712 -0.0228, -0.1998 0.0787 -0.0228, -0.2006 0.0863 -0.0228, -0.2029 0.0936 -0.0228, -0.2068 0.1001 -0.0228, -0.2118 0.1058 -0.0228, -0.218 0.1103 -0.0228, -0.225 0.1134 -0.0228, -0.2324 0.115 -0.0228, -0.24 0.115 -0.0228, -0.2475 0.1134 -0.0228, -0.2544 0.1103 -0.0228, -0.2606 0.1058 -0.0228, -0.2657 0.1001 -0.0228, -0.2695 0.0936 -0.0228, -0.2718 0.0863 -0.0228, -0.2726 0.0787 -0.0228, -0.2683 0.0719 -0.0297, -0.2662 0.0654 -0.0297, -0.2628 0.0595 -0.0297, -0.2582 0.0544 -0.0297, -0.2526 0.0503 -0.0297, -0.2464 0.0475 -0.0297, -0.2396 0.0461 -0.0297, -0.2328 0.0461 -0.0297, -0.2261 0.0475 -0.0297, -0.2198 0.0503 -0.0297, -0.2143 0.0544 -0.0297, -0.2097 0.0595 -0.0297, -0.2063 0.0654 -0.0297, -0.2041 0.0719 -0.0297, -0.2034 0.0787 -0.0297, -0.2041 0.0856 -0.0297, -0.2063 0.0921 -0.0297, -0.2097 0.098 -0.0297, -0.2143 0.1031 -0.0297, -0.2198 0.1071 -0.0297, -0.2261 0.1099 -0.0297, -0.2328 0.1114 -0.0297, -0.2396 0.1114 -0.0297, -0.2464 0.1099 -0.0297, -0.2526 0.1071 -0.0297, -0.2582 0.1031 -0.0297, -0.2628 0.098 -0.0297, -0.2662 0.0921 -0.0297, -0.2683 0.0856 -0.0297, -0.269 0.0787 -0.0297, -0.2635 0.0729 -0.0357, -0.2617 0.0674 -0.0357, -0.2588 0.0623 -0.0357, -0.2549 0.058 -0.0357, -0.2502 0.0546 -0.0357, -0.2448 0.0522 -0.0357, -0.2391 0.051 -0.0357, -0.2333 0.051 -0.0357, -0.2276 0.0522 -0.0357, -0.2223 0.0546 -0.0357, -0.2176 0.058 -0.0357, -0.2136 0.0623 -0.0357, -0.2107 0.0674 -0.0357, -0.2089 0.0729 -0.0357, -0.2083 0.0787 -0.0357, -0.2089 0.0845 -0.0357, -0.2107 0.0901 -0.0357, -0.2136 0.0951 -0.0357, -0.2176 0.0995 -0.0357, -0.2223 0.1029 -0.0357, -0.2276 0.1053 -0.0357, -0.2333 0.1065 -0.0357, -0.2391 0.1065 -0.0357, -0.2448 0.1053 -0.0357, -0.2502 0.1029 -0.0357, -0.2549 0.0995 -0.0357, -0.2588 0.0951 -0.0357, -0.2617 0.0901 -0.0357, -0.2635 0.0845 -0.0357, -0.2641 0.0787 -0.0357, -0.2577 0.0742 -0.0406, -0.2563 0.0698 -0.0406, -0.254 0.0659 -0.0406, -0.2509 0.0624 -0.0406, -0.2472 0.0598 -0.0406, -0.243 0.0579 -0.0406, -0.2385 0.0569 -0.0406, -0.2339 0.0569 -0.0406, -0.2294 0.0579 -0.0406, -0.2253 0.0598 -0.0406, -0.2215 0.0624 -0.0406, -0.2185 0.0659 -0.0406, -0.2162 0.0698 -0.0406, -0.2148 0.0742 -0.0406, -0.2143 0.0787 -0.0406, -0.2148 0.0833 -0.0406, -0.2162 0.0877 -0.0406, -0.2185 0.0916 -0.0406, -0.2215 0.095 -0.0406, -0.2253 0.0977 -0.0406, -0.2294 0.0996 -0.0406, -0.2339 0.1005 -0.0406, -0.2385 0.1005 -0.0406, -0.243 0.0996 -0.0406, -0.2472 0.0977 -0.0406, -0.2509 0.095 -0.0406, -0.254 0.0916 -0.0406, -0.2563 0.0877 -0.0406, -0.2577 0.0833 -0.0406, -0.2581 0.0787 -0.0406, -0.251 0.0756 -0.0442, -0.25 0.0726 -0.0442, -0.2484 0.0699 -0.0442, -0.2463 0.0675 -0.0442, -0.2438 0.0657 -0.0442, -0.2409 0.0644 -0.0442, -0.2378 0.0637 -0.0442, -0.2346 0.0637 -0.0442, -0.2316 0.0644 -0.0442, -0.2287 0.0657 -0.0442, -0.2261 0.0675 -0.0442, -0.224 0.0699 -0.0442, -0.2224 0.0726 -0.0442, -0.2214 0.0756 -0.0442, -0.2211 0.0787 -0.0442, -0.2214 0.0819 -0.0442, -0.2224 0.0849 -0.0442, -0.224 0.0876 -0.0442, -0.2261 0.09 -0.0442, -0.2287 0.0918 -0.0442, -0.2316 0.0931 -0.0442, -0.2346 0.0938 -0.0442, -0.2378 0.0938 -0.0442, -0.2409 0.0931 -0.0442, -0.2438 0.0918 -0.0442, -0.2463 0.09 -0.0442, -0.2484 0.0876 -0.0442, -0.25 0.0849 -0.0442, -0.251 0.0819 -0.0442, -0.2513 0.0787 -0.0442, -0.0858 -0.0819 -0.0465, -0.0863 -0.0803 -0.0465, -0.0787 -0.0787 -0.0472, -0.085 -0.0833 -0.0465, -0.0839 -0.0845 -0.0465, -0.0826 -0.0854 -0.0465, -0.0811 -0.0861 -0.0465, -0.0795 -0.0864 -0.0465, -0.0779 -0.0864 -0.0465, -0.0764 -0.0861 -0.0465, -0.0749 -0.0854 -0.0465, -0.0736 -0.0845 -0.0465, -0.0725 -0.0833 -0.0465, -0.0717 -0.0819 -0.0465, -0.0712 -0.0803 -0.0465, -0.071 -0.0787 -0.0465, -0.0712 -0.0771 -0.0465, -0.0717 -0.0756 -0.0465, -0.0725 -0.0742 -0.0465, -0.0736 -0.073 -0.0465, -0.0749 -0.0721 -0.0465, -0.0764 -0.0714 -0.0465, -0.0779 -0.0711 -0.0465, -0.0795 -0.0711 -0.0465, -0.0811 -0.0714 -0.0465, -0.0826 -0.0721 -0.0465, -0.0839 -0.073 -0.0465, -0.085 -0.0742 -0.0465, -0.0858 -0.0756 -0.0465, -0.0863 -0.0771 -0.0465, -0.0864 -0.0787 -0.0465, -0.0984 -0.0446 -0.0077, -0.0907 -0.0421 0.0, -0.0909 -0.0413 -0.0077, -0.0828 -0.0404 0.0, -0.0829 -0.0396 -0.0077, -0.0747 -0.0404 0.0, -0.0746 -0.0396 -0.0077, -0.0668 -0.0421 0.0, -0.0666 -0.0413 -0.0077, -0.0595 -0.0453 0.0, -0.0591 -0.0446 -0.0077, -0.0529 -0.0501 0.0, -0.0524 -0.0495 -0.0077, -0.0475 -0.0561 0.0, -0.0469 -0.0556 -0.0077, -0.0451 -0.0602 0.0, -0.0428 -0.0627 -0.0077, -0.0435 -0.0631 0.0, -0.041 -0.0707 0.0, -0.0402 -0.0706 -0.0077, -0.0402 -0.0787 0.0, -0.0394 -0.0787 -0.0077, -0.041 -0.0868 0.0, -0.0402 -0.0869 -0.0077, -0.0435 -0.0944 0.0, -0.0428 -0.0948 -0.0077, -0.0451 -0.0973 0.0, -0.0469 -0.1019 -0.0077, -0.0475 -0.1014 0.0, -0.0529 -0.1074 0.0, -0.0524 -0.108 -0.0077, -0.0595 -0.1121 0.0, -0.0591 -0.1128 -0.0077, -0.0668 -0.1154 0.0, -0.0666 -0.1162 -0.0077, -0.0747 -0.1171 0.0, -0.0746 -0.1179 -0.0077, -0.0828 -0.1171 0.0, -0.0829 -0.1179 -0.0077, -0.0907 -0.1154 0.0, -0.0909 -0.1162 -0.0077, -0.098 -0.1121 0.0, -0.0984 -0.1128 -0.0077, -0.0997 -0.1109 0.0, -0.1051 -0.108 -0.0077, -0.1046 -0.1074 0.0, -0.1099 -0.1014 0.0, -0.1106 -0.1019 -0.0077, -0.114 -0.0944 0.0, -0.1147 -0.0948 -0.0077, -0.1165 -0.0868 0.0, -0.1172 -0.0869 -0.0077, -0.1173 -0.0787 0.0, -0.1181 -0.0787 -0.0077, -0.1165 -0.0707 0.0, -0.1172 -0.0706 -0.0077, -0.114 -0.0631 0.0, -0.1147 -0.0627 -0.0077, -0.1099 -0.0561 0.0, -0.1106 -0.0556 -0.0077, -0.1046 -0.0501 0.0, -0.1051 -0.0495 -0.0077, -0.0997 -0.0466 0.0, -0.098 -0.0453 0.0, -0.1165 -0.0868 -0.0154, -0.114 -0.0945 -0.0154, -0.11 -0.1015 -0.0154, -0.1046 -0.1075 -0.0154, -0.0981 -0.1122 -0.0154, -0.0907 -0.1155 -0.0154, -0.0828 -0.1172 -0.0154, -0.0747 -0.1172 -0.0154, -0.0668 -0.1155 -0.0154, -0.0594 -0.1122 -0.0154, -0.0529 -0.1075 -0.0154, -0.0475 -0.1015 -0.0154, -0.0434 -0.0945 -0.0154, -0.0409 -0.0868 -0.0154, -0.0401 -0.0787 -0.0154, -0.0409 -0.0707 -0.0154, -0.0434 -0.063 -0.0154, -0.0475 -0.056 -0.0154, -0.0529 -0.05 -0.0154, -0.0594 -0.0453 -0.0154, -0.0668 -0.042 -0.0154, -0.0747 -0.0403 -0.0154, -0.0828 -0.0403 -0.0154, -0.0907 -0.042 -0.0154, -0.0981 -0.0453 -0.0154, -0.1046 -0.05 -0.0154, -0.11 -0.056 -0.0154, -0.114 -0.063 -0.0154, -0.1165 -0.0707 -0.0154, -0.1174 -0.0787 -0.0154, -0.1144 -0.0863 -0.0228, -0.112 -0.0936 -0.0228, -0.1082 -0.1001 -0.0228, -0.1031 -0.1058 -0.0228, -0.097 -0.1103 -0.0228, -0.09 -0.1134 -0.0228, -0.0825 -0.115 -0.0228, -0.0749 -0.115 -0.0228, -0.0675 -0.1134 -0.0228, -0.0605 -0.1103 -0.0228, -0.0544 -0.1058 -0.0228, -0.0493 -0.1001 -0.0228, -0.0455 -0.0936 -0.0228, -0.0431 -0.0863 -0.0228, -0.0423 -0.0787 -0.0228, -0.0431 -0.0712 -0.0228, -0.0455 -0.0639 -0.0228, -0.0493 -0.0573 -0.0228, -0.0544 -0.0517 -0.0228, -0.0605 -0.0472 -0.0228, -0.0675 -0.0441 -0.0228, -0.0749 -0.0425 -0.0228, -0.0825 -0.0425 -0.0228, -0.09 -0.0441 -0.0228, -0.097 -0.0472 -0.0228, -0.1031 -0.0517 -0.0228, -0.1082 -0.0573 -0.0228, -0.112 -0.0639 -0.0228, -0.1144 -0.0712 -0.0228, -0.1152 -0.0787 -0.0228, -0.1108 -0.0856 -0.0297, -0.1087 -0.0921 -0.0297, -0.1053 -0.098 -0.0297, -0.1007 -0.1031 -0.0297, -0.0951 -0.1071 -0.0297, -0.0889 -0.1099 -0.0297, -0.0822 -0.1114 -0.0297, -0.0753 -0.1114 -0.0297, -0.0686 -0.1099 -0.0297, -0.0623 -0.1071 -0.0297, -0.0568 -0.1031 -0.0297, -0.0522 -0.098 -0.0297, -0.0488 -0.0921 -0.0297, -0.0467 -0.0856 -0.0297, -0.0459 -0.0787 -0.0297, -0.0467 -0.0719 -0.0297, -0.0488 -0.0654 -0.0297, -0.0522 -0.0595 -0.0297, -0.0568 -0.0544 -0.0297, -0.0623 -0.0503 -0.0297, -0.0686 -0.0475 -0.0297, -0.0753 -0.0461 -0.0297, -0.0822 -0.0461 -0.0297, -0.0889 -0.0475 -0.0297, -0.0951 -0.0503 -0.0297, -0.1007 -0.0544 -0.0297, -0.1053 -0.0595 -0.0297, -0.1087 -0.0654 -0.0297, -0.1108 -0.0719 -0.0297, -0.1115 -0.0787 -0.0297, -0.106 -0.0845 -0.0357, -0.1042 -0.0901 -0.0357, -0.1013 -0.0951 -0.0357, -0.0974 -0.0995 -0.0357, -0.0927 -0.1029 -0.0357, -0.0874 -0.1053 -0.0357, -0.0817 -0.1065 -0.0357, -0.0758 -0.1065 -0.0357, -0.0701 -0.1053 -0.0357, -0.0648 -0.1029 -0.0357, -0.0601 -0.0995 -0.0357, -0.0562 -0.0951 -0.0357, -0.0533 -0.0901 -0.0357, -0.0514 -0.0845 -0.0357, -0.0508 -0.0787 -0.0357, -0.0514 -0.0729 -0.0357, -0.0533 -0.0674 -0.0357, -0.0562 -0.0623 -0.0357, -0.0601 -0.058 -0.0357, -0.0648 -0.0546 -0.0357, -0.0701 -0.0522 -0.0357, -0.0758 -0.051 -0.0357, -0.0817 -0.051 -0.0357, -0.0874 -0.0522 -0.0357, -0.0927 -0.0546 -0.0357, -0.0974 -0.058 -0.0357, -0.1013 -0.0623 -0.0357, -0.1042 -0.0674 -0.0357, -0.106 -0.0729 -0.0357, -0.1066 -0.0787 -0.0357, -0.1002 -0.0833 -0.0406, -0.0988 -0.0877 -0.0406, -0.0965 -0.0916 -0.0406, -0.0934 -0.095 -0.0406, -0.0897 -0.0977 -0.0406, -0.0855 -0.0996 -0.0406, -0.081 -0.1005 -0.0406, -0.0764 -0.1005 -0.0406, -0.072 -0.0996 -0.0406, -0.0678 -0.0977 -0.0406, -0.0641 -0.095 -0.0406, -0.061 -0.0916 -0.0406, -0.0587 -0.0877 -0.0406, -0.0573 -0.0833 -0.0406, -0.0568 -0.0787 -0.0406, -0.0573 -0.0742 -0.0406, -0.0587 -0.0698 -0.0406, -0.061 -0.0659 -0.0406, -0.0641 -0.0624 -0.0406, -0.0678 -0.0598 -0.0406, -0.072 -0.0579 -0.0406, -0.0764 -0.0569 -0.0406, -0.081 -0.0569 -0.0406, -0.0855 -0.0579 -0.0406, -0.0897 -0.0598 -0.0406, -0.0934 -0.0624 -0.0406, -0.0965 -0.0659 -0.0406, -0.0988 -0.0698 -0.0406, -0.1002 -0.0742 -0.0406, -0.1007 -0.0787 -0.0406, -0.0935 -0.0819 -0.0442, -0.0925 -0.0849 -0.0442, -0.091 -0.0876 -0.0442, -0.0888 -0.09 -0.0442, -0.0863 -0.0918 -0.0442, -0.0834 -0.0931 -0.0442, -0.0803 -0.0938 -0.0442, -0.0772 -0.0938 -0.0442, -0.0741 -0.0931 -0.0442, -0.0712 -0.0918 -0.0442, -0.0686 -0.09 -0.0442, -0.0665 -0.0876 -0.0442, -0.0649 -0.0849 -0.0442, -0.064 -0.0819 -0.0442, -0.0636 -0.0787 -0.0442, -0.064 -0.0756 -0.0442, -0.0649 -0.0726 -0.0442, -0.0665 -0.0699 -0.0442, -0.0686 -0.0675 -0.0442, -0.0712 -0.0657 -0.0442, -0.0741 -0.0644 -0.0442, -0.0772 -0.0637 -0.0442, -0.0803 -0.0637 -0.0442, -0.0834 -0.0644 -0.0442, -0.0863 -0.0657 -0.0442, -0.0888 -0.0675 -0.0442, -0.091 -0.0699 -0.0442, -0.0925 -0.0726 -0.0442, -0.0935 -0.0756 -0.0442, -0.0938 -0.0787 -0.0442, -0.0858 0.0756 -0.0465, -0.0863 0.0771 -0.0465, -0.0787 0.0787 -0.0472, -0.085 0.0742 -0.0465, -0.0839 0.073 -0.0465, -0.0826 0.0721 -0.0465, -0.0811 0.0714 -0.0465, -0.0795 0.0711 -0.0465, -0.0779 0.0711 -0.0465, -0.0764 0.0714 -0.0465, -0.0749 0.0721 -0.0465, -0.0736 0.073 -0.0465, -0.0725 0.0742 -0.0465, -0.0717 0.0756 -0.0465, -0.0712 0.0771 -0.0465, -0.071 0.0787 -0.0465, -0.0712 0.0803 -0.0465, -0.0717 0.0819 -0.0465, -0.0725 0.0833 -0.0465, -0.0736 0.0845 -0.0465, -0.0749 0.0854 -0.0465, -0.0764 0.0861 -0.0465, -0.0779 0.0864 -0.0465, -0.0795 0.0864 -0.0465, -0.0811 0.0861 -0.0465, -0.0826 0.0854 -0.0465, -0.0839 0.0845 -0.0465, -0.085 0.0833 -0.0465, -0.0858 0.0819 -0.0465, -0.0863 0.0803 -0.0465, -0.0864 0.0787 -0.0465, -0.0984 0.1128 -0.0077, -0.0907 0.1154 0.0, -0.0909 0.1162 -0.0077, -0.0828 0.1171 0.0, -0.0829 0.1179 -0.0077, -0.0747 0.1171 0.0, -0.0746 0.1179 -0.0077, -0.0668 0.1154 0.0, -0.0666 0.1162 -0.0077, -0.0595 0.1121 0.0, -0.0591 0.1128 -0.0077, -0.0529 0.1074 0.0, -0.0524 0.108 -0.0077, -0.0475 0.1014 0.0, -0.0469 0.1019 -0.0077, -0.0451 0.0973 0.0, -0.0428 0.0948 -0.0077, -0.0435 0.0944 0.0, -0.041 0.0868 0.0, -0.0402 0.0869 -0.0077, -0.0402 0.0787 0.0, -0.0394 0.0787 -0.0077, -0.041 0.0707 0.0, -0.0402 0.0706 -0.0077, -0.0435 0.0631 0.0, -0.0428 0.0627 -0.0077, -0.0451 0.0602 0.0, -0.0469 0.0556 -0.0077, -0.0475 0.0561 0.0, -0.0529 0.0501 0.0, -0.0524 0.0495 -0.0077, -0.0595 0.0453 0.0, -0.0591 0.0446 -0.0077, -0.0668 0.0421 0.0, -0.0666 0.0413 -0.0077, -0.0747 0.0404 0.0, -0.0746 0.0396 -0.0077, -0.0828 0.0404 0.0, -0.0829 0.0396 -0.0077, -0.0907 0.0421 0.0, -0.0909 0.0413 -0.0077, -0.098 0.0453 0.0, -0.0984 0.0446 -0.0077, -0.0997 0.0466 0.0, -0.1051 0.0495 -0.0077, -0.1046 0.0501 0.0, -0.1099 0.0561 0.0, -0.1106 0.0556 -0.0077, -0.114 0.0631 0.0, -0.1147 0.0627 -0.0077, -0.1165 0.0707 0.0, -0.1172 0.0706 -0.0077, -0.1173 0.0787 0.0, -0.1181 0.0787 -0.0077, -0.1165 0.0868 0.0, -0.1172 0.0869 -0.0077, -0.114 0.0944 0.0, -0.1147 0.0948 -0.0077, -0.1099 0.1014 0.0, -0.1106 0.1019 -0.0077, -0.1046 0.1074 0.0, -0.1051 0.108 -0.0077, -0.0997 0.1109 0.0, -0.098 0.1121 0.0, -0.1165 0.0707 -0.0154, -0.114 0.063 -0.0154, -0.11 0.056 -0.0154, -0.1046 0.05 -0.0154, -0.0981 0.0453 -0.0154, -0.0907 0.042 -0.0154, -0.0828 0.0403 -0.0154, -0.0747 0.0403 -0.0154, -0.0668 0.042 -0.0154, -0.0594 0.0453 -0.0154, -0.0529 0.05 -0.0154, -0.0475 0.056 -0.0154, -0.0434 0.063 -0.0154, -0.0409 0.0707 -0.0154, -0.0401 0.0787 -0.0154, -0.0409 0.0868 -0.0154, -0.0434 0.0945 -0.0154, -0.0475 0.1015 -0.0154, -0.0529 0.1075 -0.0154, -0.0594 0.1122 -0.0154, -0.0668 0.1155 -0.0154, -0.0747 0.1172 -0.0154, -0.0828 0.1172 -0.0154, -0.0907 0.1155 -0.0154, -0.0981 0.1122 -0.0154, -0.1046 0.1075 -0.0154, -0.11 0.1015 -0.0154, -0.114 0.0945 -0.0154, -0.1165 0.0868 -0.0154, -0.1174 0.0787 -0.0154, -0.1144 0.0712 -0.0228, -0.112 0.0639 -0.0228, -0.1082 0.0573 -0.0228, -0.1031 0.0517 -0.0228, -0.097 0.0472 -0.0228, -0.09 0.0441 -0.0228, -0.0825 0.0425 -0.0228, -0.0749 0.0425 -0.0228, -0.0675 0.0441 -0.0228, -0.0605 0.0472 -0.0228, -0.0544 0.0517 -0.0228, -0.0493 0.0573 -0.0228, -0.0455 0.0639 -0.0228, -0.0431 0.0712 -0.0228, -0.0423 0.0787 -0.0228, -0.0431 0.0863 -0.0228, -0.0455 0.0936 -0.0228, -0.0493 0.1001 -0.0228, -0.0544 0.1058 -0.0228, -0.0605 0.1103 -0.0228, -0.0675 0.1134 -0.0228, -0.0749 0.115 -0.0228, -0.0825 0.115 -0.0228, -0.09 0.1134 -0.0228, -0.097 0.1103 -0.0228, -0.1031 0.1058 -0.0228, -0.1082 0.1001 -0.0228, -0.112 0.0936 -0.0228, -0.1144 0.0863 -0.0228, -0.1152 0.0787 -0.0228, -0.1108 0.0719 -0.0297, -0.1087 0.0654 -0.0297, -0.1053 0.0595 -0.0297, -0.1007 0.0544 -0.0297, -0.0951 0.0503 -0.0297, -0.0889 0.0475 -0.0297, -0.0822 0.0461 -0.0297, -0.0753 0.0461 -0.0297, -0.0686 0.0475 -0.0297, -0.0623 0.0503 -0.0297, -0.0568 0.0544 -0.0297, -0.0522 0.0595 -0.0297, -0.0488 0.0654 -0.0297, -0.0467 0.0719 -0.0297, -0.0459 0.0787 -0.0297, -0.0467 0.0856 -0.0297, -0.0488 0.0921 -0.0297, -0.0522 0.098 -0.0297, -0.0568 0.1031 -0.0297, -0.0623 0.1071 -0.0297, -0.0686 0.1099 -0.0297, -0.0753 0.1114 -0.0297, -0.0822 0.1114 -0.0297, -0.0889 0.1099 -0.0297, -0.0951 0.1071 -0.0297, -0.1007 0.1031 -0.0297, -0.1053 0.098 -0.0297, -0.1087 0.0921 -0.0297, -0.1108 0.0856 -0.0297, -0.1115 0.0787 -0.0297, -0.106 0.0729 -0.0357, -0.1042 0.0674 -0.0357, -0.1013 0.0623 -0.0357, -0.0974 0.058 -0.0357, -0.0927 0.0546 -0.0357, -0.0874 0.0522 -0.0357, -0.0817 0.051 -0.0357, -0.0758 0.051 -0.0357, -0.0701 0.0522 -0.0357, -0.0648 0.0546 -0.0357, -0.0601 0.058 -0.0357, -0.0562 0.0623 -0.0357, -0.0533 0.0674 -0.0357, -0.0514 0.0729 -0.0357, -0.0508 0.0787 -0.0357, -0.0514 0.0845 -0.0357, -0.0533 0.0901 -0.0357, -0.0562 0.0951 -0.0357, -0.0601 0.0995 -0.0357, -0.0648 0.1029 -0.0357, -0.0701 0.1053 -0.0357, -0.0758 0.1065 -0.0357, -0.0817 0.1065 -0.0357, -0.0874 0.1053 -0.0357, -0.0927 0.1029 -0.0357, -0.0974 0.0995 -0.0357, -0.1013 0.0951 -0.0357, -0.1042 0.0901 -0.0357, -0.106 0.0845 -0.0357, -0.1066 0.0787 -0.0357, -0.1002 0.0742 -0.0406, -0.0988 0.0698 -0.0406, -0.0965 0.0659 -0.0406, -0.0934 0.0624 -0.0406, -0.0897 0.0598 -0.0406, -0.0855 0.0579 -0.0406, -0.081 0.0569 -0.0406, -0.0764 0.0569 -0.0406, -0.072 0.0579 -0.0406, -0.0678 0.0598 -0.0406, -0.0641 0.0624 -0.0406, -0.061 0.0659 -0.0406, -0.0587 0.0698 -0.0406, -0.0573 0.0742 -0.0406, -0.0568 0.0787 -0.0406, -0.0573 0.0833 -0.0406, -0.0587 0.0877 -0.0406, -0.061 0.0916 -0.0406, -0.0641 0.095 -0.0406, -0.0678 0.0977 -0.0406, -0.072 0.0996 -0.0406, -0.0764 0.1005 -0.0406, -0.081 0.1005 -0.0406, -0.0855 0.0996 -0.0406, -0.0897 0.0977 -0.0406, -0.0934 0.095 -0.0406, -0.0965 0.0916 -0.0406, -0.0988 0.0877 -0.0406, -0.1002 0.0833 -0.0406, -0.1007 0.0787 -0.0406, -0.0935 0.0756 -0.0442, -0.0925 0.0726 -0.0442, -0.091 0.0699 -0.0442, -0.0888 0.0675 -0.0442, -0.0863 0.0657 -0.0442, -0.0834 0.0644 -0.0442, -0.0803 0.0637 -0.0442, -0.0772 0.0637 -0.0442, -0.0741 0.0644 -0.0442, -0.0712 0.0657 -0.0442, -0.0686 0.0675 -0.0442, -0.0665 0.0699 -0.0442, -0.0649 0.0726 -0.0442, -0.064 0.0756 -0.0442, -0.0636 0.0787 -0.0442, -0.064 0.0819 -0.0442, -0.0649 0.0849 -0.0442, -0.0665 0.0876 -0.0442, -0.0686 0.09 -0.0442, -0.0712 0.0918 -0.0442, -0.0741 0.0931 -0.0442, -0.0772 0.0938 -0.0442, -0.0803 0.0938 -0.0442, -0.0834 0.0931 -0.0442, -0.0863 0.0918 -0.0442, -0.0888 0.09 -0.0442, -0.091 0.0876 -0.0442, -0.0925 0.0849 -0.0442, -0.0935 0.0819 -0.0442, -0.0938 0.0787 -0.0442, 0.0717 -0.0819 -0.0465, 0.0712 -0.0803 -0.0465, 0.0787 -0.0787 -0.0472, 0.0725 -0.0833 -0.0465, 0.0736 -0.0845 -0.0465, 0.0749 -0.0854 -0.0465, 0.0764 -0.0861 -0.0465, 0.0779 -0.0864 -0.0465, 0.0795 -0.0864 -0.0465, 0.0811 -0.0861 -0.0465, 0.0826 -0.0854 -0.0465, 0.0839 -0.0845 -0.0465, 0.085 -0.0833 -0.0465, 0.0858 -0.0819 -0.0465, 0.0863 -0.0803 -0.0465, 0.0864 -0.0787 -0.0465, 0.0863 -0.0771 -0.0465, 0.0858 -0.0756 -0.0465, 0.085 -0.0742 -0.0465, 0.0839 -0.073 -0.0465, 0.0826 -0.0721 -0.0465, 0.0811 -0.0714 -0.0465, 0.0795 -0.0711 -0.0465, 0.0779 -0.0711 -0.0465, 0.0764 -0.0714 -0.0465, 0.0749 -0.0721 -0.0465, 0.0736 -0.073 -0.0465, 0.0725 -0.0742 -0.0465, 0.0717 -0.0756 -0.0465, 0.0712 -0.0771 -0.0465, 0.071 -0.0787 -0.0465, 0.0591 -0.0446 -0.0077, 0.0668 -0.0421 0.0, 0.0666 -0.0413 -0.0077, 0.0747 -0.0404 0.0, 0.0746 -0.0396 -0.0077, 0.0828 -0.0404 0.0, 0.0829 -0.0396 -0.0077, 0.0907 -0.0421 0.0, 0.0909 -0.0413 -0.0077, 0.0973 -0.045 0.0, 0.0984 -0.0446 -0.0077, 0.098 -0.0453 0.0, 0.1046 -0.0501 0.0, 0.1051 -0.0495 -0.0077, 0.1099 -0.0561 0.0, 0.1106 -0.0556 -0.0077, 0.114 -0.0631 0.0, 0.1147 -0.0627 -0.0077, 0.1165 -0.0707 0.0, 0.1172 -0.0706 -0.0077, 0.1173 -0.0787 0.0, 0.1181 -0.0787 -0.0077, 0.1165 -0.0868 0.0, 0.1172 -0.0869 -0.0077, 0.114 -0.0944 0.0, 0.1147 -0.0948 -0.0077, 0.1099 -0.1014 0.0, 0.1106 -0.1019 -0.0077, 0.1046 -0.1074 0.0, 0.1051 -0.108 -0.0077, 0.098 -0.1121 0.0, 0.0984 -0.1128 -0.0077, 0.0973 -0.1125 0.0, 0.0909 -0.1162 -0.0077, 0.0907 -0.1154 0.0, 0.0828 -0.1171 0.0, 0.0829 -0.1179 -0.0077, 0.0747 -0.1171 0.0, 0.0746 -0.1179 -0.0077, 0.0668 -0.1154 0.0, 0.0666 -0.1162 -0.0077, 0.0595 -0.1121 0.0, 0.0591 -0.1128 -0.0077, 0.0555 -0.1092 0.0, 0.0524 -0.108 -0.0077, 0.0529 -0.1074 0.0, 0.0475 -0.1014 0.0, 0.0469 -0.1019 -0.0077, 0.0435 -0.0944 0.0, 0.0428 -0.0948 -0.0077, 0.041 -0.0868 0.0, 0.0402 -0.0869 -0.0077, 0.0402 -0.0787 0.0, 0.0394 -0.0787 -0.0077, 0.041 -0.0707 0.0, 0.0402 -0.0706 -0.0077, 0.0435 -0.0631 0.0, 0.0428 -0.0627 -0.0077, 0.0475 -0.0561 0.0, 0.0469 -0.0556 -0.0077, 0.0529 -0.0501 0.0, 0.0524 -0.0495 -0.0077, 0.0555 -0.0482 0.0, 0.0595 -0.0453 0.0, 0.0409 -0.0868 -0.0154, 0.0434 -0.0945 -0.0154, 0.0475 -0.1015 -0.0154, 0.0529 -0.1075 -0.0154, 0.0594 -0.1122 -0.0154, 0.0668 -0.1155 -0.0154, 0.0747 -0.1172 -0.0154, 0.0828 -0.1172 -0.0154, 0.0907 -0.1155 -0.0154, 0.0981 -0.1122 -0.0154, 0.1046 -0.1075 -0.0154, 0.11 -0.1015 -0.0154, 0.114 -0.0945 -0.0154, 0.1165 -0.0868 -0.0154, 0.1174 -0.0787 -0.0154, 0.1165 -0.0707 -0.0154, 0.114 -0.063 -0.0154, 0.11 -0.056 -0.0154, 0.1046 -0.05 -0.0154, 0.0981 -0.0453 -0.0154, 0.0907 -0.042 -0.0154, 0.0828 -0.0403 -0.0154, 0.0747 -0.0403 -0.0154, 0.0668 -0.042 -0.0154, 0.0594 -0.0453 -0.0154, 0.0529 -0.05 -0.0154, 0.0475 -0.056 -0.0154, 0.0434 -0.063 -0.0154, 0.0409 -0.0707 -0.0154, 0.0401 -0.0787 -0.0154, 0.0431 -0.0863 -0.0228, 0.0455 -0.0936 -0.0228, 0.0493 -0.1001 -0.0228, 0.0544 -0.1058 -0.0228, 0.0605 -0.1103 -0.0228, 0.0675 -0.1134 -0.0228, 0.0749 -0.115 -0.0228, 0.0825 -0.115 -0.0228, 0.09 -0.1134 -0.0228, 0.097 -0.1103 -0.0228, 0.1031 -0.1058 -0.0228, 0.1082 -0.1001 -0.0228, 0.112 -0.0936 -0.0228, 0.1144 -0.0863 -0.0228, 0.1152 -0.0787 -0.0228, 0.1144 -0.0712 -0.0228, 0.112 -0.0639 -0.0228, 0.1082 -0.0573 -0.0228, 0.1031 -0.0517 -0.0228, 0.097 -0.0472 -0.0228, 0.09 -0.0441 -0.0228, 0.0825 -0.0425 -0.0228, 0.0749 -0.0425 -0.0228, 0.0675 -0.0441 -0.0228, 0.0605 -0.0472 -0.0228, 0.0544 -0.0517 -0.0228, 0.0493 -0.0573 -0.0228, 0.0455 -0.0639 -0.0228, 0.0431 -0.0712 -0.0228, 0.0423 -0.0787 -0.0228, 0.0467 -0.0856 -0.0297, 0.0488 -0.0921 -0.0297, 0.0522 -0.098 -0.0297, 0.0568 -0.1031 -0.0297, 0.0623 -0.1071 -0.0297, 0.0686 -0.1099 -0.0297, 0.0753 -0.1114 -0.0297, 0.0822 -0.1114 -0.0297, 0.0889 -0.1099 -0.0297, 0.0951 -0.1071 -0.0297, 0.1007 -0.1031 -0.0297, 0.1053 -0.098 -0.0297, 0.1087 -0.0921 -0.0297, 0.1108 -0.0856 -0.0297, 0.1115 -0.0787 -0.0297, 0.1108 -0.0719 -0.0297, 0.1087 -0.0654 -0.0297, 0.1053 -0.0595 -0.0297, 0.1007 -0.0544 -0.0297, 0.0951 -0.0503 -0.0297, 0.0889 -0.0475 -0.0297, 0.0822 -0.0461 -0.0297, 0.0753 -0.0461 -0.0297, 0.0686 -0.0475 -0.0297, 0.0623 -0.0503 -0.0297, 0.0568 -0.0544 -0.0297, 0.0522 -0.0595 -0.0297, 0.0488 -0.0654 -0.0297, 0.0467 -0.0719 -0.0297, 0.0459 -0.0787 -0.0297, 0.0514 -0.0845 -0.0357, 0.0533 -0.0901 -0.0357, 0.0562 -0.0951 -0.0357, 0.0601 -0.0995 -0.0357, 0.0648 -0.1029 -0.0357, 0.0701 -0.1053 -0.0357, 0.0758 -0.1065 -0.0357, 0.0817 -0.1065 -0.0357, 0.0874 -0.1053 -0.0357, 0.0927 -0.1029 -0.0357, 0.0974 -0.0995 -0.0357, 0.1013 -0.0951 -0.0357, 0.1042 -0.0901 -0.0357, 0.106 -0.0845 -0.0357, 0.1066 -0.0787 -0.0357, 0.106 -0.0729 -0.0357, 0.1042 -0.0674 -0.0357, 0.1013 -0.0623 -0.0357, 0.0974 -0.058 -0.0357, 0.0927 -0.0546 -0.0357, 0.0874 -0.0522 -0.0357, 0.0817 -0.051 -0.0357, 0.0758 -0.051 -0.0357, 0.0701 -0.0522 -0.0357, 0.0648 -0.0546 -0.0357, 0.0601 -0.058 -0.0357, 0.0562 -0.0623 -0.0357, 0.0533 -0.0674 -0.0357, 0.0514 -0.0729 -0.0357, 0.0508 -0.0787 -0.0357, 0.0573 -0.0833 -0.0406, 0.0587 -0.0877 -0.0406, 0.061 -0.0916 -0.0406, 0.0641 -0.095 -0.0406, 0.0678 -0.0977 -0.0406, 0.072 -0.0996 -0.0406, 0.0764 -0.1005 -0.0406, 0.081 -0.1005 -0.0406, 0.0855 -0.0996 -0.0406, 0.0897 -0.0977 -0.0406, 0.0934 -0.095 -0.0406, 0.0965 -0.0916 -0.0406, 0.0988 -0.0877 -0.0406, 0.1002 -0.0833 -0.0406, 0.1007 -0.0787 -0.0406, 0.1002 -0.0742 -0.0406, 0.0988 -0.0698 -0.0406, 0.0965 -0.0659 -0.0406, 0.0934 -0.0624 -0.0406, 0.0897 -0.0598 -0.0406, 0.0855 -0.0579 -0.0406, 0.081 -0.0569 -0.0406, 0.0764 -0.0569 -0.0406, 0.072 -0.0579 -0.0406, 0.0678 -0.0598 -0.0406, 0.0641 -0.0624 -0.0406, 0.061 -0.0659 -0.0406, 0.0587 -0.0698 -0.0406, 0.0573 -0.0742 -0.0406, 0.0568 -0.0787 -0.0406, 0.064 -0.0819 -0.0442, 0.0649 -0.0849 -0.0442, 0.0665 -0.0876 -0.0442, 0.0686 -0.09 -0.0442, 0.0712 -0.0918 -0.0442, 0.0741 -0.0931 -0.0442, 0.0772 -0.0938 -0.0442, 0.0803 -0.0938 -0.0442, 0.0834 -0.0931 -0.0442, 0.0863 -0.0918 -0.0442, 0.0888 -0.09 -0.0442, 0.091 -0.0876 -0.0442, 0.0925 -0.0849 -0.0442, 0.0935 -0.0819 -0.0442, 0.0938 -0.0787 -0.0442, 0.0935 -0.0756 -0.0442, 0.0925 -0.0726 -0.0442, 0.091 -0.0699 -0.0442, 0.0888 -0.0675 -0.0442, 0.0863 -0.0657 -0.0442, 0.0834 -0.0644 -0.0442, 0.0803 -0.0637 -0.0442, 0.0772 -0.0637 -0.0442, 0.0741 -0.0644 -0.0442, 0.0712 -0.0657 -0.0442, 0.0686 -0.0675 -0.0442, 0.0665 -0.0699 -0.0442, 0.0649 -0.0726 -0.0442, 0.064 -0.0756 -0.0442, 0.0636 -0.0787 -0.0442, 0.0717 0.0756 -0.0465, 0.0712 0.0771 -0.0465, 0.0787 0.0787 -0.0472, 0.0725 0.0742 -0.0465, 0.0736 0.073 -0.0465, 0.0749 0.0721 -0.0465, 0.0764 0.0714 -0.0465, 0.0779 0.0711 -0.0465, 0.0795 0.0711 -0.0465, 0.0811 0.0714 -0.0465, 0.0826 0.0721 -0.0465, 0.0839 0.073 -0.0465, 0.085 0.0742 -0.0465, 0.0858 0.0756 -0.0465, 0.0863 0.0771 -0.0465, 0.0864 0.0787 -0.0465, 0.0863 0.0803 -0.0465, 0.0858 0.0819 -0.0465, 0.085 0.0833 -0.0465, 0.0839 0.0845 -0.0465, 0.0826 0.0854 -0.0465, 0.0811 0.0861 -0.0465, 0.0795 0.0864 -0.0465, 0.0779 0.0864 -0.0465, 0.0764 0.0861 -0.0465, 0.0749 0.0854 -0.0465, 0.0736 0.0845 -0.0465, 0.0725 0.0833 -0.0465, 0.0717 0.0819 -0.0465, 0.0712 0.0803 -0.0465, 0.071 0.0787 -0.0465, 0.0591 0.1128 -0.0077, 0.0668 0.1154 0.0, 0.0666 0.1162 -0.0077, 0.0747 0.1171 0.0, 0.0746 0.1179 -0.0077, 0.0828 0.1171 0.0, 0.0829 0.1179 -0.0077, 0.0907 0.1154 0.0, 0.0909 0.1162 -0.0077, 0.0973 0.1125 0.0, 0.0984 0.1128 -0.0077, 0.098 0.1121 0.0, 0.1046 0.1074 0.0, 0.1051 0.108 -0.0077, 0.1099 0.1014 0.0, 0.1106 0.1019 -0.0077, 0.114 0.0944 0.0, 0.1147 0.0948 -0.0077, 0.1165 0.0868 0.0, 0.1172 0.0869 -0.0077, 0.1173 0.0787 0.0, 0.1181 0.0787 -0.0077, 0.1165 0.0707 0.0, 0.1172 0.0706 -0.0077, 0.114 0.0631 0.0, 0.1147 0.0627 -0.0077, 0.1099 0.0561 0.0, 0.1106 0.0556 -0.0077, 0.1046 0.0501 0.0, 0.1051 0.0495 -0.0077, 0.098 0.0453 0.0, 0.0984 0.0446 -0.0077, 0.0973 0.045 0.0, 0.0909 0.0413 -0.0077, 0.0907 0.0421 0.0, 0.0828 0.0404 0.0, 0.0829 0.0396 -0.0077, 0.0747 0.0404 0.0, 0.0746 0.0396 -0.0077, 0.0668 0.0421 0.0, 0.0666 0.0413 -0.0077, 0.0595 0.0453 0.0, 0.0591 0.0446 -0.0077, 0.0555 0.0482 0.0, 0.0524 0.0495 -0.0077, 0.0529 0.0501 0.0, 0.0475 0.0561 0.0, 0.0469 0.0556 -0.0077, 0.0435 0.0631 0.0, 0.0428 0.0627 -0.0077, 0.041 0.0707 0.0, 0.0402 0.0706 -0.0077, 0.0402 0.0787 0.0, 0.0394 0.0787 -0.0077, 0.041 0.0868 0.0, 0.0402 0.0869 -0.0077, 0.0435 0.0944 0.0, 0.0428 0.0948 -0.0077, 0.0475 0.1014 0.0, 0.0469 0.1019 -0.0077, 0.0529 0.1074 0.0, 0.0524 0.108 -0.0077, 0.0555 0.1092 0.0, 0.0595 0.1121 0.0, 0.0409 0.0707 -0.0154, 0.0434 0.063 -0.0154, 0.0475 0.056 -0.0154, 0.0529 0.05 -0.0154, 0.0594 0.0453 -0.0154, 0.0668 0.042 -0.0154, 0.0747 0.0403 -0.0154, 0.0828 0.0403 -0.0154, 0.0907 0.042 -0.0154, 0.0981 0.0453 -0.0154, 0.1046 0.05 -0.0154, 0.11 0.056 -0.0154, 0.114 0.063 -0.0154, 0.1165 0.0707 -0.0154, 0.1174 0.0787 -0.0154, 0.1165 0.0868 -0.0154, 0.114 0.0945 -0.0154, 0.11 0.1015 -0.0154, 0.1046 0.1075 -0.0154, 0.0981 0.1122 -0.0154, 0.0907 0.1155 -0.0154, 0.0828 0.1172 -0.0154, 0.0747 0.1172 -0.0154, 0.0668 0.1155 -0.0154, 0.0594 0.1122 -0.0154, 0.0529 0.1075 -0.0154, 0.0475 0.1015 -0.0154, 0.0434 0.0945 -0.0154, 0.0409 0.0868 -0.0154, 0.0401 0.0787 -0.0154, 0.0431 0.0712 -0.0228, 0.0455 0.0639 -0.0228, 0.0493 0.0573 -0.0228, 0.0544 0.0517 -0.0228, 0.0605 0.0472 -0.0228, 0.0675 0.0441 -0.0228, 0.0749 0.0425 -0.0228, 0.0825 0.0425 -0.0228, 0.09 0.0441 -0.0228, 0.097 0.0472 -0.0228, 0.1031 0.0517 -0.0228, 0.1082 0.0573 -0.0228, 0.112 0.0639 -0.0228, 0.1144 0.0712 -0.0228, 0.1152 0.0787 -0.0228, 0.1144 0.0863 -0.0228, 0.112 0.0936 -0.0228, 0.1082 0.1001 -0.0228, 0.1031 0.1058 -0.0228, 0.097 0.1103 -0.0228, 0.09 0.1134 -0.0228, 0.0825 0.115 -0.0228, 0.0749 0.115 -0.0228, 0.0675 0.1134 -0.0228, 0.0605 0.1103 -0.0228, 0.0544 0.1058 -0.0228, 0.0493 0.1001 -0.0228, 0.0455 0.0936 -0.0228, 0.0431 0.0863 -0.0228, 0.0423 0.0787 -0.0228, 0.0467 0.0719 -0.0297, 0.0488 0.0654 -0.0297, 0.0522 0.0595 -0.0297, 0.0568 0.0544 -0.0297, 0.0623 0.0503 -0.0297, 0.0686 0.0475 -0.0297, 0.0753 0.0461 -0.0297, 0.0822 0.0461 -0.0297, 0.0889 0.0475 -0.0297, 0.0951 0.0503 -0.0297, 0.1007 0.0544 -0.0297, 0.1053 0.0595 -0.0297, 0.1087 0.0654 -0.0297, 0.1108 0.0719 -0.0297, 0.1115 0.0787 -0.0297, 0.1108 0.0856 -0.0297, 0.1087 0.0921 -0.0297, 0.1053 0.098 -0.0297, 0.1007 0.1031 -0.0297, 0.0951 0.1071 -0.0297, 0.0889 0.1099 -0.0297, 0.0822 0.1114 -0.0297, 0.0753 0.1114 -0.0297, 0.0686 0.1099 -0.0297, 0.0623 0.1071 -0.0297, 0.0568 0.1031 -0.0297, 0.0522 0.098 -0.0297, 0.0488 0.0921 -0.0297, 0.0467 0.0856 -0.0297, 0.0459 0.0787 -0.0297, 0.0514 0.0729 -0.0357, 0.0533 0.0674 -0.0357, 0.0562 0.0623 -0.0357, 0.0601 0.058 -0.0357, 0.0648 0.0546 -0.0357, 0.0701 0.0522 -0.0357, 0.0758 0.051 -0.0357, 0.0817 0.051 -0.0357, 0.0874 0.0522 -0.0357, 0.0927 0.0546 -0.0357, 0.0974 0.058 -0.0357, 0.1013 0.0623 -0.0357, 0.1042 0.0674 -0.0357, 0.106 0.0729 -0.0357, 0.1066 0.0787 -0.0357, 0.106 0.0845 -0.0357, 0.1042 0.0901 -0.0357, 0.1013 0.0951 -0.0357, 0.0974 0.0995 -0.0357, 0.0927 0.1029 -0.0357, 0.0874 0.1053 -0.0357, 0.0817 0.1065 -0.0357, 0.0758 0.1065 -0.0357, 0.0701 0.1053 -0.0357, 0.0648 0.1029 -0.0357, 0.0601 0.0995 -0.0357, 0.0562 0.0951 -0.0357, 0.0533 0.0901 -0.0357, 0.0514 0.0845 -0.0357, 0.0508 0.0787 -0.0357, 0.0573 0.0742 -0.0406, 0.0587 0.0698 -0.0406, 0.061 0.0659 -0.0406, 0.0641 0.0624 -0.0406, 0.0678 0.0598 -0.0406, 0.072 0.0579 -0.0406, 0.0764 0.0569 -0.0406, 0.081 0.0569 -0.0406, 0.0855 0.0579 -0.0406, 0.0897 0.0598 -0.0406, 0.0934 0.0624 -0.0406, 0.0965 0.0659 -0.0406, 0.0988 0.0698 -0.0406, 0.1002 0.0742 -0.0406, 0.1007 0.0787 -0.0406, 0.1002 0.0833 -0.0406, 0.0988 0.0877 -0.0406, 0.0965 0.0916 -0.0406, 0.0934 0.095 -0.0406, 0.0897 0.0977 -0.0406, 0.0855 0.0996 -0.0406, 0.081 0.1005 -0.0406, 0.0764 0.1005 -0.0406, 0.072 0.0996 -0.0406, 0.0678 0.0977 -0.0406, 0.0641 0.095 -0.0406, 0.061 0.0916 -0.0406, 0.0587 0.0877 -0.0406, 0.0573 0.0833 -0.0406, 0.0568 0.0787 -0.0406, 0.064 0.0756 -0.0442, 0.0649 0.0726 -0.0442, 0.0665 0.0699 -0.0442, 0.0686 0.0675 -0.0442, 0.0712 0.0657 -0.0442, 0.0741 0.0644 -0.0442, 0.0772 0.0637 -0.0442, 0.0803 0.0637 -0.0442, 0.0834 0.0644 -0.0442, 0.0863 0.0657 -0.0442, 0.0888 0.0675 -0.0442, 0.091 0.0699 -0.0442, 0.0925 0.0726 -0.0442, 0.0935 0.0756 -0.0442, 0.0938 0.0787 -0.0442, 0.0935 0.0819 -0.0442, 0.0925 0.0849 -0.0442, 0.091 0.0876 -0.0442, 0.0888 0.09 -0.0442, 0.0863 0.0918 -0.0442, 0.0834 0.0931 -0.0442, 0.0803 0.0938 -0.0442, 0.0772 0.0938 -0.0442, 0.0741 0.0931 -0.0442, 0.0712 0.0918 -0.0442, 0.0686 0.09 -0.0442, 0.0665 0.0876 -0.0442, 0.0649 0.0849 -0.0442, 0.064 0.0819 -0.0442, 0.0636 0.0787 -0.0442, 0.2292 -0.0819 -0.0465, 0.2287 -0.0803 -0.0465, 0.2362 -0.0787 -0.0472, 0.23 -0.0833 -0.0465, 0.2311 -0.0845 -0.0465, 0.2324 -0.0854 -0.0465, 0.2338 -0.0861 -0.0465, 0.2354 -0.0864 -0.0465, 0.237 -0.0864 -0.0465, 0.2386 -0.0861 -0.0465, 0.2401 -0.0854 -0.0465, 0.2414 -0.0845 -0.0465, 0.2425 -0.0833 -0.0465, 0.2433 -0.0819 -0.0465, 0.2438 -0.0803 -0.0465, 0.2439 -0.0787 -0.0465, 0.2438 -0.0771 -0.0465, 0.2433 -0.0756 -0.0465, 0.2425 -0.0742 -0.0465, 0.2414 -0.073 -0.0465, 0.2401 -0.0721 -0.0465, 0.2386 -0.0714 -0.0465, 0.237 -0.0711 -0.0465, 0.2354 -0.0711 -0.0465, 0.2338 -0.0714 -0.0465, 0.2324 -0.0721 -0.0465, 0.2311 -0.073 -0.0465, 0.23 -0.0742 -0.0465, 0.2292 -0.0756 -0.0465, 0.2287 -0.0771 -0.0465, 0.2285 -0.0787 -0.0465, 0.1976 -0.0787 0.0, 0.1977 -0.0869 -0.0077, 0.1985 -0.0868 0.0, 0.2003 -0.0948 -0.0077, 0.201 -0.0944 0.0, 0.2044 -0.1019 -0.0077, 0.205 -0.1014 0.0, 0.2099 -0.108 -0.0077, 0.2104 -0.1074 0.0, 0.2165 -0.1128 -0.0077, 0.2169 -0.1121 0.0, 0.2241 -0.1162 -0.0077, 0.2243 -0.1154 0.0, 0.2321 -0.1179 -0.0077, 0.2322 -0.1171 0.0, 0.2403 -0.1179 -0.0077, 0.2403 -0.1171 0.0, 0.2484 -0.1162 -0.0077, 0.2481 -0.1154 0.0, 0.2559 -0.1128 -0.0077, 0.2555 -0.1121 0.0, 0.2626 -0.108 -0.0077, 0.262 -0.1074 0.0, 0.2681 -0.1019 -0.0077, 0.2674 -0.1014 0.0, 0.2722 -0.0948 -0.0077, 0.2715 -0.0944 0.0, 0.2747 -0.0869 -0.0077, 0.274 -0.0868 0.0, 0.2756 -0.0787 -0.0077, 0.2748 -0.0787 0.0, 0.2747 -0.0706 -0.0077, 0.274 -0.0707 0.0, 0.2722 -0.0627 -0.0077, 0.2715 -0.0631 0.0, 0.2681 -0.0556 -0.0077, 0.2674 -0.0561 0.0, 0.2626 -0.0495 -0.0077, 0.262 -0.0501 0.0, 0.2559 -0.0446 -0.0077, 0.2555 -0.0453 0.0, 0.2484 -0.0413 -0.0077, 0.2481 -0.0421 0.0, 0.2403 -0.0396 -0.0077, 0.2403 -0.0404 0.0, 0.2321 -0.0396 -0.0077, 0.2322 -0.0404 0.0, 0.2241 -0.0413 -0.0077, 0.2243 -0.0421 0.0, 0.2165 -0.0446 -0.0077, 0.2169 -0.0453 0.0, 0.2099 -0.0495 -0.0077, 0.2104 -0.0501 0.0, 0.2044 -0.0556 -0.0077, 0.205 -0.0561 0.0, 0.2003 -0.0627 -0.0077, 0.201 -0.0631 0.0, 0.1977 -0.0706 -0.0077, 0.1985 -0.0707 0.0, 0.1969 -0.0787 -0.0077, 0.1984 -0.0868 -0.0154, 0.2009 -0.0945 -0.0154, 0.205 -0.1015 -0.0154, 0.2104 -0.1075 -0.0154, 0.2169 -0.1122 -0.0154, 0.2243 -0.1155 -0.0154, 0.2322 -0.1172 -0.0154, 0.2403 -0.1172 -0.0154, 0.2482 -0.1155 -0.0154, 0.2555 -0.1122 -0.0154, 0.2621 -0.1075 -0.0154, 0.2675 -0.1015 -0.0154, 0.2715 -0.0945 -0.0154, 0.274 -0.0868 -0.0154, 0.2749 -0.0787 -0.0154, 0.274 -0.0707 -0.0154, 0.2715 -0.063 -0.0154, 0.2675 -0.056 -0.0154, 0.2621 -0.05 -0.0154, 0.2555 -0.0453 -0.0154, 0.2482 -0.042 -0.0154, 0.2403 -0.0403 -0.0154, 0.2322 -0.0403 -0.0154, 0.2243 -0.042 -0.0154, 0.2169 -0.0453 -0.0154, 0.2104 -0.05 -0.0154, 0.205 -0.056 -0.0154, 0.2009 -0.063 -0.0154, 0.1984 -0.0707 -0.0154, 0.1976 -0.0787 -0.0154, 0.2006 -0.0863 -0.0228, 0.2029 -0.0936 -0.0228, 0.2068 -0.1001 -0.0228, 0.2118 -0.1058 -0.0228, 0.218 -0.1103 -0.0228, 0.225 -0.1134 -0.0228, 0.2324 -0.115 -0.0228, 0.24 -0.115 -0.0228, 0.2475 -0.1134 -0.0228, 0.2544 -0.1103 -0.0228, 0.2606 -0.1058 -0.0228, 0.2657 -0.1001 -0.0228, 0.2695 -0.0936 -0.0228, 0.2718 -0.0863 -0.0228, 0.2726 -0.0787 -0.0228, 0.2718 -0.0712 -0.0228, 0.2695 -0.0639 -0.0228, 0.2657 -0.0573 -0.0228, 0.2606 -0.0517 -0.0228, 0.2544 -0.0472 -0.0228, 0.2475 -0.0441 -0.0228, 0.24 -0.0425 -0.0228, 0.2324 -0.0425 -0.0228, 0.225 -0.0441 -0.0228, 0.218 -0.0472 -0.0228, 0.2118 -0.0517 -0.0228, 0.2068 -0.0573 -0.0228, 0.2029 -0.0639 -0.0228, 0.2006 -0.0712 -0.0228, 0.1998 -0.0787 -0.0228, 0.2041 -0.0856 -0.0297, 0.2063 -0.0921 -0.0297, 0.2097 -0.098 -0.0297, 0.2143 -0.1031 -0.0297, 0.2198 -0.1071 -0.0297, 0.2261 -0.1099 -0.0297, 0.2328 -0.1114 -0.0297, 0.2396 -0.1114 -0.0297, 0.2464 -0.1099 -0.0297, 0.2526 -0.1071 -0.0297, 0.2582 -0.1031 -0.0297, 0.2628 -0.098 -0.0297, 0.2662 -0.0921 -0.0297, 0.2683 -0.0856 -0.0297, 0.269 -0.0787 -0.0297, 0.2683 -0.0719 -0.0297, 0.2662 -0.0654 -0.0297, 0.2628 -0.0595 -0.0297, 0.2582 -0.0544 -0.0297, 0.2526 -0.0503 -0.0297, 0.2464 -0.0475 -0.0297, 0.2396 -0.0461 -0.0297, 0.2328 -0.0461 -0.0297, 0.2261 -0.0475 -0.0297, 0.2198 -0.0503 -0.0297, 0.2143 -0.0544 -0.0297, 0.2097 -0.0595 -0.0297, 0.2063 -0.0654 -0.0297, 0.2041 -0.0719 -0.0297, 0.2034 -0.0787 -0.0297, 0.2089 -0.0845 -0.0357, 0.2107 -0.0901 -0.0357, 0.2136 -0.0951 -0.0357, 0.2176 -0.0995 -0.0357, 0.2223 -0.1029 -0.0357, 0.2276 -0.1053 -0.0357, 0.2333 -0.1065 -0.0357, 0.2391 -0.1065 -0.0357, 0.2448 -0.1053 -0.0357, 0.2502 -0.1029 -0.0357, 0.2549 -0.0995 -0.0357, 0.2588 -0.0951 -0.0357, 0.2617 -0.0901 -0.0357, 0.2635 -0.0845 -0.0357, 0.2641 -0.0787 -0.0357, 0.2635 -0.0729 -0.0357, 0.2617 -0.0674 -0.0357, 0.2588 -0.0623 -0.0357, 0.2549 -0.058 -0.0357, 0.2502 -0.0546 -0.0357, 0.2448 -0.0522 -0.0357, 0.2391 -0.051 -0.0357, 0.2333 -0.051 -0.0357, 0.2276 -0.0522 -0.0357, 0.2223 -0.0546 -0.0357, 0.2176 -0.058 -0.0357, 0.2136 -0.0623 -0.0357, 0.2107 -0.0674 -0.0357, 0.2089 -0.0729 -0.0357, 0.2083 -0.0787 -0.0357, 0.2148 -0.0833 -0.0406, 0.2162 -0.0877 -0.0406, 0.2185 -0.0916 -0.0406, 0.2215 -0.095 -0.0406, 0.2253 -0.0977 -0.0406, 0.2294 -0.0996 -0.0406, 0.2339 -0.1005 -0.0406, 0.2385 -0.1005 -0.0406, 0.243 -0.0996 -0.0406, 0.2472 -0.0977 -0.0406, 0.2509 -0.095 -0.0406, 0.254 -0.0916 -0.0406, 0.2563 -0.0877 -0.0406, 0.2577 -0.0833 -0.0406, 0.2581 -0.0787 -0.0406, 0.2577 -0.0742 -0.0406, 0.2563 -0.0698 -0.0406, 0.254 -0.0659 -0.0406, 0.2509 -0.0624 -0.0406, 0.2472 -0.0598 -0.0406, 0.243 -0.0579 -0.0406, 0.2385 -0.0569 -0.0406, 0.2339 -0.0569 -0.0406, 0.2294 -0.0579 -0.0406, 0.2253 -0.0598 -0.0406, 0.2215 -0.0624 -0.0406, 0.2185 -0.0659 -0.0406, 0.2162 -0.0698 -0.0406, 0.2148 -0.0742 -0.0406, 0.2143 -0.0787 -0.0406, 0.2214 -0.0819 -0.0442, 0.2224 -0.0849 -0.0442, 0.224 -0.0876 -0.0442, 0.2261 -0.09 -0.0442, 0.2287 -0.0918 -0.0442, 0.2316 -0.0931 -0.0442, 0.2346 -0.0938 -0.0442, 0.2378 -0.0938 -0.0442, 0.2409 -0.0931 -0.0442, 0.2438 -0.0918 -0.0442, 0.2463 -0.09 -0.0442, 0.2484 -0.0876 -0.0442, 0.25 -0.0849 -0.0442, 0.251 -0.0819 -0.0442, 0.2513 -0.0787 -0.0442, 0.251 -0.0756 -0.0442, 0.25 -0.0726 -0.0442, 0.2484 -0.0699 -0.0442, 0.2463 -0.0675 -0.0442, 0.2438 -0.0657 -0.0442, 0.2409 -0.0644 -0.0442, 0.2378 -0.0637 -0.0442, 0.2346 -0.0637 -0.0442, 0.2316 -0.0644 -0.0442, 0.2287 -0.0657 -0.0442, 0.2261 -0.0675 -0.0442, 0.224 -0.0699 -0.0442, 0.2224 -0.0726 -0.0442, 0.2214 -0.0756 -0.0442, 0.2211 -0.0787 -0.0442, 0.2292 0.0756 -0.0465, 0.2287 0.0771 -0.0465, 0.2362 0.0787 -0.0472, 0.23 0.0742 -0.0465, 0.2311 0.073 -0.0465, 0.2324 0.0721 -0.0465, 0.2338 0.0714 -0.0465, 0.2354 0.0711 -0.0465, 0.237 0.0711 -0.0465, 0.2386 0.0714 -0.0465, 0.2401 0.0721 -0.0465, 0.2414 0.073 -0.0465, 0.2425 0.0742 -0.0465, 0.2433 0.0756 -0.0465, 0.2438 0.0771 -0.0465, 0.2439 0.0787 -0.0465, 0.2438 0.0803 -0.0465, 0.2433 0.0819 -0.0465, 0.2425 0.0833 -0.0465, 0.2414 0.0845 -0.0465, 0.2401 0.0854 -0.0465, 0.2386 0.0861 -0.0465, 0.237 0.0864 -0.0465, 0.2354 0.0864 -0.0465, 0.2338 0.0861 -0.0465, 0.2324 0.0854 -0.0465, 0.2311 0.0845 -0.0465, 0.23 0.0833 -0.0465, 0.2292 0.0819 -0.0465, 0.2287 0.0803 -0.0465, 0.2285 0.0787 -0.0465, 0.1976 0.0787 0.0, 0.1977 0.0706 -0.0077, 0.1985 0.0707 0.0, 0.2003 0.0627 -0.0077, 0.201 0.0631 0.0, 0.2044 0.0556 -0.0077, 0.205 0.0561 0.0, 0.2099 0.0495 -0.0077, 0.2104 0.0501 0.0, 0.2165 0.0446 -0.0077, 0.2169 0.0453 0.0, 0.2241 0.0413 -0.0077, 0.2243 0.0421 0.0, 0.2321 0.0396 -0.0077, 0.2322 0.0404 0.0, 0.2403 0.0396 -0.0077, 0.2403 0.0404 0.0, 0.2484 0.0413 -0.0077, 0.2481 0.0421 0.0, 0.2559 0.0446 -0.0077, 0.2555 0.0453 0.0, 0.2626 0.0495 -0.0077, 0.262 0.0501 0.0, 0.2681 0.0556 -0.0077, 0.2674 0.0561 0.0, 0.2722 0.0627 -0.0077, 0.2715 0.0631 0.0, 0.2747 0.0706 -0.0077, 0.274 0.0707 0.0, 0.2756 0.0787 -0.0077, 0.2748 0.0787 0.0, 0.2747 0.0869 -0.0077, 0.274 0.0868 0.0, 0.2722 0.0948 -0.0077, 0.2715 0.0944 0.0, 0.2681 0.1019 -0.0077, 0.2674 0.1014 0.0, 0.2626 0.108 -0.0077, 0.262 0.1074 0.0, 0.2559 0.1128 -0.0077, 0.2555 0.1121 0.0, 0.2484 0.1162 -0.0077, 0.2481 0.1154 0.0, 0.2403 0.1179 -0.0077, 0.2403 0.1171 0.0, 0.2321 0.1179 -0.0077, 0.2322 0.1171 0.0, 0.2241 0.1162 -0.0077, 0.2243 0.1154 0.0, 0.2165 0.1128 -0.0077, 0.2169 0.1121 0.0, 0.2099 0.108 -0.0077, 0.2104 0.1074 0.0, 0.2044 0.1019 -0.0077, 0.205 0.1014 0.0, 0.2003 0.0948 -0.0077, 0.201 0.0944 0.0, 0.1977 0.0869 -0.0077, 0.1985 0.0868 0.0, 0.1969 0.0787 -0.0077, 0.1984 0.0707 -0.0154, 0.2009 0.063 -0.0154, 0.205 0.056 -0.0154, 0.2104 0.05 -0.0154, 0.2169 0.0453 -0.0154, 0.2243 0.042 -0.0154, 0.2322 0.0403 -0.0154, 0.2403 0.0403 -0.0154, 0.2482 0.042 -0.0154, 0.2555 0.0453 -0.0154, 0.2621 0.05 -0.0154, 0.2675 0.056 -0.0154, 0.2715 0.063 -0.0154, 0.274 0.0707 -0.0154, 0.2749 0.0787 -0.0154, 0.274 0.0868 -0.0154, 0.2715 0.0945 -0.0154, 0.2675 0.1015 -0.0154, 0.2621 0.1075 -0.0154, 0.2555 0.1122 -0.0154, 0.2482 0.1155 -0.0154, 0.2403 0.1172 -0.0154, 0.2322 0.1172 -0.0154, 0.2243 0.1155 -0.0154, 0.2169 0.1122 -0.0154, 0.2104 0.1075 -0.0154, 0.205 0.1015 -0.0154, 0.2009 0.0945 -0.0154, 0.1984 0.0868 -0.0154, 0.1976 0.0787 -0.0154, 0.2006 0.0712 -0.0228, 0.2029 0.0639 -0.0228, 0.2068 0.0573 -0.0228, 0.2118 0.0517 -0.0228, 0.218 0.0472 -0.0228, 0.225 0.0441 -0.0228, 0.2324 0.0425 -0.0228, 0.24 0.0425 -0.0228, 0.2475 0.0441 -0.0228, 0.2544 0.0472 -0.0228, 0.2606 0.0517 -0.0228, 0.2657 0.0573 -0.0228, 0.2695 0.0639 -0.0228, 0.2718 0.0712 -0.0228, 0.2726 0.0787 -0.0228, 0.2718 0.0863 -0.0228, 0.2695 0.0936 -0.0228, 0.2657 0.1001 -0.0228, 0.2606 0.1058 -0.0228, 0.2544 0.1103 -0.0228, 0.2475 0.1134 -0.0228, 0.24 0.115 -0.0228, 0.2324 0.115 -0.0228, 0.225 0.1134 -0.0228, 0.218 0.1103 -0.0228, 0.2118 0.1058 -0.0228, 0.2068 0.1001 -0.0228, 0.2029 0.0936 -0.0228, 0.2006 0.0863 -0.0228, 0.1998 0.0787 -0.0228, 0.2041 0.0719 -0.0297, 0.2063 0.0654 -0.0297, 0.2097 0.0595 -0.0297, 0.2143 0.0544 -0.0297, 0.2198 0.0503 -0.0297, 0.2261 0.0475 -0.0297, 0.2328 0.0461 -0.0297, 0.2396 0.0461 -0.0297, 0.2464 0.0475 -0.0297, 0.2526 0.0503 -0.0297, 0.2582 0.0544 -0.0297, 0.2628 0.0595 -0.0297, 0.2662 0.0654 -0.0297, 0.2683 0.0719 -0.0297, 0.269 0.0787 -0.0297, 0.2683 0.0856 -0.0297, 0.2662 0.0921 -0.0297, 0.2628 0.098 -0.0297, 0.2582 0.1031 -0.0297, 0.2526 0.1071 -0.0297, 0.2464 0.1099 -0.0297, 0.2396 0.1114 -0.0297, 0.2328 0.1114 -0.0297, 0.2261 0.1099 -0.0297, 0.2198 0.1071 -0.0297, 0.2143 0.1031 -0.0297, 0.2097 0.098 -0.0297, 0.2063 0.0921 -0.0297, 0.2041 0.0856 -0.0297, 0.2034 0.0787 -0.0297, 0.2089 0.0729 -0.0357, 0.2107 0.0674 -0.0357, 0.2136 0.0623 -0.0357, 0.2176 0.058 -0.0357, 0.2223 0.0546 -0.0357, 0.2276 0.0522 -0.0357, 0.2333 0.051 -0.0357, 0.2391 0.051 -0.0357, 0.2448 0.0522 -0.0357, 0.2502 0.0546 -0.0357, 0.2549 0.058 -0.0357, 0.2588 0.0623 -0.0357, 0.2617 0.0674 -0.0357, 0.2635 0.0729 -0.0357, 0.2641 0.0787 -0.0357, 0.2635 0.0845 -0.0357, 0.2617 0.0901 -0.0357, 0.2588 0.0951 -0.0357, 0.2549 0.0995 -0.0357, 0.2502 0.1029 -0.0357, 0.2448 0.1053 -0.0357, 0.2391 0.1065 -0.0357, 0.2333 0.1065 -0.0357, 0.2276 0.1053 -0.0357, 0.2223 0.1029 -0.0357, 0.2176 0.0995 -0.0357, 0.2136 0.0951 -0.0357, 0.2107 0.0901 -0.0357, 0.2089 0.0845 -0.0357, 0.2083 0.0787 -0.0357, 0.2148 0.0742 -0.0406, 0.2162 0.0698 -0.0406, 0.2185 0.0659 -0.0406, 0.2215 0.0624 -0.0406, 0.2253 0.0598 -0.0406, 0.2294 0.0579 -0.0406, 0.2339 0.0569 -0.0406, 0.2385 0.0569 -0.0406, 0.243 0.0579 -0.0406, 0.2472 0.0598 -0.0406, 0.2509 0.0624 -0.0406, 0.254 0.0659 -0.0406, 0.2563 0.0698 -0.0406, 0.2577 0.0742 -0.0406, 0.2581 0.0787 -0.0406, 0.2577 0.0833 -0.0406, 0.2563 0.0877 -0.0406, 0.254 0.0916 -0.0406, 0.2509 0.095 -0.0406, 0.2472 0.0977 -0.0406, 0.243 0.0996 -0.0406, 0.2385 0.1005 -0.0406, 0.2339 0.1005 -0.0406, 0.2294 0.0996 -0.0406, 0.2253 0.0977 -0.0406, 0.2215 0.095 -0.0406, 0.2185 0.0916 -0.0406, 0.2162 0.0877 -0.0406, 0.2148 0.0833 -0.0406, 0.2143 0.0787 -0.0406, 0.2214 0.0756 -0.0442, 0.2224 0.0726 -0.0442, 0.224 0.0699 -0.0442, 0.2261 0.0675 -0.0442, 0.2287 0.0657 -0.0442, 0.2316 0.0644 -0.0442, 0.2346 0.0637 -0.0442, 0.2378 0.0637 -0.0442, 0.2409 0.0644 -0.0442, 0.2438 0.0657 -0.0442, 0.2463 0.0675 -0.0442, 0.2484 0.0699 -0.0442, 0.25 0.0726 -0.0442, 0.251 0.0756 -0.0442, 0.2513 0.0787 -0.0442, 0.251 0.0819 -0.0442, 0.25 0.0849 -0.0442, 0.2484 0.0876 -0.0442, 0.2463 0.09 -0.0442, 0.2438 0.0918 -0.0442, 0.2409 0.0931 -0.0442, 0.2378 0.0938 -0.0442, 0.2346 0.0938 -0.0442, 0.2316 0.0931 -0.0442, 0.2287 0.0918 -0.0442, 0.2261 0.09 -0.0442, 0.224 0.0876 -0.0442, 0.2224 0.0849 -0.0442, 0.2214 0.0819 -0.0442, 0.2211 0.0787 -0.0442, 0.2211 0.0787 -0.0442
            ]
        }
        coordIndex [
            0,1,2,-1,0,2,3,-1,4,3,2,-1,5,4,2,-1,6,5,2,-1,7,6,2,-1,8,7,2,-1,9,8,2,-1,10,9,2,-1,11,10,2,-1,12,11,2,-1,13,12,2,-1,14,13,2,-1,15,14,2,-1,16,15,2,-1,17,16,2,-1,18,17,2,-1,19,18,2,-1,20,19,2,-1,21,20,2,-1,22,21,2,-1,23,22,2,-1,24,23,2,-1,25,24,2,-1,26,25,2,-1,27,26,2,-1,28,27,2,-1,29,28,2,-1,30,29,2,-1,1,30,2,-1,31,32,33,-1,33,32,34,-1,33,34,35,-1,35,34,36,-1,35,36,37,-1,37,36,38,-1,37,38,39,-1,39,38,40,-1,39,40,41,-1,41,40,42,-1,41,42,43,-1,43,42,44,-1,43,44,45,-1,45,44,46,-1,45,46,47,-1,47,46,48,-1,47,48,49,-1,49,48,50,-1,49,50,51,-1,51,50,52,-1,51,52,53,-1,53,52,54,-1,53,54,55,-1,55,54,56,-1,55,56,57,-1,57,56,58,-1,57,58,59,-1,59,58,60,-1,59,60,61,-1,61,60,62,-1,61,62,63,-1,63,62,64,-1,63,64,65,-1,65,64,66,-1,65,66,67,-1,67,66,68,-1,67,68,69,-1,69,68,70,-1,69,70,71,-1,71,70,72,-1,71,72,73,-1,73,72,74,-1,73,74,75,-1,75,74,76,-1,75,76,77,-1,77,76,78,-1,77,78,79,-1,79,78,80,-1,79,80,81,-1,81,80,82,-1,81,82,83,-1,83,82,84,-1,83,84,85,-1,85,84,86,-1,85,86,87,-1,87,86,88,-1,87,88,89,-1,89,88,90,-1,89,90,31,-1,31,90,32,-1,90,91,32,-1,32,91,92,-1,32,92,34,-1,34,92,93,-1,34,93,36,-1,36,93,94,-1,36,94,38,-1,38,94,95,-1,38,95,40,-1,40,95,96,-1,40,96,42,-1,42,96,97,-1,42,97,44,-1,44,97,98,-1,44,98,46,-1,46,98,99,-1,46,99,48,-1,48,99,100,-1,48,100,50,-1,50,100,101,-1,50,101,52,-1,52,101,102,-1,52,102,54,-1,54,102,103,-1,54,103,56,-1,56,103,104,-1,56,104,58,-1,58,104,105,-1,58,105,60,-1,60,105,106,-1,60,106,62,-1,62,106,107,-1,62,107,64,-1,64,107,108,-1,64,108,66,-1,66,108,109,-1,66,109,68,-1,68,109,110,-1,68,110,70,-1,70,110,111,-1,70,111,72,-1,72,111,112,-1,72,112,74,-1,74,112,113,-1,74,113,76,-1,76,113,114,-1,76,114,78,-1,78,114,115,-1,78,115,80,-1,80,115,116,-1,80,116,82,-1,82,116,117,-1,82,117,84,-1,84,117,118,-1,84,118,86,-1,86,118,119,-1,86,119,88,-1,88,119,120,-1,88,120,90,-1,90,120,91,-1,120,121,91,-1,91,121,122,-1,91,122,92,-1,92,122,123,-1,92,123,93,-1,93,123,124,-1,93,124,94,-1,94,124,125,-1,94,125,95,-1,95,125,126,-1,95,126,96,-1,96,126,127,-1,96,127,97,-1,97,127,128,-1,97,128,98,-1,98,128,129,-1,98,129,99,-1,99,129,130,-1,99,130,100,-1,100,130,131,-1,100,131,101,-1,101,131,132,-1,101,132,102,-1,102,132,133,-1,102,133,103,-1,103,133,134,-1,103,134,104,-1,104,134,135,-1,104,135,105,-1,105,135,136,-1,105,136,106,-1,106,136,137,-1,106,137,107,-1,107,137,138,-1,107,138,108,-1,108,138,139,-1,108,139,109,-1,109,139,140,-1,109,140,110,-1,110,140,141,-1,110,141,111,-1,111,141,142,-1,111,142,112,-1,112,142,143,-1,112,143,113,-1,113,143,144,-1,113,144,114,-1,114,144,145,-1,114,145,115,-1,115,145,146,-1,115,146,116,-1,116,146,147,-1,116,147,117,-1,117,147,148,-1,117,148,118,-1,118,148,149,-1,118,149,119,-1,119,149,150,-1,119,150,120,-1,120,150,121,-1,150,151,121,-1,121,151,152,-1,121,152,122,-1,122,152,153,-1,122,153,123,-1,123,153,154,-1,123,154,124,-1,124,154,155,-1,124,155,125,-1,125,155,156,-1,125,156,126,-1,126,156,157,-1,126,157,127,-1,127,157,158,-1,127,158,128,-1,128,158,159,-1,128,159,129,-1,129,159,160,-1,129,160,130,-1,130,160,161,-1,130,161,131,-1,131,161,162,-1,131,162,132,-1,132,162,163,-1,132,163,133,-1,133,163,164,-1,133,164,134,-1,134,164,165,-1,134,165,135,-1,135,165,166,-1,135,166,136,-1,136,166,167,-1,136,167,137,-1,137,167,168,-1,137,168,138,-1,138,168,169,-1,138,169,139,-1,139,169,170,-1,139,170,140,-1,140,170,171,-1,140,171,141,-1,141,171,172,-1,141,172,142,-1,142,172,173,-1,142,173,143,-1,143,173,174,-1,143,174,144,-1,144,174,175,-1,144,175,145,-1,145,175,176,-1,145,176,146,-1,146,176,177,-1,146,177,147,-1,147,177,178,-1,147,178,148,-1,148,178,179,-1,148,179,149,-1,149,179,180,-1,149,180,150,-1,150,180,151,-1,180,181,151,-1,151,181,182,-1,151,182,152,-1,152,182,183,-1,152,183,153,-1,153,183,184,-1,153,184,154,-1,154,184,185,-1,154,185,155,-1,155,185,186,-1,155,186,156,-1,156,186,187,-1,156,187,157,-1,157,187,188,-1,157,188,158,-1,158,188,189,-1,158,189,159,-1,159,189,190,-1,159,190,160,-1,160,190,191,-1,160,191,161,-1,161,191,192,-1,161,192,162,-1,162,192,193,-1,162,193,163,-1,163,193,194,-1,163,194,164,-1,164,194,195,-1,164,195,165,-1,165,195,196,-1,165,196,166,-1,166,196,197,-1,166,197,167,-1,167,197,198,-1,167,198,168,-1,168,198,199,-1,168,199,169,-1,169,199,200,-1,169,200,170,-1,170,200,201,-1,170,201,171,-1,171,201,202,-1,171,202,172,-1,172,202,203,-1,172,203,173,-1,173,203,204,-1,173,204,174,-1,174,204,205,-1,174,205,175,-1,175,205,206,-1,175,206,176,-1,176,206,207,-1,176,207,177,-1,177,207,208,-1,177,208,178,-1,178,208,209,-1,178,209,179,-1,179,209,210,-1,179,210,180,-1,180,210,181,-1,210,211,181,-1,181,211,212,-1,181,212,182,-1,182,212,213,-1,182,213,183,-1,183,213,214,-1,183,214,184,-1,184,214,215,-1,184,215,185,-1,185,215,216,-1,185,216,186,-1,186,216,217,-1,186,217,187,-1,187,217,218,-1,187,218,188,-1,188,218,219,-1,188,219,189,-1,189,219,220,-1,189,220,190,-1,190,220,221,-1,190,221,191,-1,191,221,222,-1,191,222,192,-1,192,222,223,-1,192,223,193,-1,193,223,224,-1,193,224,194,-1,194,224,225,-1,194,225,195,-1,195,225,226,-1,195,226,196,-1,196,226,227,-1,196,227,197,-1,197,227,228,-1,197,228,198,-1,198,228,229,-1,198,229,199,-1,199,229,230,-1,199,230,200,-1,200,230,231,-1,200,231,201,-1,201,231,232,-1,201,232,202,-1,202,232,233,-1,202,233,203,-1,203,233,234,-1,203,234,204,-1,204,234,235,-1,204,235,205,-1,205,235,236,-1,205,236,206,-1,206,236,237,-1,206,237,207,-1,207,237,238,-1,207,238,208,-1,208,238,239,-1,208,239,209,-1,209,239,240,-1,209,240,210,-1,210,240,211,-1,240,241,211,-1,211,241,242,-1,211,242,212,-1,212,242,243,-1,212,243,213,-1,213,243,244,-1,213,244,214,-1,214,244,245,-1,214,245,215,-1,215,245,246,-1,215,246,216,-1,216,246,247,-1,216,247,217,-1,217,247,248,-1,217,248,218,-1,218,248,249,-1,218,249,219,-1,219,249,250,-1,219,250,220,-1,220,250,251,-1,220,251,221,-1,221,251,252,-1,221,252,222,-1,222,252,253,-1,222,253,223,-1,223,253,254,-1,223,254,224,-1,224,254,255,-1,224,255,225,-1,225,255,256,-1,225,256,226,-1,226,256,257,-1,226,257,227,-1,227,257,258,-1,227,258,228,-1,228,258,259,-1,228,259,229,-1,229,259,260,-1,229,260,230,-1,230,260,261,-1,230,261,231,-1,231,261,262,-1,231,262,232,-1,232,262,263,-1,232,263,233,-1,233,263,264,-1,233,264,234,-1,234,264,265,-1,234,265,235,-1,235,265,266,-1,235,266,236,-1,236,266,267,-1,236,267,237,-1,237,267,268,-1,237,268,238,-1,238,268,269,-1,238,269,239,-1,239,269,270,-1,239,270,240,-1,240,270,241,-1,270,1,241,-1,241,1,0,-1,241,0,242,-1,242,0,3,-1,242,3,243,-1,243,3,4,-1,243,4,244,-1,244,4,5,-1,244,5,245,-1,245,5,6,-1,245,6,246,-1,246,6,7,-1,246,7,247,-1,247,7,8,-1,247,8,248,-1,248,8,9,-1,248,9,249,-1,249,9,10,-1,249,10,250,-1,250,10,11,-1,250,11,251,-1,251,11,12,-1,251,12,252,-1,252,12,13,-1,252,13,253,-1,253,13,14,-1,253,14,254,-1,254,14,15,-1,254,15,255,-1,255,15,16,-1,255,16,256,-1,256,16,17,-1,256,17,257,-1,257,17,18,-1,257,18,258,-1,258,18,19,-1,258,19,259,-1,259,19,20,-1,259,20,260,-1,260,20,21,-1,260,21,261,-1,261,21,22,-1,261,22,262,-1,262,22,23,-1,262,23,263,-1,263,23,24,-1,263,24,264,-1,264,24,25,-1,264,25,265,-1,265,25,26,-1,265,26,266,-1,266,26,27,-1,266,27,267,-1,267,27,28,-1,267,28,268,-1,268,28,29,-1,268,29,269,-1,269,29,30,-1,269,30,270,-1,270,30,1,-1,271,272,273,-1,271,273,274,-1,275,274,273,-1,276,275,273,-1,277,276,273,-1,278,277,273,-1,279,278,273,-1,280,279,273,-1,281,280,273,-1,282,281,273,-1,283,282,273,-1,284,283,273,-1,285,284,273,-1,286,285,273,-1,287,286,273,-1,288,287,273,-1,289,288,273,-1,290,289,273,-1,291,290,273,-1,292,291,273,-1,293,292,273,-1,294,293,273,-1,295,294,273,-1,296,295,273,-1,297,296,273,-1,298,297,273,-1,299,298,273,-1,300,299,273,-1,301,300,273,-1,272,301,273,-1,302,303,304,-1,304,303,305,-1,304,305,306,-1,306,305,307,-1,306,307,308,-1,308,307,309,-1,308,309,310,-1,310,309,311,-1,310,311,312,-1,312,311,313,-1,312,313,314,-1,314,313,315,-1,314,315,316,-1,316,315,317,-1,316,317,318,-1,318,317,319,-1,318,319,320,-1,320,319,321,-1,320,321,322,-1,322,321,323,-1,322,323,324,-1,324,323,325,-1,324,325,326,-1,326,325,327,-1,326,327,328,-1,328,327,329,-1,328,329,330,-1,330,329,331,-1,330,331,332,-1,332,331,333,-1,332,333,334,-1,334,333,335,-1,334,335,336,-1,336,335,337,-1,336,337,338,-1,338,337,339,-1,338,339,340,-1,340,339,341,-1,340,341,342,-1,342,341,343,-1,342,343,344,-1,344,343,345,-1,344,345,346,-1,346,345,347,-1,346,347,348,-1,348,347,349,-1,348,349,350,-1,350,349,351,-1,350,351,352,-1,352,351,353,-1,352,353,354,-1,354,353,355,-1,354,355,356,-1,356,355,357,-1,356,357,358,-1,358,357,359,-1,358,359,360,-1,360,359,361,-1,360,361,302,-1,302,361,303,-1,361,362,303,-1,303,362,363,-1,303,363,305,-1,305,363,364,-1,305,364,307,-1,307,364,365,-1,307,365,309,-1,309,365,366,-1,309,366,311,-1,311,366,367,-1,311,367,313,-1,313,367,368,-1,313,368,315,-1,315,368,369,-1,315,369,317,-1,317,369,370,-1,317,370,319,-1,319,370,371,-1,319,371,321,-1,321,371,372,-1,321,372,323,-1,323,372,373,-1,323,373,325,-1,325,373,374,-1,325,374,327,-1,327,374,375,-1,327,375,329,-1,329,375,376,-1,329,376,331,-1,331,376,377,-1,331,377,333,-1,333,377,378,-1,333,378,335,-1,335,378,379,-1,335,379,337,-1,337,379,380,-1,337,380,339,-1,339,380,381,-1,339,381,341,-1,341,381,382,-1,341,382,343,-1,343,382,383,-1,343,383,345,-1,345,383,384,-1,345,384,347,-1,347,384,385,-1,347,385,349,-1,349,385,386,-1,349,386,351,-1,351,386,387,-1,351,387,353,-1,353,387,388,-1,353,388,355,-1,355,388,389,-1,355,389,357,-1,357,389,390,-1,357,390,359,-1,359,390,391,-1,359,391,361,-1,361,391,362,-1,391,392,362,-1,362,392,393,-1,362,393,363,-1,363,393,394,-1,363,394,364,-1,364,394,395,-1,364,395,365,-1,365,395,396,-1,365,396,366,-1,366,396,397,-1,366,397,367,-1,367,397,398,-1,367,398,368,-1,368,398,399,-1,368,399,369,-1,369,399,400,-1,369,400,370,-1,370,400,401,-1,370,401,371,-1,371,401,402,-1,371,402,372,-1,372,402,403,-1,372,403,373,-1,373,403,404,-1,373,404,374,-1,374,404,405,-1,374,405,375,-1,375,405,406,-1,375,406,376,-1,376,406,407,-1,376,407,377,-1,377,407,408,-1,377,408,378,-1,378,408,409,-1,378,409,379,-1,379,409,410,-1,379,410,380,-1,380,410,411,-1,380,411,381,-1,381,411,412,-1,381,412,382,-1,382,412,413,-1,382,413,383,-1,383,413,414,-1,383,414,384,-1,384,414,415,-1,384,415,385,-1,385,415,416,-1,385,416,386,-1,386,416,417,-1,386,417,387,-1,387,417,418,-1,387,418,388,-1,388,418,419,-1,388,419,389,-1,389,419,420,-1,389,420,390,-1,390,420,421,-1,390,421,391,-1,391,421,392,-1,421,422,392,-1,392,422,423,-1,392,423,393,-1,393,423,424,-1,393,424,394,-1,394,424,425,-1,394,425,395,-1,395,425,426,-1,395,426,396,-1,396,426,427,-1,396,427,397,-1,397,427,428,-1,397,428,398,-1,398,428,429,-1,398,429,399,-1,399,429,430,-1,399,430,400,-1,400,430,431,-1,400,431,401,-1,401,431,432,-1,401,432,402,-1,402,432,433,-1,402,433,403,-1,403,433,434,-1,403,434,404,-1,404,434,435,-1,404,435,405,-1,405,435,436,-1,405,436,406,-1,406,436,437,-1,406,437,407,-1,407,437,438,-1,407,438,408,-1,408,438,439,-1,408,439,409,-1,409,439,440,-1,409,440,410,-1,410,440,441,-1,410,441,411,-1,411,441,442,-1,411,442,412,-1,412,442,443,-1,412,443,413,-1,413,443,444,-1,413,444,414,-1,414,444,445,-1,414,445,415,-1,415,445,446,-1,415,446,416,-1,416,446,447,-1,416,447,417,-1,417,447,448,-1,417,448,418,-1,418,448,449,-1,418,449,419,-1,419,449,450,-1,419,450,420,-1,420,450,451,-1,420,451,421,-1,421,451,422,-1,451,452,422,-1,422,452,453,-1,422,453,423,-1,423,453,454,-1,423,454,424,-1,424,454,455,-1,424,455,425,-1,425,455,456,-1,425,456,426,-1,426,456,457,-1,426,457,427,-1,427,457,458,-1,427,458,428,-1,428,458,459,-1,428,459,429,-1,429,459,460,-1,429,460,430,-1,430,460,461,-1,430,461,431,-1,431,461,462,-1,431,462,432,-1,432,462,463,-1,432,463,433,-1,433,463,464,-1,433,464,434,-1,434,464,465,-1,434,465,435,-1,435,465,466,-1,435,466,436,-1,436,466,467,-1,436,467,437,-1,437,467,468,-1,437,468,438,-1,438,468,469,-1,438,469,439,-1,439,469,470,-1,439,470,440,-1,440,470,471,-1,440,471,441,-1,441,471,472,-1,441,472,442,-1,442,472,473,-1,442,473,443,-1,443,473,474,-1,443,474,444,-1,444,474,475,-1,444,475,445,-1,445,475,476,-1,445,476,446,-1,446,476,477,-1,446,477,447,-1,447,477,478,-1,447,478,448,-1,448,478,479,-1,448,479,449,-1,449,479,480,-1,449,480,450,-1,450,480,481,-1,450,481,451,-1,451,481,452,-1,481,482,452,-1,452,482,483,-1,452,483,453,-1,453,483,484,-1,453,484,454,-1,454,484,485,-1,454,485,455,-1,455,485,486,-1,455,486,456,-1,456,486,487,-1,456,487,457,-1,457,487,488,-1,457,488,458,-1,458,488,489,-1,458,489,459,-1,459,489,490,-1,459,490,460,-1,460,490,491,-1,460,491,461,-1,461,491,492,-1,461,492,462,-1,462,492,493,-1,462,493,463,-1,463,493,494,-1,463,494,464,-1,464,494,495,-1,464,495,465,-1,465,495,496,-1,465,496,466,-1,466,496,497,-1,466,497,467,-1,467,497,498,-1,467,498,468,-1,468,498,499,-1,468,499,469,-1,469,499,500,-1,469,500,470,-1,470,500,501,-1,470,501,471,-1,471,501,502,-1,471,502,472,-1,472,502,503,-1,472,503,473,-1,473,503,504,-1,473,504,474,-1,474,504,505,-1,474,505,475,-1,475,505,506,-1,475,506,476,-1,476,506,507,-1,476,507,477,-1,477,507,508,-1,477,508,478,-1,478,508,509,-1,478,509,479,-1,479,509,510,-1,479,510,480,-1,480,510,511,-1,480,511,481,-1,481,511,482,-1,511,512,482,-1,482,512,513,-1,482,513,483,-1,483,513,514,-1,483,514,484,-1,484,514,515,-1,484,515,485,-1,485,515,516,-1,485,516,486,-1,486,516,517,-1,486,517,487,-1,487,517,518,-1,487,518,488,-1,488,518,519,-1,488,519,489,-1,489,519,520,-1,489,520,490,-1,490,520,521,-1,490,521,491,-1,491,521,522,-1,491,522,492,-1,492,522,523,-1,492,523,493,-1,493,523,524,-1,493,524,494,-1,494,524,525,-1,494,525,495,-1,495,525,526,-1,495,526,496,-1,496,526,527,-1,496,527,497,-1,497,527,528,-1,497,528,498,-1,498,528,529,-1,498,529,499,-1,499,529,530,-1,499,530,500,-1,500,530,531,-1,500,531,501,-1,501,531,532,-1,501,532,502,-1,502,532,533,-1,502,533,503,-1,503,533,534,-1,503,534,504,-1,504,534,535,-1,504,535,505,-1,505,535,536,-1,505,536,506,-1,506,536,537,-1,506,537,507,-1,507,537,538,-1,507,538,508,-1,508,538,539,-1,508,539,509,-1,509,539,540,-1,509,540,510,-1,510,540,541,-1,510,541,511,-1,511,541,512,-1,541,272,512,-1,512,272,271,-1,512,271,513,-1,513,271,274,-1,513,274,514,-1,514,274,275,-1,514,275,515,-1,515,275,276,-1,515,276,516,-1,516,276,277,-1,516,277,517,-1,517,277,278,-1,517,278,518,-1,518,278,279,-1,518,279,519,-1,519,279,280,-1,519,280,520,-1,520,280,281,-1,520,281,521,-1,521,281,282,-1,521,282,522,-1,522,282,283,-1,522,283,523,-1,523,283,284,-1,523,284,524,-1,524,284,285,-1,524,285,525,-1,525,285,286,-1,525,286,526,-1,526,286,287,-1,526,287,527,-1,527,287,288,-1,527,288,528,-1,528,288,289,-1,528,289,529,-1,529,289,290,-1,529,290,530,-1,530,290,291,-1,530,291,531,-1,531,291,292,-1,531,292,532,-1,532,292,293,-1,532,293,533,-1,533,293,294,-1,533,294,534,-1,534,294,295,-1,534,295,535,-1,535,295,296,-1,535,296,536,-1,536,296,297,-1,536,297,537,-1,537,297,298,-1,537,298,538,-1,538,298,299,-1,538,299,539,-1,539,299,300,-1,539,300,540,-1,540,300,301,-1,540,301,541,-1,541,301,272,-1,542,543,544,-1,542,544,545,-1,546,545,544,-1,547,546,544,-1,548,547,544,-1,549,548,544,-1,550,549,544,-1,551,550,544,-1,552,551,544,-1,553,552,544,-1,554,553,544,-1,555,554,544,-1,556,555,544,-1,557,556,544,-1,558,557,544,-1,559,558,544,-1,560,559,544,-1,561,560,544,-1,562,561,544,-1,563,562,544,-1,564,563,544,-1,565,564,544,-1,566,565,544,-1,567,566,544,-1,568,567,544,-1,569,568,544,-1,570,569,544,-1,571,570,544,-1,572,571,544,-1,543,572,544,-1,573,574,575,-1,575,574,576,-1,575,576,577,-1,577,576,578,-1,577,578,579,-1,579,578,580,-1,579,580,581,-1,581,580,582,-1,581,582,583,-1,583,582,584,-1,583,584,585,-1,585,584,586,-1,585,586,587,-1,587,586,588,-1,587,588,589,-1,588,590,589,-1,589,590,591,-1,589,591,592,-1,592,591,593,-1,592,593,594,-1,594,593,595,-1,594,595,596,-1,596,595,597,-1,596,597,598,-1,598,597,599,-1,598,599,600,-1,599,601,600,-1,600,601,602,-1,600,602,603,-1,603,602,604,-1,603,604,605,-1,605,604,606,-1,605,606,607,-1,607,606,608,-1,607,608,609,-1,609,608,610,-1,609,610,611,-1,611,610,612,-1,611,612,613,-1,613,612,614,-1,613,614,615,-1,615,614,616,-1,615,616,617,-1,616,618,617,-1,617,618,619,-1,617,619,620,-1,620,619,621,-1,620,621,622,-1,622,621,623,-1,622,623,624,-1,624,623,625,-1,624,625,626,-1,626,625,627,-1,626,627,628,-1,628,627,629,-1,628,629,630,-1,630,629,631,-1,630,631,632,-1,632,631,633,-1,632,633,634,-1,634,633,635,-1,634,635,573,-1,573,635,636,-1,573,636,574,-1,626,637,624,-1,624,637,638,-1,624,638,622,-1,622,638,639,-1,622,639,620,-1,620,639,640,-1,620,640,617,-1,617,640,641,-1,617,641,615,-1,615,641,642,-1,615,642,613,-1,613,642,643,-1,613,643,611,-1,611,643,644,-1,611,644,609,-1,609,644,645,-1,609,645,607,-1,607,645,646,-1,607,646,605,-1,605,646,647,-1,605,647,603,-1,603,647,648,-1,603,648,600,-1,600,648,649,-1,600,649,598,-1,598,649,650,-1,598,650,596,-1,596,650,651,-1,596,651,594,-1,594,651,652,-1,594,652,592,-1,592,652,653,-1,592,653,589,-1,589,653,654,-1,589,654,587,-1,587,654,655,-1,587,655,585,-1,585,655,656,-1,585,656,583,-1,583,656,657,-1,583,657,581,-1,581,657,658,-1,581,658,579,-1,579,658,659,-1,579,659,577,-1,577,659,660,-1,577,660,575,-1,575,660,661,-1,575,661,573,-1,573,661,662,-1,573,662,634,-1,634,662,663,-1,634,663,632,-1,632,663,664,-1,632,664,630,-1,630,664,665,-1,630,665,628,-1,628,665,666,-1,628,666,626,-1,626,666,637,-1,666,667,637,-1,637,667,668,-1,637,668,638,-1,638,668,669,-1,638,669,639,-1,639,669,670,-1,639,670,640,-1,640,670,671,-1,640,671,641,-1,641,671,672,-1,641,672,642,-1,642,672,673,-1,642,673,643,-1,643,673,674,-1,643,674,644,-1,644,674,675,-1,644,675,645,-1,645,675,676,-1,645,676,646,-1,646,676,677,-1,646,677,647,-1,647,677,678,-1,647,678,648,-1,648,678,679,-1,648,679,649,-1,649,679,680,-1,649,680,650,-1,650,680,681,-1,650,681,651,-1,651,681,682,-1,651,682,652,-1,652,682,683,-1,652,683,653,-1,653,683,684,-1,653,684,654,-1,654,684,685,-1,654,685,655,-1,655,685,686,-1,655,686,656,-1,656,686,687,-1,656,687,657,-1,657,687,688,-1,657,688,658,-1,658,688,689,-1,658,689,659,-1,659,689,690,-1,659,690,660,-1,660,690,691,-1,660,691,661,-1,661,691,692,-1,661,692,662,-1,662,692,693,-1,662,693,663,-1,663,693,694,-1,663,694,664,-1,664,694,695,-1,664,695,665,-1,665,695,696,-1,665,696,666,-1,666,696,667,-1,696,697,667,-1,667,697,698,-1,667,698,668,-1,668,698,699,-1,668,699,669,-1,669,699,700,-1,669,700,670,-1,670,700,701,-1,670,701,671,-1,671,701,702,-1,671,702,672,-1,672,702,703,-1,672,703,673,-1,673,703,704,-1,673,704,674,-1,674,704,705,-1,674,705,675,-1,675,705,706,-1,675,706,676,-1,676,706,707,-1,676,707,677,-1,677,707,708,-1,677,708,678,-1,678,708,709,-1,678,709,679,-1,679,709,710,-1,679,710,680,-1,680,710,711,-1,680,711,681,-1,681,711,712,-1,681,712,682,-1,682,712,713,-1,682,713,683,-1,683,713,714,-1,683,714,684,-1,684,714,715,-1,684,715,685,-1,685,715,716,-1,685,716,686,-1,686,716,717,-1,686,717,687,-1,687,717,718,-1,687,718,688,-1,688,718,719,-1,688,719,689,-1,689,719,720,-1,689,720,690,-1,690,720,721,-1,690,721,691,-1,691,721,722,-1,691,722,692,-1,692,722,723,-1,692,723,693,-1,693,723,724,-1,693,724,694,-1,694,724,725,-1,694,725,695,-1,695,725,726,-1,695,726,696,-1,696,726,697,-1,726,727,697,-1,697,727,728,-1,697,728,698,-1,698,728,729,-1,698,729,699,-1,699,729,730,-1,699,730,700,-1,700,730,731,-1,700,731,701,-1,701,731,732,-1,701,732,702,-1,702,732,733,-1,702,733,703,-1,703,733,734,-1,703,734,704,-1,704,734,735,-1,704,735,705,-1,705,735,736,-1,705,736,706,-1,706,736,737,-1,706,737,707,-1,707,737,738,-1,707,738,708,-1,708,738,739,-1,708,739,709,-1,709,739,740,-1,709,740,710,-1,710,740,741,-1,710,741,711,-1,711,741,742,-1,711,742,712,-1,712,742,743,-1,712,743,713,-1,713,743,744,-1,713,744,714,-1,714,744,745,-1,714,745,715,-1,715,745,746,-1,715,746,716,-1,716,746,747,-1,716,747,717,-1,717,747,748,-1,717,748,718,-1,718,748,749,-1,718,749,719,-1,719,749,750,-1,719,750,720,-1,720,750,751,-1,720,751,721,-1,721,751,752,-1,721,752,722,-1,722,752,753,-1,722,753,723,-1,723,753,754,-1,723,754,724,-1,724,754,755,-1,724,755,725,-1,725,755,756,-1,725,756,726,-1,726,756,727,-1,756,757,727,-1,727,757,758,-1,727,758,728,-1,728,758,759,-1,728,759,729,-1,729,759,760,-1,729,760,730,-1,730,760,761,-1,730,761,731,-1,731,761,762,-1,731,762,732,-1,732,762,763,-1,732,763,733,-1,733,763,764,-1,733,764,734,-1,734,764,765,-1,734,765,735,-1,735,765,766,-1,735,766,736,-1,736,766,767,-1,736,767,737,-1,737,767,768,-1,737,768,738,-1,738,768,769,-1,738,769,739,-1,739,769,770,-1,739,770,740,-1,740,770,771,-1,740,771,741,-1,741,771,772,-1,741,772,742,-1,742,772,773,-1,742,773,743,-1,743,773,774,-1,743,774,744,-1,744,774,775,-1,744,775,745,-1,745,775,776,-1,745,776,746,-1,746,776,777,-1,746,777,747,-1,747,777,778,-1,747,778,748,-1,748,778,779,-1,748,779,749,-1,749,779,780,-1,749,780,750,-1,750,780,781,-1,750,781,751,-1,751,781,782,-1,751,782,752,-1,752,782,783,-1,752,783,753,-1,753,783,784,-1,753,784,754,-1,754,784,785,-1,754,785,755,-1,755,785,786,-1,755,786,756,-1,756,786,757,-1,786,787,757,-1,757,787,788,-1,757,788,758,-1,758,788,789,-1,758,789,759,-1,759,789,790,-1,759,790,760,-1,760,790,791,-1,760,791,761,-1,761,791,792,-1,761,792,762,-1,762,792,793,-1,762,793,763,-1,763,793,794,-1,763,794,764,-1,764,794,795,-1,764,795,765,-1,765,795,796,-1,765,796,766,-1,766,796,797,-1,766,797,767,-1,767,797,798,-1,767,798,768,-1,768,798,799,-1,768,799,769,-1,769,799,800,-1,769,800,770,-1,770,800,801,-1,770,801,771,-1,771,801,802,-1,771,802,772,-1,772,802,803,-1,772,803,773,-1,773,803,804,-1,773,804,774,-1,774,804,805,-1,774,805,775,-1,775,805,806,-1,775,806,776,-1,776,806,807,-1,776,807,777,-1,777,807,808,-1,777,808,778,-1,778,808,809,-1,778,809,779,-1,779,809,810,-1,779,810,780,-1,780,810,811,-1,780,811,781,-1,781,811,812,-1,781,812,782,-1,782,812,813,-1,782,813,783,-1,783,813,814,-1,783,814,784,-1,784,814,815,-1,784,815,785,-1,785,815,816,-1,785,816,786,-1,786,816,787,-1,816,543,787,-1,787,543,542,-1,787,542,788,-1,788,542,545,-1,788,545,789,-1,789,545,546,-1,789,546,790,-1,790,546,547,-1,790,547,791,-1,791,547,548,-1,791,548,792,-1,792,548,549,-1,792,549,793,-1,793,549,550,-1,793,550,794,-1,794,550,551,-1,794,551,795,-1,795,551,552,-1,795,552,796,-1,796,552,553,-1,796,553,797,-1,797,553,554,-1,797,554,798,-1,798,554,555,-1,798,555,799,-1,799,555,556,-1,799,556,800,-1,800,556,557,-1,800,557,801,-1,801,557,558,-1,801,558,802,-1,802,558,559,-1,802,559,803,-1,803,559,560,-1,803,560,804,-1,804,560,561,-1,804,561,805,-1,805,561,562,-1,805,562,806,-1,806,562,563,-1,806,563,807,-1,807,563,564,-1,807,564,808,-1,808,564,565,-1,808,565,809,-1,809,565,566,-1,809,566,810,-1,810,566,567,-1,810,567,811,-1,811,567,568,-1,811,568,812,-1,812,568,569,-1,812,569,813,-1,813,569,570,-1,813,570,814,-1,814,570,571,-1,814,571,815,-1,815,571,572,-1,815,572,816,-1,816,572,543,-1,817,818,819,-1,817,819,820,-1,821,820,819,-1,822,821,819,-1,823,822,819,-1,824,823,819,-1,825,824,819,-1,826,825,819,-1,827,826,819,-1,828,827,819,-1,829,828,819,-1,830,829,819,-1,831,830,819,-1,832,831,819,-1,833,832,819,-1,834,833,819,-1,835,834,819,-1,836,835,819,-1,837,836,819,-1,838,837,819,-1,839,838,819,-1,840,839,819,-1,841,840,819,-1,842,841,819,-1,843,842,819,-1,844,843,819,-1,845,844,819,-1,846,845,819,-1,847,846,819,-1,818,847,819,-1,848,849,850,-1,850,849,851,-1,850,851,852,-1,852,851,853,-1,852,853,854,-1,854,853,855,-1,854,855,856,-1,856,855,857,-1,856,857,858,-1,858,857,859,-1,858,859,860,-1,860,859,861,-1,860,861,862,-1,862,861,863,-1,862,863,864,-1,863,865,864,-1,864,865,866,-1,864,866,867,-1,867,866,868,-1,867,868,869,-1,869,868,870,-1,869,870,871,-1,871,870,872,-1,871,872,873,-1,873,872,874,-1,873,874,875,-1,874,876,875,-1,875,876,877,-1,875,877,878,-1,878,877,879,-1,878,879,880,-1,880,879,881,-1,880,881,882,-1,882,881,883,-1,882,883,884,-1,884,883,885,-1,884,885,886,-1,886,885,887,-1,886,887,888,-1,888,887,889,-1,888,889,890,-1,890,889,891,-1,890,891,892,-1,891,893,892,-1,892,893,894,-1,892,894,895,-1,895,894,896,-1,895,896,897,-1,897,896,898,-1,897,898,899,-1,899,898,900,-1,899,900,901,-1,901,900,902,-1,901,902,903,-1,903,902,904,-1,903,904,905,-1,905,904,906,-1,905,906,907,-1,907,906,908,-1,907,908,909,-1,909,908,910,-1,909,910,848,-1,848,910,911,-1,848,911,849,-1,901,912,899,-1,899,912,913,-1,899,913,897,-1,897,913,914,-1,897,914,895,-1,895,914,915,-1,895,915,892,-1,892,915,916,-1,892,916,890,-1,890,916,917,-1,890,917,888,-1,888,917,918,-1,888,918,886,-1,886,918,919,-1,886,919,884,-1,884,919,920,-1,884,920,882,-1,882,920,921,-1,882,921,880,-1,880,921,922,-1,880,922,878,-1,878,922,923,-1,878,923,875,-1,875,923,924,-1,875,924,873,-1,873,924,925,-1,873,925,871,-1,871,925,926,-1,871,926,869,-1,869,926,927,-1,869,927,867,-1,867,927,928,-1,867,928,864,-1,864,928,929,-1,864,929,862,-1,862,929,930,-1,862,930,860,-1,860,930,931,-1,860,931,858,-1,858,931,932,-1,858,932,856,-1,856,932,933,-1,856,933,854,-1,854,933,934,-1,854,934,852,-1,852,934,935,-1,852,935,850,-1,850,935,936,-1,850,936,848,-1,848,936,937,-1,848,937,909,-1,909,937,938,-1,909,938,907,-1,907,938,939,-1,907,939,905,-1,905,939,940,-1,905,940,903,-1,903,940,941,-1,903,941,901,-1,901,941,912,-1,941,942,912,-1,912,942,943,-1,912,943,913,-1,913,943,944,-1,913,944,914,-1,914,944,945,-1,914,945,915,-1,915,945,946,-1,915,946,916,-1,916,946,947,-1,916,947,917,-1,917,947,948,-1,917,948,918,-1,918,948,949,-1,918,949,919,-1,919,949,950,-1,919,950,920,-1,920,950,951,-1,920,951,921,-1,921,951,952,-1,921,952,922,-1,922,952,953,-1,922,953,923,-1,923,953,954,-1,923,954,924,-1,924,954,955,-1,924,955,925,-1,925,955,956,-1,925,956,926,-1,926,956,957,-1,926,957,927,-1,927,957,958,-1,927,958,928,-1,928,958,959,-1,928,959,929,-1,929,959,960,-1,929,960,930,-1,930,960,961,-1,930,961,931,-1,931,961,962,-1,931,962,932,-1,932,962,963,-1,932,963,933,-1,933,963,964,-1,933,964,934,-1,934,964,965,-1,934,965,935,-1,935,965,966,-1,935,966,936,-1,936,966,967,-1,936,967,937,-1,937,967,968,-1,937,968,938,-1,938,968,969,-1,938,969,939,-1,939,969,970,-1,939,970,940,-1,940,970,971,-1,940,971,941,-1,941,971,942,-1,971,972,942,-1,942,972,973,-1,942,973,943,-1,943,973,974,-1,943,974,944,-1,944,974,975,-1,944,975,945,-1,945,975,976,-1,945,976,946,-1,946,976,977,-1,946,977,947,-1,947,977,978,-1,947,978,948,-1,948,978,979,-1,948,979,949,-1,949,979,980,-1,949,980,950,-1,950,980,981,-1,950,981,951,-1,951,981,982,-1,951,982,952,-1,952,982,983,-1,952,983,953,-1,953,983,984,-1,953,984,954,-1,954,984,985,-1,954,985,955,-1,955,985,986,-1,955,986,956,-1,956,986,987,-1,956,987,957,-1,957,987,988,-1,957,988,958,-1,958,988,989,-1,958,989,959,-1,959,989,990,-1,959,990,960,-1,960,990,991,-1,960,991,961,-1,961,991,992,-1,961,992,962,-1,962,992,993,-1,962,993,963,-1,963,993,994,-1,963,994,964,-1,964,994,995,-1,964,995,965,-1,965,995,996,-1,965,996,966,-1,966,996,997,-1,966,997,967,-1,967,997,998,-1,967,998,968,-1,968,998,999,-1,968,999,969,-1,969,999,1000,-1,969,1000,970,-1,970,1000,1001,-1,970,1001,971,-1,971,1001,972,-1,1001,1002,972,-1,972,1002,1003,-1,972,1003,973,-1,973,1003,1004,-1,973,1004,974,-1,974,1004,1005,-1,974,1005,975,-1,975,1005,1006,-1,975,1006,976,-1,976,1006,1007,-1,976,1007,977,-1,977,1007,1008,-1,977,1008,978,-1,978,1008,1009,-1,978,1009,979,-1,979,1009,1010,-1,979,1010,980,-1,980,1010,1011,-1,980,1011,981,-1,981,1011,1012,-1,981,1012,982,-1,982,1012,1013,-1,982,1013,983,-1,983,1013,1014,-1,983,1014,984,-1,984,1014,1015,-1,984,1015,985,-1,985,1015,1016,-1,985,1016,986,-1,986,1016,1017,-1,986,1017,987,-1,987,1017,1018,-1,987,1018,988,-1,988,1018,1019,-1,988,1019,989,-1,989,1019,1020,-1,989,1020,990,-1,990,1020,1021,-1,990,1021,991,-1,991,1021,1022,-1,991,1022,992,-1,992,1022,1023,-1,992,1023,993,-1,993,1023,1024,-1,993,1024,994,-1,994,1024,1025,-1,994,1025,995,-1,995,1025,1026,-1,995,1026,996,-1,996,1026,1027,-1,996,1027,997,-1,997,1027,1028,-1,997,1028,998,-1,998,1028,1029,-1,998,1029,999,-1,999,1029,1030,-1,999,1030,1000,-1,1000,1030,1031,-1,1000,1031,1001,-1,1001,1031,1002,-1,1031,1032,1002,-1,1002,1032,1033,-1,1002,1033,1003,-1,1003,1033,1034,-1,1003,1034,1004,-1,1004,1034,1035,-1,1004,1035,1005,-1,1005,1035,1036,-1,1005,1036,1006,-1,1006,1036,1037,-1,1006,1037,1007,-1,1007,1037,1038,-1,1007,1038,1008,-1,1008,1038,1039,-1,1008,1039,1009,-1,1009,1039,1040,-1,1009,1040,1010,-1,1010,1040,1041,-1,1010,1041,1011,-1,1011,1041,1042,-1,1011,1042,1012,-1,1012,1042,1043,-1,1012,1043,1013,-1,1013,1043,1044,-1,1013,1044,1014,-1,1014,1044,1045,-1,1014,1045,1015,-1,1015,1045,1046,-1,1015,1046,1016,-1,1016,1046,1047,-1,1016,1047,1017,-1,1017,1047,1048,-1,1017,1048,1018,-1,1018,1048,1049,-1,1018,1049,1019,-1,1019,1049,1050,-1,1019,1050,1020,-1,1020,1050,1051,-1,1020,1051,1021,-1,1021,1051,1052,-1,1021,1052,1022,-1,1022,1052,1053,-1,1022,1053,1023,-1,1023,1053,1054,-1,1023,1054,1024,-1,1024,1054,1055,-1,1024,1055,1025,-1,1025,1055,1056,-1,1025,1056,1026,-1,1026,1056,1057,-1,1026,1057,1027,-1,1027,1057,1058,-1,1027,1058,1028,-1,1028,1058,1059,-1,1028,1059,1029,-1,1029,1059,1060,-1,1029,1060,1030,-1,1030,1060,1061,-1,1030,1061,1031,-1,1031,1061,1032,-1,1061,1062,1032,-1,1032,1062,1063,-1,1032,1063,1033,-1,1033,1063,1064,-1,1033,1064,1034,-1,1034,1064,1065,-1,1034,1065,1035,-1,1035,1065,1066,-1,1035,1066,1036,-1,1036,1066,1067,-1,1036,1067,1037,-1,1037,1067,1068,-1,1037,1068,1038,-1,1038,1068,1069,-1,1038,1069,1039,-1,1039,1069,1070,-1,1039,1070,1040,-1,1040,1070,1071,-1,1040,1071,1041,-1,1041,1071,1072,-1,1041,1072,1042,-1,1042,1072,1073,-1,1042,1073,1043,-1,1043,1073,1074,-1,1043,1074,1044,-1,1044,1074,1075,-1,1044,1075,1045,-1,1045,1075,1076,-1,1045,1076,1046,-1,1046,1076,1077,-1,1046,1077,1047,-1,1047,1077,1078,-1,1047,1078,1048,-1,1048,1078,1079,-1,1048,1079,1049,-1,1049,1079,1080,-1,1049,1080,1050,-1,1050,1080,1081,-1,1050,1081,1051,-1,1051,1081,1082,-1,1051,1082,1052,-1,1052,1082,1083,-1,1052,1083,1053,-1,1053,1083,1084,-1,1053,1084,1054,-1,1054,1084,1085,-1,1054,1085,1055,-1,1055,1085,1086,-1,1055,1086,1056,-1,1056,1086,1087,-1,1056,1087,1057,-1,1057,1087,1088,-1,1057,1088,1058,-1,1058,1088,1089,-1,1058,1089,1059,-1,1059,1089,1090,-1,1059,1090,1060,-1,1060,1090,1091,-1,1060,1091,1061,-1,1061,1091,1062,-1,1091,818,1062,-1,1062,818,817,-1,1062,817,1063,-1,1063,817,820,-1,1063,820,1064,-1,1064,820,821,-1,1064,821,1065,-1,1065,821,822,-1,1065,822,1066,-1,1066,822,823,-1,1066,823,1067,-1,1067,823,824,-1,1067,824,1068,-1,1068,824,825,-1,1068,825,1069,-1,1069,825,826,-1,1069,826,1070,-1,1070,826,827,-1,1070,827,1071,-1,1071,827,828,-1,1071,828,1072,-1,1072,828,829,-1,1072,829,1073,-1,1073,829,830,-1,1073,830,1074,-1,1074,830,831,-1,1074,831,1075,-1,1075,831,832,-1,1075,832,1076,-1,1076,832,833,-1,1076,833,1077,-1,1077,833,834,-1,1077,834,1078,-1,1078,834,835,-1,1078,835,1079,-1,1079,835,836,-1,1079,836,1080,-1,1080,836,837,-1,1080,837,1081,-1,1081,837,838,-1,1081,838,1082,-1,1082,838,839,-1,1082,839,1083,-1,1083,839,840,-1,1083,840,1084,-1,1084,840,841,-1,1084,841,1085,-1,1085,841,842,-1,1085,842,1086,-1,1086,842,843,-1,1086,843,1087,-1,1087,843,844,-1,1087,844,1088,-1,1088,844,845,-1,1088,845,1089,-1,1089,845,846,-1,1089,846,1090,-1,1090,846,847,-1,1090,847,1091,-1,1091,847,818,-1,1092,1093,1094,-1,1092,1094,1095,-1,1096,1095,1094,-1,1097,1096,1094,-1,1098,1097,1094,-1,1099,1098,1094,-1,1100,1099,1094,-1,1101,1100,1094,-1,1102,1101,1094,-1,1103,1102,1094,-1,1104,1103,1094,-1,1105,1104,1094,-1,1106,1105,1094,-1,1107,1106,1094,-1,1108,1107,1094,-1,1109,1108,1094,-1,1110,1109,1094,-1,1111,1110,1094,-1,1112,1111,1094,-1,1113,1112,1094,-1,1114,1113,1094,-1,1115,1114,1094,-1,1116,1115,1094,-1,1117,1116,1094,-1,1118,1117,1094,-1,1119,1118,1094,-1,1120,1119,1094,-1,1121,1120,1094,-1,1122,1121,1094,-1,1093,1122,1094,-1,1123,1124,1125,-1,1125,1124,1126,-1,1125,1126,1127,-1,1127,1126,1128,-1,1127,1128,1129,-1,1129,1128,1130,-1,1129,1130,1131,-1,1131,1130,1132,-1,1131,1132,1133,-1,1132,1134,1133,-1,1133,1134,1135,-1,1133,1135,1136,-1,1136,1135,1137,-1,1136,1137,1138,-1,1138,1137,1139,-1,1138,1139,1140,-1,1140,1139,1141,-1,1140,1141,1142,-1,1142,1141,1143,-1,1142,1143,1144,-1,1144,1143,1145,-1,1144,1145,1146,-1,1146,1145,1147,-1,1146,1147,1148,-1,1148,1147,1149,-1,1148,1149,1150,-1,1150,1149,1151,-1,1150,1151,1152,-1,1152,1151,1153,-1,1152,1153,1154,-1,1154,1153,1155,-1,1154,1155,1156,-1,1155,1157,1156,-1,1156,1157,1158,-1,1156,1158,1159,-1,1159,1158,1160,-1,1159,1160,1161,-1,1161,1160,1162,-1,1161,1162,1163,-1,1163,1162,1164,-1,1163,1164,1165,-1,1165,1164,1166,-1,1165,1166,1167,-1,1166,1168,1167,-1,1167,1168,1169,-1,1167,1169,1170,-1,1170,1169,1171,-1,1170,1171,1172,-1,1172,1171,1173,-1,1172,1173,1174,-1,1174,1173,1175,-1,1174,1175,1176,-1,1176,1175,1177,-1,1176,1177,1178,-1,1178,1177,1179,-1,1178,1179,1180,-1,1180,1179,1181,-1,1180,1181,1182,-1,1182,1181,1183,-1,1182,1183,1184,-1,1184,1183,1185,-1,1184,1185,1123,-1,1123,1185,1186,-1,1123,1186,1124,-1,1176,1187,1174,-1,1174,1187,1188,-1,1174,1188,1172,-1,1172,1188,1189,-1,1172,1189,1170,-1,1170,1189,1190,-1,1170,1190,1167,-1,1167,1190,1191,-1,1167,1191,1165,-1,1165,1191,1192,-1,1165,1192,1163,-1,1163,1192,1193,-1,1163,1193,1161,-1,1161,1193,1194,-1,1161,1194,1159,-1,1159,1194,1195,-1,1159,1195,1156,-1,1156,1195,1196,-1,1156,1196,1154,-1,1154,1196,1197,-1,1154,1197,1152,-1,1152,1197,1198,-1,1152,1198,1150,-1,1150,1198,1199,-1,1150,1199,1148,-1,1148,1199,1200,-1,1148,1200,1146,-1,1146,1200,1201,-1,1146,1201,1144,-1,1144,1201,1202,-1,1144,1202,1142,-1,1142,1202,1203,-1,1142,1203,1140,-1,1140,1203,1204,-1,1140,1204,1138,-1,1138,1204,1205,-1,1138,1205,1136,-1,1136,1205,1206,-1,1136,1206,1133,-1,1133,1206,1207,-1,1133,1207,1131,-1,1131,1207,1208,-1,1131,1208,1129,-1,1129,1208,1209,-1,1129,1209,1127,-1,1127,1209,1210,-1,1127,1210,1125,-1,1125,1210,1211,-1,1125,1211,1123,-1,1123,1211,1212,-1,1123,1212,1184,-1,1184,1212,1213,-1,1184,1213,1182,-1,1182,1213,1214,-1,1182,1214,1180,-1,1180,1214,1215,-1,1180,1215,1178,-1,1178,1215,1216,-1,1178,1216,1176,-1,1176,1216,1187,-1,1216,1217,1187,-1,1187,1217,1218,-1,1187,1218,1188,-1,1188,1218,1219,-1,1188,1219,1189,-1,1189,1219,1220,-1,1189,1220,1190,-1,1190,1220,1221,-1,1190,1221,1191,-1,1191,1221,1222,-1,1191,1222,1192,-1,1192,1222,1223,-1,1192,1223,1193,-1,1193,1223,1224,-1,1193,1224,1194,-1,1194,1224,1225,-1,1194,1225,1195,-1,1195,1225,1226,-1,1195,1226,1196,-1,1196,1226,1227,-1,1196,1227,1197,-1,1197,1227,1228,-1,1197,1228,1198,-1,1198,1228,1229,-1,1198,1229,1199,-1,1199,1229,1230,-1,1199,1230,1200,-1,1200,1230,1231,-1,1200,1231,1201,-1,1201,1231,1232,-1,1201,1232,1202,-1,1202,1232,1233,-1,1202,1233,1203,-1,1203,1233,1234,-1,1203,1234,1204,-1,1204,1234,1235,-1,1204,1235,1205,-1,1205,1235,1236,-1,1205,1236,1206,-1,1206,1236,1237,-1,1206,1237,1207,-1,1207,1237,1238,-1,1207,1238,1208,-1,1208,1238,1239,-1,1208,1239,1209,-1,1209,1239,1240,-1,1209,1240,1210,-1,1210,1240,1241,-1,1210,1241,1211,-1,1211,1241,1242,-1,1211,1242,1212,-1,1212,1242,1243,-1,1212,1243,1213,-1,1213,1243,1244,-1,1213,1244,1214,-1,1214,1244,1245,-1,1214,1245,1215,-1,1215,1245,1246,-1,1215,1246,1216,-1,1216,1246,1217,-1,1246,1247,1217,-1,1217,1247,1248,-1,1217,1248,1218,-1,1218,1248,1249,-1,1218,1249,1219,-1,1219,1249,1250,-1,1219,1250,1220,-1,1220,1250,1251,-1,1220,1251,1221,-1,1221,1251,1252,-1,1221,1252,1222,-1,1222,1252,1253,-1,1222,1253,1223,-1,1223,1253,1254,-1,1223,1254,1224,-1,1224,1254,1255,-1,1224,1255,1225,-1,1225,1255,1256,-1,1225,1256,1226,-1,1226,1256,1257,-1,1226,1257,1227,-1,1227,1257,1258,-1,1227,1258,1228,-1,1228,1258,1259,-1,1228,1259,1229,-1,1229,1259,1260,-1,1229,1260,1230,-1,1230,1260,1261,-1,1230,1261,1231,-1,1231,1261,1262,-1,1231,1262,1232,-1,1232,1262,1263,-1,1232,1263,1233,-1,1233,1263,1264,-1,1233,1264,1234,-1,1234,1264,1265,-1,1234,1265,1235,-1,1235,1265,1266,-1,1235,1266,1236,-1,1236,1266,1267,-1,1236,1267,1237,-1,1237,1267,1268,-1,1237,1268,1238,-1,1238,1268,1269,-1,1238,1269,1239,-1,1239,1269,1270,-1,1239,1270,1240,-1,1240,1270,1271,-1,1240,1271,1241,-1,1241,1271,1272,-1,1241,1272,1242,-1,1242,1272,1273,-1,1242,1273,1243,-1,1243,1273,1274,-1,1243,1274,1244,-1,1244,1274,1275,-1,1244,1275,1245,-1,1245,1275,1276,-1,1245,1276,1246,-1,1246,1276,1247,-1,1276,1277,1247,-1,1247,1277,1278,-1,1247,1278,1248,-1,1248,1278,1279,-1,1248,1279,1249,-1,1249,1279,1280,-1,1249,1280,1250,-1,1250,1280,1281,-1,1250,1281,1251,-1,1251,1281,1282,-1,1251,1282,1252,-1,1252,1282,1283,-1,1252,1283,1253,-1,1253,1283,1284,-1,1253,1284,1254,-1,1254,1284,1285,-1,1254,1285,1255,-1,1255,1285,1286,-1,1255,1286,1256,-1,1256,1286,1287,-1,1256,1287,1257,-1,1257,1287,1288,-1,1257,1288,1258,-1,1258,1288,1289,-1,1258,1289,1259,-1,1259,1289,1290,-1,1259,1290,1260,-1,1260,1290,1291,-1,1260,1291,1261,-1,1261,1291,1292,-1,1261,1292,1262,-1,1262,1292,1293,-1,1262,1293,1263,-1,1263,1293,1294,-1,1263,1294,1264,-1,1264,1294,1295,-1,1264,1295,1265,-1,1265,1295,1296,-1,1265,1296,1266,-1,1266,1296,1297,-1,1266,1297,1267,-1,1267,1297,1298,-1,1267,1298,1268,-1,1268,1298,1299,-1,1268,1299,1269,-1,1269,1299,1300,-1,1269,1300,1270,-1,1270,1300,1301,-1,1270,1301,1271,-1,1271,1301,1302,-1,1271,1302,1272,-1,1272,1302,1303,-1,1272,1303,1273,-1,1273,1303,1304,-1,1273,1304,1274,-1,1274,1304,1305,-1,1274,1305,1275,-1,1275,1305,1306,-1,1275,1306,1276,-1,1276,1306,1277,-1,1306,1307,1277,-1,1277,1307,1308,-1,1277,1308,1278,-1,1278,1308,1309,-1,1278,1309,1279,-1,1279,1309,1310,-1,1279,1310,1280,-1,1280,1310,1311,-1,1280,1311,1281,-1,1281,1311,1312,-1,1281,1312,1282,-1,1282,1312,1313,-1,1282,1313,1283,-1,1283,1313,1314,-1,1283,1314,1284,-1,1284,1314,1315,-1,1284,1315,1285,-1,1285,1315,1316,-1,1285,1316,1286,-1,1286,1316,1317,-1,1286,1317,1287,-1,1287,1317,1318,-1,1287,1318,1288,-1,1288,1318,1319,-1,1288,1319,1289,-1,1289,1319,1320,-1,1289,1320,1290,-1,1290,1320,1321,-1,1290,1321,1291,-1,1291,1321,1322,-1,1291,1322,1292,-1,1292,1322,1323,-1,1292,1323,1293,-1,1293,1323,1324,-1,1293,1324,1294,-1,1294,1324,1325,-1,1294,1325,1295,-1,1295,1325,1326,-1,1295,1326,1296,-1,1296,1326,1327,-1,1296,1327,1297,-1,1297,1327,1328,-1,1297,1328,1298,-1,1298,1328,1329,-1,1298,1329,1299,-1,1299,1329,1330,-1,1299,1330,1300,-1,1300,1330,1331,-1,1300,1331,1301,-1,1301,1331,1332,-1,1301,1332,1302,-1,1302,1332,1333,-1,1302,1333,1303,-1,1303,1333,1334,-1,1303,1334,1304,-1,1304,1334,1335,-1,1304,1335,1305,-1,1305,1335,1336,-1,1305,1336,1306,-1,1306,1336,1307,-1,1336,1337,1307,-1,1307,1337,1338,-1,1307,1338,1308,-1,1308,1338,1339,-1,1308,1339,1309,-1,1309,1339,1340,-1,1309,1340,1310,-1,1310,1340,1341,-1,1310,1341,1311,-1,1311,1341,1342,-1,1311,1342,1312,-1,1312,1342,1343,-1,1312,1343,1313,-1,1313,1343,1344,-1,1313,1344,1314,-1,1314,1344,1345,-1,1314,1345,1315,-1,1315,1345,1346,-1,1315,1346,1316,-1,1316,1346,1347,-1,1316,1347,1317,-1,1317,1347,1348,-1,1317,1348,1318,-1,1318,1348,1349,-1,1318,1349,1319,-1,1319,1349,1350,-1,1319,1350,1320,-1,1320,1350,1351,-1,1320,1351,1321,-1,1321,1351,1352,-1,1321,1352,1322,-1,1322,1352,1353,-1,1322,1353,1323,-1,1323,1353,1354,-1,1323,1354,1324,-1,1324,1354,1355,-1,1324,1355,1325,-1,1325,1355,1356,-1,1325,1356,1326,-1,1326,1356,1357,-1,1326,1357,1327,-1,1327,1357,1358,-1,1327,1358,1328,-1,1328,1358,1359,-1,1328,1359,1329,-1,1329,1359,1360,-1,1329,1360,1330,-1,1330,1360,1361,-1,1330,1361,1331,-1,1331,1361,1362,-1,1331,1362,1332,-1,1332,1362,1363,-1,1332,1363,1333,-1,1333,1363,1364,-1,1333,1364,1334,-1,1334,1364,1365,-1,1334,1365,1335,-1,1335,1365,1366,-1,1335,1366,1336,-1,1336,1366,1337,-1,1366,1093,1337,-1,1337,1093,1092,-1,1337,1092,1338,-1,1338,1092,1095,-1,1338,1095,1339,-1,1339,1095,1096,-1,1339,1096,1340,-1,1340,1096,1097,-1,1340,1097,1341,-1,1341,1097,1098,-1,1341,1098,1342,-1,1342,1098,1099,-1,1342,1099,1343,-1,1343,1099,1100,-1,1343,1100,1344,-1,1344,1100,1101,-1,1344,1101,1345,-1,1345,1101,1102,-1,1345,1102,1346,-1,1346,1102,1103,-1,1346,1103,1347,-1,1347,1103,1104,-1,1347,1104,1348,-1,1348,1104,1105,-1,1348,1105,1349,-1,1349,1105,1106,-1,1349,1106,1350,-1,1350,1106,1107,-1,1350,1107,1351,-1,1351,1107,1108,-1,1351,1108,1352,-1,1352,1108,1109,-1,1352,1109,1353,-1,1353,1109,1110,-1,1353,1110,1354,-1,1354,1110,1111,-1,1354,1111,1355,-1,1355,1111,1112,-1,1355,1112,1356,-1,1356,1112,1113,-1,1356,1113,1357,-1,1357,1113,1114,-1,1357,1114,1358,-1,1358,1114,1115,-1,1358,1115,1359,-1,1359,1115,1116,-1,1359,1116,1360,-1,1360,1116,1117,-1,1360,1117,1361,-1,1361,1117,1118,-1,1361,1118,1362,-1,1362,1118,1119,-1,1362,1119,1363,-1,1363,1119,1120,-1,1363,1120,1364,-1,1364,1120,1121,-1,1364,1121,1365,-1,1365,1121,1122,-1,1365,1122,1366,-1,1366,1122,1093,-1,1367,1368,1369,-1,1367,1369,1370,-1,1371,1370,1369,-1,1372,1371,1369,-1,1373,1372,1369,-1,1374,1373,1369,-1,1375,1374,1369,-1,1376,1375,1369,-1,1377,1376,1369,-1,1378,1377,1369,-1,1379,1378,1369,-1,1380,1379,1369,-1,1381,1380,1369,-1,1382,1381,1369,-1,1383,1382,1369,-1,1384,1383,1369,-1,1385,1384,1369,-1,1386,1385,1369,-1,1387,1386,1369,-1,1388,1387,1369,-1,1389,1388,1369,-1,1390,1389,1369,-1,1391,1390,1369,-1,1392,1391,1369,-1,1393,1392,1369,-1,1394,1393,1369,-1,1395,1394,1369,-1,1396,1395,1369,-1,1397,1396,1369,-1,1368,1397,1369,-1,1398,1399,1400,-1,1400,1399,1401,-1,1400,1401,1402,-1,1402,1401,1403,-1,1402,1403,1404,-1,1404,1403,1405,-1,1404,1405,1406,-1,1406,1405,1407,-1,1406,1407,1408,-1,1407,1409,1408,-1,1408,1409,1410,-1,1408,1410,1411,-1,1411,1410,1412,-1,1411,1412,1413,-1,1413,1412,1414,-1,1413,1414,1415,-1,1415,1414,1416,-1,1415,1416,1417,-1,1417,1416,1418,-1,1417,1418,1419,-1,1419,1418,1420,-1,1419,1420,1421,-1,1421,1420,1422,-1,1421,1422,1423,-1,1423,1422,1424,-1,1423,1424,1425,-1,1425,1424,1426,-1,1425,1426,1427,-1,1427,1426,1428,-1,1427,1428,1429,-1,1429,1428,1430,-1,1429,1430,1431,-1,1430,1432,1431,-1,1431,1432,1433,-1,1431,1433,1434,-1,1434,1433,1435,-1,1434,1435,1436,-1,1436,1435,1437,-1,1436,1437,1438,-1,1438,1437,1439,-1,1438,1439,1440,-1,1440,1439,1441,-1,1440,1441,1442,-1,1441,1443,1442,-1,1442,1443,1444,-1,1442,1444,1445,-1,1445,1444,1446,-1,1445,1446,1447,-1,1447,1446,1448,-1,1447,1448,1449,-1,1449,1448,1450,-1,1449,1450,1451,-1,1451,1450,1452,-1,1451,1452,1453,-1,1453,1452,1454,-1,1453,1454,1455,-1,1455,1454,1456,-1,1455,1456,1457,-1,1457,1456,1458,-1,1457,1458,1459,-1,1459,1458,1460,-1,1459,1460,1398,-1,1398,1460,1461,-1,1398,1461,1399,-1,1451,1462,1449,-1,1449,1462,1463,-1,1449,1463,1447,-1,1447,1463,1464,-1,1447,1464,1445,-1,1445,1464,1465,-1,1445,1465,1442,-1,1442,1465,1466,-1,1442,1466,1440,-1,1440,1466,1467,-1,1440,1467,1438,-1,1438,1467,1468,-1,1438,1468,1436,-1,1436,1468,1469,-1,1436,1469,1434,-1,1434,1469,1470,-1,1434,1470,1431,-1,1431,1470,1471,-1,1431,1471,1429,-1,1429,1471,1472,-1,1429,1472,1427,-1,1427,1472,1473,-1,1427,1473,1425,-1,1425,1473,1474,-1,1425,1474,1423,-1,1423,1474,1475,-1,1423,1475,1421,-1,1421,1475,1476,-1,1421,1476,1419,-1,1419,1476,1477,-1,1419,1477,1417,-1,1417,1477,1478,-1,1417,1478,1415,-1,1415,1478,1479,-1,1415,1479,1413,-1,1413,1479,1480,-1,1413,1480,1411,-1,1411,1480,1481,-1,1411,1481,1408,-1,1408,1481,1482,-1,1408,1482,1406,-1,1406,1482,1483,-1,1406,1483,1404,-1,1404,1483,1484,-1,1404,1484,1402,-1,1402,1484,1485,-1,1402,1485,1400,-1,1400,1485,1486,-1,1400,1486,1398,-1,1398,1486,1487,-1,1398,1487,1459,-1,1459,1487,1488,-1,1459,1488,1457,-1,1457,1488,1489,-1,1457,1489,1455,-1,1455,1489,1490,-1,1455,1490,1453,-1,1453,1490,1491,-1,1453,1491,1451,-1,1451,1491,1462,-1,1491,1492,1462,-1,1462,1492,1493,-1,1462,1493,1463,-1,1463,1493,1494,-1,1463,1494,1464,-1,1464,1494,1495,-1,1464,1495,1465,-1,1465,1495,1496,-1,1465,1496,1466,-1,1466,1496,1497,-1,1466,1497,1467,-1,1467,1497,1498,-1,1467,1498,1468,-1,1468,1498,1499,-1,1468,1499,1469,-1,1469,1499,1500,-1,1469,1500,1470,-1,1470,1500,1501,-1,1470,1501,1471,-1,1471,1501,1502,-1,1471,1502,1472,-1,1472,1502,1503,-1,1472,1503,1473,-1,1473,1503,1504,-1,1473,1504,1474,-1,1474,1504,1505,-1,1474,1505,1475,-1,1475,1505,1506,-1,1475,1506,1476,-1,1476,1506,1507,-1,1476,1507,1477,-1,1477,1507,1508,-1,1477,1508,1478,-1,1478,1508,1509,-1,1478,1509,1479,-1,1479,1509,1510,-1,1479,1510,1480,-1,1480,1510,1511,-1,1480,1511,1481,-1,1481,1511,1512,-1,1481,1512,1482,-1,1482,1512,1513,-1,1482,1513,1483,-1,1483,1513,1514,-1,1483,1514,1484,-1,1484,1514,1515,-1,1484,1515,1485,-1,1485,1515,1516,-1,1485,1516,1486,-1,1486,1516,1517,-1,1486,1517,1487,-1,1487,1517,1518,-1,1487,1518,1488,-1,1488,1518,1519,-1,1488,1519,1489,-1,1489,1519,1520,-1,1489,1520,1490,-1,1490,1520,1521,-1,1490,1521,1491,-1,1491,1521,1492,-1,1521,1522,1492,-1,1492,1522,1523,-1,1492,1523,1493,-1,1493,1523,1524,-1,1493,1524,1494,-1,1494,1524,1525,-1,1494,1525,1495,-1,1495,1525,1526,-1,1495,1526,1496,-1,1496,1526,1527,-1,1496,1527,1497,-1,1497,1527,1528,-1,1497,1528,1498,-1,1498,1528,1529,-1,1498,1529,1499,-1,1499,1529,1530,-1,1499,1530,1500,-1,1500,1530,1531,-1,1500,1531,1501,-1,1501,1531,1532,-1,1501,1532,1502,-1,1502,1532,1533,-1,1502,1533,1503,-1,1503,1533,1534,-1,1503,1534,1504,-1,1504,1534,1535,-1,1504,1535,1505,-1,1505,1535,1536,-1,1505,1536,1506,-1,1506,1536,1537,-1,1506,1537,1507,-1,1507,1537,1538,-1,1507,1538,1508,-1,1508,1538,1539,-1,1508,1539,1509,-1,1509,1539,1540,-1,1509,1540,1510,-1,1510,1540,1541,-1,1510,1541,1511,-1,1511,1541,1542,-1,1511,1542,1512,-1,1512,1542,1543,-1,1512,1543,1513,-1,1513,1543,1544,-1,1513,1544,1514,-1,1514,1544,1545,-1,1514,1545,1515,-1,1515,1545,1546,-1,1515,1546,1516,-1,1516,1546,1547,-1,1516,1547,1517,-1,1517,1547,1548,-1,1517,1548,1518,-1,1518,1548,1549,-1,1518,1549,1519,-1,1519,1549,1550,-1,1519,1550,1520,-1,1520,1550,1551,-1,1520,1551,1521,-1,1521,1551,1522,-1,1551,1552,1522,-1,1522,1552,1553,-1,1522,1553,1523,-1,1523,1553,1554,-1,1523,1554,1524,-1,1524,1554,1555,-1,1524,1555,1525,-1,1525,1555,1556,-1,1525,1556,1526,-1,1526,1556,1557,-1,1526,1557,1527,-1,1527,1557,1558,-1,1527,1558,1528,-1,1528,1558,1559,-1,1528,1559,1529,-1,1529,1559,1560,-1,1529,1560,1530,-1,1530,1560,1561,-1,1530,1561,1531,-1,1531,1561,1562,-1,1531,1562,1532,-1,1532,1562,1563,-1,1532,1563,1533,-1,1533,1563,1564,-1,1533,1564,1534,-1,1534,1564,1565,-1,1534,1565,1535,-1,1535,1565,1566,-1,1535,1566,1536,-1,1536,1566,1567,-1,1536,1567,1537,-1,1537,1567,1568,-1,1537,1568,1538,-1,1538,1568,1569,-1,1538,1569,1539,-1,1539,1569,1570,-1,1539,1570,1540,-1,1540,1570,1571,-1,1540,1571,1541,-1,1541,1571,1572,-1,1541,1572,1542,-1,1542,1572,1573,-1,1542,1573,1543,-1,1543,1573,1574,-1,1543,1574,1544,-1,1544,1574,1575,-1,1544,1575,1545,-1,1545,1575,1576,-1,1545,1576,1546,-1,1546,1576,1577,-1,1546,1577,1547,-1,1547,1577,1578,-1,1547,1578,1548,-1,1548,1578,1579,-1,1548,1579,1549,-1,1549,1579,1580,-1,1549,1580,1550,-1,1550,1580,1581,-1,1550,1581,1551,-1,1551,1581,1552,-1,1581,1582,1552,-1,1552,1582,1583,-1,1552,1583,1553,-1,1553,1583,1584,-1,1553,1584,1554,-1,1554,1584,1585,-1,1554,1585,1555,-1,1555,1585,1586,-1,1555,1586,1556,-1,1556,1586,1587,-1,1556,1587,1557,-1,1557,1587,1588,-1,1557,1588,1558,-1,1558,1588,1589,-1,1558,1589,1559,-1,1559,1589,1590,-1,1559,1590,1560,-1,1560,1590,1591,-1,1560,1591,1561,-1,1561,1591,1592,-1,1561,1592,1562,-1,1562,1592,1593,-1,1562,1593,1563,-1,1563,1593,1594,-1,1563,1594,1564,-1,1564,1594,1595,-1,1564,1595,1565,-1,1565,1595,1596,-1,1565,1596,1566,-1,1566,1596,1597,-1,1566,1597,1567,-1,1567,1597,1598,-1,1567,1598,1568,-1,1568,1598,1599,-1,1568,1599,1569,-1,1569,1599,1600,-1,1569,1600,1570,-1,1570,1600,1601,-1,1570,1601,1571,-1,1571,1601,1602,-1,1571,1602,1572,-1,1572,1602,1603,-1,1572,1603,1573,-1,1573,1603,1604,-1,1573,1604,1574,-1,1574,1604,1605,-1,1574,1605,1575,-1,1575,1605,1606,-1,1575,1606,1576,-1,1576,1606,1607,-1,1576,1607,1577,-1,1577,1607,1608,-1,1577,1608,1578,-1,1578,1608,1609,-1,1578,1609,1579,-1,1579,1609,1610,-1,1579,1610,1580,-1,1580,1610,1611,-1,1580,1611,1581,-1,1581,1611,1582,-1,1611,1612,1582,-1,1582,1612,1613,-1,1582,1613,1583,-1,1583,1613,1614,-1,1583,1614,1584,-1,1584,1614,1615,-1,1584,1615,1585,-1,1585,1615,1616,-1,1585,1616,1586,-1,1586,1616,1617,-1,1586,1617,1587,-1,1587,1617,1618,-1,1587,1618,1588,-1,1588,1618,1619,-1,1588,1619,1589,-1,1589,1619,1620,-1,1589,1620,1590,-1,1590,1620,1621,-1,1590,1621,1591,-1,1591,1621,1622,-1,1591,1622,1592,-1,1592,1622,1623,-1,1592,1623,1593,-1,1593,1623,1624,-1,1593,1624,1594,-1,1594,1624,1625,-1,1594,1625,1595,-1,1595,1625,1626,-1,1595,1626,1596,-1,1596,1626,1627,-1,1596,1627,1597,-1,1597,1627,1628,-1,1597,1628,1598,-1,1598,1628,1629,-1,1598,1629,1599,-1,1599,1629,1630,-1,1599,1630,1600,-1,1600,1630,1631,-1,1600,1631,1601,-1,1601,1631,1632,-1,1601,1632,1602,-1,1602,1632,1633,-1,1602,1633,1603,-1,1603,1633,1634,-1,1603,1634,1604,-1,1604,1634,1635,-1,1604,1635,1605,-1,1605,1635,1636,-1,1605,1636,1606,-1,1606,1636,1637,-1,1606,1637,1607,-1,1607,1637,1638,-1,1607,1638,1608,-1,1608,1638,1639,-1,1608,1639,1609,-1,1609,1639,1640,-1,1609,1640,1610,-1,1610,1640,1641,-1,1610,1641,1611,-1,1611,1641,1612,-1,1641,1368,1612,-1,1612,1368,1367,-1,1612,1367,1613,-1,1613,1367,1370,-1,1613,1370,1614,-1,1614,1370,1371,-1,1614,1371,1615,-1,1615,1371,1372,-1,1615,1372,1616,-1,1616,1372,1373,-1,1616,1373,1617,-1,1617,1373,1374,-1,1617,1374,1618,-1,1618,1374,1375,-1,1618,1375,1619,-1,1619,1375,1376,-1,1619,1376,1620,-1,1620,1376,1377,-1,1620,1377,1621,-1,1621,1377,1378,-1,1621,1378,1622,-1,1622,1378,1379,-1,1622,1379,1623,-1,1623,1379,1380,-1,1623,1380,1624,-1,1624,1380,1381,-1,1624,1381,1625,-1,1625,1381,1382,-1,1625,1382,1626,-1,1626,1382,1383,-1,1626,1383,1627,-1,1627,1383,1384,-1,1627,1384,1628,-1,1628,1384,1385,-1,1628,1385,1629,-1,1629,1385,1386,-1,1629,1386,1630,-1,1630,1386,1387,-1,1630,1387,1631,-1,1631,1387,1388,-1,1631,1388,1632,-1,1632,1388,1389,-1,1632,1389,1633,-1,1633,1389,1390,-1,1633,1390,1634,-1,1634,1390,1391,-1,1634,1391,1635,-1,1635,1391,1392,-1,1635,1392,1636,-1,1636,1392,1393,-1,1636,1393,1637,-1,1637,1393,1394,-1,1637,1394,1638,-1,1638,1394,1395,-1,1638,1395,1639,-1,1639,1395,1396,-1,1639,1396,1640,-1,1640,1396,1397,-1,1640,1397,1641,-1,1641,1397,1368,-1,1642,1643,1644,-1,1642,1644,1645,-1,1646,1645,1644,-1,1647,1646,1644,-1,1648,1647,1644,-1,1649,1648,1644,-1,1650,1649,1644,-1,1651,1650,1644,-1,1652,1651,1644,-1,1653,1652,1644,-1,1654,1653,1644,-1,1655,1654,1644,-1,1656,1655,1644,-1,1657,1656,1644,-1,1658,1657,1644,-1,1659,1658,1644,-1,1660,1659,1644,-1,1661,1660,1644,-1,1662,1661,1644,-1,1663,1662,1644,-1,1664,1663,1644,-1,1665,1664,1644,-1,1666,1665,1644,-1,1667,1666,1644,-1,1668,1667,1644,-1,1669,1668,1644,-1,1670,1669,1644,-1,1671,1670,1644,-1,1672,1671,1644,-1,1643,1672,1644,-1,1673,1674,1675,-1,1675,1674,1676,-1,1675,1676,1677,-1,1677,1676,1678,-1,1677,1678,1679,-1,1679,1678,1680,-1,1679,1680,1681,-1,1681,1680,1682,-1,1681,1682,1683,-1,1683,1682,1684,-1,1683,1684,1685,-1,1685,1684,1686,-1,1685,1686,1687,-1,1687,1686,1688,-1,1687,1688,1689,-1,1689,1688,1690,-1,1689,1690,1691,-1,1691,1690,1692,-1,1691,1692,1693,-1,1693,1692,1694,-1,1693,1694,1695,-1,1695,1694,1696,-1,1695,1696,1697,-1,1697,1696,1698,-1,1697,1698,1699,-1,1699,1698,1700,-1,1699,1700,1701,-1,1701,1700,1702,-1,1701,1702,1703,-1,1703,1702,1704,-1,1703,1704,1705,-1,1705,1704,1706,-1,1705,1706,1707,-1,1707,1706,1708,-1,1707,1708,1709,-1,1709,1708,1710,-1,1709,1710,1711,-1,1711,1710,1712,-1,1711,1712,1713,-1,1713,1712,1714,-1,1713,1714,1715,-1,1715,1714,1716,-1,1715,1716,1717,-1,1717,1716,1718,-1,1717,1718,1719,-1,1719,1718,1720,-1,1719,1720,1721,-1,1721,1720,1722,-1,1721,1722,1723,-1,1723,1722,1724,-1,1723,1724,1725,-1,1725,1724,1726,-1,1725,1726,1727,-1,1727,1726,1728,-1,1727,1728,1729,-1,1729,1728,1730,-1,1729,1730,1731,-1,1731,1730,1732,-1,1731,1732,1673,-1,1673,1732,1674,-1,1732,1733,1674,-1,1674,1733,1734,-1,1674,1734,1676,-1,1676,1734,1735,-1,1676,1735,1678,-1,1678,1735,1736,-1,1678,1736,1680,-1,1680,1736,1737,-1,1680,1737,1682,-1,1682,1737,1738,-1,1682,1738,1684,-1,1684,1738,1739,-1,1684,1739,1686,-1,1686,1739,1740,-1,1686,1740,1688,-1,1688,1740,1741,-1,1688,1741,1690,-1,1690,1741,1742,-1,1690,1742,1692,-1,1692,1742,1743,-1,1692,1743,1694,-1,1694,1743,1744,-1,1694,1744,1696,-1,1696,1744,1745,-1,1696,1745,1698,-1,1698,1745,1746,-1,1698,1746,1700,-1,1700,1746,1747,-1,1700,1747,1702,-1,1702,1747,1748,-1,1702,1748,1704,-1,1704,1748,1749,-1,1704,1749,1706,-1,1706,1749,1750,-1,1706,1750,1708,-1,1708,1750,1751,-1,1708,1751,1710,-1,1710,1751,1752,-1,1710,1752,1712,-1,1712,1752,1753,-1,1712,1753,1714,-1,1714,1753,1754,-1,1714,1754,1716,-1,1716,1754,1755,-1,1716,1755,1718,-1,1718,1755,1756,-1,1718,1756,1720,-1,1720,1756,1757,-1,1720,1757,1722,-1,1722,1757,1758,-1,1722,1758,1724,-1,1724,1758,1759,-1,1724,1759,1726,-1,1726,1759,1760,-1,1726,1760,1728,-1,1728,1760,1761,-1,1728,1761,1730,-1,1730,1761,1762,-1,1730,1762,1732,-1,1732,1762,1733,-1,1762,1763,1733,-1,1733,1763,1764,-1,1733,1764,1734,-1,1734,1764,1765,-1,1734,1765,1735,-1,1735,1765,1766,-1,1735,1766,1736,-1,1736,1766,1767,-1,1736,1767,1737,-1,1737,1767,1768,-1,1737,1768,1738,-1,1738,1768,1769,-1,1738,1769,1739,-1,1739,1769,1770,-1,1739,1770,1740,-1,1740,1770,1771,-1,1740,1771,1741,-1,1741,1771,1772,-1,1741,1772,1742,-1,1742,1772,1773,-1,1742,1773,1743,-1,1743,1773,1774,-1,1743,1774,1744,-1,1744,1774,1775,-1,1744,1775,1745,-1,1745,1775,1776,-1,1745,1776,1746,-1,1746,1776,1777,-1,1746,1777,1747,-1,1747,1777,1778,-1,1747,1778,1748,-1,1748,1778,1779,-1,1748,1779,1749,-1,1749,1779,1780,-1,1749,1780,1750,-1,1750,1780,1781,-1,1750,1781,1751,-1,1751,1781,1782,-1,1751,1782,1752,-1,1752,1782,1783,-1,1752,1783,1753,-1,1753,1783,1784,-1,1753,1784,1754,-1,1754,1784,1785,-1,1754,1785,1755,-1,1755,1785,1786,-1,1755,1786,1756,-1,1756,1786,1787,-1,1756,1787,1757,-1,1757,1787,1788,-1,1757,1788,1758,-1,1758,1788,1789,-1,1758,1789,1759,-1,1759,1789,1790,-1,1759,1790,1760,-1,1760,1790,1791,-1,1760,1791,1761,-1,1761,1791,1792,-1,1761,1792,1762,-1,1762,1792,1763,-1,1792,1793,1763,-1,1763,1793,1794,-1,1763,1794,1764,-1,1764,1794,1795,-1,1764,1795,1765,-1,1765,1795,1796,-1,1765,1796,1766,-1,1766,1796,1797,-1,1766,1797,1767,-1,1767,1797,1798,-1,1767,1798,1768,-1,1768,1798,1799,-1,1768,1799,1769,-1,1769,1799,1800,-1,1769,1800,1770,-1,1770,1800,1801,-1,1770,1801,1771,-1,1771,1801,1802,-1,1771,1802,1772,-1,1772,1802,1803,-1,1772,1803,1773,-1,1773,1803,1804,-1,1773,1804,1774,-1,1774,1804,1805,-1,1774,1805,1775,-1,1775,1805,1806,-1,1775,1806,1776,-1,1776,1806,1807,-1,1776,1807,1777,-1,1777,1807,1808,-1,1777,1808,1778,-1,1778,1808,1809,-1,1778,1809,1779,-1,1779,1809,1810,-1,1779,1810,1780,-1,1780,1810,1811,-1,1780,1811,1781,-1,1781,1811,1812,-1,1781,1812,1782,-1,1782,1812,1813,-1,1782,1813,1783,-1,1783,1813,1814,-1,1783,1814,1784,-1,1784,1814,1815,-1,1784,1815,1785,-1,1785,1815,1816,-1,1785,1816,1786,-1,1786,1816,1817,-1,1786,1817,1787,-1,1787,1817,1818,-1,1787,1818,1788,-1,1788,1818,1819,-1,1788,1819,1789,-1,1789,1819,1820,-1,1789,1820,1790,-1,1790,1820,1821,-1,1790,1821,1791,-1,1791,1821,1822,-1,1791,1822,1792,-1,1792,1822,1793,-1,1822,1823,1793,-1,1793,1823,1824,-1,1793,1824,1794,-1,1794,1824,1825,-1,1794,1825,1795,-1,1795,1825,1826,-1,1795,1826,1796,-1,1796,1826,1827,-1,1796,1827,1797,-1,1797,1827,1828,-1,1797,1828,1798,-1,1798,1828,1829,-1,1798,1829,1799,-1,1799,1829,1830,-1,1799,1830,1800,-1,1800,1830,1831,-1,1800,1831,1801,-1,1801,1831,1832,-1,1801,1832,1802,-1,1802,1832,1833,-1,1802,1833,1803,-1,1803,1833,1834,-1,1803,1834,1804,-1,1804,1834,1835,-1,1804,1835,1805,-1,1805,1835,1836,-1,1805,1836,1806,-1,1806,1836,1837,-1,1806,1837,1807,-1,1807,1837,1838,-1,1807,1838,1808,-1,1808,1838,1839,-1,1808,1839,1809,-1,1809,1839,1840,-1,1809,1840,1810,-1,1810,1840,1841,-1,1810,1841,1811,-1,1811,1841,1842,-1,1811,1842,1812,-1,1812,1842,1843,-1,1812,1843,1813,-1,1813,1843,1844,-1,1813,1844,1814,-1,1814,1844,1845,-1,1814,1845,1815,-1,1815,1845,1846,-1,1815,1846,1816,-1,1816,1846,1847,-1,1816,1847,1817,-1,1817,1847,1848,-1,1817,1848,1818,-1,1818,1848,1849,-1,1818,1849,1819,-1,1819,1849,1850,-1,1819,1850,1820,-1,1820,1850,1851,-1,1820,1851,1821,-1,1821,1851,1852,-1,1821,1852,1822,-1,1822,1852,1823,-1,1852,1853,1823,-1,1823,1853,1854,-1,1823,1854,1824,-1,1824,1854,1855,-1,1824,1855,1825,-1,1825,1855,1856,-1,1825,1856,1826,-1,1826,1856,1857,-1,1826,1857,1827,-1,1827,1857,1858,-1,1827,1858,1828,-1,1828,1858,1859,-1,1828,1859,1829,-1,1829,1859,1860,-1,1829,1860,1830,-1,1830,1860,1861,-1,1830,1861,1831,-1,1831,1861,1862,-1,1831,1862,1832,-1,1832,1862,1863,-1,1832,1863,1833,-1,1833,1863,1864,-1,1833,1864,1834,-1,1834,1864,1865,-1,1834,1865,1835,-1,1835,1865,1866,-1,1835,1866,1836,-1,1836,1866,1867,-1,1836,1867,1837,-1,1837,1867,1868,-1,1837,1868,1838,-1,1838,1868,1869,-1,1838,1869,1839,-1,1839,1869,1870,-1,1839,1870,1840,-1,1840,1870,1871,-1,1840,1871,1841,-1,1841,1871,1872,-1,1841,1872,1842,-1,1842,1872,1873,-1,1842,1873,1843,-1,1843,1873,1874,-1,1843,1874,1844,-1,1844,1874,1875,-1,1844,1875,1845,-1,1845,1875,1876,-1,1845,1876,1846,-1,1846,1876,1877,-1,1846,1877,1847,-1,1847,1877,1878,-1,1847,1878,1848,-1,1848,1878,1879,-1,1848,1879,1849,-1,1849,1879,1880,-1,1849,1880,1850,-1,1850,1880,1881,-1,1850,1881,1851,-1,1851,1881,1882,-1,1851,1882,1852,-1,1852,1882,1853,-1,1882,1883,1853,-1,1853,1883,1884,-1,1853,1884,1854,-1,1854,1884,1885,-1,1854,1885,1855,-1,1855,1885,1886,-1,1855,1886,1856,-1,1856,1886,1887,-1,1856,1887,1857,-1,1857,1887,1888,-1,1857,1888,1858,-1,1858,1888,1889,-1,1858,1889,1859,-1,1859,1889,1890,-1,1859,1890,1860,-1,1860,1890,1891,-1,1860,1891,1861,-1,1861,1891,1892,-1,1861,1892,1862,-1,1862,1892,1893,-1,1862,1893,1863,-1,1863,1893,1894,-1,1863,1894,1864,-1,1864,1894,1895,-1,1864,1895,1865,-1,1865,1895,1896,-1,1865,1896,1866,-1,1866,1896,1897,-1,1866,1897,1867,-1,1867,1897,1898,-1,1867,1898,1868,-1,1868,1898,1899,-1,1868,1899,1869,-1,1869,1899,1900,-1,1869,1900,1870,-1,1870,1900,1901,-1,1870,1901,1871,-1,1871,1901,1902,-1,1871,1902,1872,-1,1872,1902,1903,-1,1872,1903,1873,-1,1873,1903,1904,-1,1873,1904,1874,-1,1874,1904,1905,-1,1874,1905,1875,-1,1875,1905,1906,-1,1875,1906,1876,-1,1876,1906,1907,-1,1876,1907,1877,-1,1877,1907,1908,-1,1877,1908,1878,-1,1878,1908,1909,-1,1878,1909,1879,-1,1879,1909,1910,-1,1879,1910,1880,-1,1880,1910,1911,-1,1880,1911,1881,-1,1881,1911,1912,-1,1881,1912,1882,-1,1882,1912,1883,-1,1912,1643,1883,-1,1883,1643,1642,-1,1883,1642,1884,-1,1884,1642,1645,-1,1884,1645,1885,-1,1885,1645,1646,-1,1885,1646,1886,-1,1886,1646,1647,-1,1886,1647,1887,-1,1887,1647,1648,-1,1887,1648,1888,-1,1888,1648,1649,-1,1888,1649,1889,-1,1889,1649,1650,-1,1889,1650,1890,-1,1890,1650,1651,-1,1890,1651,1891,-1,1891,1651,1652,-1,1891,1652,1892,-1,1892,1652,1653,-1,1892,1653,1893,-1,1893,1653,1654,-1,1893,1654,1894,-1,1894,1654,1655,-1,1894,1655,1895,-1,1895,1655,1656,-1,1895,1656,1896,-1,1896,1656,1657,-1,1896,1657,1897,-1,1897,1657,1658,-1,1897,1658,1898,-1,1898,1658,1659,-1,1898,1659,1899,-1,1899,1659,1660,-1,1899,1660,1900,-1,1900,1660,1661,-1,1900,1661,1901,-1,1901,1661,1662,-1,1901,1662,1902,-1,1902,1662,1663,-1,1902,1663,1903,-1,1903,1663,1664,-1,1903,1664,1904,-1,1904,1664,1665,-1,1904,1665,1905,-1,1905,1665,1666,-1,1905,1666,1906,-1,1906,1666,1667,-1,1906,1667,1907,-1,1907,1667,1668,-1,1907,1668,1908,-1,1908,1668,1669,-1,1908,1669,1909,-1,1909,1669,1670,-1,1909,1670,1910,-1,1910,1670,1671,-1,1910,1671,1911,-1,1911,1671,1672,-1,1911,1672,1912,-1,1912,1672,1643,-1,1913,1914,1915,-1,1913,1915,1916,-1,1917,1916,1915,-1,1918,1917,1915,-1,1919,1918,1915,-1,1920,1919,1915,-1,1921,1920,1915,-1,1922,1921,1915,-1,1923,1922,1915,-1,1924,1923,1915,-1,1925,1924,1915,-1,1926,1925,1915,-1,1927,1926,1915,-1,1928,1927,1915,-1,1929,1928,1915,-1,1930,1929,1915,-1,1931,1930,1915,-1,1932,1931,1915,-1,1933,1932,1915,-1,1934,1933,1915,-1,1935,1934,1915,-1,1936,1935,1915,-1,1937,1936,1915,-1,1938,1937,1915,-1,1939,1938,1915,-1,1940,1939,1915,-1,1941,1940,1915,-1,1942,1941,1915,-1,1943,1942,1915,-1,1914,1943,1915,-1,1944,1945,1946,-1,1946,1945,1947,-1,1946,1947,1948,-1,1948,1947,1949,-1,1948,1949,1950,-1,1950,1949,1951,-1,1950,1951,1952,-1,1952,1951,1953,-1,1952,1953,1954,-1,1954,1953,1955,-1,1954,1955,1956,-1,1956,1955,1957,-1,1956,1957,1958,-1,1958,1957,1959,-1,1958,1959,1960,-1,1960,1959,1961,-1,1960,1961,1962,-1,1962,1961,1963,-1,1962,1963,1964,-1,1964,1963,1965,-1,1964,1965,1966,-1,1966,1965,1967,-1,1966,1967,1968,-1,1968,1967,1969,-1,1968,1969,1970,-1,1970,1969,1971,-1,1970,1971,1972,-1,1972,1971,1973,-1,1972,1973,1974,-1,1974,1973,1975,-1,1974,1975,1976,-1,1976,1975,1977,-1,1976,1977,1978,-1,1978,1977,1979,-1,1978,1979,1980,-1,1980,1979,1981,-1,1980,1981,1982,-1,1982,1981,1983,-1,1982,1983,1984,-1,1984,1983,1985,-1,1984,1985,1986,-1,1986,1985,1987,-1,1986,1987,1988,-1,1988,1987,1989,-1,1988,1989,1990,-1,1990,1989,1991,-1,1990,1991,1992,-1,1992,1991,1993,-1,1992,1993,1994,-1,1994,1993,1995,-1,1994,1995,1996,-1,1996,1995,1997,-1,1996,1997,1998,-1,1998,1997,1999,-1,1998,1999,2000,-1,2000,1999,2001,-1,2000,2001,2002,-1,2002,2001,2003,-1,2002,2003,1944,-1,1944,2003,1945,-1,2003,2004,1945,-1,1945,2004,2005,-1,1945,2005,1947,-1,1947,2005,2006,-1,1947,2006,1949,-1,1949,2006,2007,-1,1949,2007,1951,-1,1951,2007,2008,-1,1951,2008,1953,-1,1953,2008,2009,-1,1953,2009,1955,-1,1955,2009,2010,-1,1955,2010,1957,-1,1957,2010,2011,-1,1957,2011,1959,-1,1959,2011,2012,-1,1959,2012,1961,-1,1961,2012,2013,-1,1961,2013,1963,-1,1963,2013,2014,-1,1963,2014,1965,-1,1965,2014,2015,-1,1965,2015,1967,-1,1967,2015,2016,-1,1967,2016,1969,-1,1969,2016,2017,-1,1969,2017,1971,-1,1971,2017,2018,-1,1971,2018,1973,-1,1973,2018,2019,-1,1973,2019,1975,-1,1975,2019,2020,-1,1975,2020,1977,-1,1977,2020,2021,-1,1977,2021,1979,-1,1979,2021,2022,-1,1979,2022,1981,-1,1981,2022,2023,-1,1981,2023,1983,-1,1983,2023,2024,-1,1983,2024,1985,-1,1985,2024,2025,-1,1985,2025,1987,-1,1987,2025,2026,-1,1987,2026,1989,-1,1989,2026,2027,-1,1989,2027,1991,-1,1991,2027,2028,-1,1991,2028,1993,-1,1993,2028,2029,-1,1993,2029,1995,-1,1995,2029,2030,-1,1995,2030,1997,-1,1997,2030,2031,-1,1997,2031,1999,-1,1999,2031,2032,-1,1999,2032,2001,-1,2001,2032,2033,-1,2001,2033,2003,-1,2003,2033,2004,-1,2033,2034,2004,-1,2004,2034,2035,-1,2004,2035,2005,-1,2005,2035,2036,-1,2005,2036,2006,-1,2006,2036,2037,-1,2006,2037,2007,-1,2007,2037,2038,-1,2007,2038,2008,-1,2008,2038,2039,-1,2008,2039,2009,-1,2009,2039,2040,-1,2009,2040,2010,-1,2010,2040,2041,-1,2010,2041,2011,-1,2011,2041,2042,-1,2011,2042,2012,-1,2012,2042,2043,-1,2012,2043,2013,-1,2013,2043,2044,-1,2013,2044,2014,-1,2014,2044,2045,-1,2014,2045,2015,-1,2015,2045,2046,-1,2015,2046,2016,-1,2016,2046,2047,-1,2016,2047,2017,-1,2017,2047,2048,-1,2017,2048,2018,-1,2018,2048,2049,-1,2018,2049,2019,-1,2019,2049,2050,-1,2019,2050,2020,-1,2020,2050,2051,-1,2020,2051,2021,-1,2021,2051,2052,-1,2021,2052,2022,-1,2022,2052,2053,-1,2022,2053,2023,-1,2023,2053,2054,-1,2023,2054,2024,-1,2024,2054,2055,-1,2024,2055,2025,-1,2025,2055,2056,-1,2025,2056,2026,-1,2026,2056,2057,-1,2026,2057,2027,-1,2027,2057,2058,-1,2027,2058,2028,-1,2028,2058,2059,-1,2028,2059,2029,-1,2029,2059,2060,-1,2029,2060,2030,-1,2030,2060,2061,-1,2030,2061,2031,-1,2031,2061,2062,-1,2031,2062,2032,-1,2032,2062,2063,-1,2032,2063,2033,-1,2033,2063,2034,-1,2063,2064,2034,-1,2034,2064,2065,-1,2034,2065,2035,-1,2035,2065,2066,-1,2035,2066,2036,-1,2036,2066,2067,-1,2036,2067,2037,-1,2037,2067,2068,-1,2037,2068,2038,-1,2038,2068,2069,-1,2038,2069,2039,-1,2039,2069,2070,-1,2039,2070,2040,-1,2040,2070,2071,-1,2040,2071,2041,-1,2041,2071,2072,-1,2041,2072,2042,-1,2042,2072,2073,-1,2042,2073,2043,-1,2043,2073,2074,-1,2043,2074,2044,-1,2044,2074,2075,-1,2044,2075,2045,-1,2045,2075,2076,-1,2045,2076,2046,-1,2046,2076,2077,-1,2046,2077,2047,-1,2047,2077,2078,-1,2047,2078,2048,-1,2048,2078,2079,-1,2048,2079,2049,-1,2049,2079,2080,-1,2049,2080,2050,-1,2050,2080,2081,-1,2050,2081,2051,-1,2051,2081,2082,-1,2051,2082,2052,-1,2052,2082,2083,-1,2052,2083,2053,-1,2053,2083,2084,-1,2053,2084,2054,-1,2054,2084,2085,-1,2054,2085,2055,-1,2055,2085,2086,-1,2055,2086,2056,-1,2056,2086,2087,-1,2056,2087,2057,-1,2057,2087,2088,-1,2057,2088,2058,-1,2058,2088,2089,-1,2058,2089,2059,-1,2059,2089,2090,-1,2059,2090,2060,-1,2060,2090,2091,-1,2060,2091,2061,-1,2061,2091,2092,-1,2061,2092,2062,-1,2062,2092,2093,-1,2062,2093,2063,-1,2063,2093,2064,-1,2093,2094,2064,-1,2064,2094,2095,-1,2064,2095,2065,-1,2065,2095,2096,-1,2065,2096,2066,-1,2066,2096,2097,-1,2066,2097,2067,-1,2067,2097,2098,-1,2067,2098,2068,-1,2068,2098,2099,-1,2068,2099,2069,-1,2069,2099,2100,-1,2069,2100,2070,-1,2070,2100,2101,-1,2070,2101,2071,-1,2071,2101,2102,-1,2071,2102,2072,-1,2072,2102,2103,-1,2072,2103,2073,-1,2073,2103,2104,-1,2073,2104,2074,-1,2074,2104,2105,-1,2074,2105,2075,-1,2075,2105,2106,-1,2075,2106,2076,-1,2076,2106,2107,-1,2076,2107,2077,-1,2077,2107,2108,-1,2077,2108,2078,-1,2078,2108,2109,-1,2078,2109,2079,-1,2079,2109,2110,-1,2079,2110,2080,-1,2080,2110,2111,-1,2080,2111,2081,-1,2081,2111,2112,-1,2081,2112,2082,-1,2082,2112,2113,-1,2082,2113,2083,-1,2083,2113,2114,-1,2083,2114,2084,-1,2084,2114,2115,-1,2084,2115,2085,-1,2085,2115,2116,-1,2085,2116,2086,-1,2086,2116,2117,-1,2086,2117,2087,-1,2087,2117,2118,-1,2087,2118,2088,-1,2088,2118,2119,-1,2088,2119,2089,-1,2089,2119,2120,-1,2089,2120,2090,-1,2090,2120,2121,-1,2090,2121,2091,-1,2091,2121,2122,-1,2091,2122,2092,-1,2092,2122,2123,-1,2092,2123,2093,-1,2093,2123,2094,-1,2123,2124,2094,-1,2094,2124,2125,-1,2094,2125,2095,-1,2095,2125,2126,-1,2095,2126,2096,-1,2096,2126,2127,-1,2096,2127,2097,-1,2097,2127,2128,-1,2097,2128,2098,-1,2098,2128,2129,-1,2098,2129,2099,-1,2099,2129,2130,-1,2099,2130,2100,-1,2100,2130,2131,-1,2100,2131,2101,-1,2101,2131,2132,-1,2101,2132,2102,-1,2102,2132,2133,-1,2102,2133,2103,-1,2103,2133,2134,-1,2103,2134,2104,-1,2104,2134,2135,-1,2104,2135,2105,-1,2105,2135,2136,-1,2105,2136,2106,-1,2106,2136,2137,-1,2106,2137,2107,-1,2107,2137,2138,-1,2107,2138,2108,-1,2108,2138,2139,-1,2108,2139,2109,-1,2109,2139,2140,-1,2109,2140,2110,-1,2110,2140,2141,-1,2110,2141,2111,-1,2111,2141,2142,-1,2111,2142,2112,-1,2112,2142,2143,-1,2112,2143,2113,-1,2113,2143,2144,-1,2113,2144,2114,-1,2114,2144,2145,-1,2114,2145,2115,-1,2115,2145,2146,-1,2115,2146,2116,-1,2116,2146,2147,-1,2116,2147,2117,-1,2117,2147,2148,-1,2117,2148,2118,-1,2118,2148,2149,-1,2118,2149,2119,-1,2119,2149,2150,-1,2119,2150,2120,-1,2120,2150,2151,-1,2120,2151,2121,-1,2121,2151,2152,-1,2121,2152,2122,-1,2122,2152,2153,-1,2122,2153,2123,-1,2123,2153,2124,-1,2153,2154,2124,-1,2124,2154,2155,-1,2124,2155,2125,-1,2125,2155,2156,-1,2125,2156,2126,-1,2126,2156,2157,-1,2126,2157,2127,-1,2127,2157,2158,-1,2127,2158,2128,-1,2128,2158,2159,-1,2128,2159,2129,-1,2129,2159,2160,-1,2129,2160,2130,-1,2130,2160,2161,-1,2130,2161,2131,-1,2131,2161,2162,-1,2131,2162,2132,-1,2132,2162,2163,-1,2132,2163,2133,-1,2133,2163,2164,-1,2133,2164,2134,-1,2134,2164,2165,-1,2134,2165,2135,-1,2135,2165,2166,-1,2135,2166,2136,-1,2136,2166,2167,-1,2136,2167,2137,-1,2137,2167,2168,-1,2137,2168,2138,-1,2138,2168,2169,-1,2138,2169,2139,-1,2139,2169,2170,-1,2139,2170,2140,-1,2140,2170,2171,-1,2140,2171,2141,-1,2141,2171,2172,-1,2141,2172,2142,-1,2142,2172,2173,-1,2142,2173,2143,-1,2143,2173,2174,-1,2143,2174,2144,-1,2144,2174,2175,-1,2144,2175,2145,-1,2145,2175,2176,-1,2145,2176,2146,-1,2146,2176,2177,-1,2146,2177,2147,-1,2147,2177,2178,-1,2147,2178,2148,-1,2148,2178,2179,-1,2148,2179,2149,-1,2149,2179,2180,-1,2149,2180,2150,-1,2150,2180,2181,-1,2150,2181,2151,-1,2151,2181,2182,-1,2151,2182,2152,-1,2152,2182,2183,-1,2152,2183,2153,-1,2153,2183,2154,-1,2183,1914,2154,-1,2154,1914,1913,-1,2154,1913,2155,-1,2155,1913,1916,-1,2155,1916,2156,-1,2156,1916,1917,-1,2156,1917,2157,-1,2157,1917,1918,-1,2157,1918,2158,-1,2158,1918,1919,-1,2158,1919,2159,-1,2159,1919,1920,-1,2159,1920,2160,-1,2160,1920,1921,-1,2160,1921,2161,-1,2161,1921,1922,-1,2161,1922,2162,-1,2162,1922,1923,-1,2162,1923,2163,-1,2163,1923,1924,-1,2163,1924,2164,-1,2164,1924,1925,-1,2164,1925,2165,-1,2165,1925,1926,-1,2165,1926,2166,-1,2166,1926,1927,-1,2166,1927,2167,-1,2167,1927,1928,-1,2167,1928,2168,-1,2168,1928,1929,-1,2168,1929,2169,-1,2169,1929,1930,-1,2169,1930,2170,-1,2170,1930,1931,-1,2170,1931,2171,-1,2171,1931,1932,-1,2171,1932,2172,-1,2172,1932,1933,-1,2172,1933,2173,-1,2173,1933,1934,-1,2173,1934,2174,-1,2174,1934,1935,-1,2174,1935,2175,-1,2175,1935,1936,-1,2175,1936,2176,-1,2176,1936,1937,-1,2176,1937,2177,-1,2177,1937,1938,-1,2177,1938,2178,-1,2178,1938,1939,-1,2178,1939,2179,-1,2179,1939,1940,-1,2179,1940,2180,-1,2180,1940,1941,-1,2180,1941,2181,-1,2181,1941,1942,-1,2181,1942,2182,-1,2182,1942,1943,-1,2182,1943,2183,-1,2183,1943,1914,-1,
        ]
    }
}
Shape{
    appearance Appearance {
        material  Material 	{
            diffuseColor 1.0 1.0 1.0
            specularColor 0.8784313725490196 0.8784313725490196 0.8784313725490196
            ambientIntensity 0.2
            transparency 0
            shininess 0.5
        }
    }
    geometry IndexedFaceSet {
        ccw TRUE
        solid FALSE
        coord DEF co Coordinate {
            point [
                -0.0667 0.0111 0.0039, -0.0821 -0.0283 0.0039, -0.0667 0.0111 0.0, -0.0821 -0.0283 0.0, -0.0763 -0.0283 0.0039, -0.0763 -0.0283 0.0, -0.0724 -0.0172 0.0039, -0.0724 -0.0172 0.0, -0.0561 -0.0172 0.0039, -0.0561 -0.0172 0.0, -0.0523 -0.0283 0.0039, -0.0523 -0.0283 0.0, -0.0466 -0.0283 0.0039, -0.0466 -0.0283 0.0, -0.0615 0.0111 0.0039, -0.0615 0.0111 0.0, -0.0574 -0.0129 0.0039, -0.0706 -0.0129 0.0039, -0.0633 0.0036 0.0039, -0.0637 0.0049 0.0039, -0.0639 0.0063 0.0039, -0.0641 0.0063 0.0039, -0.0643 0.0049 0.0039, -0.0647 0.0036 0.0039, -0.0574 -0.0129 0.0, -0.0706 -0.0129 0.0, -0.0633 0.0036 0.0, -0.0637 0.0049 0.0, -0.0639 0.0063 0.0, -0.0641 0.0063 0.0, -0.0643 0.0049 0.0, -0.0647 0.0036 0.0, -0.0227 -0.0283 0.0039, -0.012 -0.0283 0.0039, -0.0227 -0.0283 0.0, -0.012 -0.0283 0.0, -0.012 0.0111 0.0039, -0.012 0.0111 0.0, -0.0231 0.0111 0.0039, -0.0231 0.0111 0.0, -0.0261 0.0108 0.0, -0.0288 0.0105 0.0039, -0.0288 0.0105 0.0, -0.0334 0.0089 0.0039, -0.0334 0.0089 0.0, -0.0377 0.006 0.0039, -0.0377 0.006 0.0, -0.0377 0.006 0.0039, -0.0377 0.006 0.0, -0.0405 0.0029 0.0039, -0.0405 0.0029 0.0, -0.0423 -0.0005 0.0039, -0.0423 -0.0005 0.0, -0.0434 -0.0044 0.0039, -0.0434 -0.0044 0.0, -0.0437 -0.0081 0.0039, -0.0437 -0.0081 0.0, -0.0261 -0.028 0.0, -0.0276 -0.0278 0.0039, -0.0276 -0.0278 0.0, -0.0321 -0.0265 0.0, -0.0321 -0.0265 0.0039, -0.0362 -0.0241 0.0, -0.0362 -0.0241 0.0039, -0.0395 -0.021 0.0, -0.0395 -0.021 0.0039, -0.0417 -0.0175 0.0, -0.0417 -0.0175 0.0039, -0.0431 -0.0133 0.0, -0.0431 -0.0133 0.0039, -0.0358 0.0013 0.0039, -0.0339 0.0033 0.0039, -0.031 0.0052 0.0039, -0.0278 0.0063 0.0039, -0.0231 0.0068 0.0039, -0.0173 0.0068 0.0039, -0.0173 -0.0239 0.0039, -0.0229 -0.0239 0.0039, -0.027 -0.0235 0.0039, -0.0303 -0.0225 0.0039, -0.033 -0.0209 0.0039, -0.0352 -0.0187 0.0039, -0.0369 -0.016 0.0039, -0.038 -0.0123 0.0039, -0.0384 -0.0082 0.0039, -0.0381 -0.0043 0.0039, -0.0372 -0.0012 0.0039, -0.0231 0.0068 0.0, -0.0173 0.0068 0.0, -0.0278 0.0063 0.0, -0.031 0.0052 0.0, -0.0339 0.0033 0.0, -0.0358 0.0013 0.0, -0.0372 -0.0012 0.0, -0.0381 -0.0043 0.0, -0.0384 -0.0082 0.0, -0.038 -0.0123 0.0, -0.0369 -0.016 0.0, -0.0352 -0.0187 0.0, -0.033 -0.0209 0.0, -0.0303 -0.0225 0.0, -0.027 -0.0235 0.0, -0.0229 -0.0239 0.0, -0.0173 -0.0239 0.0, -0.0043 -0.0239 0.0039, -0.0043 -0.0283 0.0039, -0.0043 -0.0239 0.0, -0.0043 -0.0283 0.0, 0.0168 -0.0283 0.0039, 0.0168 -0.0283 0.0, 0.0168 0.0111 0.0039, 0.0168 0.0111 0.0, -0.0034 0.0111 0.0039, -0.0034 0.0111 0.0, -0.0034 0.0068 0.0039, -0.0034 0.0068 0.0, 0.0115 0.0068 0.0039, 0.0115 0.0068 0.0, 0.0115 -0.0062 0.0039, 0.0115 -0.0062 0.0, -0.0024 -0.0062 0.0039, -0.0024 -0.0062 0.0, -0.0024 -0.0105 0.0039, -0.0024 -0.0105 0.0, 0.0115 -0.0105 0.0039, 0.0115 -0.0105 0.0, 0.0115 -0.0239 0.0039, 0.0115 -0.0239 0.0, 0.0245 -0.0219 0.0039, 0.0245 -0.0262 0.0039, 0.0245 -0.0219 0.0, 0.0245 -0.0262 0.0, 0.0287 -0.0279 0.0039, 0.0353 -0.0287 0.0039, 0.0353 -0.0287 0.0, 0.0342 -0.0287 0.0, 0.0342 -0.0287 0.0039, 0.0327 -0.0285 0.0, 0.0287 -0.0279 0.0, 0.0538 -0.0093 0.0039, 0.0538 -0.0093 0.0, 0.0534 -0.0139 0.0, 0.0534 -0.0139 0.0039, 0.0522 -0.018 0.0, 0.0522 -0.018 0.0039, 0.0501 -0.0218 0.0, 0.0501 -0.0218 0.0039, 0.0472 -0.0249 0.0, 0.0472 -0.0249 0.0039, 0.044 -0.0269 0.0, 0.044 -0.0269 0.0039, 0.0402 -0.0282 0.0, 0.0402 -0.0282 0.0039, 0.0376 -0.0285 0.0, 0.0338 0.0116 0.0039, 0.0338 0.0116 0.0, 0.0377 0.0113 0.0, 0.0377 0.0113 0.0039, 0.0421 0.01 0.0, 0.0421 0.01 0.0039, 0.0458 0.0078 0.0, 0.0458 0.0078 0.0039, 0.0494 0.0044 0.0, 0.0494 0.0044 0.0039, 0.0517 0.0007 0.0, 0.0517 0.0007 0.0039, 0.0532 -0.0037 0.0, 0.0532 -0.0037 0.0039, 0.0245 0.01 0.0039, 0.0245 0.01 0.0, 0.029 0.0113 0.0, 0.029 0.0113 0.0039, 0.0245 0.0048 0.0039, 0.0245 0.0048 0.0, 0.0337 0.0073 0.0039, 0.0337 0.0073 0.0, 0.0289 0.0067 0.0, 0.0289 0.0067 0.0039, 0.0485 -0.009 0.0039, 0.0485 -0.009 0.0, 0.0483 -0.0059 0.0, 0.0483 -0.0059 0.0039, 0.0473 -0.0017 0.0, 0.0473 -0.0017 0.0039, 0.0456 0.0013 0.0, 0.0456 0.0013 0.0039, 0.0433 0.004 0.0, 0.0433 0.004 0.0039, 0.0405 0.0058 0.0, 0.0405 0.0058 0.0039, 0.0376 0.0068 0.0, 0.0376 0.0068 0.0039, 0.0346 -0.0244 0.0039, 0.0346 -0.0244 0.0, 0.0383 -0.024 0.0, 0.0383 -0.024 0.0039, 0.0411 -0.0229 0.0, 0.0411 -0.0229 0.0039, 0.0435 -0.0213 0.0, 0.0435 -0.0213 0.0039, 0.0454 -0.0194 0.0, 0.0454 -0.0194 0.0039, 0.047 -0.0166 0.0, 0.047 -0.0166 0.0039, 0.0481 -0.0132 0.0, 0.0481 -0.0132 0.0039, 0.0252 -0.0223 0.0, 0.0252 -0.0223 0.0039, 0.0294 -0.0238 0.0, 0.0294 -0.0238 0.0039, 0.0571 -0.0239 0.0039, 0.0571 -0.0283 0.0039, 0.0571 -0.0239 0.0, 0.0571 -0.0283 0.0, 0.0773 -0.0283 0.0039, 0.0773 -0.0283 0.0, 0.0773 0.0111 0.0039, 0.0773 0.0111 0.0, 0.072 0.0111 0.0039, 0.072 0.0111 0.0, 0.072 -0.0239 0.0039, 0.072 -0.0239 0.0, 0.072 -0.0239 0.0
            ]
        }
        coordIndex [
            0,1,2,-1,2,1,3,-1,1,4,3,-1,3,4,5,-1,4,6,5,-1,5,6,7,-1,6,8,7,-1,7,8,9,-1,8,10,9,-1,9,10,11,-1,10,12,11,-1,11,12,13,-1,12,14,13,-1,13,14,15,-1,14,0,15,-1,15,0,2,-1,16,8,17,-1,17,8,6,-1,18,14,16,-1,16,14,12,-1,16,12,8,-1,8,12,10,-1,18,19,14,-1,14,19,20,-1,14,20,0,-1,0,20,21,-1,0,21,22,-1,22,23,0,-1,0,23,17,-1,0,17,1,-1,1,17,6,-1,1,6,4,-1,16,17,24,-1,24,17,25,-1,18,16,26,-1,26,16,24,-1,18,26,27,-1,18,27,19,-1,19,27,28,-1,19,28,20,-1,21,20,29,-1,29,20,28,-1,21,29,30,-1,21,30,22,-1,22,30,31,-1,22,31,23,-1,17,23,25,-1,25,23,31,-1,32,33,34,-1,34,33,35,-1,33,36,35,-1,35,36,37,-1,36,38,37,-1,37,38,39,-1,39,38,40,-1,40,38,41,-1,40,41,42,-1,42,41,43,-1,42,43,44,-1,44,43,45,-1,44,45,46,-1,46,45,47,-1,46,47,48,-1,48,47,49,-1,48,49,50,-1,50,49,51,-1,50,51,52,-1,52,51,53,-1,52,53,54,-1,54,53,55,-1,54,55,56,-1,34,57,32,-1,32,57,58,-1,57,59,58,-1,58,59,60,-1,58,60,61,-1,61,60,62,-1,61,62,63,-1,63,62,64,-1,63,64,65,-1,65,64,66,-1,65,66,67,-1,67,66,68,-1,67,68,69,-1,69,68,56,-1,69,56,55,-1,51,49,70,-1,70,49,47,-1,70,47,71,-1,71,47,45,-1,71,45,72,-1,72,45,43,-1,72,43,73,-1,73,43,41,-1,73,41,74,-1,74,41,38,-1,74,38,75,-1,75,38,36,-1,75,36,76,-1,76,36,33,-1,76,33,77,-1,77,33,32,-1,77,32,78,-1,78,32,58,-1,78,58,79,-1,79,58,61,-1,79,61,80,-1,80,61,63,-1,80,63,81,-1,81,63,65,-1,81,65,82,-1,82,65,67,-1,82,67,83,-1,83,67,69,-1,83,69,84,-1,84,69,55,-1,84,55,85,-1,85,55,53,-1,85,53,86,-1,86,53,51,-1,86,51,70,-1,74,75,87,-1,87,75,88,-1,74,87,89,-1,74,89,73,-1,73,89,90,-1,73,90,72,-1,72,90,91,-1,72,91,71,-1,71,91,92,-1,71,92,70,-1,70,92,93,-1,70,93,86,-1,86,93,94,-1,86,94,85,-1,85,94,95,-1,85,95,84,-1,84,95,96,-1,84,96,83,-1,83,96,97,-1,83,97,82,-1,82,97,98,-1,82,98,81,-1,81,98,99,-1,81,99,80,-1,80,99,100,-1,80,100,79,-1,79,100,101,-1,79,101,78,-1,78,101,102,-1,78,102,77,-1,76,77,103,-1,103,77,102,-1,75,76,88,-1,88,76,103,-1,104,105,106,-1,106,105,107,-1,105,108,107,-1,107,108,109,-1,108,110,109,-1,109,110,111,-1,110,112,111,-1,111,112,113,-1,112,114,113,-1,113,114,115,-1,114,116,115,-1,115,116,117,-1,116,118,117,-1,117,118,119,-1,118,120,119,-1,119,120,121,-1,120,122,121,-1,121,122,123,-1,122,124,123,-1,123,124,125,-1,124,126,125,-1,125,126,127,-1,126,104,127,-1,127,104,106,-1,108,105,104,-1,104,126,108,-1,108,126,124,-1,108,124,110,-1,114,112,116,-1,116,112,110,-1,116,110,118,-1,118,110,124,-1,118,124,120,-1,120,124,122,-1,128,129,130,-1,130,129,131,-1,131,129,132,-1,133,134,135,-1,133,135,136,-1,136,135,137,-1,136,137,132,-1,132,137,138,-1,132,138,131,-1,139,140,141,-1,139,141,142,-1,142,141,143,-1,142,143,144,-1,144,143,145,-1,144,145,146,-1,146,145,147,-1,146,147,148,-1,148,147,149,-1,148,149,150,-1,150,149,151,-1,150,151,152,-1,152,151,133,-1,133,151,153,-1,133,153,134,-1,154,155,156,-1,154,156,157,-1,157,156,158,-1,157,158,159,-1,159,158,160,-1,159,160,161,-1,161,160,162,-1,161,162,163,-1,163,162,164,-1,163,164,165,-1,165,164,166,-1,165,166,167,-1,167,166,140,-1,167,140,139,-1,168,169,170,-1,168,170,171,-1,171,170,155,-1,171,155,154,-1,168,172,169,-1,169,172,173,-1,174,175,176,-1,174,176,177,-1,177,176,173,-1,177,173,172,-1,178,179,180,-1,178,180,181,-1,181,180,182,-1,181,182,183,-1,183,182,184,-1,183,184,185,-1,185,184,186,-1,185,186,187,-1,187,186,188,-1,187,188,189,-1,189,188,190,-1,189,190,191,-1,191,190,175,-1,191,175,174,-1,192,193,194,-1,192,194,195,-1,195,194,196,-1,195,196,197,-1,197,196,198,-1,197,198,199,-1,199,198,200,-1,199,200,201,-1,201,200,202,-1,201,202,203,-1,203,202,204,-1,203,204,205,-1,205,204,179,-1,205,179,178,-1,128,130,206,-1,128,206,207,-1,207,206,208,-1,207,208,209,-1,209,208,193,-1,209,193,192,-1,195,133,192,-1,192,133,136,-1,192,136,209,-1,209,136,132,-1,209,132,207,-1,207,132,129,-1,207,129,128,-1,172,168,177,-1,177,168,171,-1,177,171,174,-1,174,171,154,-1,174,154,191,-1,191,154,157,-1,191,157,189,-1,189,157,159,-1,189,159,187,-1,187,159,161,-1,187,161,185,-1,185,161,163,-1,185,163,183,-1,183,163,165,-1,183,165,181,-1,181,165,167,-1,181,167,178,-1,178,167,139,-1,178,139,205,-1,205,139,142,-1,205,142,203,-1,203,142,144,-1,203,144,201,-1,201,144,146,-1,201,146,199,-1,199,146,148,-1,199,148,197,-1,197,148,150,-1,197,150,195,-1,195,150,152,-1,195,152,133,-1,210,211,212,-1,212,211,213,-1,211,214,213,-1,213,214,215,-1,214,216,215,-1,215,216,217,-1,216,218,217,-1,217,218,219,-1,218,220,219,-1,219,220,221,-1,220,210,221,-1,221,210,212,-1,218,216,220,-1,220,216,214,-1,220,214,210,-1,210,214,211,-1,
        ]
    }
}
Shape{
    appearance Appearance {
        material  Material 	{
            diffuseColor 0.25098039215686274 0.25098039215686274 0.25098039215686274
            specularColor 0.12549019607843137 0.12549019607843137 0.12549019607843137
            ambientIntensity 0.2
            transparency 0
            shininess 0.5
        }
    }
    geometry IndexedFaceSet {
        ccw TRUE
        solid FALSE
        coord DEF co Coordinate {
            point [
                -0.0574 -0.0129 0.0, -0.0706 -0.0129 0.0, -0.0633 0.0036 0.0, -0.0647 0.0036 0.0, -0.0637 0.0049 0.0, -0.0643 0.0049 0.0, -0.0639 0.0063 0.0, -0.0641 0.0063 0.0, -0.0173 0.0068 0.0, -0.0173 -0.0239 0.0, -0.0231 0.0068 0.0, -0.0229 -0.0239 0.0, -0.027 -0.0235 0.0, -0.0384 -0.0082 0.0, -0.0381 -0.0043 0.0, -0.0372 -0.0012 0.0, -0.0278 0.0063 0.0, -0.0303 -0.0225 0.0, -0.033 -0.0209 0.0, -0.0352 -0.0187 0.0, -0.0369 -0.016 0.0, -0.038 -0.0123 0.0, -0.0358 0.0013 0.0, -0.0339 0.0033 0.0, -0.031 0.0052 0.0, -0.031 0.0052 0.0
            ]
        }
        coordIndex [
            0,1,2,-1,2,1,3,-1,2,3,4,-1,4,3,5,-1,4,5,6,-1,6,5,7,-1,8,9,10,-1,10,9,11,-1,10,11,12,-1,13,14,10,-1,10,14,15,-1,10,15,16,-1,12,17,10,-1,10,17,18,-1,10,18,19,-1,19,20,10,-1,10,20,21,-1,10,21,13,-1,22,23,15,-1,15,23,24,-1,15,24,16,-1,
        ]
    }
}