ISO-10303-21;
HEADER;
FILE_DESCRIPTION((''),'2;1');
FILE_NAME('5050700622','2019-05-10T',('gga'),(''),
'PRO/ENGINEER BY PARAMETRIC TECHNOLOGY CORPORATION, 2016010',
'PRO/ENGINEER BY PARAMETRIC TECHNOLOGY CORPORATION, 2016010','');
FILE_SCHEMA(('CONFIG_CONTROL_DESIGN'));
ENDSEC;
DATA;
#1=DIRECTION('',(0.E0,-1.E0,0.E0));
#2=VECTOR('',#1,1.8E-1);
#3=CARTESIAN_POINT('',(-1.18E0,1.8E-1,-4.9E-1));
#4=LINE('',#3,#2);
#5=DIRECTION('',(0.E0,0.E0,-1.E0));
#6=VECTOR('',#5,3.8E-1);
#7=CARTESIAN_POINT('',(-1.18E0,1.8E-1,-1.1E-1));
#8=LINE('',#7,#6);
#9=DIRECTION('',(0.E0,1.E0,0.E0));
#10=VECTOR('',#9,1.3E-1);
#11=CARTESIAN_POINT('',(-1.18E0,5.E-2,-1.1E-1));
#12=LINE('',#11,#10);
#13=DIRECTION('',(0.E0,0.E0,-1.E0));
#14=VECTOR('',#13,2.9E-1);
#15=CARTESIAN_POINT('',(-1.18E0,5.E-2,-1.1E-1));
#16=LINE('',#15,#14);
#17=DIRECTION('',(0.E0,1.E0,0.E0));
#18=VECTOR('',#17,5.E-2);
#19=CARTESIAN_POINT('',(-1.18E0,0.E0,-4.E-1));
#20=LINE('',#19,#18);
#21=DIRECTION('',(0.E0,0.E0,-1.E0));
#22=VECTOR('',#21,9.E-2);
#23=CARTESIAN_POINT('',(-1.18E0,0.E0,-4.E-1));
#24=LINE('',#23,#22);
#25=DIRECTION('',(0.E0,1.E0,0.E0));
#26=VECTOR('',#25,1.8E-1);
#27=CARTESIAN_POINT('',(-1.18E0,0.E0,4.9E-1));
#28=LINE('',#27,#26);
#29=DIRECTION('',(0.E0,0.E0,-1.E0));
#30=VECTOR('',#29,9.E-2);
#31=CARTESIAN_POINT('',(-1.18E0,0.E0,4.9E-1));
#32=LINE('',#31,#30);
#33=DIRECTION('',(0.E0,1.E0,0.E0));
#34=VECTOR('',#33,5.E-2);
#35=CARTESIAN_POINT('',(-1.18E0,0.E0,4.E-1));
#36=LINE('',#35,#34);
#37=DIRECTION('',(0.E0,0.E0,-1.E0));
#38=VECTOR('',#37,2.9E-1);
#39=CARTESIAN_POINT('',(-1.18E0,5.E-2,4.E-1));
#40=LINE('',#39,#38);
#41=DIRECTION('',(0.E0,1.E0,0.E0));
#42=VECTOR('',#41,1.3E-1);
#43=CARTESIAN_POINT('',(-1.18E0,5.E-2,1.1E-1));
#44=LINE('',#43,#42);
#45=DIRECTION('',(0.E0,0.E0,-1.E0));
#46=VECTOR('',#45,3.8E-1);
#47=CARTESIAN_POINT('',(-1.18E0,1.8E-1,4.9E-1));
#48=LINE('',#47,#46);
#49=CARTESIAN_POINT('',(1.13E0,0.E0,4.9E-1));
#50=DIRECTION('',(0.E0,-1.E0,0.E0));
#51=DIRECTION('',(1.E0,0.E0,0.E0));
#52=AXIS2_PLACEMENT_3D('',#49,#50,#51);
#54=DIRECTION('',(-1.E0,0.E0,0.E0));
#55=VECTOR('',#54,3.E-1);
#56=CARTESIAN_POINT('',(1.18E0,0.E0,4.E-1));
#57=LINE('',#56,#55);
#58=CARTESIAN_POINT('',(8.8E-1,0.E0,1.5E-1));
#59=DIRECTION('',(0.E0,-1.E0,0.E0));
#60=DIRECTION('',(0.E0,0.E0,1.E0));
#61=AXIS2_PLACEMENT_3D('',#58,#59,#60);
#63=DIRECTION('',(0.E0,0.E0,-1.E0));
#64=VECTOR('',#63,3.E-1);
#65=CARTESIAN_POINT('',(6.3E-1,0.E0,1.5E-1));
#66=LINE('',#65,#64);
#67=CARTESIAN_POINT('',(8.8E-1,0.E0,-1.5E-1));
#68=DIRECTION('',(0.E0,-1.E0,0.E0));
#69=DIRECTION('',(-1.E0,0.E0,0.E0));
#70=AXIS2_PLACEMENT_3D('',#67,#68,#69);
#72=DIRECTION('',(-1.E0,0.E0,0.E0));
#73=VECTOR('',#72,3.E-1);
#74=CARTESIAN_POINT('',(1.18E0,0.E0,-4.E-1));
#75=LINE('',#74,#73);
#76=CARTESIAN_POINT('',(1.13E0,0.E0,-4.9E-1));
#77=DIRECTION('',(0.E0,-1.E0,0.E0));
#78=DIRECTION('',(0.E0,0.E0,-1.E0));
#79=AXIS2_PLACEMENT_3D('',#76,#77,#78);
#81=DIRECTION('',(-1.E0,0.E0,0.E0));
#82=VECTOR('',#81,5.4E-1);
#83=CARTESIAN_POINT('',(1.13E0,0.E0,-5.4E-1));
#84=LINE('',#83,#82);
#85=DIRECTION('',(0.E0,0.E0,1.E0));
#86=VECTOR('',#85,9.E-2);
#87=CARTESIAN_POINT('',(5.9E-1,0.E0,-6.3E-1));
#88=LINE('',#87,#86);
#89=DIRECTION('',(0.E0,0.E0,-1.E0));
#90=VECTOR('',#89,9.E-2);
#91=CARTESIAN_POINT('',(-5.9E-1,0.E0,-5.4E-1));
#92=LINE('',#91,#90);
#93=DIRECTION('',(1.E0,0.E0,0.E0));
#94=VECTOR('',#93,5.4E-1);
#95=CARTESIAN_POINT('',(-1.13E0,0.E0,-5.4E-1));
#96=LINE('',#95,#94);
#97=CARTESIAN_POINT('',(-1.13E0,0.E0,-4.9E-1));
#98=DIRECTION('',(0.E0,-1.E0,0.E0));
#99=DIRECTION('',(-1.E0,0.E0,0.E0));
#100=AXIS2_PLACEMENT_3D('',#97,#98,#99);
#102=DIRECTION('',(1.E0,0.E0,0.E0));
#103=VECTOR('',#102,3.E-1);
#104=CARTESIAN_POINT('',(-1.18E0,0.E0,-4.E-1));
#105=LINE('',#104,#103);
#106=CARTESIAN_POINT('',(-8.8E-1,0.E0,-1.5E-1));
#107=DIRECTION('',(0.E0,-1.E0,0.E0));
#108=DIRECTION('',(0.E0,0.E0,-1.E0));
#109=AXIS2_PLACEMENT_3D('',#106,#107,#108);
#111=DIRECTION('',(0.E0,0.E0,1.E0));
#112=VECTOR('',#111,3.E-1);
#113=CARTESIAN_POINT('',(-6.3E-1,0.E0,-1.5E-1));
#114=LINE('',#113,#112);
#115=CARTESIAN_POINT('',(-8.8E-1,0.E0,1.5E-1));
#116=DIRECTION('',(0.E0,-1.E0,0.E0));
#117=DIRECTION('',(1.E0,0.E0,0.E0));
#118=AXIS2_PLACEMENT_3D('',#115,#116,#117);
#120=DIRECTION('',(1.E0,0.E0,0.E0));
#121=VECTOR('',#120,3.E-1);
#122=CARTESIAN_POINT('',(-1.18E0,0.E0,4.E-1));
#123=LINE('',#122,#121);
#124=CARTESIAN_POINT('',(-1.13E0,0.E0,4.9E-1));
#125=DIRECTION('',(0.E0,-1.E0,0.E0));
#126=DIRECTION('',(0.E0,0.E0,1.E0));
#127=AXIS2_PLACEMENT_3D('',#124,#125,#126);
#129=DIRECTION('',(1.E0,0.E0,0.E0));
#130=VECTOR('',#129,5.4E-1);
#131=CARTESIAN_POINT('',(-1.13E0,0.E0,5.4E-1));
#132=LINE('',#131,#130);
#133=DIRECTION('',(0.E0,0.E0,-1.E0));
#134=VECTOR('',#133,9.E-2);
#135=CARTESIAN_POINT('',(-5.9E-1,0.E0,6.3E-1));
#136=LINE('',#135,#134);
#137=DIRECTION('',(1.E0,0.E0,0.E0));
#138=VECTOR('',#137,1.9E-1);
#139=CARTESIAN_POINT('',(-5.9E-1,0.E0,6.3E-1));
#140=LINE('',#139,#138);
#141=DIRECTION('',(1.E0,0.E0,0.E0));
#142=VECTOR('',#141,1.E-1);
#143=CARTESIAN_POINT('',(-4.E-1,0.E0,7.8E-1));
#144=LINE('',#143,#142);
#145=DIRECTION('',(1.E0,0.E0,0.E0));
#146=VECTOR('',#145,2.5E-1);
#147=CARTESIAN_POINT('',(-3.E-1,0.E0,6.3E-1));
#148=LINE('',#147,#146);
#149=DIRECTION('',(1.E0,0.E0,0.E0));
#150=VECTOR('',#149,1.E-1);
#151=CARTESIAN_POINT('',(-5.E-2,0.E0,7.8E-1));
#152=LINE('',#151,#150);
#153=DIRECTION('',(1.E0,0.E0,0.E0));
#154=VECTOR('',#153,2.5E-1);
#155=CARTESIAN_POINT('',(5.E-2,0.E0,6.3E-1));
#156=LINE('',#155,#154);
#157=DIRECTION('',(1.E0,0.E0,0.E0));
#158=VECTOR('',#157,1.E-1);
#159=CARTESIAN_POINT('',(3.E-1,0.E0,7.8E-1));
#160=LINE('',#159,#158);
#161=DIRECTION('',(1.E0,0.E0,0.E0));
#162=VECTOR('',#161,1.9E-1);
#163=CARTESIAN_POINT('',(4.E-1,0.E0,6.3E-1));
#164=LINE('',#163,#162);
#165=DIRECTION('',(0.E0,0.E0,1.E0));
#166=VECTOR('',#165,9.E-2);
#167=CARTESIAN_POINT('',(5.9E-1,0.E0,5.4E-1));
#168=LINE('',#167,#166);
#169=DIRECTION('',(-1.E0,0.E0,0.E0));
#170=VECTOR('',#169,5.4E-1);
#171=CARTESIAN_POINT('',(1.13E0,0.E0,5.4E-1));
#172=LINE('',#171,#170);
#173=DIRECTION('',(-1.E0,0.E0,0.E0));
#174=VECTOR('',#173,4.4E-1);
#175=CARTESIAN_POINT('',(1.05E0,3.8E-1,5.4E-1));
#176=LINE('',#175,#174);
#177=DIRECTION('',(0.E0,1.E0,0.E0));
#178=VECTOR('',#177,2.E-1);
#179=CARTESIAN_POINT('',(1.05E0,1.8E-1,5.4E-1));
#180=LINE('',#179,#178);
#181=DIRECTION('',(0.E0,-1.E0,0.E0));
#182=VECTOR('',#181,1.8E-1);
#183=CARTESIAN_POINT('',(1.13E0,1.8E-1,5.4E-1));
#184=LINE('',#183,#182);
#185=DIRECTION('',(1.E0,0.E0,0.E0));
#186=VECTOR('',#185,2.E-2);
#187=CARTESIAN_POINT('',(5.9E-1,3.8E-1,5.4E-1));
#188=LINE('',#187,#186);
#189=DIRECTION('',(1.E0,0.E0,0.E0));
#190=VECTOR('',#189,4.4E-1);
#191=CARTESIAN_POINT('',(6.1E-1,3.8E-1,5.5E-1));
#192=LINE('',#191,#190);
#193=DIRECTION('',(4.440892098501E-14,0.E0,-1.E0));
#194=VECTOR('',#193,1.E-2);
#195=CARTESIAN_POINT('',(1.05E0,3.8E-1,5.5E-1));
#196=LINE('',#195,#194);
#197=DIRECTION('',(-2.220446049250E-14,0.E0,1.E0));
#198=VECTOR('',#197,1.E-2);
#199=CARTESIAN_POINT('',(6.1E-1,3.8E-1,5.4E-1));
#200=LINE('',#199,#198);
#201=DIRECTION('',(1.E0,0.E0,0.E0));
#202=VECTOR('',#201,4.4E-1);
#203=CARTESIAN_POINT('',(-1.05E0,3.8E-1,5.5E-1));
#204=LINE('',#203,#202);
#205=DIRECTION('',(-1.110223024625E-14,0.E0,-1.E0));
#206=VECTOR('',#205,1.E-2);
#207=CARTESIAN_POINT('',(-6.1E-1,3.8E-1,5.5E-1));
#208=LINE('',#207,#206);
#209=DIRECTION('',(4.440892098501E-14,0.E0,1.E0));
#210=VECTOR('',#209,1.E-2);
#211=CARTESIAN_POINT('',(-1.05E0,3.8E-1,5.4E-1));
#212=LINE('',#211,#210);
#213=DIRECTION('',(1.E0,0.E0,0.E0));
#214=VECTOR('',#213,4.4E-1);
#215=CARTESIAN_POINT('',(6.1E-1,3.8E-1,-5.5E-1));
#216=LINE('',#215,#214);
#217=DIRECTION('',(2.220446049250E-14,0.E0,1.E0));
#218=VECTOR('',#217,1.E-2);
#219=CARTESIAN_POINT('',(6.1E-1,3.8E-1,-5.5E-1));
#220=LINE('',#219,#218);
#221=DIRECTION('',(-4.440892098501E-14,0.E0,-1.E0));
#222=VECTOR('',#221,1.E-2);
#223=CARTESIAN_POINT('',(1.05E0,3.8E-1,-5.4E-1));
#224=LINE('',#223,#222);
#225=DIRECTION('',(1.E0,0.E0,0.E0));
#226=VECTOR('',#225,4.4E-1);
#227=CARTESIAN_POINT('',(-1.05E0,3.8E-1,-5.5E-1));
#228=LINE('',#227,#226);
#229=DIRECTION('',(-4.440892098501E-14,0.E0,1.E0));
#230=VECTOR('',#229,1.E-2);
#231=CARTESIAN_POINT('',(-1.05E0,3.8E-1,-5.5E-1));
#232=LINE('',#231,#230);
#233=DIRECTION('',(1.110223024625E-14,0.E0,-1.E0));
#234=VECTOR('',#233,1.E-2);
#235=CARTESIAN_POINT('',(-6.1E-1,3.8E-1,-5.4E-1));
#236=LINE('',#235,#234);
#237=DIRECTION('',(-1.E0,0.E0,0.E0));
#238=VECTOR('',#237,1.65E-1);
#239=CARTESIAN_POINT('',(-6.1E-1,3.8E-1,-4.3E-1));
#240=LINE('',#239,#238);
#241=DIRECTION('',(0.E0,0.E0,-1.E0));
#242=VECTOR('',#241,4.E-2);
#243=CARTESIAN_POINT('',(-6.1E-1,3.8E-1,-4.3E-1));
#244=LINE('',#243,#242);
#245=DIRECTION('',(1.E0,0.E0,0.E0));
#246=VECTOR('',#245,1.E-2);
#247=CARTESIAN_POINT('',(-8.15E-1,3.8E-1,-4.6E-1));
#248=LINE('',#247,#246);
#249=CARTESIAN_POINT('',(-8.05E-1,3.8E-1,-4.3E-1));
#250=DIRECTION('',(0.E0,-1.E0,0.E0));
#251=DIRECTION('',(0.E0,0.E0,-1.E0));
#252=AXIS2_PLACEMENT_3D('',#249,#250,#251);
#254=DIRECTION('',(-1.E0,0.E0,0.E0));
#255=VECTOR('',#254,1.65E-1);
#256=CARTESIAN_POINT('',(7.75E-1,3.8E-1,-4.3E-1));
#257=LINE('',#256,#255);
#258=CARTESIAN_POINT('',(8.05E-1,3.8E-1,-4.3E-1));
#259=DIRECTION('',(0.E0,-1.E0,0.E0));
#260=DIRECTION('',(-1.E0,0.E0,0.E0));
#261=AXIS2_PLACEMENT_3D('',#258,#259,#260);
#263=DIRECTION('',(1.E0,0.E0,0.E0));
#264=VECTOR('',#263,1.E-2);
#265=CARTESIAN_POINT('',(8.05E-1,3.8E-1,-4.6E-1));
#266=LINE('',#265,#264);
#267=DIRECTION('',(0.E0,0.E0,1.E0));
#268=VECTOR('',#267,4.E-2);
#269=CARTESIAN_POINT('',(6.1E-1,3.8E-1,-4.7E-1));
#270=LINE('',#269,#268);
#271=DIRECTION('',(1.E0,0.E0,0.E0));
#272=VECTOR('',#271,1.65E-1);
#273=CARTESIAN_POINT('',(6.1E-1,3.8E-1,4.3E-1));
#274=LINE('',#273,#272);
#275=DIRECTION('',(0.E0,0.E0,1.E0));
#276=VECTOR('',#275,4.E-2);
#277=CARTESIAN_POINT('',(6.1E-1,3.8E-1,4.3E-1));
#278=LINE('',#277,#276);
#279=DIRECTION('',(-1.E0,0.E0,0.E0));
#280=VECTOR('',#279,1.E-2);
#281=CARTESIAN_POINT('',(8.15E-1,3.8E-1,4.6E-1));
#282=LINE('',#281,#280);
#283=CARTESIAN_POINT('',(8.05E-1,3.8E-1,4.3E-1));
#284=DIRECTION('',(0.E0,-1.E0,0.E0));
#285=DIRECTION('',(0.E0,0.E0,1.E0));
#286=AXIS2_PLACEMENT_3D('',#283,#284,#285);
#288=DIRECTION('',(1.E0,0.E0,0.E0));
#289=VECTOR('',#288,1.65E-1);
#290=CARTESIAN_POINT('',(-7.75E-1,3.8E-1,4.3E-1));
#291=LINE('',#290,#289);
#292=CARTESIAN_POINT('',(-8.05E-1,3.8E-1,4.3E-1));
#293=DIRECTION('',(0.E0,-1.E0,0.E0));
#294=DIRECTION('',(1.E0,0.E0,0.E0));
#295=AXIS2_PLACEMENT_3D('',#292,#293,#294);
#297=DIRECTION('',(-1.E0,0.E0,0.E0));
#298=VECTOR('',#297,1.E-2);
#299=CARTESIAN_POINT('',(-8.05E-1,3.8E-1,4.6E-1));
#300=LINE('',#299,#298);
#301=DIRECTION('',(0.E0,0.E0,-1.E0));
#302=VECTOR('',#301,4.E-2);
#303=CARTESIAN_POINT('',(-6.1E-1,3.8E-1,4.7E-1));
#304=LINE('',#303,#302);
#305=DIRECTION('',(-1.E0,0.E0,0.E0));
#306=VECTOR('',#305,1.5E-1);
#307=CARTESIAN_POINT('',(-6.5E-1,7.E-2,5.5E-1));
#308=LINE('',#307,#306);
#309=DIRECTION('',(0.E0,1.E0,0.E0));
#310=VECTOR('',#309,1.5E-2);
#311=CARTESIAN_POINT('',(-6.5E-1,7.E-2,5.5E-1));
#312=LINE('',#311,#310);
#313=DIRECTION('',(7.071067811865E-1,7.071067811865E-1,0.E0));
#314=VECTOR('',#313,5.656854249492E-2);
#315=CARTESIAN_POINT('',(-6.5E-1,8.5E-2,5.5E-1));
#316=LINE('',#315,#314);
#317=DIRECTION('',(0.E0,1.E0,0.E0));
#318=VECTOR('',#317,2.55E-1);
#319=CARTESIAN_POINT('',(-6.1E-1,1.25E-1,5.5E-1));
#320=LINE('',#319,#318);
#321=DIRECTION('',(0.E0,-1.E0,0.E0));
#322=VECTOR('',#321,2.8E-1);
#323=CARTESIAN_POINT('',(-1.05E0,3.8E-1,5.5E-1));
#324=LINE('',#323,#322);
#325=DIRECTION('',(1.E0,0.E0,0.E0));
#326=VECTOR('',#325,2.2E-1);
#327=CARTESIAN_POINT('',(-1.05E0,1.E-1,5.5E-1));
#328=LINE('',#327,#326);
#329=CARTESIAN_POINT('',(-8.3E-1,7.E-2,5.5E-1));
#330=DIRECTION('',(0.E0,0.E0,-1.E0));
#331=DIRECTION('',(0.E0,1.E0,0.E0));
#332=AXIS2_PLACEMENT_3D('',#329,#330,#331);
#334=DIRECTION('',(-1.E0,0.E0,0.E0));
#335=VECTOR('',#334,1.5E-1);
#336=CARTESIAN_POINT('',(8.E-1,7.E-2,5.5E-1));
#337=LINE('',#336,#335);
#338=CARTESIAN_POINT('',(8.3E-1,7.E-2,5.5E-1));
#339=DIRECTION('',(0.E0,0.E0,-1.E0));
#340=DIRECTION('',(-1.E0,0.E0,0.E0));
#341=AXIS2_PLACEMENT_3D('',#338,#339,#340);
#343=DIRECTION('',(1.E0,0.E0,0.E0));
#344=VECTOR('',#343,2.2E-1);
#345=CARTESIAN_POINT('',(8.3E-1,1.E-1,5.5E-1));
#346=LINE('',#345,#344);
#347=DIRECTION('',(0.E0,1.E0,0.E0));
#348=VECTOR('',#347,2.8E-1);
#349=CARTESIAN_POINT('',(1.05E0,1.E-1,5.5E-1));
#350=LINE('',#349,#348);
#351=DIRECTION('',(0.E0,-1.E0,0.E0));
#352=VECTOR('',#351,2.55E-1);
#353=CARTESIAN_POINT('',(6.1E-1,3.8E-1,5.5E-1));
#354=LINE('',#353,#352);
#355=DIRECTION('',(7.071067811865E-1,-7.071067811865E-1,0.E0));
#356=VECTOR('',#355,5.656854249492E-2);
#357=CARTESIAN_POINT('',(6.1E-1,1.25E-1,5.5E-1));
#358=LINE('',#357,#356);
#359=DIRECTION('',(0.E0,-1.E0,0.E0));
#360=VECTOR('',#359,1.5E-2);
#361=CARTESIAN_POINT('',(6.5E-1,8.5E-2,5.5E-1));
#362=LINE('',#361,#360);
#363=CARTESIAN_POINT('',(-8.E-1,7.E-2,6.4E-1));
#364=DIRECTION('',(-1.E0,0.E0,0.E0));
#365=DIRECTION('',(0.E0,0.E0,-1.E0));
#366=AXIS2_PLACEMENT_3D('',#363,#364,#365);
#368=DIRECTION('',(0.E0,0.E0,-1.E0));
#369=VECTOR('',#368,6.E-2);
#370=CARTESIAN_POINT('',(-8.E-1,7.E-2,6.1E-1));
#371=LINE('',#370,#369);
#372=DIRECTION('',(0.E0,1.E0,0.E0));
#373=VECTOR('',#372,6.E-2);
#374=CARTESIAN_POINT('',(-8.E-1,-2.E-2,8.85E-1));
#375=LINE('',#374,#373);
#376=DIRECTION('',(0.E0,0.E0,-1.E0));
#377=VECTOR('',#376,2.45E-1);
#378=CARTESIAN_POINT('',(-8.E-1,-2.E-2,8.85E-1));
#379=LINE('',#378,#377);
#380=DIRECTION('',(0.E0,0.E0,-1.E0));
#381=VECTOR('',#380,6.E-2);
#382=CARTESIAN_POINT('',(-8.3E-1,1.E-1,6.1E-1));
#383=LINE('',#382,#381);
#384=DIRECTION('',(0.E0,0.E0,-1.E0));
#385=VECTOR('',#384,6.E-2);
#386=CARTESIAN_POINT('',(-1.05E0,1.E-1,6.1E-1));
#387=LINE('',#386,#385);
#388=DIRECTION('',(1.E0,0.E0,0.E0));
#389=VECTOR('',#388,4.4E-1);
#390=CARTESIAN_POINT('',(6.1E-1,3.5E-1,6.1E-1));
#391=LINE('',#390,#389);
#392=DIRECTION('',(1.E0,0.E0,0.E0));
#393=VECTOR('',#392,2.2E-1);
#394=CARTESIAN_POINT('',(8.3E-1,1.E-1,6.1E-1));
#395=LINE('',#394,#393);
#396=CARTESIAN_POINT('',(8.3E-1,7.E-2,6.1E-1));
#397=DIRECTION('',(0.E0,0.E0,-1.E0));
#398=DIRECTION('',(-1.E0,0.E0,0.E0));
#399=AXIS2_PLACEMENT_3D('',#396,#397,#398);
#401=DIRECTION('',(-1.E0,0.E0,0.E0));
#402=VECTOR('',#401,1.5E-1);
#403=CARTESIAN_POINT('',(8.E-1,7.E-2,6.1E-1));
#404=LINE('',#403,#402);
#405=DIRECTION('',(0.E0,-1.E0,0.E0));
#406=VECTOR('',#405,1.5E-2);
#407=CARTESIAN_POINT('',(6.5E-1,8.5E-2,6.1E-1));
#408=LINE('',#407,#406);
#409=DIRECTION('',(7.071067811865E-1,-7.071067811865E-1,0.E0));
#410=VECTOR('',#409,5.656854249492E-2);
#411=CARTESIAN_POINT('',(6.1E-1,1.25E-1,6.1E-1));
#412=LINE('',#411,#410);
#413=DIRECTION('',(1.E0,0.E0,0.E0));
#414=VECTOR('',#413,4.4E-1);
#415=CARTESIAN_POINT('',(-1.05E0,3.5E-1,6.1E-1));
#416=LINE('',#415,#414);
#417=DIRECTION('',(7.071067811865E-1,7.071067811865E-1,0.E0));
#418=VECTOR('',#417,5.656854249492E-2);
#419=CARTESIAN_POINT('',(-6.5E-1,8.5E-2,6.1E-1));
#420=LINE('',#419,#418);
#421=DIRECTION('',(0.E0,1.E0,0.E0));
#422=VECTOR('',#421,1.5E-2);
#423=CARTESIAN_POINT('',(-6.5E-1,7.E-2,6.1E-1));
#424=LINE('',#423,#422);
#425=DIRECTION('',(-1.E0,0.E0,0.E0));
#426=VECTOR('',#425,1.5E-1);
#427=CARTESIAN_POINT('',(-6.5E-1,7.E-2,6.1E-1));
#428=LINE('',#427,#426);
#429=CARTESIAN_POINT('',(-8.3E-1,7.E-2,6.1E-1));
#430=DIRECTION('',(0.E0,0.E0,-1.E0));
#431=DIRECTION('',(0.E0,1.E0,0.E0));
#432=AXIS2_PLACEMENT_3D('',#429,#430,#431);
#434=DIRECTION('',(1.E0,0.E0,0.E0));
#435=VECTOR('',#434,2.2E-1);
#436=CARTESIAN_POINT('',(-1.05E0,1.E-1,6.1E-1));
#437=LINE('',#436,#435);
#438=CARTESIAN_POINT('',(1.05E0,3.5E-1,5.2E-1));
#439=DIRECTION('',(1.E0,0.E0,0.E0));
#440=DIRECTION('',(0.E0,1.E0,0.E0));
#441=AXIS2_PLACEMENT_3D('',#438,#439,#440);
#443=DIRECTION('',(0.E0,0.E0,-1.E0));
#444=VECTOR('',#443,6.E-2);
#445=CARTESIAN_POINT('',(1.05E0,1.E-1,6.1E-1));
#446=LINE('',#445,#444);
#447=DIRECTION('',(0.E0,1.E0,0.E0));
#448=VECTOR('',#447,2.5E-1);
#449=CARTESIAN_POINT('',(1.05E0,1.E-1,6.1E-1));
#450=LINE('',#449,#448);
#451=DIRECTION('',(0.E0,1.E0,0.E0));
#452=VECTOR('',#451,6.E-2);
#453=CARTESIAN_POINT('',(1.05E0,3.8E-1,5.2E-1));
#454=LINE('',#453,#452);
#455=DIRECTION('',(-1.E0,0.E0,0.E0));
#456=VECTOR('',#455,4.4E-1);
#457=CARTESIAN_POINT('',(1.05E0,4.4E-1,-5.2E-1));
#458=LINE('',#457,#456);
#459=CARTESIAN_POINT('',(1.08E0,4.4E-1,-5.2E-1));
#460=DIRECTION('',(0.E0,-1.E0,0.E0));
#461=DIRECTION('',(-1.480297366167E-14,0.E0,1.E0));
#462=AXIS2_PLACEMENT_3D('',#459,#460,#461);
#464=DIRECTION('',(0.E0,0.E0,-1.E0));
#465=VECTOR('',#464,9.8E-1);
#466=CARTESIAN_POINT('',(1.08E0,4.4E-1,4.9E-1));
#467=LINE('',#466,#465);
#468=CARTESIAN_POINT('',(1.08E0,4.4E-1,5.2E-1));
#469=DIRECTION('',(0.E0,-1.E0,0.E0));
#470=DIRECTION('',(-1.E0,0.E0,0.E0));
#471=AXIS2_PLACEMENT_3D('',#468,#469,#470);
#473=DIRECTION('',(1.E0,0.E0,0.E0));
#474=VECTOR('',#473,4.4E-1);
#475=CARTESIAN_POINT('',(6.1E-1,4.4E-1,5.2E-1));
#476=LINE('',#475,#474);
#477=DIRECTION('',(0.E0,0.E0,1.E0));
#478=VECTOR('',#477,6.7E-2);
#479=CARTESIAN_POINT('',(6.1E-1,4.4E-1,4.53E-1));
#480=LINE('',#479,#478);
#481=DIRECTION('',(-1.E0,0.E0,0.E0));
#482=VECTOR('',#481,1.757386397157E-1);
#483=CARTESIAN_POINT('',(7.857386397157E-1,4.4E-1,4.53E-1));
#484=LINE('',#483,#482);
#485=CARTESIAN_POINT('',(8.05E-1,4.4E-1,4.3E-1));
#486=DIRECTION('',(0.E0,-1.E0,0.E0));
#487=DIRECTION('',(0.E0,0.E0,1.E0));
#488=AXIS2_PLACEMENT_3D('',#485,#486,#487);
#490=DIRECTION('',(-1.E0,0.E0,0.E0));
#491=VECTOR('',#490,5.5E-2);
#492=CARTESIAN_POINT('',(8.6E-1,4.4E-1,4.6E-1));
#493=LINE('',#492,#491);
#494=CARTESIAN_POINT('',(8.6E-1,4.4E-1,4.3E-1));
#495=DIRECTION('',(0.E0,-1.E0,0.E0));
#496=DIRECTION('',(1.E0,0.E0,1.850371707709E-14));
#497=AXIS2_PLACEMENT_3D('',#494,#495,#496);
#499=DIRECTION('',(0.E0,0.E0,1.E0));
#500=VECTOR('',#499,8.6E-1);
#501=CARTESIAN_POINT('',(8.9E-1,4.4E-1,-4.3E-1));
#502=LINE('',#501,#500);
#503=CARTESIAN_POINT('',(8.6E-1,4.4E-1,-4.3E-1));
#504=DIRECTION('',(0.E0,-1.E0,0.E0));
#505=DIRECTION('',(0.E0,0.E0,-1.E0));
#506=AXIS2_PLACEMENT_3D('',#503,#504,#505);
#508=DIRECTION('',(1.E0,0.E0,0.E0));
#509=VECTOR('',#508,5.5E-2);
#510=CARTESIAN_POINT('',(8.05E-1,4.4E-1,-4.6E-1));
#511=LINE('',#510,#509);
#512=CARTESIAN_POINT('',(8.05E-1,4.4E-1,-4.3E-1));
#513=DIRECTION('',(0.E0,-1.E0,0.E0));
#514=DIRECTION('',(-6.420453428086E-1,0.E0,-7.666666666667E-1));
#515=AXIS2_PLACEMENT_3D('',#512,#513,#514);
#517=DIRECTION('',(1.E0,0.E0,0.E0));
#518=VECTOR('',#517,1.757386397157E-1);
#519=CARTESIAN_POINT('',(6.1E-1,4.4E-1,-4.53E-1));
#520=LINE('',#519,#518);
#521=DIRECTION('',(0.E0,0.E0,1.E0));
#522=VECTOR('',#521,6.7E-2);
#523=CARTESIAN_POINT('',(6.1E-1,4.4E-1,-5.2E-1));
#524=LINE('',#523,#522);
#525=DIRECTION('',(1.E0,0.E0,0.E0));
#526=VECTOR('',#525,4.4E-1);
#527=CARTESIAN_POINT('',(-1.05E0,4.4E-1,5.2E-1));
#528=LINE('',#527,#526);
#529=CARTESIAN_POINT('',(-1.08E0,4.4E-1,5.2E-1));
#530=DIRECTION('',(0.E0,-1.E0,0.E0));
#531=DIRECTION('',(1.480297366167E-14,0.E0,-1.E0));
#532=AXIS2_PLACEMENT_3D('',#529,#530,#531);
#534=DIRECTION('',(0.E0,0.E0,1.E0));
#535=VECTOR('',#534,9.8E-1);
#536=CARTESIAN_POINT('',(-1.08E0,4.4E-1,-4.9E-1));
#537=LINE('',#536,#535);
#538=CARTESIAN_POINT('',(-1.08E0,4.4E-1,-5.2E-1));
#539=DIRECTION('',(0.E0,-1.E0,0.E0));
#540=DIRECTION('',(1.E0,0.E0,0.E0));
#541=AXIS2_PLACEMENT_3D('',#538,#539,#540);
#543=DIRECTION('',(-1.E0,0.E0,0.E0));
#544=VECTOR('',#543,4.4E-1);
#545=CARTESIAN_POINT('',(-6.1E-1,4.4E-1,-5.2E-1));
#546=LINE('',#545,#544);
#547=DIRECTION('',(0.E0,0.E0,-1.E0));
#548=VECTOR('',#547,6.7E-2);
#549=CARTESIAN_POINT('',(-6.1E-1,4.4E-1,-4.53E-1));
#550=LINE('',#549,#548);
#551=DIRECTION('',(1.E0,0.E0,0.E0));
#552=VECTOR('',#551,1.757386397157E-1);
#553=CARTESIAN_POINT('',(-7.857386397157E-1,4.4E-1,-4.53E-1));
#554=LINE('',#553,#552);
#555=CARTESIAN_POINT('',(-8.05E-1,4.4E-1,-4.3E-1));
#556=DIRECTION('',(0.E0,-1.E0,0.E0));
#557=DIRECTION('',(0.E0,0.E0,-1.E0));
#558=AXIS2_PLACEMENT_3D('',#555,#556,#557);
#560=DIRECTION('',(1.E0,0.E0,0.E0));
#561=VECTOR('',#560,5.5E-2);
#562=CARTESIAN_POINT('',(-8.6E-1,4.4E-1,-4.6E-1));
#563=LINE('',#562,#561);
#564=CARTESIAN_POINT('',(-8.6E-1,4.4E-1,-4.3E-1));
#565=DIRECTION('',(0.E0,-1.E0,0.E0));
#566=DIRECTION('',(-1.E0,0.E0,5.366077952355E-14));
#567=AXIS2_PLACEMENT_3D('',#564,#565,#566);
#569=DIRECTION('',(0.E0,0.E0,-1.E0));
#570=VECTOR('',#569,8.6E-1);
#571=CARTESIAN_POINT('',(-8.9E-1,4.4E-1,4.3E-1));
#572=LINE('',#571,#570);
#573=CARTESIAN_POINT('',(-8.6E-1,4.4E-1,4.3E-1));
#574=DIRECTION('',(0.E0,-1.E0,0.E0));
#575=DIRECTION('',(0.E0,0.E0,1.E0));
#576=AXIS2_PLACEMENT_3D('',#573,#574,#575);
#578=DIRECTION('',(-1.E0,0.E0,0.E0));
#579=VECTOR('',#578,5.5E-2);
#580=CARTESIAN_POINT('',(-8.05E-1,4.4E-1,4.6E-1));
#581=LINE('',#580,#579);
#582=CARTESIAN_POINT('',(-8.05E-1,4.4E-1,4.3E-1));
#583=DIRECTION('',(0.E0,-1.E0,0.E0));
#584=DIRECTION('',(6.420453428086E-1,0.E0,7.666666666667E-1));
#585=AXIS2_PLACEMENT_3D('',#582,#583,#584);
#587=DIRECTION('',(-1.E0,0.E0,0.E0));
#588=VECTOR('',#587,1.757386397157E-1);
#589=CARTESIAN_POINT('',(-6.1E-1,4.4E-1,4.53E-1));
#590=LINE('',#589,#588);
#591=DIRECTION('',(0.E0,0.E0,-1.E0));
#592=VECTOR('',#591,6.7E-2);
#593=CARTESIAN_POINT('',(-6.1E-1,4.4E-1,5.2E-1));
#594=LINE('',#593,#592);
#595=CARTESIAN_POINT('',(6.1E-1,3.5E-1,-5.2E-1));
#596=DIRECTION('',(-1.E0,0.E0,0.E0));
#597=DIRECTION('',(0.E0,1.E0,0.E0));
#598=AXIS2_PLACEMENT_3D('',#595,#596,#597);
#600=CARTESIAN_POINT('',(6.1E-1,3.57E-1,-4.53E-1));
#601=DIRECTION('',(-1.E0,0.E0,0.E0));
#602=DIRECTION('',(0.E0,3.614457831325E-2,9.993465712447E-1));
#603=AXIS2_PLACEMENT_3D('',#600,#601,#602);
#605=DIRECTION('',(1.110223024625E-14,-1.E0,0.E0));
#606=VECTOR('',#605,2.E-2);
#607=CARTESIAN_POINT('',(6.1E-1,3.8E-1,-4.3E-1));
#608=LINE('',#607,#606);
#609=DIRECTION('',(0.E0,1.E0,0.E0));
#610=VECTOR('',#609,2.25E-1);
#611=CARTESIAN_POINT('',(6.1E-1,1.25E-1,-6.1E-1));
#612=LINE('',#611,#610);
#613=CARTESIAN_POINT('',(7.857386397157E-1,4.4E-1,-4.53E-1));
#614=CARTESIAN_POINT('',(7.834504326713E-1,4.4E-1,-4.510837399875E-1));
#615=CARTESIAN_POINT('',(7.794679337856E-1,4.398729558233E-1,
-4.466048481346E-1));
#616=CARTESIAN_POINT('',(7.757202452253E-1,4.388377520319E-1,
-4.382837697222E-1));
#617=CARTESIAN_POINT('',(7.75E-1,4.375325423835E-1,-4.327147260158E-1));
#618=CARTESIAN_POINT('',(7.75E-1,4.367496081495E-1,-4.3E-1));
#620=DIRECTION('',(0.E0,1.E0,0.E0));
#621=VECTOR('',#620,5.674960814951E-2);
#622=CARTESIAN_POINT('',(7.75E-1,3.8E-1,-4.3E-1));
#623=LINE('',#622,#621);
#624=DIRECTION('',(0.E0,1.E0,0.E0));
#625=VECTOR('',#624,6.E-2);
#626=CARTESIAN_POINT('',(8.05E-1,3.8E-1,-4.6E-1));
#627=LINE('',#626,#625);
#628=DIRECTION('',(0.E0,0.E0,1.E0));
#629=VECTOR('',#628,7.E-2);
#630=CARTESIAN_POINT('',(6.1E-1,3.8E-1,-5.4E-1));
#631=LINE('',#630,#629);
#632=DIRECTION('',(1.E0,0.E0,0.E0));
#633=VECTOR('',#632,2.E-2);
#634=CARTESIAN_POINT('',(5.9E-1,3.8E-1,-4.7E-1));
#635=LINE('',#634,#633);
#636=DIRECTION('',(0.E0,0.E0,-1.E0));
#637=VECTOR('',#636,7.E-2);
#638=CARTESIAN_POINT('',(5.9E-1,3.8E-1,-4.7E-1));
#639=LINE('',#638,#637);
#640=DIRECTION('',(1.E0,0.E0,0.E0));
#641=VECTOR('',#640,4.5E-2);
#642=CARTESIAN_POINT('',(8.15E-1,3.8E-1,-4.6E-1));
#643=LINE('',#642,#641);
#644=CARTESIAN_POINT('',(8.6E-1,3.8E-1,-4.3E-1));
#645=DIRECTION('',(0.E0,1.E0,0.E0));
#646=DIRECTION('',(1.E0,0.E0,0.E0));
#647=AXIS2_PLACEMENT_3D('',#644,#645,#646);
#649=DIRECTION('',(0.E0,0.E0,1.E0));
#650=VECTOR('',#649,8.6E-1);
#651=CARTESIAN_POINT('',(8.9E-1,3.8E-1,-4.3E-1));
#652=LINE('',#651,#650);
#653=CARTESIAN_POINT('',(8.6E-1,3.8E-1,4.3E-1));
#654=DIRECTION('',(0.E0,1.E0,0.E0));
#655=DIRECTION('',(-1.480297366167E-14,0.E0,1.E0));
#656=AXIS2_PLACEMENT_3D('',#653,#654,#655);
#658=DIRECTION('',(-1.E0,0.E0,0.E0));
#659=VECTOR('',#658,4.5E-2);
#660=CARTESIAN_POINT('',(8.6E-1,3.8E-1,4.6E-1));
#661=LINE('',#660,#659);
#662=DIRECTION('',(0.E0,0.E0,1.E0));
#663=VECTOR('',#662,1.094427191E-1);
#664=CARTESIAN_POINT('',(8.15E-1,3.8E-1,3.505572809E-1));
#665=LINE('',#664,#663);
#666=DIRECTION('',(0.E0,0.E0,1.E0));
#667=VECTOR('',#666,7.011145618E-1);
#668=CARTESIAN_POINT('',(8.6E-1,3.8E-1,-3.505572809E-1));
#669=LINE('',#668,#667);
#670=DIRECTION('',(0.E0,0.E0,1.E0));
#671=VECTOR('',#670,1.094427191E-1);
#672=CARTESIAN_POINT('',(8.15E-1,3.8E-1,-4.6E-1));
#673=LINE('',#672,#671);
#674=DIRECTION('',(0.E0,0.E0,-1.E0));
#675=VECTOR('',#674,7.E-2);
#676=CARTESIAN_POINT('',(6.1E-1,3.8E-1,5.4E-1));
#677=LINE('',#676,#675);
#678=DIRECTION('',(0.E0,0.E0,-1.E0));
#679=VECTOR('',#678,7.E-2);
#680=CARTESIAN_POINT('',(5.9E-1,3.8E-1,5.4E-1));
#681=LINE('',#680,#679);
#682=DIRECTION('',(-1.E0,0.E0,0.E0));
#683=VECTOR('',#682,2.E-2);
#684=CARTESIAN_POINT('',(6.1E-1,3.8E-1,4.7E-1));
#685=LINE('',#684,#683);
#686=DIRECTION('',(0.E0,0.E0,-1.E0));
#687=VECTOR('',#686,7.E-2);
#688=CARTESIAN_POINT('',(-6.1E-1,3.8E-1,5.4E-1));
#689=LINE('',#688,#687);
#690=DIRECTION('',(-1.E0,0.E0,0.E0));
#691=VECTOR('',#690,2.E-2);
#692=CARTESIAN_POINT('',(-5.9E-1,3.8E-1,4.7E-1));
#693=LINE('',#692,#691);
#694=DIRECTION('',(-1.E0,0.E0,0.E0));
#695=VECTOR('',#694,4.5E-2);
#696=CARTESIAN_POINT('',(-8.15E-1,3.8E-1,4.6E-1));
#697=LINE('',#696,#695);
#698=CARTESIAN_POINT('',(-8.6E-1,3.8E-1,4.3E-1));
#699=DIRECTION('',(0.E0,1.E0,0.E0));
#700=DIRECTION('',(-1.E0,0.E0,2.035408878479E-14));
#701=AXIS2_PLACEMENT_3D('',#698,#699,#700);
#703=DIRECTION('',(0.E0,0.E0,-1.E0));
#704=VECTOR('',#703,8.6E-1);
#705=CARTESIAN_POINT('',(-8.9E-1,3.8E-1,4.3E-1));
#706=LINE('',#705,#704);
#707=CARTESIAN_POINT('',(-8.6E-1,3.8E-1,-4.3E-1));
#708=DIRECTION('',(0.E0,1.E0,0.E0));
#709=DIRECTION('',(0.E0,0.E0,-1.E0));
#710=AXIS2_PLACEMENT_3D('',#707,#708,#709);
#712=DIRECTION('',(1.E0,0.E0,0.E0));
#713=VECTOR('',#712,4.5E-2);
#714=CARTESIAN_POINT('',(-8.6E-1,3.8E-1,-4.6E-1));
#715=LINE('',#714,#713);
#716=DIRECTION('',(0.E0,0.E0,-1.E0));
#717=VECTOR('',#716,1.094427191E-1);
#718=CARTESIAN_POINT('',(-8.15E-1,3.8E-1,-3.505572809E-1));
#719=LINE('',#718,#717);
#720=DIRECTION('',(0.E0,0.E0,-1.E0));
#721=VECTOR('',#720,7.011145618E-1);
#722=CARTESIAN_POINT('',(-8.6E-1,3.8E-1,3.505572809E-1));
#723=LINE('',#722,#721);
#724=DIRECTION('',(0.E0,0.E0,-1.E0));
#725=VECTOR('',#724,1.094427191E-1);
#726=CARTESIAN_POINT('',(-8.15E-1,3.8E-1,4.6E-1));
#727=LINE('',#726,#725);
#728=DIRECTION('',(0.E0,0.E0,1.E0));
#729=VECTOR('',#728,7.E-2);
#730=CARTESIAN_POINT('',(-6.1E-1,3.8E-1,-5.4E-1));
#731=LINE('',#730,#729);
#732=DIRECTION('',(1.E0,0.E0,0.E0));
#733=VECTOR('',#732,2.E-2);
#734=CARTESIAN_POINT('',(-6.1E-1,3.8E-1,-4.7E-1));
#735=LINE('',#734,#733);
#736=DIRECTION('',(-1.E0,0.E0,0.E0));
#737=VECTOR('',#736,2.E-2);
#738=CARTESIAN_POINT('',(1.1E0,3.8E-1,4.9E-1));
#739=LINE('',#738,#737);
#740=CARTESIAN_POINT('',(1.05E0,3.8E-1,4.9E-1));
#741=DIRECTION('',(0.E0,1.E0,0.E0));
#742=DIRECTION('',(0.E0,0.E0,1.E0));
#743=AXIS2_PLACEMENT_3D('',#740,#741,#742);
#745=DIRECTION('',(-2.220446049250E-14,0.E0,-1.E0));
#746=VECTOR('',#745,2.E-2);
#747=CARTESIAN_POINT('',(1.05E0,3.8E-1,5.4E-1));
#748=LINE('',#747,#746);
#749=CARTESIAN_POINT('',(1.08E0,3.8E-1,5.2E-1));
#750=DIRECTION('',(0.E0,1.E0,0.E0));
#751=DIRECTION('',(0.E0,0.E0,-1.E0));
#752=AXIS2_PLACEMENT_3D('',#749,#750,#751);
#754=DIRECTION('',(-1.E0,0.E0,0.E0));
#755=VECTOR('',#754,2.E-2);
#756=CARTESIAN_POINT('',(1.1E0,3.8E-1,-4.9E-1));
#757=LINE('',#756,#755);
#758=CARTESIAN_POINT('',(1.08E0,3.8E-1,-5.2E-1));
#759=DIRECTION('',(0.E0,1.E0,0.E0));
#760=DIRECTION('',(-1.E0,0.E0,0.E0));
#761=AXIS2_PLACEMENT_3D('',#758,#759,#760);
#763=DIRECTION('',(-1.110223024625E-14,0.E0,1.E0));
#764=VECTOR('',#763,2.E-2);
#765=CARTESIAN_POINT('',(1.05E0,3.8E-1,-5.4E-1));
#766=LINE('',#765,#764);
#767=CARTESIAN_POINT('',(1.05E0,3.8E-1,-4.9E-1));
#768=DIRECTION('',(0.E0,1.E0,0.E0));
#769=DIRECTION('',(1.E0,0.E0,0.E0));
#770=AXIS2_PLACEMENT_3D('',#767,#768,#769);
#772=DIRECTION('',(1.E0,0.E0,0.E0));
#773=VECTOR('',#772,2.E-2);
#774=CARTESIAN_POINT('',(-1.1E0,3.8E-1,-4.9E-1));
#775=LINE('',#774,#773);
#776=CARTESIAN_POINT('',(-1.05E0,3.8E-1,-4.9E-1));
#777=DIRECTION('',(0.E0,1.E0,0.E0));
#778=DIRECTION('',(0.E0,0.E0,-1.E0));
#779=AXIS2_PLACEMENT_3D('',#776,#777,#778);
#781=DIRECTION('',(2.220446049250E-14,0.E0,1.E0));
#782=VECTOR('',#781,2.E-2);
#783=CARTESIAN_POINT('',(-1.05E0,3.8E-1,-5.4E-1));
#784=LINE('',#783,#782);
#785=CARTESIAN_POINT('',(-1.08E0,3.8E-1,-5.2E-1));
#786=DIRECTION('',(0.E0,1.E0,0.E0));
#787=DIRECTION('',(1.480297366167E-14,0.E0,1.E0));
#788=AXIS2_PLACEMENT_3D('',#785,#786,#787);
#790=DIRECTION('',(1.E0,0.E0,0.E0));
#791=VECTOR('',#790,2.E-2);
#792=CARTESIAN_POINT('',(-1.1E0,3.8E-1,4.9E-1));
#793=LINE('',#792,#791);
#794=CARTESIAN_POINT('',(-1.08E0,3.8E-1,5.2E-1));
#795=DIRECTION('',(0.E0,1.E0,0.E0));
#796=DIRECTION('',(1.E0,0.E0,0.E0));
#797=AXIS2_PLACEMENT_3D('',#794,#795,#796);
#799=DIRECTION('',(2.220446049250E-14,0.E0,-1.E0));
#800=VECTOR('',#799,2.E-2);
#801=CARTESIAN_POINT('',(-1.05E0,3.8E-1,5.4E-1));
#802=LINE('',#801,#800);
#803=CARTESIAN_POINT('',(-1.05E0,3.8E-1,4.9E-1));
#804=DIRECTION('',(0.E0,1.E0,0.E0));
#805=DIRECTION('',(-1.E0,0.E0,0.E0));
#806=AXIS2_PLACEMENT_3D('',#803,#804,#805);
#808=DIRECTION('',(1.E0,0.E0,0.E0));
#809=VECTOR('',#808,2.05E-1);
#810=CARTESIAN_POINT('',(6.1E-1,3.8E-1,-4.7E-1));
#811=LINE('',#810,#809);
#812=DIRECTION('',(5.773502691896E-1,5.773502691896E-1,-5.773502691896E-1));
#813=VECTOR('',#812,5.196152422707E-2);
#814=CARTESIAN_POINT('',(7.85E-1,3.5E-1,-4.4E-1));
#815=LINE('',#814,#813);
#816=DIRECTION('',(-5.773502691896E-1,5.773502691896E-1,-5.773502691896E-1));
#817=VECTOR('',#816,3.464101615138E-2);
#818=CARTESIAN_POINT('',(6.1E-1,3.6E-1,-4.5E-1));
#819=LINE('',#818,#817);
#820=DIRECTION('',(0.E0,0.E0,1.E0));
#821=VECTOR('',#820,1.E-2);
#822=CARTESIAN_POINT('',(8.15E-1,3.8E-1,-4.7E-1));
#823=LINE('',#822,#821);
#824=CARTESIAN_POINT('',(-2.2E-1,3.7E-1,-4.4E-1));
#825=DIRECTION('',(1.E0,0.E0,0.E0));
#826=DIRECTION('',(0.E0,1.E0,0.E0));
#827=AXIS2_PLACEMENT_3D('',#824,#825,#826);
#829=DIRECTION('',(1.E0,0.E0,0.E0));
#830=VECTOR('',#829,2.6E-1);
#831=CARTESIAN_POINT('',(-4.8E-1,3.7E-1,-3.5E-1));
#832=LINE('',#831,#830);
#833=CARTESIAN_POINT('',(-4.8E-1,3.7E-1,-4.4E-1));
#834=DIRECTION('',(1.E0,0.E0,0.E0));
#835=DIRECTION('',(0.E0,1.E0,0.E0));
#836=AXIS2_PLACEMENT_3D('',#833,#834,#835);
#838=CARTESIAN_POINT('',(1.3E-1,3.7E-1,-4.4E-1));
#839=DIRECTION('',(1.E0,0.E0,0.E0));
#840=DIRECTION('',(0.E0,1.E0,0.E0));
#841=AXIS2_PLACEMENT_3D('',#838,#839,#840);
#843=DIRECTION('',(1.E0,0.E0,0.E0));
#844=VECTOR('',#843,2.6E-1);
#845=CARTESIAN_POINT('',(-1.3E-1,3.7E-1,-3.5E-1));
#846=LINE('',#845,#844);
#847=CARTESIAN_POINT('',(-1.3E-1,3.7E-1,-4.4E-1));
#848=DIRECTION('',(1.E0,0.E0,0.E0));
#849=DIRECTION('',(0.E0,1.E0,0.E0));
#850=AXIS2_PLACEMENT_3D('',#847,#848,#849);
#852=CARTESIAN_POINT('',(4.8E-1,3.7E-1,-4.4E-1));
#853=DIRECTION('',(1.E0,0.E0,0.E0));
#854=DIRECTION('',(0.E0,1.E0,0.E0));
#855=AXIS2_PLACEMENT_3D('',#852,#853,#854);
#857=DIRECTION('',(1.E0,0.E0,0.E0));
#858=VECTOR('',#857,2.6E-1);
#859=CARTESIAN_POINT('',(2.2E-1,3.7E-1,-3.5E-1));
#860=LINE('',#859,#858);
#861=CARTESIAN_POINT('',(2.2E-1,3.7E-1,-4.4E-1));
#862=DIRECTION('',(1.E0,0.E0,0.E0));
#863=DIRECTION('',(0.E0,1.E0,0.E0));
#864=AXIS2_PLACEMENT_3D('',#861,#862,#863);
#866=CARTESIAN_POINT('',(-5.9E-1,3.7E-1,-4.4E-1));
#867=DIRECTION('',(1.E0,0.E0,0.E0));
#868=DIRECTION('',(0.E0,1.E0,0.E0));
#869=AXIS2_PLACEMENT_3D('',#866,#867,#868);
#871=CARTESIAN_POINT('',(-5.7E-1,3.7E-1,-4.4E-1));
#872=DIRECTION('',(1.E0,0.E0,0.E0));
#873=DIRECTION('',(0.E0,1.E0,0.E0));
#874=AXIS2_PLACEMENT_3D('',#871,#872,#873);
#876=DIRECTION('',(1.E0,1.480297366167E-14,-1.480297366167E-14));
#877=VECTOR('',#876,3.E-2);
#878=CARTESIAN_POINT('',(-6.E-1,3.7E-1,-3.5E-1));
#879=LINE('',#878,#877);
#880=CARTESIAN_POINT('',(-5.9E-1,3.8E-1,-3.505572809E-1));
#881=CARTESIAN_POINT('',(-5.933281331879E-1,3.766718668121E-1,
-3.501851842977E-1));
#882=CARTESIAN_POINT('',(-5.966614825959E-1,3.733385174041E-1,-3.5E-1));
#883=CARTESIAN_POINT('',(-6.E-1,3.7E-1,-3.5E-1));
#885=CARTESIAN_POINT('',(5.9E-1,3.7E-1,-4.4E-1));
#886=DIRECTION('',(1.E0,0.E0,0.E0));
#887=DIRECTION('',(0.E0,1.E0,0.E0));
#888=AXIS2_PLACEMENT_3D('',#885,#886,#887);
#890=CARTESIAN_POINT('',(6.E-1,3.7E-1,-3.5E-1));
#891=CARTESIAN_POINT('',(5.966614825959E-1,3.733385174041E-1,-3.5E-1));
#892=CARTESIAN_POINT('',(5.933281331879E-1,3.766718668121E-1,
-3.501851842977E-1));
#893=CARTESIAN_POINT('',(5.9E-1,3.8E-1,-3.505572809E-1));
#895=DIRECTION('',(1.E0,0.E0,0.E0));
#896=VECTOR('',#895,3.E-2);
#897=CARTESIAN_POINT('',(5.7E-1,3.7E-1,-3.5E-1));
#898=LINE('',#897,#896);
#899=CARTESIAN_POINT('',(5.7E-1,3.7E-1,-4.4E-1));
#900=DIRECTION('',(1.E0,0.E0,0.E0));
#901=DIRECTION('',(0.E0,1.E0,0.E0));
#902=AXIS2_PLACEMENT_3D('',#899,#900,#901);
#904=DIRECTION('',(-1.E0,0.E0,0.E0));
#905=VECTOR('',#904,4.5E-2);
#906=CARTESIAN_POINT('',(-8.05E-1,3.7E-1,-3.5E-1));
#907=LINE('',#906,#905);
#908=DIRECTION('',(1.E0,0.E0,0.E0));
#909=VECTOR('',#908,4.5E-2);
#910=CARTESIAN_POINT('',(-8.6E-1,3.8E-1,-3.505572809E-1));
#911=LINE('',#910,#909);
#912=CARTESIAN_POINT('',(-8.05E-1,3.7E-1,-3.5E-1));
#913=CARTESIAN_POINT('',(-8.083385174041E-1,3.733385174041E-1,-3.5E-1));
#914=CARTESIAN_POINT('',(-8.116718668121E-1,3.766718668121E-1,
-3.501851842977E-1));
#915=CARTESIAN_POINT('',(-8.15E-1,3.8E-1,-3.505572809E-1));
#917=DIRECTION('',(1.E0,0.E0,0.E0));
#918=VECTOR('',#917,4.5E-2);
#919=CARTESIAN_POINT('',(8.15E-1,3.8E-1,-3.505572809E-1));
#920=LINE('',#919,#918);
#921=DIRECTION('',(-1.E0,0.E0,0.E0));
#922=VECTOR('',#921,4.5E-2);
#923=CARTESIAN_POINT('',(8.5E-1,3.7E-1,-3.5E-1));
#924=LINE('',#923,#922);
#925=CARTESIAN_POINT('',(8.15E-1,3.8E-1,-3.505572809E-1));
#926=CARTESIAN_POINT('',(8.116718668121E-1,3.766718668121E-1,
-3.501851842977E-1));
#927=CARTESIAN_POINT('',(8.083385174041E-1,3.733385174041E-1,-3.5E-1));
#928=CARTESIAN_POINT('',(8.05E-1,3.7E-1,-3.5E-1));
#930=DIRECTION('',(0.E0,0.E0,1.E0));
#931=VECTOR('',#930,2.E-2);
#932=CARTESIAN_POINT('',(-2.2E-1,4.6E-1,-4.4E-1));
#933=LINE('',#932,#931);
#934=DIRECTION('',(0.E0,-3.939192985792E-1,9.191450300181E-1));
#935=VECTOR('',#934,7.615773105864E-2);
#936=CARTESIAN_POINT('',(-2.2E-1,4.6E-1,-4.2E-1));
#937=LINE('',#936,#935);
#938=DIRECTION('',(0.E0,-1.E0,0.E0));
#939=VECTOR('',#938,6.E-2);
#940=CARTESIAN_POINT('',(-2.2E-1,4.3E-1,-3.5E-1));
#941=LINE('',#940,#939);
#942=DIRECTION('',(0.E0,1.E0,0.E0));
#943=VECTOR('',#942,6.E-2);
#944=CARTESIAN_POINT('',(-2.2E-1,3.7E-1,3.5E-1));
#945=LINE('',#944,#943);
#946=DIRECTION('',(0.E0,3.939192985792E-1,9.191450300181E-1));
#947=VECTOR('',#946,7.615773105864E-2);
#948=CARTESIAN_POINT('',(-2.2E-1,4.3E-1,3.5E-1));
#949=LINE('',#948,#947);
#950=DIRECTION('',(0.E0,0.E0,1.E0));
#951=VECTOR('',#950,2.E-2);
#952=CARTESIAN_POINT('',(-2.2E-1,4.6E-1,4.2E-1));
#953=LINE('',#952,#951);
#954=DIRECTION('',(0.E0,0.E0,1.E0));
#955=VECTOR('',#954,1.E-1);
#956=CARTESIAN_POINT('',(-5.9E-1,4.6E-1,-5.4E-1));
#957=LINE('',#956,#955);
#958=DIRECTION('',(1.E0,0.E0,0.E0));
#959=VECTOR('',#958,1.18E0);
#960=CARTESIAN_POINT('',(-5.9E-1,4.6E-1,-5.4E-1));
#961=LINE('',#960,#959);
#962=DIRECTION('',(0.E0,0.E0,1.E0));
#963=VECTOR('',#962,1.E-1);
#964=CARTESIAN_POINT('',(5.9E-1,4.6E-1,-5.4E-1));
#965=LINE('',#964,#963);
#966=DIRECTION('',(1.E0,0.E0,0.E0));
#967=VECTOR('',#966,2.E-2);
#968=CARTESIAN_POINT('',(5.7E-1,4.6E-1,-4.4E-1));
#969=LINE('',#968,#967);
#970=DIRECTION('',(1.E0,0.E0,0.E0));
#971=VECTOR('',#970,2.6E-1);
#972=CARTESIAN_POINT('',(2.2E-1,4.6E-1,-4.4E-1));
#973=LINE('',#972,#971);
#974=DIRECTION('',(1.E0,0.E0,0.E0));
#975=VECTOR('',#974,2.6E-1);
#976=CARTESIAN_POINT('',(-1.3E-1,4.6E-1,-4.4E-1));
#977=LINE('',#976,#975);
#978=DIRECTION('',(1.E0,0.E0,0.E0));
#979=VECTOR('',#978,2.6E-1);
#980=CARTESIAN_POINT('',(-4.8E-1,4.6E-1,-4.4E-1));
#981=LINE('',#980,#979);
#982=DIRECTION('',(1.E0,0.E0,0.E0));
#983=VECTOR('',#982,2.E-2);
#984=CARTESIAN_POINT('',(-5.9E-1,4.6E-1,-4.4E-1));
#985=LINE('',#984,#983);
#986=DIRECTION('',(0.E0,0.E0,1.E0));
#987=VECTOR('',#986,1.194427191E-1);
#988=CARTESIAN_POINT('',(-5.9E-1,3.8E-1,3.505572809E-1));
#989=LINE('',#988,#987);
#990=DIRECTION('',(0.E0,0.E0,-1.E0));
#991=VECTOR('',#990,7.E-2);
#992=CARTESIAN_POINT('',(-5.9E-1,3.8E-1,5.4E-1));
#993=LINE('',#992,#991);
#994=DIRECTION('',(0.E0,0.E0,1.E0));
#995=VECTOR('',#994,1.194427191E-1);
#996=CARTESIAN_POINT('',(-5.9E-1,3.8E-1,-4.7E-1));
#997=LINE('',#996,#995);
#998=DIRECTION('',(0.E0,0.E0,-1.E0));
#999=VECTOR('',#998,7.E-2);
#1000=CARTESIAN_POINT('',(-5.9E-1,3.8E-1,-4.7E-1));
#1001=LINE('',#1000,#999);
#1002=DIRECTION('',(0.E0,-1.E0,0.E0));
#1003=VECTOR('',#1002,3.8E-1);
#1004=CARTESIAN_POINT('',(-5.9E-1,3.8E-1,-5.4E-1));
#1005=LINE('',#1004,#1003);
#1006=DIRECTION('',(0.E0,0.E0,-1.E0));
#1007=VECTOR('',#1006,5.994576541331E-2);
#1008=CARTESIAN_POINT('',(-6.1E-1,3.6E-1,4.3E-1));
#1009=LINE('',#1008,#1007);
#1010=CARTESIAN_POINT('',(-6.1E-1,3.5E-1,5.2E-1));
#1011=DIRECTION('',(1.E0,0.E0,0.E0));
#1012=DIRECTION('',(0.E0,1.E0,0.E0));
#1013=AXIS2_PLACEMENT_3D('',#1010,#1011,#1012);
#1015=CARTESIAN_POINT('',(-6.1E-1,3.57E-1,4.53E-1));
#1016=DIRECTION('',(1.E0,0.E0,0.E0));
#1017=DIRECTION('',(0.E0,3.614457831325E-2,-9.993465712447E-1));
#1018=AXIS2_PLACEMENT_3D('',#1015,#1016,#1017);
#1020=DIRECTION('',(0.E0,-1.E0,0.E0));
#1021=VECTOR('',#1020,2.E-2);
#1022=CARTESIAN_POINT('',(-6.1E-1,3.8E-1,4.3E-1));
#1023=LINE('',#1022,#1021);
#1024=DIRECTION('',(0.E0,0.E0,-1.E0));
#1025=VECTOR('',#1024,6.E-2);
#1026=CARTESIAN_POINT('',(-6.1E-1,1.25E-1,6.1E-1));
#1027=LINE('',#1026,#1025);
#1028=DIRECTION('',(0.E0,1.E0,0.E0));
#1029=VECTOR('',#1028,2.25E-1);
#1030=CARTESIAN_POINT('',(-6.1E-1,1.25E-1,6.1E-1));
#1031=LINE('',#1030,#1029);
#1032=CARTESIAN_POINT('',(-1.05E0,3.5E-1,5.2E-1));
#1033=DIRECTION('',(-1.E0,0.E0,0.E0));
#1034=DIRECTION('',(0.E0,0.E0,1.E0));
#1035=AXIS2_PLACEMENT_3D('',#1032,#1033,#1034);
#1037=DIRECTION('',(0.E0,-1.E0,0.E0));
#1038=VECTOR('',#1037,2.5E-1);
#1039=CARTESIAN_POINT('',(-1.05E0,3.5E-1,6.1E-1));
#1040=LINE('',#1039,#1038);
#1041=DIRECTION('',(0.E0,1.E0,0.E0));
#1042=VECTOR('',#1041,6.E-2);
#1043=CARTESIAN_POINT('',(-1.05E0,3.8E-1,5.2E-1));
#1044=LINE('',#1043,#1042);
#1045=DIRECTION('',(0.E0,1.E0,0.E0));
#1046=VECTOR('',#1045,6.E-2);
#1047=CARTESIAN_POINT('',(-1.08E0,3.8E-1,4.9E-1));
#1048=LINE('',#1047,#1046);
#1049=CARTESIAN_POINT('',(-1.08E0,3.5E-1,4.9E-1));
#1050=DIRECTION('',(0.E0,0.E0,1.E0));
#1051=DIRECTION('',(0.E0,1.E0,0.E0));
#1052=AXIS2_PLACEMENT_3D('',#1049,#1050,#1051);
#1054=DIRECTION('',(0.E0,1.E0,0.E0));
#1055=VECTOR('',#1054,1.5E-1);
#1056=CARTESIAN_POINT('',(-1.17E0,2.E-1,4.9E-1));
#1057=LINE('',#1056,#1055);
#1058=DIRECTION('',(0.E0,0.E0,1.E0));
#1059=VECTOR('',#1058,9.8E-1);
#1060=CARTESIAN_POINT('',(-1.17E0,3.5E-1,-4.9E-1));
#1061=LINE('',#1060,#1059);
#1062=DIRECTION('',(0.E0,0.E0,-1.E0));
#1063=VECTOR('',#1062,4.E-1);
#1064=CARTESIAN_POINT('',(-1.17E0,2.E-1,4.9E-1));
#1065=LINE('',#1064,#1063);
#1066=DIRECTION('',(0.E0,-1.E0,0.E0));
#1067=VECTOR('',#1066,1.3E-1);
#1068=CARTESIAN_POINT('',(-1.17E0,2.E-1,9.E-2));
#1069=LINE('',#1068,#1067);
#1070=DIRECTION('',(0.E0,0.E0,-1.E0));
#1071=VECTOR('',#1070,1.8E-1);
#1072=CARTESIAN_POINT('',(-1.17E0,7.E-2,9.E-2));
#1073=LINE('',#1072,#1071);
#1074=DIRECTION('',(0.E0,1.E0,0.E0));
#1075=VECTOR('',#1074,1.3E-1);
#1076=CARTESIAN_POINT('',(-1.17E0,7.E-2,-9.E-2));
#1077=LINE('',#1076,#1075);
#1078=DIRECTION('',(0.E0,0.E0,-1.E0));
#1079=VECTOR('',#1078,4.E-1);
#1080=CARTESIAN_POINT('',(-1.17E0,2.E-1,-9.E-2));
#1081=LINE('',#1080,#1079);
#1082=DIRECTION('',(1.E0,0.E0,0.E0));
#1083=VECTOR('',#1082,7.E-2);
#1084=CARTESIAN_POINT('',(-1.17E0,2.E-1,4.9E-1));
#1085=LINE('',#1084,#1083);
#1086=DIRECTION('',(0.E0,0.E0,-1.E0));
#1087=VECTOR('',#1086,4.E-1);
#1088=CARTESIAN_POINT('',(-1.1E0,2.E-1,4.9E-1));
#1089=LINE('',#1088,#1087);
#1090=DIRECTION('',(1.110223024625E-14,-1.E0,0.E0));
#1091=VECTOR('',#1090,2.E-2);
#1092=CARTESIAN_POINT('',(-1.1E0,2.E-1,4.9E-1));
#1093=LINE('',#1092,#1091);
#1094=DIRECTION('',(0.E0,0.E0,-1.E0));
#1095=VECTOR('',#1094,3.8E-1);
#1096=CARTESIAN_POINT('',(-1.1E0,1.8E-1,4.9E-1));
#1097=LINE('',#1096,#1095);
#1098=DIRECTION('',(0.E0,-1.E0,0.E0));
#1099=VECTOR('',#1098,1.3E-1);
#1100=CARTESIAN_POINT('',(-1.1E0,1.8E-1,1.1E-1));
#1101=LINE('',#1100,#1099);
#1102=DIRECTION('',(0.E0,0.E0,-1.E0));
#1103=VECTOR('',#1102,3.8E-1);
#1104=CARTESIAN_POINT('',(-1.1E0,1.8E-1,-1.1E-1));
#1105=LINE('',#1104,#1103);
#1106=DIRECTION('',(-1.110223024625E-14,1.E0,0.E0));
#1107=VECTOR('',#1106,2.E-2);
#1108=CARTESIAN_POINT('',(-1.1E0,1.8E-1,-4.9E-1));
#1109=LINE('',#1108,#1107);
#1110=DIRECTION('',(0.E0,0.E0,1.E0));
#1111=VECTOR('',#1110,4.E-1);
#1112=CARTESIAN_POINT('',(-1.1E0,2.E-1,-4.9E-1));
#1113=LINE('',#1112,#1111);
#1114=DIRECTION('',(0.E0,1.E0,0.E0));
#1115=VECTOR('',#1114,1.3E-1);
#1116=CARTESIAN_POINT('',(-1.1E0,7.E-2,-9.E-2));
#1117=LINE('',#1116,#1115);
#1118=DIRECTION('',(0.E0,0.E0,-1.E0));
#1119=VECTOR('',#1118,1.8E-1);
#1120=CARTESIAN_POINT('',(-1.1E0,7.E-2,9.E-2));
#1121=LINE('',#1120,#1119);
#1122=DIRECTION('',(0.E0,-1.E0,0.E0));
#1123=VECTOR('',#1122,1.3E-1);
#1124=CARTESIAN_POINT('',(-1.1E0,2.E-1,9.E-2));
#1125=LINE('',#1124,#1123);
#1126=DIRECTION('',(0.E0,-1.E0,0.E0));
#1127=VECTOR('',#1126,1.8E-1);
#1128=CARTESIAN_POINT('',(-1.1E0,3.8E-1,4.9E-1));
#1129=LINE('',#1128,#1127);
#1130=CARTESIAN_POINT('',(-1.05E0,1.8E-1,4.9E-1));
#1131=DIRECTION('',(0.E0,-1.E0,0.E0));
#1132=DIRECTION('',(0.E0,0.E0,1.E0));
#1133=AXIS2_PLACEMENT_3D('',#1130,#1131,#1132);
#1135=DIRECTION('',(-1.E0,0.E0,0.E0));
#1136=VECTOR('',#1135,4.4E-1);
#1137=CARTESIAN_POINT('',(-6.1E-1,3.8E-1,5.4E-1));
#1138=LINE('',#1137,#1136);
#1139=DIRECTION('',(-1.E0,0.E0,0.E0));
#1140=VECTOR('',#1139,2.E-2);
#1141=CARTESIAN_POINT('',(-5.9E-1,3.8E-1,5.4E-1));
#1142=LINE('',#1141,#1140);
#1143=DIRECTION('',(0.E0,-1.E0,0.E0));
#1144=VECTOR('',#1143,3.8E-1);
#1145=CARTESIAN_POINT('',(-5.9E-1,3.8E-1,5.4E-1));
#1146=LINE('',#1145,#1144);
#1147=DIRECTION('',(0.E0,1.E0,0.E0));
#1148=VECTOR('',#1147,1.8E-1);
#1149=CARTESIAN_POINT('',(-1.13E0,0.E0,5.4E-1));
#1150=LINE('',#1149,#1148);
#1151=DIRECTION('',(0.E0,-1.E0,0.E0));
#1152=VECTOR('',#1151,2.E-1);
#1153=CARTESIAN_POINT('',(-1.05E0,3.8E-1,5.4E-1));
#1154=LINE('',#1153,#1152);
#1155=DIRECTION('',(1.E0,0.E0,0.E0));
#1156=VECTOR('',#1155,8.E-2);
#1157=CARTESIAN_POINT('',(-1.13E0,1.8E-1,-5.4E-1));
#1158=LINE('',#1157,#1156);
#1159=CARTESIAN_POINT('',(-1.13E0,1.8E-1,-4.9E-1));
#1160=DIRECTION('',(0.E0,1.E0,0.E0));
#1161=DIRECTION('',(0.E0,0.E0,-1.E0));
#1162=AXIS2_PLACEMENT_3D('',#1159,#1160,#1161);
#1164=DIRECTION('',(-1.E0,0.E0,0.E0));
#1165=VECTOR('',#1164,8.E-2);
#1166=CARTESIAN_POINT('',(-1.05E0,1.8E-1,5.4E-1));
#1167=LINE('',#1166,#1165);
#1168=CARTESIAN_POINT('',(-1.13E0,1.8E-1,4.9E-1));
#1169=DIRECTION('',(0.E0,1.E0,0.E0));
#1170=DIRECTION('',(-1.E0,0.E0,0.E0));
#1171=AXIS2_PLACEMENT_3D('',#1168,#1169,#1170);
#1173=DIRECTION('',(1.E0,0.E0,0.E0));
#1174=VECTOR('',#1173,4.4E-1);
#1175=CARTESIAN_POINT('',(-1.05E0,3.8E-1,-5.4E-1));
#1176=LINE('',#1175,#1174);
#1177=DIRECTION('',(0.E0,1.E0,0.E0));
#1178=VECTOR('',#1177,2.E-1);
#1179=CARTESIAN_POINT('',(-1.05E0,1.8E-1,-5.4E-1));
#1180=LINE('',#1179,#1178);
#1181=DIRECTION('',(0.E0,-1.E0,0.E0));
#1182=VECTOR('',#1181,1.8E-1);
#1183=CARTESIAN_POINT('',(-1.13E0,1.8E-1,-5.4E-1));
#1184=LINE('',#1183,#1182);
#1185=DIRECTION('',(-1.E0,0.E0,0.E0));
#1186=VECTOR('',#1185,2.E-2);
#1187=CARTESIAN_POINT('',(-5.9E-1,3.8E-1,-5.4E-1));
#1188=LINE('',#1187,#1186);
#1189=DIRECTION('',(0.E0,-1.E0,0.E0));
#1190=VECTOR('',#1189,1.8E-1);
#1191=CARTESIAN_POINT('',(-1.1E0,3.8E-1,-4.9E-1));
#1192=LINE('',#1191,#1190);
#1193=CARTESIAN_POINT('',(-1.05E0,1.8E-1,-4.9E-1));
#1194=DIRECTION('',(0.E0,-1.E0,0.E0));
#1195=DIRECTION('',(-1.E0,0.E0,0.E0));
#1196=AXIS2_PLACEMENT_3D('',#1193,#1194,#1195);
#1198=CARTESIAN_POINT('',(-1.08E0,3.5E-1,-4.9E-1));
#1199=DIRECTION('',(0.E0,0.E0,-1.E0));
#1200=DIRECTION('',(-1.E0,0.E0,0.E0));
#1201=AXIS2_PLACEMENT_3D('',#1198,#1199,#1200);
#1203=DIRECTION('',(0.E0,-1.E0,0.E0));
#1204=VECTOR('',#1203,1.5E-1);
#1205=CARTESIAN_POINT('',(-1.17E0,3.5E-1,-4.9E-1));
#1206=LINE('',#1205,#1204);
#1207=DIRECTION('',(1.E0,0.E0,0.E0));
#1208=VECTOR('',#1207,7.E-2);
#1209=CARTESIAN_POINT('',(-1.17E0,2.E-1,-4.9E-1));
#1210=LINE('',#1209,#1208);
#1211=DIRECTION('',(0.E0,1.E0,0.E0));
#1212=VECTOR('',#1211,6.E-2);
#1213=CARTESIAN_POINT('',(-1.08E0,3.8E-1,-4.9E-1));
#1214=LINE('',#1213,#1212);
#1215=DIRECTION('',(1.E0,0.E0,0.E0));
#1216=VECTOR('',#1215,7.E-2);
#1217=CARTESIAN_POINT('',(-1.17E0,2.E-1,-9.E-2));
#1218=LINE('',#1217,#1216);
#1219=DIRECTION('',(1.E0,0.E0,0.E0));
#1220=VECTOR('',#1219,7.E-2);
#1221=CARTESIAN_POINT('',(-1.17E0,7.E-2,-9.E-2));
#1222=LINE('',#1221,#1220);
#1223=DIRECTION('',(1.E0,0.E0,0.E0));
#1224=VECTOR('',#1223,7.E-2);
#1225=CARTESIAN_POINT('',(-1.17E0,7.E-2,9.E-2));
#1226=LINE('',#1225,#1224);
#1227=DIRECTION('',(1.E0,0.E0,0.E0));
#1228=VECTOR('',#1227,7.E-2);
#1229=CARTESIAN_POINT('',(-1.17E0,2.E-1,9.E-2));
#1230=LINE('',#1229,#1228);
#1231=DIRECTION('',(0.E0,1.E0,0.E0));
#1232=VECTOR('',#1231,6.E-2);
#1233=CARTESIAN_POINT('',(-1.05E0,3.8E-1,-5.2E-1));
#1234=LINE('',#1233,#1232);
#1235=CARTESIAN_POINT('',(-1.05E0,3.5E-1,-5.2E-1));
#1236=DIRECTION('',(-1.E0,0.E0,0.E0));
#1237=DIRECTION('',(0.E0,1.E0,0.E0));
#1238=AXIS2_PLACEMENT_3D('',#1235,#1236,#1237);
#1240=DIRECTION('',(0.E0,1.E0,0.E0));
#1241=VECTOR('',#1240,2.5E-1);
#1242=CARTESIAN_POINT('',(-1.05E0,1.E-1,-6.1E-1));
#1243=LINE('',#1242,#1241);
#1244=DIRECTION('',(-1.E0,0.E0,0.E0));
#1245=VECTOR('',#1244,4.4E-1);
#1246=CARTESIAN_POINT('',(1.05E0,3.5E-1,-6.1E-1));
#1247=LINE('',#1246,#1245);
#1248=DIRECTION('',(7.071067811865E-1,-7.071067811865E-1,0.E0));
#1249=VECTOR('',#1248,5.656854249492E-2);
#1250=CARTESIAN_POINT('',(6.1E-1,1.25E-1,-6.1E-1));
#1251=LINE('',#1250,#1249);
#1252=DIRECTION('',(0.E0,-1.E0,0.E0));
#1253=VECTOR('',#1252,1.5E-2);
#1254=CARTESIAN_POINT('',(6.5E-1,8.5E-2,-6.1E-1));
#1255=LINE('',#1254,#1253);
#1256=DIRECTION('',(1.E0,0.E0,0.E0));
#1257=VECTOR('',#1256,1.5E-1);
#1258=CARTESIAN_POINT('',(6.5E-1,7.E-2,-6.1E-1));
#1259=LINE('',#1258,#1257);
#1260=CARTESIAN_POINT('',(8.3E-1,7.E-2,-6.1E-1));
#1261=DIRECTION('',(0.E0,0.E0,-1.E0));
#1262=DIRECTION('',(-1.E0,0.E0,0.E0));
#1263=AXIS2_PLACEMENT_3D('',#1260,#1261,#1262);
#1265=DIRECTION('',(1.E0,0.E0,0.E0));
#1266=VECTOR('',#1265,2.2E-1);
#1267=CARTESIAN_POINT('',(8.3E-1,1.E-1,-6.1E-1));
#1268=LINE('',#1267,#1266);
#1269=DIRECTION('',(-1.E0,0.E0,0.E0));
#1270=VECTOR('',#1269,4.4E-1);
#1271=CARTESIAN_POINT('',(-6.1E-1,3.5E-1,-6.1E-1));
#1272=LINE('',#1271,#1270);
#1273=DIRECTION('',(1.E0,0.E0,0.E0));
#1274=VECTOR('',#1273,2.2E-1);
#1275=CARTESIAN_POINT('',(-1.05E0,1.E-1,-6.1E-1));
#1276=LINE('',#1275,#1274);
#1277=CARTESIAN_POINT('',(-8.3E-1,7.E-2,-6.1E-1));
#1278=DIRECTION('',(0.E0,0.E0,-1.E0));
#1279=DIRECTION('',(0.E0,1.E0,0.E0));
#1280=AXIS2_PLACEMENT_3D('',#1277,#1278,#1279);
#1282=DIRECTION('',(1.E0,0.E0,0.E0));
#1283=VECTOR('',#1282,1.5E-1);
#1284=CARTESIAN_POINT('',(-8.E-1,7.E-2,-6.1E-1));
#1285=LINE('',#1284,#1283);
#1286=DIRECTION('',(0.E0,1.E0,0.E0));
#1287=VECTOR('',#1286,1.5E-2);
#1288=CARTESIAN_POINT('',(-6.5E-1,7.E-2,-6.1E-1));
#1289=LINE('',#1288,#1287);
#1290=DIRECTION('',(7.071067811865E-1,7.071067811865E-1,0.E0));
#1291=VECTOR('',#1290,5.656854249492E-2);
#1292=CARTESIAN_POINT('',(-6.5E-1,8.5E-2,-6.1E-1));
#1293=LINE('',#1292,#1291);
#1294=DIRECTION('',(0.E0,0.E0,1.E0));
#1295=VECTOR('',#1294,6.E-2);
#1296=CARTESIAN_POINT('',(6.1E-1,1.25E-1,-6.1E-1));
#1297=LINE('',#1296,#1295);
#1298=DIRECTION('',(1.E0,0.E0,0.E0));
#1299=VECTOR('',#1298,1.5E-1);
#1300=CARTESIAN_POINT('',(6.5E-1,7.E-2,-5.5E-1));
#1301=LINE('',#1300,#1299);
#1302=DIRECTION('',(0.E0,-1.E0,0.E0));
#1303=VECTOR('',#1302,1.5E-2);
#1304=CARTESIAN_POINT('',(6.5E-1,8.5E-2,-5.5E-1));
#1305=LINE('',#1304,#1303);
#1306=DIRECTION('',(7.071067811865E-1,-7.071067811865E-1,0.E0));
#1307=VECTOR('',#1306,5.656854249492E-2);
#1308=CARTESIAN_POINT('',(6.1E-1,1.25E-1,-5.5E-1));
#1309=LINE('',#1308,#1307);
#1310=DIRECTION('',(0.E0,-1.E0,0.E0));
#1311=VECTOR('',#1310,2.55E-1);
#1312=CARTESIAN_POINT('',(6.1E-1,3.8E-1,-5.5E-1));
#1313=LINE('',#1312,#1311);
#1314=DIRECTION('',(0.E0,1.E0,0.E0));
#1315=VECTOR('',#1314,2.8E-1);
#1316=CARTESIAN_POINT('',(1.05E0,1.E-1,-5.5E-1));
#1317=LINE('',#1316,#1315);
#1318=DIRECTION('',(1.E0,0.E0,0.E0));
#1319=VECTOR('',#1318,2.2E-1);
#1320=CARTESIAN_POINT('',(8.3E-1,1.E-1,-5.5E-1));
#1321=LINE('',#1320,#1319);
#1322=CARTESIAN_POINT('',(8.3E-1,7.E-2,-5.5E-1));
#1323=DIRECTION('',(0.E0,0.E0,-1.E0));
#1324=DIRECTION('',(-1.E0,0.E0,0.E0));
#1325=AXIS2_PLACEMENT_3D('',#1322,#1323,#1324);
#1327=DIRECTION('',(1.E0,0.E0,0.E0));
#1328=VECTOR('',#1327,1.5E-1);
#1329=CARTESIAN_POINT('',(-8.E-1,7.E-2,-5.5E-1));
#1330=LINE('',#1329,#1328);
#1331=CARTESIAN_POINT('',(-8.3E-1,7.E-2,-5.5E-1));
#1332=DIRECTION('',(0.E0,0.E0,-1.E0));
#1333=DIRECTION('',(0.E0,1.E0,0.E0));
#1334=AXIS2_PLACEMENT_3D('',#1331,#1332,#1333);
#1336=DIRECTION('',(1.E0,0.E0,0.E0));
#1337=VECTOR('',#1336,2.2E-1);
#1338=CARTESIAN_POINT('',(-1.05E0,1.E-1,-5.5E-1));
#1339=LINE('',#1338,#1337);
#1340=DIRECTION('',(0.E0,-1.E0,0.E0));
#1341=VECTOR('',#1340,2.8E-1);
#1342=CARTESIAN_POINT('',(-1.05E0,3.8E-1,-5.5E-1));
#1343=LINE('',#1342,#1341);
#1344=DIRECTION('',(0.E0,1.E0,0.E0));
#1345=VECTOR('',#1344,2.55E-1);
#1346=CARTESIAN_POINT('',(-6.1E-1,1.25E-1,-5.5E-1));
#1347=LINE('',#1346,#1345);
#1348=DIRECTION('',(7.071067811865E-1,7.071067811865E-1,0.E0));
#1349=VECTOR('',#1348,5.656854249492E-2);
#1350=CARTESIAN_POINT('',(-6.5E-1,8.5E-2,-5.5E-1));
#1351=LINE('',#1350,#1349);
#1352=DIRECTION('',(0.E0,1.E0,0.E0));
#1353=VECTOR('',#1352,1.5E-2);
#1354=CARTESIAN_POINT('',(-6.5E-1,7.E-2,-5.5E-1));
#1355=LINE('',#1354,#1353);
#1356=CARTESIAN_POINT('',(8.E-1,7.E-2,-6.4E-1));
#1357=DIRECTION('',(1.E0,0.E0,0.E0));
#1358=DIRECTION('',(0.E0,0.E0,1.E0));
#1359=AXIS2_PLACEMENT_3D('',#1356,#1357,#1358);
#1361=DIRECTION('',(0.E0,1.E0,0.E0));
#1362=VECTOR('',#1361,6.E-2);
#1363=CARTESIAN_POINT('',(8.E-1,-2.E-2,-8.85E-1));
#1364=LINE('',#1363,#1362);
#1365=DIRECTION('',(0.E0,0.E0,1.E0));
#1366=VECTOR('',#1365,2.45E-1);
#1367=CARTESIAN_POINT('',(8.E-1,-2.E-2,-8.85E-1));
#1368=LINE('',#1367,#1366);
#1369=DIRECTION('',(0.E0,0.E0,1.E0));
#1370=VECTOR('',#1369,6.E-2);
#1371=CARTESIAN_POINT('',(8.E-1,7.E-2,-6.1E-1));
#1372=LINE('',#1371,#1370);
#1373=DIRECTION('',(0.E0,0.E0,1.E0));
#1374=VECTOR('',#1373,6.E-2);
#1375=CARTESIAN_POINT('',(8.3E-1,1.E-1,-6.1E-1));
#1376=LINE('',#1375,#1374);
#1377=CARTESIAN_POINT('',(1.05E0,3.5E-1,-5.2E-1));
#1378=DIRECTION('',(1.E0,0.E0,0.E0));
#1379=DIRECTION('',(0.E0,0.E0,-1.E0));
#1380=AXIS2_PLACEMENT_3D('',#1377,#1378,#1379);
#1382=DIRECTION('',(0.E0,-1.E0,0.E0));
#1383=VECTOR('',#1382,2.5E-1);
#1384=CARTESIAN_POINT('',(1.05E0,3.5E-1,-6.1E-1));
#1385=LINE('',#1384,#1383);
#1386=DIRECTION('',(0.E0,0.E0,1.E0));
#1387=VECTOR('',#1386,6.E-2);
#1388=CARTESIAN_POINT('',(1.05E0,1.E-1,-6.1E-1));
#1389=LINE('',#1388,#1387);
#1390=DIRECTION('',(0.E0,1.E0,0.E0));
#1391=VECTOR('',#1390,6.E-2);
#1392=CARTESIAN_POINT('',(1.05E0,3.8E-1,-5.2E-1));
#1393=LINE('',#1392,#1391);
#1394=DIRECTION('',(0.E0,1.E0,0.E0));
#1395=VECTOR('',#1394,6.E-2);
#1396=CARTESIAN_POINT('',(1.08E0,3.8E-1,-4.9E-1));
#1397=LINE('',#1396,#1395);
#1398=CARTESIAN_POINT('',(1.08E0,3.5E-1,-4.9E-1));
#1399=DIRECTION('',(0.E0,0.E0,-1.E0));
#1400=DIRECTION('',(0.E0,1.E0,0.E0));
#1401=AXIS2_PLACEMENT_3D('',#1398,#1399,#1400);
#1403=DIRECTION('',(-1.E0,0.E0,0.E0));
#1404=VECTOR('',#1403,7.E-2);
#1405=CARTESIAN_POINT('',(1.17E0,2.E-1,-4.9E-1));
#1406=LINE('',#1405,#1404);
#1407=DIRECTION('',(0.E0,1.E0,0.E0));
#1408=VECTOR('',#1407,1.5E-1);
#1409=CARTESIAN_POINT('',(1.17E0,2.E-1,-4.9E-1));
#1410=LINE('',#1409,#1408);
#1411=DIRECTION('',(0.E0,0.E0,-1.E0));
#1412=VECTOR('',#1411,9.8E-1);
#1413=CARTESIAN_POINT('',(1.17E0,3.5E-1,4.9E-1));
#1414=LINE('',#1413,#1412);
#1415=DIRECTION('',(0.E0,0.E0,-1.E0));
#1416=VECTOR('',#1415,4.E-1);
#1417=CARTESIAN_POINT('',(1.17E0,2.E-1,-9.E-2));
#1418=LINE('',#1417,#1416);
#1419=DIRECTION('',(0.E0,1.E0,0.E0));
#1420=VECTOR('',#1419,1.3E-1);
#1421=CARTESIAN_POINT('',(1.17E0,7.E-2,-9.E-2));
#1422=LINE('',#1421,#1420);
#1423=DIRECTION('',(0.E0,0.E0,-1.E0));
#1424=VECTOR('',#1423,1.8E-1);
#1425=CARTESIAN_POINT('',(1.17E0,7.E-2,9.E-2));
#1426=LINE('',#1425,#1424);
#1427=DIRECTION('',(0.E0,-1.E0,0.E0));
#1428=VECTOR('',#1427,1.3E-1);
#1429=CARTESIAN_POINT('',(1.17E0,2.E-1,9.E-2));
#1430=LINE('',#1429,#1428);
#1431=DIRECTION('',(0.E0,0.E0,-1.E0));
#1432=VECTOR('',#1431,4.E-1);
#1433=CARTESIAN_POINT('',(1.17E0,2.E-1,4.9E-1));
#1434=LINE('',#1433,#1432);
#1435=DIRECTION('',(-1.E0,0.E0,0.E0));
#1436=VECTOR('',#1435,7.E-2);
#1437=CARTESIAN_POINT('',(1.17E0,2.E-1,-9.E-2));
#1438=LINE('',#1437,#1436);
#1439=DIRECTION('',(0.E0,-1.E0,0.E0));
#1440=VECTOR('',#1439,1.3E-1);
#1441=CARTESIAN_POINT('',(1.1E0,2.E-1,9.E-2));
#1442=LINE('',#1441,#1440);
#1443=DIRECTION('',(0.E0,0.E0,-1.E0));
#1444=VECTOR('',#1443,1.8E-1);
#1445=CARTESIAN_POINT('',(1.1E0,7.E-2,9.E-2));
#1446=LINE('',#1445,#1444);
#1447=DIRECTION('',(0.E0,-1.E0,0.E0));
#1448=VECTOR('',#1447,1.3E-1);
#1449=CARTESIAN_POINT('',(1.1E0,2.E-1,-9.E-2));
#1450=LINE('',#1449,#1448);
#1451=DIRECTION('',(0.E0,0.E0,1.E0));
#1452=VECTOR('',#1451,4.E-1);
#1453=CARTESIAN_POINT('',(1.1E0,2.E-1,-4.9E-1));
#1454=LINE('',#1453,#1452);
#1455=DIRECTION('',(-1.110223024625E-14,-1.E0,0.E0));
#1456=VECTOR('',#1455,2.E-2);
#1457=CARTESIAN_POINT('',(1.1E0,2.E-1,-4.9E-1));
#1458=LINE('',#1457,#1456);
#1459=DIRECTION('',(0.E0,-1.E0,0.E0));
#1460=VECTOR('',#1459,1.3E-1);
#1461=CARTESIAN_POINT('',(1.1E0,1.8E-1,-1.1E-1));
#1462=LINE('',#1461,#1460);
#1463=DIRECTION('',(1.110223024625E-14,1.E0,0.E0));
#1464=VECTOR('',#1463,2.E-2);
#1465=CARTESIAN_POINT('',(1.1E0,1.8E-1,4.9E-1));
#1466=LINE('',#1465,#1464);
#1467=DIRECTION('',(0.E0,0.E0,-1.E0));
#1468=VECTOR('',#1467,4.E-1);
#1469=CARTESIAN_POINT('',(1.1E0,2.E-1,4.9E-1));
#1470=LINE('',#1469,#1468);
#1471=DIRECTION('',(-1.E0,0.E0,0.E0));
#1472=VECTOR('',#1471,7.E-2);
#1473=CARTESIAN_POINT('',(1.17E0,2.E-1,9.E-2));
#1474=LINE('',#1473,#1472);
#1475=DIRECTION('',(-1.E0,0.E0,0.E0));
#1476=VECTOR('',#1475,7.E-2);
#1477=CARTESIAN_POINT('',(1.17E0,2.E-1,4.9E-1));
#1478=LINE('',#1477,#1476);
#1479=CARTESIAN_POINT('',(1.08E0,3.5E-1,4.9E-1));
#1480=DIRECTION('',(0.E0,0.E0,1.E0));
#1481=DIRECTION('',(1.E0,0.E0,0.E0));
#1482=AXIS2_PLACEMENT_3D('',#1479,#1480,#1481);
#1484=DIRECTION('',(0.E0,-1.E0,0.E0));
#1485=VECTOR('',#1484,1.5E-1);
#1486=CARTESIAN_POINT('',(1.17E0,3.5E-1,4.9E-1));
#1487=LINE('',#1486,#1485);
#1488=DIRECTION('',(0.E0,1.E0,0.E0));
#1489=VECTOR('',#1488,6.E-2);
#1490=CARTESIAN_POINT('',(1.08E0,3.8E-1,4.9E-1));
#1491=LINE('',#1490,#1489);
#1492=DIRECTION('',(0.E0,-1.E0,0.E0));
#1493=VECTOR('',#1492,1.8E-1);
#1494=CARTESIAN_POINT('',(1.1E0,3.8E-1,4.9E-1));
#1495=LINE('',#1494,#1493);
#1496=CARTESIAN_POINT('',(1.05E0,1.8E-1,4.9E-1));
#1497=DIRECTION('',(0.E0,-1.E0,0.E0));
#1498=DIRECTION('',(1.E0,0.E0,0.E0));
#1499=AXIS2_PLACEMENT_3D('',#1496,#1497,#1498);
#1501=DIRECTION('',(-1.E0,0.E0,0.E0));
#1502=VECTOR('',#1501,8.E-2);
#1503=CARTESIAN_POINT('',(1.13E0,1.8E-1,5.4E-1));
#1504=LINE('',#1503,#1502);
#1505=DIRECTION('',(0.E0,0.E0,-1.E0));
#1506=VECTOR('',#1505,3.8E-1);
#1507=CARTESIAN_POINT('',(1.1E0,1.8E-1,4.9E-1));
#1508=LINE('',#1507,#1506);
#1509=CARTESIAN_POINT('',(1.13E0,1.8E-1,4.9E-1));
#1510=DIRECTION('',(0.E0,1.E0,0.E0));
#1511=DIRECTION('',(0.E0,0.E0,1.E0));
#1512=AXIS2_PLACEMENT_3D('',#1509,#1510,#1511);
#1514=DIRECTION('',(0.E0,0.E0,-1.E0));
#1515=VECTOR('',#1514,3.8E-1);
#1516=CARTESIAN_POINT('',(1.1E0,1.8E-1,-1.1E-1));
#1517=LINE('',#1516,#1515);
#1518=DIRECTION('',(1.E0,0.E0,0.E0));
#1519=VECTOR('',#1518,8.E-2);
#1520=CARTESIAN_POINT('',(1.05E0,1.8E-1,-5.4E-1));
#1521=LINE('',#1520,#1519);
#1522=CARTESIAN_POINT('',(1.13E0,1.8E-1,-4.9E-1));
#1523=DIRECTION('',(0.E0,1.E0,0.E0));
#1524=DIRECTION('',(1.E0,0.E0,0.E0));
#1525=AXIS2_PLACEMENT_3D('',#1522,#1523,#1524);
#1527=DIRECTION('',(-1.E0,0.E0,0.E0));
#1528=VECTOR('',#1527,8.E-2);
#1529=CARTESIAN_POINT('',(1.18E0,1.8E-1,1.1E-1));
#1530=LINE('',#1529,#1528);
#1531=DIRECTION('',(0.E0,-1.E0,0.E0));
#1532=VECTOR('',#1531,1.3E-1);
#1533=CARTESIAN_POINT('',(1.1E0,1.8E-1,1.1E-1));
#1534=LINE('',#1533,#1532);
#1535=DIRECTION('',(-1.E0,0.E0,0.E0));
#1536=VECTOR('',#1535,8.E-2);
#1537=CARTESIAN_POINT('',(1.18E0,5.E-2,-1.1E-1));
#1538=LINE('',#1537,#1536);
#1539=DIRECTION('',(1.E0,0.E0,0.E0));
#1540=VECTOR('',#1539,3.E-1);
#1541=CARTESIAN_POINT('',(8.8E-1,5.E-2,-4.E-1));
#1542=LINE('',#1541,#1540);
#1543=CARTESIAN_POINT('',(8.8E-1,5.E-2,-1.5E-1));
#1544=DIRECTION('',(0.E0,-1.E0,0.E0));
#1545=DIRECTION('',(-1.E0,0.E0,0.E0));
#1546=AXIS2_PLACEMENT_3D('',#1543,#1544,#1545);
#1548=DIRECTION('',(0.E0,0.E0,-1.E0));
#1549=VECTOR('',#1548,3.E-1);
#1550=CARTESIAN_POINT('',(6.3E-1,5.E-2,1.5E-1));
#1551=LINE('',#1550,#1549);
#1552=CARTESIAN_POINT('',(8.8E-1,5.E-2,1.5E-1));
#1553=DIRECTION('',(0.E0,-1.E0,0.E0));
#1554=DIRECTION('',(0.E0,0.E0,1.E0));
#1555=AXIS2_PLACEMENT_3D('',#1552,#1553,#1554);
#1557=DIRECTION('',(-1.E0,0.E0,0.E0));
#1558=VECTOR('',#1557,3.E-1);
#1559=CARTESIAN_POINT('',(1.18E0,5.E-2,4.E-1));
#1560=LINE('',#1559,#1558);
#1561=DIRECTION('',(-1.E0,0.E0,0.E0));
#1562=VECTOR('',#1561,8.E-2);
#1563=CARTESIAN_POINT('',(1.18E0,5.E-2,1.1E-1));
#1564=LINE('',#1563,#1562);
#1565=DIRECTION('',(0.E0,0.E0,1.E0));
#1566=VECTOR('',#1565,2.2E-1);
#1567=CARTESIAN_POINT('',(1.1E0,5.E-2,-1.1E-1));
#1568=LINE('',#1567,#1566);
#1569=DIRECTION('',(1.E0,0.E0,0.E0));
#1570=VECTOR('',#1569,8.E-2);
#1571=CARTESIAN_POINT('',(-1.18E0,5.E-2,1.1E-1));
#1572=LINE('',#1571,#1570);
#1573=DIRECTION('',(-1.E0,0.E0,0.E0));
#1574=VECTOR('',#1573,3.E-1);
#1575=CARTESIAN_POINT('',(-8.8E-1,5.E-2,4.E-1));
#1576=LINE('',#1575,#1574);
#1577=CARTESIAN_POINT('',(-8.8E-1,5.E-2,1.5E-1));
#1578=DIRECTION('',(0.E0,-1.E0,0.E0));
#1579=DIRECTION('',(1.E0,0.E0,0.E0));
#1580=AXIS2_PLACEMENT_3D('',#1577,#1578,#1579);
#1582=DIRECTION('',(0.E0,0.E0,1.E0));
#1583=VECTOR('',#1582,3.E-1);
#1584=CARTESIAN_POINT('',(-6.3E-1,5.E-2,-1.5E-1));
#1585=LINE('',#1584,#1583);
#1586=CARTESIAN_POINT('',(-8.8E-1,5.E-2,-1.5E-1));
#1587=DIRECTION('',(0.E0,-1.E0,0.E0));
#1588=DIRECTION('',(0.E0,0.E0,-1.E0));
#1589=AXIS2_PLACEMENT_3D('',#1586,#1587,#1588);
#1591=DIRECTION('',(1.E0,0.E0,0.E0));
#1592=VECTOR('',#1591,3.E-1);
#1593=CARTESIAN_POINT('',(-1.18E0,5.E-2,-4.E-1));
#1594=LINE('',#1593,#1592);
#1595=DIRECTION('',(1.E0,0.E0,0.E0));
#1596=VECTOR('',#1595,8.E-2);
#1597=CARTESIAN_POINT('',(-1.18E0,5.E-2,-1.1E-1));
#1598=LINE('',#1597,#1596);
#1599=DIRECTION('',(0.E0,0.E0,-1.E0));
#1600=VECTOR('',#1599,2.2E-1);
#1601=CARTESIAN_POINT('',(-1.1E0,5.E-2,1.1E-1));
#1602=LINE('',#1601,#1600);
#1603=DIRECTION('',(-1.E0,0.E0,0.E0));
#1604=VECTOR('',#1603,8.E-2);
#1605=CARTESIAN_POINT('',(1.18E0,1.8E-1,-1.1E-1));
#1606=LINE('',#1605,#1604);
#1607=DIRECTION('',(0.E0,-1.E0,0.E0));
#1608=VECTOR('',#1607,1.8E-1);
#1609=CARTESIAN_POINT('',(1.18E0,1.8E-1,4.9E-1));
#1610=LINE('',#1609,#1608);
#1611=DIRECTION('',(0.E0,0.E0,-1.E0));
#1612=VECTOR('',#1611,3.8E-1);
#1613=CARTESIAN_POINT('',(1.18E0,1.8E-1,4.9E-1));
#1614=LINE('',#1613,#1612);
#1615=DIRECTION('',(0.E0,1.E0,0.E0));
#1616=VECTOR('',#1615,1.3E-1);
#1617=CARTESIAN_POINT('',(1.18E0,5.E-2,1.1E-1));
#1618=LINE('',#1617,#1616);
#1619=DIRECTION('',(0.E0,0.E0,-1.E0));
#1620=VECTOR('',#1619,2.9E-1);
#1621=CARTESIAN_POINT('',(1.18E0,5.E-2,4.E-1));
#1622=LINE('',#1621,#1620);
#1623=DIRECTION('',(0.E0,1.E0,0.E0));
#1624=VECTOR('',#1623,5.E-2);
#1625=CARTESIAN_POINT('',(1.18E0,0.E0,4.E-1));
#1626=LINE('',#1625,#1624);
#1627=DIRECTION('',(0.E0,0.E0,-1.E0));
#1628=VECTOR('',#1627,9.E-2);
#1629=CARTESIAN_POINT('',(1.18E0,0.E0,4.9E-1));
#1630=LINE('',#1629,#1628);
#1631=DIRECTION('',(0.E0,1.E0,0.E0));
#1632=VECTOR('',#1631,1.8E-1);
#1633=CARTESIAN_POINT('',(1.18E0,0.E0,-4.9E-1));
#1634=LINE('',#1633,#1632);
#1635=DIRECTION('',(0.E0,0.E0,-1.E0));
#1636=VECTOR('',#1635,9.E-2);
#1637=CARTESIAN_POINT('',(1.18E0,0.E0,-4.E-1));
#1638=LINE('',#1637,#1636);
#1639=DIRECTION('',(0.E0,1.E0,0.E0));
#1640=VECTOR('',#1639,5.E-2);
#1641=CARTESIAN_POINT('',(1.18E0,0.E0,-4.E-1));
#1642=LINE('',#1641,#1640);
#1643=DIRECTION('',(0.E0,0.E0,-1.E0));
#1644=VECTOR('',#1643,2.9E-1);
#1645=CARTESIAN_POINT('',(1.18E0,5.E-2,-1.1E-1));
#1646=LINE('',#1645,#1644);
#1647=DIRECTION('',(0.E0,1.E0,0.E0));
#1648=VECTOR('',#1647,1.3E-1);
#1649=CARTESIAN_POINT('',(1.18E0,5.E-2,-1.1E-1));
#1650=LINE('',#1649,#1648);
#1651=DIRECTION('',(0.E0,0.E0,-1.E0));
#1652=VECTOR('',#1651,3.8E-1);
#1653=CARTESIAN_POINT('',(1.18E0,1.8E-1,-1.1E-1));
#1654=LINE('',#1653,#1652);
#1655=DIRECTION('',(0.E0,1.E0,0.E0));
#1656=VECTOR('',#1655,5.E-2);
#1657=CARTESIAN_POINT('',(8.8E-1,0.E0,4.E-1));
#1658=LINE('',#1657,#1656);
#1659=DIRECTION('',(0.E0,1.E0,0.E0));
#1660=VECTOR('',#1659,5.E-2);
#1661=CARTESIAN_POINT('',(6.3E-1,0.E0,1.5E-1));
#1662=LINE('',#1661,#1660);
#1663=DIRECTION('',(0.E0,1.E0,0.E0));
#1664=VECTOR('',#1663,5.E-2);
#1665=CARTESIAN_POINT('',(6.3E-1,0.E0,-1.5E-1));
#1666=LINE('',#1665,#1664);
#1667=DIRECTION('',(0.E0,1.E0,0.E0));
#1668=VECTOR('',#1667,5.E-2);
#1669=CARTESIAN_POINT('',(8.8E-1,0.E0,-4.E-1));
#1670=LINE('',#1669,#1668);
#1671=DIRECTION('',(-1.E0,0.E0,0.E0));
#1672=VECTOR('',#1671,4.4E-1);
#1673=CARTESIAN_POINT('',(1.05E0,3.8E-1,-5.4E-1));
#1674=LINE('',#1673,#1672);
#1675=DIRECTION('',(1.E0,0.E0,0.E0));
#1676=VECTOR('',#1675,2.E-2);
#1677=CARTESIAN_POINT('',(5.9E-1,3.8E-1,-5.4E-1));
#1678=LINE('',#1677,#1676);
#1679=DIRECTION('',(0.E0,-1.E0,0.E0));
#1680=VECTOR('',#1679,3.8E-1);
#1681=CARTESIAN_POINT('',(5.9E-1,3.8E-1,-5.4E-1));
#1682=LINE('',#1681,#1680);
#1683=DIRECTION('',(0.E0,1.E0,0.E0));
#1684=VECTOR('',#1683,1.8E-1);
#1685=CARTESIAN_POINT('',(1.13E0,0.E0,-5.4E-1));
#1686=LINE('',#1685,#1684);
#1687=DIRECTION('',(0.E0,-1.E0,0.E0));
#1688=VECTOR('',#1687,2.E-1);
#1689=CARTESIAN_POINT('',(1.05E0,3.8E-1,-5.4E-1));
#1690=LINE('',#1689,#1688);
#1691=DIRECTION('',(0.E0,0.E0,-1.E0));
#1692=VECTOR('',#1691,1.194427191E-1);
#1693=CARTESIAN_POINT('',(5.9E-1,3.8E-1,4.7E-1));
#1694=LINE('',#1693,#1692);
#1695=DIRECTION('',(0.E0,-1.E0,0.E0));
#1696=VECTOR('',#1695,3.8E-1);
#1697=CARTESIAN_POINT('',(5.9E-1,3.8E-1,5.4E-1));
#1698=LINE('',#1697,#1696);
#1699=DIRECTION('',(0.E0,0.E0,-1.E0));
#1700=VECTOR('',#1699,1.194427191E-1);
#1701=CARTESIAN_POINT('',(5.9E-1,3.8E-1,-3.505572809E-1));
#1702=LINE('',#1701,#1700);
#1703=DIRECTION('',(0.E0,0.E0,1.E0));
#1704=VECTOR('',#1703,5.994576541331E-2);
#1705=CARTESIAN_POINT('',(6.1E-1,3.6E-1,3.700542345867E-1));
#1706=LINE('',#1705,#1704);
#1707=DIRECTION('',(-5.773502691896E-1,5.773502691896E-1,5.773502691896E-1));
#1708=VECTOR('',#1707,3.464101615138E-2);
#1709=CARTESIAN_POINT('',(6.1E-1,3.6E-1,4.5E-1));
#1710=LINE('',#1709,#1708);
#1711=CARTESIAN_POINT('',(6.1E-1,3.5E-1,5.2E-1));
#1712=DIRECTION('',(-1.E0,0.E0,0.E0));
#1713=DIRECTION('',(0.E0,0.E0,1.E0));
#1714=AXIS2_PLACEMENT_3D('',#1711,#1712,#1713);
#1716=DIRECTION('',(0.E0,-1.E0,0.E0));
#1717=VECTOR('',#1716,2.25E-1);
#1718=CARTESIAN_POINT('',(6.1E-1,3.5E-1,6.1E-1));
#1719=LINE('',#1718,#1717);
#1720=CARTESIAN_POINT('',(6.1E-1,3.57E-1,4.53E-1));
#1721=DIRECTION('',(-1.E0,0.E0,0.E0));
#1722=DIRECTION('',(0.E0,1.E0,0.E0));
#1723=AXIS2_PLACEMENT_3D('',#1720,#1721,#1722);
#1725=DIRECTION('',(0.E0,0.E0,-1.E0));
#1726=VECTOR('',#1725,6.E-2);
#1727=CARTESIAN_POINT('',(6.1E-1,1.25E-1,6.1E-1));
#1728=LINE('',#1727,#1726);
#1729=CARTESIAN_POINT('',(6.5E-1,7.E-2,6.4E-1));
#1730=DIRECTION('',(-1.E0,0.E0,0.E0));
#1731=DIRECTION('',(0.E0,0.E0,-1.E0));
#1732=AXIS2_PLACEMENT_3D('',#1729,#1730,#1731);
#1734=DIRECTION('',(0.E0,0.E0,-1.E0));
#1735=VECTOR('',#1734,6.E-2);
#1736=CARTESIAN_POINT('',(6.5E-1,8.5E-2,6.1E-1));
#1737=LINE('',#1736,#1735);
#1738=DIRECTION('',(0.E0,1.E0,0.E0));
#1739=VECTOR('',#1738,6.E-2);
#1740=CARTESIAN_POINT('',(6.5E-1,-2.E-2,8.85E-1));
#1741=LINE('',#1740,#1739);
#1742=DIRECTION('',(0.E0,0.E0,-1.E0));
#1743=VECTOR('',#1742,2.45E-1);
#1744=CARTESIAN_POINT('',(6.5E-1,-2.E-2,8.85E-1));
#1745=LINE('',#1744,#1743);
#1746=DIRECTION('',(1.E0,0.E0,0.E0));
#1747=VECTOR('',#1746,1.5E-1);
#1748=CARTESIAN_POINT('',(6.5E-1,-2.E-2,-6.4E-1));
#1749=LINE('',#1748,#1747);
#1750=DIRECTION('',(1.E0,0.E0,0.E0));
#1751=VECTOR('',#1750,1.5E-1);
#1752=CARTESIAN_POINT('',(6.5E-1,-2.E-2,-8.85E-1));
#1753=LINE('',#1752,#1751);
#1754=DIRECTION('',(-1.E0,0.E0,0.E0));
#1755=VECTOR('',#1754,1.5E-1);
#1756=CARTESIAN_POINT('',(-6.5E-1,-2.E-2,6.4E-1));
#1757=LINE('',#1756,#1755);
#1758=DIRECTION('',(-1.E0,0.E0,0.E0));
#1759=VECTOR('',#1758,1.5E-1);
#1760=CARTESIAN_POINT('',(-6.5E-1,-2.E-2,8.85E-1));
#1761=LINE('',#1760,#1759);
#1762=DIRECTION('',(-1.E0,0.E0,0.E0));
#1763=VECTOR('',#1762,1.5E-1);
#1764=CARTESIAN_POINT('',(8.E-1,-2.E-2,6.4E-1));
#1765=LINE('',#1764,#1763);
#1766=DIRECTION('',(-1.E0,0.E0,0.E0));
#1767=VECTOR('',#1766,1.5E-1);
#1768=CARTESIAN_POINT('',(8.E-1,-2.E-2,8.85E-1));
#1769=LINE('',#1768,#1767);
#1770=DIRECTION('',(1.E0,0.E0,0.E0));
#1771=VECTOR('',#1770,1.5E-1);
#1772=CARTESIAN_POINT('',(-8.E-1,-2.E-2,-6.4E-1));
#1773=LINE('',#1772,#1771);
#1774=DIRECTION('',(1.E0,0.E0,0.E0));
#1775=VECTOR('',#1774,1.5E-1);
#1776=CARTESIAN_POINT('',(-8.E-1,-2.E-2,-8.85E-1));
#1777=LINE('',#1776,#1775);
#1778=DIRECTION('',(0.E0,1.E0,0.E0));
#1779=VECTOR('',#1778,6.E-2);
#1780=CARTESIAN_POINT('',(6.5E-1,-2.E-2,-8.85E-1));
#1781=LINE('',#1780,#1779);
#1782=DIRECTION('',(1.E0,0.E0,0.E0));
#1783=VECTOR('',#1782,1.5E-1);
#1784=CARTESIAN_POINT('',(-8.E-1,4.E-2,-6.4E-1));
#1785=LINE('',#1784,#1783);
#1786=DIRECTION('',(0.E0,0.E0,-1.E0));
#1787=VECTOR('',#1786,2.45E-1);
#1788=CARTESIAN_POINT('',(-8.E-1,4.E-2,-6.4E-1));
#1789=LINE('',#1788,#1787);
#1790=DIRECTION('',(1.E0,0.E0,0.E0));
#1791=VECTOR('',#1790,1.5E-1);
#1792=CARTESIAN_POINT('',(-8.E-1,4.E-2,-8.85E-1));
#1793=LINE('',#1792,#1791);
#1794=DIRECTION('',(0.E0,0.E0,1.E0));
#1795=VECTOR('',#1794,2.45E-1);
#1796=CARTESIAN_POINT('',(-6.5E-1,4.E-2,-8.85E-1));
#1797=LINE('',#1796,#1795);
#1798=DIRECTION('',(1.E0,0.E0,0.E0));
#1799=VECTOR('',#1798,1.5E-1);
#1800=CARTESIAN_POINT('',(6.5E-1,4.E-2,-6.4E-1));
#1801=LINE('',#1800,#1799);
#1802=DIRECTION('',(0.E0,0.E0,-1.E0));
#1803=VECTOR('',#1802,2.45E-1);
#1804=CARTESIAN_POINT('',(6.5E-1,4.E-2,-6.4E-1));
#1805=LINE('',#1804,#1803);
#1806=DIRECTION('',(1.E0,0.E0,0.E0));
#1807=VECTOR('',#1806,1.5E-1);
#1808=CARTESIAN_POINT('',(6.5E-1,4.E-2,-8.85E-1));
#1809=LINE('',#1808,#1807);
#1810=DIRECTION('',(0.E0,0.E0,1.E0));
#1811=VECTOR('',#1810,2.45E-1);
#1812=CARTESIAN_POINT('',(8.E-1,4.E-2,-8.85E-1));
#1813=LINE('',#1812,#1811);
#1814=DIRECTION('',(-1.E0,0.E0,0.E0));
#1815=VECTOR('',#1814,1.5E-1);
#1816=CARTESIAN_POINT('',(8.E-1,4.E-2,6.4E-1));
#1817=LINE('',#1816,#1815);
#1818=DIRECTION('',(0.E0,0.E0,1.E0));
#1819=VECTOR('',#1818,2.45E-1);
#1820=CARTESIAN_POINT('',(8.E-1,4.E-2,6.4E-1));
#1821=LINE('',#1820,#1819);
#1822=DIRECTION('',(-1.E0,0.E0,0.E0));
#1823=VECTOR('',#1822,1.5E-1);
#1824=CARTESIAN_POINT('',(8.E-1,4.E-2,8.85E-1));
#1825=LINE('',#1824,#1823);
#1826=DIRECTION('',(0.E0,0.E0,-1.E0));
#1827=VECTOR('',#1826,2.45E-1);
#1828=CARTESIAN_POINT('',(6.5E-1,4.E-2,8.85E-1));
#1829=LINE('',#1828,#1827);
#1830=DIRECTION('',(-1.E0,0.E0,0.E0));
#1831=VECTOR('',#1830,1.5E-1);
#1832=CARTESIAN_POINT('',(-6.5E-1,4.E-2,6.4E-1));
#1833=LINE('',#1832,#1831);
#1834=DIRECTION('',(0.E0,0.E0,1.E0));
#1835=VECTOR('',#1834,2.45E-1);
#1836=CARTESIAN_POINT('',(-6.5E-1,4.E-2,6.4E-1));
#1837=LINE('',#1836,#1835);
#1838=DIRECTION('',(-1.E0,0.E0,0.E0));
#1839=VECTOR('',#1838,1.5E-1);
#1840=CARTESIAN_POINT('',(-6.5E-1,4.E-2,8.85E-1));
#1841=LINE('',#1840,#1839);
#1842=DIRECTION('',(0.E0,0.E0,-1.E0));
#1843=VECTOR('',#1842,2.45E-1);
#1844=CARTESIAN_POINT('',(-8.E-1,4.E-2,8.85E-1));
#1845=LINE('',#1844,#1843);
#1846=CARTESIAN_POINT('',(-8.E-1,7.E-2,-6.4E-1));
#1847=DIRECTION('',(1.E0,0.E0,0.E0));
#1848=DIRECTION('',(0.E0,0.E0,1.E0));
#1849=AXIS2_PLACEMENT_3D('',#1846,#1847,#1848);
#1851=CARTESIAN_POINT('',(-6.5E-1,7.E-2,-6.4E-1));
#1852=DIRECTION('',(-1.E0,0.E0,0.E0));
#1853=DIRECTION('',(0.E0,-1.E0,0.E0));
#1854=AXIS2_PLACEMENT_3D('',#1851,#1852,#1853);
#1856=CARTESIAN_POINT('',(-8.E-1,7.E-2,-6.4E-1));
#1857=DIRECTION('',(-1.E0,0.E0,0.E0));
#1858=DIRECTION('',(0.E0,-1.E0,0.E0));
#1859=AXIS2_PLACEMENT_3D('',#1856,#1857,#1858);
#1861=DIRECTION('',(0.E0,0.E0,-1.E0));
#1862=VECTOR('',#1861,2.45E-1);
#1863=CARTESIAN_POINT('',(-8.E-1,-2.E-2,-6.4E-1));
#1864=LINE('',#1863,#1862);
#1865=DIRECTION('',(0.E0,0.E0,1.E0));
#1866=VECTOR('',#1865,6.E-2);
#1867=CARTESIAN_POINT('',(-8.E-1,7.E-2,-6.1E-1));
#1868=LINE('',#1867,#1866);
#1869=CARTESIAN_POINT('',(-6.5E-1,7.E-2,-6.4E-1));
#1870=DIRECTION('',(1.E0,0.E0,0.E0));
#1871=DIRECTION('',(0.E0,0.E0,1.E0));
#1872=AXIS2_PLACEMENT_3D('',#1869,#1870,#1871);
#1874=DIRECTION('',(0.E0,1.E0,0.E0));
#1875=VECTOR('',#1874,6.E-2);
#1876=CARTESIAN_POINT('',(-6.5E-1,-2.E-2,-8.85E-1));
#1877=LINE('',#1876,#1875);
#1878=DIRECTION('',(0.E0,0.E0,1.E0));
#1879=VECTOR('',#1878,2.45E-1);
#1880=CARTESIAN_POINT('',(-6.5E-1,-2.E-2,-8.85E-1));
#1881=LINE('',#1880,#1879);
#1882=DIRECTION('',(0.E0,0.E0,1.E0));
#1883=VECTOR('',#1882,6.E-2);
#1884=CARTESIAN_POINT('',(-6.5E-1,8.5E-2,-6.1E-1));
#1885=LINE('',#1884,#1883);
#1886=CARTESIAN_POINT('',(-6.1E-1,3.5E-1,-5.2E-1));
#1887=DIRECTION('',(1.E0,0.E0,0.E0));
#1888=DIRECTION('',(0.E0,0.E0,-1.E0));
#1889=AXIS2_PLACEMENT_3D('',#1886,#1887,#1888);
#1891=DIRECTION('',(0.E0,-1.E0,0.E0));
#1892=VECTOR('',#1891,2.25E-1);
#1893=CARTESIAN_POINT('',(-6.1E-1,3.5E-1,-6.1E-1));
#1894=LINE('',#1893,#1892);
#1895=DIRECTION('',(0.E0,0.E0,1.E0));
#1896=VECTOR('',#1895,6.E-2);
#1897=CARTESIAN_POINT('',(-6.1E-1,1.25E-1,-6.1E-1));
#1898=LINE('',#1897,#1896);
#1899=CARTESIAN_POINT('',(-6.1E-1,3.57E-1,-4.53E-1));
#1900=DIRECTION('',(1.E0,0.E0,0.E0));
#1901=DIRECTION('',(0.E0,1.E0,0.E0));
#1902=AXIS2_PLACEMENT_3D('',#1899,#1900,#1901);
#1904=DIRECTION('',(0.E0,-1.E0,0.E0));
#1905=VECTOR('',#1904,2.E-2);
#1906=CARTESIAN_POINT('',(-6.1E-1,3.8E-1,-4.3E-1));
#1907=LINE('',#1906,#1905);
#1908=DIRECTION('',(0.E0,-1.E0,0.E0));
#1909=VECTOR('',#1908,6.E-2);
#1910=CARTESIAN_POINT('',(-6.1E-1,3.6E-1,-4.3E-1));
#1911=LINE('',#1910,#1909);
#1912=DIRECTION('',(0.E0,0.E0,1.E0));
#1913=VECTOR('',#1912,2.E-2);
#1914=CARTESIAN_POINT('',(-6.1E-1,3.6E-1,-4.5E-1));
#1915=LINE('',#1914,#1913);
#1916=DIRECTION('',(0.E0,-1.E0,0.E0));
#1917=VECTOR('',#1916,5.7E-2);
#1918=CARTESIAN_POINT('',(-6.1E-1,3.57E-1,-3.7E-1));
#1919=LINE('',#1918,#1917);
#1920=CARTESIAN_POINT('',(-6.1E-1,3.57E-1,-4.53E-1));
#1921=DIRECTION('',(1.E0,0.E0,0.E0));
#1922=DIRECTION('',(0.E0,3.614457831325E-2,9.993465712447E-1));
#1923=AXIS2_PLACEMENT_3D('',#1920,#1921,#1922);
#1925=DIRECTION('',(0.E0,0.E0,1.E0));
#1926=VECTOR('',#1925,2.005423458669E-2);
#1927=CARTESIAN_POINT('',(-6.1E-1,3.6E-1,-3.700542345867E-1));
#1928=LINE('',#1927,#1926);
#1929=DIRECTION('',(0.E0,0.E0,1.E0));
#1930=VECTOR('',#1929,6.E-2);
#1931=CARTESIAN_POINT('',(-7.75E-1,3.E-1,-4.3E-1));
#1932=LINE('',#1931,#1930);
#1933=DIRECTION('',(1.E0,0.E0,0.E0));
#1934=VECTOR('',#1933,1.65E-1);
#1935=CARTESIAN_POINT('',(-7.75E-1,3.E-1,-3.7E-1));
#1936=LINE('',#1935,#1934);
#1937=DIRECTION('',(0.E0,0.E0,-1.E0));
#1938=VECTOR('',#1937,2.E-2);
#1939=CARTESIAN_POINT('',(-6.1E-1,3.E-1,-3.5E-1));
#1940=LINE('',#1939,#1938);
#1941=DIRECTION('',(0.E0,0.E0,1.E0));
#1942=VECTOR('',#1941,9.E-2);
#1943=CARTESIAN_POINT('',(-7.85E-1,3.E-1,-4.4E-1));
#1944=LINE('',#1943,#1942);
#1945=DIRECTION('',(-1.E0,0.E0,0.E0));
#1946=VECTOR('',#1945,1.75E-1);
#1947=CARTESIAN_POINT('',(-6.1E-1,3.E-1,-4.4E-1));
#1948=LINE('',#1947,#1946);
#1949=DIRECTION('',(0.E0,0.E0,-1.E0));
#1950=VECTOR('',#1949,1.E-2);
#1951=CARTESIAN_POINT('',(-6.1E-1,3.E-1,-4.3E-1));
#1952=LINE('',#1951,#1950);
#1953=DIRECTION('',(-1.E0,0.E0,0.E0));
#1954=VECTOR('',#1953,1.65E-1);
#1955=CARTESIAN_POINT('',(-6.1E-1,3.E-1,-4.3E-1));
#1956=LINE('',#1955,#1954);
#1957=DIRECTION('',(1.E0,0.E0,0.E0));
#1958=VECTOR('',#1957,1.65E-1);
#1959=CARTESIAN_POINT('',(6.1E-1,3.E-1,-3.7E-1));
#1960=LINE('',#1959,#1958);
#1961=DIRECTION('',(0.E0,0.E0,1.E0));
#1962=VECTOR('',#1961,6.E-2);
#1963=CARTESIAN_POINT('',(7.75E-1,3.E-1,-4.3E-1));
#1964=LINE('',#1963,#1962);
#1965=DIRECTION('',(-1.E0,0.E0,0.E0));
#1966=VECTOR('',#1965,1.65E-1);
#1967=CARTESIAN_POINT('',(7.75E-1,3.E-1,-4.3E-1));
#1968=LINE('',#1967,#1966);
#1969=DIRECTION('',(0.E0,0.E0,1.E0));
#1970=VECTOR('',#1969,1.E-2);
#1971=CARTESIAN_POINT('',(6.1E-1,3.E-1,-4.4E-1));
#1972=LINE('',#1971,#1970);
#1973=DIRECTION('',(-1.E0,0.E0,0.E0));
#1974=VECTOR('',#1973,1.75E-1);
#1975=CARTESIAN_POINT('',(7.85E-1,3.E-1,-4.4E-1));
#1976=LINE('',#1975,#1974);
#1977=DIRECTION('',(0.E0,0.E0,-1.E0));
#1978=VECTOR('',#1977,9.E-2);
#1979=CARTESIAN_POINT('',(7.85E-1,3.E-1,-3.5E-1));
#1980=LINE('',#1979,#1978);
#1981=DIRECTION('',(0.E0,0.E0,1.E0));
#1982=VECTOR('',#1981,2.E-2);
#1983=CARTESIAN_POINT('',(6.1E-1,3.E-1,-3.7E-1));
#1984=LINE('',#1983,#1982);
#1985=DIRECTION('',(0.E0,0.E0,-1.E0));
#1986=VECTOR('',#1985,6.E-2);
#1987=CARTESIAN_POINT('',(7.75E-1,3.E-1,4.3E-1));
#1988=LINE('',#1987,#1986);
#1989=DIRECTION('',(-1.E0,0.E0,0.E0));
#1990=VECTOR('',#1989,1.65E-1);
#1991=CARTESIAN_POINT('',(7.75E-1,3.E-1,3.7E-1));
#1992=LINE('',#1991,#1990);
#1993=DIRECTION('',(0.E0,0.E0,1.E0));
#1994=VECTOR('',#1993,2.E-2);
#1995=CARTESIAN_POINT('',(6.1E-1,3.E-1,3.5E-1));
#1996=LINE('',#1995,#1994);
#1997=DIRECTION('',(0.E0,0.E0,-1.E0));
#1998=VECTOR('',#1997,9.E-2);
#1999=CARTESIAN_POINT('',(7.85E-1,3.E-1,4.4E-1));
#2000=LINE('',#1999,#1998);
#2001=DIRECTION('',(1.E0,0.E0,0.E0));
#2002=VECTOR('',#2001,1.75E-1);
#2003=CARTESIAN_POINT('',(6.1E-1,3.E-1,4.4E-1));
#2004=LINE('',#2003,#2002);
#2005=DIRECTION('',(0.E0,0.E0,1.E0));
#2006=VECTOR('',#2005,1.E-2);
#2007=CARTESIAN_POINT('',(6.1E-1,3.E-1,4.3E-1));
#2008=LINE('',#2007,#2006);
#2009=DIRECTION('',(1.E0,0.E0,0.E0));
#2010=VECTOR('',#2009,1.65E-1);
#2011=CARTESIAN_POINT('',(6.1E-1,3.E-1,4.3E-1));
#2012=LINE('',#2011,#2010);
#2013=DIRECTION('',(-1.E0,0.E0,0.E0));
#2014=VECTOR('',#2013,1.65E-1);
#2015=CARTESIAN_POINT('',(-6.1E-1,3.E-1,3.7E-1));
#2016=LINE('',#2015,#2014);
#2017=DIRECTION('',(0.E0,0.E0,-1.E0));
#2018=VECTOR('',#2017,6.E-2);
#2019=CARTESIAN_POINT('',(-7.75E-1,3.E-1,4.3E-1));
#2020=LINE('',#2019,#2018);
#2021=DIRECTION('',(1.E0,0.E0,0.E0));
#2022=VECTOR('',#2021,1.65E-1);
#2023=CARTESIAN_POINT('',(-7.75E-1,3.E-1,4.3E-1));
#2024=LINE('',#2023,#2022);
#2025=DIRECTION('',(0.E0,0.E0,-1.E0));
#2026=VECTOR('',#2025,1.E-2);
#2027=CARTESIAN_POINT('',(-6.1E-1,3.E-1,4.4E-1));
#2028=LINE('',#2027,#2026);
#2029=DIRECTION('',(1.E0,0.E0,0.E0));
#2030=VECTOR('',#2029,1.75E-1);
#2031=CARTESIAN_POINT('',(-7.85E-1,3.E-1,4.4E-1));
#2032=LINE('',#2031,#2030);
#2033=DIRECTION('',(0.E0,0.E0,1.E0));
#2034=VECTOR('',#2033,9.E-2);
#2035=CARTESIAN_POINT('',(-7.85E-1,3.E-1,3.5E-1));
#2036=LINE('',#2035,#2034);
#2037=DIRECTION('',(0.E0,0.E0,-1.E0));
#2038=VECTOR('',#2037,2.E-2);
#2039=CARTESIAN_POINT('',(-6.1E-1,3.E-1,3.7E-1));
#2040=LINE('',#2039,#2038);
#2041=CARTESIAN_POINT('',(-7.75E-1,3.57E-1,-4.53E-1));
#2042=DIRECTION('',(-1.E0,0.E0,0.E0));
#2043=DIRECTION('',(0.E0,0.E0,1.E0));
#2044=AXIS2_PLACEMENT_3D('',#2041,#2042,#2043);
#2046=DIRECTION('',(0.E0,-1.E0,0.E0));
#2047=VECTOR('',#2046,8.E-2);
#2048=CARTESIAN_POINT('',(-7.75E-1,3.8E-1,-4.3E-1));
#2049=LINE('',#2048,#2047);
#2050=DIRECTION('',(0.E0,1.E0,0.E0));
#2051=VECTOR('',#2050,5.674960814951E-2);
#2052=CARTESIAN_POINT('',(-7.75E-1,3.8E-1,-4.3E-1));
#2053=LINE('',#2052,#2051);
#2054=DIRECTION('',(1.E0,0.E0,0.E0));
#2055=VECTOR('',#2054,1.65E-1);
#2056=CARTESIAN_POINT('',(-7.75E-1,3.57E-1,-3.7E-1));
#2057=LINE('',#2056,#2055);
#2058=DIRECTION('',(0.E0,1.E0,0.E0));
#2059=VECTOR('',#2058,5.7E-2);
#2060=CARTESIAN_POINT('',(-7.75E-1,3.E-1,-3.7E-1));
#2061=LINE('',#2060,#2059);
#2062=CARTESIAN_POINT('',(-7.75E-1,4.367496081495E-1,-4.3E-1));
#2063=CARTESIAN_POINT('',(-7.75E-1,4.375560020818E-1,-4.327960695703E-1));
#2064=CARTESIAN_POINT('',(-7.757759399855E-1,4.388704710255E-1,
-4.384729541103E-1));
#2065=CARTESIAN_POINT('',(-7.795136677208E-1,4.398722477429E-1,
-4.466514443998E-1));
#2066=CARTESIAN_POINT('',(-7.834703744073E-1,4.4E-1,-4.511004402032E-1));
#2067=CARTESIAN_POINT('',(-7.857386397157E-1,4.4E-1,-4.53E-1));
#2069=DIRECTION('',(0.E0,1.E0,0.E0));
#2070=VECTOR('',#2069,6.E-2);
#2071=CARTESIAN_POINT('',(-8.05E-1,3.8E-1,-4.6E-1));
#2072=LINE('',#2071,#2070);
#2073=DIRECTION('',(0.E0,1.E0,0.E0));
#2074=VECTOR('',#2073,6.E-2);
#2075=CARTESIAN_POINT('',(-8.6E-1,3.8E-1,-4.6E-1));
#2076=LINE('',#2075,#2074);
#2077=DIRECTION('',(0.E0,1.E0,0.E0));
#2078=VECTOR('',#2077,6.E-2);
#2079=CARTESIAN_POINT('',(-8.9E-1,3.8E-1,-4.3E-1));
#2080=LINE('',#2079,#2078);
#2081=DIRECTION('',(0.E0,1.E0,0.E0));
#2082=VECTOR('',#2081,6.E-2);
#2083=CARTESIAN_POINT('',(-8.9E-1,3.8E-1,4.3E-1));
#2084=LINE('',#2083,#2082);
#2085=DIRECTION('',(0.E0,1.E0,0.E0));
#2086=VECTOR('',#2085,6.E-2);
#2087=CARTESIAN_POINT('',(-8.6E-1,3.8E-1,4.6E-1));
#2088=LINE('',#2087,#2086);
#2089=DIRECTION('',(0.E0,1.E0,0.E0));
#2090=VECTOR('',#2089,6.E-2);
#2091=CARTESIAN_POINT('',(-8.05E-1,3.8E-1,4.6E-1));
#2092=LINE('',#2091,#2090);
#2093=CARTESIAN_POINT('',(-7.857386397157E-1,4.4E-1,4.53E-1));
#2094=CARTESIAN_POINT('',(-7.834504326713E-1,4.4E-1,4.510837399875E-1));
#2095=CARTESIAN_POINT('',(-7.794679337856E-1,4.398729558233E-1,
4.466048481346E-1));
#2096=CARTESIAN_POINT('',(-7.757202452253E-1,4.388377520319E-1,
4.382837697222E-1));
#2097=CARTESIAN_POINT('',(-7.75E-1,4.375325423835E-1,4.327147260158E-1));
#2098=CARTESIAN_POINT('',(-7.75E-1,4.367496081495E-1,4.3E-1));
#2100=DIRECTION('',(0.E0,1.E0,0.E0));
#2101=VECTOR('',#2100,5.674960814951E-2);
#2102=CARTESIAN_POINT('',(-7.75E-1,3.8E-1,4.3E-1));
#2103=LINE('',#2102,#2101);
#2104=CARTESIAN_POINT('',(-7.75E-1,3.57E-1,4.53E-1));
#2105=DIRECTION('',(-1.E0,0.E0,0.E0));
#2106=DIRECTION('',(0.E0,9.608386524037E-1,-2.771084337349E-1));
#2107=AXIS2_PLACEMENT_3D('',#2104,#2105,#2106);
#2109=DIRECTION('',(0.E0,1.E0,0.E0));
#2110=VECTOR('',#2109,5.7E-2);
#2111=CARTESIAN_POINT('',(-7.75E-1,3.E-1,3.7E-1));
#2112=LINE('',#2111,#2110);
#2113=DIRECTION('',(0.E0,-1.E0,0.E0));
#2114=VECTOR('',#2113,8.E-2);
#2115=CARTESIAN_POINT('',(-7.75E-1,3.8E-1,4.3E-1));
#2116=LINE('',#2115,#2114);
#2117=DIRECTION('',(0.E0,-1.E0,0.E0));
#2118=VECTOR('',#2117,6.E-2);
#2119=CARTESIAN_POINT('',(-6.1E-1,3.6E-1,4.3E-1));
#2120=LINE('',#2119,#2118);
#2121=DIRECTION('',(0.E0,0.E0,1.E0));
#2122=VECTOR('',#2121,2.E-2);
#2123=CARTESIAN_POINT('',(-6.1E-1,3.6E-1,4.3E-1));
#2124=LINE('',#2123,#2122);
#2125=DIRECTION('',(0.E0,7.071067811865E-1,7.071067811866E-1));
#2126=VECTOR('',#2125,1.414213562373E-2);
#2127=CARTESIAN_POINT('',(-6.1E-1,3.5E-1,4.4E-1));
#2128=LINE('',#2127,#2126);
#2129=DIRECTION('',(0.E0,-1.E0,0.E0));
#2130=VECTOR('',#2129,5.E-2);
#2131=CARTESIAN_POINT('',(-6.1E-1,3.5E-1,4.4E-1));
#2132=LINE('',#2131,#2130);
#2133=DIRECTION('',(0.E0,-1.E0,0.E0));
#2134=VECTOR('',#2133,5.7E-2);
#2135=CARTESIAN_POINT('',(-6.1E-1,3.57E-1,3.7E-1));
#2136=LINE('',#2135,#2134);
#2137=DIRECTION('',(0.E0,0.E0,1.E0));
#2138=VECTOR('',#2137,2.005423458669E-2);
#2139=CARTESIAN_POINT('',(-6.1E-1,3.6E-1,3.5E-1));
#2140=LINE('',#2139,#2138);
#2141=CARTESIAN_POINT('',(-6.1E-1,3.57E-1,4.53E-1));
#2142=DIRECTION('',(1.E0,0.E0,0.E0));
#2143=DIRECTION('',(0.E0,0.E0,-1.E0));
#2144=AXIS2_PLACEMENT_3D('',#2141,#2142,#2143);
#2146=DIRECTION('',(-1.E0,0.E0,0.E0));
#2147=VECTOR('',#2146,2.05E-1);
#2148=CARTESIAN_POINT('',(-6.1E-1,3.8E-1,4.7E-1));
#2149=LINE('',#2148,#2147);
#2150=DIRECTION('',(-5.773502691896E-1,5.773502691896E-1,5.773502691896E-1));
#2151=VECTOR('',#2150,5.196152422707E-2);
#2152=CARTESIAN_POINT('',(-7.85E-1,3.5E-1,4.4E-1));
#2153=LINE('',#2152,#2151);
#2154=DIRECTION('',(5.773502691896E-1,5.773502691896E-1,5.773502691896E-1));
#2155=VECTOR('',#2154,3.464101615138E-2);
#2156=CARTESIAN_POINT('',(-6.1E-1,3.6E-1,4.5E-1));
#2157=LINE('',#2156,#2155);
#2158=DIRECTION('',(0.E0,0.E0,-1.E0));
#2159=VECTOR('',#2158,1.E-2);
#2160=CARTESIAN_POINT('',(-8.15E-1,3.8E-1,4.7E-1));
#2161=LINE('',#2160,#2159);
#2162=CARTESIAN_POINT('',(-2.2E-1,3.7E-1,4.4E-1));
#2163=DIRECTION('',(1.E0,0.E0,0.E0));
#2164=DIRECTION('',(0.E0,0.E0,-1.E0));
#2165=AXIS2_PLACEMENT_3D('',#2162,#2163,#2164);
#2167=CARTESIAN_POINT('',(-4.8E-1,3.7E-1,4.4E-1));
#2168=DIRECTION('',(1.E0,0.E0,0.E0));
#2169=DIRECTION('',(0.E0,0.E0,-1.E0));
#2170=AXIS2_PLACEMENT_3D('',#2167,#2168,#2169);
#2172=CARTESIAN_POINT('',(1.3E-1,3.7E-1,4.4E-1));
#2173=DIRECTION('',(1.E0,0.E0,0.E0));
#2174=DIRECTION('',(0.E0,0.E0,-1.E0));
#2175=AXIS2_PLACEMENT_3D('',#2172,#2173,#2174);
#2177=CARTESIAN_POINT('',(-1.3E-1,3.7E-1,4.4E-1));
#2178=DIRECTION('',(1.E0,0.E0,0.E0));
#2179=DIRECTION('',(0.E0,0.E0,-1.E0));
#2180=AXIS2_PLACEMENT_3D('',#2177,#2178,#2179);
#2182=CARTESIAN_POINT('',(4.8E-1,3.7E-1,4.4E-1));
#2183=DIRECTION('',(1.E0,0.E0,0.E0));
#2184=DIRECTION('',(0.E0,0.E0,-1.E0));
#2185=AXIS2_PLACEMENT_3D('',#2182,#2183,#2184);
#2187=CARTESIAN_POINT('',(2.2E-1,3.7E-1,4.4E-1));
#2188=DIRECTION('',(1.E0,0.E0,0.E0));
#2189=DIRECTION('',(0.E0,0.E0,-1.E0));
#2190=AXIS2_PLACEMENT_3D('',#2187,#2188,#2189);
#2192=CARTESIAN_POINT('',(-5.9E-1,3.7E-1,4.4E-1));
#2193=DIRECTION('',(1.E0,0.E0,0.E0));
#2194=DIRECTION('',(0.E0,1.111111111111E-1,-9.938079899999E-1));
#2195=AXIS2_PLACEMENT_3D('',#2192,#2193,#2194);
#2197=CARTESIAN_POINT('',(-6.E-1,3.7E-1,3.5E-1));
#2198=CARTESIAN_POINT('',(-5.966614825959E-1,3.733385174041E-1,3.5E-1));
#2199=CARTESIAN_POINT('',(-5.933281331879E-1,3.766718668121E-1,
3.501851842977E-1));
#2200=CARTESIAN_POINT('',(-5.9E-1,3.8E-1,3.505572809E-1));
#2202=CARTESIAN_POINT('',(-5.7E-1,3.7E-1,4.4E-1));
#2203=DIRECTION('',(1.E0,0.E0,0.E0));
#2204=DIRECTION('',(0.E0,0.E0,-1.E0));
#2205=AXIS2_PLACEMENT_3D('',#2202,#2203,#2204);
#2207=CARTESIAN_POINT('',(5.9E-1,3.7E-1,4.4E-1));
#2208=DIRECTION('',(1.E0,0.E0,0.E0));
#2209=DIRECTION('',(0.E0,1.111111111111E-1,-9.938079899999E-1));
#2210=AXIS2_PLACEMENT_3D('',#2207,#2208,#2209);
#2212=CARTESIAN_POINT('',(5.7E-1,3.7E-1,4.4E-1));
#2213=DIRECTION('',(1.E0,0.E0,0.E0));
#2214=DIRECTION('',(0.E0,0.E0,-1.E0));
#2215=AXIS2_PLACEMENT_3D('',#2212,#2213,#2214);
#2217=CARTESIAN_POINT('',(5.9E-1,3.8E-1,3.505572809E-1));
#2218=CARTESIAN_POINT('',(5.933281331879E-1,3.766718668121E-1,
3.501851842977E-1));
#2219=CARTESIAN_POINT('',(5.966614825959E-1,3.733385174041E-1,3.5E-1));
#2220=CARTESIAN_POINT('',(6.E-1,3.7E-1,3.5E-1));
#2222=DIRECTION('',(-1.E0,0.E0,0.E0));
#2223=VECTOR('',#2222,4.5E-2);
#2224=CARTESIAN_POINT('',(-8.15E-1,3.8E-1,3.505572809E-1));
#2225=LINE('',#2224,#2223);
#2226=DIRECTION('',(1.E0,0.E0,-1.233581138472E-14));
#2227=VECTOR('',#2226,4.5E-2);
#2228=CARTESIAN_POINT('',(-8.5E-1,3.7E-1,3.5E-1));
#2229=LINE('',#2228,#2227);
#2230=CARTESIAN_POINT('',(-8.15E-1,3.8E-1,3.505572809E-1));
#2231=CARTESIAN_POINT('',(-8.116718668121E-1,3.766718668121E-1,
3.501851842977E-1));
#2232=CARTESIAN_POINT('',(-8.083385174041E-1,3.733385174041E-1,3.5E-1));
#2233=CARTESIAN_POINT('',(-8.05E-1,3.7E-1,3.5E-1));
#2235=DIRECTION('',(1.E0,0.E0,-1.603655480014E-14));
#2236=VECTOR('',#2235,4.5E-2);
#2237=CARTESIAN_POINT('',(8.05E-1,3.7E-1,3.5E-1));
#2238=LINE('',#2237,#2236);
#2239=DIRECTION('',(-1.E0,0.E0,0.E0));
#2240=VECTOR('',#2239,4.5E-2);
#2241=CARTESIAN_POINT('',(8.6E-1,3.8E-1,3.505572809E-1));
#2242=LINE('',#2241,#2240);
#2243=CARTESIAN_POINT('',(8.05E-1,3.7E-1,3.5E-1));
#2244=CARTESIAN_POINT('',(8.083385174041E-1,3.733385174041E-1,3.5E-1));
#2245=CARTESIAN_POINT('',(8.116718668121E-1,3.766718668121E-1,
3.501851842977E-1));
#2246=CARTESIAN_POINT('',(8.15E-1,3.8E-1,3.505572809E-1));
#2248=DIRECTION('',(0.E0,0.E0,1.E0));
#2249=VECTOR('',#2248,1.E-1);
#2250=CARTESIAN_POINT('',(-5.9E-1,4.6E-1,4.4E-1));
#2251=LINE('',#2250,#2249);
#2252=DIRECTION('',(1.E0,0.E0,0.E0));
#2253=VECTOR('',#2252,2.E-2);
#2254=CARTESIAN_POINT('',(-5.9E-1,4.6E-1,4.4E-1));
#2255=LINE('',#2254,#2253);
#2256=DIRECTION('',(1.E0,0.E0,0.E0));
#2257=VECTOR('',#2256,9.E-2);
#2258=CARTESIAN_POINT('',(-5.7E-1,4.6E-1,4.2E-1));
#2259=LINE('',#2258,#2257);
#2260=DIRECTION('',(1.E0,0.E0,0.E0));
#2261=VECTOR('',#2260,2.6E-1);
#2262=CARTESIAN_POINT('',(-4.8E-1,4.6E-1,4.4E-1));
#2263=LINE('',#2262,#2261);
#2264=DIRECTION('',(1.E0,0.E0,0.E0));
#2265=VECTOR('',#2264,9.E-2);
#2266=CARTESIAN_POINT('',(-2.2E-1,4.6E-1,4.2E-1));
#2267=LINE('',#2266,#2265);
#2268=DIRECTION('',(1.E0,0.E0,0.E0));
#2269=VECTOR('',#2268,2.6E-1);
#2270=CARTESIAN_POINT('',(-1.3E-1,4.6E-1,4.4E-1));
#2271=LINE('',#2270,#2269);
#2272=DIRECTION('',(1.E0,0.E0,0.E0));
#2273=VECTOR('',#2272,9.E-2);
#2274=CARTESIAN_POINT('',(1.3E-1,4.6E-1,4.2E-1));
#2275=LINE('',#2274,#2273);
#2276=DIRECTION('',(1.E0,0.E0,0.E0));
#2277=VECTOR('',#2276,2.6E-1);
#2278=CARTESIAN_POINT('',(2.2E-1,4.6E-1,4.4E-1));
#2279=LINE('',#2278,#2277);
#2280=DIRECTION('',(1.E0,0.E0,0.E0));
#2281=VECTOR('',#2280,9.E-2);
#2282=CARTESIAN_POINT('',(4.8E-1,4.6E-1,4.2E-1));
#2283=LINE('',#2282,#2281);
#2284=DIRECTION('',(1.E0,0.E0,0.E0));
#2285=VECTOR('',#2284,2.E-2);
#2286=CARTESIAN_POINT('',(5.7E-1,4.6E-1,4.4E-1));
#2287=LINE('',#2286,#2285);
#2288=DIRECTION('',(0.E0,0.E0,1.E0));
#2289=VECTOR('',#2288,1.E-1);
#2290=CARTESIAN_POINT('',(5.9E-1,4.6E-1,4.4E-1));
#2291=LINE('',#2290,#2289);
#2292=DIRECTION('',(0.E0,0.E0,1.E0));
#2293=VECTOR('',#2292,2.E-2);
#2294=CARTESIAN_POINT('',(-5.7E-1,4.6E-1,-4.4E-1));
#2295=LINE('',#2294,#2293);
#2296=DIRECTION('',(0.E0,-3.939192985792E-1,9.191450300181E-1));
#2297=VECTOR('',#2296,7.615773105864E-2);
#2298=CARTESIAN_POINT('',(-5.7E-1,4.6E-1,-4.2E-1));
#2299=LINE('',#2298,#2297);
#2300=DIRECTION('',(0.E0,-1.E0,0.E0));
#2301=VECTOR('',#2300,6.E-2);
#2302=CARTESIAN_POINT('',(-5.7E-1,4.3E-1,-3.5E-1));
#2303=LINE('',#2302,#2301);
#2304=DIRECTION('',(0.E0,1.E0,0.E0));
#2305=VECTOR('',#2304,6.E-2);
#2306=CARTESIAN_POINT('',(-5.7E-1,3.7E-1,3.5E-1));
#2307=LINE('',#2306,#2305);
#2308=DIRECTION('',(0.E0,3.939192985792E-1,9.191450300181E-1));
#2309=VECTOR('',#2308,7.615773105864E-2);
#2310=CARTESIAN_POINT('',(-5.7E-1,4.3E-1,3.5E-1));
#2311=LINE('',#2310,#2309);
#2312=DIRECTION('',(0.E0,0.E0,1.E0));
#2313=VECTOR('',#2312,2.E-2);
#2314=CARTESIAN_POINT('',(-5.7E-1,4.6E-1,4.2E-1));
#2315=LINE('',#2314,#2313);
#2316=DIRECTION('',(1.E0,0.E0,0.E0));
#2317=VECTOR('',#2316,9.E-2);
#2318=CARTESIAN_POINT('',(-5.7E-1,4.6E-1,-4.2E-1));
#2319=LINE('',#2318,#2317);
#2320=DIRECTION('',(0.E0,-1.E0,0.E0));
#2321=VECTOR('',#2320,6.E-2);
#2322=CARTESIAN_POINT('',(-4.8E-1,4.3E-1,-3.5E-1));
#2323=LINE('',#2322,#2321);
#2324=DIRECTION('',(0.E0,-3.939192985792E-1,9.191450300181E-1));
#2325=VECTOR('',#2324,7.615773105864E-2);
#2326=CARTESIAN_POINT('',(-4.8E-1,4.6E-1,-4.2E-1));
#2327=LINE('',#2326,#2325);
#2328=DIRECTION('',(0.E0,0.E0,1.E0));
#2329=VECTOR('',#2328,2.E-2);
#2330=CARTESIAN_POINT('',(-4.8E-1,4.6E-1,-4.4E-1));
#2331=LINE('',#2330,#2329);
#2332=DIRECTION('',(0.E0,0.E0,1.E0));
#2333=VECTOR('',#2332,2.E-2);
#2334=CARTESIAN_POINT('',(-4.8E-1,4.6E-1,4.2E-1));
#2335=LINE('',#2334,#2333);
#2336=DIRECTION('',(0.E0,3.939192985792E-1,9.191450300181E-1));
#2337=VECTOR('',#2336,7.615773105864E-2);
#2338=CARTESIAN_POINT('',(-4.8E-1,4.3E-1,3.5E-1));
#2339=LINE('',#2338,#2337);
#2340=DIRECTION('',(0.E0,1.E0,0.E0));
#2341=VECTOR('',#2340,6.E-2);
#2342=CARTESIAN_POINT('',(-4.8E-1,3.7E-1,3.5E-1));
#2343=LINE('',#2342,#2341);
#2344=DIRECTION('',(1.E0,0.E0,0.E0));
#2345=VECTOR('',#2344,1.66E0);
#2346=CARTESIAN_POINT('',(-8.3E-1,1.3E-1,-3.5E-1));
#2347=LINE('',#2346,#2345);
#2348=DIRECTION('',(-7.071067811865E-1,7.071067811865E-1,0.E0));
#2349=VECTOR('',#2348,2.828427124746E-2);
#2350=CARTESIAN_POINT('',(-7.85E-1,3.5E-1,-3.5E-1));
#2351=LINE('',#2350,#2349);
#2352=DIRECTION('',(0.E0,1.E0,0.E0));
#2353=VECTOR('',#2352,5.E-2);
#2354=CARTESIAN_POINT('',(-7.85E-1,3.E-1,-3.5E-1));
#2355=LINE('',#2354,#2353);
#2356=DIRECTION('',(1.E0,0.E0,0.E0));
#2357=VECTOR('',#2356,1.75E-1);
#2358=CARTESIAN_POINT('',(-7.85E-1,3.E-1,-3.5E-1));
#2359=LINE('',#2358,#2357);
#2360=DIRECTION('',(0.E0,1.E0,0.E0));
#2361=VECTOR('',#2360,6.E-2);
#2362=CARTESIAN_POINT('',(-6.1E-1,3.E-1,-3.5E-1));
#2363=LINE('',#2362,#2361);
#2364=DIRECTION('',(-7.071067811865E-1,-7.071067811866E-1,-3.532708032039E-14));
#2365=VECTOR('',#2364,1.414213562373E-2);
#2366=CARTESIAN_POINT('',(-6.E-1,3.7E-1,-3.5E-1));
#2367=LINE('',#2366,#2365);
#2368=DIRECTION('',(1.E0,0.E0,0.E0));
#2369=VECTOR('',#2368,9.E-2);
#2370=CARTESIAN_POINT('',(-5.7E-1,4.3E-1,-3.5E-1));
#2371=LINE('',#2370,#2369);
#2372=DIRECTION('',(1.E0,0.E0,0.E0));
#2373=VECTOR('',#2372,9.E-2);
#2374=CARTESIAN_POINT('',(-2.2E-1,4.3E-1,-3.5E-1));
#2375=LINE('',#2374,#2373);
#2376=DIRECTION('',(1.E0,0.E0,0.E0));
#2377=VECTOR('',#2376,9.E-2);
#2378=CARTESIAN_POINT('',(1.3E-1,4.3E-1,-3.5E-1));
#2379=LINE('',#2378,#2377);
#2380=DIRECTION('',(1.E0,0.E0,0.E0));
#2381=VECTOR('',#2380,9.E-2);
#2382=CARTESIAN_POINT('',(4.8E-1,4.3E-1,-3.5E-1));
#2383=LINE('',#2382,#2381);
#2384=DIRECTION('',(-7.071067811865E-1,7.071067811865E-1,0.E0));
#2385=VECTOR('',#2384,1.414213562373E-2);
#2386=CARTESIAN_POINT('',(6.1E-1,3.6E-1,-3.5E-1));
#2387=LINE('',#2386,#2385);
#2388=DIRECTION('',(0.E0,1.E0,0.E0));
#2389=VECTOR('',#2388,6.E-2);
#2390=CARTESIAN_POINT('',(6.1E-1,3.E-1,-3.5E-1));
#2391=LINE('',#2390,#2389);
#2392=DIRECTION('',(1.E0,0.E0,0.E0));
#2393=VECTOR('',#2392,1.75E-1);
#2394=CARTESIAN_POINT('',(6.1E-1,3.E-1,-3.5E-1));
#2395=LINE('',#2394,#2393);
#2396=DIRECTION('',(0.E0,1.E0,0.E0));
#2397=VECTOR('',#2396,5.E-2);
#2398=CARTESIAN_POINT('',(7.85E-1,3.E-1,-3.5E-1));
#2399=LINE('',#2398,#2397);
#2400=DIRECTION('',(-7.071067811866E-1,-7.071067811865E-1,-1.766354016019E-14));
#2401=VECTOR('',#2400,2.828427124746E-2);
#2402=CARTESIAN_POINT('',(8.05E-1,3.7E-1,-3.5E-1));
#2403=LINE('',#2402,#2401);
#2404=DIRECTION('',(7.071067811865E-1,7.071067811865E-1,0.E0));
#2405=VECTOR('',#2404,2.828427124746E-2);
#2406=CARTESIAN_POINT('',(8.3E-1,3.5E-1,-3.5E-1));
#2407=LINE('',#2406,#2405);
#2408=CARTESIAN_POINT('',(8.5E-1,3.7E-1,-3.5E-1));
#2409=CARTESIAN_POINT('',(8.533385174041E-1,3.733385174041E-1,-3.5E-1));
#2410=CARTESIAN_POINT('',(8.566718668121E-1,3.766718668121E-1,
-3.501851842977E-1));
#2411=CARTESIAN_POINT('',(8.6E-1,3.8E-1,-3.505572809E-1));
#2413=CARTESIAN_POINT('',(8.6E-1,3.8E-1,3.505572809E-1));
#2414=CARTESIAN_POINT('',(8.566718668121E-1,3.766718668121E-1,
3.501851842977E-1));
#2415=CARTESIAN_POINT('',(8.533385174041E-1,3.733385174041E-1,3.5E-1));
#2416=CARTESIAN_POINT('',(8.5E-1,3.7E-1,3.5E-1));
#2418=DIRECTION('',(-7.071067811866E-1,-7.071067811865E-1,1.962615573355E-14));
#2419=VECTOR('',#2418,2.828427124746E-2);
#2420=CARTESIAN_POINT('',(8.5E-1,3.7E-1,3.5E-1));
#2421=LINE('',#2420,#2419);
#2422=DIRECTION('',(0.E0,0.E0,1.E0));
#2423=VECTOR('',#2422,7.E-1);
#2424=CARTESIAN_POINT('',(8.3E-1,3.5E-1,-3.5E-1));
#2425=LINE('',#2424,#2423);
#2426=DIRECTION('',(0.E0,-1.E0,0.E0));
#2427=VECTOR('',#2426,2.2E-1);
#2428=CARTESIAN_POINT('',(8.3E-1,3.5E-1,3.5E-1));
#2429=LINE('',#2428,#2427);
#2430=CARTESIAN_POINT('',(8.3E-1,1.3E-1,3.2E-1));
#2431=DIRECTION('',(1.E0,0.E0,0.E0));
#2432=DIRECTION('',(0.E0,0.E0,1.E0));
#2433=AXIS2_PLACEMENT_3D('',#2430,#2431,#2432);
#2435=DIRECTION('',(0.E0,0.E0,-1.E0));
#2436=VECTOR('',#2435,3.E-2);
#2437=CARTESIAN_POINT('',(8.3E-1,1.E-1,3.2E-1));
#2438=LINE('',#2437,#2436);
#2439=DIRECTION('',(0.E0,0.E0,1.E0));
#2440=VECTOR('',#2439,4.8E-1);
#2441=CARTESIAN_POINT('',(8.3E-1,1.5E-1,-2.4E-1));
#2442=LINE('',#2441,#2440);
#2443=DIRECTION('',(0.E0,0.E0,-1.E0));
#2444=VECTOR('',#2443,3.E-2);
#2445=CARTESIAN_POINT('',(8.3E-1,1.E-1,-2.9E-1));
#2446=LINE('',#2445,#2444);
#2447=CARTESIAN_POINT('',(8.3E-1,1.3E-1,-3.2E-1));
#2448=DIRECTION('',(1.E0,0.E0,0.E0));
#2449=DIRECTION('',(0.E0,-1.E0,0.E0));
#2450=AXIS2_PLACEMENT_3D('',#2447,#2448,#2449);
#2452=DIRECTION('',(0.E0,1.E0,0.E0));
#2453=VECTOR('',#2452,2.2E-1);
#2454=CARTESIAN_POINT('',(8.3E-1,1.3E-1,-3.5E-1));
#2455=LINE('',#2454,#2453);
#2456=DIRECTION('',(7.071067811865E-1,7.071067811865E-1,0.E0));
#2457=VECTOR('',#2456,2.828427124746E-2);
#2458=CARTESIAN_POINT('',(7.85E-1,3.5E-1,3.5E-1));
#2459=LINE('',#2458,#2457);
#2460=DIRECTION('',(0.E0,1.E0,0.E0));
#2461=VECTOR('',#2460,5.E-2);
#2462=CARTESIAN_POINT('',(7.85E-1,3.E-1,3.5E-1));
#2463=LINE('',#2462,#2461);
#2464=DIRECTION('',(1.E0,0.E0,0.E0));
#2465=VECTOR('',#2464,1.75E-1);
#2466=CARTESIAN_POINT('',(6.1E-1,3.E-1,3.5E-1));
#2467=LINE('',#2466,#2465);
#2468=DIRECTION('',(0.E0,1.E0,0.E0));
#2469=VECTOR('',#2468,6.E-2);
#2470=CARTESIAN_POINT('',(6.1E-1,3.E-1,3.5E-1));
#2471=LINE('',#2470,#2469);
#2472=DIRECTION('',(7.071067811865E-1,-7.071067811866E-1,0.E0));
#2473=VECTOR('',#2472,1.414213562373E-2);
#2474=CARTESIAN_POINT('',(6.E-1,3.7E-1,3.5E-1));
#2475=LINE('',#2474,#2473);
#2476=DIRECTION('',(1.E0,0.E0,0.E0));
#2477=VECTOR('',#2476,3.E-2);
#2478=CARTESIAN_POINT('',(5.7E-1,3.7E-1,3.5E-1));
#2479=LINE('',#2478,#2477);
#2480=DIRECTION('',(1.E0,0.E0,0.E0));
#2481=VECTOR('',#2480,2.6E-1);
#2482=CARTESIAN_POINT('',(2.2E-1,3.7E-1,3.5E-1));
#2483=LINE('',#2482,#2481);
#2484=DIRECTION('',(1.E0,0.E0,0.E0));
#2485=VECTOR('',#2484,2.6E-1);
#2486=CARTESIAN_POINT('',(-1.3E-1,3.7E-1,3.5E-1));
#2487=LINE('',#2486,#2485);
#2488=DIRECTION('',(1.E0,0.E0,0.E0));
#2489=VECTOR('',#2488,2.6E-1);
#2490=CARTESIAN_POINT('',(-4.8E-1,3.7E-1,3.5E-1));
#2491=LINE('',#2490,#2489);
#2492=DIRECTION('',(1.E0,0.E0,0.E0));
#2493=VECTOR('',#2492,3.E-2);
#2494=CARTESIAN_POINT('',(-6.E-1,3.7E-1,3.5E-1));
#2495=LINE('',#2494,#2493);
#2496=DIRECTION('',(7.071067811865E-1,7.071067811866E-1,1.177569344013E-14));
#2497=VECTOR('',#2496,1.414213562373E-2);
#2498=CARTESIAN_POINT('',(-6.1E-1,3.6E-1,3.5E-1));
#2499=LINE('',#2498,#2497);
#2500=DIRECTION('',(0.E0,1.E0,0.E0));
#2501=VECTOR('',#2500,6.E-2);
#2502=CARTESIAN_POINT('',(-6.1E-1,3.E-1,3.5E-1));
#2503=LINE('',#2502,#2501);
#2504=DIRECTION('',(1.E0,0.E0,0.E0));
#2505=VECTOR('',#2504,1.75E-1);
#2506=CARTESIAN_POINT('',(-7.85E-1,3.E-1,3.5E-1));
#2507=LINE('',#2506,#2505);
#2508=DIRECTION('',(0.E0,1.E0,0.E0));
#2509=VECTOR('',#2508,5.E-2);
#2510=CARTESIAN_POINT('',(-7.85E-1,3.E-1,3.5E-1));
#2511=LINE('',#2510,#2509);
#2512=DIRECTION('',(7.071067811865E-1,-7.071067811865E-1,0.E0));
#2513=VECTOR('',#2512,2.828427124746E-2);
#2514=CARTESIAN_POINT('',(-8.05E-1,3.7E-1,3.5E-1));
#2515=LINE('',#2514,#2513);
#2516=DIRECTION('',(0.E0,0.E0,1.E0));
#2517=VECTOR('',#2516,1.E-2);
#2518=CARTESIAN_POINT('',(8.15E-1,3.8E-1,4.6E-1));
#2519=LINE('',#2518,#2517);
#2520=DIRECTION('',(5.773502691896E-1,5.773502691896E-1,5.773502691896E-1));
#2521=VECTOR('',#2520,5.196152422707E-2);
#2522=CARTESIAN_POINT('',(7.85E-1,3.5E-1,4.4E-1));
#2523=LINE('',#2522,#2521);
#2524=DIRECTION('',(-1.E0,0.E0,0.E0));
#2525=VECTOR('',#2524,2.05E-1);
#2526=CARTESIAN_POINT('',(8.15E-1,3.8E-1,4.7E-1));
#2527=LINE('',#2526,#2525);
#2528=DIRECTION('',(0.E0,-7.071067811866E-1,-7.071067811865E-1));
#2529=VECTOR('',#2528,1.414213562373E-2);
#2530=CARTESIAN_POINT('',(6.1E-1,3.6E-1,4.5E-1));
#2531=LINE('',#2530,#2529);
#2532=DIRECTION('',(0.E0,-1.E0,0.E0));
#2533=VECTOR('',#2532,6.E-2);
#2534=CARTESIAN_POINT('',(6.1E-1,3.6E-1,4.3E-1));
#2535=LINE('',#2534,#2533);
#2536=DIRECTION('',(0.E0,0.E0,-1.E0));
#2537=VECTOR('',#2536,2.E-2);
#2538=CARTESIAN_POINT('',(6.1E-1,3.6E-1,4.5E-1));
#2539=LINE('',#2538,#2537);
#2540=DIRECTION('',(0.E0,-1.E0,0.E0));
#2541=VECTOR('',#2540,5.7E-2);
#2542=CARTESIAN_POINT('',(6.1E-1,3.57E-1,3.7E-1));
#2543=LINE('',#2542,#2541);
#2544=CARTESIAN_POINT('',(6.1E-1,3.57E-1,4.53E-1));
#2545=DIRECTION('',(-1.E0,0.E0,0.E0));
#2546=DIRECTION('',(0.E0,3.614457831325E-2,-9.993465712447E-1));
#2547=AXIS2_PLACEMENT_3D('',#2544,#2545,#2546);
#2549=DIRECTION('',(0.E0,0.E0,-1.E0));
#2550=VECTOR('',#2549,2.005423458669E-2);
#2551=CARTESIAN_POINT('',(6.1E-1,3.6E-1,3.700542345867E-1));
#2552=LINE('',#2551,#2550);
#2553=DIRECTION('',(0.E0,-1.E0,0.E0));
#2554=VECTOR('',#2553,2.E-2);
#2555=CARTESIAN_POINT('',(6.1E-1,3.8E-1,4.3E-1));
#2556=LINE('',#2555,#2554);
#2557=CARTESIAN_POINT('',(7.75E-1,3.57E-1,4.53E-1));
#2558=DIRECTION('',(1.E0,0.E0,0.E0));
#2559=DIRECTION('',(0.E0,0.E0,-1.E0));
#2560=AXIS2_PLACEMENT_3D('',#2557,#2558,#2559);
#2562=DIRECTION('',(0.E0,-1.E0,0.E0));
#2563=VECTOR('',#2562,8.E-2);
#2564=CARTESIAN_POINT('',(7.75E-1,3.8E-1,4.3E-1));
#2565=LINE('',#2564,#2563);
#2566=DIRECTION('',(0.E0,1.E0,0.E0));
#2567=VECTOR('',#2566,5.674960814951E-2);
#2568=CARTESIAN_POINT('',(7.75E-1,3.8E-1,4.3E-1));
#2569=LINE('',#2568,#2567);
#2570=DIRECTION('',(-1.E0,0.E0,0.E0));
#2571=VECTOR('',#2570,1.65E-1);
#2572=CARTESIAN_POINT('',(7.75E-1,3.57E-1,3.7E-1));
#2573=LINE('',#2572,#2571);
#2574=DIRECTION('',(0.E0,1.E0,0.E0));
#2575=VECTOR('',#2574,5.7E-2);
#2576=CARTESIAN_POINT('',(7.75E-1,3.E-1,3.7E-1));
#2577=LINE('',#2576,#2575);
#2578=CARTESIAN_POINT('',(7.75E-1,4.367496081495E-1,4.3E-1));
#2579=CARTESIAN_POINT('',(7.75E-1,4.375560020818E-1,4.327960695703E-1));
#2580=CARTESIAN_POINT('',(7.757759399855E-1,4.388704710255E-1,
4.384729541103E-1));
#2581=CARTESIAN_POINT('',(7.795136677208E-1,4.398722477429E-1,
4.466514443998E-1));
#2582=CARTESIAN_POINT('',(7.834703744073E-1,4.4E-1,4.511004402032E-1));
#2583=CARTESIAN_POINT('',(7.857386397157E-1,4.4E-1,4.53E-1));
#2585=DIRECTION('',(0.E0,1.E0,0.E0));
#2586=VECTOR('',#2585,6.E-2);
#2587=CARTESIAN_POINT('',(8.05E-1,3.8E-1,4.6E-1));
#2588=LINE('',#2587,#2586);
#2589=DIRECTION('',(0.E0,1.E0,0.E0));
#2590=VECTOR('',#2589,6.E-2);
#2591=CARTESIAN_POINT('',(8.6E-1,3.8E-1,4.6E-1));
#2592=LINE('',#2591,#2590);
#2593=DIRECTION('',(0.E0,1.E0,0.E0));
#2594=VECTOR('',#2593,6.E-2);
#2595=CARTESIAN_POINT('',(8.9E-1,3.8E-1,4.3E-1));
#2596=LINE('',#2595,#2594);
#2597=DIRECTION('',(0.E0,1.E0,0.E0));
#2598=VECTOR('',#2597,6.E-2);
#2599=CARTESIAN_POINT('',(8.9E-1,3.8E-1,-4.3E-1));
#2600=LINE('',#2599,#2598);
#2601=DIRECTION('',(0.E0,1.E0,0.E0));
#2602=VECTOR('',#2601,6.E-2);
#2603=CARTESIAN_POINT('',(8.6E-1,3.8E-1,-4.6E-1));
#2604=LINE('',#2603,#2602);
#2605=DIRECTION('',(-1.E0,0.E0,0.E0));
#2606=VECTOR('',#2605,1.75E-1);
#2607=CARTESIAN_POINT('',(7.85E-1,3.5E-1,4.4E-1));
#2608=LINE('',#2607,#2606);
#2609=DIRECTION('',(0.E0,-1.E0,0.E0));
#2610=VECTOR('',#2609,5.E-2);
#2611=CARTESIAN_POINT('',(6.1E-1,3.5E-1,4.4E-1));
#2612=LINE('',#2611,#2610);
#2613=DIRECTION('',(0.E0,0.E0,1.E0));
#2614=VECTOR('',#2613,9.E-2);
#2615=CARTESIAN_POINT('',(7.85E-1,3.5E-1,3.5E-1));
#2616=LINE('',#2615,#2614);
#2617=DIRECTION('',(0.E0,-1.E0,0.E0));
#2618=VECTOR('',#2617,5.E-2);
#2619=CARTESIAN_POINT('',(7.85E-1,3.5E-1,4.4E-1));
#2620=LINE('',#2619,#2618);
#2621=DIRECTION('',(0.E0,-1.E0,0.E0));
#2622=VECTOR('',#2621,6.E-2);
#2623=CARTESIAN_POINT('',(5.7E-1,4.3E-1,-3.5E-1));
#2624=LINE('',#2623,#2622);
#2625=DIRECTION('',(0.E0,-3.939192985792E-1,9.191450300181E-1));
#2626=VECTOR('',#2625,7.615773105864E-2);
#2627=CARTESIAN_POINT('',(5.7E-1,4.6E-1,-4.2E-1));
#2628=LINE('',#2627,#2626);
#2629=DIRECTION('',(0.E0,0.E0,1.E0));
#2630=VECTOR('',#2629,2.E-2);
#2631=CARTESIAN_POINT('',(5.7E-1,4.6E-1,-4.4E-1));
#2632=LINE('',#2631,#2630);
#2633=DIRECTION('',(0.E0,0.E0,1.E0));
#2634=VECTOR('',#2633,2.E-2);
#2635=CARTESIAN_POINT('',(5.7E-1,4.6E-1,4.2E-1));
#2636=LINE('',#2635,#2634);
#2637=DIRECTION('',(0.E0,3.939192985792E-1,9.191450300181E-1));
#2638=VECTOR('',#2637,7.615773105864E-2);
#2639=CARTESIAN_POINT('',(5.7E-1,4.3E-1,3.5E-1));
#2640=LINE('',#2639,#2638);
#2641=DIRECTION('',(0.E0,1.E0,0.E0));
#2642=VECTOR('',#2641,6.E-2);
#2643=CARTESIAN_POINT('',(5.7E-1,3.7E-1,3.5E-1));
#2644=LINE('',#2643,#2642);
#2645=DIRECTION('',(1.E0,0.E0,0.E0));
#2646=VECTOR('',#2645,9.E-2);
#2647=CARTESIAN_POINT('',(4.8E-1,4.6E-1,-4.2E-1));
#2648=LINE('',#2647,#2646);
#2649=DIRECTION('',(0.E0,0.E0,1.E0));
#2650=VECTOR('',#2649,2.E-2);
#2651=CARTESIAN_POINT('',(4.8E-1,4.6E-1,-4.4E-1));
#2652=LINE('',#2651,#2650);
#2653=DIRECTION('',(0.E0,-3.939192985792E-1,9.191450300181E-1));
#2654=VECTOR('',#2653,7.615773105864E-2);
#2655=CARTESIAN_POINT('',(4.8E-1,4.6E-1,-4.2E-1));
#2656=LINE('',#2655,#2654);
#2657=DIRECTION('',(0.E0,-1.E0,0.E0));
#2658=VECTOR('',#2657,6.E-2);
#2659=CARTESIAN_POINT('',(4.8E-1,4.3E-1,-3.5E-1));
#2660=LINE('',#2659,#2658);
#2661=DIRECTION('',(0.E0,1.E0,0.E0));
#2662=VECTOR('',#2661,6.E-2);
#2663=CARTESIAN_POINT('',(4.8E-1,3.7E-1,3.5E-1));
#2664=LINE('',#2663,#2662);
#2665=DIRECTION('',(0.E0,3.939192985792E-1,9.191450300181E-1));
#2666=VECTOR('',#2665,7.615773105864E-2);
#2667=CARTESIAN_POINT('',(4.8E-1,4.3E-1,3.5E-1));
#2668=LINE('',#2667,#2666);
#2669=DIRECTION('',(0.E0,0.E0,1.E0));
#2670=VECTOR('',#2669,2.E-2);
#2671=CARTESIAN_POINT('',(4.8E-1,4.6E-1,4.2E-1));
#2672=LINE('',#2671,#2670);
#2673=DIRECTION('',(1.E0,0.E0,0.E0));
#2674=VECTOR('',#2673,9.E-2);
#2675=CARTESIAN_POINT('',(4.8E-1,4.3E-1,3.5E-1));
#2676=LINE('',#2675,#2674);
#2677=DIRECTION('',(0.E0,-1.E0,0.E0));
#2678=VECTOR('',#2677,6.E-2);
#2679=CARTESIAN_POINT('',(2.2E-1,4.3E-1,-3.5E-1));
#2680=LINE('',#2679,#2678);
#2681=DIRECTION('',(0.E0,-3.939192985792E-1,9.191450300181E-1));
#2682=VECTOR('',#2681,7.615773105864E-2);
#2683=CARTESIAN_POINT('',(2.2E-1,4.6E-1,-4.2E-1));
#2684=LINE('',#2683,#2682);
#2685=DIRECTION('',(0.E0,0.E0,1.E0));
#2686=VECTOR('',#2685,2.E-2);
#2687=CARTESIAN_POINT('',(2.2E-1,4.6E-1,-4.4E-1));
#2688=LINE('',#2687,#2686);
#2689=DIRECTION('',(0.E0,0.E0,1.E0));
#2690=VECTOR('',#2689,2.E-2);
#2691=CARTESIAN_POINT('',(2.2E-1,4.6E-1,4.2E-1));
#2692=LINE('',#2691,#2690);
#2693=DIRECTION('',(0.E0,3.939192985792E-1,9.191450300181E-1));
#2694=VECTOR('',#2693,7.615773105864E-2);
#2695=CARTESIAN_POINT('',(2.2E-1,4.3E-1,3.5E-1));
#2696=LINE('',#2695,#2694);
#2697=DIRECTION('',(0.E0,1.E0,0.E0));
#2698=VECTOR('',#2697,6.E-2);
#2699=CARTESIAN_POINT('',(2.2E-1,3.7E-1,3.5E-1));
#2700=LINE('',#2699,#2698);
#2701=DIRECTION('',(1.E0,0.E0,0.E0));
#2702=VECTOR('',#2701,9.E-2);
#2703=CARTESIAN_POINT('',(1.3E-1,4.6E-1,-4.2E-1));
#2704=LINE('',#2703,#2702);
#2705=DIRECTION('',(0.E0,0.E0,1.E0));
#2706=VECTOR('',#2705,2.E-2);
#2707=CARTESIAN_POINT('',(1.3E-1,4.6E-1,-4.4E-1));
#2708=LINE('',#2707,#2706);
#2709=DIRECTION('',(0.E0,-3.939192985792E-1,9.191450300181E-1));
#2710=VECTOR('',#2709,7.615773105864E-2);
#2711=CARTESIAN_POINT('',(1.3E-1,4.6E-1,-4.2E-1));
#2712=LINE('',#2711,#2710);
#2713=DIRECTION('',(0.E0,-1.E0,0.E0));
#2714=VECTOR('',#2713,6.E-2);
#2715=CARTESIAN_POINT('',(1.3E-1,4.3E-1,-3.5E-1));
#2716=LINE('',#2715,#2714);
#2717=DIRECTION('',(0.E0,1.E0,0.E0));
#2718=VECTOR('',#2717,6.E-2);
#2719=CARTESIAN_POINT('',(1.3E-1,3.7E-1,3.5E-1));
#2720=LINE('',#2719,#2718);
#2721=DIRECTION('',(0.E0,3.939192985792E-1,9.191450300181E-1));
#2722=VECTOR('',#2721,7.615773105864E-2);
#2723=CARTESIAN_POINT('',(1.3E-1,4.3E-1,3.5E-1));
#2724=LINE('',#2723,#2722);
#2725=DIRECTION('',(0.E0,0.E0,1.E0));
#2726=VECTOR('',#2725,2.E-2);
#2727=CARTESIAN_POINT('',(1.3E-1,4.6E-1,4.2E-1));
#2728=LINE('',#2727,#2726);
#2729=DIRECTION('',(1.E0,0.E0,0.E0));
#2730=VECTOR('',#2729,9.E-2);
#2731=CARTESIAN_POINT('',(1.3E-1,4.3E-1,3.5E-1));
#2732=LINE('',#2731,#2730);
#2733=DIRECTION('',(0.E0,-1.E0,0.E0));
#2734=VECTOR('',#2733,6.E-2);
#2735=CARTESIAN_POINT('',(-1.3E-1,4.3E-1,-3.5E-1));
#2736=LINE('',#2735,#2734);
#2737=DIRECTION('',(0.E0,-3.939192985792E-1,9.191450300181E-1));
#2738=VECTOR('',#2737,7.615773105864E-2);
#2739=CARTESIAN_POINT('',(-1.3E-1,4.6E-1,-4.2E-1));
#2740=LINE('',#2739,#2738);
#2741=DIRECTION('',(0.E0,0.E0,1.E0));
#2742=VECTOR('',#2741,2.E-2);
#2743=CARTESIAN_POINT('',(-1.3E-1,4.6E-1,-4.4E-1));
#2744=LINE('',#2743,#2742);
#2745=DIRECTION('',(0.E0,0.E0,1.E0));
#2746=VECTOR('',#2745,2.E-2);
#2747=CARTESIAN_POINT('',(-1.3E-1,4.6E-1,4.2E-1));
#2748=LINE('',#2747,#2746);
#2749=DIRECTION('',(0.E0,3.939192985792E-1,9.191450300181E-1));
#2750=VECTOR('',#2749,7.615773105864E-2);
#2751=CARTESIAN_POINT('',(-1.3E-1,4.3E-1,3.5E-1));
#2752=LINE('',#2751,#2750);
#2753=DIRECTION('',(0.E0,1.E0,0.E0));
#2754=VECTOR('',#2753,6.E-2);
#2755=CARTESIAN_POINT('',(-1.3E-1,3.7E-1,3.5E-1));
#2756=LINE('',#2755,#2754);
#2757=DIRECTION('',(1.E0,0.E0,0.E0));
#2758=VECTOR('',#2757,9.E-2);
#2759=CARTESIAN_POINT('',(-2.2E-1,4.6E-1,-4.2E-1));
#2760=LINE('',#2759,#2758);
#2761=DIRECTION('',(1.E0,0.E0,0.E0));
#2762=VECTOR('',#2761,9.E-2);
#2763=CARTESIAN_POINT('',(-2.2E-1,4.3E-1,3.5E-1));
#2764=LINE('',#2763,#2762);
#2765=DIRECTION('',(1.E0,0.E0,0.E0));
#2766=VECTOR('',#2765,9.E-2);
#2767=CARTESIAN_POINT('',(-5.7E-1,4.3E-1,3.5E-1));
#2768=LINE('',#2767,#2766);
#2769=DIRECTION('',(0.E0,0.E0,-1.E0));
#2770=VECTOR('',#2769,9.E-2);
#2771=CARTESIAN_POINT('',(-7.85E-1,3.5E-1,4.4E-1));
#2772=LINE('',#2771,#2770);
#2773=DIRECTION('',(-1.E0,0.E0,0.E0));
#2774=VECTOR('',#2773,1.75E-1);
#2775=CARTESIAN_POINT('',(-6.1E-1,3.5E-1,4.4E-1));
#2776=LINE('',#2775,#2774);
#2777=DIRECTION('',(0.E0,-1.E0,0.E0));
#2778=VECTOR('',#2777,5.E-2);
#2779=CARTESIAN_POINT('',(-7.85E-1,3.5E-1,4.4E-1));
#2780=LINE('',#2779,#2778);
#2781=DIRECTION('',(-7.071067811865E-1,7.071067811866E-1,1.373830901348E-14));
#2782=VECTOR('',#2781,2.828427124746E-2);
#2783=CARTESIAN_POINT('',(-8.3E-1,3.5E-1,3.5E-1));
#2784=LINE('',#2783,#2782);
#2785=CARTESIAN_POINT('',(-8.5E-1,3.7E-1,3.5E-1));
#2786=CARTESIAN_POINT('',(-8.533385174041E-1,3.733385174041E-1,3.5E-1));
#2787=CARTESIAN_POINT('',(-8.566718668121E-1,3.766718668121E-1,
3.501851842977E-1));
#2788=CARTESIAN_POINT('',(-8.6E-1,3.8E-1,3.505572809E-1));
#2790=CARTESIAN_POINT('',(-8.6E-1,3.8E-1,-3.505572809E-1));
#2791=CARTESIAN_POINT('',(-8.566718668121E-1,3.766718668121E-1,
-3.501851842977E-1));
#2792=CARTESIAN_POINT('',(-8.533385174041E-1,3.733385174041E-1,-3.5E-1));
#2793=CARTESIAN_POINT('',(-8.5E-1,3.7E-1,-3.5E-1));
#2795=DIRECTION('',(7.071067811865E-1,-7.071067811866E-1,0.E0));
#2796=VECTOR('',#2795,2.828427124746E-2);
#2797=CARTESIAN_POINT('',(-8.5E-1,3.7E-1,-3.5E-1));
#2798=LINE('',#2797,#2796);
#2799=DIRECTION('',(0.E0,0.E0,-1.E0));
#2800=VECTOR('',#2799,7.E-1);
#2801=CARTESIAN_POINT('',(-8.3E-1,3.5E-1,3.5E-1));
#2802=LINE('',#2801,#2800);
#2803=DIRECTION('',(0.E0,1.E0,0.E0));
#2804=VECTOR('',#2803,2.2E-1);
#2805=CARTESIAN_POINT('',(-8.3E-1,1.3E-1,-3.5E-1));
#2806=LINE('',#2805,#2804);
#2807=CARTESIAN_POINT('',(-8.3E-1,1.3E-1,-3.2E-1));
#2808=DIRECTION('',(1.E0,0.E0,0.E0));
#2809=DIRECTION('',(0.E0,-1.E0,0.E0));
#2810=AXIS2_PLACEMENT_3D('',#2807,#2808,#2809);
#2812=DIRECTION('',(0.E0,0.E0,-1.E0));
#2813=VECTOR('',#2812,3.E-2);
#2814=CARTESIAN_POINT('',(-8.3E-1,1.E-1,-2.9E-1));
#2815=LINE('',#2814,#2813);
#2816=DIRECTION('',(0.E0,0.E0,1.E0));
#2817=VECTOR('',#2816,4.8E-1);
#2818=CARTESIAN_POINT('',(-8.3E-1,1.5E-1,-2.4E-1));
#2819=LINE('',#2818,#2817);
#2820=DIRECTION('',(0.E0,0.E0,-1.E0));
#2821=VECTOR('',#2820,3.E-2);
#2822=CARTESIAN_POINT('',(-8.3E-1,1.E-1,3.2E-1));
#2823=LINE('',#2822,#2821);
#2824=CARTESIAN_POINT('',(-8.3E-1,1.3E-1,3.2E-1));
#2825=DIRECTION('',(1.E0,0.E0,0.E0));
#2826=DIRECTION('',(0.E0,0.E0,1.E0));
#2827=AXIS2_PLACEMENT_3D('',#2824,#2825,#2826);
#2829=DIRECTION('',(0.E0,-1.E0,0.E0));
#2830=VECTOR('',#2829,2.2E-1);
#2831=CARTESIAN_POINT('',(-8.3E-1,3.5E-1,3.5E-1));
#2832=LINE('',#2831,#2830);
#2833=DIRECTION('',(1.E0,0.E0,0.E0));
#2834=VECTOR('',#2833,1.66E0);
#2835=CARTESIAN_POINT('',(-8.3E-1,1.E-1,-3.2E-1));
#2836=LINE('',#2835,#2834);
#2837=DIRECTION('',(-1.E0,0.E0,0.E0));
#2838=VECTOR('',#2837,2.4E-1);
#2839=CARTESIAN_POINT('',(-5.9E-1,1.E-1,2.9E-1));
#2840=LINE('',#2839,#2838);
#2841=DIRECTION('',(0.E0,0.E0,1.E0));
#2842=VECTOR('',#2841,5.8E-1);
#2843=CARTESIAN_POINT('',(-5.9E-1,1.E-1,-2.9E-1));
#2844=LINE('',#2843,#2842);
#2845=DIRECTION('',(1.E0,0.E0,0.E0));
#2846=VECTOR('',#2845,2.4E-1);
#2847=CARTESIAN_POINT('',(-8.3E-1,1.E-1,-2.9E-1));
#2848=LINE('',#2847,#2846);
#2849=DIRECTION('',(1.E0,0.E0,0.E0));
#2850=VECTOR('',#2849,2.4E-1);
#2851=CARTESIAN_POINT('',(5.9E-1,1.E-1,-2.9E-1));
#2852=LINE('',#2851,#2850);
#2853=DIRECTION('',(0.E0,0.E0,1.E0));
#2854=VECTOR('',#2853,5.8E-1);
#2855=CARTESIAN_POINT('',(5.9E-1,1.E-1,-2.9E-1));
#2856=LINE('',#2855,#2854);
#2857=DIRECTION('',(-1.E0,0.E0,0.E0));
#2858=VECTOR('',#2857,2.4E-1);
#2859=CARTESIAN_POINT('',(8.3E-1,1.E-1,2.9E-1));
#2860=LINE('',#2859,#2858);
#2861=DIRECTION('',(1.E0,0.E0,0.E0));
#2862=VECTOR('',#2861,1.66E0);
#2863=CARTESIAN_POINT('',(-8.3E-1,1.E-1,3.2E-1));
#2864=LINE('',#2863,#2862);
#2865=CARTESIAN_POINT('',(-8.3E-1,1.E-1,2.4E-1));
#2866=DIRECTION('',(-1.E0,0.E0,0.E0));
#2867=DIRECTION('',(0.E0,0.E0,1.E0));
#2868=AXIS2_PLACEMENT_3D('',#2865,#2866,#2867);
#2870=DIRECTION('',(-1.E0,0.E0,0.E0));
#2871=VECTOR('',#2870,1.81E-1);
#2872=CARTESIAN_POINT('',(-6.49E-1,1.5E-1,2.4E-1));
#2873=LINE('',#2872,#2871);
#2874=DIRECTION('',(1.E0,0.E0,0.E0));
#2875=VECTOR('',#2874,1.81E-1);
#2876=CARTESIAN_POINT('',(-8.3E-1,1.5E-1,-2.4E-1));
#2877=LINE('',#2876,#2875);
#2878=DIRECTION('',(0.E0,0.E0,1.E0));
#2879=VECTOR('',#2878,4.8E-1);
#2880=CARTESIAN_POINT('',(-6.49E-1,1.5E-1,-2.4E-1));
#2881=LINE('',#2880,#2879);
#2882=CARTESIAN_POINT('',(-8.3E-1,1.E-1,-2.4E-1));
#2883=DIRECTION('',(-1.E0,0.E0,0.E0));
#2884=DIRECTION('',(0.E0,1.E0,0.E0));
#2885=AXIS2_PLACEMENT_3D('',#2882,#2883,#2884);
#2887=CARTESIAN_POINT('',(-5.9E-1,1.E-1,-2.9E-1));
#2888=CARTESIAN_POINT('',(-5.980953983357E-1,1.068605070642E-1,-2.9E-1));
#2889=CARTESIAN_POINT('',(-6.122791593596E-1,1.188806435250E-1,
-2.873691870210E-1));
#2890=CARTESIAN_POINT('',(-6.296615242421E-1,1.336114612221E-1,
-2.783196786486E-1));
#2891=CARTESIAN_POINT('',(-6.409995484467E-1,1.432199563108E-1,
-2.666529818844E-1));
#2892=CARTESIAN_POINT('',(-6.472606803484E-1,1.485260002952E-1,
-2.536372235521E-1));
#2893=CARTESIAN_POINT('',(-6.49E-1,1.5E-1,-2.453057052168E-1));
#2894=CARTESIAN_POINT('',(-6.49E-1,1.5E-1,-2.4E-1));
#2896=CARTESIAN_POINT('',(-6.49E-1,1.5E-1,2.4E-1));
#2897=CARTESIAN_POINT('',(-6.49E-1,1.5E-1,2.453057052168E-1));
#2898=CARTESIAN_POINT('',(-6.472606803484E-1,1.485260002952E-1,
2.536372235521E-1));
#2899=CARTESIAN_POINT('',(-6.409995484467E-1,1.432199563108E-1,
2.666529818844E-1));
#2900=CARTESIAN_POINT('',(-6.296615242421E-1,1.336114612221E-1,
2.783196786486E-1));
#2901=CARTESIAN_POINT('',(-6.122791593596E-1,1.188806435250E-1,
2.873691870210E-1));
#2902=CARTESIAN_POINT('',(-5.980953983357E-1,1.068605070642E-1,2.9E-1));
#2903=CARTESIAN_POINT('',(-5.9E-1,1.E-1,2.9E-1));
#2905=CARTESIAN_POINT('',(8.3E-1,1.E-1,-2.4E-1));
#2906=DIRECTION('',(1.E0,0.E0,0.E0));
#2907=DIRECTION('',(0.E0,0.E0,-1.E0));
#2908=AXIS2_PLACEMENT_3D('',#2905,#2906,#2907);
#2910=DIRECTION('',(1.E0,0.E0,0.E0));
#2911=VECTOR('',#2910,1.81E-1);
#2912=CARTESIAN_POINT('',(6.49E-1,1.5E-1,-2.4E-1));
#2913=LINE('',#2912,#2911);
#2914=DIRECTION('',(-1.E0,0.E0,0.E0));
#2915=VECTOR('',#2914,1.81E-1);
#2916=CARTESIAN_POINT('',(8.3E-1,1.5E-1,2.4E-1));
#2917=LINE('',#2916,#2915);
#2918=CARTESIAN_POINT('',(8.3E-1,1.E-1,2.4E-1));
#2919=DIRECTION('',(1.E0,0.E0,0.E0));
#2920=DIRECTION('',(0.E0,1.E0,0.E0));
#2921=AXIS2_PLACEMENT_3D('',#2918,#2919,#2920);
#2923=CARTESIAN_POINT('',(5.9E-1,1.E-1,2.9E-1));
#2924=CARTESIAN_POINT('',(5.980953983357E-1,1.068605070642E-1,2.9E-1));
#2925=CARTESIAN_POINT('',(6.122791593596E-1,1.188806435250E-1,
2.873691870210E-1));
#2926=CARTESIAN_POINT('',(6.296615242421E-1,1.336114612221E-1,
2.783196786486E-1));
#2927=CARTESIAN_POINT('',(6.409995484467E-1,1.432199563108E-1,
2.666529818844E-1));
#2928=CARTESIAN_POINT('',(6.472606803484E-1,1.485260002952E-1,
2.536372235521E-1));
#2929=CARTESIAN_POINT('',(6.49E-1,1.5E-1,2.453057052168E-1));
#2930=CARTESIAN_POINT('',(6.49E-1,1.5E-1,2.4E-1));
#2932=CARTESIAN_POINT('',(6.49E-1,1.5E-1,-2.4E-1));
#2933=CARTESIAN_POINT('',(6.49E-1,1.5E-1,-2.453057052168E-1));
#2934=CARTESIAN_POINT('',(6.472606803484E-1,1.485260002952E-1,
-2.536372235521E-1));
#2935=CARTESIAN_POINT('',(6.409995484467E-1,1.432199563108E-1,
-2.666529818844E-1));
#2936=CARTESIAN_POINT('',(6.296615242421E-1,1.336114612221E-1,
-2.783196786486E-1));
#2937=CARTESIAN_POINT('',(6.122791593596E-1,1.188806435250E-1,
-2.873691870210E-1));
#2938=CARTESIAN_POINT('',(5.980953983357E-1,1.068605070642E-1,-2.9E-1));
#2939=CARTESIAN_POINT('',(5.9E-1,1.E-1,-2.9E-1));
#2941=DIRECTION('',(0.E0,0.E0,1.E0));
#2942=VECTOR('',#2941,4.8E-1);
#2943=CARTESIAN_POINT('',(6.49E-1,1.5E-1,-2.4E-1));
#2944=LINE('',#2943,#2942);
#2945=DIRECTION('',(1.E0,0.E0,0.E0));
#2946=VECTOR('',#2945,1.66E0);
#2947=CARTESIAN_POINT('',(-8.3E-1,1.3E-1,3.5E-1));
#2948=LINE('',#2947,#2946);
#2949=DIRECTION('',(1.110223024625E-14,0.E0,-1.E0));
#2950=VECTOR('',#2949,1.E-2);
#2951=CARTESIAN_POINT('',(-8.15E-1,3.8E-1,-4.6E-1));
#2952=LINE('',#2951,#2950);
#2953=DIRECTION('',(-5.773502691896E-1,5.773502691896E-1,-5.773502691896E-1));
#2954=VECTOR('',#2953,5.196152422707E-2);
#2955=CARTESIAN_POINT('',(-7.85E-1,3.5E-1,-4.4E-1));
#2956=LINE('',#2955,#2954);
#2957=DIRECTION('',(1.E0,0.E0,0.E0));
#2958=VECTOR('',#2957,2.05E-1);
#2959=CARTESIAN_POINT('',(-8.15E-1,3.8E-1,-4.7E-1));
#2960=LINE('',#2959,#2958);
#2961=DIRECTION('',(1.570092458684E-14,-7.071067811865E-1,7.071067811866E-1));
#2962=VECTOR('',#2961,1.414213562373E-2);
#2963=CARTESIAN_POINT('',(-6.1E-1,3.6E-1,-4.5E-1));
#2964=LINE('',#2963,#2962);
#2965=DIRECTION('',(0.E0,0.E0,-1.E0));
#2966=VECTOR('',#2965,5.994576541331E-2);
#2967=CARTESIAN_POINT('',(-6.1E-1,3.6E-1,-3.700542345867E-1));
#2968=LINE('',#2967,#2966);
#2969=DIRECTION('',(5.773502691896E-1,5.773502691896E-1,-5.773502691896E-1));
#2970=VECTOR('',#2969,3.464101615138E-2);
#2971=CARTESIAN_POINT('',(-6.1E-1,3.6E-1,-4.5E-1));
#2972=LINE('',#2971,#2970);
#2973=DIRECTION('',(1.E0,0.E0,0.E0));
#2974=VECTOR('',#2973,1.75E-1);
#2975=CARTESIAN_POINT('',(-7.85E-1,3.5E-1,-4.4E-1));
#2976=LINE('',#2975,#2974);
#2977=DIRECTION('',(0.E0,-1.E0,0.E0));
#2978=VECTOR('',#2977,5.E-2);
#2979=CARTESIAN_POINT('',(-6.1E-1,3.5E-1,-4.4E-1));
#2980=LINE('',#2979,#2978);
#2981=DIRECTION('',(0.E0,0.E0,-1.E0));
#2982=VECTOR('',#2981,9.E-2);
#2983=CARTESIAN_POINT('',(-7.85E-1,3.5E-1,-3.5E-1));
#2984=LINE('',#2983,#2982);
#2985=DIRECTION('',(0.E0,-1.E0,0.E0));
#2986=VECTOR('',#2985,5.E-2);
#2987=CARTESIAN_POINT('',(-7.85E-1,3.5E-1,-4.4E-1));
#2988=LINE('',#2987,#2986);
#2989=DIRECTION('',(0.E0,0.E0,1.E0));
#2990=VECTOR('',#2989,5.994576541331E-2);
#2991=CARTESIAN_POINT('',(6.1E-1,3.6E-1,-4.3E-1));
#2992=LINE('',#2991,#2990);
#2993=DIRECTION('',(0.E0,-1.E0,0.E0));
#2994=VECTOR('',#2993,6.E-2);
#2995=CARTESIAN_POINT('',(6.1E-1,3.6E-1,-4.3E-1));
#2996=LINE('',#2995,#2994);
#2997=DIRECTION('',(0.E0,0.E0,-1.E0));
#2998=VECTOR('',#2997,2.E-2);
#2999=CARTESIAN_POINT('',(6.1E-1,3.6E-1,-4.3E-1));
#3000=LINE('',#2999,#2998);
#3001=DIRECTION('',(0.E0,7.071067811865E-1,-7.071067811865E-1));
#3002=VECTOR('',#3001,1.414213562373E-2);
#3003=CARTESIAN_POINT('',(6.1E-1,3.5E-1,-4.4E-1));
#3004=LINE('',#3003,#3002);
#3005=DIRECTION('',(0.E0,-1.E0,0.E0));
#3006=VECTOR('',#3005,5.E-2);
#3007=CARTESIAN_POINT('',(6.1E-1,3.5E-1,-4.4E-1));
#3008=LINE('',#3007,#3006);
#3009=DIRECTION('',(0.E0,-1.E0,0.E0));
#3010=VECTOR('',#3009,5.7E-2);
#3011=CARTESIAN_POINT('',(6.1E-1,3.57E-1,-3.7E-1));
#3012=LINE('',#3011,#3010);
#3013=DIRECTION('',(0.E0,0.E0,-1.E0));
#3014=VECTOR('',#3013,2.005423458669E-2);
#3015=CARTESIAN_POINT('',(6.1E-1,3.6E-1,-3.5E-1));
#3016=LINE('',#3015,#3014);
#3017=CARTESIAN_POINT('',(6.1E-1,3.57E-1,-4.53E-1));
#3018=DIRECTION('',(-1.E0,0.E0,0.E0));
#3019=DIRECTION('',(0.E0,0.E0,1.E0));
#3020=AXIS2_PLACEMENT_3D('',#3017,#3018,#3019);
#3022=DIRECTION('',(0.E0,-1.E0,0.E0));
#3023=VECTOR('',#3022,8.E-2);
#3024=CARTESIAN_POINT('',(7.75E-1,3.8E-1,-4.3E-1));
#3025=LINE('',#3024,#3023);
#3026=CARTESIAN_POINT('',(7.75E-1,3.57E-1,-4.53E-1));
#3027=DIRECTION('',(1.E0,0.E0,0.E0));
#3028=DIRECTION('',(0.E0,9.608386524037E-1,2.771084337349E-1));
#3029=AXIS2_PLACEMENT_3D('',#3026,#3027,#3028);
#3031=DIRECTION('',(0.E0,1.E0,0.E0));
#3032=VECTOR('',#3031,5.7E-2);
#3033=CARTESIAN_POINT('',(7.75E-1,3.E-1,-3.7E-1));
#3034=LINE('',#3033,#3032);
#3035=DIRECTION('',(1.E0,0.E0,0.E0));
#3036=VECTOR('',#3035,1.65E-1);
#3037=CARTESIAN_POINT('',(6.1E-1,3.57E-1,-3.7E-1));
#3038=LINE('',#3037,#3036);
#3039=DIRECTION('',(1.E0,0.E0,0.E0));
#3040=VECTOR('',#3039,1.75E-1);
#3041=CARTESIAN_POINT('',(6.1E-1,3.5E-1,-4.4E-1));
#3042=LINE('',#3041,#3040);
#3043=DIRECTION('',(0.E0,-1.E0,0.E0));
#3044=VECTOR('',#3043,5.E-2);
#3045=CARTESIAN_POINT('',(7.85E-1,3.5E-1,-4.4E-1));
#3046=LINE('',#3045,#3044);
#3047=DIRECTION('',(0.E0,0.E0,1.E0));
#3048=VECTOR('',#3047,9.E-2);
#3049=CARTESIAN_POINT('',(7.85E-1,3.5E-1,-4.4E-1));
#3050=LINE('',#3049,#3048);
#3051=CARTESIAN_POINT('',(-5.9E-1,3.7E-1,5.4E-1));
#3052=DIRECTION('',(1.E0,0.E0,0.E0));
#3053=DIRECTION('',(0.E0,1.E0,0.E0));
#3054=AXIS2_PLACEMENT_3D('',#3051,#3052,#3053);
#3056=DIRECTION('',(1.E0,0.E0,0.E0));
#3057=VECTOR('',#3056,1.18E0);
#3058=CARTESIAN_POINT('',(-5.9E-1,4.6E-1,5.4E-1));
#3059=LINE('',#3058,#3057);
#3060=CARTESIAN_POINT('',(5.9E-1,3.7E-1,5.4E-1));
#3061=DIRECTION('',(1.E0,0.E0,0.E0));
#3062=DIRECTION('',(0.E0,1.E0,0.E0));
#3063=AXIS2_PLACEMENT_3D('',#3060,#3061,#3062);
#3065=DIRECTION('',(1.E0,0.E0,0.E0));
#3066=VECTOR('',#3065,2.2E-1);
#3067=CARTESIAN_POINT('',(2.4E-1,3.7E-1,6.3E-1));
#3068=LINE('',#3067,#3066);
#3069=DIRECTION('',(1.E0,0.E0,0.E0));
#3070=VECTOR('',#3069,2.2E-1);
#3071=CARTESIAN_POINT('',(-1.1E-1,3.7E-1,6.3E-1));
#3072=LINE('',#3071,#3070);
#3073=DIRECTION('',(1.E0,0.E0,0.E0));
#3074=VECTOR('',#3073,2.2E-1);
#3075=CARTESIAN_POINT('',(-4.6E-1,3.7E-1,6.3E-1));
#3076=LINE('',#3075,#3074);
#3077=DIRECTION('',(0.E0,-4.061384660535E-1,-9.138115486203E-1));
#3078=VECTOR('',#3077,4.924428900898E-2);
#3079=CARTESIAN_POINT('',(-1.1E-1,3.7E-1,6.3E-1));
#3080=LINE('',#3079,#3078);
#3081=DIRECTION('',(0.E0,-4.061384660535E-1,-9.138115486203E-1));
#3082=VECTOR('',#3081,4.924428900898E-2);
#3083=CARTESIAN_POINT('',(-2.4E-1,3.7E-1,6.3E-1));
#3084=LINE('',#3083,#3082);
#3085=DIRECTION('',(1.E0,0.E0,0.E0));
#3086=VECTOR('',#3085,1.3E-1);
#3087=CARTESIAN_POINT('',(-2.4E-1,3.7E-1,6.3E-1));
#3088=LINE('',#3087,#3086);
#3089=DIRECTION('',(0.E0,-4.061384660535E-1,-9.138115486203E-1));
#3090=VECTOR('',#3089,4.924428900898E-2);
#3091=CARTESIAN_POINT('',(2.4E-1,3.7E-1,6.3E-1));
#3092=LINE('',#3091,#3090);
#3093=DIRECTION('',(0.E0,-4.061384660535E-1,-9.138115486203E-1));
#3094=VECTOR('',#3093,4.924428900898E-2);
#3095=CARTESIAN_POINT('',(1.1E-1,3.7E-1,6.3E-1));
#3096=LINE('',#3095,#3094);
#3097=DIRECTION('',(1.E0,0.E0,0.E0));
#3098=VECTOR('',#3097,1.3E-1);
#3099=CARTESIAN_POINT('',(1.1E-1,3.7E-1,6.3E-1));
#3100=LINE('',#3099,#3098);
#3101=DIRECTION('',(0.E0,-4.061384660535E-1,-9.138115486203E-1));
#3102=VECTOR('',#3101,4.924428900898E-2);
#3103=CARTESIAN_POINT('',(-5.9E-1,3.7E-1,6.3E-1));
#3104=LINE('',#3103,#3102);
#3105=DIRECTION('',(1.E0,0.E0,0.E0));
#3106=VECTOR('',#3105,1.3E-1);
#3107=CARTESIAN_POINT('',(-5.9E-1,3.7E-1,6.3E-1));
#3108=LINE('',#3107,#3106);
#3109=DIRECTION('',(0.E0,-4.061384660535E-1,-9.138115486203E-1));
#3110=VECTOR('',#3109,4.924428900898E-2);
#3111=CARTESIAN_POINT('',(-4.6E-1,3.7E-1,6.3E-1));
#3112=LINE('',#3111,#3110);
#3113=DIRECTION('',(0.E0,-4.061384660535E-1,-9.138115486203E-1));
#3114=VECTOR('',#3113,4.924428900898E-2);
#3115=CARTESIAN_POINT('',(5.9E-1,3.7E-1,6.3E-1));
#3116=LINE('',#3115,#3114);
#3117=DIRECTION('',(0.E0,-4.061384660535E-1,-9.138115486203E-1));
#3118=VECTOR('',#3117,4.924428900898E-2);
#3119=CARTESIAN_POINT('',(4.6E-1,3.7E-1,6.3E-1));
#3120=LINE('',#3119,#3118);
#3121=DIRECTION('',(1.E0,0.E0,0.E0));
#3122=VECTOR('',#3121,1.3E-1);
#3123=CARTESIAN_POINT('',(4.6E-1,3.7E-1,6.3E-1));
#3124=LINE('',#3123,#3122);
#3125=DIRECTION('',(0.E0,-1.E0,0.E0));
#3126=VECTOR('',#3125,1.5E-2);
#3127=CARTESIAN_POINT('',(-1.1E-1,3.7E-1,6.3E-1));
#3128=LINE('',#3127,#3126);
#3129=DIRECTION('',(0.E0,-7.071067811865E-1,-7.071067811865E-1));
#3130=VECTOR('',#3129,2.121320343560E-2);
#3131=CARTESIAN_POINT('',(-1.1E-1,3.55E-1,6.3E-1));
#3132=LINE('',#3131,#3130);
#3133=DIRECTION('',(0.E0,-1.E0,0.E0));
#3134=VECTOR('',#3133,6.877501000801E-2);
#3135=CARTESIAN_POINT('',(-1.1E-1,3.4E-1,6.15E-1));
#3136=LINE('',#3135,#3134);
#3137=DIRECTION('',(0.E0,1.E0,0.E0));
#3138=VECTOR('',#3137,6.877501000801E-2);
#3139=CARTESIAN_POINT('',(-1.1E-1,2.712249899920E-1,-6.15E-1));
#3140=LINE('',#3139,#3138);
#3141=DIRECTION('',(0.E0,7.071067811865E-1,-7.071067811865E-1));
#3142=VECTOR('',#3141,2.121320343560E-2);
#3143=CARTESIAN_POINT('',(-1.1E-1,3.4E-1,-6.15E-1));
#3144=LINE('',#3143,#3142);
#3145=DIRECTION('',(0.E0,1.E0,0.E0));
#3146=VECTOR('',#3145,1.5E-2);
#3147=CARTESIAN_POINT('',(-1.1E-1,3.55E-1,-6.3E-1));
#3148=LINE('',#3147,#3146);
#3149=DIRECTION('',(0.E0,-1.E0,0.E0));
#3150=VECTOR('',#3149,6.877501000801E-2);
#3151=CARTESIAN_POINT('',(1.1E-1,3.4E-1,6.15E-1));
#3152=LINE('',#3151,#3150);
#3153=DIRECTION('',(0.E0,-7.071067811865E-1,-7.071067811865E-1));
#3154=VECTOR('',#3153,2.121320343560E-2);
#3155=CARTESIAN_POINT('',(1.1E-1,3.55E-1,6.3E-1));
#3156=LINE('',#3155,#3154);
#3157=DIRECTION('',(0.E0,-1.E0,0.E0));
#3158=VECTOR('',#3157,1.5E-2);
#3159=CARTESIAN_POINT('',(1.1E-1,3.7E-1,6.3E-1));
#3160=LINE('',#3159,#3158);
#3161=DIRECTION('',(0.E0,1.E0,0.E0));
#3162=VECTOR('',#3161,1.5E-2);
#3163=CARTESIAN_POINT('',(1.1E-1,3.55E-1,-6.3E-1));
#3164=LINE('',#3163,#3162);
#3165=DIRECTION('',(0.E0,7.071067811865E-1,-7.071067811865E-1));
#3166=VECTOR('',#3165,2.121320343560E-2);
#3167=CARTESIAN_POINT('',(1.1E-1,3.4E-1,-6.15E-1));
#3168=LINE('',#3167,#3166);
#3169=DIRECTION('',(0.E0,1.E0,0.E0));
#3170=VECTOR('',#3169,6.877501000801E-2);
#3171=CARTESIAN_POINT('',(1.1E-1,2.712249899920E-1,-6.15E-1));
#3172=LINE('',#3171,#3170);
#3173=DIRECTION('',(0.E0,-1.E0,0.E0));
#3174=VECTOR('',#3173,7.E-2);
#3175=CARTESIAN_POINT('',(-1.1E-1,3.5E-1,5.85E-1));
#3176=LINE('',#3175,#3174);
#3177=DIRECTION('',(0.E0,-1.E0,0.E0));
#3178=VECTOR('',#3177,7.E-2);
#3179=CARTESIAN_POINT('',(-2.4E-1,3.5E-1,5.85E-1));
#3180=LINE('',#3179,#3178);
#3181=DIRECTION('',(1.E0,0.E0,0.E0));
#3182=VECTOR('',#3181,1.3E-1);
#3183=CARTESIAN_POINT('',(-2.4E-1,3.5E-1,5.85E-1));
#3184=LINE('',#3183,#3182);
#3185=DIRECTION('',(0.E0,-1.E0,0.E0));
#3186=VECTOR('',#3185,7.E-2);
#3187=CARTESIAN_POINT('',(2.4E-1,3.5E-1,5.85E-1));
#3188=LINE('',#3187,#3186);
#3189=DIRECTION('',(0.E0,-1.E0,0.E0));
#3190=VECTOR('',#3189,7.E-2);
#3191=CARTESIAN_POINT('',(1.1E-1,3.5E-1,5.85E-1));
#3192=LINE('',#3191,#3190);
#3193=DIRECTION('',(1.E0,0.E0,0.E0));
#3194=VECTOR('',#3193,1.3E-1);
#3195=CARTESIAN_POINT('',(1.1E-1,3.5E-1,5.85E-1));
#3196=LINE('',#3195,#3194);
#3197=DIRECTION('',(0.E0,-1.E0,0.E0));
#3198=VECTOR('',#3197,7.E-2);
#3199=CARTESIAN_POINT('',(-5.9E-1,3.5E-1,5.85E-1));
#3200=LINE('',#3199,#3198);
#3201=DIRECTION('',(1.E0,0.E0,0.E0));
#3202=VECTOR('',#3201,1.3E-1);
#3203=CARTESIAN_POINT('',(-5.9E-1,3.5E-1,5.85E-1));
#3204=LINE('',#3203,#3202);
#3205=DIRECTION('',(0.E0,-1.E0,0.E0));
#3206=VECTOR('',#3205,7.E-2);
#3207=CARTESIAN_POINT('',(-4.6E-1,3.5E-1,5.85E-1));
#3208=LINE('',#3207,#3206);
#3209=DIRECTION('',(0.E0,-1.E0,0.E0));
#3210=VECTOR('',#3209,7.E-2);
#3211=CARTESIAN_POINT('',(5.9E-1,3.5E-1,5.85E-1));
#3212=LINE('',#3211,#3210);
#3213=DIRECTION('',(0.E0,-1.E0,0.E0));
#3214=VECTOR('',#3213,7.E-2);
#3215=CARTESIAN_POINT('',(4.6E-1,3.5E-1,5.85E-1));
#3216=LINE('',#3215,#3214);
#3217=DIRECTION('',(1.E0,0.E0,0.E0));
#3218=VECTOR('',#3217,1.3E-1);
#3219=CARTESIAN_POINT('',(4.6E-1,3.5E-1,5.85E-1));
#3220=LINE('',#3219,#3218);
#3221=DIRECTION('',(0.E0,0.E0,1.E0));
#3222=VECTOR('',#3221,5.E-3);
#3223=CARTESIAN_POINT('',(-2.4E-1,2.8E-1,5.85E-1));
#3224=LINE('',#3223,#3222);
#3225=DIRECTION('',(1.E0,0.E0,0.E0));
#3226=VECTOR('',#3225,1.3E-1);
#3227=CARTESIAN_POINT('',(-2.4E-1,2.8E-1,5.85E-1));
#3228=LINE('',#3227,#3226);
#3229=DIRECTION('',(0.E0,0.E0,1.E0));
#3230=VECTOR('',#3229,5.E-3);
#3231=CARTESIAN_POINT('',(-1.1E-1,2.8E-1,5.85E-1));
#3232=LINE('',#3231,#3230);
#3233=DIRECTION('',(0.E0,0.E0,1.E0));
#3234=VECTOR('',#3233,5.E-3);
#3235=CARTESIAN_POINT('',(1.1E-1,2.8E-1,5.85E-1));
#3236=LINE('',#3235,#3234);
#3237=DIRECTION('',(1.E0,0.E0,0.E0));
#3238=VECTOR('',#3237,1.3E-1);
#3239=CARTESIAN_POINT('',(1.1E-1,2.8E-1,5.85E-1));
#3240=LINE('',#3239,#3238);
#3241=DIRECTION('',(0.E0,0.E0,1.E0));
#3242=VECTOR('',#3241,5.E-3);
#3243=CARTESIAN_POINT('',(2.4E-1,2.8E-1,5.85E-1));
#3244=LINE('',#3243,#3242);
#3245=DIRECTION('',(0.E0,0.E0,1.E0));
#3246=VECTOR('',#3245,5.E-3);
#3247=CARTESIAN_POINT('',(-5.9E-1,2.8E-1,5.85E-1));
#3248=LINE('',#3247,#3246);
#3249=DIRECTION('',(1.E0,0.E0,0.E0));
#3250=VECTOR('',#3249,1.3E-1);
#3251=CARTESIAN_POINT('',(-5.9E-1,2.8E-1,5.85E-1));
#3252=LINE('',#3251,#3250);
#3253=DIRECTION('',(0.E0,0.E0,1.E0));
#3254=VECTOR('',#3253,5.E-3);
#3255=CARTESIAN_POINT('',(-4.6E-1,2.8E-1,5.85E-1));
#3256=LINE('',#3255,#3254);
#3257=DIRECTION('',(0.E0,0.E0,1.E0));
#3258=VECTOR('',#3257,5.E-3);
#3259=CARTESIAN_POINT('',(5.9E-1,2.8E-1,5.85E-1));
#3260=LINE('',#3259,#3258);
#3261=DIRECTION('',(0.E0,0.E0,1.E0));
#3262=VECTOR('',#3261,5.E-3);
#3263=CARTESIAN_POINT('',(4.6E-1,2.8E-1,5.85E-1));
#3264=LINE('',#3263,#3262);
#3265=DIRECTION('',(1.E0,0.E0,0.E0));
#3266=VECTOR('',#3265,1.3E-1);
#3267=CARTESIAN_POINT('',(4.6E-1,2.8E-1,5.85E-1));
#3268=LINE('',#3267,#3266);
#3269=CARTESIAN_POINT('',(-1.1E-1,2.4E-1,5.9E-1));
#3270=DIRECTION('',(1.E0,0.E0,0.E0));
#3271=DIRECTION('',(0.E0,7.806247497998E-1,6.25E-1));
#3272=AXIS2_PLACEMENT_3D('',#3269,#3270,#3271);
#3274=CARTESIAN_POINT('',(-2.4E-1,2.4E-1,5.9E-1));
#3275=DIRECTION('',(1.E0,0.E0,0.E0));
#3276=DIRECTION('',(0.E0,7.806247497998E-1,6.25E-1));
#3277=AXIS2_PLACEMENT_3D('',#3274,#3275,#3276);
#3279=CARTESIAN_POINT('',(-2.4E-1,2.4E-1,5.9E-1));
#3280=DIRECTION('',(1.E0,0.E0,0.E0));
#3281=DIRECTION('',(0.E0,1.E0,0.E0));
#3282=AXIS2_PLACEMENT_3D('',#3279,#3280,#3281);
#3284=DIRECTION('',(1.E0,0.E0,0.E0));
#3285=VECTOR('',#3284,1.3E-1);
#3286=CARTESIAN_POINT('',(-2.4E-1,2.8E-1,5.9E-1));
#3287=LINE('',#3286,#3285);
#3288=CARTESIAN_POINT('',(-1.1E-1,2.4E-1,5.9E-1));
#3289=DIRECTION('',(1.E0,0.E0,0.E0));
#3290=DIRECTION('',(0.E0,1.E0,0.E0));
#3291=AXIS2_PLACEMENT_3D('',#3288,#3289,#3290);
#3293=CARTESIAN_POINT('',(2.4E-1,2.4E-1,5.9E-1));
#3294=DIRECTION('',(1.E0,0.E0,0.E0));
#3295=DIRECTION('',(0.E0,7.806247497998E-1,6.25E-1));
#3296=AXIS2_PLACEMENT_3D('',#3293,#3294,#3295);
#3298=CARTESIAN_POINT('',(1.1E-1,2.4E-1,5.9E-1));
#3299=DIRECTION('',(1.E0,0.E0,0.E0));
#3300=DIRECTION('',(0.E0,7.806247497998E-1,6.25E-1));
#3301=AXIS2_PLACEMENT_3D('',#3298,#3299,#3300);
#3303=CARTESIAN_POINT('',(1.1E-1,2.4E-1,5.9E-1));
#3304=DIRECTION('',(1.E0,0.E0,0.E0));
#3305=DIRECTION('',(0.E0,1.E0,0.E0));
#3306=AXIS2_PLACEMENT_3D('',#3303,#3304,#3305);
#3308=DIRECTION('',(1.E0,0.E0,0.E0));
#3309=VECTOR('',#3308,1.3E-1);
#3310=CARTESIAN_POINT('',(1.1E-1,2.8E-1,5.9E-1));
#3311=LINE('',#3310,#3309);
#3312=CARTESIAN_POINT('',(2.4E-1,2.4E-1,5.9E-1));
#3313=DIRECTION('',(1.E0,0.E0,0.E0));
#3314=DIRECTION('',(0.E0,1.E0,0.E0));
#3315=AXIS2_PLACEMENT_3D('',#3312,#3313,#3314);
#3317=CARTESIAN_POINT('',(-5.9E-1,2.4E-1,5.9E-1));
#3318=DIRECTION('',(1.E0,0.E0,0.E0));
#3319=DIRECTION('',(0.E0,1.E0,0.E0));
#3320=AXIS2_PLACEMENT_3D('',#3317,#3318,#3319);
#3322=DIRECTION('',(1.E0,0.E0,0.E0));
#3323=VECTOR('',#3322,1.3E-1);
#3324=CARTESIAN_POINT('',(-5.9E-1,2.8E-1,5.9E-1));
#3325=LINE('',#3324,#3323);
#3326=CARTESIAN_POINT('',(-4.6E-1,2.4E-1,5.9E-1));
#3327=DIRECTION('',(1.E0,0.E0,0.E0));
#3328=DIRECTION('',(0.E0,1.E0,0.E0));
#3329=AXIS2_PLACEMENT_3D('',#3326,#3327,#3328);
#3331=CARTESIAN_POINT('',(-4.6E-1,2.4E-1,5.9E-1));
#3332=DIRECTION('',(1.E0,0.E0,0.E0));
#3333=DIRECTION('',(0.E0,7.806247497998E-1,6.25E-1));
#3334=AXIS2_PLACEMENT_3D('',#3331,#3332,#3333);
#3336=CARTESIAN_POINT('',(5.9E-1,2.4E-1,5.9E-1));
#3337=DIRECTION('',(1.E0,0.E0,0.E0));
#3338=DIRECTION('',(0.E0,1.E0,0.E0));
#3339=AXIS2_PLACEMENT_3D('',#3336,#3337,#3338);
#3341=CARTESIAN_POINT('',(4.6E-1,2.4E-1,5.9E-1));
#3342=DIRECTION('',(1.E0,0.E0,0.E0));
#3343=DIRECTION('',(0.E0,7.806247497998E-1,6.25E-1));
#3344=AXIS2_PLACEMENT_3D('',#3341,#3342,#3343);
#3346=CARTESIAN_POINT('',(4.6E-1,2.4E-1,5.9E-1));
#3347=DIRECTION('',(1.E0,0.E0,0.E0));
#3348=DIRECTION('',(0.E0,1.E0,0.E0));
#3349=AXIS2_PLACEMENT_3D('',#3346,#3347,#3348);
#3351=DIRECTION('',(1.E0,0.E0,0.E0));
#3352=VECTOR('',#3351,1.3E-1);
#3353=CARTESIAN_POINT('',(4.6E-1,2.8E-1,5.9E-1));
#3354=LINE('',#3353,#3352);
#3355=DIRECTION('',(0.E0,1.E0,0.E0));
#3356=VECTOR('',#3355,1.312249899920E-1);
#3357=CARTESIAN_POINT('',(-1.1E-1,1.4E-1,6.15E-1));
#3358=LINE('',#3357,#3356);
#3359=DIRECTION('',(0.E0,0.E0,-1.E0));
#3360=VECTOR('',#3359,1.5E-2);
#3361=CARTESIAN_POINT('',(-1.1E-1,1.4E-1,6.3E-1));
#3362=LINE('',#3361,#3360);
#3363=DIRECTION('',(0.E0,1.E0,0.E0));
#3364=VECTOR('',#3363,1.312249899920E-1);
#3365=CARTESIAN_POINT('',(-1.1E-1,1.4E-1,-6.15E-1));
#3366=LINE('',#3365,#3364);
#3367=DIRECTION('',(0.E0,0.E0,-1.E0));
#3368=VECTOR('',#3367,1.5E-2);
#3369=CARTESIAN_POINT('',(-1.1E-1,1.4E-1,-6.15E-1));
#3370=LINE('',#3369,#3368);
#3371=DIRECTION('',(1.E0,0.E0,0.E0));
#3372=VECTOR('',#3371,2.2E-1);
#3373=CARTESIAN_POINT('',(-1.1E-1,3.4E-1,6.15E-1));
#3374=LINE('',#3373,#3372);
#3375=DIRECTION('',(1.E0,0.E0,0.E0));
#3376=VECTOR('',#3375,2.2E-1);
#3377=CARTESIAN_POINT('',(-1.1E-1,3.55E-1,6.3E-1));
#3378=LINE('',#3377,#3376);
#3379=DIRECTION('',(0.E0,1.E0,0.E0));
#3380=VECTOR('',#3379,1.312249899920E-1);
#3381=CARTESIAN_POINT('',(1.1E-1,1.4E-1,6.15E-1));
#3382=LINE('',#3381,#3380);
#3383=DIRECTION('',(0.E0,0.E0,-1.E0));
#3384=VECTOR('',#3383,1.5E-2);
#3385=CARTESIAN_POINT('',(1.1E-1,1.4E-1,6.3E-1));
#3386=LINE('',#3385,#3384);
#3387=DIRECTION('',(0.E0,1.E0,0.E0));
#3388=VECTOR('',#3387,1.312249899920E-1);
#3389=CARTESIAN_POINT('',(1.1E-1,1.4E-1,-6.15E-1));
#3390=LINE('',#3389,#3388);
#3391=DIRECTION('',(0.E0,0.E0,-1.E0));
#3392=VECTOR('',#3391,1.5E-2);
#3393=CARTESIAN_POINT('',(1.1E-1,1.4E-1,-6.15E-1));
#3394=LINE('',#3393,#3392);
#3395=DIRECTION('',(0.E0,-1.E0,0.E0));
#3396=VECTOR('',#3395,2.4E-1);
#3397=CARTESIAN_POINT('',(-5.9E-1,2.4E-1,6.3E-1));
#3398=LINE('',#3397,#3396);
#3399=DIRECTION('',(1.E0,0.E0,0.E0));
#3400=VECTOR('',#3399,1.3E-1);
#3401=CARTESIAN_POINT('',(-5.9E-1,2.4E-1,6.3E-1));
#3402=LINE('',#3401,#3400);
#3403=DIRECTION('',(0.E0,-1.E0,0.E0));
#3404=VECTOR('',#3403,1.E-1);
#3405=CARTESIAN_POINT('',(-4.6E-1,2.4E-1,6.3E-1));
#3406=LINE('',#3405,#3404);
#3407=DIRECTION('',(1.E0,0.E0,0.E0));
#3408=VECTOR('',#3407,2.2E-1);
#3409=CARTESIAN_POINT('',(-4.6E-1,1.4E-1,6.3E-1));
#3410=LINE('',#3409,#3408);
#3411=DIRECTION('',(0.E0,-1.E0,0.E0));
#3412=VECTOR('',#3411,1.E-1);
#3413=CARTESIAN_POINT('',(-2.4E-1,2.4E-1,6.3E-1));
#3414=LINE('',#3413,#3412);
#3415=DIRECTION('',(1.E0,0.E0,0.E0));
#3416=VECTOR('',#3415,1.3E-1);
#3417=CARTESIAN_POINT('',(-2.4E-1,2.4E-1,6.3E-1));
#3418=LINE('',#3417,#3416);
#3419=DIRECTION('',(0.E0,-1.E0,0.E0));
#3420=VECTOR('',#3419,1.E-1);
#3421=CARTESIAN_POINT('',(-1.1E-1,2.4E-1,6.3E-1));
#3422=LINE('',#3421,#3420);
#3423=DIRECTION('',(1.E0,0.E0,0.E0));
#3424=VECTOR('',#3423,2.2E-1);
#3425=CARTESIAN_POINT('',(-1.1E-1,1.4E-1,6.3E-1));
#3426=LINE('',#3425,#3424);
#3427=DIRECTION('',(0.E0,-1.E0,0.E0));
#3428=VECTOR('',#3427,1.E-1);
#3429=CARTESIAN_POINT('',(1.1E-1,2.4E-1,6.3E-1));
#3430=LINE('',#3429,#3428);
#3431=DIRECTION('',(1.E0,0.E0,0.E0));
#3432=VECTOR('',#3431,1.3E-1);
#3433=CARTESIAN_POINT('',(1.1E-1,2.4E-1,6.3E-1));
#3434=LINE('',#3433,#3432);
#3435=DIRECTION('',(0.E0,-1.E0,0.E0));
#3436=VECTOR('',#3435,1.E-1);
#3437=CARTESIAN_POINT('',(2.4E-1,2.4E-1,6.3E-1));
#3438=LINE('',#3437,#3436);
#3439=DIRECTION('',(1.E0,0.E0,0.E0));
#3440=VECTOR('',#3439,2.2E-1);
#3441=CARTESIAN_POINT('',(2.4E-1,1.4E-1,6.3E-1));
#3442=LINE('',#3441,#3440);
#3443=DIRECTION('',(0.E0,-1.E0,0.E0));
#3444=VECTOR('',#3443,1.E-1);
#3445=CARTESIAN_POINT('',(4.6E-1,2.4E-1,6.3E-1));
#3446=LINE('',#3445,#3444);
#3447=DIRECTION('',(1.E0,0.E0,0.E0));
#3448=VECTOR('',#3447,1.3E-1);
#3449=CARTESIAN_POINT('',(4.6E-1,2.4E-1,6.3E-1));
#3450=LINE('',#3449,#3448);
#3451=DIRECTION('',(0.E0,-1.E0,0.E0));
#3452=VECTOR('',#3451,2.4E-1);
#3453=CARTESIAN_POINT('',(5.9E-1,2.4E-1,6.3E-1));
#3454=LINE('',#3453,#3452);
#3455=DIRECTION('',(0.E0,1.E0,0.E0));
#3456=VECTOR('',#3455,6.E-2);
#3457=CARTESIAN_POINT('',(4.E-1,0.E0,6.3E-1));
#3458=LINE('',#3457,#3456);
#3459=DIRECTION('',(1.E0,0.E0,0.E0));
#3460=VECTOR('',#3459,1.E-1);
#3461=CARTESIAN_POINT('',(3.E-1,6.E-2,6.3E-1));
#3462=LINE('',#3461,#3460);
#3463=DIRECTION('',(0.E0,1.E0,0.E0));
#3464=VECTOR('',#3463,6.E-2);
#3465=CARTESIAN_POINT('',(3.E-1,0.E0,6.3E-1));
#3466=LINE('',#3465,#3464);
#3467=DIRECTION('',(0.E0,1.E0,0.E0));
#3468=VECTOR('',#3467,6.E-2);
#3469=CARTESIAN_POINT('',(5.E-2,0.E0,6.3E-1));
#3470=LINE('',#3469,#3468);
#3471=DIRECTION('',(1.E0,0.E0,0.E0));
#3472=VECTOR('',#3471,1.E-1);
#3473=CARTESIAN_POINT('',(-5.E-2,6.E-2,6.3E-1));
#3474=LINE('',#3473,#3472);
#3475=DIRECTION('',(0.E0,1.E0,0.E0));
#3476=VECTOR('',#3475,6.E-2);
#3477=CARTESIAN_POINT('',(-5.E-2,0.E0,6.3E-1));
#3478=LINE('',#3477,#3476);
#3479=DIRECTION('',(0.E0,1.E0,0.E0));
#3480=VECTOR('',#3479,6.E-2);
#3481=CARTESIAN_POINT('',(-3.E-1,0.E0,6.3E-1));
#3482=LINE('',#3481,#3480);
#3483=DIRECTION('',(1.E0,0.E0,0.E0));
#3484=VECTOR('',#3483,1.E-1);
#3485=CARTESIAN_POINT('',(-4.E-1,6.E-2,6.3E-1));
#3486=LINE('',#3485,#3484);
#3487=DIRECTION('',(0.E0,1.E0,0.E0));
#3488=VECTOR('',#3487,6.E-2);
#3489=CARTESIAN_POINT('',(-4.E-1,0.E0,6.3E-1));
#3490=LINE('',#3489,#3488);
#3491=DIRECTION('',(0.E0,1.E0,0.E0));
#3492=VECTOR('',#3491,1.312249899920E-1);
#3493=CARTESIAN_POINT('',(-4.6E-1,1.4E-1,6.15E-1));
#3494=LINE('',#3493,#3492);
#3495=DIRECTION('',(0.E0,0.E0,-1.E0));
#3496=VECTOR('',#3495,1.5E-2);
#3497=CARTESIAN_POINT('',(-4.6E-1,1.4E-1,6.3E-1));
#3498=LINE('',#3497,#3496);
#3499=DIRECTION('',(0.E0,1.E0,0.E0));
#3500=VECTOR('',#3499,1.312249899920E-1);
#3501=CARTESIAN_POINT('',(-4.6E-1,1.4E-1,-6.15E-1));
#3502=LINE('',#3501,#3500);
#3503=DIRECTION('',(0.E0,0.E0,-1.E0));
#3504=VECTOR('',#3503,1.5E-2);
#3505=CARTESIAN_POINT('',(-4.6E-1,1.4E-1,-6.15E-1));
#3506=LINE('',#3505,#3504);
#3507=DIRECTION('',(1.E0,0.E0,0.E0));
#3508=VECTOR('',#3507,2.2E-1);
#3509=CARTESIAN_POINT('',(-4.6E-1,3.4E-1,6.15E-1));
#3510=LINE('',#3509,#3508);
#3511=DIRECTION('',(1.E0,0.E0,0.E0));
#3512=VECTOR('',#3511,2.2E-1);
#3513=CARTESIAN_POINT('',(-4.6E-1,1.4E-1,6.15E-1));
#3514=LINE('',#3513,#3512);
#3515=DIRECTION('',(0.E0,1.E0,0.E0));
#3516=VECTOR('',#3515,1.312249899920E-1);
#3517=CARTESIAN_POINT('',(-2.4E-1,1.4E-1,6.15E-1));
#3518=LINE('',#3517,#3516);
#3519=DIRECTION('',(0.E0,0.E0,-1.E0));
#3520=VECTOR('',#3519,1.5E-2);
#3521=CARTESIAN_POINT('',(-2.4E-1,1.4E-1,6.3E-1));
#3522=LINE('',#3521,#3520);
#3523=DIRECTION('',(0.E0,1.E0,0.E0));
#3524=VECTOR('',#3523,1.312249899920E-1);
#3525=CARTESIAN_POINT('',(-2.4E-1,1.4E-1,-6.15E-1));
#3526=LINE('',#3525,#3524);
#3527=DIRECTION('',(0.E0,0.E0,-1.E0));
#3528=VECTOR('',#3527,1.5E-2);
#3529=CARTESIAN_POINT('',(-2.4E-1,1.4E-1,-6.15E-1));
#3530=LINE('',#3529,#3528);
#3531=DIRECTION('',(1.E0,0.E0,0.E0));
#3532=VECTOR('',#3531,2.2E-1);
#3533=CARTESIAN_POINT('',(-4.6E-1,1.4E-1,-6.15E-1));
#3534=LINE('',#3533,#3532);
#3535=DIRECTION('',(0.E0,1.E0,0.E0));
#3536=VECTOR('',#3535,2.4E-1);
#3537=CARTESIAN_POINT('',(-5.9E-1,0.E0,-6.3E-1));
#3538=LINE('',#3537,#3536);
#3539=DIRECTION('',(1.E0,0.E0,0.E0));
#3540=VECTOR('',#3539,1.9E-1);
#3541=CARTESIAN_POINT('',(-5.9E-1,0.E0,-6.3E-1));
#3542=LINE('',#3541,#3540);
#3543=DIRECTION('',(0.E0,1.E0,0.E0));
#3544=VECTOR('',#3543,6.E-2);
#3545=CARTESIAN_POINT('',(-4.E-1,0.E0,-6.3E-1));
#3546=LINE('',#3545,#3544);
#3547=DIRECTION('',(1.E0,0.E0,0.E0));
#3548=VECTOR('',#3547,1.E-1);
#3549=CARTESIAN_POINT('',(-4.E-1,6.E-2,-6.3E-1));
#3550=LINE('',#3549,#3548);
#3551=DIRECTION('',(0.E0,1.E0,0.E0));
#3552=VECTOR('',#3551,6.E-2);
#3553=CARTESIAN_POINT('',(-3.E-1,0.E0,-6.3E-1));
#3554=LINE('',#3553,#3552);
#3555=DIRECTION('',(1.E0,0.E0,0.E0));
#3556=VECTOR('',#3555,2.5E-1);
#3557=CARTESIAN_POINT('',(-3.E-1,0.E0,-6.3E-1));
#3558=LINE('',#3557,#3556);
#3559=DIRECTION('',(0.E0,1.E0,0.E0));
#3560=VECTOR('',#3559,6.E-2);
#3561=CARTESIAN_POINT('',(-5.E-2,0.E0,-6.3E-1));
#3562=LINE('',#3561,#3560);
#3563=DIRECTION('',(1.E0,0.E0,0.E0));
#3564=VECTOR('',#3563,1.E-1);
#3565=CARTESIAN_POINT('',(-5.E-2,6.E-2,-6.3E-1));
#3566=LINE('',#3565,#3564);
#3567=DIRECTION('',(0.E0,1.E0,0.E0));
#3568=VECTOR('',#3567,6.E-2);
#3569=CARTESIAN_POINT('',(5.E-2,0.E0,-6.3E-1));
#3570=LINE('',#3569,#3568);
#3571=DIRECTION('',(1.E0,0.E0,0.E0));
#3572=VECTOR('',#3571,2.5E-1);
#3573=CARTESIAN_POINT('',(5.E-2,0.E0,-6.3E-1));
#3574=LINE('',#3573,#3572);
#3575=DIRECTION('',(0.E0,1.E0,0.E0));
#3576=VECTOR('',#3575,6.E-2);
#3577=CARTESIAN_POINT('',(3.E-1,0.E0,-6.3E-1));
#3578=LINE('',#3577,#3576);
#3579=DIRECTION('',(1.E0,0.E0,0.E0));
#3580=VECTOR('',#3579,1.E-1);
#3581=CARTESIAN_POINT('',(3.E-1,6.E-2,-6.3E-1));
#3582=LINE('',#3581,#3580);
#3583=DIRECTION('',(0.E0,1.E0,0.E0));
#3584=VECTOR('',#3583,6.E-2);
#3585=CARTESIAN_POINT('',(4.E-1,0.E0,-6.3E-1));
#3586=LINE('',#3585,#3584);
#3587=DIRECTION('',(1.E0,0.E0,0.E0));
#3588=VECTOR('',#3587,1.9E-1);
#3589=CARTESIAN_POINT('',(4.E-1,0.E0,-6.3E-1));
#3590=LINE('',#3589,#3588);
#3591=DIRECTION('',(0.E0,1.E0,0.E0));
#3592=VECTOR('',#3591,2.4E-1);
#3593=CARTESIAN_POINT('',(5.9E-1,0.E0,-6.3E-1));
#3594=LINE('',#3593,#3592);
#3595=DIRECTION('',(0.E0,-1.E0,0.E0));
#3596=VECTOR('',#3595,1.E-1);
#3597=CARTESIAN_POINT('',(4.6E-1,2.4E-1,-6.3E-1));
#3598=LINE('',#3597,#3596);
#3599=DIRECTION('',(1.E0,0.E0,0.E0));
#3600=VECTOR('',#3599,2.2E-1);
#3601=CARTESIAN_POINT('',(2.4E-1,1.4E-1,-6.3E-1));
#3602=LINE('',#3601,#3600);
#3603=DIRECTION('',(0.E0,-1.E0,0.E0));
#3604=VECTOR('',#3603,1.E-1);
#3605=CARTESIAN_POINT('',(2.4E-1,2.4E-1,-6.3E-1));
#3606=LINE('',#3605,#3604);
#3607=DIRECTION('',(0.E0,-1.E0,0.E0));
#3608=VECTOR('',#3607,1.E-1);
#3609=CARTESIAN_POINT('',(1.1E-1,2.4E-1,-6.3E-1));
#3610=LINE('',#3609,#3608);
#3611=DIRECTION('',(1.E0,0.E0,0.E0));
#3612=VECTOR('',#3611,2.2E-1);
#3613=CARTESIAN_POINT('',(-1.1E-1,1.4E-1,-6.3E-1));
#3614=LINE('',#3613,#3612);
#3615=DIRECTION('',(0.E0,-1.E0,0.E0));
#3616=VECTOR('',#3615,1.E-1);
#3617=CARTESIAN_POINT('',(-1.1E-1,2.4E-1,-6.3E-1));
#3618=LINE('',#3617,#3616);
#3619=DIRECTION('',(0.E0,1.E0,0.E0));
#3620=VECTOR('',#3619,1.E-1);
#3621=CARTESIAN_POINT('',(-2.4E-1,1.4E-1,-6.3E-1));
#3622=LINE('',#3621,#3620);
#3623=DIRECTION('',(1.E0,0.E0,0.E0));
#3624=VECTOR('',#3623,2.2E-1);
#3625=CARTESIAN_POINT('',(-4.6E-1,1.4E-1,-6.3E-1));
#3626=LINE('',#3625,#3624);
#3627=DIRECTION('',(0.E0,1.E0,0.E0));
#3628=VECTOR('',#3627,1.E-1);
#3629=CARTESIAN_POINT('',(-4.6E-1,1.4E-1,-6.3E-1));
#3630=LINE('',#3629,#3628);
#3631=DIRECTION('',(0.E0,0.E0,1.E0));
#3632=VECTOR('',#3631,1.5E-1);
#3633=CARTESIAN_POINT('',(-4.E-1,6.E-2,6.3E-1));
#3634=LINE('',#3633,#3632);
#3635=CARTESIAN_POINT('',(-4.E-1,4.E-2,7.8E-1));
#3636=DIRECTION('',(1.E0,0.E0,0.E0));
#3637=DIRECTION('',(0.E0,1.E0,0.E0));
#3638=AXIS2_PLACEMENT_3D('',#3635,#3636,#3637);
#3640=DIRECTION('',(0.E0,0.E0,1.E0));
#3641=VECTOR('',#3640,2.E-1);
#3642=CARTESIAN_POINT('',(-4.E-1,4.E-2,8.E-1));
#3643=LINE('',#3642,#3641);
#3644=DIRECTION('',(0.E0,-1.E0,0.E0));
#3645=VECTOR('',#3644,6.E-2);
#3646=CARTESIAN_POINT('',(-4.E-1,4.E-2,1.E0));
#3647=LINE('',#3646,#3645);
#3648=DIRECTION('',(0.E0,0.E0,-1.E0));
#3649=VECTOR('',#3648,2.E-1);
#3650=CARTESIAN_POINT('',(-4.E-1,-2.E-2,1.E0));
#3651=LINE('',#3650,#3649);
#3652=CARTESIAN_POINT('',(-4.E-1,0.E0,8.E-1));
#3653=DIRECTION('',(1.E0,0.E0,0.E0));
#3654=DIRECTION('',(0.E0,-1.E0,0.E0));
#3655=AXIS2_PLACEMENT_3D('',#3652,#3653,#3654);
#3657=DIRECTION('',(0.E0,0.E0,-1.E0));
#3658=VECTOR('',#3657,1.5E-1);
#3659=CARTESIAN_POINT('',(-4.E-1,0.E0,7.8E-1));
#3660=LINE('',#3659,#3658);
#3661=DIRECTION('',(0.E0,0.E0,-1.E0));
#3662=VECTOR('',#3661,1.5E-1);
#3663=CARTESIAN_POINT('',(-4.E-1,0.E0,-6.3E-1));
#3664=LINE('',#3663,#3662);
#3665=CARTESIAN_POINT('',(-4.E-1,0.E0,-8.E-1));
#3666=DIRECTION('',(1.E0,0.E0,0.E0));
#3667=DIRECTION('',(0.E0,0.E0,1.E0));
#3668=AXIS2_PLACEMENT_3D('',#3665,#3666,#3667);
#3670=DIRECTION('',(0.E0,0.E0,-1.E0));
#3671=VECTOR('',#3670,2.E-1);
#3672=CARTESIAN_POINT('',(-4.E-1,-2.E-2,-8.E-1));
#3673=LINE('',#3672,#3671);
#3674=DIRECTION('',(0.E0,1.E0,0.E0));
#3675=VECTOR('',#3674,6.E-2);
#3676=CARTESIAN_POINT('',(-4.E-1,-2.E-2,-1.E0));
#3677=LINE('',#3676,#3675);
#3678=DIRECTION('',(0.E0,0.E0,1.E0));
#3679=VECTOR('',#3678,2.E-1);
#3680=CARTESIAN_POINT('',(-4.E-1,4.E-2,-1.E0));
#3681=LINE('',#3680,#3679);
#3682=CARTESIAN_POINT('',(-4.E-1,4.E-2,-7.8E-1));
#3683=DIRECTION('',(1.E0,0.E0,0.E0));
#3684=DIRECTION('',(0.E0,0.E0,-1.E0));
#3685=AXIS2_PLACEMENT_3D('',#3682,#3683,#3684);
#3687=DIRECTION('',(0.E0,0.E0,1.E0));
#3688=VECTOR('',#3687,1.5E-1);
#3689=CARTESIAN_POINT('',(-4.E-1,6.E-2,-7.8E-1));
#3690=LINE('',#3689,#3688);
#3691=DIRECTION('',(0.E0,0.E0,1.E0));
#3692=VECTOR('',#3691,1.5E-1);
#3693=CARTESIAN_POINT('',(-3.E-1,6.E-2,6.3E-1));
#3694=LINE('',#3693,#3692);
#3695=DIRECTION('',(0.E0,0.E0,-1.E0));
#3696=VECTOR('',#3695,1.5E-1);
#3697=CARTESIAN_POINT('',(-3.E-1,0.E0,7.8E-1));
#3698=LINE('',#3697,#3696);
#3699=CARTESIAN_POINT('',(-3.E-1,0.E0,8.E-1));
#3700=DIRECTION('',(1.E0,0.E0,0.E0));
#3701=DIRECTION('',(0.E0,-1.E0,0.E0));
#3702=AXIS2_PLACEMENT_3D('',#3699,#3700,#3701);
#3704=DIRECTION('',(0.E0,0.E0,-1.E0));
#3705=VECTOR('',#3704,2.E-1);
#3706=CARTESIAN_POINT('',(-3.E-1,-2.E-2,1.E0));
#3707=LINE('',#3706,#3705);
#3708=DIRECTION('',(0.E0,-1.E0,0.E0));
#3709=VECTOR('',#3708,6.E-2);
#3710=CARTESIAN_POINT('',(-3.E-1,4.E-2,1.E0));
#3711=LINE('',#3710,#3709);
#3712=DIRECTION('',(0.E0,0.E0,1.E0));
#3713=VECTOR('',#3712,2.E-1);
#3714=CARTESIAN_POINT('',(-3.E-1,4.E-2,8.E-1));
#3715=LINE('',#3714,#3713);
#3716=CARTESIAN_POINT('',(-3.E-1,4.E-2,7.8E-1));
#3717=DIRECTION('',(1.E0,0.E0,0.E0));
#3718=DIRECTION('',(0.E0,1.E0,0.E0));
#3719=AXIS2_PLACEMENT_3D('',#3716,#3717,#3718);
#3721=DIRECTION('',(0.E0,0.E0,-1.E0));
#3722=VECTOR('',#3721,1.5E-1);
#3723=CARTESIAN_POINT('',(-3.E-1,0.E0,-6.3E-1));
#3724=LINE('',#3723,#3722);
#3725=DIRECTION('',(0.E0,0.E0,1.E0));
#3726=VECTOR('',#3725,1.5E-1);
#3727=CARTESIAN_POINT('',(-3.E-1,6.E-2,-7.8E-1));
#3728=LINE('',#3727,#3726);
#3729=CARTESIAN_POINT('',(-3.E-1,4.E-2,-7.8E-1));
#3730=DIRECTION('',(1.E0,0.E0,0.E0));
#3731=DIRECTION('',(0.E0,0.E0,-1.E0));
#3732=AXIS2_PLACEMENT_3D('',#3729,#3730,#3731);
#3734=DIRECTION('',(0.E0,0.E0,1.E0));
#3735=VECTOR('',#3734,2.E-1);
#3736=CARTESIAN_POINT('',(-3.E-1,4.E-2,-1.E0));
#3737=LINE('',#3736,#3735);
#3738=DIRECTION('',(0.E0,1.E0,0.E0));
#3739=VECTOR('',#3738,6.E-2);
#3740=CARTESIAN_POINT('',(-3.E-1,-2.E-2,-1.E0));
#3741=LINE('',#3740,#3739);
#3742=DIRECTION('',(0.E0,0.E0,-1.E0));
#3743=VECTOR('',#3742,2.E-1);
#3744=CARTESIAN_POINT('',(-3.E-1,-2.E-2,-8.E-1));
#3745=LINE('',#3744,#3743);
#3746=CARTESIAN_POINT('',(-3.E-1,0.E0,-8.E-1));
#3747=DIRECTION('',(1.E0,0.E0,0.E0));
#3748=DIRECTION('',(0.E0,0.E0,1.E0));
#3749=AXIS2_PLACEMENT_3D('',#3746,#3747,#3748);
#3751=DIRECTION('',(1.E0,0.E0,0.E0));
#3752=VECTOR('',#3751,1.E-1);
#3753=CARTESIAN_POINT('',(-4.E-1,-2.E-2,8.E-1));
#3754=LINE('',#3753,#3752);
#3755=DIRECTION('',(1.E0,0.E0,0.E0));
#3756=VECTOR('',#3755,1.E-1);
#3757=CARTESIAN_POINT('',(-4.E-1,-2.E-2,1.E0));
#3758=LINE('',#3757,#3756);
#3759=DIRECTION('',(1.E0,0.E0,0.E0));
#3760=VECTOR('',#3759,1.E-1);
#3761=CARTESIAN_POINT('',(-4.E-1,4.E-2,1.E0));
#3762=LINE('',#3761,#3760);
#3763=DIRECTION('',(1.E0,0.E0,0.E0));
#3764=VECTOR('',#3763,1.E-1);
#3765=CARTESIAN_POINT('',(-4.E-1,4.E-2,8.E-1));
#3766=LINE('',#3765,#3764);
#3767=DIRECTION('',(1.E0,0.E0,0.E0));
#3768=VECTOR('',#3767,1.E-1);
#3769=CARTESIAN_POINT('',(-4.E-1,6.E-2,7.8E-1));
#3770=LINE('',#3769,#3768);
#3771=DIRECTION('',(1.E0,0.E0,0.E0));
#3772=VECTOR('',#3771,1.E-1);
#3773=CARTESIAN_POINT('',(-4.E-1,6.E-2,-7.8E-1));
#3774=LINE('',#3773,#3772);
#3775=DIRECTION('',(1.E0,0.E0,0.E0));
#3776=VECTOR('',#3775,1.E-1);
#3777=CARTESIAN_POINT('',(-4.E-1,4.E-2,-8.E-1));
#3778=LINE('',#3777,#3776);
#3779=DIRECTION('',(1.E0,0.E0,0.E0));
#3780=VECTOR('',#3779,1.E-1);
#3781=CARTESIAN_POINT('',(-4.E-1,4.E-2,-1.E0));
#3782=LINE('',#3781,#3780);
#3783=DIRECTION('',(1.E0,0.E0,0.E0));
#3784=VECTOR('',#3783,1.E-1);
#3785=CARTESIAN_POINT('',(-4.E-1,-2.E-2,-1.E0));
#3786=LINE('',#3785,#3784);
#3787=DIRECTION('',(1.E0,0.E0,0.E0));
#3788=VECTOR('',#3787,1.E-1);
#3789=CARTESIAN_POINT('',(-4.E-1,-2.E-2,-8.E-1));
#3790=LINE('',#3789,#3788);
#3791=DIRECTION('',(1.E0,0.E0,0.E0));
#3792=VECTOR('',#3791,1.E-1);
#3793=CARTESIAN_POINT('',(-4.E-1,0.E0,-7.8E-1));
#3794=LINE('',#3793,#3792);
#3795=DIRECTION('',(0.E0,0.E0,1.E0));
#3796=VECTOR('',#3795,1.5E-1);
#3797=CARTESIAN_POINT('',(-5.E-2,6.E-2,6.3E-1));
#3798=LINE('',#3797,#3796);
#3799=CARTESIAN_POINT('',(-5.E-2,4.E-2,7.8E-1));
#3800=DIRECTION('',(1.E0,0.E0,0.E0));
#3801=DIRECTION('',(0.E0,1.E0,0.E0));
#3802=AXIS2_PLACEMENT_3D('',#3799,#3800,#3801);
#3804=DIRECTION('',(0.E0,0.E0,1.E0));
#3805=VECTOR('',#3804,2.E-1);
#3806=CARTESIAN_POINT('',(-5.E-2,4.E-2,8.E-1));
#3807=LINE('',#3806,#3805);
#3808=DIRECTION('',(0.E0,-1.E0,0.E0));
#3809=VECTOR('',#3808,6.E-2);
#3810=CARTESIAN_POINT('',(-5.E-2,4.E-2,1.E0));
#3811=LINE('',#3810,#3809);
#3812=DIRECTION('',(0.E0,0.E0,-1.E0));
#3813=VECTOR('',#3812,2.E-1);
#3814=CARTESIAN_POINT('',(-5.E-2,-2.E-2,1.E0));
#3815=LINE('',#3814,#3813);
#3816=CARTESIAN_POINT('',(-5.E-2,0.E0,8.E-1));
#3817=DIRECTION('',(1.E0,0.E0,0.E0));
#3818=DIRECTION('',(0.E0,-1.E0,0.E0));
#3819=AXIS2_PLACEMENT_3D('',#3816,#3817,#3818);
#3821=DIRECTION('',(0.E0,0.E0,-1.E0));
#3822=VECTOR('',#3821,1.5E-1);
#3823=CARTESIAN_POINT('',(-5.E-2,0.E0,7.8E-1));
#3824=LINE('',#3823,#3822);
#3825=DIRECTION('',(0.E0,0.E0,-1.E0));
#3826=VECTOR('',#3825,1.5E-1);
#3827=CARTESIAN_POINT('',(-5.E-2,0.E0,-6.3E-1));
#3828=LINE('',#3827,#3826);
#3829=CARTESIAN_POINT('',(-5.E-2,0.E0,-8.E-1));
#3830=DIRECTION('',(1.E0,0.E0,0.E0));
#3831=DIRECTION('',(0.E0,0.E0,1.E0));
#3832=AXIS2_PLACEMENT_3D('',#3829,#3830,#3831);
#3834=DIRECTION('',(0.E0,0.E0,-1.E0));
#3835=VECTOR('',#3834,2.E-1);
#3836=CARTESIAN_POINT('',(-5.E-2,-2.E-2,-8.E-1));
#3837=LINE('',#3836,#3835);
#3838=DIRECTION('',(0.E0,1.E0,0.E0));
#3839=VECTOR('',#3838,6.E-2);
#3840=CARTESIAN_POINT('',(-5.E-2,-2.E-2,-1.E0));
#3841=LINE('',#3840,#3839);
#3842=DIRECTION('',(0.E0,0.E0,1.E0));
#3843=VECTOR('',#3842,2.E-1);
#3844=CARTESIAN_POINT('',(-5.E-2,4.E-2,-1.E0));
#3845=LINE('',#3844,#3843);
#3846=CARTESIAN_POINT('',(-5.E-2,4.E-2,-7.8E-1));
#3847=DIRECTION('',(1.E0,0.E0,0.E0));
#3848=DIRECTION('',(0.E0,0.E0,-1.E0));
#3849=AXIS2_PLACEMENT_3D('',#3846,#3847,#3848);
#3851=DIRECTION('',(0.E0,0.E0,1.E0));
#3852=VECTOR('',#3851,1.5E-1);
#3853=CARTESIAN_POINT('',(-5.E-2,6.E-2,-7.8E-1));
#3854=LINE('',#3853,#3852);
#3855=DIRECTION('',(0.E0,0.E0,1.E0));
#3856=VECTOR('',#3855,1.5E-1);
#3857=CARTESIAN_POINT('',(5.E-2,6.E-2,6.3E-1));
#3858=LINE('',#3857,#3856);
#3859=DIRECTION('',(0.E0,0.E0,-1.E0));
#3860=VECTOR('',#3859,1.5E-1);
#3861=CARTESIAN_POINT('',(5.E-2,0.E0,7.8E-1));
#3862=LINE('',#3861,#3860);
#3863=CARTESIAN_POINT('',(5.E-2,0.E0,8.E-1));
#3864=DIRECTION('',(1.E0,0.E0,0.E0));
#3865=DIRECTION('',(0.E0,-1.E0,0.E0));
#3866=AXIS2_PLACEMENT_3D('',#3863,#3864,#3865);
#3868=DIRECTION('',(0.E0,0.E0,-1.E0));
#3869=VECTOR('',#3868,2.E-1);
#3870=CARTESIAN_POINT('',(5.E-2,-2.E-2,1.E0));
#3871=LINE('',#3870,#3869);
#3872=DIRECTION('',(0.E0,-1.E0,0.E0));
#3873=VECTOR('',#3872,6.E-2);
#3874=CARTESIAN_POINT('',(5.E-2,4.E-2,1.E0));
#3875=LINE('',#3874,#3873);
#3876=DIRECTION('',(0.E0,0.E0,1.E0));
#3877=VECTOR('',#3876,2.E-1);
#3878=CARTESIAN_POINT('',(5.E-2,4.E-2,8.E-1));
#3879=LINE('',#3878,#3877);
#3880=CARTESIAN_POINT('',(5.E-2,4.E-2,7.8E-1));
#3881=DIRECTION('',(1.E0,0.E0,0.E0));
#3882=DIRECTION('',(0.E0,1.E0,0.E0));
#3883=AXIS2_PLACEMENT_3D('',#3880,#3881,#3882);
#3885=DIRECTION('',(0.E0,0.E0,-1.E0));
#3886=VECTOR('',#3885,1.5E-1);
#3887=CARTESIAN_POINT('',(5.E-2,0.E0,-6.3E-1));
#3888=LINE('',#3887,#3886);
#3889=DIRECTION('',(0.E0,0.E0,1.E0));
#3890=VECTOR('',#3889,1.5E-1);
#3891=CARTESIAN_POINT('',(5.E-2,6.E-2,-7.8E-1));
#3892=LINE('',#3891,#3890);
#3893=CARTESIAN_POINT('',(5.E-2,4.E-2,-7.8E-1));
#3894=DIRECTION('',(1.E0,0.E0,0.E0));
#3895=DIRECTION('',(0.E0,0.E0,-1.E0));
#3896=AXIS2_PLACEMENT_3D('',#3893,#3894,#3895);
#3898=DIRECTION('',(0.E0,0.E0,1.E0));
#3899=VECTOR('',#3898,2.E-1);
#3900=CARTESIAN_POINT('',(5.E-2,4.E-2,-1.E0));
#3901=LINE('',#3900,#3899);
#3902=DIRECTION('',(0.E0,1.E0,0.E0));
#3903=VECTOR('',#3902,6.E-2);
#3904=CARTESIAN_POINT('',(5.E-2,-2.E-2,-1.E0));
#3905=LINE('',#3904,#3903);
#3906=DIRECTION('',(0.E0,0.E0,-1.E0));
#3907=VECTOR('',#3906,2.E-1);
#3908=CARTESIAN_POINT('',(5.E-2,-2.E-2,-8.E-1));
#3909=LINE('',#3908,#3907);
#3910=CARTESIAN_POINT('',(5.E-2,0.E0,-8.E-1));
#3911=DIRECTION('',(1.E0,0.E0,0.E0));
#3912=DIRECTION('',(0.E0,0.E0,1.E0));
#3913=AXIS2_PLACEMENT_3D('',#3910,#3911,#3912);
#3915=DIRECTION('',(1.E0,0.E0,0.E0));
#3916=VECTOR('',#3915,1.E-1);
#3917=CARTESIAN_POINT('',(-5.E-2,-2.E-2,8.E-1));
#3918=LINE('',#3917,#3916);
#3919=DIRECTION('',(1.E0,0.E0,0.E0));
#3920=VECTOR('',#3919,1.E-1);
#3921=CARTESIAN_POINT('',(-5.E-2,-2.E-2,1.E0));
#3922=LINE('',#3921,#3920);
#3923=DIRECTION('',(1.E0,0.E0,0.E0));
#3924=VECTOR('',#3923,1.E-1);
#3925=CARTESIAN_POINT('',(-5.E-2,4.E-2,1.E0));
#3926=LINE('',#3925,#3924);
#3927=DIRECTION('',(1.E0,0.E0,0.E0));
#3928=VECTOR('',#3927,1.E-1);
#3929=CARTESIAN_POINT('',(-5.E-2,4.E-2,8.E-1));
#3930=LINE('',#3929,#3928);
#3931=DIRECTION('',(1.E0,0.E0,0.E0));
#3932=VECTOR('',#3931,1.E-1);
#3933=CARTESIAN_POINT('',(-5.E-2,6.E-2,7.8E-1));
#3934=LINE('',#3933,#3932);
#3935=DIRECTION('',(1.E0,0.E0,0.E0));
#3936=VECTOR('',#3935,1.E-1);
#3937=CARTESIAN_POINT('',(-5.E-2,6.E-2,-7.8E-1));
#3938=LINE('',#3937,#3936);
#3939=DIRECTION('',(1.E0,0.E0,0.E0));
#3940=VECTOR('',#3939,1.E-1);
#3941=CARTESIAN_POINT('',(-5.E-2,4.E-2,-8.E-1));
#3942=LINE('',#3941,#3940);
#3943=DIRECTION('',(1.E0,0.E0,0.E0));
#3944=VECTOR('',#3943,1.E-1);
#3945=CARTESIAN_POINT('',(-5.E-2,4.E-2,-1.E0));
#3946=LINE('',#3945,#3944);
#3947=DIRECTION('',(1.E0,0.E0,0.E0));
#3948=VECTOR('',#3947,1.E-1);
#3949=CARTESIAN_POINT('',(-5.E-2,-2.E-2,-1.E0));
#3950=LINE('',#3949,#3948);
#3951=DIRECTION('',(1.E0,0.E0,0.E0));
#3952=VECTOR('',#3951,1.E-1);
#3953=CARTESIAN_POINT('',(-5.E-2,-2.E-2,-8.E-1));
#3954=LINE('',#3953,#3952);
#3955=DIRECTION('',(1.E0,0.E0,0.E0));
#3956=VECTOR('',#3955,1.E-1);
#3957=CARTESIAN_POINT('',(-5.E-2,0.E0,-7.8E-1));
#3958=LINE('',#3957,#3956);
#3959=DIRECTION('',(0.E0,0.E0,1.E0));
#3960=VECTOR('',#3959,1.5E-1);
#3961=CARTESIAN_POINT('',(3.E-1,6.E-2,6.3E-1));
#3962=LINE('',#3961,#3960);
#3963=CARTESIAN_POINT('',(3.E-1,4.E-2,7.8E-1));
#3964=DIRECTION('',(1.E0,0.E0,0.E0));
#3965=DIRECTION('',(0.E0,1.E0,0.E0));
#3966=AXIS2_PLACEMENT_3D('',#3963,#3964,#3965);
#3968=DIRECTION('',(0.E0,0.E0,1.E0));
#3969=VECTOR('',#3968,2.E-1);
#3970=CARTESIAN_POINT('',(3.E-1,4.E-2,8.E-1));
#3971=LINE('',#3970,#3969);
#3972=DIRECTION('',(0.E0,-1.E0,0.E0));
#3973=VECTOR('',#3972,6.E-2);
#3974=CARTESIAN_POINT('',(3.E-1,4.E-2,1.E0));
#3975=LINE('',#3974,#3973);
#3976=DIRECTION('',(0.E0,0.E0,-1.E0));
#3977=VECTOR('',#3976,2.E-1);
#3978=CARTESIAN_POINT('',(3.E-1,-2.E-2,1.E0));
#3979=LINE('',#3978,#3977);
#3980=CARTESIAN_POINT('',(3.E-1,0.E0,8.E-1));
#3981=DIRECTION('',(1.E0,0.E0,0.E0));
#3982=DIRECTION('',(0.E0,-1.E0,0.E0));
#3983=AXIS2_PLACEMENT_3D('',#3980,#3981,#3982);
#3985=DIRECTION('',(0.E0,0.E0,-1.E0));
#3986=VECTOR('',#3985,1.5E-1);
#3987=CARTESIAN_POINT('',(3.E-1,0.E0,7.8E-1));
#3988=LINE('',#3987,#3986);
#3989=DIRECTION('',(0.E0,0.E0,-1.E0));
#3990=VECTOR('',#3989,1.5E-1);
#3991=CARTESIAN_POINT('',(3.E-1,0.E0,-6.3E-1));
#3992=LINE('',#3991,#3990);
#3993=CARTESIAN_POINT('',(3.E-1,0.E0,-8.E-1));
#3994=DIRECTION('',(1.E0,0.E0,0.E0));
#3995=DIRECTION('',(0.E0,0.E0,1.E0));
#3996=AXIS2_PLACEMENT_3D('',#3993,#3994,#3995);
#3998=DIRECTION('',(0.E0,0.E0,-1.E0));
#3999=VECTOR('',#3998,2.E-1);
#4000=CARTESIAN_POINT('',(3.E-1,-2.E-2,-8.E-1));
#4001=LINE('',#4000,#3999);
#4002=DIRECTION('',(0.E0,1.E0,0.E0));
#4003=VECTOR('',#4002,6.E-2);
#4004=CARTESIAN_POINT('',(3.E-1,-2.E-2,-1.E0));
#4005=LINE('',#4004,#4003);
#4006=DIRECTION('',(0.E0,0.E0,1.E0));
#4007=VECTOR('',#4006,2.E-1);
#4008=CARTESIAN_POINT('',(3.E-1,4.E-2,-1.E0));
#4009=LINE('',#4008,#4007);
#4010=CARTESIAN_POINT('',(3.E-1,4.E-2,-7.8E-1));
#4011=DIRECTION('',(1.E0,0.E0,0.E0));
#4012=DIRECTION('',(0.E0,0.E0,-1.E0));
#4013=AXIS2_PLACEMENT_3D('',#4010,#4011,#4012);
#4015=DIRECTION('',(0.E0,0.E0,1.E0));
#4016=VECTOR('',#4015,1.5E-1);
#4017=CARTESIAN_POINT('',(3.E-1,6.E-2,-7.8E-1));
#4018=LINE('',#4017,#4016);
#4019=DIRECTION('',(0.E0,0.E0,1.E0));
#4020=VECTOR('',#4019,1.5E-1);
#4021=CARTESIAN_POINT('',(4.E-1,6.E-2,6.3E-1));
#4022=LINE('',#4021,#4020);
#4023=DIRECTION('',(0.E0,0.E0,-1.E0));
#4024=VECTOR('',#4023,1.5E-1);
#4025=CARTESIAN_POINT('',(4.E-1,0.E0,7.8E-1));
#4026=LINE('',#4025,#4024);
#4027=CARTESIAN_POINT('',(4.E-1,0.E0,8.E-1));
#4028=DIRECTION('',(1.E0,0.E0,0.E0));
#4029=DIRECTION('',(0.E0,-1.E0,0.E0));
#4030=AXIS2_PLACEMENT_3D('',#4027,#4028,#4029);
#4032=DIRECTION('',(0.E0,0.E0,-1.E0));
#4033=VECTOR('',#4032,2.E-1);
#4034=CARTESIAN_POINT('',(4.E-1,-2.E-2,1.E0));
#4035=LINE('',#4034,#4033);
#4036=DIRECTION('',(0.E0,-1.E0,0.E0));
#4037=VECTOR('',#4036,6.E-2);
#4038=CARTESIAN_POINT('',(4.E-1,4.E-2,1.E0));
#4039=LINE('',#4038,#4037);
#4040=DIRECTION('',(0.E0,0.E0,1.E0));
#4041=VECTOR('',#4040,2.E-1);
#4042=CARTESIAN_POINT('',(4.E-1,4.E-2,8.E-1));
#4043=LINE('',#4042,#4041);
#4044=CARTESIAN_POINT('',(4.E-1,4.E-2,7.8E-1));
#4045=DIRECTION('',(1.E0,0.E0,0.E0));
#4046=DIRECTION('',(0.E0,1.E0,0.E0));
#4047=AXIS2_PLACEMENT_3D('',#4044,#4045,#4046);
#4049=DIRECTION('',(0.E0,0.E0,-1.E0));
#4050=VECTOR('',#4049,1.5E-1);
#4051=CARTESIAN_POINT('',(4.E-1,0.E0,-6.3E-1));
#4052=LINE('',#4051,#4050);
#4053=DIRECTION('',(0.E0,0.E0,1.E0));
#4054=VECTOR('',#4053,1.5E-1);
#4055=CARTESIAN_POINT('',(4.E-1,6.E-2,-7.8E-1));
#4056=LINE('',#4055,#4054);
#4057=CARTESIAN_POINT('',(4.E-1,4.E-2,-7.8E-1));
#4058=DIRECTION('',(1.E0,0.E0,0.E0));
#4059=DIRECTION('',(0.E0,0.E0,-1.E0));
#4060=AXIS2_PLACEMENT_3D('',#4057,#4058,#4059);
#4062=DIRECTION('',(0.E0,0.E0,1.E0));
#4063=VECTOR('',#4062,2.E-1);
#4064=CARTESIAN_POINT('',(4.E-1,4.E-2,-1.E0));
#4065=LINE('',#4064,#4063);
#4066=DIRECTION('',(0.E0,1.E0,0.E0));
#4067=VECTOR('',#4066,6.E-2);
#4068=CARTESIAN_POINT('',(4.E-1,-2.E-2,-1.E0));
#4069=LINE('',#4068,#4067);
#4070=DIRECTION('',(0.E0,0.E0,-1.E0));
#4071=VECTOR('',#4070,2.E-1);
#4072=CARTESIAN_POINT('',(4.E-1,-2.E-2,-8.E-1));
#4073=LINE('',#4072,#4071);
#4074=CARTESIAN_POINT('',(4.E-1,0.E0,-8.E-1));
#4075=DIRECTION('',(1.E0,0.E0,0.E0));
#4076=DIRECTION('',(0.E0,0.E0,1.E0));
#4077=AXIS2_PLACEMENT_3D('',#4074,#4075,#4076);
#4079=DIRECTION('',(1.E0,0.E0,0.E0));
#4080=VECTOR('',#4079,1.E-1);
#4081=CARTESIAN_POINT('',(3.E-1,-2.E-2,8.E-1));
#4082=LINE('',#4081,#4080);
#4083=DIRECTION('',(1.E0,0.E0,0.E0));
#4084=VECTOR('',#4083,1.E-1);
#4085=CARTESIAN_POINT('',(3.E-1,-2.E-2,1.E0));
#4086=LINE('',#4085,#4084);
#4087=DIRECTION('',(1.E0,0.E0,0.E0));
#4088=VECTOR('',#4087,1.E-1);
#4089=CARTESIAN_POINT('',(3.E-1,4.E-2,1.E0));
#4090=LINE('',#4089,#4088);
#4091=DIRECTION('',(1.E0,0.E0,0.E0));
#4092=VECTOR('',#4091,1.E-1);
#4093=CARTESIAN_POINT('',(3.E-1,4.E-2,8.E-1));
#4094=LINE('',#4093,#4092);
#4095=DIRECTION('',(1.E0,0.E0,0.E0));
#4096=VECTOR('',#4095,1.E-1);
#4097=CARTESIAN_POINT('',(3.E-1,6.E-2,7.8E-1));
#4098=LINE('',#4097,#4096);
#4099=DIRECTION('',(1.E0,0.E0,0.E0));
#4100=VECTOR('',#4099,1.E-1);
#4101=CARTESIAN_POINT('',(3.E-1,6.E-2,-7.8E-1));
#4102=LINE('',#4101,#4100);
#4103=DIRECTION('',(1.E0,0.E0,0.E0));
#4104=VECTOR('',#4103,1.E-1);
#4105=CARTESIAN_POINT('',(3.E-1,4.E-2,-8.E-1));
#4106=LINE('',#4105,#4104);
#4107=DIRECTION('',(1.E0,0.E0,0.E0));
#4108=VECTOR('',#4107,1.E-1);
#4109=CARTESIAN_POINT('',(3.E-1,4.E-2,-1.E0));
#4110=LINE('',#4109,#4108);
#4111=DIRECTION('',(1.E0,0.E0,0.E0));
#4112=VECTOR('',#4111,1.E-1);
#4113=CARTESIAN_POINT('',(3.E-1,-2.E-2,-1.E0));
#4114=LINE('',#4113,#4112);
#4115=DIRECTION('',(1.E0,0.E0,0.E0));
#4116=VECTOR('',#4115,1.E-1);
#4117=CARTESIAN_POINT('',(3.E-1,-2.E-2,-8.E-1));
#4118=LINE('',#4117,#4116);
#4119=DIRECTION('',(1.E0,0.E0,0.E0));
#4120=VECTOR('',#4119,1.E-1);
#4121=CARTESIAN_POINT('',(3.E-1,0.E0,-7.8E-1));
#4122=LINE('',#4121,#4120);
#4123=CARTESIAN_POINT('',(-2.4E-1,2.4E-1,-5.9E-1));
#4124=DIRECTION('',(1.E0,0.E0,0.E0));
#4125=DIRECTION('',(0.E0,7.806247497998E-1,-6.25E-1));
#4126=AXIS2_PLACEMENT_3D('',#4123,#4124,#4125);
#4128=CARTESIAN_POINT('',(-2.4E-1,2.4E-1,-5.9E-1));
#4129=DIRECTION('',(1.E0,0.E0,0.E0));
#4130=DIRECTION('',(0.E0,0.E0,-1.E0));
#4131=AXIS2_PLACEMENT_3D('',#4128,#4129,#4130);
#4133=DIRECTION('',(1.E0,0.E0,0.E0));
#4134=VECTOR('',#4133,1.3E-1);
#4135=CARTESIAN_POINT('',(-2.4E-1,2.4E-1,-6.3E-1));
#4136=LINE('',#4135,#4134);
#4137=CARTESIAN_POINT('',(-1.1E-1,2.4E-1,-5.9E-1));
#4138=DIRECTION('',(1.E0,0.E0,0.E0));
#4139=DIRECTION('',(0.E0,0.E0,-1.E0));
#4140=AXIS2_PLACEMENT_3D('',#4137,#4138,#4139);
#4142=CARTESIAN_POINT('',(-1.1E-1,2.4E-1,-5.9E-1));
#4143=DIRECTION('',(1.E0,0.E0,0.E0));
#4144=DIRECTION('',(0.E0,7.806247497998E-1,-6.25E-1));
#4145=AXIS2_PLACEMENT_3D('',#4142,#4143,#4144);
#4147=CARTESIAN_POINT('',(1.1E-1,2.4E-1,-5.9E-1));
#4148=DIRECTION('',(1.E0,0.E0,0.E0));
#4149=DIRECTION('',(0.E0,7.806247497998E-1,-6.25E-1));
#4150=AXIS2_PLACEMENT_3D('',#4147,#4148,#4149);
#4152=CARTESIAN_POINT('',(1.1E-1,2.4E-1,-5.9E-1));
#4153=DIRECTION('',(1.E0,0.E0,0.E0));
#4154=DIRECTION('',(0.E0,0.E0,-1.E0));
#4155=AXIS2_PLACEMENT_3D('',#4152,#4153,#4154);
#4157=DIRECTION('',(1.E0,0.E0,0.E0));
#4158=VECTOR('',#4157,1.3E-1);
#4159=CARTESIAN_POINT('',(1.1E-1,2.4E-1,-6.3E-1));
#4160=LINE('',#4159,#4158);
#4161=CARTESIAN_POINT('',(2.4E-1,2.4E-1,-5.9E-1));
#4162=DIRECTION('',(1.E0,0.E0,0.E0));
#4163=DIRECTION('',(0.E0,0.E0,-1.E0));
#4164=AXIS2_PLACEMENT_3D('',#4161,#4162,#4163);
#4166=CARTESIAN_POINT('',(2.4E-1,2.4E-1,-5.9E-1));
#4167=DIRECTION('',(1.E0,0.E0,0.E0));
#4168=DIRECTION('',(0.E0,7.806247497998E-1,-6.25E-1));
#4169=AXIS2_PLACEMENT_3D('',#4166,#4167,#4168);
#4171=CARTESIAN_POINT('',(-5.9E-1,2.4E-1,-5.9E-1));
#4172=DIRECTION('',(1.E0,0.E0,0.E0));
#4173=DIRECTION('',(0.E0,0.E0,-1.E0));
#4174=AXIS2_PLACEMENT_3D('',#4171,#4172,#4173);
#4176=DIRECTION('',(1.E0,0.E0,0.E0));
#4177=VECTOR('',#4176,1.3E-1);
#4178=CARTESIAN_POINT('',(-5.9E-1,2.4E-1,-6.3E-1));
#4179=LINE('',#4178,#4177);
#4180=CARTESIAN_POINT('',(-4.6E-1,2.4E-1,-5.9E-1));
#4181=DIRECTION('',(1.E0,0.E0,0.E0));
#4182=DIRECTION('',(0.E0,0.E0,-1.E0));
#4183=AXIS2_PLACEMENT_3D('',#4180,#4181,#4182);
#4185=CARTESIAN_POINT('',(-4.6E-1,2.4E-1,-5.9E-1));
#4186=DIRECTION('',(1.E0,0.E0,0.E0));
#4187=DIRECTION('',(0.E0,7.806247497998E-1,-6.25E-1));
#4188=AXIS2_PLACEMENT_3D('',#4185,#4186,#4187);
#4190=CARTESIAN_POINT('',(5.9E-1,2.4E-1,-5.9E-1));
#4191=DIRECTION('',(1.E0,0.E0,0.E0));
#4192=DIRECTION('',(0.E0,0.E0,-1.E0));
#4193=AXIS2_PLACEMENT_3D('',#4190,#4191,#4192);
#4195=CARTESIAN_POINT('',(4.6E-1,2.4E-1,-5.9E-1));
#4196=DIRECTION('',(1.E0,0.E0,0.E0));
#4197=DIRECTION('',(0.E0,7.806247497998E-1,-6.25E-1));
#4198=AXIS2_PLACEMENT_3D('',#4195,#4196,#4197);
#4200=CARTESIAN_POINT('',(4.6E-1,2.4E-1,-5.9E-1));
#4201=DIRECTION('',(1.E0,0.E0,0.E0));
#4202=DIRECTION('',(0.E0,0.E0,-1.E0));
#4203=AXIS2_PLACEMENT_3D('',#4200,#4201,#4202);
#4205=DIRECTION('',(1.E0,0.E0,0.E0));
#4206=VECTOR('',#4205,1.3E-1);
#4207=CARTESIAN_POINT('',(4.6E-1,2.4E-1,-6.3E-1));
#4208=LINE('',#4207,#4206);
#4209=DIRECTION('',(0.E0,0.E0,1.E0));
#4210=VECTOR('',#4209,5.E-3);
#4211=CARTESIAN_POINT('',(-2.4E-1,2.8E-1,-5.9E-1));
#4212=LINE('',#4211,#4210);
#4213=DIRECTION('',(1.E0,0.E0,0.E0));
#4214=VECTOR('',#4213,1.3E-1);
#4215=CARTESIAN_POINT('',(-2.4E-1,2.8E-1,-5.9E-1));
#4216=LINE('',#4215,#4214);
#4217=DIRECTION('',(0.E0,0.E0,1.E0));
#4218=VECTOR('',#4217,5.E-3);
#4219=CARTESIAN_POINT('',(-1.1E-1,2.8E-1,-5.9E-1));
#4220=LINE('',#4219,#4218);
#4221=DIRECTION('',(0.E0,0.E0,1.E0));
#4222=VECTOR('',#4221,5.E-3);
#4223=CARTESIAN_POINT('',(1.1E-1,2.8E-1,-5.9E-1));
#4224=LINE('',#4223,#4222);
#4225=DIRECTION('',(1.E0,0.E0,0.E0));
#4226=VECTOR('',#4225,1.3E-1);
#4227=CARTESIAN_POINT('',(1.1E-1,2.8E-1,-5.9E-1));
#4228=LINE('',#4227,#4226);
#4229=DIRECTION('',(0.E0,0.E0,1.E0));
#4230=VECTOR('',#4229,5.E-3);
#4231=CARTESIAN_POINT('',(2.4E-1,2.8E-1,-5.9E-1));
#4232=LINE('',#4231,#4230);
#4233=DIRECTION('',(0.E0,0.E0,1.E0));
#4234=VECTOR('',#4233,5.E-3);
#4235=CARTESIAN_POINT('',(-5.9E-1,2.8E-1,-5.9E-1));
#4236=LINE('',#4235,#4234);
#4237=DIRECTION('',(1.E0,0.E0,0.E0));
#4238=VECTOR('',#4237,1.3E-1);
#4239=CARTESIAN_POINT('',(-5.9E-1,2.8E-1,-5.9E-1));
#4240=LINE('',#4239,#4238);
#4241=DIRECTION('',(0.E0,0.E0,1.E0));
#4242=VECTOR('',#4241,5.E-3);
#4243=CARTESIAN_POINT('',(-4.6E-1,2.8E-1,-5.9E-1));
#4244=LINE('',#4243,#4242);
#4245=DIRECTION('',(0.E0,0.E0,1.E0));
#4246=VECTOR('',#4245,5.E-3);
#4247=CARTESIAN_POINT('',(5.9E-1,2.8E-1,-5.9E-1));
#4248=LINE('',#4247,#4246);
#4249=DIRECTION('',(0.E0,0.E0,1.E0));
#4250=VECTOR('',#4249,5.E-3);
#4251=CARTESIAN_POINT('',(4.6E-1,2.8E-1,-5.9E-1));
#4252=LINE('',#4251,#4250);
#4253=DIRECTION('',(1.E0,0.E0,0.E0));
#4254=VECTOR('',#4253,1.3E-1);
#4255=CARTESIAN_POINT('',(4.6E-1,2.8E-1,-5.9E-1));
#4256=LINE('',#4255,#4254);
#4257=DIRECTION('',(0.E0,1.E0,0.E0));
#4258=VECTOR('',#4257,7.E-2);
#4259=CARTESIAN_POINT('',(-1.1E-1,2.8E-1,-5.85E-1));
#4260=LINE('',#4259,#4258);
#4261=DIRECTION('',(0.E0,1.E0,0.E0));
#4262=VECTOR('',#4261,7.E-2);
#4263=CARTESIAN_POINT('',(-2.4E-1,2.8E-1,-5.85E-1));
#4264=LINE('',#4263,#4262);
#4265=DIRECTION('',(1.E0,0.E0,0.E0));
#4266=VECTOR('',#4265,1.3E-1);
#4267=CARTESIAN_POINT('',(-2.4E-1,2.8E-1,-5.85E-1));
#4268=LINE('',#4267,#4266);
#4269=DIRECTION('',(0.E0,1.E0,0.E0));
#4270=VECTOR('',#4269,7.E-2);
#4271=CARTESIAN_POINT('',(2.4E-1,2.8E-1,-5.85E-1));
#4272=LINE('',#4271,#4270);
#4273=DIRECTION('',(0.E0,1.E0,0.E0));
#4274=VECTOR('',#4273,7.E-2);
#4275=CARTESIAN_POINT('',(1.1E-1,2.8E-1,-5.85E-1));
#4276=LINE('',#4275,#4274);
#4277=DIRECTION('',(1.E0,0.E0,0.E0));
#4278=VECTOR('',#4277,1.3E-1);
#4279=CARTESIAN_POINT('',(1.1E-1,2.8E-1,-5.85E-1));
#4280=LINE('',#4279,#4278);
#4281=DIRECTION('',(0.E0,1.E0,0.E0));
#4282=VECTOR('',#4281,7.E-2);
#4283=CARTESIAN_POINT('',(-5.9E-1,2.8E-1,-5.85E-1));
#4284=LINE('',#4283,#4282);
#4285=DIRECTION('',(1.E0,0.E0,0.E0));
#4286=VECTOR('',#4285,1.3E-1);
#4287=CARTESIAN_POINT('',(-5.9E-1,2.8E-1,-5.85E-1));
#4288=LINE('',#4287,#4286);
#4289=DIRECTION('',(0.E0,1.E0,0.E0));
#4290=VECTOR('',#4289,7.E-2);
#4291=CARTESIAN_POINT('',(-4.6E-1,2.8E-1,-5.85E-1));
#4292=LINE('',#4291,#4290);
#4293=DIRECTION('',(0.E0,1.E0,0.E0));
#4294=VECTOR('',#4293,7.E-2);
#4295=CARTESIAN_POINT('',(5.9E-1,2.8E-1,-5.85E-1));
#4296=LINE('',#4295,#4294);
#4297=DIRECTION('',(0.E0,1.E0,0.E0));
#4298=VECTOR('',#4297,7.E-2);
#4299=CARTESIAN_POINT('',(4.6E-1,2.8E-1,-5.85E-1));
#4300=LINE('',#4299,#4298);
#4301=DIRECTION('',(1.E0,0.E0,0.E0));
#4302=VECTOR('',#4301,1.3E-1);
#4303=CARTESIAN_POINT('',(4.6E-1,2.8E-1,-5.85E-1));
#4304=LINE('',#4303,#4302);
#4305=DIRECTION('',(0.E0,4.061384660535E-1,-9.138115486203E-1));
#4306=VECTOR('',#4305,4.924428900898E-2);
#4307=CARTESIAN_POINT('',(-1.1E-1,3.5E-1,-5.85E-1));
#4308=LINE('',#4307,#4306);
#4309=DIRECTION('',(0.E0,4.061384660535E-1,-9.138115486203E-1));
#4310=VECTOR('',#4309,4.924428900898E-2);
#4311=CARTESIAN_POINT('',(-2.4E-1,3.5E-1,-5.85E-1));
#4312=LINE('',#4311,#4310);
#4313=DIRECTION('',(1.E0,0.E0,0.E0));
#4314=VECTOR('',#4313,1.3E-1);
#4315=CARTESIAN_POINT('',(-2.4E-1,3.5E-1,-5.85E-1));
#4316=LINE('',#4315,#4314);
#4317=DIRECTION('',(0.E0,4.061384660535E-1,-9.138115486203E-1));
#4318=VECTOR('',#4317,4.924428900898E-2);
#4319=CARTESIAN_POINT('',(2.4E-1,3.5E-1,-5.85E-1));
#4320=LINE('',#4319,#4318);
#4321=DIRECTION('',(0.E0,4.061384660535E-1,-9.138115486203E-1));
#4322=VECTOR('',#4321,4.924428900898E-2);
#4323=CARTESIAN_POINT('',(1.1E-1,3.5E-1,-5.85E-1));
#4324=LINE('',#4323,#4322);
#4325=DIRECTION('',(1.E0,0.E0,0.E0));
#4326=VECTOR('',#4325,1.3E-1);
#4327=CARTESIAN_POINT('',(1.1E-1,3.5E-1,-5.85E-1));
#4328=LINE('',#4327,#4326);
#4329=DIRECTION('',(0.E0,4.061384660534E-1,-9.138115486203E-1));
#4330=VECTOR('',#4329,4.924428900898E-2);
#4331=CARTESIAN_POINT('',(-5.9E-1,3.5E-1,-5.85E-1));
#4332=LINE('',#4331,#4330);
#4333=DIRECTION('',(1.E0,0.E0,0.E0));
#4334=VECTOR('',#4333,1.3E-1);
#4335=CARTESIAN_POINT('',(-5.9E-1,3.5E-1,-5.85E-1));
#4336=LINE('',#4335,#4334);
#4337=DIRECTION('',(0.E0,4.061384660535E-1,-9.138115486203E-1));
#4338=VECTOR('',#4337,4.924428900898E-2);
#4339=CARTESIAN_POINT('',(-4.6E-1,3.5E-1,-5.85E-1));
#4340=LINE('',#4339,#4338);
#4341=DIRECTION('',(0.E0,4.061384660534E-1,-9.138115486203E-1));
#4342=VECTOR('',#4341,4.924428900898E-2);
#4343=CARTESIAN_POINT('',(5.9E-1,3.5E-1,-5.85E-1));
#4344=LINE('',#4343,#4342);
#4345=DIRECTION('',(0.E0,4.061384660535E-1,-9.138115486203E-1));
#4346=VECTOR('',#4345,4.924428900898E-2);
#4347=CARTESIAN_POINT('',(4.6E-1,3.5E-1,-5.85E-1));
#4348=LINE('',#4347,#4346);
#4349=DIRECTION('',(1.E0,0.E0,0.E0));
#4350=VECTOR('',#4349,1.3E-1);
#4351=CARTESIAN_POINT('',(4.6E-1,3.5E-1,-5.85E-1));
#4352=LINE('',#4351,#4350);
#4353=CARTESIAN_POINT('',(-5.9E-1,3.7E-1,-5.4E-1));
#4354=DIRECTION('',(1.E0,0.E0,0.E0));
#4355=DIRECTION('',(0.E0,0.E0,-1.E0));
#4356=AXIS2_PLACEMENT_3D('',#4353,#4354,#4355);
#4358=DIRECTION('',(1.E0,0.E0,0.E0));
#4359=VECTOR('',#4358,1.3E-1);
#4360=CARTESIAN_POINT('',(-5.9E-1,3.7E-1,-6.3E-1));
#4361=LINE('',#4360,#4359);
#4362=DIRECTION('',(1.E0,0.E0,0.E0));
#4363=VECTOR('',#4362,2.2E-1);
#4364=CARTESIAN_POINT('',(-4.6E-1,3.7E-1,-6.3E-1));
#4365=LINE('',#4364,#4363);
#4366=DIRECTION('',(1.E0,0.E0,0.E0));
#4367=VECTOR('',#4366,1.3E-1);
#4368=CARTESIAN_POINT('',(-2.4E-1,3.7E-1,-6.3E-1));
#4369=LINE('',#4368,#4367);
#4370=DIRECTION('',(1.E0,0.E0,0.E0));
#4371=VECTOR('',#4370,2.2E-1);
#4372=CARTESIAN_POINT('',(-1.1E-1,3.7E-1,-6.3E-1));
#4373=LINE('',#4372,#4371);
#4374=DIRECTION('',(1.E0,0.E0,0.E0));
#4375=VECTOR('',#4374,1.3E-1);
#4376=CARTESIAN_POINT('',(1.1E-1,3.7E-1,-6.3E-1));
#4377=LINE('',#4376,#4375);
#4378=DIRECTION('',(1.E0,0.E0,0.E0));
#4379=VECTOR('',#4378,2.2E-1);
#4380=CARTESIAN_POINT('',(2.4E-1,3.7E-1,-6.3E-1));
#4381=LINE('',#4380,#4379);
#4382=DIRECTION('',(1.E0,0.E0,0.E0));
#4383=VECTOR('',#4382,1.3E-1);
#4384=CARTESIAN_POINT('',(4.6E-1,3.7E-1,-6.3E-1));
#4385=LINE('',#4384,#4383);
#4386=CARTESIAN_POINT('',(5.9E-1,3.7E-1,-5.4E-1));
#4387=DIRECTION('',(1.E0,0.E0,0.E0));
#4388=DIRECTION('',(0.E0,0.E0,-1.E0));
#4389=AXIS2_PLACEMENT_3D('',#4386,#4387,#4388);
#4391=DIRECTION('',(1.E0,0.E0,0.E0));
#4392=VECTOR('',#4391,2.2E-1);
#4393=CARTESIAN_POINT('',(-4.6E-1,3.55E-1,-6.3E-1));
#4394=LINE('',#4393,#4392);
#4395=DIRECTION('',(0.E0,-1.E0,0.E0));
#4396=VECTOR('',#4395,6.877501000801E-2);
#4397=CARTESIAN_POINT('',(-4.6E-1,3.4E-1,6.15E-1));
#4398=LINE('',#4397,#4396);
#4399=DIRECTION('',(0.E0,-1.E0,0.E0));
#4400=VECTOR('',#4399,1.5E-2);
#4401=CARTESIAN_POINT('',(-4.6E-1,3.7E-1,6.3E-1));
#4402=LINE('',#4401,#4400);
#4403=DIRECTION('',(0.E0,-7.071067811865E-1,-7.071067811865E-1));
#4404=VECTOR('',#4403,2.121320343560E-2);
#4405=CARTESIAN_POINT('',(-4.6E-1,3.55E-1,6.3E-1));
#4406=LINE('',#4405,#4404);
#4407=DIRECTION('',(0.E0,1.E0,0.E0));
#4408=VECTOR('',#4407,6.877501000801E-2);
#4409=CARTESIAN_POINT('',(-4.6E-1,2.712249899920E-1,-6.15E-1));
#4410=LINE('',#4409,#4408);
#4411=DIRECTION('',(0.E0,7.071067811865E-1,-7.071067811865E-1));
#4412=VECTOR('',#4411,2.121320343560E-2);
#4413=CARTESIAN_POINT('',(-4.6E-1,3.4E-1,-6.15E-1));
#4414=LINE('',#4413,#4412);
#4415=DIRECTION('',(0.E0,1.E0,0.E0));
#4416=VECTOR('',#4415,1.5E-2);
#4417=CARTESIAN_POINT('',(-4.6E-1,3.55E-1,-6.3E-1));
#4418=LINE('',#4417,#4416);
#4419=DIRECTION('',(0.E0,-1.E0,0.E0));
#4420=VECTOR('',#4419,6.877501000801E-2);
#4421=CARTESIAN_POINT('',(-2.4E-1,3.4E-1,6.15E-1));
#4422=LINE('',#4421,#4420);
#4423=DIRECTION('',(0.E0,-7.071067811865E-1,-7.071067811865E-1));
#4424=VECTOR('',#4423,2.121320343560E-2);
#4425=CARTESIAN_POINT('',(-2.4E-1,3.55E-1,6.3E-1));
#4426=LINE('',#4425,#4424);
#4427=DIRECTION('',(0.E0,-1.E0,0.E0));
#4428=VECTOR('',#4427,1.5E-2);
#4429=CARTESIAN_POINT('',(-2.4E-1,3.7E-1,6.3E-1));
#4430=LINE('',#4429,#4428);
#4431=DIRECTION('',(0.E0,1.E0,0.E0));
#4432=VECTOR('',#4431,6.877501000801E-2);
#4433=CARTESIAN_POINT('',(-2.4E-1,2.712249899920E-1,-6.15E-1));
#4434=LINE('',#4433,#4432);
#4435=DIRECTION('',(0.E0,1.E0,0.E0));
#4436=VECTOR('',#4435,1.5E-2);
#4437=CARTESIAN_POINT('',(-2.4E-1,3.55E-1,-6.3E-1));
#4438=LINE('',#4437,#4436);
#4439=DIRECTION('',(0.E0,7.071067811865E-1,-7.071067811865E-1));
#4440=VECTOR('',#4439,2.121320343560E-2);
#4441=CARTESIAN_POINT('',(-2.4E-1,3.4E-1,-6.15E-1));
#4442=LINE('',#4441,#4440);
#4443=DIRECTION('',(1.E0,0.E0,0.E0));
#4444=VECTOR('',#4443,2.2E-1);
#4445=CARTESIAN_POINT('',(-4.6E-1,3.55E-1,6.3E-1));
#4446=LINE('',#4445,#4444);
#4447=DIRECTION('',(1.E0,0.E0,0.E0));
#4448=VECTOR('',#4447,2.2E-1);
#4449=CARTESIAN_POINT('',(-4.6E-1,3.4E-1,-6.15E-1));
#4450=LINE('',#4449,#4448);
#4451=DIRECTION('',(1.E0,0.E0,0.E0));
#4452=VECTOR('',#4451,2.2E-1);
#4453=CARTESIAN_POINT('',(-1.1E-1,3.55E-1,-6.3E-1));
#4454=LINE('',#4453,#4452);
#4455=DIRECTION('',(1.E0,0.E0,0.E0));
#4456=VECTOR('',#4455,2.2E-1);
#4457=CARTESIAN_POINT('',(-1.1E-1,3.4E-1,-6.15E-1));
#4458=LINE('',#4457,#4456);
#4459=DIRECTION('',(1.E0,0.E0,0.E0));
#4460=VECTOR('',#4459,2.2E-1);
#4461=CARTESIAN_POINT('',(-1.1E-1,1.4E-1,-6.15E-1));
#4462=LINE('',#4461,#4460);
#4463=DIRECTION('',(1.E0,0.E0,0.E0));
#4464=VECTOR('',#4463,2.2E-1);
#4465=CARTESIAN_POINT('',(2.4E-1,3.55E-1,-6.3E-1));
#4466=LINE('',#4465,#4464);
#4467=DIRECTION('',(0.E0,-1.E0,0.E0));
#4468=VECTOR('',#4467,1.5E-2);
#4469=CARTESIAN_POINT('',(2.4E-1,3.7E-1,6.3E-1));
#4470=LINE('',#4469,#4468);
#4471=DIRECTION('',(0.E0,-7.071067811865E-1,-7.071067811865E-1));
#4472=VECTOR('',#4471,2.121320343560E-2);
#4473=CARTESIAN_POINT('',(2.4E-1,3.55E-1,6.3E-1));
#4474=LINE('',#4473,#4472);
#4475=DIRECTION('',(0.E0,-1.E0,0.E0));
#4476=VECTOR('',#4475,6.877501000801E-2);
#4477=CARTESIAN_POINT('',(2.4E-1,3.4E-1,6.15E-1));
#4478=LINE('',#4477,#4476);
#4479=DIRECTION('',(0.E0,1.E0,0.E0));
#4480=VECTOR('',#4479,6.877501000801E-2);
#4481=CARTESIAN_POINT('',(2.4E-1,2.712249899920E-1,-6.15E-1));
#4482=LINE('',#4481,#4480);
#4483=DIRECTION('',(0.E0,7.071067811865E-1,-7.071067811865E-1));
#4484=VECTOR('',#4483,2.121320343560E-2);
#4485=CARTESIAN_POINT('',(2.4E-1,3.4E-1,-6.15E-1));
#4486=LINE('',#4485,#4484);
#4487=DIRECTION('',(0.E0,1.E0,0.E0));
#4488=VECTOR('',#4487,1.5E-2);
#4489=CARTESIAN_POINT('',(2.4E-1,3.55E-1,-6.3E-1));
#4490=LINE('',#4489,#4488);
#4491=DIRECTION('',(0.E0,-1.E0,0.E0));
#4492=VECTOR('',#4491,6.877501000801E-2);
#4493=CARTESIAN_POINT('',(4.6E-1,3.4E-1,6.15E-1));
#4494=LINE('',#4493,#4492);
#4495=DIRECTION('',(0.E0,-7.071067811865E-1,-7.071067811865E-1));
#4496=VECTOR('',#4495,2.121320343560E-2);
#4497=CARTESIAN_POINT('',(4.6E-1,3.55E-1,6.3E-1));
#4498=LINE('',#4497,#4496);
#4499=DIRECTION('',(0.E0,-1.E0,0.E0));
#4500=VECTOR('',#4499,1.5E-2);
#4501=CARTESIAN_POINT('',(4.6E-1,3.7E-1,6.3E-1));
#4502=LINE('',#4501,#4500);
#4503=DIRECTION('',(0.E0,1.E0,0.E0));
#4504=VECTOR('',#4503,1.5E-2);
#4505=CARTESIAN_POINT('',(4.6E-1,3.55E-1,-6.3E-1));
#4506=LINE('',#4505,#4504);
#4507=DIRECTION('',(0.E0,7.071067811865E-1,-7.071067811865E-1));
#4508=VECTOR('',#4507,2.121320343560E-2);
#4509=CARTESIAN_POINT('',(4.6E-1,3.4E-1,-6.15E-1));
#4510=LINE('',#4509,#4508);
#4511=DIRECTION('',(0.E0,1.E0,0.E0));
#4512=VECTOR('',#4511,6.877501000801E-2);
#4513=CARTESIAN_POINT('',(4.6E-1,2.712249899920E-1,-6.15E-1));
#4514=LINE('',#4513,#4512);
#4515=DIRECTION('',(1.E0,0.E0,0.E0));
#4516=VECTOR('',#4515,2.2E-1);
#4517=CARTESIAN_POINT('',(2.4E-1,3.4E-1,6.15E-1));
#4518=LINE('',#4517,#4516);
#4519=DIRECTION('',(0.E0,1.E0,0.E0));
#4520=VECTOR('',#4519,1.312249899920E-1);
#4521=CARTESIAN_POINT('',(2.4E-1,1.4E-1,6.15E-1));
#4522=LINE('',#4521,#4520);
#4523=DIRECTION('',(0.E0,0.E0,-1.E0));
#4524=VECTOR('',#4523,1.5E-2);
#4525=CARTESIAN_POINT('',(2.4E-1,1.4E-1,6.3E-1));
#4526=LINE('',#4525,#4524);
#4527=DIRECTION('',(0.E0,1.E0,0.E0));
#4528=VECTOR('',#4527,1.312249899920E-1);
#4529=CARTESIAN_POINT('',(2.4E-1,1.4E-1,-6.15E-1));
#4530=LINE('',#4529,#4528);
#4531=DIRECTION('',(0.E0,0.E0,-1.E0));
#4532=VECTOR('',#4531,1.5E-2);
#4533=CARTESIAN_POINT('',(2.4E-1,1.4E-1,-6.15E-1));
#4534=LINE('',#4533,#4532);
#4535=DIRECTION('',(1.E0,0.E0,0.E0));
#4536=VECTOR('',#4535,2.2E-1);
#4537=CARTESIAN_POINT('',(2.4E-1,1.4E-1,6.15E-1));
#4538=LINE('',#4537,#4536);
#4539=DIRECTION('',(0.E0,1.E0,0.E0));
#4540=VECTOR('',#4539,1.312249899920E-1);
#4541=CARTESIAN_POINT('',(4.6E-1,1.4E-1,6.15E-1));
#4542=LINE('',#4541,#4540);
#4543=DIRECTION('',(0.E0,0.E0,-1.E0));
#4544=VECTOR('',#4543,1.5E-2);
#4545=CARTESIAN_POINT('',(4.6E-1,1.4E-1,6.3E-1));
#4546=LINE('',#4545,#4544);
#4547=DIRECTION('',(0.E0,1.E0,0.E0));
#4548=VECTOR('',#4547,1.312249899920E-1);
#4549=CARTESIAN_POINT('',(4.6E-1,1.4E-1,-6.15E-1));
#4550=LINE('',#4549,#4548);
#4551=DIRECTION('',(0.E0,0.E0,-1.E0));
#4552=VECTOR('',#4551,1.5E-2);
#4553=CARTESIAN_POINT('',(4.6E-1,1.4E-1,-6.15E-1));
#4554=LINE('',#4553,#4552);
#4555=DIRECTION('',(1.E0,0.E0,0.E0));
#4556=VECTOR('',#4555,2.2E-1);
#4557=CARTESIAN_POINT('',(2.4E-1,1.4E-1,-6.15E-1));
#4558=LINE('',#4557,#4556);
#4559=DIRECTION('',(1.E0,0.E0,0.E0));
#4560=VECTOR('',#4559,2.2E-1);
#4561=CARTESIAN_POINT('',(2.4E-1,3.4E-1,-6.15E-1));
#4562=LINE('',#4561,#4560);
#4563=DIRECTION('',(1.E0,0.E0,0.E0));
#4564=VECTOR('',#4563,2.2E-1);
#4565=CARTESIAN_POINT('',(2.4E-1,3.55E-1,6.3E-1));
#4566=LINE('',#4565,#4564);
#4567=DIRECTION('',(1.E0,0.E0,0.E0));
#4568=VECTOR('',#4567,2.2E-1);
#4569=CARTESIAN_POINT('',(-1.1E-1,1.4E-1,6.15E-1));
#4570=LINE('',#4569,#4568);
#4571=DIRECTION('',(-1.E0,0.E0,0.E0));
#4572=VECTOR('',#4571,1.65E-1);
#4573=CARTESIAN_POINT('',(-6.1E-1,3.57E-1,3.7E-1));
#4574=LINE('',#4573,#4572);
#4575=DIRECTION('',(0.E0,1.E0,0.E0));
#4576=VECTOR('',#4575,6.E-2);
#4577=CARTESIAN_POINT('',(-8.E-1,-2.E-2,-8.85E-1));
#4578=LINE('',#4577,#4576);
#4579=DIRECTION('',(0.E0,0.E0,1.E0));
#4580=VECTOR('',#4579,6.E-2);
#4581=CARTESIAN_POINT('',(-8.3E-1,1.E-1,-6.1E-1));
#4582=LINE('',#4581,#4580);
#4583=DIRECTION('',(0.E0,0.E0,1.E0));
#4584=VECTOR('',#4583,6.E-2);
#4585=CARTESIAN_POINT('',(-1.05E0,1.E-1,-6.1E-1));
#4586=LINE('',#4585,#4584);
#4587=CARTESIAN_POINT('',(6.5E-1,7.E-2,-6.4E-1));
#4588=DIRECTION('',(1.E0,0.E0,0.E0));
#4589=DIRECTION('',(0.E0,0.E0,1.E0));
#4590=AXIS2_PLACEMENT_3D('',#4587,#4588,#4589);
#4592=CARTESIAN_POINT('',(8.E-1,7.E-2,-6.4E-1));
#4593=DIRECTION('',(-1.E0,0.E0,0.E0));
#4594=DIRECTION('',(0.E0,-1.E0,0.E0));
#4595=AXIS2_PLACEMENT_3D('',#4592,#4593,#4594);
#4597=CARTESIAN_POINT('',(6.5E-1,7.E-2,-6.4E-1));
#4598=DIRECTION('',(-1.E0,0.E0,0.E0));
#4599=DIRECTION('',(0.E0,-1.E0,0.E0));
#4600=AXIS2_PLACEMENT_3D('',#4597,#4598,#4599);
#4602=DIRECTION('',(0.E0,0.E0,-1.E0));
#4603=VECTOR('',#4602,2.45E-1);
#4604=CARTESIAN_POINT('',(6.5E-1,-2.E-2,-6.4E-1));
#4605=LINE('',#4604,#4603);
#4606=DIRECTION('',(0.E0,0.E0,1.E0));
#4607=VECTOR('',#4606,6.E-2);
#4608=CARTESIAN_POINT('',(6.5E-1,8.5E-2,-6.1E-1));
#4609=LINE('',#4608,#4607);
#4610=CARTESIAN_POINT('',(8.E-1,7.E-2,6.4E-1));
#4611=DIRECTION('',(-1.E0,0.E0,0.E0));
#4612=DIRECTION('',(0.E0,0.E0,-1.E0));
#4613=AXIS2_PLACEMENT_3D('',#4610,#4611,#4612);
#4615=CARTESIAN_POINT('',(6.5E-1,7.E-2,6.4E-1));
#4616=DIRECTION('',(1.E0,0.E0,0.E0));
#4617=DIRECTION('',(0.E0,-1.E0,0.E0));
#4618=AXIS2_PLACEMENT_3D('',#4615,#4616,#4617);
#4620=CARTESIAN_POINT('',(8.E-1,7.E-2,6.4E-1));
#4621=DIRECTION('',(1.E0,0.E0,0.E0));
#4622=DIRECTION('',(0.E0,-1.E0,0.E0));
#4623=AXIS2_PLACEMENT_3D('',#4620,#4621,#4622);
#4625=DIRECTION('',(0.E0,0.E0,1.E0));
#4626=VECTOR('',#4625,2.45E-1);
#4627=CARTESIAN_POINT('',(8.E-1,-2.E-2,6.4E-1));
#4628=LINE('',#4627,#4626);
#4629=DIRECTION('',(0.E0,1.E0,0.E0));
#4630=VECTOR('',#4629,6.E-2);
#4631=CARTESIAN_POINT('',(8.E-1,-2.E-2,8.85E-1));
#4632=LINE('',#4631,#4630);
#4633=DIRECTION('',(0.E0,0.E0,-1.E0));
#4634=VECTOR('',#4633,6.E-2);
#4635=CARTESIAN_POINT('',(8.E-1,7.E-2,6.1E-1));
#4636=LINE('',#4635,#4634);
#4637=DIRECTION('',(0.E0,0.E0,-1.E0));
#4638=VECTOR('',#4637,6.E-2);
#4639=CARTESIAN_POINT('',(8.3E-1,1.E-1,6.1E-1));
#4640=LINE('',#4639,#4638);
#4641=CARTESIAN_POINT('',(-6.5E-1,7.E-2,6.4E-1));
#4642=DIRECTION('',(-1.E0,0.E0,0.E0));
#4643=DIRECTION('',(0.E0,0.E0,-1.E0));
#4644=AXIS2_PLACEMENT_3D('',#4641,#4642,#4643);
#4646=CARTESIAN_POINT('',(-8.E-1,7.E-2,6.4E-1));
#4647=DIRECTION('',(1.E0,0.E0,0.E0));
#4648=DIRECTION('',(0.E0,-1.E0,0.E0));
#4649=AXIS2_PLACEMENT_3D('',#4646,#4647,#4648);
#4651=CARTESIAN_POINT('',(-6.5E-1,7.E-2,6.4E-1));
#4652=DIRECTION('',(1.E0,0.E0,0.E0));
#4653=DIRECTION('',(0.E0,-1.E0,0.E0));
#4654=AXIS2_PLACEMENT_3D('',#4651,#4652,#4653);
#4656=DIRECTION('',(0.E0,0.E0,1.E0));
#4657=VECTOR('',#4656,2.45E-1);
#4658=CARTESIAN_POINT('',(-6.5E-1,-2.E-2,6.4E-1));
#4659=LINE('',#4658,#4657);
#4660=DIRECTION('',(0.E0,1.E0,0.E0));
#4661=VECTOR('',#4660,6.E-2);
#4662=CARTESIAN_POINT('',(-6.5E-1,-2.E-2,8.85E-1));
#4663=LINE('',#4662,#4661);
#4664=DIRECTION('',(0.E0,0.E0,-1.E0));
#4665=VECTOR('',#4664,6.E-2);
#4666=CARTESIAN_POINT('',(-6.5E-1,8.5E-2,6.1E-1));
#4667=LINE('',#4666,#4665);
#4668=DIRECTION('',(0.E0,-1.E0,0.E0));
#4669=VECTOR('',#4668,1.8E-1);
#4670=CARTESIAN_POINT('',(1.1E0,3.8E-1,-4.9E-1));
#4671=LINE('',#4670,#4669);
#4672=CARTESIAN_POINT('',(1.05E0,1.8E-1,-4.9E-1));
#4673=DIRECTION('',(0.E0,-1.E0,0.E0));
#4674=DIRECTION('',(0.E0,0.E0,-1.E0));
#4675=AXIS2_PLACEMENT_3D('',#4672,#4673,#4674);
#4677=DIRECTION('',(1.E0,0.E0,0.E0));
#4678=VECTOR('',#4677,8.E-2);
#4679=CARTESIAN_POINT('',(-1.18E0,1.8E-1,1.1E-1));
#4680=LINE('',#4679,#4678);
#4681=DIRECTION('',(0.E0,1.E0,0.E0));
#4682=VECTOR('',#4681,5.E-2);
#4683=CARTESIAN_POINT('',(-8.8E-1,0.E0,4.E-1));
#4684=LINE('',#4683,#4682);
#4685=DIRECTION('',(0.E0,1.E0,0.E0));
#4686=VECTOR('',#4685,5.E-2);
#4687=CARTESIAN_POINT('',(-6.3E-1,0.E0,1.5E-1));
#4688=LINE('',#4687,#4686);
#4689=DIRECTION('',(0.E0,1.E0,0.E0));
#4690=VECTOR('',#4689,5.E-2);
#4691=CARTESIAN_POINT('',(-6.3E-1,0.E0,-1.5E-1));
#4692=LINE('',#4691,#4690);
#4693=DIRECTION('',(0.E0,1.E0,0.E0));
#4694=VECTOR('',#4693,5.E-2);
#4695=CARTESIAN_POINT('',(-8.8E-1,0.E0,-4.E-1));
#4696=LINE('',#4695,#4694);
#4697=DIRECTION('',(1.E0,0.E0,0.E0));
#4698=VECTOR('',#4697,8.E-2);
#4699=CARTESIAN_POINT('',(-1.18E0,1.8E-1,-1.1E-1));
#4700=LINE('',#4699,#4698);
#4701=DIRECTION('',(0.E0,-1.E0,0.E0));
#4702=VECTOR('',#4701,1.3E-1);
#4703=CARTESIAN_POINT('',(-1.1E0,1.8E-1,-1.1E-1));
#4704=LINE('',#4703,#4702);
#4705=DIRECTION('',(-1.E0,0.E0,0.E0));
#4706=VECTOR('',#4705,7.E-2);
#4707=CARTESIAN_POINT('',(1.17E0,7.E-2,9.E-2));
#4708=LINE('',#4707,#4706);
#4709=DIRECTION('',(-1.E0,0.E0,0.E0));
#4710=VECTOR('',#4709,7.E-2);
#4711=CARTESIAN_POINT('',(1.17E0,7.E-2,-9.E-2));
#4712=LINE('',#4711,#4710);
#4713=CARTESIAN_POINT('',(-8.3E-1,1.E-1,-3.2E-1));
#4714=CARTESIAN_POINT('',(-8.3E-1,1.3E-1,-3.5E-1));
#4715=VERTEX_POINT('',#4713);
#4716=VERTEX_POINT('',#4714);
#4717=CARTESIAN_POINT('',(-8.3E-1,1.3E-1,3.5E-1));
#4718=CARTESIAN_POINT('',(-8.3E-1,1.E-1,3.2E-1));
#4719=VERTEX_POINT('',#4717);
#4720=VERTEX_POINT('',#4718);
#4721=CARTESIAN_POINT('',(8.3E-1,1.E-1,-3.2E-1));
#4722=CARTESIAN_POINT('',(8.3E-1,1.3E-1,-3.5E-1));
#4723=VERTEX_POINT('',#4721);
#4724=VERTEX_POINT('',#4722);
#4725=CARTESIAN_POINT('',(8.3E-1,1.3E-1,3.5E-1));
#4726=CARTESIAN_POINT('',(8.3E-1,1.E-1,3.2E-1));
#4727=VERTEX_POINT('',#4725);
#4728=VERTEX_POINT('',#4726);
#4729=CARTESIAN_POINT('',(-4.6E-1,2.4E-1,6.3E-1));
#4730=CARTESIAN_POINT('',(-4.6E-1,1.4E-1,6.3E-1));
#4731=VERTEX_POINT('',#4729);
#4732=VERTEX_POINT('',#4730);
#4733=CARTESIAN_POINT('',(-2.4E-1,2.4E-1,6.3E-1));
#4734=CARTESIAN_POINT('',(-2.4E-1,1.4E-1,6.3E-1));
#4735=VERTEX_POINT('',#4733);
#4736=VERTEX_POINT('',#4734);
#4737=CARTESIAN_POINT('',(-4.6E-1,1.4E-1,-6.3E-1));
#4738=CARTESIAN_POINT('',(-4.6E-1,2.4E-1,-6.3E-1));
#4739=VERTEX_POINT('',#4737);
#4740=VERTEX_POINT('',#4738);
#4741=CARTESIAN_POINT('',(-2.4E-1,1.4E-1,-6.3E-1));
#4742=CARTESIAN_POINT('',(-2.4E-1,2.4E-1,-6.3E-1));
#4743=VERTEX_POINT('',#4741);
#4744=VERTEX_POINT('',#4742);
#4745=CARTESIAN_POINT('',(-8.8E-1,5.E-2,-4.E-1));
#4746=CARTESIAN_POINT('',(-6.3E-1,5.E-2,-1.5E-1));
#4747=VERTEX_POINT('',#4745);
#4748=VERTEX_POINT('',#4746);
#4749=CARTESIAN_POINT('',(-6.3E-1,5.E-2,1.5E-1));
#4750=VERTEX_POINT('',#4749);
#4751=CARTESIAN_POINT('',(-8.8E-1,5.E-2,4.E-1));
#4752=VERTEX_POINT('',#4751);
#4753=CARTESIAN_POINT('',(-1.18E0,0.E0,-4.E-1));
#4754=CARTESIAN_POINT('',(-1.18E0,5.E-2,-4.E-1));
#4755=VERTEX_POINT('',#4753);
#4756=VERTEX_POINT('',#4754);
#4757=CARTESIAN_POINT('',(-1.18E0,0.E0,4.E-1));
#4758=CARTESIAN_POINT('',(-1.18E0,5.E-2,4.E-1));
#4759=VERTEX_POINT('',#4757);
#4760=VERTEX_POINT('',#4758);
#4761=CARTESIAN_POINT('',(-8.8E-1,0.E0,-4.E-1));
#4762=VERTEX_POINT('',#4761);
#4763=CARTESIAN_POINT('',(-6.3E-1,0.E0,-1.5E-1));
#4764=VERTEX_POINT('',#4763);
#4765=CARTESIAN_POINT('',(-6.3E-1,0.E0,1.5E-1));
#4766=VERTEX_POINT('',#4765);
#4767=CARTESIAN_POINT('',(-8.8E-1,0.E0,4.E-1));
#4768=VERTEX_POINT('',#4767);
#4769=CARTESIAN_POINT('',(-4.6E-1,3.55E-1,6.3E-1));
#4770=CARTESIAN_POINT('',(-4.6E-1,3.4E-1,6.15E-1));
#4771=VERTEX_POINT('',#4769);
#4772=VERTEX_POINT('',#4770);
#4773=CARTESIAN_POINT('',(-4.6E-1,3.4E-1,-6.15E-1));
#4774=CARTESIAN_POINT('',(-4.6E-1,3.55E-1,-6.3E-1));
#4775=VERTEX_POINT('',#4773);
#4776=VERTEX_POINT('',#4774);
#4777=CARTESIAN_POINT('',(-2.4E-1,3.55E-1,6.3E-1));
#4778=CARTESIAN_POINT('',(-2.4E-1,3.4E-1,6.15E-1));
#4779=VERTEX_POINT('',#4777);
#4780=VERTEX_POINT('',#4778);
#4781=CARTESIAN_POINT('',(-2.4E-1,3.4E-1,-6.15E-1));
#4782=CARTESIAN_POINT('',(-2.4E-1,3.55E-1,-6.3E-1));
#4783=VERTEX_POINT('',#4781);
#4784=VERTEX_POINT('',#4782);
#4785=CARTESIAN_POINT('',(-4.6E-1,1.4E-1,6.15E-1));
#4786=CARTESIAN_POINT('',(-2.4E-1,1.4E-1,6.15E-1));
#4787=VERTEX_POINT('',#4785);
#4788=VERTEX_POINT('',#4786);
#4789=CARTESIAN_POINT('',(-4.6E-1,1.4E-1,-6.15E-1));
#4790=CARTESIAN_POINT('',(-2.4E-1,1.4E-1,-6.15E-1));
#4791=VERTEX_POINT('',#4789);
#4792=VERTEX_POINT('',#4790);
#4793=CARTESIAN_POINT('',(-4.6E-1,2.712249899920E-1,6.15E-1));
#4794=VERTEX_POINT('',#4793);
#4795=CARTESIAN_POINT('',(-4.6E-1,2.712249899920E-1,-6.15E-1));
#4796=VERTEX_POINT('',#4795);
#4797=CARTESIAN_POINT('',(-2.4E-1,2.712249899920E-1,6.15E-1));
#4798=VERTEX_POINT('',#4797);
#4799=CARTESIAN_POINT('',(-2.4E-1,2.712249899920E-1,-6.15E-1));
#4800=VERTEX_POINT('',#4799);
#4801=CARTESIAN_POINT('',(-4.E-1,6.E-2,7.8E-1));
#4802=CARTESIAN_POINT('',(-4.E-1,4.E-2,8.E-1));
#4803=VERTEX_POINT('',#4801);
#4804=VERTEX_POINT('',#4802);
#4805=CARTESIAN_POINT('',(-4.E-1,4.E-2,1.E0));
#4806=VERTEX_POINT('',#4805);
#4807=CARTESIAN_POINT('',(-4.E-1,-2.E-2,1.E0));
#4808=VERTEX_POINT('',#4807);
#4809=CARTESIAN_POINT('',(-4.E-1,-2.E-2,8.E-1));
#4810=VERTEX_POINT('',#4809);
#4811=CARTESIAN_POINT('',(-4.E-1,0.E0,7.8E-1));
#4812=VERTEX_POINT('',#4811);
#4813=CARTESIAN_POINT('',(-4.E-1,0.E0,-7.8E-1));
#4814=CARTESIAN_POINT('',(-4.E-1,-2.E-2,-8.E-1));
#4815=VERTEX_POINT('',#4813);
#4816=VERTEX_POINT('',#4814);
#4817=CARTESIAN_POINT('',(-4.E-1,-2.E-2,-1.E0));
#4818=VERTEX_POINT('',#4817);
#4819=CARTESIAN_POINT('',(-4.E-1,4.E-2,-1.E0));
#4820=VERTEX_POINT('',#4819);
#4821=CARTESIAN_POINT('',(-4.E-1,4.E-2,-8.E-1));
#4822=VERTEX_POINT('',#4821);
#4823=CARTESIAN_POINT('',(-4.E-1,6.E-2,-7.8E-1));
#4824=VERTEX_POINT('',#4823);
#4825=CARTESIAN_POINT('',(-3.E-1,6.E-2,7.8E-1));
#4826=CARTESIAN_POINT('',(-3.E-1,4.E-2,8.E-1));
#4827=VERTEX_POINT('',#4825);
#4828=VERTEX_POINT('',#4826);
#4829=CARTESIAN_POINT('',(-3.E-1,4.E-2,1.E0));
#4830=VERTEX_POINT('',#4829);
#4831=CARTESIAN_POINT('',(-3.E-1,-2.E-2,1.E0));
#4832=VERTEX_POINT('',#4831);
#4833=CARTESIAN_POINT('',(-3.E-1,-2.E-2,8.E-1));
#4834=VERTEX_POINT('',#4833);
#4835=CARTESIAN_POINT('',(-3.E-1,0.E0,7.8E-1));
#4836=VERTEX_POINT('',#4835);
#4837=CARTESIAN_POINT('',(-3.E-1,0.E0,-7.8E-1));
#4838=CARTESIAN_POINT('',(-3.E-1,-2.E-2,-8.E-1));
#4839=VERTEX_POINT('',#4837);
#4840=VERTEX_POINT('',#4838);
#4841=CARTESIAN_POINT('',(-3.E-1,-2.E-2,-1.E0));
#4842=VERTEX_POINT('',#4841);
#4843=CARTESIAN_POINT('',(-3.E-1,4.E-2,-1.E0));
#4844=VERTEX_POINT('',#4843);
#4845=CARTESIAN_POINT('',(-3.E-1,4.E-2,-8.E-1));
#4846=VERTEX_POINT('',#4845);
#4847=CARTESIAN_POINT('',(-3.E-1,6.E-2,-7.8E-1));
#4848=VERTEX_POINT('',#4847);
#4849=CARTESIAN_POINT('',(-4.E-1,6.E-2,6.3E-1));
#4850=VERTEX_POINT('',#4849);
#4851=CARTESIAN_POINT('',(-4.E-1,0.E0,6.3E-1));
#4852=VERTEX_POINT('',#4851);
#4853=CARTESIAN_POINT('',(-4.E-1,0.E0,-6.3E-1));
#4854=VERTEX_POINT('',#4853);
#4855=CARTESIAN_POINT('',(-4.E-1,6.E-2,-6.3E-1));
#4856=VERTEX_POINT('',#4855);
#4857=CARTESIAN_POINT('',(-3.E-1,6.E-2,6.3E-1));
#4858=VERTEX_POINT('',#4857);
#4859=CARTESIAN_POINT('',(-3.E-1,0.E0,6.3E-1));
#4860=VERTEX_POINT('',#4859);
#4861=CARTESIAN_POINT('',(-3.E-1,0.E0,-6.3E-1));
#4862=VERTEX_POINT('',#4861);
#4863=CARTESIAN_POINT('',(-3.E-1,6.E-2,-6.3E-1));
#4864=VERTEX_POINT('',#4863);
#4865=CARTESIAN_POINT('',(-6.49E-1,1.5E-1,2.4E-1));
#4866=CARTESIAN_POINT('',(-8.3E-1,1.5E-1,2.4E-1));
#4867=VERTEX_POINT('',#4865);
#4868=VERTEX_POINT('',#4866);
#4869=CARTESIAN_POINT('',(-5.9E-1,1.E-1,2.9E-1));
#4870=CARTESIAN_POINT('',(-8.3E-1,1.E-1,2.9E-1));
#4871=VERTEX_POINT('',#4869);
#4872=VERTEX_POINT('',#4870);
#4873=CARTESIAN_POINT('',(-8.3E-1,1.5E-1,-2.4E-1));
#4874=CARTESIAN_POINT('',(-6.49E-1,1.5E-1,-2.4E-1));
#4875=VERTEX_POINT('',#4873);
#4876=VERTEX_POINT('',#4874);
#4877=CARTESIAN_POINT('',(-8.3E-1,1.E-1,-2.9E-1));
#4878=CARTESIAN_POINT('',(-5.9E-1,1.E-1,-2.9E-1));
#4879=VERTEX_POINT('',#4877);
#4880=VERTEX_POINT('',#4878);
#4881=CARTESIAN_POINT('',(6.49E-1,1.5E-1,-2.4E-1));
#4882=CARTESIAN_POINT('',(8.3E-1,1.5E-1,-2.4E-1));
#4883=VERTEX_POINT('',#4881);
#4884=VERTEX_POINT('',#4882);
#4885=CARTESIAN_POINT('',(5.9E-1,1.E-1,-2.9E-1));
#4886=CARTESIAN_POINT('',(8.3E-1,1.E-1,-2.9E-1));
#4887=VERTEX_POINT('',#4885);
#4888=VERTEX_POINT('',#4886);
#4889=CARTESIAN_POINT('',(8.3E-1,1.5E-1,2.4E-1));
#4890=CARTESIAN_POINT('',(6.49E-1,1.5E-1,2.4E-1));
#4891=VERTEX_POINT('',#4889);
#4892=VERTEX_POINT('',#4890);
#4893=CARTESIAN_POINT('',(8.3E-1,1.E-1,2.9E-1));
#4894=CARTESIAN_POINT('',(5.9E-1,1.E-1,2.9E-1));
#4895=VERTEX_POINT('',#4893);
#4896=VERTEX_POINT('',#4894);
#4897=CARTESIAN_POINT('',(1.05E0,1.8E-1,-5.4E-1));
#4898=CARTESIAN_POINT('',(1.1E0,1.8E-1,-4.9E-1));
#4899=VERTEX_POINT('',#4897);
#4900=VERTEX_POINT('',#4898);
#4901=CARTESIAN_POINT('',(1.1E0,1.8E-1,4.9E-1));
#4902=CARTESIAN_POINT('',(1.05E0,1.8E-1,5.4E-1));
#4903=VERTEX_POINT('',#4901);
#4904=VERTEX_POINT('',#4902);
#4905=CARTESIAN_POINT('',(-5.7E-1,4.6E-1,-4.2E-1));
#4906=CARTESIAN_POINT('',(-5.7E-1,4.3E-1,-3.5E-1));
#4907=VERTEX_POINT('',#4905);
#4908=VERTEX_POINT('',#4906);
#4909=CARTESIAN_POINT('',(-5.7E-1,4.3E-1,3.5E-1));
#4910=CARTESIAN_POINT('',(-5.7E-1,4.6E-1,4.2E-1));
#4911=VERTEX_POINT('',#4909);
#4912=VERTEX_POINT('',#4910);
#4913=CARTESIAN_POINT('',(-4.8E-1,4.6E-1,-4.2E-1));
#4914=CARTESIAN_POINT('',(-4.8E-1,4.3E-1,-3.5E-1));
#4915=VERTEX_POINT('',#4913);
#4916=VERTEX_POINT('',#4914);
#4917=CARTESIAN_POINT('',(-4.8E-1,4.3E-1,3.5E-1));
#4918=CARTESIAN_POINT('',(-4.8E-1,4.6E-1,4.2E-1));
#4919=VERTEX_POINT('',#4917);
#4920=VERTEX_POINT('',#4918);
#4921=CARTESIAN_POINT('',(-5.7E-1,4.6E-1,-4.4E-1));
#4922=CARTESIAN_POINT('',(-5.7E-1,3.7E-1,-3.5E-1));
#4923=VERTEX_POINT('',#4921);
#4924=VERTEX_POINT('',#4922);
#4925=CARTESIAN_POINT('',(-4.8E-1,4.6E-1,-4.4E-1));
#4926=CARTESIAN_POINT('',(-4.8E-1,3.7E-1,-3.5E-1));
#4927=VERTEX_POINT('',#4925);
#4928=VERTEX_POINT('',#4926);
#4929=CARTESIAN_POINT('',(-5.7E-1,3.7E-1,3.5E-1));
#4930=CARTESIAN_POINT('',(-5.7E-1,4.6E-1,4.4E-1));
#4931=VERTEX_POINT('',#4929);
#4932=VERTEX_POINT('',#4930);
#4933=CARTESIAN_POINT('',(-4.8E-1,3.7E-1,3.5E-1));
#4934=CARTESIAN_POINT('',(-4.8E-1,4.6E-1,4.4E-1));
#4935=VERTEX_POINT('',#4933);
#4936=VERTEX_POINT('',#4934);
#4937=CARTESIAN_POINT('',(8.8E-1,5.E-2,4.E-1));
#4938=CARTESIAN_POINT('',(6.3E-1,5.E-2,1.5E-1));
#4939=VERTEX_POINT('',#4937);
#4940=VERTEX_POINT('',#4938);
#4941=CARTESIAN_POINT('',(6.3E-1,5.E-2,-1.5E-1));
#4942=VERTEX_POINT('',#4941);
#4943=CARTESIAN_POINT('',(8.8E-1,5.E-2,-4.E-1));
#4944=VERTEX_POINT('',#4943);
#4945=CARTESIAN_POINT('',(1.18E0,0.E0,4.E-1));
#4946=CARTESIAN_POINT('',(1.18E0,5.E-2,4.E-1));
#4947=VERTEX_POINT('',#4945);
#4948=VERTEX_POINT('',#4946);
#4949=CARTESIAN_POINT('',(1.18E0,0.E0,-4.E-1));
#4950=CARTESIAN_POINT('',(1.18E0,5.E-2,-4.E-1));
#4951=VERTEX_POINT('',#4949);
#4952=VERTEX_POINT('',#4950);
#4953=CARTESIAN_POINT('',(8.8E-1,0.E0,4.E-1));
#4954=VERTEX_POINT('',#4953);
#4955=CARTESIAN_POINT('',(6.3E-1,0.E0,1.5E-1));
#4956=VERTEX_POINT('',#4955);
#4957=CARTESIAN_POINT('',(6.3E-1,0.E0,-1.5E-1));
#4958=VERTEX_POINT('',#4957);
#4959=CARTESIAN_POINT('',(8.8E-1,0.E0,-4.E-1));
#4960=VERTEX_POINT('',#4959);
#4961=CARTESIAN_POINT('',(-4.6E-1,3.7E-1,6.3E-1));
#4962=CARTESIAN_POINT('',(-2.4E-1,3.7E-1,6.3E-1));
#4963=VERTEX_POINT('',#4961);
#4964=VERTEX_POINT('',#4962);
#4965=CARTESIAN_POINT('',(-4.6E-1,3.7E-1,-6.3E-1));
#4966=CARTESIAN_POINT('',(-2.4E-1,3.7E-1,-6.3E-1));
#4967=VERTEX_POINT('',#4965);
#4968=VERTEX_POINT('',#4966);
#4969=CARTESIAN_POINT('',(-4.6E-1,3.5E-1,5.85E-1));
#4970=VERTEX_POINT('',#4969);
#4971=CARTESIAN_POINT('',(-2.4E-1,3.5E-1,5.85E-1));
#4972=VERTEX_POINT('',#4971);
#4973=CARTESIAN_POINT('',(-4.6E-1,2.8E-1,5.85E-1));
#4974=VERTEX_POINT('',#4973);
#4975=CARTESIAN_POINT('',(-2.4E-1,2.8E-1,5.85E-1));
#4976=VERTEX_POINT('',#4975);
#4977=CARTESIAN_POINT('',(-4.6E-1,2.8E-1,-5.85E-1));
#4978=CARTESIAN_POINT('',(-4.6E-1,3.5E-1,-5.85E-1));
#4979=VERTEX_POINT('',#4977);
#4980=VERTEX_POINT('',#4978);
#4981=CARTESIAN_POINT('',(-2.4E-1,2.8E-1,-5.85E-1));
#4982=CARTESIAN_POINT('',(-2.4E-1,3.5E-1,-5.85E-1));
#4983=VERTEX_POINT('',#4981);
#4984=VERTEX_POINT('',#4982);
#4985=CARTESIAN_POINT('',(-5.9E-1,2.4E-1,6.3E-1));
#4986=CARTESIAN_POINT('',(-5.9E-1,0.E0,6.3E-1));
#4987=VERTEX_POINT('',#4985);
#4988=VERTEX_POINT('',#4986);
#4989=CARTESIAN_POINT('',(5.9E-1,2.4E-1,6.3E-1));
#4990=CARTESIAN_POINT('',(5.9E-1,0.E0,6.3E-1));
#4991=VERTEX_POINT('',#4989);
#4992=VERTEX_POINT('',#4990);
#4993=CARTESIAN_POINT('',(-5.9E-1,0.E0,-5.4E-1));
#4994=CARTESIAN_POINT('',(-5.9E-1,0.E0,-6.3E-1));
#4995=VERTEX_POINT('',#4993);
#4996=VERTEX_POINT('',#4994);
#4997=CARTESIAN_POINT('',(5.9E-1,0.E0,-6.3E-1));
#4998=CARTESIAN_POINT('',(5.9E-1,0.E0,-5.4E-1));
#4999=VERTEX_POINT('',#4997);
#5000=VERTEX_POINT('',#4998);
#5001=CARTESIAN_POINT('',(-5.9E-1,0.E0,5.4E-1));
#5002=VERTEX_POINT('',#5001);
#5003=CARTESIAN_POINT('',(5.9E-1,0.E0,5.4E-1));
#5004=VERTEX_POINT('',#5003);
#5005=CARTESIAN_POINT('',(-5.9E-1,2.4E-1,-6.3E-1));
#5006=VERTEX_POINT('',#5005);
#5007=CARTESIAN_POINT('',(5.9E-1,2.4E-1,-6.3E-1));
#5008=VERTEX_POINT('',#5007);
#5009=CARTESIAN_POINT('',(-5.9E-1,3.7E-1,6.3E-1));
#5010=CARTESIAN_POINT('',(-5.9E-1,3.5E-1,5.85E-1));
#5011=VERTEX_POINT('',#5009);
#5012=VERTEX_POINT('',#5010);
#5013=CARTESIAN_POINT('',(5.9E-1,3.7E-1,6.3E-1));
#5014=CARTESIAN_POINT('',(5.9E-1,3.5E-1,5.85E-1));
#5015=VERTEX_POINT('',#5013);
#5016=VERTEX_POINT('',#5014);
#5017=CARTESIAN_POINT('',(-5.9E-1,2.8E-1,5.85E-1));
#5018=VERTEX_POINT('',#5017);
#5019=CARTESIAN_POINT('',(5.9E-1,2.8E-1,5.85E-1));
#5020=VERTEX_POINT('',#5019);
#5021=CARTESIAN_POINT('',(-5.9E-1,2.8E-1,5.9E-1));
#5022=VERTEX_POINT('',#5021);
#5023=CARTESIAN_POINT('',(5.9E-1,2.8E-1,5.9E-1));
#5024=VERTEX_POINT('',#5023);
#5025=CARTESIAN_POINT('',(-5.9E-1,2.8E-1,-5.9E-1));
#5026=VERTEX_POINT('',#5025);
#5027=CARTESIAN_POINT('',(5.9E-1,2.8E-1,-5.9E-1));
#5028=VERTEX_POINT('',#5027);
#5029=CARTESIAN_POINT('',(-5.9E-1,2.8E-1,-5.85E-1));
#5030=VERTEX_POINT('',#5029);
#5031=CARTESIAN_POINT('',(5.9E-1,2.8E-1,-5.85E-1));
#5032=VERTEX_POINT('',#5031);
#5033=CARTESIAN_POINT('',(-5.9E-1,3.5E-1,-5.85E-1));
#5034=VERTEX_POINT('',#5033);
#5035=CARTESIAN_POINT('',(5.9E-1,3.5E-1,-5.85E-1));
#5036=VERTEX_POINT('',#5035);
#5037=CARTESIAN_POINT('',(-5.9E-1,3.7E-1,-6.3E-1));
#5038=VERTEX_POINT('',#5037);
#5039=CARTESIAN_POINT('',(5.9E-1,3.7E-1,-6.3E-1));
#5040=VERTEX_POINT('',#5039);
#5041=CARTESIAN_POINT('',(-4.6E-1,2.8E-1,5.9E-1));
#5042=VERTEX_POINT('',#5041);
#5043=CARTESIAN_POINT('',(-4.6E-1,2.8E-1,-5.9E-1));
#5044=VERTEX_POINT('',#5043);
#5045=CARTESIAN_POINT('',(-5.9E-1,4.6E-1,4.4E-1));
#5046=CARTESIAN_POINT('',(-5.9E-1,4.6E-1,5.4E-1));
#5047=VERTEX_POINT('',#5045);
#5048=VERTEX_POINT('',#5046);
#5049=CARTESIAN_POINT('',(5.9E-1,4.6E-1,4.4E-1));
#5050=CARTESIAN_POINT('',(5.9E-1,4.6E-1,5.4E-1));
#5051=VERTEX_POINT('',#5049);
#5052=VERTEX_POINT('',#5050);
#5053=CARTESIAN_POINT('',(-5.9E-1,4.6E-1,-5.4E-1));
#5054=CARTESIAN_POINT('',(-5.9E-1,4.6E-1,-4.4E-1));
#5055=VERTEX_POINT('',#5053);
#5056=VERTEX_POINT('',#5054);
#5057=CARTESIAN_POINT('',(5.9E-1,4.6E-1,-5.4E-1));
#5058=CARTESIAN_POINT('',(5.9E-1,4.6E-1,-4.4E-1));
#5059=VERTEX_POINT('',#5057);
#5060=VERTEX_POINT('',#5058);
#5061=CARTESIAN_POINT('',(-5.9E-1,3.8E-1,-5.4E-1));
#5062=VERTEX_POINT('',#5061);
#5063=CARTESIAN_POINT('',(5.9E-1,3.8E-1,-5.4E-1));
#5064=VERTEX_POINT('',#5063);
#5065=CARTESIAN_POINT('',(-5.9E-1,3.8E-1,5.4E-1));
#5066=VERTEX_POINT('',#5065);
#5067=CARTESIAN_POINT('',(5.9E-1,3.8E-1,5.4E-1));
#5068=VERTEX_POINT('',#5067);
#5069=CARTESIAN_POINT('',(-6.1E-1,3.E-1,-4.4E-1));
#5070=CARTESIAN_POINT('',(-7.85E-1,3.E-1,-4.4E-1));
#5071=VERTEX_POINT('',#5069);
#5072=VERTEX_POINT('',#5070);
#5073=CARTESIAN_POINT('',(7.85E-1,3.E-1,-4.4E-1));
#5074=CARTESIAN_POINT('',(6.1E-1,3.E-1,-4.4E-1));
#5075=VERTEX_POINT('',#5073);
#5076=VERTEX_POINT('',#5074);
#5077=CARTESIAN_POINT('',(-7.85E-1,3.E-1,4.4E-1));
#5078=CARTESIAN_POINT('',(-6.1E-1,3.E-1,4.4E-1));
#5079=VERTEX_POINT('',#5077);
#5080=VERTEX_POINT('',#5078);
#5081=CARTESIAN_POINT('',(6.1E-1,3.E-1,4.4E-1));
#5082=CARTESIAN_POINT('',(7.85E-1,3.E-1,4.4E-1));
#5083=VERTEX_POINT('',#5081);
#5084=VERTEX_POINT('',#5082);
#5085=CARTESIAN_POINT('',(-7.85E-1,3.E-1,-3.5E-1));
#5086=CARTESIAN_POINT('',(-6.1E-1,3.E-1,-3.5E-1));
#5087=VERTEX_POINT('',#5085);
#5088=VERTEX_POINT('',#5086);
#5089=CARTESIAN_POINT('',(6.1E-1,3.E-1,-3.5E-1));
#5090=CARTESIAN_POINT('',(7.85E-1,3.E-1,-3.5E-1));
#5091=VERTEX_POINT('',#5089);
#5092=VERTEX_POINT('',#5090);
#5093=CARTESIAN_POINT('',(-7.85E-1,3.E-1,3.5E-1));
#5094=CARTESIAN_POINT('',(-6.1E-1,3.E-1,3.5E-1));
#5095=VERTEX_POINT('',#5093);
#5096=VERTEX_POINT('',#5094);
#5097=CARTESIAN_POINT('',(6.1E-1,3.E-1,3.5E-1));
#5098=CARTESIAN_POINT('',(7.85E-1,3.E-1,3.5E-1));
#5099=VERTEX_POINT('',#5097);
#5100=VERTEX_POINT('',#5098);
#5101=CARTESIAN_POINT('',(1.18E0,0.E0,4.9E-1));
#5102=CARTESIAN_POINT('',(1.13E0,0.E0,5.4E-1));
#5103=VERTEX_POINT('',#5101);
#5104=VERTEX_POINT('',#5102);
#5105=CARTESIAN_POINT('',(1.13E0,1.8E-1,5.4E-1));
#5106=VERTEX_POINT('',#5105);
#5107=CARTESIAN_POINT('',(1.18E0,1.8E-1,4.9E-1));
#5108=VERTEX_POINT('',#5107);
#5109=CARTESIAN_POINT('',(1.18E0,1.8E-1,-4.9E-1));
#5110=CARTESIAN_POINT('',(1.13E0,1.8E-1,-5.4E-1));
#5111=VERTEX_POINT('',#5109);
#5112=VERTEX_POINT('',#5110);
#5113=CARTESIAN_POINT('',(1.13E0,0.E0,-5.4E-1));
#5114=VERTEX_POINT('',#5113);
#5115=CARTESIAN_POINT('',(1.18E0,0.E0,-4.9E-1));
#5116=VERTEX_POINT('',#5115);
#5117=CARTESIAN_POINT('',(-1.18E0,0.E0,-4.9E-1));
#5118=CARTESIAN_POINT('',(-1.13E0,0.E0,-5.4E-1));
#5119=VERTEX_POINT('',#5117);
#5120=VERTEX_POINT('',#5118);
#5121=CARTESIAN_POINT('',(-1.13E0,1.8E-1,-5.4E-1));
#5122=VERTEX_POINT('',#5121);
#5123=CARTESIAN_POINT('',(-1.18E0,1.8E-1,-4.9E-1));
#5124=VERTEX_POINT('',#5123);
#5125=CARTESIAN_POINT('',(-1.18E0,1.8E-1,4.9E-1));
#5126=CARTESIAN_POINT('',(-1.13E0,1.8E-1,5.4E-1));
#5127=VERTEX_POINT('',#5125);
#5128=VERTEX_POINT('',#5126);
#5129=CARTESIAN_POINT('',(-1.13E0,0.E0,5.4E-1));
#5130=VERTEX_POINT('',#5129);
#5131=CARTESIAN_POINT('',(-1.18E0,0.E0,4.9E-1));
#5132=VERTEX_POINT('',#5131);
#5133=CARTESIAN_POINT('',(-1.05E0,1.8E-1,5.4E-1));
#5134=CARTESIAN_POINT('',(-1.1E0,1.8E-1,4.9E-1));
#5135=VERTEX_POINT('',#5133);
#5136=VERTEX_POINT('',#5134);
#5137=CARTESIAN_POINT('',(-1.1E0,1.8E-1,-4.9E-1));
#5138=CARTESIAN_POINT('',(-1.05E0,1.8E-1,-5.4E-1));
#5139=VERTEX_POINT('',#5137);
#5140=VERTEX_POINT('',#5138);
#5141=CARTESIAN_POINT('',(-1.18E0,1.8E-1,1.1E-1));
#5142=VERTEX_POINT('',#5141);
#5143=CARTESIAN_POINT('',(1.18E0,1.8E-1,1.1E-1));
#5144=VERTEX_POINT('',#5143);
#5145=CARTESIAN_POINT('',(-1.1E0,1.8E-1,1.1E-1));
#5146=VERTEX_POINT('',#5145);
#5147=CARTESIAN_POINT('',(1.1E0,1.8E-1,1.1E-1));
#5148=VERTEX_POINT('',#5147);
#5149=CARTESIAN_POINT('',(1.18E0,5.E-2,-1.1E-1));
#5150=CARTESIAN_POINT('',(1.1E0,5.E-2,-1.1E-1));
#5151=VERTEX_POINT('',#5149);
#5152=VERTEX_POINT('',#5150);
#5153=CARTESIAN_POINT('',(1.1E0,5.E-2,1.1E-1));
#5154=VERTEX_POINT('',#5153);
#5155=CARTESIAN_POINT('',(1.18E0,5.E-2,1.1E-1));
#5156=VERTEX_POINT('',#5155);
#5157=CARTESIAN_POINT('',(-1.18E0,5.E-2,1.1E-1));
#5158=CARTESIAN_POINT('',(-1.1E0,5.E-2,1.1E-1));
#5159=VERTEX_POINT('',#5157);
#5160=VERTEX_POINT('',#5158);
#5161=CARTESIAN_POINT('',(-1.1E0,5.E-2,-1.1E-1));
#5162=VERTEX_POINT('',#5161);
#5163=CARTESIAN_POINT('',(-1.18E0,5.E-2,-1.1E-1));
#5164=VERTEX_POINT('',#5163);
#5165=CARTESIAN_POINT('',(1.18E0,1.8E-1,-1.1E-1));
#5166=CARTESIAN_POINT('',(1.1E0,1.8E-1,-1.1E-1));
#5167=VERTEX_POINT('',#5165);
#5168=VERTEX_POINT('',#5166);
#5169=CARTESIAN_POINT('',(-1.18E0,1.8E-1,-1.1E-1));
#5170=CARTESIAN_POINT('',(-1.1E0,1.8E-1,-1.1E-1));
#5171=VERTEX_POINT('',#5169);
#5172=VERTEX_POINT('',#5170);
#5173=CARTESIAN_POINT('',(8.05E-1,4.4E-1,-4.6E-1));
#5174=CARTESIAN_POINT('',(8.6E-1,4.4E-1,-4.6E-1));
#5175=VERTEX_POINT('',#5173);
#5176=VERTEX_POINT('',#5174);
#5177=CARTESIAN_POINT('',(8.9E-1,4.4E-1,-4.3E-1));
#5178=VERTEX_POINT('',#5177);
#5179=CARTESIAN_POINT('',(8.9E-1,4.4E-1,4.3E-1));
#5180=VERTEX_POINT('',#5179);
#5181=CARTESIAN_POINT('',(8.6E-1,4.4E-1,4.6E-1));
#5182=VERTEX_POINT('',#5181);
#5183=CARTESIAN_POINT('',(8.05E-1,4.4E-1,4.6E-1));
#5184=VERTEX_POINT('',#5183);
#5185=CARTESIAN_POINT('',(8.05E-1,3.8E-1,-4.6E-1));
#5186=VERTEX_POINT('',#5185);
#5187=CARTESIAN_POINT('',(8.05E-1,3.8E-1,4.6E-1));
#5188=VERTEX_POINT('',#5187);
#5189=CARTESIAN_POINT('',(1.05E0,3.8E-1,5.4E-1));
#5190=CARTESIAN_POINT('',(1.05E0,3.8E-1,5.2E-1));
#5191=VERTEX_POINT('',#5189);
#5192=VERTEX_POINT('',#5190);
#5193=CARTESIAN_POINT('',(1.08E0,3.8E-1,4.9E-1));
#5194=VERTEX_POINT('',#5193);
#5195=CARTESIAN_POINT('',(1.05E0,3.8E-1,-5.2E-1));
#5196=CARTESIAN_POINT('',(1.08E0,3.8E-1,-4.9E-1));
#5197=VERTEX_POINT('',#5195);
#5198=VERTEX_POINT('',#5196);
#5199=CARTESIAN_POINT('',(1.05E0,3.8E-1,-5.4E-1));
#5200=VERTEX_POINT('',#5199);
#5201=CARTESIAN_POINT('',(6.1E-1,3.8E-1,-5.4E-1));
#5202=CARTESIAN_POINT('',(6.1E-1,3.8E-1,-4.7E-1));
#5203=VERTEX_POINT('',#5201);
#5204=VERTEX_POINT('',#5202);
#5205=CARTESIAN_POINT('',(8.15E-1,3.8E-1,-4.6E-1));
#5206=CARTESIAN_POINT('',(8.6E-1,3.8E-1,-4.6E-1));
#5207=VERTEX_POINT('',#5205);
#5208=VERTEX_POINT('',#5206);
#5209=CARTESIAN_POINT('',(8.9E-1,3.8E-1,-4.3E-1));
#5210=VERTEX_POINT('',#5209);
#5211=CARTESIAN_POINT('',(8.9E-1,3.8E-1,4.3E-1));
#5212=VERTEX_POINT('',#5211);
#5213=CARTESIAN_POINT('',(8.6E-1,3.8E-1,4.6E-1));
#5214=VERTEX_POINT('',#5213);
#5215=CARTESIAN_POINT('',(8.15E-1,3.8E-1,4.6E-1));
#5216=VERTEX_POINT('',#5215);
#5217=CARTESIAN_POINT('',(6.1E-1,3.8E-1,5.4E-1));
#5218=CARTESIAN_POINT('',(6.1E-1,3.8E-1,4.7E-1));
#5219=VERTEX_POINT('',#5217);
#5220=VERTEX_POINT('',#5218);
#5221=CARTESIAN_POINT('',(-8.05E-1,4.4E-1,4.6E-1));
#5222=CARTESIAN_POINT('',(-8.6E-1,4.4E-1,4.6E-1));
#5223=VERTEX_POINT('',#5221);
#5224=VERTEX_POINT('',#5222);
#5225=CARTESIAN_POINT('',(-8.9E-1,4.4E-1,4.3E-1));
#5226=VERTEX_POINT('',#5225);
#5227=CARTESIAN_POINT('',(-8.9E-1,4.4E-1,-4.3E-1));
#5228=VERTEX_POINT('',#5227);
#5229=CARTESIAN_POINT('',(-8.6E-1,4.4E-1,-4.6E-1));
#5230=VERTEX_POINT('',#5229);
#5231=CARTESIAN_POINT('',(-8.05E-1,4.4E-1,-4.6E-1));
#5232=VERTEX_POINT('',#5231);
#5233=CARTESIAN_POINT('',(-8.05E-1,3.8E-1,4.6E-1));
#5234=VERTEX_POINT('',#5233);
#5235=CARTESIAN_POINT('',(-8.05E-1,3.8E-1,-4.6E-1));
#5236=VERTEX_POINT('',#5235);
#5237=CARTESIAN_POINT('',(-6.1E-1,3.8E-1,5.4E-1));
#5238=CARTESIAN_POINT('',(-6.1E-1,3.8E-1,4.7E-1));
#5239=VERTEX_POINT('',#5237);
#5240=VERTEX_POINT('',#5238);
#5241=CARTESIAN_POINT('',(-8.15E-1,3.8E-1,4.6E-1));
#5242=CARTESIAN_POINT('',(-8.6E-1,3.8E-1,4.6E-1));
#5243=VERTEX_POINT('',#5241);
#5244=VERTEX_POINT('',#5242);
#5245=CARTESIAN_POINT('',(-8.9E-1,3.8E-1,4.3E-1));
#5246=VERTEX_POINT('',#5245);
#5247=CARTESIAN_POINT('',(-8.9E-1,3.8E-1,-4.3E-1));
#5248=VERTEX_POINT('',#5247);
#5249=CARTESIAN_POINT('',(-8.6E-1,3.8E-1,-4.6E-1));
#5250=VERTEX_POINT('',#5249);
#5251=CARTESIAN_POINT('',(-8.15E-1,3.8E-1,-4.6E-1));
#5252=VERTEX_POINT('',#5251);
#5253=CARTESIAN_POINT('',(-6.1E-1,3.8E-1,-5.4E-1));
#5254=CARTESIAN_POINT('',(-6.1E-1,3.8E-1,-4.7E-1));
#5255=VERTEX_POINT('',#5253);
#5256=VERTEX_POINT('',#5254);
#5257=CARTESIAN_POINT('',(-1.05E0,3.8E-1,-5.4E-1));
#5258=CARTESIAN_POINT('',(-1.05E0,3.8E-1,-5.2E-1));
#5259=VERTEX_POINT('',#5257);
#5260=VERTEX_POINT('',#5258);
#5261=CARTESIAN_POINT('',(-1.08E0,3.8E-1,-4.9E-1));
#5262=VERTEX_POINT('',#5261);
#5263=CARTESIAN_POINT('',(-1.05E0,3.8E-1,5.2E-1));
#5264=CARTESIAN_POINT('',(-1.08E0,3.8E-1,4.9E-1));
#5265=VERTEX_POINT('',#5263);
#5266=VERTEX_POINT('',#5264);
#5267=CARTESIAN_POINT('',(-1.05E0,3.8E-1,5.4E-1));
#5268=VERTEX_POINT('',#5267);
#5269=CARTESIAN_POINT('',(7.85E-1,3.5E-1,3.5E-1));
#5270=CARTESIAN_POINT('',(8.05E-1,3.7E-1,3.5E-1));
#5271=VERTEX_POINT('',#5269);
#5272=VERTEX_POINT('',#5270);
#5273=CARTESIAN_POINT('',(7.85E-1,3.5E-1,4.4E-1));
#5274=VERTEX_POINT('',#5273);
#5275=CARTESIAN_POINT('',(6.1E-1,3.5E-1,4.4E-1));
#5276=VERTEX_POINT('',#5275);
#5277=CARTESIAN_POINT('',(6.E-1,3.7E-1,3.5E-1));
#5278=CARTESIAN_POINT('',(6.1E-1,3.6E-1,3.5E-1));
#5279=VERTEX_POINT('',#5277);
#5280=VERTEX_POINT('',#5278);
#5281=CARTESIAN_POINT('',(5.9E-1,3.8E-1,4.7E-1));
#5282=CARTESIAN_POINT('',(5.9E-1,3.8E-1,3.505572809E-1));
#5283=VERTEX_POINT('',#5281);
#5284=VERTEX_POINT('',#5282);
#5285=CARTESIAN_POINT('',(8.05E-1,3.7E-1,-3.5E-1));
#5286=CARTESIAN_POINT('',(7.85E-1,3.5E-1,-3.5E-1));
#5287=VERTEX_POINT('',#5285);
#5288=VERTEX_POINT('',#5286);
#5289=CARTESIAN_POINT('',(7.85E-1,3.5E-1,-4.4E-1));
#5290=VERTEX_POINT('',#5289);
#5291=CARTESIAN_POINT('',(6.1E-1,3.5E-1,-4.4E-1));
#5292=VERTEX_POINT('',#5291);
#5293=CARTESIAN_POINT('',(6.1E-1,3.6E-1,-3.5E-1));
#5294=CARTESIAN_POINT('',(6.E-1,3.7E-1,-3.5E-1));
#5295=VERTEX_POINT('',#5293);
#5296=VERTEX_POINT('',#5294);
#5297=CARTESIAN_POINT('',(5.9E-1,3.8E-1,-3.505572809E-1));
#5298=CARTESIAN_POINT('',(5.9E-1,3.8E-1,-4.7E-1));
#5299=VERTEX_POINT('',#5297);
#5300=VERTEX_POINT('',#5298);
#5301=CARTESIAN_POINT('',(-8.05E-1,3.7E-1,3.5E-1));
#5302=CARTESIAN_POINT('',(-7.85E-1,3.5E-1,3.5E-1));
#5303=VERTEX_POINT('',#5301);
#5304=VERTEX_POINT('',#5302);
#5305=CARTESIAN_POINT('',(-7.85E-1,3.5E-1,4.4E-1));
#5306=VERTEX_POINT('',#5305);
#5307=CARTESIAN_POINT('',(-6.1E-1,3.5E-1,4.4E-1));
#5308=VERTEX_POINT('',#5307);
#5309=CARTESIAN_POINT('',(-6.1E-1,3.6E-1,3.5E-1));
#5310=CARTESIAN_POINT('',(-6.E-1,3.7E-1,3.5E-1));
#5311=VERTEX_POINT('',#5309);
#5312=VERTEX_POINT('',#5310);
#5313=CARTESIAN_POINT('',(-5.9E-1,3.8E-1,3.505572809E-1));
#5314=CARTESIAN_POINT('',(-5.9E-1,3.8E-1,4.7E-1));
#5315=VERTEX_POINT('',#5313);
#5316=VERTEX_POINT('',#5314);
#5317=CARTESIAN_POINT('',(-7.85E-1,3.5E-1,-3.5E-1));
#5318=CARTESIAN_POINT('',(-8.05E-1,3.7E-1,-3.5E-1));
#5319=VERTEX_POINT('',#5317);
#5320=VERTEX_POINT('',#5318);
#5321=CARTESIAN_POINT('',(-7.85E-1,3.5E-1,-4.4E-1));
#5322=VERTEX_POINT('',#5321);
#5323=CARTESIAN_POINT('',(-6.1E-1,3.5E-1,-4.4E-1));
#5324=VERTEX_POINT('',#5323);
#5325=CARTESIAN_POINT('',(-6.E-1,3.7E-1,-3.5E-1));
#5326=CARTESIAN_POINT('',(-6.1E-1,3.6E-1,-3.5E-1));
#5327=VERTEX_POINT('',#5325);
#5328=VERTEX_POINT('',#5326);
#5329=CARTESIAN_POINT('',(-5.9E-1,3.8E-1,-4.7E-1));
#5330=CARTESIAN_POINT('',(-5.9E-1,3.8E-1,-3.505572809E-1));
#5331=VERTEX_POINT('',#5329);
#5332=VERTEX_POINT('',#5330);
#5333=CARTESIAN_POINT('',(-8.3E-1,3.5E-1,3.5E-1));
#5334=CARTESIAN_POINT('',(-8.3E-1,3.5E-1,-3.5E-1));
#5335=VERTEX_POINT('',#5333);
#5336=VERTEX_POINT('',#5334);
#5337=CARTESIAN_POINT('',(-8.6E-1,3.8E-1,3.505572809E-1));
#5338=CARTESIAN_POINT('',(-8.6E-1,3.8E-1,-3.505572809E-1));
#5339=VERTEX_POINT('',#5337);
#5340=VERTEX_POINT('',#5338);
#5341=CARTESIAN_POINT('',(8.3E-1,3.5E-1,-3.5E-1));
#5342=CARTESIAN_POINT('',(8.3E-1,3.5E-1,3.5E-1));
#5343=VERTEX_POINT('',#5341);
#5344=VERTEX_POINT('',#5342);
#5345=CARTESIAN_POINT('',(8.6E-1,3.8E-1,-3.505572809E-1));
#5346=CARTESIAN_POINT('',(8.6E-1,3.8E-1,3.505572809E-1));
#5347=VERTEX_POINT('',#5345);
#5348=VERTEX_POINT('',#5346);
#5349=CARTESIAN_POINT('',(-8.5E-1,3.7E-1,3.5E-1));
#5350=VERTEX_POINT('',#5349);
#5351=VERTEX_POINT('',#2793);
#5352=CARTESIAN_POINT('',(8.5E-1,3.7E-1,-3.5E-1));
#5353=VERTEX_POINT('',#5352);
#5354=CARTESIAN_POINT('',(-6.1E-1,3.6E-1,4.5E-1));
#5355=VERTEX_POINT('',#5354);
#5356=CARTESIAN_POINT('',(-8.15E-1,3.8E-1,4.7E-1));
#5357=VERTEX_POINT('',#5356);
#5358=CARTESIAN_POINT('',(-8.15E-1,3.8E-1,-4.7E-1));
#5359=VERTEX_POINT('',#5358);
#5360=CARTESIAN_POINT('',(8.15E-1,3.8E-1,4.7E-1));
#5361=VERTEX_POINT('',#5360);
#5362=CARTESIAN_POINT('',(8.15E-1,3.8E-1,-4.7E-1));
#5363=VERTEX_POINT('',#5362);
#5364=CARTESIAN_POINT('',(8.15E-1,3.8E-1,3.505572809E-1));
#5365=VERTEX_POINT('',#5364);
#5366=CARTESIAN_POINT('',(8.15E-1,3.8E-1,-3.505572809E-1));
#5367=VERTEX_POINT('',#5366);
#5368=CARTESIAN_POINT('',(-8.15E-1,3.8E-1,3.505572809E-1));
#5369=VERTEX_POINT('',#5368);
#5370=CARTESIAN_POINT('',(-8.15E-1,3.8E-1,-3.505572809E-1));
#5371=VERTEX_POINT('',#5370);
#5372=CARTESIAN_POINT('',(1.17E0,2.E-1,4.9E-1));
#5373=CARTESIAN_POINT('',(1.17E0,2.E-1,9.E-2));
#5374=VERTEX_POINT('',#5372);
#5375=VERTEX_POINT('',#5373);
#5376=CARTESIAN_POINT('',(1.17E0,7.E-2,9.E-2));
#5377=VERTEX_POINT('',#5376);
#5378=CARTESIAN_POINT('',(1.17E0,7.E-2,-9.E-2));
#5379=VERTEX_POINT('',#5378);
#5380=CARTESIAN_POINT('',(1.17E0,2.E-1,-9.E-2));
#5381=VERTEX_POINT('',#5380);
#5382=CARTESIAN_POINT('',(1.17E0,2.E-1,-4.9E-1));
#5383=VERTEX_POINT('',#5382);
#5384=CARTESIAN_POINT('',(1.1E0,3.8E-1,4.9E-1));
#5385=VERTEX_POINT('',#5384);
#5386=CARTESIAN_POINT('',(1.1E0,3.8E-1,-4.9E-1));
#5387=VERTEX_POINT('',#5386);
#5388=CARTESIAN_POINT('',(6.1E-1,1.25E-1,6.1E-1));
#5389=CARTESIAN_POINT('',(6.5E-1,8.5E-2,6.1E-1));
#5390=VERTEX_POINT('',#5388);
#5391=VERTEX_POINT('',#5389);
#5392=CARTESIAN_POINT('',(8.3E-1,1.E-1,6.1E-1));
#5393=CARTESIAN_POINT('',(1.05E0,1.E-1,6.1E-1));
#5394=VERTEX_POINT('',#5392);
#5395=VERTEX_POINT('',#5393);
#5396=CARTESIAN_POINT('',(6.1E-1,1.25E-1,5.5E-1));
#5397=CARTESIAN_POINT('',(6.5E-1,8.5E-2,5.5E-1));
#5398=VERTEX_POINT('',#5396);
#5399=VERTEX_POINT('',#5397);
#5400=CARTESIAN_POINT('',(8.3E-1,1.E-1,5.5E-1));
#5401=CARTESIAN_POINT('',(1.05E0,1.E-1,5.5E-1));
#5402=VERTEX_POINT('',#5400);
#5403=VERTEX_POINT('',#5401);
#5404=CARTESIAN_POINT('',(6.1E-1,3.8E-1,5.5E-1));
#5405=CARTESIAN_POINT('',(1.05E0,3.8E-1,5.5E-1));
#5406=VERTEX_POINT('',#5404);
#5407=VERTEX_POINT('',#5405);
#5408=CARTESIAN_POINT('',(-1.05E0,1.E-1,6.1E-1));
#5409=CARTESIAN_POINT('',(-8.3E-1,1.E-1,6.1E-1));
#5410=VERTEX_POINT('',#5408);
#5411=VERTEX_POINT('',#5409);
#5412=CARTESIAN_POINT('',(-6.5E-1,8.5E-2,6.1E-1));
#5413=CARTESIAN_POINT('',(-6.1E-1,1.25E-1,6.1E-1));
#5414=VERTEX_POINT('',#5412);
#5415=VERTEX_POINT('',#5413);
#5416=CARTESIAN_POINT('',(-1.05E0,1.E-1,5.5E-1));
#5417=CARTESIAN_POINT('',(-8.3E-1,1.E-1,5.5E-1));
#5418=VERTEX_POINT('',#5416);
#5419=VERTEX_POINT('',#5417);
#5420=CARTESIAN_POINT('',(-6.5E-1,8.5E-2,5.5E-1));
#5421=CARTESIAN_POINT('',(-6.1E-1,1.25E-1,5.5E-1));
#5422=VERTEX_POINT('',#5420);
#5423=VERTEX_POINT('',#5421);
#5424=CARTESIAN_POINT('',(-1.05E0,3.8E-1,5.5E-1));
#5425=CARTESIAN_POINT('',(-6.1E-1,3.8E-1,5.5E-1));
#5426=VERTEX_POINT('',#5424);
#5427=VERTEX_POINT('',#5425);
#5428=CARTESIAN_POINT('',(1.1E0,2.E-1,4.9E-1));
#5429=VERTEX_POINT('',#5428);
#5430=CARTESIAN_POINT('',(1.1E0,2.E-1,-4.9E-1));
#5431=VERTEX_POINT('',#5430);
#5432=CARTESIAN_POINT('',(-1.17E0,2.E-1,4.9E-1));
#5433=CARTESIAN_POINT('',(-1.17E0,2.E-1,9.E-2));
#5434=VERTEX_POINT('',#5432);
#5435=VERTEX_POINT('',#5433);
#5436=CARTESIAN_POINT('',(-1.17E0,7.E-2,9.E-2));
#5437=VERTEX_POINT('',#5436);
#5438=CARTESIAN_POINT('',(-1.17E0,7.E-2,-9.E-2));
#5439=VERTEX_POINT('',#5438);
#5440=CARTESIAN_POINT('',(-1.17E0,2.E-1,-9.E-2));
#5441=VERTEX_POINT('',#5440);
#5442=CARTESIAN_POINT('',(-1.17E0,2.E-1,-4.9E-1));
#5443=VERTEX_POINT('',#5442);
#5444=CARTESIAN_POINT('',(-1.1E0,2.E-1,4.9E-1));
#5445=VERTEX_POINT('',#5444);
#5446=CARTESIAN_POINT('',(-1.1E0,2.E-1,-4.9E-1));
#5447=VERTEX_POINT('',#5446);
#5448=CARTESIAN_POINT('',(-1.1E0,3.8E-1,-4.9E-1));
#5449=VERTEX_POINT('',#5448);
#5450=CARTESIAN_POINT('',(-1.1E0,3.8E-1,4.9E-1));
#5451=VERTEX_POINT('',#5450);
#5452=CARTESIAN_POINT('',(6.1E-1,1.25E-1,-6.1E-1));
#5453=CARTESIAN_POINT('',(6.5E-1,8.5E-2,-6.1E-1));
#5454=VERTEX_POINT('',#5452);
#5455=VERTEX_POINT('',#5453);
#5456=CARTESIAN_POINT('',(8.3E-1,1.E-1,-6.1E-1));
#5457=CARTESIAN_POINT('',(1.05E0,1.E-1,-6.1E-1));
#5458=VERTEX_POINT('',#5456);
#5459=VERTEX_POINT('',#5457);
#5460=CARTESIAN_POINT('',(6.1E-1,1.25E-1,-5.5E-1));
#5461=CARTESIAN_POINT('',(6.5E-1,8.5E-2,-5.5E-1));
#5462=VERTEX_POINT('',#5460);
#5463=VERTEX_POINT('',#5461);
#5464=CARTESIAN_POINT('',(8.3E-1,1.E-1,-5.5E-1));
#5465=CARTESIAN_POINT('',(1.05E0,1.E-1,-5.5E-1));
#5466=VERTEX_POINT('',#5464);
#5467=VERTEX_POINT('',#5465);
#5468=CARTESIAN_POINT('',(6.1E-1,3.8E-1,-5.5E-1));
#5469=VERTEX_POINT('',#5468);
#5470=CARTESIAN_POINT('',(1.05E0,3.8E-1,-5.5E-1));
#5471=VERTEX_POINT('',#5470);
#5472=CARTESIAN_POINT('',(-1.05E0,1.E-1,-6.1E-1));
#5473=CARTESIAN_POINT('',(-8.3E-1,1.E-1,-6.1E-1));
#5474=VERTEX_POINT('',#5472);
#5475=VERTEX_POINT('',#5473);
#5476=CARTESIAN_POINT('',(-6.5E-1,8.5E-2,-6.1E-1));
#5477=CARTESIAN_POINT('',(-6.1E-1,1.25E-1,-6.1E-1));
#5478=VERTEX_POINT('',#5476);
#5479=VERTEX_POINT('',#5477);
#5480=CARTESIAN_POINT('',(-1.05E0,1.E-1,-5.5E-1));
#5481=CARTESIAN_POINT('',(-8.3E-1,1.E-1,-5.5E-1));
#5482=VERTEX_POINT('',#5480);
#5483=VERTEX_POINT('',#5481);
#5484=CARTESIAN_POINT('',(-6.5E-1,8.5E-2,-5.5E-1));
#5485=CARTESIAN_POINT('',(-6.1E-1,1.25E-1,-5.5E-1));
#5486=VERTEX_POINT('',#5484);
#5487=VERTEX_POINT('',#5485);
#5488=CARTESIAN_POINT('',(-1.05E0,3.8E-1,-5.5E-1));
#5489=VERTEX_POINT('',#5488);
#5490=CARTESIAN_POINT('',(-6.1E-1,3.8E-1,-5.5E-1));
#5491=VERTEX_POINT('',#5490);
#5492=CARTESIAN_POINT('',(-6.5E-1,-2.E-2,8.85E-1));
#5493=CARTESIAN_POINT('',(-8.E-1,-2.E-2,8.85E-1));
#5494=VERTEX_POINT('',#5492);
#5495=VERTEX_POINT('',#5493);
#5496=CARTESIAN_POINT('',(-8.E-1,-2.E-2,-8.85E-1));
#5497=CARTESIAN_POINT('',(-6.5E-1,-2.E-2,-8.85E-1));
#5498=VERTEX_POINT('',#5496);
#5499=VERTEX_POINT('',#5497);
#5500=CARTESIAN_POINT('',(8.E-1,-2.E-2,8.85E-1));
#5501=CARTESIAN_POINT('',(6.5E-1,-2.E-2,8.85E-1));
#5502=VERTEX_POINT('',#5500);
#5503=VERTEX_POINT('',#5501);
#5504=CARTESIAN_POINT('',(6.5E-1,-2.E-2,-8.85E-1));
#5505=CARTESIAN_POINT('',(8.E-1,-2.E-2,-8.85E-1));
#5506=VERTEX_POINT('',#5504);
#5507=VERTEX_POINT('',#5505);
#5508=CARTESIAN_POINT('',(-6.5E-1,4.E-2,8.85E-1));
#5509=CARTESIAN_POINT('',(-8.E-1,4.E-2,8.85E-1));
#5510=VERTEX_POINT('',#5508);
#5511=VERTEX_POINT('',#5509);
#5512=CARTESIAN_POINT('',(-8.E-1,4.E-2,-8.85E-1));
#5513=CARTESIAN_POINT('',(-6.5E-1,4.E-2,-8.85E-1));
#5514=VERTEX_POINT('',#5512);
#5515=VERTEX_POINT('',#5513);
#5516=CARTESIAN_POINT('',(8.E-1,4.E-2,8.85E-1));
#5517=CARTESIAN_POINT('',(6.5E-1,4.E-2,8.85E-1));
#5518=VERTEX_POINT('',#5516);
#5519=VERTEX_POINT('',#5517);
#5520=CARTESIAN_POINT('',(6.5E-1,4.E-2,-8.85E-1));
#5521=CARTESIAN_POINT('',(8.E-1,4.E-2,-8.85E-1));
#5522=VERTEX_POINT('',#5520);
#5523=VERTEX_POINT('',#5521);
#5524=CARTESIAN_POINT('',(-8.E-1,7.E-2,-6.1E-1));
#5525=CARTESIAN_POINT('',(-6.5E-1,7.E-2,-6.1E-1));
#5526=VERTEX_POINT('',#5524);
#5527=VERTEX_POINT('',#5525);
#5528=CARTESIAN_POINT('',(-8.E-1,4.E-2,-6.4E-1));
#5529=CARTESIAN_POINT('',(-6.5E-1,4.E-2,-6.4E-1));
#5530=VERTEX_POINT('',#5528);
#5531=VERTEX_POINT('',#5529);
#5532=CARTESIAN_POINT('',(6.5E-1,7.E-2,-6.1E-1));
#5533=CARTESIAN_POINT('',(8.E-1,7.E-2,-6.1E-1));
#5534=VERTEX_POINT('',#5532);
#5535=VERTEX_POINT('',#5533);
#5536=CARTESIAN_POINT('',(6.5E-1,4.E-2,-6.4E-1));
#5537=CARTESIAN_POINT('',(8.E-1,4.E-2,-6.4E-1));
#5538=VERTEX_POINT('',#5536);
#5539=VERTEX_POINT('',#5537);
#5540=CARTESIAN_POINT('',(8.E-1,7.E-2,6.1E-1));
#5541=CARTESIAN_POINT('',(6.5E-1,7.E-2,6.1E-1));
#5542=VERTEX_POINT('',#5540);
#5543=VERTEX_POINT('',#5541);
#5544=CARTESIAN_POINT('',(8.E-1,4.E-2,6.4E-1));
#5545=CARTESIAN_POINT('',(6.5E-1,4.E-2,6.4E-1));
#5546=VERTEX_POINT('',#5544);
#5547=VERTEX_POINT('',#5545);
#5548=CARTESIAN_POINT('',(-6.5E-1,7.E-2,6.1E-1));
#5549=CARTESIAN_POINT('',(-8.E-1,7.E-2,6.1E-1));
#5550=VERTEX_POINT('',#5548);
#5551=VERTEX_POINT('',#5549);
#5552=CARTESIAN_POINT('',(-6.5E-1,4.E-2,6.4E-1));
#5553=CARTESIAN_POINT('',(-8.E-1,4.E-2,6.4E-1));
#5554=VERTEX_POINT('',#5552);
#5555=VERTEX_POINT('',#5553);
#5556=CARTESIAN_POINT('',(8.E-1,7.E-2,-5.5E-1));
#5557=CARTESIAN_POINT('',(8.E-1,-2.E-2,-6.4E-1));
#5558=VERTEX_POINT('',#5556);
#5559=VERTEX_POINT('',#5557);
#5560=CARTESIAN_POINT('',(6.5E-1,-2.E-2,-6.4E-1));
#5561=VERTEX_POINT('',#5560);
#5562=CARTESIAN_POINT('',(6.5E-1,7.E-2,-5.5E-1));
#5563=VERTEX_POINT('',#5562);
#5564=CARTESIAN_POINT('',(-8.E-1,7.E-2,5.5E-1));
#5565=CARTESIAN_POINT('',(-8.E-1,-2.E-2,6.4E-1));
#5566=VERTEX_POINT('',#5564);
#5567=VERTEX_POINT('',#5565);
#5568=CARTESIAN_POINT('',(-6.5E-1,-2.E-2,6.4E-1));
#5569=VERTEX_POINT('',#5568);
#5570=CARTESIAN_POINT('',(-6.5E-1,7.E-2,5.5E-1));
#5571=VERTEX_POINT('',#5570);
#5572=CARTESIAN_POINT('',(6.5E-1,7.E-2,5.5E-1));
#5573=CARTESIAN_POINT('',(6.5E-1,-2.E-2,6.4E-1));
#5574=VERTEX_POINT('',#5572);
#5575=VERTEX_POINT('',#5573);
#5576=CARTESIAN_POINT('',(8.E-1,-2.E-2,6.4E-1));
#5577=VERTEX_POINT('',#5576);
#5578=CARTESIAN_POINT('',(8.E-1,7.E-2,5.5E-1));
#5579=VERTEX_POINT('',#5578);
#5580=CARTESIAN_POINT('',(6.1E-1,4.4E-1,-5.2E-1));
#5581=CARTESIAN_POINT('',(6.1E-1,3.5E-1,-6.1E-1));
#5582=VERTEX_POINT('',#5580);
#5583=VERTEX_POINT('',#5581);
#5584=CARTESIAN_POINT('',(1.05E0,3.5E-1,-6.1E-1));
#5585=VERTEX_POINT('',#5584);
#5586=CARTESIAN_POINT('',(1.05E0,4.4E-1,-5.2E-1));
#5587=VERTEX_POINT('',#5586);
#5588=CARTESIAN_POINT('',(1.08E0,4.4E-1,-4.9E-1));
#5589=CARTESIAN_POINT('',(1.17E0,3.5E-1,-4.9E-1));
#5590=VERTEX_POINT('',#5588);
#5591=VERTEX_POINT('',#5589);
#5592=CARTESIAN_POINT('',(1.17E0,3.5E-1,4.9E-1));
#5593=VERTEX_POINT('',#5592);
#5594=CARTESIAN_POINT('',(1.08E0,4.4E-1,4.9E-1));
#5595=VERTEX_POINT('',#5594);
#5596=CARTESIAN_POINT('',(1.05E0,4.4E-1,5.2E-1));
#5597=CARTESIAN_POINT('',(1.05E0,3.5E-1,6.1E-1));
#5598=VERTEX_POINT('',#5596);
#5599=VERTEX_POINT('',#5597);
#5600=CARTESIAN_POINT('',(6.1E-1,3.5E-1,6.1E-1));
#5601=VERTEX_POINT('',#5600);
#5602=CARTESIAN_POINT('',(6.1E-1,4.4E-1,5.2E-1));
#5603=VERTEX_POINT('',#5602);
#5604=CARTESIAN_POINT('',(-6.1E-1,4.4E-1,5.2E-1));
#5605=CARTESIAN_POINT('',(-6.1E-1,3.5E-1,6.1E-1));
#5606=VERTEX_POINT('',#5604);
#5607=VERTEX_POINT('',#5605);
#5608=CARTESIAN_POINT('',(-1.05E0,3.5E-1,6.1E-1));
#5609=VERTEX_POINT('',#5608);
#5610=CARTESIAN_POINT('',(-1.05E0,4.4E-1,5.2E-1));
#5611=VERTEX_POINT('',#5610);
#5612=CARTESIAN_POINT('',(-1.08E0,4.4E-1,4.9E-1));
#5613=CARTESIAN_POINT('',(-1.17E0,3.5E-1,4.9E-1));
#5614=VERTEX_POINT('',#5612);
#5615=VERTEX_POINT('',#5613);
#5616=CARTESIAN_POINT('',(-1.17E0,3.5E-1,-4.9E-1));
#5617=VERTEX_POINT('',#5616);
#5618=CARTESIAN_POINT('',(-1.08E0,4.4E-1,-4.9E-1));
#5619=VERTEX_POINT('',#5618);
#5620=CARTESIAN_POINT('',(-1.05E0,4.4E-1,-5.2E-1));
#5621=CARTESIAN_POINT('',(-1.05E0,3.5E-1,-6.1E-1));
#5622=VERTEX_POINT('',#5620);
#5623=VERTEX_POINT('',#5621);
#5624=CARTESIAN_POINT('',(-6.1E-1,3.5E-1,-6.1E-1));
#5625=VERTEX_POINT('',#5624);
#5626=CARTESIAN_POINT('',(-6.1E-1,4.4E-1,-5.2E-1));
#5627=VERTEX_POINT('',#5626);
#5628=CARTESIAN_POINT('',(-6.5E-1,7.E-2,-5.5E-1));
#5629=CARTESIAN_POINT('',(-6.5E-1,-2.E-2,-6.4E-1));
#5630=VERTEX_POINT('',#5628);
#5631=VERTEX_POINT('',#5629);
#5632=CARTESIAN_POINT('',(-8.E-1,-2.E-2,-6.4E-1));
#5633=VERTEX_POINT('',#5632);
#5634=CARTESIAN_POINT('',(-8.E-1,7.E-2,-5.5E-1));
#5635=VERTEX_POINT('',#5634);
#5636=CARTESIAN_POINT('',(6.1E-1,4.4E-1,-4.53E-1));
#5637=VERTEX_POINT('',#5636);
#5638=CARTESIAN_POINT('',(6.1E-1,4.4E-1,4.53E-1));
#5639=VERTEX_POINT('',#5638);
#5640=CARTESIAN_POINT('',(-6.1E-1,4.4E-1,4.53E-1));
#5641=VERTEX_POINT('',#5640);
#5642=CARTESIAN_POINT('',(-6.1E-1,4.4E-1,-4.53E-1));
#5643=VERTEX_POINT('',#5642);
#5644=CARTESIAN_POINT('',(-6.1E-1,3.6E-1,-4.3E-1));
#5645=CARTESIAN_POINT('',(-6.1E-1,3.E-1,-4.3E-1));
#5646=VERTEX_POINT('',#5644);
#5647=VERTEX_POINT('',#5645);
#5648=CARTESIAN_POINT('',(6.1E-1,3.6E-1,-4.3E-1));
#5649=CARTESIAN_POINT('',(6.1E-1,3.E-1,-4.3E-1));
#5650=VERTEX_POINT('',#5648);
#5651=VERTEX_POINT('',#5649);
#5652=CARTESIAN_POINT('',(-6.1E-1,3.6E-1,4.3E-1));
#5653=CARTESIAN_POINT('',(-6.1E-1,3.E-1,4.3E-1));
#5654=VERTEX_POINT('',#5652);
#5655=VERTEX_POINT('',#5653);
#5656=CARTESIAN_POINT('',(6.1E-1,3.6E-1,4.3E-1));
#5657=CARTESIAN_POINT('',(6.1E-1,3.E-1,4.3E-1));
#5658=VERTEX_POINT('',#5656);
#5659=VERTEX_POINT('',#5657);
#5660=CARTESIAN_POINT('',(-6.1E-1,3.8E-1,-4.3E-1));
#5661=CARTESIAN_POINT('',(-7.75E-1,3.8E-1,-4.3E-1));
#5662=VERTEX_POINT('',#5660);
#5663=VERTEX_POINT('',#5661);
#5664=CARTESIAN_POINT('',(7.75E-1,3.8E-1,-4.3E-1));
#5665=CARTESIAN_POINT('',(6.1E-1,3.8E-1,-4.3E-1));
#5666=VERTEX_POINT('',#5664);
#5667=VERTEX_POINT('',#5665);
#5668=CARTESIAN_POINT('',(6.1E-1,3.8E-1,4.3E-1));
#5669=CARTESIAN_POINT('',(7.75E-1,3.8E-1,4.3E-1));
#5670=VERTEX_POINT('',#5668);
#5671=VERTEX_POINT('',#5669);
#5672=CARTESIAN_POINT('',(-7.75E-1,3.8E-1,4.3E-1));
#5673=CARTESIAN_POINT('',(-6.1E-1,3.8E-1,4.3E-1));
#5674=VERTEX_POINT('',#5672);
#5675=VERTEX_POINT('',#5673);
#5676=CARTESIAN_POINT('',(-7.75E-1,3.E-1,-4.3E-1));
#5677=VERTEX_POINT('',#5676);
#5678=CARTESIAN_POINT('',(7.75E-1,3.E-1,-4.3E-1));
#5679=VERTEX_POINT('',#5678);
#5680=CARTESIAN_POINT('',(7.75E-1,3.E-1,4.3E-1));
#5681=VERTEX_POINT('',#5680);
#5682=CARTESIAN_POINT('',(-7.75E-1,3.E-1,4.3E-1));
#5683=VERTEX_POINT('',#5682);
#5684=CARTESIAN_POINT('',(6.1E-1,3.6E-1,3.700542345867E-1));
#5685=VERTEX_POINT('',#5684);
#5686=CARTESIAN_POINT('',(7.75E-1,3.57E-1,3.7E-1));
#5687=CARTESIAN_POINT('',(6.1E-1,3.57E-1,3.7E-1));
#5688=VERTEX_POINT('',#5686);
#5689=VERTEX_POINT('',#5687);
#5690=CARTESIAN_POINT('',(7.75E-1,4.367496081495E-1,4.3E-1));
#5691=VERTEX_POINT('',#5690);
#5692=VERTEX_POINT('',#2583);
#5693=VERTEX_POINT('',#613);
#5694=VERTEX_POINT('',#618);
#5695=CARTESIAN_POINT('',(7.75E-1,3.57E-1,-3.7E-1));
#5696=VERTEX_POINT('',#5695);
#5697=CARTESIAN_POINT('',(6.1E-1,3.57E-1,-3.7E-1));
#5698=VERTEX_POINT('',#5697);
#5699=CARTESIAN_POINT('',(6.1E-1,3.6E-1,-3.700542345867E-1));
#5700=VERTEX_POINT('',#5699);
#5701=VERTEX_POINT('',#2093);
#5702=VERTEX_POINT('',#2098);
#5703=CARTESIAN_POINT('',(-7.75E-1,3.57E-1,3.7E-1));
#5704=VERTEX_POINT('',#5703);
#5705=CARTESIAN_POINT('',(-6.1E-1,3.57E-1,3.7E-1));
#5706=VERTEX_POINT('',#5705);
#5707=CARTESIAN_POINT('',(-6.1E-1,3.6E-1,3.700542345867E-1));
#5708=VERTEX_POINT('',#5707);
#5709=CARTESIAN_POINT('',(-6.1E-1,3.6E-1,-3.700542345867E-1));
#5710=VERTEX_POINT('',#5709);
#5711=CARTESIAN_POINT('',(-7.75E-1,3.57E-1,-3.7E-1));
#5712=CARTESIAN_POINT('',(-6.1E-1,3.57E-1,-3.7E-1));
#5713=VERTEX_POINT('',#5711);
#5714=VERTEX_POINT('',#5712);
#5715=CARTESIAN_POINT('',(-7.75E-1,4.367496081495E-1,-4.3E-1));
#5716=VERTEX_POINT('',#5715);
#5717=VERTEX_POINT('',#2067);
#5718=CARTESIAN_POINT('',(-6.1E-1,3.E-1,-3.7E-1));
#5719=VERTEX_POINT('',#5718);
#5720=CARTESIAN_POINT('',(6.1E-1,3.E-1,-3.7E-1));
#5721=VERTEX_POINT('',#5720);
#5722=CARTESIAN_POINT('',(-6.1E-1,3.E-1,3.7E-1));
#5723=VERTEX_POINT('',#5722);
#5724=CARTESIAN_POINT('',(6.1E-1,3.E-1,3.7E-1));
#5725=VERTEX_POINT('',#5724);
#5726=CARTESIAN_POINT('',(-7.75E-1,3.E-1,-3.7E-1));
#5727=VERTEX_POINT('',#5726);
#5728=CARTESIAN_POINT('',(7.75E-1,3.E-1,-3.7E-1));
#5729=VERTEX_POINT('',#5728);
#5730=CARTESIAN_POINT('',(7.75E-1,3.E-1,3.7E-1));
#5731=VERTEX_POINT('',#5730);
#5732=CARTESIAN_POINT('',(-7.75E-1,3.E-1,3.7E-1));
#5733=VERTEX_POINT('',#5732);
#5734=CARTESIAN_POINT('',(-2.4E-1,2.8E-1,5.9E-1));
#5735=VERTEX_POINT('',#5734);
#5736=CARTESIAN_POINT('',(-2.4E-1,2.8E-1,-5.9E-1));
#5737=VERTEX_POINT('',#5736);
#5738=CARTESIAN_POINT('',(-1.1E-1,2.4E-1,6.3E-1));
#5739=CARTESIAN_POINT('',(-1.1E-1,1.4E-1,6.3E-1));
#5740=VERTEX_POINT('',#5738);
#5741=VERTEX_POINT('',#5739);
#5742=CARTESIAN_POINT('',(1.1E-1,2.4E-1,6.3E-1));
#5743=CARTESIAN_POINT('',(1.1E-1,1.4E-1,6.3E-1));
#5744=VERTEX_POINT('',#5742);
#5745=VERTEX_POINT('',#5743);
#5746=CARTESIAN_POINT('',(-1.1E-1,2.4E-1,-6.3E-1));
#5747=CARTESIAN_POINT('',(-1.1E-1,1.4E-1,-6.3E-1));
#5748=VERTEX_POINT('',#5746);
#5749=VERTEX_POINT('',#5747);
#5750=CARTESIAN_POINT('',(1.1E-1,2.4E-1,-6.3E-1));
#5751=CARTESIAN_POINT('',(1.1E-1,1.4E-1,-6.3E-1));
#5752=VERTEX_POINT('',#5750);
#5753=VERTEX_POINT('',#5751);
#5754=CARTESIAN_POINT('',(2.4E-1,2.4E-1,6.3E-1));
#5755=CARTESIAN_POINT('',(2.4E-1,1.4E-1,6.3E-1));
#5756=VERTEX_POINT('',#5754);
#5757=VERTEX_POINT('',#5755);
#5758=CARTESIAN_POINT('',(4.6E-1,2.4E-1,6.3E-1));
#5759=CARTESIAN_POINT('',(4.6E-1,1.4E-1,6.3E-1));
#5760=VERTEX_POINT('',#5758);
#5761=VERTEX_POINT('',#5759);
#5762=CARTESIAN_POINT('',(2.4E-1,2.4E-1,-6.3E-1));
#5763=CARTESIAN_POINT('',(2.4E-1,1.4E-1,-6.3E-1));
#5764=VERTEX_POINT('',#5762);
#5765=VERTEX_POINT('',#5763);
#5766=CARTESIAN_POINT('',(4.6E-1,2.4E-1,-6.3E-1));
#5767=CARTESIAN_POINT('',(4.6E-1,1.4E-1,-6.3E-1));
#5768=VERTEX_POINT('',#5766);
#5769=VERTEX_POINT('',#5767);
#5770=CARTESIAN_POINT('',(-1.1E-1,3.55E-1,6.3E-1));
#5771=CARTESIAN_POINT('',(-1.1E-1,3.4E-1,6.15E-1));
#5772=VERTEX_POINT('',#5770);
#5773=VERTEX_POINT('',#5771);
#5774=CARTESIAN_POINT('',(-1.1E-1,3.4E-1,-6.15E-1));
#5775=CARTESIAN_POINT('',(-1.1E-1,3.55E-1,-6.3E-1));
#5776=VERTEX_POINT('',#5774);
#5777=VERTEX_POINT('',#5775);
#5778=CARTESIAN_POINT('',(1.1E-1,3.55E-1,6.3E-1));
#5779=CARTESIAN_POINT('',(1.1E-1,3.4E-1,6.15E-1));
#5780=VERTEX_POINT('',#5778);
#5781=VERTEX_POINT('',#5779);
#5782=CARTESIAN_POINT('',(1.1E-1,3.4E-1,-6.15E-1));
#5783=CARTESIAN_POINT('',(1.1E-1,3.55E-1,-6.3E-1));
#5784=VERTEX_POINT('',#5782);
#5785=VERTEX_POINT('',#5783);
#5786=CARTESIAN_POINT('',(-1.1E-1,3.7E-1,6.3E-1));
#5787=CARTESIAN_POINT('',(1.1E-1,3.7E-1,6.3E-1));
#5788=VERTEX_POINT('',#5786);
#5789=VERTEX_POINT('',#5787);
#5790=CARTESIAN_POINT('',(-1.1E-1,3.7E-1,-6.3E-1));
#5791=CARTESIAN_POINT('',(1.1E-1,3.7E-1,-6.3E-1));
#5792=VERTEX_POINT('',#5790);
#5793=VERTEX_POINT('',#5791);
#5794=CARTESIAN_POINT('',(-1.1E-1,3.5E-1,5.85E-1));
#5795=VERTEX_POINT('',#5794);
#5796=CARTESIAN_POINT('',(1.1E-1,3.5E-1,5.85E-1));
#5797=VERTEX_POINT('',#5796);
#5798=CARTESIAN_POINT('',(-1.1E-1,2.8E-1,5.85E-1));
#5799=VERTEX_POINT('',#5798);
#5800=CARTESIAN_POINT('',(1.1E-1,2.8E-1,5.85E-1));
#5801=VERTEX_POINT('',#5800);
#5802=CARTESIAN_POINT('',(-1.1E-1,2.8E-1,5.9E-1));
#5803=VERTEX_POINT('',#5802);
#5804=CARTESIAN_POINT('',(1.1E-1,2.8E-1,5.9E-1));
#5805=VERTEX_POINT('',#5804);
#5806=CARTESIAN_POINT('',(-1.1E-1,2.712249899920E-1,6.15E-1));
#5807=VERTEX_POINT('',#5806);
#5808=CARTESIAN_POINT('',(1.1E-1,2.712249899920E-1,6.15E-1));
#5809=VERTEX_POINT('',#5808);
#5810=CARTESIAN_POINT('',(-1.1E-1,2.712249899920E-1,-6.15E-1));
#5811=CARTESIAN_POINT('',(-1.1E-1,2.8E-1,-5.9E-1));
#5812=VERTEX_POINT('',#5810);
#5813=VERTEX_POINT('',#5811);
#5814=CARTESIAN_POINT('',(1.1E-1,2.712249899920E-1,-6.15E-1));
#5815=CARTESIAN_POINT('',(1.1E-1,2.8E-1,-5.9E-1));
#5816=VERTEX_POINT('',#5814);
#5817=VERTEX_POINT('',#5815);
#5818=CARTESIAN_POINT('',(-1.1E-1,2.8E-1,-5.85E-1));
#5819=VERTEX_POINT('',#5818);
#5820=CARTESIAN_POINT('',(1.1E-1,2.8E-1,-5.85E-1));
#5821=VERTEX_POINT('',#5820);
#5822=CARTESIAN_POINT('',(-1.1E-1,3.5E-1,-5.85E-1));
#5823=VERTEX_POINT('',#5822);
#5824=CARTESIAN_POINT('',(1.1E-1,3.5E-1,-5.85E-1));
#5825=VERTEX_POINT('',#5824);
#5826=CARTESIAN_POINT('',(-1.1E-1,1.4E-1,6.15E-1));
#5827=VERTEX_POINT('',#5826);
#5828=CARTESIAN_POINT('',(-1.1E-1,1.4E-1,-6.15E-1));
#5829=VERTEX_POINT('',#5828);
#5830=CARTESIAN_POINT('',(1.1E-1,1.4E-1,6.15E-1));
#5831=VERTEX_POINT('',#5830);
#5832=CARTESIAN_POINT('',(1.1E-1,1.4E-1,-6.15E-1));
#5833=VERTEX_POINT('',#5832);
#5834=CARTESIAN_POINT('',(2.4E-1,3.55E-1,6.3E-1));
#5835=CARTESIAN_POINT('',(2.4E-1,3.4E-1,6.15E-1));
#5836=VERTEX_POINT('',#5834);
#5837=VERTEX_POINT('',#5835);
#5838=CARTESIAN_POINT('',(2.4E-1,3.4E-1,-6.15E-1));
#5839=CARTESIAN_POINT('',(2.4E-1,3.55E-1,-6.3E-1));
#5840=VERTEX_POINT('',#5838);
#5841=VERTEX_POINT('',#5839);
#5842=CARTESIAN_POINT('',(4.6E-1,3.55E-1,6.3E-1));
#5843=CARTESIAN_POINT('',(4.6E-1,3.4E-1,6.15E-1));
#5844=VERTEX_POINT('',#5842);
#5845=VERTEX_POINT('',#5843);
#5846=CARTESIAN_POINT('',(4.6E-1,3.4E-1,-6.15E-1));
#5847=CARTESIAN_POINT('',(4.6E-1,3.55E-1,-6.3E-1));
#5848=VERTEX_POINT('',#5846);
#5849=VERTEX_POINT('',#5847);
#5850=CARTESIAN_POINT('',(2.4E-1,3.7E-1,6.3E-1));
#5851=CARTESIAN_POINT('',(4.6E-1,3.7E-1,6.3E-1));
#5852=VERTEX_POINT('',#5850);
#5853=VERTEX_POINT('',#5851);
#5854=CARTESIAN_POINT('',(2.4E-1,3.7E-1,-6.3E-1));
#5855=CARTESIAN_POINT('',(4.6E-1,3.7E-1,-6.3E-1));
#5856=VERTEX_POINT('',#5854);
#5857=VERTEX_POINT('',#5855);
#5858=CARTESIAN_POINT('',(2.4E-1,3.5E-1,5.85E-1));
#5859=VERTEX_POINT('',#5858);
#5860=CARTESIAN_POINT('',(4.6E-1,3.5E-1,5.85E-1));
#5861=VERTEX_POINT('',#5860);
#5862=CARTESIAN_POINT('',(2.4E-1,2.8E-1,5.85E-1));
#5863=VERTEX_POINT('',#5862);
#5864=CARTESIAN_POINT('',(4.6E-1,2.8E-1,5.85E-1));
#5865=VERTEX_POINT('',#5864);
#5866=CARTESIAN_POINT('',(2.4E-1,2.8E-1,5.9E-1));
#5867=VERTEX_POINT('',#5866);
#5868=CARTESIAN_POINT('',(4.6E-1,2.8E-1,5.9E-1));
#5869=VERTEX_POINT('',#5868);
#5870=CARTESIAN_POINT('',(2.4E-1,2.712249899920E-1,6.15E-1));
#5871=VERTEX_POINT('',#5870);
#5872=CARTESIAN_POINT('',(4.6E-1,2.712249899920E-1,6.15E-1));
#5873=VERTEX_POINT('',#5872);
#5874=CARTESIAN_POINT('',(2.4E-1,2.712249899920E-1,-6.15E-1));
#5875=CARTESIAN_POINT('',(2.4E-1,2.8E-1,-5.9E-1));
#5876=VERTEX_POINT('',#5874);
#5877=VERTEX_POINT('',#5875);
#5878=CARTESIAN_POINT('',(4.6E-1,2.712249899920E-1,-6.15E-1));
#5879=CARTESIAN_POINT('',(4.6E-1,2.8E-1,-5.9E-1));
#5880=VERTEX_POINT('',#5878);
#5881=VERTEX_POINT('',#5879);
#5882=CARTESIAN_POINT('',(2.4E-1,2.8E-1,-5.85E-1));
#5883=VERTEX_POINT('',#5882);
#5884=CARTESIAN_POINT('',(4.6E-1,2.8E-1,-5.85E-1));
#5885=VERTEX_POINT('',#5884);
#5886=CARTESIAN_POINT('',(2.4E-1,3.5E-1,-5.85E-1));
#5887=VERTEX_POINT('',#5886);
#5888=CARTESIAN_POINT('',(4.6E-1,3.5E-1,-5.85E-1));
#5889=VERTEX_POINT('',#5888);
#5890=CARTESIAN_POINT('',(2.4E-1,1.4E-1,6.15E-1));
#5891=VERTEX_POINT('',#5890);
#5892=CARTESIAN_POINT('',(2.4E-1,1.4E-1,-6.15E-1));
#5893=VERTEX_POINT('',#5892);
#5894=CARTESIAN_POINT('',(4.6E-1,1.4E-1,6.15E-1));
#5895=VERTEX_POINT('',#5894);
#5896=CARTESIAN_POINT('',(4.6E-1,1.4E-1,-6.15E-1));
#5897=VERTEX_POINT('',#5896);
#5898=CARTESIAN_POINT('',(-5.E-2,6.E-2,7.8E-1));
#5899=CARTESIAN_POINT('',(-5.E-2,4.E-2,8.E-1));
#5900=VERTEX_POINT('',#5898);
#5901=VERTEX_POINT('',#5899);
#5902=CARTESIAN_POINT('',(-5.E-2,4.E-2,1.E0));
#5903=VERTEX_POINT('',#5902);
#5904=CARTESIAN_POINT('',(-5.E-2,-2.E-2,1.E0));
#5905=VERTEX_POINT('',#5904);
#5906=CARTESIAN_POINT('',(-5.E-2,-2.E-2,8.E-1));
#5907=VERTEX_POINT('',#5906);
#5908=CARTESIAN_POINT('',(-5.E-2,0.E0,7.8E-1));
#5909=VERTEX_POINT('',#5908);
#5910=CARTESIAN_POINT('',(-5.E-2,0.E0,-7.8E-1));
#5911=CARTESIAN_POINT('',(-5.E-2,-2.E-2,-8.E-1));
#5912=VERTEX_POINT('',#5910);
#5913=VERTEX_POINT('',#5911);
#5914=CARTESIAN_POINT('',(-5.E-2,-2.E-2,-1.E0));
#5915=VERTEX_POINT('',#5914);
#5916=CARTESIAN_POINT('',(-5.E-2,4.E-2,-1.E0));
#5917=VERTEX_POINT('',#5916);
#5918=CARTESIAN_POINT('',(-5.E-2,4.E-2,-8.E-1));
#5919=VERTEX_POINT('',#5918);
#5920=CARTESIAN_POINT('',(-5.E-2,6.E-2,-7.8E-1));
#5921=VERTEX_POINT('',#5920);
#5922=CARTESIAN_POINT('',(5.E-2,6.E-2,7.8E-1));
#5923=CARTESIAN_POINT('',(5.E-2,4.E-2,8.E-1));
#5924=VERTEX_POINT('',#5922);
#5925=VERTEX_POINT('',#5923);
#5926=CARTESIAN_POINT('',(5.E-2,4.E-2,1.E0));
#5927=VERTEX_POINT('',#5926);
#5928=CARTESIAN_POINT('',(5.E-2,-2.E-2,1.E0));
#5929=VERTEX_POINT('',#5928);
#5930=CARTESIAN_POINT('',(5.E-2,-2.E-2,8.E-1));
#5931=VERTEX_POINT('',#5930);
#5932=CARTESIAN_POINT('',(5.E-2,0.E0,7.8E-1));
#5933=VERTEX_POINT('',#5932);
#5934=CARTESIAN_POINT('',(5.E-2,0.E0,-7.8E-1));
#5935=CARTESIAN_POINT('',(5.E-2,-2.E-2,-8.E-1));
#5936=VERTEX_POINT('',#5934);
#5937=VERTEX_POINT('',#5935);
#5938=CARTESIAN_POINT('',(5.E-2,-2.E-2,-1.E0));
#5939=VERTEX_POINT('',#5938);
#5940=CARTESIAN_POINT('',(5.E-2,4.E-2,-1.E0));
#5941=VERTEX_POINT('',#5940);
#5942=CARTESIAN_POINT('',(5.E-2,4.E-2,-8.E-1));
#5943=VERTEX_POINT('',#5942);
#5944=CARTESIAN_POINT('',(5.E-2,6.E-2,-7.8E-1));
#5945=VERTEX_POINT('',#5944);
#5946=CARTESIAN_POINT('',(-5.E-2,6.E-2,6.3E-1));
#5947=VERTEX_POINT('',#5946);
#5948=CARTESIAN_POINT('',(-5.E-2,0.E0,6.3E-1));
#5949=VERTEX_POINT('',#5948);
#5950=CARTESIAN_POINT('',(-5.E-2,0.E0,-6.3E-1));
#5951=VERTEX_POINT('',#5950);
#5952=CARTESIAN_POINT('',(-5.E-2,6.E-2,-6.3E-1));
#5953=VERTEX_POINT('',#5952);
#5954=CARTESIAN_POINT('',(5.E-2,6.E-2,6.3E-1));
#5955=VERTEX_POINT('',#5954);
#5956=CARTESIAN_POINT('',(5.E-2,0.E0,6.3E-1));
#5957=VERTEX_POINT('',#5956);
#5958=CARTESIAN_POINT('',(5.E-2,0.E0,-6.3E-1));
#5959=VERTEX_POINT('',#5958);
#5960=CARTESIAN_POINT('',(5.E-2,6.E-2,-6.3E-1));
#5961=VERTEX_POINT('',#5960);
#5962=CARTESIAN_POINT('',(3.E-1,6.E-2,7.8E-1));
#5963=CARTESIAN_POINT('',(3.E-1,4.E-2,8.E-1));
#5964=VERTEX_POINT('',#5962);
#5965=VERTEX_POINT('',#5963);
#5966=CARTESIAN_POINT('',(3.E-1,4.E-2,1.E0));
#5967=VERTEX_POINT('',#5966);
#5968=CARTESIAN_POINT('',(3.E-1,-2.E-2,1.E0));
#5969=VERTEX_POINT('',#5968);
#5970=CARTESIAN_POINT('',(3.E-1,-2.E-2,8.E-1));
#5971=VERTEX_POINT('',#5970);
#5972=CARTESIAN_POINT('',(3.E-1,0.E0,7.8E-1));
#5973=VERTEX_POINT('',#5972);
#5974=CARTESIAN_POINT('',(3.E-1,0.E0,-7.8E-1));
#5975=CARTESIAN_POINT('',(3.E-1,-2.E-2,-8.E-1));
#5976=VERTEX_POINT('',#5974);
#5977=VERTEX_POINT('',#5975);
#5978=CARTESIAN_POINT('',(3.E-1,-2.E-2,-1.E0));
#5979=VERTEX_POINT('',#5978);
#5980=CARTESIAN_POINT('',(3.E-1,4.E-2,-1.E0));
#5981=VERTEX_POINT('',#5980);
#5982=CARTESIAN_POINT('',(3.E-1,4.E-2,-8.E-1));
#5983=VERTEX_POINT('',#5982);
#5984=CARTESIAN_POINT('',(3.E-1,6.E-2,-7.8E-1));
#5985=VERTEX_POINT('',#5984);
#5986=CARTESIAN_POINT('',(4.E-1,6.E-2,7.8E-1));
#5987=CARTESIAN_POINT('',(4.E-1,4.E-2,8.E-1));
#5988=VERTEX_POINT('',#5986);
#5989=VERTEX_POINT('',#5987);
#5990=CARTESIAN_POINT('',(4.E-1,4.E-2,1.E0));
#5991=VERTEX_POINT('',#5990);
#5992=CARTESIAN_POINT('',(4.E-1,-2.E-2,1.E0));
#5993=VERTEX_POINT('',#5992);
#5994=CARTESIAN_POINT('',(4.E-1,-2.E-2,8.E-1));
#5995=VERTEX_POINT('',#5994);
#5996=CARTESIAN_POINT('',(4.E-1,0.E0,7.8E-1));
#5997=VERTEX_POINT('',#5996);
#5998=CARTESIAN_POINT('',(4.E-1,0.E0,-7.8E-1));
#5999=CARTESIAN_POINT('',(4.E-1,-2.E-2,-8.E-1));
#6000=VERTEX_POINT('',#5998);
#6001=VERTEX_POINT('',#5999);
#6002=CARTESIAN_POINT('',(4.E-1,-2.E-2,-1.E0));
#6003=VERTEX_POINT('',#6002);
#6004=CARTESIAN_POINT('',(4.E-1,4.E-2,-1.E0));
#6005=VERTEX_POINT('',#6004);
#6006=CARTESIAN_POINT('',(4.E-1,4.E-2,-8.E-1));
#6007=VERTEX_POINT('',#6006);
#6008=CARTESIAN_POINT('',(4.E-1,6.E-2,-7.8E-1));
#6009=VERTEX_POINT('',#6008);
#6010=CARTESIAN_POINT('',(3.E-1,6.E-2,6.3E-1));
#6011=VERTEX_POINT('',#6010);
#6012=CARTESIAN_POINT('',(3.E-1,0.E0,6.3E-1));
#6013=VERTEX_POINT('',#6012);
#6014=CARTESIAN_POINT('',(3.E-1,0.E0,-6.3E-1));
#6015=VERTEX_POINT('',#6014);
#6016=CARTESIAN_POINT('',(3.E-1,6.E-2,-6.3E-1));
#6017=VERTEX_POINT('',#6016);
#6018=CARTESIAN_POINT('',(4.E-1,6.E-2,6.3E-1));
#6019=VERTEX_POINT('',#6018);
#6020=CARTESIAN_POINT('',(4.E-1,0.E0,6.3E-1));
#6021=VERTEX_POINT('',#6020);
#6022=CARTESIAN_POINT('',(4.E-1,0.E0,-6.3E-1));
#6023=VERTEX_POINT('',#6022);
#6024=CARTESIAN_POINT('',(4.E-1,6.E-2,-6.3E-1));
#6025=VERTEX_POINT('',#6024);
#6026=CARTESIAN_POINT('',(-2.2E-1,4.6E-1,-4.2E-1));
#6027=CARTESIAN_POINT('',(-2.2E-1,4.3E-1,-3.5E-1));
#6028=VERTEX_POINT('',#6026);
#6029=VERTEX_POINT('',#6027);
#6030=CARTESIAN_POINT('',(-2.2E-1,4.3E-1,3.5E-1));
#6031=CARTESIAN_POINT('',(-2.2E-1,4.6E-1,4.2E-1));
#6032=VERTEX_POINT('',#6030);
#6033=VERTEX_POINT('',#6031);
#6034=CARTESIAN_POINT('',(-1.3E-1,4.6E-1,-4.2E-1));
#6035=CARTESIAN_POINT('',(-1.3E-1,4.3E-1,-3.5E-1));
#6036=VERTEX_POINT('',#6034);
#6037=VERTEX_POINT('',#6035);
#6038=CARTESIAN_POINT('',(-1.3E-1,4.3E-1,3.5E-1));
#6039=CARTESIAN_POINT('',(-1.3E-1,4.6E-1,4.2E-1));
#6040=VERTEX_POINT('',#6038);
#6041=VERTEX_POINT('',#6039);
#6042=CARTESIAN_POINT('',(-2.2E-1,4.6E-1,-4.4E-1));
#6043=CARTESIAN_POINT('',(-2.2E-1,3.7E-1,-3.5E-1));
#6044=VERTEX_POINT('',#6042);
#6045=VERTEX_POINT('',#6043);
#6046=CARTESIAN_POINT('',(-1.3E-1,4.6E-1,-4.4E-1));
#6047=CARTESIAN_POINT('',(-1.3E-1,3.7E-1,-3.5E-1));
#6048=VERTEX_POINT('',#6046);
#6049=VERTEX_POINT('',#6047);
#6050=CARTESIAN_POINT('',(-2.2E-1,3.7E-1,3.5E-1));
#6051=CARTESIAN_POINT('',(-2.2E-1,4.6E-1,4.4E-1));
#6052=VERTEX_POINT('',#6050);
#6053=VERTEX_POINT('',#6051);
#6054=CARTESIAN_POINT('',(-1.3E-1,3.7E-1,3.5E-1));
#6055=CARTESIAN_POINT('',(-1.3E-1,4.6E-1,4.4E-1));
#6056=VERTEX_POINT('',#6054);
#6057=VERTEX_POINT('',#6055);
#6058=CARTESIAN_POINT('',(1.3E-1,4.6E-1,-4.2E-1));
#6059=CARTESIAN_POINT('',(1.3E-1,4.3E-1,-3.5E-1));
#6060=VERTEX_POINT('',#6058);
#6061=VERTEX_POINT('',#6059);
#6062=CARTESIAN_POINT('',(1.3E-1,4.3E-1,3.5E-1));
#6063=CARTESIAN_POINT('',(1.3E-1,4.6E-1,4.2E-1));
#6064=VERTEX_POINT('',#6062);
#6065=VERTEX_POINT('',#6063);
#6066=CARTESIAN_POINT('',(2.2E-1,4.6E-1,-4.2E-1));
#6067=CARTESIAN_POINT('',(2.2E-1,4.3E-1,-3.5E-1));
#6068=VERTEX_POINT('',#6066);
#6069=VERTEX_POINT('',#6067);
#6070=CARTESIAN_POINT('',(2.2E-1,4.3E-1,3.5E-1));
#6071=CARTESIAN_POINT('',(2.2E-1,4.6E-1,4.2E-1));
#6072=VERTEX_POINT('',#6070);
#6073=VERTEX_POINT('',#6071);
#6074=CARTESIAN_POINT('',(1.3E-1,4.6E-1,-4.4E-1));
#6075=CARTESIAN_POINT('',(1.3E-1,3.7E-1,-3.5E-1));
#6076=VERTEX_POINT('',#6074);
#6077=VERTEX_POINT('',#6075);
#6078=CARTESIAN_POINT('',(2.2E-1,4.6E-1,-4.4E-1));
#6079=CARTESIAN_POINT('',(2.2E-1,3.7E-1,-3.5E-1));
#6080=VERTEX_POINT('',#6078);
#6081=VERTEX_POINT('',#6079);
#6082=CARTESIAN_POINT('',(1.3E-1,3.7E-1,3.5E-1));
#6083=CARTESIAN_POINT('',(1.3E-1,4.6E-1,4.4E-1));
#6084=VERTEX_POINT('',#6082);
#6085=VERTEX_POINT('',#6083);
#6086=CARTESIAN_POINT('',(2.2E-1,3.7E-1,3.5E-1));
#6087=CARTESIAN_POINT('',(2.2E-1,4.6E-1,4.4E-1));
#6088=VERTEX_POINT('',#6086);
#6089=VERTEX_POINT('',#6087);
#6090=CARTESIAN_POINT('',(4.8E-1,4.6E-1,-4.2E-1));
#6091=CARTESIAN_POINT('',(4.8E-1,4.3E-1,-3.5E-1));
#6092=VERTEX_POINT('',#6090);
#6093=VERTEX_POINT('',#6091);
#6094=CARTESIAN_POINT('',(4.8E-1,4.3E-1,3.5E-1));
#6095=CARTESIAN_POINT('',(4.8E-1,4.6E-1,4.2E-1));
#6096=VERTEX_POINT('',#6094);
#6097=VERTEX_POINT('',#6095);
#6098=CARTESIAN_POINT('',(5.7E-1,4.6E-1,-4.2E-1));
#6099=CARTESIAN_POINT('',(5.7E-1,4.3E-1,-3.5E-1));
#6100=VERTEX_POINT('',#6098);
#6101=VERTEX_POINT('',#6099);
#6102=CARTESIAN_POINT('',(5.7E-1,4.3E-1,3.5E-1));
#6103=CARTESIAN_POINT('',(5.7E-1,4.6E-1,4.2E-1));
#6104=VERTEX_POINT('',#6102);
#6105=VERTEX_POINT('',#6103);
#6106=CARTESIAN_POINT('',(4.8E-1,4.6E-1,-4.4E-1));
#6107=CARTESIAN_POINT('',(4.8E-1,3.7E-1,-3.5E-1));
#6108=VERTEX_POINT('',#6106);
#6109=VERTEX_POINT('',#6107);
#6110=CARTESIAN_POINT('',(5.7E-1,4.6E-1,-4.4E-1));
#6111=CARTESIAN_POINT('',(5.7E-1,3.7E-1,-3.5E-1));
#6112=VERTEX_POINT('',#6110);
#6113=VERTEX_POINT('',#6111);
#6114=CARTESIAN_POINT('',(4.8E-1,3.7E-1,3.5E-1));
#6115=CARTESIAN_POINT('',(4.8E-1,4.6E-1,4.4E-1));
#6116=VERTEX_POINT('',#6114);
#6117=VERTEX_POINT('',#6115);
#6118=CARTESIAN_POINT('',(5.7E-1,3.7E-1,3.5E-1));
#6119=CARTESIAN_POINT('',(5.7E-1,4.6E-1,4.4E-1));
#6120=VERTEX_POINT('',#6118);
#6121=VERTEX_POINT('',#6119);
#6122=CARTESIAN_POINT('',(-6.1E-1,3.6E-1,-4.5E-1));
#6123=VERTEX_POINT('',#6122);
#6124=CARTESIAN_POINT('',(1.1E0,2.E-1,9.E-2));
#6125=CARTESIAN_POINT('',(1.1E0,7.E-2,9.E-2));
#6126=VERTEX_POINT('',#6124);
#6127=VERTEX_POINT('',#6125);
#6128=CARTESIAN_POINT('',(1.1E0,7.E-2,-9.E-2));
#6129=VERTEX_POINT('',#6128);
#6130=CARTESIAN_POINT('',(1.1E0,2.E-1,-9.E-2));
#6131=VERTEX_POINT('',#6130);
#6132=CARTESIAN_POINT('',(-1.1E0,2.E-1,9.E-2));
#6133=VERTEX_POINT('',#6132);
#6134=CARTESIAN_POINT('',(-1.1E0,7.E-2,9.E-2));
#6135=VERTEX_POINT('',#6134);
#6136=CARTESIAN_POINT('',(-1.1E0,7.E-2,-9.E-2));
#6137=VERTEX_POINT('',#6136);
#6138=CARTESIAN_POINT('',(-1.1E0,2.E-1,-9.E-2));
#6139=VERTEX_POINT('',#6138);
#6140=CARTESIAN_POINT('',(6.1E-1,3.6E-1,-4.5E-1));
#6141=VERTEX_POINT('',#6140);
#6142=VERTEX_POINT('',#2416);
#6143=CARTESIAN_POINT('',(6.1E-1,3.6E-1,4.5E-1));
#6144=VERTEX_POINT('',#6143);
#6145=CARTESIAN_POINT('',(-1.18E0,0.E0,0.E0));
#6146=DIRECTION('',(1.E0,0.E0,0.E0));
#6147=DIRECTION('',(0.E0,0.E0,-1.E0));
#6148=AXIS2_PLACEMENT_3D('',#6145,#6146,#6147);
#6149=PLANE('',#6148);
#6151=ORIENTED_EDGE('',*,*,#6150,.F.);
#6153=ORIENTED_EDGE('',*,*,#6152,.F.);
#6155=ORIENTED_EDGE('',*,*,#6154,.F.);
#6157=ORIENTED_EDGE('',*,*,#6156,.T.);
#6159=ORIENTED_EDGE('',*,*,#6158,.F.);
#6161=ORIENTED_EDGE('',*,*,#6160,.T.);
#6162=EDGE_LOOP('',(#6151,#6153,#6155,#6157,#6159,#6161));
#6163=FACE_OUTER_BOUND('',#6162,.F.);
#6164=ADVANCED_FACE('',(#6163),#6149,.F.);
#6165=CARTESIAN_POINT('',(-1.18E0,0.E0,0.E0));
#6166=DIRECTION('',(1.E0,0.E0,0.E0));
#6167=DIRECTION('',(0.E0,0.E0,-1.E0));
#6168=AXIS2_PLACEMENT_3D('',#6165,#6166,#6167);
#6169=PLANE('',#6168);
#6171=ORIENTED_EDGE('',*,*,#6170,.F.);
#6173=ORIENTED_EDGE('',*,*,#6172,.T.);
#6175=ORIENTED_EDGE('',*,*,#6174,.T.);
#6177=ORIENTED_EDGE('',*,*,#6176,.T.);
#6179=ORIENTED_EDGE('',*,*,#6178,.T.);
#6181=ORIENTED_EDGE('',*,*,#6180,.F.);
#6182=EDGE_LOOP('',(#6171,#6173,#6175,#6177,#6179,#6181));
#6183=FACE_OUTER_BOUND('',#6182,.F.);
#6184=ADVANCED_FACE('',(#6183),#6169,.F.);
#6185=CARTESIAN_POINT('',(-1.13E0,1.085728E0,-4.9E-1));
#6186=DIRECTION('',(0.E0,-1.E0,0.E0));
#6187=DIRECTION('',(-1.E0,0.E0,0.E0));
#6188=AXIS2_PLACEMENT_3D('',#6185,#6186,#6187);
#6189=CYLINDRICAL_SURFACE('',#6188,5.E-2);
#6191=ORIENTED_EDGE('',*,*,#6190,.T.);
#6193=ORIENTED_EDGE('',*,*,#6192,.F.);
#6195=ORIENTED_EDGE('',*,*,#6194,.T.);
#6196=ORIENTED_EDGE('',*,*,#6150,.T.);
#6197=EDGE_LOOP('',(#6191,#6193,#6195,#6196));
#6198=FACE_OUTER_BOUND('',#6197,.F.);
#6199=ADVANCED_FACE('',(#6198),#6189,.T.);
#6200=CARTESIAN_POINT('',(-1.18E0,0.E0,6.3E-1));
#6201=DIRECTION('',(0.E0,-1.E0,0.E0));
#6202=DIRECTION('',(0.E0,0.E0,-1.E0));
#6203=AXIS2_PLACEMENT_3D('',#6200,#6201,#6202);
#6204=PLANE('',#6203);
#6206=ORIENTED_EDGE('',*,*,#6205,.F.);
#6208=ORIENTED_EDGE('',*,*,#6207,.T.);
#6210=ORIENTED_EDGE('',*,*,#6209,.T.);
#6212=ORIENTED_EDGE('',*,*,#6211,.T.);
#6214=ORIENTED_EDGE('',*,*,#6213,.T.);
#6216=ORIENTED_EDGE('',*,*,#6215,.T.);
#6218=ORIENTED_EDGE('',*,*,#6217,.F.);
#6220=ORIENTED_EDGE('',*,*,#6219,.T.);
#6222=ORIENTED_EDGE('',*,*,#6221,.F.);
#6224=ORIENTED_EDGE('',*,*,#6223,.T.);
#6226=ORIENTED_EDGE('',*,*,#6225,.F.);
#6228=ORIENTED_EDGE('',*,*,#6227,.F.);
#6230=ORIENTED_EDGE('',*,*,#6229,.T.);
#6232=ORIENTED_EDGE('',*,*,#6231,.F.);
#6234=ORIENTED_EDGE('',*,*,#6233,.F.);
#6236=ORIENTED_EDGE('',*,*,#6235,.F.);
#6238=ORIENTED_EDGE('',*,*,#6237,.T.);
#6240=ORIENTED_EDGE('',*,*,#6239,.F.);
#6242=ORIENTED_EDGE('',*,*,#6241,.F.);
#6244=ORIENTED_EDGE('',*,*,#6243,.F.);
#6246=ORIENTED_EDGE('',*,*,#6245,.T.);
#6248=ORIENTED_EDGE('',*,*,#6247,.F.);
#6250=ORIENTED_EDGE('',*,*,#6249,.F.);
#6252=ORIENTED_EDGE('',*,*,#6251,.F.);
#6254=ORIENTED_EDGE('',*,*,#6253,.F.);
#6256=ORIENTED_EDGE('',*,*,#6255,.F.);
#6257=ORIENTED_EDGE('',*,*,#6190,.F.);
#6258=ORIENTED_EDGE('',*,*,#6160,.F.);
#6260=ORIENTED_EDGE('',*,*,#6259,.T.);
#6262=ORIENTED_EDGE('',*,*,#6261,.T.);
#6264=ORIENTED_EDGE('',*,*,#6263,.T.);
#6266=ORIENTED_EDGE('',*,*,#6265,.T.);
#6268=ORIENTED_EDGE('',*,*,#6267,.F.);
#6269=ORIENTED_EDGE('',*,*,#6172,.F.);
#6271=ORIENTED_EDGE('',*,*,#6270,.F.);
#6273=ORIENTED_EDGE('',*,*,#6272,.T.);
#6275=ORIENTED_EDGE('',*,*,#6274,.F.);
#6277=ORIENTED_EDGE('',*,*,#6276,.T.);
#6279=ORIENTED_EDGE('',*,*,#6278,.F.);
#6281=ORIENTED_EDGE('',*,*,#6280,.T.);
#6283=ORIENTED_EDGE('',*,*,#6282,.T.);
#6285=ORIENTED_EDGE('',*,*,#6284,.T.);
#6287=ORIENTED_EDGE('',*,*,#6286,.F.);
#6289=ORIENTED_EDGE('',*,*,#6288,.T.);
#6291=ORIENTED_EDGE('',*,*,#6290,.T.);
#6293=ORIENTED_EDGE('',*,*,#6292,.T.);
#6295=ORIENTED_EDGE('',*,*,#6294,.F.);
#6297=ORIENTED_EDGE('',*,*,#6296,.T.);
#6299=ORIENTED_EDGE('',*,*,#6298,.T.);
#6301=ORIENTED_EDGE('',*,*,#6300,.T.);
#6303=ORIENTED_EDGE('',*,*,#6302,.F.);
#6305=ORIENTED_EDGE('',*,*,#6304,.F.);
#6306=EDGE_LOOP('',(#6206,#6208,#6210,#6212,#6214,#6216,#6218,#6220,#6222,#6224,
#6226,#6228,#6230,#6232,#6234,#6236,#6238,#6240,#6242,#6244,#6246,#6248,#6250,
#6252,#6254,#6256,#6257,#6258,#6260,#6262,#6264,#6266,#6268,#6269,#6271,#6273,
#6275,#6277,#6279,#6281,#6283,#6285,#6287,#6289,#6291,#6293,#6295,#6297,#6299,
#6301,#6303,#6305));
#6307=FACE_OUTER_BOUND('',#6306,.F.);
#6308=ADVANCED_FACE('',(#6307),#6204,.T.);
#6309=CARTESIAN_POINT('',(1.13E0,1.085728E0,4.9E-1));
#6310=DIRECTION('',(0.E0,-1.E0,0.E0));
#6311=DIRECTION('',(1.E0,0.E0,0.E0));
#6312=AXIS2_PLACEMENT_3D('',#6309,#6310,#6311);
#6313=CYLINDRICAL_SURFACE('',#6312,5.E-2);
#6314=ORIENTED_EDGE('',*,*,#6205,.T.);
#6316=ORIENTED_EDGE('',*,*,#6315,.F.);
#6318=ORIENTED_EDGE('',*,*,#6317,.T.);
#6320=ORIENTED_EDGE('',*,*,#6319,.T.);
#6321=EDGE_LOOP('',(#6314,#6316,#6318,#6320));
#6322=FACE_OUTER_BOUND('',#6321,.F.);
#6323=ADVANCED_FACE('',(#6322),#6313,.T.);
#6324=CARTESIAN_POINT('',(1.18E0,4.6E-1,5.4E-1));
#6325=DIRECTION('',(0.E0,0.E0,-1.E0));
#6326=DIRECTION('',(-1.E0,0.E0,0.E0));
#6327=AXIS2_PLACEMENT_3D('',#6324,#6325,#6326);
#6328=PLANE('',#6327);
#6330=ORIENTED_EDGE('',*,*,#6329,.F.);
#6332=ORIENTED_EDGE('',*,*,#6331,.F.);
#6334=ORIENTED_EDGE('',*,*,#6333,.F.);
#6335=ORIENTED_EDGE('',*,*,#6315,.T.);
#6336=ORIENTED_EDGE('',*,*,#6304,.T.);
#6338=ORIENTED_EDGE('',*,*,#6337,.F.);
#6340=ORIENTED_EDGE('',*,*,#6339,.T.);
#6341=EDGE_LOOP('',(#6330,#6332,#6334,#6335,#6336,#6338,#6340));
#6342=FACE_OUTER_BOUND('',#6341,.F.);
#6343=ADVANCED_FACE('',(#6342),#6328,.F.);
#6344=CARTESIAN_POINT('',(0.E0,3.8E-1,0.E0));
#6345=DIRECTION('',(0.E0,1.E0,0.E0));
#6346=DIRECTION('',(-1.E0,0.E0,0.E0));
#6347=AXIS2_PLACEMENT_3D('',#6344,#6345,#6346);
#6348=PLANE('',#6347);
#6350=ORIENTED_EDGE('',*,*,#6349,.T.);
#6352=ORIENTED_EDGE('',*,*,#6351,.T.);
#6353=ORIENTED_EDGE('',*,*,#6329,.T.);
#6355=ORIENTED_EDGE('',*,*,#6354,.T.);
#6356=EDGE_LOOP('',(#6350,#6352,#6353,#6355));
#6357=FACE_OUTER_BOUND('',#6356,.F.);
#6358=ADVANCED_FACE('',(#6357),#6348,.F.);
#6359=CARTESIAN_POINT('',(0.E0,3.8E-1,0.E0));
#6360=DIRECTION('',(0.E0,1.E0,0.E0));
#6361=DIRECTION('',(-1.E0,0.E0,0.E0));
#6362=AXIS2_PLACEMENT_3D('',#6359,#6360,#6361);
#6363=PLANE('',#6362);
#6365=ORIENTED_EDGE('',*,*,#6364,.T.);
#6367=ORIENTED_EDGE('',*,*,#6366,.T.);
#6369=ORIENTED_EDGE('',*,*,#6368,.T.);
#6371=ORIENTED_EDGE('',*,*,#6370,.T.);
#6372=EDGE_LOOP('',(#6365,#6367,#6369,#6371));
#6373=FACE_OUTER_BOUND('',#6372,.F.);
#6374=ADVANCED_FACE('',(#6373),#6363,.F.);
#6375=CARTESIAN_POINT('',(0.E0,3.8E-1,0.E0));
#6376=DIRECTION('',(0.E0,1.E0,0.E0));
#6377=DIRECTION('',(-1.E0,0.E0,0.E0));
#6378=AXIS2_PLACEMENT_3D('',#6375,#6376,#6377);
#6379=PLANE('',#6378);
#6381=ORIENTED_EDGE('',*,*,#6380,.F.);
#6383=ORIENTED_EDGE('',*,*,#6382,.T.);
#6385=ORIENTED_EDGE('',*,*,#6384,.F.);
#6387=ORIENTED_EDGE('',*,*,#6386,.T.);
#6388=EDGE_LOOP('',(#6381,#6383,#6385,#6387));
#6389=FACE_OUTER_BOUND('',#6388,.F.);
#6390=ADVANCED_FACE('',(#6389),#6379,.F.);
#6391=CARTESIAN_POINT('',(0.E0,3.8E-1,0.E0));
#6392=DIRECTION('',(0.E0,1.E0,0.E0));
#6393=DIRECTION('',(-1.E0,0.E0,0.E0));
#6394=AXIS2_PLACEMENT_3D('',#6391,#6392,#6393);
#6395=PLANE('',#6394);
#6397=ORIENTED_EDGE('',*,*,#6396,.F.);
#6399=ORIENTED_EDGE('',*,*,#6398,.T.);
#6401=ORIENTED_EDGE('',*,*,#6400,.T.);
#6403=ORIENTED_EDGE('',*,*,#6402,.T.);
#6404=EDGE_LOOP('',(#6397,#6399,#6401,#6403));
#6405=FACE_OUTER_BOUND('',#6404,.F.);
#6406=ADVANCED_FACE('',(#6405),#6395,.F.);
#6407=CARTESIAN_POINT('',(0.E0,3.8E-1,0.E0));
#6408=DIRECTION('',(0.E0,1.E0,0.E0));
#6409=DIRECTION('',(-1.E0,0.E0,0.E0));
#6410=AXIS2_PLACEMENT_3D('',#6407,#6408,#6409);
#6411=PLANE('',#6410);
#6413=ORIENTED_EDGE('',*,*,#6412,.F.);
#6415=ORIENTED_EDGE('',*,*,#6414,.T.);
#6417=ORIENTED_EDGE('',*,*,#6416,.F.);
#6419=ORIENTED_EDGE('',*,*,#6418,.F.);
#6421=ORIENTED_EDGE('',*,*,#6420,.T.);
#6423=ORIENTED_EDGE('',*,*,#6422,.T.);
#6424=EDGE_LOOP('',(#6413,#6415,#6417,#6419,#6421,#6423));
#6425=FACE_OUTER_BOUND('',#6424,.F.);
#6426=ADVANCED_FACE('',(#6425),#6411,.F.);
#6427=CARTESIAN_POINT('',(0.E0,3.8E-1,0.E0));
#6428=DIRECTION('',(0.E0,1.E0,0.E0));
#6429=DIRECTION('',(-1.E0,0.E0,0.E0));
#6430=AXIS2_PLACEMENT_3D('',#6427,#6428,#6429);
#6431=PLANE('',#6430);
#6433=ORIENTED_EDGE('',*,*,#6432,.F.);
#6435=ORIENTED_EDGE('',*,*,#6434,.T.);
#6437=ORIENTED_EDGE('',*,*,#6436,.T.);
#6439=ORIENTED_EDGE('',*,*,#6438,.F.);
#6441=ORIENTED_EDGE('',*,*,#6440,.F.);
#6443=ORIENTED_EDGE('',*,*,#6442,.T.);
#6444=EDGE_LOOP('',(#6433,#6435,#6437,#6439,#6441,#6443));
#6445=FACE_OUTER_BOUND('',#6444,.F.);
#6446=ADVANCED_FACE('',(#6445),#6431,.F.);
#6447=CARTESIAN_POINT('',(0.E0,3.8E-1,0.E0));
#6448=DIRECTION('',(0.E0,1.E0,0.E0));
#6449=DIRECTION('',(-1.E0,0.E0,0.E0));
#6450=AXIS2_PLACEMENT_3D('',#6447,#6448,#6449);
#6451=PLANE('',#6450);
#6453=ORIENTED_EDGE('',*,*,#6452,.F.);
#6455=ORIENTED_EDGE('',*,*,#6454,.T.);
#6457=ORIENTED_EDGE('',*,*,#6456,.F.);
#6459=ORIENTED_EDGE('',*,*,#6458,.F.);
#6461=ORIENTED_EDGE('',*,*,#6460,.T.);
#6463=ORIENTED_EDGE('',*,*,#6462,.T.);
#6464=EDGE_LOOP('',(#6453,#6455,#6457,#6459,#6461,#6463));
#6465=FACE_OUTER_BOUND('',#6464,.F.);
#6466=ADVANCED_FACE('',(#6465),#6451,.F.);
#6467=CARTESIAN_POINT('',(0.E0,3.8E-1,0.E0));
#6468=DIRECTION('',(0.E0,1.E0,0.E0));
#6469=DIRECTION('',(-1.E0,0.E0,0.E0));
#6470=AXIS2_PLACEMENT_3D('',#6467,#6468,#6469);
#6471=PLANE('',#6470);
#6473=ORIENTED_EDGE('',*,*,#6472,.F.);
#6475=ORIENTED_EDGE('',*,*,#6474,.T.);
#6477=ORIENTED_EDGE('',*,*,#6476,.T.);
#6479=ORIENTED_EDGE('',*,*,#6478,.F.);
#6481=ORIENTED_EDGE('',*,*,#6480,.F.);
#6483=ORIENTED_EDGE('',*,*,#6482,.T.);
#6484=EDGE_LOOP('',(#6473,#6475,#6477,#6479,#6481,#6483));
#6485=FACE_OUTER_BOUND('',#6484,.F.);
#6486=ADVANCED_FACE('',(#6485),#6471,.F.);
#6487=CARTESIAN_POINT('',(0.E0,3.8E-1,5.5E-1));
#6488=DIRECTION('',(0.E0,0.E0,1.E0));
#6489=DIRECTION('',(1.E0,0.E0,0.E0));
#6490=AXIS2_PLACEMENT_3D('',#6487,#6488,#6489);
#6491=PLANE('',#6490);
#6493=ORIENTED_EDGE('',*,*,#6492,.F.);
#6495=ORIENTED_EDGE('',*,*,#6494,.T.);
#6497=ORIENTED_EDGE('',*,*,#6496,.T.);
#6499=ORIENTED_EDGE('',*,*,#6498,.T.);
#6500=ORIENTED_EDGE('',*,*,#6364,.F.);
#6502=ORIENTED_EDGE('',*,*,#6501,.T.);
#6504=ORIENTED_EDGE('',*,*,#6503,.T.);
#6506=ORIENTED_EDGE('',*,*,#6505,.T.);
#6507=EDGE_LOOP('',(#6493,#6495,#6497,#6499,#6500,#6502,#6504,#6506));
#6508=FACE_OUTER_BOUND('',#6507,.F.);
#6509=ADVANCED_FACE('',(#6508),#6491,.F.);
#6510=CARTESIAN_POINT('',(0.E0,3.8E-1,5.5E-1));
#6511=DIRECTION('',(0.E0,0.E0,1.E0));
#6512=DIRECTION('',(1.E0,0.E0,0.E0));
#6513=AXIS2_PLACEMENT_3D('',#6510,#6511,#6512);
#6514=PLANE('',#6513);
#6516=ORIENTED_EDGE('',*,*,#6515,.F.);
#6518=ORIENTED_EDGE('',*,*,#6517,.T.);
#6520=ORIENTED_EDGE('',*,*,#6519,.T.);
#6522=ORIENTED_EDGE('',*,*,#6521,.T.);
#6523=ORIENTED_EDGE('',*,*,#6349,.F.);
#6525=ORIENTED_EDGE('',*,*,#6524,.T.);
#6527=ORIENTED_EDGE('',*,*,#6526,.T.);
#6529=ORIENTED_EDGE('',*,*,#6528,.T.);
#6530=EDGE_LOOP('',(#6516,#6518,#6520,#6522,#6523,#6525,#6527,#6529));
#6531=FACE_OUTER_BOUND('',#6530,.F.);
#6532=ADVANCED_FACE('',(#6531),#6514,.F.);
#6533=CARTESIAN_POINT('',(4.256496E0,7.E-2,6.4E-1));
#6534=DIRECTION('',(-1.E0,0.E0,0.E0));
#6535=DIRECTION('',(0.E0,0.E0,-1.E0));
#6536=AXIS2_PLACEMENT_3D('',#6533,#6534,#6535);
#6537=CYLINDRICAL_SURFACE('',#6536,9.E-2);
#6539=ORIENTED_EDGE('',*,*,#6538,.T.);
#6541=ORIENTED_EDGE('',*,*,#6540,.F.);
#6543=ORIENTED_EDGE('',*,*,#6542,.T.);
#6544=ORIENTED_EDGE('',*,*,#6492,.T.);
#6545=EDGE_LOOP('',(#6539,#6541,#6543,#6544));
#6546=FACE_OUTER_BOUND('',#6545,.F.);
#6547=ADVANCED_FACE('',(#6546),#6537,.T.);
#6548=CARTESIAN_POINT('',(-8.E-1,7.E-2,6.1E-1));
#6549=DIRECTION('',(-1.E0,0.E0,0.E0));
#6550=DIRECTION('',(0.E0,-1.E0,0.E0));
#6551=AXIS2_PLACEMENT_3D('',#6548,#6549,#6550);
#6552=PLANE('',#6551);
#6553=ORIENTED_EDGE('',*,*,#6538,.F.);
#6555=ORIENTED_EDGE('',*,*,#6554,.F.);
#6557=ORIENTED_EDGE('',*,*,#6556,.F.);
#6559=ORIENTED_EDGE('',*,*,#6558,.F.);
#6561=ORIENTED_EDGE('',*,*,#6560,.F.);
#6563=ORIENTED_EDGE('',*,*,#6562,.T.);
#6564=EDGE_LOOP('',(#6553,#6555,#6557,#6559,#6561,#6563));
#6565=FACE_OUTER_BOUND('',#6564,.F.);
#6566=ADVANCED_FACE('',(#6565),#6552,.T.);
#6567=CARTESIAN_POINT('',(-8.3E-1,7.E-2,6.1E-1));
#6568=DIRECTION('',(0.E0,0.E0,1.E0));
#6569=DIRECTION('',(1.E0,0.E0,0.E0));
#6570=AXIS2_PLACEMENT_3D('',#6567,#6568,#6569);
#6571=CYLINDRICAL_SURFACE('',#6570,3.E-2);
#6572=ORIENTED_EDGE('',*,*,#6505,.F.);
#6574=ORIENTED_EDGE('',*,*,#6573,.F.);
#6576=ORIENTED_EDGE('',*,*,#6575,.T.);
#6577=ORIENTED_EDGE('',*,*,#6554,.T.);
#6578=EDGE_LOOP('',(#6572,#6574,#6576,#6577));
#6579=FACE_OUTER_BOUND('',#6578,.F.);
#6580=ADVANCED_FACE('',(#6579),#6571,.F.);
#6581=CARTESIAN_POINT('',(-1.05E0,1.E-1,6.1E-1));
#6582=DIRECTION('',(0.E0,-1.E0,0.E0));
#6583=DIRECTION('',(1.E0,0.E0,0.E0));
#6584=AXIS2_PLACEMENT_3D('',#6581,#6582,#6583);
#6585=PLANE('',#6584);
#6587=ORIENTED_EDGE('',*,*,#6586,.T.);
#6588=ORIENTED_EDGE('',*,*,#6573,.T.);
#6589=ORIENTED_EDGE('',*,*,#6503,.F.);
#6591=ORIENTED_EDGE('',*,*,#6590,.F.);
#6592=EDGE_LOOP('',(#6587,#6588,#6589,#6591));
#6593=FACE_OUTER_BOUND('',#6592,.F.);
#6594=ADVANCED_FACE('',(#6593),#6585,.T.);
#6595=CARTESIAN_POINT('',(6.1E-1,3.8E-1,6.1E-1));
#6596=DIRECTION('',(0.E0,0.E0,1.E0));
#6597=DIRECTION('',(1.E0,0.E0,0.E0));
#6598=AXIS2_PLACEMENT_3D('',#6595,#6596,#6597);
#6599=PLANE('',#6598);
#6601=ORIENTED_EDGE('',*,*,#6600,.T.);
#6603=ORIENTED_EDGE('',*,*,#6602,.F.);
#6605=ORIENTED_EDGE('',*,*,#6604,.F.);
#6607=ORIENTED_EDGE('',*,*,#6606,.F.);
#6609=ORIENTED_EDGE('',*,*,#6608,.T.);
#6611=ORIENTED_EDGE('',*,*,#6610,.F.);
#6613=ORIENTED_EDGE('',*,*,#6612,.F.);
#6615=ORIENTED_EDGE('',*,*,#6614,.F.);
#6616=EDGE_LOOP('',(#6601,#6603,#6605,#6607,#6609,#6611,#6613,#6615));
#6617=FACE_OUTER_BOUND('',#6616,.F.);
#6618=ADVANCED_FACE('',(#6617),#6599,.T.);
#6619=CARTESIAN_POINT('',(6.1E-1,3.8E-1,6.1E-1));
#6620=DIRECTION('',(0.E0,0.E0,1.E0));
#6621=DIRECTION('',(1.E0,0.E0,0.E0));
#6622=AXIS2_PLACEMENT_3D('',#6619,#6620,#6621);
#6623=PLANE('',#6622);
#6625=ORIENTED_EDGE('',*,*,#6624,.T.);
#6627=ORIENTED_EDGE('',*,*,#6626,.F.);
#6629=ORIENTED_EDGE('',*,*,#6628,.F.);
#6631=ORIENTED_EDGE('',*,*,#6630,.F.);
#6633=ORIENTED_EDGE('',*,*,#6632,.T.);
#6634=ORIENTED_EDGE('',*,*,#6575,.F.);
#6635=ORIENTED_EDGE('',*,*,#6586,.F.);
#6637=ORIENTED_EDGE('',*,*,#6636,.F.);
#6638=EDGE_LOOP('',(#6625,#6627,#6629,#6631,#6633,#6634,#6635,#6637));
#6639=FACE_OUTER_BOUND('',#6638,.F.);
#6640=ADVANCED_FACE('',(#6639),#6623,.T.);
#6641=CARTESIAN_POINT('',(-4.256496E0,3.5E-1,5.2E-1));
#6642=DIRECTION('',(1.E0,0.E0,0.E0));
#6643=DIRECTION('',(0.E0,1.E0,0.E0));
#6644=AXIS2_PLACEMENT_3D('',#6641,#6642,#6643);
#6645=CYLINDRICAL_SURFACE('',#6644,9.E-2);
#6647=ORIENTED_EDGE('',*,*,#6646,.T.);
#6648=ORIENTED_EDGE('',*,*,#6600,.F.);
#6650=ORIENTED_EDGE('',*,*,#6649,.T.);
#6652=ORIENTED_EDGE('',*,*,#6651,.T.);
#6653=EDGE_LOOP('',(#6647,#6648,#6650,#6652));
#6654=FACE_OUTER_BOUND('',#6653,.F.);
#6655=ADVANCED_FACE('',(#6654),#6645,.T.);
#6656=CARTESIAN_POINT('',(1.05E0,3.8E-1,6.1E-1));
#6657=DIRECTION('',(1.E0,0.E0,0.E0));
#6658=DIRECTION('',(0.E0,0.E0,-1.E0));
#6659=AXIS2_PLACEMENT_3D('',#6656,#6657,#6658);
#6660=PLANE('',#6659);
#6661=ORIENTED_EDGE('',*,*,#6646,.F.);
#6663=ORIENTED_EDGE('',*,*,#6662,.F.);
#6665=ORIENTED_EDGE('',*,*,#6664,.F.);
#6666=ORIENTED_EDGE('',*,*,#6351,.F.);
#6667=ORIENTED_EDGE('',*,*,#6521,.F.);
#6669=ORIENTED_EDGE('',*,*,#6668,.F.);
#6670=ORIENTED_EDGE('',*,*,#6602,.T.);
#6671=EDGE_LOOP('',(#6661,#6663,#6665,#6666,#6667,#6669,#6670));
#6672=FACE_OUTER_BOUND('',#6671,.F.);
#6673=ADVANCED_FACE('',(#6672),#6660,.T.);
#6674=CARTESIAN_POINT('',(1.08E0,3.8E-1,5.2E-1));
#6675=DIRECTION('',(0.E0,1.E0,0.E0));
#6676=DIRECTION('',(-1.E0,0.E0,0.E0));
#6677=AXIS2_PLACEMENT_3D('',#6674,#6675,#6676);
#6678=CYLINDRICAL_SURFACE('',#6677,3.E-2);
#6680=ORIENTED_EDGE('',*,*,#6679,.T.);
#6682=ORIENTED_EDGE('',*,*,#6681,.F.);
#6684=ORIENTED_EDGE('',*,*,#6683,.T.);
#6685=ORIENTED_EDGE('',*,*,#6662,.T.);
#6686=EDGE_LOOP('',(#6680,#6682,#6684,#6685));
#6687=FACE_OUTER_BOUND('',#6686,.F.);
#6688=ADVANCED_FACE('',(#6687),#6678,.F.);
#6689=CARTESIAN_POINT('',(0.E0,4.4E-1,0.E0));
#6690=DIRECTION('',(0.E0,1.E0,0.E0));
#6691=DIRECTION('',(-1.E0,0.E0,0.E0));
#6692=AXIS2_PLACEMENT_3D('',#6689,#6690,#6691);
#6693=PLANE('',#6692);
#6695=ORIENTED_EDGE('',*,*,#6694,.F.);
#6697=ORIENTED_EDGE('',*,*,#6696,.F.);
#6699=ORIENTED_EDGE('',*,*,#6698,.F.);
#6700=ORIENTED_EDGE('',*,*,#6679,.F.);
#6701=ORIENTED_EDGE('',*,*,#6651,.F.);
#6703=ORIENTED_EDGE('',*,*,#6702,.F.);
#6705=ORIENTED_EDGE('',*,*,#6704,.F.);
#6707=ORIENTED_EDGE('',*,*,#6706,.F.);
#6709=ORIENTED_EDGE('',*,*,#6708,.F.);
#6711=ORIENTED_EDGE('',*,*,#6710,.F.);
#6713=ORIENTED_EDGE('',*,*,#6712,.F.);
#6715=ORIENTED_EDGE('',*,*,#6714,.F.);
#6717=ORIENTED_EDGE('',*,*,#6716,.F.);
#6719=ORIENTED_EDGE('',*,*,#6718,.F.);
#6721=ORIENTED_EDGE('',*,*,#6720,.F.);
#6723=ORIENTED_EDGE('',*,*,#6722,.F.);
#6724=EDGE_LOOP('',(#6695,#6697,#6699,#6700,#6701,#6703,#6705,#6707,#6709,#6711,
#6713,#6715,#6717,#6719,#6721,#6723));
#6725=FACE_OUTER_BOUND('',#6724,.F.);
#6726=ADVANCED_FACE('',(#6725),#6693,.T.);
#6727=CARTESIAN_POINT('',(0.E0,4.4E-1,0.E0));
#6728=DIRECTION('',(0.E0,1.E0,0.E0));
#6729=DIRECTION('',(-1.E0,0.E0,0.E0));
#6730=AXIS2_PLACEMENT_3D('',#6727,#6728,#6729);
#6731=PLANE('',#6730);
#6733=ORIENTED_EDGE('',*,*,#6732,.F.);
#6735=ORIENTED_EDGE('',*,*,#6734,.F.);
#6737=ORIENTED_EDGE('',*,*,#6736,.F.);
#6739=ORIENTED_EDGE('',*,*,#6738,.F.);
#6741=ORIENTED_EDGE('',*,*,#6740,.F.);
#6743=ORIENTED_EDGE('',*,*,#6742,.F.);
#6745=ORIENTED_EDGE('',*,*,#6744,.F.);
#6747=ORIENTED_EDGE('',*,*,#6746,.F.);
#6749=ORIENTED_EDGE('',*,*,#6748,.F.);
#6751=ORIENTED_EDGE('',*,*,#6750,.F.);
#6753=ORIENTED_EDGE('',*,*,#6752,.F.);
#6755=ORIENTED_EDGE('',*,*,#6754,.F.);
#6757=ORIENTED_EDGE('',*,*,#6756,.F.);
#6759=ORIENTED_EDGE('',*,*,#6758,.F.);
#6761=ORIENTED_EDGE('',*,*,#6760,.F.);
#6763=ORIENTED_EDGE('',*,*,#6762,.F.);
#6764=EDGE_LOOP('',(#6733,#6735,#6737,#6739,#6741,#6743,#6745,#6747,#6749,#6751,
#6753,#6755,#6757,#6759,#6761,#6763));
#6765=FACE_OUTER_BOUND('',#6764,.F.);
#6766=ADVANCED_FACE('',(#6765),#6731,.T.);
#6767=CARTESIAN_POINT('',(4.256496E0,3.5E-1,-5.2E-1));
#6768=DIRECTION('',(-1.E0,0.E0,0.E0));
#6769=DIRECTION('',(0.E0,1.E0,0.E0));
#6770=AXIS2_PLACEMENT_3D('',#6767,#6768,#6769);
#6771=CYLINDRICAL_SURFACE('',#6770,9.E-2);
#6773=ORIENTED_EDGE('',*,*,#6772,.T.);
#6775=ORIENTED_EDGE('',*,*,#6774,.F.);
#6777=ORIENTED_EDGE('',*,*,#6776,.T.);
#6778=ORIENTED_EDGE('',*,*,#6694,.T.);
#6779=EDGE_LOOP('',(#6773,#6775,#6777,#6778));
#6780=FACE_OUTER_BOUND('',#6779,.F.);
#6781=ADVANCED_FACE('',(#6780),#6771,.T.);
#6782=CARTESIAN_POINT('',(6.1E-1,3.8E-1,-6.1E-1));
#6783=DIRECTION('',(-1.E0,0.E0,0.E0));
#6784=DIRECTION('',(0.E0,0.E0,1.E0));
#6785=AXIS2_PLACEMENT_3D('',#6782,#6783,#6784);
#6786=PLANE('',#6785);
#6787=ORIENTED_EDGE('',*,*,#6772,.F.);
#6788=ORIENTED_EDGE('',*,*,#6722,.T.);
#6790=ORIENTED_EDGE('',*,*,#6789,.F.);
#6792=ORIENTED_EDGE('',*,*,#6791,.F.);
#6794=ORIENTED_EDGE('',*,*,#6793,.F.);
#6795=ORIENTED_EDGE('',*,*,#6442,.F.);
#6797=ORIENTED_EDGE('',*,*,#6796,.F.);
#6798=ORIENTED_EDGE('',*,*,#6382,.F.);
#6800=ORIENTED_EDGE('',*,*,#6799,.T.);
#6802=ORIENTED_EDGE('',*,*,#6801,.F.);
#6804=ORIENTED_EDGE('',*,*,#6803,.T.);
#6805=EDGE_LOOP('',(#6787,#6788,#6790,#6792,#6794,#6795,#6797,#6798,#6800,#6802,
#6804));
#6806=FACE_OUTER_BOUND('',#6805,.F.);
#6807=ADVANCED_FACE('',(#6806),#6786,.T.);
#6808=CARTESIAN_POINT('',(-3.612577230042E0,3.57E-1,-4.53E-1));
#6809=DIRECTION('',(1.E0,0.E0,0.E0));
#6810=DIRECTION('',(0.E0,1.E0,0.E0));
#6811=AXIS2_PLACEMENT_3D('',#6808,#6809,#6810);
#6812=CYLINDRICAL_SURFACE('',#6811,8.3E-2);
#6814=ORIENTED_EDGE('',*,*,#6813,.T.);
#6816=ORIENTED_EDGE('',*,*,#6815,.T.);
#6818=ORIENTED_EDGE('',*,*,#6817,.F.);
#6820=ORIENTED_EDGE('',*,*,#6819,.T.);
#6821=ORIENTED_EDGE('',*,*,#6789,.T.);
#6822=ORIENTED_EDGE('',*,*,#6720,.T.);
#6823=EDGE_LOOP('',(#6814,#6816,#6818,#6820,#6821,#6822));
#6824=FACE_OUTER_BOUND('',#6823,.F.);
#6825=ADVANCED_FACE('',(#6824),#6812,.T.);
#6826=CARTESIAN_POINT('',(8.05E-1,3.8E-1,-4.3E-1));
#6827=DIRECTION('',(0.E0,1.E0,0.E0));
#6828=DIRECTION('',(-1.E0,0.E0,0.E0));
#6829=AXIS2_PLACEMENT_3D('',#6826,#6827,#6828);
#6830=CYLINDRICAL_SURFACE('',#6829,3.E-2);
#6831=ORIENTED_EDGE('',*,*,#6813,.F.);
#6832=ORIENTED_EDGE('',*,*,#6718,.T.);
#6834=ORIENTED_EDGE('',*,*,#6833,.F.);
#6835=ORIENTED_EDGE('',*,*,#6434,.F.);
#6837=ORIENTED_EDGE('',*,*,#6836,.T.);
#6838=EDGE_LOOP('',(#6831,#6832,#6834,#6835,#6837));
#6839=FACE_OUTER_BOUND('',#6838,.F.);
#6840=ADVANCED_FACE('',(#6839),#6830,.F.);
#6841=CARTESIAN_POINT('',(8.05E-1,3.8E-1,-4.6E-1));
#6842=DIRECTION('',(0.E0,0.E0,1.E0));
#6843=DIRECTION('',(1.E0,0.E0,0.E0));
#6844=AXIS2_PLACEMENT_3D('',#6841,#6842,#6843);
#6845=PLANE('',#6844);
#6847=ORIENTED_EDGE('',*,*,#6846,.F.);
#6848=ORIENTED_EDGE('',*,*,#6436,.F.);
#6849=ORIENTED_EDGE('',*,*,#6833,.T.);
#6850=ORIENTED_EDGE('',*,*,#6716,.T.);
#6852=ORIENTED_EDGE('',*,*,#6851,.F.);
#6853=EDGE_LOOP('',(#6847,#6848,#6849,#6850,#6852));
#6854=FACE_OUTER_BOUND('',#6853,.F.);
#6855=ADVANCED_FACE('',(#6854),#6845,.T.);
#6856=CARTESIAN_POINT('',(-1.18E0,3.8E-1,-3.5E-1));
#6857=DIRECTION('',(0.E0,1.E0,0.E0));
#6858=DIRECTION('',(0.E0,0.E0,1.E0));
#6859=AXIS2_PLACEMENT_3D('',#6856,#6857,#6858);
#6860=PLANE('',#6859);
#6861=ORIENTED_EDGE('',*,*,#6796,.T.);
#6863=ORIENTED_EDGE('',*,*,#6862,.F.);
#6865=ORIENTED_EDGE('',*,*,#6864,.T.);
#6867=ORIENTED_EDGE('',*,*,#6866,.T.);
#6868=EDGE_LOOP('',(#6861,#6863,#6865,#6867));
#6869=FACE_OUTER_BOUND('',#6868,.F.);
#6870=ADVANCED_FACE('',(#6869),#6860,.T.);
#6871=CARTESIAN_POINT('',(-1.18E0,3.8E-1,-3.5E-1));
#6872=DIRECTION('',(0.E0,1.E0,0.E0));
#6873=DIRECTION('',(0.E0,0.E0,1.E0));
#6874=AXIS2_PLACEMENT_3D('',#6871,#6872,#6873);
#6875=PLANE('',#6874);
#6876=ORIENTED_EDGE('',*,*,#6846,.T.);
#6878=ORIENTED_EDGE('',*,*,#6877,.F.);
#6880=ORIENTED_EDGE('',*,*,#6879,.T.);
#6882=ORIENTED_EDGE('',*,*,#6881,.F.);
#6884=ORIENTED_EDGE('',*,*,#6883,.T.);
#6886=ORIENTED_EDGE('',*,*,#6885,.F.);
#6888=ORIENTED_EDGE('',*,*,#6887,.F.);
#6890=ORIENTED_EDGE('',*,*,#6889,.F.);
#6892=ORIENTED_EDGE('',*,*,#6891,.F.);
#6894=ORIENTED_EDGE('',*,*,#6893,.F.);
#6895=EDGE_LOOP('',(#6876,#6878,#6880,#6882,#6884,#6886,#6888,#6890,#6892,
#6894));
#6896=FACE_OUTER_BOUND('',#6895,.F.);
#6897=ADVANCED_FACE('',(#6896),#6875,.T.);
#6898=CARTESIAN_POINT('',(-1.18E0,3.8E-1,-3.5E-1));
#6899=DIRECTION('',(0.E0,1.E0,0.E0));
#6900=DIRECTION('',(0.E0,0.E0,1.E0));
#6901=AXIS2_PLACEMENT_3D('',#6898,#6899,#6900);
#6902=PLANE('',#6901);
#6904=ORIENTED_EDGE('',*,*,#6903,.F.);
#6905=ORIENTED_EDGE('',*,*,#6339,.F.);
#6907=ORIENTED_EDGE('',*,*,#6906,.T.);
#6909=ORIENTED_EDGE('',*,*,#6908,.F.);
#6910=EDGE_LOOP('',(#6904,#6905,#6907,#6909));
#6911=FACE_OUTER_BOUND('',#6910,.F.);
#6912=ADVANCED_FACE('',(#6911),#6902,.T.);
#6913=CARTESIAN_POINT('',(-1.18E0,3.8E-1,-3.5E-1));
#6914=DIRECTION('',(0.E0,1.E0,0.E0));
#6915=DIRECTION('',(0.E0,0.E0,1.E0));
#6916=AXIS2_PLACEMENT_3D('',#6913,#6914,#6915);
#6917=PLANE('',#6916);
#6919=ORIENTED_EDGE('',*,*,#6918,.T.);
#6921=ORIENTED_EDGE('',*,*,#6920,.F.);
#6923=ORIENTED_EDGE('',*,*,#6922,.F.);
#6925=ORIENTED_EDGE('',*,*,#6924,.T.);
#6926=EDGE_LOOP('',(#6919,#6921,#6923,#6925));
#6927=FACE_OUTER_BOUND('',#6926,.F.);
#6928=ADVANCED_FACE('',(#6927),#6917,.T.);
#6929=CARTESIAN_POINT('',(-1.18E0,3.8E-1,-3.5E-1));
#6930=DIRECTION('',(0.E0,1.E0,0.E0));
#6931=DIRECTION('',(0.E0,0.E0,1.E0));
#6932=AXIS2_PLACEMENT_3D('',#6929,#6930,#6931);
#6933=PLANE('',#6932);
#6935=ORIENTED_EDGE('',*,*,#6934,.T.);
#6937=ORIENTED_EDGE('',*,*,#6936,.F.);
#6939=ORIENTED_EDGE('',*,*,#6938,.T.);
#6941=ORIENTED_EDGE('',*,*,#6940,.F.);
#6943=ORIENTED_EDGE('',*,*,#6942,.T.);
#6945=ORIENTED_EDGE('',*,*,#6944,.F.);
#6947=ORIENTED_EDGE('',*,*,#6946,.F.);
#6949=ORIENTED_EDGE('',*,*,#6948,.F.);
#6951=ORIENTED_EDGE('',*,*,#6950,.F.);
#6953=ORIENTED_EDGE('',*,*,#6952,.F.);
#6954=EDGE_LOOP('',(#6935,#6937,#6939,#6941,#6943,#6945,#6947,#6949,#6951,
#6953));
#6955=FACE_OUTER_BOUND('',#6954,.F.);
#6956=ADVANCED_FACE('',(#6955),#6933,.T.);
#6957=CARTESIAN_POINT('',(-1.18E0,3.8E-1,-3.5E-1));
#6958=DIRECTION('',(0.E0,1.E0,0.E0));
#6959=DIRECTION('',(0.E0,0.E0,1.E0));
#6960=AXIS2_PLACEMENT_3D('',#6957,#6958,#6959);
#6961=PLANE('',#6960);
#6963=ORIENTED_EDGE('',*,*,#6962,.F.);
#6965=ORIENTED_EDGE('',*,*,#6964,.F.);
#6967=ORIENTED_EDGE('',*,*,#6966,.F.);
#6969=ORIENTED_EDGE('',*,*,#6968,.F.);
#6970=EDGE_LOOP('',(#6963,#6965,#6967,#6969));
#6971=FACE_OUTER_BOUND('',#6970,.F.);
#6972=ADVANCED_FACE('',(#6971),#6961,.T.);
#6973=CARTESIAN_POINT('',(-1.18E0,3.8E-1,-3.5E-1));
#6974=DIRECTION('',(0.E0,1.E0,0.E0));
#6975=DIRECTION('',(0.E0,0.E0,1.E0));
#6976=AXIS2_PLACEMENT_3D('',#6973,#6974,#6975);
#6977=PLANE('',#6976);
#6979=ORIENTED_EDGE('',*,*,#6978,.F.);
#6981=ORIENTED_EDGE('',*,*,#6980,.F.);
#6982=ORIENTED_EDGE('',*,*,#6664,.T.);
#6983=ORIENTED_EDGE('',*,*,#6683,.F.);
#6984=EDGE_LOOP('',(#6979,#6981,#6982,#6983));
#6985=FACE_OUTER_BOUND('',#6984,.F.);
#6986=ADVANCED_FACE('',(#6985),#6977,.T.);
#6987=CARTESIAN_POINT('',(-1.18E0,3.8E-1,-3.5E-1));
#6988=DIRECTION('',(0.E0,1.E0,0.E0));
#6989=DIRECTION('',(0.E0,0.E0,1.E0));
#6990=AXIS2_PLACEMENT_3D('',#6987,#6988,#6989);
#6991=PLANE('',#6990);
#6993=ORIENTED_EDGE('',*,*,#6992,.T.);
#6995=ORIENTED_EDGE('',*,*,#6994,.F.);
#6997=ORIENTED_EDGE('',*,*,#6996,.F.);
#6999=ORIENTED_EDGE('',*,*,#6998,.F.);
#7000=EDGE_LOOP('',(#6993,#6995,#6997,#6999));
#7001=FACE_OUTER_BOUND('',#7000,.F.);
#7002=ADVANCED_FACE('',(#7001),#6991,.T.);
#7003=CARTESIAN_POINT('',(-1.18E0,3.8E-1,-3.5E-1));
#7004=DIRECTION('',(0.E0,1.E0,0.E0));
#7005=DIRECTION('',(0.E0,0.E0,1.E0));
#7006=AXIS2_PLACEMENT_3D('',#7003,#7004,#7005);
#7007=PLANE('',#7006);
#7009=ORIENTED_EDGE('',*,*,#7008,.F.);
#7011=ORIENTED_EDGE('',*,*,#7010,.F.);
#7013=ORIENTED_EDGE('',*,*,#7012,.T.);
#7015=ORIENTED_EDGE('',*,*,#7014,.F.);
#7016=EDGE_LOOP('',(#7009,#7011,#7013,#7015));
#7017=FACE_OUTER_BOUND('',#7016,.F.);
#7018=ADVANCED_FACE('',(#7017),#7007,.T.);
#7019=CARTESIAN_POINT('',(-1.18E0,3.8E-1,-3.5E-1));
#7020=DIRECTION('',(0.E0,1.E0,0.E0));
#7021=DIRECTION('',(0.E0,0.E0,1.E0));
#7022=AXIS2_PLACEMENT_3D('',#7019,#7020,#7021);
#7023=PLANE('',#7022);
#7025=ORIENTED_EDGE('',*,*,#7024,.T.);
#7027=ORIENTED_EDGE('',*,*,#7026,.F.);
#7029=ORIENTED_EDGE('',*,*,#7028,.F.);
#7031=ORIENTED_EDGE('',*,*,#7030,.F.);
#7032=EDGE_LOOP('',(#7025,#7027,#7029,#7031));
#7033=FACE_OUTER_BOUND('',#7032,.F.);
#7034=ADVANCED_FACE('',(#7033),#7023,.T.);
#7035=CARTESIAN_POINT('',(6.975E-1,3.65E-1,-4.55E-1));
#7036=DIRECTION('',(0.E0,7.071067811865E-1,7.071067811865E-1));
#7037=DIRECTION('',(0.E0,-7.071067811865E-1,7.071067811865E-1));
#7038=AXIS2_PLACEMENT_3D('',#7035,#7036,#7037);
#7039=PLANE('',#7038);
#7040=ORIENTED_EDGE('',*,*,#6440,.T.);
#7042=ORIENTED_EDGE('',*,*,#7041,.F.);
#7044=ORIENTED_EDGE('',*,*,#7043,.F.);
#7046=ORIENTED_EDGE('',*,*,#7045,.T.);
#7048=ORIENTED_EDGE('',*,*,#7047,.T.);
#7049=ORIENTED_EDGE('',*,*,#6862,.T.);
#7050=EDGE_LOOP('',(#7040,#7042,#7044,#7046,#7048,#7049));
#7051=FACE_OUTER_BOUND('',#7050,.F.);
#7052=ADVANCED_FACE('',(#7051),#7039,.T.);
#7053=CARTESIAN_POINT('',(8.E-1,3.65E-1,-3.952786404500E-1));
#7054=DIRECTION('',(-7.071067811865E-1,7.071067811865E-1,0.E0));
#7055=DIRECTION('',(-7.071067811865E-1,-7.071067811865E-1,0.E0));
#7056=AXIS2_PLACEMENT_3D('',#7053,#7054,#7055);
#7057=PLANE('',#7056);
#7058=ORIENTED_EDGE('',*,*,#6438,.T.);
#7059=ORIENTED_EDGE('',*,*,#6893,.T.);
#7061=ORIENTED_EDGE('',*,*,#7060,.T.);
#7063=ORIENTED_EDGE('',*,*,#7062,.T.);
#7065=ORIENTED_EDGE('',*,*,#7064,.F.);
#7066=ORIENTED_EDGE('',*,*,#7041,.T.);
#7067=EDGE_LOOP('',(#7058,#7059,#7061,#7063,#7065,#7066));
#7068=FACE_OUTER_BOUND('',#7067,.F.);
#7069=ADVANCED_FACE('',(#7068),#7057,.T.);
#7070=CARTESIAN_POINT('',(-8.3E-1,3.7E-1,-4.4E-1));
#7071=DIRECTION('',(1.E0,0.E0,0.E0));
#7072=DIRECTION('',(0.E0,0.E0,-1.E0));
#7073=AXIS2_PLACEMENT_3D('',#7070,#7071,#7072);
#7074=CYLINDRICAL_SURFACE('',#7073,9.E-2);
#7076=ORIENTED_EDGE('',*,*,#7075,.T.);
#7078=ORIENTED_EDGE('',*,*,#7077,.F.);
#7080=ORIENTED_EDGE('',*,*,#7079,.F.);
#7082=ORIENTED_EDGE('',*,*,#7081,.T.);
#7083=EDGE_LOOP('',(#7076,#7078,#7080,#7082));
#7084=FACE_OUTER_BOUND('',#7083,.F.);
#7085=ADVANCED_FACE('',(#7084),#7074,.T.);
#7086=CARTESIAN_POINT('',(-8.3E-1,3.7E-1,-4.4E-1));
#7087=DIRECTION('',(1.E0,0.E0,0.E0));
#7088=DIRECTION('',(0.E0,0.E0,-1.E0));
#7089=AXIS2_PLACEMENT_3D('',#7086,#7087,#7088);
#7090=CYLINDRICAL_SURFACE('',#7089,9.E-2);
#7092=ORIENTED_EDGE('',*,*,#7091,.T.);
#7094=ORIENTED_EDGE('',*,*,#7093,.F.);
#7096=ORIENTED_EDGE('',*,*,#7095,.F.);
#7098=ORIENTED_EDGE('',*,*,#7097,.T.);
#7099=EDGE_LOOP('',(#7092,#7094,#7096,#7098));
#7100=FACE_OUTER_BOUND('',#7099,.F.);
#7101=ADVANCED_FACE('',(#7100),#7090,.T.);
#7102=CARTESIAN_POINT('',(-8.3E-1,3.7E-1,-4.4E-1));
#7103=DIRECTION('',(1.E0,0.E0,0.E0));
#7104=DIRECTION('',(0.E0,0.E0,-1.E0));
#7105=AXIS2_PLACEMENT_3D('',#7102,#7103,#7104);
#7106=CYLINDRICAL_SURFACE('',#7105,9.E-2);
#7108=ORIENTED_EDGE('',*,*,#7107,.T.);
#7110=ORIENTED_EDGE('',*,*,#7109,.F.);
#7112=ORIENTED_EDGE('',*,*,#7111,.F.);
#7114=ORIENTED_EDGE('',*,*,#7113,.T.);
#7115=EDGE_LOOP('',(#7108,#7110,#7112,#7114));
#7116=FACE_OUTER_BOUND('',#7115,.F.);
#7117=ADVANCED_FACE('',(#7116),#7106,.T.);
#7118=CARTESIAN_POINT('',(-8.3E-1,3.7E-1,-4.4E-1));
#7119=DIRECTION('',(1.E0,0.E0,0.E0));
#7120=DIRECTION('',(0.E0,0.E0,-1.E0));
#7121=AXIS2_PLACEMENT_3D('',#7118,#7119,#7120);
#7122=CYLINDRICAL_SURFACE('',#7121,9.E-2);
#7124=ORIENTED_EDGE('',*,*,#7123,.F.);
#7126=ORIENTED_EDGE('',*,*,#7125,.T.);
#7128=ORIENTED_EDGE('',*,*,#7127,.T.);
#7130=ORIENTED_EDGE('',*,*,#7129,.F.);
#7132=ORIENTED_EDGE('',*,*,#7131,.F.);
#7133=EDGE_LOOP('',(#7124,#7126,#7128,#7130,#7132));
#7134=FACE_OUTER_BOUND('',#7133,.F.);
#7135=ADVANCED_FACE('',(#7134),#7122,.T.);
#7136=CARTESIAN_POINT('',(-8.3E-1,3.7E-1,-4.4E-1));
#7137=DIRECTION('',(1.E0,0.E0,0.E0));
#7138=DIRECTION('',(0.E0,0.E0,-1.E0));
#7139=AXIS2_PLACEMENT_3D('',#7136,#7137,#7138);
#7140=CYLINDRICAL_SURFACE('',#7139,9.E-2);
#7142=ORIENTED_EDGE('',*,*,#7141,.T.);
#7144=ORIENTED_EDGE('',*,*,#7143,.F.);
#7146=ORIENTED_EDGE('',*,*,#7145,.F.);
#7148=ORIENTED_EDGE('',*,*,#7147,.F.);
#7150=ORIENTED_EDGE('',*,*,#7149,.T.);
#7151=EDGE_LOOP('',(#7142,#7144,#7146,#7148,#7150));
#7152=FACE_OUTER_BOUND('',#7151,.F.);
#7153=ADVANCED_FACE('',(#7152),#7140,.T.);
#7154=CARTESIAN_POINT('',(-8.3E-1,3.7E-1,-4.4E-1));
#7155=DIRECTION('',(1.E0,0.E0,0.E0));
#7156=DIRECTION('',(0.E0,0.E0,-1.E0));
#7157=AXIS2_PLACEMENT_3D('',#7154,#7155,#7156);
#7158=CYLINDRICAL_SURFACE('',#7157,9.E-2);
#7160=ORIENTED_EDGE('',*,*,#7159,.T.);
#7162=ORIENTED_EDGE('',*,*,#7161,.F.);
#7163=ORIENTED_EDGE('',*,*,#6946,.T.);
#7165=ORIENTED_EDGE('',*,*,#7164,.F.);
#7166=EDGE_LOOP('',(#7160,#7162,#7163,#7165));
#7167=FACE_OUTER_BOUND('',#7166,.F.);
#7168=ADVANCED_FACE('',(#7167),#7158,.T.);
#7169=CARTESIAN_POINT('',(-8.3E-1,3.7E-1,-4.4E-1));
#7170=DIRECTION('',(1.E0,0.E0,0.E0));
#7171=DIRECTION('',(0.E0,0.E0,-1.E0));
#7172=AXIS2_PLACEMENT_3D('',#7169,#7170,#7171);
#7173=CYLINDRICAL_SURFACE('',#7172,9.E-2);
#7174=ORIENTED_EDGE('',*,*,#6891,.T.);
#7176=ORIENTED_EDGE('',*,*,#7175,.F.);
#7178=ORIENTED_EDGE('',*,*,#7177,.T.);
#7179=ORIENTED_EDGE('',*,*,#7060,.F.);
#7180=EDGE_LOOP('',(#7174,#7176,#7178,#7179));
#7181=FACE_OUTER_BOUND('',#7180,.F.);
#7182=ADVANCED_FACE('',(#7181),#7173,.T.);
#7183=CARTESIAN_POINT('',(-2.2E-1,0.E0,0.E0));
#7184=DIRECTION('',(1.E0,0.E0,0.E0));
#7185=DIRECTION('',(0.E0,0.E0,-1.E0));
#7186=AXIS2_PLACEMENT_3D('',#7183,#7184,#7185);
#7187=PLANE('',#7186);
#7188=ORIENTED_EDGE('',*,*,#7075,.F.);
#7190=ORIENTED_EDGE('',*,*,#7189,.T.);
#7192=ORIENTED_EDGE('',*,*,#7191,.T.);
#7194=ORIENTED_EDGE('',*,*,#7193,.T.);
#7195=EDGE_LOOP('',(#7188,#7190,#7192,#7194));
#7196=FACE_OUTER_BOUND('',#7195,.F.);
#7197=ADVANCED_FACE('',(#7196),#7187,.F.);
#7198=CARTESIAN_POINT('',(-2.2E-1,0.E0,0.E0));
#7199=DIRECTION('',(1.E0,0.E0,0.E0));
#7200=DIRECTION('',(0.E0,0.E0,-1.E0));
#7201=AXIS2_PLACEMENT_3D('',#7198,#7199,#7200);
#7202=PLANE('',#7201);
#7204=ORIENTED_EDGE('',*,*,#7203,.F.);
#7206=ORIENTED_EDGE('',*,*,#7205,.T.);
#7208=ORIENTED_EDGE('',*,*,#7207,.T.);
#7210=ORIENTED_EDGE('',*,*,#7209,.T.);
#7211=EDGE_LOOP('',(#7204,#7206,#7208,#7210));
#7212=FACE_OUTER_BOUND('',#7211,.F.);
#7213=ADVANCED_FACE('',(#7212),#7202,.F.);
#7214=CARTESIAN_POINT('',(-1.18E0,4.6E-1,-5.4E-1));
#7215=DIRECTION('',(0.E0,1.E0,0.E0));
#7216=DIRECTION('',(0.E0,0.E0,1.E0));
#7217=AXIS2_PLACEMENT_3D('',#7214,#7215,#7216);
#7218=PLANE('',#7217);
#7220=ORIENTED_EDGE('',*,*,#7219,.F.);
#7222=ORIENTED_EDGE('',*,*,#7221,.T.);
#7224=ORIENTED_EDGE('',*,*,#7223,.T.);
#7225=ORIENTED_EDGE('',*,*,#7149,.F.);
#7227=ORIENTED_EDGE('',*,*,#7226,.T.);
#7229=ORIENTED_EDGE('',*,*,#7228,.F.);
#7231=ORIENTED_EDGE('',*,*,#7230,.F.);
#7232=ORIENTED_EDGE('',*,*,#7113,.F.);
#7234=ORIENTED_EDGE('',*,*,#7233,.T.);
#7236=ORIENTED_EDGE('',*,*,#7235,.F.);
#7238=ORIENTED_EDGE('',*,*,#7237,.F.);
#7239=ORIENTED_EDGE('',*,*,#7097,.F.);
#7241=ORIENTED_EDGE('',*,*,#7240,.T.);
#7243=ORIENTED_EDGE('',*,*,#7242,.F.);
#7244=ORIENTED_EDGE('',*,*,#7189,.F.);
#7245=ORIENTED_EDGE('',*,*,#7081,.F.);
#7247=ORIENTED_EDGE('',*,*,#7246,.T.);
#7249=ORIENTED_EDGE('',*,*,#7248,.F.);
#7251=ORIENTED_EDGE('',*,*,#7250,.F.);
#7252=ORIENTED_EDGE('',*,*,#7125,.F.);
#7253=EDGE_LOOP('',(#7220,#7222,#7224,#7225,#7227,#7229,#7231,#7232,#7234,#7236,
#7238,#7239,#7241,#7243,#7244,#7245,#7247,#7249,#7251,#7252));
#7254=FACE_OUTER_BOUND('',#7253,.F.);
#7255=ADVANCED_FACE('',(#7254),#7218,.T.);
#7256=CARTESIAN_POINT('',(-5.9E-1,4.6E-1,-5.4E-1));
#7257=DIRECTION('',(1.E0,0.E0,0.E0));
#7258=DIRECTION('',(0.E0,0.E0,-1.E0));
#7259=AXIS2_PLACEMENT_3D('',#7256,#7257,#7258);
#7260=PLANE('',#7259);
#7262=ORIENTED_EDGE('',*,*,#7261,.F.);
#7264=ORIENTED_EDGE('',*,*,#7263,.T.);
#7266=ORIENTED_EDGE('',*,*,#7265,.T.);
#7268=ORIENTED_EDGE('',*,*,#7267,.T.);
#7270=ORIENTED_EDGE('',*,*,#7269,.T.);
#7272=ORIENTED_EDGE('',*,*,#7271,.T.);
#7274=ORIENTED_EDGE('',*,*,#7273,.T.);
#7276=ORIENTED_EDGE('',*,*,#7275,.T.);
#7278=ORIENTED_EDGE('',*,*,#7277,.T.);
#7279=ORIENTED_EDGE('',*,*,#6274,.T.);
#7281=ORIENTED_EDGE('',*,*,#7280,.F.);
#7282=ORIENTED_EDGE('',*,*,#6922,.T.);
#7283=EDGE_LOOP('',(#7262,#7264,#7266,#7268,#7270,#7272,#7274,#7276,#7278,#7279,
#7281,#7282));
#7284=FACE_OUTER_BOUND('',#7283,.F.);
#7285=ADVANCED_FACE('',(#7284),#7260,.F.);
#7286=CARTESIAN_POINT('',(-5.9E-1,4.6E-1,-5.4E-1));
#7287=DIRECTION('',(1.E0,0.E0,0.E0));
#7288=DIRECTION('',(0.E0,0.E0,-1.E0));
#7289=AXIS2_PLACEMENT_3D('',#7286,#7287,#7288);
#7290=PLANE('',#7289);
#7292=ORIENTED_EDGE('',*,*,#7291,.F.);
#7293=ORIENTED_EDGE('',*,*,#6966,.T.);
#7295=ORIENTED_EDGE('',*,*,#7294,.T.);
#7296=ORIENTED_EDGE('',*,*,#6253,.T.);
#7298=ORIENTED_EDGE('',*,*,#7297,.T.);
#7300=ORIENTED_EDGE('',*,*,#7299,.T.);
#7302=ORIENTED_EDGE('',*,*,#7301,.T.);
#7304=ORIENTED_EDGE('',*,*,#7303,.T.);
#7306=ORIENTED_EDGE('',*,*,#7305,.T.);
#7308=ORIENTED_EDGE('',*,*,#7307,.T.);
#7309=ORIENTED_EDGE('',*,*,#7219,.T.);
#7310=ORIENTED_EDGE('',*,*,#7123,.T.);
#7311=EDGE_LOOP('',(#7292,#7293,#7295,#7296,#7298,#7300,#7302,#7304,#7306,#7308,
#7309,#7310));
#7312=FACE_OUTER_BOUND('',#7311,.F.);
#7313=ADVANCED_FACE('',(#7312),#7290,.F.);
#7314=CARTESIAN_POINT('',(-6.E-1,3.7E-1,3.952786404500E-1));
#7315=DIRECTION('',(-7.071067811865E-1,7.071067811865E-1,0.E0));
#7316=DIRECTION('',(-7.071067811865E-1,-7.071067811865E-1,0.E0));
#7317=AXIS2_PLACEMENT_3D('',#7314,#7315,#7316);
#7318=PLANE('',#7317);
#7320=ORIENTED_EDGE('',*,*,#7319,.T.);
#7322=ORIENTED_EDGE('',*,*,#7321,.F.);
#7324=ORIENTED_EDGE('',*,*,#7323,.T.);
#7326=ORIENTED_EDGE('',*,*,#7325,.T.);
#7327=ORIENTED_EDGE('',*,*,#7261,.T.);
#7329=ORIENTED_EDGE('',*,*,#7328,.F.);
#7331=ORIENTED_EDGE('',*,*,#7330,.F.);
#7332=EDGE_LOOP('',(#7320,#7322,#7324,#7326,#7327,#7329,#7331));
#7333=FACE_OUTER_BOUND('',#7332,.F.);
#7334=ADVANCED_FACE('',(#7333),#7318,.T.);
#7335=CARTESIAN_POINT('',(-6.1E-1,3.8E-1,6.1E-1));
#7336=DIRECTION('',(1.E0,0.E0,0.E0));
#7337=DIRECTION('',(0.E0,0.E0,-1.E0));
#7338=AXIS2_PLACEMENT_3D('',#7335,#7336,#7337);
#7339=PLANE('',#7338);
#7341=ORIENTED_EDGE('',*,*,#7340,.F.);
#7342=ORIENTED_EDGE('',*,*,#6762,.T.);
#7344=ORIENTED_EDGE('',*,*,#7343,.F.);
#7345=ORIENTED_EDGE('',*,*,#7319,.F.);
#7347=ORIENTED_EDGE('',*,*,#7346,.F.);
#7348=ORIENTED_EDGE('',*,*,#6482,.F.);
#7349=ORIENTED_EDGE('',*,*,#6918,.F.);
#7350=ORIENTED_EDGE('',*,*,#6366,.F.);
#7351=ORIENTED_EDGE('',*,*,#6498,.F.);
#7353=ORIENTED_EDGE('',*,*,#7352,.F.);
#7354=ORIENTED_EDGE('',*,*,#6626,.T.);
#7355=EDGE_LOOP('',(#7341,#7342,#7344,#7345,#7347,#7348,#7349,#7350,#7351,#7353,
#7354));
#7356=FACE_OUTER_BOUND('',#7355,.F.);
#7357=ADVANCED_FACE('',(#7356),#7339,.T.);
#7358=CARTESIAN_POINT('',(-4.256496E0,3.5E-1,5.2E-1));
#7359=DIRECTION('',(1.E0,0.E0,0.E0));
#7360=DIRECTION('',(0.E0,1.E0,0.E0));
#7361=AXIS2_PLACEMENT_3D('',#7358,#7359,#7360);
#7362=CYLINDRICAL_SURFACE('',#7361,9.E-2);
#7363=ORIENTED_EDGE('',*,*,#7340,.T.);
#7364=ORIENTED_EDGE('',*,*,#6624,.F.);
#7366=ORIENTED_EDGE('',*,*,#7365,.T.);
#7367=ORIENTED_EDGE('',*,*,#6732,.T.);
#7368=EDGE_LOOP('',(#7363,#7364,#7366,#7367));
#7369=FACE_OUTER_BOUND('',#7368,.F.);
#7370=ADVANCED_FACE('',(#7369),#7362,.T.);
#7371=CARTESIAN_POINT('',(-1.05E0,3.8E-1,5.2E-1));
#7372=DIRECTION('',(-1.E0,0.E0,0.E0));
#7373=DIRECTION('',(0.E0,0.E0,1.E0));
#7374=AXIS2_PLACEMENT_3D('',#7371,#7372,#7373);
#7375=PLANE('',#7374);
#7376=ORIENTED_EDGE('',*,*,#7365,.F.);
#7377=ORIENTED_EDGE('',*,*,#6636,.T.);
#7378=ORIENTED_EDGE('',*,*,#6590,.T.);
#7379=ORIENTED_EDGE('',*,*,#6501,.F.);
#7380=ORIENTED_EDGE('',*,*,#6370,.F.);
#7381=ORIENTED_EDGE('',*,*,#7028,.T.);
#7383=ORIENTED_EDGE('',*,*,#7382,.T.);
#7384=EDGE_LOOP('',(#7376,#7377,#7378,#7379,#7380,#7381,#7383));
#7385=FACE_OUTER_BOUND('',#7384,.F.);
#7386=ADVANCED_FACE('',(#7385),#7375,.T.);
#7387=CARTESIAN_POINT('',(-1.08E0,3.8E-1,5.2E-1));
#7388=DIRECTION('',(0.E0,1.E0,0.E0));
#7389=DIRECTION('',(-1.E0,0.E0,0.E0));
#7390=AXIS2_PLACEMENT_3D('',#7387,#7388,#7389);
#7391=CYLINDRICAL_SURFACE('',#7390,3.E-2);
#7392=ORIENTED_EDGE('',*,*,#6734,.T.);
#7393=ORIENTED_EDGE('',*,*,#7382,.F.);
#7394=ORIENTED_EDGE('',*,*,#7026,.T.);
#7396=ORIENTED_EDGE('',*,*,#7395,.T.);
#7397=EDGE_LOOP('',(#7392,#7393,#7394,#7396));
#7398=FACE_OUTER_BOUND('',#7397,.F.);
#7399=ADVANCED_FACE('',(#7398),#7391,.F.);
#7400=CARTESIAN_POINT('',(-1.17E0,3.8E-1,4.9E-1));
#7401=DIRECTION('',(0.E0,0.E0,1.E0));
#7402=DIRECTION('',(1.E0,0.E0,0.E0));
#7403=AXIS2_PLACEMENT_3D('',#7400,#7401,#7402);
#7404=PLANE('',#7403);
#7406=ORIENTED_EDGE('',*,*,#7405,.F.);
#7407=ORIENTED_EDGE('',*,*,#7395,.F.);
#7408=ORIENTED_EDGE('',*,*,#7024,.F.);
#7410=ORIENTED_EDGE('',*,*,#7409,.T.);
#7412=ORIENTED_EDGE('',*,*,#7411,.F.);
#7414=ORIENTED_EDGE('',*,*,#7413,.T.);
#7415=EDGE_LOOP('',(#7406,#7407,#7408,#7410,#7412,#7414));
#7416=FACE_OUTER_BOUND('',#7415,.F.);
#7417=ADVANCED_FACE('',(#7416),#7404,.T.);
#7418=CARTESIAN_POINT('',(-1.08E0,3.5E-1,-4.14828E0));
#7419=DIRECTION('',(0.E0,0.E0,1.E0));
#7420=DIRECTION('',(0.E0,1.E0,0.E0));
#7421=AXIS2_PLACEMENT_3D('',#7418,#7419,#7420);
#7422=CYLINDRICAL_SURFACE('',#7421,9.E-2);
#7423=ORIENTED_EDGE('',*,*,#7405,.T.);
#7425=ORIENTED_EDGE('',*,*,#7424,.F.);
#7427=ORIENTED_EDGE('',*,*,#7426,.T.);
#7428=ORIENTED_EDGE('',*,*,#6736,.T.);
#7429=EDGE_LOOP('',(#7423,#7425,#7427,#7428));
#7430=FACE_OUTER_BOUND('',#7429,.F.);
#7431=ADVANCED_FACE('',(#7430),#7422,.T.);
#7432=CARTESIAN_POINT('',(-1.17E0,3.8E-1,-4.9E-1));
#7433=DIRECTION('',(-1.E0,0.E0,0.E0));
#7434=DIRECTION('',(0.E0,0.E0,1.E0));
#7435=AXIS2_PLACEMENT_3D('',#7432,#7433,#7434);
#7436=PLANE('',#7435);
#7437=ORIENTED_EDGE('',*,*,#7424,.T.);
#7438=ORIENTED_EDGE('',*,*,#7413,.F.);
#7440=ORIENTED_EDGE('',*,*,#7439,.T.);
#7442=ORIENTED_EDGE('',*,*,#7441,.T.);
#7444=ORIENTED_EDGE('',*,*,#7443,.T.);
#7446=ORIENTED_EDGE('',*,*,#7445,.T.);
#7448=ORIENTED_EDGE('',*,*,#7447,.T.);
#7450=ORIENTED_EDGE('',*,*,#7449,.F.);
#7451=EDGE_LOOP('',(#7437,#7438,#7440,#7442,#7444,#7446,#7448,#7450));
#7452=FACE_OUTER_BOUND('',#7451,.F.);
#7453=ADVANCED_FACE('',(#7452),#7436,.T.);
#7454=CARTESIAN_POINT('',(-1.17E0,2.E-1,4.9E-1));
#7455=DIRECTION('',(0.E0,1.E0,0.E0));
#7456=DIRECTION('',(0.E0,0.E0,-1.E0));
#7457=AXIS2_PLACEMENT_3D('',#7454,#7455,#7456);
#7458=PLANE('',#7457);
#7459=ORIENTED_EDGE('',*,*,#7411,.T.);
#7461=ORIENTED_EDGE('',*,*,#7460,.T.);
#7463=ORIENTED_EDGE('',*,*,#7462,.F.);
#7464=ORIENTED_EDGE('',*,*,#7439,.F.);
#7465=EDGE_LOOP('',(#7459,#7461,#7463,#7464));
#7466=FACE_OUTER_BOUND('',#7465,.F.);
#7467=ADVANCED_FACE('',(#7466),#7458,.F.);
#7468=CARTESIAN_POINT('',(-1.1E0,4.6E-1,1.1E-1));
#7469=DIRECTION('',(1.E0,0.E0,0.E0));
#7470=DIRECTION('',(0.E0,0.E0,-1.E0));
#7471=AXIS2_PLACEMENT_3D('',#7468,#7469,#7470);
#7472=PLANE('',#7471);
#7473=ORIENTED_EDGE('',*,*,#7460,.F.);
#7475=ORIENTED_EDGE('',*,*,#7474,.T.);
#7477=ORIENTED_EDGE('',*,*,#7476,.T.);
#7479=ORIENTED_EDGE('',*,*,#7478,.T.);
#7481=ORIENTED_EDGE('',*,*,#7480,.T.);
#7483=ORIENTED_EDGE('',*,*,#7482,.F.);
#7485=ORIENTED_EDGE('',*,*,#7484,.T.);
#7487=ORIENTED_EDGE('',*,*,#7486,.T.);
#7489=ORIENTED_EDGE('',*,*,#7488,.T.);
#7491=ORIENTED_EDGE('',*,*,#7490,.F.);
#7493=ORIENTED_EDGE('',*,*,#7492,.F.);
#7495=ORIENTED_EDGE('',*,*,#7494,.F.);
#7496=EDGE_LOOP('',(#7473,#7475,#7477,#7479,#7481,#7483,#7485,#7487,#7489,#7491,
#7493,#7495));
#7497=FACE_OUTER_BOUND('',#7496,.F.);
#7498=ADVANCED_FACE('',(#7497),#7472,.F.);
#7499=CARTESIAN_POINT('',(-1.05E0,1.085728E0,4.9E-1));
#7500=DIRECTION('',(0.E0,-1.E0,0.E0));
#7501=DIRECTION('',(0.E0,0.E0,1.E0));
#7502=AXIS2_PLACEMENT_3D('',#7499,#7500,#7501);
#7503=CYLINDRICAL_SURFACE('',#7502,5.E-2);
#7504=ORIENTED_EDGE('',*,*,#7409,.F.);
#7505=ORIENTED_EDGE('',*,*,#7030,.T.);
#7507=ORIENTED_EDGE('',*,*,#7506,.T.);
#7509=ORIENTED_EDGE('',*,*,#7508,.T.);
#7510=ORIENTED_EDGE('',*,*,#7474,.F.);
#7511=EDGE_LOOP('',(#7504,#7505,#7507,#7509,#7510));
#7512=FACE_OUTER_BOUND('',#7511,.F.);
#7513=ADVANCED_FACE('',(#7512),#7503,.T.);
#7514=CARTESIAN_POINT('',(-5.9E-1,4.6E-1,5.4E-1));
#7515=DIRECTION('',(0.E0,0.E0,-1.E0));
#7516=DIRECTION('',(-1.E0,0.E0,0.E0));
#7517=AXIS2_PLACEMENT_3D('',#7514,#7515,#7516);
#7518=PLANE('',#7517);
#7519=ORIENTED_EDGE('',*,*,#6368,.F.);
#7520=ORIENTED_EDGE('',*,*,#6924,.F.);
#7521=ORIENTED_EDGE('',*,*,#7280,.T.);
#7522=ORIENTED_EDGE('',*,*,#6272,.F.);
#7524=ORIENTED_EDGE('',*,*,#7523,.T.);
#7526=ORIENTED_EDGE('',*,*,#7525,.F.);
#7527=ORIENTED_EDGE('',*,*,#7506,.F.);
#7528=EDGE_LOOP('',(#7519,#7520,#7521,#7522,#7524,#7526,#7527));
#7529=FACE_OUTER_BOUND('',#7528,.F.);
#7530=ADVANCED_FACE('',(#7529),#7518,.F.);
#7531=CARTESIAN_POINT('',(-1.13E0,-6.45728E-1,4.9E-1));
#7532=DIRECTION('',(0.E0,1.E0,0.E0));
#7533=DIRECTION('',(-1.E0,0.E0,0.E0));
#7534=AXIS2_PLACEMENT_3D('',#7531,#7532,#7533);
#7535=CYLINDRICAL_SURFACE('',#7534,5.E-2);
#7537=ORIENTED_EDGE('',*,*,#7536,.T.);
#7538=ORIENTED_EDGE('',*,*,#7523,.F.);
#7539=ORIENTED_EDGE('',*,*,#6270,.T.);
#7540=ORIENTED_EDGE('',*,*,#6170,.T.);
#7541=EDGE_LOOP('',(#7537,#7538,#7539,#7540));
#7542=FACE_OUTER_BOUND('',#7541,.F.);
#7543=ADVANCED_FACE('',(#7542),#7535,.T.);
#7544=CARTESIAN_POINT('',(-1.18E0,1.8E-1,6.3E-1));
#7545=DIRECTION('',(0.E0,-1.E0,0.E0));
#7546=DIRECTION('',(1.E0,0.E0,0.E0));
#7547=AXIS2_PLACEMENT_3D('',#7544,#7545,#7546);
#7548=PLANE('',#7547);
#7550=ORIENTED_EDGE('',*,*,#7549,.T.);
#7552=ORIENTED_EDGE('',*,*,#7551,.F.);
#7553=ORIENTED_EDGE('',*,*,#7484,.F.);
#7555=ORIENTED_EDGE('',*,*,#7554,.F.);
#7556=ORIENTED_EDGE('',*,*,#6152,.T.);
#7557=ORIENTED_EDGE('',*,*,#6194,.F.);
#7558=EDGE_LOOP('',(#7550,#7552,#7553,#7555,#7556,#7557));
#7559=FACE_OUTER_BOUND('',#7558,.F.);
#7560=ADVANCED_FACE('',(#7559),#7548,.F.);
#7561=CARTESIAN_POINT('',(-1.18E0,1.8E-1,6.3E-1));
#7562=DIRECTION('',(0.E0,-1.E0,0.E0));
#7563=DIRECTION('',(1.E0,0.E0,0.E0));
#7564=AXIS2_PLACEMENT_3D('',#7561,#7562,#7563);
#7565=PLANE('',#7564);
#7566=ORIENTED_EDGE('',*,*,#7476,.F.);
#7567=ORIENTED_EDGE('',*,*,#7508,.F.);
#7568=ORIENTED_EDGE('',*,*,#7525,.T.);
#7569=ORIENTED_EDGE('',*,*,#7536,.F.);
#7570=ORIENTED_EDGE('',*,*,#6180,.T.);
#7572=ORIENTED_EDGE('',*,*,#7571,.T.);
#7573=EDGE_LOOP('',(#7566,#7567,#7568,#7569,#7570,#7572));
#7574=FACE_OUTER_BOUND('',#7573,.F.);
#7575=ADVANCED_FACE('',(#7574),#7565,.F.);
#7576=CARTESIAN_POINT('',(-1.18E0,4.6E-1,-5.4E-1));
#7577=DIRECTION('',(0.E0,0.E0,1.E0));
#7578=DIRECTION('',(1.E0,0.E0,0.E0));
#7579=AXIS2_PLACEMENT_3D('',#7576,#7577,#7578);
#7580=PLANE('',#7579);
#7581=ORIENTED_EDGE('',*,*,#6400,.F.);
#7583=ORIENTED_EDGE('',*,*,#7582,.F.);
#7584=ORIENTED_EDGE('',*,*,#7549,.F.);
#7585=ORIENTED_EDGE('',*,*,#6192,.T.);
#7586=ORIENTED_EDGE('',*,*,#6255,.T.);
#7587=ORIENTED_EDGE('',*,*,#7294,.F.);
#7588=ORIENTED_EDGE('',*,*,#6964,.T.);
#7589=EDGE_LOOP('',(#7581,#7583,#7584,#7585,#7586,#7587,#7588));
#7590=FACE_OUTER_BOUND('',#7589,.F.);
#7591=ADVANCED_FACE('',(#7590),#7580,.F.);
#7592=CARTESIAN_POINT('',(-1.05E0,-6.45728E-1,-4.9E-1));
#7593=DIRECTION('',(0.E0,1.E0,0.E0));
#7594=DIRECTION('',(0.E0,0.E0,-1.E0));
#7595=AXIS2_PLACEMENT_3D('',#7592,#7593,#7594);
#7596=CYLINDRICAL_SURFACE('',#7595,5.E-2);
#7598=ORIENTED_EDGE('',*,*,#7597,.T.);
#7599=ORIENTED_EDGE('',*,*,#7486,.F.);
#7600=ORIENTED_EDGE('',*,*,#7551,.T.);
#7601=ORIENTED_EDGE('',*,*,#7582,.T.);
#7602=ORIENTED_EDGE('',*,*,#7010,.T.);
#7603=EDGE_LOOP('',(#7598,#7599,#7600,#7601,#7602));
#7604=FACE_OUTER_BOUND('',#7603,.F.);
#7605=ADVANCED_FACE('',(#7604),#7596,.T.);
#7606=CARTESIAN_POINT('',(-1.08E0,3.8E-1,-4.9E-1));
#7607=DIRECTION('',(0.E0,0.E0,-1.E0));
#7608=DIRECTION('',(-1.E0,0.E0,0.E0));
#7609=AXIS2_PLACEMENT_3D('',#7606,#7607,#7608);
#7610=PLANE('',#7609);
#7611=ORIENTED_EDGE('',*,*,#7426,.F.);
#7612=ORIENTED_EDGE('',*,*,#7449,.T.);
#7614=ORIENTED_EDGE('',*,*,#7613,.T.);
#7615=ORIENTED_EDGE('',*,*,#7597,.F.);
#7616=ORIENTED_EDGE('',*,*,#7008,.T.);
#7618=ORIENTED_EDGE('',*,*,#7617,.T.);
#7619=EDGE_LOOP('',(#7611,#7612,#7614,#7615,#7616,#7618));
#7620=FACE_OUTER_BOUND('',#7619,.F.);
#7621=ADVANCED_FACE('',(#7620),#7610,.T.);
#7622=CARTESIAN_POINT('',(-1.17E0,2.E-1,-9.E-2));
#7623=DIRECTION('',(0.E0,1.E0,0.E0));
#7624=DIRECTION('',(0.E0,0.E0,-1.E0));
#7625=AXIS2_PLACEMENT_3D('',#7622,#7623,#7624);
#7626=PLANE('',#7625);
#7627=ORIENTED_EDGE('',*,*,#7613,.F.);
#7628=ORIENTED_EDGE('',*,*,#7447,.F.);
#7630=ORIENTED_EDGE('',*,*,#7629,.T.);
#7631=ORIENTED_EDGE('',*,*,#7488,.F.);
#7632=EDGE_LOOP('',(#7627,#7628,#7630,#7631));
#7633=FACE_OUTER_BOUND('',#7632,.F.);
#7634=ADVANCED_FACE('',(#7633),#7626,.F.);
#7635=CARTESIAN_POINT('',(-1.17E0,7.E-2,-9.E-2));
#7636=DIRECTION('',(0.E0,0.E0,1.E0));
#7637=DIRECTION('',(0.E0,1.E0,0.E0));
#7638=AXIS2_PLACEMENT_3D('',#7635,#7636,#7637);
#7639=PLANE('',#7638);
#7640=ORIENTED_EDGE('',*,*,#7490,.T.);
#7641=ORIENTED_EDGE('',*,*,#7629,.F.);
#7642=ORIENTED_EDGE('',*,*,#7445,.F.);
#7644=ORIENTED_EDGE('',*,*,#7643,.T.);
#7645=EDGE_LOOP('',(#7640,#7641,#7642,#7644));
#7646=FACE_OUTER_BOUND('',#7645,.F.);
#7647=ADVANCED_FACE('',(#7646),#7639,.F.);
#7648=CARTESIAN_POINT('',(-1.17E0,7.E-2,9.E-2));
#7649=DIRECTION('',(0.E0,1.E0,0.E0));
#7650=DIRECTION('',(0.E0,0.E0,-1.E0));
#7651=AXIS2_PLACEMENT_3D('',#7648,#7649,#7650);
#7652=PLANE('',#7651);
#7653=ORIENTED_EDGE('',*,*,#7492,.T.);
#7654=ORIENTED_EDGE('',*,*,#7643,.F.);
#7655=ORIENTED_EDGE('',*,*,#7443,.F.);
#7657=ORIENTED_EDGE('',*,*,#7656,.T.);
#7658=EDGE_LOOP('',(#7653,#7654,#7655,#7657));
#7659=FACE_OUTER_BOUND('',#7658,.F.);
#7660=ADVANCED_FACE('',(#7659),#7652,.F.);
#7661=CARTESIAN_POINT('',(-1.17E0,2.E-1,9.E-2));
#7662=DIRECTION('',(0.E0,0.E0,-1.E0));
#7663=DIRECTION('',(0.E0,-1.E0,0.E0));
#7664=AXIS2_PLACEMENT_3D('',#7661,#7662,#7663);
#7665=PLANE('',#7664);
#7666=ORIENTED_EDGE('',*,*,#7494,.T.);
#7667=ORIENTED_EDGE('',*,*,#7656,.F.);
#7668=ORIENTED_EDGE('',*,*,#7441,.F.);
#7669=ORIENTED_EDGE('',*,*,#7462,.T.);
#7670=EDGE_LOOP('',(#7666,#7667,#7668,#7669));
#7671=FACE_OUTER_BOUND('',#7670,.F.);
#7672=ADVANCED_FACE('',(#7671),#7665,.F.);
#7673=CARTESIAN_POINT('',(-1.08E0,3.8E-1,-5.2E-1));
#7674=DIRECTION('',(0.E0,1.E0,0.E0));
#7675=DIRECTION('',(-1.E0,0.E0,0.E0));
#7676=AXIS2_PLACEMENT_3D('',#7673,#7674,#7675);
#7677=CYLINDRICAL_SURFACE('',#7676,3.E-2);
#7678=ORIENTED_EDGE('',*,*,#6738,.T.);
#7679=ORIENTED_EDGE('',*,*,#7617,.F.);
#7680=ORIENTED_EDGE('',*,*,#7014,.T.);
#7682=ORIENTED_EDGE('',*,*,#7681,.T.);
#7683=EDGE_LOOP('',(#7678,#7679,#7680,#7682));
#7684=FACE_OUTER_BOUND('',#7683,.F.);
#7685=ADVANCED_FACE('',(#7684),#7677,.F.);
#7686=CARTESIAN_POINT('',(-1.05E0,3.8E-1,-6.1E-1));
#7687=DIRECTION('',(-1.E0,0.E0,0.E0));
#7688=DIRECTION('',(0.E0,0.E0,1.E0));
#7689=AXIS2_PLACEMENT_3D('',#7686,#7687,#7688);
#7690=PLANE('',#7689);
#7692=ORIENTED_EDGE('',*,*,#7691,.F.);
#7693=ORIENTED_EDGE('',*,*,#7681,.F.);
#7694=ORIENTED_EDGE('',*,*,#7012,.F.);
#7695=ORIENTED_EDGE('',*,*,#6398,.F.);
#7697=ORIENTED_EDGE('',*,*,#7696,.T.);
#7699=ORIENTED_EDGE('',*,*,#7698,.F.);
#7701=ORIENTED_EDGE('',*,*,#7700,.T.);
#7702=EDGE_LOOP('',(#7692,#7693,#7694,#7695,#7697,#7699,#7701));
#7703=FACE_OUTER_BOUND('',#7702,.F.);
#7704=ADVANCED_FACE('',(#7703),#7690,.T.);
#7705=CARTESIAN_POINT('',(4.256496E0,3.5E-1,-5.2E-1));
#7706=DIRECTION('',(-1.E0,0.E0,0.E0));
#7707=DIRECTION('',(0.E0,1.E0,0.E0));
#7708=AXIS2_PLACEMENT_3D('',#7705,#7706,#7707);
#7709=CYLINDRICAL_SURFACE('',#7708,9.E-2);
#7710=ORIENTED_EDGE('',*,*,#7691,.T.);
#7712=ORIENTED_EDGE('',*,*,#7711,.F.);
#7714=ORIENTED_EDGE('',*,*,#7713,.T.);
#7715=ORIENTED_EDGE('',*,*,#6740,.T.);
#7716=EDGE_LOOP('',(#7710,#7712,#7714,#7715));
#7717=FACE_OUTER_BOUND('',#7716,.F.);
#7718=ADVANCED_FACE('',(#7717),#7709,.T.);
#7719=CARTESIAN_POINT('',(1.05E0,3.8E-1,-6.1E-1));
#7720=DIRECTION('',(0.E0,0.E0,-1.E0));
#7721=DIRECTION('',(-1.E0,0.E0,0.E0));
#7722=AXIS2_PLACEMENT_3D('',#7719,#7720,#7721);
#7723=PLANE('',#7722);
#7724=ORIENTED_EDGE('',*,*,#6774,.T.);
#7725=ORIENTED_EDGE('',*,*,#6803,.F.);
#7727=ORIENTED_EDGE('',*,*,#7726,.T.);
#7729=ORIENTED_EDGE('',*,*,#7728,.T.);
#7731=ORIENTED_EDGE('',*,*,#7730,.T.);
#7733=ORIENTED_EDGE('',*,*,#7732,.T.);
#7735=ORIENTED_EDGE('',*,*,#7734,.T.);
#7737=ORIENTED_EDGE('',*,*,#7736,.F.);
#7738=EDGE_LOOP('',(#7724,#7725,#7727,#7729,#7731,#7733,#7735,#7737));
#7739=FACE_OUTER_BOUND('',#7738,.F.);
#7740=ADVANCED_FACE('',(#7739),#7723,.T.);
#7741=CARTESIAN_POINT('',(1.05E0,3.8E-1,-6.1E-1));
#7742=DIRECTION('',(0.E0,0.E0,-1.E0));
#7743=DIRECTION('',(-1.E0,0.E0,0.E0));
#7744=AXIS2_PLACEMENT_3D('',#7741,#7742,#7743);
#7745=PLANE('',#7744);
#7746=ORIENTED_EDGE('',*,*,#7711,.T.);
#7747=ORIENTED_EDGE('',*,*,#7700,.F.);
#7749=ORIENTED_EDGE('',*,*,#7748,.T.);
#7751=ORIENTED_EDGE('',*,*,#7750,.T.);
#7753=ORIENTED_EDGE('',*,*,#7752,.T.);
#7755=ORIENTED_EDGE('',*,*,#7754,.T.);
#7757=ORIENTED_EDGE('',*,*,#7756,.T.);
#7759=ORIENTED_EDGE('',*,*,#7758,.F.);
#7760=EDGE_LOOP('',(#7746,#7747,#7749,#7751,#7753,#7755,#7757,#7759));
#7761=FACE_OUTER_BOUND('',#7760,.F.);
#7762=ADVANCED_FACE('',(#7761),#7745,.T.);
#7763=CARTESIAN_POINT('',(6.1E-1,1.25E-1,-6.1E-1));
#7764=DIRECTION('',(7.071067811865E-1,7.071067811865E-1,0.E0));
#7765=DIRECTION('',(7.071067811865E-1,-7.071067811865E-1,0.E0));
#7766=AXIS2_PLACEMENT_3D('',#7763,#7764,#7765);
#7767=PLANE('',#7766);
#7768=ORIENTED_EDGE('',*,*,#7726,.F.);
#7769=ORIENTED_EDGE('',*,*,#6801,.T.);
#7771=ORIENTED_EDGE('',*,*,#7770,.T.);
#7773=ORIENTED_EDGE('',*,*,#7772,.F.);
#7774=EDGE_LOOP('',(#7768,#7769,#7771,#7773));
#7775=FACE_OUTER_BOUND('',#7774,.F.);
#7776=ADVANCED_FACE('',(#7775),#7767,.F.);
#7777=CARTESIAN_POINT('',(0.E0,3.8E-1,-5.5E-1));
#7778=DIRECTION('',(0.E0,0.E0,1.E0));
#7779=DIRECTION('',(1.E0,0.E0,0.E0));
#7780=AXIS2_PLACEMENT_3D('',#7777,#7778,#7779);
#7781=PLANE('',#7780);
#7783=ORIENTED_EDGE('',*,*,#7782,.F.);
#7785=ORIENTED_EDGE('',*,*,#7784,.F.);
#7786=ORIENTED_EDGE('',*,*,#7770,.F.);
#7787=ORIENTED_EDGE('',*,*,#6799,.F.);
#7788=ORIENTED_EDGE('',*,*,#6380,.T.);
#7790=ORIENTED_EDGE('',*,*,#7789,.F.);
#7792=ORIENTED_EDGE('',*,*,#7791,.F.);
#7794=ORIENTED_EDGE('',*,*,#7793,.F.);
#7795=EDGE_LOOP('',(#7783,#7785,#7786,#7787,#7788,#7790,#7792,#7794));
#7796=FACE_OUTER_BOUND('',#7795,.F.);
#7797=ADVANCED_FACE('',(#7796),#7781,.T.);
#7798=CARTESIAN_POINT('',(0.E0,3.8E-1,-5.5E-1));
#7799=DIRECTION('',(0.E0,0.E0,1.E0));
#7800=DIRECTION('',(1.E0,0.E0,0.E0));
#7801=AXIS2_PLACEMENT_3D('',#7798,#7799,#7800);
#7802=PLANE('',#7801);
#7804=ORIENTED_EDGE('',*,*,#7803,.F.);
#7806=ORIENTED_EDGE('',*,*,#7805,.F.);
#7808=ORIENTED_EDGE('',*,*,#7807,.F.);
#7809=ORIENTED_EDGE('',*,*,#7696,.F.);
#7810=ORIENTED_EDGE('',*,*,#6396,.T.);
#7812=ORIENTED_EDGE('',*,*,#7811,.F.);
#7814=ORIENTED_EDGE('',*,*,#7813,.F.);
#7816=ORIENTED_EDGE('',*,*,#7815,.F.);
#7817=EDGE_LOOP('',(#7804,#7806,#7808,#7809,#7810,#7812,#7814,#7816));
#7818=FACE_OUTER_BOUND('',#7817,.F.);
#7819=ADVANCED_FACE('',(#7818),#7802,.T.);
#7820=CARTESIAN_POINT('',(-4.256496E0,7.E-2,-6.4E-1));
#7821=DIRECTION('',(1.E0,0.E0,0.E0));
#7822=DIRECTION('',(0.E0,0.E0,1.E0));
#7823=AXIS2_PLACEMENT_3D('',#7820,#7821,#7822);
#7824=CYLINDRICAL_SURFACE('',#7823,9.E-2);
#7826=ORIENTED_EDGE('',*,*,#7825,.T.);
#7828=ORIENTED_EDGE('',*,*,#7827,.F.);
#7830=ORIENTED_EDGE('',*,*,#7829,.T.);
#7831=ORIENTED_EDGE('',*,*,#7782,.T.);
#7832=EDGE_LOOP('',(#7826,#7828,#7830,#7831));
#7833=FACE_OUTER_BOUND('',#7832,.F.);
#7834=ADVANCED_FACE('',(#7833),#7824,.T.);
#7835=CARTESIAN_POINT('',(8.E-1,-2.E-2,-6.1E-1));
#7836=DIRECTION('',(-1.E0,0.E0,0.E0));
#7837=DIRECTION('',(0.E0,1.E0,0.E0));
#7838=AXIS2_PLACEMENT_3D('',#7835,#7836,#7837);
#7839=PLANE('',#7838);
#7840=ORIENTED_EDGE('',*,*,#7825,.F.);
#7842=ORIENTED_EDGE('',*,*,#7841,.F.);
#7844=ORIENTED_EDGE('',*,*,#7843,.F.);
#7846=ORIENTED_EDGE('',*,*,#7845,.F.);
#7848=ORIENTED_EDGE('',*,*,#7847,.F.);
#7850=ORIENTED_EDGE('',*,*,#7849,.T.);
#7851=EDGE_LOOP('',(#7840,#7842,#7844,#7846,#7848,#7850));
#7852=FACE_OUTER_BOUND('',#7851,.F.);
#7853=ADVANCED_FACE('',(#7852),#7839,.F.);
#7854=CARTESIAN_POINT('',(8.3E-1,7.E-2,-6.1E-1));
#7855=DIRECTION('',(0.E0,0.E0,1.E0));
#7856=DIRECTION('',(1.E0,0.E0,0.E0));
#7857=AXIS2_PLACEMENT_3D('',#7854,#7855,#7856);
#7858=CYLINDRICAL_SURFACE('',#7857,3.E-2);
#7859=ORIENTED_EDGE('',*,*,#7793,.T.);
#7861=ORIENTED_EDGE('',*,*,#7860,.F.);
#7862=ORIENTED_EDGE('',*,*,#7732,.F.);
#7863=ORIENTED_EDGE('',*,*,#7841,.T.);
#7864=EDGE_LOOP('',(#7859,#7861,#7862,#7863));
#7865=FACE_OUTER_BOUND('',#7864,.F.);
#7866=ADVANCED_FACE('',(#7865),#7858,.F.);
#7867=CARTESIAN_POINT('',(8.3E-1,1.E-1,-6.1E-1));
#7868=DIRECTION('',(0.E0,1.E0,0.E0));
#7869=DIRECTION('',(1.E0,0.E0,0.E0));
#7870=AXIS2_PLACEMENT_3D('',#7867,#7868,#7869);
#7871=PLANE('',#7870);
#7872=ORIENTED_EDGE('',*,*,#7734,.F.);
#7873=ORIENTED_EDGE('',*,*,#7860,.T.);
#7874=ORIENTED_EDGE('',*,*,#7791,.T.);
#7876=ORIENTED_EDGE('',*,*,#7875,.F.);
#7877=EDGE_LOOP('',(#7872,#7873,#7874,#7876));
#7878=FACE_OUTER_BOUND('',#7877,.F.);
#7879=ADVANCED_FACE('',(#7878),#7871,.F.);
#7880=CARTESIAN_POINT('',(1.05E0,3.8E-1,-5.2E-1));
#7881=DIRECTION('',(1.E0,0.E0,0.E0));
#7882=DIRECTION('',(0.E0,0.E0,-1.E0));
#7883=AXIS2_PLACEMENT_3D('',#7880,#7881,#7882);
#7884=PLANE('',#7883);
#7885=ORIENTED_EDGE('',*,*,#6776,.F.);
#7886=ORIENTED_EDGE('',*,*,#7736,.T.);
#7887=ORIENTED_EDGE('',*,*,#7875,.T.);
#7888=ORIENTED_EDGE('',*,*,#7789,.T.);
#7889=ORIENTED_EDGE('',*,*,#6386,.F.);
#7890=ORIENTED_EDGE('',*,*,#6996,.T.);
#7892=ORIENTED_EDGE('',*,*,#7891,.T.);
#7893=EDGE_LOOP('',(#7885,#7886,#7887,#7888,#7889,#7890,#7892));
#7894=FACE_OUTER_BOUND('',#7893,.F.);
#7895=ADVANCED_FACE('',(#7894),#7884,.T.);
#7896=CARTESIAN_POINT('',(1.08E0,3.8E-1,-5.2E-1));
#7897=DIRECTION('',(0.E0,1.E0,0.E0));
#7898=DIRECTION('',(-1.E0,0.E0,0.E0));
#7899=AXIS2_PLACEMENT_3D('',#7896,#7897,#7898);
#7900=CYLINDRICAL_SURFACE('',#7899,3.E-2);
#7901=ORIENTED_EDGE('',*,*,#6696,.T.);
#7902=ORIENTED_EDGE('',*,*,#7891,.F.);
#7903=ORIENTED_EDGE('',*,*,#6994,.T.);
#7905=ORIENTED_EDGE('',*,*,#7904,.T.);
#7906=EDGE_LOOP('',(#7901,#7902,#7903,#7905));
#7907=FACE_OUTER_BOUND('',#7906,.F.);
#7908=ADVANCED_FACE('',(#7907),#7900,.F.);
#7909=CARTESIAN_POINT('',(1.17E0,3.8E-1,-4.9E-1));
#7910=DIRECTION('',(0.E0,0.E0,-1.E0));
#7911=DIRECTION('',(-1.E0,0.E0,0.E0));
#7912=AXIS2_PLACEMENT_3D('',#7909,#7910,#7911);
#7913=PLANE('',#7912);
#7915=ORIENTED_EDGE('',*,*,#7914,.F.);
#7916=ORIENTED_EDGE('',*,*,#7904,.F.);
#7917=ORIENTED_EDGE('',*,*,#6992,.F.);
#7919=ORIENTED_EDGE('',*,*,#7918,.T.);
#7921=ORIENTED_EDGE('',*,*,#7920,.F.);
#7923=ORIENTED_EDGE('',*,*,#7922,.T.);
#7924=EDGE_LOOP('',(#7915,#7916,#7917,#7919,#7921,#7923));
#7925=FACE_OUTER_BOUND('',#7924,.F.);
#7926=ADVANCED_FACE('',(#7925),#7913,.T.);
#7927=CARTESIAN_POINT('',(1.08E0,3.5E-1,4.14828E0));
#7928=DIRECTION('',(0.E0,0.E0,-1.E0));
#7929=DIRECTION('',(0.E0,1.E0,0.E0));
#7930=AXIS2_PLACEMENT_3D('',#7927,#7928,#7929);
#7931=CYLINDRICAL_SURFACE('',#7930,9.E-2);
#7932=ORIENTED_EDGE('',*,*,#7914,.T.);
#7934=ORIENTED_EDGE('',*,*,#7933,.F.);
#7936=ORIENTED_EDGE('',*,*,#7935,.T.);
#7937=ORIENTED_EDGE('',*,*,#6698,.T.);
#7938=EDGE_LOOP('',(#7932,#7934,#7936,#7937));
#7939=FACE_OUTER_BOUND('',#7938,.F.);
#7940=ADVANCED_FACE('',(#7939),#7931,.T.);
#7941=CARTESIAN_POINT('',(1.17E0,3.8E-1,4.9E-1));
#7942=DIRECTION('',(1.E0,0.E0,0.E0));
#7943=DIRECTION('',(0.E0,0.E0,-1.E0));
#7944=AXIS2_PLACEMENT_3D('',#7941,#7942,#7943);
#7945=PLANE('',#7944);
#7946=ORIENTED_EDGE('',*,*,#7933,.T.);
#7947=ORIENTED_EDGE('',*,*,#7922,.F.);
#7949=ORIENTED_EDGE('',*,*,#7948,.F.);
#7951=ORIENTED_EDGE('',*,*,#7950,.F.);
#7953=ORIENTED_EDGE('',*,*,#7952,.F.);
#7955=ORIENTED_EDGE('',*,*,#7954,.F.);
#7957=ORIENTED_EDGE('',*,*,#7956,.F.);
#7959=ORIENTED_EDGE('',*,*,#7958,.F.);
#7960=EDGE_LOOP('',(#7946,#7947,#7949,#7951,#7953,#7955,#7957,#7959));
#7961=FACE_OUTER_BOUND('',#7960,.F.);
#7962=ADVANCED_FACE('',(#7961),#7945,.T.);
#7963=CARTESIAN_POINT('',(1.17E0,2.E-1,-9.E-2));
#7964=DIRECTION('',(0.E0,-1.E0,0.E0));
#7965=DIRECTION('',(0.E0,0.E0,-1.E0));
#7966=AXIS2_PLACEMENT_3D('',#7963,#7964,#7965);
#7967=PLANE('',#7966);
#7968=ORIENTED_EDGE('',*,*,#7920,.T.);
#7970=ORIENTED_EDGE('',*,*,#7969,.T.);
#7972=ORIENTED_EDGE('',*,*,#7971,.F.);
#7973=ORIENTED_EDGE('',*,*,#7948,.T.);
#7974=EDGE_LOOP('',(#7968,#7970,#7972,#7973));
#7975=FACE_OUTER_BOUND('',#7974,.F.);
#7976=ADVANCED_FACE('',(#7975),#7967,.T.);
#7977=CARTESIAN_POINT('',(1.1E0,4.6E-1,-1.1E-1));
#7978=DIRECTION('',(-1.E0,0.E0,0.E0));
#7979=DIRECTION('',(0.E0,0.E0,1.E0));
#7980=AXIS2_PLACEMENT_3D('',#7977,#7978,#7979);
#7981=PLANE('',#7980);
#7983=ORIENTED_EDGE('',*,*,#7982,.T.);
#7985=ORIENTED_EDGE('',*,*,#7984,.T.);
#7987=ORIENTED_EDGE('',*,*,#7986,.F.);
#7988=ORIENTED_EDGE('',*,*,#7969,.F.);
#7990=ORIENTED_EDGE('',*,*,#7989,.T.);
#7992=ORIENTED_EDGE('',*,*,#7991,.F.);
#7994=ORIENTED_EDGE('',*,*,#7993,.T.);
#7996=ORIENTED_EDGE('',*,*,#7995,.T.);
#7998=ORIENTED_EDGE('',*,*,#7997,.F.);
#8000=ORIENTED_EDGE('',*,*,#7999,.F.);
#8002=ORIENTED_EDGE('',*,*,#8001,.T.);
#8004=ORIENTED_EDGE('',*,*,#8003,.T.);
#8005=EDGE_LOOP('',(#7983,#7985,#7987,#7988,#7990,#7992,#7994,#7996,#7998,#8000,
#8002,#8004));
#8006=FACE_OUTER_BOUND('',#8005,.F.);
#8007=ADVANCED_FACE('',(#8006),#7981,.F.);
#8008=CARTESIAN_POINT('',(1.17E0,2.E-1,9.E-2));
#8009=DIRECTION('',(0.E0,0.E0,1.E0));
#8010=DIRECTION('',(0.E0,-1.E0,0.E0));
#8011=AXIS2_PLACEMENT_3D('',#8008,#8009,#8010);
#8012=PLANE('',#8011);
#8013=ORIENTED_EDGE('',*,*,#7982,.F.);
#8015=ORIENTED_EDGE('',*,*,#8014,.F.);
#8016=ORIENTED_EDGE('',*,*,#7954,.T.);
#8018=ORIENTED_EDGE('',*,*,#8017,.T.);
#8019=EDGE_LOOP('',(#8013,#8015,#8016,#8018));
#8020=FACE_OUTER_BOUND('',#8019,.F.);
#8021=ADVANCED_FACE('',(#8020),#8012,.T.);
#8022=CARTESIAN_POINT('',(1.17E0,2.E-1,4.9E-1));
#8023=DIRECTION('',(0.E0,-1.E0,0.E0));
#8024=DIRECTION('',(0.E0,0.E0,-1.E0));
#8025=AXIS2_PLACEMENT_3D('',#8022,#8023,#8024);
#8026=PLANE('',#8025);
#8028=ORIENTED_EDGE('',*,*,#8027,.F.);
#8029=ORIENTED_EDGE('',*,*,#7956,.T.);
#8030=ORIENTED_EDGE('',*,*,#8014,.T.);
#8031=ORIENTED_EDGE('',*,*,#8003,.F.);
#8032=EDGE_LOOP('',(#8028,#8029,#8030,#8031));
#8033=FACE_OUTER_BOUND('',#8032,.F.);
#8034=ADVANCED_FACE('',(#8033),#8026,.T.);
#8035=CARTESIAN_POINT('',(1.08E0,3.8E-1,4.9E-1));
#8036=DIRECTION('',(0.E0,0.E0,1.E0));
#8037=DIRECTION('',(1.E0,0.E0,0.E0));
#8038=AXIS2_PLACEMENT_3D('',#8035,#8036,#8037);
#8039=PLANE('',#8038);
#8040=ORIENTED_EDGE('',*,*,#7935,.F.);
#8041=ORIENTED_EDGE('',*,*,#7958,.T.);
#8042=ORIENTED_EDGE('',*,*,#8027,.T.);
#8044=ORIENTED_EDGE('',*,*,#8043,.F.);
#8045=ORIENTED_EDGE('',*,*,#6978,.T.);
#8046=ORIENTED_EDGE('',*,*,#6681,.T.);
#8047=EDGE_LOOP('',(#8040,#8041,#8042,#8044,#8045,#8046));
#8048=FACE_OUTER_BOUND('',#8047,.F.);
#8049=ADVANCED_FACE('',(#8048),#8039,.T.);
#8050=CARTESIAN_POINT('',(1.05E0,-6.45728E-1,4.9E-1));
#8051=DIRECTION('',(0.E0,1.E0,0.E0));
#8052=DIRECTION('',(0.E0,0.E0,1.E0));
#8053=AXIS2_PLACEMENT_3D('',#8050,#8051,#8052);
#8054=CYLINDRICAL_SURFACE('',#8053,5.E-2);
#8055=ORIENTED_EDGE('',*,*,#8043,.T.);
#8056=ORIENTED_EDGE('',*,*,#8001,.F.);
#8058=ORIENTED_EDGE('',*,*,#8057,.T.);
#8059=ORIENTED_EDGE('',*,*,#6331,.T.);
#8060=ORIENTED_EDGE('',*,*,#6980,.T.);
#8061=EDGE_LOOP('',(#8055,#8056,#8058,#8059,#8060));
#8062=FACE_OUTER_BOUND('',#8061,.F.);
#8063=ADVANCED_FACE('',(#8062),#8054,.T.);
#8064=CARTESIAN_POINT('',(1.1E0,1.8E-1,6.3E-1));
#8065=DIRECTION('',(0.E0,-1.E0,0.E0));
#8066=DIRECTION('',(1.E0,0.E0,0.E0));
#8067=AXIS2_PLACEMENT_3D('',#8064,#8065,#8066);
#8068=PLANE('',#8067);
#8069=ORIENTED_EDGE('',*,*,#6333,.T.);
#8070=ORIENTED_EDGE('',*,*,#8057,.F.);
#8071=ORIENTED_EDGE('',*,*,#7999,.T.);
#8073=ORIENTED_EDGE('',*,*,#8072,.F.);
#8075=ORIENTED_EDGE('',*,*,#8074,.F.);
#8076=ORIENTED_EDGE('',*,*,#6317,.F.);
#8077=EDGE_LOOP('',(#8069,#8070,#8071,#8073,#8075,#8076));
#8078=FACE_OUTER_BOUND('',#8077,.F.);
#8079=ADVANCED_FACE('',(#8078),#8068,.F.);
#8080=CARTESIAN_POINT('',(1.1E0,1.8E-1,6.3E-1));
#8081=DIRECTION('',(0.E0,-1.E0,0.E0));
#8082=DIRECTION('',(1.E0,0.E0,0.E0));
#8083=AXIS2_PLACEMENT_3D('',#8080,#8081,#8082);
#8084=PLANE('',#8083);
#8085=ORIENTED_EDGE('',*,*,#7991,.T.);
#8087=ORIENTED_EDGE('',*,*,#8086,.F.);
#8089=ORIENTED_EDGE('',*,*,#8088,.T.);
#8091=ORIENTED_EDGE('',*,*,#8090,.F.);
#8093=ORIENTED_EDGE('',*,*,#8092,.F.);
#8095=ORIENTED_EDGE('',*,*,#8094,.T.);
#8096=EDGE_LOOP('',(#8085,#8087,#8089,#8091,#8093,#8095));
#8097=FACE_OUTER_BOUND('',#8096,.F.);
#8098=ADVANCED_FACE('',(#8097),#8084,.F.);
#8099=CARTESIAN_POINT('',(1.1E0,4.6E-1,1.1E-1));
#8100=DIRECTION('',(0.E0,0.E0,1.E0));
#8101=DIRECTION('',(1.E0,0.E0,0.E0));
#8102=AXIS2_PLACEMENT_3D('',#8099,#8100,#8101);
#8103=PLANE('',#8102);
#8104=ORIENTED_EDGE('',*,*,#8072,.T.);
#8105=ORIENTED_EDGE('',*,*,#7997,.T.);
#8107=ORIENTED_EDGE('',*,*,#8106,.F.);
#8109=ORIENTED_EDGE('',*,*,#8108,.T.);
#8110=EDGE_LOOP('',(#8104,#8105,#8107,#8109));
#8111=FACE_OUTER_BOUND('',#8110,.F.);
#8112=ADVANCED_FACE('',(#8111),#8103,.F.);
#8113=CARTESIAN_POINT('',(-1.18E0,5.E-2,0.E0));
#8114=DIRECTION('',(0.E0,-1.E0,0.E0));
#8115=DIRECTION('',(1.E0,0.E0,0.E0));
#8116=AXIS2_PLACEMENT_3D('',#8113,#8114,#8115);
#8117=PLANE('',#8116);
#8119=ORIENTED_EDGE('',*,*,#8118,.F.);
#8121=ORIENTED_EDGE('',*,*,#8120,.T.);
#8123=ORIENTED_EDGE('',*,*,#8122,.F.);
#8125=ORIENTED_EDGE('',*,*,#8124,.F.);
#8127=ORIENTED_EDGE('',*,*,#8126,.F.);
#8129=ORIENTED_EDGE('',*,*,#8128,.F.);
#8131=ORIENTED_EDGE('',*,*,#8130,.F.);
#8133=ORIENTED_EDGE('',*,*,#8132,.T.);
#8134=ORIENTED_EDGE('',*,*,#8106,.T.);
#8135=ORIENTED_EDGE('',*,*,#7995,.F.);
#8136=EDGE_LOOP('',(#8119,#8121,#8123,#8125,#8127,#8129,#8131,#8133,#8134,
#8135));
#8137=FACE_OUTER_BOUND('',#8136,.F.);
#8138=ADVANCED_FACE('',(#8137),#8117,.T.);
#8139=CARTESIAN_POINT('',(-1.18E0,5.E-2,0.E0));
#8140=DIRECTION('',(0.E0,-1.E0,0.E0));
#8141=DIRECTION('',(1.E0,0.E0,0.E0));
#8142=AXIS2_PLACEMENT_3D('',#8139,#8140,#8141);
#8143=PLANE('',#8142);
#8145=ORIENTED_EDGE('',*,*,#8144,.F.);
#8146=ORIENTED_EDGE('',*,*,#6176,.F.);
#8148=ORIENTED_EDGE('',*,*,#8147,.F.);
#8150=ORIENTED_EDGE('',*,*,#8149,.F.);
#8152=ORIENTED_EDGE('',*,*,#8151,.F.);
#8154=ORIENTED_EDGE('',*,*,#8153,.F.);
#8156=ORIENTED_EDGE('',*,*,#8155,.F.);
#8157=ORIENTED_EDGE('',*,*,#6156,.F.);
#8159=ORIENTED_EDGE('',*,*,#8158,.T.);
#8160=ORIENTED_EDGE('',*,*,#7480,.F.);
#8161=EDGE_LOOP('',(#8145,#8146,#8148,#8150,#8152,#8154,#8156,#8157,#8159,
#8160));
#8162=FACE_OUTER_BOUND('',#8161,.F.);
#8163=ADVANCED_FACE('',(#8162),#8143,.T.);
#8164=CARTESIAN_POINT('',(1.18E0,4.6E-1,-1.1E-1));
#8165=DIRECTION('',(0.E0,0.E0,-1.E0));
#8166=DIRECTION('',(-1.E0,0.E0,0.E0));
#8167=AXIS2_PLACEMENT_3D('',#8164,#8165,#8166);
#8168=PLANE('',#8167);
#8169=ORIENTED_EDGE('',*,*,#8094,.F.);
#8171=ORIENTED_EDGE('',*,*,#8170,.F.);
#8172=ORIENTED_EDGE('',*,*,#8118,.T.);
#8173=ORIENTED_EDGE('',*,*,#7993,.F.);
#8174=EDGE_LOOP('',(#8169,#8171,#8172,#8173));
#8175=FACE_OUTER_BOUND('',#8174,.F.);
#8176=ADVANCED_FACE('',(#8175),#8168,.F.);
#8177=CARTESIAN_POINT('',(1.18E0,0.E0,0.E0));
#8178=DIRECTION('',(1.E0,0.E0,0.E0));
#8179=DIRECTION('',(0.E0,0.E0,-1.E0));
#8180=AXIS2_PLACEMENT_3D('',#8177,#8178,#8179);
#8181=PLANE('',#8180);
#8182=ORIENTED_EDGE('',*,*,#6319,.F.);
#8183=ORIENTED_EDGE('',*,*,#8074,.T.);
#8184=ORIENTED_EDGE('',*,*,#8108,.F.);
#8185=ORIENTED_EDGE('',*,*,#8132,.F.);
#8187=ORIENTED_EDGE('',*,*,#8186,.F.);
#8188=ORIENTED_EDGE('',*,*,#6207,.F.);
#8189=EDGE_LOOP('',(#8182,#8183,#8184,#8185,#8187,#8188));
#8190=FACE_OUTER_BOUND('',#8189,.F.);
#8191=ADVANCED_FACE('',(#8190),#8181,.T.);
#8192=CARTESIAN_POINT('',(1.18E0,0.E0,0.E0));
#8193=DIRECTION('',(1.E0,0.E0,0.E0));
#8194=DIRECTION('',(0.E0,0.E0,-1.E0));
#8195=AXIS2_PLACEMENT_3D('',#8192,#8193,#8194);
#8196=PLANE('',#8195);
#8198=ORIENTED_EDGE('',*,*,#8197,.F.);
#8199=ORIENTED_EDGE('',*,*,#6219,.F.);
#8201=ORIENTED_EDGE('',*,*,#8200,.T.);
#8202=ORIENTED_EDGE('',*,*,#8120,.F.);
#8203=ORIENTED_EDGE('',*,*,#8170,.T.);
#8204=ORIENTED_EDGE('',*,*,#8092,.T.);
#8205=EDGE_LOOP('',(#8198,#8199,#8201,#8202,#8203,#8204));
#8206=FACE_OUTER_BOUND('',#8205,.F.);
#8207=ADVANCED_FACE('',(#8206),#8196,.T.);
#8208=CARTESIAN_POINT('',(1.18E0,0.E0,4.E-1));
#8209=DIRECTION('',(0.E0,0.E0,1.E0));
#8210=DIRECTION('',(-1.E0,0.E0,0.E0));
#8211=AXIS2_PLACEMENT_3D('',#8208,#8209,#8210);
#8212=PLANE('',#8211);
#8213=ORIENTED_EDGE('',*,*,#8186,.T.);
#8214=ORIENTED_EDGE('',*,*,#8130,.T.);
#8216=ORIENTED_EDGE('',*,*,#8215,.F.);
#8217=ORIENTED_EDGE('',*,*,#6209,.F.);
#8218=EDGE_LOOP('',(#8213,#8214,#8216,#8217));
#8219=FACE_OUTER_BOUND('',#8218,.F.);
#8220=ADVANCED_FACE('',(#8219),#8212,.F.);
#8221=CARTESIAN_POINT('',(8.8E-1,0.E0,1.5E-1));
#8222=DIRECTION('',(0.E0,-1.E0,0.E0));
#8223=DIRECTION('',(1.E0,0.E0,0.E0));
#8224=AXIS2_PLACEMENT_3D('',#8221,#8222,#8223);
#8225=CYLINDRICAL_SURFACE('',#8224,2.5E-1);
#8226=ORIENTED_EDGE('',*,*,#6211,.F.);
#8227=ORIENTED_EDGE('',*,*,#8215,.T.);
#8228=ORIENTED_EDGE('',*,*,#8128,.T.);
#8230=ORIENTED_EDGE('',*,*,#8229,.F.);
#8231=EDGE_LOOP('',(#8226,#8227,#8228,#8230));
#8232=FACE_OUTER_BOUND('',#8231,.F.);
#8233=ADVANCED_FACE('',(#8232),#8225,.F.);
#8234=CARTESIAN_POINT('',(6.3E-1,0.E0,1.5E-1));
#8235=DIRECTION('',(-1.E0,0.E0,0.E0));
#8236=DIRECTION('',(0.E0,0.E0,-1.E0));
#8237=AXIS2_PLACEMENT_3D('',#8234,#8235,#8236);
#8238=PLANE('',#8237);
#8239=ORIENTED_EDGE('',*,*,#6213,.F.);
#8240=ORIENTED_EDGE('',*,*,#8229,.T.);
#8241=ORIENTED_EDGE('',*,*,#8126,.T.);
#8243=ORIENTED_EDGE('',*,*,#8242,.F.);
#8244=EDGE_LOOP('',(#8239,#8240,#8241,#8243));
#8245=FACE_OUTER_BOUND('',#8244,.F.);
#8246=ADVANCED_FACE('',(#8245),#8238,.F.);
#8247=CARTESIAN_POINT('',(8.8E-1,0.E0,-1.5E-1));
#8248=DIRECTION('',(0.E0,-1.E0,0.E0));
#8249=DIRECTION('',(1.E0,0.E0,0.E0));
#8250=AXIS2_PLACEMENT_3D('',#8247,#8248,#8249);
#8251=CYLINDRICAL_SURFACE('',#8250,2.5E-1);
#8252=ORIENTED_EDGE('',*,*,#6215,.F.);
#8253=ORIENTED_EDGE('',*,*,#8242,.T.);
#8254=ORIENTED_EDGE('',*,*,#8124,.T.);
#8256=ORIENTED_EDGE('',*,*,#8255,.F.);
#8257=EDGE_LOOP('',(#8252,#8253,#8254,#8256));
#8258=FACE_OUTER_BOUND('',#8257,.F.);
#8259=ADVANCED_FACE('',(#8258),#8251,.F.);
#8260=CARTESIAN_POINT('',(8.8E-1,0.E0,-4.E-1));
#8261=DIRECTION('',(0.E0,0.E0,-1.E0));
#8262=DIRECTION('',(1.E0,0.E0,0.E0));
#8263=AXIS2_PLACEMENT_3D('',#8260,#8261,#8262);
#8264=PLANE('',#8263);
#8265=ORIENTED_EDGE('',*,*,#8200,.F.);
#8266=ORIENTED_EDGE('',*,*,#6217,.T.);
#8267=ORIENTED_EDGE('',*,*,#8255,.T.);
#8268=ORIENTED_EDGE('',*,*,#8122,.T.);
#8269=EDGE_LOOP('',(#8265,#8266,#8267,#8268));
#8270=FACE_OUTER_BOUND('',#8269,.F.);
#8271=ADVANCED_FACE('',(#8270),#8264,.F.);
#8272=CARTESIAN_POINT('',(1.13E0,-6.45728E-1,-4.9E-1));
#8273=DIRECTION('',(0.E0,1.E0,0.E0));
#8274=DIRECTION('',(1.E0,0.E0,0.E0));
#8275=AXIS2_PLACEMENT_3D('',#8272,#8273,#8274);
#8276=CYLINDRICAL_SURFACE('',#8275,5.E-2);
#8277=ORIENTED_EDGE('',*,*,#8090,.T.);
#8279=ORIENTED_EDGE('',*,*,#8278,.F.);
#8280=ORIENTED_EDGE('',*,*,#6221,.T.);
#8281=ORIENTED_EDGE('',*,*,#8197,.T.);
#8282=EDGE_LOOP('',(#8277,#8279,#8280,#8281));
#8283=FACE_OUTER_BOUND('',#8282,.F.);
#8284=ADVANCED_FACE('',(#8283),#8276,.T.);
#8285=CARTESIAN_POINT('',(5.9E-1,4.6E-1,-5.4E-1));
#8286=DIRECTION('',(0.E0,0.E0,1.E0));
#8287=DIRECTION('',(1.E0,0.E0,0.E0));
#8288=AXIS2_PLACEMENT_3D('',#8285,#8286,#8287);
#8289=PLANE('',#8288);
#8290=ORIENTED_EDGE('',*,*,#6384,.T.);
#8291=ORIENTED_EDGE('',*,*,#6866,.F.);
#8293=ORIENTED_EDGE('',*,*,#8292,.T.);
#8294=ORIENTED_EDGE('',*,*,#6223,.F.);
#8295=ORIENTED_EDGE('',*,*,#8278,.T.);
#8296=ORIENTED_EDGE('',*,*,#8088,.F.);
#8298=ORIENTED_EDGE('',*,*,#8297,.F.);
#8299=EDGE_LOOP('',(#8290,#8291,#8293,#8294,#8295,#8296,#8298));
#8300=FACE_OUTER_BOUND('',#8299,.F.);
#8301=ADVANCED_FACE('',(#8300),#8289,.F.);
#8302=CARTESIAN_POINT('',(5.9E-1,4.6E-1,-6.3E-1));
#8303=DIRECTION('',(-1.E0,0.E0,0.E0));
#8304=DIRECTION('',(0.E0,0.E0,1.E0));
#8305=AXIS2_PLACEMENT_3D('',#8302,#8303,#8304);
#8306=PLANE('',#8305);
#8308=ORIENTED_EDGE('',*,*,#8307,.F.);
#8309=ORIENTED_EDGE('',*,*,#6906,.F.);
#8310=ORIENTED_EDGE('',*,*,#6337,.T.);
#8311=ORIENTED_EDGE('',*,*,#6302,.T.);
#8313=ORIENTED_EDGE('',*,*,#8312,.F.);
#8315=ORIENTED_EDGE('',*,*,#8314,.F.);
#8317=ORIENTED_EDGE('',*,*,#8316,.F.);
#8319=ORIENTED_EDGE('',*,*,#8318,.F.);
#8321=ORIENTED_EDGE('',*,*,#8320,.F.);
#8323=ORIENTED_EDGE('',*,*,#8322,.F.);
#8325=ORIENTED_EDGE('',*,*,#8324,.F.);
#8327=ORIENTED_EDGE('',*,*,#8326,.F.);
#8328=EDGE_LOOP('',(#8308,#8309,#8310,#8311,#8313,#8315,#8317,#8319,#8321,#8323,
#8325,#8327));
#8329=FACE_OUTER_BOUND('',#8328,.F.);
#8330=ADVANCED_FACE('',(#8329),#8306,.F.);
#8331=CARTESIAN_POINT('',(5.9E-1,4.6E-1,-6.3E-1));
#8332=DIRECTION('',(-1.E0,0.E0,0.E0));
#8333=DIRECTION('',(0.E0,0.E0,1.E0));
#8334=AXIS2_PLACEMENT_3D('',#8331,#8332,#8333);
#8335=PLANE('',#8334);
#8337=ORIENTED_EDGE('',*,*,#8336,.F.);
#8338=ORIENTED_EDGE('',*,*,#7141,.F.);
#8339=ORIENTED_EDGE('',*,*,#7223,.F.);
#8341=ORIENTED_EDGE('',*,*,#8340,.F.);
#8343=ORIENTED_EDGE('',*,*,#8342,.F.);
#8345=ORIENTED_EDGE('',*,*,#8344,.F.);
#8347=ORIENTED_EDGE('',*,*,#8346,.F.);
#8349=ORIENTED_EDGE('',*,*,#8348,.F.);
#8351=ORIENTED_EDGE('',*,*,#8350,.F.);
#8352=ORIENTED_EDGE('',*,*,#6225,.T.);
#8353=ORIENTED_EDGE('',*,*,#8292,.F.);
#8354=ORIENTED_EDGE('',*,*,#6864,.F.);
#8355=EDGE_LOOP('',(#8337,#8338,#8339,#8341,#8343,#8345,#8347,#8349,#8351,#8352,
#8353,#8354));
#8356=FACE_OUTER_BOUND('',#8355,.F.);
#8357=ADVANCED_FACE('',(#8356),#8335,.F.);
#8358=CARTESIAN_POINT('',(6.E-1,3.7E-1,3.952786404500E-1));
#8359=DIRECTION('',(7.071067811865E-1,7.071067811865E-1,0.E0));
#8360=DIRECTION('',(7.071067811865E-1,-7.071067811865E-1,0.E0));
#8361=AXIS2_PLACEMENT_3D('',#8358,#8359,#8360);
#8362=PLANE('',#8361);
#8364=ORIENTED_EDGE('',*,*,#8363,.T.);
#8366=ORIENTED_EDGE('',*,*,#8365,.F.);
#8368=ORIENTED_EDGE('',*,*,#8367,.T.);
#8369=ORIENTED_EDGE('',*,*,#8307,.T.);
#8371=ORIENTED_EDGE('',*,*,#8370,.T.);
#8373=ORIENTED_EDGE('',*,*,#8372,.T.);
#8375=ORIENTED_EDGE('',*,*,#8374,.F.);
#8376=EDGE_LOOP('',(#8364,#8366,#8368,#8369,#8371,#8373,#8375));
#8377=FACE_OUTER_BOUND('',#8376,.F.);
#8378=ADVANCED_FACE('',(#8377),#8362,.T.);
#8379=CARTESIAN_POINT('',(6.1E-1,3.8E-1,3.7E-1));
#8380=DIRECTION('',(-1.E0,0.E0,0.E0));
#8381=DIRECTION('',(0.E0,0.E0,1.E0));
#8382=AXIS2_PLACEMENT_3D('',#8379,#8380,#8381);
#8383=PLANE('',#8382);
#8384=ORIENTED_EDGE('',*,*,#6649,.F.);
#8385=ORIENTED_EDGE('',*,*,#6614,.T.);
#8387=ORIENTED_EDGE('',*,*,#8386,.T.);
#8388=ORIENTED_EDGE('',*,*,#6524,.F.);
#8389=ORIENTED_EDGE('',*,*,#6354,.F.);
#8390=ORIENTED_EDGE('',*,*,#6903,.T.);
#8391=ORIENTED_EDGE('',*,*,#6454,.F.);
#8393=ORIENTED_EDGE('',*,*,#8392,.T.);
#8394=ORIENTED_EDGE('',*,*,#8363,.F.);
#8396=ORIENTED_EDGE('',*,*,#8395,.F.);
#8397=ORIENTED_EDGE('',*,*,#6702,.T.);
#8398=EDGE_LOOP('',(#8384,#8385,#8387,#8388,#8389,#8390,#8391,#8393,#8394,#8396,
#8397));
#8399=FACE_OUTER_BOUND('',#8398,.F.);
#8400=ADVANCED_FACE('',(#8399),#8383,.T.);
#8401=CARTESIAN_POINT('',(6.1E-1,1.25E-1,6.1E-1));
#8402=DIRECTION('',(-7.071067811865E-1,-7.071067811865E-1,0.E0));
#8403=DIRECTION('',(7.071067811865E-1,-7.071067811865E-1,0.E0));
#8404=AXIS2_PLACEMENT_3D('',#8401,#8402,#8403);
#8405=PLANE('',#8404);
#8406=ORIENTED_EDGE('',*,*,#6612,.T.);
#8408=ORIENTED_EDGE('',*,*,#8407,.T.);
#8409=ORIENTED_EDGE('',*,*,#6526,.F.);
#8410=ORIENTED_EDGE('',*,*,#8386,.F.);
#8411=EDGE_LOOP('',(#8406,#8408,#8409,#8410));
#8412=FACE_OUTER_BOUND('',#8411,.F.);
#8413=ADVANCED_FACE('',(#8412),#8405,.T.);
#8414=CARTESIAN_POINT('',(6.5E-1,8.5E-2,6.1E-1));
#8415=DIRECTION('',(-1.E0,0.E0,0.E0));
#8416=DIRECTION('',(0.E0,-1.E0,0.E0));
#8417=AXIS2_PLACEMENT_3D('',#8414,#8415,#8416);
#8418=PLANE('',#8417);
#8420=ORIENTED_EDGE('',*,*,#8419,.F.);
#8421=ORIENTED_EDGE('',*,*,#6528,.F.);
#8422=ORIENTED_EDGE('',*,*,#8407,.F.);
#8423=ORIENTED_EDGE('',*,*,#6610,.T.);
#8425=ORIENTED_EDGE('',*,*,#8424,.F.);
#8427=ORIENTED_EDGE('',*,*,#8426,.F.);
#8429=ORIENTED_EDGE('',*,*,#8428,.F.);
#8431=ORIENTED_EDGE('',*,*,#8430,.T.);
#8432=EDGE_LOOP('',(#8420,#8421,#8422,#8423,#8425,#8427,#8429,#8431));
#8433=FACE_OUTER_BOUND('',#8432,.F.);
#8434=ADVANCED_FACE('',(#8433),#8418,.T.);
#8435=CARTESIAN_POINT('',(4.256496E0,7.E-2,6.4E-1));
#8436=DIRECTION('',(-1.E0,0.E0,0.E0));
#8437=DIRECTION('',(0.E0,0.E0,-1.E0));
#8438=AXIS2_PLACEMENT_3D('',#8435,#8436,#8437);
#8439=CYLINDRICAL_SURFACE('',#8438,9.E-2);
#8440=ORIENTED_EDGE('',*,*,#8419,.T.);
#8442=ORIENTED_EDGE('',*,*,#8441,.F.);
#8444=ORIENTED_EDGE('',*,*,#8443,.T.);
#8445=ORIENTED_EDGE('',*,*,#6515,.T.);
#8446=EDGE_LOOP('',(#8440,#8442,#8444,#8445));
#8447=FACE_OUTER_BOUND('',#8446,.F.);
#8448=ADVANCED_FACE('',(#8447),#8439,.T.);
#8449=CARTESIAN_POINT('',(6.5E-1,-2.E-2,6.1E-1));
#8450=DIRECTION('',(0.E0,-1.E0,0.E0));
#8451=DIRECTION('',(1.E0,0.E0,0.E0));
#8452=AXIS2_PLACEMENT_3D('',#8449,#8450,#8451);
#8453=PLANE('',#8452);
#8454=ORIENTED_EDGE('',*,*,#7827,.T.);
#8455=ORIENTED_EDGE('',*,*,#7849,.F.);
#8457=ORIENTED_EDGE('',*,*,#8456,.F.);
#8459=ORIENTED_EDGE('',*,*,#8458,.F.);
#8460=EDGE_LOOP('',(#8454,#8455,#8457,#8459));
#8461=FACE_OUTER_BOUND('',#8460,.F.);
#8462=ADVANCED_FACE('',(#8461),#8453,.T.);
#8463=CARTESIAN_POINT('',(6.5E-1,-2.E-2,6.1E-1));
#8464=DIRECTION('',(0.E0,-1.E0,0.E0));
#8465=DIRECTION('',(1.E0,0.E0,0.E0));
#8466=AXIS2_PLACEMENT_3D('',#8463,#8464,#8465);
#8467=PLANE('',#8466);
#8468=ORIENTED_EDGE('',*,*,#6540,.T.);
#8469=ORIENTED_EDGE('',*,*,#6562,.F.);
#8471=ORIENTED_EDGE('',*,*,#8470,.F.);
#8473=ORIENTED_EDGE('',*,*,#8472,.F.);
#8474=EDGE_LOOP('',(#8468,#8469,#8471,#8473));
#8475=FACE_OUTER_BOUND('',#8474,.F.);
#8476=ADVANCED_FACE('',(#8475),#8467,.T.);
#8477=CARTESIAN_POINT('',(6.5E-1,-2.E-2,6.1E-1));
#8478=DIRECTION('',(0.E0,-1.E0,0.E0));
#8479=DIRECTION('',(1.E0,0.E0,0.E0));
#8480=AXIS2_PLACEMENT_3D('',#8477,#8478,#8479);
#8481=PLANE('',#8480);
#8482=ORIENTED_EDGE('',*,*,#8441,.T.);
#8483=ORIENTED_EDGE('',*,*,#8430,.F.);
#8485=ORIENTED_EDGE('',*,*,#8484,.F.);
#8487=ORIENTED_EDGE('',*,*,#8486,.F.);
#8488=EDGE_LOOP('',(#8482,#8483,#8485,#8487));
#8489=FACE_OUTER_BOUND('',#8488,.F.);
#8490=ADVANCED_FACE('',(#8489),#8481,.T.);
#8491=CARTESIAN_POINT('',(6.5E-1,-2.E-2,6.1E-1));
#8492=DIRECTION('',(0.E0,-1.E0,0.E0));
#8493=DIRECTION('',(1.E0,0.E0,0.E0));
#8494=AXIS2_PLACEMENT_3D('',#8491,#8492,#8493);
#8495=PLANE('',#8494);
#8497=ORIENTED_EDGE('',*,*,#8496,.T.);
#8499=ORIENTED_EDGE('',*,*,#8498,.F.);
#8501=ORIENTED_EDGE('',*,*,#8500,.F.);
#8503=ORIENTED_EDGE('',*,*,#8502,.F.);
#8504=EDGE_LOOP('',(#8497,#8499,#8501,#8503));
#8505=FACE_OUTER_BOUND('',#8504,.F.);
#8506=ADVANCED_FACE('',(#8505),#8495,.T.);
#8507=CARTESIAN_POINT('',(6.5E-1,-2.E-2,-8.85E-1));
#8508=DIRECTION('',(0.E0,0.E0,-1.E0));
#8509=DIRECTION('',(1.E0,0.E0,0.E0));
#8510=AXIS2_PLACEMENT_3D('',#8507,#8508,#8509);
#8511=PLANE('',#8510);
#8512=ORIENTED_EDGE('',*,*,#8456,.T.);
#8513=ORIENTED_EDGE('',*,*,#7847,.T.);
#8515=ORIENTED_EDGE('',*,*,#8514,.F.);
#8517=ORIENTED_EDGE('',*,*,#8516,.F.);
#8518=EDGE_LOOP('',(#8512,#8513,#8515,#8517));
#8519=FACE_OUTER_BOUND('',#8518,.F.);
#8520=ADVANCED_FACE('',(#8519),#8511,.T.);
#8521=CARTESIAN_POINT('',(0.E0,4.E-2,5.5E-1));
#8522=DIRECTION('',(0.E0,-1.E0,0.E0));
#8523=DIRECTION('',(1.E0,0.E0,0.E0));
#8524=AXIS2_PLACEMENT_3D('',#8521,#8522,#8523);
#8525=PLANE('',#8524);
#8527=ORIENTED_EDGE('',*,*,#8526,.F.);
#8529=ORIENTED_EDGE('',*,*,#8528,.T.);
#8531=ORIENTED_EDGE('',*,*,#8530,.T.);
#8533=ORIENTED_EDGE('',*,*,#8532,.T.);
#8534=EDGE_LOOP('',(#8527,#8529,#8531,#8533));
#8535=FACE_OUTER_BOUND('',#8534,.F.);
#8536=ADVANCED_FACE('',(#8535),#8525,.F.);
#8537=CARTESIAN_POINT('',(0.E0,4.E-2,5.5E-1));
#8538=DIRECTION('',(0.E0,-1.E0,0.E0));
#8539=DIRECTION('',(1.E0,0.E0,0.E0));
#8540=AXIS2_PLACEMENT_3D('',#8537,#8538,#8539);
#8541=PLANE('',#8540);
#8543=ORIENTED_EDGE('',*,*,#8542,.F.);
#8545=ORIENTED_EDGE('',*,*,#8544,.T.);
#8546=ORIENTED_EDGE('',*,*,#8514,.T.);
#8547=ORIENTED_EDGE('',*,*,#7845,.T.);
#8548=EDGE_LOOP('',(#8543,#8545,#8546,#8547));
#8549=FACE_OUTER_BOUND('',#8548,.F.);
#8550=ADVANCED_FACE('',(#8549),#8541,.F.);
#8551=CARTESIAN_POINT('',(0.E0,4.E-2,5.5E-1));
#8552=DIRECTION('',(0.E0,-1.E0,0.E0));
#8553=DIRECTION('',(1.E0,0.E0,0.E0));
#8554=AXIS2_PLACEMENT_3D('',#8551,#8552,#8553);
#8555=PLANE('',#8554);
#8557=ORIENTED_EDGE('',*,*,#8556,.F.);
#8559=ORIENTED_EDGE('',*,*,#8558,.T.);
#8561=ORIENTED_EDGE('',*,*,#8560,.T.);
#8562=ORIENTED_EDGE('',*,*,#8426,.T.);
#8563=EDGE_LOOP('',(#8557,#8559,#8561,#8562));
#8564=FACE_OUTER_BOUND('',#8563,.F.);
#8565=ADVANCED_FACE('',(#8564),#8555,.F.);
#8566=CARTESIAN_POINT('',(0.E0,4.E-2,5.5E-1));
#8567=DIRECTION('',(0.E0,-1.E0,0.E0));
#8568=DIRECTION('',(1.E0,0.E0,0.E0));
#8569=AXIS2_PLACEMENT_3D('',#8566,#8567,#8568);
#8570=PLANE('',#8569);
#8572=ORIENTED_EDGE('',*,*,#8571,.F.);
#8574=ORIENTED_EDGE('',*,*,#8573,.T.);
#8576=ORIENTED_EDGE('',*,*,#8575,.T.);
#8577=ORIENTED_EDGE('',*,*,#6558,.T.);
#8578=EDGE_LOOP('',(#8572,#8574,#8576,#8577));
#8579=FACE_OUTER_BOUND('',#8578,.F.);
#8580=ADVANCED_FACE('',(#8579),#8570,.F.);
#8581=CARTESIAN_POINT('',(-4.256496E0,7.E-2,-6.4E-1));
#8582=DIRECTION('',(1.E0,0.E0,0.E0));
#8583=DIRECTION('',(0.E0,0.E0,1.E0));
#8584=AXIS2_PLACEMENT_3D('',#8581,#8582,#8583);
#8585=CYLINDRICAL_SURFACE('',#8584,3.E-2);
#8586=ORIENTED_EDGE('',*,*,#7752,.F.);
#8588=ORIENTED_EDGE('',*,*,#8587,.T.);
#8589=ORIENTED_EDGE('',*,*,#8526,.T.);
#8591=ORIENTED_EDGE('',*,*,#8590,.T.);
#8592=EDGE_LOOP('',(#8586,#8588,#8589,#8591));
#8593=FACE_OUTER_BOUND('',#8592,.F.);
#8594=ADVANCED_FACE('',(#8593),#8585,.F.);
#8595=CARTESIAN_POINT('',(-8.E-1,7.E-2,-6.1E-1));
#8596=DIRECTION('',(1.E0,0.E0,0.E0));
#8597=DIRECTION('',(0.E0,-1.E0,0.E0));
#8598=AXIS2_PLACEMENT_3D('',#8595,#8596,#8597);
#8599=PLANE('',#8598);
#8601=ORIENTED_EDGE('',*,*,#8600,.F.);
#8602=ORIENTED_EDGE('',*,*,#8502,.T.);
#8604=ORIENTED_EDGE('',*,*,#8603,.T.);
#8605=ORIENTED_EDGE('',*,*,#8528,.F.);
#8606=ORIENTED_EDGE('',*,*,#8587,.F.);
#8608=ORIENTED_EDGE('',*,*,#8607,.T.);
#8609=EDGE_LOOP('',(#8601,#8602,#8604,#8605,#8606,#8608));
#8610=FACE_OUTER_BOUND('',#8609,.F.);
#8611=ADVANCED_FACE('',(#8610),#8599,.F.);
#8612=CARTESIAN_POINT('',(-4.256496E0,7.E-2,-6.4E-1));
#8613=DIRECTION('',(1.E0,0.E0,0.E0));
#8614=DIRECTION('',(0.E0,0.E0,1.E0));
#8615=AXIS2_PLACEMENT_3D('',#8612,#8613,#8614);
#8616=CYLINDRICAL_SURFACE('',#8615,9.E-2);
#8618=ORIENTED_EDGE('',*,*,#8617,.T.);
#8619=ORIENTED_EDGE('',*,*,#8496,.F.);
#8620=ORIENTED_EDGE('',*,*,#8600,.T.);
#8621=ORIENTED_EDGE('',*,*,#7803,.T.);
#8622=EDGE_LOOP('',(#8618,#8619,#8620,#8621));
#8623=FACE_OUTER_BOUND('',#8622,.F.);
#8624=ADVANCED_FACE('',(#8623),#8616,.T.);
#8625=CARTESIAN_POINT('',(-6.5E-1,-2.E-2,-6.1E-1));
#8626=DIRECTION('',(-1.E0,0.E0,0.E0));
#8627=DIRECTION('',(0.E0,1.E0,0.E0));
#8628=AXIS2_PLACEMENT_3D('',#8625,#8626,#8627);
#8629=PLANE('',#8628);
#8630=ORIENTED_EDGE('',*,*,#8617,.F.);
#8631=ORIENTED_EDGE('',*,*,#7815,.T.);
#8633=ORIENTED_EDGE('',*,*,#8632,.F.);
#8634=ORIENTED_EDGE('',*,*,#7754,.F.);
#8635=ORIENTED_EDGE('',*,*,#8590,.F.);
#8636=ORIENTED_EDGE('',*,*,#8532,.F.);
#8638=ORIENTED_EDGE('',*,*,#8637,.F.);
#8639=ORIENTED_EDGE('',*,*,#8498,.T.);
#8640=EDGE_LOOP('',(#8630,#8631,#8633,#8634,#8635,#8636,#8638,#8639));
#8641=FACE_OUTER_BOUND('',#8640,.F.);
#8642=ADVANCED_FACE('',(#8641),#8629,.F.);
#8643=CARTESIAN_POINT('',(-6.5E-1,8.5E-2,-6.1E-1));
#8644=DIRECTION('',(-7.071067811865E-1,7.071067811865E-1,0.E0));
#8645=DIRECTION('',(7.071067811865E-1,7.071067811865E-1,0.E0));
#8646=AXIS2_PLACEMENT_3D('',#8643,#8644,#8645);
#8647=PLANE('',#8646);
#8648=ORIENTED_EDGE('',*,*,#7756,.F.);
#8649=ORIENTED_EDGE('',*,*,#8632,.T.);
#8650=ORIENTED_EDGE('',*,*,#7813,.T.);
#8652=ORIENTED_EDGE('',*,*,#8651,.F.);
#8653=EDGE_LOOP('',(#8648,#8649,#8650,#8652));
#8654=FACE_OUTER_BOUND('',#8653,.F.);
#8655=ADVANCED_FACE('',(#8654),#8647,.F.);
#8656=CARTESIAN_POINT('',(-6.1E-1,3.8E-1,-3.7E-1));
#8657=DIRECTION('',(1.E0,0.E0,0.E0));
#8658=DIRECTION('',(0.E0,0.E0,-1.E0));
#8659=AXIS2_PLACEMENT_3D('',#8656,#8657,#8658);
#8660=PLANE('',#8659);
#8661=ORIENTED_EDGE('',*,*,#7713,.F.);
#8662=ORIENTED_EDGE('',*,*,#7758,.T.);
#8663=ORIENTED_EDGE('',*,*,#8651,.T.);
#8664=ORIENTED_EDGE('',*,*,#7811,.T.);
#8665=ORIENTED_EDGE('',*,*,#6402,.F.);
#8666=ORIENTED_EDGE('',*,*,#6962,.T.);
#8667=ORIENTED_EDGE('',*,*,#6414,.F.);
#8669=ORIENTED_EDGE('',*,*,#8668,.T.);
#8671=ORIENTED_EDGE('',*,*,#8670,.F.);
#8673=ORIENTED_EDGE('',*,*,#8672,.F.);
#8674=ORIENTED_EDGE('',*,*,#6742,.T.);
#8675=EDGE_LOOP('',(#8661,#8662,#8663,#8664,#8665,#8666,#8667,#8669,#8671,#8673,
#8674));
#8676=FACE_OUTER_BOUND('',#8675,.F.);
#8677=ADVANCED_FACE('',(#8676),#8660,.T.);
#8678=CARTESIAN_POINT('',(-6.1E-1,4.4E-1,-4.3E-1));
#8679=DIRECTION('',(0.E0,0.E0,-1.E0));
#8680=DIRECTION('',(-1.E0,0.E0,0.E0));
#8681=AXIS2_PLACEMENT_3D('',#8678,#8679,#8680);
#8682=PLANE('',#8681);
#8684=ORIENTED_EDGE('',*,*,#8683,.F.);
#8685=ORIENTED_EDGE('',*,*,#8668,.F.);
#8686=ORIENTED_EDGE('',*,*,#6412,.T.);
#8688=ORIENTED_EDGE('',*,*,#8687,.T.);
#8690=ORIENTED_EDGE('',*,*,#8689,.F.);
#8691=EDGE_LOOP('',(#8684,#8685,#8686,#8688,#8690));
#8692=FACE_OUTER_BOUND('',#8691,.F.);
#8693=ADVANCED_FACE('',(#8692),#8682,.T.);
#8694=CARTESIAN_POINT('',(-6.1E-1,3.8E-1,-3.5E-1));
#8695=DIRECTION('',(1.E0,0.E0,0.E0));
#8696=DIRECTION('',(0.E0,0.E0,-1.E0));
#8697=AXIS2_PLACEMENT_3D('',#8694,#8695,#8696);
#8698=PLANE('',#8697);
#8699=ORIENTED_EDGE('',*,*,#8683,.T.);
#8701=ORIENTED_EDGE('',*,*,#8700,.T.);
#8703=ORIENTED_EDGE('',*,*,#8702,.F.);
#8705=ORIENTED_EDGE('',*,*,#8704,.F.);
#8707=ORIENTED_EDGE('',*,*,#8706,.T.);
#8708=EDGE_LOOP('',(#8699,#8701,#8703,#8705,#8707));
#8709=FACE_OUTER_BOUND('',#8708,.F.);
#8710=ADVANCED_FACE('',(#8709),#8698,.F.);
#8711=CARTESIAN_POINT('',(-6.1E-1,3.8E-1,-3.5E-1));
#8712=DIRECTION('',(1.E0,0.E0,0.E0));
#8713=DIRECTION('',(0.E0,0.E0,-1.E0));
#8714=AXIS2_PLACEMENT_3D('',#8711,#8712,#8713);
#8715=PLANE('',#8714);
#8717=ORIENTED_EDGE('',*,*,#8716,.F.);
#8719=ORIENTED_EDGE('',*,*,#8718,.F.);
#8721=ORIENTED_EDGE('',*,*,#8720,.T.);
#8723=ORIENTED_EDGE('',*,*,#8722,.F.);
#8725=ORIENTED_EDGE('',*,*,#8724,.T.);
#8726=EDGE_LOOP('',(#8717,#8719,#8721,#8723,#8725));
#8727=FACE_OUTER_BOUND('',#8726,.F.);
#8728=ADVANCED_FACE('',(#8727),#8715,.F.);
#8729=CARTESIAN_POINT('',(-1.18E0,3.E-1,0.E0));
#8730=DIRECTION('',(0.E0,1.E0,0.E0));
#8731=DIRECTION('',(1.E0,0.E0,0.E0));
#8732=AXIS2_PLACEMENT_3D('',#8729,#8730,#8731);
#8733=PLANE('',#8732);
#8735=ORIENTED_EDGE('',*,*,#8734,.T.);
#8737=ORIENTED_EDGE('',*,*,#8736,.T.);
#8738=ORIENTED_EDGE('',*,*,#8724,.F.);
#8740=ORIENTED_EDGE('',*,*,#8739,.F.);
#8742=ORIENTED_EDGE('',*,*,#8741,.F.);
#8744=ORIENTED_EDGE('',*,*,#8743,.F.);
#8745=ORIENTED_EDGE('',*,*,#8700,.F.);
#8746=ORIENTED_EDGE('',*,*,#8689,.T.);
#8747=EDGE_LOOP('',(#8735,#8737,#8738,#8740,#8742,#8744,#8745,#8746));
#8748=FACE_OUTER_BOUND('',#8747,.F.);
#8749=ADVANCED_FACE('',(#8748),#8733,.T.);
#8750=CARTESIAN_POINT('',(-1.18E0,3.E-1,0.E0));
#8751=DIRECTION('',(0.E0,1.E0,0.E0));
#8752=DIRECTION('',(1.E0,0.E0,0.E0));
#8753=AXIS2_PLACEMENT_3D('',#8750,#8751,#8752);
#8754=PLANE('',#8753);
#8756=ORIENTED_EDGE('',*,*,#8755,.T.);
#8758=ORIENTED_EDGE('',*,*,#8757,.F.);
#8760=ORIENTED_EDGE('',*,*,#8759,.T.);
#8762=ORIENTED_EDGE('',*,*,#8761,.F.);
#8764=ORIENTED_EDGE('',*,*,#8763,.F.);
#8766=ORIENTED_EDGE('',*,*,#8765,.F.);
#8768=ORIENTED_EDGE('',*,*,#8767,.F.);
#8770=ORIENTED_EDGE('',*,*,#8769,.F.);
#8771=EDGE_LOOP('',(#8756,#8758,#8760,#8762,#8764,#8766,#8768,#8770));
#8772=FACE_OUTER_BOUND('',#8771,.F.);
#8773=ADVANCED_FACE('',(#8772),#8754,.T.);
#8774=CARTESIAN_POINT('',(-1.18E0,3.E-1,0.E0));
#8775=DIRECTION('',(0.E0,1.E0,0.E0));
#8776=DIRECTION('',(1.E0,0.E0,0.E0));
#8777=AXIS2_PLACEMENT_3D('',#8774,#8775,#8776);
#8778=PLANE('',#8777);
#8780=ORIENTED_EDGE('',*,*,#8779,.T.);
#8782=ORIENTED_EDGE('',*,*,#8781,.T.);
#8784=ORIENTED_EDGE('',*,*,#8783,.F.);
#8786=ORIENTED_EDGE('',*,*,#8785,.T.);
#8788=ORIENTED_EDGE('',*,*,#8787,.F.);
#8790=ORIENTED_EDGE('',*,*,#8789,.F.);
#8792=ORIENTED_EDGE('',*,*,#8791,.F.);
#8794=ORIENTED_EDGE('',*,*,#8793,.T.);
#8795=EDGE_LOOP('',(#8780,#8782,#8784,#8786,#8788,#8790,#8792,#8794));
#8796=FACE_OUTER_BOUND('',#8795,.F.);
#8797=ADVANCED_FACE('',(#8796),#8778,.T.);
#8798=CARTESIAN_POINT('',(-1.18E0,3.E-1,0.E0));
#8799=DIRECTION('',(0.E0,1.E0,0.E0));
#8800=DIRECTION('',(1.E0,0.E0,0.E0));
#8801=AXIS2_PLACEMENT_3D('',#8798,#8799,#8800);
#8802=PLANE('',#8801);
#8804=ORIENTED_EDGE('',*,*,#8803,.T.);
#8806=ORIENTED_EDGE('',*,*,#8805,.F.);
#8808=ORIENTED_EDGE('',*,*,#8807,.T.);
#8810=ORIENTED_EDGE('',*,*,#8809,.F.);
#8812=ORIENTED_EDGE('',*,*,#8811,.F.);
#8814=ORIENTED_EDGE('',*,*,#8813,.F.);
#8816=ORIENTED_EDGE('',*,*,#8815,.T.);
#8818=ORIENTED_EDGE('',*,*,#8817,.F.);
#8819=EDGE_LOOP('',(#8804,#8806,#8808,#8810,#8812,#8814,#8816,#8818));
#8820=FACE_OUTER_BOUND('',#8819,.F.);
#8821=ADVANCED_FACE('',(#8820),#8802,.T.);
#8822=CARTESIAN_POINT('',(-7.75E-1,3.8E-1,-4.3E-1));
#8823=DIRECTION('',(-1.E0,0.E0,0.E0));
#8824=DIRECTION('',(0.E0,0.E0,1.E0));
#8825=AXIS2_PLACEMENT_3D('',#8822,#8823,#8824);
#8826=PLANE('',#8825);
#8828=ORIENTED_EDGE('',*,*,#8827,.F.);
#8830=ORIENTED_EDGE('',*,*,#8829,.F.);
#8831=ORIENTED_EDGE('',*,*,#8734,.F.);
#8832=ORIENTED_EDGE('',*,*,#8687,.F.);
#8834=ORIENTED_EDGE('',*,*,#8833,.T.);
#8835=EDGE_LOOP('',(#8828,#8830,#8831,#8832,#8834));
#8836=FACE_OUTER_BOUND('',#8835,.F.);
#8837=ADVANCED_FACE('',(#8836),#8826,.T.);
#8838=CARTESIAN_POINT('',(-4.256496E0,3.57E-1,-4.53E-1));
#8839=DIRECTION('',(1.E0,0.E0,0.E0));
#8840=DIRECTION('',(0.E0,1.E0,0.E0));
#8841=AXIS2_PLACEMENT_3D('',#8838,#8839,#8840);
#8842=CYLINDRICAL_SURFACE('',#8841,8.3E-2);
#8843=ORIENTED_EDGE('',*,*,#8672,.T.);
#8844=ORIENTED_EDGE('',*,*,#8718,.T.);
#8846=ORIENTED_EDGE('',*,*,#8845,.F.);
#8847=ORIENTED_EDGE('',*,*,#8827,.T.);
#8849=ORIENTED_EDGE('',*,*,#8848,.T.);
#8850=ORIENTED_EDGE('',*,*,#6744,.T.);
#8851=EDGE_LOOP('',(#8843,#8844,#8846,#8847,#8849,#8850));
#8852=FACE_OUTER_BOUND('',#8851,.F.);
#8853=ADVANCED_FACE('',(#8852),#8842,.T.);
#8854=CARTESIAN_POINT('',(-7.75E-1,3.8E-1,-3.7E-1));
#8855=DIRECTION('',(0.E0,0.E0,1.E0));
#8856=DIRECTION('',(1.E0,0.E0,0.E0));
#8857=AXIS2_PLACEMENT_3D('',#8854,#8855,#8856);
#8858=PLANE('',#8857);
#8859=ORIENTED_EDGE('',*,*,#8845,.T.);
#8860=ORIENTED_EDGE('',*,*,#8716,.T.);
#8861=ORIENTED_EDGE('',*,*,#8736,.F.);
#8862=ORIENTED_EDGE('',*,*,#8829,.T.);
#8863=EDGE_LOOP('',(#8859,#8860,#8861,#8862));
#8864=FACE_OUTER_BOUND('',#8863,.F.);
#8865=ADVANCED_FACE('',(#8864),#8858,.T.);
#8866=CARTESIAN_POINT('',(-8.05E-1,3.8E-1,-4.3E-1));
#8867=DIRECTION('',(0.E0,1.E0,0.E0));
#8868=DIRECTION('',(-1.E0,0.E0,0.E0));
#8869=AXIS2_PLACEMENT_3D('',#8866,#8867,#8868);
#8870=CYLINDRICAL_SURFACE('',#8869,3.E-2);
#8871=ORIENTED_EDGE('',*,*,#8848,.F.);
#8872=ORIENTED_EDGE('',*,*,#8833,.F.);
#8873=ORIENTED_EDGE('',*,*,#6422,.F.);
#8875=ORIENTED_EDGE('',*,*,#8874,.T.);
#8876=ORIENTED_EDGE('',*,*,#6746,.T.);
#8877=EDGE_LOOP('',(#8871,#8872,#8873,#8875,#8876));
#8878=FACE_OUTER_BOUND('',#8877,.F.);
#8879=ADVANCED_FACE('',(#8878),#8870,.F.);
#8880=CARTESIAN_POINT('',(-8.6E-1,3.8E-1,-4.6E-1));
#8881=DIRECTION('',(0.E0,0.E0,1.E0));
#8882=DIRECTION('',(1.E0,0.E0,0.E0));
#8883=AXIS2_PLACEMENT_3D('',#8880,#8881,#8882);
#8884=PLANE('',#8883);
#8885=ORIENTED_EDGE('',*,*,#6942,.F.);
#8887=ORIENTED_EDGE('',*,*,#8886,.T.);
#8888=ORIENTED_EDGE('',*,*,#6748,.T.);
#8889=ORIENTED_EDGE('',*,*,#8874,.F.);
#8890=ORIENTED_EDGE('',*,*,#6420,.F.);
#8891=EDGE_LOOP('',(#8885,#8887,#8888,#8889,#8890));
#8892=FACE_OUTER_BOUND('',#8891,.F.);
#8893=ADVANCED_FACE('',(#8892),#8884,.T.);
#8894=CARTESIAN_POINT('',(-8.6E-1,3.8E-1,-4.3E-1));
#8895=DIRECTION('',(0.E0,1.E0,0.E0));
#8896=DIRECTION('',(-1.E0,0.E0,0.E0));
#8897=AXIS2_PLACEMENT_3D('',#8894,#8895,#8896);
#8898=CYLINDRICAL_SURFACE('',#8897,3.E-2);
#8899=ORIENTED_EDGE('',*,*,#6940,.T.);
#8901=ORIENTED_EDGE('',*,*,#8900,.T.);
#8902=ORIENTED_EDGE('',*,*,#6750,.T.);
#8903=ORIENTED_EDGE('',*,*,#8886,.F.);
#8904=EDGE_LOOP('',(#8899,#8901,#8902,#8903));
#8905=FACE_OUTER_BOUND('',#8904,.F.);
#8906=ADVANCED_FACE('',(#8905),#8898,.F.);
#8907=CARTESIAN_POINT('',(-8.9E-1,3.8E-1,4.3E-1));
#8908=DIRECTION('',(1.E0,0.E0,0.E0));
#8909=DIRECTION('',(0.E0,0.E0,-1.E0));
#8910=AXIS2_PLACEMENT_3D('',#8907,#8908,#8909);
#8911=PLANE('',#8910);
#8912=ORIENTED_EDGE('',*,*,#6938,.F.);
#8914=ORIENTED_EDGE('',*,*,#8913,.T.);
#8915=ORIENTED_EDGE('',*,*,#6752,.T.);
#8916=ORIENTED_EDGE('',*,*,#8900,.F.);
#8917=EDGE_LOOP('',(#8912,#8914,#8915,#8916));
#8918=FACE_OUTER_BOUND('',#8917,.F.);
#8919=ADVANCED_FACE('',(#8918),#8911,.T.);
#8920=CARTESIAN_POINT('',(-8.6E-1,3.8E-1,4.3E-1));
#8921=DIRECTION('',(0.E0,1.E0,0.E0));
#8922=DIRECTION('',(-1.E0,0.E0,0.E0));
#8923=AXIS2_PLACEMENT_3D('',#8920,#8921,#8922);
#8924=CYLINDRICAL_SURFACE('',#8923,3.E-2);
#8925=ORIENTED_EDGE('',*,*,#6936,.T.);
#8927=ORIENTED_EDGE('',*,*,#8926,.T.);
#8928=ORIENTED_EDGE('',*,*,#6754,.T.);
#8929=ORIENTED_EDGE('',*,*,#8913,.F.);
#8930=EDGE_LOOP('',(#8925,#8927,#8928,#8929));
#8931=FACE_OUTER_BOUND('',#8930,.F.);
#8932=ADVANCED_FACE('',(#8931),#8924,.F.);
#8933=CARTESIAN_POINT('',(-8.05E-1,3.8E-1,4.6E-1));
#8934=DIRECTION('',(0.E0,0.E0,-1.E0));
#8935=DIRECTION('',(-1.E0,0.E0,0.E0));
#8936=AXIS2_PLACEMENT_3D('',#8933,#8934,#8935);
#8937=PLANE('',#8936);
#8938=ORIENTED_EDGE('',*,*,#6934,.F.);
#8939=ORIENTED_EDGE('',*,*,#6476,.F.);
#8941=ORIENTED_EDGE('',*,*,#8940,.T.);
#8942=ORIENTED_EDGE('',*,*,#6756,.T.);
#8943=ORIENTED_EDGE('',*,*,#8926,.F.);
#8944=EDGE_LOOP('',(#8938,#8939,#8941,#8942,#8943));
#8945=FACE_OUTER_BOUND('',#8944,.F.);
#8946=ADVANCED_FACE('',(#8945),#8937,.T.);
#8947=CARTESIAN_POINT('',(-8.05E-1,3.8E-1,4.3E-1));
#8948=DIRECTION('',(0.E0,1.E0,0.E0));
#8949=DIRECTION('',(-1.E0,0.E0,0.E0));
#8950=AXIS2_PLACEMENT_3D('',#8947,#8948,#8949);
#8951=CYLINDRICAL_SURFACE('',#8950,3.E-2);
#8953=ORIENTED_EDGE('',*,*,#8952,.F.);
#8954=ORIENTED_EDGE('',*,*,#6758,.T.);
#8955=ORIENTED_EDGE('',*,*,#8940,.F.);
#8956=ORIENTED_EDGE('',*,*,#6474,.F.);
#8958=ORIENTED_EDGE('',*,*,#8957,.T.);
#8959=EDGE_LOOP('',(#8953,#8954,#8955,#8956,#8958));
#8960=FACE_OUTER_BOUND('',#8959,.F.);
#8961=ADVANCED_FACE('',(#8960),#8951,.F.);
#8962=CARTESIAN_POINT('',(3.523103900002E0,3.57E-1,4.53E-1));
#8963=DIRECTION('',(-1.E0,0.E0,0.E0));
#8964=DIRECTION('',(0.E0,1.E0,0.E0));
#8965=AXIS2_PLACEMENT_3D('',#8962,#8963,#8964);
#8966=CYLINDRICAL_SURFACE('',#8965,8.3E-2);
#8967=ORIENTED_EDGE('',*,*,#8952,.T.);
#8969=ORIENTED_EDGE('',*,*,#8968,.T.);
#8971=ORIENTED_EDGE('',*,*,#8970,.F.);
#8973=ORIENTED_EDGE('',*,*,#8972,.T.);
#8974=ORIENTED_EDGE('',*,*,#7343,.T.);
#8975=ORIENTED_EDGE('',*,*,#6760,.T.);
#8976=EDGE_LOOP('',(#8967,#8969,#8971,#8973,#8974,#8975));
#8977=FACE_OUTER_BOUND('',#8976,.F.);
#8978=ADVANCED_FACE('',(#8977),#8966,.T.);
#8979=CARTESIAN_POINT('',(-7.75E-1,3.8E-1,3.7E-1));
#8980=DIRECTION('',(-1.E0,0.E0,0.E0));
#8981=DIRECTION('',(0.E0,0.E0,1.E0));
#8982=AXIS2_PLACEMENT_3D('',#8979,#8980,#8981);
#8983=PLANE('',#8982);
#8984=ORIENTED_EDGE('',*,*,#8968,.F.);
#8985=ORIENTED_EDGE('',*,*,#8957,.F.);
#8987=ORIENTED_EDGE('',*,*,#8986,.T.);
#8988=ORIENTED_EDGE('',*,*,#8805,.T.);
#8990=ORIENTED_EDGE('',*,*,#8989,.T.);
#8991=EDGE_LOOP('',(#8984,#8985,#8987,#8988,#8990));
#8992=FACE_OUTER_BOUND('',#8991,.F.);
#8993=ADVANCED_FACE('',(#8992),#8983,.T.);
#8994=CARTESIAN_POINT('',(-7.75E-1,4.4E-1,4.3E-1));
#8995=DIRECTION('',(0.E0,0.E0,1.E0));
#8996=DIRECTION('',(1.E0,0.E0,0.E0));
#8997=AXIS2_PLACEMENT_3D('',#8994,#8995,#8996);
#8998=PLANE('',#8997);
#9000=ORIENTED_EDGE('',*,*,#8999,.T.);
#9001=ORIENTED_EDGE('',*,*,#8807,.F.);
#9002=ORIENTED_EDGE('',*,*,#8986,.F.);
#9003=ORIENTED_EDGE('',*,*,#6472,.T.);
#9004=ORIENTED_EDGE('',*,*,#7346,.T.);
#9005=EDGE_LOOP('',(#9000,#9001,#9002,#9003,#9004));
#9006=FACE_OUTER_BOUND('',#9005,.F.);
#9007=ADVANCED_FACE('',(#9006),#8998,.T.);
#9008=CARTESIAN_POINT('',(-6.1E-1,3.8E-1,4.4E-1));
#9009=DIRECTION('',(1.E0,0.E0,0.E0));
#9010=DIRECTION('',(0.E0,0.E0,-1.E0));
#9011=AXIS2_PLACEMENT_3D('',#9008,#9009,#9010);
#9012=PLANE('',#9011);
#9013=ORIENTED_EDGE('',*,*,#8999,.F.);
#9014=ORIENTED_EDGE('',*,*,#7330,.T.);
#9016=ORIENTED_EDGE('',*,*,#9015,.F.);
#9018=ORIENTED_EDGE('',*,*,#9017,.T.);
#9019=ORIENTED_EDGE('',*,*,#8809,.T.);
#9020=EDGE_LOOP('',(#9013,#9014,#9016,#9018,#9019));
#9021=FACE_OUTER_BOUND('',#9020,.F.);
#9022=ADVANCED_FACE('',(#9021),#9012,.F.);
#9023=CARTESIAN_POINT('',(-6.1E-1,3.8E-1,4.4E-1));
#9024=DIRECTION('',(1.E0,0.E0,0.E0));
#9025=DIRECTION('',(0.E0,0.E0,-1.E0));
#9026=AXIS2_PLACEMENT_3D('',#9023,#9024,#9025);
#9027=PLANE('',#9026);
#9029=ORIENTED_EDGE('',*,*,#9028,.T.);
#9030=ORIENTED_EDGE('',*,*,#8817,.T.);
#9032=ORIENTED_EDGE('',*,*,#9031,.T.);
#9033=ORIENTED_EDGE('',*,*,#7321,.T.);
#9034=ORIENTED_EDGE('',*,*,#8972,.F.);
#9035=EDGE_LOOP('',(#9029,#9030,#9032,#9033,#9034));
#9036=FACE_OUTER_BOUND('',#9035,.F.);
#9037=ADVANCED_FACE('',(#9036),#9027,.F.);
#9038=CARTESIAN_POINT('',(-6.975E-1,3.65E-1,4.55E-1));
#9039=DIRECTION('',(0.E0,7.071067811865E-1,-7.071067811865E-1));
#9040=DIRECTION('',(0.E0,-7.071067811865E-1,-7.071067811865E-1));
#9041=AXIS2_PLACEMENT_3D('',#9038,#9039,#9040);
#9042=PLANE('',#9041);
#9043=ORIENTED_EDGE('',*,*,#6480,.T.);
#9045=ORIENTED_EDGE('',*,*,#9044,.F.);
#9047=ORIENTED_EDGE('',*,*,#9046,.F.);
#9048=ORIENTED_EDGE('',*,*,#9015,.T.);
#9049=ORIENTED_EDGE('',*,*,#7328,.T.);
#9050=ORIENTED_EDGE('',*,*,#6920,.T.);
#9051=EDGE_LOOP('',(#9043,#9045,#9047,#9048,#9049,#9050));
#9052=FACE_OUTER_BOUND('',#9051,.F.);
#9053=ADVANCED_FACE('',(#9052),#9042,.T.);
#9054=CARTESIAN_POINT('',(-8.E-1,3.65E-1,3.952786404500E-1));
#9055=DIRECTION('',(7.071067811865E-1,7.071067811865E-1,0.E0));
#9056=DIRECTION('',(7.071067811865E-1,-7.071067811865E-1,0.E0));
#9057=AXIS2_PLACEMENT_3D('',#9054,#9055,#9056);
#9058=PLANE('',#9057);
#9059=ORIENTED_EDGE('',*,*,#6478,.T.);
#9060=ORIENTED_EDGE('',*,*,#6952,.T.);
#9062=ORIENTED_EDGE('',*,*,#9061,.T.);
#9064=ORIENTED_EDGE('',*,*,#9063,.T.);
#9066=ORIENTED_EDGE('',*,*,#9065,.F.);
#9067=ORIENTED_EDGE('',*,*,#9044,.T.);
#9068=EDGE_LOOP('',(#9059,#9060,#9062,#9064,#9066,#9067));
#9069=FACE_OUTER_BOUND('',#9068,.F.);
#9070=ADVANCED_FACE('',(#9069),#9058,.T.);
#9071=CARTESIAN_POINT('',(-8.3E-1,3.7E-1,4.4E-1));
#9072=DIRECTION('',(1.E0,0.E0,0.E0));
#9073=DIRECTION('',(0.E0,0.E0,-1.E0));
#9074=AXIS2_PLACEMENT_3D('',#9071,#9072,#9073);
#9075=CYLINDRICAL_SURFACE('',#9074,9.E-2);
#9076=ORIENTED_EDGE('',*,*,#7203,.T.);
#9078=ORIENTED_EDGE('',*,*,#9077,.F.);
#9080=ORIENTED_EDGE('',*,*,#9079,.F.);
#9082=ORIENTED_EDGE('',*,*,#9081,.T.);
#9083=EDGE_LOOP('',(#9076,#9078,#9080,#9082));
#9084=FACE_OUTER_BOUND('',#9083,.F.);
#9085=ADVANCED_FACE('',(#9084),#9075,.T.);
#9086=CARTESIAN_POINT('',(-8.3E-1,3.7E-1,4.4E-1));
#9087=DIRECTION('',(1.E0,0.E0,0.E0));
#9088=DIRECTION('',(0.E0,0.E0,-1.E0));
#9089=AXIS2_PLACEMENT_3D('',#9086,#9087,#9088);
#9090=CYLINDRICAL_SURFACE('',#9089,9.E-2);
#9092=ORIENTED_EDGE('',*,*,#9091,.T.);
#9094=ORIENTED_EDGE('',*,*,#9093,.F.);
#9096=ORIENTED_EDGE('',*,*,#9095,.F.);
#9098=ORIENTED_EDGE('',*,*,#9097,.T.);
#9099=EDGE_LOOP('',(#9092,#9094,#9096,#9098));
#9100=FACE_OUTER_BOUND('',#9099,.F.);
#9101=ADVANCED_FACE('',(#9100),#9090,.T.);
#9102=CARTESIAN_POINT('',(-8.3E-1,3.7E-1,4.4E-1));
#9103=DIRECTION('',(1.E0,0.E0,0.E0));
#9104=DIRECTION('',(0.E0,0.E0,-1.E0));
#9105=AXIS2_PLACEMENT_3D('',#9102,#9103,#9104);
#9106=CYLINDRICAL_SURFACE('',#9105,9.E-2);
#9108=ORIENTED_EDGE('',*,*,#9107,.T.);
#9110=ORIENTED_EDGE('',*,*,#9109,.F.);
#9112=ORIENTED_EDGE('',*,*,#9111,.F.);
#9114=ORIENTED_EDGE('',*,*,#9113,.T.);
#9115=EDGE_LOOP('',(#9108,#9110,#9112,#9114));
#9116=FACE_OUTER_BOUND('',#9115,.F.);
#9117=ADVANCED_FACE('',(#9116),#9106,.T.);
#9118=CARTESIAN_POINT('',(-8.3E-1,3.7E-1,4.4E-1));
#9119=DIRECTION('',(1.E0,0.E0,0.E0));
#9120=DIRECTION('',(0.E0,0.E0,-1.E0));
#9121=AXIS2_PLACEMENT_3D('',#9118,#9119,#9120);
#9122=CYLINDRICAL_SURFACE('',#9121,9.E-2);
#9123=ORIENTED_EDGE('',*,*,#7263,.F.);
#9124=ORIENTED_EDGE('',*,*,#7325,.F.);
#9126=ORIENTED_EDGE('',*,*,#9125,.T.);
#9128=ORIENTED_EDGE('',*,*,#9127,.T.);
#9130=ORIENTED_EDGE('',*,*,#9129,.F.);
#9131=EDGE_LOOP('',(#9123,#9124,#9126,#9128,#9130));
#9132=FACE_OUTER_BOUND('',#9131,.F.);
#9133=ADVANCED_FACE('',(#9132),#9122,.T.);
#9134=CARTESIAN_POINT('',(-8.3E-1,3.7E-1,4.4E-1));
#9135=DIRECTION('',(1.E0,0.E0,0.E0));
#9136=DIRECTION('',(0.E0,0.E0,-1.E0));
#9137=AXIS2_PLACEMENT_3D('',#9134,#9135,#9136);
#9138=CYLINDRICAL_SURFACE('',#9137,9.E-2);
#9139=ORIENTED_EDGE('',*,*,#8326,.T.);
#9141=ORIENTED_EDGE('',*,*,#9140,.F.);
#9143=ORIENTED_EDGE('',*,*,#9142,.F.);
#9145=ORIENTED_EDGE('',*,*,#9144,.T.);
#9146=ORIENTED_EDGE('',*,*,#8370,.F.);
#9147=EDGE_LOOP('',(#9139,#9141,#9143,#9145,#9146));
#9148=FACE_OUTER_BOUND('',#9147,.F.);
#9149=ADVANCED_FACE('',(#9148),#9138,.T.);
#9150=CARTESIAN_POINT('',(-8.3E-1,3.7E-1,4.4E-1));
#9151=DIRECTION('',(1.E0,0.E0,0.E0));
#9152=DIRECTION('',(0.E0,0.E0,-1.E0));
#9153=AXIS2_PLACEMENT_3D('',#9150,#9151,#9152);
#9154=CYLINDRICAL_SURFACE('',#9153,9.E-2);
#9155=ORIENTED_EDGE('',*,*,#6950,.T.);
#9157=ORIENTED_EDGE('',*,*,#9156,.F.);
#9159=ORIENTED_EDGE('',*,*,#9158,.T.);
#9160=ORIENTED_EDGE('',*,*,#9061,.F.);
#9161=EDGE_LOOP('',(#9155,#9157,#9159,#9160));
#9162=FACE_OUTER_BOUND('',#9161,.F.);
#9163=ADVANCED_FACE('',(#9162),#9154,.T.);
#9164=CARTESIAN_POINT('',(-8.3E-1,3.7E-1,4.4E-1));
#9165=DIRECTION('',(1.E0,0.E0,0.E0));
#9166=DIRECTION('',(0.E0,0.E0,-1.E0));
#9167=AXIS2_PLACEMENT_3D('',#9164,#9165,#9166);
#9168=CYLINDRICAL_SURFACE('',#9167,9.E-2);
#9170=ORIENTED_EDGE('',*,*,#9169,.T.);
#9172=ORIENTED_EDGE('',*,*,#9171,.F.);
#9173=ORIENTED_EDGE('',*,*,#6887,.T.);
#9175=ORIENTED_EDGE('',*,*,#9174,.F.);
#9176=EDGE_LOOP('',(#9170,#9172,#9173,#9175));
#9177=FACE_OUTER_BOUND('',#9176,.F.);
#9178=ADVANCED_FACE('',(#9177),#9168,.T.);
#9179=CARTESIAN_POINT('',(-1.18E0,4.6E-1,3.5E-1));
#9180=DIRECTION('',(0.E0,1.E0,0.E0));
#9181=DIRECTION('',(0.E0,0.E0,1.E0));
#9182=AXIS2_PLACEMENT_3D('',#9179,#9180,#9181);
#9183=PLANE('',#9182);
#9184=ORIENTED_EDGE('',*,*,#7265,.F.);
#9185=ORIENTED_EDGE('',*,*,#9129,.T.);
#9187=ORIENTED_EDGE('',*,*,#9186,.F.);
#9189=ORIENTED_EDGE('',*,*,#9188,.T.);
#9191=ORIENTED_EDGE('',*,*,#9190,.T.);
#9192=ORIENTED_EDGE('',*,*,#9077,.T.);
#9193=ORIENTED_EDGE('',*,*,#7209,.F.);
#9195=ORIENTED_EDGE('',*,*,#9194,.T.);
#9197=ORIENTED_EDGE('',*,*,#9196,.T.);
#9198=ORIENTED_EDGE('',*,*,#9093,.T.);
#9200=ORIENTED_EDGE('',*,*,#9199,.F.);
#9202=ORIENTED_EDGE('',*,*,#9201,.T.);
#9204=ORIENTED_EDGE('',*,*,#9203,.T.);
#9205=ORIENTED_EDGE('',*,*,#9109,.T.);
#9207=ORIENTED_EDGE('',*,*,#9206,.F.);
#9209=ORIENTED_EDGE('',*,*,#9208,.T.);
#9211=ORIENTED_EDGE('',*,*,#9210,.T.);
#9212=ORIENTED_EDGE('',*,*,#9140,.T.);
#9213=ORIENTED_EDGE('',*,*,#8324,.T.);
#9215=ORIENTED_EDGE('',*,*,#9214,.F.);
#9216=EDGE_LOOP('',(#9184,#9185,#9187,#9189,#9191,#9192,#9193,#9195,#9197,#9198,
#9200,#9202,#9204,#9205,#9207,#9209,#9211,#9212,#9213,#9215));
#9217=FACE_OUTER_BOUND('',#9216,.F.);
#9218=ADVANCED_FACE('',(#9217),#9183,.T.);
#9219=CARTESIAN_POINT('',(-5.7E-1,0.E0,0.E0));
#9220=DIRECTION('',(1.E0,0.E0,0.E0));
#9221=DIRECTION('',(0.E0,0.E0,-1.E0));
#9222=AXIS2_PLACEMENT_3D('',#9219,#9220,#9221);
#9223=PLANE('',#9222);
#9224=ORIENTED_EDGE('',*,*,#7127,.F.);
#9225=ORIENTED_EDGE('',*,*,#7250,.T.);
#9227=ORIENTED_EDGE('',*,*,#9226,.T.);
#9229=ORIENTED_EDGE('',*,*,#9228,.T.);
#9230=EDGE_LOOP('',(#9224,#9225,#9227,#9229));
#9231=FACE_OUTER_BOUND('',#9230,.F.);
#9232=ADVANCED_FACE('',(#9231),#9223,.F.);
#9233=CARTESIAN_POINT('',(-5.7E-1,0.E0,0.E0));
#9234=DIRECTION('',(1.E0,0.E0,0.E0));
#9235=DIRECTION('',(0.E0,0.E0,-1.E0));
#9236=AXIS2_PLACEMENT_3D('',#9233,#9234,#9235);
#9237=PLANE('',#9236);
#9238=ORIENTED_EDGE('',*,*,#9127,.F.);
#9240=ORIENTED_EDGE('',*,*,#9239,.T.);
#9242=ORIENTED_EDGE('',*,*,#9241,.T.);
#9243=ORIENTED_EDGE('',*,*,#9186,.T.);
#9244=EDGE_LOOP('',(#9238,#9240,#9242,#9243));
#9245=FACE_OUTER_BOUND('',#9244,.F.);
#9246=ADVANCED_FACE('',(#9245),#9237,.F.);
#9247=CARTESIAN_POINT('',(-5.7E-1,4.6E-1,-4.2E-1));
#9248=DIRECTION('',(0.E0,9.191450300181E-1,3.939192985792E-1));
#9249=DIRECTION('',(0.E0,-3.939192985792E-1,9.191450300181E-1));
#9250=AXIS2_PLACEMENT_3D('',#9247,#9248,#9249);
#9251=PLANE('',#9250);
#9252=ORIENTED_EDGE('',*,*,#9226,.F.);
#9253=ORIENTED_EDGE('',*,*,#7248,.T.);
#9255=ORIENTED_EDGE('',*,*,#9254,.T.);
#9257=ORIENTED_EDGE('',*,*,#9256,.F.);
#9258=EDGE_LOOP('',(#9252,#9253,#9255,#9257));
#9259=FACE_OUTER_BOUND('',#9258,.F.);
#9260=ADVANCED_FACE('',(#9259),#9251,.T.);
#9261=CARTESIAN_POINT('',(-4.8E-1,0.E0,0.E0));
#9262=DIRECTION('',(1.E0,0.E0,0.E0));
#9263=DIRECTION('',(0.E0,0.E0,-1.E0));
#9264=AXIS2_PLACEMENT_3D('',#9261,#9262,#9263);
#9265=PLANE('',#9264);
#9266=ORIENTED_EDGE('',*,*,#7079,.T.);
#9268=ORIENTED_EDGE('',*,*,#9267,.F.);
#9269=ORIENTED_EDGE('',*,*,#9254,.F.);
#9270=ORIENTED_EDGE('',*,*,#7246,.F.);
#9271=EDGE_LOOP('',(#9266,#9268,#9269,#9270));
#9272=FACE_OUTER_BOUND('',#9271,.F.);
#9273=ADVANCED_FACE('',(#9272),#9265,.T.);
#9274=CARTESIAN_POINT('',(-4.8E-1,0.E0,0.E0));
#9275=DIRECTION('',(1.E0,0.E0,0.E0));
#9276=DIRECTION('',(0.E0,0.E0,-1.E0));
#9277=AXIS2_PLACEMENT_3D('',#9274,#9275,#9276);
#9278=PLANE('',#9277);
#9279=ORIENTED_EDGE('',*,*,#9079,.T.);
#9280=ORIENTED_EDGE('',*,*,#9190,.F.);
#9282=ORIENTED_EDGE('',*,*,#9281,.F.);
#9284=ORIENTED_EDGE('',*,*,#9283,.F.);
#9285=EDGE_LOOP('',(#9279,#9280,#9282,#9284));
#9286=FACE_OUTER_BOUND('',#9285,.F.);
#9287=ADVANCED_FACE('',(#9286),#9278,.T.);
#9288=CARTESIAN_POINT('',(-8.3E-1,1.3E-1,-3.5E-1));
#9289=DIRECTION('',(0.E0,0.E0,-1.E0));
#9290=DIRECTION('',(0.E0,1.E0,0.E0));
#9291=AXIS2_PLACEMENT_3D('',#9288,#9289,#9290);
#9292=PLANE('',#9291);
#9293=ORIENTED_EDGE('',*,*,#7177,.F.);
#9295=ORIENTED_EDGE('',*,*,#9294,.F.);
#9297=ORIENTED_EDGE('',*,*,#9296,.F.);
#9299=ORIENTED_EDGE('',*,*,#9298,.F.);
#9301=ORIENTED_EDGE('',*,*,#9300,.T.);
#9303=ORIENTED_EDGE('',*,*,#9302,.F.);
#9304=ORIENTED_EDGE('',*,*,#7159,.F.);
#9306=ORIENTED_EDGE('',*,*,#9305,.F.);
#9308=ORIENTED_EDGE('',*,*,#9307,.F.);
#9309=ORIENTED_EDGE('',*,*,#8739,.T.);
#9310=ORIENTED_EDGE('',*,*,#8722,.T.);
#9312=ORIENTED_EDGE('',*,*,#9311,.F.);
#9313=ORIENTED_EDGE('',*,*,#7129,.T.);
#9314=ORIENTED_EDGE('',*,*,#9228,.F.);
#9315=ORIENTED_EDGE('',*,*,#9256,.T.);
#9316=ORIENTED_EDGE('',*,*,#9267,.T.);
#9317=ORIENTED_EDGE('',*,*,#7077,.T.);
#9318=ORIENTED_EDGE('',*,*,#7193,.F.);
#9320=ORIENTED_EDGE('',*,*,#9319,.T.);
#9322=ORIENTED_EDGE('',*,*,#9321,.T.);
#9323=ORIENTED_EDGE('',*,*,#7093,.T.);
#9325=ORIENTED_EDGE('',*,*,#9324,.F.);
#9327=ORIENTED_EDGE('',*,*,#9326,.T.);
#9329=ORIENTED_EDGE('',*,*,#9328,.T.);
#9330=ORIENTED_EDGE('',*,*,#7109,.T.);
#9332=ORIENTED_EDGE('',*,*,#9331,.F.);
#9334=ORIENTED_EDGE('',*,*,#9333,.T.);
#9336=ORIENTED_EDGE('',*,*,#9335,.T.);
#9337=ORIENTED_EDGE('',*,*,#7145,.T.);
#9339=ORIENTED_EDGE('',*,*,#9338,.F.);
#9341=ORIENTED_EDGE('',*,*,#9340,.F.);
#9342=ORIENTED_EDGE('',*,*,#8767,.T.);
#9344=ORIENTED_EDGE('',*,*,#9343,.T.);
#9345=ORIENTED_EDGE('',*,*,#7062,.F.);
#9346=EDGE_LOOP('',(#9293,#9295,#9297,#9299,#9301,#9303,#9304,#9306,#9308,#9309,
#9310,#9312,#9313,#9314,#9315,#9316,#9317,#9318,#9320,#9322,#9323,#9325,#9327,
#9329,#9330,#9332,#9334,#9336,#9337,#9339,#9341,#9342,#9344,#9345));
#9347=FACE_OUTER_BOUND('',#9346,.F.);
#9348=ADVANCED_FACE('',(#9347),#9292,.F.);
#9349=CARTESIAN_POINT('',(8.45E-1,3.65E-1,0.E0));
#9350=DIRECTION('',(-7.071067811865E-1,7.071067811865E-1,0.E0));
#9351=DIRECTION('',(-7.071067811865E-1,-7.071067811865E-1,0.E0));
#9352=AXIS2_PLACEMENT_3D('',#9349,#9350,#9351);
#9353=PLANE('',#9352);
#9355=ORIENTED_EDGE('',*,*,#9354,.F.);
#9356=ORIENTED_EDGE('',*,*,#9294,.T.);
#9357=ORIENTED_EDGE('',*,*,#7175,.T.);
#9358=ORIENTED_EDGE('',*,*,#6889,.T.);
#9359=ORIENTED_EDGE('',*,*,#9171,.T.);
#9361=ORIENTED_EDGE('',*,*,#9360,.T.);
#9362=EDGE_LOOP('',(#9355,#9356,#9357,#9358,#9359,#9361));
#9363=FACE_OUTER_BOUND('',#9362,.F.);
#9364=ADVANCED_FACE('',(#9363),#9353,.T.);
#9365=CARTESIAN_POINT('',(8.3E-1,0.E0,0.E0));
#9366=DIRECTION('',(1.E0,0.E0,0.E0));
#9367=DIRECTION('',(0.E0,0.E0,-1.E0));
#9368=AXIS2_PLACEMENT_3D('',#9365,#9366,#9367);
#9369=PLANE('',#9368);
#9370=ORIENTED_EDGE('',*,*,#9354,.T.);
#9372=ORIENTED_EDGE('',*,*,#9371,.T.);
#9374=ORIENTED_EDGE('',*,*,#9373,.T.);
#9376=ORIENTED_EDGE('',*,*,#9375,.T.);
#9378=ORIENTED_EDGE('',*,*,#9377,.F.);
#9380=ORIENTED_EDGE('',*,*,#9379,.F.);
#9382=ORIENTED_EDGE('',*,*,#9381,.F.);
#9384=ORIENTED_EDGE('',*,*,#9383,.T.);
#9386=ORIENTED_EDGE('',*,*,#9385,.T.);
#9387=ORIENTED_EDGE('',*,*,#9296,.T.);
#9388=EDGE_LOOP('',(#9370,#9372,#9374,#9376,#9378,#9380,#9382,#9384,#9386,
#9387));
#9389=FACE_OUTER_BOUND('',#9388,.F.);
#9390=ADVANCED_FACE('',(#9389),#9369,.F.);
#9391=CARTESIAN_POINT('',(-8.3E-1,3.7E-1,3.5E-1));
#9392=DIRECTION('',(0.E0,0.E0,1.E0));
#9393=DIRECTION('',(0.E0,-1.E0,0.E0));
#9394=AXIS2_PLACEMENT_3D('',#9391,#9392,#9393);
#9395=PLANE('',#9394);
#9396=ORIENTED_EDGE('',*,*,#9371,.F.);
#9397=ORIENTED_EDGE('',*,*,#9360,.F.);
#9398=ORIENTED_EDGE('',*,*,#9169,.F.);
#9400=ORIENTED_EDGE('',*,*,#9399,.F.);
#9402=ORIENTED_EDGE('',*,*,#9401,.F.);
#9403=ORIENTED_EDGE('',*,*,#8785,.F.);
#9405=ORIENTED_EDGE('',*,*,#9404,.T.);
#9406=ORIENTED_EDGE('',*,*,#8372,.F.);
#9407=ORIENTED_EDGE('',*,*,#9144,.F.);
#9409=ORIENTED_EDGE('',*,*,#9408,.T.);
#9411=ORIENTED_EDGE('',*,*,#9410,.F.);
#9413=ORIENTED_EDGE('',*,*,#9412,.F.);
#9414=ORIENTED_EDGE('',*,*,#9113,.F.);
#9416=ORIENTED_EDGE('',*,*,#9415,.T.);
#9418=ORIENTED_EDGE('',*,*,#9417,.F.);
#9420=ORIENTED_EDGE('',*,*,#9419,.F.);
#9421=ORIENTED_EDGE('',*,*,#9097,.F.);
#9423=ORIENTED_EDGE('',*,*,#9422,.T.);
#9425=ORIENTED_EDGE('',*,*,#9424,.F.);
#9426=ORIENTED_EDGE('',*,*,#7205,.F.);
#9427=ORIENTED_EDGE('',*,*,#9081,.F.);
#9428=ORIENTED_EDGE('',*,*,#9283,.T.);
#9430=ORIENTED_EDGE('',*,*,#9429,.F.);
#9431=ORIENTED_EDGE('',*,*,#9239,.F.);
#9432=ORIENTED_EDGE('',*,*,#9125,.F.);
#9433=ORIENTED_EDGE('',*,*,#7323,.F.);
#9434=ORIENTED_EDGE('',*,*,#9031,.F.);
#9435=ORIENTED_EDGE('',*,*,#8815,.F.);
#9437=ORIENTED_EDGE('',*,*,#9436,.T.);
#9438=ORIENTED_EDGE('',*,*,#9063,.F.);
#9439=ORIENTED_EDGE('',*,*,#9158,.F.);
#9441=ORIENTED_EDGE('',*,*,#9440,.F.);
#9443=ORIENTED_EDGE('',*,*,#9442,.T.);
#9445=ORIENTED_EDGE('',*,*,#9444,.T.);
#9446=EDGE_LOOP('',(#9396,#9397,#9398,#9400,#9402,#9403,#9405,#9406,#9407,#9409,
#9411,#9413,#9414,#9416,#9418,#9420,#9421,#9423,#9425,#9426,#9427,#9428,#9430,
#9431,#9432,#9433,#9434,#9435,#9437,#9438,#9439,#9441,#9443,#9445));
#9447=FACE_OUTER_BOUND('',#9446,.F.);
#9448=ADVANCED_FACE('',(#9447),#9395,.F.);
#9449=CARTESIAN_POINT('',(8.E-1,3.65E-1,3.952786404500E-1));
#9450=DIRECTION('',(-7.071067811865E-1,7.071067811865E-1,0.E0));
#9451=DIRECTION('',(-7.071067811865E-1,-7.071067811865E-1,0.E0));
#9452=AXIS2_PLACEMENT_3D('',#9449,#9450,#9451);
#9453=PLANE('',#9452);
#9454=ORIENTED_EDGE('',*,*,#6458,.T.);
#9456=ORIENTED_EDGE('',*,*,#9455,.F.);
#9458=ORIENTED_EDGE('',*,*,#9457,.F.);
#9459=ORIENTED_EDGE('',*,*,#9399,.T.);
#9460=ORIENTED_EDGE('',*,*,#9174,.T.);
#9461=ORIENTED_EDGE('',*,*,#6885,.T.);
#9462=EDGE_LOOP('',(#9454,#9456,#9458,#9459,#9460,#9461));
#9463=FACE_OUTER_BOUND('',#9462,.F.);
#9464=ADVANCED_FACE('',(#9463),#9453,.T.);
#9465=CARTESIAN_POINT('',(6.975E-1,3.65E-1,4.55E-1));
#9466=DIRECTION('',(0.E0,7.071067811865E-1,-7.071067811865E-1));
#9467=DIRECTION('',(0.E0,-7.071067811865E-1,-7.071067811865E-1));
#9468=AXIS2_PLACEMENT_3D('',#9465,#9466,#9467);
#9469=PLANE('',#9468);
#9470=ORIENTED_EDGE('',*,*,#6456,.T.);
#9471=ORIENTED_EDGE('',*,*,#6908,.T.);
#9472=ORIENTED_EDGE('',*,*,#8367,.F.);
#9474=ORIENTED_EDGE('',*,*,#9473,.T.);
#9476=ORIENTED_EDGE('',*,*,#9475,.F.);
#9477=ORIENTED_EDGE('',*,*,#9455,.T.);
#9478=EDGE_LOOP('',(#9470,#9471,#9472,#9474,#9476,#9477));
#9479=FACE_OUTER_BOUND('',#9478,.F.);
#9480=ADVANCED_FACE('',(#9479),#9469,.T.);
#9481=CARTESIAN_POINT('',(6.1E-1,3.8E-1,3.5E-1));
#9482=DIRECTION('',(-1.E0,0.E0,0.E0));
#9483=DIRECTION('',(0.E0,0.E0,1.E0));
#9484=AXIS2_PLACEMENT_3D('',#9481,#9482,#9483);
#9485=PLANE('',#9484);
#9487=ORIENTED_EDGE('',*,*,#9486,.T.);
#9488=ORIENTED_EDGE('',*,*,#8791,.T.);
#9490=ORIENTED_EDGE('',*,*,#9489,.F.);
#9491=ORIENTED_EDGE('',*,*,#9473,.F.);
#9492=ORIENTED_EDGE('',*,*,#8365,.T.);
#9493=EDGE_LOOP('',(#9487,#9488,#9490,#9491,#9492));
#9494=FACE_OUTER_BOUND('',#9493,.F.);
#9495=ADVANCED_FACE('',(#9494),#9485,.F.);
#9496=CARTESIAN_POINT('',(6.1E-1,3.8E-1,3.5E-1));
#9497=DIRECTION('',(-1.E0,0.E0,0.E0));
#9498=DIRECTION('',(0.E0,0.E0,1.E0));
#9499=AXIS2_PLACEMENT_3D('',#9496,#9497,#9498);
#9500=PLANE('',#9499);
#9502=ORIENTED_EDGE('',*,*,#9501,.F.);
#9504=ORIENTED_EDGE('',*,*,#9503,.F.);
#9505=ORIENTED_EDGE('',*,*,#8374,.T.);
#9506=ORIENTED_EDGE('',*,*,#9404,.F.);
#9507=ORIENTED_EDGE('',*,*,#8783,.T.);
#9508=EDGE_LOOP('',(#9502,#9504,#9505,#9506,#9507));
#9509=FACE_OUTER_BOUND('',#9508,.F.);
#9510=ADVANCED_FACE('',(#9509),#9500,.F.);
#9511=CARTESIAN_POINT('',(6.1E-1,4.4E-1,4.3E-1));
#9512=DIRECTION('',(0.E0,0.E0,1.E0));
#9513=DIRECTION('',(1.E0,0.E0,0.E0));
#9514=AXIS2_PLACEMENT_3D('',#9511,#9512,#9513);
#9515=PLANE('',#9514);
#9516=ORIENTED_EDGE('',*,*,#9486,.F.);
#9517=ORIENTED_EDGE('',*,*,#8392,.F.);
#9518=ORIENTED_EDGE('',*,*,#6452,.T.);
#9520=ORIENTED_EDGE('',*,*,#9519,.T.);
#9521=ORIENTED_EDGE('',*,*,#8793,.F.);
#9522=EDGE_LOOP('',(#9516,#9517,#9518,#9520,#9521));
#9523=FACE_OUTER_BOUND('',#9522,.F.);
#9524=ADVANCED_FACE('',(#9523),#9515,.T.);
#9525=CARTESIAN_POINT('',(7.75E-1,3.8E-1,4.3E-1));
#9526=DIRECTION('',(1.E0,0.E0,0.E0));
#9527=DIRECTION('',(0.E0,0.E0,-1.E0));
#9528=AXIS2_PLACEMENT_3D('',#9525,#9526,#9527);
#9529=PLANE('',#9528);
#9531=ORIENTED_EDGE('',*,*,#9530,.F.);
#9533=ORIENTED_EDGE('',*,*,#9532,.F.);
#9534=ORIENTED_EDGE('',*,*,#8779,.F.);
#9535=ORIENTED_EDGE('',*,*,#9519,.F.);
#9537=ORIENTED_EDGE('',*,*,#9536,.T.);
#9538=EDGE_LOOP('',(#9531,#9533,#9534,#9535,#9537));
#9539=FACE_OUTER_BOUND('',#9538,.F.);
#9540=ADVANCED_FACE('',(#9539),#9529,.T.);
#9541=CARTESIAN_POINT('',(4.256496E0,3.57E-1,4.53E-1));
#9542=DIRECTION('',(-1.E0,0.E0,0.E0));
#9543=DIRECTION('',(0.E0,1.E0,0.E0));
#9544=AXIS2_PLACEMENT_3D('',#9541,#9542,#9543);
#9545=CYLINDRICAL_SURFACE('',#9544,8.3E-2);
#9546=ORIENTED_EDGE('',*,*,#8395,.T.);
#9547=ORIENTED_EDGE('',*,*,#9503,.T.);
#9549=ORIENTED_EDGE('',*,*,#9548,.F.);
#9550=ORIENTED_EDGE('',*,*,#9530,.T.);
#9552=ORIENTED_EDGE('',*,*,#9551,.T.);
#9553=ORIENTED_EDGE('',*,*,#6704,.T.);
#9554=EDGE_LOOP('',(#9546,#9547,#9549,#9550,#9552,#9553));
#9555=FACE_OUTER_BOUND('',#9554,.F.);
#9556=ADVANCED_FACE('',(#9555),#9545,.T.);
#9557=CARTESIAN_POINT('',(7.75E-1,3.8E-1,3.7E-1));
#9558=DIRECTION('',(0.E0,0.E0,-1.E0));
#9559=DIRECTION('',(-1.E0,0.E0,0.E0));
#9560=AXIS2_PLACEMENT_3D('',#9557,#9558,#9559);
#9561=PLANE('',#9560);
#9562=ORIENTED_EDGE('',*,*,#9548,.T.);
#9563=ORIENTED_EDGE('',*,*,#9501,.T.);
#9564=ORIENTED_EDGE('',*,*,#8781,.F.);
#9565=ORIENTED_EDGE('',*,*,#9532,.T.);
#9566=EDGE_LOOP('',(#9562,#9563,#9564,#9565));
#9567=FACE_OUTER_BOUND('',#9566,.F.);
#9568=ADVANCED_FACE('',(#9567),#9561,.T.);
#9569=CARTESIAN_POINT('',(8.05E-1,3.8E-1,4.3E-1));
#9570=DIRECTION('',(0.E0,1.E0,0.E0));
#9571=DIRECTION('',(-1.E0,0.E0,0.E0));
#9572=AXIS2_PLACEMENT_3D('',#9569,#9570,#9571);
#9573=CYLINDRICAL_SURFACE('',#9572,3.E-2);
#9574=ORIENTED_EDGE('',*,*,#9551,.F.);
#9575=ORIENTED_EDGE('',*,*,#9536,.F.);
#9576=ORIENTED_EDGE('',*,*,#6462,.F.);
#9578=ORIENTED_EDGE('',*,*,#9577,.T.);
#9579=ORIENTED_EDGE('',*,*,#6706,.T.);
#9580=EDGE_LOOP('',(#9574,#9575,#9576,#9578,#9579));
#9581=FACE_OUTER_BOUND('',#9580,.F.);
#9582=ADVANCED_FACE('',(#9581),#9573,.F.);
#9583=CARTESIAN_POINT('',(8.6E-1,3.8E-1,4.6E-1));
#9584=DIRECTION('',(0.E0,0.E0,-1.E0));
#9585=DIRECTION('',(-1.E0,0.E0,0.E0));
#9586=AXIS2_PLACEMENT_3D('',#9583,#9584,#9585);
#9587=PLANE('',#9586);
#9588=ORIENTED_EDGE('',*,*,#6883,.F.);
#9590=ORIENTED_EDGE('',*,*,#9589,.T.);
#9591=ORIENTED_EDGE('',*,*,#6708,.T.);
#9592=ORIENTED_EDGE('',*,*,#9577,.F.);
#9593=ORIENTED_EDGE('',*,*,#6460,.F.);
#9594=EDGE_LOOP('',(#9588,#9590,#9591,#9592,#9593));
#9595=FACE_OUTER_BOUND('',#9594,.F.);
#9596=ADVANCED_FACE('',(#9595),#9587,.T.);
#9597=CARTESIAN_POINT('',(8.6E-1,3.8E-1,4.3E-1));
#9598=DIRECTION('',(0.E0,1.E0,0.E0));
#9599=DIRECTION('',(-1.E0,0.E0,0.E0));
#9600=AXIS2_PLACEMENT_3D('',#9597,#9598,#9599);
#9601=CYLINDRICAL_SURFACE('',#9600,3.E-2);
#9602=ORIENTED_EDGE('',*,*,#6881,.T.);
#9604=ORIENTED_EDGE('',*,*,#9603,.T.);
#9605=ORIENTED_EDGE('',*,*,#6710,.T.);
#9606=ORIENTED_EDGE('',*,*,#9589,.F.);
#9607=EDGE_LOOP('',(#9602,#9604,#9605,#9606));
#9608=FACE_OUTER_BOUND('',#9607,.F.);
#9609=ADVANCED_FACE('',(#9608),#9601,.F.);
#9610=CARTESIAN_POINT('',(8.9E-1,3.8E-1,-4.3E-1));
#9611=DIRECTION('',(-1.E0,0.E0,0.E0));
#9612=DIRECTION('',(0.E0,0.E0,1.E0));
#9613=AXIS2_PLACEMENT_3D('',#9610,#9611,#9612);
#9614=PLANE('',#9613);
#9615=ORIENTED_EDGE('',*,*,#6879,.F.);
#9617=ORIENTED_EDGE('',*,*,#9616,.T.);
#9618=ORIENTED_EDGE('',*,*,#6712,.T.);
#9619=ORIENTED_EDGE('',*,*,#9603,.F.);
#9620=EDGE_LOOP('',(#9615,#9617,#9618,#9619));
#9621=FACE_OUTER_BOUND('',#9620,.F.);
#9622=ADVANCED_FACE('',(#9621),#9614,.T.);
#9623=CARTESIAN_POINT('',(8.6E-1,3.8E-1,-4.3E-1));
#9624=DIRECTION('',(0.E0,1.E0,0.E0));
#9625=DIRECTION('',(-1.E0,0.E0,0.E0));
#9626=AXIS2_PLACEMENT_3D('',#9623,#9624,#9625);
#9627=CYLINDRICAL_SURFACE('',#9626,3.E-2);
#9628=ORIENTED_EDGE('',*,*,#6877,.T.);
#9629=ORIENTED_EDGE('',*,*,#6851,.T.);
#9630=ORIENTED_EDGE('',*,*,#6714,.T.);
#9631=ORIENTED_EDGE('',*,*,#9616,.F.);
#9632=EDGE_LOOP('',(#9628,#9629,#9630,#9631));
#9633=FACE_OUTER_BOUND('',#9632,.F.);
#9634=ADVANCED_FACE('',(#9633),#9627,.F.);
#9635=CARTESIAN_POINT('',(6.1E-1,3.8E-1,4.4E-1));
#9636=DIRECTION('',(0.E0,0.E0,1.E0));
#9637=DIRECTION('',(1.E0,0.E0,0.E0));
#9638=AXIS2_PLACEMENT_3D('',#9635,#9636,#9637);
#9639=PLANE('',#9638);
#9640=ORIENTED_EDGE('',*,*,#9475,.T.);
#9641=ORIENTED_EDGE('',*,*,#9489,.T.);
#9642=ORIENTED_EDGE('',*,*,#8789,.T.);
#9644=ORIENTED_EDGE('',*,*,#9643,.F.);
#9645=EDGE_LOOP('',(#9640,#9641,#9642,#9644));
#9646=FACE_OUTER_BOUND('',#9645,.F.);
#9647=ADVANCED_FACE('',(#9646),#9639,.F.);
#9648=CARTESIAN_POINT('',(7.85E-1,3.8E-1,4.4E-1));
#9649=DIRECTION('',(1.E0,0.E0,0.E0));
#9650=DIRECTION('',(0.E0,0.E0,-1.E0));
#9651=AXIS2_PLACEMENT_3D('',#9648,#9649,#9650);
#9652=PLANE('',#9651);
#9653=ORIENTED_EDGE('',*,*,#9457,.T.);
#9654=ORIENTED_EDGE('',*,*,#9643,.T.);
#9655=ORIENTED_EDGE('',*,*,#8787,.T.);
#9656=ORIENTED_EDGE('',*,*,#9401,.T.);
#9657=EDGE_LOOP('',(#9653,#9654,#9655,#9656));
#9658=FACE_OUTER_BOUND('',#9657,.F.);
#9659=ADVANCED_FACE('',(#9658),#9652,.F.);
#9660=CARTESIAN_POINT('',(5.7E-1,0.E0,0.E0));
#9661=DIRECTION('',(1.E0,0.E0,0.E0));
#9662=DIRECTION('',(0.E0,0.E0,-1.E0));
#9663=AXIS2_PLACEMENT_3D('',#9660,#9661,#9662);
#9664=PLANE('',#9663);
#9665=ORIENTED_EDGE('',*,*,#7147,.T.);
#9666=ORIENTED_EDGE('',*,*,#9335,.F.);
#9668=ORIENTED_EDGE('',*,*,#9667,.F.);
#9669=ORIENTED_EDGE('',*,*,#7226,.F.);
#9670=EDGE_LOOP('',(#9665,#9666,#9668,#9669));
#9671=FACE_OUTER_BOUND('',#9670,.F.);
#9672=ADVANCED_FACE('',(#9671),#9664,.T.);
#9673=CARTESIAN_POINT('',(5.7E-1,0.E0,0.E0));
#9674=DIRECTION('',(1.E0,0.E0,0.E0));
#9675=DIRECTION('',(0.E0,0.E0,-1.E0));
#9676=AXIS2_PLACEMENT_3D('',#9673,#9674,#9675);
#9677=PLANE('',#9676);
#9678=ORIENTED_EDGE('',*,*,#9142,.T.);
#9679=ORIENTED_EDGE('',*,*,#9210,.F.);
#9681=ORIENTED_EDGE('',*,*,#9680,.F.);
#9682=ORIENTED_EDGE('',*,*,#9408,.F.);
#9683=EDGE_LOOP('',(#9678,#9679,#9681,#9682));
#9684=FACE_OUTER_BOUND('',#9683,.F.);
#9685=ADVANCED_FACE('',(#9684),#9677,.T.);
#9686=CARTESIAN_POINT('',(4.8E-1,4.6E-1,-4.2E-1));
#9687=DIRECTION('',(0.E0,9.191450300181E-1,3.939192985792E-1));
#9688=DIRECTION('',(0.E0,-3.939192985792E-1,9.191450300181E-1));
#9689=AXIS2_PLACEMENT_3D('',#9686,#9687,#9688);
#9690=PLANE('',#9689);
#9692=ORIENTED_EDGE('',*,*,#9691,.F.);
#9693=ORIENTED_EDGE('',*,*,#7228,.T.);
#9694=ORIENTED_EDGE('',*,*,#9667,.T.);
#9695=ORIENTED_EDGE('',*,*,#9333,.F.);
#9696=EDGE_LOOP('',(#9692,#9693,#9694,#9695));
#9697=FACE_OUTER_BOUND('',#9696,.F.);
#9698=ADVANCED_FACE('',(#9697),#9690,.T.);
#9699=CARTESIAN_POINT('',(4.8E-1,0.E0,0.E0));
#9700=DIRECTION('',(1.E0,0.E0,0.E0));
#9701=DIRECTION('',(0.E0,0.E0,-1.E0));
#9702=AXIS2_PLACEMENT_3D('',#9699,#9700,#9701);
#9703=PLANE('',#9702);
#9704=ORIENTED_EDGE('',*,*,#7107,.F.);
#9705=ORIENTED_EDGE('',*,*,#7230,.T.);
#9706=ORIENTED_EDGE('',*,*,#9691,.T.);
#9707=ORIENTED_EDGE('',*,*,#9331,.T.);
#9708=EDGE_LOOP('',(#9704,#9705,#9706,#9707));
#9709=FACE_OUTER_BOUND('',#9708,.F.);
#9710=ADVANCED_FACE('',(#9709),#9703,.F.);
#9711=CARTESIAN_POINT('',(4.8E-1,0.E0,0.E0));
#9712=DIRECTION('',(1.E0,0.E0,0.E0));
#9713=DIRECTION('',(0.E0,0.E0,-1.E0));
#9714=AXIS2_PLACEMENT_3D('',#9711,#9712,#9713);
#9715=PLANE('',#9714);
#9716=ORIENTED_EDGE('',*,*,#9107,.F.);
#9717=ORIENTED_EDGE('',*,*,#9412,.T.);
#9719=ORIENTED_EDGE('',*,*,#9718,.T.);
#9720=ORIENTED_EDGE('',*,*,#9206,.T.);
#9721=EDGE_LOOP('',(#9716,#9717,#9719,#9720));
#9722=FACE_OUTER_BOUND('',#9721,.F.);
#9723=ADVANCED_FACE('',(#9722),#9715,.F.);
#9724=CARTESIAN_POINT('',(4.8E-1,4.3E-1,3.5E-1));
#9725=DIRECTION('',(0.E0,9.191450300181E-1,-3.939192985792E-1));
#9726=DIRECTION('',(0.E0,3.939192985792E-1,9.191450300181E-1));
#9727=AXIS2_PLACEMENT_3D('',#9724,#9725,#9726);
#9728=PLANE('',#9727);
#9729=ORIENTED_EDGE('',*,*,#9718,.F.);
#9730=ORIENTED_EDGE('',*,*,#9410,.T.);
#9731=ORIENTED_EDGE('',*,*,#9680,.T.);
#9732=ORIENTED_EDGE('',*,*,#9208,.F.);
#9733=EDGE_LOOP('',(#9729,#9730,#9731,#9732));
#9734=FACE_OUTER_BOUND('',#9733,.F.);
#9735=ADVANCED_FACE('',(#9734),#9728,.T.);
#9736=CARTESIAN_POINT('',(2.2E-1,0.E0,0.E0));
#9737=DIRECTION('',(1.E0,0.E0,0.E0));
#9738=DIRECTION('',(0.E0,0.E0,-1.E0));
#9739=AXIS2_PLACEMENT_3D('',#9736,#9737,#9738);
#9740=PLANE('',#9739);
#9741=ORIENTED_EDGE('',*,*,#7111,.T.);
#9742=ORIENTED_EDGE('',*,*,#9328,.F.);
#9744=ORIENTED_EDGE('',*,*,#9743,.F.);
#9745=ORIENTED_EDGE('',*,*,#7233,.F.);
#9746=EDGE_LOOP('',(#9741,#9742,#9744,#9745));
#9747=FACE_OUTER_BOUND('',#9746,.F.);
#9748=ADVANCED_FACE('',(#9747),#9740,.T.);
#9749=CARTESIAN_POINT('',(2.2E-1,0.E0,0.E0));
#9750=DIRECTION('',(1.E0,0.E0,0.E0));
#9751=DIRECTION('',(0.E0,0.E0,-1.E0));
#9752=AXIS2_PLACEMENT_3D('',#9749,#9750,#9751);
#9753=PLANE('',#9752);
#9754=ORIENTED_EDGE('',*,*,#9111,.T.);
#9755=ORIENTED_EDGE('',*,*,#9203,.F.);
#9757=ORIENTED_EDGE('',*,*,#9756,.F.);
#9758=ORIENTED_EDGE('',*,*,#9415,.F.);
#9759=EDGE_LOOP('',(#9754,#9755,#9757,#9758));
#9760=FACE_OUTER_BOUND('',#9759,.F.);
#9761=ADVANCED_FACE('',(#9760),#9753,.T.);
#9762=CARTESIAN_POINT('',(1.3E-1,4.6E-1,-4.2E-1));
#9763=DIRECTION('',(0.E0,9.191450300181E-1,3.939192985792E-1));
#9764=DIRECTION('',(0.E0,-3.939192985792E-1,9.191450300181E-1));
#9765=AXIS2_PLACEMENT_3D('',#9762,#9763,#9764);
#9766=PLANE('',#9765);
#9768=ORIENTED_EDGE('',*,*,#9767,.F.);
#9769=ORIENTED_EDGE('',*,*,#7235,.T.);
#9770=ORIENTED_EDGE('',*,*,#9743,.T.);
#9771=ORIENTED_EDGE('',*,*,#9326,.F.);
#9772=EDGE_LOOP('',(#9768,#9769,#9770,#9771));
#9773=FACE_OUTER_BOUND('',#9772,.F.);
#9774=ADVANCED_FACE('',(#9773),#9766,.T.);
#9775=CARTESIAN_POINT('',(1.3E-1,0.E0,0.E0));
#9776=DIRECTION('',(1.E0,0.E0,0.E0));
#9777=DIRECTION('',(0.E0,0.E0,-1.E0));
#9778=AXIS2_PLACEMENT_3D('',#9775,#9776,#9777);
#9779=PLANE('',#9778);
#9780=ORIENTED_EDGE('',*,*,#7091,.F.);
#9781=ORIENTED_EDGE('',*,*,#7237,.T.);
#9782=ORIENTED_EDGE('',*,*,#9767,.T.);
#9783=ORIENTED_EDGE('',*,*,#9324,.T.);
#9784=EDGE_LOOP('',(#9780,#9781,#9782,#9783));
#9785=FACE_OUTER_BOUND('',#9784,.F.);
#9786=ADVANCED_FACE('',(#9785),#9779,.F.);
#9787=CARTESIAN_POINT('',(1.3E-1,0.E0,0.E0));
#9788=DIRECTION('',(1.E0,0.E0,0.E0));
#9789=DIRECTION('',(0.E0,0.E0,-1.E0));
#9790=AXIS2_PLACEMENT_3D('',#9787,#9788,#9789);
#9791=PLANE('',#9790);
#9792=ORIENTED_EDGE('',*,*,#9091,.F.);
#9793=ORIENTED_EDGE('',*,*,#9419,.T.);
#9795=ORIENTED_EDGE('',*,*,#9794,.T.);
#9796=ORIENTED_EDGE('',*,*,#9199,.T.);
#9797=EDGE_LOOP('',(#9792,#9793,#9795,#9796));
#9798=FACE_OUTER_BOUND('',#9797,.F.);
#9799=ADVANCED_FACE('',(#9798),#9791,.F.);
#9800=CARTESIAN_POINT('',(1.3E-1,4.3E-1,3.5E-1));
#9801=DIRECTION('',(0.E0,9.191450300181E-1,-3.939192985792E-1));
#9802=DIRECTION('',(0.E0,3.939192985792E-1,9.191450300181E-1));
#9803=AXIS2_PLACEMENT_3D('',#9800,#9801,#9802);
#9804=PLANE('',#9803);
#9805=ORIENTED_EDGE('',*,*,#9794,.F.);
#9806=ORIENTED_EDGE('',*,*,#9417,.T.);
#9807=ORIENTED_EDGE('',*,*,#9756,.T.);
#9808=ORIENTED_EDGE('',*,*,#9201,.F.);
#9809=EDGE_LOOP('',(#9805,#9806,#9807,#9808));
#9810=FACE_OUTER_BOUND('',#9809,.F.);
#9811=ADVANCED_FACE('',(#9810),#9804,.T.);
#9812=CARTESIAN_POINT('',(-1.3E-1,0.E0,0.E0));
#9813=DIRECTION('',(1.E0,0.E0,0.E0));
#9814=DIRECTION('',(0.E0,0.E0,-1.E0));
#9815=AXIS2_PLACEMENT_3D('',#9812,#9813,#9814);
#9816=PLANE('',#9815);
#9817=ORIENTED_EDGE('',*,*,#7095,.T.);
#9818=ORIENTED_EDGE('',*,*,#9321,.F.);
#9820=ORIENTED_EDGE('',*,*,#9819,.F.);
#9821=ORIENTED_EDGE('',*,*,#7240,.F.);
#9822=EDGE_LOOP('',(#9817,#9818,#9820,#9821));
#9823=FACE_OUTER_BOUND('',#9822,.F.);
#9824=ADVANCED_FACE('',(#9823),#9816,.T.);
#9825=CARTESIAN_POINT('',(-1.3E-1,0.E0,0.E0));
#9826=DIRECTION('',(1.E0,0.E0,0.E0));
#9827=DIRECTION('',(0.E0,0.E0,-1.E0));
#9828=AXIS2_PLACEMENT_3D('',#9825,#9826,#9827);
#9829=PLANE('',#9828);
#9830=ORIENTED_EDGE('',*,*,#9095,.T.);
#9831=ORIENTED_EDGE('',*,*,#9196,.F.);
#9833=ORIENTED_EDGE('',*,*,#9832,.F.);
#9834=ORIENTED_EDGE('',*,*,#9422,.F.);
#9835=EDGE_LOOP('',(#9830,#9831,#9833,#9834));
#9836=FACE_OUTER_BOUND('',#9835,.F.);
#9837=ADVANCED_FACE('',(#9836),#9829,.T.);
#9838=CARTESIAN_POINT('',(-2.2E-1,4.6E-1,-4.2E-1));
#9839=DIRECTION('',(0.E0,9.191450300181E-1,3.939192985792E-1));
#9840=DIRECTION('',(0.E0,-3.939192985792E-1,9.191450300181E-1));
#9841=AXIS2_PLACEMENT_3D('',#9838,#9839,#9840);
#9842=PLANE('',#9841);
#9843=ORIENTED_EDGE('',*,*,#7191,.F.);
#9844=ORIENTED_EDGE('',*,*,#7242,.T.);
#9845=ORIENTED_EDGE('',*,*,#9819,.T.);
#9846=ORIENTED_EDGE('',*,*,#9319,.F.);
#9847=EDGE_LOOP('',(#9843,#9844,#9845,#9846));
#9848=FACE_OUTER_BOUND('',#9847,.F.);
#9849=ADVANCED_FACE('',(#9848),#9842,.T.);
#9850=CARTESIAN_POINT('',(-2.2E-1,4.3E-1,3.5E-1));
#9851=DIRECTION('',(0.E0,9.191450300181E-1,-3.939192985792E-1));
#9852=DIRECTION('',(0.E0,3.939192985792E-1,9.191450300181E-1));
#9853=AXIS2_PLACEMENT_3D('',#9850,#9851,#9852);
#9854=PLANE('',#9853);
#9855=ORIENTED_EDGE('',*,*,#7207,.F.);
#9856=ORIENTED_EDGE('',*,*,#9424,.T.);
#9857=ORIENTED_EDGE('',*,*,#9832,.T.);
#9858=ORIENTED_EDGE('',*,*,#9194,.F.);
#9859=EDGE_LOOP('',(#9855,#9856,#9857,#9858));
#9860=FACE_OUTER_BOUND('',#9859,.F.);
#9861=ADVANCED_FACE('',(#9860),#9854,.T.);
#9862=CARTESIAN_POINT('',(-5.7E-1,4.3E-1,3.5E-1));
#9863=DIRECTION('',(0.E0,9.191450300181E-1,-3.939192985792E-1));
#9864=DIRECTION('',(0.E0,3.939192985792E-1,9.191450300181E-1));
#9865=AXIS2_PLACEMENT_3D('',#9862,#9863,#9864);
#9866=PLANE('',#9865);
#9867=ORIENTED_EDGE('',*,*,#9241,.F.);
#9868=ORIENTED_EDGE('',*,*,#9429,.T.);
#9869=ORIENTED_EDGE('',*,*,#9281,.T.);
#9870=ORIENTED_EDGE('',*,*,#9188,.F.);
#9871=EDGE_LOOP('',(#9867,#9868,#9869,#9870));
#9872=FACE_OUTER_BOUND('',#9871,.F.);
#9873=ADVANCED_FACE('',(#9872),#9866,.T.);
#9874=CARTESIAN_POINT('',(-7.85E-1,3.8E-1,3.5E-1));
#9875=DIRECTION('',(-1.E0,0.E0,0.E0));
#9876=DIRECTION('',(0.E0,0.E0,1.E0));
#9877=AXIS2_PLACEMENT_3D('',#9874,#9875,#9876);
#9878=PLANE('',#9877);
#9879=ORIENTED_EDGE('',*,*,#9065,.T.);
#9880=ORIENTED_EDGE('',*,*,#9436,.F.);
#9881=ORIENTED_EDGE('',*,*,#8813,.T.);
#9883=ORIENTED_EDGE('',*,*,#9882,.F.);
#9884=EDGE_LOOP('',(#9879,#9880,#9881,#9883));
#9885=FACE_OUTER_BOUND('',#9884,.F.);
#9886=ADVANCED_FACE('',(#9885),#9878,.F.);
#9887=CARTESIAN_POINT('',(-7.85E-1,3.8E-1,4.4E-1));
#9888=DIRECTION('',(0.E0,0.E0,1.E0));
#9889=DIRECTION('',(1.E0,0.E0,0.E0));
#9890=AXIS2_PLACEMENT_3D('',#9887,#9888,#9889);
#9891=PLANE('',#9890);
#9892=ORIENTED_EDGE('',*,*,#9046,.T.);
#9893=ORIENTED_EDGE('',*,*,#9882,.T.);
#9894=ORIENTED_EDGE('',*,*,#8811,.T.);
#9895=ORIENTED_EDGE('',*,*,#9017,.F.);
#9896=EDGE_LOOP('',(#9892,#9893,#9894,#9895));
#9897=FACE_OUTER_BOUND('',#9896,.F.);
#9898=ADVANCED_FACE('',(#9897),#9891,.F.);
#9899=CARTESIAN_POINT('',(-8.45E-1,3.65E-1,0.E0));
#9900=DIRECTION('',(7.071067811865E-1,7.071067811865E-1,0.E0));
#9901=DIRECTION('',(7.071067811865E-1,-7.071067811865E-1,0.E0));
#9902=AXIS2_PLACEMENT_3D('',#9899,#9900,#9901);
#9903=PLANE('',#9902);
#9905=ORIENTED_EDGE('',*,*,#9904,.F.);
#9906=ORIENTED_EDGE('',*,*,#9440,.T.);
#9907=ORIENTED_EDGE('',*,*,#9156,.T.);
#9908=ORIENTED_EDGE('',*,*,#6948,.T.);
#9909=ORIENTED_EDGE('',*,*,#7161,.T.);
#9910=ORIENTED_EDGE('',*,*,#9302,.T.);
#9911=EDGE_LOOP('',(#9905,#9906,#9907,#9908,#9909,#9910));
#9912=FACE_OUTER_BOUND('',#9911,.F.);
#9913=ADVANCED_FACE('',(#9912),#9903,.T.);
#9914=CARTESIAN_POINT('',(-8.3E-1,0.E0,0.E0));
#9915=DIRECTION('',(1.E0,0.E0,0.E0));
#9916=DIRECTION('',(0.E0,0.E0,-1.E0));
#9917=AXIS2_PLACEMENT_3D('',#9914,#9915,#9916);
#9918=PLANE('',#9917);
#9919=ORIENTED_EDGE('',*,*,#9904,.T.);
#9920=ORIENTED_EDGE('',*,*,#9300,.F.);
#9922=ORIENTED_EDGE('',*,*,#9921,.F.);
#9924=ORIENTED_EDGE('',*,*,#9923,.F.);
#9926=ORIENTED_EDGE('',*,*,#9925,.F.);
#9928=ORIENTED_EDGE('',*,*,#9927,.T.);
#9930=ORIENTED_EDGE('',*,*,#9929,.F.);
#9932=ORIENTED_EDGE('',*,*,#9931,.F.);
#9934=ORIENTED_EDGE('',*,*,#9933,.F.);
#9935=ORIENTED_EDGE('',*,*,#9442,.F.);
#9936=EDGE_LOOP('',(#9919,#9920,#9922,#9924,#9926,#9928,#9930,#9932,#9934,
#9935));
#9937=FACE_OUTER_BOUND('',#9936,.F.);
#9938=ADVANCED_FACE('',(#9937),#9918,.T.);
#9939=CARTESIAN_POINT('',(-8.3E-1,1.3E-1,-3.2E-1));
#9940=DIRECTION('',(1.E0,0.E0,0.E0));
#9941=DIRECTION('',(0.E0,0.E0,-1.E0));
#9942=AXIS2_PLACEMENT_3D('',#9939,#9940,#9941);
#9943=CYLINDRICAL_SURFACE('',#9942,3.E-2);
#9944=ORIENTED_EDGE('',*,*,#9921,.T.);
#9945=ORIENTED_EDGE('',*,*,#9298,.T.);
#9946=ORIENTED_EDGE('',*,*,#9385,.F.);
#9948=ORIENTED_EDGE('',*,*,#9947,.F.);
#9949=EDGE_LOOP('',(#9944,#9945,#9946,#9948));
#9950=FACE_OUTER_BOUND('',#9949,.F.);
#9951=ADVANCED_FACE('',(#9950),#9943,.F.);
#9952=CARTESIAN_POINT('',(-8.3E-1,1.E-1,3.2E-1));
#9953=DIRECTION('',(0.E0,-1.E0,0.E0));
#9954=DIRECTION('',(0.E0,0.E0,-1.E0));
#9955=AXIS2_PLACEMENT_3D('',#9952,#9953,#9954);
#9956=PLANE('',#9955);
#9958=ORIENTED_EDGE('',*,*,#9957,.F.);
#9960=ORIENTED_EDGE('',*,*,#9959,.F.);
#9962=ORIENTED_EDGE('',*,*,#9961,.F.);
#9963=ORIENTED_EDGE('',*,*,#9923,.T.);
#9964=ORIENTED_EDGE('',*,*,#9947,.T.);
#9965=ORIENTED_EDGE('',*,*,#9383,.F.);
#9967=ORIENTED_EDGE('',*,*,#9966,.F.);
#9969=ORIENTED_EDGE('',*,*,#9968,.T.);
#9971=ORIENTED_EDGE('',*,*,#9970,.F.);
#9972=ORIENTED_EDGE('',*,*,#9375,.F.);
#9974=ORIENTED_EDGE('',*,*,#9973,.F.);
#9975=ORIENTED_EDGE('',*,*,#9931,.T.);
#9976=EDGE_LOOP('',(#9958,#9960,#9962,#9963,#9964,#9965,#9967,#9969,#9971,#9972,
#9974,#9975));
#9977=FACE_OUTER_BOUND('',#9976,.F.);
#9978=ADVANCED_FACE('',(#9977),#9956,.F.);
#9979=CARTESIAN_POINT('',(4.181678014443E0,1.E-1,2.4E-1));
#9980=DIRECTION('',(-1.E0,0.E0,0.E0));
#9981=DIRECTION('',(0.E0,0.E0,1.E0));
#9982=AXIS2_PLACEMENT_3D('',#9979,#9980,#9981);
#9983=CYLINDRICAL_SURFACE('',#9982,5.E-2);
#9985=ORIENTED_EDGE('',*,*,#9984,.F.);
#9987=ORIENTED_EDGE('',*,*,#9986,.T.);
#9988=ORIENTED_EDGE('',*,*,#9957,.T.);
#9989=ORIENTED_EDGE('',*,*,#9929,.T.);
#9990=EDGE_LOOP('',(#9985,#9987,#9988,#9989));
#9991=FACE_OUTER_BOUND('',#9990,.F.);
#9992=ADVANCED_FACE('',(#9991),#9983,.T.);
#9993=CARTESIAN_POINT('',(-6.49E-1,1.5E-1,-2.9E-1));
#9994=DIRECTION('',(0.E0,1.E0,0.E0));
#9995=DIRECTION('',(-1.E0,0.E0,0.E0));
#9996=AXIS2_PLACEMENT_3D('',#9993,#9994,#9995);
#9997=PLANE('',#9996);
#9998=ORIENTED_EDGE('',*,*,#9984,.T.);
#9999=ORIENTED_EDGE('',*,*,#9927,.F.);
#10001=ORIENTED_EDGE('',*,*,#10000,.T.);
#10003=ORIENTED_EDGE('',*,*,#10002,.T.);
#10004=EDGE_LOOP('',(#9998,#9999,#10001,#10003));
#10005=FACE_OUTER_BOUND('',#10004,.F.);
#10006=ADVANCED_FACE('',(#10005),#9997,.T.);
#10007=CARTESIAN_POINT('',(-4.256496E0,1.E-1,-2.4E-1));
#10008=DIRECTION('',(1.E0,0.E0,0.E0));
#10009=DIRECTION('',(0.E0,0.E0,-1.E0));
#10010=AXIS2_PLACEMENT_3D('',#10007,#10008,#10009);
#10011=CYLINDRICAL_SURFACE('',#10010,5.E-2);
#10012=ORIENTED_EDGE('',*,*,#10000,.F.);
#10013=ORIENTED_EDGE('',*,*,#9925,.T.);
#10014=ORIENTED_EDGE('',*,*,#9961,.T.);
#10016=ORIENTED_EDGE('',*,*,#10015,.T.);
#10017=EDGE_LOOP('',(#10012,#10013,#10014,#10016));
#10018=FACE_OUTER_BOUND('',#10017,.F.);
#10019=ADVANCED_FACE('',(#10018),#10011,.T.);
#10020=CARTESIAN_POINT('',(-5.9E-1,1.E-1,-2.9E-1));
#10021=DIRECTION('',(6.465216954016E-1,7.628956005739E-1,0.E0));
#10022=DIRECTION('',(-7.628956005739E-1,6.465216954016E-1,0.E0));
#10023=AXIS2_PLACEMENT_3D('',#10020,#10021,#10022);
#10024=PLANE('',#10023);
#10025=ORIENTED_EDGE('',*,*,#10015,.F.);
#10026=ORIENTED_EDGE('',*,*,#9959,.T.);
#10027=ORIENTED_EDGE('',*,*,#9986,.F.);
#10028=ORIENTED_EDGE('',*,*,#10002,.F.);
#10029=EDGE_LOOP('',(#10025,#10026,#10027,#10028));
#10030=FACE_OUTER_BOUND('',#10029,.F.);
#10031=ADVANCED_FACE('',(#10030),#10024,.T.);
#10032=CARTESIAN_POINT('',(-4.158953557565E0,1.E-1,-2.4E-1));
#10033=DIRECTION('',(1.E0,0.E0,0.E0));
#10034=DIRECTION('',(0.E0,0.E0,-1.E0));
#10035=AXIS2_PLACEMENT_3D('',#10032,#10033,#10034);
#10036=CYLINDRICAL_SURFACE('',#10035,5.E-2);
#10038=ORIENTED_EDGE('',*,*,#10037,.F.);
#10040=ORIENTED_EDGE('',*,*,#10039,.T.);
#10041=ORIENTED_EDGE('',*,*,#9966,.T.);
#10042=ORIENTED_EDGE('',*,*,#9381,.T.);
#10043=EDGE_LOOP('',(#10038,#10040,#10041,#10042));
#10044=FACE_OUTER_BOUND('',#10043,.F.);
#10045=ADVANCED_FACE('',(#10044),#10036,.T.);
#10046=CARTESIAN_POINT('',(8.3E-1,1.5E-1,-2.9E-1));
#10047=DIRECTION('',(0.E0,1.E0,0.E0));
#10048=DIRECTION('',(-1.E0,0.E0,0.E0));
#10049=AXIS2_PLACEMENT_3D('',#10046,#10047,#10048);
#10050=PLANE('',#10049);
#10051=ORIENTED_EDGE('',*,*,#10037,.T.);
#10052=ORIENTED_EDGE('',*,*,#9379,.T.);
#10054=ORIENTED_EDGE('',*,*,#10053,.T.);
#10056=ORIENTED_EDGE('',*,*,#10055,.F.);
#10057=EDGE_LOOP('',(#10051,#10052,#10054,#10056));
#10058=FACE_OUTER_BOUND('',#10057,.F.);
#10059=ADVANCED_FACE('',(#10058),#10050,.T.);
#10060=CARTESIAN_POINT('',(4.256496E0,1.E-1,2.4E-1));
#10061=DIRECTION('',(-1.E0,0.E0,0.E0));
#10062=DIRECTION('',(0.E0,0.E0,1.E0));
#10063=AXIS2_PLACEMENT_3D('',#10060,#10061,#10062);
#10064=CYLINDRICAL_SURFACE('',#10063,5.E-2);
#10065=ORIENTED_EDGE('',*,*,#10053,.F.);
#10066=ORIENTED_EDGE('',*,*,#9377,.T.);
#10067=ORIENTED_EDGE('',*,*,#9970,.T.);
#10069=ORIENTED_EDGE('',*,*,#10068,.T.);
#10070=EDGE_LOOP('',(#10065,#10066,#10067,#10069));
#10071=FACE_OUTER_BOUND('',#10070,.F.);
#10072=ADVANCED_FACE('',(#10071),#10064,.T.);
#10073=CARTESIAN_POINT('',(6.49E-1,1.5E-1,-2.9E-1));
#10074=DIRECTION('',(-6.465216954016E-1,7.628956005739E-1,0.E0));
#10075=DIRECTION('',(-7.628956005739E-1,-6.465216954016E-1,0.E0));
#10076=AXIS2_PLACEMENT_3D('',#10073,#10074,#10075);
#10077=PLANE('',#10076);
#10078=ORIENTED_EDGE('',*,*,#10068,.F.);
#10079=ORIENTED_EDGE('',*,*,#9968,.F.);
#10080=ORIENTED_EDGE('',*,*,#10039,.F.);
#10081=ORIENTED_EDGE('',*,*,#10055,.T.);
#10082=EDGE_LOOP('',(#10078,#10079,#10080,#10081));
#10083=FACE_OUTER_BOUND('',#10082,.F.);
#10084=ADVANCED_FACE('',(#10083),#10077,.T.);
#10085=CARTESIAN_POINT('',(-8.3E-1,1.3E-1,3.2E-1));
#10086=DIRECTION('',(1.E0,0.E0,0.E0));
#10087=DIRECTION('',(0.E0,0.E0,-1.E0));
#10088=AXIS2_PLACEMENT_3D('',#10085,#10086,#10087);
#10089=CYLINDRICAL_SURFACE('',#10088,3.E-2);
#10090=ORIENTED_EDGE('',*,*,#9933,.T.);
#10091=ORIENTED_EDGE('',*,*,#9973,.T.);
#10092=ORIENTED_EDGE('',*,*,#9373,.F.);
#10093=ORIENTED_EDGE('',*,*,#9444,.F.);
#10094=EDGE_LOOP('',(#10090,#10091,#10092,#10093));
#10095=FACE_OUTER_BOUND('',#10094,.F.);
#10096=ADVANCED_FACE('',(#10095),#10089,.F.);
#10097=CARTESIAN_POINT('',(-8.E-1,3.65E-1,-3.952786404500E-1));
#10098=DIRECTION('',(7.071067811865E-1,7.071067811865E-1,0.E0));
#10099=DIRECTION('',(7.071067811865E-1,-7.071067811865E-1,0.E0));
#10100=AXIS2_PLACEMENT_3D('',#10097,#10098,#10099);
#10101=PLANE('',#10100);
#10102=ORIENTED_EDGE('',*,*,#6418,.T.);
#10104=ORIENTED_EDGE('',*,*,#10103,.F.);
#10106=ORIENTED_EDGE('',*,*,#10105,.F.);
#10107=ORIENTED_EDGE('',*,*,#9305,.T.);
#10108=ORIENTED_EDGE('',*,*,#7164,.T.);
#10109=ORIENTED_EDGE('',*,*,#6944,.T.);
#10110=EDGE_LOOP('',(#10102,#10104,#10106,#10107,#10108,#10109));
#10111=FACE_OUTER_BOUND('',#10110,.F.);
#10112=ADVANCED_FACE('',(#10111),#10101,.T.);
#10113=CARTESIAN_POINT('',(-6.975E-1,3.65E-1,-4.55E-1));
#10114=DIRECTION('',(0.E0,7.071067811865E-1,7.071067811865E-1));
#10115=DIRECTION('',(0.E0,-7.071067811865E-1,7.071067811865E-1));
#10116=AXIS2_PLACEMENT_3D('',#10113,#10114,#10115);
#10117=PLANE('',#10116);
#10118=ORIENTED_EDGE('',*,*,#6416,.T.);
#10119=ORIENTED_EDGE('',*,*,#6968,.T.);
#10121=ORIENTED_EDGE('',*,*,#10120,.F.);
#10122=ORIENTED_EDGE('',*,*,#8704,.T.);
#10124=ORIENTED_EDGE('',*,*,#10123,.F.);
#10125=ORIENTED_EDGE('',*,*,#10103,.T.);
#10126=EDGE_LOOP('',(#10118,#10119,#10121,#10122,#10124,#10125));
#10127=FACE_OUTER_BOUND('',#10126,.F.);
#10128=ADVANCED_FACE('',(#10127),#10117,.T.);
#10129=CARTESIAN_POINT('',(-6.E-1,3.7E-1,-3.952786404500E-1));
#10130=DIRECTION('',(-7.071067811865E-1,7.071067811865E-1,0.E0));
#10131=DIRECTION('',(-7.071067811865E-1,-7.071067811865E-1,0.E0));
#10132=AXIS2_PLACEMENT_3D('',#10129,#10130,#10131);
#10133=PLANE('',#10132);
#10134=ORIENTED_EDGE('',*,*,#8670,.T.);
#10135=ORIENTED_EDGE('',*,*,#8706,.F.);
#10136=ORIENTED_EDGE('',*,*,#10120,.T.);
#10137=ORIENTED_EDGE('',*,*,#7291,.T.);
#10138=ORIENTED_EDGE('',*,*,#7131,.T.);
#10139=ORIENTED_EDGE('',*,*,#9311,.T.);
#10140=ORIENTED_EDGE('',*,*,#8720,.F.);
#10141=EDGE_LOOP('',(#10134,#10135,#10136,#10137,#10138,#10139,#10140));
#10142=FACE_OUTER_BOUND('',#10141,.F.);
#10143=ADVANCED_FACE('',(#10142),#10133,.T.);
#10144=CARTESIAN_POINT('',(-6.1E-1,3.8E-1,-4.4E-1));
#10145=DIRECTION('',(0.E0,0.E0,-1.E0));
#10146=DIRECTION('',(-1.E0,0.E0,0.E0));
#10147=AXIS2_PLACEMENT_3D('',#10144,#10145,#10146);
#10148=PLANE('',#10147);
#10149=ORIENTED_EDGE('',*,*,#10123,.T.);
#10150=ORIENTED_EDGE('',*,*,#8702,.T.);
#10151=ORIENTED_EDGE('',*,*,#8743,.T.);
#10153=ORIENTED_EDGE('',*,*,#10152,.F.);
#10154=EDGE_LOOP('',(#10149,#10150,#10151,#10153));
#10155=FACE_OUTER_BOUND('',#10154,.F.);
#10156=ADVANCED_FACE('',(#10155),#10148,.F.);
#10157=CARTESIAN_POINT('',(-7.85E-1,3.8E-1,-4.4E-1));
#10158=DIRECTION('',(-1.E0,0.E0,0.E0));
#10159=DIRECTION('',(0.E0,0.E0,1.E0));
#10160=AXIS2_PLACEMENT_3D('',#10157,#10158,#10159);
#10161=PLANE('',#10160);
#10162=ORIENTED_EDGE('',*,*,#10105,.T.);
#10163=ORIENTED_EDGE('',*,*,#10152,.T.);
#10164=ORIENTED_EDGE('',*,*,#8741,.T.);
#10165=ORIENTED_EDGE('',*,*,#9307,.T.);
#10166=EDGE_LOOP('',(#10162,#10163,#10164,#10165));
#10167=FACE_OUTER_BOUND('',#10166,.F.);
#10168=ADVANCED_FACE('',(#10167),#10161,.F.);
#10169=CARTESIAN_POINT('',(6.E-1,3.7E-1,-3.952786404500E-1));
#10170=DIRECTION('',(7.071067811865E-1,7.071067811865E-1,0.E0));
#10171=DIRECTION('',(7.071067811865E-1,-7.071067811865E-1,0.E0));
#10172=AXIS2_PLACEMENT_3D('',#10169,#10170,#10171);
#10173=PLANE('',#10172);
#10174=ORIENTED_EDGE('',*,*,#6791,.T.);
#10176=ORIENTED_EDGE('',*,*,#10175,.F.);
#10177=ORIENTED_EDGE('',*,*,#9338,.T.);
#10178=ORIENTED_EDGE('',*,*,#7143,.T.);
#10179=ORIENTED_EDGE('',*,*,#8336,.T.);
#10180=ORIENTED_EDGE('',*,*,#7047,.F.);
#10182=ORIENTED_EDGE('',*,*,#10181,.F.);
#10183=EDGE_LOOP('',(#10174,#10176,#10177,#10178,#10179,#10180,#10182));
#10184=FACE_OUTER_BOUND('',#10183,.F.);
#10185=ADVANCED_FACE('',(#10184),#10173,.T.);
#10186=CARTESIAN_POINT('',(6.1E-1,3.8E-1,-4.4E-1));
#10187=DIRECTION('',(-1.E0,0.E0,0.E0));
#10188=DIRECTION('',(0.E0,0.E0,1.E0));
#10189=AXIS2_PLACEMENT_3D('',#10186,#10187,#10188);
#10190=PLANE('',#10189);
#10192=ORIENTED_EDGE('',*,*,#10191,.F.);
#10193=ORIENTED_EDGE('',*,*,#10181,.T.);
#10194=ORIENTED_EDGE('',*,*,#7045,.F.);
#10196=ORIENTED_EDGE('',*,*,#10195,.T.);
#10197=ORIENTED_EDGE('',*,*,#8761,.T.);
#10198=EDGE_LOOP('',(#10192,#10193,#10194,#10196,#10197));
#10199=FACE_OUTER_BOUND('',#10198,.F.);
#10200=ADVANCED_FACE('',(#10199),#10190,.F.);
#10201=CARTESIAN_POINT('',(6.1E-1,3.8E-1,-4.4E-1));
#10202=DIRECTION('',(-1.E0,0.E0,0.E0));
#10203=DIRECTION('',(0.E0,0.E0,1.E0));
#10204=AXIS2_PLACEMENT_3D('',#10201,#10202,#10203);
#10205=PLANE('',#10204);
#10207=ORIENTED_EDGE('',*,*,#10206,.T.);
#10208=ORIENTED_EDGE('',*,*,#8769,.T.);
#10209=ORIENTED_EDGE('',*,*,#9340,.T.);
#10210=ORIENTED_EDGE('',*,*,#10175,.T.);
#10211=ORIENTED_EDGE('',*,*,#6819,.F.);
#10212=EDGE_LOOP('',(#10207,#10208,#10209,#10210,#10211));
#10213=FACE_OUTER_BOUND('',#10212,.F.);
#10214=ADVANCED_FACE('',(#10213),#10205,.F.);
#10215=CARTESIAN_POINT('',(7.75E-1,4.4E-1,-4.3E-1));
#10216=DIRECTION('',(0.E0,0.E0,-1.E0));
#10217=DIRECTION('',(-1.E0,0.E0,0.E0));
#10218=AXIS2_PLACEMENT_3D('',#10215,#10216,#10217);
#10219=PLANE('',#10218);
#10220=ORIENTED_EDGE('',*,*,#10191,.T.);
#10221=ORIENTED_EDGE('',*,*,#8759,.F.);
#10223=ORIENTED_EDGE('',*,*,#10222,.F.);
#10224=ORIENTED_EDGE('',*,*,#6432,.T.);
#10225=ORIENTED_EDGE('',*,*,#6793,.T.);
#10226=EDGE_LOOP('',(#10220,#10221,#10223,#10224,#10225));
#10227=FACE_OUTER_BOUND('',#10226,.F.);
#10228=ADVANCED_FACE('',(#10227),#10219,.T.);
#10229=CARTESIAN_POINT('',(7.75E-1,3.8E-1,-3.7E-1));
#10230=DIRECTION('',(1.E0,0.E0,0.E0));
#10231=DIRECTION('',(0.E0,0.E0,-1.E0));
#10232=AXIS2_PLACEMENT_3D('',#10229,#10230,#10231);
#10233=PLANE('',#10232);
#10234=ORIENTED_EDGE('',*,*,#6815,.F.);
#10235=ORIENTED_EDGE('',*,*,#6836,.F.);
#10236=ORIENTED_EDGE('',*,*,#10222,.T.);
#10237=ORIENTED_EDGE('',*,*,#8757,.T.);
#10239=ORIENTED_EDGE('',*,*,#10238,.T.);
#10240=EDGE_LOOP('',(#10234,#10235,#10236,#10237,#10239));
#10241=FACE_OUTER_BOUND('',#10240,.F.);
#10242=ADVANCED_FACE('',(#10241),#10233,.T.);
#10243=CARTESIAN_POINT('',(6.1E-1,3.8E-1,-3.7E-1));
#10244=DIRECTION('',(0.E0,0.E0,1.E0));
#10245=DIRECTION('',(1.E0,0.E0,0.E0));
#10246=AXIS2_PLACEMENT_3D('',#10243,#10244,#10245);
#10247=PLANE('',#10246);
#10248=ORIENTED_EDGE('',*,*,#6817,.T.);
#10249=ORIENTED_EDGE('',*,*,#10238,.F.);
#10250=ORIENTED_EDGE('',*,*,#8755,.F.);
#10251=ORIENTED_EDGE('',*,*,#10206,.F.);
#10252=EDGE_LOOP('',(#10248,#10249,#10250,#10251));
#10253=FACE_OUTER_BOUND('',#10252,.F.);
#10254=ADVANCED_FACE('',(#10253),#10247,.T.);
#10255=CARTESIAN_POINT('',(7.85E-1,3.8E-1,-4.4E-1));
#10256=DIRECTION('',(0.E0,0.E0,-1.E0));
#10257=DIRECTION('',(-1.E0,0.E0,0.E0));
#10258=AXIS2_PLACEMENT_3D('',#10255,#10256,#10257);
#10259=PLANE('',#10258);
#10260=ORIENTED_EDGE('',*,*,#7043,.T.);
#10262=ORIENTED_EDGE('',*,*,#10261,.T.);
#10263=ORIENTED_EDGE('',*,*,#8763,.T.);
#10264=ORIENTED_EDGE('',*,*,#10195,.F.);
#10265=EDGE_LOOP('',(#10260,#10262,#10263,#10264));
#10266=FACE_OUTER_BOUND('',#10265,.F.);
#10267=ADVANCED_FACE('',(#10266),#10259,.F.);
#10268=CARTESIAN_POINT('',(7.85E-1,3.8E-1,-3.5E-1));
#10269=DIRECTION('',(1.E0,0.E0,0.E0));
#10270=DIRECTION('',(0.E0,0.E0,-1.E0));
#10271=AXIS2_PLACEMENT_3D('',#10268,#10269,#10270);
#10272=PLANE('',#10271);
#10273=ORIENTED_EDGE('',*,*,#7064,.T.);
#10274=ORIENTED_EDGE('',*,*,#9343,.F.);
#10275=ORIENTED_EDGE('',*,*,#8765,.T.);
#10276=ORIENTED_EDGE('',*,*,#10261,.F.);
#10277=EDGE_LOOP('',(#10273,#10274,#10275,#10276));
#10278=FACE_OUTER_BOUND('',#10277,.F.);
#10279=ADVANCED_FACE('',(#10278),#10272,.F.);
#10280=CARTESIAN_POINT('',(-1.18E0,3.7E-1,5.4E-1));
#10281=DIRECTION('',(1.E0,0.E0,0.E0));
#10282=DIRECTION('',(0.E0,0.E0,-1.E0));
#10283=AXIS2_PLACEMENT_3D('',#10280,#10281,#10282);
#10284=CYLINDRICAL_SURFACE('',#10283,9.E-2);
#10285=ORIENTED_EDGE('',*,*,#7267,.F.);
#10286=ORIENTED_EDGE('',*,*,#9214,.T.);
#10287=ORIENTED_EDGE('',*,*,#8322,.T.);
#10289=ORIENTED_EDGE('',*,*,#10288,.F.);
#10291=ORIENTED_EDGE('',*,*,#10290,.F.);
#10293=ORIENTED_EDGE('',*,*,#10292,.F.);
#10295=ORIENTED_EDGE('',*,*,#10294,.F.);
#10297=ORIENTED_EDGE('',*,*,#10296,.F.);
#10299=ORIENTED_EDGE('',*,*,#10298,.F.);
#10301=ORIENTED_EDGE('',*,*,#10300,.F.);
#10302=EDGE_LOOP('',(#10285,#10286,#10287,#10289,#10291,#10293,#10295,#10297,
#10299,#10301));
#10303=FACE_OUTER_BOUND('',#10302,.F.);
#10304=ADVANCED_FACE('',(#10303),#10284,.T.);
#10305=CARTESIAN_POINT('',(-1.18E0,3.7E-1,6.3E-1));
#10306=DIRECTION('',(0.E0,-9.138115486203E-1,4.061384660535E-1));
#10307=DIRECTION('',(0.E0,-4.061384660535E-1,-9.138115486203E-1));
#10308=AXIS2_PLACEMENT_3D('',#10305,#10306,#10307);
#10309=PLANE('',#10308);
#10311=ORIENTED_EDGE('',*,*,#10310,.T.);
#10313=ORIENTED_EDGE('',*,*,#10312,.F.);
#10315=ORIENTED_EDGE('',*,*,#10314,.F.);
#10316=ORIENTED_EDGE('',*,*,#10296,.T.);
#10317=EDGE_LOOP('',(#10311,#10313,#10315,#10316));
#10318=FACE_OUTER_BOUND('',#10317,.F.);
#10319=ADVANCED_FACE('',(#10318),#10309,.T.);
#10320=CARTESIAN_POINT('',(-1.18E0,3.7E-1,6.3E-1));
#10321=DIRECTION('',(0.E0,-9.138115486203E-1,4.061384660535E-1));
#10322=DIRECTION('',(0.E0,-4.061384660535E-1,-9.138115486203E-1));
#10323=AXIS2_PLACEMENT_3D('',#10320,#10321,#10322);
#10324=PLANE('',#10323);
#10326=ORIENTED_EDGE('',*,*,#10325,.T.);
#10328=ORIENTED_EDGE('',*,*,#10327,.F.);
#10330=ORIENTED_EDGE('',*,*,#10329,.F.);
#10331=ORIENTED_EDGE('',*,*,#10292,.T.);
#10332=EDGE_LOOP('',(#10326,#10328,#10330,#10331));
#10333=FACE_OUTER_BOUND('',#10332,.F.);
#10334=ADVANCED_FACE('',(#10333),#10324,.T.);
#10335=CARTESIAN_POINT('',(-1.18E0,3.7E-1,6.3E-1));
#10336=DIRECTION('',(0.E0,-9.138115486203E-1,4.061384660535E-1));
#10337=DIRECTION('',(0.E0,-4.061384660535E-1,-9.138115486203E-1));
#10338=AXIS2_PLACEMENT_3D('',#10335,#10336,#10337);
#10339=PLANE('',#10338);
#10340=ORIENTED_EDGE('',*,*,#7269,.F.);
#10341=ORIENTED_EDGE('',*,*,#10300,.T.);
#10343=ORIENTED_EDGE('',*,*,#10342,.T.);
#10345=ORIENTED_EDGE('',*,*,#10344,.F.);
#10346=EDGE_LOOP('',(#10340,#10341,#10343,#10345));
#10347=FACE_OUTER_BOUND('',#10346,.F.);
#10348=ADVANCED_FACE('',(#10347),#10339,.T.);
#10349=CARTESIAN_POINT('',(-1.18E0,3.7E-1,6.3E-1));
#10350=DIRECTION('',(0.E0,-9.138115486203E-1,4.061384660535E-1));
#10351=DIRECTION('',(0.E0,-4.061384660535E-1,-9.138115486203E-1));
#10352=AXIS2_PLACEMENT_3D('',#10349,#10350,#10351);
#10353=PLANE('',#10352);
#10354=ORIENTED_EDGE('',*,*,#8320,.T.);
#10356=ORIENTED_EDGE('',*,*,#10355,.F.);
#10358=ORIENTED_EDGE('',*,*,#10357,.F.);
#10359=ORIENTED_EDGE('',*,*,#10288,.T.);
#10360=EDGE_LOOP('',(#10354,#10356,#10358,#10359));
#10361=FACE_OUTER_BOUND('',#10360,.F.);
#10362=ADVANCED_FACE('',(#10361),#10353,.T.);
#10363=CARTESIAN_POINT('',(-1.1E-1,0.E0,0.E0));
#10364=DIRECTION('',(1.E0,0.E0,0.E0));
#10365=DIRECTION('',(0.E0,0.E0,-1.E0));
#10366=AXIS2_PLACEMENT_3D('',#10363,#10364,#10365);
#10367=PLANE('',#10366);
#10368=ORIENTED_EDGE('',*,*,#10310,.F.);
#10370=ORIENTED_EDGE('',*,*,#10369,.T.);
#10372=ORIENTED_EDGE('',*,*,#10371,.T.);
#10374=ORIENTED_EDGE('',*,*,#10373,.T.);
#10376=ORIENTED_EDGE('',*,*,#10375,.F.);
#10378=ORIENTED_EDGE('',*,*,#10377,.F.);
#10380=ORIENTED_EDGE('',*,*,#10379,.F.);
#10381=EDGE_LOOP('',(#10368,#10370,#10372,#10374,#10376,#10378,#10380));
#10382=FACE_OUTER_BOUND('',#10381,.F.);
#10383=ADVANCED_FACE('',(#10382),#10367,.F.);
#10384=CARTESIAN_POINT('',(-1.1E-1,0.E0,0.E0));
#10385=DIRECTION('',(1.E0,0.E0,0.E0));
#10386=DIRECTION('',(0.E0,0.E0,-1.E0));
#10387=AXIS2_PLACEMENT_3D('',#10384,#10385,#10386);
#10388=PLANE('',#10387);
#10390=ORIENTED_EDGE('',*,*,#10389,.F.);
#10392=ORIENTED_EDGE('',*,*,#10391,.T.);
#10394=ORIENTED_EDGE('',*,*,#10393,.T.);
#10396=ORIENTED_EDGE('',*,*,#10395,.T.);
#10398=ORIENTED_EDGE('',*,*,#10397,.F.);
#10400=ORIENTED_EDGE('',*,*,#10399,.F.);
#10402=ORIENTED_EDGE('',*,*,#10401,.F.);
#10403=EDGE_LOOP('',(#10390,#10392,#10394,#10396,#10398,#10400,#10402));
#10404=FACE_OUTER_BOUND('',#10403,.F.);
#10405=ADVANCED_FACE('',(#10404),#10388,.F.);
#10406=CARTESIAN_POINT('',(-1.1E-1,3.7E-1,6.3E-1));
#10407=DIRECTION('',(0.E0,0.E0,1.E0));
#10408=DIRECTION('',(0.E0,-1.E0,0.E0));
#10409=AXIS2_PLACEMENT_3D('',#10406,#10407,#10408);
#10410=PLANE('',#10409);
#10411=ORIENTED_EDGE('',*,*,#10294,.T.);
#10413=ORIENTED_EDGE('',*,*,#10412,.T.);
#10415=ORIENTED_EDGE('',*,*,#10414,.F.);
#10416=ORIENTED_EDGE('',*,*,#10369,.F.);
#10417=EDGE_LOOP('',(#10411,#10413,#10415,#10416));
#10418=FACE_OUTER_BOUND('',#10417,.F.);
#10419=ADVANCED_FACE('',(#10418),#10410,.T.);
#10420=CARTESIAN_POINT('',(1.1E-1,0.E0,0.E0));
#10421=DIRECTION('',(1.E0,0.E0,0.E0));
#10422=DIRECTION('',(0.E0,0.E0,-1.E0));
#10423=AXIS2_PLACEMENT_3D('',#10420,#10421,#10422);
#10424=PLANE('',#10423);
#10425=ORIENTED_EDGE('',*,*,#10329,.T.);
#10427=ORIENTED_EDGE('',*,*,#10426,.T.);
#10429=ORIENTED_EDGE('',*,*,#10428,.T.);
#10431=ORIENTED_EDGE('',*,*,#10430,.T.);
#10433=ORIENTED_EDGE('',*,*,#10432,.F.);
#10435=ORIENTED_EDGE('',*,*,#10434,.F.);
#10436=ORIENTED_EDGE('',*,*,#10412,.F.);
#10437=EDGE_LOOP('',(#10425,#10427,#10429,#10431,#10433,#10435,#10436));
#10438=FACE_OUTER_BOUND('',#10437,.F.);
#10439=ADVANCED_FACE('',(#10438),#10424,.T.);
#10440=CARTESIAN_POINT('',(1.1E-1,0.E0,0.E0));
#10441=DIRECTION('',(1.E0,0.E0,0.E0));
#10442=DIRECTION('',(0.E0,0.E0,-1.E0));
#10443=AXIS2_PLACEMENT_3D('',#10440,#10441,#10442);
#10444=PLANE('',#10443);
#10446=ORIENTED_EDGE('',*,*,#10445,.T.);
#10448=ORIENTED_EDGE('',*,*,#10447,.T.);
#10450=ORIENTED_EDGE('',*,*,#10449,.T.);
#10452=ORIENTED_EDGE('',*,*,#10451,.T.);
#10454=ORIENTED_EDGE('',*,*,#10453,.F.);
#10456=ORIENTED_EDGE('',*,*,#10455,.F.);
#10458=ORIENTED_EDGE('',*,*,#10457,.F.);
#10459=EDGE_LOOP('',(#10446,#10448,#10450,#10452,#10454,#10456,#10458));
#10460=FACE_OUTER_BOUND('',#10459,.F.);
#10461=ADVANCED_FACE('',(#10460),#10444,.T.);
#10462=CARTESIAN_POINT('',(-1.18E0,3.5E-1,5.85E-1));
#10463=DIRECTION('',(0.E0,0.E0,1.E0));
#10464=DIRECTION('',(0.E0,-1.E0,0.E0));
#10465=AXIS2_PLACEMENT_3D('',#10462,#10463,#10464);
#10466=PLANE('',#10465);
#10467=ORIENTED_EDGE('',*,*,#10379,.T.);
#10469=ORIENTED_EDGE('',*,*,#10468,.F.);
#10471=ORIENTED_EDGE('',*,*,#10470,.F.);
#10472=ORIENTED_EDGE('',*,*,#10312,.T.);
#10473=EDGE_LOOP('',(#10467,#10469,#10471,#10472));
#10474=FACE_OUTER_BOUND('',#10473,.F.);
#10475=ADVANCED_FACE('',(#10474),#10466,.T.);
#10476=CARTESIAN_POINT('',(-1.18E0,3.5E-1,5.85E-1));
#10477=DIRECTION('',(0.E0,0.E0,1.E0));
#10478=DIRECTION('',(0.E0,-1.E0,0.E0));
#10479=AXIS2_PLACEMENT_3D('',#10476,#10477,#10478);
#10480=PLANE('',#10479);
#10482=ORIENTED_EDGE('',*,*,#10481,.T.);
#10484=ORIENTED_EDGE('',*,*,#10483,.F.);
#10485=ORIENTED_EDGE('',*,*,#10426,.F.);
#10486=ORIENTED_EDGE('',*,*,#10327,.T.);
#10487=EDGE_LOOP('',(#10482,#10484,#10485,#10486));
#10488=FACE_OUTER_BOUND('',#10487,.F.);
#10489=ADVANCED_FACE('',(#10488),#10480,.T.);
#10490=CARTESIAN_POINT('',(-1.18E0,3.5E-1,5.85E-1));
#10491=DIRECTION('',(0.E0,0.E0,1.E0));
#10492=DIRECTION('',(0.E0,-1.E0,0.E0));
#10493=AXIS2_PLACEMENT_3D('',#10490,#10491,#10492);
#10494=PLANE('',#10493);
#10495=ORIENTED_EDGE('',*,*,#7271,.F.);
#10496=ORIENTED_EDGE('',*,*,#10344,.T.);
#10498=ORIENTED_EDGE('',*,*,#10497,.T.);
#10500=ORIENTED_EDGE('',*,*,#10499,.F.);
#10501=EDGE_LOOP('',(#10495,#10496,#10498,#10500));
#10502=FACE_OUTER_BOUND('',#10501,.F.);
#10503=ADVANCED_FACE('',(#10502),#10494,.T.);
#10504=CARTESIAN_POINT('',(-1.18E0,3.5E-1,5.85E-1));
#10505=DIRECTION('',(0.E0,0.E0,1.E0));
#10506=DIRECTION('',(0.E0,-1.E0,0.E0));
#10507=AXIS2_PLACEMENT_3D('',#10504,#10505,#10506);
#10508=PLANE('',#10507);
#10509=ORIENTED_EDGE('',*,*,#8318,.T.);
#10511=ORIENTED_EDGE('',*,*,#10510,.F.);
#10513=ORIENTED_EDGE('',*,*,#10512,.F.);
#10514=ORIENTED_EDGE('',*,*,#10355,.T.);
#10515=EDGE_LOOP('',(#10509,#10511,#10513,#10514));
#10516=FACE_OUTER_BOUND('',#10515,.F.);
#10517=ADVANCED_FACE('',(#10516),#10508,.T.);
#10518=CARTESIAN_POINT('',(-1.18E0,2.8E-1,5.85E-1));
#10519=DIRECTION('',(0.E0,1.E0,0.E0));
#10520=DIRECTION('',(0.E0,0.E0,1.E0));
#10521=AXIS2_PLACEMENT_3D('',#10518,#10519,#10520);
#10522=PLANE('',#10521);
#10524=ORIENTED_EDGE('',*,*,#10523,.F.);
#10526=ORIENTED_EDGE('',*,*,#10525,.F.);
#10527=ORIENTED_EDGE('',*,*,#10468,.T.);
#10528=ORIENTED_EDGE('',*,*,#10377,.T.);
#10529=EDGE_LOOP('',(#10524,#10526,#10527,#10528));
#10530=FACE_OUTER_BOUND('',#10529,.F.);
#10531=ADVANCED_FACE('',(#10530),#10522,.T.);
#10532=CARTESIAN_POINT('',(-1.18E0,2.8E-1,5.85E-1));
#10533=DIRECTION('',(0.E0,1.E0,0.E0));
#10534=DIRECTION('',(0.E0,0.E0,1.E0));
#10535=AXIS2_PLACEMENT_3D('',#10532,#10533,#10534);
#10536=PLANE('',#10535);
#10538=ORIENTED_EDGE('',*,*,#10537,.F.);
#10539=ORIENTED_EDGE('',*,*,#10428,.F.);
#10540=ORIENTED_EDGE('',*,*,#10483,.T.);
#10542=ORIENTED_EDGE('',*,*,#10541,.T.);
#10543=EDGE_LOOP('',(#10538,#10539,#10540,#10542));
#10544=FACE_OUTER_BOUND('',#10543,.F.);
#10545=ADVANCED_FACE('',(#10544),#10536,.T.);
#10546=CARTESIAN_POINT('',(-1.18E0,2.8E-1,5.85E-1));
#10547=DIRECTION('',(0.E0,1.E0,0.E0));
#10548=DIRECTION('',(0.E0,0.E0,1.E0));
#10549=AXIS2_PLACEMENT_3D('',#10546,#10547,#10548);
#10550=PLANE('',#10549);
#10551=ORIENTED_EDGE('',*,*,#7273,.F.);
#10552=ORIENTED_EDGE('',*,*,#10499,.T.);
#10554=ORIENTED_EDGE('',*,*,#10553,.T.);
#10556=ORIENTED_EDGE('',*,*,#10555,.F.);
#10557=EDGE_LOOP('',(#10551,#10552,#10554,#10556));
#10558=FACE_OUTER_BOUND('',#10557,.F.);
#10559=ADVANCED_FACE('',(#10558),#10550,.T.);
#10560=CARTESIAN_POINT('',(-1.18E0,2.8E-1,5.85E-1));
#10561=DIRECTION('',(0.E0,1.E0,0.E0));
#10562=DIRECTION('',(0.E0,0.E0,1.E0));
#10563=AXIS2_PLACEMENT_3D('',#10560,#10561,#10562);
#10564=PLANE('',#10563);
#10565=ORIENTED_EDGE('',*,*,#8316,.T.);
#10567=ORIENTED_EDGE('',*,*,#10566,.F.);
#10569=ORIENTED_EDGE('',*,*,#10568,.F.);
#10570=ORIENTED_EDGE('',*,*,#10510,.T.);
#10571=EDGE_LOOP('',(#10565,#10567,#10569,#10570));
#10572=FACE_OUTER_BOUND('',#10571,.F.);
#10573=ADVANCED_FACE('',(#10572),#10564,.T.);
#10574=CARTESIAN_POINT('',(-1.18E0,2.4E-1,5.9E-1));
#10575=DIRECTION('',(1.E0,0.E0,0.E0));
#10576=DIRECTION('',(0.E0,0.E0,-1.E0));
#10577=AXIS2_PLACEMENT_3D('',#10574,#10575,#10576);
#10578=CYLINDRICAL_SURFACE('',#10577,4.E-2);
#10580=ORIENTED_EDGE('',*,*,#10579,.T.);
#10582=ORIENTED_EDGE('',*,*,#10581,.F.);
#10584=ORIENTED_EDGE('',*,*,#10583,.F.);
#10586=ORIENTED_EDGE('',*,*,#10585,.F.);
#10587=ORIENTED_EDGE('',*,*,#10523,.T.);
#10588=ORIENTED_EDGE('',*,*,#10375,.T.);
#10589=EDGE_LOOP('',(#10580,#10582,#10584,#10586,#10587,#10588));
#10590=FACE_OUTER_BOUND('',#10589,.F.);
#10591=ADVANCED_FACE('',(#10590),#10578,.T.);
#10592=CARTESIAN_POINT('',(-1.18E0,2.4E-1,5.9E-1));
#10593=DIRECTION('',(1.E0,0.E0,0.E0));
#10594=DIRECTION('',(0.E0,0.E0,-1.E0));
#10595=AXIS2_PLACEMENT_3D('',#10592,#10593,#10594);
#10596=CYLINDRICAL_SURFACE('',#10595,4.E-2);
#10598=ORIENTED_EDGE('',*,*,#10597,.T.);
#10600=ORIENTED_EDGE('',*,*,#10599,.F.);
#10602=ORIENTED_EDGE('',*,*,#10601,.F.);
#10603=ORIENTED_EDGE('',*,*,#10430,.F.);
#10604=ORIENTED_EDGE('',*,*,#10537,.T.);
#10606=ORIENTED_EDGE('',*,*,#10605,.T.);
#10607=EDGE_LOOP('',(#10598,#10600,#10602,#10603,#10604,#10606));
#10608=FACE_OUTER_BOUND('',#10607,.F.);
#10609=ADVANCED_FACE('',(#10608),#10596,.T.);
#10610=CARTESIAN_POINT('',(-1.18E0,2.4E-1,5.9E-1));
#10611=DIRECTION('',(1.E0,0.E0,0.E0));
#10612=DIRECTION('',(0.E0,0.E0,-1.E0));
#10613=AXIS2_PLACEMENT_3D('',#10610,#10611,#10612);
#10614=CYLINDRICAL_SURFACE('',#10613,4.E-2);
#10615=ORIENTED_EDGE('',*,*,#7275,.F.);
#10616=ORIENTED_EDGE('',*,*,#10555,.T.);
#10618=ORIENTED_EDGE('',*,*,#10617,.T.);
#10620=ORIENTED_EDGE('',*,*,#10619,.T.);
#10622=ORIENTED_EDGE('',*,*,#10621,.F.);
#10623=EDGE_LOOP('',(#10615,#10616,#10618,#10620,#10622));
#10624=FACE_OUTER_BOUND('',#10623,.F.);
#10625=ADVANCED_FACE('',(#10624),#10614,.T.);
#10626=CARTESIAN_POINT('',(-1.18E0,2.4E-1,5.9E-1));
#10627=DIRECTION('',(1.E0,0.E0,0.E0));
#10628=DIRECTION('',(0.E0,0.E0,-1.E0));
#10629=AXIS2_PLACEMENT_3D('',#10626,#10627,#10628);
#10630=CYLINDRICAL_SURFACE('',#10629,4.E-2);
#10631=ORIENTED_EDGE('',*,*,#8314,.T.);
#10633=ORIENTED_EDGE('',*,*,#10632,.F.);
#10635=ORIENTED_EDGE('',*,*,#10634,.F.);
#10637=ORIENTED_EDGE('',*,*,#10636,.F.);
#10638=ORIENTED_EDGE('',*,*,#10566,.T.);
#10639=EDGE_LOOP('',(#10631,#10633,#10635,#10637,#10638));
#10640=FACE_OUTER_BOUND('',#10639,.F.);
#10641=ADVANCED_FACE('',(#10640),#10630,.T.);
#10642=CARTESIAN_POINT('',(-1.1E-1,0.E0,0.E0));
#10643=DIRECTION('',(1.E0,0.E0,0.E0));
#10644=DIRECTION('',(0.E0,0.E0,-1.E0));
#10645=AXIS2_PLACEMENT_3D('',#10642,#10643,#10644);
#10646=PLANE('',#10645);
#10648=ORIENTED_EDGE('',*,*,#10647,.F.);
#10650=ORIENTED_EDGE('',*,*,#10649,.F.);
#10652=ORIENTED_EDGE('',*,*,#10651,.F.);
#10653=ORIENTED_EDGE('',*,*,#10579,.F.);
#10654=EDGE_LOOP('',(#10648,#10650,#10652,#10653));
#10655=FACE_OUTER_BOUND('',#10654,.F.);
#10656=ADVANCED_FACE('',(#10655),#10646,.T.);
#10657=CARTESIAN_POINT('',(-1.1E-1,0.E0,0.E0));
#10658=DIRECTION('',(1.E0,0.E0,0.E0));
#10659=DIRECTION('',(0.E0,0.E0,-1.E0));
#10660=AXIS2_PLACEMENT_3D('',#10657,#10658,#10659);
#10661=PLANE('',#10660);
#10663=ORIENTED_EDGE('',*,*,#10662,.T.);
#10665=ORIENTED_EDGE('',*,*,#10664,.F.);
#10667=ORIENTED_EDGE('',*,*,#10666,.T.);
#10669=ORIENTED_EDGE('',*,*,#10668,.F.);
#10670=EDGE_LOOP('',(#10663,#10665,#10667,#10669));
#10671=FACE_OUTER_BOUND('',#10670,.F.);
#10672=ADVANCED_FACE('',(#10671),#10661,.T.);
#10673=CARTESIAN_POINT('',(-1.1E-1,3.4E-1,6.15E-1));
#10674=DIRECTION('',(0.E0,0.E0,1.E0));
#10675=DIRECTION('',(0.E0,-1.E0,0.E0));
#10676=AXIS2_PLACEMENT_3D('',#10673,#10674,#10675);
#10677=PLANE('',#10676);
#10678=ORIENTED_EDGE('',*,*,#10647,.T.);
#10679=ORIENTED_EDGE('',*,*,#10373,.F.);
#10681=ORIENTED_EDGE('',*,*,#10680,.T.);
#10682=ORIENTED_EDGE('',*,*,#10432,.T.);
#10684=ORIENTED_EDGE('',*,*,#10683,.F.);
#10686=ORIENTED_EDGE('',*,*,#10685,.F.);
#10687=EDGE_LOOP('',(#10678,#10679,#10681,#10682,#10684,#10686));
#10688=FACE_OUTER_BOUND('',#10687,.F.);
#10689=ADVANCED_FACE('',(#10688),#10677,.T.);
#10690=CARTESIAN_POINT('',(-1.1E-1,3.55E-1,6.3E-1));
#10691=DIRECTION('',(0.E0,-7.071067811865E-1,7.071067811865E-1));
#10692=DIRECTION('',(0.E0,-7.071067811865E-1,-7.071067811865E-1));
#10693=AXIS2_PLACEMENT_3D('',#10690,#10691,#10692);
#10694=PLANE('',#10693);
#10695=ORIENTED_EDGE('',*,*,#10371,.F.);
#10696=ORIENTED_EDGE('',*,*,#10414,.T.);
#10697=ORIENTED_EDGE('',*,*,#10434,.T.);
#10698=ORIENTED_EDGE('',*,*,#10680,.F.);
#10699=EDGE_LOOP('',(#10695,#10696,#10697,#10698));
#10700=FACE_OUTER_BOUND('',#10699,.F.);
#10701=ADVANCED_FACE('',(#10700),#10694,.T.);
#10702=CARTESIAN_POINT('',(1.1E-1,0.E0,0.E0));
#10703=DIRECTION('',(1.E0,0.E0,0.E0));
#10704=DIRECTION('',(0.E0,0.E0,-1.E0));
#10705=AXIS2_PLACEMENT_3D('',#10702,#10703,#10704);
#10706=PLANE('',#10705);
#10707=ORIENTED_EDGE('',*,*,#10683,.T.);
#10708=ORIENTED_EDGE('',*,*,#10601,.T.);
#10710=ORIENTED_EDGE('',*,*,#10709,.T.);
#10712=ORIENTED_EDGE('',*,*,#10711,.T.);
#10713=EDGE_LOOP('',(#10707,#10708,#10710,#10712));
#10714=FACE_OUTER_BOUND('',#10713,.F.);
#10715=ADVANCED_FACE('',(#10714),#10706,.F.);
#10716=CARTESIAN_POINT('',(1.1E-1,0.E0,0.E0));
#10717=DIRECTION('',(1.E0,0.E0,0.E0));
#10718=DIRECTION('',(0.E0,0.E0,-1.E0));
#10719=AXIS2_PLACEMENT_3D('',#10716,#10717,#10718);
#10720=PLANE('',#10719);
#10722=ORIENTED_EDGE('',*,*,#10721,.F.);
#10724=ORIENTED_EDGE('',*,*,#10723,.T.);
#10726=ORIENTED_EDGE('',*,*,#10725,.F.);
#10728=ORIENTED_EDGE('',*,*,#10727,.T.);
#10729=EDGE_LOOP('',(#10722,#10724,#10726,#10728));
#10730=FACE_OUTER_BOUND('',#10729,.F.);
#10731=ADVANCED_FACE('',(#10730),#10720,.F.);
#10732=CARTESIAN_POINT('',(-1.18E0,2.4E-1,6.3E-1));
#10733=DIRECTION('',(0.E0,0.E0,1.E0));
#10734=DIRECTION('',(0.E0,-1.E0,0.E0));
#10735=AXIS2_PLACEMENT_3D('',#10732,#10733,#10734);
#10736=PLANE('',#10735);
#10737=ORIENTED_EDGE('',*,*,#7277,.F.);
#10738=ORIENTED_EDGE('',*,*,#10621,.T.);
#10740=ORIENTED_EDGE('',*,*,#10739,.T.);
#10742=ORIENTED_EDGE('',*,*,#10741,.T.);
#10744=ORIENTED_EDGE('',*,*,#10743,.F.);
#10745=ORIENTED_EDGE('',*,*,#10581,.T.);
#10746=ORIENTED_EDGE('',*,*,#10651,.T.);
#10748=ORIENTED_EDGE('',*,*,#10747,.T.);
#10749=ORIENTED_EDGE('',*,*,#10709,.F.);
#10750=ORIENTED_EDGE('',*,*,#10599,.T.);
#10752=ORIENTED_EDGE('',*,*,#10751,.T.);
#10754=ORIENTED_EDGE('',*,*,#10753,.T.);
#10756=ORIENTED_EDGE('',*,*,#10755,.F.);
#10757=ORIENTED_EDGE('',*,*,#10632,.T.);
#10758=ORIENTED_EDGE('',*,*,#8312,.T.);
#10759=ORIENTED_EDGE('',*,*,#6300,.F.);
#10761=ORIENTED_EDGE('',*,*,#10760,.T.);
#10763=ORIENTED_EDGE('',*,*,#10762,.F.);
#10765=ORIENTED_EDGE('',*,*,#10764,.F.);
#10766=ORIENTED_EDGE('',*,*,#6292,.F.);
#10768=ORIENTED_EDGE('',*,*,#10767,.T.);
#10770=ORIENTED_EDGE('',*,*,#10769,.F.);
#10772=ORIENTED_EDGE('',*,*,#10771,.F.);
#10773=ORIENTED_EDGE('',*,*,#6284,.F.);
#10775=ORIENTED_EDGE('',*,*,#10774,.T.);
#10777=ORIENTED_EDGE('',*,*,#10776,.F.);
#10779=ORIENTED_EDGE('',*,*,#10778,.F.);
#10780=ORIENTED_EDGE('',*,*,#6276,.F.);
#10781=EDGE_LOOP('',(#10737,#10738,#10740,#10742,#10744,#10745,#10746,#10748,
#10749,#10750,#10752,#10754,#10756,#10757,#10758,#10759,#10761,#10763,#10765,
#10766,#10768,#10770,#10772,#10773,#10775,#10777,#10779,#10780));
#10782=FACE_OUTER_BOUND('',#10781,.F.);
#10783=ADVANCED_FACE('',(#10782),#10736,.T.);
#10784=CARTESIAN_POINT('',(-4.6E-1,0.E0,0.E0));
#10785=DIRECTION('',(1.E0,0.E0,0.E0));
#10786=DIRECTION('',(0.E0,0.E0,-1.E0));
#10787=AXIS2_PLACEMENT_3D('',#10784,#10785,#10786);
#10788=PLANE('',#10787);
#10790=ORIENTED_EDGE('',*,*,#10789,.F.);
#10792=ORIENTED_EDGE('',*,*,#10791,.F.);
#10793=ORIENTED_EDGE('',*,*,#10739,.F.);
#10794=ORIENTED_EDGE('',*,*,#10619,.F.);
#10795=EDGE_LOOP('',(#10790,#10792,#10793,#10794));
#10796=FACE_OUTER_BOUND('',#10795,.F.);
#10797=ADVANCED_FACE('',(#10796),#10788,.T.);
#10798=CARTESIAN_POINT('',(-4.6E-1,0.E0,0.E0));
#10799=DIRECTION('',(1.E0,0.E0,0.E0));
#10800=DIRECTION('',(0.E0,0.E0,-1.E0));
#10801=AXIS2_PLACEMENT_3D('',#10798,#10799,#10800);
#10802=PLANE('',#10801);
#10804=ORIENTED_EDGE('',*,*,#10803,.T.);
#10806=ORIENTED_EDGE('',*,*,#10805,.F.);
#10808=ORIENTED_EDGE('',*,*,#10807,.F.);
#10810=ORIENTED_EDGE('',*,*,#10809,.F.);
#10811=EDGE_LOOP('',(#10804,#10806,#10808,#10810));
#10812=FACE_OUTER_BOUND('',#10811,.F.);
#10813=ADVANCED_FACE('',(#10812),#10802,.T.);
#10814=CARTESIAN_POINT('',(-4.6E-1,3.4E-1,6.15E-1));
#10815=DIRECTION('',(0.E0,0.E0,1.E0));
#10816=DIRECTION('',(0.E0,-1.E0,0.E0));
#10817=AXIS2_PLACEMENT_3D('',#10814,#10815,#10816);
#10818=PLANE('',#10817);
#10820=ORIENTED_EDGE('',*,*,#10819,.F.);
#10821=ORIENTED_EDGE('',*,*,#10789,.T.);
#10823=ORIENTED_EDGE('',*,*,#10822,.F.);
#10825=ORIENTED_EDGE('',*,*,#10824,.T.);
#10827=ORIENTED_EDGE('',*,*,#10826,.T.);
#10829=ORIENTED_EDGE('',*,*,#10828,.F.);
#10830=EDGE_LOOP('',(#10820,#10821,#10823,#10825,#10827,#10829));
#10831=FACE_OUTER_BOUND('',#10830,.F.);
#10832=ADVANCED_FACE('',(#10831),#10818,.T.);
#10833=CARTESIAN_POINT('',(-4.6E-1,1.4E-1,6.3E-1));
#10834=DIRECTION('',(0.E0,-1.E0,0.E0));
#10835=DIRECTION('',(0.E0,0.E0,-1.E0));
#10836=AXIS2_PLACEMENT_3D('',#10833,#10834,#10835);
#10837=PLANE('',#10836);
#10838=ORIENTED_EDGE('',*,*,#10819,.T.);
#10840=ORIENTED_EDGE('',*,*,#10839,.F.);
#10841=ORIENTED_EDGE('',*,*,#10741,.F.);
#10842=ORIENTED_EDGE('',*,*,#10791,.T.);
#10843=EDGE_LOOP('',(#10838,#10840,#10841,#10842));
#10844=FACE_OUTER_BOUND('',#10843,.F.);
#10845=ADVANCED_FACE('',(#10844),#10837,.F.);
#10846=CARTESIAN_POINT('',(-2.4E-1,0.E0,0.E0));
#10847=DIRECTION('',(1.E0,0.E0,0.E0));
#10848=DIRECTION('',(0.E0,0.E0,-1.E0));
#10849=AXIS2_PLACEMENT_3D('',#10846,#10847,#10848);
#10850=PLANE('',#10849);
#10851=ORIENTED_EDGE('',*,*,#10828,.T.);
#10852=ORIENTED_EDGE('',*,*,#10583,.T.);
#10853=ORIENTED_EDGE('',*,*,#10743,.T.);
#10854=ORIENTED_EDGE('',*,*,#10839,.T.);
#10855=EDGE_LOOP('',(#10851,#10852,#10853,#10854));
#10856=FACE_OUTER_BOUND('',#10855,.F.);
#10857=ADVANCED_FACE('',(#10856),#10850,.F.);
#10858=CARTESIAN_POINT('',(-2.4E-1,0.E0,0.E0));
#10859=DIRECTION('',(1.E0,0.E0,0.E0));
#10860=DIRECTION('',(0.E0,0.E0,-1.E0));
#10861=AXIS2_PLACEMENT_3D('',#10858,#10859,#10860);
#10862=PLANE('',#10861);
#10864=ORIENTED_EDGE('',*,*,#10863,.F.);
#10866=ORIENTED_EDGE('',*,*,#10865,.T.);
#10868=ORIENTED_EDGE('',*,*,#10867,.T.);
#10870=ORIENTED_EDGE('',*,*,#10869,.T.);
#10871=EDGE_LOOP('',(#10864,#10866,#10868,#10870));
#10872=FACE_OUTER_BOUND('',#10871,.F.);
#10873=ADVANCED_FACE('',(#10872),#10862,.F.);
#10874=CARTESIAN_POINT('',(-4.6E-1,1.4E-1,-6.15E-1));
#10875=DIRECTION('',(0.E0,0.E0,-1.E0));
#10876=DIRECTION('',(0.E0,1.E0,0.E0));
#10877=AXIS2_PLACEMENT_3D('',#10874,#10875,#10876);
#10878=PLANE('',#10877);
#10880=ORIENTED_EDGE('',*,*,#10879,.T.);
#10881=ORIENTED_EDGE('',*,*,#10863,.T.);
#10883=ORIENTED_EDGE('',*,*,#10882,.T.);
#10885=ORIENTED_EDGE('',*,*,#10884,.F.);
#10887=ORIENTED_EDGE('',*,*,#10886,.F.);
#10888=ORIENTED_EDGE('',*,*,#10803,.F.);
#10889=EDGE_LOOP('',(#10880,#10881,#10883,#10885,#10887,#10888));
#10890=FACE_OUTER_BOUND('',#10889,.F.);
#10891=ADVANCED_FACE('',(#10890),#10878,.T.);
#10892=CARTESIAN_POINT('',(-4.6E-1,1.4E-1,-5.85E-1));
#10893=DIRECTION('',(0.E0,-1.E0,0.E0));
#10894=DIRECTION('',(0.E0,0.E0,-1.E0));
#10895=AXIS2_PLACEMENT_3D('',#10892,#10893,#10894);
#10896=PLANE('',#10895);
#10897=ORIENTED_EDGE('',*,*,#10879,.F.);
#10898=ORIENTED_EDGE('',*,*,#10809,.T.);
#10900=ORIENTED_EDGE('',*,*,#10899,.T.);
#10901=ORIENTED_EDGE('',*,*,#10865,.F.);
#10902=EDGE_LOOP('',(#10897,#10898,#10900,#10901));
#10903=FACE_OUTER_BOUND('',#10902,.F.);
#10904=ADVANCED_FACE('',(#10903),#10896,.F.);
#10905=CARTESIAN_POINT('',(-1.18E0,0.E0,-6.3E-1));
#10906=DIRECTION('',(0.E0,0.E0,-1.E0));
#10907=DIRECTION('',(0.E0,1.E0,0.E0));
#10908=AXIS2_PLACEMENT_3D('',#10905,#10906,#10907);
#10909=PLANE('',#10908);
#10910=ORIENTED_EDGE('',*,*,#7297,.F.);
#10911=ORIENTED_EDGE('',*,*,#6251,.T.);
#10913=ORIENTED_EDGE('',*,*,#10912,.T.);
#10915=ORIENTED_EDGE('',*,*,#10914,.T.);
#10917=ORIENTED_EDGE('',*,*,#10916,.F.);
#10918=ORIENTED_EDGE('',*,*,#6243,.T.);
#10920=ORIENTED_EDGE('',*,*,#10919,.T.);
#10922=ORIENTED_EDGE('',*,*,#10921,.T.);
#10924=ORIENTED_EDGE('',*,*,#10923,.F.);
#10925=ORIENTED_EDGE('',*,*,#6235,.T.);
#10927=ORIENTED_EDGE('',*,*,#10926,.T.);
#10929=ORIENTED_EDGE('',*,*,#10928,.T.);
#10931=ORIENTED_EDGE('',*,*,#10930,.F.);
#10932=ORIENTED_EDGE('',*,*,#6227,.T.);
#10933=ORIENTED_EDGE('',*,*,#8350,.T.);
#10935=ORIENTED_EDGE('',*,*,#10934,.F.);
#10937=ORIENTED_EDGE('',*,*,#10936,.T.);
#10939=ORIENTED_EDGE('',*,*,#10938,.F.);
#10941=ORIENTED_EDGE('',*,*,#10940,.F.);
#10943=ORIENTED_EDGE('',*,*,#10942,.F.);
#10944=ORIENTED_EDGE('',*,*,#10725,.T.);
#10946=ORIENTED_EDGE('',*,*,#10945,.F.);
#10947=ORIENTED_EDGE('',*,*,#10666,.F.);
#10949=ORIENTED_EDGE('',*,*,#10948,.F.);
#10950=ORIENTED_EDGE('',*,*,#10867,.F.);
#10951=ORIENTED_EDGE('',*,*,#10899,.F.);
#10952=ORIENTED_EDGE('',*,*,#10807,.T.);
#10954=ORIENTED_EDGE('',*,*,#10953,.F.);
#10955=EDGE_LOOP('',(#10910,#10911,#10913,#10915,#10917,#10918,#10920,#10922,
#10924,#10925,#10927,#10929,#10931,#10932,#10933,#10935,#10937,#10939,#10941,
#10943,#10944,#10946,#10947,#10949,#10950,#10951,#10952,#10954));
#10956=FACE_OUTER_BOUND('',#10955,.F.);
#10957=ADVANCED_FACE('',(#10956),#10909,.T.);
#10958=CARTESIAN_POINT('',(-4.E-1,0.E0,0.E0));
#10959=DIRECTION('',(1.E0,0.E0,0.E0));
#10960=DIRECTION('',(0.E0,0.E0,-1.E0));
#10961=AXIS2_PLACEMENT_3D('',#10958,#10959,#10960);
#10962=PLANE('',#10961);
#10964=ORIENTED_EDGE('',*,*,#10963,.T.);
#10966=ORIENTED_EDGE('',*,*,#10965,.T.);
#10968=ORIENTED_EDGE('',*,*,#10967,.T.);
#10970=ORIENTED_EDGE('',*,*,#10969,.T.);
#10972=ORIENTED_EDGE('',*,*,#10971,.T.);
#10974=ORIENTED_EDGE('',*,*,#10973,.T.);
#10975=ORIENTED_EDGE('',*,*,#6278,.T.);
#10976=ORIENTED_EDGE('',*,*,#10778,.T.);
#10977=EDGE_LOOP('',(#10964,#10966,#10968,#10970,#10972,#10974,#10975,#10976));
#10978=FACE_OUTER_BOUND('',#10977,.F.);
#10979=ADVANCED_FACE('',(#10978),#10962,.F.);
#10980=CARTESIAN_POINT('',(-4.E-1,0.E0,0.E0));
#10981=DIRECTION('',(1.E0,0.E0,0.E0));
#10982=DIRECTION('',(0.E0,0.E0,-1.E0));
#10983=AXIS2_PLACEMENT_3D('',#10980,#10981,#10982);
#10984=PLANE('',#10983);
#10985=ORIENTED_EDGE('',*,*,#6249,.T.);
#10987=ORIENTED_EDGE('',*,*,#10986,.T.);
#10989=ORIENTED_EDGE('',*,*,#10988,.T.);
#10991=ORIENTED_EDGE('',*,*,#10990,.T.);
#10993=ORIENTED_EDGE('',*,*,#10992,.T.);
#10995=ORIENTED_EDGE('',*,*,#10994,.T.);
#10997=ORIENTED_EDGE('',*,*,#10996,.T.);
#10998=ORIENTED_EDGE('',*,*,#10912,.F.);
#10999=EDGE_LOOP('',(#10985,#10987,#10989,#10991,#10993,#10995,#10997,#10998));
#11000=FACE_OUTER_BOUND('',#10999,.F.);
#11001=ADVANCED_FACE('',(#11000),#10984,.F.);
#11002=CARTESIAN_POINT('',(-4.E-1,6.E-2,3.5E-1));
#11003=DIRECTION('',(0.E0,1.E0,0.E0));
#11004=DIRECTION('',(0.E0,0.E0,1.E0));
#11005=AXIS2_PLACEMENT_3D('',#11002,#11003,#11004);
#11006=PLANE('',#11005);
#11007=ORIENTED_EDGE('',*,*,#10963,.F.);
#11008=ORIENTED_EDGE('',*,*,#10776,.T.);
#11010=ORIENTED_EDGE('',*,*,#11009,.T.);
#11012=ORIENTED_EDGE('',*,*,#11011,.F.);
#11013=EDGE_LOOP('',(#11007,#11008,#11010,#11012));
#11014=FACE_OUTER_BOUND('',#11013,.F.);
#11015=ADVANCED_FACE('',(#11014),#11006,.T.);
#11016=CARTESIAN_POINT('',(-3.E-1,0.E0,0.E0));
#11017=DIRECTION('',(1.E0,0.E0,0.E0));
#11018=DIRECTION('',(0.E0,0.E0,-1.E0));
#11019=AXIS2_PLACEMENT_3D('',#11016,#11017,#11018);
#11020=PLANE('',#11019);
#11021=ORIENTED_EDGE('',*,*,#11009,.F.);
#11022=ORIENTED_EDGE('',*,*,#10774,.F.);
#11023=ORIENTED_EDGE('',*,*,#6282,.F.);
#11025=ORIENTED_EDGE('',*,*,#11024,.F.);
#11027=ORIENTED_EDGE('',*,*,#11026,.F.);
#11029=ORIENTED_EDGE('',*,*,#11028,.F.);
#11031=ORIENTED_EDGE('',*,*,#11030,.F.);
#11033=ORIENTED_EDGE('',*,*,#11032,.F.);
#11034=EDGE_LOOP('',(#11021,#11022,#11023,#11025,#11027,#11029,#11031,#11033));
#11035=FACE_OUTER_BOUND('',#11034,.F.);
#11036=ADVANCED_FACE('',(#11035),#11020,.T.);
#11037=CARTESIAN_POINT('',(-3.E-1,0.E0,0.E0));
#11038=DIRECTION('',(1.E0,0.E0,0.E0));
#11039=DIRECTION('',(0.E0,0.E0,-1.E0));
#11040=AXIS2_PLACEMENT_3D('',#11037,#11038,#11039);
#11041=PLANE('',#11040);
#11042=ORIENTED_EDGE('',*,*,#6245,.F.);
#11043=ORIENTED_EDGE('',*,*,#10916,.T.);
#11045=ORIENTED_EDGE('',*,*,#11044,.F.);
#11047=ORIENTED_EDGE('',*,*,#11046,.F.);
#11049=ORIENTED_EDGE('',*,*,#11048,.F.);
#11051=ORIENTED_EDGE('',*,*,#11050,.F.);
#11053=ORIENTED_EDGE('',*,*,#11052,.F.);
#11055=ORIENTED_EDGE('',*,*,#11054,.F.);
#11056=EDGE_LOOP('',(#11042,#11043,#11045,#11047,#11049,#11051,#11053,#11055));
#11057=FACE_OUTER_BOUND('',#11056,.F.);
#11058=ADVANCED_FACE('',(#11057),#11041,.T.);
#11059=CARTESIAN_POINT('',(-4.E-1,0.E0,8.E-1));
#11060=DIRECTION('',(1.E0,0.E0,0.E0));
#11061=DIRECTION('',(0.E0,0.E0,-1.E0));
#11062=AXIS2_PLACEMENT_3D('',#11059,#11060,#11061);
#11063=CYLINDRICAL_SURFACE('',#11062,2.E-2);
#11064=ORIENTED_EDGE('',*,*,#10973,.F.);
#11066=ORIENTED_EDGE('',*,*,#11065,.T.);
#11067=ORIENTED_EDGE('',*,*,#11024,.T.);
#11068=ORIENTED_EDGE('',*,*,#6280,.F.);
#11069=EDGE_LOOP('',(#11064,#11066,#11067,#11068));
#11070=FACE_OUTER_BOUND('',#11069,.F.);
#11071=ADVANCED_FACE('',(#11070),#11063,.T.);
#11072=CARTESIAN_POINT('',(-4.E-1,-2.E-2,1.E0));
#11073=DIRECTION('',(0.E0,-1.E0,0.E0));
#11074=DIRECTION('',(0.E0,0.E0,-1.E0));
#11075=AXIS2_PLACEMENT_3D('',#11072,#11073,#11074);
#11076=PLANE('',#11075);
#11077=ORIENTED_EDGE('',*,*,#10971,.F.);
#11079=ORIENTED_EDGE('',*,*,#11078,.T.);
#11080=ORIENTED_EDGE('',*,*,#11026,.T.);
#11081=ORIENTED_EDGE('',*,*,#11065,.F.);
#11082=EDGE_LOOP('',(#11077,#11079,#11080,#11081));
#11083=FACE_OUTER_BOUND('',#11082,.F.);
#11084=ADVANCED_FACE('',(#11083),#11076,.T.);
#11085=CARTESIAN_POINT('',(-4.E-1,4.E-2,1.E0));
#11086=DIRECTION('',(0.E0,0.E0,1.E0));
#11087=DIRECTION('',(0.E0,-1.E0,0.E0));
#11088=AXIS2_PLACEMENT_3D('',#11085,#11086,#11087);
#11089=PLANE('',#11088);
#11090=ORIENTED_EDGE('',*,*,#10969,.F.);
#11092=ORIENTED_EDGE('',*,*,#11091,.T.);
#11093=ORIENTED_EDGE('',*,*,#11028,.T.);
#11094=ORIENTED_EDGE('',*,*,#11078,.F.);
#11095=EDGE_LOOP('',(#11090,#11092,#11093,#11094));
#11096=FACE_OUTER_BOUND('',#11095,.F.);
#11097=ADVANCED_FACE('',(#11096),#11089,.T.);
#11098=CARTESIAN_POINT('',(-4.E-1,4.E-2,8.E-1));
#11099=DIRECTION('',(0.E0,1.E0,0.E0));
#11100=DIRECTION('',(0.E0,0.E0,1.E0));
#11101=AXIS2_PLACEMENT_3D('',#11098,#11099,#11100);
#11102=PLANE('',#11101);
#11103=ORIENTED_EDGE('',*,*,#10967,.F.);
#11105=ORIENTED_EDGE('',*,*,#11104,.T.);
#11106=ORIENTED_EDGE('',*,*,#11030,.T.);
#11107=ORIENTED_EDGE('',*,*,#11091,.F.);
#11108=EDGE_LOOP('',(#11103,#11105,#11106,#11107));
#11109=FACE_OUTER_BOUND('',#11108,.F.);
#11110=ADVANCED_FACE('',(#11109),#11102,.T.);
#11111=CARTESIAN_POINT('',(-4.E-1,4.E-2,7.8E-1));
#11112=DIRECTION('',(1.E0,0.E0,0.E0));
#11113=DIRECTION('',(0.E0,0.E0,-1.E0));
#11114=AXIS2_PLACEMENT_3D('',#11111,#11112,#11113);
#11115=CYLINDRICAL_SURFACE('',#11114,2.E-2);
#11116=ORIENTED_EDGE('',*,*,#10965,.F.);
#11117=ORIENTED_EDGE('',*,*,#11011,.T.);
#11118=ORIENTED_EDGE('',*,*,#11032,.T.);
#11119=ORIENTED_EDGE('',*,*,#11104,.F.);
#11120=EDGE_LOOP('',(#11116,#11117,#11118,#11119));
#11121=FACE_OUTER_BOUND('',#11120,.F.);
#11122=ADVANCED_FACE('',(#11121),#11115,.T.);
#11123=CARTESIAN_POINT('',(-4.E-1,6.E-2,-7.8E-1));
#11124=DIRECTION('',(0.E0,1.E0,0.E0));
#11125=DIRECTION('',(0.E0,0.E0,1.E0));
#11126=AXIS2_PLACEMENT_3D('',#11123,#11124,#11125);
#11127=PLANE('',#11126);
#11128=ORIENTED_EDGE('',*,*,#10996,.F.);
#11130=ORIENTED_EDGE('',*,*,#11129,.T.);
#11131=ORIENTED_EDGE('',*,*,#11044,.T.);
#11132=ORIENTED_EDGE('',*,*,#10914,.F.);
#11133=EDGE_LOOP('',(#11128,#11130,#11131,#11132));
#11134=FACE_OUTER_BOUND('',#11133,.F.);
#11135=ADVANCED_FACE('',(#11134),#11127,.T.);
#11136=CARTESIAN_POINT('',(-4.E-1,4.E-2,-7.8E-1));
#11137=DIRECTION('',(1.E0,0.E0,0.E0));
#11138=DIRECTION('',(0.E0,0.E0,-1.E0));
#11139=AXIS2_PLACEMENT_3D('',#11136,#11137,#11138);
#11140=CYLINDRICAL_SURFACE('',#11139,2.E-2);
#11141=ORIENTED_EDGE('',*,*,#10994,.F.);
#11143=ORIENTED_EDGE('',*,*,#11142,.T.);
#11144=ORIENTED_EDGE('',*,*,#11046,.T.);
#11145=ORIENTED_EDGE('',*,*,#11129,.F.);
#11146=EDGE_LOOP('',(#11141,#11143,#11144,#11145));
#11147=FACE_OUTER_BOUND('',#11146,.F.);
#11148=ADVANCED_FACE('',(#11147),#11140,.T.);
#11149=CARTESIAN_POINT('',(-4.E-1,4.E-2,-1.E0));
#11150=DIRECTION('',(0.E0,1.E0,0.E0));
#11151=DIRECTION('',(0.E0,0.E0,1.E0));
#11152=AXIS2_PLACEMENT_3D('',#11149,#11150,#11151);
#11153=PLANE('',#11152);
#11154=ORIENTED_EDGE('',*,*,#10992,.F.);
#11156=ORIENTED_EDGE('',*,*,#11155,.T.);
#11157=ORIENTED_EDGE('',*,*,#11048,.T.);
#11158=ORIENTED_EDGE('',*,*,#11142,.F.);
#11159=EDGE_LOOP('',(#11154,#11156,#11157,#11158));
#11160=FACE_OUTER_BOUND('',#11159,.F.);
#11161=ADVANCED_FACE('',(#11160),#11153,.T.);
#11162=CARTESIAN_POINT('',(-4.E-1,-2.E-2,-1.E0));
#11163=DIRECTION('',(0.E0,0.E0,-1.E0));
#11164=DIRECTION('',(0.E0,1.E0,0.E0));
#11165=AXIS2_PLACEMENT_3D('',#11162,#11163,#11164);
#11166=PLANE('',#11165);
#11167=ORIENTED_EDGE('',*,*,#10990,.F.);
#11169=ORIENTED_EDGE('',*,*,#11168,.T.);
#11170=ORIENTED_EDGE('',*,*,#11050,.T.);
#11171=ORIENTED_EDGE('',*,*,#11155,.F.);
#11172=EDGE_LOOP('',(#11167,#11169,#11170,#11171));
#11173=FACE_OUTER_BOUND('',#11172,.F.);
#11174=ADVANCED_FACE('',(#11173),#11166,.T.);
#11175=CARTESIAN_POINT('',(-4.E-1,-2.E-2,-8.E-1));
#11176=DIRECTION('',(0.E0,-1.E0,0.E0));
#11177=DIRECTION('',(0.E0,0.E0,-1.E0));
#11178=AXIS2_PLACEMENT_3D('',#11175,#11176,#11177);
#11179=PLANE('',#11178);
#11180=ORIENTED_EDGE('',*,*,#10988,.F.);
#11182=ORIENTED_EDGE('',*,*,#11181,.T.);
#11183=ORIENTED_EDGE('',*,*,#11052,.T.);
#11184=ORIENTED_EDGE('',*,*,#11168,.F.);
#11185=EDGE_LOOP('',(#11180,#11182,#11183,#11184));
#11186=FACE_OUTER_BOUND('',#11185,.F.);
#11187=ADVANCED_FACE('',(#11186),#11179,.T.);
#11188=CARTESIAN_POINT('',(-4.E-1,0.E0,-8.E-1));
#11189=DIRECTION('',(1.E0,0.E0,0.E0));
#11190=DIRECTION('',(0.E0,0.E0,-1.E0));
#11191=AXIS2_PLACEMENT_3D('',#11188,#11189,#11190);
#11192=CYLINDRICAL_SURFACE('',#11191,2.E-2);
#11193=ORIENTED_EDGE('',*,*,#10986,.F.);
#11194=ORIENTED_EDGE('',*,*,#6247,.T.);
#11195=ORIENTED_EDGE('',*,*,#11054,.T.);
#11196=ORIENTED_EDGE('',*,*,#11181,.F.);
#11197=EDGE_LOOP('',(#11193,#11194,#11195,#11196));
#11198=FACE_OUTER_BOUND('',#11197,.F.);
#11199=ADVANCED_FACE('',(#11198),#11192,.T.);
#11200=CARTESIAN_POINT('',(-5.E-2,0.E0,0.E0));
#11201=DIRECTION('',(1.E0,0.E0,0.E0));
#11202=DIRECTION('',(0.E0,0.E0,-1.E0));
#11203=AXIS2_PLACEMENT_3D('',#11200,#11201,#11202);
#11204=PLANE('',#11203);
#11206=ORIENTED_EDGE('',*,*,#11205,.T.);
#11208=ORIENTED_EDGE('',*,*,#11207,.T.);
#11210=ORIENTED_EDGE('',*,*,#11209,.T.);
#11212=ORIENTED_EDGE('',*,*,#11211,.T.);
#11214=ORIENTED_EDGE('',*,*,#11213,.T.);
#11216=ORIENTED_EDGE('',*,*,#11215,.T.);
#11217=ORIENTED_EDGE('',*,*,#6286,.T.);
#11218=ORIENTED_EDGE('',*,*,#10771,.T.);
#11219=EDGE_LOOP('',(#11206,#11208,#11210,#11212,#11214,#11216,#11217,#11218));
#11220=FACE_OUTER_BOUND('',#11219,.F.);
#11221=ADVANCED_FACE('',(#11220),#11204,.F.);
#11222=CARTESIAN_POINT('',(-5.E-2,0.E0,0.E0));
#11223=DIRECTION('',(1.E0,0.E0,0.E0));
#11224=DIRECTION('',(0.E0,0.E0,-1.E0));
#11225=AXIS2_PLACEMENT_3D('',#11222,#11223,#11224);
#11226=PLANE('',#11225);
#11227=ORIENTED_EDGE('',*,*,#6241,.T.);
#11229=ORIENTED_EDGE('',*,*,#11228,.T.);
#11231=ORIENTED_EDGE('',*,*,#11230,.T.);
#11233=ORIENTED_EDGE('',*,*,#11232,.T.);
#11235=ORIENTED_EDGE('',*,*,#11234,.T.);
#11237=ORIENTED_EDGE('',*,*,#11236,.T.);
#11239=ORIENTED_EDGE('',*,*,#11238,.T.);
#11240=ORIENTED_EDGE('',*,*,#10919,.F.);
#11241=EDGE_LOOP('',(#11227,#11229,#11231,#11233,#11235,#11237,#11239,#11240));
#11242=FACE_OUTER_BOUND('',#11241,.F.);
#11243=ADVANCED_FACE('',(#11242),#11226,.F.);
#11244=CARTESIAN_POINT('',(-5.E-2,6.E-2,3.5E-1));
#11245=DIRECTION('',(0.E0,1.E0,0.E0));
#11246=DIRECTION('',(0.E0,0.E0,1.E0));
#11247=AXIS2_PLACEMENT_3D('',#11244,#11245,#11246);
#11248=PLANE('',#11247);
#11249=ORIENTED_EDGE('',*,*,#11205,.F.);
#11250=ORIENTED_EDGE('',*,*,#10769,.T.);
#11252=ORIENTED_EDGE('',*,*,#11251,.T.);
#11254=ORIENTED_EDGE('',*,*,#11253,.F.);
#11255=EDGE_LOOP('',(#11249,#11250,#11252,#11254));
#11256=FACE_OUTER_BOUND('',#11255,.F.);
#11257=ADVANCED_FACE('',(#11256),#11248,.T.);
#11258=CARTESIAN_POINT('',(5.E-2,0.E0,0.E0));
#11259=DIRECTION('',(1.E0,0.E0,0.E0));
#11260=DIRECTION('',(0.E0,0.E0,-1.E0));
#11261=AXIS2_PLACEMENT_3D('',#11258,#11259,#11260);
#11262=PLANE('',#11261);
#11263=ORIENTED_EDGE('',*,*,#11251,.F.);
#11264=ORIENTED_EDGE('',*,*,#10767,.F.);
#11265=ORIENTED_EDGE('',*,*,#6290,.F.);
#11267=ORIENTED_EDGE('',*,*,#11266,.F.);
#11269=ORIENTED_EDGE('',*,*,#11268,.F.);
#11271=ORIENTED_EDGE('',*,*,#11270,.F.);
#11273=ORIENTED_EDGE('',*,*,#11272,.F.);
#11275=ORIENTED_EDGE('',*,*,#11274,.F.);
#11276=EDGE_LOOP('',(#11263,#11264,#11265,#11267,#11269,#11271,#11273,#11275));
#11277=FACE_OUTER_BOUND('',#11276,.F.);
#11278=ADVANCED_FACE('',(#11277),#11262,.T.);
#11279=CARTESIAN_POINT('',(5.E-2,0.E0,0.E0));
#11280=DIRECTION('',(1.E0,0.E0,0.E0));
#11281=DIRECTION('',(0.E0,0.E0,-1.E0));
#11282=AXIS2_PLACEMENT_3D('',#11279,#11280,#11281);
#11283=PLANE('',#11282);
#11284=ORIENTED_EDGE('',*,*,#6237,.F.);
#11285=ORIENTED_EDGE('',*,*,#10923,.T.);
#11287=ORIENTED_EDGE('',*,*,#11286,.F.);
#11289=ORIENTED_EDGE('',*,*,#11288,.F.);
#11291=ORIENTED_EDGE('',*,*,#11290,.F.);
#11293=ORIENTED_EDGE('',*,*,#11292,.F.);
#11295=ORIENTED_EDGE('',*,*,#11294,.F.);
#11297=ORIENTED_EDGE('',*,*,#11296,.F.);
#11298=EDGE_LOOP('',(#11284,#11285,#11287,#11289,#11291,#11293,#11295,#11297));
#11299=FACE_OUTER_BOUND('',#11298,.F.);
#11300=ADVANCED_FACE('',(#11299),#11283,.T.);
#11301=CARTESIAN_POINT('',(-5.E-2,0.E0,8.E-1));
#11302=DIRECTION('',(1.E0,0.E0,0.E0));
#11303=DIRECTION('',(0.E0,0.E0,-1.E0));
#11304=AXIS2_PLACEMENT_3D('',#11301,#11302,#11303);
#11305=CYLINDRICAL_SURFACE('',#11304,2.E-2);
#11306=ORIENTED_EDGE('',*,*,#11215,.F.);
#11308=ORIENTED_EDGE('',*,*,#11307,.T.);
#11309=ORIENTED_EDGE('',*,*,#11266,.T.);
#11310=ORIENTED_EDGE('',*,*,#6288,.F.);
#11311=EDGE_LOOP('',(#11306,#11308,#11309,#11310));
#11312=FACE_OUTER_BOUND('',#11311,.F.);
#11313=ADVANCED_FACE('',(#11312),#11305,.T.);
#11314=CARTESIAN_POINT('',(-5.E-2,-2.E-2,1.E0));
#11315=DIRECTION('',(0.E0,-1.E0,0.E0));
#11316=DIRECTION('',(0.E0,0.E0,-1.E0));
#11317=AXIS2_PLACEMENT_3D('',#11314,#11315,#11316);
#11318=PLANE('',#11317);
#11319=ORIENTED_EDGE('',*,*,#11213,.F.);
#11321=ORIENTED_EDGE('',*,*,#11320,.T.);
#11322=ORIENTED_EDGE('',*,*,#11268,.T.);
#11323=ORIENTED_EDGE('',*,*,#11307,.F.);
#11324=EDGE_LOOP('',(#11319,#11321,#11322,#11323));
#11325=FACE_OUTER_BOUND('',#11324,.F.);
#11326=ADVANCED_FACE('',(#11325),#11318,.T.);
#11327=CARTESIAN_POINT('',(-5.E-2,4.E-2,1.E0));
#11328=DIRECTION('',(0.E0,0.E0,1.E0));
#11329=DIRECTION('',(0.E0,-1.E0,0.E0));
#11330=AXIS2_PLACEMENT_3D('',#11327,#11328,#11329);
#11331=PLANE('',#11330);
#11332=ORIENTED_EDGE('',*,*,#11211,.F.);
#11334=ORIENTED_EDGE('',*,*,#11333,.T.);
#11335=ORIENTED_EDGE('',*,*,#11270,.T.);
#11336=ORIENTED_EDGE('',*,*,#11320,.F.);
#11337=EDGE_LOOP('',(#11332,#11334,#11335,#11336));
#11338=FACE_OUTER_BOUND('',#11337,.F.);
#11339=ADVANCED_FACE('',(#11338),#11331,.T.);
#11340=CARTESIAN_POINT('',(-5.E-2,4.E-2,8.E-1));
#11341=DIRECTION('',(0.E0,1.E0,0.E0));
#11342=DIRECTION('',(0.E0,0.E0,1.E0));
#11343=AXIS2_PLACEMENT_3D('',#11340,#11341,#11342);
#11344=PLANE('',#11343);
#11345=ORIENTED_EDGE('',*,*,#11209,.F.);
#11347=ORIENTED_EDGE('',*,*,#11346,.T.);
#11348=ORIENTED_EDGE('',*,*,#11272,.T.);
#11349=ORIENTED_EDGE('',*,*,#11333,.F.);
#11350=EDGE_LOOP('',(#11345,#11347,#11348,#11349));
#11351=FACE_OUTER_BOUND('',#11350,.F.);
#11352=ADVANCED_FACE('',(#11351),#11344,.T.);
#11353=CARTESIAN_POINT('',(-5.E-2,4.E-2,7.8E-1));
#11354=DIRECTION('',(1.E0,0.E0,0.E0));
#11355=DIRECTION('',(0.E0,0.E0,-1.E0));
#11356=AXIS2_PLACEMENT_3D('',#11353,#11354,#11355);
#11357=CYLINDRICAL_SURFACE('',#11356,2.E-2);
#11358=ORIENTED_EDGE('',*,*,#11207,.F.);
#11359=ORIENTED_EDGE('',*,*,#11253,.T.);
#11360=ORIENTED_EDGE('',*,*,#11274,.T.);
#11361=ORIENTED_EDGE('',*,*,#11346,.F.);
#11362=EDGE_LOOP('',(#11358,#11359,#11360,#11361));
#11363=FACE_OUTER_BOUND('',#11362,.F.);
#11364=ADVANCED_FACE('',(#11363),#11357,.T.);
#11365=CARTESIAN_POINT('',(-5.E-2,6.E-2,-7.8E-1));
#11366=DIRECTION('',(0.E0,1.E0,0.E0));
#11367=DIRECTION('',(0.E0,0.E0,1.E0));
#11368=AXIS2_PLACEMENT_3D('',#11365,#11366,#11367);
#11369=PLANE('',#11368);
#11370=ORIENTED_EDGE('',*,*,#11238,.F.);
#11372=ORIENTED_EDGE('',*,*,#11371,.T.);
#11373=ORIENTED_EDGE('',*,*,#11286,.T.);
#11374=ORIENTED_EDGE('',*,*,#10921,.F.);
#11375=EDGE_LOOP('',(#11370,#11372,#11373,#11374));
#11376=FACE_OUTER_BOUND('',#11375,.F.);
#11377=ADVANCED_FACE('',(#11376),#11369,.T.);
#11378=CARTESIAN_POINT('',(-5.E-2,4.E-2,-7.8E-1));
#11379=DIRECTION('',(1.E0,0.E0,0.E0));
#11380=DIRECTION('',(0.E0,0.E0,-1.E0));
#11381=AXIS2_PLACEMENT_3D('',#11378,#11379,#11380);
#11382=CYLINDRICAL_SURFACE('',#11381,2.E-2);
#11383=ORIENTED_EDGE('',*,*,#11236,.F.);
#11385=ORIENTED_EDGE('',*,*,#11384,.T.);
#11386=ORIENTED_EDGE('',*,*,#11288,.T.);
#11387=ORIENTED_EDGE('',*,*,#11371,.F.);
#11388=EDGE_LOOP('',(#11383,#11385,#11386,#11387));
#11389=FACE_OUTER_BOUND('',#11388,.F.);
#11390=ADVANCED_FACE('',(#11389),#11382,.T.);
#11391=CARTESIAN_POINT('',(-5.E-2,4.E-2,-1.E0));
#11392=DIRECTION('',(0.E0,1.E0,0.E0));
#11393=DIRECTION('',(0.E0,0.E0,1.E0));
#11394=AXIS2_PLACEMENT_3D('',#11391,#11392,#11393);
#11395=PLANE('',#11394);
#11396=ORIENTED_EDGE('',*,*,#11234,.F.);
#11398=ORIENTED_EDGE('',*,*,#11397,.T.);
#11399=ORIENTED_EDGE('',*,*,#11290,.T.);
#11400=ORIENTED_EDGE('',*,*,#11384,.F.);
#11401=EDGE_LOOP('',(#11396,#11398,#11399,#11400));
#11402=FACE_OUTER_BOUND('',#11401,.F.);
#11403=ADVANCED_FACE('',(#11402),#11395,.T.);
#11404=CARTESIAN_POINT('',(-5.E-2,-2.E-2,-1.E0));
#11405=DIRECTION('',(0.E0,0.E0,-1.E0));
#11406=DIRECTION('',(0.E0,1.E0,0.E0));
#11407=AXIS2_PLACEMENT_3D('',#11404,#11405,#11406);
#11408=PLANE('',#11407);
#11409=ORIENTED_EDGE('',*,*,#11232,.F.);
#11411=ORIENTED_EDGE('',*,*,#11410,.T.);
#11412=ORIENTED_EDGE('',*,*,#11292,.T.);
#11413=ORIENTED_EDGE('',*,*,#11397,.F.);
#11414=EDGE_LOOP('',(#11409,#11411,#11412,#11413));
#11415=FACE_OUTER_BOUND('',#11414,.F.);
#11416=ADVANCED_FACE('',(#11415),#11408,.T.);
#11417=CARTESIAN_POINT('',(-5.E-2,-2.E-2,-8.E-1));
#11418=DIRECTION('',(0.E0,-1.E0,0.E0));
#11419=DIRECTION('',(0.E0,0.E0,-1.E0));
#11420=AXIS2_PLACEMENT_3D('',#11417,#11418,#11419);
#11421=PLANE('',#11420);
#11422=ORIENTED_EDGE('',*,*,#11230,.F.);
#11424=ORIENTED_EDGE('',*,*,#11423,.T.);
#11425=ORIENTED_EDGE('',*,*,#11294,.T.);
#11426=ORIENTED_EDGE('',*,*,#11410,.F.);
#11427=EDGE_LOOP('',(#11422,#11424,#11425,#11426));
#11428=FACE_OUTER_BOUND('',#11427,.F.);
#11429=ADVANCED_FACE('',(#11428),#11421,.T.);
#11430=CARTESIAN_POINT('',(-5.E-2,0.E0,-8.E-1));
#11431=DIRECTION('',(1.E0,0.E0,0.E0));
#11432=DIRECTION('',(0.E0,0.E0,-1.E0));
#11433=AXIS2_PLACEMENT_3D('',#11430,#11431,#11432);
#11434=CYLINDRICAL_SURFACE('',#11433,2.E-2);
#11435=ORIENTED_EDGE('',*,*,#11228,.F.);
#11436=ORIENTED_EDGE('',*,*,#6239,.T.);
#11437=ORIENTED_EDGE('',*,*,#11296,.T.);
#11438=ORIENTED_EDGE('',*,*,#11423,.F.);
#11439=EDGE_LOOP('',(#11435,#11436,#11437,#11438));
#11440=FACE_OUTER_BOUND('',#11439,.F.);
#11441=ADVANCED_FACE('',(#11440),#11434,.T.);
#11442=CARTESIAN_POINT('',(3.E-1,0.E0,0.E0));
#11443=DIRECTION('',(1.E0,0.E0,0.E0));
#11444=DIRECTION('',(0.E0,0.E0,-1.E0));
#11445=AXIS2_PLACEMENT_3D('',#11442,#11443,#11444);
#11446=PLANE('',#11445);
#11448=ORIENTED_EDGE('',*,*,#11447,.T.);
#11450=ORIENTED_EDGE('',*,*,#11449,.T.);
#11452=ORIENTED_EDGE('',*,*,#11451,.T.);
#11454=ORIENTED_EDGE('',*,*,#11453,.T.);
#11456=ORIENTED_EDGE('',*,*,#11455,.T.);
#11458=ORIENTED_EDGE('',*,*,#11457,.T.);
#11459=ORIENTED_EDGE('',*,*,#6294,.T.);
#11460=ORIENTED_EDGE('',*,*,#10764,.T.);
#11461=EDGE_LOOP('',(#11448,#11450,#11452,#11454,#11456,#11458,#11459,#11460));
#11462=FACE_OUTER_BOUND('',#11461,.F.);
#11463=ADVANCED_FACE('',(#11462),#11446,.F.);
#11464=CARTESIAN_POINT('',(3.E-1,0.E0,0.E0));
#11465=DIRECTION('',(1.E0,0.E0,0.E0));
#11466=DIRECTION('',(0.E0,0.E0,-1.E0));
#11467=AXIS2_PLACEMENT_3D('',#11464,#11465,#11466);
#11468=PLANE('',#11467);
#11469=ORIENTED_EDGE('',*,*,#6233,.T.);
#11471=ORIENTED_EDGE('',*,*,#11470,.T.);
#11473=ORIENTED_EDGE('',*,*,#11472,.T.);
#11475=ORIENTED_EDGE('',*,*,#11474,.T.);
#11477=ORIENTED_EDGE('',*,*,#11476,.T.);
#11479=ORIENTED_EDGE('',*,*,#11478,.T.);
#11481=ORIENTED_EDGE('',*,*,#11480,.T.);
#11482=ORIENTED_EDGE('',*,*,#10926,.F.);
#11483=EDGE_LOOP('',(#11469,#11471,#11473,#11475,#11477,#11479,#11481,#11482));
#11484=FACE_OUTER_BOUND('',#11483,.F.);
#11485=ADVANCED_FACE('',(#11484),#11468,.F.);
#11486=CARTESIAN_POINT('',(3.E-1,6.E-2,3.5E-1));
#11487=DIRECTION('',(0.E0,1.E0,0.E0));
#11488=DIRECTION('',(0.E0,0.E0,1.E0));
#11489=AXIS2_PLACEMENT_3D('',#11486,#11487,#11488);
#11490=PLANE('',#11489);
#11491=ORIENTED_EDGE('',*,*,#11447,.F.);
#11492=ORIENTED_EDGE('',*,*,#10762,.T.);
#11494=ORIENTED_EDGE('',*,*,#11493,.T.);
#11496=ORIENTED_EDGE('',*,*,#11495,.F.);
#11497=EDGE_LOOP('',(#11491,#11492,#11494,#11496));
#11498=FACE_OUTER_BOUND('',#11497,.F.);
#11499=ADVANCED_FACE('',(#11498),#11490,.T.);
#11500=CARTESIAN_POINT('',(4.E-1,0.E0,0.E0));
#11501=DIRECTION('',(1.E0,0.E0,0.E0));
#11502=DIRECTION('',(0.E0,0.E0,-1.E0));
#11503=AXIS2_PLACEMENT_3D('',#11500,#11501,#11502);
#11504=PLANE('',#11503);
#11505=ORIENTED_EDGE('',*,*,#11493,.F.);
#11506=ORIENTED_EDGE('',*,*,#10760,.F.);
#11507=ORIENTED_EDGE('',*,*,#6298,.F.);
#11509=ORIENTED_EDGE('',*,*,#11508,.F.);
#11511=ORIENTED_EDGE('',*,*,#11510,.F.);
#11513=ORIENTED_EDGE('',*,*,#11512,.F.);
#11515=ORIENTED_EDGE('',*,*,#11514,.F.);
#11517=ORIENTED_EDGE('',*,*,#11516,.F.);
#11518=EDGE_LOOP('',(#11505,#11506,#11507,#11509,#11511,#11513,#11515,#11517));
#11519=FACE_OUTER_BOUND('',#11518,.F.);
#11520=ADVANCED_FACE('',(#11519),#11504,.T.);
#11521=CARTESIAN_POINT('',(4.E-1,0.E0,0.E0));
#11522=DIRECTION('',(1.E0,0.E0,0.E0));
#11523=DIRECTION('',(0.E0,0.E0,-1.E0));
#11524=AXIS2_PLACEMENT_3D('',#11521,#11522,#11523);
#11525=PLANE('',#11524);
#11526=ORIENTED_EDGE('',*,*,#6229,.F.);
#11527=ORIENTED_EDGE('',*,*,#10930,.T.);
#11529=ORIENTED_EDGE('',*,*,#11528,.F.);
#11531=ORIENTED_EDGE('',*,*,#11530,.F.);
#11533=ORIENTED_EDGE('',*,*,#11532,.F.);
#11535=ORIENTED_EDGE('',*,*,#11534,.F.);
#11537=ORIENTED_EDGE('',*,*,#11536,.F.);
#11539=ORIENTED_EDGE('',*,*,#11538,.F.);
#11540=EDGE_LOOP('',(#11526,#11527,#11529,#11531,#11533,#11535,#11537,#11539));
#11541=FACE_OUTER_BOUND('',#11540,.F.);
#11542=ADVANCED_FACE('',(#11541),#11525,.T.);
#11543=CARTESIAN_POINT('',(3.E-1,0.E0,8.E-1));
#11544=DIRECTION('',(1.E0,0.E0,0.E0));
#11545=DIRECTION('',(0.E0,0.E0,-1.E0));
#11546=AXIS2_PLACEMENT_3D('',#11543,#11544,#11545);
#11547=CYLINDRICAL_SURFACE('',#11546,2.E-2);
#11548=ORIENTED_EDGE('',*,*,#11457,.F.);
#11550=ORIENTED_EDGE('',*,*,#11549,.T.);
#11551=ORIENTED_EDGE('',*,*,#11508,.T.);
#11552=ORIENTED_EDGE('',*,*,#6296,.F.);
#11553=EDGE_LOOP('',(#11548,#11550,#11551,#11552));
#11554=FACE_OUTER_BOUND('',#11553,.F.);
#11555=ADVANCED_FACE('',(#11554),#11547,.T.);
#11556=CARTESIAN_POINT('',(3.E-1,-2.E-2,1.E0));
#11557=DIRECTION('',(0.E0,-1.E0,0.E0));
#11558=DIRECTION('',(0.E0,0.E0,-1.E0));
#11559=AXIS2_PLACEMENT_3D('',#11556,#11557,#11558);
#11560=PLANE('',#11559);
#11561=ORIENTED_EDGE('',*,*,#11455,.F.);
#11563=ORIENTED_EDGE('',*,*,#11562,.T.);
#11564=ORIENTED_EDGE('',*,*,#11510,.T.);
#11565=ORIENTED_EDGE('',*,*,#11549,.F.);
#11566=EDGE_LOOP('',(#11561,#11563,#11564,#11565));
#11567=FACE_OUTER_BOUND('',#11566,.F.);
#11568=ADVANCED_FACE('',(#11567),#11560,.T.);
#11569=CARTESIAN_POINT('',(3.E-1,4.E-2,1.E0));
#11570=DIRECTION('',(0.E0,0.E0,1.E0));
#11571=DIRECTION('',(0.E0,-1.E0,0.E0));
#11572=AXIS2_PLACEMENT_3D('',#11569,#11570,#11571);
#11573=PLANE('',#11572);
#11574=ORIENTED_EDGE('',*,*,#11453,.F.);
#11576=ORIENTED_EDGE('',*,*,#11575,.T.);
#11577=ORIENTED_EDGE('',*,*,#11512,.T.);
#11578=ORIENTED_EDGE('',*,*,#11562,.F.);
#11579=EDGE_LOOP('',(#11574,#11576,#11577,#11578));
#11580=FACE_OUTER_BOUND('',#11579,.F.);
#11581=ADVANCED_FACE('',(#11580),#11573,.T.);
#11582=CARTESIAN_POINT('',(3.E-1,4.E-2,8.E-1));
#11583=DIRECTION('',(0.E0,1.E0,0.E0));
#11584=DIRECTION('',(0.E0,0.E0,1.E0));
#11585=AXIS2_PLACEMENT_3D('',#11582,#11583,#11584);
#11586=PLANE('',#11585);
#11587=ORIENTED_EDGE('',*,*,#11451,.F.);
#11589=ORIENTED_EDGE('',*,*,#11588,.T.);
#11590=ORIENTED_EDGE('',*,*,#11514,.T.);
#11591=ORIENTED_EDGE('',*,*,#11575,.F.);
#11592=EDGE_LOOP('',(#11587,#11589,#11590,#11591));
#11593=FACE_OUTER_BOUND('',#11592,.F.);
#11594=ADVANCED_FACE('',(#11593),#11586,.T.);
#11595=CARTESIAN_POINT('',(3.E-1,4.E-2,7.8E-1));
#11596=DIRECTION('',(1.E0,0.E0,0.E0));
#11597=DIRECTION('',(0.E0,0.E0,-1.E0));
#11598=AXIS2_PLACEMENT_3D('',#11595,#11596,#11597);
#11599=CYLINDRICAL_SURFACE('',#11598,2.E-2);
#11600=ORIENTED_EDGE('',*,*,#11449,.F.);
#11601=ORIENTED_EDGE('',*,*,#11495,.T.);
#11602=ORIENTED_EDGE('',*,*,#11516,.T.);
#11603=ORIENTED_EDGE('',*,*,#11588,.F.);
#11604=EDGE_LOOP('',(#11600,#11601,#11602,#11603));
#11605=FACE_OUTER_BOUND('',#11604,.F.);
#11606=ADVANCED_FACE('',(#11605),#11599,.T.);
#11607=CARTESIAN_POINT('',(3.E-1,6.E-2,-7.8E-1));
#11608=DIRECTION('',(0.E0,1.E0,0.E0));
#11609=DIRECTION('',(0.E0,0.E0,1.E0));
#11610=AXIS2_PLACEMENT_3D('',#11607,#11608,#11609);
#11611=PLANE('',#11610);
#11612=ORIENTED_EDGE('',*,*,#11480,.F.);
#11614=ORIENTED_EDGE('',*,*,#11613,.T.);
#11615=ORIENTED_EDGE('',*,*,#11528,.T.);
#11616=ORIENTED_EDGE('',*,*,#10928,.F.);
#11617=EDGE_LOOP('',(#11612,#11614,#11615,#11616));
#11618=FACE_OUTER_BOUND('',#11617,.F.);
#11619=ADVANCED_FACE('',(#11618),#11611,.T.);
#11620=CARTESIAN_POINT('',(3.E-1,4.E-2,-7.8E-1));
#11621=DIRECTION('',(1.E0,0.E0,0.E0));
#11622=DIRECTION('',(0.E0,0.E0,-1.E0));
#11623=AXIS2_PLACEMENT_3D('',#11620,#11621,#11622);
#11624=CYLINDRICAL_SURFACE('',#11623,2.E-2);
#11625=ORIENTED_EDGE('',*,*,#11478,.F.);
#11627=ORIENTED_EDGE('',*,*,#11626,.T.);
#11628=ORIENTED_EDGE('',*,*,#11530,.T.);
#11629=ORIENTED_EDGE('',*,*,#11613,.F.);
#11630=EDGE_LOOP('',(#11625,#11627,#11628,#11629));
#11631=FACE_OUTER_BOUND('',#11630,.F.);
#11632=ADVANCED_FACE('',(#11631),#11624,.T.);
#11633=CARTESIAN_POINT('',(3.E-1,4.E-2,-1.E0));
#11634=DIRECTION('',(0.E0,1.E0,0.E0));
#11635=DIRECTION('',(0.E0,0.E0,1.E0));
#11636=AXIS2_PLACEMENT_3D('',#11633,#11634,#11635);
#11637=PLANE('',#11636);
#11638=ORIENTED_EDGE('',*,*,#11476,.F.);
#11640=ORIENTED_EDGE('',*,*,#11639,.T.);
#11641=ORIENTED_EDGE('',*,*,#11532,.T.);
#11642=ORIENTED_EDGE('',*,*,#11626,.F.);
#11643=EDGE_LOOP('',(#11638,#11640,#11641,#11642));
#11644=FACE_OUTER_BOUND('',#11643,.F.);
#11645=ADVANCED_FACE('',(#11644),#11637,.T.);
#11646=CARTESIAN_POINT('',(3.E-1,-2.E-2,-1.E0));
#11647=DIRECTION('',(0.E0,0.E0,-1.E0));
#11648=DIRECTION('',(0.E0,1.E0,0.E0));
#11649=AXIS2_PLACEMENT_3D('',#11646,#11647,#11648);
#11650=PLANE('',#11649);
#11651=ORIENTED_EDGE('',*,*,#11474,.F.);
#11653=ORIENTED_EDGE('',*,*,#11652,.T.);
#11654=ORIENTED_EDGE('',*,*,#11534,.T.);
#11655=ORIENTED_EDGE('',*,*,#11639,.F.);
#11656=EDGE_LOOP('',(#11651,#11653,#11654,#11655));
#11657=FACE_OUTER_BOUND('',#11656,.F.);
#11658=ADVANCED_FACE('',(#11657),#11650,.T.);
#11659=CARTESIAN_POINT('',(3.E-1,-2.E-2,-8.E-1));
#11660=DIRECTION('',(0.E0,-1.E0,0.E0));
#11661=DIRECTION('',(0.E0,0.E0,-1.E0));
#11662=AXIS2_PLACEMENT_3D('',#11659,#11660,#11661);
#11663=PLANE('',#11662);
#11664=ORIENTED_EDGE('',*,*,#11472,.F.);
#11666=ORIENTED_EDGE('',*,*,#11665,.T.);
#11667=ORIENTED_EDGE('',*,*,#11536,.T.);
#11668=ORIENTED_EDGE('',*,*,#11652,.F.);
#11669=EDGE_LOOP('',(#11664,#11666,#11667,#11668));
#11670=FACE_OUTER_BOUND('',#11669,.F.);
#11671=ADVANCED_FACE('',(#11670),#11663,.T.);
#11672=CARTESIAN_POINT('',(3.E-1,0.E0,-8.E-1));
#11673=DIRECTION('',(1.E0,0.E0,0.E0));
#11674=DIRECTION('',(0.E0,0.E0,-1.E0));
#11675=AXIS2_PLACEMENT_3D('',#11672,#11673,#11674);
#11676=CYLINDRICAL_SURFACE('',#11675,2.E-2);
#11677=ORIENTED_EDGE('',*,*,#11470,.F.);
#11678=ORIENTED_EDGE('',*,*,#6231,.T.);
#11679=ORIENTED_EDGE('',*,*,#11538,.T.);
#11680=ORIENTED_EDGE('',*,*,#11665,.F.);
#11681=EDGE_LOOP('',(#11677,#11678,#11679,#11680));
#11682=FACE_OUTER_BOUND('',#11681,.F.);
#11683=ADVANCED_FACE('',(#11682),#11676,.T.);
#11684=CARTESIAN_POINT('',(-1.18E0,2.4E-1,-5.9E-1));
#11685=DIRECTION('',(1.E0,0.E0,0.E0));
#11686=DIRECTION('',(0.E0,0.E0,-1.E0));
#11687=AXIS2_PLACEMENT_3D('',#11684,#11685,#11686);
#11688=CYLINDRICAL_SURFACE('',#11687,4.E-2);
#11690=ORIENTED_EDGE('',*,*,#11689,.F.);
#11692=ORIENTED_EDGE('',*,*,#11691,.F.);
#11693=ORIENTED_EDGE('',*,*,#10869,.F.);
#11694=ORIENTED_EDGE('',*,*,#10948,.T.);
#11695=ORIENTED_EDGE('',*,*,#10664,.T.);
#11696=ORIENTED_EDGE('',*,*,#10389,.T.);
#11697=EDGE_LOOP('',(#11690,#11692,#11693,#11694,#11695,#11696));
#11698=FACE_OUTER_BOUND('',#11697,.F.);
#11699=ADVANCED_FACE('',(#11698),#11688,.T.);
#11700=CARTESIAN_POINT('',(-1.18E0,2.4E-1,-5.9E-1));
#11701=DIRECTION('',(1.E0,0.E0,0.E0));
#11702=DIRECTION('',(0.E0,0.E0,-1.E0));
#11703=AXIS2_PLACEMENT_3D('',#11700,#11701,#11702);
#11704=CYLINDRICAL_SURFACE('',#11703,4.E-2);
#11706=ORIENTED_EDGE('',*,*,#11705,.F.);
#11707=ORIENTED_EDGE('',*,*,#10445,.F.);
#11708=ORIENTED_EDGE('',*,*,#10727,.F.);
#11709=ORIENTED_EDGE('',*,*,#10942,.T.);
#11711=ORIENTED_EDGE('',*,*,#11710,.T.);
#11713=ORIENTED_EDGE('',*,*,#11712,.T.);
#11714=EDGE_LOOP('',(#11706,#11707,#11708,#11709,#11711,#11713));
#11715=FACE_OUTER_BOUND('',#11714,.F.);
#11716=ADVANCED_FACE('',(#11715),#11704,.T.);
#11717=CARTESIAN_POINT('',(-1.18E0,2.4E-1,-5.9E-1));
#11718=DIRECTION('',(1.E0,0.E0,0.E0));
#11719=DIRECTION('',(0.E0,0.E0,-1.E0));
#11720=AXIS2_PLACEMENT_3D('',#11717,#11718,#11719);
#11721=CYLINDRICAL_SURFACE('',#11720,4.E-2);
#11722=ORIENTED_EDGE('',*,*,#7299,.F.);
#11723=ORIENTED_EDGE('',*,*,#10953,.T.);
#11724=ORIENTED_EDGE('',*,*,#10805,.T.);
#11726=ORIENTED_EDGE('',*,*,#11725,.T.);
#11728=ORIENTED_EDGE('',*,*,#11727,.F.);
#11729=EDGE_LOOP('',(#11722,#11723,#11724,#11726,#11728));
#11730=FACE_OUTER_BOUND('',#11729,.F.);
#11731=ADVANCED_FACE('',(#11730),#11721,.T.);
#11732=CARTESIAN_POINT('',(-1.18E0,2.4E-1,-5.9E-1));
#11733=DIRECTION('',(1.E0,0.E0,0.E0));
#11734=DIRECTION('',(0.E0,0.E0,-1.E0));
#11735=AXIS2_PLACEMENT_3D('',#11732,#11733,#11734);
#11736=CYLINDRICAL_SURFACE('',#11735,4.E-2);
#11737=ORIENTED_EDGE('',*,*,#8348,.T.);
#11739=ORIENTED_EDGE('',*,*,#11738,.F.);
#11741=ORIENTED_EDGE('',*,*,#11740,.F.);
#11743=ORIENTED_EDGE('',*,*,#11742,.F.);
#11744=ORIENTED_EDGE('',*,*,#10934,.T.);
#11745=EDGE_LOOP('',(#11737,#11739,#11741,#11743,#11744));
#11746=FACE_OUTER_BOUND('',#11745,.F.);
#11747=ADVANCED_FACE('',(#11746),#11736,.T.);
#11748=CARTESIAN_POINT('',(-1.18E0,2.8E-1,-5.9E-1));
#11749=DIRECTION('',(0.E0,1.E0,0.E0));
#11750=DIRECTION('',(0.E0,0.E0,1.E0));
#11751=AXIS2_PLACEMENT_3D('',#11748,#11749,#11750);
#11752=PLANE('',#11751);
#11754=ORIENTED_EDGE('',*,*,#11753,.F.);
#11756=ORIENTED_EDGE('',*,*,#11755,.F.);
#11757=ORIENTED_EDGE('',*,*,#11689,.T.);
#11758=ORIENTED_EDGE('',*,*,#10401,.T.);
#11759=EDGE_LOOP('',(#11754,#11756,#11757,#11758));
#11760=FACE_OUTER_BOUND('',#11759,.F.);
#11761=ADVANCED_FACE('',(#11760),#11752,.T.);
#11762=CARTESIAN_POINT('',(-1.18E0,2.8E-1,-5.9E-1));
#11763=DIRECTION('',(0.E0,1.E0,0.E0));
#11764=DIRECTION('',(0.E0,0.E0,1.E0));
#11765=AXIS2_PLACEMENT_3D('',#11762,#11763,#11764);
#11766=PLANE('',#11765);
#11768=ORIENTED_EDGE('',*,*,#11767,.F.);
#11769=ORIENTED_EDGE('',*,*,#10447,.F.);
#11770=ORIENTED_EDGE('',*,*,#11705,.T.);
#11772=ORIENTED_EDGE('',*,*,#11771,.T.);
#11773=EDGE_LOOP('',(#11768,#11769,#11770,#11772));
#11774=FACE_OUTER_BOUND('',#11773,.F.);
#11775=ADVANCED_FACE('',(#11774),#11766,.T.);
#11776=CARTESIAN_POINT('',(-1.18E0,2.8E-1,-5.9E-1));
#11777=DIRECTION('',(0.E0,1.E0,0.E0));
#11778=DIRECTION('',(0.E0,0.E0,1.E0));
#11779=AXIS2_PLACEMENT_3D('',#11776,#11777,#11778);
#11780=PLANE('',#11779);
#11781=ORIENTED_EDGE('',*,*,#7301,.F.);
#11782=ORIENTED_EDGE('',*,*,#11727,.T.);
#11784=ORIENTED_EDGE('',*,*,#11783,.T.);
#11786=ORIENTED_EDGE('',*,*,#11785,.F.);
#11787=EDGE_LOOP('',(#11781,#11782,#11784,#11786));
#11788=FACE_OUTER_BOUND('',#11787,.F.);
#11789=ADVANCED_FACE('',(#11788),#11780,.T.);
#11790=CARTESIAN_POINT('',(-1.18E0,2.8E-1,-5.9E-1));
#11791=DIRECTION('',(0.E0,1.E0,0.E0));
#11792=DIRECTION('',(0.E0,0.E0,1.E0));
#11793=AXIS2_PLACEMENT_3D('',#11790,#11791,#11792);
#11794=PLANE('',#11793);
#11795=ORIENTED_EDGE('',*,*,#8346,.T.);
#11797=ORIENTED_EDGE('',*,*,#11796,.F.);
#11799=ORIENTED_EDGE('',*,*,#11798,.F.);
#11800=ORIENTED_EDGE('',*,*,#11738,.T.);
#11801=EDGE_LOOP('',(#11795,#11797,#11799,#11800));
#11802=FACE_OUTER_BOUND('',#11801,.F.);
#11803=ADVANCED_FACE('',(#11802),#11794,.T.);
#11804=CARTESIAN_POINT('',(-1.18E0,2.8E-1,-5.85E-1));
#11805=DIRECTION('',(0.E0,0.E0,-1.E0));
#11806=DIRECTION('',(0.E0,1.E0,0.E0));
#11807=AXIS2_PLACEMENT_3D('',#11804,#11805,#11806);
#11808=PLANE('',#11807);
#11809=ORIENTED_EDGE('',*,*,#10399,.T.);
#11811=ORIENTED_EDGE('',*,*,#11810,.F.);
#11813=ORIENTED_EDGE('',*,*,#11812,.F.);
#11814=ORIENTED_EDGE('',*,*,#11753,.T.);
#11815=EDGE_LOOP('',(#11809,#11811,#11813,#11814));
#11816=FACE_OUTER_BOUND('',#11815,.F.);
#11817=ADVANCED_FACE('',(#11816),#11808,.T.);
#11818=CARTESIAN_POINT('',(-1.18E0,2.8E-1,-5.85E-1));
#11819=DIRECTION('',(0.E0,0.E0,-1.E0));
#11820=DIRECTION('',(0.E0,1.E0,0.E0));
#11821=AXIS2_PLACEMENT_3D('',#11818,#11819,#11820);
#11822=PLANE('',#11821);
#11824=ORIENTED_EDGE('',*,*,#11823,.T.);
#11826=ORIENTED_EDGE('',*,*,#11825,.F.);
#11827=ORIENTED_EDGE('',*,*,#10449,.F.);
#11828=ORIENTED_EDGE('',*,*,#11767,.T.);
#11829=EDGE_LOOP('',(#11824,#11826,#11827,#11828));
#11830=FACE_OUTER_BOUND('',#11829,.F.);
#11831=ADVANCED_FACE('',(#11830),#11822,.T.);
#11832=CARTESIAN_POINT('',(-1.18E0,2.8E-1,-5.85E-1));
#11833=DIRECTION('',(0.E0,0.E0,-1.E0));
#11834=DIRECTION('',(0.E0,1.E0,0.E0));
#11835=AXIS2_PLACEMENT_3D('',#11832,#11833,#11834);
#11836=PLANE('',#11835);
#11837=ORIENTED_EDGE('',*,*,#7303,.F.);
#11838=ORIENTED_EDGE('',*,*,#11785,.T.);
#11840=ORIENTED_EDGE('',*,*,#11839,.T.);
#11842=ORIENTED_EDGE('',*,*,#11841,.F.);
#11843=EDGE_LOOP('',(#11837,#11838,#11840,#11842));
#11844=FACE_OUTER_BOUND('',#11843,.F.);
#11845=ADVANCED_FACE('',(#11844),#11836,.T.);
#11846=CARTESIAN_POINT('',(-1.18E0,2.8E-1,-5.85E-1));
#11847=DIRECTION('',(0.E0,0.E0,-1.E0));
#11848=DIRECTION('',(0.E0,1.E0,0.E0));
#11849=AXIS2_PLACEMENT_3D('',#11846,#11847,#11848);
#11850=PLANE('',#11849);
#11851=ORIENTED_EDGE('',*,*,#8344,.T.);
#11853=ORIENTED_EDGE('',*,*,#11852,.F.);
#11855=ORIENTED_EDGE('',*,*,#11854,.F.);
#11856=ORIENTED_EDGE('',*,*,#11796,.T.);
#11857=EDGE_LOOP('',(#11851,#11853,#11855,#11856));
#11858=FACE_OUTER_BOUND('',#11857,.F.);
#11859=ADVANCED_FACE('',(#11858),#11850,.T.);
#11860=CARTESIAN_POINT('',(-1.18E0,3.5E-1,-5.85E-1));
#11861=DIRECTION('',(0.E0,-9.138115486203E-1,-4.061384660534E-1));
#11862=DIRECTION('',(0.E0,4.061384660534E-1,-9.138115486203E-1));
#11863=AXIS2_PLACEMENT_3D('',#11860,#11861,#11862);
#11864=PLANE('',#11863);
#11865=ORIENTED_EDGE('',*,*,#10397,.T.);
#11867=ORIENTED_EDGE('',*,*,#11866,.F.);
#11869=ORIENTED_EDGE('',*,*,#11868,.F.);
#11870=ORIENTED_EDGE('',*,*,#11810,.T.);
#11871=EDGE_LOOP('',(#11865,#11867,#11869,#11870));
#11872=FACE_OUTER_BOUND('',#11871,.F.);
#11873=ADVANCED_FACE('',(#11872),#11864,.T.);
#11874=CARTESIAN_POINT('',(-1.18E0,3.5E-1,-5.85E-1));
#11875=DIRECTION('',(0.E0,-9.138115486203E-1,-4.061384660534E-1));
#11876=DIRECTION('',(0.E0,4.061384660534E-1,-9.138115486203E-1));
#11877=AXIS2_PLACEMENT_3D('',#11874,#11875,#11876);
#11878=PLANE('',#11877);
#11880=ORIENTED_EDGE('',*,*,#11879,.T.);
#11882=ORIENTED_EDGE('',*,*,#11881,.F.);
#11883=ORIENTED_EDGE('',*,*,#10451,.F.);
#11884=ORIENTED_EDGE('',*,*,#11825,.T.);
#11885=EDGE_LOOP('',(#11880,#11882,#11883,#11884));
#11886=FACE_OUTER_BOUND('',#11885,.F.);
#11887=ADVANCED_FACE('',(#11886),#11878,.T.);
#11888=CARTESIAN_POINT('',(-1.18E0,3.5E-1,-5.85E-1));
#11889=DIRECTION('',(0.E0,-9.138115486203E-1,-4.061384660534E-1));
#11890=DIRECTION('',(0.E0,4.061384660534E-1,-9.138115486203E-1));
#11891=AXIS2_PLACEMENT_3D('',#11888,#11889,#11890);
#11892=PLANE('',#11891);
#11893=ORIENTED_EDGE('',*,*,#7305,.F.);
#11894=ORIENTED_EDGE('',*,*,#11841,.T.);
#11896=ORIENTED_EDGE('',*,*,#11895,.T.);
#11898=ORIENTED_EDGE('',*,*,#11897,.F.);
#11899=EDGE_LOOP('',(#11893,#11894,#11896,#11898));
#11900=FACE_OUTER_BOUND('',#11899,.F.);
#11901=ADVANCED_FACE('',(#11900),#11892,.T.);
#11902=CARTESIAN_POINT('',(-1.18E0,3.5E-1,-5.85E-1));
#11903=DIRECTION('',(0.E0,-9.138115486203E-1,-4.061384660534E-1));
#11904=DIRECTION('',(0.E0,4.061384660534E-1,-9.138115486203E-1));
#11905=AXIS2_PLACEMENT_3D('',#11902,#11903,#11904);
#11906=PLANE('',#11905);
#11907=ORIENTED_EDGE('',*,*,#8342,.T.);
#11909=ORIENTED_EDGE('',*,*,#11908,.F.);
#11911=ORIENTED_EDGE('',*,*,#11910,.F.);
#11912=ORIENTED_EDGE('',*,*,#11852,.T.);
#11913=EDGE_LOOP('',(#11907,#11909,#11911,#11912));
#11914=FACE_OUTER_BOUND('',#11913,.F.);
#11915=ADVANCED_FACE('',(#11914),#11906,.T.);
#11916=CARTESIAN_POINT('',(-1.18E0,3.7E-1,-5.4E-1));
#11917=DIRECTION('',(1.E0,0.E0,0.E0));
#11918=DIRECTION('',(0.E0,0.E0,-1.E0));
#11919=AXIS2_PLACEMENT_3D('',#11916,#11917,#11918);
#11920=CYLINDRICAL_SURFACE('',#11919,9.E-2);
#11921=ORIENTED_EDGE('',*,*,#7307,.F.);
#11922=ORIENTED_EDGE('',*,*,#11897,.T.);
#11924=ORIENTED_EDGE('',*,*,#11923,.T.);
#11925=ORIENTED_EDGE('',*,*,#11866,.T.);
#11927=ORIENTED_EDGE('',*,*,#11926,.T.);
#11928=ORIENTED_EDGE('',*,*,#11881,.T.);
#11930=ORIENTED_EDGE('',*,*,#11929,.T.);
#11931=ORIENTED_EDGE('',*,*,#11908,.T.);
#11932=ORIENTED_EDGE('',*,*,#8340,.T.);
#11933=ORIENTED_EDGE('',*,*,#7221,.F.);
#11934=EDGE_LOOP('',(#11921,#11922,#11924,#11925,#11927,#11928,#11930,#11931,
#11932,#11933));
#11935=FACE_OUTER_BOUND('',#11934,.F.);
#11936=ADVANCED_FACE('',(#11935),#11920,.T.);
#11937=CARTESIAN_POINT('',(-4.6E-1,3.55E-1,-6.3E-1));
#11938=DIRECTION('',(0.E0,0.E0,-1.E0));
#11939=DIRECTION('',(0.E0,1.E0,0.E0));
#11940=AXIS2_PLACEMENT_3D('',#11937,#11938,#11939);
#11941=PLANE('',#11940);
#11942=ORIENTED_EDGE('',*,*,#11923,.F.);
#11944=ORIENTED_EDGE('',*,*,#11943,.F.);
#11946=ORIENTED_EDGE('',*,*,#11945,.T.);
#11948=ORIENTED_EDGE('',*,*,#11947,.T.);
#11949=EDGE_LOOP('',(#11942,#11944,#11946,#11948));
#11950=FACE_OUTER_BOUND('',#11949,.F.);
#11951=ADVANCED_FACE('',(#11950),#11941,.T.);
#11952=CARTESIAN_POINT('',(-4.6E-1,0.E0,0.E0));
#11953=DIRECTION('',(1.E0,0.E0,0.E0));
#11954=DIRECTION('',(0.E0,0.E0,-1.E0));
#11955=AXIS2_PLACEMENT_3D('',#11952,#11953,#11954);
#11956=PLANE('',#11955);
#11957=ORIENTED_EDGE('',*,*,#10822,.T.);
#11958=ORIENTED_EDGE('',*,*,#10617,.F.);
#11959=ORIENTED_EDGE('',*,*,#10553,.F.);
#11960=ORIENTED_EDGE('',*,*,#10497,.F.);
#11961=ORIENTED_EDGE('',*,*,#10342,.F.);
#11963=ORIENTED_EDGE('',*,*,#11962,.T.);
#11965=ORIENTED_EDGE('',*,*,#11964,.T.);
#11966=EDGE_LOOP('',(#11957,#11958,#11959,#11960,#11961,#11963,#11965));
#11967=FACE_OUTER_BOUND('',#11966,.F.);
#11968=ADVANCED_FACE('',(#11967),#11956,.F.);
#11969=CARTESIAN_POINT('',(-4.6E-1,0.E0,0.E0));
#11970=DIRECTION('',(1.E0,0.E0,0.E0));
#11971=DIRECTION('',(0.E0,0.E0,-1.E0));
#11972=AXIS2_PLACEMENT_3D('',#11969,#11970,#11971);
#11973=PLANE('',#11972);
#11974=ORIENTED_EDGE('',*,*,#10886,.T.);
#11976=ORIENTED_EDGE('',*,*,#11975,.T.);
#11977=ORIENTED_EDGE('',*,*,#11943,.T.);
#11978=ORIENTED_EDGE('',*,*,#11895,.F.);
#11979=ORIENTED_EDGE('',*,*,#11839,.F.);
#11980=ORIENTED_EDGE('',*,*,#11783,.F.);
#11981=ORIENTED_EDGE('',*,*,#11725,.F.);
#11982=EDGE_LOOP('',(#11974,#11976,#11977,#11978,#11979,#11980,#11981));
#11983=FACE_OUTER_BOUND('',#11982,.F.);
#11984=ADVANCED_FACE('',(#11983),#11973,.F.);
#11985=CARTESIAN_POINT('',(-4.6E-1,3.7E-1,6.3E-1));
#11986=DIRECTION('',(0.E0,0.E0,1.E0));
#11987=DIRECTION('',(0.E0,-1.E0,0.E0));
#11988=AXIS2_PLACEMENT_3D('',#11985,#11986,#11987);
#11989=PLANE('',#11988);
#11990=ORIENTED_EDGE('',*,*,#10298,.T.);
#11992=ORIENTED_EDGE('',*,*,#11991,.T.);
#11994=ORIENTED_EDGE('',*,*,#11993,.F.);
#11995=ORIENTED_EDGE('',*,*,#11962,.F.);
#11996=EDGE_LOOP('',(#11990,#11992,#11994,#11995));
#11997=FACE_OUTER_BOUND('',#11996,.F.);
#11998=ADVANCED_FACE('',(#11997),#11989,.T.);
#11999=CARTESIAN_POINT('',(-2.4E-1,0.E0,0.E0));
#12000=DIRECTION('',(1.E0,0.E0,0.E0));
#12001=DIRECTION('',(0.E0,0.E0,-1.E0));
#12002=AXIS2_PLACEMENT_3D('',#11999,#12000,#12001);
#12003=PLANE('',#12002);
#12004=ORIENTED_EDGE('',*,*,#10826,.F.);
#12006=ORIENTED_EDGE('',*,*,#12005,.F.);
#12007=ORIENTED_EDGE('',*,*,#11991,.F.);
#12008=ORIENTED_EDGE('',*,*,#10314,.T.);
#12009=ORIENTED_EDGE('',*,*,#10470,.T.);
#12010=ORIENTED_EDGE('',*,*,#10525,.T.);
#12011=ORIENTED_EDGE('',*,*,#10585,.T.);
#12012=EDGE_LOOP('',(#12004,#12006,#12007,#12008,#12009,#12010,#12011));
#12013=FACE_OUTER_BOUND('',#12012,.F.);
#12014=ADVANCED_FACE('',(#12013),#12003,.T.);
#12015=CARTESIAN_POINT('',(-2.4E-1,0.E0,0.E0));
#12016=DIRECTION('',(1.E0,0.E0,0.E0));
#12017=DIRECTION('',(0.E0,0.E0,-1.E0));
#12018=AXIS2_PLACEMENT_3D('',#12015,#12016,#12017);
#12019=PLANE('',#12018);
#12020=ORIENTED_EDGE('',*,*,#10882,.F.);
#12021=ORIENTED_EDGE('',*,*,#11691,.T.);
#12022=ORIENTED_EDGE('',*,*,#11755,.T.);
#12023=ORIENTED_EDGE('',*,*,#11812,.T.);
#12024=ORIENTED_EDGE('',*,*,#11868,.T.);
#12025=ORIENTED_EDGE('',*,*,#11947,.F.);
#12027=ORIENTED_EDGE('',*,*,#12026,.F.);
#12028=EDGE_LOOP('',(#12020,#12021,#12022,#12023,#12024,#12025,#12027));
#12029=FACE_OUTER_BOUND('',#12028,.F.);
#12030=ADVANCED_FACE('',(#12029),#12019,.T.);
#12031=CARTESIAN_POINT('',(-4.6E-1,3.55E-1,6.3E-1));
#12032=DIRECTION('',(0.E0,-7.071067811865E-1,7.071067811865E-1));
#12033=DIRECTION('',(0.E0,-7.071067811865E-1,-7.071067811865E-1));
#12034=AXIS2_PLACEMENT_3D('',#12031,#12032,#12033);
#12035=PLANE('',#12034);
#12036=ORIENTED_EDGE('',*,*,#11964,.F.);
#12037=ORIENTED_EDGE('',*,*,#11993,.T.);
#12038=ORIENTED_EDGE('',*,*,#12005,.T.);
#12039=ORIENTED_EDGE('',*,*,#10824,.F.);
#12040=EDGE_LOOP('',(#12036,#12037,#12038,#12039));
#12041=FACE_OUTER_BOUND('',#12040,.F.);
#12042=ADVANCED_FACE('',(#12041),#12035,.T.);
#12043=CARTESIAN_POINT('',(-4.6E-1,3.4E-1,-6.15E-1));
#12044=DIRECTION('',(0.E0,-7.071067811865E-1,-7.071067811865E-1));
#12045=DIRECTION('',(0.E0,7.071067811865E-1,-7.071067811865E-1));
#12046=AXIS2_PLACEMENT_3D('',#12043,#12044,#12045);
#12047=PLANE('',#12046);
#12048=ORIENTED_EDGE('',*,*,#11975,.F.);
#12049=ORIENTED_EDGE('',*,*,#10884,.T.);
#12050=ORIENTED_EDGE('',*,*,#12026,.T.);
#12051=ORIENTED_EDGE('',*,*,#11945,.F.);
#12052=EDGE_LOOP('',(#12048,#12049,#12050,#12051));
#12053=FACE_OUTER_BOUND('',#12052,.F.);
#12054=ADVANCED_FACE('',(#12053),#12047,.T.);
#12055=CARTESIAN_POINT('',(-1.1E-1,3.55E-1,-6.3E-1));
#12056=DIRECTION('',(0.E0,0.E0,-1.E0));
#12057=DIRECTION('',(0.E0,1.E0,0.E0));
#12058=AXIS2_PLACEMENT_3D('',#12055,#12056,#12057);
#12059=PLANE('',#12058);
#12060=ORIENTED_EDGE('',*,*,#11926,.F.);
#12061=ORIENTED_EDGE('',*,*,#10395,.F.);
#12063=ORIENTED_EDGE('',*,*,#12062,.T.);
#12064=ORIENTED_EDGE('',*,*,#10453,.T.);
#12065=EDGE_LOOP('',(#12060,#12061,#12063,#12064));
#12066=FACE_OUTER_BOUND('',#12065,.F.);
#12067=ADVANCED_FACE('',(#12066),#12059,.T.);
#12068=CARTESIAN_POINT('',(-1.1E-1,3.4E-1,-6.15E-1));
#12069=DIRECTION('',(0.E0,-7.071067811865E-1,-7.071067811865E-1));
#12070=DIRECTION('',(0.E0,7.071067811865E-1,-7.071067811865E-1));
#12071=AXIS2_PLACEMENT_3D('',#12068,#12069,#12070);
#12072=PLANE('',#12071);
#12073=ORIENTED_EDGE('',*,*,#10393,.F.);
#12075=ORIENTED_EDGE('',*,*,#12074,.T.);
#12076=ORIENTED_EDGE('',*,*,#10455,.T.);
#12077=ORIENTED_EDGE('',*,*,#12062,.F.);
#12078=EDGE_LOOP('',(#12073,#12075,#12076,#12077));
#12079=FACE_OUTER_BOUND('',#12078,.F.);
#12080=ADVANCED_FACE('',(#12079),#12072,.T.);
#12081=CARTESIAN_POINT('',(-1.1E-1,1.4E-1,-6.15E-1));
#12082=DIRECTION('',(0.E0,0.E0,-1.E0));
#12083=DIRECTION('',(0.E0,1.E0,0.E0));
#12084=AXIS2_PLACEMENT_3D('',#12081,#12082,#12083);
#12085=PLANE('',#12084);
#12086=ORIENTED_EDGE('',*,*,#10662,.F.);
#12088=ORIENTED_EDGE('',*,*,#12087,.T.);
#12089=ORIENTED_EDGE('',*,*,#10721,.T.);
#12090=ORIENTED_EDGE('',*,*,#10457,.T.);
#12091=ORIENTED_EDGE('',*,*,#12074,.F.);
#12092=ORIENTED_EDGE('',*,*,#10391,.F.);
#12093=EDGE_LOOP('',(#12086,#12088,#12089,#12090,#12091,#12092));
#12094=FACE_OUTER_BOUND('',#12093,.F.);
#12095=ADVANCED_FACE('',(#12094),#12085,.T.);
#12096=CARTESIAN_POINT('',(-1.1E-1,1.4E-1,-5.85E-1));
#12097=DIRECTION('',(0.E0,-1.E0,0.E0));
#12098=DIRECTION('',(0.E0,0.E0,-1.E0));
#12099=AXIS2_PLACEMENT_3D('',#12096,#12097,#12098);
#12100=PLANE('',#12099);
#12101=ORIENTED_EDGE('',*,*,#12087,.F.);
#12102=ORIENTED_EDGE('',*,*,#10668,.T.);
#12103=ORIENTED_EDGE('',*,*,#10945,.T.);
#12104=ORIENTED_EDGE('',*,*,#10723,.F.);
#12105=EDGE_LOOP('',(#12101,#12102,#12103,#12104));
#12106=FACE_OUTER_BOUND('',#12105,.F.);
#12107=ADVANCED_FACE('',(#12106),#12100,.F.);
#12108=CARTESIAN_POINT('',(2.4E-1,3.55E-1,-6.3E-1));
#12109=DIRECTION('',(0.E0,0.E0,-1.E0));
#12110=DIRECTION('',(0.E0,1.E0,0.E0));
#12111=AXIS2_PLACEMENT_3D('',#12108,#12109,#12110);
#12112=PLANE('',#12111);
#12113=ORIENTED_EDGE('',*,*,#11929,.F.);
#12115=ORIENTED_EDGE('',*,*,#12114,.F.);
#12117=ORIENTED_EDGE('',*,*,#12116,.T.);
#12119=ORIENTED_EDGE('',*,*,#12118,.T.);
#12120=EDGE_LOOP('',(#12113,#12115,#12117,#12119));
#12121=FACE_OUTER_BOUND('',#12120,.F.);
#12122=ADVANCED_FACE('',(#12121),#12112,.T.);
#12123=CARTESIAN_POINT('',(2.4E-1,0.E0,0.E0));
#12124=DIRECTION('',(1.E0,0.E0,0.E0));
#12125=DIRECTION('',(0.E0,0.E0,-1.E0));
#12126=AXIS2_PLACEMENT_3D('',#12123,#12124,#12125);
#12127=PLANE('',#12126);
#12128=ORIENTED_EDGE('',*,*,#10325,.F.);
#12130=ORIENTED_EDGE('',*,*,#12129,.T.);
#12132=ORIENTED_EDGE('',*,*,#12131,.T.);
#12134=ORIENTED_EDGE('',*,*,#12133,.T.);
#12135=ORIENTED_EDGE('',*,*,#10605,.F.);
#12136=ORIENTED_EDGE('',*,*,#10541,.F.);
#12137=ORIENTED_EDGE('',*,*,#10481,.F.);
#12138=EDGE_LOOP('',(#12128,#12130,#12132,#12134,#12135,#12136,#12137));
#12139=FACE_OUTER_BOUND('',#12138,.F.);
#12140=ADVANCED_FACE('',(#12139),#12127,.F.);
#12141=CARTESIAN_POINT('',(2.4E-1,0.E0,0.E0));
#12142=DIRECTION('',(1.E0,0.E0,0.E0));
#12143=DIRECTION('',(0.E0,0.E0,-1.E0));
#12144=AXIS2_PLACEMENT_3D('',#12141,#12142,#12143);
#12145=PLANE('',#12144);
#12146=ORIENTED_EDGE('',*,*,#11712,.F.);
#12148=ORIENTED_EDGE('',*,*,#12147,.T.);
#12150=ORIENTED_EDGE('',*,*,#12149,.T.);
#12151=ORIENTED_EDGE('',*,*,#12114,.T.);
#12152=ORIENTED_EDGE('',*,*,#11879,.F.);
#12153=ORIENTED_EDGE('',*,*,#11823,.F.);
#12154=ORIENTED_EDGE('',*,*,#11771,.F.);
#12155=EDGE_LOOP('',(#12146,#12148,#12150,#12151,#12152,#12153,#12154));
#12156=FACE_OUTER_BOUND('',#12155,.F.);
#12157=ADVANCED_FACE('',(#12156),#12145,.F.);
#12158=CARTESIAN_POINT('',(2.4E-1,3.7E-1,6.3E-1));
#12159=DIRECTION('',(0.E0,0.E0,1.E0));
#12160=DIRECTION('',(0.E0,-1.E0,0.E0));
#12161=AXIS2_PLACEMENT_3D('',#12158,#12159,#12160);
#12162=PLANE('',#12161);
#12163=ORIENTED_EDGE('',*,*,#10290,.T.);
#12165=ORIENTED_EDGE('',*,*,#12164,.T.);
#12167=ORIENTED_EDGE('',*,*,#12166,.F.);
#12168=ORIENTED_EDGE('',*,*,#12129,.F.);
#12169=EDGE_LOOP('',(#12163,#12165,#12167,#12168));
#12170=FACE_OUTER_BOUND('',#12169,.F.);
#12171=ADVANCED_FACE('',(#12170),#12162,.T.);
#12172=CARTESIAN_POINT('',(4.6E-1,0.E0,0.E0));
#12173=DIRECTION('',(1.E0,0.E0,0.E0));
#12174=DIRECTION('',(0.E0,0.E0,-1.E0));
#12175=AXIS2_PLACEMENT_3D('',#12172,#12173,#12174);
#12176=PLANE('',#12175);
#12177=ORIENTED_EDGE('',*,*,#10357,.T.);
#12178=ORIENTED_EDGE('',*,*,#10512,.T.);
#12179=ORIENTED_EDGE('',*,*,#10568,.T.);
#12180=ORIENTED_EDGE('',*,*,#10636,.T.);
#12182=ORIENTED_EDGE('',*,*,#12181,.F.);
#12184=ORIENTED_EDGE('',*,*,#12183,.F.);
#12185=ORIENTED_EDGE('',*,*,#12164,.F.);
#12186=EDGE_LOOP('',(#12177,#12178,#12179,#12180,#12182,#12184,#12185));
#12187=FACE_OUTER_BOUND('',#12186,.F.);
#12188=ADVANCED_FACE('',(#12187),#12176,.T.);
#12189=CARTESIAN_POINT('',(4.6E-1,0.E0,0.E0));
#12190=DIRECTION('',(1.E0,0.E0,0.E0));
#12191=DIRECTION('',(0.E0,0.E0,-1.E0));
#12192=AXIS2_PLACEMENT_3D('',#12189,#12190,#12191);
#12193=PLANE('',#12192);
#12194=ORIENTED_EDGE('',*,*,#11740,.T.);
#12195=ORIENTED_EDGE('',*,*,#11798,.T.);
#12196=ORIENTED_EDGE('',*,*,#11854,.T.);
#12197=ORIENTED_EDGE('',*,*,#11910,.T.);
#12198=ORIENTED_EDGE('',*,*,#12118,.F.);
#12200=ORIENTED_EDGE('',*,*,#12199,.F.);
#12202=ORIENTED_EDGE('',*,*,#12201,.F.);
#12203=EDGE_LOOP('',(#12194,#12195,#12196,#12197,#12198,#12200,#12202));
#12204=FACE_OUTER_BOUND('',#12203,.F.);
#12205=ADVANCED_FACE('',(#12204),#12193,.T.);
#12206=CARTESIAN_POINT('',(2.4E-1,3.4E-1,6.15E-1));
#12207=DIRECTION('',(0.E0,0.E0,1.E0));
#12208=DIRECTION('',(0.E0,-1.E0,0.E0));
#12209=AXIS2_PLACEMENT_3D('',#12206,#12207,#12208);
#12210=PLANE('',#12209);
#12212=ORIENTED_EDGE('',*,*,#12211,.T.);
#12213=ORIENTED_EDGE('',*,*,#12133,.F.);
#12215=ORIENTED_EDGE('',*,*,#12214,.T.);
#12216=ORIENTED_EDGE('',*,*,#12181,.T.);
#12218=ORIENTED_EDGE('',*,*,#12217,.F.);
#12220=ORIENTED_EDGE('',*,*,#12219,.F.);
#12221=EDGE_LOOP('',(#12212,#12213,#12215,#12216,#12218,#12220));
#12222=FACE_OUTER_BOUND('',#12221,.F.);
#12223=ADVANCED_FACE('',(#12222),#12210,.T.);
#12224=CARTESIAN_POINT('',(2.4E-1,0.E0,0.E0));
#12225=DIRECTION('',(1.E0,0.E0,0.E0));
#12226=DIRECTION('',(0.E0,0.E0,-1.E0));
#12227=AXIS2_PLACEMENT_3D('',#12224,#12225,#12226);
#12228=PLANE('',#12227);
#12229=ORIENTED_EDGE('',*,*,#12211,.F.);
#12231=ORIENTED_EDGE('',*,*,#12230,.F.);
#12232=ORIENTED_EDGE('',*,*,#10751,.F.);
#12233=ORIENTED_EDGE('',*,*,#10597,.F.);
#12234=EDGE_LOOP('',(#12229,#12231,#12232,#12233));
#12235=FACE_OUTER_BOUND('',#12234,.F.);
#12236=ADVANCED_FACE('',(#12235),#12228,.T.);
#12237=CARTESIAN_POINT('',(2.4E-1,0.E0,0.E0));
#12238=DIRECTION('',(1.E0,0.E0,0.E0));
#12239=DIRECTION('',(0.E0,0.E0,-1.E0));
#12240=AXIS2_PLACEMENT_3D('',#12237,#12238,#12239);
#12241=PLANE('',#12240);
#12243=ORIENTED_EDGE('',*,*,#12242,.T.);
#12244=ORIENTED_EDGE('',*,*,#11710,.F.);
#12245=ORIENTED_EDGE('',*,*,#10940,.T.);
#12247=ORIENTED_EDGE('',*,*,#12246,.F.);
#12248=EDGE_LOOP('',(#12243,#12244,#12245,#12247));
#12249=FACE_OUTER_BOUND('',#12248,.F.);
#12250=ADVANCED_FACE('',(#12249),#12241,.T.);
#12251=CARTESIAN_POINT('',(2.4E-1,1.4E-1,6.3E-1));
#12252=DIRECTION('',(0.E0,-1.E0,0.E0));
#12253=DIRECTION('',(0.E0,0.E0,-1.E0));
#12254=AXIS2_PLACEMENT_3D('',#12251,#12252,#12253);
#12255=PLANE('',#12254);
#12256=ORIENTED_EDGE('',*,*,#12219,.T.);
#12258=ORIENTED_EDGE('',*,*,#12257,.F.);
#12259=ORIENTED_EDGE('',*,*,#10753,.F.);
#12260=ORIENTED_EDGE('',*,*,#12230,.T.);
#12261=EDGE_LOOP('',(#12256,#12258,#12259,#12260));
#12262=FACE_OUTER_BOUND('',#12261,.F.);
#12263=ADVANCED_FACE('',(#12262),#12255,.F.);
#12264=CARTESIAN_POINT('',(4.6E-1,0.E0,0.E0));
#12265=DIRECTION('',(1.E0,0.E0,0.E0));
#12266=DIRECTION('',(0.E0,0.E0,-1.E0));
#12267=AXIS2_PLACEMENT_3D('',#12264,#12265,#12266);
#12268=PLANE('',#12267);
#12269=ORIENTED_EDGE('',*,*,#12217,.T.);
#12270=ORIENTED_EDGE('',*,*,#10634,.T.);
#12271=ORIENTED_EDGE('',*,*,#10755,.T.);
#12272=ORIENTED_EDGE('',*,*,#12257,.T.);
#12273=EDGE_LOOP('',(#12269,#12270,#12271,#12272));
#12274=FACE_OUTER_BOUND('',#12273,.F.);
#12275=ADVANCED_FACE('',(#12274),#12268,.F.);
#12276=CARTESIAN_POINT('',(4.6E-1,0.E0,0.E0));
#12277=DIRECTION('',(1.E0,0.E0,0.E0));
#12278=DIRECTION('',(0.E0,0.E0,-1.E0));
#12279=AXIS2_PLACEMENT_3D('',#12276,#12277,#12278);
#12280=PLANE('',#12279);
#12282=ORIENTED_EDGE('',*,*,#12281,.F.);
#12284=ORIENTED_EDGE('',*,*,#12283,.T.);
#12285=ORIENTED_EDGE('',*,*,#10936,.F.);
#12286=ORIENTED_EDGE('',*,*,#11742,.T.);
#12287=EDGE_LOOP('',(#12282,#12284,#12285,#12286));
#12288=FACE_OUTER_BOUND('',#12287,.F.);
#12289=ADVANCED_FACE('',(#12288),#12280,.F.);
#12290=CARTESIAN_POINT('',(2.4E-1,1.4E-1,-6.15E-1));
#12291=DIRECTION('',(0.E0,0.E0,-1.E0));
#12292=DIRECTION('',(0.E0,1.E0,0.E0));
#12293=AXIS2_PLACEMENT_3D('',#12290,#12291,#12292);
#12294=PLANE('',#12293);
#12295=ORIENTED_EDGE('',*,*,#12242,.F.);
#12297=ORIENTED_EDGE('',*,*,#12296,.T.);
#12298=ORIENTED_EDGE('',*,*,#12281,.T.);
#12299=ORIENTED_EDGE('',*,*,#12201,.T.);
#12301=ORIENTED_EDGE('',*,*,#12300,.F.);
#12302=ORIENTED_EDGE('',*,*,#12147,.F.);
#12303=EDGE_LOOP('',(#12295,#12297,#12298,#12299,#12301,#12302));
#12304=FACE_OUTER_BOUND('',#12303,.F.);
#12305=ADVANCED_FACE('',(#12304),#12294,.T.);
#12306=CARTESIAN_POINT('',(2.4E-1,1.4E-1,-5.85E-1));
#12307=DIRECTION('',(0.E0,-1.E0,0.E0));
#12308=DIRECTION('',(0.E0,0.E0,-1.E0));
#12309=AXIS2_PLACEMENT_3D('',#12306,#12307,#12308);
#12310=PLANE('',#12309);
#12311=ORIENTED_EDGE('',*,*,#12296,.F.);
#12312=ORIENTED_EDGE('',*,*,#12246,.T.);
#12313=ORIENTED_EDGE('',*,*,#10938,.T.);
#12314=ORIENTED_EDGE('',*,*,#12283,.F.);
#12315=EDGE_LOOP('',(#12311,#12312,#12313,#12314));
#12316=FACE_OUTER_BOUND('',#12315,.F.);
#12317=ADVANCED_FACE('',(#12316),#12310,.F.);
#12318=CARTESIAN_POINT('',(2.4E-1,3.4E-1,-6.15E-1));
#12319=DIRECTION('',(0.E0,-7.071067811865E-1,-7.071067811865E-1));
#12320=DIRECTION('',(0.E0,7.071067811865E-1,-7.071067811865E-1));
#12321=AXIS2_PLACEMENT_3D('',#12318,#12319,#12320);
#12322=PLANE('',#12321);
#12323=ORIENTED_EDGE('',*,*,#12149,.F.);
#12324=ORIENTED_EDGE('',*,*,#12300,.T.);
#12325=ORIENTED_EDGE('',*,*,#12199,.T.);
#12326=ORIENTED_EDGE('',*,*,#12116,.F.);
#12327=EDGE_LOOP('',(#12323,#12324,#12325,#12326));
#12328=FACE_OUTER_BOUND('',#12327,.F.);
#12329=ADVANCED_FACE('',(#12328),#12322,.T.);
#12330=CARTESIAN_POINT('',(2.4E-1,3.55E-1,6.3E-1));
#12331=DIRECTION('',(0.E0,-7.071067811865E-1,7.071067811865E-1));
#12332=DIRECTION('',(0.E0,-7.071067811865E-1,-7.071067811865E-1));
#12333=AXIS2_PLACEMENT_3D('',#12330,#12331,#12332);
#12334=PLANE('',#12333);
#12335=ORIENTED_EDGE('',*,*,#12131,.F.);
#12336=ORIENTED_EDGE('',*,*,#12166,.T.);
#12337=ORIENTED_EDGE('',*,*,#12183,.T.);
#12338=ORIENTED_EDGE('',*,*,#12214,.F.);
#12339=EDGE_LOOP('',(#12335,#12336,#12337,#12338));
#12340=FACE_OUTER_BOUND('',#12339,.F.);
#12341=ADVANCED_FACE('',(#12340),#12334,.T.);
#12342=CARTESIAN_POINT('',(-1.1E-1,1.4E-1,6.3E-1));
#12343=DIRECTION('',(0.E0,-1.E0,0.E0));
#12344=DIRECTION('',(0.E0,0.E0,-1.E0));
#12345=AXIS2_PLACEMENT_3D('',#12342,#12343,#12344);
#12346=PLANE('',#12345);
#12347=ORIENTED_EDGE('',*,*,#10685,.T.);
#12348=ORIENTED_EDGE('',*,*,#10711,.F.);
#12349=ORIENTED_EDGE('',*,*,#10747,.F.);
#12350=ORIENTED_EDGE('',*,*,#10649,.T.);
#12351=EDGE_LOOP('',(#12347,#12348,#12349,#12350));
#12352=FACE_OUTER_BOUND('',#12351,.F.);
#12353=ADVANCED_FACE('',(#12352),#12346,.F.);
#12354=CARTESIAN_POINT('',(-6.1E-1,3.8E-1,3.7E-1));
#12355=DIRECTION('',(0.E0,0.E0,-1.E0));
#12356=DIRECTION('',(-1.E0,0.E0,0.E0));
#12357=AXIS2_PLACEMENT_3D('',#12354,#12355,#12356);
#12358=PLANE('',#12357);
#12359=ORIENTED_EDGE('',*,*,#8970,.T.);
#12360=ORIENTED_EDGE('',*,*,#8989,.F.);
#12361=ORIENTED_EDGE('',*,*,#8803,.F.);
#12362=ORIENTED_EDGE('',*,*,#9028,.F.);
#12363=EDGE_LOOP('',(#12359,#12360,#12361,#12362));
#12364=FACE_OUTER_BOUND('',#12363,.F.);
#12365=ADVANCED_FACE('',(#12364),#12358,.T.);
#12366=CARTESIAN_POINT('',(-8.E-1,-2.E-2,-8.85E-1));
#12367=DIRECTION('',(0.E0,0.E0,-1.E0));
#12368=DIRECTION('',(1.E0,0.E0,0.E0));
#12369=AXIS2_PLACEMENT_3D('',#12366,#12367,#12368);
#12370=PLANE('',#12369);
#12371=ORIENTED_EDGE('',*,*,#8500,.T.);
#12372=ORIENTED_EDGE('',*,*,#8637,.T.);
#12373=ORIENTED_EDGE('',*,*,#8530,.F.);
#12374=ORIENTED_EDGE('',*,*,#8603,.F.);
#12375=EDGE_LOOP('',(#12371,#12372,#12373,#12374));
#12376=FACE_OUTER_BOUND('',#12375,.F.);
#12377=ADVANCED_FACE('',(#12376),#12370,.T.);
#12378=CARTESIAN_POINT('',(-8.3E-1,7.E-2,-6.1E-1));
#12379=DIRECTION('',(0.E0,0.E0,1.E0));
#12380=DIRECTION('',(1.E0,0.E0,0.E0));
#12381=AXIS2_PLACEMENT_3D('',#12378,#12379,#12380);
#12382=CYLINDRICAL_SURFACE('',#12381,3.E-2);
#12383=ORIENTED_EDGE('',*,*,#7805,.T.);
#12384=ORIENTED_EDGE('',*,*,#8607,.F.);
#12385=ORIENTED_EDGE('',*,*,#7750,.F.);
#12387=ORIENTED_EDGE('',*,*,#12386,.T.);
#12388=EDGE_LOOP('',(#12383,#12384,#12385,#12387));
#12389=FACE_OUTER_BOUND('',#12388,.F.);
#12390=ADVANCED_FACE('',(#12389),#12382,.F.);
#12391=CARTESIAN_POINT('',(-1.05E0,1.E-1,-6.1E-1));
#12392=DIRECTION('',(0.E0,1.E0,0.E0));
#12393=DIRECTION('',(1.E0,0.E0,0.E0));
#12394=AXIS2_PLACEMENT_3D('',#12391,#12392,#12393);
#12395=PLANE('',#12394);
#12396=ORIENTED_EDGE('',*,*,#7748,.F.);
#12397=ORIENTED_EDGE('',*,*,#7698,.T.);
#12398=ORIENTED_EDGE('',*,*,#7807,.T.);
#12399=ORIENTED_EDGE('',*,*,#12386,.F.);
#12400=EDGE_LOOP('',(#12396,#12397,#12398,#12399));
#12401=FACE_OUTER_BOUND('',#12400,.F.);
#12402=ADVANCED_FACE('',(#12401),#12395,.F.);
#12403=CARTESIAN_POINT('',(-4.256496E0,7.E-2,-6.4E-1));
#12404=DIRECTION('',(1.E0,0.E0,0.E0));
#12405=DIRECTION('',(0.E0,0.E0,1.E0));
#12406=AXIS2_PLACEMENT_3D('',#12403,#12404,#12405);
#12407=CYLINDRICAL_SURFACE('',#12406,3.E-2);
#12408=ORIENTED_EDGE('',*,*,#7730,.F.);
#12410=ORIENTED_EDGE('',*,*,#12409,.T.);
#12411=ORIENTED_EDGE('',*,*,#8542,.T.);
#12412=ORIENTED_EDGE('',*,*,#7843,.T.);
#12413=EDGE_LOOP('',(#12408,#12410,#12411,#12412));
#12414=FACE_OUTER_BOUND('',#12413,.F.);
#12415=ADVANCED_FACE('',(#12414),#12407,.F.);
#12416=CARTESIAN_POINT('',(6.5E-1,8.5E-2,-6.1E-1));
#12417=DIRECTION('',(1.E0,0.E0,0.E0));
#12418=DIRECTION('',(0.E0,-1.E0,0.E0));
#12419=AXIS2_PLACEMENT_3D('',#12416,#12417,#12418);
#12420=PLANE('',#12419);
#12421=ORIENTED_EDGE('',*,*,#7829,.F.);
#12422=ORIENTED_EDGE('',*,*,#8458,.T.);
#12423=ORIENTED_EDGE('',*,*,#8516,.T.);
#12424=ORIENTED_EDGE('',*,*,#8544,.F.);
#12425=ORIENTED_EDGE('',*,*,#12409,.F.);
#12426=ORIENTED_EDGE('',*,*,#7728,.F.);
#12427=ORIENTED_EDGE('',*,*,#7772,.T.);
#12428=ORIENTED_EDGE('',*,*,#7784,.T.);
#12429=EDGE_LOOP('',(#12421,#12422,#12423,#12424,#12425,#12426,#12427,#12428));
#12430=FACE_OUTER_BOUND('',#12429,.F.);
#12431=ADVANCED_FACE('',(#12430),#12420,.F.);
#12432=CARTESIAN_POINT('',(4.256496E0,7.E-2,6.4E-1));
#12433=DIRECTION('',(-1.E0,0.E0,0.E0));
#12434=DIRECTION('',(0.E0,0.E0,-1.E0));
#12435=AXIS2_PLACEMENT_3D('',#12432,#12433,#12434);
#12436=CYLINDRICAL_SURFACE('',#12435,3.E-2);
#12437=ORIENTED_EDGE('',*,*,#6608,.F.);
#12439=ORIENTED_EDGE('',*,*,#12438,.T.);
#12440=ORIENTED_EDGE('',*,*,#8556,.T.);
#12441=ORIENTED_EDGE('',*,*,#8424,.T.);
#12442=EDGE_LOOP('',(#12437,#12439,#12440,#12441));
#12443=FACE_OUTER_BOUND('',#12442,.F.);
#12444=ADVANCED_FACE('',(#12443),#12436,.F.);
#12445=CARTESIAN_POINT('',(8.E-1,-2.E-2,6.1E-1));
#12446=DIRECTION('',(1.E0,0.E0,0.E0));
#12447=DIRECTION('',(0.E0,1.E0,0.E0));
#12448=AXIS2_PLACEMENT_3D('',#12445,#12446,#12447);
#12449=PLANE('',#12448);
#12450=ORIENTED_EDGE('',*,*,#8443,.F.);
#12451=ORIENTED_EDGE('',*,*,#8486,.T.);
#12453=ORIENTED_EDGE('',*,*,#12452,.T.);
#12454=ORIENTED_EDGE('',*,*,#8558,.F.);
#12455=ORIENTED_EDGE('',*,*,#12438,.F.);
#12457=ORIENTED_EDGE('',*,*,#12456,.T.);
#12458=EDGE_LOOP('',(#12450,#12451,#12453,#12454,#12455,#12457));
#12459=FACE_OUTER_BOUND('',#12458,.F.);
#12460=ADVANCED_FACE('',(#12459),#12449,.T.);
#12461=CARTESIAN_POINT('',(8.E-1,-2.E-2,8.85E-1));
#12462=DIRECTION('',(0.E0,0.E0,1.E0));
#12463=DIRECTION('',(-1.E0,0.E0,0.E0));
#12464=AXIS2_PLACEMENT_3D('',#12461,#12462,#12463);
#12465=PLANE('',#12464);
#12466=ORIENTED_EDGE('',*,*,#8484,.T.);
#12467=ORIENTED_EDGE('',*,*,#8428,.T.);
#12468=ORIENTED_EDGE('',*,*,#8560,.F.);
#12469=ORIENTED_EDGE('',*,*,#12452,.F.);
#12470=EDGE_LOOP('',(#12466,#12467,#12468,#12469));
#12471=FACE_OUTER_BOUND('',#12470,.F.);
#12472=ADVANCED_FACE('',(#12471),#12465,.T.);
#12473=CARTESIAN_POINT('',(8.3E-1,7.E-2,6.1E-1));
#12474=DIRECTION('',(0.E0,0.E0,1.E0));
#12475=DIRECTION('',(1.E0,0.E0,0.E0));
#12476=AXIS2_PLACEMENT_3D('',#12473,#12474,#12475);
#12477=CYLINDRICAL_SURFACE('',#12476,3.E-2);
#12478=ORIENTED_EDGE('',*,*,#6517,.F.);
#12479=ORIENTED_EDGE('',*,*,#12456,.F.);
#12480=ORIENTED_EDGE('',*,*,#6606,.T.);
#12482=ORIENTED_EDGE('',*,*,#12481,.T.);
#12483=EDGE_LOOP('',(#12478,#12479,#12480,#12482));
#12484=FACE_OUTER_BOUND('',#12483,.F.);
#12485=ADVANCED_FACE('',(#12484),#12477,.F.);
#12486=CARTESIAN_POINT('',(8.3E-1,1.E-1,6.1E-1));
#12487=DIRECTION('',(0.E0,-1.E0,0.E0));
#12488=DIRECTION('',(1.E0,0.E0,0.E0));
#12489=AXIS2_PLACEMENT_3D('',#12486,#12487,#12488);
#12490=PLANE('',#12489);
#12491=ORIENTED_EDGE('',*,*,#6604,.T.);
#12492=ORIENTED_EDGE('',*,*,#6668,.T.);
#12493=ORIENTED_EDGE('',*,*,#6519,.F.);
#12494=ORIENTED_EDGE('',*,*,#12481,.F.);
#12495=EDGE_LOOP('',(#12491,#12492,#12493,#12494));
#12496=FACE_OUTER_BOUND('',#12495,.F.);
#12497=ADVANCED_FACE('',(#12496),#12490,.T.);
#12498=CARTESIAN_POINT('',(4.256496E0,7.E-2,6.4E-1));
#12499=DIRECTION('',(-1.E0,0.E0,0.E0));
#12500=DIRECTION('',(0.E0,0.E0,-1.E0));
#12501=AXIS2_PLACEMENT_3D('',#12498,#12499,#12500);
#12502=CYLINDRICAL_SURFACE('',#12501,3.E-2);
#12503=ORIENTED_EDGE('',*,*,#6632,.F.);
#12505=ORIENTED_EDGE('',*,*,#12504,.T.);
#12506=ORIENTED_EDGE('',*,*,#8571,.T.);
#12507=ORIENTED_EDGE('',*,*,#6556,.T.);
#12508=EDGE_LOOP('',(#12503,#12505,#12506,#12507));
#12509=FACE_OUTER_BOUND('',#12508,.F.);
#12510=ADVANCED_FACE('',(#12509),#12502,.F.);
#12511=CARTESIAN_POINT('',(-6.5E-1,-2.E-2,6.1E-1));
#12512=DIRECTION('',(1.E0,0.E0,0.E0));
#12513=DIRECTION('',(0.E0,1.E0,0.E0));
#12514=AXIS2_PLACEMENT_3D('',#12511,#12512,#12513);
#12515=PLANE('',#12514);
#12516=ORIENTED_EDGE('',*,*,#6542,.F.);
#12517=ORIENTED_EDGE('',*,*,#8472,.T.);
#12519=ORIENTED_EDGE('',*,*,#12518,.T.);
#12520=ORIENTED_EDGE('',*,*,#8573,.F.);
#12521=ORIENTED_EDGE('',*,*,#12504,.F.);
#12522=ORIENTED_EDGE('',*,*,#6630,.T.);
#12524=ORIENTED_EDGE('',*,*,#12523,.T.);
#12525=ORIENTED_EDGE('',*,*,#6494,.F.);
#12526=EDGE_LOOP('',(#12516,#12517,#12519,#12520,#12521,#12522,#12524,#12525));
#12527=FACE_OUTER_BOUND('',#12526,.F.);
#12528=ADVANCED_FACE('',(#12527),#12515,.T.);
#12529=CARTESIAN_POINT('',(-6.5E-1,-2.E-2,8.85E-1));
#12530=DIRECTION('',(0.E0,0.E0,1.E0));
#12531=DIRECTION('',(-1.E0,0.E0,0.E0));
#12532=AXIS2_PLACEMENT_3D('',#12529,#12530,#12531);
#12533=PLANE('',#12532);
#12534=ORIENTED_EDGE('',*,*,#8470,.T.);
#12535=ORIENTED_EDGE('',*,*,#6560,.T.);
#12536=ORIENTED_EDGE('',*,*,#8575,.F.);
#12537=ORIENTED_EDGE('',*,*,#12518,.F.);
#12538=EDGE_LOOP('',(#12534,#12535,#12536,#12537));
#12539=FACE_OUTER_BOUND('',#12538,.F.);
#12540=ADVANCED_FACE('',(#12539),#12533,.T.);
#12541=CARTESIAN_POINT('',(-6.5E-1,8.5E-2,6.1E-1));
#12542=DIRECTION('',(7.071067811865E-1,-7.071067811865E-1,0.E0));
#12543=DIRECTION('',(7.071067811865E-1,7.071067811865E-1,0.E0));
#12544=AXIS2_PLACEMENT_3D('',#12541,#12542,#12543);
#12545=PLANE('',#12544);
#12546=ORIENTED_EDGE('',*,*,#6628,.T.);
#12547=ORIENTED_EDGE('',*,*,#7352,.T.);
#12548=ORIENTED_EDGE('',*,*,#6496,.F.);
#12549=ORIENTED_EDGE('',*,*,#12523,.F.);
#12550=EDGE_LOOP('',(#12546,#12547,#12548,#12549));
#12551=FACE_OUTER_BOUND('',#12550,.F.);
#12552=ADVANCED_FACE('',(#12551),#12545,.T.);
#12553=CARTESIAN_POINT('',(1.05E0,1.085728E0,-4.9E-1));
#12554=DIRECTION('',(0.E0,-1.E0,0.E0));
#12555=DIRECTION('',(0.E0,0.E0,-1.E0));
#12556=AXIS2_PLACEMENT_3D('',#12553,#12554,#12555);
#12557=CYLINDRICAL_SURFACE('',#12556,5.E-2);
#12558=ORIENTED_EDGE('',*,*,#7918,.F.);
#12559=ORIENTED_EDGE('',*,*,#6998,.T.);
#12560=ORIENTED_EDGE('',*,*,#8297,.T.);
#12561=ORIENTED_EDGE('',*,*,#8086,.T.);
#12562=ORIENTED_EDGE('',*,*,#7989,.F.);
#12563=EDGE_LOOP('',(#12558,#12559,#12560,#12561,#12562));
#12564=FACE_OUTER_BOUND('',#12563,.F.);
#12565=ADVANCED_FACE('',(#12564),#12557,.T.);
#12566=CARTESIAN_POINT('',(-1.18E0,4.6E-1,1.1E-1));
#12567=DIRECTION('',(0.E0,0.E0,1.E0));
#12568=DIRECTION('',(1.E0,0.E0,0.E0));
#12569=AXIS2_PLACEMENT_3D('',#12566,#12567,#12568);
#12570=PLANE('',#12569);
#12571=ORIENTED_EDGE('',*,*,#7571,.F.);
#12572=ORIENTED_EDGE('',*,*,#6178,.F.);
#12573=ORIENTED_EDGE('',*,*,#8144,.T.);
#12574=ORIENTED_EDGE('',*,*,#7478,.F.);
#12575=EDGE_LOOP('',(#12571,#12572,#12573,#12574));
#12576=FACE_OUTER_BOUND('',#12575,.F.);
#12577=ADVANCED_FACE('',(#12576),#12570,.F.);
#12578=CARTESIAN_POINT('',(-8.8E-1,0.E0,4.E-1));
#12579=DIRECTION('',(0.E0,0.E0,1.E0));
#12580=DIRECTION('',(-1.E0,0.E0,0.E0));
#12581=AXIS2_PLACEMENT_3D('',#12578,#12579,#12580);
#12582=PLANE('',#12581);
#12583=ORIENTED_EDGE('',*,*,#6174,.F.);
#12584=ORIENTED_EDGE('',*,*,#6267,.T.);
#12586=ORIENTED_EDGE('',*,*,#12585,.T.);
#12587=ORIENTED_EDGE('',*,*,#8147,.T.);
#12588=EDGE_LOOP('',(#12583,#12584,#12586,#12587));
#12589=FACE_OUTER_BOUND('',#12588,.F.);
#12590=ADVANCED_FACE('',(#12589),#12582,.F.);
#12591=CARTESIAN_POINT('',(-8.8E-1,0.E0,1.5E-1));
#12592=DIRECTION('',(0.E0,-1.E0,0.E0));
#12593=DIRECTION('',(1.E0,0.E0,0.E0));
#12594=AXIS2_PLACEMENT_3D('',#12591,#12592,#12593);
#12595=CYLINDRICAL_SURFACE('',#12594,2.5E-1);
#12596=ORIENTED_EDGE('',*,*,#6265,.F.);
#12598=ORIENTED_EDGE('',*,*,#12597,.T.);
#12599=ORIENTED_EDGE('',*,*,#8149,.T.);
#12600=ORIENTED_EDGE('',*,*,#12585,.F.);
#12601=EDGE_LOOP('',(#12596,#12598,#12599,#12600));
#12602=FACE_OUTER_BOUND('',#12601,.F.);
#12603=ADVANCED_FACE('',(#12602),#12595,.F.);
#12604=CARTESIAN_POINT('',(-6.3E-1,0.E0,-1.5E-1));
#12605=DIRECTION('',(1.E0,0.E0,0.E0));
#12606=DIRECTION('',(0.E0,0.E0,1.E0));
#12607=AXIS2_PLACEMENT_3D('',#12604,#12605,#12606);
#12608=PLANE('',#12607);
#12609=ORIENTED_EDGE('',*,*,#6263,.F.);
#12611=ORIENTED_EDGE('',*,*,#12610,.T.);
#12612=ORIENTED_EDGE('',*,*,#8151,.T.);
#12613=ORIENTED_EDGE('',*,*,#12597,.F.);
#12614=EDGE_LOOP('',(#12609,#12611,#12612,#12613));
#12615=FACE_OUTER_BOUND('',#12614,.F.);
#12616=ADVANCED_FACE('',(#12615),#12608,.F.);
#12617=CARTESIAN_POINT('',(-8.8E-1,0.E0,-1.5E-1));
#12618=DIRECTION('',(0.E0,-1.E0,0.E0));
#12619=DIRECTION('',(1.E0,0.E0,0.E0));
#12620=AXIS2_PLACEMENT_3D('',#12617,#12618,#12619);
#12621=CYLINDRICAL_SURFACE('',#12620,2.5E-1);
#12622=ORIENTED_EDGE('',*,*,#6261,.F.);
#12624=ORIENTED_EDGE('',*,*,#12623,.T.);
#12625=ORIENTED_EDGE('',*,*,#8153,.T.);
#12626=ORIENTED_EDGE('',*,*,#12610,.F.);
#12627=EDGE_LOOP('',(#12622,#12624,#12625,#12626));
#12628=FACE_OUTER_BOUND('',#12627,.F.);
#12629=ADVANCED_FACE('',(#12628),#12621,.F.);
#12630=CARTESIAN_POINT('',(-1.18E0,0.E0,-4.E-1));
#12631=DIRECTION('',(0.E0,0.E0,-1.E0));
#12632=DIRECTION('',(1.E0,0.E0,0.E0));
#12633=AXIS2_PLACEMENT_3D('',#12630,#12631,#12632);
#12634=PLANE('',#12633);
#12635=ORIENTED_EDGE('',*,*,#6158,.T.);
#12636=ORIENTED_EDGE('',*,*,#8155,.T.);
#12637=ORIENTED_EDGE('',*,*,#12623,.F.);
#12638=ORIENTED_EDGE('',*,*,#6259,.F.);
#12639=EDGE_LOOP('',(#12635,#12636,#12637,#12638));
#12640=FACE_OUTER_BOUND('',#12639,.F.);
#12641=ADVANCED_FACE('',(#12640),#12634,.F.);
#12642=CARTESIAN_POINT('',(-1.1E0,4.6E-1,-1.1E-1));
#12643=DIRECTION('',(0.E0,0.E0,-1.E0));
#12644=DIRECTION('',(-1.E0,0.E0,0.E0));
#12645=AXIS2_PLACEMENT_3D('',#12642,#12643,#12644);
#12646=PLANE('',#12645);
#12647=ORIENTED_EDGE('',*,*,#7554,.T.);
#12648=ORIENTED_EDGE('',*,*,#7482,.T.);
#12649=ORIENTED_EDGE('',*,*,#8158,.F.);
#12650=ORIENTED_EDGE('',*,*,#6154,.T.);
#12651=EDGE_LOOP('',(#12647,#12648,#12649,#12650));
#12652=FACE_OUTER_BOUND('',#12651,.F.);
#12653=ADVANCED_FACE('',(#12652),#12646,.F.);
#12654=CARTESIAN_POINT('',(1.17E0,7.E-2,9.E-2));
#12655=DIRECTION('',(0.E0,-1.E0,0.E0));
#12656=DIRECTION('',(0.E0,0.E0,-1.E0));
#12657=AXIS2_PLACEMENT_3D('',#12654,#12655,#12656);
#12658=PLANE('',#12657);
#12659=ORIENTED_EDGE('',*,*,#7984,.F.);
#12660=ORIENTED_EDGE('',*,*,#8017,.F.);
#12661=ORIENTED_EDGE('',*,*,#7952,.T.);
#12663=ORIENTED_EDGE('',*,*,#12662,.T.);
#12664=EDGE_LOOP('',(#12659,#12660,#12661,#12663));
#12665=FACE_OUTER_BOUND('',#12664,.F.);
#12666=ADVANCED_FACE('',(#12665),#12658,.T.);
#12667=CARTESIAN_POINT('',(1.17E0,7.E-2,-9.E-2));
#12668=DIRECTION('',(0.E0,0.E0,-1.E0));
#12669=DIRECTION('',(0.E0,1.E0,0.E0));
#12670=AXIS2_PLACEMENT_3D('',#12667,#12668,#12669);
#12671=PLANE('',#12670);
#12672=ORIENTED_EDGE('',*,*,#7986,.T.);
#12673=ORIENTED_EDGE('',*,*,#12662,.F.);
#12674=ORIENTED_EDGE('',*,*,#7950,.T.);
#12675=ORIENTED_EDGE('',*,*,#7971,.T.);
#12676=EDGE_LOOP('',(#12672,#12673,#12674,#12675));
#12677=FACE_OUTER_BOUND('',#12676,.F.);
#12678=ADVANCED_FACE('',(#12677),#12671,.T.);
#12679=CLOSED_SHELL('',(#6164,#6184,#6199,#6308,#6323,#6343,#6358,#6374,#6390,
#6406,#6426,#6446,#6466,#6486,#6509,#6532,#6547,#6566,#6580,#6594,#6618,#6640,
#6655,#6673,#6688,#6726,#6766,#6781,#6807,#6825,#6840,#6855,#6870,#6897,#6912,
#6928,#6956,#6972,#6986,#7002,#7018,#7034,#7052,#7069,#7085,#7101,#7117,#7135,
#7153,#7168,#7182,#7197,#7213,#7255,#7285,#7313,#7334,#7357,#7370,#7386,#7399,
#7417,#7431,#7453,#7467,#7498,#7513,#7530,#7543,#7560,#7575,#7591,#7605,#7621,
#7634,#7647,#7660,#7672,#7685,#7704,#7718,#7740,#7762,#7776,#7797,#7819,#7834,
#7853,#7866,#7879,#7895,#7908,#7926,#7940,#7962,#7976,#8007,#8021,#8034,#8049,
#8063,#8079,#8098,#8112,#8138,#8163,#8176,#8191,#8207,#8220,#8233,#8246,#8259,
#8271,#8284,#8301,#8330,#8357,#8378,#8400,#8413,#8434,#8448,#8462,#8476,#8490,
#8506,#8520,#8536,#8550,#8565,#8580,#8594,#8611,#8624,#8642,#8655,#8677,#8693,
#8710,#8728,#8749,#8773,#8797,#8821,#8837,#8853,#8865,#8879,#8893,#8906,#8919,
#8932,#8946,#8961,#8978,#8993,#9007,#9022,#9037,#9053,#9070,#9085,#9101,#9117,
#9133,#9149,#9163,#9178,#9218,#9232,#9246,#9260,#9273,#9287,#9348,#9364,#9390,
#9448,#9464,#9480,#9495,#9510,#9524,#9540,#9556,#9568,#9582,#9596,#9609,#9622,
#9634,#9647,#9659,#9672,#9685,#9698,#9710,#9723,#9735,#9748,#9761,#9774,#9786,
#9799,#9811,#9824,#9837,#9849,#9861,#9873,#9886,#9898,#9913,#9938,#9951,#9978,
#9992,#10006,#10019,#10031,#10045,#10059,#10072,#10084,#10096,#10112,#10128,
#10143,#10156,#10168,#10185,#10200,#10214,#10228,#10242,#10254,#10267,#10279,
#10304,#10319,#10334,#10348,#10362,#10383,#10405,#10419,#10439,#10461,#10475,
#10489,#10503,#10517,#10531,#10545,#10559,#10573,#10591,#10609,#10625,#10641,
#10656,#10672,#10689,#10701,#10715,#10731,#10783,#10797,#10813,#10832,#10845,
#10857,#10873,#10891,#10904,#10957,#10979,#11001,#11015,#11036,#11058,#11071,
#11084,#11097,#11110,#11122,#11135,#11148,#11161,#11174,#11187,#11199,#11221,
#11243,#11257,#11278,#11300,#11313,#11326,#11339,#11352,#11364,#11377,#11390,
#11403,#11416,#11429,#11441,#11463,#11485,#11499,#11520,#11542,#11555,#11568,
#11581,#11594,#11606,#11619,#11632,#11645,#11658,#11671,#11683,#11699,#11716,
#11731,#11747,#11761,#11775,#11789,#11803,#11817,#11831,#11845,#11859,#11873,
#11887,#11901,#11915,#11936,#11951,#11968,#11984,#11998,#12014,#12030,#12042,
#12054,#12067,#12080,#12095,#12107,#12122,#12140,#12157,#12171,#12188,#12205,
#12223,#12236,#12250,#12263,#12275,#12289,#12305,#12317,#12329,#12341,#12353,
#12365,#12377,#12390,#12402,#12415,#12431,#12444,#12460,#12472,#12485,#12497,
#12510,#12528,#12540,#12552,#12565,#12577,#12590,#12603,#12616,#12629,#12641,
#12653,#12666,#12678));
#12680=MANIFOLD_SOLID_BREP('',#12679);
#12681=CARTESIAN_POINT('',(0.E0,0.E0,0.E0));
#12682=DIRECTION('',(0.E0,0.E0,1.E0));
#12683=DIRECTION('',(1.E0,0.E0,0.E0));
#12684=AXIS2_PLACEMENT_3D('CSYS',#12681,#12682,#12683);
#12685=DIRECTION('',(0.E0,0.E0,-1.E0));
#12686=VECTOR('',#12685,4.85E-1);
#12687=CARTESIAN_POINT('',(-4.4E-1,0.E0,1.15E0));
#12688=LINE('',#12687,#12686);
#12691=DIRECTION('',(1.E0,0.E0,0.E0));
#12692=VECTOR('',#12691,1.8E-1);
#12693=CARTESIAN_POINT('',(-4.4E-1,0.E0,6.65E-1));
#12694=LINE('',#12693,#12692);
#12697=DIRECTION('',(0.E0,0.E0,1.E0));
#12698=VECTOR('',#12697,4.85E-1);
#12699=CARTESIAN_POINT('',(-2.6E-1,0.E0,6.65E-1));
#12700=LINE('',#12699,#12698);
#12703=DIRECTION('',(-1.E0,0.E0,0.E0));
#12704=VECTOR('',#12703,1.8E-1);
#12705=CARTESIAN_POINT('',(-2.6E-1,0.E0,1.15E0));
#12706=LINE('',#12705,#12704);
#12711=DIRECTION('',(1.E0,0.E0,0.E0));
#12712=VECTOR('',#12711,1.8E-1);
#12713=CARTESIAN_POINT('',(-4.4E-1,0.E0,-1.15E0));
#12714=LINE('',#12713,#12712);
#12717=DIRECTION('',(0.E0,0.E0,1.E0));
#12718=VECTOR('',#12717,4.85E-1);
#12719=CARTESIAN_POINT('',(-2.6E-1,0.E0,-1.15E0));
#12720=LINE('',#12719,#12718);
#12723=DIRECTION('',(-1.E0,0.E0,0.E0));
#12724=VECTOR('',#12723,1.8E-1);
#12725=CARTESIAN_POINT('',(-2.6E-1,0.E0,-6.65E-1));
#12726=LINE('',#12725,#12724);
#12729=DIRECTION('',(0.E0,0.E0,-1.E0));
#12730=VECTOR('',#12729,4.85E-1);
#12731=CARTESIAN_POINT('',(-4.4E-1,0.E0,-6.65E-1));
#12732=LINE('',#12731,#12730);
#12736=DIRECTION('',(0.E0,0.E0,-1.E0));
#12737=VECTOR('',#12736,4.85E-1);
#12738=CARTESIAN_POINT('',(-9.E-2,0.E0,1.15E0));
#12739=LINE('',#12738,#12737);
#12742=DIRECTION('',(1.E0,0.E0,0.E0));
#12743=VECTOR('',#12742,1.8E-1);
#12744=CARTESIAN_POINT('',(-9.E-2,0.E0,6.65E-1));
#12745=LINE('',#12744,#12743);
#12748=DIRECTION('',(0.E0,0.E0,1.E0));
#12749=VECTOR('',#12748,4.85E-1);
#12750=CARTESIAN_POINT('',(9.E-2,0.E0,6.65E-1));
#12751=LINE('',#12750,#12749);
#12754=DIRECTION('',(-1.E0,0.E0,0.E0));
#12755=VECTOR('',#12754,1.8E-1);
#12756=CARTESIAN_POINT('',(9.E-2,0.E0,1.15E0));
#12757=LINE('',#12756,#12755);
#12761=DIRECTION('',(1.E0,0.E0,0.E0));
#12762=VECTOR('',#12761,1.8E-1);
#12763=CARTESIAN_POINT('',(-9.E-2,0.E0,-1.15E0));
#12764=LINE('',#12763,#12762);
#12767=DIRECTION('',(0.E0,0.E0,1.E0));
#12768=VECTOR('',#12767,4.85E-1);
#12769=CARTESIAN_POINT('',(9.E-2,0.E0,-1.15E0));
#12770=LINE('',#12769,#12768);
#12773=DIRECTION('',(-1.E0,0.E0,0.E0));
#12774=VECTOR('',#12773,1.8E-1);
#12775=CARTESIAN_POINT('',(9.E-2,0.E0,-6.65E-1));
#12776=LINE('',#12775,#12774);
#12779=DIRECTION('',(0.E0,0.E0,-1.E0));
#12780=VECTOR('',#12779,4.85E-1);
#12781=CARTESIAN_POINT('',(-9.E-2,0.E0,-6.65E-1));
#12782=LINE('',#12781,#12780);
#12786=DIRECTION('',(0.E0,0.E0,-1.E0));
#12787=VECTOR('',#12786,4.85E-1);
#12788=CARTESIAN_POINT('',(2.6E-1,0.E0,1.15E0));
#12789=LINE('',#12788,#12787);
#12792=DIRECTION('',(1.E0,0.E0,0.E0));
#12793=VECTOR('',#12792,1.8E-1);
#12794=CARTESIAN_POINT('',(2.6E-1,0.E0,6.65E-1));
#12795=LINE('',#12794,#12793);
#12798=DIRECTION('',(0.E0,0.E0,1.E0));
#12799=VECTOR('',#12798,4.85E-1);
#12800=CARTESIAN_POINT('',(4.4E-1,0.E0,6.65E-1));
#12801=LINE('',#12800,#12799);
#12804=DIRECTION('',(-1.E0,0.E0,0.E0));
#12805=VECTOR('',#12804,1.8E-1);
#12806=CARTESIAN_POINT('',(4.4E-1,0.E0,1.15E0));
#12807=LINE('',#12806,#12805);
#12811=DIRECTION('',(1.E0,0.E0,0.E0));
#12812=VECTOR('',#12811,1.8E-1);
#12813=CARTESIAN_POINT('',(2.6E-1,0.E0,-1.15E0));
#12814=LINE('',#12813,#12812);
#12817=DIRECTION('',(0.E0,0.E0,1.E0));
#12818=VECTOR('',#12817,4.85E-1);
#12819=CARTESIAN_POINT('',(4.4E-1,0.E0,-1.15E0));
#12820=LINE('',#12819,#12818);
#12823=DIRECTION('',(-1.E0,0.E0,0.E0));
#12824=VECTOR('',#12823,1.8E-1);
#12825=CARTESIAN_POINT('',(4.4E-1,0.E0,-6.65E-1));
#12826=LINE('',#12825,#12824);
#12829=DIRECTION('',(0.E0,0.E0,-1.E0));
#12830=VECTOR('',#12829,4.85E-1);
#12831=CARTESIAN_POINT('',(2.6E-1,0.E0,-6.65E-1));
#12832=LINE('',#12831,#12830);
#12836=DIRECTION('',(0.E0,0.E0,-1.E0));
#12837=VECTOR('',#12836,5.35E-1);
#12838=CARTESIAN_POINT('',(-8.4E-1,0.E0,1.035E0));
#12839=LINE('',#12838,#12837);
#12842=DIRECTION('',(1.E0,0.E0,0.E0));
#12843=VECTOR('',#12842,2.3E-1);
#12844=CARTESIAN_POINT('',(-8.4E-1,0.E0,5.E-1));
#12845=LINE('',#12844,#12843);
#12848=DIRECTION('',(0.E0,0.E0,1.E0));
#12849=VECTOR('',#12848,5.35E-1);
#12850=CARTESIAN_POINT('',(-6.1E-1,0.E0,5.E-1));
#12851=LINE('',#12850,#12849);
#12854=DIRECTION('',(-1.E0,0.E0,0.E0));
#12855=VECTOR('',#12854,2.3E-1);
#12856=CARTESIAN_POINT('',(-6.1E-1,0.E0,1.035E0));
#12857=LINE('',#12856,#12855);
#12861=DIRECTION('',(1.E0,0.E0,0.E0));
#12862=VECTOR('',#12861,2.3E-1);
#12863=CARTESIAN_POINT('',(-8.4E-1,0.E0,-1.035E0));
#12864=LINE('',#12863,#12862);
#12867=DIRECTION('',(0.E0,0.E0,1.E0));
#12868=VECTOR('',#12867,5.35E-1);
#12869=CARTESIAN_POINT('',(-6.1E-1,0.E0,-1.035E0));
#12870=LINE('',#12869,#12868);
#12873=DIRECTION('',(-1.E0,0.E0,0.E0));
#12874=VECTOR('',#12873,2.3E-1);
#12875=CARTESIAN_POINT('',(-6.1E-1,0.E0,-5.E-1));
#12876=LINE('',#12875,#12874);
#12879=DIRECTION('',(0.E0,0.E0,-1.E0));
#12880=VECTOR('',#12879,5.35E-1);
#12881=CARTESIAN_POINT('',(-8.4E-1,0.E0,-5.E-1));
#12882=LINE('',#12881,#12880);
#12886=DIRECTION('',(-1.E0,0.E0,0.E0));
#12887=VECTOR('',#12886,2.3E-1);
#12888=CARTESIAN_POINT('',(8.4E-1,0.E0,1.035E0));
#12889=LINE('',#12888,#12887);
#12892=DIRECTION('',(0.E0,0.E0,-1.E0));
#12893=VECTOR('',#12892,5.35E-1);
#12894=CARTESIAN_POINT('',(6.1E-1,0.E0,1.035E0));
#12895=LINE('',#12894,#12893);
#12898=DIRECTION('',(1.E0,0.E0,0.E0));
#12899=VECTOR('',#12898,2.3E-1);
#12900=CARTESIAN_POINT('',(6.1E-1,0.E0,5.E-1));
#12901=LINE('',#12900,#12899);
#12904=DIRECTION('',(0.E0,0.E0,1.E0));
#12905=VECTOR('',#12904,5.35E-1);
#12906=CARTESIAN_POINT('',(8.4E-1,0.E0,5.E-1));
#12907=LINE('',#12906,#12905);
#12911=DIRECTION('',(0.E0,0.E0,1.E0));
#12912=VECTOR('',#12911,5.35E-1);
#12913=CARTESIAN_POINT('',(8.4E-1,0.E0,-1.035E0));
#12914=LINE('',#12913,#12912);
#12917=DIRECTION('',(-1.E0,0.E0,0.E0));
#12918=VECTOR('',#12917,2.3E-1);
#12919=CARTESIAN_POINT('',(8.4E-1,0.E0,-5.E-1));
#12920=LINE('',#12919,#12918);
#12923=DIRECTION('',(0.E0,0.E0,-1.E0));
#12924=VECTOR('',#12923,5.35E-1);
#12925=CARTESIAN_POINT('',(6.1E-1,0.E0,-5.E-1));
#12926=LINE('',#12925,#12924);
#12929=DIRECTION('',(1.E0,0.E0,0.E0));
#12930=VECTOR('',#12929,2.3E-1);
#12931=CARTESIAN_POINT('',(6.1E-1,0.E0,-1.035E0));
#12932=LINE('',#12931,#12930);
#12937=DIMENSIONAL_EXPONENTS(0.E0,0.E0,0.E0,0.E0,0.E0,0.E0,0.E0);
#12939=PLANE_ANGLE_MEASURE_WITH_UNIT(PLANE_ANGLE_MEASURE(1.745329251994E-2),
#12938);
#12940=(CONVERSION_BASED_UNIT('DEGREE',#12939)NAMED_UNIT(*)PLANE_ANGLE_UNIT());
#12942=UNCERTAINTY_MEASURE_WITH_UNIT(LENGTH_MEASURE(3.330031954463E-4),#12936,
'closure',
'Maximum model space distance between geometric entities at asserted connectivities');
#12943=(GEOMETRIC_REPRESENTATION_CONTEXT(3)GLOBAL_UNCERTAINTY_ASSIGNED_CONTEXT((
#12942))GLOBAL_UNIT_ASSIGNED_CONTEXT((#12936,#12940,#12941))REPRESENTATION_CONTEXT('ID1','3'));
#12710=GEOMETRIC_SET('',(#12709,#12735,#12760,#12785,#12810,#12835,#12860,
#12885,#12910,#12935));
#12947=SHAPE_REPRESENTATION_RELATIONSHIP('','',#12946,#12944);
#12948=SHAPE_REPRESENTATION_RELATIONSHIP('','',#12946,#12945);
#12949=APPLICATION_CONTEXT(
'CONFIGURATION CONTROLLED 3D DESIGNS OF MECHANICAL PARTS AND ASSEMBLIES');
#12950=APPLICATION_PROTOCOL_DEFINITION('international standard',
'config_control_design',1994,#12949);
#12951=DESIGN_CONTEXT('',#12949,'design');
#12952=MECHANICAL_CONTEXT('',#12949,'mechanical');
#12953=PRODUCT('5050700622','5050700622','NOT SPECIFIED',(#12952));
#12954=PRODUCT_DEFINITION_FORMATION_WITH_SPECIFIED_SOURCE('8','LAST_VERSION',
#12953,.MADE.);
#12958=PRODUCT_CATEGORY('part','');
#12959=PRODUCT_RELATED_PRODUCT_CATEGORY('detail','',(#12953));
#12960=PRODUCT_CATEGORY_RELATIONSHIP('','',#12958,#12959);
#12961=SECURITY_CLASSIFICATION_LEVEL('unclassified');
#12962=SECURITY_CLASSIFICATION('','',#12961);
#12963=CC_DESIGN_SECURITY_CLASSIFICATION(#12962,(#12954));
#12964=APPROVAL_STATUS('approved');
#12965=APPROVAL(#12964,'');
#12966=CC_DESIGN_APPROVAL(#12965,(#12962,#12954,#12955));
#12967=CALENDAR_DATE(119,10,5);
#12968=COORDINATED_UNIVERSAL_TIME_OFFSET(5,30,.AHEAD.);
#12969=LOCAL_TIME(16,23,1.1E1,#12968);
#12970=DATE_AND_TIME(#12967,#12969);
#12971=APPROVAL_DATE_TIME(#12970,#12965);
#12972=DATE_TIME_ROLE('creation_date');
#12973=CC_DESIGN_DATE_AND_TIME_ASSIGNMENT(#12970,#12972,(#12955));
#12974=DATE_TIME_ROLE('classification_date');
#12975=CC_DESIGN_DATE_AND_TIME_ASSIGNMENT(#12970,#12974,(#12962));
#12976=PERSON('UNSPECIFIED','UNSPECIFIED',$,$,$,$);
#12977=ORGANIZATION('UNSPECIFIED','UNSPECIFIED','UNSPECIFIED');
#12978=PERSON_AND_ORGANIZATION(#12976,#12977);
#12979=APPROVAL_ROLE('approver');
#12980=APPROVAL_PERSON_ORGANIZATION(#12978,#12965,#12979);
#12981=PERSON_AND_ORGANIZATION_ROLE('creator');
#12982=CC_DESIGN_PERSON_AND_ORGANIZATION_ASSIGNMENT(#12978,#12981,(#12954,
#12955));
#12983=PERSON_AND_ORGANIZATION_ROLE('design_supplier');
#12984=CC_DESIGN_PERSON_AND_ORGANIZATION_ASSIGNMENT(#12978,#12983,(#12954));
#12985=PERSON_AND_ORGANIZATION_ROLE('classification_officer');
#12986=CC_DESIGN_PERSON_AND_ORGANIZATION_ASSIGNMENT(#12978,#12985,(#12962));
#12987=PERSON_AND_ORGANIZATION_ROLE('design_owner');
#12988=CC_DESIGN_PERSON_AND_ORGANIZATION_ASSIGNMENT(#12978,#12987,(#12953));
#53=CIRCLE('',#52,5.E-2);
#62=CIRCLE('',#61,2.5E-1);
#71=CIRCLE('',#70,2.5E-1);
#80=CIRCLE('',#79,5.E-2);
#101=CIRCLE('',#100,5.E-2);
#110=CIRCLE('',#109,2.5E-1);
#119=CIRCLE('',#118,2.5E-1);
#128=CIRCLE('',#127,5.E-2);
#253=CIRCLE('',#252,3.E-2);
#262=CIRCLE('',#261,3.E-2);
#287=CIRCLE('',#286,3.E-2);
#296=CIRCLE('',#295,3.E-2);
#333=CIRCLE('',#332,3.E-2);
#342=CIRCLE('',#341,3.E-2);
#367=CIRCLE('',#366,9.E-2);
#400=CIRCLE('',#399,3.E-2);
#433=CIRCLE('',#432,3.E-2);
#442=CIRCLE('',#441,9.E-2);
#463=CIRCLE('',#462,3.E-2);
#472=CIRCLE('',#471,3.E-2);
#489=CIRCLE('',#488,3.E-2);
#498=CIRCLE('',#497,3.E-2);
#507=CIRCLE('',#506,3.E-2);
#516=CIRCLE('',#515,3.E-2);
#533=CIRCLE('',#532,3.E-2);
#542=CIRCLE('',#541,3.E-2);
#559=CIRCLE('',#558,3.E-2);
#568=CIRCLE('',#567,3.E-2);
#577=CIRCLE('',#576,3.E-2);
#586=CIRCLE('',#585,3.E-2);
#599=CIRCLE('',#598,9.E-2);
#604=CIRCLE('',#603,8.3E-2);
#619=B_SPLINE_CURVE_WITH_KNOTS('',3,(#613,#614,#615,#616,#617,#618),
.UNSPECIFIED.,.F.,.F.,(4,1,1,4),(0.E0,3.333333333333E-1,6.666666666667E-1,1.E0),
.UNSPECIFIED.);
#648=CIRCLE('',#647,3.E-2);
#657=CIRCLE('',#656,3.E-2);
#702=CIRCLE('',#701,3.E-2);
#711=CIRCLE('',#710,3.E-2);
#744=CIRCLE('',#743,5.E-2);
#753=CIRCLE('',#752,3.E-2);
#762=CIRCLE('',#761,3.E-2);
#771=CIRCLE('',#770,5.E-2);
#780=CIRCLE('',#779,5.E-2);
#789=CIRCLE('',#788,3.E-2);
#798=CIRCLE('',#797,3.E-2);
#807=CIRCLE('',#806,5.E-2);
#828=CIRCLE('',#827,9.E-2);
#837=CIRCLE('',#836,9.E-2);
#842=CIRCLE('',#841,9.E-2);
#851=CIRCLE('',#850,9.E-2);
#856=CIRCLE('',#855,9.E-2);
#865=CIRCLE('',#864,9.E-2);
#870=CIRCLE('',#869,9.E-2);
#875=CIRCLE('',#874,9.E-2);
#884=B_SPLINE_CURVE_WITH_KNOTS('',3,(#880,#881,#882,#883),.UNSPECIFIED.,.F.,.F.,
(4,4),(0.E0,1.E0),.UNSPECIFIED.);
#889=CIRCLE('',#888,9.E-2);
#894=B_SPLINE_CURVE_WITH_KNOTS('',3,(#890,#891,#892,#893),.UNSPECIFIED.,.F.,.F.,
(4,4),(0.E0,1.E0),.UNSPECIFIED.);
#903=CIRCLE('',#902,9.E-2);
#916=B_SPLINE_CURVE_WITH_KNOTS('',3,(#912,#913,#914,#915),.UNSPECIFIED.,.F.,.F.,
(4,4),(0.E0,1.E0),.UNSPECIFIED.);
#929=B_SPLINE_CURVE_WITH_KNOTS('',3,(#925,#926,#927,#928),.UNSPECIFIED.,.F.,.F.,
(4,4),(0.E0,1.E0),.UNSPECIFIED.);
#1014=CIRCLE('',#1013,9.E-2);
#1019=CIRCLE('',#1018,8.3E-2);
#1036=CIRCLE('',#1035,9.E-2);
#1053=CIRCLE('',#1052,9.E-2);
#1134=CIRCLE('',#1133,5.E-2);
#1163=CIRCLE('',#1162,5.E-2);
#1172=CIRCLE('',#1171,5.E-2);
#1197=CIRCLE('',#1196,5.E-2);
#1202=CIRCLE('',#1201,9.E-2);
#1239=CIRCLE('',#1238,9.E-2);
#1264=CIRCLE('',#1263,3.E-2);
#1281=CIRCLE('',#1280,3.E-2);
#1326=CIRCLE('',#1325,3.E-2);
#1335=CIRCLE('',#1334,3.E-2);
#1360=CIRCLE('',#1359,9.E-2);
#1381=CIRCLE('',#1380,9.E-2);
#1402=CIRCLE('',#1401,9.E-2);
#1483=CIRCLE('',#1482,9.E-2);
#1500=CIRCLE('',#1499,5.E-2);
#1513=CIRCLE('',#1512,5.E-2);
#1526=CIRCLE('',#1525,5.E-2);
#1547=CIRCLE('',#1546,2.5E-1);
#1556=CIRCLE('',#1555,2.5E-1);
#1581=CIRCLE('',#1580,2.5E-1);
#1590=CIRCLE('',#1589,2.5E-1);
#1715=CIRCLE('',#1714,9.E-2);
#1724=CIRCLE('',#1723,8.3E-2);
#1733=CIRCLE('',#1732,9.E-2);
#1850=CIRCLE('',#1849,3.E-2);
#1855=CIRCLE('',#1854,3.E-2);
#1860=CIRCLE('',#1859,9.E-2);
#1873=CIRCLE('',#1872,9.E-2);
#1890=CIRCLE('',#1889,9.E-2);
#1903=CIRCLE('',#1902,8.3E-2);
#1924=CIRCLE('',#1923,8.3E-2);
#2045=CIRCLE('',#2044,8.3E-2);
#2068=B_SPLINE_CURVE_WITH_KNOTS('',3,(#2062,#2063,#2064,#2065,#2066,#2067),
.UNSPECIFIED.,.F.,.F.,(4,1,1,4),(0.E0,3.333333333333E-1,6.666666666667E-1,1.E0),
.UNSPECIFIED.);
#2099=B_SPLINE_CURVE_WITH_KNOTS('',3,(#2093,#2094,#2095,#2096,#2097,#2098),
.UNSPECIFIED.,.F.,.F.,(4,1,1,4),(0.E0,3.333333333333E-1,6.666666666667E-1,1.E0),
.UNSPECIFIED.);
#2108=CIRCLE('',#2107,8.3E-2);
#2145=CIRCLE('',#2144,8.3E-2);
#2166=CIRCLE('',#2165,9.E-2);
#2171=CIRCLE('',#2170,9.E-2);
#2176=CIRCLE('',#2175,9.E-2);
#2181=CIRCLE('',#2180,9.E-2);
#2186=CIRCLE('',#2185,9.E-2);
#2191=CIRCLE('',#2190,9.E-2);
#2196=CIRCLE('',#2195,9.E-2);
#2201=B_SPLINE_CURVE_WITH_KNOTS('',3,(#2197,#2198,#2199,#2200),.UNSPECIFIED.,
.F.,.F.,(4,4),(0.E0,1.E0),.UNSPECIFIED.);
#2206=CIRCLE('',#2205,9.E-2);
#2211=CIRCLE('',#2210,9.E-2);
#2216=CIRCLE('',#2215,9.E-2);
#2221=B_SPLINE_CURVE_WITH_KNOTS('',3,(#2217,#2218,#2219,#2220),.UNSPECIFIED.,
.F.,.F.,(4,4),(0.E0,1.E0),.UNSPECIFIED.);
#2234=B_SPLINE_CURVE_WITH_KNOTS('',3,(#2230,#2231,#2232,#2233),.UNSPECIFIED.,
.F.,.F.,(4,4),(0.E0,1.E0),.UNSPECIFIED.);
#2247=B_SPLINE_CURVE_WITH_KNOTS('',3,(#2243,#2244,#2245,#2246),.UNSPECIFIED.,
.F.,.F.,(4,4),(0.E0,1.E0),.UNSPECIFIED.);
#2412=B_SPLINE_CURVE_WITH_KNOTS('',3,(#2408,#2409,#2410,#2411),.UNSPECIFIED.,
.F.,.F.,(4,4),(0.E0,1.E0),.UNSPECIFIED.);
#2417=B_SPLINE_CURVE_WITH_KNOTS('',3,(#2413,#2414,#2415,#2416),.UNSPECIFIED.,
.F.,.F.,(4,4),(0.E0,1.E0),.UNSPECIFIED.);
#2434=CIRCLE('',#2433,3.E-2);
#2451=CIRCLE('',#2450,3.E-2);
#2548=CIRCLE('',#2547,8.3E-2);
#2561=CIRCLE('',#2560,8.3E-2);
#2584=B_SPLINE_CURVE_WITH_KNOTS('',3,(#2578,#2579,#2580,#2581,#2582,#2583),
.UNSPECIFIED.,.F.,.F.,(4,1,1,4),(0.E0,3.333333333333E-1,6.666666666667E-1,1.E0),
.UNSPECIFIED.);
#2789=B_SPLINE_CURVE_WITH_KNOTS('',3,(#2785,#2786,#2787,#2788),.UNSPECIFIED.,
.F.,.F.,(4,4),(0.E0,1.E0),.UNSPECIFIED.);
#2794=B_SPLINE_CURVE_WITH_KNOTS('',3,(#2790,#2791,#2792,#2793),.UNSPECIFIED.,
.F.,.F.,(4,4),(0.E0,1.E0),.UNSPECIFIED.);
#2811=CIRCLE('',#2810,3.E-2);
#2828=CIRCLE('',#2827,3.E-2);
#2869=CIRCLE('',#2868,5.E-2);
#2886=CIRCLE('',#2885,5.E-2);
#2895=B_SPLINE_CURVE_WITH_KNOTS('',3,(#2887,#2888,#2889,#2890,#2891,#2892,#2893,
#2894),.UNSPECIFIED.,.F.,.F.,(4,1,1,1,1,4),(0.E0,2.5E-1,5.E-1,7.5E-1,8.75E-1,
1.E0),.UNSPECIFIED.);
#2904=B_SPLINE_CURVE_WITH_KNOTS('',3,(#2896,#2897,#2898,#2899,#2900,#2901,#2902,
#2903),.UNSPECIFIED.,.F.,.F.,(4,1,1,1,1,4),(0.E0,1.25E-1,2.5E-1,5.E-1,7.5E-1,
1.E0),.UNSPECIFIED.);
#2909=CIRCLE('',#2908,5.E-2);
#2922=CIRCLE('',#2921,5.E-2);
#2931=B_SPLINE_CURVE_WITH_KNOTS('',3,(#2923,#2924,#2925,#2926,#2927,#2928,#2929,
#2930),.UNSPECIFIED.,.F.,.F.,(4,1,1,1,1,4),(0.E0,2.5E-1,5.E-1,7.5E-1,8.75E-1,
1.E0),.UNSPECIFIED.);
#2940=B_SPLINE_CURVE_WITH_KNOTS('',3,(#2932,#2933,#2934,#2935,#2936,#2937,#2938,
#2939),.UNSPECIFIED.,.F.,.F.,(4,1,1,1,1,4),(0.E0,1.25E-1,2.5E-1,5.E-1,7.5E-1,
1.E0),.UNSPECIFIED.);
#3021=CIRCLE('',#3020,8.3E-2);
#3030=CIRCLE('',#3029,8.3E-2);
#3055=CIRCLE('',#3054,9.E-2);
#3064=CIRCLE('',#3063,9.E-2);
#3273=CIRCLE('',#3272,4.E-2);
#3278=CIRCLE('',#3277,4.E-2);
#3283=CIRCLE('',#3282,4.E-2);
#3292=CIRCLE('',#3291,4.E-2);
#3297=CIRCLE('',#3296,4.E-2);
#3302=CIRCLE('',#3301,4.E-2);
#3307=CIRCLE('',#3306,4.E-2);
#3316=CIRCLE('',#3315,4.E-2);
#3321=CIRCLE('',#3320,4.E-2);
#3330=CIRCLE('',#3329,4.E-2);
#3335=CIRCLE('',#3334,4.E-2);
#3340=CIRCLE('',#3339,4.E-2);
#3345=CIRCLE('',#3344,4.E-2);
#3350=CIRCLE('',#3349,4.E-2);
#3639=CIRCLE('',#3638,2.E-2);
#3656=CIRCLE('',#3655,2.E-2);
#3669=CIRCLE('',#3668,2.E-2);
#3686=CIRCLE('',#3685,2.E-2);
#3703=CIRCLE('',#3702,2.E-2);
#3720=CIRCLE('',#3719,2.E-2);
#3733=CIRCLE('',#3732,2.E-2);
#3750=CIRCLE('',#3749,2.E-2);
#3803=CIRCLE('',#3802,2.E-2);
#3820=CIRCLE('',#3819,2.E-2);
#3833=CIRCLE('',#3832,2.E-2);
#3850=CIRCLE('',#3849,2.E-2);
#3867=CIRCLE('',#3866,2.E-2);
#3884=CIRCLE('',#3883,2.E-2);
#3897=CIRCLE('',#3896,2.E-2);
#3914=CIRCLE('',#3913,2.E-2);
#3967=CIRCLE('',#3966,2.E-2);
#3984=CIRCLE('',#3983,2.E-2);
#3997=CIRCLE('',#3996,2.E-2);
#4014=CIRCLE('',#4013,2.E-2);
#4031=CIRCLE('',#4030,2.E-2);
#4048=CIRCLE('',#4047,2.E-2);
#4061=CIRCLE('',#4060,2.E-2);
#4078=CIRCLE('',#4077,2.E-2);
#4127=CIRCLE('',#4126,4.E-2);
#4132=CIRCLE('',#4131,4.E-2);
#4141=CIRCLE('',#4140,4.E-2);
#4146=CIRCLE('',#4145,4.E-2);
#4151=CIRCLE('',#4150,4.E-2);
#4156=CIRCLE('',#4155,4.E-2);
#4165=CIRCLE('',#4164,4.E-2);
#4170=CIRCLE('',#4169,4.E-2);
#4175=CIRCLE('',#4174,4.E-2);
#4184=CIRCLE('',#4183,4.E-2);
#4189=CIRCLE('',#4188,4.E-2);
#4194=CIRCLE('',#4193,4.E-2);
#4199=CIRCLE('',#4198,4.E-2);
#4204=CIRCLE('',#4203,4.E-2);
#4357=CIRCLE('',#4356,9.E-2);
#4390=CIRCLE('',#4389,9.E-2);
#4591=CIRCLE('',#4590,3.E-2);
#4596=CIRCLE('',#4595,3.E-2);
#4601=CIRCLE('',#4600,9.E-2);
#4614=CIRCLE('',#4613,3.E-2);
#4619=CIRCLE('',#4618,3.E-2);
#4624=CIRCLE('',#4623,9.E-2);
#4645=CIRCLE('',#4644,3.E-2);
#4650=CIRCLE('',#4649,3.E-2);
#4655=CIRCLE('',#4654,9.E-2);
#4676=CIRCLE('',#4675,5.E-2);
#6150=EDGE_CURVE('',#5124,#5119,#4,.T.);
#6152=EDGE_CURVE('',#5171,#5124,#8,.T.);
#6154=EDGE_CURVE('',#5164,#5171,#12,.T.);
#6156=EDGE_CURVE('',#5164,#4756,#16,.T.);
#6158=EDGE_CURVE('',#4755,#4756,#20,.T.);
#6160=EDGE_CURVE('',#4755,#5119,#24,.T.);
#6170=EDGE_CURVE('',#5132,#5127,#28,.T.);
#6172=EDGE_CURVE('',#5132,#4759,#32,.T.);
#6174=EDGE_CURVE('',#4759,#4760,#36,.T.);
#6176=EDGE_CURVE('',#4760,#5159,#40,.T.);
#6178=EDGE_CURVE('',#5159,#5142,#44,.T.);
#6180=EDGE_CURVE('',#5127,#5142,#48,.T.);
#6190=EDGE_CURVE('',#5119,#5120,#101,.T.);
#6192=EDGE_CURVE('',#5122,#5120,#1184,.T.);
#6194=EDGE_CURVE('',#5122,#5124,#1163,.T.);
#6205=EDGE_CURVE('',#5103,#5104,#53,.T.);
#6207=EDGE_CURVE('',#5103,#4947,#1630,.T.);
#6209=EDGE_CURVE('',#4947,#4954,#57,.T.);
#6211=EDGE_CURVE('',#4954,#4956,#62,.T.);
#6213=EDGE_CURVE('',#4956,#4958,#66,.T.);
#6215=EDGE_CURVE('',#4958,#4960,#71,.T.);
#6217=EDGE_CURVE('',#4951,#4960,#75,.T.);
#6219=EDGE_CURVE('',#4951,#5116,#1638,.T.);
#6221=EDGE_CURVE('',#5114,#5116,#80,.T.);
#6223=EDGE_CURVE('',#5114,#5000,#84,.T.);
#6225=EDGE_CURVE('',#4999,#5000,#88,.T.);
#6227=EDGE_CURVE('',#6023,#4999,#3590,.T.);
#6229=EDGE_CURVE('',#6023,#6000,#4052,.T.);
#6231=EDGE_CURVE('',#5976,#6000,#4122,.T.);
#6233=EDGE_CURVE('',#6015,#5976,#3992,.T.);
#6235=EDGE_CURVE('',#5959,#6015,#3574,.T.);
#6237=EDGE_CURVE('',#5959,#5936,#3888,.T.);
#6239=EDGE_CURVE('',#5912,#5936,#3958,.T.);
#6241=EDGE_CURVE('',#5951,#5912,#3828,.T.);
#6243=EDGE_CURVE('',#4862,#5951,#3558,.T.);
#6245=EDGE_CURVE('',#4862,#4839,#3724,.T.);
#6247=EDGE_CURVE('',#4815,#4839,#3794,.T.);
#6249=EDGE_CURVE('',#4854,#4815,#3664,.T.);
#6251=EDGE_CURVE('',#4996,#4854,#3542,.T.);
#6253=EDGE_CURVE('',#4995,#4996,#92,.T.);
#6255=EDGE_CURVE('',#5120,#4995,#96,.T.);
#6259=EDGE_CURVE('',#4755,#4762,#105,.T.);
#6261=EDGE_CURVE('',#4762,#4764,#110,.T.);
#6263=EDGE_CURVE('',#4764,#4766,#114,.T.);
#6265=EDGE_CURVE('',#4766,#4768,#119,.T.);
#6267=EDGE_CURVE('',#4759,#4768,#123,.T.);
#6270=EDGE_CURVE('',#5130,#5132,#128,.T.);
#6272=EDGE_CURVE('',#5130,#5002,#132,.T.);
#6274=EDGE_CURVE('',#4988,#5002,#136,.T.);
#6276=EDGE_CURVE('',#4988,#4852,#140,.T.);
#6278=EDGE_CURVE('',#4812,#4852,#3660,.T.);
#6280=EDGE_CURVE('',#4812,#4836,#144,.T.);
#6282=EDGE_CURVE('',#4836,#4860,#3698,.T.);
#6284=EDGE_CURVE('',#4860,#5949,#148,.T.);
#6286=EDGE_CURVE('',#5909,#5949,#3824,.T.);
#6288=EDGE_CURVE('',#5909,#5933,#152,.T.);
#6290=EDGE_CURVE('',#5933,#5957,#3862,.T.);
#6292=EDGE_CURVE('',#5957,#6013,#156,.T.);
#6294=EDGE_CURVE('',#5973,#6013,#3988,.T.);
#6296=EDGE_CURVE('',#5973,#5997,#160,.T.);
#6298=EDGE_CURVE('',#5997,#6021,#4026,.T.);
#6300=EDGE_CURVE('',#6021,#4992,#164,.T.);
#6302=EDGE_CURVE('',#5004,#4992,#168,.T.);
#6304=EDGE_CURVE('',#5104,#5004,#172,.T.);
#6315=EDGE_CURVE('',#5106,#5104,#184,.T.);
#6317=EDGE_CURVE('',#5106,#5108,#1513,.T.);
#6319=EDGE_CURVE('',#5108,#5103,#1610,.T.);
#6329=EDGE_CURVE('',#5191,#5219,#176,.T.);
#6331=EDGE_CURVE('',#4904,#5191,#180,.T.);
#6333=EDGE_CURVE('',#5106,#4904,#1504,.T.);
#6337=EDGE_CURVE('',#5068,#5004,#1698,.T.);
#6339=EDGE_CURVE('',#5068,#5219,#188,.T.);
#6349=EDGE_CURVE('',#5406,#5407,#192,.T.);
#6351=EDGE_CURVE('',#5407,#5191,#196,.T.);
#6354=EDGE_CURVE('',#5219,#5406,#200,.T.);
#6364=EDGE_CURVE('',#5426,#5427,#204,.T.);
#6366=EDGE_CURVE('',#5427,#5239,#208,.T.);
#6368=EDGE_CURVE('',#5239,#5268,#1138,.T.);
#6370=EDGE_CURVE('',#5268,#5426,#212,.T.);
#6380=EDGE_CURVE('',#5469,#5471,#216,.T.);
#6382=EDGE_CURVE('',#5469,#5203,#220,.T.);
#6384=EDGE_CURVE('',#5200,#5203,#1674,.T.);
#6386=EDGE_CURVE('',#5200,#5471,#224,.T.);
#6396=EDGE_CURVE('',#5489,#5491,#228,.T.);
#6398=EDGE_CURVE('',#5489,#5259,#232,.T.);
#6400=EDGE_CURVE('',#5259,#5255,#1176,.T.);
#6402=EDGE_CURVE('',#5255,#5491,#236,.T.);
#6412=EDGE_CURVE('',#5662,#5663,#240,.T.);
#6414=EDGE_CURVE('',#5662,#5256,#244,.T.);
#6416=EDGE_CURVE('',#5359,#5256,#2960,.T.);
#6418=EDGE_CURVE('',#5252,#5359,#2952,.T.);
#6420=EDGE_CURVE('',#5252,#5236,#248,.T.);
#6422=EDGE_CURVE('',#5236,#5663,#253,.T.);
#6432=EDGE_CURVE('',#5666,#5667,#257,.T.);
#6434=EDGE_CURVE('',#5666,#5186,#262,.T.);
#6436=EDGE_CURVE('',#5186,#5207,#266,.T.);
#6438=EDGE_CURVE('',#5363,#5207,#823,.T.);
#6440=EDGE_CURVE('',#5204,#5363,#811,.T.);
#6442=EDGE_CURVE('',#5204,#5667,#270,.T.);
#6452=EDGE_CURVE('',#5670,#5671,#274,.T.);
#6454=EDGE_CURVE('',#5670,#5220,#278,.T.);
#6456=EDGE_CURVE('',#5361,#5220,#2527,.T.);
#6458=EDGE_CURVE('',#5216,#5361,#2519,.T.);
#6460=EDGE_CURVE('',#5216,#5188,#282,.T.);
#6462=EDGE_CURVE('',#5188,#5671,#287,.T.);
#6472=EDGE_CURVE('',#5674,#5675,#291,.T.);
#6474=EDGE_CURVE('',#5674,#5234,#296,.T.);
#6476=EDGE_CURVE('',#5234,#5243,#300,.T.);
#6478=EDGE_CURVE('',#5357,#5243,#2161,.T.);
#6480=EDGE_CURVE('',#5240,#5357,#2149,.T.);
#6482=EDGE_CURVE('',#5240,#5675,#304,.T.);
#6492=EDGE_CURVE('',#5571,#5566,#308,.T.);
#6494=EDGE_CURVE('',#5571,#5422,#312,.T.);
#6496=EDGE_CURVE('',#5422,#5423,#316,.T.);
#6498=EDGE_CURVE('',#5423,#5427,#320,.T.);
#6501=EDGE_CURVE('',#5426,#5418,#324,.T.);
#6503=EDGE_CURVE('',#5418,#5419,#328,.T.);
#6505=EDGE_CURVE('',#5419,#5566,#333,.T.);
#6515=EDGE_CURVE('',#5579,#5574,#337,.T.);
#6517=EDGE_CURVE('',#5579,#5402,#342,.T.);
#6519=EDGE_CURVE('',#5402,#5403,#346,.T.);
#6521=EDGE_CURVE('',#5403,#5407,#350,.T.);
#6524=EDGE_CURVE('',#5406,#5398,#354,.T.);
#6526=EDGE_CURVE('',#5398,#5399,#358,.T.);
#6528=EDGE_CURVE('',#5399,#5574,#362,.T.);
#6538=EDGE_CURVE('',#5566,#5567,#367,.T.);
#6540=EDGE_CURVE('',#5569,#5567,#1757,.T.);
#6542=EDGE_CURVE('',#5569,#5571,#4655,.T.);
#6554=EDGE_CURVE('',#5551,#5566,#371,.T.);
#6556=EDGE_CURVE('',#5555,#5551,#4650,.T.);
#6558=EDGE_CURVE('',#5511,#5555,#1845,.T.);
#6560=EDGE_CURVE('',#5495,#5511,#375,.T.);
#6562=EDGE_CURVE('',#5495,#5567,#379,.T.);
#6573=EDGE_CURVE('',#5411,#5419,#383,.T.);
#6575=EDGE_CURVE('',#5411,#5551,#433,.T.);
#6586=EDGE_CURVE('',#5410,#5411,#437,.T.);
#6590=EDGE_CURVE('',#5410,#5418,#387,.T.);
#6600=EDGE_CURVE('',#5601,#5599,#391,.T.);
#6602=EDGE_CURVE('',#5395,#5599,#450,.T.);
#6604=EDGE_CURVE('',#5394,#5395,#395,.T.);
#6606=EDGE_CURVE('',#5542,#5394,#400,.T.);
#6608=EDGE_CURVE('',#5542,#5543,#404,.T.);
#6610=EDGE_CURVE('',#5391,#5543,#408,.T.);
#6612=EDGE_CURVE('',#5390,#5391,#412,.T.);
#6614=EDGE_CURVE('',#5601,#5390,#1719,.T.);
#6624=EDGE_CURVE('',#5609,#5607,#416,.T.);
#6626=EDGE_CURVE('',#5415,#5607,#1031,.T.);
#6628=EDGE_CURVE('',#5414,#5415,#420,.T.);
#6630=EDGE_CURVE('',#5550,#5414,#424,.T.);
#6632=EDGE_CURVE('',#5550,#5551,#428,.T.);
#6636=EDGE_CURVE('',#5609,#5410,#1040,.T.);
#6646=EDGE_CURVE('',#5598,#5599,#442,.T.);
#6649=EDGE_CURVE('',#5601,#5603,#1715,.T.);
#6651=EDGE_CURVE('',#5603,#5598,#476,.T.);
#6662=EDGE_CURVE('',#5192,#5598,#454,.T.);
#6664=EDGE_CURVE('',#5191,#5192,#748,.T.);
#6668=EDGE_CURVE('',#5395,#5403,#446,.T.);
#6679=EDGE_CURVE('',#5598,#5595,#472,.T.);
#6681=EDGE_CURVE('',#5194,#5595,#1491,.T.);
#6683=EDGE_CURVE('',#5194,#5192,#753,.T.);
#6694=EDGE_CURVE('',#5587,#5582,#458,.T.);
#6696=EDGE_CURVE('',#5590,#5587,#463,.T.);
#6698=EDGE_CURVE('',#5595,#5590,#467,.T.);
#6702=EDGE_CURVE('',#5639,#5603,#480,.T.);
#6704=EDGE_CURVE('',#5692,#5639,#484,.T.);
#6706=EDGE_CURVE('',#5184,#5692,#489,.T.);
#6708=EDGE_CURVE('',#5182,#5184,#493,.T.);
#6710=EDGE_CURVE('',#5180,#5182,#498,.T.);
#6712=EDGE_CURVE('',#5178,#5180,#502,.T.);
#6714=EDGE_CURVE('',#5176,#5178,#507,.T.);
#6716=EDGE_CURVE('',#5175,#5176,#511,.T.);
#6718=EDGE_CURVE('',#5693,#5175,#516,.T.);
#6720=EDGE_CURVE('',#5637,#5693,#520,.T.);
#6722=EDGE_CURVE('',#5582,#5637,#524,.T.);
#6732=EDGE_CURVE('',#5611,#5606,#528,.T.);
#6734=EDGE_CURVE('',#5614,#5611,#533,.T.);
#6736=EDGE_CURVE('',#5619,#5614,#537,.T.);
#6738=EDGE_CURVE('',#5622,#5619,#542,.T.);
#6740=EDGE_CURVE('',#5627,#5622,#546,.T.);
#6742=EDGE_CURVE('',#5643,#5627,#550,.T.);
#6744=EDGE_CURVE('',#5717,#5643,#554,.T.);
#6746=EDGE_CURVE('',#5232,#5717,#559,.T.);
#6748=EDGE_CURVE('',#5230,#5232,#563,.T.);
#6750=EDGE_CURVE('',#5228,#5230,#568,.T.);
#6752=EDGE_CURVE('',#5226,#5228,#572,.T.);
#6754=EDGE_CURVE('',#5224,#5226,#577,.T.);
#6756=EDGE_CURVE('',#5223,#5224,#581,.T.);
#6758=EDGE_CURVE('',#5701,#5223,#586,.T.);
#6760=EDGE_CURVE('',#5641,#5701,#590,.T.);
#6762=EDGE_CURVE('',#5606,#5641,#594,.T.);
#6772=EDGE_CURVE('',#5582,#5583,#599,.T.);
#6774=EDGE_CURVE('',#5585,#5583,#1247,.T.);
#6776=EDGE_CURVE('',#5585,#5587,#1381,.T.);
#6789=EDGE_CURVE('',#5700,#5637,#604,.T.);
#6791=EDGE_CURVE('',#5650,#5700,#2992,.T.);
#6793=EDGE_CURVE('',#5667,#5650,#608,.T.);
#6796=EDGE_CURVE('',#5203,#5204,#631,.T.);
#6799=EDGE_CURVE('',#5469,#5462,#1313,.T.);
#6801=EDGE_CURVE('',#5454,#5462,#1297,.T.);
#6803=EDGE_CURVE('',#5454,#5583,#612,.T.);
#6813=EDGE_CURVE('',#5693,#5694,#619,.T.);
#6815=EDGE_CURVE('',#5694,#5696,#3030,.T.);
#6817=EDGE_CURVE('',#5698,#5696,#3038,.T.);
#6819=EDGE_CURVE('',#5698,#5700,#3021,.T.);
#6833=EDGE_CURVE('',#5186,#5175,#627,.T.);
#6836=EDGE_CURVE('',#5666,#5694,#623,.T.);
#6846=EDGE_CURVE('',#5207,#5208,#643,.T.);
#6851=EDGE_CURVE('',#5208,#5176,#2604,.T.);
#6862=EDGE_CURVE('',#5300,#5204,#635,.T.);
#6864=EDGE_CURVE('',#5300,#5064,#639,.T.);
#6866=EDGE_CURVE('',#5064,#5203,#1678,.T.);
#6877=EDGE_CURVE('',#5210,#5208,#648,.T.);
#6879=EDGE_CURVE('',#5210,#5212,#652,.T.);
#6881=EDGE_CURVE('',#5214,#5212,#657,.T.);
#6883=EDGE_CURVE('',#5214,#5216,#661,.T.);
#6885=EDGE_CURVE('',#5365,#5216,#665,.T.);
#6887=EDGE_CURVE('',#5348,#5365,#2242,.T.);
#6889=EDGE_CURVE('',#5347,#5348,#669,.T.);
#6891=EDGE_CURVE('',#5367,#5347,#920,.T.);
#6893=EDGE_CURVE('',#5207,#5367,#673,.T.);
#6903=EDGE_CURVE('',#5219,#5220,#677,.T.);
#6906=EDGE_CURVE('',#5068,#5283,#681,.T.);
#6908=EDGE_CURVE('',#5220,#5283,#685,.T.);
#6918=EDGE_CURVE('',#5239,#5240,#689,.T.);
#6920=EDGE_CURVE('',#5316,#5240,#693,.T.);
#6922=EDGE_CURVE('',#5066,#5316,#993,.T.);
#6924=EDGE_CURVE('',#5066,#5239,#1142,.T.);
#6934=EDGE_CURVE('',#5243,#5244,#697,.T.);
#6936=EDGE_CURVE('',#5246,#5244,#702,.T.);
#6938=EDGE_CURVE('',#5246,#5248,#706,.T.);
#6940=EDGE_CURVE('',#5250,#5248,#711,.T.);
#6942=EDGE_CURVE('',#5250,#5252,#715,.T.);
#6944=EDGE_CURVE('',#5371,#5252,#719,.T.);
#6946=EDGE_CURVE('',#5340,#5371,#911,.T.);
#6948=EDGE_CURVE('',#5339,#5340,#723,.T.);
#6950=EDGE_CURVE('',#5369,#5339,#2225,.T.);
#6952=EDGE_CURVE('',#5243,#5369,#727,.T.);
#6962=EDGE_CURVE('',#5255,#5256,#731,.T.);
#6964=EDGE_CURVE('',#5062,#5255,#1188,.T.);
#6966=EDGE_CURVE('',#5331,#5062,#1001,.T.);
#6968=EDGE_CURVE('',#5256,#5331,#735,.T.);
#6978=EDGE_CURVE('',#5385,#5194,#739,.T.);
#6980=EDGE_CURVE('',#5191,#5385,#744,.T.);
#6992=EDGE_CURVE('',#5387,#5198,#757,.T.);
#6994=EDGE_CURVE('',#5197,#5198,#762,.T.);
#6996=EDGE_CURVE('',#5200,#5197,#766,.T.);
#6998=EDGE_CURVE('',#5387,#5200,#771,.T.);
#7008=EDGE_CURVE('',#5449,#5262,#775,.T.);
#7010=EDGE_CURVE('',#5259,#5449,#780,.T.);
#7012=EDGE_CURVE('',#5259,#5260,#784,.T.);
#7014=EDGE_CURVE('',#5262,#5260,#789,.T.);
#7024=EDGE_CURVE('',#5451,#5266,#793,.T.);
#7026=EDGE_CURVE('',#5265,#5266,#798,.T.);
#7028=EDGE_CURVE('',#5268,#5265,#802,.T.);
#7030=EDGE_CURVE('',#5451,#5268,#807,.T.);
#7041=EDGE_CURVE('',#5290,#5363,#815,.T.);
#7043=EDGE_CURVE('',#5292,#5290,#3042,.T.);
#7045=EDGE_CURVE('',#5292,#6141,#3004,.T.);
#7047=EDGE_CURVE('',#6141,#5300,#819,.T.);
#7060=EDGE_CURVE('',#5367,#5287,#929,.T.);
#7062=EDGE_CURVE('',#5287,#5288,#2403,.T.);
#7064=EDGE_CURVE('',#5290,#5288,#3050,.T.);
#7075=EDGE_CURVE('',#6044,#6045,#828,.T.);
#7077=EDGE_CURVE('',#4928,#6045,#832,.T.);
#7079=EDGE_CURVE('',#4927,#4928,#837,.T.);
#7081=EDGE_CURVE('',#4927,#6044,#981,.T.);
#7091=EDGE_CURVE('',#6076,#6077,#842,.T.);
#7093=EDGE_CURVE('',#6049,#6077,#846,.T.);
#7095=EDGE_CURVE('',#6048,#6049,#851,.T.);
#7097=EDGE_CURVE('',#6048,#6076,#977,.T.);
#7107=EDGE_CURVE('',#6108,#6109,#856,.T.);
#7109=EDGE_CURVE('',#6081,#6109,#860,.T.);
#7111=EDGE_CURVE('',#6080,#6081,#865,.T.);
#7113=EDGE_CURVE('',#6080,#6108,#973,.T.);
#7123=EDGE_CURVE('',#5056,#5332,#870,.T.);
#7125=EDGE_CURVE('',#5056,#4923,#985,.T.);
#7127=EDGE_CURVE('',#4923,#4924,#875,.T.);
#7129=EDGE_CURVE('',#5327,#4924,#879,.T.);
#7131=EDGE_CURVE('',#5332,#5327,#884,.T.);
#7141=EDGE_CURVE('',#5060,#5299,#889,.T.);
#7143=EDGE_CURVE('',#5296,#5299,#894,.T.);
#7145=EDGE_CURVE('',#6113,#5296,#898,.T.);
#7147=EDGE_CURVE('',#6112,#6113,#903,.T.);
#7149=EDGE_CURVE('',#6112,#5060,#969,.T.);
#7159=EDGE_CURVE('',#5320,#5351,#907,.T.);
#7161=EDGE_CURVE('',#5340,#5351,#2794,.T.);
#7164=EDGE_CURVE('',#5320,#5371,#916,.T.);
#7175=EDGE_CURVE('',#5353,#5347,#2412,.T.);
#7177=EDGE_CURVE('',#5353,#5287,#924,.T.);
#7189=EDGE_CURVE('',#6044,#6028,#933,.T.);
#7191=EDGE_CURVE('',#6028,#6029,#937,.T.);
#7193=EDGE_CURVE('',#6029,#6045,#941,.T.);
#7203=EDGE_CURVE('',#6052,#6053,#2166,.T.);
#7205=EDGE_CURVE('',#6052,#6032,#945,.T.);
#7207=EDGE_CURVE('',#6032,#6033,#949,.T.);
#7209=EDGE_CURVE('',#6033,#6053,#953,.T.);
#7219=EDGE_CURVE('',#5055,#5056,#957,.T.);
#7221=EDGE_CURVE('',#5055,#5059,#961,.T.);
#7223=EDGE_CURVE('',#5059,#5060,#965,.T.);
#7226=EDGE_CURVE('',#6112,#6100,#2632,.T.);
#7228=EDGE_CURVE('',#6092,#6100,#2648,.T.);
#7230=EDGE_CURVE('',#6108,#6092,#2652,.T.);
#7233=EDGE_CURVE('',#6080,#6068,#2688,.T.);
#7235=EDGE_CURVE('',#6060,#6068,#2704,.T.);
#7237=EDGE_CURVE('',#6076,#6060,#2708,.T.);
#7240=EDGE_CURVE('',#6048,#6036,#2744,.T.);
#7242=EDGE_CURVE('',#6028,#6036,#2760,.T.);
#7246=EDGE_CURVE('',#4927,#4915,#2331,.T.);
#7248=EDGE_CURVE('',#4907,#4915,#2319,.T.);
#7250=EDGE_CURVE('',#4923,#4907,#2295,.T.);
#7261=EDGE_CURVE('',#5315,#5316,#989,.T.);
#7263=EDGE_CURVE('',#5315,#5047,#2196,.T.);
#7265=EDGE_CURVE('',#5047,#5048,#2251,.T.);
#7267=EDGE_CURVE('',#5048,#5011,#3055,.T.);
#7269=EDGE_CURVE('',#5011,#5012,#3104,.T.);
#7271=EDGE_CURVE('',#5012,#5018,#3200,.T.);
#7273=EDGE_CURVE('',#5018,#5022,#3248,.T.);
#7275=EDGE_CURVE('',#5022,#4987,#3321,.T.);
#7277=EDGE_CURVE('',#4987,#4988,#3398,.T.);
#7280=EDGE_CURVE('',#5066,#5002,#1146,.T.);
#7291=EDGE_CURVE('',#5331,#5332,#997,.T.);
#7294=EDGE_CURVE('',#5062,#4995,#1005,.T.);
#7297=EDGE_CURVE('',#4996,#5006,#3538,.T.);
#7299=EDGE_CURVE('',#5006,#5026,#4175,.T.);
#7301=EDGE_CURVE('',#5026,#5030,#4236,.T.);
#7303=EDGE_CURVE('',#5030,#5034,#4284,.T.);
#7305=EDGE_CURVE('',#5034,#5038,#4332,.T.);
#7307=EDGE_CURVE('',#5038,#5055,#4357,.T.);
#7319=EDGE_CURVE('',#5654,#5708,#1009,.T.);
#7321=EDGE_CURVE('',#5311,#5708,#2140,.T.);
#7323=EDGE_CURVE('',#5311,#5312,#2499,.T.);
#7325=EDGE_CURVE('',#5312,#5315,#2201,.T.);
#7328=EDGE_CURVE('',#5355,#5316,#2157,.T.);
#7330=EDGE_CURVE('',#5654,#5355,#2124,.T.);
#7340=EDGE_CURVE('',#5606,#5607,#1014,.T.);
#7343=EDGE_CURVE('',#5708,#5641,#1019,.T.);
#7346=EDGE_CURVE('',#5675,#5654,#1023,.T.);
#7352=EDGE_CURVE('',#5415,#5423,#1027,.T.);
#7365=EDGE_CURVE('',#5609,#5611,#1036,.T.);
#7382=EDGE_CURVE('',#5265,#5611,#1044,.T.);
#7395=EDGE_CURVE('',#5266,#5614,#1048,.T.);
#7405=EDGE_CURVE('',#5614,#5615,#1053,.T.);
#7409=EDGE_CURVE('',#5451,#5445,#1129,.T.);
#7411=EDGE_CURVE('',#5434,#5445,#1085,.T.);
#7413=EDGE_CURVE('',#5434,#5615,#1057,.T.);
#7424=EDGE_CURVE('',#5617,#5615,#1061,.T.);
#7426=EDGE_CURVE('',#5617,#5619,#1202,.T.);
#7439=EDGE_CURVE('',#5434,#5435,#1065,.T.);
#7441=EDGE_CURVE('',#5435,#5437,#1069,.T.);
#7443=EDGE_CURVE('',#5437,#5439,#1073,.T.);
#7445=EDGE_CURVE('',#5439,#5441,#1077,.T.);
#7447=EDGE_CURVE('',#5441,#5443,#1081,.T.);
#7449=EDGE_CURVE('',#5617,#5443,#1206,.T.);
#7460=EDGE_CURVE('',#5445,#6133,#1089,.T.);
#7462=EDGE_CURVE('',#5435,#6133,#1230,.T.);
#7474=EDGE_CURVE('',#5445,#5136,#1093,.T.);
#7476=EDGE_CURVE('',#5136,#5146,#1097,.T.);
#7478=EDGE_CURVE('',#5146,#5160,#1101,.T.);
#7480=EDGE_CURVE('',#5160,#5162,#1602,.T.);
#7482=EDGE_CURVE('',#5172,#5162,#4704,.T.);
#7484=EDGE_CURVE('',#5172,#5139,#1105,.T.);
#7486=EDGE_CURVE('',#5139,#5447,#1109,.T.);
#7488=EDGE_CURVE('',#5447,#6139,#1113,.T.);
#7490=EDGE_CURVE('',#6137,#6139,#1117,.T.);
#7492=EDGE_CURVE('',#6135,#6137,#1121,.T.);
#7494=EDGE_CURVE('',#6133,#6135,#1125,.T.);
#7506=EDGE_CURVE('',#5268,#5135,#1154,.T.);
#7508=EDGE_CURVE('',#5135,#5136,#1134,.T.);
#7523=EDGE_CURVE('',#5130,#5128,#1150,.T.);
#7525=EDGE_CURVE('',#5135,#5128,#1167,.T.);
#7536=EDGE_CURVE('',#5127,#5128,#1172,.T.);
#7549=EDGE_CURVE('',#5122,#5140,#1158,.T.);
#7551=EDGE_CURVE('',#5139,#5140,#1197,.T.);
#7554=EDGE_CURVE('',#5171,#5172,#4700,.T.);
#7571=EDGE_CURVE('',#5142,#5146,#4680,.T.);
#7582=EDGE_CURVE('',#5140,#5259,#1180,.T.);
#7597=EDGE_CURVE('',#5449,#5447,#1192,.T.);
#7613=EDGE_CURVE('',#5443,#5447,#1210,.T.);
#7617=EDGE_CURVE('',#5262,#5619,#1214,.T.);
#7629=EDGE_CURVE('',#5441,#6139,#1218,.T.);
#7643=EDGE_CURVE('',#5439,#6137,#1222,.T.);
#7656=EDGE_CURVE('',#5437,#6135,#1226,.T.);
#7681=EDGE_CURVE('',#5260,#5622,#1234,.T.);
#7691=EDGE_CURVE('',#5622,#5623,#1239,.T.);
#7696=EDGE_CURVE('',#5489,#5482,#1343,.T.);
#7698=EDGE_CURVE('',#5474,#5482,#4586,.T.);
#7700=EDGE_CURVE('',#5474,#5623,#1243,.T.);
#7711=EDGE_CURVE('',#5625,#5623,#1272,.T.);
#7713=EDGE_CURVE('',#5625,#5627,#1890,.T.);
#7726=EDGE_CURVE('',#5454,#5455,#1251,.T.);
#7728=EDGE_CURVE('',#5455,#5534,#1255,.T.);
#7730=EDGE_CURVE('',#5534,#5535,#1259,.T.);
#7732=EDGE_CURVE('',#5535,#5458,#1264,.T.);
#7734=EDGE_CURVE('',#5458,#5459,#1268,.T.);
#7736=EDGE_CURVE('',#5585,#5459,#1385,.T.);
#7748=EDGE_CURVE('',#5474,#5475,#1276,.T.);
#7750=EDGE_CURVE('',#5475,#5526,#1281,.T.);
#7752=EDGE_CURVE('',#5526,#5527,#1285,.T.);
#7754=EDGE_CURVE('',#5527,#5478,#1289,.T.);
#7756=EDGE_CURVE('',#5478,#5479,#1293,.T.);
#7758=EDGE_CURVE('',#5625,#5479,#1894,.T.);
#7770=EDGE_CURVE('',#5462,#5463,#1309,.T.);
#7772=EDGE_CURVE('',#5455,#5463,#4609,.T.);
#7782=EDGE_CURVE('',#5563,#5558,#1301,.T.);
#7784=EDGE_CURVE('',#5463,#5563,#1305,.T.);
#7789=EDGE_CURVE('',#5467,#5471,#1317,.T.);
#7791=EDGE_CURVE('',#5466,#5467,#1321,.T.);
#7793=EDGE_CURVE('',#5558,#5466,#1326,.T.);
#7803=EDGE_CURVE('',#5635,#5630,#1330,.T.);
#7805=EDGE_CURVE('',#5483,#5635,#1335,.T.);
#7807=EDGE_CURVE('',#5482,#5483,#1339,.T.);
#7811=EDGE_CURVE('',#5487,#5491,#1347,.T.);
#7813=EDGE_CURVE('',#5486,#5487,#1351,.T.);
#7815=EDGE_CURVE('',#5630,#5486,#1355,.T.);
#7825=EDGE_CURVE('',#5558,#5559,#1360,.T.);
#7827=EDGE_CURVE('',#5561,#5559,#1749,.T.);
#7829=EDGE_CURVE('',#5561,#5563,#4601,.T.);
#7841=EDGE_CURVE('',#5535,#5558,#1372,.T.);
#7843=EDGE_CURVE('',#5539,#5535,#4596,.T.);
#7845=EDGE_CURVE('',#5523,#5539,#1813,.T.);
#7847=EDGE_CURVE('',#5507,#5523,#1364,.T.);
#7849=EDGE_CURVE('',#5507,#5559,#1368,.T.);
#7860=EDGE_CURVE('',#5458,#5466,#1376,.T.);
#7875=EDGE_CURVE('',#5459,#5467,#1389,.T.);
#7891=EDGE_CURVE('',#5197,#5587,#1393,.T.);
#7904=EDGE_CURVE('',#5198,#5590,#1397,.T.);
#7914=EDGE_CURVE('',#5590,#5591,#1402,.T.);
#7918=EDGE_CURVE('',#5387,#5431,#4671,.T.);
#7920=EDGE_CURVE('',#5383,#5431,#1406,.T.);
#7922=EDGE_CURVE('',#5383,#5591,#1410,.T.);
#7933=EDGE_CURVE('',#5593,#5591,#1414,.T.);
#7935=EDGE_CURVE('',#5593,#5595,#1483,.T.);
#7948=EDGE_CURVE('',#5381,#5383,#1418,.T.);
#7950=EDGE_CURVE('',#5379,#5381,#1422,.T.);
#7952=EDGE_CURVE('',#5377,#5379,#1426,.T.);
#7954=EDGE_CURVE('',#5375,#5377,#1430,.T.);
#7956=EDGE_CURVE('',#5374,#5375,#1434,.T.);
#7958=EDGE_CURVE('',#5593,#5374,#1487,.T.);
#7969=EDGE_CURVE('',#5431,#6131,#1454,.T.);
#7971=EDGE_CURVE('',#5381,#6131,#1438,.T.);
#7982=EDGE_CURVE('',#6126,#6127,#1442,.T.);
#7984=EDGE_CURVE('',#6127,#6129,#1446,.T.);
#7986=EDGE_CURVE('',#6131,#6129,#1450,.T.);
#7989=EDGE_CURVE('',#5431,#4900,#1458,.T.);
#7991=EDGE_CURVE('',#5168,#4900,#1517,.T.);
#7993=EDGE_CURVE('',#5168,#5152,#1462,.T.);
#7995=EDGE_CURVE('',#5152,#5154,#1568,.T.);
#7997=EDGE_CURVE('',#5148,#5154,#1534,.T.);
#7999=EDGE_CURVE('',#4903,#5148,#1508,.T.);
#8001=EDGE_CURVE('',#4903,#5429,#1466,.T.);
#8003=EDGE_CURVE('',#5429,#6126,#1470,.T.);
#8014=EDGE_CURVE('',#5375,#6126,#1474,.T.);
#8017=EDGE_CURVE('',#5377,#6127,#4708,.T.);
#8027=EDGE_CURVE('',#5374,#5429,#1478,.T.);
#8043=EDGE_CURVE('',#5385,#5429,#1495,.T.);
#8057=EDGE_CURVE('',#4903,#4904,#1500,.T.);
#8072=EDGE_CURVE('',#5144,#5148,#1530,.T.);
#8074=EDGE_CURVE('',#5108,#5144,#1614,.T.);
#8086=EDGE_CURVE('',#4899,#4900,#4676,.T.);
#8088=EDGE_CURVE('',#4899,#5112,#1521,.T.);
#8090=EDGE_CURVE('',#5111,#5112,#1526,.T.);
#8092=EDGE_CURVE('',#5167,#5111,#1654,.T.);
#8094=EDGE_CURVE('',#5167,#5168,#1606,.T.);
#8106=EDGE_CURVE('',#5156,#5154,#1564,.T.);
#8108=EDGE_CURVE('',#5156,#5144,#1618,.T.);
#8118=EDGE_CURVE('',#5151,#5152,#1538,.T.);
#8120=EDGE_CURVE('',#5151,#4952,#1646,.T.);
#8122=EDGE_CURVE('',#4944,#4952,#1542,.T.);
#8124=EDGE_CURVE('',#4942,#4944,#1547,.T.);
#8126=EDGE_CURVE('',#4940,#4942,#1551,.T.);
#8128=EDGE_CURVE('',#4939,#4940,#1556,.T.);
#8130=EDGE_CURVE('',#4948,#4939,#1560,.T.);
#8132=EDGE_CURVE('',#4948,#5156,#1622,.T.);
#8144=EDGE_CURVE('',#5159,#5160,#1572,.T.);
#8147=EDGE_CURVE('',#4752,#4760,#1576,.T.);
#8149=EDGE_CURVE('',#4750,#4752,#1581,.T.);
#8151=EDGE_CURVE('',#4748,#4750,#1585,.T.);
#8153=EDGE_CURVE('',#4747,#4748,#1590,.T.);
#8155=EDGE_CURVE('',#4756,#4747,#1594,.T.);
#8158=EDGE_CURVE('',#5164,#5162,#1598,.T.);
#8170=EDGE_CURVE('',#5151,#5167,#1650,.T.);
#8186=EDGE_CURVE('',#4947,#4948,#1626,.T.);
#8197=EDGE_CURVE('',#5116,#5111,#1634,.T.);
#8200=EDGE_CURVE('',#4951,#4952,#1642,.T.);
#8215=EDGE_CURVE('',#4954,#4939,#1658,.T.);
#8229=EDGE_CURVE('',#4956,#4940,#1662,.T.);
#8242=EDGE_CURVE('',#4958,#4942,#1666,.T.);
#8255=EDGE_CURVE('',#4960,#4944,#1670,.T.);
#8278=EDGE_CURVE('',#5114,#5112,#1686,.T.);
#8292=EDGE_CURVE('',#5064,#5000,#1682,.T.);
#8297=EDGE_CURVE('',#5200,#4899,#1690,.T.);
#8307=EDGE_CURVE('',#5283,#5284,#1694,.T.);
#8312=EDGE_CURVE('',#4991,#4992,#3454,.T.);
#8314=EDGE_CURVE('',#5024,#4991,#3340,.T.);
#8316=EDGE_CURVE('',#5020,#5024,#3260,.T.);
#8318=EDGE_CURVE('',#5016,#5020,#3212,.T.);
#8320=EDGE_CURVE('',#5015,#5016,#3116,.T.);
#8322=EDGE_CURVE('',#5052,#5015,#3064,.T.);
#8324=EDGE_CURVE('',#5051,#5052,#2291,.T.);
#8326=EDGE_CURVE('',#5284,#5051,#2211,.T.);
#8336=EDGE_CURVE('',#5299,#5300,#1702,.T.);
#8340=EDGE_CURVE('',#5040,#5059,#4390,.T.);
#8342=EDGE_CURVE('',#5036,#5040,#4344,.T.);
#8344=EDGE_CURVE('',#5032,#5036,#4296,.T.);
#8346=EDGE_CURVE('',#5028,#5032,#4248,.T.);
#8348=EDGE_CURVE('',#5008,#5028,#4194,.T.);
#8350=EDGE_CURVE('',#4999,#5008,#3594,.T.);
#8363=EDGE_CURVE('',#5685,#5658,#1706,.T.);
#8365=EDGE_CURVE('',#6144,#5658,#2539,.T.);
#8367=EDGE_CURVE('',#6144,#5283,#1710,.T.);
#8370=EDGE_CURVE('',#5284,#5279,#2221,.T.);
#8372=EDGE_CURVE('',#5279,#5280,#2475,.T.);
#8374=EDGE_CURVE('',#5685,#5280,#2552,.T.);
#8386=EDGE_CURVE('',#5390,#5398,#1728,.T.);
#8392=EDGE_CURVE('',#5670,#5658,#2556,.T.);
#8395=EDGE_CURVE('',#5639,#5685,#1724,.T.);
#8407=EDGE_CURVE('',#5391,#5399,#1737,.T.);
#8419=EDGE_CURVE('',#5574,#5575,#1733,.T.);
#8424=EDGE_CURVE('',#5547,#5543,#4619,.T.);
#8426=EDGE_CURVE('',#5519,#5547,#1829,.T.);
#8428=EDGE_CURVE('',#5503,#5519,#1741,.T.);
#8430=EDGE_CURVE('',#5503,#5575,#1745,.T.);
#8441=EDGE_CURVE('',#5577,#5575,#1765,.T.);
#8443=EDGE_CURVE('',#5577,#5579,#4624,.T.);
#8456=EDGE_CURVE('',#5506,#5507,#1753,.T.);
#8458=EDGE_CURVE('',#5561,#5506,#4605,.T.);
#8470=EDGE_CURVE('',#5494,#5495,#1761,.T.);
#8472=EDGE_CURVE('',#5569,#5494,#4659,.T.);
#8484=EDGE_CURVE('',#5502,#5503,#1769,.T.);
#8486=EDGE_CURVE('',#5577,#5502,#4628,.T.);
#8496=EDGE_CURVE('',#5633,#5631,#1773,.T.);
#8498=EDGE_CURVE('',#5499,#5631,#1881,.T.);
#8500=EDGE_CURVE('',#5498,#5499,#1777,.T.);
#8502=EDGE_CURVE('',#5633,#5498,#1864,.T.);
#8514=EDGE_CURVE('',#5522,#5523,#1809,.T.);
#8516=EDGE_CURVE('',#5506,#5522,#1781,.T.);
#8526=EDGE_CURVE('',#5530,#5531,#1785,.T.);
#8528=EDGE_CURVE('',#5530,#5514,#1789,.T.);
#8530=EDGE_CURVE('',#5514,#5515,#1793,.T.);
#8532=EDGE_CURVE('',#5515,#5531,#1797,.T.);
#8542=EDGE_CURVE('',#5538,#5539,#1801,.T.);
#8544=EDGE_CURVE('',#5538,#5522,#1805,.T.);
#8556=EDGE_CURVE('',#5546,#5547,#1817,.T.);
#8558=EDGE_CURVE('',#5546,#5518,#1821,.T.);
#8560=EDGE_CURVE('',#5518,#5519,#1825,.T.);
#8571=EDGE_CURVE('',#5554,#5555,#1833,.T.);
#8573=EDGE_CURVE('',#5554,#5510,#1837,.T.);
#8575=EDGE_CURVE('',#5510,#5511,#1841,.T.);
#8587=EDGE_CURVE('',#5526,#5530,#1850,.T.);
#8590=EDGE_CURVE('',#5531,#5527,#1855,.T.);
#8600=EDGE_CURVE('',#5633,#5635,#1860,.T.);
#8603=EDGE_CURVE('',#5498,#5514,#4578,.T.);
#8607=EDGE_CURVE('',#5526,#5635,#1868,.T.);
#8617=EDGE_CURVE('',#5630,#5631,#1873,.T.);
#8632=EDGE_CURVE('',#5478,#5486,#1885,.T.);
#8637=EDGE_CURVE('',#5499,#5515,#1877,.T.);
#8651=EDGE_CURVE('',#5479,#5487,#1898,.T.);
#8668=EDGE_CURVE('',#5662,#5646,#1907,.T.);
#8670=EDGE_CURVE('',#5710,#5646,#2968,.T.);
#8672=EDGE_CURVE('',#5643,#5710,#1903,.T.);
#8683=EDGE_CURVE('',#5646,#5647,#1911,.T.);
#8687=EDGE_CURVE('',#5663,#5677,#2049,.T.);
#8689=EDGE_CURVE('',#5647,#5677,#1956,.T.);
#8700=EDGE_CURVE('',#5647,#5071,#1952,.T.);
#8702=EDGE_CURVE('',#5324,#5071,#2980,.T.);
#8704=EDGE_CURVE('',#6123,#5324,#2964,.T.);
#8706=EDGE_CURVE('',#6123,#5646,#1915,.T.);
#8716=EDGE_CURVE('',#5714,#5719,#1919,.T.);
#8718=EDGE_CURVE('',#5710,#5714,#1924,.T.);
#8720=EDGE_CURVE('',#5710,#5328,#1928,.T.);
#8722=EDGE_CURVE('',#5088,#5328,#2363,.T.);
#8724=EDGE_CURVE('',#5088,#5719,#1940,.T.);
#8734=EDGE_CURVE('',#5677,#5727,#1932,.T.);
#8736=EDGE_CURVE('',#5727,#5719,#1936,.T.);
#8739=EDGE_CURVE('',#5087,#5088,#2359,.T.);
#8741=EDGE_CURVE('',#5072,#5087,#1944,.T.);
#8743=EDGE_CURVE('',#5071,#5072,#1948,.T.);
#8755=EDGE_CURVE('',#5721,#5729,#1960,.T.);
#8757=EDGE_CURVE('',#5679,#5729,#1964,.T.);
#8759=EDGE_CURVE('',#5679,#5651,#1968,.T.);
#8761=EDGE_CURVE('',#5076,#5651,#1972,.T.);
#8763=EDGE_CURVE('',#5075,#5076,#1976,.T.);
#8765=EDGE_CURVE('',#5092,#5075,#1980,.T.);
#8767=EDGE_CURVE('',#5091,#5092,#2395,.T.);
#8769=EDGE_CURVE('',#5721,#5091,#1984,.T.);
#8779=EDGE_CURVE('',#5681,#5731,#1988,.T.);
#8781=EDGE_CURVE('',#5731,#5725,#1992,.T.);
#8783=EDGE_CURVE('',#5099,#5725,#1996,.T.);
#8785=EDGE_CURVE('',#5099,#5100,#2467,.T.);
#8787=EDGE_CURVE('',#5084,#5100,#2000,.T.);
#8789=EDGE_CURVE('',#5083,#5084,#2004,.T.);
#8791=EDGE_CURVE('',#5659,#5083,#2008,.T.);
#8793=EDGE_CURVE('',#5659,#5681,#2012,.T.);
#8803=EDGE_CURVE('',#5723,#5733,#2016,.T.);
#8805=EDGE_CURVE('',#5683,#5733,#2020,.T.);
#8807=EDGE_CURVE('',#5683,#5655,#2024,.T.);
#8809=EDGE_CURVE('',#5080,#5655,#2028,.T.);
#8811=EDGE_CURVE('',#5079,#5080,#2032,.T.);
#8813=EDGE_CURVE('',#5095,#5079,#2036,.T.);
#8815=EDGE_CURVE('',#5095,#5096,#2507,.T.);
#8817=EDGE_CURVE('',#5723,#5096,#2040,.T.);
#8827=EDGE_CURVE('',#5713,#5716,#2045,.T.);
#8829=EDGE_CURVE('',#5727,#5713,#2061,.T.);
#8833=EDGE_CURVE('',#5663,#5716,#2053,.T.);
#8845=EDGE_CURVE('',#5713,#5714,#2057,.T.);
#8848=EDGE_CURVE('',#5716,#5717,#2068,.T.);
#8874=EDGE_CURVE('',#5236,#5232,#2072,.T.);
#8886=EDGE_CURVE('',#5250,#5230,#2076,.T.);
#8900=EDGE_CURVE('',#5248,#5228,#2080,.T.);
#8913=EDGE_CURVE('',#5246,#5226,#2084,.T.);
#8926=EDGE_CURVE('',#5244,#5224,#2088,.T.);
#8940=EDGE_CURVE('',#5234,#5223,#2092,.T.);
#8952=EDGE_CURVE('',#5701,#5702,#2099,.T.);
#8957=EDGE_CURVE('',#5674,#5702,#2103,.T.);
#8968=EDGE_CURVE('',#5702,#5704,#2108,.T.);
#8970=EDGE_CURVE('',#5706,#5704,#4574,.T.);
#8972=EDGE_CURVE('',#5706,#5708,#2145,.T.);
#8986=EDGE_CURVE('',#5674,#5683,#2116,.T.);
#8989=EDGE_CURVE('',#5733,#5704,#2112,.T.);
#8999=EDGE_CURVE('',#5654,#5655,#2120,.T.);
#9015=EDGE_CURVE('',#5308,#5355,#2128,.T.);
#9017=EDGE_CURVE('',#5308,#5080,#2132,.T.);
#9028=EDGE_CURVE('',#5706,#5723,#2136,.T.);
#9031=EDGE_CURVE('',#5096,#5311,#2503,.T.);
#9044=EDGE_CURVE('',#5306,#5357,#2153,.T.);
#9046=EDGE_CURVE('',#5308,#5306,#2776,.T.);
#9061=EDGE_CURVE('',#5369,#5303,#2234,.T.);
#9063=EDGE_CURVE('',#5303,#5304,#2515,.T.);
#9065=EDGE_CURVE('',#5306,#5304,#2772,.T.);
#9077=EDGE_CURVE('',#4936,#6053,#2263,.T.);
#9079=EDGE_CURVE('',#4935,#4936,#2171,.T.);
#9081=EDGE_CURVE('',#4935,#6052,#2491,.T.);
#9091=EDGE_CURVE('',#6084,#6085,#2176,.T.);
#9093=EDGE_CURVE('',#6057,#6085,#2271,.T.);
#9095=EDGE_CURVE('',#6056,#6057,#2181,.T.);
#9097=EDGE_CURVE('',#6056,#6084,#2487,.T.);
#9107=EDGE_CURVE('',#6116,#6117,#2186,.T.);
#9109=EDGE_CURVE('',#6089,#6117,#2279,.T.);
#9111=EDGE_CURVE('',#6088,#6089,#2191,.T.);
#9113=EDGE_CURVE('',#6088,#6116,#2483,.T.);
#9125=EDGE_CURVE('',#5312,#4931,#2495,.T.);
#9127=EDGE_CURVE('',#4931,#4932,#2206,.T.);
#9129=EDGE_CURVE('',#5047,#4932,#2255,.T.);
#9140=EDGE_CURVE('',#6121,#5051,#2287,.T.);
#9142=EDGE_CURVE('',#6120,#6121,#2216,.T.);
#9144=EDGE_CURVE('',#6120,#5279,#2479,.T.);
#9156=EDGE_CURVE('',#5350,#5339,#2789,.T.);
#9158=EDGE_CURVE('',#5350,#5303,#2229,.T.);
#9169=EDGE_CURVE('',#5272,#6142,#2238,.T.);
#9171=EDGE_CURVE('',#5348,#6142,#2417,.T.);
#9174=EDGE_CURVE('',#5272,#5365,#2247,.T.);
#9186=EDGE_CURVE('',#4912,#4932,#2315,.T.);
#9188=EDGE_CURVE('',#4912,#4920,#2259,.T.);
#9190=EDGE_CURVE('',#4920,#4936,#2335,.T.);
#9194=EDGE_CURVE('',#6033,#6041,#2267,.T.);
#9196=EDGE_CURVE('',#6041,#6057,#2748,.T.);
#9199=EDGE_CURVE('',#6065,#6085,#2728,.T.);
#9201=EDGE_CURVE('',#6065,#6073,#2275,.T.);
#9203=EDGE_CURVE('',#6073,#6089,#2692,.T.);
#9206=EDGE_CURVE('',#6097,#6117,#2672,.T.);
#9208=EDGE_CURVE('',#6097,#6105,#2283,.T.);
#9210=EDGE_CURVE('',#6105,#6121,#2636,.T.);
#9214=EDGE_CURVE('',#5048,#5052,#3059,.T.);
#9226=EDGE_CURVE('',#4907,#4908,#2299,.T.);
#9228=EDGE_CURVE('',#4908,#4924,#2303,.T.);
#9239=EDGE_CURVE('',#4931,#4911,#2307,.T.);
#9241=EDGE_CURVE('',#4911,#4912,#2311,.T.);
#9254=EDGE_CURVE('',#4915,#4916,#2327,.T.);
#9256=EDGE_CURVE('',#4908,#4916,#2371,.T.);
#9267=EDGE_CURVE('',#4916,#4928,#2323,.T.);
#9281=EDGE_CURVE('',#4919,#4920,#2339,.T.);
#9283=EDGE_CURVE('',#4935,#4919,#2343,.T.);
#9294=EDGE_CURVE('',#5343,#5353,#2407,.T.);
#9296=EDGE_CURVE('',#4724,#5343,#2455,.T.);
#9298=EDGE_CURVE('',#4716,#4724,#2347,.T.);
#9300=EDGE_CURVE('',#4716,#5336,#2806,.T.);
#9302=EDGE_CURVE('',#5351,#5336,#2798,.T.);
#9305=EDGE_CURVE('',#5319,#5320,#2351,.T.);
#9307=EDGE_CURVE('',#5087,#5319,#2355,.T.);
#9311=EDGE_CURVE('',#5327,#5328,#2367,.T.);
#9319=EDGE_CURVE('',#6029,#6037,#2375,.T.);
#9321=EDGE_CURVE('',#6037,#6049,#2736,.T.);
#9324=EDGE_CURVE('',#6061,#6077,#2716,.T.);
#9326=EDGE_CURVE('',#6061,#6069,#2379,.T.);
#9328=EDGE_CURVE('',#6069,#6081,#2680,.T.);
#9331=EDGE_CURVE('',#6093,#6109,#2660,.T.);
#9333=EDGE_CURVE('',#6093,#6101,#2383,.T.);
#9335=EDGE_CURVE('',#6101,#6113,#2624,.T.);
#9338=EDGE_CURVE('',#5295,#5296,#2387,.T.);
#9340=EDGE_CURVE('',#5091,#5295,#2391,.T.);
#9343=EDGE_CURVE('',#5092,#5288,#2399,.T.);
#9354=EDGE_CURVE('',#5343,#5344,#2425,.T.);
#9360=EDGE_CURVE('',#6142,#5344,#2421,.T.);
#9371=EDGE_CURVE('',#5344,#4727,#2429,.T.);
#9373=EDGE_CURVE('',#4727,#4728,#2434,.T.);
#9375=EDGE_CURVE('',#4728,#4895,#2438,.T.);
#9377=EDGE_CURVE('',#4891,#4895,#2922,.T.);
#9379=EDGE_CURVE('',#4884,#4891,#2442,.T.);
#9381=EDGE_CURVE('',#4888,#4884,#2909,.T.);
#9383=EDGE_CURVE('',#4888,#4723,#2446,.T.);
#9385=EDGE_CURVE('',#4723,#4724,#2451,.T.);
#9399=EDGE_CURVE('',#5271,#5272,#2459,.T.);
#9401=EDGE_CURVE('',#5100,#5271,#2463,.T.);
#9404=EDGE_CURVE('',#5099,#5280,#2471,.T.);
#9408=EDGE_CURVE('',#6120,#6104,#2644,.T.);
#9410=EDGE_CURVE('',#6096,#6104,#2676,.T.);
#9412=EDGE_CURVE('',#6116,#6096,#2664,.T.);
#9415=EDGE_CURVE('',#6088,#6072,#2700,.T.);
#9417=EDGE_CURVE('',#6064,#6072,#2732,.T.);
#9419=EDGE_CURVE('',#6084,#6064,#2720,.T.);
#9422=EDGE_CURVE('',#6056,#6040,#2756,.T.);
#9424=EDGE_CURVE('',#6032,#6040,#2764,.T.);
#9429=EDGE_CURVE('',#4911,#4919,#2768,.T.);
#9436=EDGE_CURVE('',#5095,#5304,#2511,.T.);
#9440=EDGE_CURVE('',#5335,#5350,#2784,.T.);
#9442=EDGE_CURVE('',#5335,#4719,#2832,.T.);
#9444=EDGE_CURVE('',#4719,#4727,#2948,.T.);
#9455=EDGE_CURVE('',#5274,#5361,#2523,.T.);
#9457=EDGE_CURVE('',#5271,#5274,#2616,.T.);
#9473=EDGE_CURVE('',#6144,#5276,#2531,.T.);
#9475=EDGE_CURVE('',#5274,#5276,#2608,.T.);
#9486=EDGE_CURVE('',#5658,#5659,#2535,.T.);
#9489=EDGE_CURVE('',#5276,#5083,#2612,.T.);
#9501=EDGE_CURVE('',#5689,#5725,#2543,.T.);
#9503=EDGE_CURVE('',#5685,#5689,#2548,.T.);
#9519=EDGE_CURVE('',#5671,#5681,#2565,.T.);
#9530=EDGE_CURVE('',#5688,#5691,#2561,.T.);
#9532=EDGE_CURVE('',#5731,#5688,#2577,.T.);
#9536=EDGE_CURVE('',#5671,#5691,#2569,.T.);
#9548=EDGE_CURVE('',#5688,#5689,#2573,.T.);
#9551=EDGE_CURVE('',#5691,#5692,#2584,.T.);
#9577=EDGE_CURVE('',#5188,#5184,#2588,.T.);
#9589=EDGE_CURVE('',#5214,#5182,#2592,.T.);
#9603=EDGE_CURVE('',#5212,#5180,#2596,.T.);
#9616=EDGE_CURVE('',#5210,#5178,#2600,.T.);
#9643=EDGE_CURVE('',#5274,#5084,#2620,.T.);
#9667=EDGE_CURVE('',#6100,#6101,#2628,.T.);
#9680=EDGE_CURVE('',#6104,#6105,#2640,.T.);
#9691=EDGE_CURVE('',#6092,#6093,#2656,.T.);
#9718=EDGE_CURVE('',#6096,#6097,#2668,.T.);
#9743=EDGE_CURVE('',#6068,#6069,#2684,.T.);
#9756=EDGE_CURVE('',#6072,#6073,#2696,.T.);
#9767=EDGE_CURVE('',#6060,#6061,#2712,.T.);
#9794=EDGE_CURVE('',#6064,#6065,#2724,.T.);
#9819=EDGE_CURVE('',#6036,#6037,#2740,.T.);
#9832=EDGE_CURVE('',#6040,#6041,#2752,.T.);
#9882=EDGE_CURVE('',#5306,#5079,#2780,.T.);
#9904=EDGE_CURVE('',#5335,#5336,#2802,.T.);
#9921=EDGE_CURVE('',#4715,#4716,#2811,.T.);
#9923=EDGE_CURVE('',#4879,#4715,#2815,.T.);
#9925=EDGE_CURVE('',#4875,#4879,#2886,.T.);
#9927=EDGE_CURVE('',#4875,#4868,#2819,.T.);
#9929=EDGE_CURVE('',#4872,#4868,#2869,.T.);
#9931=EDGE_CURVE('',#4720,#4872,#2823,.T.);
#9933=EDGE_CURVE('',#4719,#4720,#2828,.T.);
#9947=EDGE_CURVE('',#4715,#4723,#2836,.T.);
#9957=EDGE_CURVE('',#4871,#4872,#2840,.T.);
#9959=EDGE_CURVE('',#4880,#4871,#2844,.T.);
#9961=EDGE_CURVE('',#4879,#4880,#2848,.T.);
#9966=EDGE_CURVE('',#4887,#4888,#2852,.T.);
#9968=EDGE_CURVE('',#4887,#4896,#2856,.T.);
#9970=EDGE_CURVE('',#4895,#4896,#2860,.T.);
#9973=EDGE_CURVE('',#4720,#4728,#2864,.T.);
#9984=EDGE_CURVE('',#4867,#4868,#2873,.T.);
#9986=EDGE_CURVE('',#4867,#4871,#2904,.T.);
#10000=EDGE_CURVE('',#4875,#4876,#2877,.T.);
#10002=EDGE_CURVE('',#4876,#4867,#2881,.T.);
#10015=EDGE_CURVE('',#4880,#4876,#2895,.T.);
#10037=EDGE_CURVE('',#4883,#4884,#2913,.T.);
#10039=EDGE_CURVE('',#4883,#4887,#2940,.T.);
#10053=EDGE_CURVE('',#4891,#4892,#2917,.T.);
#10055=EDGE_CURVE('',#4883,#4892,#2944,.T.);
#10068=EDGE_CURVE('',#4896,#4892,#2931,.T.);
#10103=EDGE_CURVE('',#5322,#5359,#2956,.T.);
#10105=EDGE_CURVE('',#5319,#5322,#2984,.T.);
#10120=EDGE_CURVE('',#6123,#5331,#2972,.T.);
#10123=EDGE_CURVE('',#5322,#5324,#2976,.T.);
#10152=EDGE_CURVE('',#5322,#5072,#2988,.T.);
#10175=EDGE_CURVE('',#5295,#5700,#3016,.T.);
#10181=EDGE_CURVE('',#5650,#6141,#3000,.T.);
#10191=EDGE_CURVE('',#5650,#5651,#2996,.T.);
#10195=EDGE_CURVE('',#5292,#5076,#3008,.T.);
#10206=EDGE_CURVE('',#5698,#5721,#3012,.T.);
#10222=EDGE_CURVE('',#5666,#5679,#3025,.T.);
#10238=EDGE_CURVE('',#5729,#5696,#3034,.T.);
#10261=EDGE_CURVE('',#5290,#5075,#3046,.T.);
#10288=EDGE_CURVE('',#5853,#5015,#3124,.T.);
#10290=EDGE_CURVE('',#5852,#5853,#3068,.T.);
#10292=EDGE_CURVE('',#5789,#5852,#3100,.T.);
#10294=EDGE_CURVE('',#5788,#5789,#3072,.T.);
#10296=EDGE_CURVE('',#4964,#5788,#3088,.T.);
#10298=EDGE_CURVE('',#4963,#4964,#3076,.T.);
#10300=EDGE_CURVE('',#5011,#4963,#3108,.T.);
#10310=EDGE_CURVE('',#5788,#5795,#3080,.T.);
#10312=EDGE_CURVE('',#4972,#5795,#3184,.T.);
#10314=EDGE_CURVE('',#4964,#4972,#3084,.T.);
#10325=EDGE_CURVE('',#5852,#5859,#3092,.T.);
#10327=EDGE_CURVE('',#5797,#5859,#3196,.T.);
#10329=EDGE_CURVE('',#5789,#5797,#3096,.T.);
#10342=EDGE_CURVE('',#4963,#4970,#3112,.T.);
#10344=EDGE_CURVE('',#5012,#4970,#3204,.T.);
#10355=EDGE_CURVE('',#5861,#5016,#3220,.T.);
#10357=EDGE_CURVE('',#5853,#5861,#3120,.T.);
#10369=EDGE_CURVE('',#5788,#5772,#3128,.T.);
#10371=EDGE_CURVE('',#5772,#5773,#3132,.T.);
#10373=EDGE_CURVE('',#5773,#5807,#3136,.T.);
#10375=EDGE_CURVE('',#5803,#5807,#3292,.T.);
#10377=EDGE_CURVE('',#5799,#5803,#3232,.T.);
#10379=EDGE_CURVE('',#5795,#5799,#3176,.T.);
#10389=EDGE_CURVE('',#5812,#5813,#4146,.T.);
#10391=EDGE_CURVE('',#5812,#5776,#3140,.T.);
#10393=EDGE_CURVE('',#5776,#5777,#3144,.T.);
#10395=EDGE_CURVE('',#5777,#5792,#3148,.T.);
#10397=EDGE_CURVE('',#5823,#5792,#4308,.T.);
#10399=EDGE_CURVE('',#5819,#5823,#4260,.T.);
#10401=EDGE_CURVE('',#5813,#5819,#4220,.T.);
#10412=EDGE_CURVE('',#5789,#5780,#3160,.T.);
#10414=EDGE_CURVE('',#5772,#5780,#3378,.T.);
#10426=EDGE_CURVE('',#5797,#5801,#3192,.T.);
#10428=EDGE_CURVE('',#5801,#5805,#3236,.T.);
#10430=EDGE_CURVE('',#5805,#5809,#3307,.T.);
#10432=EDGE_CURVE('',#5781,#5809,#3152,.T.);
#10434=EDGE_CURVE('',#5780,#5781,#3156,.T.);
#10445=EDGE_CURVE('',#5816,#5817,#4151,.T.);
#10447=EDGE_CURVE('',#5817,#5821,#4224,.T.);
#10449=EDGE_CURVE('',#5821,#5825,#4276,.T.);
#10451=EDGE_CURVE('',#5825,#5793,#4324,.T.);
#10453=EDGE_CURVE('',#5785,#5793,#3164,.T.);
#10455=EDGE_CURVE('',#5784,#5785,#3168,.T.);
#10457=EDGE_CURVE('',#5816,#5784,#3172,.T.);
#10468=EDGE_CURVE('',#4976,#5799,#3228,.T.);
#10470=EDGE_CURVE('',#4972,#4976,#3180,.T.);
#10481=EDGE_CURVE('',#5859,#5863,#3188,.T.);
#10483=EDGE_CURVE('',#5801,#5863,#3240,.T.);
#10497=EDGE_CURVE('',#4970,#4974,#3208,.T.);
#10499=EDGE_CURVE('',#5018,#4974,#3252,.T.);
#10510=EDGE_CURVE('',#5865,#5020,#3268,.T.);
#10512=EDGE_CURVE('',#5861,#5865,#3216,.T.);
#10523=EDGE_CURVE('',#5735,#5803,#3287,.T.);
#10525=EDGE_CURVE('',#4976,#5735,#3224,.T.);
#10537=EDGE_CURVE('',#5805,#5867,#3311,.T.);
#10541=EDGE_CURVE('',#5863,#5867,#3244,.T.);
#10553=EDGE_CURVE('',#4974,#5042,#3256,.T.);
#10555=EDGE_CURVE('',#5022,#5042,#3325,.T.);
#10566=EDGE_CURVE('',#5869,#5024,#3354,.T.);
#10568=EDGE_CURVE('',#5865,#5869,#3264,.T.);
#10579=EDGE_CURVE('',#5807,#5740,#3273,.T.);
#10581=EDGE_CURVE('',#4735,#5740,#3418,.T.);
#10583=EDGE_CURVE('',#4798,#4735,#3278,.T.);
#10585=EDGE_CURVE('',#5735,#4798,#3283,.T.);
#10597=EDGE_CURVE('',#5871,#5756,#3297,.T.);
#10599=EDGE_CURVE('',#5744,#5756,#3434,.T.);
#10601=EDGE_CURVE('',#5809,#5744,#3302,.T.);
#10605=EDGE_CURVE('',#5867,#5871,#3316,.T.);
#10617=EDGE_CURVE('',#5042,#4794,#3330,.T.);
#10619=EDGE_CURVE('',#4794,#4731,#3335,.T.);
#10621=EDGE_CURVE('',#4987,#4731,#3402,.T.);
#10632=EDGE_CURVE('',#5760,#4991,#3450,.T.);
#10634=EDGE_CURVE('',#5873,#5760,#3345,.T.);
#10636=EDGE_CURVE('',#5869,#5873,#3350,.T.);
#10647=EDGE_CURVE('',#5827,#5807,#3358,.T.);
#10649=EDGE_CURVE('',#5741,#5827,#3362,.T.);
#10651=EDGE_CURVE('',#5740,#5741,#3422,.T.);
#10662=EDGE_CURVE('',#5829,#5812,#3366,.T.);
#10664=EDGE_CURVE('',#5748,#5812,#4141,.T.);
#10666=EDGE_CURVE('',#5748,#5749,#3618,.T.);
#10668=EDGE_CURVE('',#5829,#5749,#3370,.T.);
#10680=EDGE_CURVE('',#5773,#5781,#3374,.T.);
#10683=EDGE_CURVE('',#5831,#5809,#3382,.T.);
#10685=EDGE_CURVE('',#5827,#5831,#4570,.T.);
#10709=EDGE_CURVE('',#5744,#5745,#3430,.T.);
#10711=EDGE_CURVE('',#5745,#5831,#3386,.T.);
#10721=EDGE_CURVE('',#5833,#5816,#3390,.T.);
#10723=EDGE_CURVE('',#5833,#5753,#3394,.T.);
#10725=EDGE_CURVE('',#5752,#5753,#3610,.T.);
#10727=EDGE_CURVE('',#5752,#5816,#4156,.T.);
#10739=EDGE_CURVE('',#4731,#4732,#3406,.T.);
#10741=EDGE_CURVE('',#4732,#4736,#3410,.T.);
#10743=EDGE_CURVE('',#4735,#4736,#3414,.T.);
#10747=EDGE_CURVE('',#5741,#5745,#3426,.T.);
#10751=EDGE_CURVE('',#5756,#5757,#3438,.T.);
#10753=EDGE_CURVE('',#5757,#5761,#3442,.T.);
#10755=EDGE_CURVE('',#5760,#5761,#3446,.T.);
#10760=EDGE_CURVE('',#6021,#6019,#3458,.T.);
#10762=EDGE_CURVE('',#6011,#6019,#3462,.T.);
#10764=EDGE_CURVE('',#6013,#6011,#3466,.T.);
#10767=EDGE_CURVE('',#5957,#5955,#3470,.T.);
#10769=EDGE_CURVE('',#5947,#5955,#3474,.T.);
#10771=EDGE_CURVE('',#5949,#5947,#3478,.T.);
#10774=EDGE_CURVE('',#4860,#4858,#3482,.T.);
#10776=EDGE_CURVE('',#4850,#4858,#3486,.T.);
#10778=EDGE_CURVE('',#4852,#4850,#3490,.T.);
#10789=EDGE_CURVE('',#4787,#4794,#3494,.T.);
#10791=EDGE_CURVE('',#4732,#4787,#3498,.T.);
#10803=EDGE_CURVE('',#4791,#4796,#3502,.T.);
#10805=EDGE_CURVE('',#4740,#4796,#4184,.T.);
#10807=EDGE_CURVE('',#4739,#4740,#3630,.T.);
#10809=EDGE_CURVE('',#4791,#4739,#3506,.T.);
#10819=EDGE_CURVE('',#4787,#4788,#3514,.T.);
#10822=EDGE_CURVE('',#4772,#4794,#4398,.T.);
#10824=EDGE_CURVE('',#4772,#4780,#3510,.T.);
#10826=EDGE_CURVE('',#4780,#4798,#4422,.T.);
#10828=EDGE_CURVE('',#4788,#4798,#3518,.T.);
#10839=EDGE_CURVE('',#4736,#4788,#3522,.T.);
#10863=EDGE_CURVE('',#4792,#4800,#3526,.T.);
#10865=EDGE_CURVE('',#4792,#4743,#3530,.T.);
#10867=EDGE_CURVE('',#4743,#4744,#3622,.T.);
#10869=EDGE_CURVE('',#4744,#4800,#4132,.T.);
#10879=EDGE_CURVE('',#4791,#4792,#3534,.T.);
#10882=EDGE_CURVE('',#4800,#4783,#4434,.T.);
#10884=EDGE_CURVE('',#4775,#4783,#4450,.T.);
#10886=EDGE_CURVE('',#4796,#4775,#4410,.T.);
#10899=EDGE_CURVE('',#4739,#4743,#3626,.T.);
#10912=EDGE_CURVE('',#4854,#4856,#3546,.T.);
#10914=EDGE_CURVE('',#4856,#4864,#3550,.T.);
#10916=EDGE_CURVE('',#4862,#4864,#3554,.T.);
#10919=EDGE_CURVE('',#5951,#5953,#3562,.T.);
#10921=EDGE_CURVE('',#5953,#5961,#3566,.T.);
#10923=EDGE_CURVE('',#5959,#5961,#3570,.T.);
#10926=EDGE_CURVE('',#6015,#6017,#3578,.T.);
#10928=EDGE_CURVE('',#6017,#6025,#3582,.T.);
#10930=EDGE_CURVE('',#6023,#6025,#3586,.T.);
#10934=EDGE_CURVE('',#5768,#5008,#4208,.T.);
#10936=EDGE_CURVE('',#5768,#5769,#3598,.T.);
#10938=EDGE_CURVE('',#5765,#5769,#3602,.T.);
#10940=EDGE_CURVE('',#5764,#5765,#3606,.T.);
#10942=EDGE_CURVE('',#5752,#5764,#4160,.T.);
#10945=EDGE_CURVE('',#5749,#5753,#3614,.T.);
#10948=EDGE_CURVE('',#4744,#5748,#4136,.T.);
#10953=EDGE_CURVE('',#5006,#4740,#4179,.T.);
#10963=EDGE_CURVE('',#4850,#4803,#3634,.T.);
#10965=EDGE_CURVE('',#4803,#4804,#3639,.T.);
#10967=EDGE_CURVE('',#4804,#4806,#3643,.T.);
#10969=EDGE_CURVE('',#4806,#4808,#3647,.T.);
#10971=EDGE_CURVE('',#4808,#4810,#3651,.T.);
#10973=EDGE_CURVE('',#4810,#4812,#3656,.T.);
#10986=EDGE_CURVE('',#4815,#4816,#3669,.T.);
#10988=EDGE_CURVE('',#4816,#4818,#3673,.T.);
#10990=EDGE_CURVE('',#4818,#4820,#3677,.T.);
#10992=EDGE_CURVE('',#4820,#4822,#3681,.T.);
#10994=EDGE_CURVE('',#4822,#4824,#3686,.T.);
#10996=EDGE_CURVE('',#4824,#4856,#3690,.T.);
#11009=EDGE_CURVE('',#4858,#4827,#3694,.T.);
#11011=EDGE_CURVE('',#4803,#4827,#3770,.T.);
#11024=EDGE_CURVE('',#4834,#4836,#3703,.T.);
#11026=EDGE_CURVE('',#4832,#4834,#3707,.T.);
#11028=EDGE_CURVE('',#4830,#4832,#3711,.T.);
#11030=EDGE_CURVE('',#4828,#4830,#3715,.T.);
#11032=EDGE_CURVE('',#4827,#4828,#3720,.T.);
#11044=EDGE_CURVE('',#4848,#4864,#3728,.T.);
#11046=EDGE_CURVE('',#4846,#4848,#3733,.T.);
#11048=EDGE_CURVE('',#4844,#4846,#3737,.T.);
#11050=EDGE_CURVE('',#4842,#4844,#3741,.T.);
#11052=EDGE_CURVE('',#4840,#4842,#3745,.T.);
#11054=EDGE_CURVE('',#4839,#4840,#3750,.T.);
#11065=EDGE_CURVE('',#4810,#4834,#3754,.T.);
#11078=EDGE_CURVE('',#4808,#4832,#3758,.T.);
#11091=EDGE_CURVE('',#4806,#4830,#3762,.T.);
#11104=EDGE_CURVE('',#4804,#4828,#3766,.T.);
#11129=EDGE_CURVE('',#4824,#4848,#3774,.T.);
#11142=EDGE_CURVE('',#4822,#4846,#3778,.T.);
#11155=EDGE_CURVE('',#4820,#4844,#3782,.T.);
#11168=EDGE_CURVE('',#4818,#4842,#3786,.T.);
#11181=EDGE_CURVE('',#4816,#4840,#3790,.T.);
#11205=EDGE_CURVE('',#5947,#5900,#3798,.T.);
#11207=EDGE_CURVE('',#5900,#5901,#3803,.T.);
#11209=EDGE_CURVE('',#5901,#5903,#3807,.T.);
#11211=EDGE_CURVE('',#5903,#5905,#3811,.T.);
#11213=EDGE_CURVE('',#5905,#5907,#3815,.T.);
#11215=EDGE_CURVE('',#5907,#5909,#3820,.T.);
#11228=EDGE_CURVE('',#5912,#5913,#3833,.T.);
#11230=EDGE_CURVE('',#5913,#5915,#3837,.T.);
#11232=EDGE_CURVE('',#5915,#5917,#3841,.T.);
#11234=EDGE_CURVE('',#5917,#5919,#3845,.T.);
#11236=EDGE_CURVE('',#5919,#5921,#3850,.T.);
#11238=EDGE_CURVE('',#5921,#5953,#3854,.T.);
#11251=EDGE_CURVE('',#5955,#5924,#3858,.T.);
#11253=EDGE_CURVE('',#5900,#5924,#3934,.T.);
#11266=EDGE_CURVE('',#5931,#5933,#3867,.T.);
#11268=EDGE_CURVE('',#5929,#5931,#3871,.T.);
#11270=EDGE_CURVE('',#5927,#5929,#3875,.T.);
#11272=EDGE_CURVE('',#5925,#5927,#3879,.T.);
#11274=EDGE_CURVE('',#5924,#5925,#3884,.T.);
#11286=EDGE_CURVE('',#5945,#5961,#3892,.T.);
#11288=EDGE_CURVE('',#5943,#5945,#3897,.T.);
#11290=EDGE_CURVE('',#5941,#5943,#3901,.T.);
#11292=EDGE_CURVE('',#5939,#5941,#3905,.T.);
#11294=EDGE_CURVE('',#5937,#5939,#3909,.T.);
#11296=EDGE_CURVE('',#5936,#5937,#3914,.T.);
#11307=EDGE_CURVE('',#5907,#5931,#3918,.T.);
#11320=EDGE_CURVE('',#5905,#5929,#3922,.T.);
#11333=EDGE_CURVE('',#5903,#5927,#3926,.T.);
#11346=EDGE_CURVE('',#5901,#5925,#3930,.T.);
#11371=EDGE_CURVE('',#5921,#5945,#3938,.T.);
#11384=EDGE_CURVE('',#5919,#5943,#3942,.T.);
#11397=EDGE_CURVE('',#5917,#5941,#3946,.T.);
#11410=EDGE_CURVE('',#5915,#5939,#3950,.T.);
#11423=EDGE_CURVE('',#5913,#5937,#3954,.T.);
#11447=EDGE_CURVE('',#6011,#5964,#3962,.T.);
#11449=EDGE_CURVE('',#5964,#5965,#3967,.T.);
#11451=EDGE_CURVE('',#5965,#5967,#3971,.T.);
#11453=EDGE_CURVE('',#5967,#5969,#3975,.T.);
#11455=EDGE_CURVE('',#5969,#5971,#3979,.T.);
#11457=EDGE_CURVE('',#5971,#5973,#3984,.T.);
#11470=EDGE_CURVE('',#5976,#5977,#3997,.T.);
#11472=EDGE_CURVE('',#5977,#5979,#4001,.T.);
#11474=EDGE_CURVE('',#5979,#5981,#4005,.T.);
#11476=EDGE_CURVE('',#5981,#5983,#4009,.T.);
#11478=EDGE_CURVE('',#5983,#5985,#4014,.T.);
#11480=EDGE_CURVE('',#5985,#6017,#4018,.T.);
#11493=EDGE_CURVE('',#6019,#5988,#4022,.T.);
#11495=EDGE_CURVE('',#5964,#5988,#4098,.T.);
#11508=EDGE_CURVE('',#5995,#5997,#4031,.T.);
#11510=EDGE_CURVE('',#5993,#5995,#4035,.T.);
#11512=EDGE_CURVE('',#5991,#5993,#4039,.T.);
#11514=EDGE_CURVE('',#5989,#5991,#4043,.T.);
#11516=EDGE_CURVE('',#5988,#5989,#4048,.T.);
#11528=EDGE_CURVE('',#6009,#6025,#4056,.T.);
#11530=EDGE_CURVE('',#6007,#6009,#4061,.T.);
#11532=EDGE_CURVE('',#6005,#6007,#4065,.T.);
#11534=EDGE_CURVE('',#6003,#6005,#4069,.T.);
#11536=EDGE_CURVE('',#6001,#6003,#4073,.T.);
#11538=EDGE_CURVE('',#6000,#6001,#4078,.T.);
#11549=EDGE_CURVE('',#5971,#5995,#4082,.T.);
#11562=EDGE_CURVE('',#5969,#5993,#4086,.T.);
#11575=EDGE_CURVE('',#5967,#5991,#4090,.T.);
#11588=EDGE_CURVE('',#5965,#5989,#4094,.T.);
#11613=EDGE_CURVE('',#5985,#6009,#4102,.T.);
#11626=EDGE_CURVE('',#5983,#6007,#4106,.T.);
#11639=EDGE_CURVE('',#5981,#6005,#4110,.T.);
#11652=EDGE_CURVE('',#5979,#6003,#4114,.T.);
#11665=EDGE_CURVE('',#5977,#6001,#4118,.T.);
#11689=EDGE_CURVE('',#5737,#5813,#4216,.T.);
#11691=EDGE_CURVE('',#4800,#5737,#4127,.T.);
#11705=EDGE_CURVE('',#5817,#5877,#4228,.T.);
#11710=EDGE_CURVE('',#5764,#5876,#4165,.T.);
#11712=EDGE_CURVE('',#5876,#5877,#4170,.T.);
#11725=EDGE_CURVE('',#4796,#5044,#4189,.T.);
#11727=EDGE_CURVE('',#5026,#5044,#4240,.T.);
#11738=EDGE_CURVE('',#5881,#5028,#4256,.T.);
#11740=EDGE_CURVE('',#5880,#5881,#4199,.T.);
#11742=EDGE_CURVE('',#5768,#5880,#4204,.T.);
#11753=EDGE_CURVE('',#4983,#5819,#4268,.T.);
#11755=EDGE_CURVE('',#5737,#4983,#4212,.T.);
#11767=EDGE_CURVE('',#5821,#5883,#4280,.T.);
#11771=EDGE_CURVE('',#5877,#5883,#4232,.T.);
#11783=EDGE_CURVE('',#5044,#4979,#4244,.T.);
#11785=EDGE_CURVE('',#5030,#4979,#4288,.T.);
#11796=EDGE_CURVE('',#5885,#5032,#4304,.T.);
#11798=EDGE_CURVE('',#5881,#5885,#4252,.T.);
#11810=EDGE_CURVE('',#4984,#5823,#4316,.T.);
#11812=EDGE_CURVE('',#4983,#4984,#4264,.T.);
#11823=EDGE_CURVE('',#5883,#5887,#4272,.T.);
#11825=EDGE_CURVE('',#5825,#5887,#4328,.T.);
#11839=EDGE_CURVE('',#4979,#4980,#4292,.T.);
#11841=EDGE_CURVE('',#5034,#4980,#4336,.T.);
#11852=EDGE_CURVE('',#5889,#5036,#4352,.T.);
#11854=EDGE_CURVE('',#5885,#5889,#4300,.T.);
#11866=EDGE_CURVE('',#4968,#5792,#4369,.T.);
#11868=EDGE_CURVE('',#4984,#4968,#4312,.T.);
#11879=EDGE_CURVE('',#5887,#5856,#4320,.T.);
#11881=EDGE_CURVE('',#5793,#5856,#4377,.T.);
#11895=EDGE_CURVE('',#4980,#4967,#4340,.T.);
#11897=EDGE_CURVE('',#5038,#4967,#4361,.T.);
#11908=EDGE_CURVE('',#5857,#5040,#4385,.T.);
#11910=EDGE_CURVE('',#5889,#5857,#4348,.T.);
#11923=EDGE_CURVE('',#4967,#4968,#4365,.T.);
#11926=EDGE_CURVE('',#5792,#5793,#4373,.T.);
#11929=EDGE_CURVE('',#5856,#5857,#4381,.T.);
#11943=EDGE_CURVE('',#4776,#4967,#4418,.T.);
#11945=EDGE_CURVE('',#4776,#4784,#4394,.T.);
#11947=EDGE_CURVE('',#4784,#4968,#4438,.T.);
#11962=EDGE_CURVE('',#4963,#4771,#4402,.T.);
#11964=EDGE_CURVE('',#4771,#4772,#4406,.T.);
#11975=EDGE_CURVE('',#4775,#4776,#4414,.T.);
#11991=EDGE_CURVE('',#4964,#4779,#4430,.T.);
#11993=EDGE_CURVE('',#4771,#4779,#4446,.T.);
#12005=EDGE_CURVE('',#4779,#4780,#4426,.T.);
#12026=EDGE_CURVE('',#4783,#4784,#4442,.T.);
#12062=EDGE_CURVE('',#5777,#5785,#4454,.T.);
#12074=EDGE_CURVE('',#5776,#5784,#4458,.T.);
#12087=EDGE_CURVE('',#5829,#5833,#4462,.T.);
#12114=EDGE_CURVE('',#5841,#5856,#4490,.T.);
#12116=EDGE_CURVE('',#5841,#5849,#4466,.T.);
#12118=EDGE_CURVE('',#5849,#5857,#4506,.T.);
#12129=EDGE_CURVE('',#5852,#5836,#4470,.T.);
#12131=EDGE_CURVE('',#5836,#5837,#4474,.T.);
#12133=EDGE_CURVE('',#5837,#5871,#4478,.T.);
#12147=EDGE_CURVE('',#5876,#5840,#4482,.T.);
#12149=EDGE_CURVE('',#5840,#5841,#4486,.T.);
#12164=EDGE_CURVE('',#5853,#5844,#4502,.T.);
#12166=EDGE_CURVE('',#5836,#5844,#4566,.T.);
#12181=EDGE_CURVE('',#5845,#5873,#4494,.T.);
#12183=EDGE_CURVE('',#5844,#5845,#4498,.T.);
#12199=EDGE_CURVE('',#5848,#5849,#4510,.T.);
#12201=EDGE_CURVE('',#5880,#5848,#4514,.T.);
#12211=EDGE_CURVE('',#5891,#5871,#4522,.T.);
#12214=EDGE_CURVE('',#5837,#5845,#4518,.T.);
#12217=EDGE_CURVE('',#5895,#5873,#4542,.T.);
#12219=EDGE_CURVE('',#5891,#5895,#4538,.T.);
#12230=EDGE_CURVE('',#5757,#5891,#4526,.T.);
#12242=EDGE_CURVE('',#5893,#5876,#4530,.T.);
#12246=EDGE_CURVE('',#5893,#5765,#4534,.T.);
#12257=EDGE_CURVE('',#5761,#5895,#4546,.T.);
#12281=EDGE_CURVE('',#5897,#5880,#4550,.T.);
#12283=EDGE_CURVE('',#5897,#5769,#4554,.T.);
#12296=EDGE_CURVE('',#5893,#5897,#4558,.T.);
#12300=EDGE_CURVE('',#5840,#5848,#4562,.T.);
#12386=EDGE_CURVE('',#5475,#5483,#4582,.T.);
#12409=EDGE_CURVE('',#5534,#5538,#4591,.T.);
#12438=EDGE_CURVE('',#5542,#5546,#4614,.T.);
#12452=EDGE_CURVE('',#5502,#5518,#4632,.T.);
#12456=EDGE_CURVE('',#5542,#5579,#4636,.T.);
#12481=EDGE_CURVE('',#5394,#5402,#4640,.T.);
#12504=EDGE_CURVE('',#5550,#5554,#4645,.T.);
#12518=EDGE_CURVE('',#5494,#5510,#4663,.T.);
#12523=EDGE_CURVE('',#5414,#5422,#4667,.T.);
#12585=EDGE_CURVE('',#4768,#4752,#4684,.T.);
#12597=EDGE_CURVE('',#4766,#4750,#4688,.T.);
#12610=EDGE_CURVE('',#4764,#4748,#4692,.T.);
#12623=EDGE_CURVE('',#4762,#4747,#4696,.T.);
#12662=EDGE_CURVE('',#5379,#6129,#4712,.T.);
#12689=TRIMMED_CURVE('',#12688,(PARAMETER_VALUE(0.E0)),(PARAMETER_VALUE(1.E0)),
.T.,.UNSPECIFIED.);
#12690=COMPOSITE_CURVE_SEGMENT(.CONTINUOUS.,.T.,#12689);
#12695=TRIMMED_CURVE('',#12694,(PARAMETER_VALUE(0.E0)),(PARAMETER_VALUE(1.E0)),
.T.,.UNSPECIFIED.);
#12696=COMPOSITE_CURVE_SEGMENT(.CONTINUOUS.,.T.,#12695);
#12701=TRIMMED_CURVE('',#12700,(PARAMETER_VALUE(0.E0)),(PARAMETER_VALUE(1.E0)),
.T.,.UNSPECIFIED.);
#12702=COMPOSITE_CURVE_SEGMENT(.CONTINUOUS.,.T.,#12701);
#12707=TRIMMED_CURVE('',#12706,(PARAMETER_VALUE(0.E0)),(PARAMETER_VALUE(1.E0)),
.T.,.UNSPECIFIED.);
#12708=COMPOSITE_CURVE_SEGMENT(.CONTINUOUS.,.T.,#12707);
#12709=COMPOSITE_CURVE('',(#12690,#12696,#12702,#12708),.F.);
#12715=TRIMMED_CURVE('',#12714,(PARAMETER_VALUE(0.E0)),(PARAMETER_VALUE(1.E0)),
.T.,.UNSPECIFIED.);
#12716=COMPOSITE_CURVE_SEGMENT(.CONTINUOUS.,.T.,#12715);
#12721=TRIMMED_CURVE('',#12720,(PARAMETER_VALUE(0.E0)),(PARAMETER_VALUE(1.E0)),
.T.,.UNSPECIFIED.);
#12722=COMPOSITE_CURVE_SEGMENT(.CONTINUOUS.,.T.,#12721);
#12727=TRIMMED_CURVE('',#12726,(PARAMETER_VALUE(0.E0)),(PARAMETER_VALUE(1.E0)),
.T.,.UNSPECIFIED.);
#12728=COMPOSITE_CURVE_SEGMENT(.CONTINUOUS.,.T.,#12727);
#12733=TRIMMED_CURVE('',#12732,(PARAMETER_VALUE(0.E0)),(PARAMETER_VALUE(1.E0)),
.T.,.UNSPECIFIED.);
#12734=COMPOSITE_CURVE_SEGMENT(.CONTINUOUS.,.T.,#12733);
#12735=COMPOSITE_CURVE('',(#12716,#12722,#12728,#12734),.F.);
#12740=TRIMMED_CURVE('',#12739,(PARAMETER_VALUE(0.E0)),(PARAMETER_VALUE(1.E0)),
.T.,.UNSPECIFIED.);
#12741=COMPOSITE_CURVE_SEGMENT(.CONTINUOUS.,.T.,#12740);
#12746=TRIMMED_CURVE('',#12745,(PARAMETER_VALUE(0.E0)),(PARAMETER_VALUE(1.E0)),
.T.,.UNSPECIFIED.);
#12747=COMPOSITE_CURVE_SEGMENT(.CONTINUOUS.,.T.,#12746);
#12752=TRIMMED_CURVE('',#12751,(PARAMETER_VALUE(0.E0)),(PARAMETER_VALUE(1.E0)),
.T.,.UNSPECIFIED.);
#12753=COMPOSITE_CURVE_SEGMENT(.CONTINUOUS.,.T.,#12752);
#12758=TRIMMED_CURVE('',#12757,(PARAMETER_VALUE(0.E0)),(PARAMETER_VALUE(1.E0)),
.T.,.UNSPECIFIED.);
#12759=COMPOSITE_CURVE_SEGMENT(.CONTINUOUS.,.T.,#12758);
#12760=COMPOSITE_CURVE('',(#12741,#12747,#12753,#12759),.F.);
#12765=TRIMMED_CURVE('',#12764,(PARAMETER_VALUE(0.E0)),(PARAMETER_VALUE(1.E0)),
.T.,.UNSPECIFIED.);
#12766=COMPOSITE_CURVE_SEGMENT(.CONTINUOUS.,.T.,#12765);
#12771=TRIMMED_CURVE('',#12770,(PARAMETER_VALUE(0.E0)),(PARAMETER_VALUE(1.E0)),
.T.,.UNSPECIFIED.);
#12772=COMPOSITE_CURVE_SEGMENT(.CONTINUOUS.,.T.,#12771);
#12777=TRIMMED_CURVE('',#12776,(PARAMETER_VALUE(0.E0)),(PARAMETER_VALUE(1.E0)),
.T.,.UNSPECIFIED.);
#12778=COMPOSITE_CURVE_SEGMENT(.CONTINUOUS.,.T.,#12777);
#12783=TRIMMED_CURVE('',#12782,(PARAMETER_VALUE(0.E0)),(PARAMETER_VALUE(1.E0)),
.T.,.UNSPECIFIED.);
#12784=COMPOSITE_CURVE_SEGMENT(.CONTINUOUS.,.T.,#12783);
#12785=COMPOSITE_CURVE('',(#12766,#12772,#12778,#12784),.F.);
#12790=TRIMMED_CURVE('',#12789,(PARAMETER_VALUE(0.E0)),(PARAMETER_VALUE(1.E0)),
.T.,.UNSPECIFIED.);
#12791=COMPOSITE_CURVE_SEGMENT(.CONTINUOUS.,.T.,#12790);
#12796=TRIMMED_CURVE('',#12795,(PARAMETER_VALUE(0.E0)),(PARAMETER_VALUE(1.E0)),
.T.,.UNSPECIFIED.);
#12797=COMPOSITE_CURVE_SEGMENT(.CONTINUOUS.,.T.,#12796);
#12802=TRIMMED_CURVE('',#12801,(PARAMETER_VALUE(0.E0)),(PARAMETER_VALUE(1.E0)),
.T.,.UNSPECIFIED.);
#12803=COMPOSITE_CURVE_SEGMENT(.CONTINUOUS.,.T.,#12802);
#12808=TRIMMED_CURVE('',#12807,(PARAMETER_VALUE(0.E0)),(PARAMETER_VALUE(1.E0)),
.T.,.UNSPECIFIED.);
#12809=COMPOSITE_CURVE_SEGMENT(.CONTINUOUS.,.T.,#12808);
#12810=COMPOSITE_CURVE('',(#12791,#12797,#12803,#12809),.F.);
#12815=TRIMMED_CURVE('',#12814,(PARAMETER_VALUE(0.E0)),(PARAMETER_VALUE(1.E0)),
.T.,.UNSPECIFIED.);
#12816=COMPOSITE_CURVE_SEGMENT(.CONTINUOUS.,.T.,#12815);
#12821=TRIMMED_CURVE('',#12820,(PARAMETER_VALUE(0.E0)),(PARAMETER_VALUE(1.E0)),
.T.,.UNSPECIFIED.);
#12822=COMPOSITE_CURVE_SEGMENT(.CONTINUOUS.,.T.,#12821);
#12827=TRIMMED_CURVE('',#12826,(PARAMETER_VALUE(0.E0)),(PARAMETER_VALUE(1.E0)),
.T.,.UNSPECIFIED.);
#12828=COMPOSITE_CURVE_SEGMENT(.CONTINUOUS.,.T.,#12827);
#12833=TRIMMED_CURVE('',#12832,(PARAMETER_VALUE(0.E0)),(PARAMETER_VALUE(1.E0)),
.T.,.UNSPECIFIED.);
#12834=COMPOSITE_CURVE_SEGMENT(.CONTINUOUS.,.T.,#12833);
#12835=COMPOSITE_CURVE('',(#12816,#12822,#12828,#12834),.F.);
#12840=TRIMMED_CURVE('',#12839,(PARAMETER_VALUE(0.E0)),(PARAMETER_VALUE(1.E0)),
.T.,.UNSPECIFIED.);
#12841=COMPOSITE_CURVE_SEGMENT(.CONTINUOUS.,.T.,#12840);
#12846=TRIMMED_CURVE('',#12845,(PARAMETER_VALUE(0.E0)),(PARAMETER_VALUE(1.E0)),
.T.,.UNSPECIFIED.);
#12847=COMPOSITE_CURVE_SEGMENT(.CONTINUOUS.,.T.,#12846);
#12852=TRIMMED_CURVE('',#12851,(PARAMETER_VALUE(0.E0)),(PARAMETER_VALUE(1.E0)),
.T.,.UNSPECIFIED.);
#12853=COMPOSITE_CURVE_SEGMENT(.CONTINUOUS.,.T.,#12852);
#12858=TRIMMED_CURVE('',#12857,(PARAMETER_VALUE(0.E0)),(PARAMETER_VALUE(1.E0)),
.T.,.UNSPECIFIED.);
#12859=COMPOSITE_CURVE_SEGMENT(.CONTINUOUS.,.T.,#12858);
#12860=COMPOSITE_CURVE('',(#12841,#12847,#12853,#12859),.F.);
#12865=TRIMMED_CURVE('',#12864,(PARAMETER_VALUE(0.E0)),(PARAMETER_VALUE(1.E0)),
.T.,.UNSPECIFIED.);
#12866=COMPOSITE_CURVE_SEGMENT(.CONTINUOUS.,.T.,#12865);
#12871=TRIMMED_CURVE('',#12870,(PARAMETER_VALUE(0.E0)),(PARAMETER_VALUE(1.E0)),
.T.,.UNSPECIFIED.);
#12872=COMPOSITE_CURVE_SEGMENT(.CONTINUOUS.,.T.,#12871);
#12877=TRIMMED_CURVE('',#12876,(PARAMETER_VALUE(0.E0)),(PARAMETER_VALUE(1.E0)),
.T.,.UNSPECIFIED.);
#12878=COMPOSITE_CURVE_SEGMENT(.CONTINUOUS.,.T.,#12877);
#12883=TRIMMED_CURVE('',#12882,(PARAMETER_VALUE(0.E0)),(PARAMETER_VALUE(1.E0)),
.T.,.UNSPECIFIED.);
#12884=COMPOSITE_CURVE_SEGMENT(.CONTINUOUS.,.T.,#12883);
#12885=COMPOSITE_CURVE('',(#12866,#12872,#12878,#12884),.F.);
#12890=TRIMMED_CURVE('',#12889,(PARAMETER_VALUE(0.E0)),(PARAMETER_VALUE(1.E0)),
.T.,.UNSPECIFIED.);
#12891=COMPOSITE_CURVE_SEGMENT(.CONTINUOUS.,.T.,#12890);
#12896=TRIMMED_CURVE('',#12895,(PARAMETER_VALUE(0.E0)),(PARAMETER_VALUE(1.E0)),
.T.,.UNSPECIFIED.);
#12897=COMPOSITE_CURVE_SEGMENT(.CONTINUOUS.,.T.,#12896);
#12902=TRIMMED_CURVE('',#12901,(PARAMETER_VALUE(0.E0)),(PARAMETER_VALUE(1.E0)),
.T.,.UNSPECIFIED.);
#12903=COMPOSITE_CURVE_SEGMENT(.CONTINUOUS.,.T.,#12902);
#12908=TRIMMED_CURVE('',#12907,(PARAMETER_VALUE(0.E0)),(PARAMETER_VALUE(1.E0)),
.T.,.UNSPECIFIED.);
#12909=COMPOSITE_CURVE_SEGMENT(.CONTINUOUS.,.T.,#12908);
#12910=COMPOSITE_CURVE('',(#12891,#12897,#12903,#12909),.F.);
#12915=TRIMMED_CURVE('',#12914,(PARAMETER_VALUE(0.E0)),(PARAMETER_VALUE(1.E0)),
.T.,.UNSPECIFIED.);
#12916=COMPOSITE_CURVE_SEGMENT(.CONTINUOUS.,.T.,#12915);
#12921=TRIMMED_CURVE('',#12920,(PARAMETER_VALUE(0.E0)),(PARAMETER_VALUE(1.E0)),
.T.,.UNSPECIFIED.);
#12922=COMPOSITE_CURVE_SEGMENT(.CONTINUOUS.,.T.,#12921);
#12927=TRIMMED_CURVE('',#12926,(PARAMETER_VALUE(0.E0)),(PARAMETER_VALUE(1.E0)),
.T.,.UNSPECIFIED.);
#12928=COMPOSITE_CURVE_SEGMENT(.CONTINUOUS.,.T.,#12927);
#12933=TRIMMED_CURVE('',#12932,(PARAMETER_VALUE(0.E0)),(PARAMETER_VALUE(1.E0)),
.T.,.UNSPECIFIED.);
#12934=COMPOSITE_CURVE_SEGMENT(.CONTINUOUS.,.T.,#12933);
#12935=COMPOSITE_CURVE('',(#12916,#12922,#12928,#12934),.F.);
#12936=(LENGTH_UNIT()NAMED_UNIT(*)SI_UNIT(.MILLI.,.METRE.));
#12938=(NAMED_UNIT(*)PLANE_ANGLE_UNIT()SI_UNIT($,.RADIAN.));
#12941=(NAMED_UNIT(*)SI_UNIT($,.STERADIAN.)SOLID_ANGLE_UNIT());
#12944=ADVANCED_BREP_SHAPE_REPRESENTATION('',(#12680),#12943);
#12945=GEOMETRICALLY_BOUNDED_SURFACE_SHAPE_REPRESENTATION('',(#12710),#12943);
#12946=SHAPE_REPRESENTATION('',(#12684),#12943);
#12955=PRODUCT_DEFINITION('design','',#12954,#12951);
#12956=PRODUCT_DEFINITION_SHAPE('','SHAPE FOR 5050700622.',#12955);
#12957=SHAPE_DEFINITION_REPRESENTATION(#12956,#12946);
ENDSEC;
END-ISO-10303-21;
