ISO-10303-21;
HEADER;
FILE_DESCRIPTION((''),'2;1');
FILE_NAME('5050660822','2019-03-29T',('gga'),(''),
'PRO/ENGINEER BY PARAMETRIC TECHNOLOGY CORPORATION, 2016010',
'PRO/ENGINEER BY PARAMETRIC TECHNOLOGY CORPORATION, 2016010','');
FILE_SCHEMA(('CONFIG_CONTROL_DESIGN'));
ENDSEC;
DATA;
#1=DIRECTION('',(0.E0,0.E0,-1.E0));
#2=VECTOR('',#1,1.25E-1);
#3=CARTESIAN_POINT('',(-7.E-1,0.E0,8.8E-1));
#4=LINE('',#3,#2);
#5=DIRECTION('',(1.E0,0.E0,0.E0));
#6=VECTOR('',#5,1.4E0);
#7=CARTESIAN_POINT('',(-7.E-1,0.E0,7.55E-1));
#8=LINE('',#7,#6);
#9=DIRECTION('',(0.E0,0.E0,1.E0));
#10=VECTOR('',#9,1.25E-1);
#11=CARTESIAN_POINT('',(7.E-1,0.E0,7.55E-1));
#12=LINE('',#11,#10);
#13=DIRECTION('',(0.E0,0.E0,1.E0));
#14=VECTOR('',#13,1.2E-1);
#15=CARTESIAN_POINT('',(1.41E0,0.E0,8.8E-1));
#16=LINE('',#15,#14);
#17=DIRECTION('',(1.E0,0.E0,0.E0));
#18=VECTOR('',#17,3.15E-1);
#19=CARTESIAN_POINT('',(1.41E0,0.E0,1.E0));
#20=LINE('',#19,#18);
#21=CARTESIAN_POINT('',(1.725E0,0.E0,8.E-1));
#22=DIRECTION('',(0.E0,1.E0,0.E0));
#23=DIRECTION('',(0.E0,0.E0,1.E0));
#24=AXIS2_PLACEMENT_3D('',#21,#22,#23);
#26=DIRECTION('',(0.E0,0.E0,-1.E0));
#27=VECTOR('',#26,1.85E-1);
#28=CARTESIAN_POINT('',(1.925E0,0.E0,8.E-1));
#29=LINE('',#28,#27);
#30=DIRECTION('',(-1.E0,0.E0,0.E0));
#31=VECTOR('',#30,2.5E-1);
#32=CARTESIAN_POINT('',(1.925E0,0.E0,6.15E-1));
#33=LINE('',#32,#31);
#34=DIRECTION('',(0.E0,0.E0,-1.E0));
#35=VECTOR('',#34,2.65E-1);
#36=CARTESIAN_POINT('',(1.675E0,0.E0,6.15E-1));
#37=LINE('',#36,#35);
#38=DIRECTION('',(1.E0,0.E0,0.E0));
#39=VECTOR('',#38,2.5E-1);
#40=CARTESIAN_POINT('',(1.675E0,0.E0,3.5E-1));
#41=LINE('',#40,#39);
#42=DIRECTION('',(0.E0,0.E0,-1.E0));
#43=VECTOR('',#42,7.E-1);
#44=CARTESIAN_POINT('',(1.925E0,0.E0,3.5E-1));
#45=LINE('',#44,#43);
#46=DIRECTION('',(-1.E0,0.E0,0.E0));
#47=VECTOR('',#46,2.5E-1);
#48=CARTESIAN_POINT('',(1.925E0,0.E0,-3.5E-1));
#49=LINE('',#48,#47);
#50=DIRECTION('',(0.E0,0.E0,-1.E0));
#51=VECTOR('',#50,2.65E-1);
#52=CARTESIAN_POINT('',(1.675E0,0.E0,-3.5E-1));
#53=LINE('',#52,#51);
#54=DIRECTION('',(1.E0,0.E0,0.E0));
#55=VECTOR('',#54,2.5E-1);
#56=CARTESIAN_POINT('',(1.675E0,0.E0,-6.15E-1));
#57=LINE('',#56,#55);
#58=DIRECTION('',(0.E0,0.E0,-1.E0));
#59=VECTOR('',#58,1.85E-1);
#60=CARTESIAN_POINT('',(1.925E0,0.E0,-6.15E-1));
#61=LINE('',#60,#59);
#62=CARTESIAN_POINT('',(1.725E0,0.E0,-8.E-1));
#63=DIRECTION('',(0.E0,1.E0,0.E0));
#64=DIRECTION('',(1.E0,0.E0,-1.665334536938E-14));
#65=AXIS2_PLACEMENT_3D('',#62,#63,#64);
#67=DIRECTION('',(-1.E0,0.E0,0.E0));
#68=VECTOR('',#67,3.15E-1);
#69=CARTESIAN_POINT('',(1.725E0,0.E0,-1.E0));
#70=LINE('',#69,#68);
#71=DIRECTION('',(0.E0,0.E0,1.E0));
#72=VECTOR('',#71,1.2E-1);
#73=CARTESIAN_POINT('',(1.41E0,0.E0,-1.E0));
#74=LINE('',#73,#72);
#75=DIRECTION('',(0.E0,0.E0,1.E0));
#76=VECTOR('',#75,1.25E-1);
#77=CARTESIAN_POINT('',(7.E-1,0.E0,-8.8E-1));
#78=LINE('',#77,#76);
#79=DIRECTION('',(-1.E0,0.E0,0.E0));
#80=VECTOR('',#79,1.4E0);
#81=CARTESIAN_POINT('',(7.E-1,0.E0,-7.55E-1));
#82=LINE('',#81,#80);
#83=DIRECTION('',(0.E0,0.E0,-1.E0));
#84=VECTOR('',#83,1.25E-1);
#85=CARTESIAN_POINT('',(-7.E-1,0.E0,-7.55E-1));
#86=LINE('',#85,#84);
#87=DIRECTION('',(0.E0,0.E0,-1.E0));
#88=VECTOR('',#87,1.2E-1);
#89=CARTESIAN_POINT('',(-1.41E0,0.E0,-8.8E-1));
#90=LINE('',#89,#88);
#91=DIRECTION('',(-1.E0,0.E0,0.E0));
#92=VECTOR('',#91,3.15E-1);
#93=CARTESIAN_POINT('',(-1.41E0,0.E0,-1.E0));
#94=LINE('',#93,#92);
#95=CARTESIAN_POINT('',(-1.725E0,0.E0,-8.E-1));
#96=DIRECTION('',(0.E0,1.E0,0.E0));
#97=DIRECTION('',(0.E0,0.E0,-1.E0));
#98=AXIS2_PLACEMENT_3D('',#95,#96,#97);
#100=DIRECTION('',(0.E0,0.E0,1.E0));
#101=VECTOR('',#100,1.85E-1);
#102=CARTESIAN_POINT('',(-1.925E0,0.E0,-8.E-1));
#103=LINE('',#102,#101);
#104=DIRECTION('',(1.E0,0.E0,0.E0));
#105=VECTOR('',#104,2.5E-1);
#106=CARTESIAN_POINT('',(-1.925E0,0.E0,-6.15E-1));
#107=LINE('',#106,#105);
#108=DIRECTION('',(0.E0,0.E0,1.E0));
#109=VECTOR('',#108,2.65E-1);
#110=CARTESIAN_POINT('',(-1.675E0,0.E0,-6.15E-1));
#111=LINE('',#110,#109);
#112=DIRECTION('',(-1.E0,0.E0,0.E0));
#113=VECTOR('',#112,2.5E-1);
#114=CARTESIAN_POINT('',(-1.675E0,0.E0,-3.5E-1));
#115=LINE('',#114,#113);
#116=DIRECTION('',(0.E0,0.E0,1.E0));
#117=VECTOR('',#116,7.E-1);
#118=CARTESIAN_POINT('',(-1.925E0,0.E0,-3.5E-1));
#119=LINE('',#118,#117);
#120=DIRECTION('',(1.E0,0.E0,0.E0));
#121=VECTOR('',#120,2.5E-1);
#122=CARTESIAN_POINT('',(-1.925E0,0.E0,3.5E-1));
#123=LINE('',#122,#121);
#124=DIRECTION('',(0.E0,0.E0,1.E0));
#125=VECTOR('',#124,2.65E-1);
#126=CARTESIAN_POINT('',(-1.675E0,0.E0,3.5E-1));
#127=LINE('',#126,#125);
#128=DIRECTION('',(-1.E0,0.E0,0.E0));
#129=VECTOR('',#128,2.5E-1);
#130=CARTESIAN_POINT('',(-1.675E0,0.E0,6.15E-1));
#131=LINE('',#130,#129);
#132=DIRECTION('',(0.E0,0.E0,1.E0));
#133=VECTOR('',#132,1.85E-1);
#134=CARTESIAN_POINT('',(-1.925E0,0.E0,6.15E-1));
#135=LINE('',#134,#133);
#136=CARTESIAN_POINT('',(-1.725E0,0.E0,8.E-1));
#137=DIRECTION('',(0.E0,1.E0,0.E0));
#138=DIRECTION('',(-1.E0,0.E0,0.E0));
#139=AXIS2_PLACEMENT_3D('',#136,#137,#138);
#141=DIRECTION('',(1.E0,0.E0,0.E0));
#142=VECTOR('',#141,3.15E-1);
#143=CARTESIAN_POINT('',(-1.725E0,0.E0,1.E0));
#144=LINE('',#143,#142);
#145=DIRECTION('',(0.E0,0.E0,-1.E0));
#146=VECTOR('',#145,1.2E-1);
#147=CARTESIAN_POINT('',(-1.41E0,0.E0,1.E0));
#148=LINE('',#147,#146);
#149=DIRECTION('',(-1.E0,0.E0,0.E0));
#150=VECTOR('',#149,4.E-2);
#151=CARTESIAN_POINT('',(-7.65E-1,3.4E-1,8.8E-1));
#152=LINE('',#151,#150);
#153=DIRECTION('',(-1.E0,0.E0,0.E0));
#154=VECTOR('',#153,7.1E-1);
#155=CARTESIAN_POINT('',(-7.E-1,0.E0,8.8E-1));
#156=LINE('',#155,#154);
#157=DIRECTION('',(0.E0,1.E0,0.E0));
#158=VECTOR('',#157,2.2E-1);
#159=CARTESIAN_POINT('',(-1.41E0,0.E0,8.8E-1));
#160=LINE('',#159,#158);
#161=DIRECTION('',(1.E0,0.E0,0.E0));
#162=VECTOR('',#161,2.95E-1);
#163=CARTESIAN_POINT('',(-1.675E0,2.5E-1,8.8E-1));
#164=LINE('',#163,#162);
#165=DIRECTION('',(-7.071067811865E-1,7.071067811865E-1,0.E0));
#166=VECTOR('',#165,2.687005768509E-1);
#167=CARTESIAN_POINT('',(-1.19E0,6.E-2,8.8E-1));
#168=LINE('',#167,#166);
#169=DIRECTION('',(-1.E0,0.E0,0.E0));
#170=VECTOR('',#169,3.85E-1);
#171=CARTESIAN_POINT('',(-8.05E-1,6.E-2,8.8E-1));
#172=LINE('',#171,#170);
#173=DIRECTION('',(1.E0,0.E0,0.E0));
#174=VECTOR('',#173,1.505851374348E-1);
#175=CARTESIAN_POINT('',(-1.170585137435E0,4.4E-1,8.8E-1));
#176=LINE('',#175,#174);
#177=DIRECTION('',(0.E0,-1.E0,0.E0));
#178=VECTOR('',#177,1.E-1);
#179=CARTESIAN_POINT('',(-1.02E0,4.4E-1,8.8E-1));
#180=LINE('',#179,#178);
#181=DIRECTION('',(-1.E0,0.E0,0.E0));
#182=VECTOR('',#181,4.E-2);
#183=CARTESIAN_POINT('',(-9.8E-1,3.4E-1,8.8E-1));
#184=LINE('',#183,#182);
#185=DIRECTION('',(1.E0,0.E0,0.E0));
#186=VECTOR('',#185,1.212994231491E-1);
#187=CARTESIAN_POINT('',(-1.101299423149E0,2.4E-1,8.8E-1));
#188=LINE('',#187,#186);
#189=DIRECTION('',(7.071067811865E-1,-7.071067811865E-1,0.E0));
#190=VECTOR('',#189,2.192031021678E-1);
#191=CARTESIAN_POINT('',(-1.256299423149E0,3.95E-1,8.8E-1));
#192=LINE('',#191,#190);
#193=DIRECTION('',(0.E0,-1.E0,0.E0));
#194=VECTOR('',#193,4.5E-2);
#195=CARTESIAN_POINT('',(-1.256299423149E0,4.4E-1,8.8E-1));
#196=LINE('',#195,#194);
#197=DIRECTION('',(1.E0,0.E0,0.E0));
#198=VECTOR('',#197,8.571428571429E-2);
#199=CARTESIAN_POINT('',(-1.256299423149E0,4.4E-1,8.8E-1));
#200=LINE('',#199,#198);
#201=CARTESIAN_POINT('',(-8.05E-1,3.2E-1,8.5E-1));
#202=DIRECTION('',(1.E0,0.E0,0.E0));
#203=DIRECTION('',(0.E0,1.E0,0.E0));
#204=AXIS2_PLACEMENT_3D('',#201,#202,#203);
#206=DIRECTION('',(0.E0,0.E0,1.E0));
#207=VECTOR('',#206,1.66E-1);
#208=CARTESIAN_POINT('',(-8.05E-1,4.4E-1,6.84E-1));
#209=LINE('',#208,#207);
#210=CARTESIAN_POINT('',(-8.05E-1,3.5E-1,6.84E-1));
#211=DIRECTION('',(1.E0,0.E0,0.E0));
#212=DIRECTION('',(0.E0,6.427876096865E-1,-7.660444431190E-1));
#213=AXIS2_PLACEMENT_3D('',#210,#211,#212);
#215=DIRECTION('',(0.E0,7.660444431190E-1,6.427876096865E-1));
#216=VECTOR('',#215,5.221629157329E-2);
#217=CARTESIAN_POINT('',(-8.05E-1,3.678508848718E-1,5.814920148722E-1));
#218=LINE('',#217,#216);
#219=CARTESIAN_POINT('',(-8.05E-1,3.1E-1,6.504360147529E-1));
#220=DIRECTION('',(1.E0,0.E0,0.E0));
#221=DIRECTION('',(0.E0,-2.535923447086E-1,-9.673111819395E-1));
#222=AXIS2_PLACEMENT_3D('',#219,#220,#221);
#224=DIRECTION('',(0.E0,9.673111819395E-1,-2.535923447086E-1));
#225=VECTOR('',#224,1.128661500194E-1);
#226=CARTESIAN_POINT('',(-8.05E-1,1.78E-1,5.92E-1));
#227=LINE('',#226,#225);
#228=DIRECTION('',(0.E0,-2.535923447086E-1,-9.673111819395E-1));
#229=VECTOR('',#228,1.219876314915E-1);
#230=CARTESIAN_POINT('',(-8.05E-1,2.089351294954E-1,7.1E-1));
#231=LINE('',#230,#229);
#232=DIRECTION('',(0.E0,-1.E0,0.E0));
#233=VECTOR('',#232,2.8E-1);
#234=CARTESIAN_POINT('',(-8.05E-1,3.4E-1,8.8E-1));
#235=LINE('',#234,#233);
#236=DIRECTION('',(0.E0,1.E0,0.E0));
#237=VECTOR('',#236,2.6E-1);
#238=CARTESIAN_POINT('',(-8.05E-1,6.E-2,9.7E-1));
#239=LINE('',#238,#237);
#240=CARTESIAN_POINT('',(-8.05E-1,3.2E-1,-8.5E-1));
#241=DIRECTION('',(1.E0,0.E0,0.E0));
#242=DIRECTION('',(0.E0,0.E0,-1.E0));
#243=AXIS2_PLACEMENT_3D('',#240,#241,#242);
#245=DIRECTION('',(0.E0,2.535923447086E-1,-9.673111819395E-1));
#246=VECTOR('',#245,1.219876314915E-1);
#247=CARTESIAN_POINT('',(-8.05E-1,1.78E-1,-5.92E-1));
#248=LINE('',#247,#246);
#249=DIRECTION('',(0.E0,-9.673111819395E-1,-2.535923447086E-1));
#250=VECTOR('',#249,1.128661500194E-1);
#251=CARTESIAN_POINT('',(-8.05E-1,2.871766889762E-1,-5.633780083784E-1));
#252=LINE('',#251,#250);
#253=CARTESIAN_POINT('',(-8.05E-1,3.1E-1,-6.504360147529E-1));
#254=DIRECTION('',(1.E0,0.E0,0.E0));
#255=DIRECTION('',(0.E0,6.427876096865E-1,7.660444431190E-1));
#256=AXIS2_PLACEMENT_3D('',#253,#254,#255);
#258=DIRECTION('',(0.E0,-7.660444431190E-1,6.427876096865E-1));
#259=VECTOR('',#258,5.221629157329E-2);
#260=CARTESIAN_POINT('',(-8.05E-1,4.078508848718E-1,-6.150560001193E-1));
#261=LINE('',#260,#259);
#262=CARTESIAN_POINT('',(-8.05E-1,3.5E-1,-6.84E-1));
#263=DIRECTION('',(1.E0,0.E0,0.E0));
#264=DIRECTION('',(0.E0,1.E0,0.E0));
#265=AXIS2_PLACEMENT_3D('',#262,#263,#264);
#267=CARTESIAN_POINT('',(-9.8E-1,3.2E-1,8.5E-1));
#268=DIRECTION('',(-1.E0,0.E0,0.E0));
#269=DIRECTION('',(0.E0,0.E0,1.E0));
#270=AXIS2_PLACEMENT_3D('',#267,#268,#269);
#272=DIRECTION('',(0.E0,-1.E0,0.E0));
#273=VECTOR('',#272,8.E-2);
#274=CARTESIAN_POINT('',(-9.8E-1,3.2E-1,9.7E-1));
#275=LINE('',#274,#273);
#276=DIRECTION('',(0.E0,0.E0,1.E0));
#277=VECTOR('',#276,9.E-2);
#278=CARTESIAN_POINT('',(-9.8E-1,2.4E-1,8.8E-1));
#279=LINE('',#278,#277);
#280=DIRECTION('',(0.E0,1.E0,0.E0));
#281=VECTOR('',#280,1.E-1);
#282=CARTESIAN_POINT('',(-9.8E-1,2.4E-1,8.8E-1));
#283=LINE('',#282,#281);
#284=DIRECTION('',(0.E0,-2.535923447086E-1,-9.673111819395E-1));
#285=VECTOR('',#284,1.219876314915E-1);
#286=CARTESIAN_POINT('',(-9.8E-1,2.089351294954E-1,7.1E-1));
#287=LINE('',#286,#285);
#288=DIRECTION('',(0.E0,9.673111819395E-1,-2.535923447086E-1));
#289=VECTOR('',#288,1.128661500194E-1);
#290=CARTESIAN_POINT('',(-9.8E-1,1.78E-1,5.92E-1));
#291=LINE('',#290,#289);
#292=CARTESIAN_POINT('',(-9.8E-1,3.1E-1,6.504360147529E-1));
#293=DIRECTION('',(1.E0,0.E0,0.E0));
#294=DIRECTION('',(0.E0,-2.535923447086E-1,-9.673111819395E-1));
#295=AXIS2_PLACEMENT_3D('',#292,#293,#294);
#297=DIRECTION('',(0.E0,7.660444431190E-1,6.427876096865E-1));
#298=VECTOR('',#297,5.221629157329E-2);
#299=CARTESIAN_POINT('',(-9.8E-1,3.678508848718E-1,5.814920148722E-1));
#300=LINE('',#299,#298);
#301=CARTESIAN_POINT('',(-9.8E-1,3.5E-1,6.84E-1));
#302=DIRECTION('',(1.E0,0.E0,0.E0));
#303=DIRECTION('',(0.E0,6.427876096865E-1,-7.660444431190E-1));
#304=AXIS2_PLACEMENT_3D('',#301,#302,#303);
#306=DIRECTION('',(0.E0,0.E0,1.E0));
#307=VECTOR('',#306,1.66E-1);
#308=CARTESIAN_POINT('',(-9.8E-1,4.4E-1,6.84E-1));
#309=LINE('',#308,#307);
#310=CARTESIAN_POINT('',(-9.8E-1,3.2E-1,-8.5E-1));
#311=DIRECTION('',(-1.E0,0.E0,0.E0));
#312=DIRECTION('',(0.E0,1.E0,0.E0));
#313=AXIS2_PLACEMENT_3D('',#310,#311,#312);
#315=DIRECTION('',(0.E0,0.E0,1.E0));
#316=VECTOR('',#315,1.66E-1);
#317=CARTESIAN_POINT('',(-9.8E-1,4.4E-1,-8.5E-1));
#318=LINE('',#317,#316);
#319=CARTESIAN_POINT('',(-9.8E-1,3.5E-1,-6.84E-1));
#320=DIRECTION('',(1.E0,0.E0,0.E0));
#321=DIRECTION('',(0.E0,1.E0,0.E0));
#322=AXIS2_PLACEMENT_3D('',#319,#320,#321);
#324=DIRECTION('',(0.E0,-7.660444431190E-1,6.427876096865E-1));
#325=VECTOR('',#324,5.221629157329E-2);
#326=CARTESIAN_POINT('',(-9.8E-1,4.078508848718E-1,-6.150560001193E-1));
#327=LINE('',#326,#325);
#328=CARTESIAN_POINT('',(-9.8E-1,3.1E-1,-6.504360147529E-1));
#329=DIRECTION('',(1.E0,0.E0,0.E0));
#330=DIRECTION('',(0.E0,6.427876096865E-1,7.660444431190E-1));
#331=AXIS2_PLACEMENT_3D('',#328,#329,#330);
#333=DIRECTION('',(0.E0,-9.673111819395E-1,-2.535923447086E-1));
#334=VECTOR('',#333,1.128661500194E-1);
#335=CARTESIAN_POINT('',(-9.8E-1,2.871766889762E-1,-5.633780083784E-1));
#336=LINE('',#335,#334);
#337=DIRECTION('',(0.E0,2.535923447086E-1,-9.673111819395E-1));
#338=VECTOR('',#337,1.219876314915E-1);
#339=CARTESIAN_POINT('',(-9.8E-1,1.78E-1,-5.92E-1));
#340=LINE('',#339,#338);
#341=DIRECTION('',(0.E0,0.E0,-1.E0));
#342=VECTOR('',#341,9.E-2);
#343=CARTESIAN_POINT('',(-9.8E-1,2.4E-1,-8.8E-1));
#344=LINE('',#343,#342);
#345=DIRECTION('',(1.E0,0.E0,0.E0));
#346=VECTOR('',#345,1.2E-1);
#347=CARTESIAN_POINT('',(-1.645E0,4.4E-1,9.7E-1));
#348=LINE('',#347,#346);
#349=DIRECTION('',(1.E0,0.E0,0.E0));
#350=VECTOR('',#349,2.687005768509E-1);
#351=CARTESIAN_POINT('',(-1.525E0,4.4E-1,9.7E-1));
#352=LINE('',#351,#350);
#353=DIRECTION('',(7.071067811865E-1,-7.071067811865E-1,0.E0));
#354=VECTOR('',#353,2.192031021678E-1);
#355=CARTESIAN_POINT('',(-1.256299423149E0,3.95E-1,9.7E-1));
#356=LINE('',#355,#354);
#357=DIRECTION('',(1.E0,0.E0,0.E0));
#358=VECTOR('',#357,1.212994231491E-1);
#359=CARTESIAN_POINT('',(-1.101299423149E0,2.4E-1,9.7E-1));
#360=LINE('',#359,#358);
#361=DIRECTION('',(-1.E0,0.E0,0.E0));
#362=VECTOR('',#361,1.75E-1);
#363=CARTESIAN_POINT('',(-8.05E-1,3.2E-1,9.7E-1));
#364=LINE('',#363,#362);
#365=DIRECTION('',(-1.E0,0.E0,0.E0));
#366=VECTOR('',#365,3.85E-1);
#367=CARTESIAN_POINT('',(-8.05E-1,6.E-2,9.7E-1));
#368=LINE('',#367,#366);
#369=DIRECTION('',(-7.071067811865E-1,7.071067811865E-1,0.E0));
#370=VECTOR('',#369,2.687005768509E-1);
#371=CARTESIAN_POINT('',(-1.19E0,6.E-2,9.7E-1));
#372=LINE('',#371,#370);
#373=DIRECTION('',(-1.E0,0.E0,0.E0));
#374=VECTOR('',#373,2.65E-1);
#375=CARTESIAN_POINT('',(-1.38E0,2.5E-1,9.7E-1));
#376=LINE('',#375,#374);
#377=DIRECTION('',(0.E0,-1.E0,0.E0));
#378=VECTOR('',#377,1.9E-1);
#379=CARTESIAN_POINT('',(-1.645E0,4.4E-1,9.7E-1));
#380=LINE('',#379,#378);
#381=DIRECTION('',(1.E0,0.E0,0.E0));
#382=VECTOR('',#381,1.2E-1);
#383=CARTESIAN_POINT('',(1.525E0,4.4E-1,9.7E-1));
#384=LINE('',#383,#382);
#385=DIRECTION('',(0.E0,1.E0,0.E0));
#386=VECTOR('',#385,1.9E-1);
#387=CARTESIAN_POINT('',(1.645E0,2.5E-1,9.7E-1));
#388=LINE('',#387,#386);
#389=DIRECTION('',(-1.E0,0.E0,0.E0));
#390=VECTOR('',#389,2.65E-1);
#391=CARTESIAN_POINT('',(1.645E0,2.5E-1,9.7E-1));
#392=LINE('',#391,#390);
#393=DIRECTION('',(-7.071067811865E-1,-7.071067811865E-1,0.E0));
#394=VECTOR('',#393,2.687005768509E-1);
#395=CARTESIAN_POINT('',(1.38E0,2.5E-1,9.7E-1));
#396=LINE('',#395,#394);
#397=DIRECTION('',(-1.E0,0.E0,0.E0));
#398=VECTOR('',#397,3.85E-1);
#399=CARTESIAN_POINT('',(1.19E0,6.E-2,9.7E-1));
#400=LINE('',#399,#398);
#401=DIRECTION('',(-1.E0,0.E0,0.E0));
#402=VECTOR('',#401,1.75E-1);
#403=CARTESIAN_POINT('',(9.8E-1,3.2E-1,9.7E-1));
#404=LINE('',#403,#402);
#405=DIRECTION('',(1.E0,0.E0,0.E0));
#406=VECTOR('',#405,1.212994231491E-1);
#407=CARTESIAN_POINT('',(9.8E-1,2.4E-1,9.7E-1));
#408=LINE('',#407,#406);
#409=DIRECTION('',(7.071067811865E-1,7.071067811865E-1,0.E0));
#410=VECTOR('',#409,2.192031021678E-1);
#411=CARTESIAN_POINT('',(1.101299423149E0,2.4E-1,9.7E-1));
#412=LINE('',#411,#410);
#413=DIRECTION('',(1.E0,0.E0,0.E0));
#414=VECTOR('',#413,2.687005768509E-1);
#415=CARTESIAN_POINT('',(1.256299423149E0,4.4E-1,9.7E-1));
#416=LINE('',#415,#414);
#417=DIRECTION('',(6.896551724138E-1,0.E0,7.241379310345E-1));
#418=VECTOR('',#417,1.657142857143E-1);
#419=CARTESIAN_POINT('',(-1.170585137435E0,4.4E-1,-8.8E-1));
#420=LINE('',#419,#418);
#421=DIRECTION('',(-1.E0,0.E0,0.E0));
#422=VECTOR('',#421,3.629942314911E-2);
#423=CARTESIAN_POINT('',(-1.02E0,4.4E-1,-7.4E-1));
#424=LINE('',#423,#422);
#425=DIRECTION('',(0.E0,0.E0,-1.E0));
#426=VECTOR('',#425,2.E-2);
#427=CARTESIAN_POINT('',(-1.056299423149E0,4.4E-1,-7.4E-1));
#428=LINE('',#427,#426);
#429=DIRECTION('',(-6.896551724138E-1,0.E0,7.241379310345E-1));
#430=VECTOR('',#429,1.657142857143E-1);
#431=CARTESIAN_POINT('',(-1.056299423149E0,4.4E-1,7.6E-1));
#432=LINE('',#431,#430);
#433=DIRECTION('',(0.E0,0.E0,-1.E0));
#434=VECTOR('',#433,2.E-2);
#435=CARTESIAN_POINT('',(-1.056299423149E0,4.4E-1,7.6E-1));
#436=LINE('',#435,#434);
#437=DIRECTION('',(-1.E0,0.E0,0.E0));
#438=VECTOR('',#437,3.629942314911E-2);
#439=CARTESIAN_POINT('',(-1.02E0,4.4E-1,7.4E-1));
#440=LINE('',#439,#438);
#441=DIRECTION('',(1.E0,0.E0,0.E0));
#442=VECTOR('',#441,3.700576850888E-3);
#443=CARTESIAN_POINT('',(-1.525E0,4.4E-1,-8.8E-1));
#444=LINE('',#443,#442);
#445=DIRECTION('',(-6.E-1,0.E0,-8.E-1));
#446=VECTOR('',#445,1.75E-1);
#447=CARTESIAN_POINT('',(-1.416299423149E0,4.4E-1,-7.4E-1));
#448=LINE('',#447,#446);
#449=DIRECTION('',(-1.E0,0.E0,0.E0));
#450=VECTOR('',#449,5.370057685089E-2);
#451=CARTESIAN_POINT('',(-1.416299423149E0,4.4E-1,-7.4E-1));
#452=LINE('',#451,#450);
#453=DIRECTION('',(1.E0,0.E0,2.220446049250E-14));
#454=VECTOR('',#453,5.000000000001E-3);
#455=CARTESIAN_POINT('',(-1.475E0,4.4E-1,-5.9E-1));
#456=LINE('',#455,#454);
#457=DIRECTION('',(7.808688094430E-1,0.E0,6.246950475544E-1));
#458=VECTOR('',#457,2.561249694973E-1);
#459=CARTESIAN_POINT('',(-1.675E0,4.4E-1,-7.5E-1));
#460=LINE('',#459,#458);
#461=DIRECTION('',(-1.E0,0.E0,0.E0));
#462=VECTOR('',#461,9.E-2);
#463=CARTESIAN_POINT('',(-1.675E0,4.4E-1,-7.5E-1));
#464=LINE('',#463,#462);
#465=CARTESIAN_POINT('',(-1.645E0,4.4E-1,-8.5E-1));
#466=DIRECTION('',(0.E0,1.E0,0.E0));
#467=DIRECTION('',(0.E0,0.E0,-1.E0));
#468=AXIS2_PLACEMENT_3D('',#465,#466,#467);
#470=CARTESIAN_POINT('',(-1.645E0,4.4E-1,8.5E-1));
#471=DIRECTION('',(0.E0,1.E0,0.E0));
#472=DIRECTION('',(-1.E0,0.E0,0.E0));
#473=AXIS2_PLACEMENT_3D('',#470,#471,#472);
#475=DIRECTION('',(-7.808688094430E-1,0.E0,6.246950475544E-1));
#476=VECTOR('',#475,2.561249694973E-1);
#477=CARTESIAN_POINT('',(-1.475E0,4.4E-1,5.9E-1));
#478=LINE('',#477,#476);
#479=DIRECTION('',(1.E0,0.E0,0.E0));
#480=VECTOR('',#479,5.000000000001E-3);
#481=CARTESIAN_POINT('',(-1.475E0,4.4E-1,5.9E-1));
#482=LINE('',#481,#480);
#483=DIRECTION('',(-1.E0,0.E0,0.E0));
#484=VECTOR('',#483,5.370057685089E-2);
#485=CARTESIAN_POINT('',(-1.416299423149E0,4.4E-1,7.4E-1));
#486=LINE('',#485,#484);
#487=DIRECTION('',(6.E-1,0.E0,-8.E-1));
#488=VECTOR('',#487,1.75E-1);
#489=CARTESIAN_POINT('',(-1.521299423149E0,4.4E-1,8.8E-1));
#490=LINE('',#489,#488);
#491=DIRECTION('',(1.E0,0.E0,0.E0));
#492=VECTOR('',#491,3.700576850888E-3);
#493=CARTESIAN_POINT('',(-1.525E0,4.4E-1,8.8E-1));
#494=LINE('',#493,#492);
#495=CARTESIAN_POINT('',(-1.256299423149E0,4.4E-1,-9.7E-1));
#496=CARTESIAN_POINT('',(-1.256299423149E0,4.519047619048E-1,-9.7E-1));
#497=CARTESIAN_POINT('',(-1.253271805296E0,4.713242398279E-1,
-9.668210012547E-1));
#498=CARTESIAN_POINT('',(-1.241746562109E0,5.022316848256E-1,
-9.547194959082E-1));
#499=CARTESIAN_POINT('',(-1.220297599870E0,5.306544991019E-1,
-9.321980855565E-1));
#500=CARTESIAN_POINT('',(-1.186561994568E0,5.531664428434E-1,
-8.967756999900E-1));
#501=CARTESIAN_POINT('',(-1.158434070111E0,5.6E-1,-8.672413793103E-1));
#502=CARTESIAN_POINT('',(-1.142013708863E0,5.6E-1,-8.5E-1));
#504=DIRECTION('',(6.896551724138E-1,0.E0,7.241379310345E-1));
#505=VECTOR('',#504,1.242857142857E-1);
#506=CARTESIAN_POINT('',(-1.256299423149E0,4.4E-1,-9.7E-1));
#507=LINE('',#506,#505);
#508=DIRECTION('',(-5.757224002072E-1,5.505571422513E-1,-6.045085202176E-1));
#509=VECTOR('',#508,3.749413229388E-2);
#510=CARTESIAN_POINT('',(-1.056299423149E0,5.132901999899E-1,-7.6E-1));
#511=LINE('',#510,#509);
#512=CARTESIAN_POINT('',(-1.077885634987E0,5.339328623168E-1,
-7.826655224298E-1));
#513=CARTESIAN_POINT('',(-1.087558493210E0,5.431829126516E-1,
-7.928220235643E-1));
#514=CARTESIAN_POINT('',(-1.108148135542E0,5.556719923742E-1,
-8.144411480123E-1));
#515=CARTESIAN_POINT('',(-1.130426637206E0,5.6E-1,-8.378335747602E-1));
#516=CARTESIAN_POINT('',(-1.142013708863E0,5.6E-1,-8.5E-1));
#518=DIRECTION('',(1.E0,0.E0,0.E0));
#519=VECTOR('',#518,3.567857142857E-1);
#520=CARTESIAN_POINT('',(-1.498799423149E0,5.6E-1,-8.5E-1));
#521=LINE('',#520,#519);
#522=DIRECTION('',(-1.E0,0.E0,0.E0));
#523=VECTOR('',#522,3.704129299844E-1);
#524=CARTESIAN_POINT('',(-1.077885634987E0,5.339328623168E-1,
-7.826655224298E-1));
#525=LINE('',#524,#523);
#526=DIRECTION('',(-1.E0,0.E0,0.E0));
#527=VECTOR('',#526,3.E-1);
#528=CARTESIAN_POINT('',(-1.056299423149E0,4.04E-1,-6.4E-1));
#529=LINE('',#528,#527);
#530=DIRECTION('',(0.E0,1.E0,0.E0));
#531=VECTOR('',#530,7.329019998986E-2);
#532=CARTESIAN_POINT('',(-1.056299423149E0,4.4E-1,-7.6E-1));
#533=LINE('',#532,#531);
#534=DIRECTION('',(0.E0,0.E0,-1.E0));
#535=VECTOR('',#534,1.E-1);
#536=CARTESIAN_POINT('',(-1.056299423149E0,3.2E-1,-6.4E-1));
#537=LINE('',#536,#535);
#538=DIRECTION('',(0.E0,-1.E0,0.E0));
#539=VECTOR('',#538,8.4E-2);
#540=CARTESIAN_POINT('',(-1.056299423149E0,4.04E-1,-6.4E-1));
#541=LINE('',#540,#539);
#542=DIRECTION('',(0.E0,-6.733447757019E-1,7.393286231677E-1));
#543=VECTOR('',#542,1.623094199787E-1);
#544=CARTESIAN_POINT('',(-1.056299423149E0,5.132901999899E-1,-7.6E-1));
#545=LINE('',#544,#543);
#546=DIRECTION('',(0.E0,-1.E0,0.E0));
#547=VECTOR('',#546,7.329019998986E-2);
#548=CARTESIAN_POINT('',(-1.056299423149E0,5.132901999899E-1,7.6E-1));
#549=LINE('',#548,#547);
#550=DIRECTION('',(0.E0,6.733447757019E-1,7.393286231677E-1));
#551=VECTOR('',#550,1.623094199787E-1);
#552=CARTESIAN_POINT('',(-1.056299423149E0,4.04E-1,6.4E-1));
#553=LINE('',#552,#551);
#554=DIRECTION('',(0.E0,1.E0,0.E0));
#555=VECTOR('',#554,8.4E-2);
#556=CARTESIAN_POINT('',(-1.056299423149E0,3.2E-1,6.4E-1));
#557=LINE('',#556,#555);
#558=DIRECTION('',(0.E0,0.E0,-1.E0));
#559=VECTOR('',#558,1.E-1);
#560=CARTESIAN_POINT('',(-1.056299423149E0,3.2E-1,7.4E-1));
#561=LINE('',#560,#559);
#562=DIRECTION('',(0.E0,1.E0,0.E0));
#563=VECTOR('',#562,1.2E-1);
#564=CARTESIAN_POINT('',(-1.416299423149E0,3.2E-1,-7.4E-1));
#565=LINE('',#564,#563);
#566=DIRECTION('',(0.E0,-1.E0,0.E0));
#567=VECTOR('',#566,1.2E-1);
#568=CARTESIAN_POINT('',(-1.056299423149E0,4.4E-1,-7.4E-1));
#569=LINE('',#568,#567);
#570=DIRECTION('',(0.E0,-1.E0,0.E0));
#571=VECTOR('',#570,6.E-2);
#572=CARTESIAN_POINT('',(-1.02E0,3.4E-1,-7.4E-1));
#573=LINE('',#572,#571);
#574=CARTESIAN_POINT('',(-1.498799423149E0,5.6E-1,-8.5E-1));
#575=CARTESIAN_POINT('',(-1.506377310371E0,5.6E-1,-8.601038496296E-1));
#576=CARTESIAN_POINT('',(-1.513878201672E0,5.587443685809E-1,
-8.701050380302E-1));
#577=CARTESIAN_POINT('',(-1.521299423149E0,5.561895003862E-1,-8.8E-1));
#579=CARTESIAN_POINT('',(-1.498799423149E0,5.6E-1,-8.5E-1));
#580=CARTESIAN_POINT('',(-1.489533700587E0,5.6E-1,-8.376457032500E-1));
#581=CARTESIAN_POINT('',(-1.471871319063E0,5.555523506509E-1,
-8.140958612180E-1));
#582=CARTESIAN_POINT('',(-1.455787353523E0,5.430267645221E-1,
-7.926505738319E-1));
#583=CARTESIAN_POINT('',(-1.448298564971E0,5.339328623168E-1,
-7.826655224298E-1));
#585=DIRECTION('',(4.849349956923E-1,-5.888738073477E-1,6.465799942564E-1));
#586=VECTOR('',#585,1.897143795346E-1);
#587=CARTESIAN_POINT('',(-1.448298564971E0,5.339328623168E-1,
-7.826655224298E-1));
#588=LINE('',#587,#586);
#589=DIRECTION('',(-6.E-1,0.E0,-8.E-1));
#590=VECTOR('',#589,1.E-1);
#591=CARTESIAN_POINT('',(-1.356299423149E0,3.2E-1,-6.6E-1));
#592=LINE('',#591,#590);
#593=DIRECTION('',(0.E0,-1.E0,0.E0));
#594=VECTOR('',#593,1.022150333316E-1);
#595=CARTESIAN_POINT('',(-1.356299423149E0,4.222150333316E-1,-6.6E-1));
#596=LINE('',#595,#594);
#597=DIRECTION('',(0.E0,-6.733447757019E-1,7.393286231677E-1));
#598=VECTOR('',#597,2.705156999645E-2);
#599=CARTESIAN_POINT('',(-1.356299423149E0,4.222150333316E-1,-6.6E-1));
#600=LINE('',#599,#598);
#601=DIRECTION('',(0.E0,-1.E0,0.E0));
#602=VECTOR('',#601,8.4E-2);
#603=CARTESIAN_POINT('',(-1.356299423149E0,4.04E-1,-6.4E-1));
#604=LINE('',#603,#602);
#605=DIRECTION('',(0.E0,0.E0,-1.E0));
#606=VECTOR('',#605,2.E-2);
#607=CARTESIAN_POINT('',(-1.356299423149E0,3.2E-1,-6.4E-1));
#608=LINE('',#607,#606);
#609=DIRECTION('',(0.E0,-1.E0,0.E0));
#610=VECTOR('',#609,1.022150333316E-1);
#611=CARTESIAN_POINT('',(-1.356299423149E0,4.222150333316E-1,6.6E-1));
#612=LINE('',#611,#610);
#613=DIRECTION('',(0.E0,0.E0,-1.E0));
#614=VECTOR('',#613,2.E-2);
#615=CARTESIAN_POINT('',(-1.356299423149E0,3.2E-1,6.6E-1));
#616=LINE('',#615,#614);
#617=DIRECTION('',(0.E0,1.E0,0.E0));
#618=VECTOR('',#617,8.4E-2);
#619=CARTESIAN_POINT('',(-1.356299423149E0,3.2E-1,6.4E-1));
#620=LINE('',#619,#618);
#621=DIRECTION('',(0.E0,6.733447757019E-1,7.393286231677E-1));
#622=VECTOR('',#621,2.705156999645E-2);
#623=CARTESIAN_POINT('',(-1.356299423149E0,4.04E-1,6.4E-1));
#624=LINE('',#623,#622);
#625=DIRECTION('',(-1.E0,0.E0,0.E0));
#626=VECTOR('',#625,3.6E-1);
#627=CARTESIAN_POINT('',(-1.056299423149E0,3.2E-1,-7.4E-1));
#628=LINE('',#627,#626);
#629=DIRECTION('',(1.E0,0.E0,0.E0));
#630=VECTOR('',#629,3.E-1);
#631=CARTESIAN_POINT('',(-1.356299423149E0,3.2E-1,-6.4E-1));
#632=LINE('',#631,#630);
#633=DIRECTION('',(6.E-1,0.E0,-8.E-1));
#634=VECTOR('',#633,1.E-1);
#635=CARTESIAN_POINT('',(-1.416299423149E0,3.2E-1,7.4E-1));
#636=LINE('',#635,#634);
#637=DIRECTION('',(-4.849349956923E-1,5.888738073477E-1,6.465799942564E-1));
#638=VECTOR('',#637,1.897143795346E-1);
#639=CARTESIAN_POINT('',(-1.356299423149E0,4.222150333316E-1,6.6E-1));
#640=LINE('',#639,#638);
#641=CARTESIAN_POINT('',(-1.448298564971E0,5.339328623168E-1,
7.826655224298E-1));
#642=CARTESIAN_POINT('',(-1.455787353523E0,5.430267645221E-1,
7.926505738319E-1));
#643=CARTESIAN_POINT('',(-1.471871319063E0,5.555523506509E-1,
8.140958612180E-1));
#644=CARTESIAN_POINT('',(-1.489533700587E0,5.6E-1,8.376457032500E-1));
#645=CARTESIAN_POINT('',(-1.498799423149E0,5.6E-1,8.5E-1));
#647=CARTESIAN_POINT('',(-1.521299423149E0,5.561895003862E-1,8.8E-1));
#648=CARTESIAN_POINT('',(-1.513878201672E0,5.587443685809E-1,
8.701050380302E-1));
#649=CARTESIAN_POINT('',(-1.506377310371E0,5.6E-1,8.601038496296E-1));
#650=CARTESIAN_POINT('',(-1.498799423149E0,5.6E-1,8.5E-1));
#652=DIRECTION('',(0.E0,1.E0,0.E0));
#653=VECTOR('',#652,1.161895003862E-1);
#654=CARTESIAN_POINT('',(-1.525E0,4.4E-1,8.8E-1));
#655=LINE('',#654,#653);
#656=DIRECTION('',(0.E0,-1.E0,0.E0));
#657=VECTOR('',#656,1.161895003862E-1);
#658=CARTESIAN_POINT('',(-1.521299423149E0,5.561895003862E-1,8.8E-1));
#659=LINE('',#658,#657);
#660=DIRECTION('',(1.E0,0.E0,0.E0));
#661=VECTOR('',#660,3.700576850889E-3);
#662=CARTESIAN_POINT('',(-1.525E0,5.561895003862E-1,8.8E-1));
#663=LINE('',#662,#661);
#664=DIRECTION('',(0.E0,-1.E0,0.E0));
#665=VECTOR('',#664,1.161895003862E-1);
#666=CARTESIAN_POINT('',(1.525E0,5.561895003862E-1,8.8E-1));
#667=LINE('',#666,#665);
#668=DIRECTION('',(1.E0,0.E0,0.E0));
#669=VECTOR('',#668,3.700576850889E-3);
#670=CARTESIAN_POINT('',(1.521299423149E0,5.561895003862E-1,8.8E-1));
#671=LINE('',#670,#669);
#672=DIRECTION('',(0.E0,1.E0,0.E0));
#673=VECTOR('',#672,1.161895003862E-1);
#674=CARTESIAN_POINT('',(1.521299423149E0,4.4E-1,8.8E-1));
#675=LINE('',#674,#673);
#676=CARTESIAN_POINT('',(-1.525E0,4.4E-1,8.5E-1));
#677=DIRECTION('',(-1.E0,0.E0,0.E0));
#678=DIRECTION('',(0.E0,0.E0,1.E0));
#679=AXIS2_PLACEMENT_3D('',#676,#677,#678);
#681=DIRECTION('',(0.E0,0.E0,1.E0));
#682=VECTOR('',#681,9.E-2);
#683=CARTESIAN_POINT('',(-1.525E0,4.4E-1,8.8E-1));
#684=LINE('',#683,#682);
#685=DIRECTION('',(-6.896551724138E-1,0.E0,7.241379310345E-1));
#686=VECTOR('',#685,1.242857142857E-1);
#687=CARTESIAN_POINT('',(-1.170585137435E0,4.4E-1,8.8E-1));
#688=LINE('',#687,#686);
#689=CARTESIAN_POINT('',(-1.142013708863E0,5.6E-1,8.5E-1));
#690=CARTESIAN_POINT('',(-1.158434070111E0,5.6E-1,8.672413793103E-1));
#691=CARTESIAN_POINT('',(-1.186561994568E0,5.531664428434E-1,
8.967756999901E-1));
#692=CARTESIAN_POINT('',(-1.220297599870E0,5.306544991019E-1,
9.321980855565E-1));
#693=CARTESIAN_POINT('',(-1.241746562109E0,5.022316848256E-1,
9.547194959082E-1));
#694=CARTESIAN_POINT('',(-1.253271805296E0,4.713242398279E-1,
9.668210012547E-1));
#695=CARTESIAN_POINT('',(-1.256299423149E0,4.519047619048E-1,9.7E-1));
#696=CARTESIAN_POINT('',(-1.256299423149E0,4.4E-1,9.7E-1));
#698=CARTESIAN_POINT('',(-1.142013708863E0,5.6E-1,8.5E-1));
#699=CARTESIAN_POINT('',(-1.130426637206E0,5.6E-1,8.378335747602E-1));
#700=CARTESIAN_POINT('',(-1.108148135542E0,5.556719923742E-1,
8.144411480123E-1));
#701=CARTESIAN_POINT('',(-1.087558493210E0,5.431829126516E-1,
7.928220235643E-1));
#702=CARTESIAN_POINT('',(-1.077885634987E0,5.339328623168E-1,
7.826655224298E-1));
#704=DIRECTION('',(5.757224002073E-1,-5.505571422513E-1,-6.045085202176E-1));
#705=VECTOR('',#704,3.749413229388E-2);
#706=CARTESIAN_POINT('',(-1.077885634987E0,5.339328623168E-1,
7.826655224298E-1));
#707=LINE('',#706,#705);
#708=DIRECTION('',(0.E0,0.E0,1.E0));
#709=VECTOR('',#708,9.E-2);
#710=CARTESIAN_POINT('',(-1.256299423149E0,4.4E-1,-9.7E-1));
#711=LINE('',#710,#709);
#712=DIRECTION('',(0.E0,-1.E0,0.E0));
#713=VECTOR('',#712,4.5E-2);
#714=CARTESIAN_POINT('',(-1.256299423149E0,4.4E-1,9.7E-1));
#715=LINE('',#714,#713);
#716=DIRECTION('',(0.E0,0.E0,-1.E0));
#717=VECTOR('',#716,9.E-2);
#718=CARTESIAN_POINT('',(-1.256299423149E0,4.4E-1,9.7E-1));
#719=LINE('',#718,#717);
#720=DIRECTION('',(0.E0,0.E0,-1.E0));
#721=VECTOR('',#720,9.E-2);
#722=CARTESIAN_POINT('',(-1.256299423149E0,3.95E-1,9.7E-1));
#723=LINE('',#722,#721);
#724=DIRECTION('',(1.E0,0.E0,0.E0));
#725=VECTOR('',#724,2.687005768509E-1);
#726=CARTESIAN_POINT('',(1.256299423149E0,4.4E-1,-9.7E-1));
#727=LINE('',#726,#725);
#728=DIRECTION('',(0.E0,1.E0,0.E0));
#729=VECTOR('',#728,4.5E-2);
#730=CARTESIAN_POINT('',(1.256299423149E0,3.95E-1,-9.7E-1));
#731=LINE('',#730,#729);
#732=DIRECTION('',(7.071067811865E-1,7.071067811865E-1,0.E0));
#733=VECTOR('',#732,2.192031021678E-1);
#734=CARTESIAN_POINT('',(1.101299423149E0,2.4E-1,-9.7E-1));
#735=LINE('',#734,#733);
#736=DIRECTION('',(1.E0,0.E0,0.E0));
#737=VECTOR('',#736,1.212994231491E-1);
#738=CARTESIAN_POINT('',(9.8E-1,2.4E-1,-9.7E-1));
#739=LINE('',#738,#737);
#740=DIRECTION('',(0.E0,-1.E0,0.E0));
#741=VECTOR('',#740,8.E-2);
#742=CARTESIAN_POINT('',(9.8E-1,3.2E-1,-9.7E-1));
#743=LINE('',#742,#741);
#744=DIRECTION('',(1.E0,0.E0,0.E0));
#745=VECTOR('',#744,1.75E-1);
#746=CARTESIAN_POINT('',(8.05E-1,3.2E-1,-9.7E-1));
#747=LINE('',#746,#745);
#748=DIRECTION('',(0.E0,1.E0,0.E0));
#749=VECTOR('',#748,2.6E-1);
#750=CARTESIAN_POINT('',(8.05E-1,6.E-2,-9.7E-1));
#751=LINE('',#750,#749);
#752=DIRECTION('',(-1.E0,0.E0,0.E0));
#753=VECTOR('',#752,3.85E-1);
#754=CARTESIAN_POINT('',(1.19E0,6.E-2,-9.7E-1));
#755=LINE('',#754,#753);
#756=DIRECTION('',(-7.071067811865E-1,-7.071067811865E-1,0.E0));
#757=VECTOR('',#756,2.687005768509E-1);
#758=CARTESIAN_POINT('',(1.38E0,2.5E-1,-9.7E-1));
#759=LINE('',#758,#757);
#760=DIRECTION('',(-1.E0,0.E0,0.E0));
#761=VECTOR('',#760,2.65E-1);
#762=CARTESIAN_POINT('',(1.645E0,2.5E-1,-9.7E-1));
#763=LINE('',#762,#761);
#764=DIRECTION('',(0.E0,-1.E0,0.E0));
#765=VECTOR('',#764,1.9E-1);
#766=CARTESIAN_POINT('',(1.645E0,4.4E-1,-9.7E-1));
#767=LINE('',#766,#765);
#768=DIRECTION('',(1.E0,0.E0,0.E0));
#769=VECTOR('',#768,1.2E-1);
#770=CARTESIAN_POINT('',(1.525E0,4.4E-1,-9.7E-1));
#771=LINE('',#770,#769);
#772=DIRECTION('',(1.E0,0.E0,0.E0));
#773=VECTOR('',#772,2.687005768509E-1);
#774=CARTESIAN_POINT('',(-1.525E0,4.4E-1,-9.7E-1));
#775=LINE('',#774,#773);
#776=DIRECTION('',(1.E0,0.E0,0.E0));
#777=VECTOR('',#776,1.2E-1);
#778=CARTESIAN_POINT('',(-1.645E0,4.4E-1,-9.7E-1));
#779=LINE('',#778,#777);
#780=DIRECTION('',(0.E0,1.E0,0.E0));
#781=VECTOR('',#780,1.9E-1);
#782=CARTESIAN_POINT('',(-1.645E0,2.5E-1,-9.7E-1));
#783=LINE('',#782,#781);
#784=DIRECTION('',(-1.E0,0.E0,0.E0));
#785=VECTOR('',#784,2.65E-1);
#786=CARTESIAN_POINT('',(-1.38E0,2.5E-1,-9.7E-1));
#787=LINE('',#786,#785);
#788=DIRECTION('',(-7.071067811865E-1,7.071067811865E-1,0.E0));
#789=VECTOR('',#788,2.687005768509E-1);
#790=CARTESIAN_POINT('',(-1.19E0,6.E-2,-9.7E-1));
#791=LINE('',#790,#789);
#792=DIRECTION('',(-1.E0,0.E0,0.E0));
#793=VECTOR('',#792,3.85E-1);
#794=CARTESIAN_POINT('',(-8.05E-1,6.E-2,-9.7E-1));
#795=LINE('',#794,#793);
#796=DIRECTION('',(0.E0,-1.E0,0.E0));
#797=VECTOR('',#796,2.6E-1);
#798=CARTESIAN_POINT('',(-8.05E-1,3.2E-1,-9.7E-1));
#799=LINE('',#798,#797);
#800=DIRECTION('',(1.E0,0.E0,0.E0));
#801=VECTOR('',#800,1.75E-1);
#802=CARTESIAN_POINT('',(-9.8E-1,3.2E-1,-9.7E-1));
#803=LINE('',#802,#801);
#804=DIRECTION('',(0.E0,1.E0,0.E0));
#805=VECTOR('',#804,8.E-2);
#806=CARTESIAN_POINT('',(-9.8E-1,2.4E-1,-9.7E-1));
#807=LINE('',#806,#805);
#808=DIRECTION('',(1.E0,0.E0,0.E0));
#809=VECTOR('',#808,1.212994231491E-1);
#810=CARTESIAN_POINT('',(-1.101299423149E0,2.4E-1,-9.7E-1));
#811=LINE('',#810,#809);
#812=DIRECTION('',(7.071067811865E-1,-7.071067811865E-1,0.E0));
#813=VECTOR('',#812,2.192031021678E-1);
#814=CARTESIAN_POINT('',(-1.256299423149E0,3.95E-1,-9.7E-1));
#815=LINE('',#814,#813);
#816=DIRECTION('',(0.E0,-1.E0,0.E0));
#817=VECTOR('',#816,4.5E-2);
#818=CARTESIAN_POINT('',(-1.256299423149E0,4.4E-1,-9.7E-1));
#819=LINE('',#818,#817);
#820=CARTESIAN_POINT('',(1.525E0,4.4E-1,-8.5E-1));
#821=DIRECTION('',(1.E0,0.E0,0.E0));
#822=DIRECTION('',(0.E0,0.E0,-1.E0));
#823=AXIS2_PLACEMENT_3D('',#820,#821,#822);
#825=DIRECTION('',(6.896551724138E-1,0.E0,-7.241379310345E-1));
#826=VECTOR('',#825,1.657142857143E-1);
#827=CARTESIAN_POINT('',(1.056299423149E0,4.4E-1,-7.6E-1));
#828=LINE('',#827,#826);
#829=DIRECTION('',(0.E0,0.E0,-1.E0));
#830=VECTOR('',#829,2.E-2);
#831=CARTESIAN_POINT('',(1.056299423149E0,4.4E-1,-7.4E-1));
#832=LINE('',#831,#830);
#833=DIRECTION('',(1.E0,0.E0,0.E0));
#834=VECTOR('',#833,3.629942314911E-2);
#835=CARTESIAN_POINT('',(1.02E0,4.4E-1,-7.4E-1));
#836=LINE('',#835,#834);
#837=DIRECTION('',(0.E0,0.E0,-1.E0));
#838=VECTOR('',#837,1.4E-1);
#839=CARTESIAN_POINT('',(1.02E0,4.4E-1,-7.4E-1));
#840=LINE('',#839,#838);
#841=DIRECTION('',(-6.896551724138E-1,0.E0,-7.241379310345E-1));
#842=VECTOR('',#841,1.657142857143E-1);
#843=CARTESIAN_POINT('',(1.170585137435E0,4.4E-1,8.8E-1));
#844=LINE('',#843,#842);
#845=DIRECTION('',(0.E0,0.E0,-1.E0));
#846=VECTOR('',#845,1.4E-1);
#847=CARTESIAN_POINT('',(1.02E0,4.4E-1,8.8E-1));
#848=LINE('',#847,#846);
#849=DIRECTION('',(1.E0,0.E0,0.E0));
#850=VECTOR('',#849,3.629942314911E-2);
#851=CARTESIAN_POINT('',(1.02E0,4.4E-1,7.4E-1));
#852=LINE('',#851,#850);
#853=DIRECTION('',(0.E0,0.E0,-1.E0));
#854=VECTOR('',#853,2.E-2);
#855=CARTESIAN_POINT('',(1.056299423149E0,4.4E-1,7.6E-1));
#856=LINE('',#855,#854);
#857=CARTESIAN_POINT('',(1.645E0,4.4E-1,-8.5E-1));
#858=DIRECTION('',(0.E0,1.E0,0.E0));
#859=DIRECTION('',(1.E0,0.E0,0.E0));
#860=AXIS2_PLACEMENT_3D('',#857,#858,#859);
#862=DIRECTION('',(0.E0,0.E0,1.E0));
#863=VECTOR('',#862,1.E-1);
#864=CARTESIAN_POINT('',(1.765E0,4.4E-1,-8.5E-1));
#865=LINE('',#864,#863);
#866=DIRECTION('',(1.E0,0.E0,0.E0));
#867=VECTOR('',#866,9.E-2);
#868=CARTESIAN_POINT('',(1.675E0,4.4E-1,-7.5E-1));
#869=LINE('',#868,#867);
#870=DIRECTION('',(7.808688094430E-1,0.E0,-6.246950475544E-1));
#871=VECTOR('',#870,2.561249694973E-1);
#872=CARTESIAN_POINT('',(1.475E0,4.4E-1,-5.9E-1));
#873=LINE('',#872,#871);
#874=DIRECTION('',(1.E0,0.E0,0.E0));
#875=VECTOR('',#874,5.000000000001E-3);
#876=CARTESIAN_POINT('',(1.47E0,4.4E-1,-5.9E-1));
#877=LINE('',#876,#875);
#878=DIRECTION('',(1.E0,0.E0,0.E0));
#879=VECTOR('',#878,5.370057685089E-2);
#880=CARTESIAN_POINT('',(1.416299423149E0,4.4E-1,-7.4E-1));
#881=LINE('',#880,#879);
#882=DIRECTION('',(-6.E-1,0.E0,8.E-1));
#883=VECTOR('',#882,1.75E-1);
#884=CARTESIAN_POINT('',(1.521299423149E0,4.4E-1,-8.8E-1));
#885=LINE('',#884,#883);
#886=DIRECTION('',(1.E0,0.E0,0.E0));
#887=VECTOR('',#886,3.700576850889E-3);
#888=CARTESIAN_POINT('',(1.521299423149E0,4.4E-1,-8.8E-1));
#889=LINE('',#888,#887);
#890=DIRECTION('',(0.E0,0.E0,-1.E0));
#891=VECTOR('',#890,9.E-2);
#892=CARTESIAN_POINT('',(1.525E0,4.4E-1,-8.8E-1));
#893=LINE('',#892,#891);
#894=DIRECTION('',(0.E0,0.E0,1.E0));
#895=VECTOR('',#894,9.E-2);
#896=CARTESIAN_POINT('',(1.525E0,4.4E-1,8.8E-1));
#897=LINE('',#896,#895);
#898=DIRECTION('',(1.E0,0.E0,0.E0));
#899=VECTOR('',#898,3.700576850889E-3);
#900=CARTESIAN_POINT('',(1.521299423149E0,4.4E-1,8.8E-1));
#901=LINE('',#900,#899);
#902=DIRECTION('',(6.E-1,0.E0,8.E-1));
#903=VECTOR('',#902,1.75E-1);
#904=CARTESIAN_POINT('',(1.416299423149E0,4.4E-1,7.4E-1));
#905=LINE('',#904,#903);
#906=DIRECTION('',(1.E0,0.E0,0.E0));
#907=VECTOR('',#906,5.370057685089E-2);
#908=CARTESIAN_POINT('',(1.416299423149E0,4.4E-1,7.4E-1));
#909=LINE('',#908,#907);
#910=DIRECTION('',(1.E0,0.E0,0.E0));
#911=VECTOR('',#910,5.000000000001E-3);
#912=CARTESIAN_POINT('',(1.47E0,4.4E-1,5.9E-1));
#913=LINE('',#912,#911);
#914=DIRECTION('',(-7.808688094430E-1,0.E0,-6.246950475544E-1));
#915=VECTOR('',#914,2.561249694973E-1);
#916=CARTESIAN_POINT('',(1.675E0,4.4E-1,7.5E-1));
#917=LINE('',#916,#915);
#918=DIRECTION('',(0.E0,0.E0,1.E0));
#919=VECTOR('',#918,1.E-1);
#920=CARTESIAN_POINT('',(1.765E0,4.4E-1,7.5E-1));
#921=LINE('',#920,#919);
#922=CARTESIAN_POINT('',(1.645E0,4.4E-1,8.5E-1));
#923=DIRECTION('',(0.E0,1.E0,0.E0));
#924=DIRECTION('',(0.E0,0.E0,1.E0));
#925=AXIS2_PLACEMENT_3D('',#922,#923,#924);
#927=CARTESIAN_POINT('',(1.142013708863E0,5.6E-1,-8.5E-1));
#928=CARTESIAN_POINT('',(1.158434070111E0,5.6E-1,-8.672413793103E-1));
#929=CARTESIAN_POINT('',(1.186561994568E0,5.531664428434E-1,
-8.967756999901E-1));
#930=CARTESIAN_POINT('',(1.220297599870E0,5.306544991019E-1,
-9.321980855565E-1));
#931=CARTESIAN_POINT('',(1.241746562109E0,5.022316848256E-1,
-9.547194959082E-1));
#932=CARTESIAN_POINT('',(1.253271805296E0,4.713242398279E-1,
-9.668210012547E-1));
#933=CARTESIAN_POINT('',(1.256299423149E0,4.519047619048E-1,-9.7E-1));
#934=CARTESIAN_POINT('',(1.256299423149E0,4.4E-1,-9.7E-1));
#936=CARTESIAN_POINT('',(1.142013708863E0,5.6E-1,-8.5E-1));
#937=CARTESIAN_POINT('',(1.130426637206E0,5.6E-1,-8.378335747602E-1));
#938=CARTESIAN_POINT('',(1.108148135542E0,5.556719923742E-1,
-8.144411480123E-1));
#939=CARTESIAN_POINT('',(1.087558493210E0,5.431829126516E-1,
-7.928220235643E-1));
#940=CARTESIAN_POINT('',(1.077885634987E0,5.339328623168E-1,
-7.826655224298E-1));
#942=DIRECTION('',(-5.757224002073E-1,-5.505571422513E-1,6.045085202176E-1));
#943=VECTOR('',#942,3.749413229388E-2);
#944=CARTESIAN_POINT('',(1.077885634987E0,5.339328623168E-1,
-7.826655224298E-1));
#945=LINE('',#944,#943);
#946=DIRECTION('',(6.896551724138E-1,0.E0,-7.241379310345E-1));
#947=VECTOR('',#946,1.242857142857E-1);
#948=CARTESIAN_POINT('',(1.170585137435E0,4.4E-1,-8.8E-1));
#949=LINE('',#948,#947);
#950=DIRECTION('',(-1.E0,0.E0,0.E0));
#951=VECTOR('',#950,3.704129299844E-1);
#952=CARTESIAN_POINT('',(1.448298564971E0,5.339328623168E-1,
-7.826655224298E-1));
#953=LINE('',#952,#951);
#954=DIRECTION('',(1.E0,0.E0,0.E0));
#955=VECTOR('',#954,3.567857142857E-1);
#956=CARTESIAN_POINT('',(1.142013708863E0,5.6E-1,-8.5E-1));
#957=LINE('',#956,#955);
#958=CARTESIAN_POINT('',(1.521299423149E0,5.561895003862E-1,-8.8E-1));
#959=CARTESIAN_POINT('',(1.513878201672E0,5.587443685809E-1,
-8.701050380302E-1));
#960=CARTESIAN_POINT('',(1.506377310371E0,5.6E-1,-8.601038496296E-1));
#961=CARTESIAN_POINT('',(1.498799423149E0,5.6E-1,-8.5E-1));
#963=DIRECTION('',(-6.E-1,0.E0,8.E-1));
#964=VECTOR('',#963,1.E-1);
#965=CARTESIAN_POINT('',(1.416299423149E0,3.2E-1,-7.4E-1));
#966=LINE('',#965,#964);
#967=DIRECTION('',(4.849349956923E-1,5.888738073477E-1,-6.465799942564E-1));
#968=VECTOR('',#967,1.897143795346E-1);
#969=CARTESIAN_POINT('',(1.356299423149E0,4.222150333316E-1,-6.6E-1));
#970=LINE('',#969,#968);
#971=CARTESIAN_POINT('',(1.448298564971E0,5.339328623168E-1,
-7.826655224298E-1));
#972=CARTESIAN_POINT('',(1.455787353523E0,5.430267645221E-1,
-7.926505738319E-1));
#973=CARTESIAN_POINT('',(1.471871319063E0,5.555523506509E-1,
-8.140958612180E-1));
#974=CARTESIAN_POINT('',(1.489533700587E0,5.6E-1,-8.376457032500E-1));
#975=CARTESIAN_POINT('',(1.498799423149E0,5.6E-1,-8.5E-1));
#977=DIRECTION('',(-1.E0,0.E0,0.E0));
#978=VECTOR('',#977,3.700576850889E-3);
#979=CARTESIAN_POINT('',(-1.521299423149E0,5.561895003862E-1,-8.8E-1));
#980=LINE('',#979,#978);
#981=DIRECTION('',(0.E0,-1.E0,0.E0));
#982=VECTOR('',#981,1.161895003862E-1);
#983=CARTESIAN_POINT('',(-1.521299423149E0,5.561895003862E-1,-8.8E-1));
#984=LINE('',#983,#982);
#985=DIRECTION('',(0.E0,1.E0,0.E0));
#986=VECTOR('',#985,1.161895003862E-1);
#987=CARTESIAN_POINT('',(-1.525E0,4.4E-1,-8.8E-1));
#988=LINE('',#987,#986);
#989=DIRECTION('',(-1.E0,0.E0,0.E0));
#990=VECTOR('',#989,3.700576850888E-3);
#991=CARTESIAN_POINT('',(1.525E0,5.561895003862E-1,-8.8E-1));
#992=LINE('',#991,#990);
#993=DIRECTION('',(0.E0,-1.E0,0.E0));
#994=VECTOR('',#993,1.161895003862E-1);
#995=CARTESIAN_POINT('',(1.525E0,5.561895003862E-1,-8.8E-1));
#996=LINE('',#995,#994);
#997=DIRECTION('',(0.E0,1.E0,0.E0));
#998=VECTOR('',#997,1.161895003862E-1);
#999=CARTESIAN_POINT('',(1.521299423149E0,4.4E-1,-8.8E-1));
#1000=LINE('',#999,#998);
#1001=CARTESIAN_POINT('',(-1.525E0,4.4E-1,-8.5E-1));
#1002=DIRECTION('',(-1.E0,0.E0,0.E0));
#1003=DIRECTION('',(0.E0,9.682458365519E-1,-2.5E-1));
#1004=AXIS2_PLACEMENT_3D('',#1001,#1002,#1003);
#1006=DIRECTION('',(0.E0,0.E0,-1.E0));
#1007=VECTOR('',#1006,9.E-2);
#1008=CARTESIAN_POINT('',(-1.525E0,4.4E-1,-8.8E-1));
#1009=LINE('',#1008,#1007);
#1010=DIRECTION('',(0.E0,-1.E0,0.E0));
#1011=VECTOR('',#1010,1.2E-1);
#1012=CARTESIAN_POINT('',(1.416299423149E0,4.4E-1,-7.4E-1));
#1013=LINE('',#1012,#1011);
#1014=DIRECTION('',(0.E0,-1.E0,0.E0));
#1015=VECTOR('',#1014,1.6E-1);
#1016=CARTESIAN_POINT('',(1.47E0,4.4E-1,-7.4E-1));
#1017=LINE('',#1016,#1015);
#1018=DIRECTION('',(0.E0,-1.E0,0.E0));
#1019=VECTOR('',#1018,1.2E-1);
#1020=CARTESIAN_POINT('',(1.056299423149E0,4.4E-1,-7.4E-1));
#1021=LINE('',#1020,#1019);
#1022=DIRECTION('',(0.E0,0.E0,1.E0));
#1023=VECTOR('',#1022,1.5E-1);
#1024=CARTESIAN_POINT('',(1.47E0,4.4E-1,-7.4E-1));
#1025=LINE('',#1024,#1023);
#1026=DIRECTION('',(0.E0,0.E0,1.E0));
#1027=VECTOR('',#1026,1.5E-1);
#1028=CARTESIAN_POINT('',(1.47E0,4.4E-1,5.9E-1));
#1029=LINE('',#1028,#1027);
#1030=DIRECTION('',(0.E0,-1.E0,0.E0));
#1031=VECTOR('',#1030,1.6E-1);
#1032=CARTESIAN_POINT('',(1.47E0,4.4E-1,7.4E-1));
#1033=LINE('',#1032,#1031);
#1034=DIRECTION('',(0.E0,-1.E0,0.E0));
#1035=VECTOR('',#1034,1.8E-1);
#1036=CARTESIAN_POINT('',(1.47E0,2.8E-1,6.2E-1));
#1037=LINE('',#1036,#1035);
#1038=DIRECTION('',(0.E0,1.E0,0.E0));
#1039=VECTOR('',#1038,5.377475134815E-2);
#1040=CARTESIAN_POINT('',(1.475E0,4.4E-1,-5.9E-1));
#1041=LINE('',#1040,#1039);
#1042=DIRECTION('',(-9.135454576426E-1,-4.067366430758E-1,0.E0));
#1043=VECTOR('',#1042,9.851726506554E-2);
#1044=CARTESIAN_POINT('',(1.475E0,4.937747513482E-1,-5.9E-1));
#1045=LINE('',#1044,#1043);
#1046=DIRECTION('',(0.E0,-1.E0,0.E0));
#1047=VECTOR('',#1046,3.537041696704E-1);
#1048=CARTESIAN_POINT('',(1.385E0,4.537041696704E-1,-5.9E-1));
#1049=LINE('',#1048,#1047);
#1050=DIRECTION('',(0.E0,1.E0,0.E0));
#1051=VECTOR('',#1050,3.4E-1);
#1052=CARTESIAN_POINT('',(1.47E0,1.E-1,-5.9E-1));
#1053=LINE('',#1052,#1051);
#1054=DIRECTION('',(0.E0,1.E0,0.E0));
#1055=VECTOR('',#1054,5.377475134815E-2);
#1056=CARTESIAN_POINT('',(-1.475E0,4.4E-1,-5.9E-1));
#1057=LINE('',#1056,#1055);
#1058=DIRECTION('',(0.E0,-1.E0,0.E0));
#1059=VECTOR('',#1058,3.4E-1);
#1060=CARTESIAN_POINT('',(-1.47E0,4.4E-1,-5.9E-1));
#1061=LINE('',#1060,#1059);
#1062=DIRECTION('',(0.E0,1.E0,0.E0));
#1063=VECTOR('',#1062,3.537041696704E-1);
#1064=CARTESIAN_POINT('',(-1.385E0,1.E-1,-5.9E-1));
#1065=LINE('',#1064,#1063);
#1066=DIRECTION('',(-9.135454576426E-1,4.067366430758E-1,0.E0));
#1067=VECTOR('',#1066,9.851726506554E-2);
#1068=CARTESIAN_POINT('',(-1.385E0,4.537041696704E-1,-5.9E-1));
#1069=LINE('',#1068,#1067);
#1070=CARTESIAN_POINT('',(1.645E0,5.6E-1,-7.26E-1));
#1071=CARTESIAN_POINT('',(1.655098990480E0,5.6E-1,-7.340791923843E-1));
#1072=CARTESIAN_POINT('',(1.665100220223E0,5.587456125334E-1,
-7.420801761784E-1));
#1073=CARTESIAN_POINT('',(1.675E0,5.561895003862E-1,-7.5E-1));
#1075=CARTESIAN_POINT('',(1.645E0,5.6E-1,-7.26E-1));
#1076=CARTESIAN_POINT('',(1.631062088570E0,5.6E-1,-7.148496708562E-1));
#1077=CARTESIAN_POINT('',(1.617491305491E0,5.572159679600E-1,
-7.039930443931E-1));
#1078=CARTESIAN_POINT('',(1.604326335692E0,5.513545457643E-1,
-6.934610685539E-1));
#1080=DIRECTION('',(-7.375649031095E-1,-3.283850521412E-1,5.900519224876E-1));
#1081=VECTOR('',#1080,1.753423124490E-1);
#1082=CARTESIAN_POINT('',(1.604326335692E0,5.513545457643E-1,
-6.934610685539E-1));
#1083=LINE('',#1082,#1081);
#1084=DIRECTION('',(0.E0,1.E0,0.E0));
#1085=VECTOR('',#1084,1.161895003862E-1);
#1086=CARTESIAN_POINT('',(1.675E0,4.4E-1,-7.5E-1));
#1087=LINE('',#1086,#1085);
#1088=CARTESIAN_POINT('',(1.645E0,4.4E-1,-7.5E-1));
#1089=DIRECTION('',(0.E0,0.E0,-1.E0));
#1090=DIRECTION('',(2.5E-1,9.682458365519E-1,0.E0));
#1091=AXIS2_PLACEMENT_3D('',#1088,#1089,#1090);
#1093=DIRECTION('',(0.E0,-1.E0,0.E0));
#1094=VECTOR('',#1093,1.86E-1);
#1095=CARTESIAN_POINT('',(1.765E0,2.86E-1,3.7E-1));
#1096=LINE('',#1095,#1094);
#1097=DIRECTION('',(0.E0,1.E0,0.E0));
#1098=VECTOR('',#1097,1.5E-1);
#1099=CARTESIAN_POINT('',(1.765E0,1.E-1,5.95E-1));
#1100=LINE('',#1099,#1098);
#1101=DIRECTION('',(0.E0,1.E0,0.E0));
#1102=VECTOR('',#1101,1.9E-1);
#1103=CARTESIAN_POINT('',(1.765E0,2.5E-1,8.5E-1));
#1104=LINE('',#1103,#1102);
#1105=DIRECTION('',(0.E0,0.E0,-1.E0));
#1106=VECTOR('',#1105,1.5E0);
#1107=CARTESIAN_POINT('',(1.765E0,4.4E-1,7.5E-1));
#1108=LINE('',#1107,#1106);
#1109=DIRECTION('',(0.E0,-1.E0,0.E0));
#1110=VECTOR('',#1109,1.9E-1);
#1111=CARTESIAN_POINT('',(1.765E0,4.4E-1,-8.5E-1));
#1112=LINE('',#1111,#1110);
#1113=DIRECTION('',(0.E0,-1.E0,0.E0));
#1114=VECTOR('',#1113,1.5E-1);
#1115=CARTESIAN_POINT('',(1.765E0,2.5E-1,-5.95E-1));
#1116=LINE('',#1115,#1114);
#1117=DIRECTION('',(0.E0,1.E0,0.E0));
#1118=VECTOR('',#1117,1.86E-1);
#1119=CARTESIAN_POINT('',(1.765E0,1.E-1,-3.7E-1));
#1120=LINE('',#1119,#1118);
#1121=DIRECTION('',(0.E0,0.E0,1.E0));
#1122=VECTOR('',#1121,2.E-2);
#1123=CARTESIAN_POINT('',(1.765E0,2.86E-1,-3.7E-1));
#1124=LINE('',#1123,#1122);
#1125=DIRECTION('',(0.E0,1.E0,0.E0));
#1126=VECTOR('',#1125,1.14E-1);
#1127=CARTESIAN_POINT('',(1.765E0,2.86E-1,-3.5E-1));
#1128=LINE('',#1127,#1126);
#1129=DIRECTION('',(0.E0,-1.E0,0.E0));
#1130=VECTOR('',#1129,1.14E-1);
#1131=CARTESIAN_POINT('',(1.765E0,4.E-1,3.5E-1));
#1132=LINE('',#1131,#1130);
#1133=DIRECTION('',(0.E0,0.E0,1.E0));
#1134=VECTOR('',#1133,2.E-2);
#1135=CARTESIAN_POINT('',(1.765E0,2.86E-1,3.5E-1));
#1136=LINE('',#1135,#1134);
#1137=DIRECTION('',(1.E0,0.E0,0.E0));
#1138=VECTOR('',#1137,9.E-2);
#1139=CARTESIAN_POINT('',(1.675E0,2.86E-1,3.7E-1));
#1140=LINE('',#1139,#1138);
#1141=DIRECTION('',(0.E0,1.E0,0.E0));
#1142=VECTOR('',#1141,5.E-2);
#1143=CARTESIAN_POINT('',(1.685E0,1.E-1,3.7E-1));
#1144=LINE('',#1143,#1142);
#1145=CARTESIAN_POINT('',(1.805E0,1.E-1,3.7E-1));
#1146=DIRECTION('',(0.E0,0.E0,-1.E0));
#1147=DIRECTION('',(0.E0,-1.E0,0.E0));
#1148=AXIS2_PLACEMENT_3D('',#1145,#1146,#1147);
#1150=DIRECTION('',(-1.E0,0.E0,0.E0));
#1151=VECTOR('',#1150,4.E-2);
#1152=CARTESIAN_POINT('',(1.845E0,-2.E-2,3.7E-1));
#1153=LINE('',#1152,#1151);
#1154=DIRECTION('',(-7.071067811865E-1,-7.071067811865E-1,0.E0));
#1155=VECTOR('',#1154,2.828427124746E-2);
#1156=CARTESIAN_POINT('',(1.865E0,0.E0,3.7E-1));
#1157=LINE('',#1156,#1155);
#1158=DIRECTION('',(-1.E0,0.E0,0.E0));
#1159=VECTOR('',#1158,4.E-2);
#1160=CARTESIAN_POINT('',(1.905E0,0.E0,3.7E-1));
#1161=LINE('',#1160,#1159);
#1162=DIRECTION('',(0.E0,-1.E0,0.E0));
#1163=VECTOR('',#1162,6.E-2);
#1164=CARTESIAN_POINT('',(1.905E0,6.E-2,3.7E-1));
#1165=LINE('',#1164,#1163);
#1166=DIRECTION('',(1.E0,0.E0,0.E0));
#1167=VECTOR('',#1166,1.E-1);
#1168=CARTESIAN_POINT('',(1.805E0,6.E-2,3.7E-1));
#1169=LINE('',#1168,#1167);
#1170=CARTESIAN_POINT('',(1.805E0,1.E-1,3.7E-1));
#1171=DIRECTION('',(0.E0,0.E0,1.E0));
#1172=DIRECTION('',(-1.E0,0.E0,0.E0));
#1173=AXIS2_PLACEMENT_3D('',#1170,#1171,#1172);
#1175=CARTESIAN_POINT('',(-1.805E0,1.E-1,3.7E-1));
#1176=DIRECTION('',(0.E0,0.E0,1.E0));
#1177=DIRECTION('',(0.E0,-1.E0,0.E0));
#1178=AXIS2_PLACEMENT_3D('',#1175,#1176,#1177);
#1180=DIRECTION('',(1.E0,0.E0,0.E0));
#1181=VECTOR('',#1180,1.E-1);
#1182=CARTESIAN_POINT('',(-1.905E0,6.E-2,3.7E-1));
#1183=LINE('',#1182,#1181);
#1184=DIRECTION('',(0.E0,1.E0,0.E0));
#1185=VECTOR('',#1184,6.E-2);
#1186=CARTESIAN_POINT('',(-1.905E0,0.E0,3.7E-1));
#1187=LINE('',#1186,#1185);
#1188=DIRECTION('',(-1.E0,0.E0,0.E0));
#1189=VECTOR('',#1188,4.E-2);
#1190=CARTESIAN_POINT('',(-1.865E0,0.E0,3.7E-1));
#1191=LINE('',#1190,#1189);
#1192=DIRECTION('',(-7.071067811866E-1,7.071067811865E-1,0.E0));
#1193=VECTOR('',#1192,2.828427124746E-2);
#1194=CARTESIAN_POINT('',(-1.845E0,-2.E-2,3.7E-1));
#1195=LINE('',#1194,#1193);
#1196=DIRECTION('',(-1.E0,0.E0,0.E0));
#1197=VECTOR('',#1196,4.E-2);
#1198=CARTESIAN_POINT('',(-1.805E0,-2.E-2,3.7E-1));
#1199=LINE('',#1198,#1197);
#1200=CARTESIAN_POINT('',(-1.805E0,1.E-1,3.7E-1));
#1201=DIRECTION('',(0.E0,0.E0,-1.E0));
#1202=DIRECTION('',(1.E0,0.E0,0.E0));
#1203=AXIS2_PLACEMENT_3D('',#1200,#1201,#1202);
#1205=DIRECTION('',(0.E0,-1.E0,0.E0));
#1206=VECTOR('',#1205,5.E-2);
#1207=CARTESIAN_POINT('',(-1.685E0,1.5E-1,3.7E-1));
#1208=LINE('',#1207,#1206);
#1209=DIRECTION('',(-1.E0,0.E0,0.E0));
#1210=VECTOR('',#1209,9.E-2);
#1211=CARTESIAN_POINT('',(-1.675E0,2.86E-1,3.7E-1));
#1212=LINE('',#1211,#1210);
#1213=DIRECTION('',(1.E0,0.E0,0.E0));
#1214=VECTOR('',#1213,9.E-2);
#1215=CARTESIAN_POINT('',(1.675E0,2.86E-1,-3.7E-1));
#1216=LINE('',#1215,#1214);
#1217=DIRECTION('',(0.E0,1.E0,0.E0));
#1218=VECTOR('',#1217,5.E-2);
#1219=CARTESIAN_POINT('',(1.685E0,1.E-1,-3.7E-1));
#1220=LINE('',#1219,#1218);
#1221=DIRECTION('',(1.E0,0.E0,0.E0));
#1222=VECTOR('',#1221,1.E-2);
#1223=CARTESIAN_POINT('',(1.675E0,1.5E-1,-3.7E-1));
#1224=LINE('',#1223,#1222);
#1225=CARTESIAN_POINT('',(1.805E0,1.E-1,-3.7E-1));
#1226=DIRECTION('',(0.E0,0.E0,1.E0));
#1227=DIRECTION('',(-1.E0,0.E0,0.E0));
#1228=AXIS2_PLACEMENT_3D('',#1225,#1226,#1227);
#1230=DIRECTION('',(1.E0,0.E0,0.E0));
#1231=VECTOR('',#1230,1.E-1);
#1232=CARTESIAN_POINT('',(1.805E0,6.E-2,-3.7E-1));
#1233=LINE('',#1232,#1231);
#1234=DIRECTION('',(0.E0,-1.E0,0.E0));
#1235=VECTOR('',#1234,6.E-2);
#1236=CARTESIAN_POINT('',(1.905E0,6.E-2,-3.7E-1));
#1237=LINE('',#1236,#1235);
#1238=DIRECTION('',(-1.E0,0.E0,0.E0));
#1239=VECTOR('',#1238,4.E-2);
#1240=CARTESIAN_POINT('',(1.905E0,0.E0,-3.7E-1));
#1241=LINE('',#1240,#1239);
#1242=DIRECTION('',(-7.071067811866E-1,-7.071067811865E-1,0.E0));
#1243=VECTOR('',#1242,2.828427124746E-2);
#1244=CARTESIAN_POINT('',(1.865E0,0.E0,-3.7E-1));
#1245=LINE('',#1244,#1243);
#1246=DIRECTION('',(-1.E0,0.E0,0.E0));
#1247=VECTOR('',#1246,4.E-2);
#1248=CARTESIAN_POINT('',(1.845E0,-2.E-2,-3.7E-1));
#1249=LINE('',#1248,#1247);
#1250=CARTESIAN_POINT('',(1.805E0,1.E-1,-3.7E-1));
#1251=DIRECTION('',(0.E0,0.E0,-1.E0));
#1252=DIRECTION('',(0.E0,-1.E0,0.E0));
#1253=AXIS2_PLACEMENT_3D('',#1250,#1251,#1252);
#1255=DIRECTION('',(-1.E0,0.E0,0.E0));
#1256=VECTOR('',#1255,1.E-2);
#1257=CARTESIAN_POINT('',(-1.675E0,1.5E-1,-3.7E-1));
#1258=LINE('',#1257,#1256);
#1259=DIRECTION('',(0.E0,-1.E0,0.E0));
#1260=VECTOR('',#1259,5.E-2);
#1261=CARTESIAN_POINT('',(-1.685E0,1.5E-1,-3.7E-1));
#1262=LINE('',#1261,#1260);
#1263=CARTESIAN_POINT('',(-1.805E0,1.E-1,-3.7E-1));
#1264=DIRECTION('',(0.E0,0.E0,-1.E0));
#1265=DIRECTION('',(1.E0,0.E0,0.E0));
#1266=AXIS2_PLACEMENT_3D('',#1263,#1264,#1265);
#1268=DIRECTION('',(-1.E0,0.E0,0.E0));
#1269=VECTOR('',#1268,4.E-2);
#1270=CARTESIAN_POINT('',(-1.805E0,-2.E-2,-3.7E-1));
#1271=LINE('',#1270,#1269);
#1272=DIRECTION('',(-7.071067811865E-1,7.071067811866E-1,0.E0));
#1273=VECTOR('',#1272,2.828427124746E-2);
#1274=CARTESIAN_POINT('',(-1.845E0,-2.E-2,-3.7E-1));
#1275=LINE('',#1274,#1273);
#1276=DIRECTION('',(-1.E0,0.E0,0.E0));
#1277=VECTOR('',#1276,4.E-2);
#1278=CARTESIAN_POINT('',(-1.865E0,0.E0,-3.7E-1));
#1279=LINE('',#1278,#1277);
#1280=DIRECTION('',(0.E0,1.E0,0.E0));
#1281=VECTOR('',#1280,6.E-2);
#1282=CARTESIAN_POINT('',(-1.905E0,0.E0,-3.7E-1));
#1283=LINE('',#1282,#1281);
#1284=DIRECTION('',(1.E0,0.E0,0.E0));
#1285=VECTOR('',#1284,1.E-1);
#1286=CARTESIAN_POINT('',(-1.905E0,6.E-2,-3.7E-1));
#1287=LINE('',#1286,#1285);
#1288=CARTESIAN_POINT('',(-1.805E0,1.E-1,-3.7E-1));
#1289=DIRECTION('',(0.E0,0.E0,1.E0));
#1290=DIRECTION('',(0.E0,-1.E0,0.E0));
#1291=AXIS2_PLACEMENT_3D('',#1288,#1289,#1290);
#1293=DIRECTION('',(0.E0,0.E0,1.E0));
#1294=VECTOR('',#1293,2.25E-1);
#1295=CARTESIAN_POINT('',(1.685E0,1.E-1,-5.95E-1));
#1296=LINE('',#1295,#1294);
#1297=DIRECTION('',(1.E0,0.E0,0.E0));
#1298=VECTOR('',#1297,1.E-2);
#1299=CARTESIAN_POINT('',(1.675E0,1.5E-1,-5.95E-1));
#1300=LINE('',#1299,#1298);
#1301=DIRECTION('',(0.E0,0.E0,1.E0));
#1302=VECTOR('',#1301,2.25E-1);
#1303=CARTESIAN_POINT('',(1.685E0,1.5E-1,-5.95E-1));
#1304=LINE('',#1303,#1302);
#1305=DIRECTION('',(1.E0,0.E0,0.E0));
#1306=VECTOR('',#1305,9.E-2);
#1307=CARTESIAN_POINT('',(1.675E0,2.5E-1,-5.95E-1));
#1308=LINE('',#1307,#1306);
#1309=DIRECTION('',(0.E0,1.E0,0.E0));
#1310=VECTOR('',#1309,5.E-2);
#1311=CARTESIAN_POINT('',(1.685E0,1.E-1,-5.95E-1));
#1312=LINE('',#1311,#1310);
#1313=CARTESIAN_POINT('',(1.805E0,1.E-1,-5.95E-1));
#1314=DIRECTION('',(0.E0,0.E0,-1.E0));
#1315=DIRECTION('',(0.E0,-1.E0,0.E0));
#1316=AXIS2_PLACEMENT_3D('',#1313,#1314,#1315);
#1318=DIRECTION('',(-1.E0,0.E0,0.E0));
#1319=VECTOR('',#1318,4.E-2);
#1320=CARTESIAN_POINT('',(1.845E0,-2.E-2,-5.95E-1));
#1321=LINE('',#1320,#1319);
#1322=DIRECTION('',(-7.071067811866E-1,-7.071067811865E-1,0.E0));
#1323=VECTOR('',#1322,2.828427124746E-2);
#1324=CARTESIAN_POINT('',(1.865E0,0.E0,-5.95E-1));
#1325=LINE('',#1324,#1323);
#1326=DIRECTION('',(-1.E0,0.E0,0.E0));
#1327=VECTOR('',#1326,4.E-2);
#1328=CARTESIAN_POINT('',(1.905E0,0.E0,-5.95E-1));
#1329=LINE('',#1328,#1327);
#1330=DIRECTION('',(0.E0,-1.E0,0.E0));
#1331=VECTOR('',#1330,6.E-2);
#1332=CARTESIAN_POINT('',(1.905E0,6.E-2,-5.95E-1));
#1333=LINE('',#1332,#1331);
#1334=DIRECTION('',(1.E0,0.E0,0.E0));
#1335=VECTOR('',#1334,1.E-1);
#1336=CARTESIAN_POINT('',(1.805E0,6.E-2,-5.95E-1));
#1337=LINE('',#1336,#1335);
#1338=CARTESIAN_POINT('',(1.805E0,1.E-1,-5.95E-1));
#1339=DIRECTION('',(0.E0,0.E0,1.E0));
#1340=DIRECTION('',(-1.E0,0.E0,0.E0));
#1341=AXIS2_PLACEMENT_3D('',#1338,#1339,#1340);
#1343=CARTESIAN_POINT('',(-1.805E0,1.E-1,-5.95E-1));
#1344=DIRECTION('',(0.E0,0.E0,1.E0));
#1345=DIRECTION('',(0.E0,-1.E0,0.E0));
#1346=AXIS2_PLACEMENT_3D('',#1343,#1344,#1345);
#1348=DIRECTION('',(1.E0,0.E0,0.E0));
#1349=VECTOR('',#1348,1.E-1);
#1350=CARTESIAN_POINT('',(-1.905E0,6.E-2,-5.95E-1));
#1351=LINE('',#1350,#1349);
#1352=DIRECTION('',(0.E0,1.E0,0.E0));
#1353=VECTOR('',#1352,6.E-2);
#1354=CARTESIAN_POINT('',(-1.905E0,0.E0,-5.95E-1));
#1355=LINE('',#1354,#1353);
#1356=DIRECTION('',(-1.E0,0.E0,0.E0));
#1357=VECTOR('',#1356,4.E-2);
#1358=CARTESIAN_POINT('',(-1.865E0,0.E0,-5.95E-1));
#1359=LINE('',#1358,#1357);
#1360=DIRECTION('',(-7.071067811865E-1,7.071067811866E-1,0.E0));
#1361=VECTOR('',#1360,2.828427124746E-2);
#1362=CARTESIAN_POINT('',(-1.845E0,-2.E-2,-5.95E-1));
#1363=LINE('',#1362,#1361);
#1364=DIRECTION('',(-1.E0,0.E0,0.E0));
#1365=VECTOR('',#1364,4.E-2);
#1366=CARTESIAN_POINT('',(-1.805E0,-2.E-2,-5.95E-1));
#1367=LINE('',#1366,#1365);
#1368=CARTESIAN_POINT('',(-1.805E0,1.E-1,-5.95E-1));
#1369=DIRECTION('',(0.E0,0.E0,-1.E0));
#1370=DIRECTION('',(1.E0,0.E0,0.E0));
#1371=AXIS2_PLACEMENT_3D('',#1368,#1369,#1370);
#1373=DIRECTION('',(0.E0,-1.E0,0.E0));
#1374=VECTOR('',#1373,5.E-2);
#1375=CARTESIAN_POINT('',(-1.685E0,1.5E-1,-5.95E-1));
#1376=LINE('',#1375,#1374);
#1377=DIRECTION('',(-1.E0,0.E0,0.E0));
#1378=VECTOR('',#1377,9.E-2);
#1379=CARTESIAN_POINT('',(-1.675E0,2.5E-1,-5.95E-1));
#1380=LINE('',#1379,#1378);
#1381=CARTESIAN_POINT('',(1.645E0,2.5E-1,-8.5E-1));
#1382=DIRECTION('',(0.E0,-1.E0,0.E0));
#1383=DIRECTION('',(0.E0,0.E0,-1.E0));
#1384=AXIS2_PLACEMENT_3D('',#1381,#1382,#1383);
#1386=DIRECTION('',(0.E0,0.E0,-1.E0));
#1387=VECTOR('',#1386,2.55E-1);
#1388=CARTESIAN_POINT('',(1.765E0,2.5E-1,-5.95E-1));
#1389=LINE('',#1388,#1387);
#1390=DIRECTION('',(0.E0,0.E0,-1.E0));
#1391=VECTOR('',#1390,9.E-2);
#1392=CARTESIAN_POINT('',(1.38E0,2.5E-1,-8.8E-1));
#1393=LINE('',#1392,#1391);
#1394=DIRECTION('',(0.E0,-1.E0,0.E0));
#1395=VECTOR('',#1394,2.8E-1);
#1396=CARTESIAN_POINT('',(8.05E-1,3.4E-1,-8.8E-1));
#1397=LINE('',#1396,#1395);
#1398=DIRECTION('',(1.E0,0.E0,0.E0));
#1399=VECTOR('',#1398,4.E-2);
#1400=CARTESIAN_POINT('',(7.65E-1,3.4E-1,-8.8E-1));
#1401=LINE('',#1400,#1399);
#1402=DIRECTION('',(1.E0,0.E0,0.E0));
#1403=VECTOR('',#1402,7.1E-1);
#1404=CARTESIAN_POINT('',(7.E-1,0.E0,-8.8E-1));
#1405=LINE('',#1404,#1403);
#1406=DIRECTION('',(0.E0,1.E0,0.E0));
#1407=VECTOR('',#1406,2.2E-1);
#1408=CARTESIAN_POINT('',(1.41E0,0.E0,-8.8E-1));
#1409=LINE('',#1408,#1407);
#1410=DIRECTION('',(-1.E0,0.E0,0.E0));
#1411=VECTOR('',#1410,2.95E-1);
#1412=CARTESIAN_POINT('',(1.675E0,2.5E-1,-8.8E-1));
#1413=LINE('',#1412,#1411);
#1414=DIRECTION('',(-7.071067811865E-1,-7.071067811865E-1,0.E0));
#1415=VECTOR('',#1414,2.687005768509E-1);
#1416=CARTESIAN_POINT('',(1.38E0,2.5E-1,-8.8E-1));
#1417=LINE('',#1416,#1415);
#1418=DIRECTION('',(-1.E0,0.E0,0.E0));
#1419=VECTOR('',#1418,3.85E-1);
#1420=CARTESIAN_POINT('',(1.19E0,6.E-2,-8.8E-1));
#1421=LINE('',#1420,#1419);
#1422=DIRECTION('',(-1.E0,0.E0,0.E0));
#1423=VECTOR('',#1422,1.505851374348E-1);
#1424=CARTESIAN_POINT('',(1.170585137435E0,4.4E-1,-8.8E-1));
#1425=LINE('',#1424,#1423);
#1426=DIRECTION('',(0.E0,1.E0,0.E0));
#1427=VECTOR('',#1426,1.E-1);
#1428=CARTESIAN_POINT('',(1.02E0,3.4E-1,-8.8E-1));
#1429=LINE('',#1428,#1427);
#1430=DIRECTION('',(1.E0,0.E0,0.E0));
#1431=VECTOR('',#1430,4.E-2);
#1432=CARTESIAN_POINT('',(9.8E-1,3.4E-1,-8.8E-1));
#1433=LINE('',#1432,#1431);
#1434=DIRECTION('',(0.E0,-1.E0,0.E0));
#1435=VECTOR('',#1434,1.E-1);
#1436=CARTESIAN_POINT('',(9.8E-1,3.4E-1,-8.8E-1));
#1437=LINE('',#1436,#1435);
#1438=DIRECTION('',(1.E0,0.E0,0.E0));
#1439=VECTOR('',#1438,1.212994231491E-1);
#1440=CARTESIAN_POINT('',(9.8E-1,2.4E-1,-8.8E-1));
#1441=LINE('',#1440,#1439);
#1442=DIRECTION('',(7.071067811865E-1,7.071067811865E-1,0.E0));
#1443=VECTOR('',#1442,2.192031021678E-1);
#1444=CARTESIAN_POINT('',(1.101299423149E0,2.4E-1,-8.8E-1));
#1445=LINE('',#1444,#1443);
#1446=DIRECTION('',(0.E0,-1.E0,0.E0));
#1447=VECTOR('',#1446,4.5E-2);
#1448=CARTESIAN_POINT('',(1.256299423149E0,4.4E-1,-8.8E-1));
#1449=LINE('',#1448,#1447);
#1450=DIRECTION('',(-1.E0,0.E0,0.E0));
#1451=VECTOR('',#1450,8.571428571429E-2);
#1452=CARTESIAN_POINT('',(1.256299423149E0,4.4E-1,-8.8E-1));
#1453=LINE('',#1452,#1451);
#1454=CARTESIAN_POINT('',(8.05E-1,3.2E-1,8.5E-1));
#1455=DIRECTION('',(-1.E0,0.E0,0.E0));
#1456=DIRECTION('',(0.E0,0.E0,1.E0));
#1457=AXIS2_PLACEMENT_3D('',#1454,#1455,#1456);
#1459=DIRECTION('',(0.E0,-1.E0,0.E0));
#1460=VECTOR('',#1459,2.6E-1);
#1461=CARTESIAN_POINT('',(8.05E-1,3.2E-1,9.7E-1));
#1462=LINE('',#1461,#1460);
#1463=DIRECTION('',(0.E0,0.E0,1.E0));
#1464=VECTOR('',#1463,9.E-2);
#1465=CARTESIAN_POINT('',(8.05E-1,6.E-2,8.8E-1));
#1466=LINE('',#1465,#1464);
#1467=DIRECTION('',(0.E0,1.E0,0.E0));
#1468=VECTOR('',#1467,2.8E-1);
#1469=CARTESIAN_POINT('',(8.05E-1,6.E-2,8.8E-1));
#1470=LINE('',#1469,#1468);
#1471=DIRECTION('',(0.E0,-2.535923447086E-1,-9.673111819395E-1));
#1472=VECTOR('',#1471,1.219876314915E-1);
#1473=CARTESIAN_POINT('',(8.05E-1,2.089351294954E-1,7.1E-1));
#1474=LINE('',#1473,#1472);
#1475=DIRECTION('',(0.E0,9.673111819395E-1,-2.535923447086E-1));
#1476=VECTOR('',#1475,1.128661500194E-1);
#1477=CARTESIAN_POINT('',(8.05E-1,1.78E-1,5.92E-1));
#1478=LINE('',#1477,#1476);
#1479=CARTESIAN_POINT('',(8.05E-1,3.1E-1,6.504360147529E-1));
#1480=DIRECTION('',(1.E0,0.E0,0.E0));
#1481=DIRECTION('',(0.E0,-2.535923447086E-1,-9.673111819395E-1));
#1482=AXIS2_PLACEMENT_3D('',#1479,#1480,#1481);
#1484=DIRECTION('',(0.E0,7.660444431190E-1,6.427876096865E-1));
#1485=VECTOR('',#1484,5.221629157329E-2);
#1486=CARTESIAN_POINT('',(8.05E-1,3.678508848718E-1,5.814920148722E-1));
#1487=LINE('',#1486,#1485);
#1488=CARTESIAN_POINT('',(8.05E-1,3.5E-1,6.84E-1));
#1489=DIRECTION('',(1.E0,0.E0,0.E0));
#1490=DIRECTION('',(0.E0,6.427876096865E-1,-7.660444431190E-1));
#1491=AXIS2_PLACEMENT_3D('',#1488,#1489,#1490);
#1493=DIRECTION('',(0.E0,0.E0,1.E0));
#1494=VECTOR('',#1493,1.66E-1);
#1495=CARTESIAN_POINT('',(8.05E-1,4.4E-1,6.84E-1));
#1496=LINE('',#1495,#1494);
#1497=CARTESIAN_POINT('',(8.05E-1,3.2E-1,-8.5E-1));
#1498=DIRECTION('',(-1.E0,0.E0,0.E0));
#1499=DIRECTION('',(0.E0,1.E0,0.E0));
#1500=AXIS2_PLACEMENT_3D('',#1497,#1498,#1499);
#1502=CARTESIAN_POINT('',(8.05E-1,3.5E-1,-6.84E-1));
#1503=DIRECTION('',(1.E0,0.E0,0.E0));
#1504=DIRECTION('',(0.E0,1.E0,0.E0));
#1505=AXIS2_PLACEMENT_3D('',#1502,#1503,#1504);
#1507=DIRECTION('',(0.E0,-7.660444431190E-1,6.427876096865E-1));
#1508=VECTOR('',#1507,5.221629157329E-2);
#1509=CARTESIAN_POINT('',(8.05E-1,4.078508848718E-1,-6.150560001193E-1));
#1510=LINE('',#1509,#1508);
#1511=CARTESIAN_POINT('',(8.05E-1,3.1E-1,-6.504360147529E-1));
#1512=DIRECTION('',(1.E0,0.E0,0.E0));
#1513=DIRECTION('',(0.E0,6.427876096865E-1,7.660444431190E-1));
#1514=AXIS2_PLACEMENT_3D('',#1511,#1512,#1513);
#1516=DIRECTION('',(0.E0,-9.673111819395E-1,-2.535923447086E-1));
#1517=VECTOR('',#1516,1.128661500194E-1);
#1518=CARTESIAN_POINT('',(8.05E-1,2.871766889762E-1,-5.633780083784E-1));
#1519=LINE('',#1518,#1517);
#1520=DIRECTION('',(0.E0,2.535923447086E-1,-9.673111819395E-1));
#1521=VECTOR('',#1520,1.219876314915E-1);
#1522=CARTESIAN_POINT('',(8.05E-1,1.78E-1,-5.92E-1));
#1523=LINE('',#1522,#1521);
#1524=DIRECTION('',(0.E0,0.E0,-1.E0));
#1525=VECTOR('',#1524,9.E-2);
#1526=CARTESIAN_POINT('',(8.05E-1,6.E-2,-8.8E-1));
#1527=LINE('',#1526,#1525);
#1528=DIRECTION('',(-1.E0,0.E0,0.E0));
#1529=VECTOR('',#1528,1.75E-1);
#1530=CARTESIAN_POINT('',(9.8E-1,4.4E-1,8.5E-1));
#1531=LINE('',#1530,#1529);
#1532=DIRECTION('',(1.E0,0.E0,0.E0));
#1533=VECTOR('',#1532,1.75E-1);
#1534=CARTESIAN_POINT('',(8.05E-1,4.4E-1,6.84E-1));
#1535=LINE('',#1534,#1533);
#1536=DIRECTION('',(1.E0,0.E0,0.E0));
#1537=VECTOR('',#1536,1.75E-1);
#1538=CARTESIAN_POINT('',(8.05E-1,4.078508848718E-1,6.150560001193E-1));
#1539=LINE('',#1538,#1537);
#1540=DIRECTION('',(1.E0,0.E0,0.E0));
#1541=VECTOR('',#1540,1.75E-1);
#1542=CARTESIAN_POINT('',(8.05E-1,3.678508848718E-1,5.814920148722E-1));
#1543=LINE('',#1542,#1541);
#1544=DIRECTION('',(1.E0,0.E0,0.E0));
#1545=VECTOR('',#1544,1.75E-1);
#1546=CARTESIAN_POINT('',(8.05E-1,2.871766889762E-1,5.633780083784E-1));
#1547=LINE('',#1546,#1545);
#1548=DIRECTION('',(1.E0,0.E0,0.E0));
#1549=VECTOR('',#1548,1.75E-1);
#1550=CARTESIAN_POINT('',(8.05E-1,1.78E-1,5.92E-1));
#1551=LINE('',#1550,#1549);
#1552=DIRECTION('',(0.E0,-1.E0,0.E0));
#1553=VECTOR('',#1552,1.310648705046E-1);
#1554=CARTESIAN_POINT('',(8.05E-1,3.4E-1,7.1E-1));
#1555=LINE('',#1554,#1553);
#1556=DIRECTION('',(-1.E0,0.E0,0.E0));
#1557=VECTOR('',#1556,4.E-2);
#1558=CARTESIAN_POINT('',(8.05E-1,3.4E-1,7.1E-1));
#1559=LINE('',#1558,#1557);
#1560=DIRECTION('',(0.E0,-1.E0,0.E0));
#1561=VECTOR('',#1560,2.4E-1);
#1562=CARTESIAN_POINT('',(7.65E-1,3.4E-1,7.1E-1));
#1563=LINE('',#1562,#1561);
#1564=DIRECTION('',(-1.E0,0.E0,0.E0));
#1565=VECTOR('',#1564,4.E-2);
#1566=CARTESIAN_POINT('',(1.02E0,3.4E-1,7.1E-1));
#1567=LINE('',#1566,#1565);
#1568=DIRECTION('',(0.E0,-1.E0,0.E0));
#1569=VECTOR('',#1568,1.310648705046E-1);
#1570=CARTESIAN_POINT('',(9.8E-1,3.4E-1,7.1E-1));
#1571=LINE('',#1570,#1569);
#1572=DIRECTION('',(-1.E0,0.E0,0.E0));
#1573=VECTOR('',#1572,1.75E-1);
#1574=CARTESIAN_POINT('',(9.8E-1,2.089351294954E-1,7.1E-1));
#1575=LINE('',#1574,#1573);
#1576=DIRECTION('',(0.E0,0.E0,1.E0));
#1577=VECTOR('',#1576,1.7E-1);
#1578=CARTESIAN_POINT('',(8.05E-1,3.4E-1,-8.8E-1));
#1579=LINE('',#1578,#1577);
#1580=DIRECTION('',(0.E0,0.E0,-1.E0));
#1581=VECTOR('',#1580,1.7E-1);
#1582=CARTESIAN_POINT('',(7.65E-1,3.4E-1,-7.1E-1));
#1583=LINE('',#1582,#1581);
#1584=DIRECTION('',(0.E0,0.E0,1.E0));
#1585=VECTOR('',#1584,1.7E-1);
#1586=CARTESIAN_POINT('',(8.05E-1,3.4E-1,7.1E-1));
#1587=LINE('',#1586,#1585);
#1588=DIRECTION('',(0.E0,0.E0,-1.E0));
#1589=VECTOR('',#1588,1.7E-1);
#1590=CARTESIAN_POINT('',(7.65E-1,3.4E-1,8.8E-1));
#1591=LINE('',#1590,#1589);
#1592=DIRECTION('',(0.E0,0.E0,1.E0));
#1593=VECTOR('',#1592,1.7E-1);
#1594=CARTESIAN_POINT('',(9.8E-1,3.4E-1,-8.8E-1));
#1595=LINE('',#1594,#1593);
#1596=DIRECTION('',(0.E0,0.E0,1.E0));
#1597=VECTOR('',#1596,3.E-2);
#1598=CARTESIAN_POINT('',(1.02E0,3.4E-1,-7.4E-1));
#1599=LINE('',#1598,#1597);
#1600=DIRECTION('',(0.E0,0.E0,1.E0));
#1601=VECTOR('',#1600,1.7E-1);
#1602=CARTESIAN_POINT('',(9.8E-1,3.4E-1,7.1E-1));
#1603=LINE('',#1602,#1601);
#1604=DIRECTION('',(0.E0,0.E0,1.E0));
#1605=VECTOR('',#1604,3.E-2);
#1606=CARTESIAN_POINT('',(1.02E0,3.4E-1,7.1E-1));
#1607=LINE('',#1606,#1605);
#1608=DIRECTION('',(0.E0,-1.E0,0.E0));
#1609=VECTOR('',#1608,1.310648705046E-1);
#1610=CARTESIAN_POINT('',(8.05E-1,3.4E-1,-7.1E-1));
#1611=LINE('',#1610,#1609);
#1612=DIRECTION('',(-1.E0,0.E0,0.E0));
#1613=VECTOR('',#1612,1.75E-1);
#1614=CARTESIAN_POINT('',(9.8E-1,2.089351294954E-1,-7.1E-1));
#1615=LINE('',#1614,#1613);
#1616=DIRECTION('',(0.E0,-1.E0,0.E0));
#1617=VECTOR('',#1616,1.310648705046E-1);
#1618=CARTESIAN_POINT('',(9.8E-1,3.4E-1,-7.1E-1));
#1619=LINE('',#1618,#1617);
#1620=DIRECTION('',(1.E0,0.E0,0.E0));
#1621=VECTOR('',#1620,4.E-2);
#1622=CARTESIAN_POINT('',(9.8E-1,3.4E-1,-7.1E-1));
#1623=LINE('',#1622,#1621);
#1624=DIRECTION('',(0.E0,-1.E0,0.E0));
#1625=VECTOR('',#1624,6.E-2);
#1626=CARTESIAN_POINT('',(1.02E0,3.4E-1,-7.1E-1));
#1627=LINE('',#1626,#1625);
#1628=DIRECTION('',(0.E0,-1.E0,0.E0));
#1629=VECTOR('',#1628,1.8E-1);
#1630=CARTESIAN_POINT('',(9.85E-1,2.8E-1,-7.1E-1));
#1631=LINE('',#1630,#1629);
#1632=DIRECTION('',(1.E0,0.E0,0.E0));
#1633=VECTOR('',#1632,4.E-2);
#1634=CARTESIAN_POINT('',(7.65E-1,3.4E-1,-7.1E-1));
#1635=LINE('',#1634,#1633);
#1636=DIRECTION('',(1.E0,0.E0,0.E0));
#1637=VECTOR('',#1636,1.75E-1);
#1638=CARTESIAN_POINT('',(8.05E-1,1.78E-1,-5.92E-1));
#1639=LINE('',#1638,#1637);
#1640=DIRECTION('',(1.E0,0.E0,0.E0));
#1641=VECTOR('',#1640,1.75E-1);
#1642=CARTESIAN_POINT('',(8.05E-1,2.871766889762E-1,-5.633780083784E-1));
#1643=LINE('',#1642,#1641);
#1644=DIRECTION('',(1.E0,0.E0,0.E0));
#1645=VECTOR('',#1644,1.75E-1);
#1646=CARTESIAN_POINT('',(8.05E-1,3.678508848718E-1,-5.814920148722E-1));
#1647=LINE('',#1646,#1645);
#1648=DIRECTION('',(1.E0,0.E0,0.E0));
#1649=VECTOR('',#1648,1.75E-1);
#1650=CARTESIAN_POINT('',(8.05E-1,4.078508848718E-1,-6.150560001193E-1));
#1651=LINE('',#1650,#1649);
#1652=DIRECTION('',(1.E0,0.E0,0.E0));
#1653=VECTOR('',#1652,1.75E-1);
#1654=CARTESIAN_POINT('',(8.05E-1,4.4E-1,-6.84E-1));
#1655=LINE('',#1654,#1653);
#1656=DIRECTION('',(1.E0,0.E0,0.E0));
#1657=VECTOR('',#1656,1.75E-1);
#1658=CARTESIAN_POINT('',(8.05E-1,4.4E-1,-8.5E-1));
#1659=LINE('',#1658,#1657);
#1660=DIRECTION('',(0.E0,0.E0,-1.E0));
#1661=VECTOR('',#1660,1.66E-1);
#1662=CARTESIAN_POINT('',(8.05E-1,4.4E-1,-6.84E-1));
#1663=LINE('',#1662,#1661);
#1664=CARTESIAN_POINT('',(9.8E-1,3.2E-1,8.5E-1));
#1665=DIRECTION('',(1.E0,0.E0,0.E0));
#1666=DIRECTION('',(0.E0,1.E0,0.E0));
#1667=AXIS2_PLACEMENT_3D('',#1664,#1665,#1666);
#1669=DIRECTION('',(0.E0,0.E0,1.E0));
#1670=VECTOR('',#1669,1.66E-1);
#1671=CARTESIAN_POINT('',(9.8E-1,4.4E-1,6.84E-1));
#1672=LINE('',#1671,#1670);
#1673=CARTESIAN_POINT('',(9.8E-1,3.5E-1,6.84E-1));
#1674=DIRECTION('',(1.E0,0.E0,0.E0));
#1675=DIRECTION('',(0.E0,6.427876096865E-1,-7.660444431190E-1));
#1676=AXIS2_PLACEMENT_3D('',#1673,#1674,#1675);
#1678=DIRECTION('',(0.E0,7.660444431190E-1,6.427876096865E-1));
#1679=VECTOR('',#1678,5.221629157329E-2);
#1680=CARTESIAN_POINT('',(9.8E-1,3.678508848718E-1,5.814920148722E-1));
#1681=LINE('',#1680,#1679);
#1682=CARTESIAN_POINT('',(9.8E-1,3.1E-1,6.504360147529E-1));
#1683=DIRECTION('',(1.E0,0.E0,0.E0));
#1684=DIRECTION('',(0.E0,-2.535923447086E-1,-9.673111819395E-1));
#1685=AXIS2_PLACEMENT_3D('',#1682,#1683,#1684);
#1687=DIRECTION('',(0.E0,9.673111819395E-1,-2.535923447086E-1));
#1688=VECTOR('',#1687,1.128661500194E-1);
#1689=CARTESIAN_POINT('',(9.8E-1,1.78E-1,5.92E-1));
#1690=LINE('',#1689,#1688);
#1691=DIRECTION('',(0.E0,-2.535923447086E-1,-9.673111819395E-1));
#1692=VECTOR('',#1691,1.219876314915E-1);
#1693=CARTESIAN_POINT('',(9.8E-1,2.089351294954E-1,7.1E-1));
#1694=LINE('',#1693,#1692);
#1695=DIRECTION('',(0.E0,-1.E0,0.E0));
#1696=VECTOR('',#1695,1.E-1);
#1697=CARTESIAN_POINT('',(9.8E-1,3.4E-1,8.8E-1));
#1698=LINE('',#1697,#1696);
#1699=DIRECTION('',(0.E0,1.E0,0.E0));
#1700=VECTOR('',#1699,8.E-2);
#1701=CARTESIAN_POINT('',(9.8E-1,2.4E-1,9.7E-1));
#1702=LINE('',#1701,#1700);
#1703=CARTESIAN_POINT('',(9.8E-1,3.2E-1,-8.5E-1));
#1704=DIRECTION('',(1.E0,0.E0,0.E0));
#1705=DIRECTION('',(0.E0,0.E0,-1.E0));
#1706=AXIS2_PLACEMENT_3D('',#1703,#1704,#1705);
#1708=DIRECTION('',(0.E0,2.535923447086E-1,-9.673111819395E-1));
#1709=VECTOR('',#1708,1.219876314915E-1);
#1710=CARTESIAN_POINT('',(9.8E-1,1.78E-1,-5.92E-1));
#1711=LINE('',#1710,#1709);
#1712=DIRECTION('',(0.E0,-9.673111819395E-1,-2.535923447086E-1));
#1713=VECTOR('',#1712,1.128661500194E-1);
#1714=CARTESIAN_POINT('',(9.8E-1,2.871766889762E-1,-5.633780083784E-1));
#1715=LINE('',#1714,#1713);
#1716=CARTESIAN_POINT('',(9.8E-1,3.1E-1,-6.504360147529E-1));
#1717=DIRECTION('',(1.E0,0.E0,0.E0));
#1718=DIRECTION('',(0.E0,6.427876096865E-1,7.660444431190E-1));
#1719=AXIS2_PLACEMENT_3D('',#1716,#1717,#1718);
#1721=DIRECTION('',(0.E0,-7.660444431190E-1,6.427876096865E-1));
#1722=VECTOR('',#1721,5.221629157329E-2);
#1723=CARTESIAN_POINT('',(9.8E-1,4.078508848718E-1,-6.150560001193E-1));
#1724=LINE('',#1723,#1722);
#1725=CARTESIAN_POINT('',(9.8E-1,3.5E-1,-6.84E-1));
#1726=DIRECTION('',(1.E0,0.E0,0.E0));
#1727=DIRECTION('',(0.E0,1.E0,0.E0));
#1728=AXIS2_PLACEMENT_3D('',#1725,#1726,#1727);
#1730=DIRECTION('',(0.E0,0.E0,-1.E0));
#1731=VECTOR('',#1730,1.66E-1);
#1732=CARTESIAN_POINT('',(9.8E-1,4.4E-1,-6.84E-1));
#1733=LINE('',#1732,#1731);
#1734=DIRECTION('',(-1.E0,0.E0,0.E0));
#1735=VECTOR('',#1734,2.95E-1);
#1736=CARTESIAN_POINT('',(1.675E0,2.5E-1,8.8E-1));
#1737=LINE('',#1736,#1735);
#1738=DIRECTION('',(-1.E0,0.E0,0.E0));
#1739=VECTOR('',#1738,7.1E-1);
#1740=CARTESIAN_POINT('',(1.41E0,0.E0,8.8E-1));
#1741=LINE('',#1740,#1739);
#1742=DIRECTION('',(0.E0,1.E0,0.E0));
#1743=VECTOR('',#1742,1.E-1);
#1744=CARTESIAN_POINT('',(7.E-1,0.E0,8.8E-1));
#1745=LINE('',#1744,#1743);
#1746=DIRECTION('',(0.E0,1.E0,0.E0));
#1747=VECTOR('',#1746,2.4E-1);
#1748=CARTESIAN_POINT('',(7.65E-1,1.E-1,8.8E-1));
#1749=LINE('',#1748,#1747);
#1750=DIRECTION('',(1.E0,0.E0,0.E0));
#1751=VECTOR('',#1750,4.E-2);
#1752=CARTESIAN_POINT('',(7.65E-1,3.4E-1,8.8E-1));
#1753=LINE('',#1752,#1751);
#1754=DIRECTION('',(-1.E0,0.E0,0.E0));
#1755=VECTOR('',#1754,3.85E-1);
#1756=CARTESIAN_POINT('',(1.19E0,6.E-2,8.8E-1));
#1757=LINE('',#1756,#1755);
#1758=DIRECTION('',(-7.071067811865E-1,-7.071067811865E-1,0.E0));
#1759=VECTOR('',#1758,2.687005768509E-1);
#1760=CARTESIAN_POINT('',(1.38E0,2.5E-1,8.8E-1));
#1761=LINE('',#1760,#1759);
#1762=DIRECTION('',(1.E0,0.E0,0.E0));
#1763=VECTOR('',#1762,1.505851374348E-1);
#1764=CARTESIAN_POINT('',(1.02E0,4.4E-1,8.8E-1));
#1765=LINE('',#1764,#1763);
#1766=DIRECTION('',(1.E0,0.E0,0.E0));
#1767=VECTOR('',#1766,8.571428571429E-2);
#1768=CARTESIAN_POINT('',(1.170585137435E0,4.4E-1,8.8E-1));
#1769=LINE('',#1768,#1767);
#1770=DIRECTION('',(0.E0,-1.E0,0.E0));
#1771=VECTOR('',#1770,4.5E-2);
#1772=CARTESIAN_POINT('',(1.256299423149E0,4.4E-1,8.8E-1));
#1773=LINE('',#1772,#1771);
#1774=DIRECTION('',(7.071067811865E-1,7.071067811865E-1,0.E0));
#1775=VECTOR('',#1774,2.192031021678E-1);
#1776=CARTESIAN_POINT('',(1.101299423149E0,2.4E-1,8.8E-1));
#1777=LINE('',#1776,#1775);
#1778=DIRECTION('',(1.E0,0.E0,0.E0));
#1779=VECTOR('',#1778,1.212994231491E-1);
#1780=CARTESIAN_POINT('',(9.8E-1,2.4E-1,8.8E-1));
#1781=LINE('',#1780,#1779);
#1782=DIRECTION('',(1.E0,0.E0,0.E0));
#1783=VECTOR('',#1782,4.E-2);
#1784=CARTESIAN_POINT('',(9.8E-1,3.4E-1,8.8E-1));
#1785=LINE('',#1784,#1783);
#1786=DIRECTION('',(0.E0,1.E0,0.E0));
#1787=VECTOR('',#1786,1.E-1);
#1788=CARTESIAN_POINT('',(1.02E0,3.4E-1,8.8E-1));
#1789=LINE('',#1788,#1787);
#1790=CARTESIAN_POINT('',(1.645E0,2.5E-1,8.5E-1));
#1791=DIRECTION('',(0.E0,-1.E0,0.E0));
#1792=DIRECTION('',(1.E0,0.E0,0.E0));
#1793=AXIS2_PLACEMENT_3D('',#1790,#1791,#1792);
#1795=DIRECTION('',(0.E0,0.E0,-1.E0));
#1796=VECTOR('',#1795,2.55E-1);
#1797=CARTESIAN_POINT('',(1.765E0,2.5E-1,8.5E-1));
#1798=LINE('',#1797,#1796);
#1799=DIRECTION('',(1.E0,0.E0,0.E0));
#1800=VECTOR('',#1799,9.E-2);
#1801=CARTESIAN_POINT('',(1.675E0,2.5E-1,5.95E-1));
#1802=LINE('',#1801,#1800);
#1803=DIRECTION('',(0.E0,1.E0,0.E0));
#1804=VECTOR('',#1803,5.E-2);
#1805=CARTESIAN_POINT('',(1.685E0,1.E-1,5.95E-1));
#1806=LINE('',#1805,#1804);
#1807=DIRECTION('',(1.E0,0.E0,1.110223024625E-14));
#1808=VECTOR('',#1807,1.E-2);
#1809=CARTESIAN_POINT('',(1.675E0,1.5E-1,5.95E-1));
#1810=LINE('',#1809,#1808);
#1811=CARTESIAN_POINT('',(1.805E0,1.E-1,5.95E-1));
#1812=DIRECTION('',(0.E0,0.E0,1.E0));
#1813=DIRECTION('',(-1.E0,0.E0,0.E0));
#1814=AXIS2_PLACEMENT_3D('',#1811,#1812,#1813);
#1816=DIRECTION('',(1.E0,0.E0,0.E0));
#1817=VECTOR('',#1816,1.E-1);
#1818=CARTESIAN_POINT('',(1.805E0,6.E-2,5.95E-1));
#1819=LINE('',#1818,#1817);
#1820=DIRECTION('',(0.E0,-1.E0,0.E0));
#1821=VECTOR('',#1820,6.E-2);
#1822=CARTESIAN_POINT('',(1.905E0,6.E-2,5.95E-1));
#1823=LINE('',#1822,#1821);
#1824=DIRECTION('',(-1.E0,0.E0,0.E0));
#1825=VECTOR('',#1824,4.E-2);
#1826=CARTESIAN_POINT('',(1.905E0,0.E0,5.95E-1));
#1827=LINE('',#1826,#1825);
#1828=DIRECTION('',(-7.071067811866E-1,-7.071067811865E-1,0.E0));
#1829=VECTOR('',#1828,2.828427124746E-2);
#1830=CARTESIAN_POINT('',(1.865E0,0.E0,5.95E-1));
#1831=LINE('',#1830,#1829);
#1832=DIRECTION('',(-1.E0,0.E0,0.E0));
#1833=VECTOR('',#1832,4.E-2);
#1834=CARTESIAN_POINT('',(1.845E0,-2.E-2,5.95E-1));
#1835=LINE('',#1834,#1833);
#1836=CARTESIAN_POINT('',(1.805E0,1.E-1,5.95E-1));
#1837=DIRECTION('',(0.E0,0.E0,-1.E0));
#1838=DIRECTION('',(0.E0,-1.E0,0.E0));
#1839=AXIS2_PLACEMENT_3D('',#1836,#1837,#1838);
#1841=DIRECTION('',(-1.E0,0.E0,0.E0));
#1842=VECTOR('',#1841,1.E-2);
#1843=CARTESIAN_POINT('',(-1.675E0,1.5E-1,5.95E-1));
#1844=LINE('',#1843,#1842);
#1845=DIRECTION('',(0.E0,-1.E0,0.E0));
#1846=VECTOR('',#1845,5.E-2);
#1847=CARTESIAN_POINT('',(-1.685E0,1.5E-1,5.95E-1));
#1848=LINE('',#1847,#1846);
#1849=CARTESIAN_POINT('',(-1.805E0,1.E-1,5.95E-1));
#1850=DIRECTION('',(0.E0,0.E0,-1.E0));
#1851=DIRECTION('',(1.E0,0.E0,0.E0));
#1852=AXIS2_PLACEMENT_3D('',#1849,#1850,#1851);
#1854=DIRECTION('',(-1.E0,0.E0,0.E0));
#1855=VECTOR('',#1854,4.E-2);
#1856=CARTESIAN_POINT('',(-1.805E0,-2.E-2,5.95E-1));
#1857=LINE('',#1856,#1855);
#1858=DIRECTION('',(-7.071067811865E-1,7.071067811866E-1,0.E0));
#1859=VECTOR('',#1858,2.828427124746E-2);
#1860=CARTESIAN_POINT('',(-1.845E0,-2.E-2,5.95E-1));
#1861=LINE('',#1860,#1859);
#1862=DIRECTION('',(-1.E0,0.E0,0.E0));
#1863=VECTOR('',#1862,4.E-2);
#1864=CARTESIAN_POINT('',(-1.865E0,0.E0,5.95E-1));
#1865=LINE('',#1864,#1863);
#1866=DIRECTION('',(0.E0,1.E0,0.E0));
#1867=VECTOR('',#1866,6.E-2);
#1868=CARTESIAN_POINT('',(-1.905E0,0.E0,5.95E-1));
#1869=LINE('',#1868,#1867);
#1870=DIRECTION('',(1.E0,0.E0,0.E0));
#1871=VECTOR('',#1870,1.E-1);
#1872=CARTESIAN_POINT('',(-1.905E0,6.E-2,5.95E-1));
#1873=LINE('',#1872,#1871);
#1874=CARTESIAN_POINT('',(-1.805E0,1.E-1,5.95E-1));
#1875=DIRECTION('',(0.E0,0.E0,1.E0));
#1876=DIRECTION('',(0.E0,-1.E0,0.E0));
#1877=AXIS2_PLACEMENT_3D('',#1874,#1875,#1876);
#1879=DIRECTION('',(0.E0,0.E0,-1.E0));
#1880=VECTOR('',#1879,2.25E-1);
#1881=CARTESIAN_POINT('',(1.685E0,1.E-1,5.95E-1));
#1882=LINE('',#1881,#1880);
#1883=DIRECTION('',(0.E0,0.E0,-1.E0));
#1884=VECTOR('',#1883,2.25E-1);
#1885=CARTESIAN_POINT('',(1.805E0,-2.E-2,5.95E-1));
#1886=LINE('',#1885,#1884);
#1887=DIRECTION('',(0.E0,0.E0,-1.E0));
#1888=VECTOR('',#1887,2.25E-1);
#1889=CARTESIAN_POINT('',(1.845E0,-2.E-2,5.95E-1));
#1890=LINE('',#1889,#1888);
#1891=DIRECTION('',(0.E0,0.E0,-1.E0));
#1892=VECTOR('',#1891,2.25E-1);
#1893=CARTESIAN_POINT('',(1.865E0,0.E0,5.95E-1));
#1894=LINE('',#1893,#1892);
#1895=DIRECTION('',(0.E0,0.E0,-1.E0));
#1896=VECTOR('',#1895,2.25E-1);
#1897=CARTESIAN_POINT('',(1.905E0,0.E0,5.95E-1));
#1898=LINE('',#1897,#1896);
#1899=DIRECTION('',(0.E0,0.E0,-1.E0));
#1900=VECTOR('',#1899,2.25E-1);
#1901=CARTESIAN_POINT('',(1.905E0,6.E-2,5.95E-1));
#1902=LINE('',#1901,#1900);
#1903=DIRECTION('',(0.E0,0.E0,-1.E0));
#1904=VECTOR('',#1903,2.25E-1);
#1905=CARTESIAN_POINT('',(1.805E0,6.E-2,5.95E-1));
#1906=LINE('',#1905,#1904);
#1907=DIRECTION('',(0.E0,0.E0,-1.E0));
#1908=VECTOR('',#1907,2.25E-1);
#1909=CARTESIAN_POINT('',(1.765E0,1.E-1,5.95E-1));
#1910=LINE('',#1909,#1908);
#1911=DIRECTION('',(0.E0,0.E0,1.E0));
#1912=VECTOR('',#1911,2.25E-1);
#1913=CARTESIAN_POINT('',(1.685E0,1.5E-1,3.7E-1));
#1914=LINE('',#1913,#1912);
#1915=DIRECTION('',(1.E0,0.E0,0.E0));
#1916=VECTOR('',#1915,1.E-2);
#1917=CARTESIAN_POINT('',(1.675E0,1.5E-1,3.7E-1));
#1918=LINE('',#1917,#1916);
#1919=DIRECTION('',(0.E0,0.E0,-1.E0));
#1920=VECTOR('',#1919,2.85E-1);
#1921=CARTESIAN_POINT('',(1.675E0,2.5E-1,8.8E-1));
#1922=LINE('',#1921,#1920);
#1923=DIRECTION('',(0.E0,1.E0,0.E0));
#1924=VECTOR('',#1923,1.E-1);
#1925=CARTESIAN_POINT('',(1.675E0,1.5E-1,5.95E-1));
#1926=LINE('',#1925,#1924);
#1927=DIRECTION('',(0.E0,0.E0,1.E0));
#1928=VECTOR('',#1927,2.25E-1);
#1929=CARTESIAN_POINT('',(1.675E0,1.5E-1,3.7E-1));
#1930=LINE('',#1929,#1928);
#1931=DIRECTION('',(0.E0,-1.E0,0.E0));
#1932=VECTOR('',#1931,1.36E-1);
#1933=CARTESIAN_POINT('',(1.675E0,2.86E-1,3.7E-1));
#1934=LINE('',#1933,#1932);
#1935=DIRECTION('',(0.E0,0.E0,1.E0));
#1936=VECTOR('',#1935,7.4E-1);
#1937=CARTESIAN_POINT('',(1.675E0,2.86E-1,-3.7E-1));
#1938=LINE('',#1937,#1936);
#1939=DIRECTION('',(0.E0,1.E0,0.E0));
#1940=VECTOR('',#1939,1.36E-1);
#1941=CARTESIAN_POINT('',(1.675E0,1.5E-1,-3.7E-1));
#1942=LINE('',#1941,#1940);
#1943=DIRECTION('',(0.E0,0.E0,1.E0));
#1944=VECTOR('',#1943,2.25E-1);
#1945=CARTESIAN_POINT('',(1.675E0,1.5E-1,-5.95E-1));
#1946=LINE('',#1945,#1944);
#1947=DIRECTION('',(0.E0,-1.E0,0.E0));
#1948=VECTOR('',#1947,1.E-1);
#1949=CARTESIAN_POINT('',(1.675E0,2.5E-1,-5.95E-1));
#1950=LINE('',#1949,#1948);
#1951=DIRECTION('',(0.E0,0.E0,1.E0));
#1952=VECTOR('',#1951,2.85E-1);
#1953=CARTESIAN_POINT('',(1.675E0,2.5E-1,-8.8E-1));
#1954=LINE('',#1953,#1952);
#1955=DIRECTION('',(0.E0,-1.E0,0.E0));
#1956=VECTOR('',#1955,3.E-2);
#1957=CARTESIAN_POINT('',(1.675E0,2.5E-1,-8.8E-1));
#1958=LINE('',#1957,#1956);
#1959=DIRECTION('',(0.E0,1.E0,0.E0));
#1960=VECTOR('',#1959,2.6E-1);
#1961=CARTESIAN_POINT('',(1.675E0,0.E0,-3.5E-1));
#1962=LINE('',#1961,#1960);
#1963=DIRECTION('',(0.E0,1.E0,0.E0));
#1964=VECTOR('',#1963,2.2E-1);
#1965=CARTESIAN_POINT('',(1.675E0,0.E0,6.15E-1));
#1966=LINE('',#1965,#1964);
#1967=DIRECTION('',(0.E0,1.E0,0.E0));
#1968=VECTOR('',#1967,3.E-2);
#1969=CARTESIAN_POINT('',(1.675E0,2.2E-1,8.8E-1));
#1970=LINE('',#1969,#1968);
#1971=DIRECTION('',(1.E0,0.E0,0.E0));
#1972=VECTOR('',#1971,2.65E-1);
#1973=CARTESIAN_POINT('',(-1.675E0,2.2E-1,-8.8E-1));
#1974=LINE('',#1973,#1972);
#1975=DIRECTION('',(0.E0,0.E0,-1.E0));
#1976=VECTOR('',#1975,2.65E-1);
#1977=CARTESIAN_POINT('',(-1.675E0,2.2E-1,-6.15E-1));
#1978=LINE('',#1977,#1976);
#1979=DIRECTION('',(0.E0,0.E0,-1.E0));
#1980=VECTOR('',#1979,2.65E-1);
#1981=CARTESIAN_POINT('',(-1.675E0,2.2E-1,8.8E-1));
#1982=LINE('',#1981,#1980);
#1983=DIRECTION('',(-1.E0,0.E0,0.E0));
#1984=VECTOR('',#1983,2.65E-1);
#1985=CARTESIAN_POINT('',(-1.41E0,2.2E-1,8.8E-1));
#1986=LINE('',#1985,#1984);
#1987=DIRECTION('',(-1.E0,0.E0,0.E0));
#1988=VECTOR('',#1987,2.65E-1);
#1989=CARTESIAN_POINT('',(1.675E0,2.2E-1,8.8E-1));
#1990=LINE('',#1989,#1988);
#1991=DIRECTION('',(0.E0,0.E0,1.E0));
#1992=VECTOR('',#1991,2.65E-1);
#1993=CARTESIAN_POINT('',(1.675E0,2.2E-1,6.15E-1));
#1994=LINE('',#1993,#1992);
#1995=DIRECTION('',(0.E0,0.E0,1.E0));
#1996=VECTOR('',#1995,2.65E-1);
#1997=CARTESIAN_POINT('',(1.675E0,2.2E-1,-8.8E-1));
#1998=LINE('',#1997,#1996);
#1999=DIRECTION('',(1.E0,0.E0,0.E0));
#2000=VECTOR('',#1999,2.65E-1);
#2001=CARTESIAN_POINT('',(1.41E0,2.2E-1,-8.8E-1));
#2002=LINE('',#2001,#2000);
#2003=DIRECTION('',(0.E0,0.E0,1.E0));
#2004=VECTOR('',#2003,1.85E-1);
#2005=CARTESIAN_POINT('',(-1.925E0,2.2E-1,-8.E-1));
#2006=LINE('',#2005,#2004);
#2007=DIRECTION('',(0.E0,1.E0,0.E0));
#2008=VECTOR('',#2007,2.2E-1);
#2009=CARTESIAN_POINT('',(-1.925E0,0.E0,-8.E-1));
#2010=LINE('',#2009,#2008);
#2011=DIRECTION('',(1.E0,0.E0,0.E0));
#2012=VECTOR('',#2011,2.5E-1);
#2013=CARTESIAN_POINT('',(-1.925E0,2.2E-1,-6.15E-1));
#2014=LINE('',#2013,#2012);
#2015=DIRECTION('',(0.E0,1.E0,0.E0));
#2016=VECTOR('',#2015,2.2E-1);
#2017=CARTESIAN_POINT('',(-1.925E0,0.E0,-6.15E-1));
#2018=LINE('',#2017,#2016);
#2019=DIRECTION('',(0.E0,0.E0,-1.E0));
#2020=VECTOR('',#2019,2.85E-1);
#2021=CARTESIAN_POINT('',(-1.675E0,2.5E-1,8.8E-1));
#2022=LINE('',#2021,#2020);
#2023=DIRECTION('',(0.E0,-1.E0,0.E0));
#2024=VECTOR('',#2023,3.E-2);
#2025=CARTESIAN_POINT('',(-1.675E0,2.5E-1,8.8E-1));
#2026=LINE('',#2025,#2024);
#2027=DIRECTION('',(0.E0,1.E0,0.E0));
#2028=VECTOR('',#2027,2.6E-1);
#2029=CARTESIAN_POINT('',(-1.675E0,0.E0,3.5E-1));
#2030=LINE('',#2029,#2028);
#2031=DIRECTION('',(0.E0,0.E0,-1.E0));
#2032=VECTOR('',#2031,7.E-1);
#2033=CARTESIAN_POINT('',(-1.675E0,2.6E-1,3.5E-1));
#2034=LINE('',#2033,#2032);
#2035=DIRECTION('',(0.E0,1.E0,0.E0));
#2036=VECTOR('',#2035,2.2E-1);
#2037=CARTESIAN_POINT('',(-1.675E0,0.E0,-6.15E-1));
#2038=LINE('',#2037,#2036);
#2039=DIRECTION('',(0.E0,1.E0,0.E0));
#2040=VECTOR('',#2039,3.E-2);
#2041=CARTESIAN_POINT('',(-1.675E0,2.2E-1,-8.8E-1));
#2042=LINE('',#2041,#2040);
#2043=DIRECTION('',(0.E0,0.E0,1.E0));
#2044=VECTOR('',#2043,2.85E-1);
#2045=CARTESIAN_POINT('',(-1.675E0,2.5E-1,-8.8E-1));
#2046=LINE('',#2045,#2044);
#2047=DIRECTION('',(0.E0,-1.E0,0.E0));
#2048=VECTOR('',#2047,1.E-1);
#2049=CARTESIAN_POINT('',(-1.675E0,2.5E-1,-5.95E-1));
#2050=LINE('',#2049,#2048);
#2051=DIRECTION('',(0.E0,0.E0,1.E0));
#2052=VECTOR('',#2051,2.25E-1);
#2053=CARTESIAN_POINT('',(-1.675E0,1.5E-1,-5.95E-1));
#2054=LINE('',#2053,#2052);
#2055=DIRECTION('',(0.E0,1.E0,0.E0));
#2056=VECTOR('',#2055,1.36E-1);
#2057=CARTESIAN_POINT('',(-1.675E0,1.5E-1,-3.7E-1));
#2058=LINE('',#2057,#2056);
#2059=DIRECTION('',(0.E0,0.E0,1.E0));
#2060=VECTOR('',#2059,7.4E-1);
#2061=CARTESIAN_POINT('',(-1.675E0,2.86E-1,-3.7E-1));
#2062=LINE('',#2061,#2060);
#2063=DIRECTION('',(0.E0,-1.E0,0.E0));
#2064=VECTOR('',#2063,1.36E-1);
#2065=CARTESIAN_POINT('',(-1.675E0,2.86E-1,3.7E-1));
#2066=LINE('',#2065,#2064);
#2067=DIRECTION('',(0.E0,0.E0,1.E0));
#2068=VECTOR('',#2067,2.25E-1);
#2069=CARTESIAN_POINT('',(-1.675E0,1.5E-1,3.7E-1));
#2070=LINE('',#2069,#2068);
#2071=DIRECTION('',(0.E0,1.E0,0.E0));
#2072=VECTOR('',#2071,1.E-1);
#2073=CARTESIAN_POINT('',(-1.675E0,1.5E-1,5.95E-1));
#2074=LINE('',#2073,#2072);
#2075=CARTESIAN_POINT('',(-1.645E0,2.5E-1,8.5E-1));
#2076=DIRECTION('',(0.E0,-1.E0,0.E0));
#2077=DIRECTION('',(0.E0,0.E0,1.E0));
#2078=AXIS2_PLACEMENT_3D('',#2075,#2076,#2077);
#2080=DIRECTION('',(0.E0,0.E0,1.E0));
#2081=VECTOR('',#2080,9.E-2);
#2082=CARTESIAN_POINT('',(-1.38E0,2.5E-1,8.8E-1));
#2083=LINE('',#2082,#2081);
#2084=DIRECTION('',(-1.E0,0.E0,0.E0));
#2085=VECTOR('',#2084,9.E-2);
#2086=CARTESIAN_POINT('',(-1.675E0,2.5E-1,5.95E-1));
#2087=LINE('',#2086,#2085);
#2088=DIRECTION('',(0.E0,-1.E0,0.E0));
#2089=VECTOR('',#2088,1.5E-1);
#2090=CARTESIAN_POINT('',(-1.765E0,2.5E-1,5.95E-1));
#2091=LINE('',#2090,#2089);
#2092=DIRECTION('',(0.E0,0.E0,-1.E0));
#2093=VECTOR('',#2092,2.25E-1);
#2094=CARTESIAN_POINT('',(-1.765E0,1.E-1,5.95E-1));
#2095=LINE('',#2094,#2093);
#2096=DIRECTION('',(0.E0,1.E0,0.E0));
#2097=VECTOR('',#2096,1.86E-1);
#2098=CARTESIAN_POINT('',(-1.765E0,1.E-1,3.7E-1));
#2099=LINE('',#2098,#2097);
#2100=DIRECTION('',(0.E0,0.E0,1.E0));
#2101=VECTOR('',#2100,2.E-2);
#2102=CARTESIAN_POINT('',(-1.765E0,2.86E-1,3.5E-1));
#2103=LINE('',#2102,#2101);
#2104=DIRECTION('',(0.E0,0.E0,1.E0));
#2105=VECTOR('',#2104,2.E-2);
#2106=CARTESIAN_POINT('',(-1.765E0,2.86E-1,-3.7E-1));
#2107=LINE('',#2106,#2105);
#2108=DIRECTION('',(0.E0,-1.E0,0.E0));
#2109=VECTOR('',#2108,1.86E-1);
#2110=CARTESIAN_POINT('',(-1.765E0,2.86E-1,-3.7E-1));
#2111=LINE('',#2110,#2109);
#2112=DIRECTION('',(0.E0,0.E0,1.E0));
#2113=VECTOR('',#2112,2.25E-1);
#2114=CARTESIAN_POINT('',(-1.765E0,1.E-1,-5.95E-1));
#2115=LINE('',#2114,#2113);
#2116=DIRECTION('',(0.E0,1.E0,0.E0));
#2117=VECTOR('',#2116,1.5E-1);
#2118=CARTESIAN_POINT('',(-1.765E0,1.E-1,-5.95E-1));
#2119=LINE('',#2118,#2117);
#2120=DIRECTION('',(0.E0,0.E0,-1.E0));
#2121=VECTOR('',#2120,2.55E-1);
#2122=CARTESIAN_POINT('',(-1.765E0,2.5E-1,-5.95E-1));
#2123=LINE('',#2122,#2121);
#2124=DIRECTION('',(0.E0,1.E0,0.E0));
#2125=VECTOR('',#2124,1.9E-1);
#2126=CARTESIAN_POINT('',(-1.765E0,2.5E-1,-8.5E-1));
#2127=LINE('',#2126,#2125);
#2128=DIRECTION('',(0.E0,0.E0,1.E0));
#2129=VECTOR('',#2128,1.E-1);
#2130=CARTESIAN_POINT('',(-1.765E0,4.4E-1,-8.5E-1));
#2131=LINE('',#2130,#2129);
#2132=DIRECTION('',(0.E0,0.E0,-1.E0));
#2133=VECTOR('',#2132,1.5E0);
#2134=CARTESIAN_POINT('',(-1.765E0,4.4E-1,7.5E-1));
#2135=LINE('',#2134,#2133);
#2136=DIRECTION('',(0.E0,0.E0,1.E0));
#2137=VECTOR('',#2136,1.E-1);
#2138=CARTESIAN_POINT('',(-1.765E0,4.4E-1,7.5E-1));
#2139=LINE('',#2138,#2137);
#2140=DIRECTION('',(0.E0,-1.E0,0.E0));
#2141=VECTOR('',#2140,1.9E-1);
#2142=CARTESIAN_POINT('',(-1.765E0,4.4E-1,8.5E-1));
#2143=LINE('',#2142,#2141);
#2144=DIRECTION('',(0.E0,0.E0,-1.E0));
#2145=VECTOR('',#2144,2.55E-1);
#2146=CARTESIAN_POINT('',(-1.765E0,2.5E-1,8.5E-1));
#2147=LINE('',#2146,#2145);
#2148=DIRECTION('',(0.E0,0.E0,-1.E0));
#2149=VECTOR('',#2148,2.25E-1);
#2150=CARTESIAN_POINT('',(-1.805E0,6.E-2,5.95E-1));
#2151=LINE('',#2150,#2149);
#2152=DIRECTION('',(0.E0,0.E0,-1.E0));
#2153=VECTOR('',#2152,2.25E-1);
#2154=CARTESIAN_POINT('',(-1.905E0,6.E-2,5.95E-1));
#2155=LINE('',#2154,#2153);
#2156=DIRECTION('',(0.E0,0.E0,-1.E0));
#2157=VECTOR('',#2156,2.25E-1);
#2158=CARTESIAN_POINT('',(-1.905E0,0.E0,5.95E-1));
#2159=LINE('',#2158,#2157);
#2160=DIRECTION('',(0.E0,0.E0,-1.E0));
#2161=VECTOR('',#2160,2.25E-1);
#2162=CARTESIAN_POINT('',(-1.865E0,0.E0,5.95E-1));
#2163=LINE('',#2162,#2161);
#2164=DIRECTION('',(0.E0,0.E0,-1.E0));
#2165=VECTOR('',#2164,2.25E-1);
#2166=CARTESIAN_POINT('',(-1.845E0,-2.E-2,5.95E-1));
#2167=LINE('',#2166,#2165);
#2168=DIRECTION('',(0.E0,0.E0,-1.E0));
#2169=VECTOR('',#2168,2.25E-1);
#2170=CARTESIAN_POINT('',(-1.805E0,-2.E-2,5.95E-1));
#2171=LINE('',#2170,#2169);
#2172=DIRECTION('',(0.E0,0.E0,-1.E0));
#2173=VECTOR('',#2172,2.25E-1);
#2174=CARTESIAN_POINT('',(-1.685E0,1.E-1,5.95E-1));
#2175=LINE('',#2174,#2173);
#2176=DIRECTION('',(0.E0,0.E0,1.E0));
#2177=VECTOR('',#2176,2.25E-1);
#2178=CARTESIAN_POINT('',(-1.685E0,1.5E-1,3.7E-1));
#2179=LINE('',#2178,#2177);
#2180=DIRECTION('',(-1.E0,0.E0,0.E0));
#2181=VECTOR('',#2180,1.E-2);
#2182=CARTESIAN_POINT('',(-1.675E0,1.5E-1,3.7E-1));
#2183=LINE('',#2182,#2181);
#2184=DIRECTION('',(-1.E0,0.E0,0.E0));
#2185=VECTOR('',#2184,9.E-2);
#2186=CARTESIAN_POINT('',(-1.675E0,2.86E-1,-3.7E-1));
#2187=LINE('',#2186,#2185);
#2188=DIRECTION('',(0.E0,-1.E0,0.E0));
#2189=VECTOR('',#2188,1.14E-1);
#2190=CARTESIAN_POINT('',(-1.765E0,4.E-1,-3.5E-1));
#2191=LINE('',#2190,#2189);
#2192=DIRECTION('',(1.E0,0.E0,0.E0));
#2193=VECTOR('',#2192,1.6E-1);
#2194=CARTESIAN_POINT('',(-1.925E0,4.E-1,-3.5E-1));
#2195=LINE('',#2194,#2193);
#2196=DIRECTION('',(0.E0,1.E0,0.E0));
#2197=VECTOR('',#2196,2.6E-1);
#2198=CARTESIAN_POINT('',(-1.675E0,0.E0,-3.5E-1));
#2199=LINE('',#2198,#2197);
#2200=DIRECTION('',(-1.E0,0.E0,0.E0));
#2201=VECTOR('',#2200,5.E-2);
#2202=CARTESIAN_POINT('',(-1.675E0,2.6E-1,-3.5E-1));
#2203=LINE('',#2202,#2201);
#2204=DIRECTION('',(0.E0,-1.E0,0.E0));
#2205=VECTOR('',#2204,2.6E-2);
#2206=CARTESIAN_POINT('',(-1.725E0,2.86E-1,-3.5E-1));
#2207=LINE('',#2206,#2205);
#2208=DIRECTION('',(-1.E0,0.E0,0.E0));
#2209=VECTOR('',#2208,4.E-2);
#2210=CARTESIAN_POINT('',(-1.725E0,2.86E-1,-3.5E-1));
#2211=LINE('',#2210,#2209);
#2212=DIRECTION('',(0.E0,0.E0,1.E0));
#2213=VECTOR('',#2212,7.E-1);
#2214=CARTESIAN_POINT('',(-1.765E0,4.E-1,-3.5E-1));
#2215=LINE('',#2214,#2213);
#2216=DIRECTION('',(0.E0,-1.E0,0.E0));
#2217=VECTOR('',#2216,1.14E-1);
#2218=CARTESIAN_POINT('',(-1.765E0,4.E-1,3.5E-1));
#2219=LINE('',#2218,#2217);
#2220=DIRECTION('',(-1.E0,0.E0,0.E0));
#2221=VECTOR('',#2220,4.E-2);
#2222=CARTESIAN_POINT('',(-1.725E0,2.86E-1,3.5E-1));
#2223=LINE('',#2222,#2221);
#2224=DIRECTION('',(0.E0,-1.E0,0.E0));
#2225=VECTOR('',#2224,2.6E-2);
#2226=CARTESIAN_POINT('',(-1.725E0,2.86E-1,3.5E-1));
#2227=LINE('',#2226,#2225);
#2228=DIRECTION('',(-1.E0,0.E0,0.E0));
#2229=VECTOR('',#2228,5.E-2);
#2230=CARTESIAN_POINT('',(-1.675E0,2.6E-1,3.5E-1));
#2231=LINE('',#2230,#2229);
#2232=DIRECTION('',(0.E0,1.E0,0.E0));
#2233=VECTOR('',#2232,4.E-1);
#2234=CARTESIAN_POINT('',(-1.925E0,0.E0,3.5E-1));
#2235=LINE('',#2234,#2233);
#2236=DIRECTION('',(1.E0,0.E0,0.E0));
#2237=VECTOR('',#2236,1.6E-1);
#2238=CARTESIAN_POINT('',(-1.925E0,4.E-1,3.5E-1));
#2239=LINE('',#2238,#2237);
#2240=DIRECTION('',(0.E0,0.E0,1.E0));
#2241=VECTOR('',#2240,7.E-1);
#2242=CARTESIAN_POINT('',(-1.725E0,2.86E-1,-3.5E-1));
#2243=LINE('',#2242,#2241);
#2244=DIRECTION('',(0.E0,0.E0,-1.E0));
#2245=VECTOR('',#2244,7.E-1);
#2246=CARTESIAN_POINT('',(-1.725E0,2.6E-1,3.5E-1));
#2247=LINE('',#2246,#2245);
#2248=DIRECTION('',(0.E0,0.E0,1.E0));
#2249=VECTOR('',#2248,7.E-1);
#2250=CARTESIAN_POINT('',(-1.925E0,4.E-1,-3.5E-1));
#2251=LINE('',#2250,#2249);
#2252=DIRECTION('',(0.E0,1.E0,0.E0));
#2253=VECTOR('',#2252,4.E-1);
#2254=CARTESIAN_POINT('',(-1.925E0,0.E0,-3.5E-1));
#2255=LINE('',#2254,#2253);
#2256=DIRECTION('',(0.E0,0.E0,1.E0));
#2257=VECTOR('',#2256,2.25E-1);
#2258=CARTESIAN_POINT('',(-1.805E0,6.E-2,-5.95E-1));
#2259=LINE('',#2258,#2257);
#2260=DIRECTION('',(0.E0,0.E0,1.E0));
#2261=VECTOR('',#2260,2.25E-1);
#2262=CARTESIAN_POINT('',(-1.905E0,6.E-2,-5.95E-1));
#2263=LINE('',#2262,#2261);
#2264=DIRECTION('',(0.E0,0.E0,1.E0));
#2265=VECTOR('',#2264,2.25E-1);
#2266=CARTESIAN_POINT('',(-1.905E0,0.E0,-5.95E-1));
#2267=LINE('',#2266,#2265);
#2268=DIRECTION('',(0.E0,0.E0,1.E0));
#2269=VECTOR('',#2268,2.25E-1);
#2270=CARTESIAN_POINT('',(-1.865E0,0.E0,-5.95E-1));
#2271=LINE('',#2270,#2269);
#2272=DIRECTION('',(0.E0,0.E0,1.E0));
#2273=VECTOR('',#2272,2.25E-1);
#2274=CARTESIAN_POINT('',(-1.845E0,-2.E-2,-5.95E-1));
#2275=LINE('',#2274,#2273);
#2276=DIRECTION('',(0.E0,0.E0,1.E0));
#2277=VECTOR('',#2276,2.25E-1);
#2278=CARTESIAN_POINT('',(-1.805E0,-2.E-2,-5.95E-1));
#2279=LINE('',#2278,#2277);
#2280=DIRECTION('',(0.E0,0.E0,1.E0));
#2281=VECTOR('',#2280,2.25E-1);
#2282=CARTESIAN_POINT('',(-1.685E0,1.E-1,-5.95E-1));
#2283=LINE('',#2282,#2281);
#2284=DIRECTION('',(0.E0,0.E0,1.E0));
#2285=VECTOR('',#2284,2.25E-1);
#2286=CARTESIAN_POINT('',(-1.685E0,1.5E-1,-5.95E-1));
#2287=LINE('',#2286,#2285);
#2288=DIRECTION('',(-1.E0,0.E0,0.E0));
#2289=VECTOR('',#2288,1.E-2);
#2290=CARTESIAN_POINT('',(-1.675E0,1.5E-1,-5.95E-1));
#2291=LINE('',#2290,#2289);
#2292=CARTESIAN_POINT('',(-1.645E0,2.5E-1,-8.5E-1));
#2293=DIRECTION('',(0.E0,-1.E0,0.E0));
#2294=DIRECTION('',(-1.E0,0.E0,0.E0));
#2295=AXIS2_PLACEMENT_3D('',#2292,#2293,#2294);
#2297=DIRECTION('',(0.E0,0.E0,-1.E0));
#2298=VECTOR('',#2297,9.E-2);
#2299=CARTESIAN_POINT('',(-1.38E0,2.5E-1,-8.8E-1));
#2300=LINE('',#2299,#2298);
#2301=DIRECTION('',(0.E0,-1.E0,0.E0));
#2302=VECTOR('',#2301,2.8E-1);
#2303=CARTESIAN_POINT('',(-8.05E-1,3.4E-1,-8.8E-1));
#2304=LINE('',#2303,#2302);
#2305=DIRECTION('',(-1.E0,0.E0,0.E0));
#2306=VECTOR('',#2305,3.85E-1);
#2307=CARTESIAN_POINT('',(-8.05E-1,6.E-2,-8.8E-1));
#2308=LINE('',#2307,#2306);
#2309=DIRECTION('',(-7.071067811865E-1,7.071067811865E-1,0.E0));
#2310=VECTOR('',#2309,2.687005768509E-1);
#2311=CARTESIAN_POINT('',(-1.19E0,6.E-2,-8.8E-1));
#2312=LINE('',#2311,#2310);
#2313=DIRECTION('',(1.E0,0.E0,0.E0));
#2314=VECTOR('',#2313,2.95E-1);
#2315=CARTESIAN_POINT('',(-1.675E0,2.5E-1,-8.8E-1));
#2316=LINE('',#2315,#2314);
#2317=DIRECTION('',(1.E0,0.E0,0.E0));
#2318=VECTOR('',#2317,7.1E-1);
#2319=CARTESIAN_POINT('',(-1.41E0,0.E0,-8.8E-1));
#2320=LINE('',#2319,#2318);
#2321=DIRECTION('',(0.E0,1.E0,0.E0));
#2322=VECTOR('',#2321,1.E-1);
#2323=CARTESIAN_POINT('',(-7.E-1,0.E0,-8.8E-1));
#2324=LINE('',#2323,#2322);
#2325=DIRECTION('',(0.E0,1.E0,0.E0));
#2326=VECTOR('',#2325,2.4E-1);
#2327=CARTESIAN_POINT('',(-7.65E-1,1.E-1,-8.8E-1));
#2328=LINE('',#2327,#2326);
#2329=DIRECTION('',(-1.E0,0.E0,0.E0));
#2330=VECTOR('',#2329,4.E-2);
#2331=CARTESIAN_POINT('',(-7.65E-1,3.4E-1,-8.8E-1));
#2332=LINE('',#2331,#2330);
#2333=DIRECTION('',(-1.E0,0.E0,0.E0));
#2334=VECTOR('',#2333,1.505851374348E-1);
#2335=CARTESIAN_POINT('',(-1.02E0,4.4E-1,-8.8E-1));
#2336=LINE('',#2335,#2334);
#2337=DIRECTION('',(-1.E0,0.E0,0.E0));
#2338=VECTOR('',#2337,8.571428571429E-2);
#2339=CARTESIAN_POINT('',(-1.170585137435E0,4.4E-1,-8.8E-1));
#2340=LINE('',#2339,#2338);
#2341=DIRECTION('',(0.E0,-1.E0,0.E0));
#2342=VECTOR('',#2341,4.5E-2);
#2343=CARTESIAN_POINT('',(-1.256299423149E0,4.4E-1,-8.8E-1));
#2344=LINE('',#2343,#2342);
#2345=DIRECTION('',(7.071067811865E-1,-7.071067811865E-1,0.E0));
#2346=VECTOR('',#2345,2.192031021678E-1);
#2347=CARTESIAN_POINT('',(-1.256299423149E0,3.95E-1,-8.8E-1));
#2348=LINE('',#2347,#2346);
#2349=DIRECTION('',(1.E0,0.E0,0.E0));
#2350=VECTOR('',#2349,1.212994231491E-1);
#2351=CARTESIAN_POINT('',(-1.101299423149E0,2.4E-1,-8.8E-1));
#2352=LINE('',#2351,#2350);
#2353=DIRECTION('',(0.E0,-1.E0,0.E0));
#2354=VECTOR('',#2353,1.E-1);
#2355=CARTESIAN_POINT('',(-9.8E-1,3.4E-1,-8.8E-1));
#2356=LINE('',#2355,#2354);
#2357=DIRECTION('',(-1.E0,0.E0,0.E0));
#2358=VECTOR('',#2357,4.E-2);
#2359=CARTESIAN_POINT('',(-9.8E-1,3.4E-1,-8.8E-1));
#2360=LINE('',#2359,#2358);
#2361=DIRECTION('',(0.E0,-1.E0,0.E0));
#2362=VECTOR('',#2361,1.E-1);
#2363=CARTESIAN_POINT('',(-1.02E0,4.4E-1,-8.8E-1));
#2364=LINE('',#2363,#2362);
#2365=DIRECTION('',(0.E0,0.E0,-1.E0));
#2366=VECTOR('',#2365,9.E-2);
#2367=CARTESIAN_POINT('',(-8.05E-1,6.E-2,-8.8E-1));
#2368=LINE('',#2367,#2366);
#2369=DIRECTION('',(0.E0,0.E0,-1.E0));
#2370=VECTOR('',#2369,9.E-2);
#2371=CARTESIAN_POINT('',(-1.19E0,6.E-2,-8.8E-1));
#2372=LINE('',#2371,#2370);
#2373=DIRECTION('',(0.E0,0.E0,-1.E0));
#2374=VECTOR('',#2373,1.2E-1);
#2375=CARTESIAN_POINT('',(-1.41E0,2.2E-1,-8.8E-1));
#2376=LINE('',#2375,#2374);
#2377=DIRECTION('',(0.E0,1.E0,0.E0));
#2378=VECTOR('',#2377,2.2E-1);
#2379=CARTESIAN_POINT('',(-1.41E0,0.E0,-8.8E-1));
#2380=LINE('',#2379,#2378);
#2381=DIRECTION('',(-1.E0,0.E0,0.E0));
#2382=VECTOR('',#2381,3.15E-1);
#2383=CARTESIAN_POINT('',(-1.41E0,2.2E-1,-1.E0));
#2384=LINE('',#2383,#2382);
#2385=DIRECTION('',(0.E0,1.E0,0.E0));
#2386=VECTOR('',#2385,2.2E-1);
#2387=CARTESIAN_POINT('',(-1.41E0,0.E0,-1.E0));
#2388=LINE('',#2387,#2386);
#2389=CARTESIAN_POINT('',(-1.725E0,2.2E-1,-8.E-1));
#2390=DIRECTION('',(0.E0,1.E0,0.E0));
#2391=DIRECTION('',(0.E0,0.E0,-1.E0));
#2392=AXIS2_PLACEMENT_3D('',#2389,#2390,#2391);
#2394=DIRECTION('',(0.E0,1.E0,0.E0));
#2395=VECTOR('',#2394,2.2E-1);
#2396=CARTESIAN_POINT('',(-1.725E0,0.E0,-1.E0));
#2397=LINE('',#2396,#2395);
#2398=DIRECTION('',(0.E0,1.E0,0.E0));
#2399=VECTOR('',#2398,1.E-1);
#2400=CARTESIAN_POINT('',(-7.E-1,0.E0,-7.55E-1));
#2401=LINE('',#2400,#2399);
#2402=DIRECTION('',(0.E0,1.E0,0.E0));
#2403=VECTOR('',#2402,1.E-1);
#2404=CARTESIAN_POINT('',(7.E-1,0.E0,-7.55E-1));
#2405=LINE('',#2404,#2403);
#2406=DIRECTION('',(0.E0,1.E0,0.E0));
#2407=VECTOR('',#2406,1.E-1);
#2408=CARTESIAN_POINT('',(7.E-1,0.E0,-8.8E-1));
#2409=LINE('',#2408,#2407);
#2410=DIRECTION('',(-1.E0,0.E0,0.E0));
#2411=VECTOR('',#2410,6.5E-2);
#2412=CARTESIAN_POINT('',(-7.E-1,1.E-1,-8.8E-1));
#2413=LINE('',#2412,#2411);
#2414=DIRECTION('',(0.E0,0.E0,-1.E0));
#2415=VECTOR('',#2414,1.25E-1);
#2416=CARTESIAN_POINT('',(-7.E-1,1.E-1,-7.55E-1));
#2417=LINE('',#2416,#2415);
#2418=DIRECTION('',(-1.E0,0.E0,0.E0));
#2419=VECTOR('',#2418,1.4E0);
#2420=CARTESIAN_POINT('',(7.E-1,1.E-1,-7.55E-1));
#2421=LINE('',#2420,#2419);
#2422=DIRECTION('',(0.E0,0.E0,1.E0));
#2423=VECTOR('',#2422,1.25E-1);
#2424=CARTESIAN_POINT('',(7.E-1,1.E-1,-8.8E-1));
#2425=LINE('',#2424,#2423);
#2426=DIRECTION('',(-1.E0,0.E0,0.E0));
#2427=VECTOR('',#2426,6.5E-2);
#2428=CARTESIAN_POINT('',(7.65E-1,1.E-1,-8.8E-1));
#2429=LINE('',#2428,#2427);
#2430=DIRECTION('',(1.E0,0.E0,0.E0));
#2431=VECTOR('',#2430,6.5E-2);
#2432=CARTESIAN_POINT('',(7.E-1,1.E-1,8.8E-1));
#2433=LINE('',#2432,#2431);
#2434=DIRECTION('',(0.E0,0.E0,1.E0));
#2435=VECTOR('',#2434,1.25E-1);
#2436=CARTESIAN_POINT('',(7.E-1,1.E-1,7.55E-1));
#2437=LINE('',#2436,#2435);
#2438=DIRECTION('',(1.E0,0.E0,0.E0));
#2439=VECTOR('',#2438,1.4E0);
#2440=CARTESIAN_POINT('',(-7.E-1,1.E-1,7.55E-1));
#2441=LINE('',#2440,#2439);
#2442=DIRECTION('',(0.E0,0.E0,-1.E0));
#2443=VECTOR('',#2442,1.25E-1);
#2444=CARTESIAN_POINT('',(-7.E-1,1.E-1,8.8E-1));
#2445=LINE('',#2444,#2443);
#2446=DIRECTION('',(1.E0,0.E0,0.E0));
#2447=VECTOR('',#2446,6.5E-2);
#2448=CARTESIAN_POINT('',(-7.65E-1,1.E-1,8.8E-1));
#2449=LINE('',#2448,#2447);
#2450=DIRECTION('',(1.E0,0.E0,0.E0));
#2451=VECTOR('',#2450,1.E-1);
#2452=CARTESIAN_POINT('',(-5.75E-1,1.E-1,7.8E-1));
#2453=LINE('',#2452,#2451);
#2454=DIRECTION('',(0.E0,0.E0,-1.E0));
#2455=VECTOR('',#2454,8.E-2);
#2456=CARTESIAN_POINT('',(-4.75E-1,1.E-1,8.6E-1));
#2457=LINE('',#2456,#2455);
#2458=DIRECTION('',(1.E0,0.E0,0.E0));
#2459=VECTOR('',#2458,1.E-1);
#2460=CARTESIAN_POINT('',(-5.75E-1,1.E-1,8.6E-1));
#2461=LINE('',#2460,#2459);
#2462=DIRECTION('',(0.E0,0.E0,1.E0));
#2463=VECTOR('',#2462,8.E-2);
#2464=CARTESIAN_POINT('',(-5.75E-1,1.E-1,7.8E-1));
#2465=LINE('',#2464,#2463);
#2466=DIRECTION('',(1.E0,0.E0,0.E0));
#2467=VECTOR('',#2466,1.E-1);
#2468=CARTESIAN_POINT('',(-5.75E-1,1.E-1,-8.6E-1));
#2469=LINE('',#2468,#2467);
#2470=DIRECTION('',(0.E0,0.E0,-1.E0));
#2471=VECTOR('',#2470,8.E-2);
#2472=CARTESIAN_POINT('',(-4.75E-1,1.E-1,-7.8E-1));
#2473=LINE('',#2472,#2471);
#2474=DIRECTION('',(1.E0,0.E0,0.E0));
#2475=VECTOR('',#2474,1.E-1);
#2476=CARTESIAN_POINT('',(-5.75E-1,1.E-1,-7.8E-1));
#2477=LINE('',#2476,#2475);
#2478=DIRECTION('',(0.E0,0.E0,1.E0));
#2479=VECTOR('',#2478,8.E-2);
#2480=CARTESIAN_POINT('',(-5.75E-1,1.E-1,-8.6E-1));
#2481=LINE('',#2480,#2479);
#2482=DIRECTION('',(1.E0,0.E0,0.E0));
#2483=VECTOR('',#2482,1.E-1);
#2484=CARTESIAN_POINT('',(-2.25E-1,1.E-1,7.8E-1));
#2485=LINE('',#2484,#2483);
#2486=DIRECTION('',(0.E0,0.E0,-1.E0));
#2487=VECTOR('',#2486,8.E-2);
#2488=CARTESIAN_POINT('',(-1.25E-1,1.E-1,8.6E-1));
#2489=LINE('',#2488,#2487);
#2490=DIRECTION('',(1.E0,0.E0,0.E0));
#2491=VECTOR('',#2490,1.E-1);
#2492=CARTESIAN_POINT('',(-2.25E-1,1.E-1,8.6E-1));
#2493=LINE('',#2492,#2491);
#2494=DIRECTION('',(0.E0,0.E0,1.E0));
#2495=VECTOR('',#2494,8.E-2);
#2496=CARTESIAN_POINT('',(-2.25E-1,1.E-1,7.8E-1));
#2497=LINE('',#2496,#2495);
#2498=DIRECTION('',(1.E0,0.E0,0.E0));
#2499=VECTOR('',#2498,1.E-1);
#2500=CARTESIAN_POINT('',(-2.25E-1,1.E-1,-8.6E-1));
#2501=LINE('',#2500,#2499);
#2502=DIRECTION('',(0.E0,0.E0,-1.E0));
#2503=VECTOR('',#2502,8.E-2);
#2504=CARTESIAN_POINT('',(-1.25E-1,1.E-1,-7.8E-1));
#2505=LINE('',#2504,#2503);
#2506=DIRECTION('',(1.E0,0.E0,0.E0));
#2507=VECTOR('',#2506,1.E-1);
#2508=CARTESIAN_POINT('',(-2.25E-1,1.E-1,-7.8E-1));
#2509=LINE('',#2508,#2507);
#2510=DIRECTION('',(0.E0,0.E0,1.E0));
#2511=VECTOR('',#2510,8.E-2);
#2512=CARTESIAN_POINT('',(-2.25E-1,1.E-1,-8.6E-1));
#2513=LINE('',#2512,#2511);
#2514=DIRECTION('',(1.E0,0.E0,0.E0));
#2515=VECTOR('',#2514,1.E-1);
#2516=CARTESIAN_POINT('',(1.25E-1,1.E-1,7.8E-1));
#2517=LINE('',#2516,#2515);
#2518=DIRECTION('',(0.E0,0.E0,-1.E0));
#2519=VECTOR('',#2518,8.E-2);
#2520=CARTESIAN_POINT('',(2.25E-1,1.E-1,8.6E-1));
#2521=LINE('',#2520,#2519);
#2522=DIRECTION('',(1.E0,0.E0,0.E0));
#2523=VECTOR('',#2522,1.E-1);
#2524=CARTESIAN_POINT('',(1.25E-1,1.E-1,8.6E-1));
#2525=LINE('',#2524,#2523);
#2526=DIRECTION('',(0.E0,0.E0,1.E0));
#2527=VECTOR('',#2526,8.E-2);
#2528=CARTESIAN_POINT('',(1.25E-1,1.E-1,7.8E-1));
#2529=LINE('',#2528,#2527);
#2530=DIRECTION('',(1.E0,0.E0,0.E0));
#2531=VECTOR('',#2530,1.E-1);
#2532=CARTESIAN_POINT('',(1.25E-1,1.E-1,-8.6E-1));
#2533=LINE('',#2532,#2531);
#2534=DIRECTION('',(0.E0,0.E0,-1.E0));
#2535=VECTOR('',#2534,8.E-2);
#2536=CARTESIAN_POINT('',(2.25E-1,1.E-1,-7.8E-1));
#2537=LINE('',#2536,#2535);
#2538=DIRECTION('',(1.E0,0.E0,0.E0));
#2539=VECTOR('',#2538,1.E-1);
#2540=CARTESIAN_POINT('',(1.25E-1,1.E-1,-7.8E-1));
#2541=LINE('',#2540,#2539);
#2542=DIRECTION('',(0.E0,0.E0,1.E0));
#2543=VECTOR('',#2542,8.E-2);
#2544=CARTESIAN_POINT('',(1.25E-1,1.E-1,-8.6E-1));
#2545=LINE('',#2544,#2543);
#2546=DIRECTION('',(1.E0,0.E0,0.E0));
#2547=VECTOR('',#2546,1.E-1);
#2548=CARTESIAN_POINT('',(4.75E-1,1.E-1,7.8E-1));
#2549=LINE('',#2548,#2547);
#2550=DIRECTION('',(0.E0,0.E0,-1.E0));
#2551=VECTOR('',#2550,8.E-2);
#2552=CARTESIAN_POINT('',(5.75E-1,1.E-1,8.6E-1));
#2553=LINE('',#2552,#2551);
#2554=DIRECTION('',(1.E0,0.E0,0.E0));
#2555=VECTOR('',#2554,1.E-1);
#2556=CARTESIAN_POINT('',(4.75E-1,1.E-1,8.6E-1));
#2557=LINE('',#2556,#2555);
#2558=DIRECTION('',(0.E0,0.E0,1.E0));
#2559=VECTOR('',#2558,8.E-2);
#2560=CARTESIAN_POINT('',(4.75E-1,1.E-1,7.8E-1));
#2561=LINE('',#2560,#2559);
#2562=DIRECTION('',(1.E0,0.E0,0.E0));
#2563=VECTOR('',#2562,1.E-1);
#2564=CARTESIAN_POINT('',(4.75E-1,1.E-1,-8.6E-1));
#2565=LINE('',#2564,#2563);
#2566=DIRECTION('',(0.E0,0.E0,-1.E0));
#2567=VECTOR('',#2566,8.E-2);
#2568=CARTESIAN_POINT('',(5.75E-1,1.E-1,-7.8E-1));
#2569=LINE('',#2568,#2567);
#2570=DIRECTION('',(1.E0,0.E0,0.E0));
#2571=VECTOR('',#2570,1.E-1);
#2572=CARTESIAN_POINT('',(4.75E-1,1.E-1,-7.8E-1));
#2573=LINE('',#2572,#2571);
#2574=DIRECTION('',(0.E0,0.E0,1.E0));
#2575=VECTOR('',#2574,8.E-2);
#2576=CARTESIAN_POINT('',(4.75E-1,1.E-1,-8.6E-1));
#2577=LINE('',#2576,#2575);
#2578=DIRECTION('',(0.E0,0.E0,1.E0));
#2579=VECTOR('',#2578,1.2E-1);
#2580=CARTESIAN_POINT('',(-7.65E-1,1.E-1,-1.E0));
#2581=LINE('',#2580,#2579);
#2582=DIRECTION('',(0.E0,1.E0,0.E0));
#2583=VECTOR('',#2582,3.6E-1);
#2584=CARTESIAN_POINT('',(-7.65E-1,1.E-1,-1.E0));
#2585=LINE('',#2584,#2583);
#2586=DIRECTION('',(0.E0,0.E0,1.E0));
#2587=VECTOR('',#2586,3.6E-1);
#2588=CARTESIAN_POINT('',(-7.65E-1,4.6E-1,-1.E0));
#2589=LINE('',#2588,#2587);
#2590=DIRECTION('',(0.E0,-1.E0,0.E0));
#2591=VECTOR('',#2590,3.6E-1);
#2592=CARTESIAN_POINT('',(-7.65E-1,4.6E-1,-6.4E-1));
#2593=LINE('',#2592,#2591);
#2594=DIRECTION('',(0.E0,0.E0,-1.E0));
#2595=VECTOR('',#2594,1.7E-1);
#2596=CARTESIAN_POINT('',(-7.65E-1,3.4E-1,-7.1E-1));
#2597=LINE('',#2596,#2595);
#2598=DIRECTION('',(0.E0,0.E0,1.E0));
#2599=VECTOR('',#2598,1.2E-1);
#2600=CARTESIAN_POINT('',(-7.65E-1,1.E-1,8.8E-1));
#2601=LINE('',#2600,#2599);
#2602=DIRECTION('',(0.E0,1.E0,0.E0));
#2603=VECTOR('',#2602,2.4E-1);
#2604=CARTESIAN_POINT('',(-7.65E-1,1.E-1,8.8E-1));
#2605=LINE('',#2604,#2603);
#2606=DIRECTION('',(0.E0,0.E0,-1.E0));
#2607=VECTOR('',#2606,1.7E-1);
#2608=CARTESIAN_POINT('',(-7.65E-1,3.4E-1,8.8E-1));
#2609=LINE('',#2608,#2607);
#2610=DIRECTION('',(0.E0,-1.E0,0.E0));
#2611=VECTOR('',#2610,2.4E-1);
#2612=CARTESIAN_POINT('',(-7.65E-1,3.4E-1,7.1E-1));
#2613=LINE('',#2612,#2611);
#2614=DIRECTION('',(0.E0,1.E0,0.E0));
#2615=VECTOR('',#2614,3.6E-1);
#2616=CARTESIAN_POINT('',(-7.65E-1,1.E-1,6.4E-1));
#2617=LINE('',#2616,#2615);
#2618=DIRECTION('',(0.E0,0.E0,1.E0));
#2619=VECTOR('',#2618,3.6E-1);
#2620=CARTESIAN_POINT('',(-7.65E-1,4.6E-1,6.4E-1));
#2621=LINE('',#2620,#2619);
#2622=DIRECTION('',(-1.E0,0.E0,0.E0));
#2623=VECTOR('',#2622,1.53E0);
#2624=CARTESIAN_POINT('',(7.65E-1,1.E-1,-1.E0));
#2625=LINE('',#2624,#2623);
#2626=DIRECTION('',(0.E0,1.E0,0.E0));
#2627=VECTOR('',#2626,3.6E-1);
#2628=CARTESIAN_POINT('',(7.65E-1,1.E-1,-1.E0));
#2629=LINE('',#2628,#2627);
#2630=DIRECTION('',(0.E0,0.E0,-1.E0));
#2631=VECTOR('',#2630,1.2E-1);
#2632=CARTESIAN_POINT('',(7.65E-1,1.E-1,1.E0));
#2633=LINE('',#2632,#2631);
#2634=DIRECTION('',(0.E0,1.E0,0.E0));
#2635=VECTOR('',#2634,3.6E-1);
#2636=CARTESIAN_POINT('',(7.65E-1,1.E-1,1.E0));
#2637=LINE('',#2636,#2635);
#2638=DIRECTION('',(0.E0,0.E0,-1.E0));
#2639=VECTOR('',#2638,3.6E-1);
#2640=CARTESIAN_POINT('',(7.65E-1,4.6E-1,1.E0));
#2641=LINE('',#2640,#2639);
#2642=DIRECTION('',(0.E0,-1.E0,0.E0));
#2643=VECTOR('',#2642,3.6E-1);
#2644=CARTESIAN_POINT('',(7.65E-1,4.6E-1,6.4E-1));
#2645=LINE('',#2644,#2643);
#2646=DIRECTION('',(0.E0,0.E0,-1.E0));
#2647=VECTOR('',#2646,1.2E-1);
#2648=CARTESIAN_POINT('',(7.65E-1,1.E-1,-8.8E-1));
#2649=LINE('',#2648,#2647);
#2650=DIRECTION('',(0.E0,1.E0,0.E0));
#2651=VECTOR('',#2650,2.4E-1);
#2652=CARTESIAN_POINT('',(7.65E-1,1.E-1,-8.8E-1));
#2653=LINE('',#2652,#2651);
#2654=DIRECTION('',(0.E0,-1.E0,0.E0));
#2655=VECTOR('',#2654,2.4E-1);
#2656=CARTESIAN_POINT('',(7.65E-1,3.4E-1,-7.1E-1));
#2657=LINE('',#2656,#2655);
#2658=DIRECTION('',(0.E0,1.E0,0.E0));
#2659=VECTOR('',#2658,3.6E-1);
#2660=CARTESIAN_POINT('',(7.65E-1,1.E-1,-6.4E-1));
#2661=LINE('',#2660,#2659);
#2662=DIRECTION('',(0.E0,0.E0,-1.E0));
#2663=VECTOR('',#2662,3.6E-1);
#2664=CARTESIAN_POINT('',(7.65E-1,4.6E-1,-6.4E-1));
#2665=LINE('',#2664,#2663);
#2666=DIRECTION('',(1.E0,0.E0,0.E0));
#2667=VECTOR('',#2666,1.53E0);
#2668=CARTESIAN_POINT('',(-7.65E-1,1.E-1,1.E0));
#2669=LINE('',#2668,#2667);
#2670=DIRECTION('',(0.E0,1.E0,0.E0));
#2671=VECTOR('',#2670,3.6E-1);
#2672=CARTESIAN_POINT('',(-7.65E-1,1.E-1,1.E0));
#2673=LINE('',#2672,#2671);
#2674=DIRECTION('',(1.E0,0.E0,0.E0));
#2675=VECTOR('',#2674,1.53E0);
#2676=CARTESIAN_POINT('',(-7.65E-1,4.6E-1,6.4E-1));
#2677=LINE('',#2676,#2675);
#2678=DIRECTION('',(1.E0,0.E0,0.E0));
#2679=VECTOR('',#2678,1.53E0);
#2680=CARTESIAN_POINT('',(-7.65E-1,4.6E-1,1.E0));
#2681=LINE('',#2680,#2679);
#2682=DIRECTION('',(1.E0,0.E0,0.E0));
#2683=VECTOR('',#2682,1.53E0);
#2684=CARTESIAN_POINT('',(-7.65E-1,4.6E-1,-6.4E-1));
#2685=LINE('',#2684,#2683);
#2686=DIRECTION('',(-1.E0,0.E0,0.E0));
#2687=VECTOR('',#2686,1.53E0);
#2688=CARTESIAN_POINT('',(7.65E-1,4.6E-1,-1.E0));
#2689=LINE('',#2688,#2687);
#2690=DIRECTION('',(0.E0,1.E0,0.E0));
#2691=VECTOR('',#2690,1.949358868962E-1);
#2692=CARTESIAN_POINT('',(-6.15E-1,2.325320565519E-1,6.4E-1));
#2693=LINE('',#2692,#2691);
#2694=DIRECTION('',(1.E0,0.E0,0.E0));
#2695=VECTOR('',#2694,1.8E-1);
#2696=CARTESIAN_POINT('',(-6.15E-1,4.274679434481E-1,6.4E-1));
#2697=LINE('',#2696,#2695);
#2698=DIRECTION('',(0.E0,1.E0,0.E0));
#2699=VECTOR('',#2698,1.949358868962E-1);
#2700=CARTESIAN_POINT('',(-4.35E-1,2.325320565519E-1,6.4E-1));
#2701=LINE('',#2700,#2699);
#2702=DIRECTION('',(1.E0,0.E0,0.E0));
#2703=VECTOR('',#2702,1.8E-1);
#2704=CARTESIAN_POINT('',(-6.15E-1,2.325320565519E-1,6.4E-1));
#2705=LINE('',#2704,#2703);
#2706=DIRECTION('',(0.E0,1.E0,0.E0));
#2707=VECTOR('',#2706,1.949358868962E-1);
#2708=CARTESIAN_POINT('',(-2.65E-1,2.325320565519E-1,6.4E-1));
#2709=LINE('',#2708,#2707);
#2710=DIRECTION('',(1.E0,0.E0,0.E0));
#2711=VECTOR('',#2710,1.8E-1);
#2712=CARTESIAN_POINT('',(-2.65E-1,4.274679434481E-1,6.4E-1));
#2713=LINE('',#2712,#2711);
#2714=DIRECTION('',(0.E0,1.E0,0.E0));
#2715=VECTOR('',#2714,1.949358868962E-1);
#2716=CARTESIAN_POINT('',(-8.5E-2,2.325320565519E-1,6.4E-1));
#2717=LINE('',#2716,#2715);
#2718=DIRECTION('',(1.E0,0.E0,0.E0));
#2719=VECTOR('',#2718,1.8E-1);
#2720=CARTESIAN_POINT('',(-2.65E-1,2.325320565519E-1,6.4E-1));
#2721=LINE('',#2720,#2719);
#2722=DIRECTION('',(0.E0,1.E0,0.E0));
#2723=VECTOR('',#2722,1.949358868962E-1);
#2724=CARTESIAN_POINT('',(8.5E-2,2.325320565519E-1,6.4E-1));
#2725=LINE('',#2724,#2723);
#2726=DIRECTION('',(1.E0,0.E0,0.E0));
#2727=VECTOR('',#2726,1.8E-1);
#2728=CARTESIAN_POINT('',(8.5E-2,4.274679434481E-1,6.4E-1));
#2729=LINE('',#2728,#2727);
#2730=DIRECTION('',(0.E0,1.E0,0.E0));
#2731=VECTOR('',#2730,1.949358868962E-1);
#2732=CARTESIAN_POINT('',(2.65E-1,2.325320565519E-1,6.4E-1));
#2733=LINE('',#2732,#2731);
#2734=DIRECTION('',(1.E0,0.E0,0.E0));
#2735=VECTOR('',#2734,1.8E-1);
#2736=CARTESIAN_POINT('',(8.5E-2,2.325320565519E-1,6.4E-1));
#2737=LINE('',#2736,#2735);
#2738=DIRECTION('',(0.E0,1.E0,0.E0));
#2739=VECTOR('',#2738,1.949358868962E-1);
#2740=CARTESIAN_POINT('',(4.35E-1,2.325320565519E-1,6.4E-1));
#2741=LINE('',#2740,#2739);
#2742=DIRECTION('',(1.E0,0.E0,0.E0));
#2743=VECTOR('',#2742,1.8E-1);
#2744=CARTESIAN_POINT('',(4.35E-1,4.274679434481E-1,6.4E-1));
#2745=LINE('',#2744,#2743);
#2746=DIRECTION('',(0.E0,1.E0,0.E0));
#2747=VECTOR('',#2746,1.949358868962E-1);
#2748=CARTESIAN_POINT('',(6.15E-1,2.325320565519E-1,6.4E-1));
#2749=LINE('',#2748,#2747);
#2750=DIRECTION('',(1.E0,0.E0,0.E0));
#2751=VECTOR('',#2750,1.8E-1);
#2752=CARTESIAN_POINT('',(4.35E-1,2.325320565519E-1,6.4E-1));
#2753=LINE('',#2752,#2751);
#2754=DIRECTION('',(1.E0,0.E0,0.E0));
#2755=VECTOR('',#2754,1.95E0);
#2756=CARTESIAN_POINT('',(-9.75E-1,1.E-1,-3.4E-1));
#2757=LINE('',#2756,#2755);
#2758=DIRECTION('',(0.E0,0.E0,1.E0));
#2759=VECTOR('',#2758,6.8E-1);
#2760=CARTESIAN_POINT('',(-9.75E-1,1.E-1,-3.4E-1));
#2761=LINE('',#2760,#2759);
#2762=DIRECTION('',(1.E0,0.E0,0.E0));
#2763=VECTOR('',#2762,1.95E0);
#2764=CARTESIAN_POINT('',(-9.75E-1,1.E-1,3.4E-1));
#2765=LINE('',#2764,#2763);
#2766=DIRECTION('',(0.E0,0.E0,1.E0));
#2767=VECTOR('',#2766,6.8E-1);
#2768=CARTESIAN_POINT('',(9.75E-1,1.E-1,-3.4E-1));
#2769=LINE('',#2768,#2767);
#2770=DIRECTION('',(0.E0,0.E0,-1.E0));
#2771=VECTOR('',#2770,4.E-1);
#2772=CARTESIAN_POINT('',(1.385E0,1.E-1,5.9E-1));
#2773=LINE('',#2772,#2771);
#2774=DIRECTION('',(-1.E0,0.E0,0.E0));
#2775=VECTOR('',#2774,8.5E-2);
#2776=CARTESIAN_POINT('',(1.47E0,1.E-1,5.9E-1));
#2777=LINE('',#2776,#2775);
#2778=DIRECTION('',(0.E0,0.E0,-1.E0));
#2779=VECTOR('',#2778,3.E-2);
#2780=CARTESIAN_POINT('',(1.47E0,1.E-1,6.2E-1));
#2781=LINE('',#2780,#2779);
#2782=DIRECTION('',(1.E0,0.E0,0.E0));
#2783=VECTOR('',#2782,4.85E-1);
#2784=CARTESIAN_POINT('',(9.85E-1,1.E-1,6.2E-1));
#2785=LINE('',#2784,#2783);
#2786=DIRECTION('',(0.E0,0.E0,-1.E0));
#2787=VECTOR('',#2786,9.E-2);
#2788=CARTESIAN_POINT('',(9.85E-1,1.E-1,7.1E-1));
#2789=LINE('',#2788,#2787);
#2790=DIRECTION('',(1.E0,0.E0,0.E0));
#2791=VECTOR('',#2790,2.2E-1);
#2792=CARTESIAN_POINT('',(7.65E-1,1.E-1,7.1E-1));
#2793=LINE('',#2792,#2791);
#2794=DIRECTION('',(0.E0,0.E0,1.E0));
#2795=VECTOR('',#2794,7.E-2);
#2796=CARTESIAN_POINT('',(7.65E-1,1.E-1,6.4E-1));
#2797=LINE('',#2796,#2795);
#2798=DIRECTION('',(1.E0,0.E0,0.E0));
#2799=VECTOR('',#2798,1.53E0);
#2800=CARTESIAN_POINT('',(-7.65E-1,1.E-1,6.4E-1));
#2801=LINE('',#2800,#2799);
#2802=DIRECTION('',(0.E0,0.E0,-1.E0));
#2803=VECTOR('',#2802,7.E-2);
#2804=CARTESIAN_POINT('',(-7.65E-1,1.E-1,7.1E-1));
#2805=LINE('',#2804,#2803);
#2806=DIRECTION('',(1.E0,0.E0,0.E0));
#2807=VECTOR('',#2806,2.2E-1);
#2808=CARTESIAN_POINT('',(-9.85E-1,1.E-1,7.1E-1));
#2809=LINE('',#2808,#2807);
#2810=DIRECTION('',(0.E0,0.E0,1.E0));
#2811=VECTOR('',#2810,9.E-2);
#2812=CARTESIAN_POINT('',(-9.85E-1,1.E-1,6.2E-1));
#2813=LINE('',#2812,#2811);
#2814=DIRECTION('',(1.E0,0.E0,0.E0));
#2815=VECTOR('',#2814,4.85E-1);
#2816=CARTESIAN_POINT('',(-1.47E0,1.E-1,6.2E-1));
#2817=LINE('',#2816,#2815);
#2818=DIRECTION('',(0.E0,0.E0,1.E0));
#2819=VECTOR('',#2818,3.E-2);
#2820=CARTESIAN_POINT('',(-1.47E0,1.E-1,5.9E-1));
#2821=LINE('',#2820,#2819);
#2822=DIRECTION('',(1.E0,0.E0,0.E0));
#2823=VECTOR('',#2822,8.5E-2);
#2824=CARTESIAN_POINT('',(-1.47E0,1.E-1,5.9E-1));
#2825=LINE('',#2824,#2823);
#2826=DIRECTION('',(0.E0,0.E0,-1.E0));
#2827=VECTOR('',#2826,4.E-1);
#2828=CARTESIAN_POINT('',(-1.385E0,1.E-1,5.9E-1));
#2829=LINE('',#2828,#2827);
#2830=DIRECTION('',(1.E0,0.E0,0.E0));
#2831=VECTOR('',#2830,2.E-2);
#2832=CARTESIAN_POINT('',(-1.385E0,1.E-1,1.9E-1));
#2833=LINE('',#2832,#2831);
#2834=DIRECTION('',(0.E0,0.E0,-1.E0));
#2835=VECTOR('',#2834,3.8E-1);
#2836=CARTESIAN_POINT('',(-1.365E0,1.E-1,1.9E-1));
#2837=LINE('',#2836,#2835);
#2838=DIRECTION('',(1.E0,0.E0,0.E0));
#2839=VECTOR('',#2838,2.E-2);
#2840=CARTESIAN_POINT('',(-1.385E0,1.E-1,-1.9E-1));
#2841=LINE('',#2840,#2839);
#2842=DIRECTION('',(0.E0,0.E0,-1.E0));
#2843=VECTOR('',#2842,4.E-1);
#2844=CARTESIAN_POINT('',(-1.385E0,1.E-1,-1.9E-1));
#2845=LINE('',#2844,#2843);
#2846=DIRECTION('',(1.E0,0.E0,0.E0));
#2847=VECTOR('',#2846,8.5E-2);
#2848=CARTESIAN_POINT('',(-1.47E0,1.E-1,-5.9E-1));
#2849=LINE('',#2848,#2847);
#2850=DIRECTION('',(0.E0,0.E0,1.E0));
#2851=VECTOR('',#2850,3.E-2);
#2852=CARTESIAN_POINT('',(-1.47E0,1.E-1,-6.2E-1));
#2853=LINE('',#2852,#2851);
#2854=DIRECTION('',(-1.E0,0.E0,0.E0));
#2855=VECTOR('',#2854,4.85E-1);
#2856=CARTESIAN_POINT('',(-9.85E-1,1.E-1,-6.2E-1));
#2857=LINE('',#2856,#2855);
#2858=DIRECTION('',(0.E0,0.E0,1.E0));
#2859=VECTOR('',#2858,9.E-2);
#2860=CARTESIAN_POINT('',(-9.85E-1,1.E-1,-7.1E-1));
#2861=LINE('',#2860,#2859);
#2862=DIRECTION('',(-1.E0,0.E0,0.E0));
#2863=VECTOR('',#2862,2.2E-1);
#2864=CARTESIAN_POINT('',(-7.65E-1,1.E-1,-7.1E-1));
#2865=LINE('',#2864,#2863);
#2866=DIRECTION('',(0.E0,0.E0,-1.E0));
#2867=VECTOR('',#2866,7.E-2);
#2868=CARTESIAN_POINT('',(-7.65E-1,1.E-1,-6.4E-1));
#2869=LINE('',#2868,#2867);
#2870=DIRECTION('',(-1.E0,0.E0,0.E0));
#2871=VECTOR('',#2870,1.53E0);
#2872=CARTESIAN_POINT('',(7.65E-1,1.E-1,-6.4E-1));
#2873=LINE('',#2872,#2871);
#2874=DIRECTION('',(0.E0,0.E0,1.E0));
#2875=VECTOR('',#2874,7.E-2);
#2876=CARTESIAN_POINT('',(7.65E-1,1.E-1,-7.1E-1));
#2877=LINE('',#2876,#2875);
#2878=DIRECTION('',(-1.E0,0.E0,0.E0));
#2879=VECTOR('',#2878,2.2E-1);
#2880=CARTESIAN_POINT('',(9.85E-1,1.E-1,-7.1E-1));
#2881=LINE('',#2880,#2879);
#2882=DIRECTION('',(0.E0,0.E0,-1.E0));
#2883=VECTOR('',#2882,9.E-2);
#2884=CARTESIAN_POINT('',(9.85E-1,1.E-1,-6.2E-1));
#2885=LINE('',#2884,#2883);
#2886=DIRECTION('',(-1.E0,0.E0,0.E0));
#2887=VECTOR('',#2886,4.85E-1);
#2888=CARTESIAN_POINT('',(1.47E0,1.E-1,-6.2E-1));
#2889=LINE('',#2888,#2887);
#2890=DIRECTION('',(0.E0,0.E0,-1.E0));
#2891=VECTOR('',#2890,3.E-2);
#2892=CARTESIAN_POINT('',(1.47E0,1.E-1,-5.9E-1));
#2893=LINE('',#2892,#2891);
#2894=DIRECTION('',(-1.E0,0.E0,0.E0));
#2895=VECTOR('',#2894,8.5E-2);
#2896=CARTESIAN_POINT('',(1.47E0,1.E-1,-5.9E-1));
#2897=LINE('',#2896,#2895);
#2898=DIRECTION('',(0.E0,0.E0,-1.E0));
#2899=VECTOR('',#2898,4.E-1);
#2900=CARTESIAN_POINT('',(1.385E0,1.E-1,-1.9E-1));
#2901=LINE('',#2900,#2899);
#2902=DIRECTION('',(-1.E0,0.E0,0.E0));
#2903=VECTOR('',#2902,2.E-2);
#2904=CARTESIAN_POINT('',(1.385E0,1.E-1,-1.9E-1));
#2905=LINE('',#2904,#2903);
#2906=DIRECTION('',(0.E0,0.E0,1.E0));
#2907=VECTOR('',#2906,3.8E-1);
#2908=CARTESIAN_POINT('',(1.365E0,1.E-1,-1.9E-1));
#2909=LINE('',#2908,#2907);
#2910=DIRECTION('',(-1.E0,0.E0,0.E0));
#2911=VECTOR('',#2910,2.E-2);
#2912=CARTESIAN_POINT('',(1.385E0,1.E-1,1.9E-1));
#2913=LINE('',#2912,#2911);
#2914=DIRECTION('',(0.E0,1.E0,0.E0));
#2915=VECTOR('',#2914,1.65E-1);
#2916=CARTESIAN_POINT('',(9.75E-1,1.E-1,-3.4E-1));
#2917=LINE('',#2916,#2915);
#2918=DIRECTION('',(-7.556890827898E-1,6.549305384178E-1,0.E0));
#2919=VECTOR('',#2918,2.977414986192E-1);
#2920=CARTESIAN_POINT('',(9.75E-1,2.65E-1,-3.4E-1));
#2921=LINE('',#2920,#2919);
#2922=DIRECTION('',(-1.E0,0.E0,0.E0));
#2923=VECTOR('',#2922,1.5E0);
#2924=CARTESIAN_POINT('',(7.5E-1,4.6E-1,-3.4E-1));
#2925=LINE('',#2924,#2923);
#2926=DIRECTION('',(-7.556890827898E-1,-6.549305384178E-1,0.E0));
#2927=VECTOR('',#2926,2.977414986192E-1);
#2928=CARTESIAN_POINT('',(-7.5E-1,4.6E-1,-3.4E-1));
#2929=LINE('',#2928,#2927);
#2930=DIRECTION('',(0.E0,-1.E0,0.E0));
#2931=VECTOR('',#2930,1.65E-1);
#2932=CARTESIAN_POINT('',(-9.75E-1,2.65E-1,-3.4E-1));
#2933=LINE('',#2932,#2931);
#2934=DIRECTION('',(0.E0,1.E0,0.E0));
#2935=VECTOR('',#2934,1.763725636919E-1);
#2936=CARTESIAN_POINT('',(-6.15E-1,2.284802500505E-1,-3.4E-1));
#2937=LINE('',#2936,#2935);
#2938=DIRECTION('',(1.E0,0.E0,0.E0));
#2939=VECTOR('',#2938,1.8E-1);
#2940=CARTESIAN_POINT('',(-6.15E-1,4.048528137424E-1,-3.4E-1));
#2941=LINE('',#2940,#2939);
#2942=DIRECTION('',(0.E0,1.E0,0.E0));
#2943=VECTOR('',#2942,1.763725636919E-1);
#2944=CARTESIAN_POINT('',(-4.35E-1,2.284802500505E-1,-3.4E-1));
#2945=LINE('',#2944,#2943);
#2946=DIRECTION('',(1.E0,0.E0,0.E0));
#2947=VECTOR('',#2946,1.8E-1);
#2948=CARTESIAN_POINT('',(-6.15E-1,2.284802500505E-1,-3.4E-1));
#2949=LINE('',#2948,#2947);
#2950=DIRECTION('',(0.E0,1.E0,0.E0));
#2951=VECTOR('',#2950,1.763725636919E-1);
#2952=CARTESIAN_POINT('',(-2.65E-1,2.284802500505E-1,-3.4E-1));
#2953=LINE('',#2952,#2951);
#2954=DIRECTION('',(1.E0,0.E0,0.E0));
#2955=VECTOR('',#2954,1.8E-1);
#2956=CARTESIAN_POINT('',(-2.65E-1,4.048528137424E-1,-3.4E-1));
#2957=LINE('',#2956,#2955);
#2958=DIRECTION('',(0.E0,1.E0,0.E0));
#2959=VECTOR('',#2958,1.763725636919E-1);
#2960=CARTESIAN_POINT('',(-8.5E-2,2.284802500505E-1,-3.4E-1));
#2961=LINE('',#2960,#2959);
#2962=DIRECTION('',(1.E0,0.E0,0.E0));
#2963=VECTOR('',#2962,1.8E-1);
#2964=CARTESIAN_POINT('',(-2.65E-1,2.284802500505E-1,-3.4E-1));
#2965=LINE('',#2964,#2963);
#2966=DIRECTION('',(0.E0,1.E0,0.E0));
#2967=VECTOR('',#2966,1.763725636919E-1);
#2968=CARTESIAN_POINT('',(8.5E-2,2.284802500505E-1,-3.4E-1));
#2969=LINE('',#2968,#2967);
#2970=DIRECTION('',(1.E0,0.E0,0.E0));
#2971=VECTOR('',#2970,1.8E-1);
#2972=CARTESIAN_POINT('',(8.5E-2,4.048528137424E-1,-3.4E-1));
#2973=LINE('',#2972,#2971);
#2974=DIRECTION('',(0.E0,1.E0,0.E0));
#2975=VECTOR('',#2974,1.763725636919E-1);
#2976=CARTESIAN_POINT('',(2.65E-1,2.284802500505E-1,-3.4E-1));
#2977=LINE('',#2976,#2975);
#2978=DIRECTION('',(1.E0,0.E0,0.E0));
#2979=VECTOR('',#2978,1.8E-1);
#2980=CARTESIAN_POINT('',(8.5E-2,2.284802500505E-1,-3.4E-1));
#2981=LINE('',#2980,#2979);
#2982=DIRECTION('',(0.E0,1.E0,0.E0));
#2983=VECTOR('',#2982,1.763725636919E-1);
#2984=CARTESIAN_POINT('',(4.35E-1,2.284802500505E-1,-3.4E-1));
#2985=LINE('',#2984,#2983);
#2986=DIRECTION('',(1.E0,0.E0,0.E0));
#2987=VECTOR('',#2986,1.8E-1);
#2988=CARTESIAN_POINT('',(4.35E-1,4.048528137424E-1,-3.4E-1));
#2989=LINE('',#2988,#2987);
#2990=DIRECTION('',(0.E0,1.E0,0.E0));
#2991=VECTOR('',#2990,1.763725636919E-1);
#2992=CARTESIAN_POINT('',(6.15E-1,2.284802500505E-1,-3.4E-1));
#2993=LINE('',#2992,#2991);
#2994=DIRECTION('',(1.E0,0.E0,0.E0));
#2995=VECTOR('',#2994,1.8E-1);
#2996=CARTESIAN_POINT('',(4.35E-1,2.284802500505E-1,-3.4E-1));
#2997=LINE('',#2996,#2995);
#2998=DIRECTION('',(0.E0,-1.E0,0.E0));
#2999=VECTOR('',#2998,1.65E-1);
#3000=CARTESIAN_POINT('',(-9.75E-1,2.65E-1,3.4E-1));
#3001=LINE('',#3000,#2999);
#3002=DIRECTION('',(-7.556890827898E-1,-6.549305384178E-1,0.E0));
#3003=VECTOR('',#3002,2.977414986192E-1);
#3004=CARTESIAN_POINT('',(-7.5E-1,4.6E-1,3.4E-1));
#3005=LINE('',#3004,#3003);
#3006=DIRECTION('',(-1.E0,0.E0,0.E0));
#3007=VECTOR('',#3006,1.5E0);
#3008=CARTESIAN_POINT('',(7.5E-1,4.6E-1,3.4E-1));
#3009=LINE('',#3008,#3007);
#3010=DIRECTION('',(-7.556890827898E-1,6.549305384178E-1,0.E0));
#3011=VECTOR('',#3010,2.977414986192E-1);
#3012=CARTESIAN_POINT('',(9.75E-1,2.65E-1,3.4E-1));
#3013=LINE('',#3012,#3011);
#3014=DIRECTION('',(0.E0,1.E0,0.E0));
#3015=VECTOR('',#3014,1.65E-1);
#3016=CARTESIAN_POINT('',(9.75E-1,1.E-1,3.4E-1));
#3017=LINE('',#3016,#3015);
#3018=DIRECTION('',(0.E0,1.E0,0.E0));
#3019=VECTOR('',#3018,1.763725636919E-1);
#3020=CARTESIAN_POINT('',(-6.15E-1,2.284802500505E-1,3.4E-1));
#3021=LINE('',#3020,#3019);
#3022=DIRECTION('',(1.E0,0.E0,0.E0));
#3023=VECTOR('',#3022,1.8E-1);
#3024=CARTESIAN_POINT('',(-6.15E-1,2.284802500505E-1,3.4E-1));
#3025=LINE('',#3024,#3023);
#3026=DIRECTION('',(0.E0,1.E0,0.E0));
#3027=VECTOR('',#3026,1.763725636919E-1);
#3028=CARTESIAN_POINT('',(-4.35E-1,2.284802500505E-1,3.4E-1));
#3029=LINE('',#3028,#3027);
#3030=DIRECTION('',(1.E0,0.E0,0.E0));
#3031=VECTOR('',#3030,1.8E-1);
#3032=CARTESIAN_POINT('',(-6.15E-1,4.048528137424E-1,3.4E-1));
#3033=LINE('',#3032,#3031);
#3034=DIRECTION('',(0.E0,1.E0,0.E0));
#3035=VECTOR('',#3034,1.763725636919E-1);
#3036=CARTESIAN_POINT('',(-2.65E-1,2.284802500505E-1,3.4E-1));
#3037=LINE('',#3036,#3035);
#3038=DIRECTION('',(1.E0,0.E0,0.E0));
#3039=VECTOR('',#3038,1.8E-1);
#3040=CARTESIAN_POINT('',(-2.65E-1,2.284802500505E-1,3.4E-1));
#3041=LINE('',#3040,#3039);
#3042=DIRECTION('',(0.E0,1.E0,0.E0));
#3043=VECTOR('',#3042,1.763725636919E-1);
#3044=CARTESIAN_POINT('',(-8.5E-2,2.284802500505E-1,3.4E-1));
#3045=LINE('',#3044,#3043);
#3046=DIRECTION('',(1.E0,0.E0,0.E0));
#3047=VECTOR('',#3046,1.8E-1);
#3048=CARTESIAN_POINT('',(-2.65E-1,4.048528137424E-1,3.4E-1));
#3049=LINE('',#3048,#3047);
#3050=DIRECTION('',(0.E0,1.E0,0.E0));
#3051=VECTOR('',#3050,1.763725636919E-1);
#3052=CARTESIAN_POINT('',(8.5E-2,2.284802500505E-1,3.4E-1));
#3053=LINE('',#3052,#3051);
#3054=DIRECTION('',(1.E0,0.E0,0.E0));
#3055=VECTOR('',#3054,1.8E-1);
#3056=CARTESIAN_POINT('',(8.5E-2,2.284802500505E-1,3.4E-1));
#3057=LINE('',#3056,#3055);
#3058=DIRECTION('',(0.E0,1.E0,0.E0));
#3059=VECTOR('',#3058,1.763725636919E-1);
#3060=CARTESIAN_POINT('',(2.65E-1,2.284802500505E-1,3.4E-1));
#3061=LINE('',#3060,#3059);
#3062=DIRECTION('',(1.E0,0.E0,0.E0));
#3063=VECTOR('',#3062,1.8E-1);
#3064=CARTESIAN_POINT('',(8.5E-2,4.048528137424E-1,3.4E-1));
#3065=LINE('',#3064,#3063);
#3066=DIRECTION('',(0.E0,1.E0,0.E0));
#3067=VECTOR('',#3066,1.763725636919E-1);
#3068=CARTESIAN_POINT('',(4.35E-1,2.284802500505E-1,3.4E-1));
#3069=LINE('',#3068,#3067);
#3070=DIRECTION('',(1.E0,0.E0,0.E0));
#3071=VECTOR('',#3070,1.8E-1);
#3072=CARTESIAN_POINT('',(4.35E-1,2.284802500505E-1,3.4E-1));
#3073=LINE('',#3072,#3071);
#3074=DIRECTION('',(0.E0,1.E0,0.E0));
#3075=VECTOR('',#3074,1.763725636919E-1);
#3076=CARTESIAN_POINT('',(6.15E-1,2.284802500505E-1,3.4E-1));
#3077=LINE('',#3076,#3075);
#3078=DIRECTION('',(1.E0,0.E0,0.E0));
#3079=VECTOR('',#3078,1.8E-1);
#3080=CARTESIAN_POINT('',(4.35E-1,4.048528137424E-1,3.4E-1));
#3081=LINE('',#3080,#3079);
#3082=DIRECTION('',(0.E0,0.E0,1.E0));
#3083=VECTOR('',#3082,6.8E-1);
#3084=CARTESIAN_POINT('',(-9.75E-1,2.65E-1,-3.4E-1));
#3085=LINE('',#3084,#3083);
#3086=DIRECTION('',(0.E0,0.E0,1.E0));
#3087=VECTOR('',#3086,6.8E-1);
#3088=CARTESIAN_POINT('',(-7.5E-1,4.6E-1,-3.4E-1));
#3089=LINE('',#3088,#3087);
#3090=DIRECTION('',(0.E0,0.E0,1.E0));
#3091=VECTOR('',#3090,6.8E-1);
#3092=CARTESIAN_POINT('',(7.5E-1,4.6E-1,-3.4E-1));
#3093=LINE('',#3092,#3091);
#3094=DIRECTION('',(0.E0,0.E0,1.E0));
#3095=VECTOR('',#3094,6.8E-1);
#3096=CARTESIAN_POINT('',(9.75E-1,2.65E-1,-3.4E-1));
#3097=LINE('',#3096,#3095);
#3098=DIRECTION('',(0.E0,6.294068785224E-1,-7.770759173136E-1));
#3099=VECTOR('',#3098,3.429088261946E-2);
#3100=CARTESIAN_POINT('',(-6.15E-1,2.284802500505E-1,-3.4E-1));
#3101=LINE('',#3100,#3099);
#3102=CARTESIAN_POINT('',(-6.15E-1,3.2E-1,-3.1E-1));
#3103=DIRECTION('',(1.E0,0.E0,0.E0));
#3104=DIRECTION('',(0.E0,-7.770759173136E-1,-6.294068785224E-1));
#3105=AXIS2_PLACEMENT_3D('',#3102,#3103,#3104);
#3107=CARTESIAN_POINT('',(-6.15E-1,3.2E-1,3.1E-1));
#3108=DIRECTION('',(1.E0,0.E0,0.E0));
#3109=DIRECTION('',(0.E0,9.428090415821E-1,3.333333333333E-1));
#3110=AXIS2_PLACEMENT_3D('',#3107,#3108,#3109);
#3112=DIRECTION('',(0.E0,-6.294068785224E-1,-7.770759173136E-1));
#3113=VECTOR('',#3112,3.429088261946E-2);
#3114=CARTESIAN_POINT('',(-6.15E-1,2.500631674418E-1,3.666466190670E-1));
#3115=LINE('',#3114,#3113);
#3116=CARTESIAN_POINT('',(-6.15E-1,3.3E-1,7.1E-1));
#3117=DIRECTION('',(1.E0,0.E0,0.E0));
#3118=DIRECTION('',(0.E0,-8.122328620674E-1,-5.833333333333E-1));
#3119=AXIS2_PLACEMENT_3D('',#3116,#3117,#3118);
#3121=CARTESIAN_POINT('',(-6.15E-1,3.3E-1,-7.1E-1));
#3122=DIRECTION('',(1.E0,0.E0,0.E0));
#3123=DIRECTION('',(0.E0,8.122328620674E-1,5.833333333333E-1));
#3124=AXIS2_PLACEMENT_3D('',#3121,#3122,#3123);
#3126=CARTESIAN_POINT('',(-4.35E-1,3.2E-1,-3.1E-1));
#3127=DIRECTION('',(1.E0,0.E0,0.E0));
#3128=DIRECTION('',(0.E0,-7.770759173136E-1,-6.294068785224E-1));
#3129=AXIS2_PLACEMENT_3D('',#3126,#3127,#3128);
#3131=DIRECTION('',(0.E0,6.294068785224E-1,-7.770759173136E-1));
#3132=VECTOR('',#3131,3.429088261946E-2);
#3133=CARTESIAN_POINT('',(-4.35E-1,2.284802500505E-1,-3.4E-1));
#3134=LINE('',#3133,#3132);
#3135=DIRECTION('',(0.E0,-6.294068785224E-1,-7.770759173136E-1));
#3136=VECTOR('',#3135,3.429088261946E-2);
#3137=CARTESIAN_POINT('',(-4.35E-1,2.500631674418E-1,3.666466190670E-1));
#3138=LINE('',#3137,#3136);
#3139=CARTESIAN_POINT('',(-4.35E-1,3.2E-1,3.1E-1));
#3140=DIRECTION('',(1.E0,0.E0,0.E0));
#3141=DIRECTION('',(0.E0,9.428090415821E-1,3.333333333333E-1));
#3142=AXIS2_PLACEMENT_3D('',#3139,#3140,#3141);
#3144=CARTESIAN_POINT('',(-4.35E-1,3.3E-1,7.1E-1));
#3145=DIRECTION('',(1.E0,0.E0,0.E0));
#3146=DIRECTION('',(0.E0,-8.122328620674E-1,-5.833333333333E-1));
#3147=AXIS2_PLACEMENT_3D('',#3144,#3145,#3146);
#3149=CARTESIAN_POINT('',(-4.35E-1,3.3E-1,-7.1E-1));
#3150=DIRECTION('',(1.E0,0.E0,0.E0));
#3151=DIRECTION('',(0.E0,8.122328620674E-1,5.833333333333E-1));
#3152=AXIS2_PLACEMENT_3D('',#3149,#3150,#3151);
#3154=DIRECTION('',(1.E0,0.E0,0.E0));
#3155=VECTOR('',#3154,1.8E-1);
#3156=CARTESIAN_POINT('',(-6.15E-1,2.500631674418E-1,-3.666466190670E-1));
#3157=LINE('',#3156,#3155);
#3158=DIRECTION('',(1.E0,0.E0,0.E0));
#3159=VECTOR('',#3158,1.8E-1);
#3160=CARTESIAN_POINT('',(-6.15E-1,2.500631674418E-1,3.666466190670E-1));
#3161=LINE('',#3160,#3159);
#3162=DIRECTION('',(0.E0,1.E0,0.E0));
#3163=VECTOR('',#3162,1.949358868962E-1);
#3164=CARTESIAN_POINT('',(-6.15E-1,2.325320565519E-1,-6.4E-1));
#3165=LINE('',#3164,#3163);
#3166=DIRECTION('',(1.E0,0.E0,0.E0));
#3167=VECTOR('',#3166,1.8E-1);
#3168=CARTESIAN_POINT('',(-6.15E-1,2.325320565519E-1,-6.4E-1));
#3169=LINE('',#3168,#3167);
#3170=DIRECTION('',(0.E0,1.E0,0.E0));
#3171=VECTOR('',#3170,1.949358868962E-1);
#3172=CARTESIAN_POINT('',(-4.35E-1,2.325320565519E-1,-6.4E-1));
#3173=LINE('',#3172,#3171);
#3174=DIRECTION('',(-1.E0,0.E0,0.E0));
#3175=VECTOR('',#3174,1.8E-1);
#3176=CARTESIAN_POINT('',(-4.35E-1,4.274679434481E-1,-6.4E-1));
#3177=LINE('',#3176,#3175);
#3178=DIRECTION('',(0.E0,1.E0,0.E0));
#3179=VECTOR('',#3178,1.949358868962E-1);
#3180=CARTESIAN_POINT('',(-2.65E-1,2.325320565519E-1,-6.4E-1));
#3181=LINE('',#3180,#3179);
#3182=DIRECTION('',(1.E0,0.E0,0.E0));
#3183=VECTOR('',#3182,1.8E-1);
#3184=CARTESIAN_POINT('',(-2.65E-1,2.325320565519E-1,-6.4E-1));
#3185=LINE('',#3184,#3183);
#3186=DIRECTION('',(0.E0,1.E0,0.E0));
#3187=VECTOR('',#3186,1.949358868962E-1);
#3188=CARTESIAN_POINT('',(-8.5E-2,2.325320565519E-1,-6.4E-1));
#3189=LINE('',#3188,#3187);
#3190=DIRECTION('',(-1.E0,0.E0,0.E0));
#3191=VECTOR('',#3190,1.8E-1);
#3192=CARTESIAN_POINT('',(-8.5E-2,4.274679434481E-1,-6.4E-1));
#3193=LINE('',#3192,#3191);
#3194=DIRECTION('',(0.E0,1.E0,0.E0));
#3195=VECTOR('',#3194,1.949358868962E-1);
#3196=CARTESIAN_POINT('',(8.5E-2,2.325320565519E-1,-6.4E-1));
#3197=LINE('',#3196,#3195);
#3198=DIRECTION('',(1.E0,0.E0,0.E0));
#3199=VECTOR('',#3198,1.8E-1);
#3200=CARTESIAN_POINT('',(8.5E-2,2.325320565519E-1,-6.4E-1));
#3201=LINE('',#3200,#3199);
#3202=DIRECTION('',(0.E0,1.E0,0.E0));
#3203=VECTOR('',#3202,1.949358868962E-1);
#3204=CARTESIAN_POINT('',(2.65E-1,2.325320565519E-1,-6.4E-1));
#3205=LINE('',#3204,#3203);
#3206=DIRECTION('',(-1.E0,0.E0,0.E0));
#3207=VECTOR('',#3206,1.8E-1);
#3208=CARTESIAN_POINT('',(2.65E-1,4.274679434481E-1,-6.4E-1));
#3209=LINE('',#3208,#3207);
#3210=DIRECTION('',(0.E0,1.E0,0.E0));
#3211=VECTOR('',#3210,1.949358868962E-1);
#3212=CARTESIAN_POINT('',(4.35E-1,2.325320565519E-1,-6.4E-1));
#3213=LINE('',#3212,#3211);
#3214=DIRECTION('',(1.E0,0.E0,0.E0));
#3215=VECTOR('',#3214,1.8E-1);
#3216=CARTESIAN_POINT('',(4.35E-1,2.325320565519E-1,-6.4E-1));
#3217=LINE('',#3216,#3215);
#3218=DIRECTION('',(0.E0,1.E0,0.E0));
#3219=VECTOR('',#3218,1.949358868962E-1);
#3220=CARTESIAN_POINT('',(6.15E-1,2.325320565519E-1,-6.4E-1));
#3221=LINE('',#3220,#3219);
#3222=DIRECTION('',(-1.E0,0.E0,0.E0));
#3223=VECTOR('',#3222,1.8E-1);
#3224=CARTESIAN_POINT('',(6.15E-1,4.274679434481E-1,-6.4E-1));
#3225=LINE('',#3224,#3223);
#3226=CARTESIAN_POINT('',(-2.65E-1,3.3E-1,7.1E-1));
#3227=DIRECTION('',(1.E0,0.E0,0.E0));
#3228=DIRECTION('',(0.E0,-8.122328620674E-1,-5.833333333333E-1));
#3229=AXIS2_PLACEMENT_3D('',#3226,#3227,#3228);
#3231=CARTESIAN_POINT('',(-2.65E-1,3.3E-1,-7.1E-1));
#3232=DIRECTION('',(1.E0,0.E0,0.E0));
#3233=DIRECTION('',(0.E0,8.122328620674E-1,5.833333333333E-1));
#3234=AXIS2_PLACEMENT_3D('',#3231,#3232,#3233);
#3236=DIRECTION('',(0.E0,6.294068785224E-1,-7.770759173136E-1));
#3237=VECTOR('',#3236,3.429088261946E-2);
#3238=CARTESIAN_POINT('',(-2.65E-1,2.284802500505E-1,-3.4E-1));
#3239=LINE('',#3238,#3237);
#3240=CARTESIAN_POINT('',(-2.65E-1,3.2E-1,-3.1E-1));
#3241=DIRECTION('',(1.E0,0.E0,0.E0));
#3242=DIRECTION('',(0.E0,-7.770759173136E-1,-6.294068785224E-1));
#3243=AXIS2_PLACEMENT_3D('',#3240,#3241,#3242);
#3245=CARTESIAN_POINT('',(-2.65E-1,3.2E-1,3.1E-1));
#3246=DIRECTION('',(1.E0,0.E0,0.E0));
#3247=DIRECTION('',(0.E0,9.428090415821E-1,3.333333333333E-1));
#3248=AXIS2_PLACEMENT_3D('',#3245,#3246,#3247);
#3250=DIRECTION('',(0.E0,-6.294068785224E-1,-7.770759173136E-1));
#3251=VECTOR('',#3250,3.429088261946E-2);
#3252=CARTESIAN_POINT('',(-2.65E-1,2.500631674418E-1,3.666466190670E-1));
#3253=LINE('',#3252,#3251);
#3254=CARTESIAN_POINT('',(-8.5E-2,3.3E-1,7.1E-1));
#3255=DIRECTION('',(1.E0,0.E0,0.E0));
#3256=DIRECTION('',(0.E0,-8.122328620674E-1,-5.833333333333E-1));
#3257=AXIS2_PLACEMENT_3D('',#3254,#3255,#3256);
#3259=CARTESIAN_POINT('',(-8.5E-2,3.3E-1,-7.1E-1));
#3260=DIRECTION('',(1.E0,0.E0,0.E0));
#3261=DIRECTION('',(0.E0,8.122328620674E-1,5.833333333333E-1));
#3262=AXIS2_PLACEMENT_3D('',#3259,#3260,#3261);
#3264=CARTESIAN_POINT('',(-8.5E-2,3.2E-1,-3.1E-1));
#3265=DIRECTION('',(1.E0,0.E0,0.E0));
#3266=DIRECTION('',(0.E0,-7.770759173136E-1,-6.294068785224E-1));
#3267=AXIS2_PLACEMENT_3D('',#3264,#3265,#3266);
#3269=DIRECTION('',(0.E0,6.294068785224E-1,-7.770759173136E-1));
#3270=VECTOR('',#3269,3.429088261946E-2);
#3271=CARTESIAN_POINT('',(-8.5E-2,2.284802500505E-1,-3.4E-1));
#3272=LINE('',#3271,#3270);
#3273=DIRECTION('',(0.E0,-6.294068785224E-1,-7.770759173136E-1));
#3274=VECTOR('',#3273,3.429088261946E-2);
#3275=CARTESIAN_POINT('',(-8.5E-2,2.500631674418E-1,3.666466190670E-1));
#3276=LINE('',#3275,#3274);
#3277=CARTESIAN_POINT('',(-8.5E-2,3.2E-1,3.1E-1));
#3278=DIRECTION('',(1.E0,0.E0,0.E0));
#3279=DIRECTION('',(0.E0,9.428090415821E-1,3.333333333333E-1));
#3280=AXIS2_PLACEMENT_3D('',#3277,#3278,#3279);
#3282=DIRECTION('',(1.E0,0.E0,0.E0));
#3283=VECTOR('',#3282,1.8E-1);
#3284=CARTESIAN_POINT('',(-2.65E-1,2.500631674418E-1,-3.666466190670E-1));
#3285=LINE('',#3284,#3283);
#3286=DIRECTION('',(1.E0,0.E0,0.E0));
#3287=VECTOR('',#3286,1.8E-1);
#3288=CARTESIAN_POINT('',(-2.65E-1,2.500631674418E-1,3.666466190670E-1));
#3289=LINE('',#3288,#3287);
#3290=CARTESIAN_POINT('',(8.5E-2,3.3E-1,7.1E-1));
#3291=DIRECTION('',(1.E0,0.E0,0.E0));
#3292=DIRECTION('',(0.E0,-8.122328620674E-1,-5.833333333333E-1));
#3293=AXIS2_PLACEMENT_3D('',#3290,#3291,#3292);
#3295=CARTESIAN_POINT('',(8.5E-2,3.3E-1,-7.1E-1));
#3296=DIRECTION('',(1.E0,0.E0,0.E0));
#3297=DIRECTION('',(0.E0,8.122328620674E-1,5.833333333333E-1));
#3298=AXIS2_PLACEMENT_3D('',#3295,#3296,#3297);
#3300=DIRECTION('',(0.E0,6.294068785224E-1,-7.770759173136E-1));
#3301=VECTOR('',#3300,3.429088261946E-2);
#3302=CARTESIAN_POINT('',(8.5E-2,2.284802500505E-1,-3.4E-1));
#3303=LINE('',#3302,#3301);
#3304=CARTESIAN_POINT('',(8.5E-2,3.2E-1,-3.1E-1));
#3305=DIRECTION('',(1.E0,0.E0,0.E0));
#3306=DIRECTION('',(0.E0,-7.770759173136E-1,-6.294068785224E-1));
#3307=AXIS2_PLACEMENT_3D('',#3304,#3305,#3306);
#3309=CARTESIAN_POINT('',(8.5E-2,3.2E-1,3.1E-1));
#3310=DIRECTION('',(1.E0,0.E0,0.E0));
#3311=DIRECTION('',(0.E0,9.428090415821E-1,3.333333333333E-1));
#3312=AXIS2_PLACEMENT_3D('',#3309,#3310,#3311);
#3314=DIRECTION('',(0.E0,-6.294068785224E-1,-7.770759173136E-1));
#3315=VECTOR('',#3314,3.429088261946E-2);
#3316=CARTESIAN_POINT('',(8.5E-2,2.500631674418E-1,3.666466190670E-1));
#3317=LINE('',#3316,#3315);
#3318=CARTESIAN_POINT('',(2.65E-1,3.3E-1,7.1E-1));
#3319=DIRECTION('',(1.E0,0.E0,0.E0));
#3320=DIRECTION('',(0.E0,-8.122328620674E-1,-5.833333333333E-1));
#3321=AXIS2_PLACEMENT_3D('',#3318,#3319,#3320);
#3323=CARTESIAN_POINT('',(2.65E-1,3.3E-1,-7.1E-1));
#3324=DIRECTION('',(1.E0,0.E0,0.E0));
#3325=DIRECTION('',(0.E0,8.122328620674E-1,5.833333333333E-1));
#3326=AXIS2_PLACEMENT_3D('',#3323,#3324,#3325);
#3328=CARTESIAN_POINT('',(2.65E-1,3.2E-1,-3.1E-1));
#3329=DIRECTION('',(1.E0,0.E0,0.E0));
#3330=DIRECTION('',(0.E0,-7.770759173136E-1,-6.294068785224E-1));
#3331=AXIS2_PLACEMENT_3D('',#3328,#3329,#3330);
#3333=DIRECTION('',(0.E0,6.294068785224E-1,-7.770759173136E-1));
#3334=VECTOR('',#3333,3.429088261946E-2);
#3335=CARTESIAN_POINT('',(2.65E-1,2.284802500505E-1,-3.4E-1));
#3336=LINE('',#3335,#3334);
#3337=DIRECTION('',(0.E0,-6.294068785224E-1,-7.770759173136E-1));
#3338=VECTOR('',#3337,3.429088261946E-2);
#3339=CARTESIAN_POINT('',(2.65E-1,2.500631674418E-1,3.666466190670E-1));
#3340=LINE('',#3339,#3338);
#3341=CARTESIAN_POINT('',(2.65E-1,3.2E-1,3.1E-1));
#3342=DIRECTION('',(1.E0,0.E0,0.E0));
#3343=DIRECTION('',(0.E0,9.428090415821E-1,3.333333333333E-1));
#3344=AXIS2_PLACEMENT_3D('',#3341,#3342,#3343);
#3346=DIRECTION('',(1.E0,0.E0,0.E0));
#3347=VECTOR('',#3346,1.8E-1);
#3348=CARTESIAN_POINT('',(8.5E-2,2.500631674418E-1,-3.666466190670E-1));
#3349=LINE('',#3348,#3347);
#3350=DIRECTION('',(1.E0,0.E0,0.E0));
#3351=VECTOR('',#3350,1.8E-1);
#3352=CARTESIAN_POINT('',(8.5E-2,2.500631674418E-1,3.666466190670E-1));
#3353=LINE('',#3352,#3351);
#3354=CARTESIAN_POINT('',(4.35E-1,3.3E-1,7.1E-1));
#3355=DIRECTION('',(1.E0,0.E0,0.E0));
#3356=DIRECTION('',(0.E0,-8.122328620674E-1,-5.833333333333E-1));
#3357=AXIS2_PLACEMENT_3D('',#3354,#3355,#3356);
#3359=CARTESIAN_POINT('',(4.35E-1,3.3E-1,-7.1E-1));
#3360=DIRECTION('',(1.E0,0.E0,0.E0));
#3361=DIRECTION('',(0.E0,8.122328620674E-1,5.833333333333E-1));
#3362=AXIS2_PLACEMENT_3D('',#3359,#3360,#3361);
#3364=DIRECTION('',(0.E0,6.294068785224E-1,-7.770759173136E-1));
#3365=VECTOR('',#3364,3.429088261946E-2);
#3366=CARTESIAN_POINT('',(4.35E-1,2.284802500505E-1,-3.4E-1));
#3367=LINE('',#3366,#3365);
#3368=CARTESIAN_POINT('',(4.35E-1,3.2E-1,-3.1E-1));
#3369=DIRECTION('',(1.E0,0.E0,0.E0));
#3370=DIRECTION('',(0.E0,-7.770759173136E-1,-6.294068785224E-1));
#3371=AXIS2_PLACEMENT_3D('',#3368,#3369,#3370);
#3373=CARTESIAN_POINT('',(4.35E-1,3.2E-1,3.1E-1));
#3374=DIRECTION('',(1.E0,0.E0,0.E0));
#3375=DIRECTION('',(0.E0,9.428090415821E-1,3.333333333333E-1));
#3376=AXIS2_PLACEMENT_3D('',#3373,#3374,#3375);
#3378=DIRECTION('',(0.E0,-6.294068785224E-1,-7.770759173136E-1));
#3379=VECTOR('',#3378,3.429088261946E-2);
#3380=CARTESIAN_POINT('',(4.35E-1,2.500631674418E-1,3.666466190670E-1));
#3381=LINE('',#3380,#3379);
#3382=CARTESIAN_POINT('',(6.15E-1,3.3E-1,7.1E-1));
#3383=DIRECTION('',(1.E0,0.E0,0.E0));
#3384=DIRECTION('',(0.E0,-8.122328620674E-1,-5.833333333333E-1));
#3385=AXIS2_PLACEMENT_3D('',#3382,#3383,#3384);
#3387=CARTESIAN_POINT('',(6.15E-1,3.3E-1,-7.1E-1));
#3388=DIRECTION('',(1.E0,0.E0,0.E0));
#3389=DIRECTION('',(0.E0,8.122328620674E-1,5.833333333333E-1));
#3390=AXIS2_PLACEMENT_3D('',#3387,#3388,#3389);
#3392=CARTESIAN_POINT('',(6.15E-1,3.2E-1,-3.1E-1));
#3393=DIRECTION('',(1.E0,0.E0,0.E0));
#3394=DIRECTION('',(0.E0,-7.770759173136E-1,-6.294068785224E-1));
#3395=AXIS2_PLACEMENT_3D('',#3392,#3393,#3394);
#3397=DIRECTION('',(0.E0,6.294068785224E-1,-7.770759173136E-1));
#3398=VECTOR('',#3397,3.429088261946E-2);
#3399=CARTESIAN_POINT('',(6.15E-1,2.284802500505E-1,-3.4E-1));
#3400=LINE('',#3399,#3398);
#3401=DIRECTION('',(0.E0,-6.294068785224E-1,-7.770759173136E-1));
#3402=VECTOR('',#3401,3.429088261946E-2);
#3403=CARTESIAN_POINT('',(6.15E-1,2.500631674418E-1,3.666466190670E-1));
#3404=LINE('',#3403,#3402);
#3405=CARTESIAN_POINT('',(6.15E-1,3.2E-1,3.1E-1));
#3406=DIRECTION('',(1.E0,0.E0,0.E0));
#3407=DIRECTION('',(0.E0,9.428090415821E-1,3.333333333333E-1));
#3408=AXIS2_PLACEMENT_3D('',#3405,#3406,#3407);
#3410=DIRECTION('',(1.E0,0.E0,0.E0));
#3411=VECTOR('',#3410,1.8E-1);
#3412=CARTESIAN_POINT('',(4.35E-1,2.500631674418E-1,-3.666466190670E-1));
#3413=LINE('',#3412,#3411);
#3414=DIRECTION('',(1.E0,0.E0,0.E0));
#3415=VECTOR('',#3414,1.8E-1);
#3416=CARTESIAN_POINT('',(4.35E-1,2.500631674418E-1,3.666466190670E-1));
#3417=LINE('',#3416,#3415);
#3418=DIRECTION('',(0.E0,0.E0,1.E0));
#3419=VECTOR('',#3418,1.18E0);
#3420=CARTESIAN_POINT('',(1.385E0,4.537041696704E-1,-5.9E-1));
#3421=LINE('',#3420,#3419);
#3422=DIRECTION('',(0.E0,-1.E0,0.E0));
#3423=VECTOR('',#3422,5.377475134815E-2);
#3424=CARTESIAN_POINT('',(1.475E0,4.937747513482E-1,5.9E-1));
#3425=LINE('',#3424,#3423);
#3426=DIRECTION('',(0.E0,-1.E0,0.E0));
#3427=VECTOR('',#3426,3.4E-1);
#3428=CARTESIAN_POINT('',(1.47E0,4.4E-1,5.9E-1));
#3429=LINE('',#3428,#3427);
#3430=DIRECTION('',(0.E0,1.E0,0.E0));
#3431=VECTOR('',#3430,3.537041696704E-1);
#3432=CARTESIAN_POINT('',(1.385E0,1.E-1,5.9E-1));
#3433=LINE('',#3432,#3431);
#3434=DIRECTION('',(-9.135454576426E-1,-4.067366430758E-1,0.E0));
#3435=VECTOR('',#3434,9.851726506554E-2);
#3436=CARTESIAN_POINT('',(1.475E0,4.937747513482E-1,5.9E-1));
#3437=LINE('',#3436,#3435);
#3438=DIRECTION('',(0.E0,-1.E0,0.E0));
#3439=VECTOR('',#3438,5.377475134815E-2);
#3440=CARTESIAN_POINT('',(-1.475E0,4.937747513482E-1,5.9E-1));
#3441=LINE('',#3440,#3439);
#3442=DIRECTION('',(-9.135454576426E-1,4.067366430758E-1,0.E0));
#3443=VECTOR('',#3442,9.851726506554E-2);
#3444=CARTESIAN_POINT('',(-1.385E0,4.537041696704E-1,5.9E-1));
#3445=LINE('',#3444,#3443);
#3446=DIRECTION('',(0.E0,-1.E0,0.E0));
#3447=VECTOR('',#3446,3.537041696704E-1);
#3448=CARTESIAN_POINT('',(-1.385E0,4.537041696704E-1,5.9E-1));
#3449=LINE('',#3448,#3447);
#3450=DIRECTION('',(0.E0,1.E0,0.E0));
#3451=VECTOR('',#3450,3.4E-1);
#3452=CARTESIAN_POINT('',(-1.47E0,1.E-1,5.9E-1));
#3453=LINE('',#3452,#3451);
#3454=DIRECTION('',(7.375649031095E-1,3.283850521412E-1,5.900519224876E-1));
#3455=VECTOR('',#3454,1.753423124490E-1);
#3456=CARTESIAN_POINT('',(1.475E0,4.937747513482E-1,5.9E-1));
#3457=LINE('',#3456,#3455);
#3458=CARTESIAN_POINT('',(1.604326335692E0,5.513545457643E-1,
6.934610685539E-1));
#3459=CARTESIAN_POINT('',(1.617491305491E0,5.572159679600E-1,
7.039930443931E-1));
#3460=CARTESIAN_POINT('',(1.631062088570E0,5.6E-1,7.148496708561E-1));
#3461=CARTESIAN_POINT('',(1.645E0,5.6E-1,7.26E-1));
#3463=CARTESIAN_POINT('',(1.675E0,5.561895003862E-1,7.5E-1));
#3464=CARTESIAN_POINT('',(1.665100220223E0,5.587456125334E-1,
7.420801761784E-1));
#3465=CARTESIAN_POINT('',(1.655098990480E0,5.6E-1,7.340791923843E-1));
#3466=CARTESIAN_POINT('',(1.645E0,5.6E-1,7.26E-1));
#3468=DIRECTION('',(0.E0,-1.E0,0.E0));
#3469=VECTOR('',#3468,1.161895003862E-1);
#3470=CARTESIAN_POINT('',(1.675E0,5.561895003862E-1,7.5E-1));
#3471=LINE('',#3470,#3469);
#3472=CARTESIAN_POINT('',(1.645E0,4.4E-1,7.5E-1));
#3473=DIRECTION('',(0.E0,0.E0,1.E0));
#3474=DIRECTION('',(1.E0,0.E0,0.E0));
#3475=AXIS2_PLACEMENT_3D('',#3472,#3473,#3474);
#3477=DIRECTION('',(1.E0,0.E0,0.E0));
#3478=VECTOR('',#3477,9.E-2);
#3479=CARTESIAN_POINT('',(1.675E0,4.4E-1,7.5E-1));
#3480=LINE('',#3479,#3478);
#3481=DIRECTION('',(0.E0,0.E0,1.E0));
#3482=VECTOR('',#3481,1.386922137108E0);
#3483=CARTESIAN_POINT('',(1.604326335692E0,5.513545457643E-1,
-6.934610685539E-1));
#3484=LINE('',#3483,#3482);
#3485=DIRECTION('',(0.E0,0.E0,-1.E0));
#3486=VECTOR('',#3485,1.452E0);
#3487=CARTESIAN_POINT('',(1.645E0,5.6E-1,7.26E-1));
#3488=LINE('',#3487,#3486);
#3489=CARTESIAN_POINT('',(-1.645E0,5.6E-1,7.26E-1));
#3490=CARTESIAN_POINT('',(-1.655098990480E0,5.6E-1,7.340791923843E-1));
#3491=CARTESIAN_POINT('',(-1.665100220223E0,5.587456125334E-1,
7.420801761784E-1));
#3492=CARTESIAN_POINT('',(-1.675E0,5.561895003862E-1,7.5E-1));
#3494=CARTESIAN_POINT('',(-1.645E0,5.6E-1,7.26E-1));
#3495=CARTESIAN_POINT('',(-1.631062088570E0,5.6E-1,7.148496708562E-1));
#3496=CARTESIAN_POINT('',(-1.617491305491E0,5.572159679600E-1,
7.039930443931E-1));
#3497=CARTESIAN_POINT('',(-1.604326335692E0,5.513545457643E-1,
6.934610685539E-1));
#3499=DIRECTION('',(7.375649031095E-1,-3.283850521412E-1,-5.900519224876E-1));
#3500=VECTOR('',#3499,1.753423124490E-1);
#3501=CARTESIAN_POINT('',(-1.604326335692E0,5.513545457643E-1,
6.934610685539E-1));
#3502=LINE('',#3501,#3500);
#3503=CARTESIAN_POINT('',(-1.645E0,4.4E-1,-7.5E-1));
#3504=DIRECTION('',(0.E0,0.E0,-1.E0));
#3505=DIRECTION('',(-1.E0,0.E0,0.E0));
#3506=AXIS2_PLACEMENT_3D('',#3503,#3504,#3505);
#3508=DIRECTION('',(0.E0,1.E0,0.E0));
#3509=VECTOR('',#3508,1.161895003862E-1);
#3510=CARTESIAN_POINT('',(-1.675E0,4.4E-1,-7.5E-1));
#3511=LINE('',#3510,#3509);
#3512=CARTESIAN_POINT('',(-1.675E0,5.561895003862E-1,-7.5E-1));
#3513=CARTESIAN_POINT('',(-1.665100220223E0,5.587456125334E-1,
-7.420801761784E-1));
#3514=CARTESIAN_POINT('',(-1.655098990480E0,5.6E-1,-7.340791923843E-1));
#3515=CARTESIAN_POINT('',(-1.645E0,5.6E-1,-7.26E-1));
#3517=DIRECTION('',(-7.375649031095E-1,3.283850521412E-1,-5.900519224876E-1));
#3518=VECTOR('',#3517,1.753423124490E-1);
#3519=CARTESIAN_POINT('',(-1.475E0,4.937747513482E-1,-5.9E-1));
#3520=LINE('',#3519,#3518);
#3521=CARTESIAN_POINT('',(-1.604326335692E0,5.513545457643E-1,
-6.934610685539E-1));
#3522=CARTESIAN_POINT('',(-1.617491305491E0,5.572159679600E-1,
-7.039930443931E-1));
#3523=CARTESIAN_POINT('',(-1.631062088570E0,5.6E-1,-7.148496708561E-1));
#3524=CARTESIAN_POINT('',(-1.645E0,5.6E-1,-7.26E-1));
#3526=DIRECTION('',(0.E0,0.E0,1.E0));
#3527=VECTOR('',#3526,1.18E0);
#3528=CARTESIAN_POINT('',(-1.385E0,4.537041696704E-1,-5.9E-1));
#3529=LINE('',#3528,#3527);
#3530=DIRECTION('',(0.E0,0.E0,-1.E0));
#3531=VECTOR('',#3530,1.452E0);
#3532=CARTESIAN_POINT('',(-1.645E0,5.6E-1,7.26E-1));
#3533=LINE('',#3532,#3531);
#3534=DIRECTION('',(0.E0,0.E0,1.E0));
#3535=VECTOR('',#3534,1.386922137108E0);
#3536=CARTESIAN_POINT('',(-1.604326335692E0,5.513545457643E-1,
-6.934610685539E-1));
#3537=LINE('',#3536,#3535);
#3538=DIRECTION('',(0.E0,-1.E0,0.E0));
#3539=VECTOR('',#3538,1.85E-1);
#3540=CARTESIAN_POINT('',(-1.385E0,2.85E-1,-1.9E-1));
#3541=LINE('',#3540,#3539);
#3542=DIRECTION('',(0.E0,1.E0,0.E0));
#3543=VECTOR('',#3542,1.85E-1);
#3544=CARTESIAN_POINT('',(-1.365E0,1.E-1,-1.9E-1));
#3545=LINE('',#3544,#3543);
#3546=DIRECTION('',(0.E0,1.E0,0.E0));
#3547=VECTOR('',#3546,1.85E-1);
#3548=CARTESIAN_POINT('',(-1.365E0,1.E-1,1.9E-1));
#3549=LINE('',#3548,#3547);
#3550=DIRECTION('',(0.E0,-1.E0,0.E0));
#3551=VECTOR('',#3550,1.85E-1);
#3552=CARTESIAN_POINT('',(-1.385E0,2.85E-1,1.9E-1));
#3553=LINE('',#3552,#3551);
#3554=DIRECTION('',(0.E0,0.E0,-1.E0));
#3555=VECTOR('',#3554,3.8E-1);
#3556=CARTESIAN_POINT('',(-1.385E0,2.85E-1,1.9E-1));
#3557=LINE('',#3556,#3555);
#3558=DIRECTION('',(-1.E0,0.E0,0.E0));
#3559=VECTOR('',#3558,2.E-2);
#3560=CARTESIAN_POINT('',(-1.365E0,2.85E-1,-1.9E-1));
#3561=LINE('',#3560,#3559);
#3562=DIRECTION('',(0.E0,0.E0,-1.E0));
#3563=VECTOR('',#3562,3.8E-1);
#3564=CARTESIAN_POINT('',(-1.365E0,2.85E-1,1.9E-1));
#3565=LINE('',#3564,#3563);
#3566=DIRECTION('',(1.E0,0.E0,0.E0));
#3567=VECTOR('',#3566,2.E-2);
#3568=CARTESIAN_POINT('',(-1.385E0,2.85E-1,1.9E-1));
#3569=LINE('',#3568,#3567);
#3570=DIRECTION('',(0.E0,0.E0,-1.E0));
#3571=VECTOR('',#3570,3.8E-1);
#3572=CARTESIAN_POINT('',(1.385E0,2.85E-1,1.9E-1));
#3573=LINE('',#3572,#3571);
#3574=DIRECTION('',(1.E0,0.E0,0.E0));
#3575=VECTOR('',#3574,2.E-2);
#3576=CARTESIAN_POINT('',(1.365E0,2.85E-1,1.9E-1));
#3577=LINE('',#3576,#3575);
#3578=DIRECTION('',(0.E0,0.E0,1.E0));
#3579=VECTOR('',#3578,3.8E-1);
#3580=CARTESIAN_POINT('',(1.365E0,2.85E-1,-1.9E-1));
#3581=LINE('',#3580,#3579);
#3582=DIRECTION('',(-1.E0,0.E0,0.E0));
#3583=VECTOR('',#3582,2.E-2);
#3584=CARTESIAN_POINT('',(1.385E0,2.85E-1,-1.9E-1));
#3585=LINE('',#3584,#3583);
#3586=DIRECTION('',(0.E0,-1.E0,0.E0));
#3587=VECTOR('',#3586,1.85E-1);
#3588=CARTESIAN_POINT('',(1.385E0,2.85E-1,1.9E-1));
#3589=LINE('',#3588,#3587);
#3590=DIRECTION('',(0.E0,1.E0,0.E0));
#3591=VECTOR('',#3590,1.85E-1);
#3592=CARTESIAN_POINT('',(1.365E0,1.E-1,1.9E-1));
#3593=LINE('',#3592,#3591);
#3594=DIRECTION('',(0.E0,1.E0,0.E0));
#3595=VECTOR('',#3594,1.85E-1);
#3596=CARTESIAN_POINT('',(1.365E0,1.E-1,-1.9E-1));
#3597=LINE('',#3596,#3595);
#3598=DIRECTION('',(0.E0,-1.E0,0.E0));
#3599=VECTOR('',#3598,1.85E-1);
#3600=CARTESIAN_POINT('',(1.385E0,2.85E-1,-1.9E-1));
#3601=LINE('',#3600,#3599);
#3602=CARTESIAN_POINT('',(-1.645E0,4.4E-1,7.5E-1));
#3603=DIRECTION('',(0.E0,0.E0,1.E0));
#3604=DIRECTION('',(-2.5E-1,9.682458365519E-1,0.E0));
#3605=AXIS2_PLACEMENT_3D('',#3602,#3603,#3604);
#3607=DIRECTION('',(0.E0,-1.E0,0.E0));
#3608=VECTOR('',#3607,1.161895003862E-1);
#3609=CARTESIAN_POINT('',(-1.675E0,5.561895003862E-1,7.5E-1));
#3610=LINE('',#3609,#3608);
#3611=DIRECTION('',(-1.E0,0.E0,0.E0));
#3612=VECTOR('',#3611,9.E-2);
#3613=CARTESIAN_POINT('',(-1.675E0,4.4E-1,7.5E-1));
#3614=LINE('',#3613,#3612);
#3615=DIRECTION('',(0.E0,0.E0,-1.E0));
#3616=VECTOR('',#3615,1.5E-1);
#3617=CARTESIAN_POINT('',(-1.47E0,4.4E-1,-5.9E-1));
#3618=LINE('',#3617,#3616);
#3619=DIRECTION('',(0.E0,-1.E0,0.E0));
#3620=VECTOR('',#3619,1.6E-1);
#3621=CARTESIAN_POINT('',(-1.47E0,4.4E-1,-7.4E-1));
#3622=LINE('',#3621,#3620);
#3623=DIRECTION('',(0.E0,-1.E0,0.E0));
#3624=VECTOR('',#3623,1.8E-1);
#3625=CARTESIAN_POINT('',(-1.47E0,2.8E-1,-6.2E-1));
#3626=LINE('',#3625,#3624);
#3627=DIRECTION('',(0.E0,0.E0,-1.E0));
#3628=VECTOR('',#3627,1.5E-1);
#3629=CARTESIAN_POINT('',(-1.47E0,4.4E-1,7.4E-1));
#3630=LINE('',#3629,#3628);
#3631=DIRECTION('',(1.E0,0.E0,0.E0));
#3632=VECTOR('',#3631,3.5E-2);
#3633=CARTESIAN_POINT('',(-1.02E0,2.8E-1,7.1E-1));
#3634=LINE('',#3633,#3632);
#3635=DIRECTION('',(0.E0,0.E0,-1.E0));
#3636=VECTOR('',#3635,3.E-2);
#3637=CARTESIAN_POINT('',(-1.02E0,2.8E-1,7.4E-1));
#3638=LINE('',#3637,#3636);
#3639=DIRECTION('',(1.E0,0.E0,0.E0));
#3640=VECTOR('',#3639,4.5E-1);
#3641=CARTESIAN_POINT('',(-1.47E0,2.8E-1,7.4E-1));
#3642=LINE('',#3641,#3640);
#3643=DIRECTION('',(0.E0,0.E0,1.E0));
#3644=VECTOR('',#3643,1.2E-1);
#3645=CARTESIAN_POINT('',(-1.47E0,2.8E-1,6.2E-1));
#3646=LINE('',#3645,#3644);
#3647=DIRECTION('',(0.E0,0.E0,1.E0));
#3648=VECTOR('',#3647,1.2E-1);
#3649=CARTESIAN_POINT('',(-1.47E0,2.8E-1,-7.4E-1));
#3650=LINE('',#3649,#3648);
#3651=DIRECTION('',(-1.E0,0.E0,0.E0));
#3652=VECTOR('',#3651,4.5E-1);
#3653=CARTESIAN_POINT('',(-1.02E0,2.8E-1,-7.4E-1));
#3654=LINE('',#3653,#3652);
#3655=DIRECTION('',(0.E0,0.E0,-1.E0));
#3656=VECTOR('',#3655,3.E-2);
#3657=CARTESIAN_POINT('',(-1.02E0,2.8E-1,-7.1E-1));
#3658=LINE('',#3657,#3656);
#3659=DIRECTION('',(-1.E0,0.E0,0.E0));
#3660=VECTOR('',#3659,3.5E-2);
#3661=CARTESIAN_POINT('',(-9.85E-1,2.8E-1,-7.1E-1));
#3662=LINE('',#3661,#3660);
#3663=DIRECTION('',(0.E0,0.E0,-1.E0));
#3664=VECTOR('',#3663,1.2E-1);
#3665=CARTESIAN_POINT('',(1.47E0,2.8E-1,7.4E-1));
#3666=LINE('',#3665,#3664);
#3667=DIRECTION('',(1.E0,0.E0,0.E0));
#3668=VECTOR('',#3667,4.5E-1);
#3669=CARTESIAN_POINT('',(1.02E0,2.8E-1,7.4E-1));
#3670=LINE('',#3669,#3668);
#3671=DIRECTION('',(0.E0,0.E0,1.E0));
#3672=VECTOR('',#3671,3.E-2);
#3673=CARTESIAN_POINT('',(1.02E0,2.8E-1,7.1E-1));
#3674=LINE('',#3673,#3672);
#3675=DIRECTION('',(1.E0,0.E0,0.E0));
#3676=VECTOR('',#3675,3.5E-2);
#3677=CARTESIAN_POINT('',(9.85E-1,2.8E-1,7.1E-1));
#3678=LINE('',#3677,#3676);
#3679=DIRECTION('',(-1.E0,0.E0,0.E0));
#3680=VECTOR('',#3679,3.5E-2);
#3681=CARTESIAN_POINT('',(1.02E0,2.8E-1,-7.1E-1));
#3682=LINE('',#3681,#3680);
#3683=DIRECTION('',(0.E0,0.E0,1.E0));
#3684=VECTOR('',#3683,3.E-2);
#3685=CARTESIAN_POINT('',(1.02E0,2.8E-1,-7.4E-1));
#3686=LINE('',#3685,#3684);
#3687=DIRECTION('',(-1.E0,0.E0,0.E0));
#3688=VECTOR('',#3687,4.5E-1);
#3689=CARTESIAN_POINT('',(1.47E0,2.8E-1,-7.4E-1));
#3690=LINE('',#3689,#3688);
#3691=DIRECTION('',(0.E0,0.E0,-1.E0));
#3692=VECTOR('',#3691,1.2E-1);
#3693=CARTESIAN_POINT('',(1.47E0,2.8E-1,-6.2E-1));
#3694=LINE('',#3693,#3692);
#3695=DIRECTION('',(1.E0,0.E0,0.E0));
#3696=VECTOR('',#3695,4.85E-1);
#3697=CARTESIAN_POINT('',(-1.47E0,2.8E-1,6.2E-1));
#3698=LINE('',#3697,#3696);
#3699=DIRECTION('',(0.E0,-1.E0,0.E0));
#3700=VECTOR('',#3699,1.8E-1);
#3701=CARTESIAN_POINT('',(-1.47E0,2.8E-1,6.2E-1));
#3702=LINE('',#3701,#3700);
#3703=DIRECTION('',(0.E0,0.E0,1.E0));
#3704=VECTOR('',#3703,9.E-2);
#3705=CARTESIAN_POINT('',(-9.85E-1,2.8E-1,6.2E-1));
#3706=LINE('',#3705,#3704);
#3707=DIRECTION('',(0.E0,-1.E0,0.E0));
#3708=VECTOR('',#3707,1.8E-1);
#3709=CARTESIAN_POINT('',(-9.85E-1,2.8E-1,6.2E-1));
#3710=LINE('',#3709,#3708);
#3711=DIRECTION('',(0.E0,-1.E0,0.E0));
#3712=VECTOR('',#3711,1.310648705046E-1);
#3713=CARTESIAN_POINT('',(-8.05E-1,3.4E-1,7.1E-1));
#3714=LINE('',#3713,#3712);
#3715=DIRECTION('',(1.E0,0.E0,0.E0));
#3716=VECTOR('',#3715,1.75E-1);
#3717=CARTESIAN_POINT('',(-9.8E-1,2.089351294954E-1,7.1E-1));
#3718=LINE('',#3717,#3716);
#3719=DIRECTION('',(0.E0,-1.E0,0.E0));
#3720=VECTOR('',#3719,1.310648705046E-1);
#3721=CARTESIAN_POINT('',(-9.8E-1,3.4E-1,7.1E-1));
#3722=LINE('',#3721,#3720);
#3723=DIRECTION('',(-1.E0,0.E0,0.E0));
#3724=VECTOR('',#3723,4.E-2);
#3725=CARTESIAN_POINT('',(-9.8E-1,3.4E-1,7.1E-1));
#3726=LINE('',#3725,#3724);
#3727=DIRECTION('',(0.E0,-1.E0,0.E0));
#3728=VECTOR('',#3727,6.E-2);
#3729=CARTESIAN_POINT('',(-1.02E0,3.4E-1,7.1E-1));
#3730=LINE('',#3729,#3728);
#3731=DIRECTION('',(0.E0,-1.E0,0.E0));
#3732=VECTOR('',#3731,1.8E-1);
#3733=CARTESIAN_POINT('',(-9.85E-1,2.8E-1,7.1E-1));
#3734=LINE('',#3733,#3732);
#3735=DIRECTION('',(-1.E0,0.E0,0.E0));
#3736=VECTOR('',#3735,4.E-2);
#3737=CARTESIAN_POINT('',(-7.65E-1,3.4E-1,7.1E-1));
#3738=LINE('',#3737,#3736);
#3739=DIRECTION('',(-1.E0,0.E0,0.E0));
#3740=VECTOR('',#3739,1.75E-1);
#3741=CARTESIAN_POINT('',(-8.05E-1,1.78E-1,5.92E-1));
#3742=LINE('',#3741,#3740);
#3743=DIRECTION('',(-1.E0,0.E0,0.E0));
#3744=VECTOR('',#3743,1.75E-1);
#3745=CARTESIAN_POINT('',(-8.05E-1,2.871766889762E-1,5.633780083784E-1));
#3746=LINE('',#3745,#3744);
#3747=DIRECTION('',(-1.E0,0.E0,0.E0));
#3748=VECTOR('',#3747,1.75E-1);
#3749=CARTESIAN_POINT('',(-8.05E-1,3.678508848718E-1,5.814920148722E-1));
#3750=LINE('',#3749,#3748);
#3751=DIRECTION('',(-1.E0,0.E0,0.E0));
#3752=VECTOR('',#3751,1.75E-1);
#3753=CARTESIAN_POINT('',(-8.05E-1,4.078508848718E-1,6.150560001193E-1));
#3754=LINE('',#3753,#3752);
#3755=DIRECTION('',(-1.E0,0.E0,0.E0));
#3756=VECTOR('',#3755,1.75E-1);
#3757=CARTESIAN_POINT('',(-8.05E-1,4.4E-1,8.5E-1));
#3758=LINE('',#3757,#3756);
#3759=DIRECTION('',(-1.E0,0.E0,0.E0));
#3760=VECTOR('',#3759,1.75E-1);
#3761=CARTESIAN_POINT('',(-8.05E-1,4.4E-1,6.84E-1));
#3762=LINE('',#3761,#3760);
#3763=DIRECTION('',(0.E0,0.E0,1.E0));
#3764=VECTOR('',#3763,1.7E-1);
#3765=CARTESIAN_POINT('',(-8.05E-1,3.4E-1,-8.8E-1));
#3766=LINE('',#3765,#3764);
#3767=DIRECTION('',(0.E0,0.E0,1.E0));
#3768=VECTOR('',#3767,1.7E-1);
#3769=CARTESIAN_POINT('',(-9.8E-1,3.4E-1,-8.8E-1));
#3770=LINE('',#3769,#3768);
#3771=DIRECTION('',(0.E0,0.E0,-1.E0));
#3772=VECTOR('',#3771,3.E-2);
#3773=CARTESIAN_POINT('',(-1.02E0,3.4E-1,-7.1E-1));
#3774=LINE('',#3773,#3772);
#3775=DIRECTION('',(0.E0,0.E0,-1.E0));
#3776=VECTOR('',#3775,1.4E-1);
#3777=CARTESIAN_POINT('',(-1.02E0,3.4E-1,-7.4E-1));
#3778=LINE('',#3777,#3776);
#3779=DIRECTION('',(0.E0,0.E0,1.E0));
#3780=VECTOR('',#3779,1.7E-1);
#3781=CARTESIAN_POINT('',(-8.05E-1,3.4E-1,7.1E-1));
#3782=LINE('',#3781,#3780);
#3783=DIRECTION('',(0.E0,0.E0,1.E0));
#3784=VECTOR('',#3783,1.7E-1);
#3785=CARTESIAN_POINT('',(-9.8E-1,3.4E-1,7.1E-1));
#3786=LINE('',#3785,#3784);
#3787=DIRECTION('',(0.E0,0.E0,-1.E0));
#3788=VECTOR('',#3787,1.4E-1);
#3789=CARTESIAN_POINT('',(-1.02E0,3.4E-1,8.8E-1));
#3790=LINE('',#3789,#3788);
#3791=DIRECTION('',(0.E0,0.E0,-1.E0));
#3792=VECTOR('',#3791,3.E-2);
#3793=CARTESIAN_POINT('',(-1.02E0,3.4E-1,7.4E-1));
#3794=LINE('',#3793,#3792);
#3795=DIRECTION('',(0.E0,-1.E0,0.E0));
#3796=VECTOR('',#3795,1.310648705046E-1);
#3797=CARTESIAN_POINT('',(-8.05E-1,3.4E-1,-7.1E-1));
#3798=LINE('',#3797,#3796);
#3799=DIRECTION('',(1.E0,0.E0,0.E0));
#3800=VECTOR('',#3799,4.E-2);
#3801=CARTESIAN_POINT('',(-8.05E-1,3.4E-1,-7.1E-1));
#3802=LINE('',#3801,#3800);
#3803=DIRECTION('',(0.E0,-1.E0,0.E0));
#3804=VECTOR('',#3803,2.4E-1);
#3805=CARTESIAN_POINT('',(-7.65E-1,3.4E-1,-7.1E-1));
#3806=LINE('',#3805,#3804);
#3807=DIRECTION('',(1.E0,0.E0,0.E0));
#3808=VECTOR('',#3807,4.E-2);
#3809=CARTESIAN_POINT('',(-1.02E0,3.4E-1,-7.1E-1));
#3810=LINE('',#3809,#3808);
#3811=DIRECTION('',(0.E0,-1.E0,0.E0));
#3812=VECTOR('',#3811,1.310648705046E-1);
#3813=CARTESIAN_POINT('',(-9.8E-1,3.4E-1,-7.1E-1));
#3814=LINE('',#3813,#3812);
#3815=DIRECTION('',(1.E0,0.E0,0.E0));
#3816=VECTOR('',#3815,1.75E-1);
#3817=CARTESIAN_POINT('',(-9.8E-1,2.089351294954E-1,-7.1E-1));
#3818=LINE('',#3817,#3816);
#3819=DIRECTION('',(0.E0,-1.E0,0.E0));
#3820=VECTOR('',#3819,1.8E-1);
#3821=CARTESIAN_POINT('',(-9.85E-1,2.8E-1,-7.1E-1));
#3822=LINE('',#3821,#3820);
#3823=DIRECTION('',(0.E0,0.E0,1.E0));
#3824=VECTOR('',#3823,9.E-2);
#3825=CARTESIAN_POINT('',(-9.85E-1,2.8E-1,-7.1E-1));
#3826=LINE('',#3825,#3824);
#3827=DIRECTION('',(-1.E0,0.E0,0.E0));
#3828=VECTOR('',#3827,4.85E-1);
#3829=CARTESIAN_POINT('',(-9.85E-1,2.8E-1,-6.2E-1));
#3830=LINE('',#3829,#3828);
#3831=DIRECTION('',(0.E0,-1.E0,0.E0));
#3832=VECTOR('',#3831,1.8E-1);
#3833=CARTESIAN_POINT('',(-9.85E-1,2.8E-1,-6.2E-1));
#3834=LINE('',#3833,#3832);
#3835=DIRECTION('',(0.E0,-1.E0,0.E0));
#3836=VECTOR('',#3835,6.E-2);
#3837=CARTESIAN_POINT('',(-1.02E0,3.4E-1,-7.1E-1));
#3838=LINE('',#3837,#3836);
#3839=DIRECTION('',(-1.E0,0.E0,0.E0));
#3840=VECTOR('',#3839,1.75E-1);
#3841=CARTESIAN_POINT('',(-8.05E-1,1.78E-1,-5.92E-1));
#3842=LINE('',#3841,#3840);
#3843=DIRECTION('',(-1.E0,0.E0,0.E0));
#3844=VECTOR('',#3843,1.75E-1);
#3845=CARTESIAN_POINT('',(-8.05E-1,2.871766889762E-1,-5.633780083784E-1));
#3846=LINE('',#3845,#3844);
#3847=DIRECTION('',(-1.E0,0.E0,0.E0));
#3848=VECTOR('',#3847,1.75E-1);
#3849=CARTESIAN_POINT('',(-8.05E-1,3.678508848718E-1,-5.814920148722E-1));
#3850=LINE('',#3849,#3848);
#3851=DIRECTION('',(-1.E0,0.E0,0.E0));
#3852=VECTOR('',#3851,1.75E-1);
#3853=CARTESIAN_POINT('',(-8.05E-1,4.078508848718E-1,-6.150560001193E-1));
#3854=LINE('',#3853,#3852);
#3855=DIRECTION('',(-1.E0,0.E0,0.E0));
#3856=VECTOR('',#3855,1.75E-1);
#3857=CARTESIAN_POINT('',(-8.05E-1,4.4E-1,-6.84E-1));
#3858=LINE('',#3857,#3856);
#3859=DIRECTION('',(1.E0,0.E0,0.E0));
#3860=VECTOR('',#3859,1.75E-1);
#3861=CARTESIAN_POINT('',(-9.8E-1,4.4E-1,-8.5E-1));
#3862=LINE('',#3861,#3860);
#3863=DIRECTION('',(0.E0,0.E0,1.E0));
#3864=VECTOR('',#3863,1.66E-1);
#3865=CARTESIAN_POINT('',(-8.05E-1,4.4E-1,-8.5E-1));
#3866=LINE('',#3865,#3864);
#3867=DIRECTION('',(0.E0,-1.E0,0.E0));
#3868=VECTOR('',#3867,1.E-1);
#3869=CARTESIAN_POINT('',(-1.02E0,4.4E-1,-7.4E-1));
#3870=LINE('',#3869,#3868);
#3871=DIRECTION('',(0.E0,0.E0,-1.E0));
#3872=VECTOR('',#3871,1.4E-1);
#3873=CARTESIAN_POINT('',(-1.02E0,4.4E-1,-7.4E-1));
#3874=LINE('',#3873,#3872);
#3875=DIRECTION('',(0.E0,-1.E0,0.E0));
#3876=VECTOR('',#3875,1.E-1);
#3877=CARTESIAN_POINT('',(-1.02E0,4.4E-1,7.4E-1));
#3878=LINE('',#3877,#3876);
#3879=DIRECTION('',(0.E0,0.E0,-1.E0));
#3880=VECTOR('',#3879,1.4E-1);
#3881=CARTESIAN_POINT('',(-1.02E0,4.4E-1,8.8E-1));
#3882=LINE('',#3881,#3880);
#3883=DIRECTION('',(0.E0,-1.E0,0.E0));
#3884=VECTOR('',#3883,1.2E-1);
#3885=CARTESIAN_POINT('',(-1.416299423149E0,4.4E-1,7.4E-1));
#3886=LINE('',#3885,#3884);
#3887=DIRECTION('',(0.E0,-1.E0,0.E0));
#3888=VECTOR('',#3887,1.6E-1);
#3889=CARTESIAN_POINT('',(-1.47E0,4.4E-1,7.4E-1));
#3890=LINE('',#3889,#3888);
#3891=DIRECTION('',(0.E0,-1.E0,0.E0));
#3892=VECTOR('',#3891,1.2E-1);
#3893=CARTESIAN_POINT('',(-1.056299423149E0,4.4E-1,7.4E-1));
#3894=LINE('',#3893,#3892);
#3895=DIRECTION('',(0.E0,-1.E0,0.E0));
#3896=VECTOR('',#3895,6.E-2);
#3897=CARTESIAN_POINT('',(-1.02E0,3.4E-1,7.4E-1));
#3898=LINE('',#3897,#3896);
#3899=DIRECTION('',(1.E0,0.E0,0.E0));
#3900=VECTOR('',#3899,3.6E-1);
#3901=CARTESIAN_POINT('',(-1.416299423149E0,3.2E-1,7.4E-1));
#3902=LINE('',#3901,#3900);
#3903=DIRECTION('',(1.E0,0.E0,0.E0));
#3904=VECTOR('',#3903,3.E-1);
#3905=CARTESIAN_POINT('',(-1.356299423149E0,3.2E-1,6.4E-1));
#3906=LINE('',#3905,#3904);
#3907=DIRECTION('',(-1.E0,0.E0,0.E0));
#3908=VECTOR('',#3907,3.E-1);
#3909=CARTESIAN_POINT('',(-1.056299423149E0,4.04E-1,6.4E-1));
#3910=LINE('',#3909,#3908);
#3911=DIRECTION('',(-1.E0,0.E0,0.E0));
#3912=VECTOR('',#3911,3.704129299844E-1);
#3913=CARTESIAN_POINT('',(-1.077885634987E0,5.339328623168E-1,
7.826655224298E-1));
#3914=LINE('',#3913,#3912);
#3915=DIRECTION('',(1.E0,0.E0,0.E0));
#3916=VECTOR('',#3915,3.567857142857E-1);
#3917=CARTESIAN_POINT('',(-1.498799423149E0,5.6E-1,8.5E-1));
#3918=LINE('',#3917,#3916);
#3919=DIRECTION('',(0.E0,0.E0,-1.E0));
#3920=VECTOR('',#3919,9.E-2);
#3921=CARTESIAN_POINT('',(9.85E-1,2.8E-1,7.1E-1));
#3922=LINE('',#3921,#3920);
#3923=DIRECTION('',(0.E0,-1.E0,0.E0));
#3924=VECTOR('',#3923,1.8E-1);
#3925=CARTESIAN_POINT('',(9.85E-1,2.8E-1,7.1E-1));
#3926=LINE('',#3925,#3924);
#3927=DIRECTION('',(1.E0,0.E0,0.E0));
#3928=VECTOR('',#3927,4.85E-1);
#3929=CARTESIAN_POINT('',(9.85E-1,2.8E-1,6.2E-1));
#3930=LINE('',#3929,#3928);
#3931=DIRECTION('',(0.E0,-1.E0,0.E0));
#3932=VECTOR('',#3931,1.8E-1);
#3933=CARTESIAN_POINT('',(9.85E-1,2.8E-1,6.2E-1));
#3934=LINE('',#3933,#3932);
#3935=DIRECTION('',(0.E0,1.E0,0.E0));
#3936=VECTOR('',#3935,1.2E-1);
#3937=CARTESIAN_POINT('',(1.416299423149E0,3.2E-1,7.4E-1));
#3938=LINE('',#3937,#3936);
#3939=DIRECTION('',(0.E0,-1.E0,0.E0));
#3940=VECTOR('',#3939,1.2E-1);
#3941=CARTESIAN_POINT('',(1.056299423149E0,4.4E-1,7.4E-1));
#3942=LINE('',#3941,#3940);
#3943=DIRECTION('',(0.E0,-1.E0,0.E0));
#3944=VECTOR('',#3943,6.E-2);
#3945=CARTESIAN_POINT('',(1.02E0,3.4E-1,7.4E-1));
#3946=LINE('',#3945,#3944);
#3947=CARTESIAN_POINT('',(1.498799423149E0,5.6E-1,8.5E-1));
#3948=CARTESIAN_POINT('',(1.506377310371E0,5.6E-1,8.601038496296E-1));
#3949=CARTESIAN_POINT('',(1.513878201672E0,5.587443685809E-1,
8.701050380302E-1));
#3950=CARTESIAN_POINT('',(1.521299423149E0,5.561895003862E-1,8.8E-1));
#3952=CARTESIAN_POINT('',(1.498799423149E0,5.6E-1,8.5E-1));
#3953=CARTESIAN_POINT('',(1.489533700587E0,5.6E-1,8.376457032500E-1));
#3954=CARTESIAN_POINT('',(1.471871319063E0,5.555523506509E-1,
8.140958612180E-1));
#3955=CARTESIAN_POINT('',(1.455787353523E0,5.430267645221E-1,
7.926505738319E-1));
#3956=CARTESIAN_POINT('',(1.448298564971E0,5.339328623168E-1,
7.826655224298E-1));
#3958=DIRECTION('',(-4.849349956923E-1,-5.888738073477E-1,-6.465799942564E-1));
#3959=VECTOR('',#3958,1.897143795346E-1);
#3960=CARTESIAN_POINT('',(1.448298564971E0,5.339328623168E-1,
7.826655224298E-1));
#3961=LINE('',#3960,#3959);
#3962=DIRECTION('',(6.E-1,0.E0,8.E-1));
#3963=VECTOR('',#3962,1.E-1);
#3964=CARTESIAN_POINT('',(1.356299423149E0,3.2E-1,6.6E-1));
#3965=LINE('',#3964,#3963);
#3966=CARTESIAN_POINT('',(1.525E0,4.4E-1,8.5E-1));
#3967=DIRECTION('',(1.E0,0.E0,0.E0));
#3968=DIRECTION('',(0.E0,9.682458365519E-1,2.5E-1));
#3969=AXIS2_PLACEMENT_3D('',#3966,#3967,#3968);
#3971=CARTESIAN_POINT('',(1.256299423149E0,4.4E-1,9.7E-1));
#3972=CARTESIAN_POINT('',(1.256299423149E0,4.519047619048E-1,9.7E-1));
#3973=CARTESIAN_POINT('',(1.253271805296E0,4.713242398279E-1,
9.668210012547E-1));
#3974=CARTESIAN_POINT('',(1.241746562109E0,5.022316848256E-1,
9.547194959082E-1));
#3975=CARTESIAN_POINT('',(1.220297599870E0,5.306544991019E-1,
9.321980855565E-1));
#3976=CARTESIAN_POINT('',(1.186561994568E0,5.531664428434E-1,
8.967756999901E-1));
#3977=CARTESIAN_POINT('',(1.158434070111E0,5.6E-1,8.672413793103E-1));
#3978=CARTESIAN_POINT('',(1.142013708863E0,5.6E-1,8.5E-1));
#3980=DIRECTION('',(-6.896551724138E-1,0.E0,-7.241379310345E-1));
#3981=VECTOR('',#3980,1.242857142857E-1);
#3982=CARTESIAN_POINT('',(1.256299423149E0,4.4E-1,9.7E-1));
#3983=LINE('',#3982,#3981);
#3984=DIRECTION('',(5.757224002072E-1,5.505571422513E-1,6.045085202176E-1));
#3985=VECTOR('',#3984,3.749413229388E-2);
#3986=CARTESIAN_POINT('',(1.056299423149E0,5.132901999899E-1,7.6E-1));
#3987=LINE('',#3986,#3985);
#3988=CARTESIAN_POINT('',(1.077885634987E0,5.339328623168E-1,
7.826655224298E-1));
#3989=CARTESIAN_POINT('',(1.087558493210E0,5.431829126516E-1,
7.928220235643E-1));
#3990=CARTESIAN_POINT('',(1.108148135542E0,5.556719923742E-1,
8.144411480123E-1));
#3991=CARTESIAN_POINT('',(1.130426637206E0,5.6E-1,8.378335747602E-1));
#3992=CARTESIAN_POINT('',(1.142013708863E0,5.6E-1,8.5E-1));
#3994=DIRECTION('',(0.E0,0.E0,1.E0));
#3995=VECTOR('',#3994,9.E-2);
#3996=CARTESIAN_POINT('',(1.256299423149E0,4.4E-1,-9.7E-1));
#3997=LINE('',#3996,#3995);
#3998=DIRECTION('',(0.E0,0.E0,-1.E0));
#3999=VECTOR('',#3998,9.E-2);
#4000=CARTESIAN_POINT('',(1.256299423149E0,3.95E-1,-8.8E-1));
#4001=LINE('',#4000,#3999);
#4002=DIRECTION('',(0.E0,-1.E0,0.E0));
#4003=VECTOR('',#4002,4.5E-2);
#4004=CARTESIAN_POINT('',(1.256299423149E0,4.4E-1,9.7E-1));
#4005=LINE('',#4004,#4003);
#4006=DIRECTION('',(0.E0,0.E0,-1.E0));
#4007=VECTOR('',#4006,9.E-2);
#4008=CARTESIAN_POINT('',(1.256299423149E0,3.95E-1,9.7E-1));
#4009=LINE('',#4008,#4007);
#4010=DIRECTION('',(0.E0,0.E0,-1.E0));
#4011=VECTOR('',#4010,9.E-2);
#4012=CARTESIAN_POINT('',(1.256299423149E0,4.4E-1,9.7E-1));
#4013=LINE('',#4012,#4011);
#4014=DIRECTION('',(0.E0,0.E0,-1.E0));
#4015=VECTOR('',#4014,9.E-2);
#4016=CARTESIAN_POINT('',(1.101299423149E0,2.4E-1,-8.8E-1));
#4017=LINE('',#4016,#4015);
#4018=DIRECTION('',(0.E0,0.E0,-1.E0));
#4019=VECTOR('',#4018,9.E-2);
#4020=CARTESIAN_POINT('',(9.8E-1,2.4E-1,-8.8E-1));
#4021=LINE('',#4020,#4019);
#4022=DIRECTION('',(0.E0,0.E0,1.E0));
#4023=VECTOR('',#4022,9.E-2);
#4024=CARTESIAN_POINT('',(1.101299423149E0,2.4E-1,8.8E-1));
#4025=LINE('',#4024,#4023);
#4026=DIRECTION('',(0.E0,0.E0,1.E0));
#4027=VECTOR('',#4026,9.E-2);
#4028=CARTESIAN_POINT('',(9.8E-1,2.4E-1,8.8E-1));
#4029=LINE('',#4028,#4027);
#4030=DIRECTION('',(0.E0,-1.E0,0.E0));
#4031=VECTOR('',#4030,7.329019998986E-2);
#4032=CARTESIAN_POINT('',(1.056299423149E0,5.132901999899E-1,-7.6E-1));
#4033=LINE('',#4032,#4031);
#4034=DIRECTION('',(0.E0,-6.733447757019E-1,7.393286231677E-1));
#4035=VECTOR('',#4034,1.623094199787E-1);
#4036=CARTESIAN_POINT('',(1.056299423149E0,5.132901999899E-1,-7.6E-1));
#4037=LINE('',#4036,#4035);
#4038=DIRECTION('',(0.E0,-1.E0,0.E0));
#4039=VECTOR('',#4038,8.4E-2);
#4040=CARTESIAN_POINT('',(1.056299423149E0,4.04E-1,-6.4E-1));
#4041=LINE('',#4040,#4039);
#4042=DIRECTION('',(0.E0,0.E0,-1.E0));
#4043=VECTOR('',#4042,1.E-1);
#4044=CARTESIAN_POINT('',(1.056299423149E0,3.2E-1,-6.4E-1));
#4045=LINE('',#4044,#4043);
#4046=DIRECTION('',(0.E0,1.E0,0.E0));
#4047=VECTOR('',#4046,7.329019998986E-2);
#4048=CARTESIAN_POINT('',(1.056299423149E0,4.4E-1,7.6E-1));
#4049=LINE('',#4048,#4047);
#4050=DIRECTION('',(0.E0,0.E0,-1.E0));
#4051=VECTOR('',#4050,1.E-1);
#4052=CARTESIAN_POINT('',(1.056299423149E0,3.2E-1,7.4E-1));
#4053=LINE('',#4052,#4051);
#4054=DIRECTION('',(0.E0,1.E0,0.E0));
#4055=VECTOR('',#4054,8.4E-2);
#4056=CARTESIAN_POINT('',(1.056299423149E0,3.2E-1,6.4E-1));
#4057=LINE('',#4056,#4055);
#4058=DIRECTION('',(0.E0,6.733447757019E-1,7.393286231677E-1));
#4059=VECTOR('',#4058,1.623094199787E-1);
#4060=CARTESIAN_POINT('',(1.056299423149E0,4.04E-1,6.4E-1));
#4061=LINE('',#4060,#4059);
#4062=DIRECTION('',(-1.E0,0.E0,0.E0));
#4063=VECTOR('',#4062,3.E-1);
#4064=CARTESIAN_POINT('',(1.356299423149E0,4.04E-1,-6.4E-1));
#4065=LINE('',#4064,#4063);
#4066=DIRECTION('',(0.E0,1.E0,0.E0));
#4067=VECTOR('',#4066,1.022150333316E-1);
#4068=CARTESIAN_POINT('',(1.356299423149E0,3.2E-1,6.6E-1));
#4069=LINE('',#4068,#4067);
#4070=DIRECTION('',(0.E0,6.733447757019E-1,7.393286231677E-1));
#4071=VECTOR('',#4070,2.705156999645E-2);
#4072=CARTESIAN_POINT('',(1.356299423149E0,4.04E-1,6.4E-1));
#4073=LINE('',#4072,#4071);
#4074=DIRECTION('',(0.E0,1.E0,0.E0));
#4075=VECTOR('',#4074,8.4E-2);
#4076=CARTESIAN_POINT('',(1.356299423149E0,3.2E-1,6.4E-1));
#4077=LINE('',#4076,#4075);
#4078=DIRECTION('',(0.E0,0.E0,-1.E0));
#4079=VECTOR('',#4078,2.E-2);
#4080=CARTESIAN_POINT('',(1.356299423149E0,3.2E-1,6.6E-1));
#4081=LINE('',#4080,#4079);
#4082=DIRECTION('',(0.E0,1.E0,0.E0));
#4083=VECTOR('',#4082,1.022150333316E-1);
#4084=CARTESIAN_POINT('',(1.356299423149E0,3.2E-1,-6.6E-1));
#4085=LINE('',#4084,#4083);
#4086=DIRECTION('',(0.E0,0.E0,-1.E0));
#4087=VECTOR('',#4086,2.E-2);
#4088=CARTESIAN_POINT('',(1.356299423149E0,3.2E-1,-6.4E-1));
#4089=LINE('',#4088,#4087);
#4090=DIRECTION('',(0.E0,-1.E0,0.E0));
#4091=VECTOR('',#4090,8.4E-2);
#4092=CARTESIAN_POINT('',(1.356299423149E0,4.04E-1,-6.4E-1));
#4093=LINE('',#4092,#4091);
#4094=DIRECTION('',(0.E0,-6.733447757019E-1,7.393286231677E-1));
#4095=VECTOR('',#4094,2.705156999645E-2);
#4096=CARTESIAN_POINT('',(1.356299423149E0,4.222150333316E-1,-6.6E-1));
#4097=LINE('',#4096,#4095);
#4098=DIRECTION('',(1.E0,0.E0,0.E0));
#4099=VECTOR('',#4098,3.567857142857E-1);
#4100=CARTESIAN_POINT('',(1.142013708863E0,5.6E-1,8.5E-1));
#4101=LINE('',#4100,#4099);
#4102=DIRECTION('',(1.E0,0.E0,0.E0));
#4103=VECTOR('',#4102,3.704129299844E-1);
#4104=CARTESIAN_POINT('',(1.077885634987E0,5.339328623168E-1,
7.826655224298E-1));
#4105=LINE('',#4104,#4103);
#4106=DIRECTION('',(-1.E0,0.E0,0.E0));
#4107=VECTOR('',#4106,3.E-1);
#4108=CARTESIAN_POINT('',(1.356299423149E0,4.04E-1,6.4E-1));
#4109=LINE('',#4108,#4107);
#4110=DIRECTION('',(1.E0,0.E0,0.E0));
#4111=VECTOR('',#4110,3.E-1);
#4112=CARTESIAN_POINT('',(1.056299423149E0,3.2E-1,6.4E-1));
#4113=LINE('',#4112,#4111);
#4114=DIRECTION('',(1.E0,0.E0,0.E0));
#4115=VECTOR('',#4114,3.6E-1);
#4116=CARTESIAN_POINT('',(1.056299423149E0,3.2E-1,7.4E-1));
#4117=LINE('',#4116,#4115);
#4118=DIRECTION('',(-1.E0,0.E0,0.E0));
#4119=VECTOR('',#4118,3.6E-1);
#4120=CARTESIAN_POINT('',(1.416299423149E0,3.2E-1,-7.4E-1));
#4121=LINE('',#4120,#4119);
#4122=DIRECTION('',(1.E0,0.E0,0.E0));
#4123=VECTOR('',#4122,3.E-1);
#4124=CARTESIAN_POINT('',(1.056299423149E0,3.2E-1,-6.4E-1));
#4125=LINE('',#4124,#4123);
#4126=DIRECTION('',(0.E0,1.E0,0.E0));
#4127=VECTOR('',#4126,1.E-1);
#4128=CARTESIAN_POINT('',(1.02E0,3.4E-1,-7.4E-1));
#4129=LINE('',#4128,#4127);
#4130=DIRECTION('',(0.E0,0.E0,-1.E0));
#4131=VECTOR('',#4130,1.4E-1);
#4132=CARTESIAN_POINT('',(1.02E0,3.4E-1,-7.4E-1));
#4133=LINE('',#4132,#4131);
#4134=DIRECTION('',(0.E0,1.E0,0.E0));
#4135=VECTOR('',#4134,1.E-1);
#4136=CARTESIAN_POINT('',(1.02E0,3.4E-1,7.4E-1));
#4137=LINE('',#4136,#4135);
#4138=DIRECTION('',(0.E0,0.E0,-1.E0));
#4139=VECTOR('',#4138,1.4E-1);
#4140=CARTESIAN_POINT('',(1.02E0,3.4E-1,8.8E-1));
#4141=LINE('',#4140,#4139);
#4142=DIRECTION('',(0.E0,-1.E0,0.E0));
#4143=VECTOR('',#4142,6.E-2);
#4144=CARTESIAN_POINT('',(1.02E0,3.4E-1,7.1E-1));
#4145=LINE('',#4144,#4143);
#4146=DIRECTION('',(-1.E0,0.E0,0.E0));
#4147=VECTOR('',#4146,4.85E-1);
#4148=CARTESIAN_POINT('',(1.47E0,2.8E-1,-6.2E-1));
#4149=LINE('',#4148,#4147);
#4150=DIRECTION('',(0.E0,-1.E0,0.E0));
#4151=VECTOR('',#4150,1.8E-1);
#4152=CARTESIAN_POINT('',(1.47E0,2.8E-1,-6.2E-1));
#4153=LINE('',#4152,#4151);
#4154=DIRECTION('',(0.E0,0.E0,-1.E0));
#4155=VECTOR('',#4154,9.E-2);
#4156=CARTESIAN_POINT('',(9.85E-1,2.8E-1,-6.2E-1));
#4157=LINE('',#4156,#4155);
#4158=DIRECTION('',(0.E0,-1.E0,0.E0));
#4159=VECTOR('',#4158,1.8E-1);
#4160=CARTESIAN_POINT('',(9.85E-1,2.8E-1,-6.2E-1));
#4161=LINE('',#4160,#4159);
#4162=DIRECTION('',(0.E0,-1.E0,0.E0));
#4163=VECTOR('',#4162,6.E-2);
#4164=CARTESIAN_POINT('',(1.02E0,3.4E-1,-7.4E-1));
#4165=LINE('',#4164,#4163);
#4166=DIRECTION('',(0.E0,1.E0,0.E0));
#4167=VECTOR('',#4166,1.E-1);
#4168=CARTESIAN_POINT('',(7.E-1,0.E0,7.55E-1));
#4169=LINE('',#4168,#4167);
#4170=DIRECTION('',(0.E0,1.E0,0.E0));
#4171=VECTOR('',#4170,1.E-1);
#4172=CARTESIAN_POINT('',(-7.E-1,0.E0,7.55E-1));
#4173=LINE('',#4172,#4171);
#4174=DIRECTION('',(0.E0,1.E0,0.E0));
#4175=VECTOR('',#4174,1.E-1);
#4176=CARTESIAN_POINT('',(-7.E-1,0.E0,8.8E-1));
#4177=LINE('',#4176,#4175);
#4178=CARTESIAN_POINT('',(-5.75E-1,1.E-1,9.E-1));
#4179=DIRECTION('',(1.E0,0.E0,0.E0));
#4180=DIRECTION('',(0.E0,-1.E0,0.E0));
#4181=AXIS2_PLACEMENT_3D('',#4178,#4179,#4180);
#4183=DIRECTION('',(1.E0,0.E0,0.E0));
#4184=VECTOR('',#4183,1.E-1);
#4185=CARTESIAN_POINT('',(-5.75E-1,-2.E-2,9.E-1));
#4186=LINE('',#4185,#4184);
#4187=CARTESIAN_POINT('',(-4.75E-1,1.E-1,9.E-1));
#4188=DIRECTION('',(1.E0,0.E0,0.E0));
#4189=DIRECTION('',(0.E0,-1.E0,0.E0));
#4190=AXIS2_PLACEMENT_3D('',#4187,#4188,#4189);
#4192=DIRECTION('',(0.E0,-1.E0,0.E0));
#4193=VECTOR('',#4192,6.E-2);
#4194=CARTESIAN_POINT('',(-5.75E-1,6.E-2,1.E0));
#4195=LINE('',#4194,#4193);
#4196=DIRECTION('',(1.E0,0.E0,0.E0));
#4197=VECTOR('',#4196,1.E-1);
#4198=CARTESIAN_POINT('',(-5.75E-1,6.E-2,1.E0));
#4199=LINE('',#4198,#4197);
#4200=DIRECTION('',(0.E0,-1.E0,0.E0));
#4201=VECTOR('',#4200,6.E-2);
#4202=CARTESIAN_POINT('',(-4.75E-1,6.E-2,1.E0));
#4203=LINE('',#4202,#4201);
#4204=DIRECTION('',(0.E0,0.E0,1.E0));
#4205=VECTOR('',#4204,1.E-1);
#4206=CARTESIAN_POINT('',(-5.75E-1,6.E-2,9.E-1));
#4207=LINE('',#4206,#4205);
#4208=DIRECTION('',(1.E0,0.E0,0.E0));
#4209=VECTOR('',#4208,1.E-1);
#4210=CARTESIAN_POINT('',(-5.75E-1,6.E-2,9.E-1));
#4211=LINE('',#4210,#4209);
#4212=DIRECTION('',(0.E0,0.E0,1.E0));
#4213=VECTOR('',#4212,1.E-1);
#4214=CARTESIAN_POINT('',(-4.75E-1,6.E-2,9.E-1));
#4215=LINE('',#4214,#4213);
#4216=CARTESIAN_POINT('',(-5.75E-1,1.E-1,9.E-1));
#4217=DIRECTION('',(1.E0,0.E0,0.E0));
#4218=DIRECTION('',(0.E0,-1.E0,0.E0));
#4219=AXIS2_PLACEMENT_3D('',#4216,#4217,#4218);
#4221=CARTESIAN_POINT('',(-4.75E-1,1.E-1,9.E-1));
#4222=DIRECTION('',(1.E0,0.E0,0.E0));
#4223=DIRECTION('',(0.E0,-1.E0,0.E0));
#4224=AXIS2_PLACEMENT_3D('',#4221,#4222,#4223);
#4226=DIRECTION('',(0.E0,0.E0,-1.E0));
#4227=VECTOR('',#4226,6.E-2);
#4228=CARTESIAN_POINT('',(-5.75E-1,-2.E-2,9.6E-1));
#4229=LINE('',#4228,#4227);
#4230=DIRECTION('',(1.E0,0.E0,0.E0));
#4231=VECTOR('',#4230,1.E-1);
#4232=CARTESIAN_POINT('',(-5.75E-1,-2.E-2,9.6E-1));
#4233=LINE('',#4232,#4231);
#4234=DIRECTION('',(0.E0,0.E0,-1.E0));
#4235=VECTOR('',#4234,6.E-2);
#4236=CARTESIAN_POINT('',(-4.75E-1,-2.E-2,9.6E-1));
#4237=LINE('',#4236,#4235);
#4238=DIRECTION('',(1.E0,0.E0,0.E0));
#4239=VECTOR('',#4238,1.E-1);
#4240=CARTESIAN_POINT('',(-5.75E-1,0.E0,9.8E-1));
#4241=LINE('',#4240,#4239);
#4242=DIRECTION('',(0.E0,-7.071067811866E-1,-7.071067811865E-1));
#4243=VECTOR('',#4242,2.828427124746E-2);
#4244=CARTESIAN_POINT('',(-4.75E-1,0.E0,9.8E-1));
#4245=LINE('',#4244,#4243);
#4246=DIRECTION('',(0.E0,-7.071067811866E-1,-7.071067811865E-1));
#4247=VECTOR('',#4246,2.828427124746E-2);
#4248=CARTESIAN_POINT('',(-5.75E-1,0.E0,9.8E-1));
#4249=LINE('',#4248,#4247);
#4250=DIRECTION('',(0.E0,0.E0,-1.E0));
#4251=VECTOR('',#4250,2.E-2);
#4252=CARTESIAN_POINT('',(-5.75E-1,0.E0,1.E0));
#4253=LINE('',#4252,#4251);
#4254=DIRECTION('',(1.E0,0.E0,0.E0));
#4255=VECTOR('',#4254,1.E-1);
#4256=CARTESIAN_POINT('',(-5.75E-1,0.E0,1.E0));
#4257=LINE('',#4256,#4255);
#4258=DIRECTION('',(0.E0,0.E0,-1.E0));
#4259=VECTOR('',#4258,2.E-2);
#4260=CARTESIAN_POINT('',(-4.75E-1,0.E0,1.E0));
#4261=LINE('',#4260,#4259);
#4262=CARTESIAN_POINT('',(-5.75E-1,1.E-1,-9.E-1));
#4263=DIRECTION('',(1.E0,0.E0,0.E0));
#4264=DIRECTION('',(0.E0,0.E0,1.E0));
#4265=AXIS2_PLACEMENT_3D('',#4262,#4263,#4264);
#4267=DIRECTION('',(1.E0,0.E0,0.E0));
#4268=VECTOR('',#4267,1.E-1);
#4269=CARTESIAN_POINT('',(-5.75E-1,6.E-2,-9.E-1));
#4270=LINE('',#4269,#4268);
#4271=CARTESIAN_POINT('',(-4.75E-1,1.E-1,-9.E-1));
#4272=DIRECTION('',(1.E0,0.E0,0.E0));
#4273=DIRECTION('',(0.E0,0.E0,1.E0));
#4274=AXIS2_PLACEMENT_3D('',#4271,#4272,#4273);
#4276=DIRECTION('',(0.E0,0.E0,1.E0));
#4277=VECTOR('',#4276,1.E-1);
#4278=CARTESIAN_POINT('',(-5.75E-1,6.E-2,-1.E0));
#4279=LINE('',#4278,#4277);
#4280=DIRECTION('',(1.E0,0.E0,0.E0));
#4281=VECTOR('',#4280,1.E-1);
#4282=CARTESIAN_POINT('',(-5.75E-1,6.E-2,-1.E0));
#4283=LINE('',#4282,#4281);
#4284=DIRECTION('',(0.E0,0.E0,1.E0));
#4285=VECTOR('',#4284,1.E-1);
#4286=CARTESIAN_POINT('',(-4.75E-1,6.E-2,-1.E0));
#4287=LINE('',#4286,#4285);
#4288=DIRECTION('',(0.E0,1.E0,0.E0));
#4289=VECTOR('',#4288,6.E-2);
#4290=CARTESIAN_POINT('',(-5.75E-1,0.E0,-1.E0));
#4291=LINE('',#4290,#4289);
#4292=DIRECTION('',(1.E0,0.E0,0.E0));
#4293=VECTOR('',#4292,1.E-1);
#4294=CARTESIAN_POINT('',(-5.75E-1,0.E0,-1.E0));
#4295=LINE('',#4294,#4293);
#4296=DIRECTION('',(0.E0,1.E0,0.E0));
#4297=VECTOR('',#4296,6.E-2);
#4298=CARTESIAN_POINT('',(-4.75E-1,0.E0,-1.E0));
#4299=LINE('',#4298,#4297);
#4300=DIRECTION('',(0.E0,0.E0,-1.E0));
#4301=VECTOR('',#4300,2.E-2);
#4302=CARTESIAN_POINT('',(-5.75E-1,0.E0,-9.8E-1));
#4303=LINE('',#4302,#4301);
#4304=DIRECTION('',(1.E0,0.E0,0.E0));
#4305=VECTOR('',#4304,1.E-1);
#4306=CARTESIAN_POINT('',(-5.75E-1,0.E0,-9.8E-1));
#4307=LINE('',#4306,#4305);
#4308=DIRECTION('',(0.E0,0.E0,-1.E0));
#4309=VECTOR('',#4308,2.E-2);
#4310=CARTESIAN_POINT('',(-4.75E-1,0.E0,-9.8E-1));
#4311=LINE('',#4310,#4309);
#4312=DIRECTION('',(0.E0,7.071067811866E-1,-7.071067811865E-1));
#4313=VECTOR('',#4312,2.828427124746E-2);
#4314=CARTESIAN_POINT('',(-5.75E-1,-2.E-2,-9.6E-1));
#4315=LINE('',#4314,#4313);
#4316=DIRECTION('',(1.E0,0.E0,0.E0));
#4317=VECTOR('',#4316,1.E-1);
#4318=CARTESIAN_POINT('',(-5.75E-1,-2.E-2,-9.6E-1));
#4319=LINE('',#4318,#4317);
#4320=DIRECTION('',(0.E0,7.071067811866E-1,-7.071067811865E-1));
#4321=VECTOR('',#4320,2.828427124746E-2);
#4322=CARTESIAN_POINT('',(-4.75E-1,-2.E-2,-9.6E-1));
#4323=LINE('',#4322,#4321);
#4324=DIRECTION('',(0.E0,0.E0,-1.E0));
#4325=VECTOR('',#4324,6.E-2);
#4326=CARTESIAN_POINT('',(-5.75E-1,-2.E-2,-9.E-1));
#4327=LINE('',#4326,#4325);
#4328=DIRECTION('',(1.E0,0.E0,0.E0));
#4329=VECTOR('',#4328,1.E-1);
#4330=CARTESIAN_POINT('',(-5.75E-1,-2.E-2,-9.E-1));
#4331=LINE('',#4330,#4329);
#4332=DIRECTION('',(0.E0,0.E0,-1.E0));
#4333=VECTOR('',#4332,6.E-2);
#4334=CARTESIAN_POINT('',(-4.75E-1,-2.E-2,-9.E-1));
#4335=LINE('',#4334,#4333);
#4336=CARTESIAN_POINT('',(-5.75E-1,1.E-1,-9.E-1));
#4337=DIRECTION('',(1.E0,0.E0,0.E0));
#4338=DIRECTION('',(0.E0,0.E0,1.E0));
#4339=AXIS2_PLACEMENT_3D('',#4336,#4337,#4338);
#4341=CARTESIAN_POINT('',(-4.75E-1,1.E-1,-9.E-1));
#4342=DIRECTION('',(1.E0,0.E0,0.E0));
#4343=DIRECTION('',(0.E0,0.E0,1.E0));
#4344=AXIS2_PLACEMENT_3D('',#4341,#4342,#4343);
#4346=CARTESIAN_POINT('',(-2.25E-1,1.E-1,9.E-1));
#4347=DIRECTION('',(1.E0,0.E0,0.E0));
#4348=DIRECTION('',(0.E0,-1.E0,0.E0));
#4349=AXIS2_PLACEMENT_3D('',#4346,#4347,#4348);
#4351=DIRECTION('',(1.E0,0.E0,0.E0));
#4352=VECTOR('',#4351,1.E-1);
#4353=CARTESIAN_POINT('',(-2.25E-1,-2.E-2,9.E-1));
#4354=LINE('',#4353,#4352);
#4355=CARTESIAN_POINT('',(-1.25E-1,1.E-1,9.E-1));
#4356=DIRECTION('',(1.E0,0.E0,0.E0));
#4357=DIRECTION('',(0.E0,-1.E0,0.E0));
#4358=AXIS2_PLACEMENT_3D('',#4355,#4356,#4357);
#4360=DIRECTION('',(0.E0,-1.E0,0.E0));
#4361=VECTOR('',#4360,6.E-2);
#4362=CARTESIAN_POINT('',(-2.25E-1,6.E-2,1.E0));
#4363=LINE('',#4362,#4361);
#4364=DIRECTION('',(1.E0,0.E0,0.E0));
#4365=VECTOR('',#4364,1.E-1);
#4366=CARTESIAN_POINT('',(-2.25E-1,6.E-2,1.E0));
#4367=LINE('',#4366,#4365);
#4368=DIRECTION('',(0.E0,-1.E0,0.E0));
#4369=VECTOR('',#4368,6.E-2);
#4370=CARTESIAN_POINT('',(-1.25E-1,6.E-2,1.E0));
#4371=LINE('',#4370,#4369);
#4372=DIRECTION('',(0.E0,0.E0,1.E0));
#4373=VECTOR('',#4372,1.E-1);
#4374=CARTESIAN_POINT('',(-2.25E-1,6.E-2,9.E-1));
#4375=LINE('',#4374,#4373);
#4376=DIRECTION('',(1.E0,0.E0,0.E0));
#4377=VECTOR('',#4376,1.E-1);
#4378=CARTESIAN_POINT('',(-2.25E-1,6.E-2,9.E-1));
#4379=LINE('',#4378,#4377);
#4380=DIRECTION('',(0.E0,0.E0,1.E0));
#4381=VECTOR('',#4380,1.E-1);
#4382=CARTESIAN_POINT('',(-1.25E-1,6.E-2,9.E-1));
#4383=LINE('',#4382,#4381);
#4384=CARTESIAN_POINT('',(-2.25E-1,1.E-1,9.E-1));
#4385=DIRECTION('',(1.E0,0.E0,0.E0));
#4386=DIRECTION('',(0.E0,-1.E0,0.E0));
#4387=AXIS2_PLACEMENT_3D('',#4384,#4385,#4386);
#4389=CARTESIAN_POINT('',(-1.25E-1,1.E-1,9.E-1));
#4390=DIRECTION('',(1.E0,0.E0,0.E0));
#4391=DIRECTION('',(0.E0,-1.E0,0.E0));
#4392=AXIS2_PLACEMENT_3D('',#4389,#4390,#4391);
#4394=DIRECTION('',(0.E0,0.E0,-1.E0));
#4395=VECTOR('',#4394,6.E-2);
#4396=CARTESIAN_POINT('',(-2.25E-1,-2.E-2,9.6E-1));
#4397=LINE('',#4396,#4395);
#4398=DIRECTION('',(1.E0,0.E0,0.E0));
#4399=VECTOR('',#4398,1.E-1);
#4400=CARTESIAN_POINT('',(-2.25E-1,-2.E-2,9.6E-1));
#4401=LINE('',#4400,#4399);
#4402=DIRECTION('',(0.E0,0.E0,-1.E0));
#4403=VECTOR('',#4402,6.E-2);
#4404=CARTESIAN_POINT('',(-1.25E-1,-2.E-2,9.6E-1));
#4405=LINE('',#4404,#4403);
#4406=DIRECTION('',(0.E0,-7.071067811866E-1,-7.071067811865E-1));
#4407=VECTOR('',#4406,2.828427124746E-2);
#4408=CARTESIAN_POINT('',(-2.25E-1,0.E0,9.8E-1));
#4409=LINE('',#4408,#4407);
#4410=DIRECTION('',(1.E0,0.E0,0.E0));
#4411=VECTOR('',#4410,1.E-1);
#4412=CARTESIAN_POINT('',(-2.25E-1,0.E0,9.8E-1));
#4413=LINE('',#4412,#4411);
#4414=DIRECTION('',(0.E0,-7.071067811866E-1,-7.071067811865E-1));
#4415=VECTOR('',#4414,2.828427124746E-2);
#4416=CARTESIAN_POINT('',(-1.25E-1,0.E0,9.8E-1));
#4417=LINE('',#4416,#4415);
#4418=DIRECTION('',(0.E0,0.E0,-1.E0));
#4419=VECTOR('',#4418,2.E-2);
#4420=CARTESIAN_POINT('',(-2.25E-1,0.E0,1.E0));
#4421=LINE('',#4420,#4419);
#4422=DIRECTION('',(1.E0,0.E0,0.E0));
#4423=VECTOR('',#4422,1.E-1);
#4424=CARTESIAN_POINT('',(-2.25E-1,0.E0,1.E0));
#4425=LINE('',#4424,#4423);
#4426=DIRECTION('',(0.E0,0.E0,-1.E0));
#4427=VECTOR('',#4426,2.E-2);
#4428=CARTESIAN_POINT('',(-1.25E-1,0.E0,1.E0));
#4429=LINE('',#4428,#4427);
#4430=CARTESIAN_POINT('',(-2.25E-1,1.E-1,-9.E-1));
#4431=DIRECTION('',(1.E0,0.E0,0.E0));
#4432=DIRECTION('',(0.E0,0.E0,1.E0));
#4433=AXIS2_PLACEMENT_3D('',#4430,#4431,#4432);
#4435=DIRECTION('',(1.E0,0.E0,0.E0));
#4436=VECTOR('',#4435,1.E-1);
#4437=CARTESIAN_POINT('',(-2.25E-1,6.E-2,-9.E-1));
#4438=LINE('',#4437,#4436);
#4439=CARTESIAN_POINT('',(-1.25E-1,1.E-1,-9.E-1));
#4440=DIRECTION('',(1.E0,0.E0,0.E0));
#4441=DIRECTION('',(0.E0,0.E0,1.E0));
#4442=AXIS2_PLACEMENT_3D('',#4439,#4440,#4441);
#4444=DIRECTION('',(0.E0,0.E0,1.E0));
#4445=VECTOR('',#4444,1.E-1);
#4446=CARTESIAN_POINT('',(-2.25E-1,6.E-2,-1.E0));
#4447=LINE('',#4446,#4445);
#4448=DIRECTION('',(1.E0,0.E0,0.E0));
#4449=VECTOR('',#4448,1.E-1);
#4450=CARTESIAN_POINT('',(-2.25E-1,6.E-2,-1.E0));
#4451=LINE('',#4450,#4449);
#4452=DIRECTION('',(0.E0,0.E0,1.E0));
#4453=VECTOR('',#4452,1.E-1);
#4454=CARTESIAN_POINT('',(-1.25E-1,6.E-2,-1.E0));
#4455=LINE('',#4454,#4453);
#4456=DIRECTION('',(0.E0,1.E0,0.E0));
#4457=VECTOR('',#4456,6.E-2);
#4458=CARTESIAN_POINT('',(-2.25E-1,0.E0,-1.E0));
#4459=LINE('',#4458,#4457);
#4460=DIRECTION('',(1.E0,0.E0,0.E0));
#4461=VECTOR('',#4460,1.E-1);
#4462=CARTESIAN_POINT('',(-2.25E-1,0.E0,-1.E0));
#4463=LINE('',#4462,#4461);
#4464=DIRECTION('',(0.E0,1.E0,0.E0));
#4465=VECTOR('',#4464,6.E-2);
#4466=CARTESIAN_POINT('',(-1.25E-1,0.E0,-1.E0));
#4467=LINE('',#4466,#4465);
#4468=DIRECTION('',(0.E0,0.E0,-1.E0));
#4469=VECTOR('',#4468,2.E-2);
#4470=CARTESIAN_POINT('',(-2.25E-1,0.E0,-9.8E-1));
#4471=LINE('',#4470,#4469);
#4472=DIRECTION('',(1.E0,0.E0,0.E0));
#4473=VECTOR('',#4472,1.E-1);
#4474=CARTESIAN_POINT('',(-2.25E-1,0.E0,-9.8E-1));
#4475=LINE('',#4474,#4473);
#4476=DIRECTION('',(0.E0,0.E0,-1.E0));
#4477=VECTOR('',#4476,2.E-2);
#4478=CARTESIAN_POINT('',(-1.25E-1,0.E0,-9.8E-1));
#4479=LINE('',#4478,#4477);
#4480=DIRECTION('',(0.E0,7.071067811866E-1,-7.071067811865E-1));
#4481=VECTOR('',#4480,2.828427124746E-2);
#4482=CARTESIAN_POINT('',(-2.25E-1,-2.E-2,-9.6E-1));
#4483=LINE('',#4482,#4481);
#4484=DIRECTION('',(1.E0,0.E0,0.E0));
#4485=VECTOR('',#4484,1.E-1);
#4486=CARTESIAN_POINT('',(-2.25E-1,-2.E-2,-9.6E-1));
#4487=LINE('',#4486,#4485);
#4488=DIRECTION('',(0.E0,7.071067811866E-1,-7.071067811865E-1));
#4489=VECTOR('',#4488,2.828427124746E-2);
#4490=CARTESIAN_POINT('',(-1.25E-1,-2.E-2,-9.6E-1));
#4491=LINE('',#4490,#4489);
#4492=DIRECTION('',(0.E0,0.E0,-1.E0));
#4493=VECTOR('',#4492,6.E-2);
#4494=CARTESIAN_POINT('',(-2.25E-1,-2.E-2,-9.E-1));
#4495=LINE('',#4494,#4493);
#4496=DIRECTION('',(1.E0,0.E0,0.E0));
#4497=VECTOR('',#4496,1.E-1);
#4498=CARTESIAN_POINT('',(-2.25E-1,-2.E-2,-9.E-1));
#4499=LINE('',#4498,#4497);
#4500=DIRECTION('',(0.E0,0.E0,-1.E0));
#4501=VECTOR('',#4500,6.E-2);
#4502=CARTESIAN_POINT('',(-1.25E-1,-2.E-2,-9.E-1));
#4503=LINE('',#4502,#4501);
#4504=CARTESIAN_POINT('',(-2.25E-1,1.E-1,-9.E-1));
#4505=DIRECTION('',(1.E0,0.E0,0.E0));
#4506=DIRECTION('',(0.E0,0.E0,1.E0));
#4507=AXIS2_PLACEMENT_3D('',#4504,#4505,#4506);
#4509=CARTESIAN_POINT('',(-1.25E-1,1.E-1,-9.E-1));
#4510=DIRECTION('',(1.E0,0.E0,0.E0));
#4511=DIRECTION('',(0.E0,0.E0,1.E0));
#4512=AXIS2_PLACEMENT_3D('',#4509,#4510,#4511);
#4514=CARTESIAN_POINT('',(1.25E-1,1.E-1,9.E-1));
#4515=DIRECTION('',(1.E0,0.E0,0.E0));
#4516=DIRECTION('',(0.E0,-1.E0,0.E0));
#4517=AXIS2_PLACEMENT_3D('',#4514,#4515,#4516);
#4519=DIRECTION('',(1.E0,0.E0,0.E0));
#4520=VECTOR('',#4519,1.E-1);
#4521=CARTESIAN_POINT('',(1.25E-1,-2.E-2,9.E-1));
#4522=LINE('',#4521,#4520);
#4523=CARTESIAN_POINT('',(2.25E-1,1.E-1,9.E-1));
#4524=DIRECTION('',(1.E0,0.E0,0.E0));
#4525=DIRECTION('',(0.E0,-1.E0,0.E0));
#4526=AXIS2_PLACEMENT_3D('',#4523,#4524,#4525);
#4528=DIRECTION('',(0.E0,-1.E0,0.E0));
#4529=VECTOR('',#4528,6.E-2);
#4530=CARTESIAN_POINT('',(1.25E-1,6.E-2,1.E0));
#4531=LINE('',#4530,#4529);
#4532=DIRECTION('',(1.E0,0.E0,0.E0));
#4533=VECTOR('',#4532,1.E-1);
#4534=CARTESIAN_POINT('',(1.25E-1,6.E-2,1.E0));
#4535=LINE('',#4534,#4533);
#4536=DIRECTION('',(0.E0,-1.E0,0.E0));
#4537=VECTOR('',#4536,6.E-2);
#4538=CARTESIAN_POINT('',(2.25E-1,6.E-2,1.E0));
#4539=LINE('',#4538,#4537);
#4540=DIRECTION('',(0.E0,0.E0,1.E0));
#4541=VECTOR('',#4540,1.E-1);
#4542=CARTESIAN_POINT('',(1.25E-1,6.E-2,9.E-1));
#4543=LINE('',#4542,#4541);
#4544=DIRECTION('',(1.E0,0.E0,0.E0));
#4545=VECTOR('',#4544,1.E-1);
#4546=CARTESIAN_POINT('',(1.25E-1,6.E-2,9.E-1));
#4547=LINE('',#4546,#4545);
#4548=DIRECTION('',(0.E0,0.E0,1.E0));
#4549=VECTOR('',#4548,1.E-1);
#4550=CARTESIAN_POINT('',(2.25E-1,6.E-2,9.E-1));
#4551=LINE('',#4550,#4549);
#4552=CARTESIAN_POINT('',(1.25E-1,1.E-1,9.E-1));
#4553=DIRECTION('',(1.E0,0.E0,0.E0));
#4554=DIRECTION('',(0.E0,-1.E0,0.E0));
#4555=AXIS2_PLACEMENT_3D('',#4552,#4553,#4554);
#4557=CARTESIAN_POINT('',(2.25E-1,1.E-1,9.E-1));
#4558=DIRECTION('',(1.E0,0.E0,0.E0));
#4559=DIRECTION('',(0.E0,-1.E0,0.E0));
#4560=AXIS2_PLACEMENT_3D('',#4557,#4558,#4559);
#4562=DIRECTION('',(0.E0,0.E0,-1.E0));
#4563=VECTOR('',#4562,6.E-2);
#4564=CARTESIAN_POINT('',(1.25E-1,-2.E-2,9.6E-1));
#4565=LINE('',#4564,#4563);
#4566=DIRECTION('',(1.E0,0.E0,0.E0));
#4567=VECTOR('',#4566,1.E-1);
#4568=CARTESIAN_POINT('',(1.25E-1,-2.E-2,9.6E-1));
#4569=LINE('',#4568,#4567);
#4570=DIRECTION('',(0.E0,0.E0,-1.E0));
#4571=VECTOR('',#4570,6.E-2);
#4572=CARTESIAN_POINT('',(2.25E-1,-2.E-2,9.6E-1));
#4573=LINE('',#4572,#4571);
#4574=DIRECTION('',(0.E0,-7.071067811866E-1,-7.071067811865E-1));
#4575=VECTOR('',#4574,2.828427124746E-2);
#4576=CARTESIAN_POINT('',(1.25E-1,0.E0,9.8E-1));
#4577=LINE('',#4576,#4575);
#4578=DIRECTION('',(1.E0,0.E0,0.E0));
#4579=VECTOR('',#4578,1.E-1);
#4580=CARTESIAN_POINT('',(1.25E-1,0.E0,9.8E-1));
#4581=LINE('',#4580,#4579);
#4582=DIRECTION('',(0.E0,-7.071067811866E-1,-7.071067811865E-1));
#4583=VECTOR('',#4582,2.828427124746E-2);
#4584=CARTESIAN_POINT('',(2.25E-1,0.E0,9.8E-1));
#4585=LINE('',#4584,#4583);
#4586=DIRECTION('',(0.E0,0.E0,-1.E0));
#4587=VECTOR('',#4586,2.E-2);
#4588=CARTESIAN_POINT('',(1.25E-1,0.E0,1.E0));
#4589=LINE('',#4588,#4587);
#4590=DIRECTION('',(1.E0,0.E0,0.E0));
#4591=VECTOR('',#4590,1.E-1);
#4592=CARTESIAN_POINT('',(1.25E-1,0.E0,1.E0));
#4593=LINE('',#4592,#4591);
#4594=DIRECTION('',(0.E0,0.E0,-1.E0));
#4595=VECTOR('',#4594,2.E-2);
#4596=CARTESIAN_POINT('',(2.25E-1,0.E0,1.E0));
#4597=LINE('',#4596,#4595);
#4598=CARTESIAN_POINT('',(1.25E-1,1.E-1,-9.E-1));
#4599=DIRECTION('',(1.E0,0.E0,0.E0));
#4600=DIRECTION('',(0.E0,0.E0,1.E0));
#4601=AXIS2_PLACEMENT_3D('',#4598,#4599,#4600);
#4603=DIRECTION('',(1.E0,0.E0,0.E0));
#4604=VECTOR('',#4603,1.E-1);
#4605=CARTESIAN_POINT('',(1.25E-1,6.E-2,-9.E-1));
#4606=LINE('',#4605,#4604);
#4607=CARTESIAN_POINT('',(2.25E-1,1.E-1,-9.E-1));
#4608=DIRECTION('',(1.E0,0.E0,0.E0));
#4609=DIRECTION('',(0.E0,0.E0,1.E0));
#4610=AXIS2_PLACEMENT_3D('',#4607,#4608,#4609);
#4612=DIRECTION('',(0.E0,0.E0,1.E0));
#4613=VECTOR('',#4612,1.E-1);
#4614=CARTESIAN_POINT('',(1.25E-1,6.E-2,-1.E0));
#4615=LINE('',#4614,#4613);
#4616=DIRECTION('',(1.E0,0.E0,0.E0));
#4617=VECTOR('',#4616,1.E-1);
#4618=CARTESIAN_POINT('',(1.25E-1,6.E-2,-1.E0));
#4619=LINE('',#4618,#4617);
#4620=DIRECTION('',(0.E0,0.E0,1.E0));
#4621=VECTOR('',#4620,1.E-1);
#4622=CARTESIAN_POINT('',(2.25E-1,6.E-2,-1.E0));
#4623=LINE('',#4622,#4621);
#4624=DIRECTION('',(0.E0,1.E0,0.E0));
#4625=VECTOR('',#4624,6.E-2);
#4626=CARTESIAN_POINT('',(1.25E-1,0.E0,-1.E0));
#4627=LINE('',#4626,#4625);
#4628=DIRECTION('',(1.E0,0.E0,0.E0));
#4629=VECTOR('',#4628,1.E-1);
#4630=CARTESIAN_POINT('',(1.25E-1,0.E0,-1.E0));
#4631=LINE('',#4630,#4629);
#4632=DIRECTION('',(0.E0,1.E0,0.E0));
#4633=VECTOR('',#4632,6.E-2);
#4634=CARTESIAN_POINT('',(2.25E-1,0.E0,-1.E0));
#4635=LINE('',#4634,#4633);
#4636=DIRECTION('',(0.E0,0.E0,-1.E0));
#4637=VECTOR('',#4636,2.E-2);
#4638=CARTESIAN_POINT('',(1.25E-1,0.E0,-9.8E-1));
#4639=LINE('',#4638,#4637);
#4640=DIRECTION('',(1.E0,0.E0,0.E0));
#4641=VECTOR('',#4640,1.E-1);
#4642=CARTESIAN_POINT('',(1.25E-1,0.E0,-9.8E-1));
#4643=LINE('',#4642,#4641);
#4644=DIRECTION('',(0.E0,0.E0,-1.E0));
#4645=VECTOR('',#4644,2.E-2);
#4646=CARTESIAN_POINT('',(2.25E-1,0.E0,-9.8E-1));
#4647=LINE('',#4646,#4645);
#4648=DIRECTION('',(0.E0,7.071067811866E-1,-7.071067811865E-1));
#4649=VECTOR('',#4648,2.828427124746E-2);
#4650=CARTESIAN_POINT('',(1.25E-1,-2.E-2,-9.6E-1));
#4651=LINE('',#4650,#4649);
#4652=DIRECTION('',(1.E0,0.E0,0.E0));
#4653=VECTOR('',#4652,1.E-1);
#4654=CARTESIAN_POINT('',(1.25E-1,-2.E-2,-9.6E-1));
#4655=LINE('',#4654,#4653);
#4656=DIRECTION('',(0.E0,7.071067811866E-1,-7.071067811865E-1));
#4657=VECTOR('',#4656,2.828427124746E-2);
#4658=CARTESIAN_POINT('',(2.25E-1,-2.E-2,-9.6E-1));
#4659=LINE('',#4658,#4657);
#4660=DIRECTION('',(0.E0,0.E0,-1.E0));
#4661=VECTOR('',#4660,6.E-2);
#4662=CARTESIAN_POINT('',(1.25E-1,-2.E-2,-9.E-1));
#4663=LINE('',#4662,#4661);
#4664=DIRECTION('',(1.E0,0.E0,0.E0));
#4665=VECTOR('',#4664,1.E-1);
#4666=CARTESIAN_POINT('',(1.25E-1,-2.E-2,-9.E-1));
#4667=LINE('',#4666,#4665);
#4668=DIRECTION('',(0.E0,0.E0,-1.E0));
#4669=VECTOR('',#4668,6.E-2);
#4670=CARTESIAN_POINT('',(2.25E-1,-2.E-2,-9.E-1));
#4671=LINE('',#4670,#4669);
#4672=CARTESIAN_POINT('',(1.25E-1,1.E-1,-9.E-1));
#4673=DIRECTION('',(1.E0,0.E0,0.E0));
#4674=DIRECTION('',(0.E0,0.E0,1.E0));
#4675=AXIS2_PLACEMENT_3D('',#4672,#4673,#4674);
#4677=CARTESIAN_POINT('',(2.25E-1,1.E-1,-9.E-1));
#4678=DIRECTION('',(1.E0,0.E0,0.E0));
#4679=DIRECTION('',(0.E0,0.E0,1.E0));
#4680=AXIS2_PLACEMENT_3D('',#4677,#4678,#4679);
#4682=CARTESIAN_POINT('',(4.75E-1,1.E-1,9.E-1));
#4683=DIRECTION('',(1.E0,0.E0,0.E0));
#4684=DIRECTION('',(0.E0,-1.E0,0.E0));
#4685=AXIS2_PLACEMENT_3D('',#4682,#4683,#4684);
#4687=DIRECTION('',(1.E0,0.E0,0.E0));
#4688=VECTOR('',#4687,1.E-1);
#4689=CARTESIAN_POINT('',(4.75E-1,-2.E-2,9.E-1));
#4690=LINE('',#4689,#4688);
#4691=CARTESIAN_POINT('',(5.75E-1,1.E-1,9.E-1));
#4692=DIRECTION('',(1.E0,0.E0,0.E0));
#4693=DIRECTION('',(0.E0,-1.E0,0.E0));
#4694=AXIS2_PLACEMENT_3D('',#4691,#4692,#4693);
#4696=DIRECTION('',(0.E0,-1.E0,0.E0));
#4697=VECTOR('',#4696,6.E-2);
#4698=CARTESIAN_POINT('',(4.75E-1,6.E-2,1.E0));
#4699=LINE('',#4698,#4697);
#4700=DIRECTION('',(1.E0,0.E0,0.E0));
#4701=VECTOR('',#4700,1.E-1);
#4702=CARTESIAN_POINT('',(4.75E-1,6.E-2,1.E0));
#4703=LINE('',#4702,#4701);
#4704=DIRECTION('',(0.E0,-1.E0,0.E0));
#4705=VECTOR('',#4704,6.E-2);
#4706=CARTESIAN_POINT('',(5.75E-1,6.E-2,1.E0));
#4707=LINE('',#4706,#4705);
#4708=DIRECTION('',(0.E0,0.E0,1.E0));
#4709=VECTOR('',#4708,1.E-1);
#4710=CARTESIAN_POINT('',(4.75E-1,6.E-2,9.E-1));
#4711=LINE('',#4710,#4709);
#4712=DIRECTION('',(1.E0,0.E0,0.E0));
#4713=VECTOR('',#4712,1.E-1);
#4714=CARTESIAN_POINT('',(4.75E-1,6.E-2,9.E-1));
#4715=LINE('',#4714,#4713);
#4716=DIRECTION('',(0.E0,0.E0,1.E0));
#4717=VECTOR('',#4716,1.E-1);
#4718=CARTESIAN_POINT('',(5.75E-1,6.E-2,9.E-1));
#4719=LINE('',#4718,#4717);
#4720=CARTESIAN_POINT('',(4.75E-1,1.E-1,9.E-1));
#4721=DIRECTION('',(1.E0,0.E0,0.E0));
#4722=DIRECTION('',(0.E0,-1.E0,0.E0));
#4723=AXIS2_PLACEMENT_3D('',#4720,#4721,#4722);
#4725=CARTESIAN_POINT('',(5.75E-1,1.E-1,9.E-1));
#4726=DIRECTION('',(1.E0,0.E0,0.E0));
#4727=DIRECTION('',(0.E0,-1.E0,0.E0));
#4728=AXIS2_PLACEMENT_3D('',#4725,#4726,#4727);
#4730=DIRECTION('',(0.E0,0.E0,-1.E0));
#4731=VECTOR('',#4730,6.E-2);
#4732=CARTESIAN_POINT('',(4.75E-1,-2.E-2,9.6E-1));
#4733=LINE('',#4732,#4731);
#4734=DIRECTION('',(1.E0,0.E0,0.E0));
#4735=VECTOR('',#4734,1.E-1);
#4736=CARTESIAN_POINT('',(4.75E-1,-2.E-2,9.6E-1));
#4737=LINE('',#4736,#4735);
#4738=DIRECTION('',(0.E0,0.E0,-1.E0));
#4739=VECTOR('',#4738,6.E-2);
#4740=CARTESIAN_POINT('',(5.75E-1,-2.E-2,9.6E-1));
#4741=LINE('',#4740,#4739);
#4742=DIRECTION('',(0.E0,-7.071067811866E-1,-7.071067811865E-1));
#4743=VECTOR('',#4742,2.828427124746E-2);
#4744=CARTESIAN_POINT('',(4.75E-1,0.E0,9.8E-1));
#4745=LINE('',#4744,#4743);
#4746=DIRECTION('',(1.E0,0.E0,0.E0));
#4747=VECTOR('',#4746,1.E-1);
#4748=CARTESIAN_POINT('',(4.75E-1,0.E0,9.8E-1));
#4749=LINE('',#4748,#4747);
#4750=DIRECTION('',(0.E0,-7.071067811866E-1,-7.071067811865E-1));
#4751=VECTOR('',#4750,2.828427124746E-2);
#4752=CARTESIAN_POINT('',(5.75E-1,0.E0,9.8E-1));
#4753=LINE('',#4752,#4751);
#4754=DIRECTION('',(0.E0,0.E0,-1.E0));
#4755=VECTOR('',#4754,2.E-2);
#4756=CARTESIAN_POINT('',(4.75E-1,0.E0,1.E0));
#4757=LINE('',#4756,#4755);
#4758=DIRECTION('',(1.E0,0.E0,0.E0));
#4759=VECTOR('',#4758,1.E-1);
#4760=CARTESIAN_POINT('',(4.75E-1,0.E0,1.E0));
#4761=LINE('',#4760,#4759);
#4762=DIRECTION('',(0.E0,0.E0,-1.E0));
#4763=VECTOR('',#4762,2.E-2);
#4764=CARTESIAN_POINT('',(5.75E-1,0.E0,1.E0));
#4765=LINE('',#4764,#4763);
#4766=CARTESIAN_POINT('',(4.75E-1,1.E-1,-9.E-1));
#4767=DIRECTION('',(1.E0,0.E0,0.E0));
#4768=DIRECTION('',(0.E0,0.E0,1.E0));
#4769=AXIS2_PLACEMENT_3D('',#4766,#4767,#4768);
#4771=DIRECTION('',(1.E0,0.E0,0.E0));
#4772=VECTOR('',#4771,1.E-1);
#4773=CARTESIAN_POINT('',(4.75E-1,6.E-2,-9.E-1));
#4774=LINE('',#4773,#4772);
#4775=CARTESIAN_POINT('',(5.75E-1,1.E-1,-9.E-1));
#4776=DIRECTION('',(1.E0,0.E0,0.E0));
#4777=DIRECTION('',(0.E0,0.E0,1.E0));
#4778=AXIS2_PLACEMENT_3D('',#4775,#4776,#4777);
#4780=DIRECTION('',(0.E0,0.E0,1.E0));
#4781=VECTOR('',#4780,1.E-1);
#4782=CARTESIAN_POINT('',(4.75E-1,6.E-2,-1.E0));
#4783=LINE('',#4782,#4781);
#4784=DIRECTION('',(1.E0,0.E0,0.E0));
#4785=VECTOR('',#4784,1.E-1);
#4786=CARTESIAN_POINT('',(4.75E-1,6.E-2,-1.E0));
#4787=LINE('',#4786,#4785);
#4788=DIRECTION('',(0.E0,0.E0,1.E0));
#4789=VECTOR('',#4788,1.E-1);
#4790=CARTESIAN_POINT('',(5.75E-1,6.E-2,-1.E0));
#4791=LINE('',#4790,#4789);
#4792=DIRECTION('',(0.E0,1.E0,0.E0));
#4793=VECTOR('',#4792,6.E-2);
#4794=CARTESIAN_POINT('',(4.75E-1,0.E0,-1.E0));
#4795=LINE('',#4794,#4793);
#4796=DIRECTION('',(1.E0,0.E0,0.E0));
#4797=VECTOR('',#4796,1.E-1);
#4798=CARTESIAN_POINT('',(4.75E-1,0.E0,-1.E0));
#4799=LINE('',#4798,#4797);
#4800=DIRECTION('',(0.E0,1.E0,0.E0));
#4801=VECTOR('',#4800,6.E-2);
#4802=CARTESIAN_POINT('',(5.75E-1,0.E0,-1.E0));
#4803=LINE('',#4802,#4801);
#4804=DIRECTION('',(0.E0,0.E0,-1.E0));
#4805=VECTOR('',#4804,2.E-2);
#4806=CARTESIAN_POINT('',(4.75E-1,0.E0,-9.8E-1));
#4807=LINE('',#4806,#4805);
#4808=DIRECTION('',(1.E0,0.E0,0.E0));
#4809=VECTOR('',#4808,1.E-1);
#4810=CARTESIAN_POINT('',(4.75E-1,0.E0,-9.8E-1));
#4811=LINE('',#4810,#4809);
#4812=DIRECTION('',(0.E0,0.E0,-1.E0));
#4813=VECTOR('',#4812,2.E-2);
#4814=CARTESIAN_POINT('',(5.75E-1,0.E0,-9.8E-1));
#4815=LINE('',#4814,#4813);
#4816=DIRECTION('',(0.E0,7.071067811866E-1,-7.071067811865E-1));
#4817=VECTOR('',#4816,2.828427124746E-2);
#4818=CARTESIAN_POINT('',(4.75E-1,-2.E-2,-9.6E-1));
#4819=LINE('',#4818,#4817);
#4820=DIRECTION('',(1.E0,0.E0,0.E0));
#4821=VECTOR('',#4820,1.E-1);
#4822=CARTESIAN_POINT('',(4.75E-1,-2.E-2,-9.6E-1));
#4823=LINE('',#4822,#4821);
#4824=DIRECTION('',(0.E0,7.071067811866E-1,-7.071067811865E-1));
#4825=VECTOR('',#4824,2.828427124746E-2);
#4826=CARTESIAN_POINT('',(5.75E-1,-2.E-2,-9.6E-1));
#4827=LINE('',#4826,#4825);
#4828=DIRECTION('',(0.E0,0.E0,-1.E0));
#4829=VECTOR('',#4828,6.E-2);
#4830=CARTESIAN_POINT('',(4.75E-1,-2.E-2,-9.E-1));
#4831=LINE('',#4830,#4829);
#4832=DIRECTION('',(1.E0,0.E0,0.E0));
#4833=VECTOR('',#4832,1.E-1);
#4834=CARTESIAN_POINT('',(4.75E-1,-2.E-2,-9.E-1));
#4835=LINE('',#4834,#4833);
#4836=DIRECTION('',(0.E0,0.E0,-1.E0));
#4837=VECTOR('',#4836,6.E-2);
#4838=CARTESIAN_POINT('',(5.75E-1,-2.E-2,-9.E-1));
#4839=LINE('',#4838,#4837);
#4840=CARTESIAN_POINT('',(4.75E-1,1.E-1,-9.E-1));
#4841=DIRECTION('',(1.E0,0.E0,0.E0));
#4842=DIRECTION('',(0.E0,0.E0,1.E0));
#4843=AXIS2_PLACEMENT_3D('',#4840,#4841,#4842);
#4845=CARTESIAN_POINT('',(5.75E-1,1.E-1,-9.E-1));
#4846=DIRECTION('',(1.E0,0.E0,0.E0));
#4847=DIRECTION('',(0.E0,0.E0,1.E0));
#4848=AXIS2_PLACEMENT_3D('',#4845,#4846,#4847);
#4850=DIRECTION('',(0.E0,0.E0,-1.E0));
#4851=VECTOR('',#4850,9.E-2);
#4852=CARTESIAN_POINT('',(-1.256299423149E0,3.95E-1,-8.8E-1));
#4853=LINE('',#4852,#4851);
#4854=DIRECTION('',(0.E0,0.E0,-1.E0));
#4855=VECTOR('',#4854,9.E-2);
#4856=CARTESIAN_POINT('',(-1.101299423149E0,2.4E-1,-8.8E-1));
#4857=LINE('',#4856,#4855);
#4858=DIRECTION('',(0.E0,0.E0,1.E0));
#4859=VECTOR('',#4858,9.E-2);
#4860=CARTESIAN_POINT('',(-1.19E0,6.E-2,8.8E-1));
#4861=LINE('',#4860,#4859);
#4862=DIRECTION('',(0.E0,0.E0,1.E0));
#4863=VECTOR('',#4862,9.E-2);
#4864=CARTESIAN_POINT('',(-8.05E-1,6.E-2,8.8E-1));
#4865=LINE('',#4864,#4863);
#4866=DIRECTION('',(-1.E0,0.E0,0.E0));
#4867=VECTOR('',#4866,2.5E-1);
#4868=CARTESIAN_POINT('',(-1.675E0,2.2E-1,6.15E-1));
#4869=LINE('',#4868,#4867);
#4870=DIRECTION('',(0.E0,1.E0,0.E0));
#4871=VECTOR('',#4870,2.2E-1);
#4872=CARTESIAN_POINT('',(-1.675E0,0.E0,6.15E-1));
#4873=LINE('',#4872,#4871);
#4874=DIRECTION('',(0.E0,0.E0,1.E0));
#4875=VECTOR('',#4874,1.85E-1);
#4876=CARTESIAN_POINT('',(-1.925E0,2.2E-1,6.15E-1));
#4877=LINE('',#4876,#4875);
#4878=DIRECTION('',(0.E0,1.E0,0.E0));
#4879=VECTOR('',#4878,2.2E-1);
#4880=CARTESIAN_POINT('',(-1.925E0,0.E0,6.15E-1));
#4881=LINE('',#4880,#4879);
#4882=CARTESIAN_POINT('',(-1.725E0,2.2E-1,8.E-1));
#4883=DIRECTION('',(0.E0,1.E0,0.E0));
#4884=DIRECTION('',(-1.E0,0.E0,0.E0));
#4885=AXIS2_PLACEMENT_3D('',#4882,#4883,#4884);
#4887=DIRECTION('',(0.E0,1.E0,0.E0));
#4888=VECTOR('',#4887,2.2E-1);
#4889=CARTESIAN_POINT('',(-1.925E0,0.E0,8.E-1));
#4890=LINE('',#4889,#4888);
#4891=DIRECTION('',(1.E0,0.E0,0.E0));
#4892=VECTOR('',#4891,3.15E-1);
#4893=CARTESIAN_POINT('',(-1.725E0,2.2E-1,1.E0));
#4894=LINE('',#4893,#4892);
#4895=DIRECTION('',(0.E0,1.E0,0.E0));
#4896=VECTOR('',#4895,2.2E-1);
#4897=CARTESIAN_POINT('',(-1.725E0,0.E0,1.E0));
#4898=LINE('',#4897,#4896);
#4899=DIRECTION('',(0.E0,0.E0,-1.E0));
#4900=VECTOR('',#4899,1.2E-1);
#4901=CARTESIAN_POINT('',(-1.41E0,2.2E-1,1.E0));
#4902=LINE('',#4901,#4900);
#4903=DIRECTION('',(0.E0,1.E0,0.E0));
#4904=VECTOR('',#4903,2.2E-1);
#4905=CARTESIAN_POINT('',(-1.41E0,0.E0,1.E0));
#4906=LINE('',#4905,#4904);
#4907=DIRECTION('',(0.E0,0.E0,1.E0));
#4908=VECTOR('',#4907,1.2E-1);
#4909=CARTESIAN_POINT('',(1.41E0,2.2E-1,8.8E-1));
#4910=LINE('',#4909,#4908);
#4911=DIRECTION('',(0.E0,1.E0,0.E0));
#4912=VECTOR('',#4911,2.2E-1);
#4913=CARTESIAN_POINT('',(1.41E0,0.E0,8.8E-1));
#4914=LINE('',#4913,#4912);
#4915=DIRECTION('',(1.E0,0.E0,0.E0));
#4916=VECTOR('',#4915,3.15E-1);
#4917=CARTESIAN_POINT('',(1.41E0,2.2E-1,1.E0));
#4918=LINE('',#4917,#4916);
#4919=DIRECTION('',(0.E0,1.E0,0.E0));
#4920=VECTOR('',#4919,2.2E-1);
#4921=CARTESIAN_POINT('',(1.41E0,0.E0,1.E0));
#4922=LINE('',#4921,#4920);
#4923=CARTESIAN_POINT('',(1.725E0,2.2E-1,8.E-1));
#4924=DIRECTION('',(0.E0,1.E0,0.E0));
#4925=DIRECTION('',(0.E0,0.E0,1.E0));
#4926=AXIS2_PLACEMENT_3D('',#4923,#4924,#4925);
#4928=DIRECTION('',(0.E0,1.E0,0.E0));
#4929=VECTOR('',#4928,2.2E-1);
#4930=CARTESIAN_POINT('',(1.725E0,0.E0,1.E0));
#4931=LINE('',#4930,#4929);
#4932=DIRECTION('',(0.E0,0.E0,-1.E0));
#4933=VECTOR('',#4932,1.85E-1);
#4934=CARTESIAN_POINT('',(1.925E0,2.2E-1,8.E-1));
#4935=LINE('',#4934,#4933);
#4936=DIRECTION('',(0.E0,1.E0,0.E0));
#4937=VECTOR('',#4936,2.2E-1);
#4938=CARTESIAN_POINT('',(1.925E0,0.E0,8.E-1));
#4939=LINE('',#4938,#4937);
#4940=DIRECTION('',(-1.E0,0.E0,0.E0));
#4941=VECTOR('',#4940,2.5E-1);
#4942=CARTESIAN_POINT('',(1.925E0,2.2E-1,6.15E-1));
#4943=LINE('',#4942,#4941);
#4944=DIRECTION('',(0.E0,1.E0,0.E0));
#4945=VECTOR('',#4944,2.2E-1);
#4946=CARTESIAN_POINT('',(1.925E0,0.E0,6.15E-1));
#4947=LINE('',#4946,#4945);
#4948=DIRECTION('',(1.E0,0.E0,0.E0));
#4949=VECTOR('',#4948,2.5E-1);
#4950=CARTESIAN_POINT('',(1.675E0,2.2E-1,-6.15E-1));
#4951=LINE('',#4950,#4949);
#4952=DIRECTION('',(0.E0,1.E0,0.E0));
#4953=VECTOR('',#4952,2.2E-1);
#4954=CARTESIAN_POINT('',(1.675E0,0.E0,-6.15E-1));
#4955=LINE('',#4954,#4953);
#4956=DIRECTION('',(0.E0,0.E0,-1.E0));
#4957=VECTOR('',#4956,1.85E-1);
#4958=CARTESIAN_POINT('',(1.925E0,2.2E-1,-6.15E-1));
#4959=LINE('',#4958,#4957);
#4960=DIRECTION('',(0.E0,1.E0,0.E0));
#4961=VECTOR('',#4960,2.2E-1);
#4962=CARTESIAN_POINT('',(1.925E0,0.E0,-6.15E-1));
#4963=LINE('',#4962,#4961);
#4964=CARTESIAN_POINT('',(1.725E0,2.2E-1,-8.E-1));
#4965=DIRECTION('',(0.E0,1.E0,0.E0));
#4966=DIRECTION('',(1.E0,0.E0,-1.998401444325E-14));
#4967=AXIS2_PLACEMENT_3D('',#4964,#4965,#4966);
#4969=DIRECTION('',(0.E0,1.E0,0.E0));
#4970=VECTOR('',#4969,2.2E-1);
#4971=CARTESIAN_POINT('',(1.925E0,0.E0,-8.E-1));
#4972=LINE('',#4971,#4970);
#4973=DIRECTION('',(-1.E0,0.E0,0.E0));
#4974=VECTOR('',#4973,3.15E-1);
#4975=CARTESIAN_POINT('',(1.725E0,2.2E-1,-1.E0));
#4976=LINE('',#4975,#4974);
#4977=DIRECTION('',(0.E0,1.E0,0.E0));
#4978=VECTOR('',#4977,2.2E-1);
#4979=CARTESIAN_POINT('',(1.725E0,0.E0,-1.E0));
#4980=LINE('',#4979,#4978);
#4981=DIRECTION('',(0.E0,0.E0,1.E0));
#4982=VECTOR('',#4981,1.2E-1);
#4983=CARTESIAN_POINT('',(1.41E0,2.2E-1,-1.E0));
#4984=LINE('',#4983,#4982);
#4985=DIRECTION('',(0.E0,1.E0,0.E0));
#4986=VECTOR('',#4985,2.2E-1);
#4987=CARTESIAN_POINT('',(1.41E0,0.E0,-1.E0));
#4988=LINE('',#4987,#4986);
#4989=DIRECTION('',(1.E0,0.E0,0.E0));
#4990=VECTOR('',#4989,4.E-2);
#4991=CARTESIAN_POINT('',(1.725E0,2.86E-1,-3.5E-1));
#4992=LINE('',#4991,#4990);
#4993=DIRECTION('',(0.E0,1.E0,0.E0));
#4994=VECTOR('',#4993,2.6E-2);
#4995=CARTESIAN_POINT('',(1.725E0,2.6E-1,-3.5E-1));
#4996=LINE('',#4995,#4994);
#4997=DIRECTION('',(1.E0,0.E0,0.E0));
#4998=VECTOR('',#4997,5.E-2);
#4999=CARTESIAN_POINT('',(1.675E0,2.6E-1,-3.5E-1));
#5000=LINE('',#4999,#4998);
#5001=DIRECTION('',(0.E0,1.E0,0.E0));
#5002=VECTOR('',#5001,4.E-1);
#5003=CARTESIAN_POINT('',(1.925E0,0.E0,-3.5E-1));
#5004=LINE('',#5003,#5002);
#5005=DIRECTION('',(-1.E0,0.E0,0.E0));
#5006=VECTOR('',#5005,1.6E-1);
#5007=CARTESIAN_POINT('',(1.925E0,4.E-1,-3.5E-1));
#5008=LINE('',#5007,#5006);
#5009=DIRECTION('',(0.E0,0.E0,1.E0));
#5010=VECTOR('',#5009,7.E-1);
#5011=CARTESIAN_POINT('',(1.725E0,2.86E-1,-3.5E-1));
#5012=LINE('',#5011,#5010);
#5013=DIRECTION('',(0.E0,0.E0,-1.E0));
#5014=VECTOR('',#5013,7.E-1);
#5015=CARTESIAN_POINT('',(1.725E0,2.6E-1,3.5E-1));
#5016=LINE('',#5015,#5014);
#5017=DIRECTION('',(-1.E0,0.E0,0.E0));
#5018=VECTOR('',#5017,1.6E-1);
#5019=CARTESIAN_POINT('',(1.925E0,4.E-1,3.5E-1));
#5020=LINE('',#5019,#5018);
#5021=DIRECTION('',(0.E0,1.E0,0.E0));
#5022=VECTOR('',#5021,2.6E-1);
#5023=CARTESIAN_POINT('',(1.675E0,0.E0,3.5E-1));
#5024=LINE('',#5023,#5022);
#5025=DIRECTION('',(1.E0,0.E0,0.E0));
#5026=VECTOR('',#5025,5.E-2);
#5027=CARTESIAN_POINT('',(1.675E0,2.6E-1,3.5E-1));
#5028=LINE('',#5027,#5026);
#5029=DIRECTION('',(0.E0,1.E0,0.E0));
#5030=VECTOR('',#5029,2.6E-2);
#5031=CARTESIAN_POINT('',(1.725E0,2.6E-1,3.5E-1));
#5032=LINE('',#5031,#5030);
#5033=DIRECTION('',(1.E0,0.E0,0.E0));
#5034=VECTOR('',#5033,4.E-2);
#5035=CARTESIAN_POINT('',(1.725E0,2.86E-1,3.5E-1));
#5036=LINE('',#5035,#5034);
#5037=DIRECTION('',(0.E0,0.E0,1.E0));
#5038=VECTOR('',#5037,7.E-1);
#5039=CARTESIAN_POINT('',(1.765E0,4.E-1,-3.5E-1));
#5040=LINE('',#5039,#5038);
#5041=DIRECTION('',(0.E0,0.E0,-1.E0));
#5042=VECTOR('',#5041,7.E-1);
#5043=CARTESIAN_POINT('',(1.925E0,4.E-1,3.5E-1));
#5044=LINE('',#5043,#5042);
#5045=DIRECTION('',(0.E0,1.E0,0.E0));
#5046=VECTOR('',#5045,4.E-1);
#5047=CARTESIAN_POINT('',(1.925E0,0.E0,3.5E-1));
#5048=LINE('',#5047,#5046);
#5049=DIRECTION('',(0.E0,0.E0,-1.E0));
#5050=VECTOR('',#5049,7.E-1);
#5051=CARTESIAN_POINT('',(1.675E0,2.6E-1,3.5E-1));
#5052=LINE('',#5051,#5050);
#5053=DIRECTION('',(0.E0,0.E0,1.E0));
#5054=VECTOR('',#5053,9.E-2);
#5055=CARTESIAN_POINT('',(1.38E0,2.5E-1,8.8E-1));
#5056=LINE('',#5055,#5054);
#5057=DIRECTION('',(0.E0,0.E0,1.E0));
#5058=VECTOR('',#5057,9.E-2);
#5059=CARTESIAN_POINT('',(1.19E0,6.E-2,8.8E-1));
#5060=LINE('',#5059,#5058);
#5061=DIRECTION('',(0.E0,0.E0,-1.E0));
#5062=VECTOR('',#5061,9.E-2);
#5063=CARTESIAN_POINT('',(1.19E0,6.E-2,-8.8E-1));
#5064=LINE('',#5063,#5062);
#5065=DIRECTION('',(0.E0,0.E0,1.E0));
#5066=VECTOR('',#5065,2.25E-1);
#5067=CARTESIAN_POINT('',(1.805E0,-2.E-2,-5.95E-1));
#5068=LINE('',#5067,#5066);
#5069=DIRECTION('',(0.E0,0.E0,1.E0));
#5070=VECTOR('',#5069,2.25E-1);
#5071=CARTESIAN_POINT('',(1.845E0,-2.E-2,-5.95E-1));
#5072=LINE('',#5071,#5070);
#5073=DIRECTION('',(0.E0,0.E0,1.E0));
#5074=VECTOR('',#5073,2.25E-1);
#5075=CARTESIAN_POINT('',(1.865E0,0.E0,-5.95E-1));
#5076=LINE('',#5075,#5074);
#5077=DIRECTION('',(0.E0,0.E0,1.E0));
#5078=VECTOR('',#5077,2.25E-1);
#5079=CARTESIAN_POINT('',(1.905E0,0.E0,-5.95E-1));
#5080=LINE('',#5079,#5078);
#5081=DIRECTION('',(0.E0,0.E0,1.E0));
#5082=VECTOR('',#5081,2.25E-1);
#5083=CARTESIAN_POINT('',(1.905E0,6.E-2,-5.95E-1));
#5084=LINE('',#5083,#5082);
#5085=DIRECTION('',(0.E0,0.E0,1.E0));
#5086=VECTOR('',#5085,2.25E-1);
#5087=CARTESIAN_POINT('',(1.805E0,6.E-2,-5.95E-1));
#5088=LINE('',#5087,#5086);
#5089=DIRECTION('',(0.E0,0.E0,1.E0));
#5090=VECTOR('',#5089,2.25E-1);
#5091=CARTESIAN_POINT('',(1.765E0,1.E-1,-5.95E-1));
#5092=LINE('',#5091,#5090);
#5093=DIRECTION('',(0.E0,0.E0,1.E0));
#5094=VECTOR('',#5093,9.E-2);
#5095=CARTESIAN_POINT('',(-1.101299423149E0,2.4E-1,8.8E-1));
#5096=LINE('',#5095,#5094);
#5097=CARTESIAN_POINT('',(-1.925E0,0.E0,-8.E-1));
#5098=CARTESIAN_POINT('',(-1.925E0,0.E0,-6.15E-1));
#5099=VERTEX_POINT('',#5097);
#5100=VERTEX_POINT('',#5098);
#5101=CARTESIAN_POINT('',(-1.675E0,0.E0,-6.15E-1));
#5102=VERTEX_POINT('',#5101);
#5103=CARTESIAN_POINT('',(-1.675E0,0.E0,-3.5E-1));
#5104=VERTEX_POINT('',#5103);
#5105=CARTESIAN_POINT('',(-1.925E0,0.E0,-3.5E-1));
#5106=VERTEX_POINT('',#5105);
#5107=CARTESIAN_POINT('',(-1.925E0,0.E0,3.5E-1));
#5108=VERTEX_POINT('',#5107);
#5109=CARTESIAN_POINT('',(-1.675E0,0.E0,3.5E-1));
#5110=VERTEX_POINT('',#5109);
#5111=CARTESIAN_POINT('',(-1.675E0,0.E0,6.15E-1));
#5112=VERTEX_POINT('',#5111);
#5113=CARTESIAN_POINT('',(-1.925E0,0.E0,6.15E-1));
#5114=VERTEX_POINT('',#5113);
#5115=CARTESIAN_POINT('',(-1.925E0,0.E0,8.E-1));
#5116=VERTEX_POINT('',#5115);
#5117=CARTESIAN_POINT('',(-1.725E0,0.E0,1.E0));
#5118=VERTEX_POINT('',#5117);
#5119=CARTESIAN_POINT('',(-1.41E0,0.E0,1.E0));
#5120=VERTEX_POINT('',#5119);
#5121=CARTESIAN_POINT('',(-1.41E0,0.E0,8.8E-1));
#5122=VERTEX_POINT('',#5121);
#5123=CARTESIAN_POINT('',(1.41E0,0.E0,8.8E-1));
#5124=CARTESIAN_POINT('',(1.41E0,0.E0,1.E0));
#5125=VERTEX_POINT('',#5123);
#5126=VERTEX_POINT('',#5124);
#5127=CARTESIAN_POINT('',(1.725E0,0.E0,1.E0));
#5128=VERTEX_POINT('',#5127);
#5129=CARTESIAN_POINT('',(1.925E0,0.E0,8.E-1));
#5130=VERTEX_POINT('',#5129);
#5131=CARTESIAN_POINT('',(1.925E0,0.E0,6.15E-1));
#5132=VERTEX_POINT('',#5131);
#5133=CARTESIAN_POINT('',(1.675E0,0.E0,6.15E-1));
#5134=VERTEX_POINT('',#5133);
#5135=CARTESIAN_POINT('',(1.675E0,0.E0,3.5E-1));
#5136=VERTEX_POINT('',#5135);
#5137=CARTESIAN_POINT('',(1.925E0,0.E0,3.5E-1));
#5138=VERTEX_POINT('',#5137);
#5139=CARTESIAN_POINT('',(1.925E0,0.E0,-3.5E-1));
#5140=VERTEX_POINT('',#5139);
#5141=CARTESIAN_POINT('',(1.675E0,0.E0,-3.5E-1));
#5142=VERTEX_POINT('',#5141);
#5143=CARTESIAN_POINT('',(1.675E0,0.E0,-6.15E-1));
#5144=VERTEX_POINT('',#5143);
#5145=CARTESIAN_POINT('',(1.925E0,0.E0,-6.15E-1));
#5146=VERTEX_POINT('',#5145);
#5147=CARTESIAN_POINT('',(1.925E0,0.E0,-8.E-1));
#5148=VERTEX_POINT('',#5147);
#5149=CARTESIAN_POINT('',(1.725E0,0.E0,-1.E0));
#5150=VERTEX_POINT('',#5149);
#5151=CARTESIAN_POINT('',(1.41E0,0.E0,-1.E0));
#5152=VERTEX_POINT('',#5151);
#5153=CARTESIAN_POINT('',(1.41E0,0.E0,-8.8E-1));
#5154=VERTEX_POINT('',#5153);
#5155=CARTESIAN_POINT('',(-1.41E0,0.E0,-8.8E-1));
#5156=CARTESIAN_POINT('',(-1.41E0,0.E0,-1.E0));
#5157=VERTEX_POINT('',#5155);
#5158=VERTEX_POINT('',#5156);
#5159=CARTESIAN_POINT('',(-1.725E0,0.E0,-1.E0));
#5160=VERTEX_POINT('',#5159);
#5161=CARTESIAN_POINT('',(-7.65E-1,4.6E-1,1.E0));
#5162=CARTESIAN_POINT('',(7.65E-1,4.6E-1,1.E0));
#5163=VERTEX_POINT('',#5161);
#5164=VERTEX_POINT('',#5162);
#5165=CARTESIAN_POINT('',(7.65E-1,4.6E-1,-1.E0));
#5166=CARTESIAN_POINT('',(-7.65E-1,4.6E-1,-1.E0));
#5167=VERTEX_POINT('',#5165);
#5168=VERTEX_POINT('',#5166);
#5169=CARTESIAN_POINT('',(-1.675E0,2.6E-1,-3.5E-1));
#5170=CARTESIAN_POINT('',(-1.725E0,2.6E-1,-3.5E-1));
#5171=VERTEX_POINT('',#5169);
#5172=VERTEX_POINT('',#5170);
#5173=CARTESIAN_POINT('',(-1.925E0,4.E-1,-3.5E-1));
#5174=CARTESIAN_POINT('',(-1.925E0,4.E-1,3.5E-1));
#5175=VERTEX_POINT('',#5173);
#5176=VERTEX_POINT('',#5174);
#5177=CARTESIAN_POINT('',(-1.675E0,2.6E-1,3.5E-1));
#5178=CARTESIAN_POINT('',(-1.725E0,2.6E-1,3.5E-1));
#5179=VERTEX_POINT('',#5177);
#5180=VERTEX_POINT('',#5178);
#5181=CARTESIAN_POINT('',(-1.02E0,4.4E-1,8.8E-1));
#5182=CARTESIAN_POINT('',(-1.02E0,3.4E-1,8.8E-1));
#5183=VERTEX_POINT('',#5181);
#5184=VERTEX_POINT('',#5182);
#5185=CARTESIAN_POINT('',(1.02E0,3.4E-1,8.8E-1));
#5186=CARTESIAN_POINT('',(1.02E0,4.4E-1,8.8E-1));
#5187=VERTEX_POINT('',#5185);
#5188=VERTEX_POINT('',#5186);
#5189=CARTESIAN_POINT('',(1.675E0,2.6E-1,3.5E-1));
#5190=CARTESIAN_POINT('',(1.725E0,2.6E-1,3.5E-1));
#5191=VERTEX_POINT('',#5189);
#5192=VERTEX_POINT('',#5190);
#5193=CARTESIAN_POINT('',(1.925E0,4.E-1,3.5E-1));
#5194=CARTESIAN_POINT('',(1.925E0,4.E-1,-3.5E-1));
#5195=VERTEX_POINT('',#5193);
#5196=VERTEX_POINT('',#5194);
#5197=CARTESIAN_POINT('',(1.675E0,2.6E-1,-3.5E-1));
#5198=CARTESIAN_POINT('',(1.725E0,2.6E-1,-3.5E-1));
#5199=VERTEX_POINT('',#5197);
#5200=VERTEX_POINT('',#5198);
#5201=CARTESIAN_POINT('',(1.02E0,3.4E-1,-8.8E-1));
#5202=CARTESIAN_POINT('',(1.02E0,4.4E-1,-8.8E-1));
#5203=VERTEX_POINT('',#5201);
#5204=VERTEX_POINT('',#5202);
#5205=CARTESIAN_POINT('',(-1.02E0,4.4E-1,-8.8E-1));
#5206=CARTESIAN_POINT('',(-1.02E0,3.4E-1,-8.8E-1));
#5207=VERTEX_POINT('',#5205);
#5208=VERTEX_POINT('',#5206);
#5209=CARTESIAN_POINT('',(-1.925E0,2.2E-1,-8.E-1));
#5210=CARTESIAN_POINT('',(-1.925E0,2.2E-1,-6.15E-1));
#5211=VERTEX_POINT('',#5209);
#5212=VERTEX_POINT('',#5210);
#5213=CARTESIAN_POINT('',(-1.675E0,2.2E-1,-6.15E-1));
#5214=VERTEX_POINT('',#5213);
#5215=CARTESIAN_POINT('',(-1.675E0,2.2E-1,6.15E-1));
#5216=CARTESIAN_POINT('',(-1.925E0,2.2E-1,6.15E-1));
#5217=VERTEX_POINT('',#5215);
#5218=VERTEX_POINT('',#5216);
#5219=CARTESIAN_POINT('',(-1.925E0,2.2E-1,8.E-1));
#5220=VERTEX_POINT('',#5219);
#5221=CARTESIAN_POINT('',(-1.725E0,2.2E-1,1.E0));
#5222=VERTEX_POINT('',#5221);
#5223=CARTESIAN_POINT('',(-1.41E0,2.2E-1,1.E0));
#5224=VERTEX_POINT('',#5223);
#5225=CARTESIAN_POINT('',(-1.41E0,2.2E-1,8.8E-1));
#5226=VERTEX_POINT('',#5225);
#5227=CARTESIAN_POINT('',(1.41E0,2.2E-1,8.8E-1));
#5228=CARTESIAN_POINT('',(1.41E0,2.2E-1,1.E0));
#5229=VERTEX_POINT('',#5227);
#5230=VERTEX_POINT('',#5228);
#5231=CARTESIAN_POINT('',(1.725E0,2.2E-1,1.E0));
#5232=VERTEX_POINT('',#5231);
#5233=CARTESIAN_POINT('',(1.925E0,2.2E-1,8.E-1));
#5234=VERTEX_POINT('',#5233);
#5235=CARTESIAN_POINT('',(1.925E0,2.2E-1,6.15E-1));
#5236=VERTEX_POINT('',#5235);
#5237=CARTESIAN_POINT('',(1.675E0,2.2E-1,6.15E-1));
#5238=VERTEX_POINT('',#5237);
#5239=CARTESIAN_POINT('',(1.675E0,2.2E-1,-6.15E-1));
#5240=CARTESIAN_POINT('',(1.925E0,2.2E-1,-6.15E-1));
#5241=VERTEX_POINT('',#5239);
#5242=VERTEX_POINT('',#5240);
#5243=CARTESIAN_POINT('',(1.925E0,2.2E-1,-8.E-1));
#5244=VERTEX_POINT('',#5243);
#5245=CARTESIAN_POINT('',(1.725E0,2.2E-1,-1.E0));
#5246=VERTEX_POINT('',#5245);
#5247=CARTESIAN_POINT('',(1.41E0,2.2E-1,-1.E0));
#5248=VERTEX_POINT('',#5247);
#5249=CARTESIAN_POINT('',(1.41E0,2.2E-1,-8.8E-1));
#5250=VERTEX_POINT('',#5249);
#5251=CARTESIAN_POINT('',(-1.41E0,2.2E-1,-8.8E-1));
#5252=CARTESIAN_POINT('',(-1.41E0,2.2E-1,-1.E0));
#5253=VERTEX_POINT('',#5251);
#5254=VERTEX_POINT('',#5252);
#5255=CARTESIAN_POINT('',(-1.725E0,2.2E-1,-1.E0));
#5256=VERTEX_POINT('',#5255);
#5257=CARTESIAN_POINT('',(-1.675E0,2.2E-1,-8.8E-1));
#5258=VERTEX_POINT('',#5257);
#5259=CARTESIAN_POINT('',(1.675E0,2.2E-1,-8.8E-1));
#5260=VERTEX_POINT('',#5259);
#5261=CARTESIAN_POINT('',(-1.675E0,2.2E-1,8.8E-1));
#5262=VERTEX_POINT('',#5261);
#5263=CARTESIAN_POINT('',(1.675E0,2.2E-1,8.8E-1));
#5264=VERTEX_POINT('',#5263);
#5265=CARTESIAN_POINT('',(-1.47E0,1.E-1,6.2E-1));
#5266=CARTESIAN_POINT('',(-9.85E-1,1.E-1,6.2E-1));
#5267=VERTEX_POINT('',#5265);
#5268=VERTEX_POINT('',#5266);
#5269=CARTESIAN_POINT('',(-9.85E-1,1.E-1,7.1E-1));
#5270=VERTEX_POINT('',#5269);
#5271=CARTESIAN_POINT('',(-7.65E-1,1.E-1,7.1E-1));
#5272=VERTEX_POINT('',#5271);
#5273=CARTESIAN_POINT('',(-7.65E-1,1.E-1,6.4E-1));
#5274=VERTEX_POINT('',#5273);
#5275=CARTESIAN_POINT('',(7.65E-1,1.E-1,6.4E-1));
#5276=VERTEX_POINT('',#5275);
#5277=CARTESIAN_POINT('',(7.65E-1,1.E-1,7.1E-1));
#5278=VERTEX_POINT('',#5277);
#5279=CARTESIAN_POINT('',(9.85E-1,1.E-1,7.1E-1));
#5280=VERTEX_POINT('',#5279);
#5281=CARTESIAN_POINT('',(9.85E-1,1.E-1,6.2E-1));
#5282=VERTEX_POINT('',#5281);
#5283=CARTESIAN_POINT('',(1.47E0,1.E-1,6.2E-1));
#5284=VERTEX_POINT('',#5283);
#5285=CARTESIAN_POINT('',(1.47E0,1.E-1,-6.2E-1));
#5286=CARTESIAN_POINT('',(9.85E-1,1.E-1,-6.2E-1));
#5287=VERTEX_POINT('',#5285);
#5288=VERTEX_POINT('',#5286);
#5289=CARTESIAN_POINT('',(9.85E-1,1.E-1,-7.1E-1));
#5290=VERTEX_POINT('',#5289);
#5291=CARTESIAN_POINT('',(7.65E-1,1.E-1,-7.1E-1));
#5292=VERTEX_POINT('',#5291);
#5293=CARTESIAN_POINT('',(7.65E-1,1.E-1,-6.4E-1));
#5294=VERTEX_POINT('',#5293);
#5295=CARTESIAN_POINT('',(-7.65E-1,1.E-1,-6.4E-1));
#5296=VERTEX_POINT('',#5295);
#5297=CARTESIAN_POINT('',(-7.65E-1,1.E-1,-7.1E-1));
#5298=VERTEX_POINT('',#5297);
#5299=CARTESIAN_POINT('',(-9.85E-1,1.E-1,-7.1E-1));
#5300=VERTEX_POINT('',#5299);
#5301=CARTESIAN_POINT('',(-9.85E-1,1.E-1,-6.2E-1));
#5302=VERTEX_POINT('',#5301);
#5303=CARTESIAN_POINT('',(-1.47E0,1.E-1,-6.2E-1));
#5304=VERTEX_POINT('',#5303);
#5305=CARTESIAN_POINT('',(-7.65E-1,4.6E-1,6.4E-1));
#5306=CARTESIAN_POINT('',(7.65E-1,4.6E-1,6.4E-1));
#5307=VERTEX_POINT('',#5305);
#5308=VERTEX_POINT('',#5306);
#5309=CARTESIAN_POINT('',(-7.65E-1,4.6E-1,-6.4E-1));
#5310=CARTESIAN_POINT('',(7.65E-1,4.6E-1,-6.4E-1));
#5311=VERTEX_POINT('',#5309);
#5312=VERTEX_POINT('',#5310);
#5313=CARTESIAN_POINT('',(-7.65E-1,3.4E-1,8.8E-1));
#5314=CARTESIAN_POINT('',(-7.65E-1,3.4E-1,7.1E-1));
#5315=VERTEX_POINT('',#5313);
#5316=VERTEX_POINT('',#5314);
#5317=CARTESIAN_POINT('',(-7.65E-1,3.4E-1,-7.1E-1));
#5318=CARTESIAN_POINT('',(-7.65E-1,3.4E-1,-8.8E-1));
#5319=VERTEX_POINT('',#5317);
#5320=VERTEX_POINT('',#5318);
#5321=CARTESIAN_POINT('',(7.65E-1,3.4E-1,8.8E-1));
#5322=CARTESIAN_POINT('',(7.65E-1,3.4E-1,7.1E-1));
#5323=VERTEX_POINT('',#5321);
#5324=VERTEX_POINT('',#5322);
#5325=CARTESIAN_POINT('',(7.65E-1,3.4E-1,-7.1E-1));
#5326=CARTESIAN_POINT('',(7.65E-1,3.4E-1,-8.8E-1));
#5327=VERTEX_POINT('',#5325);
#5328=VERTEX_POINT('',#5326);
#5329=CARTESIAN_POINT('',(9.75E-1,2.65E-1,-3.4E-1));
#5330=CARTESIAN_POINT('',(7.5E-1,4.6E-1,-3.4E-1));
#5331=VERTEX_POINT('',#5329);
#5332=VERTEX_POINT('',#5330);
#5333=CARTESIAN_POINT('',(-7.5E-1,4.6E-1,-3.4E-1));
#5334=VERTEX_POINT('',#5333);
#5335=CARTESIAN_POINT('',(-9.75E-1,2.65E-1,-3.4E-1));
#5336=VERTEX_POINT('',#5335);
#5337=CARTESIAN_POINT('',(9.75E-1,2.65E-1,3.4E-1));
#5338=CARTESIAN_POINT('',(7.5E-1,4.6E-1,3.4E-1));
#5339=VERTEX_POINT('',#5337);
#5340=VERTEX_POINT('',#5338);
#5341=CARTESIAN_POINT('',(-7.5E-1,4.6E-1,3.4E-1));
#5342=VERTEX_POINT('',#5341);
#5343=CARTESIAN_POINT('',(-9.75E-1,2.65E-1,3.4E-1));
#5344=VERTEX_POINT('',#5343);
#5345=CARTESIAN_POINT('',(-9.75E-1,1.E-1,-3.4E-1));
#5346=CARTESIAN_POINT('',(9.75E-1,1.E-1,-3.4E-1));
#5347=VERTEX_POINT('',#5345);
#5348=VERTEX_POINT('',#5346);
#5349=CARTESIAN_POINT('',(-9.75E-1,1.E-1,3.4E-1));
#5350=CARTESIAN_POINT('',(9.75E-1,1.E-1,3.4E-1));
#5351=VERTEX_POINT('',#5349);
#5352=VERTEX_POINT('',#5350);
#5353=CARTESIAN_POINT('',(-1.02E0,2.8E-1,-7.1E-1));
#5354=CARTESIAN_POINT('',(-1.02E0,2.8E-1,-7.4E-1));
#5355=VERTEX_POINT('',#5353);
#5356=VERTEX_POINT('',#5354);
#5357=CARTESIAN_POINT('',(-1.47E0,2.8E-1,-7.4E-1));
#5358=VERTEX_POINT('',#5357);
#5359=CARTESIAN_POINT('',(-1.47E0,2.8E-1,7.4E-1));
#5360=CARTESIAN_POINT('',(-1.02E0,2.8E-1,7.4E-1));
#5361=VERTEX_POINT('',#5359);
#5362=VERTEX_POINT('',#5360);
#5363=CARTESIAN_POINT('',(-1.02E0,4.4E-1,-7.4E-1));
#5364=CARTESIAN_POINT('',(-1.02E0,3.4E-1,-7.4E-1));
#5365=VERTEX_POINT('',#5363);
#5366=VERTEX_POINT('',#5364);
#5367=CARTESIAN_POINT('',(-1.02E0,4.4E-1,7.4E-1));
#5368=CARTESIAN_POINT('',(-1.02E0,3.4E-1,7.4E-1));
#5369=VERTEX_POINT('',#5367);
#5370=VERTEX_POINT('',#5368);
#5371=CARTESIAN_POINT('',(-1.02E0,3.4E-1,-7.1E-1));
#5372=VERTEX_POINT('',#5371);
#5373=CARTESIAN_POINT('',(-1.47E0,2.8E-1,6.2E-1));
#5374=CARTESIAN_POINT('',(-9.85E-1,2.8E-1,6.2E-1));
#5375=VERTEX_POINT('',#5373);
#5376=VERTEX_POINT('',#5374);
#5377=CARTESIAN_POINT('',(-9.85E-1,2.8E-1,-6.2E-1));
#5378=CARTESIAN_POINT('',(-1.47E0,2.8E-1,-6.2E-1));
#5379=VERTEX_POINT('',#5377);
#5380=VERTEX_POINT('',#5378);
#5381=CARTESIAN_POINT('',(-9.85E-1,2.8E-1,7.1E-1));
#5382=VERTEX_POINT('',#5381);
#5383=CARTESIAN_POINT('',(-9.85E-1,2.8E-1,-7.1E-1));
#5384=VERTEX_POINT('',#5383);
#5385=CARTESIAN_POINT('',(-1.47E0,4.4E-1,-7.4E-1));
#5386=VERTEX_POINT('',#5385);
#5387=CARTESIAN_POINT('',(-1.47E0,4.4E-1,7.4E-1));
#5388=VERTEX_POINT('',#5387);
#5389=CARTESIAN_POINT('',(-1.02E0,2.8E-1,7.1E-1));
#5390=VERTEX_POINT('',#5389);
#5391=CARTESIAN_POINT('',(1.47E0,2.8E-1,-7.4E-1));
#5392=CARTESIAN_POINT('',(1.02E0,2.8E-1,-7.4E-1));
#5393=VERTEX_POINT('',#5391);
#5394=VERTEX_POINT('',#5392);
#5395=CARTESIAN_POINT('',(1.02E0,2.8E-1,-7.1E-1));
#5396=VERTEX_POINT('',#5395);
#5397=CARTESIAN_POINT('',(1.02E0,2.8E-1,7.1E-1));
#5398=CARTESIAN_POINT('',(1.02E0,2.8E-1,7.4E-1));
#5399=VERTEX_POINT('',#5397);
#5400=VERTEX_POINT('',#5398);
#5401=CARTESIAN_POINT('',(1.47E0,2.8E-1,7.4E-1));
#5402=VERTEX_POINT('',#5401);
#5403=CARTESIAN_POINT('',(-1.02E0,3.4E-1,7.1E-1));
#5404=VERTEX_POINT('',#5403);
#5405=CARTESIAN_POINT('',(1.02E0,3.4E-1,-7.4E-1));
#5406=CARTESIAN_POINT('',(1.02E0,3.4E-1,-7.1E-1));
#5407=VERTEX_POINT('',#5405);
#5408=VERTEX_POINT('',#5406);
#5409=CARTESIAN_POINT('',(1.02E0,3.4E-1,7.1E-1));
#5410=CARTESIAN_POINT('',(1.02E0,3.4E-1,7.4E-1));
#5411=VERTEX_POINT('',#5409);
#5412=VERTEX_POINT('',#5410);
#5413=CARTESIAN_POINT('',(1.02E0,4.4E-1,-7.4E-1));
#5414=VERTEX_POINT('',#5413);
#5415=CARTESIAN_POINT('',(1.02E0,4.4E-1,7.4E-1));
#5416=VERTEX_POINT('',#5415);
#5417=CARTESIAN_POINT('',(9.85E-1,2.8E-1,7.1E-1));
#5418=CARTESIAN_POINT('',(9.85E-1,2.8E-1,6.2E-1));
#5419=VERTEX_POINT('',#5417);
#5420=VERTEX_POINT('',#5418);
#5421=CARTESIAN_POINT('',(1.47E0,2.8E-1,6.2E-1));
#5422=VERTEX_POINT('',#5421);
#5423=CARTESIAN_POINT('',(1.47E0,2.8E-1,-6.2E-1));
#5424=CARTESIAN_POINT('',(9.85E-1,2.8E-1,-6.2E-1));
#5425=VERTEX_POINT('',#5423);
#5426=VERTEX_POINT('',#5424);
#5427=CARTESIAN_POINT('',(9.85E-1,2.8E-1,-7.1E-1));
#5428=VERTEX_POINT('',#5427);
#5429=CARTESIAN_POINT('',(1.47E0,4.4E-1,-7.4E-1));
#5430=VERTEX_POINT('',#5429);
#5431=CARTESIAN_POINT('',(1.47E0,4.4E-1,7.4E-1));
#5432=VERTEX_POINT('',#5431);
#5433=CARTESIAN_POINT('',(-1.365E0,2.85E-1,1.9E-1));
#5434=CARTESIAN_POINT('',(-1.365E0,2.85E-1,-1.9E-1));
#5435=VERTEX_POINT('',#5433);
#5436=VERTEX_POINT('',#5434);
#5437=CARTESIAN_POINT('',(1.365E0,2.85E-1,-1.9E-1));
#5438=CARTESIAN_POINT('',(1.365E0,2.85E-1,1.9E-1));
#5439=VERTEX_POINT('',#5437);
#5440=VERTEX_POINT('',#5438);
#5441=CARTESIAN_POINT('',(-1.365E0,1.E-1,1.9E-1));
#5442=CARTESIAN_POINT('',(-1.365E0,1.E-1,-1.9E-1));
#5443=VERTEX_POINT('',#5441);
#5444=VERTEX_POINT('',#5442);
#5445=CARTESIAN_POINT('',(1.365E0,1.E-1,-1.9E-1));
#5446=CARTESIAN_POINT('',(1.365E0,1.E-1,1.9E-1));
#5447=VERTEX_POINT('',#5445);
#5448=VERTEX_POINT('',#5446);
#5449=CARTESIAN_POINT('',(-7.E-1,1.E-1,8.8E-1));
#5450=CARTESIAN_POINT('',(-7.E-1,1.E-1,7.55E-1));
#5451=VERTEX_POINT('',#5449);
#5452=VERTEX_POINT('',#5450);
#5453=CARTESIAN_POINT('',(7.E-1,1.E-1,7.55E-1));
#5454=VERTEX_POINT('',#5453);
#5455=CARTESIAN_POINT('',(7.E-1,1.E-1,8.8E-1));
#5456=VERTEX_POINT('',#5455);
#5457=CARTESIAN_POINT('',(7.E-1,1.E-1,-8.8E-1));
#5458=CARTESIAN_POINT('',(7.E-1,1.E-1,-7.55E-1));
#5459=VERTEX_POINT('',#5457);
#5460=VERTEX_POINT('',#5458);
#5461=CARTESIAN_POINT('',(-7.E-1,1.E-1,-7.55E-1));
#5462=VERTEX_POINT('',#5461);
#5463=CARTESIAN_POINT('',(-7.E-1,1.E-1,-8.8E-1));
#5464=VERTEX_POINT('',#5463);
#5465=CARTESIAN_POINT('',(-7.E-1,0.E0,8.8E-1));
#5466=CARTESIAN_POINT('',(-7.E-1,0.E0,7.55E-1));
#5467=VERTEX_POINT('',#5465);
#5468=VERTEX_POINT('',#5466);
#5469=CARTESIAN_POINT('',(7.E-1,0.E0,7.55E-1));
#5470=VERTEX_POINT('',#5469);
#5471=CARTESIAN_POINT('',(7.E-1,0.E0,8.8E-1));
#5472=VERTEX_POINT('',#5471);
#5473=CARTESIAN_POINT('',(7.E-1,0.E0,-8.8E-1));
#5474=CARTESIAN_POINT('',(7.E-1,0.E0,-7.55E-1));
#5475=VERTEX_POINT('',#5473);
#5476=VERTEX_POINT('',#5474);
#5477=CARTESIAN_POINT('',(-7.E-1,0.E0,-7.55E-1));
#5478=VERTEX_POINT('',#5477);
#5479=CARTESIAN_POINT('',(-7.E-1,0.E0,-8.8E-1));
#5480=VERTEX_POINT('',#5479);
#5481=CARTESIAN_POINT('',(-7.65E-1,1.E-1,-1.E0));
#5482=CARTESIAN_POINT('',(-7.65E-1,1.E-1,-8.8E-1));
#5483=VERTEX_POINT('',#5481);
#5484=VERTEX_POINT('',#5482);
#5485=CARTESIAN_POINT('',(-7.65E-1,1.E-1,8.8E-1));
#5486=CARTESIAN_POINT('',(-7.65E-1,1.E-1,1.E0));
#5487=VERTEX_POINT('',#5485);
#5488=VERTEX_POINT('',#5486);
#5489=CARTESIAN_POINT('',(7.65E-1,1.E-1,1.E0));
#5490=VERTEX_POINT('',#5489);
#5491=CARTESIAN_POINT('',(7.65E-1,1.E-1,8.8E-1));
#5492=VERTEX_POINT('',#5491);
#5493=CARTESIAN_POINT('',(7.65E-1,1.E-1,-8.8E-1));
#5494=CARTESIAN_POINT('',(7.65E-1,1.E-1,-1.E0));
#5495=VERTEX_POINT('',#5493);
#5496=VERTEX_POINT('',#5494);
#5497=CARTESIAN_POINT('',(-6.15E-1,2.500631674418E-1,3.666466190670E-1));
#5498=CARTESIAN_POINT('',(-4.35E-1,2.500631674418E-1,3.666466190670E-1));
#5499=VERTEX_POINT('',#5497);
#5500=VERTEX_POINT('',#5498);
#5501=CARTESIAN_POINT('',(-6.15E-1,2.500631674418E-1,-3.666466190670E-1));
#5502=CARTESIAN_POINT('',(-4.35E-1,2.500631674418E-1,-3.666466190670E-1));
#5503=VERTEX_POINT('',#5501);
#5504=VERTEX_POINT('',#5502);
#5505=CARTESIAN_POINT('',(-6.15E-1,2.284802500505E-1,-3.4E-1));
#5506=CARTESIAN_POINT('',(-6.15E-1,4.048528137424E-1,-3.4E-1));
#5507=VERTEX_POINT('',#5505);
#5508=VERTEX_POINT('',#5506);
#5509=CARTESIAN_POINT('',(-4.35E-1,2.284802500505E-1,-3.4E-1));
#5510=CARTESIAN_POINT('',(-4.35E-1,4.048528137424E-1,-3.4E-1));
#5511=VERTEX_POINT('',#5509);
#5512=VERTEX_POINT('',#5510);
#5513=CARTESIAN_POINT('',(-6.15E-1,2.284802500505E-1,3.4E-1));
#5514=CARTESIAN_POINT('',(-6.15E-1,4.048528137424E-1,3.4E-1));
#5515=VERTEX_POINT('',#5513);
#5516=VERTEX_POINT('',#5514);
#5517=CARTESIAN_POINT('',(-4.35E-1,2.284802500505E-1,3.4E-1));
#5518=CARTESIAN_POINT('',(-4.35E-1,4.048528137424E-1,3.4E-1));
#5519=VERTEX_POINT('',#5517);
#5520=VERTEX_POINT('',#5518);
#5521=CARTESIAN_POINT('',(-6.15E-1,2.325320565519E-1,6.4E-1));
#5522=CARTESIAN_POINT('',(-6.15E-1,4.274679434481E-1,6.4E-1));
#5523=VERTEX_POINT('',#5521);
#5524=VERTEX_POINT('',#5522);
#5525=CARTESIAN_POINT('',(-6.15E-1,4.274679434481E-1,-6.4E-1));
#5526=CARTESIAN_POINT('',(-6.15E-1,2.325320565519E-1,-6.4E-1));
#5527=VERTEX_POINT('',#5525);
#5528=VERTEX_POINT('',#5526);
#5529=CARTESIAN_POINT('',(-4.35E-1,2.325320565519E-1,6.4E-1));
#5530=CARTESIAN_POINT('',(-4.35E-1,4.274679434481E-1,6.4E-1));
#5531=VERTEX_POINT('',#5529);
#5532=VERTEX_POINT('',#5530);
#5533=CARTESIAN_POINT('',(-4.35E-1,4.274679434481E-1,-6.4E-1));
#5534=CARTESIAN_POINT('',(-4.35E-1,2.325320565519E-1,-6.4E-1));
#5535=VERTEX_POINT('',#5533);
#5536=VERTEX_POINT('',#5534);
#5537=CARTESIAN_POINT('',(-5.75E-1,6.E-2,1.E0));
#5538=CARTESIAN_POINT('',(-5.75E-1,0.E0,1.E0));
#5539=VERTEX_POINT('',#5537);
#5540=VERTEX_POINT('',#5538);
#5541=CARTESIAN_POINT('',(-4.75E-1,6.E-2,1.E0));
#5542=CARTESIAN_POINT('',(-4.75E-1,0.E0,1.E0));
#5543=VERTEX_POINT('',#5541);
#5544=VERTEX_POINT('',#5542);
#5545=CARTESIAN_POINT('',(-5.75E-1,0.E0,9.8E-1));
#5546=VERTEX_POINT('',#5545);
#5547=CARTESIAN_POINT('',(-4.75E-1,0.E0,9.8E-1));
#5548=VERTEX_POINT('',#5547);
#5549=CARTESIAN_POINT('',(-5.75E-1,-2.E-2,9.E-1));
#5550=CARTESIAN_POINT('',(-5.75E-1,1.E-1,7.8E-1));
#5551=VERTEX_POINT('',#5549);
#5552=VERTEX_POINT('',#5550);
#5553=CARTESIAN_POINT('',(-4.75E-1,-2.E-2,9.E-1));
#5554=CARTESIAN_POINT('',(-4.75E-1,1.E-1,7.8E-1));
#5555=VERTEX_POINT('',#5553);
#5556=VERTEX_POINT('',#5554);
#5557=CARTESIAN_POINT('',(-5.75E-1,6.E-2,9.E-1));
#5558=CARTESIAN_POINT('',(-5.75E-1,1.E-1,8.6E-1));
#5559=VERTEX_POINT('',#5557);
#5560=VERTEX_POINT('',#5558);
#5561=CARTESIAN_POINT('',(-4.75E-1,6.E-2,9.E-1));
#5562=CARTESIAN_POINT('',(-4.75E-1,1.E-1,8.6E-1));
#5563=VERTEX_POINT('',#5561);
#5564=VERTEX_POINT('',#5562);
#5565=CARTESIAN_POINT('',(-5.75E-1,6.E-2,-1.E0));
#5566=CARTESIAN_POINT('',(-5.75E-1,6.E-2,-9.E-1));
#5567=VERTEX_POINT('',#5565);
#5568=VERTEX_POINT('',#5566);
#5569=CARTESIAN_POINT('',(-4.75E-1,6.E-2,-1.E0));
#5570=CARTESIAN_POINT('',(-4.75E-1,6.E-2,-9.E-1));
#5571=VERTEX_POINT('',#5569);
#5572=VERTEX_POINT('',#5570);
#5573=CARTESIAN_POINT('',(-5.75E-1,1.E-1,-8.6E-1));
#5574=VERTEX_POINT('',#5573);
#5575=CARTESIAN_POINT('',(-4.75E-1,1.E-1,-8.6E-1));
#5576=VERTEX_POINT('',#5575);
#5577=CARTESIAN_POINT('',(-5.75E-1,1.E-1,-7.8E-1));
#5578=CARTESIAN_POINT('',(-5.75E-1,-2.E-2,-9.E-1));
#5579=VERTEX_POINT('',#5577);
#5580=VERTEX_POINT('',#5578);
#5581=CARTESIAN_POINT('',(-4.75E-1,1.E-1,-7.8E-1));
#5582=CARTESIAN_POINT('',(-4.75E-1,-2.E-2,-9.E-1));
#5583=VERTEX_POINT('',#5581);
#5584=VERTEX_POINT('',#5582);
#5585=CARTESIAN_POINT('',(-5.75E-1,0.E0,-9.8E-1));
#5586=CARTESIAN_POINT('',(-5.75E-1,0.E0,-1.E0));
#5587=VERTEX_POINT('',#5585);
#5588=VERTEX_POINT('',#5586);
#5589=CARTESIAN_POINT('',(-4.75E-1,0.E0,-9.8E-1));
#5590=CARTESIAN_POINT('',(-4.75E-1,0.E0,-1.E0));
#5591=VERTEX_POINT('',#5589);
#5592=VERTEX_POINT('',#5590);
#5593=CARTESIAN_POINT('',(-5.75E-1,-2.E-2,9.6E-1));
#5594=VERTEX_POINT('',#5593);
#5595=CARTESIAN_POINT('',(-4.75E-1,-2.E-2,9.6E-1));
#5596=VERTEX_POINT('',#5595);
#5597=CARTESIAN_POINT('',(-5.75E-1,-2.E-2,-9.6E-1));
#5598=VERTEX_POINT('',#5597);
#5599=CARTESIAN_POINT('',(-4.75E-1,-2.E-2,-9.6E-1));
#5600=VERTEX_POINT('',#5599);
#5601=CARTESIAN_POINT('',(-1.675E0,2.5E-1,-5.95E-1));
#5602=CARTESIAN_POINT('',(-1.675E0,1.5E-1,-5.95E-1));
#5603=VERTEX_POINT('',#5601);
#5604=VERTEX_POINT('',#5602);
#5605=CARTESIAN_POINT('',(-1.675E0,1.5E-1,-3.7E-1));
#5606=VERTEX_POINT('',#5605);
#5607=CARTESIAN_POINT('',(-1.675E0,2.86E-1,-3.7E-1));
#5608=VERTEX_POINT('',#5607);
#5609=CARTESIAN_POINT('',(-1.675E0,2.86E-1,3.7E-1));
#5610=VERTEX_POINT('',#5609);
#5611=CARTESIAN_POINT('',(-1.675E0,1.5E-1,3.7E-1));
#5612=VERTEX_POINT('',#5611);
#5613=CARTESIAN_POINT('',(-1.675E0,1.5E-1,5.95E-1));
#5614=VERTEX_POINT('',#5613);
#5615=CARTESIAN_POINT('',(-1.675E0,2.5E-1,5.95E-1));
#5616=VERTEX_POINT('',#5615);
#5617=CARTESIAN_POINT('',(-1.765E0,2.5E-1,-5.95E-1));
#5618=VERTEX_POINT('',#5617);
#5619=CARTESIAN_POINT('',(-1.765E0,2.86E-1,-3.7E-1));
#5620=VERTEX_POINT('',#5619);
#5621=CARTESIAN_POINT('',(-1.765E0,2.86E-1,3.7E-1));
#5622=VERTEX_POINT('',#5621);
#5623=CARTESIAN_POINT('',(-1.765E0,2.5E-1,5.95E-1));
#5624=VERTEX_POINT('',#5623);
#5625=CARTESIAN_POINT('',(-1.256299423149E0,3.95E-1,-9.7E-1));
#5626=CARTESIAN_POINT('',(-1.101299423149E0,2.4E-1,-9.7E-1));
#5627=VERTEX_POINT('',#5625);
#5628=VERTEX_POINT('',#5626);
#5629=CARTESIAN_POINT('',(-9.8E-1,2.4E-1,-9.7E-1));
#5630=VERTEX_POINT('',#5629);
#5631=CARTESIAN_POINT('',(-8.05E-1,6.E-2,-9.7E-1));
#5632=CARTESIAN_POINT('',(-1.19E0,6.E-2,-9.7E-1));
#5633=VERTEX_POINT('',#5631);
#5634=VERTEX_POINT('',#5632);
#5635=CARTESIAN_POINT('',(-1.38E0,2.5E-1,-9.7E-1));
#5636=VERTEX_POINT('',#5635);
#5637=CARTESIAN_POINT('',(-8.05E-1,4.4E-1,-6.84E-1));
#5638=CARTESIAN_POINT('',(-8.05E-1,4.078508848718E-1,-6.150560001193E-1));
#5639=VERTEX_POINT('',#5637);
#5640=VERTEX_POINT('',#5638);
#5641=CARTESIAN_POINT('',(-8.05E-1,3.678508848718E-1,-5.814920148722E-1));
#5642=VERTEX_POINT('',#5641);
#5643=CARTESIAN_POINT('',(-8.05E-1,2.871766889762E-1,-5.633780083784E-1));
#5644=VERTEX_POINT('',#5643);
#5645=CARTESIAN_POINT('',(-8.05E-1,1.78E-1,-5.92E-1));
#5646=VERTEX_POINT('',#5645);
#5647=CARTESIAN_POINT('',(-9.8E-1,4.4E-1,-6.84E-1));
#5648=CARTESIAN_POINT('',(-9.8E-1,4.078508848718E-1,-6.150560001193E-1));
#5649=VERTEX_POINT('',#5647);
#5650=VERTEX_POINT('',#5648);
#5651=CARTESIAN_POINT('',(-9.8E-1,3.678508848718E-1,-5.814920148722E-1));
#5652=VERTEX_POINT('',#5651);
#5653=CARTESIAN_POINT('',(-9.8E-1,2.871766889762E-1,-5.633780083784E-1));
#5654=VERTEX_POINT('',#5653);
#5655=CARTESIAN_POINT('',(-9.8E-1,1.78E-1,-5.92E-1));
#5656=VERTEX_POINT('',#5655);
#5657=CARTESIAN_POINT('',(-8.05E-1,3.4E-1,-8.8E-1));
#5658=CARTESIAN_POINT('',(-8.05E-1,3.4E-1,-7.1E-1));
#5659=VERTEX_POINT('',#5657);
#5660=VERTEX_POINT('',#5658);
#5661=CARTESIAN_POINT('',(-9.8E-1,3.4E-1,-8.8E-1));
#5662=CARTESIAN_POINT('',(-9.8E-1,3.4E-1,-7.1E-1));
#5663=VERTEX_POINT('',#5661);
#5664=VERTEX_POINT('',#5662);
#5665=CARTESIAN_POINT('',(-8.05E-1,2.089351294954E-1,-7.1E-1));
#5666=VERTEX_POINT('',#5665);
#5667=CARTESIAN_POINT('',(-9.8E-1,2.089351294954E-1,-7.1E-1));
#5668=VERTEX_POINT('',#5667);
#5669=CARTESIAN_POINT('',(-1.385E0,4.537041696704E-1,-5.9E-1));
#5670=CARTESIAN_POINT('',(-1.385E0,4.537041696704E-1,5.9E-1));
#5671=VERTEX_POINT('',#5669);
#5672=VERTEX_POINT('',#5670);
#5673=CARTESIAN_POINT('',(-1.47E0,4.4E-1,-5.9E-1));
#5674=CARTESIAN_POINT('',(-1.47E0,1.E-1,-5.9E-1));
#5675=VERTEX_POINT('',#5673);
#5676=VERTEX_POINT('',#5674);
#5677=CARTESIAN_POINT('',(-1.385E0,1.E-1,-5.9E-1));
#5678=VERTEX_POINT('',#5677);
#5679=CARTESIAN_POINT('',(-1.385E0,1.E-1,5.9E-1));
#5680=VERTEX_POINT('',#5679);
#5681=CARTESIAN_POINT('',(-8.05E-1,1.78E-1,5.92E-1));
#5682=CARTESIAN_POINT('',(-8.05E-1,2.871766889762E-1,5.633780083784E-1));
#5683=VERTEX_POINT('',#5681);
#5684=VERTEX_POINT('',#5682);
#5685=CARTESIAN_POINT('',(-8.05E-1,3.678508848718E-1,5.814920148722E-1));
#5686=VERTEX_POINT('',#5685);
#5687=CARTESIAN_POINT('',(-8.05E-1,4.078508848718E-1,6.150560001193E-1));
#5688=VERTEX_POINT('',#5687);
#5689=CARTESIAN_POINT('',(-8.05E-1,4.4E-1,6.84E-1));
#5690=VERTEX_POINT('',#5689);
#5691=CARTESIAN_POINT('',(-9.8E-1,1.78E-1,5.92E-1));
#5692=CARTESIAN_POINT('',(-9.8E-1,2.871766889762E-1,5.633780083784E-1));
#5693=VERTEX_POINT('',#5691);
#5694=VERTEX_POINT('',#5692);
#5695=CARTESIAN_POINT('',(-9.8E-1,3.678508848718E-1,5.814920148722E-1));
#5696=VERTEX_POINT('',#5695);
#5697=CARTESIAN_POINT('',(-9.8E-1,4.078508848718E-1,6.150560001193E-1));
#5698=VERTEX_POINT('',#5697);
#5699=CARTESIAN_POINT('',(-9.8E-1,4.4E-1,6.84E-1));
#5700=VERTEX_POINT('',#5699);
#5701=CARTESIAN_POINT('',(-8.05E-1,3.4E-1,7.1E-1));
#5702=CARTESIAN_POINT('',(-8.05E-1,3.4E-1,8.8E-1));
#5703=VERTEX_POINT('',#5701);
#5704=VERTEX_POINT('',#5702);
#5705=CARTESIAN_POINT('',(-9.8E-1,3.4E-1,7.1E-1));
#5706=CARTESIAN_POINT('',(-9.8E-1,3.4E-1,8.8E-1));
#5707=VERTEX_POINT('',#5705);
#5708=VERTEX_POINT('',#5706);
#5709=CARTESIAN_POINT('',(-8.05E-1,2.089351294954E-1,7.1E-1));
#5710=VERTEX_POINT('',#5709);
#5711=CARTESIAN_POINT('',(-9.8E-1,2.089351294954E-1,7.1E-1));
#5712=VERTEX_POINT('',#5711);
#5713=CARTESIAN_POINT('',(1.38E0,2.5E-1,-9.7E-1));
#5714=CARTESIAN_POINT('',(1.19E0,6.E-2,-9.7E-1));
#5715=VERTEX_POINT('',#5713);
#5716=VERTEX_POINT('',#5714);
#5717=CARTESIAN_POINT('',(8.05E-1,6.E-2,-9.7E-1));
#5718=VERTEX_POINT('',#5717);
#5719=CARTESIAN_POINT('',(9.8E-1,2.4E-1,-9.7E-1));
#5720=CARTESIAN_POINT('',(1.101299423149E0,2.4E-1,-9.7E-1));
#5721=VERTEX_POINT('',#5719);
#5722=VERTEX_POINT('',#5720);
#5723=CARTESIAN_POINT('',(1.256299423149E0,3.95E-1,-9.7E-1));
#5724=VERTEX_POINT('',#5723);
#5725=CARTESIAN_POINT('',(1.38E0,2.5E-1,-8.8E-1));
#5726=CARTESIAN_POINT('',(1.19E0,6.E-2,-8.8E-1));
#5727=VERTEX_POINT('',#5725);
#5728=VERTEX_POINT('',#5726);
#5729=CARTESIAN_POINT('',(8.05E-1,6.E-2,-8.8E-1));
#5730=VERTEX_POINT('',#5729);
#5731=CARTESIAN_POINT('',(9.8E-1,2.4E-1,-8.8E-1));
#5732=CARTESIAN_POINT('',(1.101299423149E0,2.4E-1,-8.8E-1));
#5733=VERTEX_POINT('',#5731);
#5734=VERTEX_POINT('',#5732);
#5735=CARTESIAN_POINT('',(1.256299423149E0,3.95E-1,-8.8E-1));
#5736=VERTEX_POINT('',#5735);
#5737=CARTESIAN_POINT('',(-1.256299423149E0,3.95E-1,-8.8E-1));
#5738=CARTESIAN_POINT('',(-1.101299423149E0,2.4E-1,-8.8E-1));
#5739=VERTEX_POINT('',#5737);
#5740=VERTEX_POINT('',#5738);
#5741=CARTESIAN_POINT('',(-9.8E-1,2.4E-1,-8.8E-1));
#5742=VERTEX_POINT('',#5741);
#5743=CARTESIAN_POINT('',(-8.05E-1,6.E-2,-8.8E-1));
#5744=CARTESIAN_POINT('',(-1.19E0,6.E-2,-8.8E-1));
#5745=VERTEX_POINT('',#5743);
#5746=VERTEX_POINT('',#5744);
#5747=CARTESIAN_POINT('',(-1.38E0,2.5E-1,-8.8E-1));
#5748=VERTEX_POINT('',#5747);
#5749=CARTESIAN_POINT('',(-1.675E0,2.5E-1,-8.8E-1));
#5750=VERTEX_POINT('',#5749);
#5751=CARTESIAN_POINT('',(-1.356299423149E0,4.04E-1,-6.4E-1));
#5752=CARTESIAN_POINT('',(-1.356299423149E0,3.2E-1,-6.4E-1));
#5753=VERTEX_POINT('',#5751);
#5754=VERTEX_POINT('',#5752);
#5755=CARTESIAN_POINT('',(-1.056299423149E0,4.04E-1,-6.4E-1));
#5756=CARTESIAN_POINT('',(-1.056299423149E0,3.2E-1,-6.4E-1));
#5757=VERTEX_POINT('',#5755);
#5758=VERTEX_POINT('',#5756);
#5759=CARTESIAN_POINT('',(-1.056299423149E0,4.4E-1,-7.4E-1));
#5760=CARTESIAN_POINT('',(-1.056299423149E0,3.2E-1,-7.4E-1));
#5761=VERTEX_POINT('',#5759);
#5762=VERTEX_POINT('',#5760);
#5763=CARTESIAN_POINT('',(-1.170585137435E0,4.4E-1,-8.8E-1));
#5764=CARTESIAN_POINT('',(-1.056299423149E0,4.4E-1,-7.6E-1));
#5765=VERTEX_POINT('',#5763);
#5766=VERTEX_POINT('',#5764);
#5767=CARTESIAN_POINT('',(-1.056299423149E0,5.132901999899E-1,-7.6E-1));
#5768=VERTEX_POINT('',#5767);
#5769=CARTESIAN_POINT('',(-1.416299423149E0,3.2E-1,-7.4E-1));
#5770=CARTESIAN_POINT('',(-1.416299423149E0,4.4E-1,-7.4E-1));
#5771=VERTEX_POINT('',#5769);
#5772=VERTEX_POINT('',#5770);
#5773=CARTESIAN_POINT('',(-1.521299423149E0,4.4E-1,-8.8E-1));
#5774=VERTEX_POINT('',#5773);
#5775=CARTESIAN_POINT('',(-1.356299423149E0,4.222150333316E-1,-6.6E-1));
#5776=CARTESIAN_POINT('',(-1.356299423149E0,3.2E-1,-6.6E-1));
#5777=VERTEX_POINT('',#5775);
#5778=VERTEX_POINT('',#5776);
#5779=CARTESIAN_POINT('',(-1.077885634987E0,5.339328623168E-1,
7.826655224298E-1));
#5780=CARTESIAN_POINT('',(-1.056299423149E0,5.132901999899E-1,7.6E-1));
#5781=VERTEX_POINT('',#5779);
#5782=VERTEX_POINT('',#5780);
#5783=CARTESIAN_POINT('',(-1.056299423149E0,3.2E-1,6.4E-1));
#5784=CARTESIAN_POINT('',(-1.056299423149E0,4.04E-1,6.4E-1));
#5785=VERTEX_POINT('',#5783);
#5786=VERTEX_POINT('',#5784);
#5787=CARTESIAN_POINT('',(-1.056299423149E0,4.4E-1,7.4E-1));
#5788=CARTESIAN_POINT('',(-1.056299423149E0,3.2E-1,7.4E-1));
#5789=VERTEX_POINT('',#5787);
#5790=VERTEX_POINT('',#5788);
#5791=CARTESIAN_POINT('',(-1.056299423149E0,4.4E-1,7.6E-1));
#5792=CARTESIAN_POINT('',(-1.170585137435E0,4.4E-1,8.8E-1));
#5793=VERTEX_POINT('',#5791);
#5794=VERTEX_POINT('',#5792);
#5795=CARTESIAN_POINT('',(1.077885634987E0,5.339328623168E-1,
-7.826655224298E-1));
#5796=CARTESIAN_POINT('',(1.056299423149E0,5.132901999899E-1,-7.6E-1));
#5797=VERTEX_POINT('',#5795);
#5798=VERTEX_POINT('',#5796);
#5799=CARTESIAN_POINT('',(1.675E0,2.5E-1,-5.95E-1));
#5800=CARTESIAN_POINT('',(1.765E0,2.5E-1,-5.95E-1));
#5801=VERTEX_POINT('',#5799);
#5802=VERTEX_POINT('',#5800);
#5803=CARTESIAN_POINT('',(1.675E0,2.86E-1,-3.7E-1));
#5804=CARTESIAN_POINT('',(1.765E0,2.86E-1,-3.7E-1));
#5805=VERTEX_POINT('',#5803);
#5806=VERTEX_POINT('',#5804);
#5807=CARTESIAN_POINT('',(1.675E0,2.86E-1,3.7E-1));
#5808=CARTESIAN_POINT('',(1.765E0,2.86E-1,3.7E-1));
#5809=VERTEX_POINT('',#5807);
#5810=VERTEX_POINT('',#5808);
#5811=CARTESIAN_POINT('',(1.675E0,2.5E-1,5.95E-1));
#5812=CARTESIAN_POINT('',(1.765E0,2.5E-1,5.95E-1));
#5813=VERTEX_POINT('',#5811);
#5814=VERTEX_POINT('',#5812);
#5815=CARTESIAN_POINT('',(8.05E-1,4.4E-1,-6.84E-1));
#5816=CARTESIAN_POINT('',(8.05E-1,4.078508848718E-1,-6.150560001193E-1));
#5817=VERTEX_POINT('',#5815);
#5818=VERTEX_POINT('',#5816);
#5819=CARTESIAN_POINT('',(8.05E-1,3.678508848718E-1,-5.814920148722E-1));
#5820=VERTEX_POINT('',#5819);
#5821=CARTESIAN_POINT('',(8.05E-1,2.871766889762E-1,-5.633780083784E-1));
#5822=VERTEX_POINT('',#5821);
#5823=CARTESIAN_POINT('',(8.05E-1,1.78E-1,-5.92E-1));
#5824=VERTEX_POINT('',#5823);
#5825=CARTESIAN_POINT('',(9.8E-1,4.4E-1,-6.84E-1));
#5826=CARTESIAN_POINT('',(9.8E-1,4.078508848718E-1,-6.150560001193E-1));
#5827=VERTEX_POINT('',#5825);
#5828=VERTEX_POINT('',#5826);
#5829=CARTESIAN_POINT('',(9.8E-1,3.678508848718E-1,-5.814920148722E-1));
#5830=VERTEX_POINT('',#5829);
#5831=CARTESIAN_POINT('',(9.8E-1,2.871766889762E-1,-5.633780083784E-1));
#5832=VERTEX_POINT('',#5831);
#5833=CARTESIAN_POINT('',(9.8E-1,1.78E-1,-5.92E-1));
#5834=VERTEX_POINT('',#5833);
#5835=CARTESIAN_POINT('',(8.05E-1,2.089351294954E-1,-7.1E-1));
#5836=VERTEX_POINT('',#5835);
#5837=CARTESIAN_POINT('',(9.8E-1,2.089351294954E-1,-7.1E-1));
#5838=VERTEX_POINT('',#5837);
#5839=CARTESIAN_POINT('',(8.05E-1,1.78E-1,5.92E-1));
#5840=CARTESIAN_POINT('',(8.05E-1,2.871766889762E-1,5.633780083784E-1));
#5841=VERTEX_POINT('',#5839);
#5842=VERTEX_POINT('',#5840);
#5843=CARTESIAN_POINT('',(8.05E-1,3.678508848718E-1,5.814920148722E-1));
#5844=VERTEX_POINT('',#5843);
#5845=CARTESIAN_POINT('',(8.05E-1,4.078508848718E-1,6.150560001193E-1));
#5846=VERTEX_POINT('',#5845);
#5847=CARTESIAN_POINT('',(8.05E-1,4.4E-1,6.84E-1));
#5848=VERTEX_POINT('',#5847);
#5849=CARTESIAN_POINT('',(9.8E-1,1.78E-1,5.92E-1));
#5850=CARTESIAN_POINT('',(9.8E-1,2.871766889762E-1,5.633780083784E-1));
#5851=VERTEX_POINT('',#5849);
#5852=VERTEX_POINT('',#5850);
#5853=CARTESIAN_POINT('',(9.8E-1,3.678508848718E-1,5.814920148722E-1));
#5854=VERTEX_POINT('',#5853);
#5855=CARTESIAN_POINT('',(9.8E-1,4.078508848718E-1,6.150560001193E-1));
#5856=VERTEX_POINT('',#5855);
#5857=CARTESIAN_POINT('',(9.8E-1,4.4E-1,6.84E-1));
#5858=VERTEX_POINT('',#5857);
#5859=CARTESIAN_POINT('',(8.05E-1,2.089351294954E-1,7.1E-1));
#5860=VERTEX_POINT('',#5859);
#5861=CARTESIAN_POINT('',(9.8E-1,2.089351294954E-1,7.1E-1));
#5862=VERTEX_POINT('',#5861);
#5863=CARTESIAN_POINT('',(1.356299423149E0,4.04E-1,-6.4E-1));
#5864=CARTESIAN_POINT('',(1.356299423149E0,3.2E-1,-6.4E-1));
#5865=VERTEX_POINT('',#5863);
#5866=VERTEX_POINT('',#5864);
#5867=CARTESIAN_POINT('',(1.056299423149E0,4.04E-1,-6.4E-1));
#5868=CARTESIAN_POINT('',(1.056299423149E0,3.2E-1,-6.4E-1));
#5869=VERTEX_POINT('',#5867);
#5870=VERTEX_POINT('',#5868);
#5871=CARTESIAN_POINT('',(1.056299423149E0,3.2E-1,-7.4E-1));
#5872=VERTEX_POINT('',#5871);
#5873=CARTESIAN_POINT('',(1.056299423149E0,3.2E-1,6.4E-1));
#5874=CARTESIAN_POINT('',(1.056299423149E0,4.04E-1,6.4E-1));
#5875=VERTEX_POINT('',#5873);
#5876=VERTEX_POINT('',#5874);
#5877=CARTESIAN_POINT('',(1.056299423149E0,3.2E-1,7.4E-1));
#5878=VERTEX_POINT('',#5877);
#5879=CARTESIAN_POINT('',(1.675E0,2.5E-1,-8.8E-1));
#5880=VERTEX_POINT('',#5879);
#5881=CARTESIAN_POINT('',(1.675E0,1.5E-1,-5.95E-1));
#5882=VERTEX_POINT('',#5881);
#5883=CARTESIAN_POINT('',(1.675E0,1.5E-1,-3.7E-1));
#5884=VERTEX_POINT('',#5883);
#5885=CARTESIAN_POINT('',(1.675E0,1.5E-1,3.7E-1));
#5886=VERTEX_POINT('',#5885);
#5887=CARTESIAN_POINT('',(1.675E0,1.5E-1,5.95E-1));
#5888=VERTEX_POINT('',#5887);
#5889=CARTESIAN_POINT('',(8.05E-1,3.4E-1,-8.8E-1));
#5890=CARTESIAN_POINT('',(8.05E-1,3.4E-1,-7.1E-1));
#5891=VERTEX_POINT('',#5889);
#5892=VERTEX_POINT('',#5890);
#5893=CARTESIAN_POINT('',(8.05E-1,3.4E-1,7.1E-1));
#5894=CARTESIAN_POINT('',(8.05E-1,3.4E-1,8.8E-1));
#5895=VERTEX_POINT('',#5893);
#5896=VERTEX_POINT('',#5894);
#5897=CARTESIAN_POINT('',(9.8E-1,3.4E-1,-8.8E-1));
#5898=CARTESIAN_POINT('',(9.8E-1,3.4E-1,-7.1E-1));
#5899=VERTEX_POINT('',#5897);
#5900=VERTEX_POINT('',#5898);
#5901=CARTESIAN_POINT('',(9.8E-1,3.4E-1,7.1E-1));
#5902=CARTESIAN_POINT('',(9.8E-1,3.4E-1,8.8E-1));
#5903=VERTEX_POINT('',#5901);
#5904=VERTEX_POINT('',#5902);
#5905=CARTESIAN_POINT('',(1.385E0,4.537041696704E-1,-5.9E-1));
#5906=CARTESIAN_POINT('',(1.385E0,1.E-1,-5.9E-1));
#5907=VERTEX_POINT('',#5905);
#5908=VERTEX_POINT('',#5906);
#5909=CARTESIAN_POINT('',(1.47E0,1.E-1,-5.9E-1));
#5910=CARTESIAN_POINT('',(1.47E0,4.4E-1,-5.9E-1));
#5911=VERTEX_POINT('',#5909);
#5912=VERTEX_POINT('',#5910);
#5913=CARTESIAN_POINT('',(1.385E0,1.E-1,5.9E-1));
#5914=CARTESIAN_POINT('',(1.385E0,4.537041696704E-1,5.9E-1));
#5915=VERTEX_POINT('',#5913);
#5916=VERTEX_POINT('',#5914);
#5917=CARTESIAN_POINT('',(1.056299423149E0,4.4E-1,-7.4E-1));
#5918=VERTEX_POINT('',#5917);
#5919=CARTESIAN_POINT('',(1.056299423149E0,4.4E-1,7.4E-1));
#5920=VERTEX_POINT('',#5919);
#5921=CARTESIAN_POINT('',(-1.101299423149E0,2.4E-1,9.7E-1));
#5922=CARTESIAN_POINT('',(-9.8E-1,2.4E-1,9.7E-1));
#5923=VERTEX_POINT('',#5921);
#5924=VERTEX_POINT('',#5922);
#5925=CARTESIAN_POINT('',(-8.05E-1,6.E-2,9.7E-1));
#5926=CARTESIAN_POINT('',(-1.19E0,6.E-2,9.7E-1));
#5927=VERTEX_POINT('',#5925);
#5928=VERTEX_POINT('',#5926);
#5929=CARTESIAN_POINT('',(-1.38E0,2.5E-1,9.7E-1));
#5930=VERTEX_POINT('',#5929);
#5931=CARTESIAN_POINT('',(1.38E0,2.5E-1,9.7E-1));
#5932=CARTESIAN_POINT('',(1.19E0,6.E-2,9.7E-1));
#5933=VERTEX_POINT('',#5931);
#5934=VERTEX_POINT('',#5932);
#5935=CARTESIAN_POINT('',(8.05E-1,6.E-2,9.7E-1));
#5936=VERTEX_POINT('',#5935);
#5937=CARTESIAN_POINT('',(9.8E-1,2.4E-1,9.7E-1));
#5938=CARTESIAN_POINT('',(1.101299423149E0,2.4E-1,9.7E-1));
#5939=VERTEX_POINT('',#5937);
#5940=VERTEX_POINT('',#5938);
#5941=CARTESIAN_POINT('',(-1.101299423149E0,2.4E-1,8.8E-1));
#5942=VERTEX_POINT('',#5941);
#5943=CARTESIAN_POINT('',(-9.8E-1,2.4E-1,8.8E-1));
#5944=VERTEX_POINT('',#5943);
#5945=CARTESIAN_POINT('',(-8.05E-1,6.E-2,8.8E-1));
#5946=VERTEX_POINT('',#5945);
#5947=CARTESIAN_POINT('',(-1.19E0,6.E-2,8.8E-1));
#5948=VERTEX_POINT('',#5947);
#5949=CARTESIAN_POINT('',(-1.38E0,2.5E-1,8.8E-1));
#5950=VERTEX_POINT('',#5949);
#5951=CARTESIAN_POINT('',(1.38E0,2.5E-1,8.8E-1));
#5952=VERTEX_POINT('',#5951);
#5953=CARTESIAN_POINT('',(1.19E0,6.E-2,8.8E-1));
#5954=VERTEX_POINT('',#5953);
#5955=CARTESIAN_POINT('',(8.05E-1,6.E-2,8.8E-1));
#5956=VERTEX_POINT('',#5955);
#5957=CARTESIAN_POINT('',(9.8E-1,2.4E-1,8.8E-1));
#5958=VERTEX_POINT('',#5957);
#5959=CARTESIAN_POINT('',(1.101299423149E0,2.4E-1,8.8E-1));
#5960=VERTEX_POINT('',#5959);
#5961=CARTESIAN_POINT('',(-1.256299423149E0,3.95E-1,8.8E-1));
#5962=VERTEX_POINT('',#5961);
#5963=CARTESIAN_POINT('',(-1.675E0,2.5E-1,8.8E-1));
#5964=VERTEX_POINT('',#5963);
#5965=CARTESIAN_POINT('',(1.675E0,2.5E-1,8.8E-1));
#5966=VERTEX_POINT('',#5965);
#5967=CARTESIAN_POINT('',(1.256299423149E0,3.95E-1,8.8E-1));
#5968=VERTEX_POINT('',#5967);
#5969=CARTESIAN_POINT('',(-1.256299423149E0,3.95E-1,9.7E-1));
#5970=VERTEX_POINT('',#5969);
#5971=CARTESIAN_POINT('',(1.256299423149E0,3.95E-1,9.7E-1));
#5972=VERTEX_POINT('',#5971);
#5973=CARTESIAN_POINT('',(1.056299423149E0,4.4E-1,-7.6E-1));
#5974=CARTESIAN_POINT('',(1.170585137435E0,4.4E-1,-8.8E-1));
#5975=VERTEX_POINT('',#5973);
#5976=VERTEX_POINT('',#5974);
#5977=CARTESIAN_POINT('',(1.170585137435E0,4.4E-1,8.8E-1));
#5978=CARTESIAN_POINT('',(1.056299423149E0,4.4E-1,7.6E-1));
#5979=VERTEX_POINT('',#5977);
#5980=VERTEX_POINT('',#5978);
#5981=CARTESIAN_POINT('',(1.056299423149E0,5.132901999899E-1,7.6E-1));
#5982=VERTEX_POINT('',#5981);
#5983=CARTESIAN_POINT('',(-1.521299423149E0,4.4E-1,8.8E-1));
#5984=CARTESIAN_POINT('',(-1.416299423149E0,4.4E-1,7.4E-1));
#5985=VERTEX_POINT('',#5983);
#5986=VERTEX_POINT('',#5984);
#5987=CARTESIAN_POINT('',(-1.416299423149E0,3.2E-1,7.4E-1));
#5988=VERTEX_POINT('',#5987);
#5989=CARTESIAN_POINT('',(-1.356299423149E0,4.222150333316E-1,6.6E-1));
#5990=CARTESIAN_POINT('',(-1.356299423149E0,3.2E-1,6.6E-1));
#5991=VERTEX_POINT('',#5989);
#5992=VERTEX_POINT('',#5990);
#5993=CARTESIAN_POINT('',(1.356299423149E0,3.2E-1,6.6E-1));
#5994=CARTESIAN_POINT('',(1.356299423149E0,4.222150333316E-1,6.6E-1));
#5995=VERTEX_POINT('',#5993);
#5996=VERTEX_POINT('',#5994);
#5997=CARTESIAN_POINT('',(1.416299423149E0,3.2E-1,7.4E-1));
#5998=CARTESIAN_POINT('',(1.416299423149E0,4.4E-1,7.4E-1));
#5999=VERTEX_POINT('',#5997);
#6000=VERTEX_POINT('',#5998);
#6001=CARTESIAN_POINT('',(1.521299423149E0,4.4E-1,8.8E-1));
#6002=VERTEX_POINT('',#6001);
#6003=CARTESIAN_POINT('',(1.521299423149E0,4.4E-1,-8.8E-1));
#6004=CARTESIAN_POINT('',(1.416299423149E0,4.4E-1,-7.4E-1));
#6005=VERTEX_POINT('',#6003);
#6006=VERTEX_POINT('',#6004);
#6007=CARTESIAN_POINT('',(1.416299423149E0,3.2E-1,-7.4E-1));
#6008=VERTEX_POINT('',#6007);
#6009=CARTESIAN_POINT('',(1.356299423149E0,3.2E-1,-6.6E-1));
#6010=CARTESIAN_POINT('',(1.356299423149E0,4.222150333316E-1,-6.6E-1));
#6011=VERTEX_POINT('',#6009);
#6012=VERTEX_POINT('',#6010);
#6013=CARTESIAN_POINT('',(-1.448298564971E0,5.339328623168E-1,
-7.826655224298E-1));
#6014=VERTEX_POINT('',#6013);
#6015=CARTESIAN_POINT('',(-1.448298564971E0,5.339328623168E-1,
7.826655224298E-1));
#6016=VERTEX_POINT('',#6015);
#6017=CARTESIAN_POINT('',(1.448298564971E0,5.339328623168E-1,
-7.826655224298E-1));
#6018=VERTEX_POINT('',#6017);
#6019=CARTESIAN_POINT('',(-1.604326335692E0,5.513545457643E-1,
6.934610685539E-1));
#6020=CARTESIAN_POINT('',(-1.475E0,4.937747513482E-1,5.9E-1));
#6021=VERTEX_POINT('',#6019);
#6022=VERTEX_POINT('',#6020);
#6023=CARTESIAN_POINT('',(1.475E0,4.4E-1,-5.9E-1));
#6024=CARTESIAN_POINT('',(1.475E0,4.937747513482E-1,-5.9E-1));
#6025=VERTEX_POINT('',#6023);
#6026=VERTEX_POINT('',#6024);
#6027=CARTESIAN_POINT('',(1.675E0,4.4E-1,-7.5E-1));
#6028=VERTEX_POINT('',#6027);
#6029=CARTESIAN_POINT('',(1.675E0,4.4E-1,7.5E-1));
#6030=CARTESIAN_POINT('',(1.475E0,4.4E-1,5.9E-1));
#6031=VERTEX_POINT('',#6029);
#6032=VERTEX_POINT('',#6030);
#6033=CARTESIAN_POINT('',(1.475E0,4.937747513482E-1,5.9E-1));
#6034=VERTEX_POINT('',#6033);
#6035=CARTESIAN_POINT('',(-1.675E0,4.4E-1,-7.5E-1));
#6036=CARTESIAN_POINT('',(-1.475E0,4.4E-1,-5.9E-1));
#6037=VERTEX_POINT('',#6035);
#6038=VERTEX_POINT('',#6036);
#6039=CARTESIAN_POINT('',(-1.475E0,4.937747513482E-1,-5.9E-1));
#6040=VERTEX_POINT('',#6039);
#6041=CARTESIAN_POINT('',(-1.475E0,4.4E-1,5.9E-1));
#6042=CARTESIAN_POINT('',(-1.675E0,4.4E-1,7.5E-1));
#6043=VERTEX_POINT('',#6041);
#6044=VERTEX_POINT('',#6042);
#6045=CARTESIAN_POINT('',(-1.604326335692E0,5.513545457643E-1,
-6.934610685539E-1));
#6046=VERTEX_POINT('',#6045);
#6047=CARTESIAN_POINT('',(1.525E0,4.4E-1,-9.7E-1));
#6048=CARTESIAN_POINT('',(1.525E0,5.561895003862E-1,-8.8E-1));
#6049=VERTEX_POINT('',#6047);
#6050=VERTEX_POINT('',#6048);
#6051=VERTEX_POINT('',#958);
#6052=VERTEX_POINT('',#961);
#6053=VERTEX_POINT('',#927);
#6054=VERTEX_POINT('',#934);
#6055=VERTEX_POINT('',#495);
#6056=VERTEX_POINT('',#502);
#6057=VERTEX_POINT('',#574);
#6058=VERTEX_POINT('',#577);
#6059=CARTESIAN_POINT('',(-1.525E0,5.561895003862E-1,-8.8E-1));
#6060=CARTESIAN_POINT('',(-1.525E0,4.4E-1,-9.7E-1));
#6061=VERTEX_POINT('',#6059);
#6062=VERTEX_POINT('',#6060);
#6063=CARTESIAN_POINT('',(-1.765E0,4.4E-1,-7.5E-1));
#6064=CARTESIAN_POINT('',(-1.675E0,5.561895003862E-1,-7.5E-1));
#6065=VERTEX_POINT('',#6063);
#6066=VERTEX_POINT('',#6064);
#6067=VERTEX_POINT('',#3515);
#6068=VERTEX_POINT('',#3489);
#6069=VERTEX_POINT('',#3492);
#6070=CARTESIAN_POINT('',(-1.765E0,4.4E-1,7.5E-1));
#6071=VERTEX_POINT('',#6070);
#6072=CARTESIAN_POINT('',(-1.645E0,4.4E-1,-9.7E-1));
#6073=VERTEX_POINT('',#6072);
#6074=CARTESIAN_POINT('',(-1.765E0,4.4E-1,-8.5E-1));
#6075=VERTEX_POINT('',#6074);
#6076=CARTESIAN_POINT('',(1.645E0,4.4E-1,-9.7E-1));
#6077=VERTEX_POINT('',#6076);
#6078=CARTESIAN_POINT('',(1.765E0,4.4E-1,-8.5E-1));
#6079=CARTESIAN_POINT('',(1.765E0,4.4E-1,-7.5E-1));
#6080=VERTEX_POINT('',#6078);
#6081=VERTEX_POINT('',#6079);
#6082=CARTESIAN_POINT('',(-1.645E0,4.4E-1,9.7E-1));
#6083=CARTESIAN_POINT('',(-1.525E0,4.4E-1,9.7E-1));
#6084=VERTEX_POINT('',#6082);
#6085=VERTEX_POINT('',#6083);
#6086=CARTESIAN_POINT('',(1.525E0,4.4E-1,9.7E-1));
#6087=CARTESIAN_POINT('',(1.645E0,4.4E-1,9.7E-1));
#6088=VERTEX_POINT('',#6086);
#6089=VERTEX_POINT('',#6087);
#6090=CARTESIAN_POINT('',(-1.765E0,4.4E-1,8.5E-1));
#6091=VERTEX_POINT('',#6090);
#6092=CARTESIAN_POINT('',(1.765E0,4.4E-1,7.5E-1));
#6093=CARTESIAN_POINT('',(1.765E0,4.4E-1,8.5E-1));
#6094=VERTEX_POINT('',#6092);
#6095=VERTEX_POINT('',#6093);
#6096=CARTESIAN_POINT('',(1.675E0,5.561895003862E-1,-7.5E-1));
#6097=VERTEX_POINT('',#6096);
#6098=CARTESIAN_POINT('',(1.675E0,5.561895003862E-1,7.5E-1));
#6099=VERTEX_POINT('',#6098);
#6100=CARTESIAN_POINT('',(-1.645E0,2.5E-1,9.7E-1));
#6101=CARTESIAN_POINT('',(-1.765E0,2.5E-1,8.5E-1));
#6102=VERTEX_POINT('',#6100);
#6103=VERTEX_POINT('',#6101);
#6104=CARTESIAN_POINT('',(-1.765E0,2.5E-1,-8.5E-1));
#6105=VERTEX_POINT('',#6104);
#6106=CARTESIAN_POINT('',(-1.645E0,2.5E-1,-9.7E-1));
#6107=VERTEX_POINT('',#6106);
#6108=CARTESIAN_POINT('',(1.765E0,2.5E-1,8.5E-1));
#6109=VERTEX_POINT('',#6108);
#6110=CARTESIAN_POINT('',(1.645E0,2.5E-1,9.7E-1));
#6111=VERTEX_POINT('',#6110);
#6112=CARTESIAN_POINT('',(8.05E-1,3.2E-1,9.7E-1));
#6113=CARTESIAN_POINT('',(8.05E-1,4.4E-1,8.5E-1));
#6114=VERTEX_POINT('',#6112);
#6115=VERTEX_POINT('',#6113);
#6116=CARTESIAN_POINT('',(9.8E-1,4.4E-1,8.5E-1));
#6117=VERTEX_POINT('',#6116);
#6118=CARTESIAN_POINT('',(9.8E-1,3.2E-1,9.7E-1));
#6119=VERTEX_POINT('',#6118);
#6120=CARTESIAN_POINT('',(-9.8E-1,3.2E-1,9.7E-1));
#6121=CARTESIAN_POINT('',(-9.8E-1,4.4E-1,8.5E-1));
#6122=VERTEX_POINT('',#6120);
#6123=VERTEX_POINT('',#6121);
#6124=CARTESIAN_POINT('',(-8.05E-1,4.4E-1,8.5E-1));
#6125=VERTEX_POINT('',#6124);
#6126=CARTESIAN_POINT('',(-8.05E-1,3.2E-1,9.7E-1));
#6127=VERTEX_POINT('',#6126);
#6128=CARTESIAN_POINT('',(-8.05E-1,3.2E-1,-9.7E-1));
#6129=CARTESIAN_POINT('',(-8.05E-1,4.4E-1,-8.5E-1));
#6130=VERTEX_POINT('',#6128);
#6131=VERTEX_POINT('',#6129);
#6132=CARTESIAN_POINT('',(-9.8E-1,4.4E-1,-8.5E-1));
#6133=VERTEX_POINT('',#6132);
#6134=CARTESIAN_POINT('',(-9.8E-1,3.2E-1,-9.7E-1));
#6135=VERTEX_POINT('',#6134);
#6136=CARTESIAN_POINT('',(9.8E-1,3.2E-1,-9.7E-1));
#6137=CARTESIAN_POINT('',(9.8E-1,4.4E-1,-8.5E-1));
#6138=VERTEX_POINT('',#6136);
#6139=VERTEX_POINT('',#6137);
#6140=CARTESIAN_POINT('',(8.05E-1,4.4E-1,-8.5E-1));
#6141=VERTEX_POINT('',#6140);
#6142=CARTESIAN_POINT('',(8.05E-1,3.2E-1,-9.7E-1));
#6143=VERTEX_POINT('',#6142);
#6144=CARTESIAN_POINT('',(1.645E0,2.5E-1,-9.7E-1));
#6145=CARTESIAN_POINT('',(1.765E0,2.5E-1,-8.5E-1));
#6146=VERTEX_POINT('',#6144);
#6147=VERTEX_POINT('',#6145);
#6148=CARTESIAN_POINT('',(-1.685E0,1.E-1,-5.95E-1));
#6149=CARTESIAN_POINT('',(-1.805E0,-2.E-2,-5.95E-1));
#6150=VERTEX_POINT('',#6148);
#6151=VERTEX_POINT('',#6149);
#6152=CARTESIAN_POINT('',(-1.845E0,-2.E-2,-5.95E-1));
#6153=VERTEX_POINT('',#6152);
#6154=CARTESIAN_POINT('',(-1.905E0,0.E0,-5.95E-1));
#6155=CARTESIAN_POINT('',(-1.905E0,6.E-2,-5.95E-1));
#6156=VERTEX_POINT('',#6154);
#6157=VERTEX_POINT('',#6155);
#6158=CARTESIAN_POINT('',(-1.805E0,6.E-2,-5.95E-1));
#6159=VERTEX_POINT('',#6158);
#6160=CARTESIAN_POINT('',(-1.765E0,1.E-1,-5.95E-1));
#6161=VERTEX_POINT('',#6160);
#6162=CARTESIAN_POINT('',(-1.685E0,1.E-1,-3.7E-1));
#6163=CARTESIAN_POINT('',(-1.805E0,-2.E-2,-3.7E-1));
#6164=VERTEX_POINT('',#6162);
#6165=VERTEX_POINT('',#6163);
#6166=CARTESIAN_POINT('',(-1.845E0,-2.E-2,-3.7E-1));
#6167=VERTEX_POINT('',#6166);
#6168=CARTESIAN_POINT('',(-1.905E0,0.E0,-3.7E-1));
#6169=CARTESIAN_POINT('',(-1.905E0,6.E-2,-3.7E-1));
#6170=VERTEX_POINT('',#6168);
#6171=VERTEX_POINT('',#6169);
#6172=CARTESIAN_POINT('',(-1.805E0,6.E-2,-3.7E-1));
#6173=VERTEX_POINT('',#6172);
#6174=CARTESIAN_POINT('',(-1.765E0,1.E-1,-3.7E-1));
#6175=VERTEX_POINT('',#6174);
#6176=CARTESIAN_POINT('',(-1.685E0,1.5E-1,-5.95E-1));
#6177=CARTESIAN_POINT('',(-1.685E0,1.5E-1,-3.7E-1));
#6178=VERTEX_POINT('',#6176);
#6179=VERTEX_POINT('',#6177);
#6180=CARTESIAN_POINT('',(1.685E0,1.5E-1,-5.95E-1));
#6181=VERTEX_POINT('',#6180);
#6182=CARTESIAN_POINT('',(1.685E0,1.5E-1,-3.7E-1));
#6183=VERTEX_POINT('',#6182);
#6184=CARTESIAN_POINT('',(-1.865E0,0.E0,-5.95E-1));
#6185=VERTEX_POINT('',#6184);
#6186=CARTESIAN_POINT('',(1.765E0,1.E-1,-5.95E-1));
#6187=CARTESIAN_POINT('',(1.805E0,6.E-2,-5.95E-1));
#6188=VERTEX_POINT('',#6186);
#6189=VERTEX_POINT('',#6187);
#6190=CARTESIAN_POINT('',(1.905E0,6.E-2,-5.95E-1));
#6191=VERTEX_POINT('',#6190);
#6192=CARTESIAN_POINT('',(1.905E0,0.E0,-5.95E-1));
#6193=VERTEX_POINT('',#6192);
#6194=CARTESIAN_POINT('',(1.865E0,0.E0,-5.95E-1));
#6195=VERTEX_POINT('',#6194);
#6196=CARTESIAN_POINT('',(1.845E0,-2.E-2,-5.95E-1));
#6197=VERTEX_POINT('',#6196);
#6198=CARTESIAN_POINT('',(1.805E0,-2.E-2,-5.95E-1));
#6199=VERTEX_POINT('',#6198);
#6200=CARTESIAN_POINT('',(1.685E0,1.E-1,-5.95E-1));
#6201=VERTEX_POINT('',#6200);
#6202=CARTESIAN_POINT('',(-1.865E0,0.E0,-3.7E-1));
#6203=VERTEX_POINT('',#6202);
#6204=CARTESIAN_POINT('',(1.765E0,1.E-1,-3.7E-1));
#6205=CARTESIAN_POINT('',(1.805E0,6.E-2,-3.7E-1));
#6206=VERTEX_POINT('',#6204);
#6207=VERTEX_POINT('',#6205);
#6208=CARTESIAN_POINT('',(1.905E0,6.E-2,-3.7E-1));
#6209=VERTEX_POINT('',#6208);
#6210=CARTESIAN_POINT('',(1.905E0,0.E0,-3.7E-1));
#6211=VERTEX_POINT('',#6210);
#6212=CARTESIAN_POINT('',(1.865E0,0.E0,-3.7E-1));
#6213=VERTEX_POINT('',#6212);
#6214=CARTESIAN_POINT('',(1.845E0,-2.E-2,-3.7E-1));
#6215=VERTEX_POINT('',#6214);
#6216=CARTESIAN_POINT('',(1.805E0,-2.E-2,-3.7E-1));
#6217=VERTEX_POINT('',#6216);
#6218=CARTESIAN_POINT('',(1.685E0,1.E-1,-3.7E-1));
#6219=VERTEX_POINT('',#6218);
#6220=CARTESIAN_POINT('',(-1.685E0,1.E-1,5.95E-1));
#6221=CARTESIAN_POINT('',(-1.805E0,-2.E-2,5.95E-1));
#6222=VERTEX_POINT('',#6220);
#6223=VERTEX_POINT('',#6221);
#6224=CARTESIAN_POINT('',(-1.845E0,-2.E-2,5.95E-1));
#6225=VERTEX_POINT('',#6224);
#6226=CARTESIAN_POINT('',(-1.905E0,0.E0,5.95E-1));
#6227=CARTESIAN_POINT('',(-1.905E0,6.E-2,5.95E-1));
#6228=VERTEX_POINT('',#6226);
#6229=VERTEX_POINT('',#6227);
#6230=CARTESIAN_POINT('',(-1.805E0,6.E-2,5.95E-1));
#6231=VERTEX_POINT('',#6230);
#6232=CARTESIAN_POINT('',(-1.765E0,1.E-1,5.95E-1));
#6233=VERTEX_POINT('',#6232);
#6234=CARTESIAN_POINT('',(-1.685E0,1.E-1,3.7E-1));
#6235=CARTESIAN_POINT('',(-1.805E0,-2.E-2,3.7E-1));
#6236=VERTEX_POINT('',#6234);
#6237=VERTEX_POINT('',#6235);
#6238=CARTESIAN_POINT('',(-1.845E0,-2.E-2,3.7E-1));
#6239=VERTEX_POINT('',#6238);
#6240=CARTESIAN_POINT('',(-1.905E0,0.E0,3.7E-1));
#6241=CARTESIAN_POINT('',(-1.905E0,6.E-2,3.7E-1));
#6242=VERTEX_POINT('',#6240);
#6243=VERTEX_POINT('',#6241);
#6244=CARTESIAN_POINT('',(-1.805E0,6.E-2,3.7E-1));
#6245=VERTEX_POINT('',#6244);
#6246=CARTESIAN_POINT('',(-1.765E0,1.E-1,3.7E-1));
#6247=VERTEX_POINT('',#6246);
#6248=CARTESIAN_POINT('',(-1.685E0,1.5E-1,5.95E-1));
#6249=VERTEX_POINT('',#6248);
#6250=CARTESIAN_POINT('',(-1.685E0,1.5E-1,3.7E-1));
#6251=VERTEX_POINT('',#6250);
#6252=CARTESIAN_POINT('',(-1.865E0,0.E0,5.95E-1));
#6253=VERTEX_POINT('',#6252);
#6254=CARTESIAN_POINT('',(1.765E0,1.E-1,5.95E-1));
#6255=CARTESIAN_POINT('',(1.805E0,6.E-2,5.95E-1));
#6256=VERTEX_POINT('',#6254);
#6257=VERTEX_POINT('',#6255);
#6258=CARTESIAN_POINT('',(1.905E0,6.E-2,5.95E-1));
#6259=VERTEX_POINT('',#6258);
#6260=CARTESIAN_POINT('',(1.905E0,0.E0,5.95E-1));
#6261=VERTEX_POINT('',#6260);
#6262=CARTESIAN_POINT('',(1.865E0,0.E0,5.95E-1));
#6263=VERTEX_POINT('',#6262);
#6264=CARTESIAN_POINT('',(1.845E0,-2.E-2,5.95E-1));
#6265=VERTEX_POINT('',#6264);
#6266=CARTESIAN_POINT('',(1.805E0,-2.E-2,5.95E-1));
#6267=VERTEX_POINT('',#6266);
#6268=CARTESIAN_POINT('',(1.685E0,1.E-1,5.95E-1));
#6269=VERTEX_POINT('',#6268);
#6270=CARTESIAN_POINT('',(-1.865E0,0.E0,3.7E-1));
#6271=VERTEX_POINT('',#6270);
#6272=CARTESIAN_POINT('',(1.765E0,1.E-1,3.7E-1));
#6273=CARTESIAN_POINT('',(1.805E0,6.E-2,3.7E-1));
#6274=VERTEX_POINT('',#6272);
#6275=VERTEX_POINT('',#6273);
#6276=CARTESIAN_POINT('',(1.905E0,6.E-2,3.7E-1));
#6277=VERTEX_POINT('',#6276);
#6278=CARTESIAN_POINT('',(1.905E0,0.E0,3.7E-1));
#6279=VERTEX_POINT('',#6278);
#6280=CARTESIAN_POINT('',(1.865E0,0.E0,3.7E-1));
#6281=VERTEX_POINT('',#6280);
#6282=CARTESIAN_POINT('',(1.845E0,-2.E-2,3.7E-1));
#6283=VERTEX_POINT('',#6282);
#6284=CARTESIAN_POINT('',(1.805E0,-2.E-2,3.7E-1));
#6285=VERTEX_POINT('',#6284);
#6286=CARTESIAN_POINT('',(1.685E0,1.E-1,3.7E-1));
#6287=VERTEX_POINT('',#6286);
#6288=CARTESIAN_POINT('',(1.685E0,1.5E-1,5.95E-1));
#6289=VERTEX_POINT('',#6288);
#6290=CARTESIAN_POINT('',(1.685E0,1.5E-1,3.7E-1));
#6291=VERTEX_POINT('',#6290);
#6292=CARTESIAN_POINT('',(-1.525E0,4.4E-1,-8.8E-1));
#6293=VERTEX_POINT('',#6292);
#6294=CARTESIAN_POINT('',(1.525E0,4.4E-1,-8.8E-1));
#6295=VERTEX_POINT('',#6294);
#6296=CARTESIAN_POINT('',(-1.525E0,4.4E-1,8.8E-1));
#6297=VERTEX_POINT('',#6296);
#6298=CARTESIAN_POINT('',(1.525E0,4.4E-1,8.8E-1));
#6299=VERTEX_POINT('',#6298);
#6300=CARTESIAN_POINT('',(-1.525E0,5.561895003862E-1,8.8E-1));
#6301=VERTEX_POINT('',#6300);
#6302=CARTESIAN_POINT('',(1.525E0,5.561895003862E-1,8.8E-1));
#6303=VERTEX_POINT('',#6302);
#6304=CARTESIAN_POINT('',(1.521299423149E0,5.561895003862E-1,8.8E-1));
#6305=VERTEX_POINT('',#6304);
#6306=CARTESIAN_POINT('',(-1.521299423149E0,5.561895003862E-1,8.8E-1));
#6307=VERTEX_POINT('',#6306);
#6308=CARTESIAN_POINT('',(1.448298564971E0,5.339328623168E-1,
7.826655224298E-1));
#6309=VERTEX_POINT('',#6308);
#6310=CARTESIAN_POINT('',(1.256299423149E0,4.4E-1,9.7E-1));
#6311=CARTESIAN_POINT('',(1.256299423149E0,4.4E-1,8.8E-1));
#6312=VERTEX_POINT('',#6310);
#6313=VERTEX_POINT('',#6311);
#6314=CARTESIAN_POINT('',(1.256299423149E0,4.4E-1,-8.8E-1));
#6315=VERTEX_POINT('',#6314);
#6316=CARTESIAN_POINT('',(-1.256299423149E0,4.4E-1,8.8E-1));
#6317=VERTEX_POINT('',#6316);
#6318=CARTESIAN_POINT('',(-1.256299423149E0,4.4E-1,9.7E-1));
#6319=VERTEX_POINT('',#6318);
#6320=CARTESIAN_POINT('',(-1.256299423149E0,4.4E-1,-8.8E-1));
#6321=VERTEX_POINT('',#6320);
#6322=CARTESIAN_POINT('',(-1.077885634987E0,5.339328623168E-1,
-7.826655224298E-1));
#6323=VERTEX_POINT('',#6322);
#6324=CARTESIAN_POINT('',(1.077885634987E0,5.339328623168E-1,
7.826655224298E-1));
#6325=VERTEX_POINT('',#6324);
#6326=CARTESIAN_POINT('',(-1.47E0,4.4E-1,5.9E-1));
#6327=VERTEX_POINT('',#6326);
#6328=CARTESIAN_POINT('',(1.47E0,4.4E-1,5.9E-1));
#6329=VERTEX_POINT('',#6328);
#6330=CARTESIAN_POINT('',(-1.47E0,1.E-1,5.9E-1));
#6331=VERTEX_POINT('',#6330);
#6332=CARTESIAN_POINT('',(1.47E0,1.E-1,5.9E-1));
#6333=VERTEX_POINT('',#6332);
#6334=CARTESIAN_POINT('',(-2.65E-1,2.500631674418E-1,3.666466190670E-1));
#6335=CARTESIAN_POINT('',(-8.5E-2,2.500631674418E-1,3.666466190670E-1));
#6336=VERTEX_POINT('',#6334);
#6337=VERTEX_POINT('',#6335);
#6338=CARTESIAN_POINT('',(-2.65E-1,2.500631674418E-1,-3.666466190670E-1));
#6339=CARTESIAN_POINT('',(-8.5E-2,2.500631674418E-1,-3.666466190670E-1));
#6340=VERTEX_POINT('',#6338);
#6341=VERTEX_POINT('',#6339);
#6342=CARTESIAN_POINT('',(-2.65E-1,2.325320565519E-1,6.4E-1));
#6343=CARTESIAN_POINT('',(-2.65E-1,4.274679434481E-1,6.4E-1));
#6344=VERTEX_POINT('',#6342);
#6345=VERTEX_POINT('',#6343);
#6346=CARTESIAN_POINT('',(-8.5E-2,2.325320565519E-1,6.4E-1));
#6347=CARTESIAN_POINT('',(-8.5E-2,4.274679434481E-1,6.4E-1));
#6348=VERTEX_POINT('',#6346);
#6349=VERTEX_POINT('',#6347);
#6350=CARTESIAN_POINT('',(-2.65E-1,2.325320565519E-1,-6.4E-1));
#6351=CARTESIAN_POINT('',(-2.65E-1,4.274679434481E-1,-6.4E-1));
#6352=VERTEX_POINT('',#6350);
#6353=VERTEX_POINT('',#6351);
#6354=CARTESIAN_POINT('',(-8.5E-2,2.325320565519E-1,-6.4E-1));
#6355=CARTESIAN_POINT('',(-8.5E-2,4.274679434481E-1,-6.4E-1));
#6356=VERTEX_POINT('',#6354);
#6357=VERTEX_POINT('',#6355);
#6358=CARTESIAN_POINT('',(-2.65E-1,2.284802500505E-1,-3.4E-1));
#6359=CARTESIAN_POINT('',(-2.65E-1,4.048528137424E-1,-3.4E-1));
#6360=VERTEX_POINT('',#6358);
#6361=VERTEX_POINT('',#6359);
#6362=CARTESIAN_POINT('',(-8.5E-2,2.284802500505E-1,-3.4E-1));
#6363=CARTESIAN_POINT('',(-8.5E-2,4.048528137424E-1,-3.4E-1));
#6364=VERTEX_POINT('',#6362);
#6365=VERTEX_POINT('',#6363);
#6366=CARTESIAN_POINT('',(-2.65E-1,2.284802500505E-1,3.4E-1));
#6367=CARTESIAN_POINT('',(-2.65E-1,4.048528137424E-1,3.4E-1));
#6368=VERTEX_POINT('',#6366);
#6369=VERTEX_POINT('',#6367);
#6370=CARTESIAN_POINT('',(-8.5E-2,2.284802500505E-1,3.4E-1));
#6371=CARTESIAN_POINT('',(-8.5E-2,4.048528137424E-1,3.4E-1));
#6372=VERTEX_POINT('',#6370);
#6373=VERTEX_POINT('',#6371);
#6374=CARTESIAN_POINT('',(8.5E-2,2.500631674418E-1,3.666466190670E-1));
#6375=CARTESIAN_POINT('',(2.65E-1,2.500631674418E-1,3.666466190670E-1));
#6376=VERTEX_POINT('',#6374);
#6377=VERTEX_POINT('',#6375);
#6378=CARTESIAN_POINT('',(8.5E-2,2.500631674418E-1,-3.666466190670E-1));
#6379=CARTESIAN_POINT('',(2.65E-1,2.500631674418E-1,-3.666466190670E-1));
#6380=VERTEX_POINT('',#6378);
#6381=VERTEX_POINT('',#6379);
#6382=CARTESIAN_POINT('',(8.5E-2,2.325320565519E-1,6.4E-1));
#6383=CARTESIAN_POINT('',(8.5E-2,4.274679434481E-1,6.4E-1));
#6384=VERTEX_POINT('',#6382);
#6385=VERTEX_POINT('',#6383);
#6386=CARTESIAN_POINT('',(2.65E-1,2.325320565519E-1,6.4E-1));
#6387=CARTESIAN_POINT('',(2.65E-1,4.274679434481E-1,6.4E-1));
#6388=VERTEX_POINT('',#6386);
#6389=VERTEX_POINT('',#6387);
#6390=CARTESIAN_POINT('',(8.5E-2,2.325320565519E-1,-6.4E-1));
#6391=CARTESIAN_POINT('',(8.5E-2,4.274679434481E-1,-6.4E-1));
#6392=VERTEX_POINT('',#6390);
#6393=VERTEX_POINT('',#6391);
#6394=CARTESIAN_POINT('',(2.65E-1,2.325320565519E-1,-6.4E-1));
#6395=CARTESIAN_POINT('',(2.65E-1,4.274679434481E-1,-6.4E-1));
#6396=VERTEX_POINT('',#6394);
#6397=VERTEX_POINT('',#6395);
#6398=CARTESIAN_POINT('',(8.5E-2,2.284802500505E-1,-3.4E-1));
#6399=CARTESIAN_POINT('',(8.5E-2,4.048528137424E-1,-3.4E-1));
#6400=VERTEX_POINT('',#6398);
#6401=VERTEX_POINT('',#6399);
#6402=CARTESIAN_POINT('',(2.65E-1,2.284802500505E-1,-3.4E-1));
#6403=CARTESIAN_POINT('',(2.65E-1,4.048528137424E-1,-3.4E-1));
#6404=VERTEX_POINT('',#6402);
#6405=VERTEX_POINT('',#6403);
#6406=CARTESIAN_POINT('',(8.5E-2,2.284802500505E-1,3.4E-1));
#6407=CARTESIAN_POINT('',(8.5E-2,4.048528137424E-1,3.4E-1));
#6408=VERTEX_POINT('',#6406);
#6409=VERTEX_POINT('',#6407);
#6410=CARTESIAN_POINT('',(2.65E-1,2.284802500505E-1,3.4E-1));
#6411=CARTESIAN_POINT('',(2.65E-1,4.048528137424E-1,3.4E-1));
#6412=VERTEX_POINT('',#6410);
#6413=VERTEX_POINT('',#6411);
#6414=CARTESIAN_POINT('',(4.35E-1,2.500631674418E-1,3.666466190670E-1));
#6415=CARTESIAN_POINT('',(6.15E-1,2.500631674418E-1,3.666466190670E-1));
#6416=VERTEX_POINT('',#6414);
#6417=VERTEX_POINT('',#6415);
#6418=CARTESIAN_POINT('',(4.35E-1,2.500631674418E-1,-3.666466190670E-1));
#6419=CARTESIAN_POINT('',(6.15E-1,2.500631674418E-1,-3.666466190670E-1));
#6420=VERTEX_POINT('',#6418);
#6421=VERTEX_POINT('',#6419);
#6422=CARTESIAN_POINT('',(4.35E-1,2.325320565519E-1,6.4E-1));
#6423=CARTESIAN_POINT('',(4.35E-1,4.274679434481E-1,6.4E-1));
#6424=VERTEX_POINT('',#6422);
#6425=VERTEX_POINT('',#6423);
#6426=CARTESIAN_POINT('',(6.15E-1,2.325320565519E-1,6.4E-1));
#6427=CARTESIAN_POINT('',(6.15E-1,4.274679434481E-1,6.4E-1));
#6428=VERTEX_POINT('',#6426);
#6429=VERTEX_POINT('',#6427);
#6430=CARTESIAN_POINT('',(4.35E-1,2.325320565519E-1,-6.4E-1));
#6431=CARTESIAN_POINT('',(4.35E-1,4.274679434481E-1,-6.4E-1));
#6432=VERTEX_POINT('',#6430);
#6433=VERTEX_POINT('',#6431);
#6434=CARTESIAN_POINT('',(6.15E-1,2.325320565519E-1,-6.4E-1));
#6435=CARTESIAN_POINT('',(6.15E-1,4.274679434481E-1,-6.4E-1));
#6436=VERTEX_POINT('',#6434);
#6437=VERTEX_POINT('',#6435);
#6438=CARTESIAN_POINT('',(4.35E-1,2.284802500505E-1,-3.4E-1));
#6439=CARTESIAN_POINT('',(4.35E-1,4.048528137424E-1,-3.4E-1));
#6440=VERTEX_POINT('',#6438);
#6441=VERTEX_POINT('',#6439);
#6442=CARTESIAN_POINT('',(6.15E-1,2.284802500505E-1,-3.4E-1));
#6443=CARTESIAN_POINT('',(6.15E-1,4.048528137424E-1,-3.4E-1));
#6444=VERTEX_POINT('',#6442);
#6445=VERTEX_POINT('',#6443);
#6446=CARTESIAN_POINT('',(4.35E-1,2.284802500505E-1,3.4E-1));
#6447=CARTESIAN_POINT('',(4.35E-1,4.048528137424E-1,3.4E-1));
#6448=VERTEX_POINT('',#6446);
#6449=VERTEX_POINT('',#6447);
#6450=CARTESIAN_POINT('',(6.15E-1,2.284802500505E-1,3.4E-1));
#6451=CARTESIAN_POINT('',(6.15E-1,4.048528137424E-1,3.4E-1));
#6452=VERTEX_POINT('',#6450);
#6453=VERTEX_POINT('',#6451);
#6454=CARTESIAN_POINT('',(-2.25E-1,6.E-2,1.E0));
#6455=CARTESIAN_POINT('',(-2.25E-1,0.E0,1.E0));
#6456=VERTEX_POINT('',#6454);
#6457=VERTEX_POINT('',#6455);
#6458=CARTESIAN_POINT('',(-1.25E-1,6.E-2,1.E0));
#6459=CARTESIAN_POINT('',(-1.25E-1,0.E0,1.E0));
#6460=VERTEX_POINT('',#6458);
#6461=VERTEX_POINT('',#6459);
#6462=CARTESIAN_POINT('',(-2.25E-1,0.E0,9.8E-1));
#6463=VERTEX_POINT('',#6462);
#6464=CARTESIAN_POINT('',(-1.25E-1,0.E0,9.8E-1));
#6465=VERTEX_POINT('',#6464);
#6466=CARTESIAN_POINT('',(-2.25E-1,-2.E-2,9.6E-1));
#6467=VERTEX_POINT('',#6466);
#6468=CARTESIAN_POINT('',(-1.25E-1,-2.E-2,9.6E-1));
#6469=VERTEX_POINT('',#6468);
#6470=CARTESIAN_POINT('',(-2.25E-1,-2.E-2,9.E-1));
#6471=VERTEX_POINT('',#6470);
#6472=CARTESIAN_POINT('',(-1.25E-1,-2.E-2,9.E-1));
#6473=VERTEX_POINT('',#6472);
#6474=CARTESIAN_POINT('',(-2.25E-1,1.E-1,7.8E-1));
#6475=VERTEX_POINT('',#6474);
#6476=CARTESIAN_POINT('',(-1.25E-1,1.E-1,7.8E-1));
#6477=VERTEX_POINT('',#6476);
#6478=CARTESIAN_POINT('',(-2.25E-1,6.E-2,9.E-1));
#6479=CARTESIAN_POINT('',(-2.25E-1,1.E-1,8.6E-1));
#6480=VERTEX_POINT('',#6478);
#6481=VERTEX_POINT('',#6479);
#6482=CARTESIAN_POINT('',(-1.25E-1,6.E-2,9.E-1));
#6483=CARTESIAN_POINT('',(-1.25E-1,1.E-1,8.6E-1));
#6484=VERTEX_POINT('',#6482);
#6485=VERTEX_POINT('',#6483);
#6486=CARTESIAN_POINT('',(-2.25E-1,6.E-2,-1.E0));
#6487=CARTESIAN_POINT('',(-2.25E-1,6.E-2,-9.E-1));
#6488=VERTEX_POINT('',#6486);
#6489=VERTEX_POINT('',#6487);
#6490=CARTESIAN_POINT('',(-1.25E-1,6.E-2,-1.E0));
#6491=CARTESIAN_POINT('',(-1.25E-1,6.E-2,-9.E-1));
#6492=VERTEX_POINT('',#6490);
#6493=VERTEX_POINT('',#6491);
#6494=CARTESIAN_POINT('',(-2.25E-1,1.E-1,-8.6E-1));
#6495=VERTEX_POINT('',#6494);
#6496=CARTESIAN_POINT('',(-1.25E-1,1.E-1,-8.6E-1));
#6497=VERTEX_POINT('',#6496);
#6498=CARTESIAN_POINT('',(-2.25E-1,1.E-1,-7.8E-1));
#6499=CARTESIAN_POINT('',(-2.25E-1,-2.E-2,-9.E-1));
#6500=VERTEX_POINT('',#6498);
#6501=VERTEX_POINT('',#6499);
#6502=CARTESIAN_POINT('',(-1.25E-1,1.E-1,-7.8E-1));
#6503=CARTESIAN_POINT('',(-1.25E-1,-2.E-2,-9.E-1));
#6504=VERTEX_POINT('',#6502);
#6505=VERTEX_POINT('',#6503);
#6506=CARTESIAN_POINT('',(-2.25E-1,-2.E-2,-9.6E-1));
#6507=VERTEX_POINT('',#6506);
#6508=CARTESIAN_POINT('',(-1.25E-1,-2.E-2,-9.6E-1));
#6509=VERTEX_POINT('',#6508);
#6510=CARTESIAN_POINT('',(-2.25E-1,0.E0,-9.8E-1));
#6511=VERTEX_POINT('',#6510);
#6512=CARTESIAN_POINT('',(-1.25E-1,0.E0,-9.8E-1));
#6513=VERTEX_POINT('',#6512);
#6514=CARTESIAN_POINT('',(-2.25E-1,0.E0,-1.E0));
#6515=VERTEX_POINT('',#6514);
#6516=CARTESIAN_POINT('',(-1.25E-1,0.E0,-1.E0));
#6517=VERTEX_POINT('',#6516);
#6518=CARTESIAN_POINT('',(1.25E-1,6.E-2,1.E0));
#6519=CARTESIAN_POINT('',(1.25E-1,0.E0,1.E0));
#6520=VERTEX_POINT('',#6518);
#6521=VERTEX_POINT('',#6519);
#6522=CARTESIAN_POINT('',(2.25E-1,6.E-2,1.E0));
#6523=CARTESIAN_POINT('',(2.25E-1,0.E0,1.E0));
#6524=VERTEX_POINT('',#6522);
#6525=VERTEX_POINT('',#6523);
#6526=CARTESIAN_POINT('',(1.25E-1,0.E0,9.8E-1));
#6527=VERTEX_POINT('',#6526);
#6528=CARTESIAN_POINT('',(2.25E-1,0.E0,9.8E-1));
#6529=VERTEX_POINT('',#6528);
#6530=CARTESIAN_POINT('',(1.25E-1,-2.E-2,9.6E-1));
#6531=VERTEX_POINT('',#6530);
#6532=CARTESIAN_POINT('',(2.25E-1,-2.E-2,9.6E-1));
#6533=VERTEX_POINT('',#6532);
#6534=CARTESIAN_POINT('',(1.25E-1,-2.E-2,9.E-1));
#6535=VERTEX_POINT('',#6534);
#6536=CARTESIAN_POINT('',(2.25E-1,-2.E-2,9.E-1));
#6537=VERTEX_POINT('',#6536);
#6538=CARTESIAN_POINT('',(1.25E-1,1.E-1,7.8E-1));
#6539=VERTEX_POINT('',#6538);
#6540=CARTESIAN_POINT('',(2.25E-1,1.E-1,7.8E-1));
#6541=VERTEX_POINT('',#6540);
#6542=CARTESIAN_POINT('',(1.25E-1,6.E-2,9.E-1));
#6543=CARTESIAN_POINT('',(1.25E-1,1.E-1,8.6E-1));
#6544=VERTEX_POINT('',#6542);
#6545=VERTEX_POINT('',#6543);
#6546=CARTESIAN_POINT('',(2.25E-1,6.E-2,9.E-1));
#6547=CARTESIAN_POINT('',(2.25E-1,1.E-1,8.6E-1));
#6548=VERTEX_POINT('',#6546);
#6549=VERTEX_POINT('',#6547);
#6550=CARTESIAN_POINT('',(1.25E-1,6.E-2,-1.E0));
#6551=CARTESIAN_POINT('',(1.25E-1,6.E-2,-9.E-1));
#6552=VERTEX_POINT('',#6550);
#6553=VERTEX_POINT('',#6551);
#6554=CARTESIAN_POINT('',(2.25E-1,6.E-2,-1.E0));
#6555=CARTESIAN_POINT('',(2.25E-1,6.E-2,-9.E-1));
#6556=VERTEX_POINT('',#6554);
#6557=VERTEX_POINT('',#6555);
#6558=CARTESIAN_POINT('',(1.25E-1,1.E-1,-8.6E-1));
#6559=VERTEX_POINT('',#6558);
#6560=CARTESIAN_POINT('',(2.25E-1,1.E-1,-8.6E-1));
#6561=VERTEX_POINT('',#6560);
#6562=CARTESIAN_POINT('',(1.25E-1,1.E-1,-7.8E-1));
#6563=CARTESIAN_POINT('',(1.25E-1,-2.E-2,-9.E-1));
#6564=VERTEX_POINT('',#6562);
#6565=VERTEX_POINT('',#6563);
#6566=CARTESIAN_POINT('',(2.25E-1,1.E-1,-7.8E-1));
#6567=CARTESIAN_POINT('',(2.25E-1,-2.E-2,-9.E-1));
#6568=VERTEX_POINT('',#6566);
#6569=VERTEX_POINT('',#6567);
#6570=CARTESIAN_POINT('',(1.25E-1,-2.E-2,-9.6E-1));
#6571=VERTEX_POINT('',#6570);
#6572=CARTESIAN_POINT('',(2.25E-1,-2.E-2,-9.6E-1));
#6573=VERTEX_POINT('',#6572);
#6574=CARTESIAN_POINT('',(1.25E-1,0.E0,-9.8E-1));
#6575=VERTEX_POINT('',#6574);
#6576=CARTESIAN_POINT('',(2.25E-1,0.E0,-9.8E-1));
#6577=VERTEX_POINT('',#6576);
#6578=CARTESIAN_POINT('',(1.25E-1,0.E0,-1.E0));
#6579=VERTEX_POINT('',#6578);
#6580=CARTESIAN_POINT('',(2.25E-1,0.E0,-1.E0));
#6581=VERTEX_POINT('',#6580);
#6582=CARTESIAN_POINT('',(4.75E-1,6.E-2,1.E0));
#6583=CARTESIAN_POINT('',(4.75E-1,0.E0,1.E0));
#6584=VERTEX_POINT('',#6582);
#6585=VERTEX_POINT('',#6583);
#6586=CARTESIAN_POINT('',(5.75E-1,6.E-2,1.E0));
#6587=CARTESIAN_POINT('',(5.75E-1,0.E0,1.E0));
#6588=VERTEX_POINT('',#6586);
#6589=VERTEX_POINT('',#6587);
#6590=CARTESIAN_POINT('',(4.75E-1,0.E0,9.8E-1));
#6591=VERTEX_POINT('',#6590);
#6592=CARTESIAN_POINT('',(5.75E-1,0.E0,9.8E-1));
#6593=VERTEX_POINT('',#6592);
#6594=CARTESIAN_POINT('',(4.75E-1,-2.E-2,9.6E-1));
#6595=VERTEX_POINT('',#6594);
#6596=CARTESIAN_POINT('',(5.75E-1,-2.E-2,9.6E-1));
#6597=VERTEX_POINT('',#6596);
#6598=CARTESIAN_POINT('',(4.75E-1,-2.E-2,9.E-1));
#6599=VERTEX_POINT('',#6598);
#6600=CARTESIAN_POINT('',(5.75E-1,-2.E-2,9.E-1));
#6601=VERTEX_POINT('',#6600);
#6602=CARTESIAN_POINT('',(4.75E-1,1.E-1,7.8E-1));
#6603=VERTEX_POINT('',#6602);
#6604=CARTESIAN_POINT('',(5.75E-1,1.E-1,7.8E-1));
#6605=VERTEX_POINT('',#6604);
#6606=CARTESIAN_POINT('',(4.75E-1,6.E-2,9.E-1));
#6607=CARTESIAN_POINT('',(4.75E-1,1.E-1,8.6E-1));
#6608=VERTEX_POINT('',#6606);
#6609=VERTEX_POINT('',#6607);
#6610=CARTESIAN_POINT('',(5.75E-1,6.E-2,9.E-1));
#6611=CARTESIAN_POINT('',(5.75E-1,1.E-1,8.6E-1));
#6612=VERTEX_POINT('',#6610);
#6613=VERTEX_POINT('',#6611);
#6614=CARTESIAN_POINT('',(4.75E-1,6.E-2,-1.E0));
#6615=CARTESIAN_POINT('',(4.75E-1,6.E-2,-9.E-1));
#6616=VERTEX_POINT('',#6614);
#6617=VERTEX_POINT('',#6615);
#6618=CARTESIAN_POINT('',(5.75E-1,6.E-2,-1.E0));
#6619=CARTESIAN_POINT('',(5.75E-1,6.E-2,-9.E-1));
#6620=VERTEX_POINT('',#6618);
#6621=VERTEX_POINT('',#6619);
#6622=CARTESIAN_POINT('',(4.75E-1,1.E-1,-8.6E-1));
#6623=VERTEX_POINT('',#6622);
#6624=CARTESIAN_POINT('',(5.75E-1,1.E-1,-8.6E-1));
#6625=VERTEX_POINT('',#6624);
#6626=CARTESIAN_POINT('',(4.75E-1,1.E-1,-7.8E-1));
#6627=CARTESIAN_POINT('',(4.75E-1,-2.E-2,-9.E-1));
#6628=VERTEX_POINT('',#6626);
#6629=VERTEX_POINT('',#6627);
#6630=CARTESIAN_POINT('',(5.75E-1,1.E-1,-7.8E-1));
#6631=CARTESIAN_POINT('',(5.75E-1,-2.E-2,-9.E-1));
#6632=VERTEX_POINT('',#6630);
#6633=VERTEX_POINT('',#6631);
#6634=CARTESIAN_POINT('',(4.75E-1,-2.E-2,-9.6E-1));
#6635=VERTEX_POINT('',#6634);
#6636=CARTESIAN_POINT('',(5.75E-1,-2.E-2,-9.6E-1));
#6637=VERTEX_POINT('',#6636);
#6638=CARTESIAN_POINT('',(4.75E-1,0.E0,-9.8E-1));
#6639=VERTEX_POINT('',#6638);
#6640=CARTESIAN_POINT('',(5.75E-1,0.E0,-9.8E-1));
#6641=VERTEX_POINT('',#6640);
#6642=CARTESIAN_POINT('',(4.75E-1,0.E0,-1.E0));
#6643=VERTEX_POINT('',#6642);
#6644=CARTESIAN_POINT('',(5.75E-1,0.E0,-1.E0));
#6645=VERTEX_POINT('',#6644);
#6646=CARTESIAN_POINT('',(1.604326335692E0,5.513545457643E-1,
-6.934610685539E-1));
#6647=CARTESIAN_POINT('',(1.604326335692E0,5.513545457643E-1,
6.934610685539E-1));
#6648=VERTEX_POINT('',#6646);
#6649=VERTEX_POINT('',#6647);
#6650=VERTEX_POINT('',#1070);
#6651=VERTEX_POINT('',#3466);
#6652=CARTESIAN_POINT('',(-1.356299423149E0,3.2E-1,6.4E-1));
#6653=CARTESIAN_POINT('',(-1.356299423149E0,4.04E-1,6.4E-1));
#6654=VERTEX_POINT('',#6652);
#6655=VERTEX_POINT('',#6653);
#6656=CARTESIAN_POINT('',(1.356299423149E0,3.2E-1,6.4E-1));
#6657=CARTESIAN_POINT('',(1.356299423149E0,4.04E-1,6.4E-1));
#6658=VERTEX_POINT('',#6656);
#6659=VERTEX_POINT('',#6657);
#6660=VERTEX_POINT('',#3947);
#6661=VERTEX_POINT('',#3978);
#6662=VERTEX_POINT('',#689);
#6663=VERTEX_POINT('',#650);
#6664=CARTESIAN_POINT('',(-1.765E0,4.E-1,-3.5E-1));
#6665=CARTESIAN_POINT('',(-1.765E0,2.86E-1,-3.5E-1));
#6666=VERTEX_POINT('',#6664);
#6667=VERTEX_POINT('',#6665);
#6668=CARTESIAN_POINT('',(-1.725E0,2.86E-1,-3.5E-1));
#6669=VERTEX_POINT('',#6668);
#6670=CARTESIAN_POINT('',(-1.765E0,4.E-1,3.5E-1));
#6671=CARTESIAN_POINT('',(-1.765E0,2.86E-1,3.5E-1));
#6672=VERTEX_POINT('',#6670);
#6673=VERTEX_POINT('',#6671);
#6674=CARTESIAN_POINT('',(-1.725E0,2.86E-1,3.5E-1));
#6675=VERTEX_POINT('',#6674);
#6676=CARTESIAN_POINT('',(1.765E0,4.E-1,-3.5E-1));
#6677=CARTESIAN_POINT('',(1.765E0,4.E-1,3.5E-1));
#6678=VERTEX_POINT('',#6676);
#6679=VERTEX_POINT('',#6677);
#6680=CARTESIAN_POINT('',(1.725E0,2.86E-1,3.5E-1));
#6681=CARTESIAN_POINT('',(1.765E0,2.86E-1,3.5E-1));
#6682=VERTEX_POINT('',#6680);
#6683=VERTEX_POINT('',#6681);
#6684=CARTESIAN_POINT('',(1.725E0,2.86E-1,-3.5E-1));
#6685=CARTESIAN_POINT('',(1.765E0,2.86E-1,-3.5E-1));
#6686=VERTEX_POINT('',#6684);
#6687=VERTEX_POINT('',#6685);
#6688=CARTESIAN_POINT('',(-1.385E0,2.85E-1,1.9E-1));
#6689=CARTESIAN_POINT('',(-1.385E0,2.85E-1,-1.9E-1));
#6690=VERTEX_POINT('',#6688);
#6691=VERTEX_POINT('',#6689);
#6692=CARTESIAN_POINT('',(-1.385E0,1.E-1,1.9E-1));
#6693=VERTEX_POINT('',#6692);
#6694=CARTESIAN_POINT('',(-1.385E0,1.E-1,-1.9E-1));
#6695=VERTEX_POINT('',#6694);
#6696=CARTESIAN_POINT('',(1.385E0,2.85E-1,1.9E-1));
#6697=CARTESIAN_POINT('',(1.385E0,2.85E-1,-1.9E-1));
#6698=VERTEX_POINT('',#6696);
#6699=VERTEX_POINT('',#6697);
#6700=CARTESIAN_POINT('',(1.385E0,1.E-1,-1.9E-1));
#6701=VERTEX_POINT('',#6700);
#6702=CARTESIAN_POINT('',(1.385E0,1.E-1,1.9E-1));
#6703=VERTEX_POINT('',#6702);
#6704=CARTESIAN_POINT('',(0.E0,0.E0,0.E0));
#6705=DIRECTION('',(0.E0,1.E0,0.E0));
#6706=DIRECTION('',(1.E0,0.E0,0.E0));
#6707=AXIS2_PLACEMENT_3D('',#6704,#6705,#6706);
#6708=PLANE('',#6707);
#6710=ORIENTED_EDGE('',*,*,#6709,.F.);
#6712=ORIENTED_EDGE('',*,*,#6711,.T.);
#6714=ORIENTED_EDGE('',*,*,#6713,.T.);
#6716=ORIENTED_EDGE('',*,*,#6715,.T.);
#6718=ORIENTED_EDGE('',*,*,#6717,.F.);
#6720=ORIENTED_EDGE('',*,*,#6719,.T.);
#6722=ORIENTED_EDGE('',*,*,#6721,.T.);
#6724=ORIENTED_EDGE('',*,*,#6723,.T.);
#6726=ORIENTED_EDGE('',*,*,#6725,.T.);
#6728=ORIENTED_EDGE('',*,*,#6727,.T.);
#6730=ORIENTED_EDGE('',*,*,#6729,.T.);
#6732=ORIENTED_EDGE('',*,*,#6731,.T.);
#6734=ORIENTED_EDGE('',*,*,#6733,.T.);
#6736=ORIENTED_EDGE('',*,*,#6735,.T.);
#6738=ORIENTED_EDGE('',*,*,#6737,.T.);
#6740=ORIENTED_EDGE('',*,*,#6739,.T.);
#6742=ORIENTED_EDGE('',*,*,#6741,.T.);
#6744=ORIENTED_EDGE('',*,*,#6743,.T.);
#6746=ORIENTED_EDGE('',*,*,#6745,.T.);
#6748=ORIENTED_EDGE('',*,*,#6747,.T.);
#6750=ORIENTED_EDGE('',*,*,#6749,.F.);
#6752=ORIENTED_EDGE('',*,*,#6751,.T.);
#6754=ORIENTED_EDGE('',*,*,#6753,.T.);
#6756=ORIENTED_EDGE('',*,*,#6755,.T.);
#6758=ORIENTED_EDGE('',*,*,#6757,.F.);
#6760=ORIENTED_EDGE('',*,*,#6759,.T.);
#6762=ORIENTED_EDGE('',*,*,#6761,.T.);
#6764=ORIENTED_EDGE('',*,*,#6763,.T.);
#6766=ORIENTED_EDGE('',*,*,#6765,.T.);
#6768=ORIENTED_EDGE('',*,*,#6767,.T.);
#6770=ORIENTED_EDGE('',*,*,#6769,.T.);
#6772=ORIENTED_EDGE('',*,*,#6771,.T.);
#6774=ORIENTED_EDGE('',*,*,#6773,.T.);
#6776=ORIENTED_EDGE('',*,*,#6775,.T.);
#6778=ORIENTED_EDGE('',*,*,#6777,.T.);
#6780=ORIENTED_EDGE('',*,*,#6779,.T.);
#6782=ORIENTED_EDGE('',*,*,#6781,.T.);
#6784=ORIENTED_EDGE('',*,*,#6783,.T.);
#6786=ORIENTED_EDGE('',*,*,#6785,.T.);
#6788=ORIENTED_EDGE('',*,*,#6787,.T.);
#6789=EDGE_LOOP('',(#6710,#6712,#6714,#6716,#6718,#6720,#6722,#6724,#6726,#6728,
#6730,#6732,#6734,#6736,#6738,#6740,#6742,#6744,#6746,#6748,#6750,#6752,#6754,
#6756,#6758,#6760,#6762,#6764,#6766,#6768,#6770,#6772,#6774,#6776,#6778,#6780,
#6782,#6784,#6786,#6788));
#6790=FACE_OUTER_BOUND('',#6789,.F.);
#6791=ADVANCED_FACE('',(#6790),#6708,.F.);
#6792=CARTESIAN_POINT('',(-1.41E0,0.E0,8.8E-1));
#6793=DIRECTION('',(0.E0,0.E0,1.E0));
#6794=DIRECTION('',(1.E0,0.E0,0.E0));
#6795=AXIS2_PLACEMENT_3D('',#6792,#6793,#6794);
#6796=PLANE('',#6795);
#6798=ORIENTED_EDGE('',*,*,#6797,.F.);
#6800=ORIENTED_EDGE('',*,*,#6799,.F.);
#6802=ORIENTED_EDGE('',*,*,#6801,.F.);
#6804=ORIENTED_EDGE('',*,*,#6803,.T.);
#6806=ORIENTED_EDGE('',*,*,#6805,.F.);
#6807=ORIENTED_EDGE('',*,*,#6709,.T.);
#6809=ORIENTED_EDGE('',*,*,#6808,.T.);
#6811=ORIENTED_EDGE('',*,*,#6810,.T.);
#6813=ORIENTED_EDGE('',*,*,#6812,.F.);
#6815=ORIENTED_EDGE('',*,*,#6814,.T.);
#6817=ORIENTED_EDGE('',*,*,#6816,.F.);
#6819=ORIENTED_EDGE('',*,*,#6818,.F.);
#6820=EDGE_LOOP('',(#6798,#6800,#6802,#6804,#6806,#6807,#6809,#6811,#6813,#6815,
#6817,#6819));
#6821=FACE_OUTER_BOUND('',#6820,.F.);
#6822=ADVANCED_FACE('',(#6821),#6796,.T.);
#6823=CARTESIAN_POINT('',(-1.41E0,0.E0,8.8E-1));
#6824=DIRECTION('',(0.E0,0.E0,1.E0));
#6825=DIRECTION('',(1.E0,0.E0,0.E0));
#6826=AXIS2_PLACEMENT_3D('',#6823,#6824,#6825);
#6827=PLANE('',#6826);
#6829=ORIENTED_EDGE('',*,*,#6828,.T.);
#6831=ORIENTED_EDGE('',*,*,#6830,.T.);
#6833=ORIENTED_EDGE('',*,*,#6832,.F.);
#6835=ORIENTED_EDGE('',*,*,#6834,.F.);
#6837=ORIENTED_EDGE('',*,*,#6836,.F.);
#6839=ORIENTED_EDGE('',*,*,#6838,.F.);
#6841=ORIENTED_EDGE('',*,*,#6840,.F.);
#6843=ORIENTED_EDGE('',*,*,#6842,.T.);
#6844=EDGE_LOOP('',(#6829,#6831,#6833,#6835,#6837,#6839,#6841,#6843));
#6845=FACE_OUTER_BOUND('',#6844,.F.);
#6846=ADVANCED_FACE('',(#6845),#6827,.T.);
#6847=CARTESIAN_POINT('',(-8.05E-1,4.4E-1,-8.8E-1));
#6848=DIRECTION('',(1.E0,0.E0,0.E0));
#6849=DIRECTION('',(0.E0,-1.E0,0.E0));
#6850=AXIS2_PLACEMENT_3D('',#6847,#6848,#6849);
#6851=PLANE('',#6850);
#6853=ORIENTED_EDGE('',*,*,#6852,.F.);
#6855=ORIENTED_EDGE('',*,*,#6854,.F.);
#6857=ORIENTED_EDGE('',*,*,#6856,.F.);
#6859=ORIENTED_EDGE('',*,*,#6858,.F.);
#6861=ORIENTED_EDGE('',*,*,#6860,.F.);
#6863=ORIENTED_EDGE('',*,*,#6862,.F.);
#6865=ORIENTED_EDGE('',*,*,#6864,.F.);
#6867=ORIENTED_EDGE('',*,*,#6866,.F.);
#6869=ORIENTED_EDGE('',*,*,#6868,.T.);
#6870=ORIENTED_EDGE('',*,*,#6797,.T.);
#6872=ORIENTED_EDGE('',*,*,#6871,.T.);
#6874=ORIENTED_EDGE('',*,*,#6873,.T.);
#6875=EDGE_LOOP('',(#6853,#6855,#6857,#6859,#6861,#6863,#6865,#6867,#6869,#6870,
#6872,#6874));
#6876=FACE_OUTER_BOUND('',#6875,.F.);
#6877=ADVANCED_FACE('',(#6876),#6851,.T.);
#6878=CARTESIAN_POINT('',(-8.05E-1,4.4E-1,-8.8E-1));
#6879=DIRECTION('',(1.E0,0.E0,0.E0));
#6880=DIRECTION('',(0.E0,-1.E0,0.E0));
#6881=AXIS2_PLACEMENT_3D('',#6878,#6879,#6880);
#6882=PLANE('',#6881);
#6884=ORIENTED_EDGE('',*,*,#6883,.F.);
#6886=ORIENTED_EDGE('',*,*,#6885,.T.);
#6888=ORIENTED_EDGE('',*,*,#6887,.F.);
#6890=ORIENTED_EDGE('',*,*,#6889,.F.);
#6892=ORIENTED_EDGE('',*,*,#6891,.T.);
#6894=ORIENTED_EDGE('',*,*,#6893,.T.);
#6896=ORIENTED_EDGE('',*,*,#6895,.F.);
#6898=ORIENTED_EDGE('',*,*,#6897,.F.);
#6900=ORIENTED_EDGE('',*,*,#6899,.F.);
#6902=ORIENTED_EDGE('',*,*,#6901,.F.);
#6904=ORIENTED_EDGE('',*,*,#6903,.F.);
#6906=ORIENTED_EDGE('',*,*,#6905,.F.);
#6907=EDGE_LOOP('',(#6884,#6886,#6888,#6890,#6892,#6894,#6896,#6898,#6900,#6902,
#6904,#6906));
#6908=FACE_OUTER_BOUND('',#6907,.F.);
#6909=ADVANCED_FACE('',(#6908),#6882,.T.);
#6910=CARTESIAN_POINT('',(5.066889836457E0,3.2E-1,8.5E-1));
#6911=DIRECTION('',(-1.E0,0.E0,0.E0));
#6912=DIRECTION('',(0.E0,0.E0,1.E0));
#6913=AXIS2_PLACEMENT_3D('',#6910,#6911,#6912);
#6914=CYLINDRICAL_SURFACE('',#6913,1.2E-1);
#6916=ORIENTED_EDGE('',*,*,#6915,.T.);
#6918=ORIENTED_EDGE('',*,*,#6917,.F.);
#6919=ORIENTED_EDGE('',*,*,#6852,.T.);
#6921=ORIENTED_EDGE('',*,*,#6920,.T.);
#6922=EDGE_LOOP('',(#6916,#6918,#6919,#6921));
#6923=FACE_OUTER_BOUND('',#6922,.F.);
#6924=ADVANCED_FACE('',(#6923),#6914,.T.);
#6925=CARTESIAN_POINT('',(-9.8E-1,2.4E-1,-8.8E-1));
#6926=DIRECTION('',(-1.E0,0.E0,0.E0));
#6927=DIRECTION('',(0.E0,1.E0,0.E0));
#6928=AXIS2_PLACEMENT_3D('',#6925,#6926,#6927);
#6929=PLANE('',#6928);
#6930=ORIENTED_EDGE('',*,*,#6915,.F.);
#6932=ORIENTED_EDGE('',*,*,#6931,.T.);
#6934=ORIENTED_EDGE('',*,*,#6933,.F.);
#6935=ORIENTED_EDGE('',*,*,#6834,.T.);
#6937=ORIENTED_EDGE('',*,*,#6936,.F.);
#6939=ORIENTED_EDGE('',*,*,#6938,.T.);
#6941=ORIENTED_EDGE('',*,*,#6940,.T.);
#6943=ORIENTED_EDGE('',*,*,#6942,.T.);
#6945=ORIENTED_EDGE('',*,*,#6944,.T.);
#6947=ORIENTED_EDGE('',*,*,#6946,.T.);
#6949=ORIENTED_EDGE('',*,*,#6948,.T.);
#6951=ORIENTED_EDGE('',*,*,#6950,.T.);
#6952=EDGE_LOOP('',(#6930,#6932,#6934,#6935,#6937,#6939,#6941,#6943,#6945,#6947,
#6949,#6951));
#6953=FACE_OUTER_BOUND('',#6952,.F.);
#6954=ADVANCED_FACE('',(#6953),#6929,.T.);
#6955=CARTESIAN_POINT('',(-9.8E-1,2.4E-1,-8.8E-1));
#6956=DIRECTION('',(-1.E0,0.E0,0.E0));
#6957=DIRECTION('',(0.E0,1.E0,0.E0));
#6958=AXIS2_PLACEMENT_3D('',#6955,#6956,#6957);
#6959=PLANE('',#6958);
#6961=ORIENTED_EDGE('',*,*,#6960,.F.);
#6963=ORIENTED_EDGE('',*,*,#6962,.T.);
#6965=ORIENTED_EDGE('',*,*,#6964,.T.);
#6967=ORIENTED_EDGE('',*,*,#6966,.T.);
#6969=ORIENTED_EDGE('',*,*,#6968,.T.);
#6971=ORIENTED_EDGE('',*,*,#6970,.T.);
#6973=ORIENTED_EDGE('',*,*,#6972,.T.);
#6975=ORIENTED_EDGE('',*,*,#6974,.F.);
#6977=ORIENTED_EDGE('',*,*,#6976,.F.);
#6979=ORIENTED_EDGE('',*,*,#6978,.T.);
#6981=ORIENTED_EDGE('',*,*,#6980,.T.);
#6983=ORIENTED_EDGE('',*,*,#6982,.T.);
#6984=EDGE_LOOP('',(#6961,#6963,#6965,#6967,#6969,#6971,#6973,#6975,#6977,#6979,
#6981,#6983));
#6985=FACE_OUTER_BOUND('',#6984,.F.);
#6986=ADVANCED_FACE('',(#6985),#6959,.T.);
#6987=CARTESIAN_POINT('',(-8.05E-1,4.4E-1,9.7E-1));
#6988=DIRECTION('',(0.E0,0.E0,1.E0));
#6989=DIRECTION('',(0.E0,-1.E0,0.E0));
#6990=AXIS2_PLACEMENT_3D('',#6987,#6988,#6989);
#6991=PLANE('',#6990);
#6993=ORIENTED_EDGE('',*,*,#6992,.T.);
#6995=ORIENTED_EDGE('',*,*,#6994,.T.);
#6997=ORIENTED_EDGE('',*,*,#6996,.T.);
#6999=ORIENTED_EDGE('',*,*,#6998,.T.);
#7001=ORIENTED_EDGE('',*,*,#7000,.T.);
#7002=ORIENTED_EDGE('',*,*,#6931,.F.);
#7003=ORIENTED_EDGE('',*,*,#6920,.F.);
#7004=ORIENTED_EDGE('',*,*,#6873,.F.);
#7006=ORIENTED_EDGE('',*,*,#7005,.T.);
#7008=ORIENTED_EDGE('',*,*,#7007,.T.);
#7010=ORIENTED_EDGE('',*,*,#7009,.T.);
#7012=ORIENTED_EDGE('',*,*,#7011,.F.);
#7013=EDGE_LOOP('',(#6993,#6995,#6997,#6999,#7001,#7002,#7003,#7004,#7006,#7008,
#7010,#7012));
#7014=FACE_OUTER_BOUND('',#7013,.F.);
#7015=ADVANCED_FACE('',(#7014),#6991,.T.);
#7016=CARTESIAN_POINT('',(-8.05E-1,4.4E-1,9.7E-1));
#7017=DIRECTION('',(0.E0,0.E0,1.E0));
#7018=DIRECTION('',(0.E0,-1.E0,0.E0));
#7019=AXIS2_PLACEMENT_3D('',#7016,#7017,#7018);
#7020=PLANE('',#7019);
#7022=ORIENTED_EDGE('',*,*,#7021,.T.);
#7024=ORIENTED_EDGE('',*,*,#7023,.F.);
#7026=ORIENTED_EDGE('',*,*,#7025,.T.);
#7028=ORIENTED_EDGE('',*,*,#7027,.T.);
#7030=ORIENTED_EDGE('',*,*,#7029,.T.);
#7032=ORIENTED_EDGE('',*,*,#7031,.F.);
#7034=ORIENTED_EDGE('',*,*,#7033,.F.);
#7036=ORIENTED_EDGE('',*,*,#7035,.F.);
#7038=ORIENTED_EDGE('',*,*,#7037,.T.);
#7040=ORIENTED_EDGE('',*,*,#7039,.T.);
#7042=ORIENTED_EDGE('',*,*,#7041,.F.);
#7044=ORIENTED_EDGE('',*,*,#7043,.T.);
#7045=EDGE_LOOP('',(#7022,#7024,#7026,#7028,#7030,#7032,#7034,#7036,#7038,#7040,
#7042,#7044));
#7046=FACE_OUTER_BOUND('',#7045,.F.);
#7047=ADVANCED_FACE('',(#7046),#7020,.T.);
#7048=CARTESIAN_POINT('',(-1.675E0,4.4E-1,1.E0));
#7049=DIRECTION('',(0.E0,-1.E0,0.E0));
#7050=DIRECTION('',(1.E0,0.E0,0.E0));
#7051=AXIS2_PLACEMENT_3D('',#7048,#7049,#7050);
#7052=PLANE('',#7051);
#7054=ORIENTED_EDGE('',*,*,#7053,.F.);
#7056=ORIENTED_EDGE('',*,*,#7055,.F.);
#7058=ORIENTED_EDGE('',*,*,#7057,.F.);
#7060=ORIENTED_EDGE('',*,*,#7059,.T.);
#7062=ORIENTED_EDGE('',*,*,#7061,.T.);
#7063=EDGE_LOOP('',(#7054,#7056,#7058,#7060,#7062));
#7064=FACE_OUTER_BOUND('',#7063,.F.);
#7065=ADVANCED_FACE('',(#7064),#7052,.F.);
#7066=CARTESIAN_POINT('',(-1.675E0,4.4E-1,1.E0));
#7067=DIRECTION('',(0.E0,-1.E0,0.E0));
#7068=DIRECTION('',(1.E0,0.E0,0.E0));
#7069=AXIS2_PLACEMENT_3D('',#7066,#7067,#7068);
#7070=PLANE('',#7069);
#7072=ORIENTED_EDGE('',*,*,#7071,.F.);
#7074=ORIENTED_EDGE('',*,*,#7073,.T.);
#7076=ORIENTED_EDGE('',*,*,#7075,.F.);
#7078=ORIENTED_EDGE('',*,*,#7077,.F.);
#7079=ORIENTED_EDGE('',*,*,#6828,.F.);
#7080=EDGE_LOOP('',(#7072,#7074,#7076,#7078,#7079));
#7081=FACE_OUTER_BOUND('',#7080,.F.);
#7082=ADVANCED_FACE('',(#7081),#7070,.F.);
#7083=CARTESIAN_POINT('',(-1.675E0,4.4E-1,1.E0));
#7084=DIRECTION('',(0.E0,-1.E0,0.E0));
#7085=DIRECTION('',(1.E0,0.E0,0.E0));
#7086=AXIS2_PLACEMENT_3D('',#7083,#7084,#7085);
#7087=PLANE('',#7086);
#7089=ORIENTED_EDGE('',*,*,#7088,.T.);
#7091=ORIENTED_EDGE('',*,*,#7090,.F.);
#7093=ORIENTED_EDGE('',*,*,#7092,.T.);
#7095=ORIENTED_EDGE('',*,*,#7094,.F.);
#7097=ORIENTED_EDGE('',*,*,#7096,.T.);
#7099=ORIENTED_EDGE('',*,*,#7098,.F.);
#7101=ORIENTED_EDGE('',*,*,#7100,.F.);
#7103=ORIENTED_EDGE('',*,*,#7102,.F.);
#7105=ORIENTED_EDGE('',*,*,#7104,.T.);
#7107=ORIENTED_EDGE('',*,*,#7106,.F.);
#7109=ORIENTED_EDGE('',*,*,#7108,.F.);
#7110=EDGE_LOOP('',(#7089,#7091,#7093,#7095,#7097,#7099,#7101,#7103,#7105,#7107,
#7109));
#7111=FACE_OUTER_BOUND('',#7110,.F.);
#7112=ADVANCED_FACE('',(#7111),#7087,.F.);
#7113=CARTESIAN_POINT('',(-1.675E0,4.4E-1,1.E0));
#7114=DIRECTION('',(0.E0,-1.E0,0.E0));
#7115=DIRECTION('',(1.E0,0.E0,0.E0));
#7116=AXIS2_PLACEMENT_3D('',#7113,#7114,#7115);
#7117=PLANE('',#7116);
#7118=ORIENTED_EDGE('',*,*,#6992,.F.);
#7120=ORIENTED_EDGE('',*,*,#7119,.F.);
#7122=ORIENTED_EDGE('',*,*,#7121,.F.);
#7124=ORIENTED_EDGE('',*,*,#7123,.F.);
#7126=ORIENTED_EDGE('',*,*,#7125,.F.);
#7128=ORIENTED_EDGE('',*,*,#7127,.T.);
#7130=ORIENTED_EDGE('',*,*,#7129,.F.);
#7132=ORIENTED_EDGE('',*,*,#7131,.F.);
#7134=ORIENTED_EDGE('',*,*,#7133,.F.);
#7136=ORIENTED_EDGE('',*,*,#7135,.F.);
#7138=ORIENTED_EDGE('',*,*,#7137,.T.);
#7139=EDGE_LOOP('',(#7118,#7120,#7122,#7124,#7126,#7128,#7130,#7132,#7134,#7136,
#7138));
#7140=FACE_OUTER_BOUND('',#7139,.F.);
#7141=ADVANCED_FACE('',(#7140),#7117,.F.);
#7142=CARTESIAN_POINT('',(-1.156299423149E0,4.766450999949E-1,-8.65E-1));
#7143=DIRECTION('',(7.241379310345E-1,0.E0,-6.896551724138E-1));
#7144=DIRECTION('',(-6.896551724138E-1,0.E0,-7.241379310345E-1));
#7145=AXIS2_PLACEMENT_3D('',#7142,#7143,#7144);
#7146=PLANE('',#7145);
#7148=ORIENTED_EDGE('',*,*,#7147,.F.);
#7150=ORIENTED_EDGE('',*,*,#7149,.T.);
#7151=ORIENTED_EDGE('',*,*,#7053,.T.);
#7153=ORIENTED_EDGE('',*,*,#7152,.T.);
#7155=ORIENTED_EDGE('',*,*,#7154,.T.);
#7157=ORIENTED_EDGE('',*,*,#7156,.T.);
#7158=EDGE_LOOP('',(#7148,#7150,#7151,#7153,#7155,#7157));
#7159=FACE_OUTER_BOUND('',#7158,.F.);
#7160=ADVANCED_FACE('',(#7159),#7146,.T.);
#7161=CARTESIAN_POINT('',(-6.94386E0,4.4E-1,-8.5E-1));
#7162=DIRECTION('',(1.E0,0.E0,0.E0));
#7163=DIRECTION('',(0.E0,0.E0,-1.E0));
#7164=AXIS2_PLACEMENT_3D('',#7161,#7162,#7163);
#7165=CYLINDRICAL_SURFACE('',#7164,1.2E-1);
#7166=ORIENTED_EDGE('',*,*,#7147,.T.);
#7168=ORIENTED_EDGE('',*,*,#7167,.F.);
#7170=ORIENTED_EDGE('',*,*,#7169,.T.);
#7172=ORIENTED_EDGE('',*,*,#7171,.T.);
#7174=ORIENTED_EDGE('',*,*,#7173,.T.);
#7176=ORIENTED_EDGE('',*,*,#7175,.T.);
#7177=EDGE_LOOP('',(#7166,#7168,#7170,#7172,#7174,#7176));
#7178=FACE_OUTER_BOUND('',#7177,.F.);
#7179=ADVANCED_FACE('',(#7178),#7165,.T.);
#7180=CARTESIAN_POINT('',(-1.256299423149E0,4.6E-1,-8.5E-1));
#7181=DIRECTION('',(1.E0,0.E0,0.E0));
#7182=DIRECTION('',(0.E0,0.E0,-1.E0));
#7183=AXIS2_PLACEMENT_3D('',#7180,#7181,#7182);
#7184=CYLINDRICAL_SURFACE('',#7183,1.E-1);
#7185=ORIENTED_EDGE('',*,*,#7167,.T.);
#7186=ORIENTED_EDGE('',*,*,#7156,.F.);
#7188=ORIENTED_EDGE('',*,*,#7187,.T.);
#7190=ORIENTED_EDGE('',*,*,#7189,.F.);
#7191=EDGE_LOOP('',(#7185,#7186,#7188,#7190));
#7192=FACE_OUTER_BOUND('',#7191,.F.);
#7193=ADVANCED_FACE('',(#7192),#7184,.T.);
#7194=CARTESIAN_POINT('',(-1.256299423149E0,5.339328623168E-1,
-7.826655224298E-1));
#7195=DIRECTION('',(0.E0,7.393286231677E-1,6.733447757019E-1));
#7196=DIRECTION('',(0.E0,-6.733447757019E-1,7.393286231677E-1));
#7197=AXIS2_PLACEMENT_3D('',#7194,#7195,#7196);
#7198=PLANE('',#7197);
#7199=ORIENTED_EDGE('',*,*,#7187,.F.);
#7200=ORIENTED_EDGE('',*,*,#7154,.F.);
#7202=ORIENTED_EDGE('',*,*,#7201,.T.);
#7204=ORIENTED_EDGE('',*,*,#7203,.T.);
#7206=ORIENTED_EDGE('',*,*,#7205,.F.);
#7208=ORIENTED_EDGE('',*,*,#7207,.F.);
#7209=EDGE_LOOP('',(#7199,#7200,#7202,#7204,#7206,#7208));
#7210=FACE_OUTER_BOUND('',#7209,.F.);
#7211=ADVANCED_FACE('',(#7210),#7198,.T.);
#7212=CARTESIAN_POINT('',(-1.056299423149E0,0.E0,-8.8E-1));
#7213=DIRECTION('',(1.E0,0.E0,0.E0));
#7214=DIRECTION('',(0.E0,0.E0,-1.E0));
#7215=AXIS2_PLACEMENT_3D('',#7212,#7213,#7214);
#7216=PLANE('',#7215);
#7217=ORIENTED_EDGE('',*,*,#7152,.F.);
#7218=ORIENTED_EDGE('',*,*,#7061,.F.);
#7220=ORIENTED_EDGE('',*,*,#7219,.T.);
#7222=ORIENTED_EDGE('',*,*,#7221,.F.);
#7224=ORIENTED_EDGE('',*,*,#7223,.F.);
#7225=ORIENTED_EDGE('',*,*,#7201,.F.);
#7226=EDGE_LOOP('',(#7217,#7218,#7220,#7222,#7224,#7225));
#7227=FACE_OUTER_BOUND('',#7226,.F.);
#7228=ADVANCED_FACE('',(#7227),#7216,.T.);
#7229=CARTESIAN_POINT('',(-1.056299423149E0,0.E0,-8.8E-1));
#7230=DIRECTION('',(1.E0,0.E0,0.E0));
#7231=DIRECTION('',(0.E0,0.E0,-1.E0));
#7232=AXIS2_PLACEMENT_3D('',#7229,#7230,#7231);
#7233=PLANE('',#7232);
#7235=ORIENTED_EDGE('',*,*,#7234,.F.);
#7237=ORIENTED_EDGE('',*,*,#7236,.F.);
#7239=ORIENTED_EDGE('',*,*,#7238,.F.);
#7241=ORIENTED_EDGE('',*,*,#7240,.F.);
#7243=ORIENTED_EDGE('',*,*,#7242,.F.);
#7244=ORIENTED_EDGE('',*,*,#7073,.F.);
#7245=EDGE_LOOP('',(#7235,#7237,#7239,#7241,#7243,#7244));
#7246=FACE_OUTER_BOUND('',#7245,.F.);
#7247=ADVANCED_FACE('',(#7246),#7233,.T.);
#7248=CARTESIAN_POINT('',(-1.02E0,4.4E-1,-7.4E-1));
#7249=DIRECTION('',(0.E0,0.E0,-1.E0));
#7250=DIRECTION('',(-1.E0,0.E0,0.E0));
#7251=AXIS2_PLACEMENT_3D('',#7248,#7249,#7250);
#7252=PLANE('',#7251);
#7254=ORIENTED_EDGE('',*,*,#7253,.F.);
#7256=ORIENTED_EDGE('',*,*,#7255,.F.);
#7257=ORIENTED_EDGE('',*,*,#7219,.F.);
#7258=ORIENTED_EDGE('',*,*,#7059,.F.);
#7260=ORIENTED_EDGE('',*,*,#7259,.T.);
#7262=ORIENTED_EDGE('',*,*,#7261,.T.);
#7264=ORIENTED_EDGE('',*,*,#7263,.T.);
#7266=ORIENTED_EDGE('',*,*,#7265,.F.);
#7267=ORIENTED_EDGE('',*,*,#7096,.F.);
#7268=EDGE_LOOP('',(#7254,#7256,#7257,#7258,#7260,#7262,#7264,#7266,#7267));
#7269=FACE_OUTER_BOUND('',#7268,.F.);
#7270=ADVANCED_FACE('',(#7269),#7252,.F.);
#7271=CARTESIAN_POINT('',(-1.438799423149E0,5.E-1,-7.7E-1));
#7272=DIRECTION('',(-8.E-1,0.E0,6.E-1));
#7273=DIRECTION('',(-6.E-1,0.E0,-8.E-1));
#7274=AXIS2_PLACEMENT_3D('',#7271,#7272,#7273);
#7275=PLANE('',#7274);
#7276=ORIENTED_EDGE('',*,*,#7169,.F.);
#7277=ORIENTED_EDGE('',*,*,#7189,.T.);
#7278=ORIENTED_EDGE('',*,*,#7207,.T.);
#7280=ORIENTED_EDGE('',*,*,#7279,.T.);
#7282=ORIENTED_EDGE('',*,*,#7281,.T.);
#7283=ORIENTED_EDGE('',*,*,#7253,.T.);
#7284=ORIENTED_EDGE('',*,*,#7094,.T.);
#7286=ORIENTED_EDGE('',*,*,#7285,.F.);
#7287=EDGE_LOOP('',(#7276,#7277,#7278,#7280,#7282,#7283,#7284,#7286));
#7288=FACE_OUTER_BOUND('',#7287,.F.);
#7289=ADVANCED_FACE('',(#7288),#7275,.T.);
#7290=CARTESIAN_POINT('',(-1.356299423149E0,0.E0,-8.8E-1));
#7291=DIRECTION('',(1.E0,0.E0,0.E0));
#7292=DIRECTION('',(0.E0,0.E0,-1.E0));
#7293=AXIS2_PLACEMENT_3D('',#7290,#7291,#7292);
#7294=PLANE('',#7293);
#7295=ORIENTED_EDGE('',*,*,#7279,.F.);
#7296=ORIENTED_EDGE('',*,*,#7205,.T.);
#7298=ORIENTED_EDGE('',*,*,#7297,.T.);
#7300=ORIENTED_EDGE('',*,*,#7299,.T.);
#7301=EDGE_LOOP('',(#7295,#7296,#7298,#7300));
#7302=FACE_OUTER_BOUND('',#7301,.F.);
#7303=ADVANCED_FACE('',(#7302),#7294,.F.);
#7304=CARTESIAN_POINT('',(-1.356299423149E0,0.E0,-8.8E-1));
#7305=DIRECTION('',(1.E0,0.E0,0.E0));
#7306=DIRECTION('',(0.E0,0.E0,-1.E0));
#7307=AXIS2_PLACEMENT_3D('',#7304,#7305,#7306);
#7308=PLANE('',#7307);
#7310=ORIENTED_EDGE('',*,*,#7309,.T.);
#7312=ORIENTED_EDGE('',*,*,#7311,.T.);
#7314=ORIENTED_EDGE('',*,*,#7313,.T.);
#7316=ORIENTED_EDGE('',*,*,#7315,.T.);
#7317=EDGE_LOOP('',(#7310,#7312,#7314,#7316));
#7318=FACE_OUTER_BOUND('',#7317,.F.);
#7319=ADVANCED_FACE('',(#7318),#7308,.F.);
#7320=CARTESIAN_POINT('',(-1.256299423149E0,4.04E-1,-6.4E-1));
#7321=DIRECTION('',(0.E0,0.E0,1.E0));
#7322=DIRECTION('',(0.E0,-1.E0,0.E0));
#7323=AXIS2_PLACEMENT_3D('',#7320,#7321,#7322);
#7324=PLANE('',#7323);
#7325=ORIENTED_EDGE('',*,*,#7203,.F.);
#7326=ORIENTED_EDGE('',*,*,#7223,.T.);
#7328=ORIENTED_EDGE('',*,*,#7327,.F.);
#7329=ORIENTED_EDGE('',*,*,#7297,.F.);
#7330=EDGE_LOOP('',(#7325,#7326,#7328,#7329));
#7331=FACE_OUTER_BOUND('',#7330,.F.);
#7332=ADVANCED_FACE('',(#7331),#7324,.T.);
#7333=CARTESIAN_POINT('',(-1.256299423149E0,3.2E-1,-6.4E-1));
#7334=DIRECTION('',(0.E0,-1.E0,0.E0));
#7335=DIRECTION('',(0.E0,0.E0,-1.E0));
#7336=AXIS2_PLACEMENT_3D('',#7333,#7334,#7335);
#7337=PLANE('',#7336);
#7338=ORIENTED_EDGE('',*,*,#7255,.T.);
#7339=ORIENTED_EDGE('',*,*,#7281,.F.);
#7340=ORIENTED_EDGE('',*,*,#7299,.F.);
#7341=ORIENTED_EDGE('',*,*,#7327,.T.);
#7342=ORIENTED_EDGE('',*,*,#7221,.T.);
#7343=EDGE_LOOP('',(#7338,#7339,#7340,#7341,#7342));
#7344=FACE_OUTER_BOUND('',#7343,.F.);
#7345=ADVANCED_FACE('',(#7344),#7337,.T.);
#7346=CARTESIAN_POINT('',(-1.438799423149E0,5.E-1,7.7E-1));
#7347=DIRECTION('',(-8.E-1,0.E0,-6.E-1));
#7348=DIRECTION('',(6.E-1,0.E0,-8.E-1));
#7349=AXIS2_PLACEMENT_3D('',#7346,#7347,#7348);
#7350=PLANE('',#7349);
#7352=ORIENTED_EDGE('',*,*,#7351,.T.);
#7353=ORIENTED_EDGE('',*,*,#7133,.T.);
#7355=ORIENTED_EDGE('',*,*,#7354,.T.);
#7357=ORIENTED_EDGE('',*,*,#7356,.T.);
#7358=ORIENTED_EDGE('',*,*,#7309,.F.);
#7360=ORIENTED_EDGE('',*,*,#7359,.T.);
#7362=ORIENTED_EDGE('',*,*,#7361,.T.);
#7364=ORIENTED_EDGE('',*,*,#7363,.F.);
#7365=EDGE_LOOP('',(#7352,#7353,#7355,#7357,#7358,#7360,#7362,#7364));
#7366=FACE_OUTER_BOUND('',#7365,.F.);
#7367=ADVANCED_FACE('',(#7366),#7350,.T.);
#7368=CARTESIAN_POINT('',(-1.675E0,0.E0,8.8E-1));
#7369=DIRECTION('',(0.E0,0.E0,-1.E0));
#7370=DIRECTION('',(-1.E0,0.E0,0.E0));
#7371=AXIS2_PLACEMENT_3D('',#7368,#7369,#7370);
#7372=PLANE('',#7371);
#7374=ORIENTED_EDGE('',*,*,#7373,.F.);
#7375=ORIENTED_EDGE('',*,*,#7135,.T.);
#7376=ORIENTED_EDGE('',*,*,#7351,.F.);
#7378=ORIENTED_EDGE('',*,*,#7377,.F.);
#7379=EDGE_LOOP('',(#7374,#7375,#7376,#7378));
#7380=FACE_OUTER_BOUND('',#7379,.F.);
#7381=ADVANCED_FACE('',(#7380),#7372,.T.);
#7382=CARTESIAN_POINT('',(-1.675E0,0.E0,8.8E-1));
#7383=DIRECTION('',(0.E0,0.E0,-1.E0));
#7384=DIRECTION('',(-1.E0,0.E0,0.E0));
#7385=AXIS2_PLACEMENT_3D('',#7382,#7383,#7384);
#7386=PLANE('',#7385);
#7388=ORIENTED_EDGE('',*,*,#7387,.F.);
#7390=ORIENTED_EDGE('',*,*,#7389,.F.);
#7392=ORIENTED_EDGE('',*,*,#7391,.F.);
#7394=ORIENTED_EDGE('',*,*,#7393,.T.);
#7395=EDGE_LOOP('',(#7388,#7390,#7392,#7394));
#7396=FACE_OUTER_BOUND('',#7395,.F.);
#7397=ADVANCED_FACE('',(#7396),#7386,.T.);
#7398=CARTESIAN_POINT('',(-1.525E0,4.4E-1,8.8E-1));
#7399=DIRECTION('',(1.E0,0.E0,0.E0));
#7400=DIRECTION('',(0.E0,1.E0,0.E0));
#7401=AXIS2_PLACEMENT_3D('',#7398,#7399,#7400);
#7402=PLANE('',#7401);
#7403=ORIENTED_EDGE('',*,*,#7373,.T.);
#7405=ORIENTED_EDGE('',*,*,#7404,.F.);
#7406=ORIENTED_EDGE('',*,*,#7137,.F.);
#7407=EDGE_LOOP('',(#7403,#7405,#7406));
#7408=FACE_OUTER_BOUND('',#7407,.F.);
#7409=ADVANCED_FACE('',(#7408),#7402,.F.);
#7410=CARTESIAN_POINT('',(-6.94386E0,4.4E-1,8.5E-1));
#7411=DIRECTION('',(1.E0,0.E0,0.E0));
#7412=DIRECTION('',(0.E0,1.E0,0.E0));
#7413=AXIS2_PLACEMENT_3D('',#7410,#7411,#7412);
#7414=CYLINDRICAL_SURFACE('',#7413,1.2E-1);
#7416=ORIENTED_EDGE('',*,*,#7415,.T.);
#7417=ORIENTED_EDGE('',*,*,#6994,.F.);
#7418=ORIENTED_EDGE('',*,*,#7404,.T.);
#7419=ORIENTED_EDGE('',*,*,#7377,.T.);
#7420=ORIENTED_EDGE('',*,*,#7363,.T.);
#7422=ORIENTED_EDGE('',*,*,#7421,.T.);
#7423=EDGE_LOOP('',(#7416,#7417,#7418,#7419,#7420,#7422));
#7424=FACE_OUTER_BOUND('',#7423,.F.);
#7425=ADVANCED_FACE('',(#7424),#7414,.T.);
#7426=CARTESIAN_POINT('',(-1.156299423149E0,4.766450999949E-1,8.65E-1));
#7427=DIRECTION('',(7.241379310345E-1,0.E0,6.896551724138E-1));
#7428=DIRECTION('',(-6.896551724138E-1,0.E0,7.241379310345E-1));
#7429=AXIS2_PLACEMENT_3D('',#7426,#7427,#7428);
#7430=PLANE('',#7429);
#7432=ORIENTED_EDGE('',*,*,#7431,.T.);
#7433=ORIENTED_EDGE('',*,*,#7415,.F.);
#7435=ORIENTED_EDGE('',*,*,#7434,.T.);
#7437=ORIENTED_EDGE('',*,*,#7436,.T.);
#7438=ORIENTED_EDGE('',*,*,#7234,.T.);
#7439=ORIENTED_EDGE('',*,*,#7071,.T.);
#7440=EDGE_LOOP('',(#7432,#7433,#7435,#7437,#7438,#7439));
#7441=FACE_OUTER_BOUND('',#7440,.F.);
#7442=ADVANCED_FACE('',(#7441),#7430,.T.);
#7443=CARTESIAN_POINT('',(-1.675E0,4.4E-1,1.E0));
#7444=DIRECTION('',(0.E0,-1.E0,0.E0));
#7445=DIRECTION('',(1.E0,0.E0,0.E0));
#7446=AXIS2_PLACEMENT_3D('',#7443,#7444,#7445);
#7447=PLANE('',#7446);
#7448=ORIENTED_EDGE('',*,*,#7431,.F.);
#7449=ORIENTED_EDGE('',*,*,#6842,.F.);
#7451=ORIENTED_EDGE('',*,*,#7450,.F.);
#7452=EDGE_LOOP('',(#7448,#7449,#7451));
#7453=FACE_OUTER_BOUND('',#7452,.F.);
#7454=ADVANCED_FACE('',(#7453),#7447,.T.);
#7455=CARTESIAN_POINT('',(-1.256299423149E0,5.6E-1,-8.8E-1));
#7456=DIRECTION('',(1.E0,0.E0,0.E0));
#7457=DIRECTION('',(0.E0,-1.E0,0.E0));
#7458=AXIS2_PLACEMENT_3D('',#7455,#7456,#7457);
#7459=PLANE('',#7458);
#7461=ORIENTED_EDGE('',*,*,#7460,.T.);
#7463=ORIENTED_EDGE('',*,*,#7462,.F.);
#7465=ORIENTED_EDGE('',*,*,#7464,.F.);
#7467=ORIENTED_EDGE('',*,*,#7466,.F.);
#7468=EDGE_LOOP('',(#7461,#7463,#7465,#7467));
#7469=FACE_OUTER_BOUND('',#7468,.F.);
#7470=ADVANCED_FACE('',(#7469),#7459,.T.);
#7471=CARTESIAN_POINT('',(-1.256299423149E0,5.6E-1,-8.8E-1));
#7472=DIRECTION('',(1.E0,0.E0,0.E0));
#7473=DIRECTION('',(0.E0,-1.E0,0.E0));
#7474=AXIS2_PLACEMENT_3D('',#7471,#7472,#7473);
#7475=PLANE('',#7474);
#7476=ORIENTED_EDGE('',*,*,#6996,.F.);
#7477=ORIENTED_EDGE('',*,*,#7450,.T.);
#7478=ORIENTED_EDGE('',*,*,#6840,.T.);
#7480=ORIENTED_EDGE('',*,*,#7479,.F.);
#7481=EDGE_LOOP('',(#7476,#7477,#7478,#7480));
#7482=FACE_OUTER_BOUND('',#7481,.F.);
#7483=ADVANCED_FACE('',(#7482),#7475,.T.);
#7484=CARTESIAN_POINT('',(-1.675E0,0.E0,-9.7E-1));
#7485=DIRECTION('',(0.E0,0.E0,-1.E0));
#7486=DIRECTION('',(-1.E0,0.E0,0.E0));
#7487=AXIS2_PLACEMENT_3D('',#7484,#7485,#7486);
#7488=PLANE('',#7487);
#7490=ORIENTED_EDGE('',*,*,#7489,.F.);
#7492=ORIENTED_EDGE('',*,*,#7491,.F.);
#7494=ORIENTED_EDGE('',*,*,#7493,.F.);
#7496=ORIENTED_EDGE('',*,*,#7495,.F.);
#7498=ORIENTED_EDGE('',*,*,#7497,.F.);
#7500=ORIENTED_EDGE('',*,*,#7499,.F.);
#7502=ORIENTED_EDGE('',*,*,#7501,.F.);
#7504=ORIENTED_EDGE('',*,*,#7503,.F.);
#7506=ORIENTED_EDGE('',*,*,#7505,.F.);
#7508=ORIENTED_EDGE('',*,*,#7507,.F.);
#7510=ORIENTED_EDGE('',*,*,#7509,.F.);
#7512=ORIENTED_EDGE('',*,*,#7511,.F.);
#7513=EDGE_LOOP('',(#7490,#7492,#7494,#7496,#7498,#7500,#7502,#7504,#7506,#7508,
#7510,#7512));
#7514=FACE_OUTER_BOUND('',#7513,.F.);
#7515=ADVANCED_FACE('',(#7514),#7488,.T.);
#7516=CARTESIAN_POINT('',(-1.675E0,0.E0,-9.7E-1));
#7517=DIRECTION('',(0.E0,0.E0,-1.E0));
#7518=DIRECTION('',(-1.E0,0.E0,0.E0));
#7519=AXIS2_PLACEMENT_3D('',#7516,#7517,#7518);
#7520=PLANE('',#7519);
#7521=ORIENTED_EDGE('',*,*,#7175,.F.);
#7522=ORIENTED_EDGE('',*,*,#7088,.F.);
#7524=ORIENTED_EDGE('',*,*,#7523,.F.);
#7526=ORIENTED_EDGE('',*,*,#7525,.F.);
#7528=ORIENTED_EDGE('',*,*,#7527,.F.);
#7530=ORIENTED_EDGE('',*,*,#7529,.F.);
#7531=ORIENTED_EDGE('',*,*,#6885,.F.);
#7533=ORIENTED_EDGE('',*,*,#7532,.F.);
#7534=ORIENTED_EDGE('',*,*,#6982,.F.);
#7536=ORIENTED_EDGE('',*,*,#7535,.F.);
#7538=ORIENTED_EDGE('',*,*,#7537,.F.);
#7539=ORIENTED_EDGE('',*,*,#7460,.F.);
#7540=EDGE_LOOP('',(#7521,#7522,#7524,#7526,#7528,#7530,#7531,#7533,#7534,#7536,
#7538,#7539));
#7541=FACE_OUTER_BOUND('',#7540,.F.);
#7542=ADVANCED_FACE('',(#7541),#7520,.T.);
#7543=CARTESIAN_POINT('',(-5.881475212909E0,4.4E-1,-8.5E-1));
#7544=DIRECTION('',(1.E0,0.E0,0.E0));
#7545=DIRECTION('',(0.E0,0.E0,-1.E0));
#7546=AXIS2_PLACEMENT_3D('',#7543,#7544,#7545);
#7547=CYLINDRICAL_SURFACE('',#7546,1.2E-1);
#7549=ORIENTED_EDGE('',*,*,#7548,.T.);
#7551=ORIENTED_EDGE('',*,*,#7550,.T.);
#7553=ORIENTED_EDGE('',*,*,#7552,.T.);
#7555=ORIENTED_EDGE('',*,*,#7554,.F.);
#7557=ORIENTED_EDGE('',*,*,#7556,.T.);
#7558=ORIENTED_EDGE('',*,*,#7489,.T.);
#7559=EDGE_LOOP('',(#7549,#7551,#7553,#7555,#7557,#7558));
#7560=FACE_OUTER_BOUND('',#7559,.F.);
#7561=ADVANCED_FACE('',(#7560),#7547,.T.);
#7562=CARTESIAN_POINT('',(1.525E0,5.6E-1,-8.8E-1));
#7563=DIRECTION('',(1.E0,0.E0,0.E0));
#7564=DIRECTION('',(0.E0,-1.E0,0.E0));
#7565=AXIS2_PLACEMENT_3D('',#7562,#7563,#7564);
#7566=PLANE('',#7565);
#7567=ORIENTED_EDGE('',*,*,#7548,.F.);
#7569=ORIENTED_EDGE('',*,*,#7568,.F.);
#7571=ORIENTED_EDGE('',*,*,#7570,.F.);
#7572=EDGE_LOOP('',(#7567,#7569,#7571));
#7573=FACE_OUTER_BOUND('',#7572,.F.);
#7574=ADVANCED_FACE('',(#7573),#7566,.T.);
#7575=CARTESIAN_POINT('',(1.02E0,4.4E-1,1.E0));
#7576=DIRECTION('',(0.E0,-1.E0,0.E0));
#7577=DIRECTION('',(1.E0,0.E0,0.E0));
#7578=AXIS2_PLACEMENT_3D('',#7575,#7576,#7577);
#7579=PLANE('',#7578);
#7581=ORIENTED_EDGE('',*,*,#7580,.F.);
#7583=ORIENTED_EDGE('',*,*,#7582,.F.);
#7585=ORIENTED_EDGE('',*,*,#7584,.F.);
#7587=ORIENTED_EDGE('',*,*,#7586,.T.);
#7589=ORIENTED_EDGE('',*,*,#7588,.F.);
#7590=EDGE_LOOP('',(#7581,#7583,#7585,#7587,#7589));
#7591=FACE_OUTER_BOUND('',#7590,.F.);
#7592=ADVANCED_FACE('',(#7591),#7579,.F.);
#7593=CARTESIAN_POINT('',(1.02E0,4.4E-1,1.E0));
#7594=DIRECTION('',(0.E0,-1.E0,0.E0));
#7595=DIRECTION('',(1.E0,0.E0,0.E0));
#7596=AXIS2_PLACEMENT_3D('',#7593,#7594,#7595);
#7597=PLANE('',#7596);
#7599=ORIENTED_EDGE('',*,*,#7598,.F.);
#7601=ORIENTED_EDGE('',*,*,#7600,.F.);
#7603=ORIENTED_EDGE('',*,*,#7602,.T.);
#7605=ORIENTED_EDGE('',*,*,#7604,.T.);
#7607=ORIENTED_EDGE('',*,*,#7606,.F.);
#7608=EDGE_LOOP('',(#7599,#7601,#7603,#7605,#7607));
#7609=FACE_OUTER_BOUND('',#7608,.F.);
#7610=ADVANCED_FACE('',(#7609),#7597,.F.);
#7611=CARTESIAN_POINT('',(1.02E0,4.4E-1,1.E0));
#7612=DIRECTION('',(0.E0,-1.E0,0.E0));
#7613=DIRECTION('',(1.E0,0.E0,0.E0));
#7614=AXIS2_PLACEMENT_3D('',#7611,#7612,#7613);
#7615=PLANE('',#7614);
#7616=ORIENTED_EDGE('',*,*,#7511,.T.);
#7618=ORIENTED_EDGE('',*,*,#7617,.F.);
#7620=ORIENTED_EDGE('',*,*,#7619,.T.);
#7622=ORIENTED_EDGE('',*,*,#7621,.F.);
#7624=ORIENTED_EDGE('',*,*,#7623,.F.);
#7626=ORIENTED_EDGE('',*,*,#7625,.F.);
#7628=ORIENTED_EDGE('',*,*,#7627,.F.);
#7630=ORIENTED_EDGE('',*,*,#7629,.F.);
#7632=ORIENTED_EDGE('',*,*,#7631,.F.);
#7634=ORIENTED_EDGE('',*,*,#7633,.T.);
#7635=ORIENTED_EDGE('',*,*,#7568,.T.);
#7636=EDGE_LOOP('',(#7616,#7618,#7620,#7622,#7624,#7626,#7628,#7630,#7632,#7634,
#7635));
#7637=FACE_OUTER_BOUND('',#7636,.F.);
#7638=ADVANCED_FACE('',(#7637),#7615,.F.);
#7639=CARTESIAN_POINT('',(1.02E0,4.4E-1,1.E0));
#7640=DIRECTION('',(0.E0,-1.E0,0.E0));
#7641=DIRECTION('',(1.E0,0.E0,0.E0));
#7642=AXIS2_PLACEMENT_3D('',#7639,#7640,#7641);
#7643=PLANE('',#7642);
#7644=ORIENTED_EDGE('',*,*,#7021,.F.);
#7646=ORIENTED_EDGE('',*,*,#7645,.F.);
#7647=ORIENTED_EDGE('',*,*,#7393,.F.);
#7649=ORIENTED_EDGE('',*,*,#7648,.F.);
#7651=ORIENTED_EDGE('',*,*,#7650,.T.);
#7653=ORIENTED_EDGE('',*,*,#7652,.F.);
#7655=ORIENTED_EDGE('',*,*,#7654,.T.);
#7657=ORIENTED_EDGE('',*,*,#7656,.F.);
#7659=ORIENTED_EDGE('',*,*,#7658,.T.);
#7661=ORIENTED_EDGE('',*,*,#7660,.T.);
#7663=ORIENTED_EDGE('',*,*,#7662,.F.);
#7664=EDGE_LOOP('',(#7644,#7646,#7647,#7649,#7651,#7653,#7655,#7657,#7659,#7661,
#7663));
#7665=FACE_OUTER_BOUND('',#7664,.F.);
#7666=ADVANCED_FACE('',(#7665),#7643,.F.);
#7667=CARTESIAN_POINT('',(1.156299423149E0,4.766450999949E-1,-8.65E-1));
#7668=DIRECTION('',(-7.241379310345E-1,0.E0,-6.896551724138E-1));
#7669=DIRECTION('',(6.896551724138E-1,0.E0,-7.241379310345E-1));
#7670=AXIS2_PLACEMENT_3D('',#7667,#7668,#7669);
#7671=PLANE('',#7670);
#7672=ORIENTED_EDGE('',*,*,#7556,.F.);
#7674=ORIENTED_EDGE('',*,*,#7673,.T.);
#7676=ORIENTED_EDGE('',*,*,#7675,.T.);
#7678=ORIENTED_EDGE('',*,*,#7677,.T.);
#7679=ORIENTED_EDGE('',*,*,#7580,.T.);
#7681=ORIENTED_EDGE('',*,*,#7680,.T.);
#7682=EDGE_LOOP('',(#7672,#7674,#7676,#7678,#7679,#7681));
#7683=FACE_OUTER_BOUND('',#7682,.F.);
#7684=ADVANCED_FACE('',(#7683),#7671,.T.);
#7685=CARTESIAN_POINT('',(1.256299423149E0,4.6E-1,-8.5E-1));
#7686=DIRECTION('',(1.E0,0.E0,0.E0));
#7687=DIRECTION('',(0.E0,0.E0,-1.E0));
#7688=AXIS2_PLACEMENT_3D('',#7685,#7686,#7687);
#7689=CYLINDRICAL_SURFACE('',#7688,1.E-1);
#7691=ORIENTED_EDGE('',*,*,#7690,.F.);
#7693=ORIENTED_EDGE('',*,*,#7692,.T.);
#7694=ORIENTED_EDGE('',*,*,#7673,.F.);
#7695=ORIENTED_EDGE('',*,*,#7554,.T.);
#7696=EDGE_LOOP('',(#7691,#7693,#7694,#7695));
#7697=FACE_OUTER_BOUND('',#7696,.F.);
#7698=ADVANCED_FACE('',(#7697),#7689,.T.);
#7699=CARTESIAN_POINT('',(1.438799423149E0,5.E-1,-7.7E-1));
#7700=DIRECTION('',(8.E-1,0.E0,6.E-1));
#7701=DIRECTION('',(6.E-1,0.E0,-8.E-1));
#7702=AXIS2_PLACEMENT_3D('',#7699,#7700,#7701);
#7703=PLANE('',#7702);
#7704=ORIENTED_EDGE('',*,*,#7552,.F.);
#7706=ORIENTED_EDGE('',*,*,#7705,.F.);
#7707=ORIENTED_EDGE('',*,*,#7631,.T.);
#7709=ORIENTED_EDGE('',*,*,#7708,.T.);
#7711=ORIENTED_EDGE('',*,*,#7710,.T.);
#7713=ORIENTED_EDGE('',*,*,#7712,.T.);
#7715=ORIENTED_EDGE('',*,*,#7714,.T.);
#7716=ORIENTED_EDGE('',*,*,#7690,.T.);
#7717=EDGE_LOOP('',(#7704,#7706,#7707,#7709,#7711,#7713,#7715,#7716));
#7718=FACE_OUTER_BOUND('',#7717,.F.);
#7719=ADVANCED_FACE('',(#7718),#7703,.T.);
#7720=CARTESIAN_POINT('',(-1.675E0,0.E0,-8.8E-1));
#7721=DIRECTION('',(0.E0,0.E0,-1.E0));
#7722=DIRECTION('',(-1.E0,0.E0,0.E0));
#7723=AXIS2_PLACEMENT_3D('',#7720,#7721,#7722);
#7724=PLANE('',#7723);
#7725=ORIENTED_EDGE('',*,*,#7171,.F.);
#7726=ORIENTED_EDGE('',*,*,#7285,.T.);
#7727=ORIENTED_EDGE('',*,*,#7092,.F.);
#7729=ORIENTED_EDGE('',*,*,#7728,.T.);
#7730=EDGE_LOOP('',(#7725,#7726,#7727,#7729));
#7731=FACE_OUTER_BOUND('',#7730,.F.);
#7732=ADVANCED_FACE('',(#7731),#7724,.F.);
#7733=CARTESIAN_POINT('',(-1.675E0,0.E0,-8.8E-1));
#7734=DIRECTION('',(0.E0,0.E0,-1.E0));
#7735=DIRECTION('',(-1.E0,0.E0,0.E0));
#7736=AXIS2_PLACEMENT_3D('',#7733,#7734,#7735);
#7737=PLANE('',#7736);
#7738=ORIENTED_EDGE('',*,*,#7550,.F.);
#7739=ORIENTED_EDGE('',*,*,#7570,.T.);
#7740=ORIENTED_EDGE('',*,*,#7633,.F.);
#7741=ORIENTED_EDGE('',*,*,#7705,.T.);
#7742=EDGE_LOOP('',(#7738,#7739,#7740,#7741));
#7743=FACE_OUTER_BOUND('',#7742,.F.);
#7744=ADVANCED_FACE('',(#7743),#7737,.F.);
#7745=CARTESIAN_POINT('',(-1.525E0,4.4E-1,-8.8E-1));
#7746=DIRECTION('',(-1.E0,0.E0,0.E0));
#7747=DIRECTION('',(0.E0,1.E0,0.E0));
#7748=AXIS2_PLACEMENT_3D('',#7745,#7746,#7747);
#7749=PLANE('',#7748);
#7750=ORIENTED_EDGE('',*,*,#7173,.F.);
#7751=ORIENTED_EDGE('',*,*,#7728,.F.);
#7752=ORIENTED_EDGE('',*,*,#7090,.T.);
#7753=EDGE_LOOP('',(#7750,#7751,#7752));
#7754=FACE_OUTER_BOUND('',#7753,.F.);
#7755=ADVANCED_FACE('',(#7754),#7749,.T.);
#7756=CARTESIAN_POINT('',(1.47E0,4.4E-1,-7.4E-1));
#7757=DIRECTION('',(0.E0,0.E0,-1.E0));
#7758=DIRECTION('',(-1.E0,0.E0,0.E0));
#7759=AXIS2_PLACEMENT_3D('',#7756,#7757,#7758);
#7760=PLANE('',#7759);
#7761=ORIENTED_EDGE('',*,*,#7708,.F.);
#7762=ORIENTED_EDGE('',*,*,#7629,.T.);
#7764=ORIENTED_EDGE('',*,*,#7763,.T.);
#7766=ORIENTED_EDGE('',*,*,#7765,.T.);
#7768=ORIENTED_EDGE('',*,*,#7767,.F.);
#7770=ORIENTED_EDGE('',*,*,#7769,.T.);
#7771=ORIENTED_EDGE('',*,*,#7584,.T.);
#7773=ORIENTED_EDGE('',*,*,#7772,.T.);
#7775=ORIENTED_EDGE('',*,*,#7774,.F.);
#7776=EDGE_LOOP('',(#7761,#7762,#7764,#7766,#7768,#7770,#7771,#7773,#7775));
#7777=FACE_OUTER_BOUND('',#7776,.F.);
#7778=ADVANCED_FACE('',(#7777),#7760,.F.);
#7779=CARTESIAN_POINT('',(1.47E0,4.6E-1,6.2E-1));
#7780=DIRECTION('',(1.E0,0.E0,0.E0));
#7781=DIRECTION('',(0.E0,0.E0,-1.E0));
#7782=AXIS2_PLACEMENT_3D('',#7779,#7780,#7781);
#7783=PLANE('',#7782);
#7785=ORIENTED_EDGE('',*,*,#7784,.F.);
#7787=ORIENTED_EDGE('',*,*,#7786,.T.);
#7789=ORIENTED_EDGE('',*,*,#7788,.F.);
#7791=ORIENTED_EDGE('',*,*,#7790,.T.);
#7792=ORIENTED_EDGE('',*,*,#7763,.F.);
#7793=ORIENTED_EDGE('',*,*,#7627,.T.);
#7794=EDGE_LOOP('',(#7785,#7787,#7789,#7791,#7792,#7793));
#7795=FACE_OUTER_BOUND('',#7794,.F.);
#7796=ADVANCED_FACE('',(#7795),#7783,.F.);
#7797=CARTESIAN_POINT('',(1.47E0,4.6E-1,6.2E-1));
#7798=DIRECTION('',(1.E0,0.E0,0.E0));
#7799=DIRECTION('',(0.E0,0.E0,-1.E0));
#7800=AXIS2_PLACEMENT_3D('',#7797,#7798,#7799);
#7801=PLANE('',#7800);
#7803=ORIENTED_EDGE('',*,*,#7802,.F.);
#7804=ORIENTED_EDGE('',*,*,#7652,.T.);
#7806=ORIENTED_EDGE('',*,*,#7805,.T.);
#7808=ORIENTED_EDGE('',*,*,#7807,.T.);
#7810=ORIENTED_EDGE('',*,*,#7809,.T.);
#7812=ORIENTED_EDGE('',*,*,#7811,.T.);
#7813=EDGE_LOOP('',(#7803,#7804,#7806,#7808,#7810,#7812));
#7814=FACE_OUTER_BOUND('',#7813,.F.);
#7815=ADVANCED_FACE('',(#7814),#7801,.F.);
#7816=CARTESIAN_POINT('',(0.E0,0.E0,-5.9E-1));
#7817=DIRECTION('',(0.E0,0.E0,1.E0));
#7818=DIRECTION('',(0.E0,1.E0,0.E0));
#7819=AXIS2_PLACEMENT_3D('',#7816,#7817,#7818);
#7820=PLANE('',#7819);
#7822=ORIENTED_EDGE('',*,*,#7821,.T.);
#7824=ORIENTED_EDGE('',*,*,#7823,.T.);
#7826=ORIENTED_EDGE('',*,*,#7825,.T.);
#7828=ORIENTED_EDGE('',*,*,#7827,.F.);
#7829=ORIENTED_EDGE('',*,*,#7784,.T.);
#7830=ORIENTED_EDGE('',*,*,#7625,.T.);
#7831=EDGE_LOOP('',(#7822,#7824,#7826,#7828,#7829,#7830));
#7832=FACE_OUTER_BOUND('',#7831,.F.);
#7833=ADVANCED_FACE('',(#7832),#7820,.F.);
#7834=CARTESIAN_POINT('',(0.E0,0.E0,-5.9E-1));
#7835=DIRECTION('',(0.E0,0.E0,1.E0));
#7836=DIRECTION('',(0.E0,1.E0,0.E0));
#7837=AXIS2_PLACEMENT_3D('',#7834,#7835,#7836);
#7838=PLANE('',#7837);
#7840=ORIENTED_EDGE('',*,*,#7839,.F.);
#7841=ORIENTED_EDGE('',*,*,#7100,.T.);
#7843=ORIENTED_EDGE('',*,*,#7842,.T.);
#7845=ORIENTED_EDGE('',*,*,#7844,.T.);
#7847=ORIENTED_EDGE('',*,*,#7846,.T.);
#7849=ORIENTED_EDGE('',*,*,#7848,.T.);
#7850=EDGE_LOOP('',(#7840,#7841,#7843,#7845,#7847,#7849));
#7851=FACE_OUTER_BOUND('',#7850,.F.);
#7852=ADVANCED_FACE('',(#7851),#7838,.F.);
#7853=CARTESIAN_POINT('',(1.575E0,4.668873756741E-1,-6.7E-1));
#7854=DIRECTION('',(-6.246950475544E-1,0.E0,-7.808688094430E-1));
#7855=DIRECTION('',(-7.808688094430E-1,0.E0,6.246950475544E-1));
#7856=AXIS2_PLACEMENT_3D('',#7853,#7854,#7855);
#7857=PLANE('',#7856);
#7859=ORIENTED_EDGE('',*,*,#7858,.T.);
#7861=ORIENTED_EDGE('',*,*,#7860,.F.);
#7863=ORIENTED_EDGE('',*,*,#7862,.T.);
#7865=ORIENTED_EDGE('',*,*,#7864,.T.);
#7866=ORIENTED_EDGE('',*,*,#7821,.F.);
#7867=ORIENTED_EDGE('',*,*,#7623,.T.);
#7868=EDGE_LOOP('',(#7859,#7861,#7863,#7865,#7866,#7867));
#7869=FACE_OUTER_BOUND('',#7868,.F.);
#7870=ADVANCED_FACE('',(#7869),#7857,.T.);
#7871=CARTESIAN_POINT('',(1.675E0,5.6E-1,-7.5E-1));
#7872=DIRECTION('',(0.E0,0.E0,1.E0));
#7873=DIRECTION('',(0.E0,-1.E0,0.E0));
#7874=AXIS2_PLACEMENT_3D('',#7871,#7872,#7873);
#7875=PLANE('',#7874);
#7876=ORIENTED_EDGE('',*,*,#7858,.F.);
#7877=ORIENTED_EDGE('',*,*,#7621,.T.);
#7879=ORIENTED_EDGE('',*,*,#7878,.F.);
#7880=EDGE_LOOP('',(#7876,#7877,#7879));
#7881=FACE_OUTER_BOUND('',#7880,.F.);
#7882=ADVANCED_FACE('',(#7881),#7875,.F.);
#7883=CARTESIAN_POINT('',(1.645E0,4.4E-1,3.6072E0));
#7884=DIRECTION('',(0.E0,0.E0,-1.E0));
#7885=DIRECTION('',(0.E0,1.E0,0.E0));
#7886=AXIS2_PLACEMENT_3D('',#7883,#7884,#7885);
#7887=CYLINDRICAL_SURFACE('',#7886,1.2E-1);
#7888=ORIENTED_EDGE('',*,*,#7860,.T.);
#7889=ORIENTED_EDGE('',*,*,#7878,.T.);
#7891=ORIENTED_EDGE('',*,*,#7890,.F.);
#7893=ORIENTED_EDGE('',*,*,#7892,.T.);
#7895=ORIENTED_EDGE('',*,*,#7894,.T.);
#7897=ORIENTED_EDGE('',*,*,#7896,.T.);
#7898=EDGE_LOOP('',(#7888,#7889,#7891,#7893,#7895,#7897));
#7899=FACE_OUTER_BOUND('',#7898,.F.);
#7900=ADVANCED_FACE('',(#7899),#7887,.T.);
#7901=CARTESIAN_POINT('',(1.765E0,4.4E-1,-8.8E-1));
#7902=DIRECTION('',(1.E0,0.E0,0.E0));
#7903=DIRECTION('',(0.E0,-1.E0,0.E0));
#7904=AXIS2_PLACEMENT_3D('',#7901,#7902,#7903);
#7905=PLANE('',#7904);
#7907=ORIENTED_EDGE('',*,*,#7906,.T.);
#7909=ORIENTED_EDGE('',*,*,#7908,.F.);
#7911=ORIENTED_EDGE('',*,*,#7910,.T.);
#7913=ORIENTED_EDGE('',*,*,#7912,.F.);
#7915=ORIENTED_EDGE('',*,*,#7914,.T.);
#7916=ORIENTED_EDGE('',*,*,#7660,.F.);
#7917=ORIENTED_EDGE('',*,*,#7890,.T.);
#7918=ORIENTED_EDGE('',*,*,#7619,.F.);
#7920=ORIENTED_EDGE('',*,*,#7919,.T.);
#7922=ORIENTED_EDGE('',*,*,#7921,.F.);
#7924=ORIENTED_EDGE('',*,*,#7923,.T.);
#7926=ORIENTED_EDGE('',*,*,#7925,.T.);
#7928=ORIENTED_EDGE('',*,*,#7927,.T.);
#7930=ORIENTED_EDGE('',*,*,#7929,.T.);
#7932=ORIENTED_EDGE('',*,*,#7931,.T.);
#7934=ORIENTED_EDGE('',*,*,#7933,.T.);
#7936=ORIENTED_EDGE('',*,*,#7935,.T.);
#7938=ORIENTED_EDGE('',*,*,#7937,.T.);
#7939=EDGE_LOOP('',(#7907,#7909,#7911,#7913,#7915,#7916,#7917,#7918,#7920,#7922,
#7924,#7926,#7928,#7930,#7932,#7934,#7936,#7938));
#7940=FACE_OUTER_BOUND('',#7939,.F.);
#7941=ADVANCED_FACE('',(#7940),#7905,.T.);
#7942=CARTESIAN_POINT('',(-1.675E0,2.86E-1,3.7E-1));
#7943=DIRECTION('',(0.E0,0.E0,-1.E0));
#7944=DIRECTION('',(0.E0,-1.E0,0.E0));
#7945=AXIS2_PLACEMENT_3D('',#7942,#7943,#7944);
#7946=PLANE('',#7945);
#7947=ORIENTED_EDGE('',*,*,#7906,.F.);
#7949=ORIENTED_EDGE('',*,*,#7948,.F.);
#7951=ORIENTED_EDGE('',*,*,#7950,.T.);
#7953=ORIENTED_EDGE('',*,*,#7952,.T.);
#7955=ORIENTED_EDGE('',*,*,#7954,.F.);
#7957=ORIENTED_EDGE('',*,*,#7956,.F.);
#7959=ORIENTED_EDGE('',*,*,#7958,.F.);
#7961=ORIENTED_EDGE('',*,*,#7960,.F.);
#7963=ORIENTED_EDGE('',*,*,#7962,.F.);
#7965=ORIENTED_EDGE('',*,*,#7964,.F.);
#7967=ORIENTED_EDGE('',*,*,#7966,.F.);
#7969=ORIENTED_EDGE('',*,*,#7968,.F.);
#7970=EDGE_LOOP('',(#7947,#7949,#7951,#7953,#7955,#7957,#7959,#7961,#7963,#7965,
#7967,#7969));
#7971=FACE_OUTER_BOUND('',#7970,.F.);
#7972=ADVANCED_FACE('',(#7971),#7946,.T.);
#7973=CARTESIAN_POINT('',(-1.675E0,2.86E-1,3.7E-1));
#7974=DIRECTION('',(0.E0,0.E0,-1.E0));
#7975=DIRECTION('',(0.E0,-1.E0,0.E0));
#7976=AXIS2_PLACEMENT_3D('',#7973,#7974,#7975);
#7977=PLANE('',#7976);
#7979=ORIENTED_EDGE('',*,*,#7978,.F.);
#7981=ORIENTED_EDGE('',*,*,#7980,.F.);
#7983=ORIENTED_EDGE('',*,*,#7982,.F.);
#7985=ORIENTED_EDGE('',*,*,#7984,.F.);
#7987=ORIENTED_EDGE('',*,*,#7986,.F.);
#7989=ORIENTED_EDGE('',*,*,#7988,.F.);
#7991=ORIENTED_EDGE('',*,*,#7990,.F.);
#7993=ORIENTED_EDGE('',*,*,#7992,.F.);
#7995=ORIENTED_EDGE('',*,*,#7994,.F.);
#7997=ORIENTED_EDGE('',*,*,#7996,.F.);
#7999=ORIENTED_EDGE('',*,*,#7998,.F.);
#8001=ORIENTED_EDGE('',*,*,#8000,.T.);
#8002=EDGE_LOOP('',(#7979,#7981,#7983,#7985,#7987,#7989,#7991,#7993,#7995,#7997,
#7999,#8001));
#8003=FACE_OUTER_BOUND('',#8002,.F.);
#8004=ADVANCED_FACE('',(#8003),#7977,.T.);
#8005=CARTESIAN_POINT('',(1.675E0,2.86E-1,-3.7E-1));
#8006=DIRECTION('',(0.E0,1.E0,0.E0));
#8007=DIRECTION('',(0.E0,0.E0,1.E0));
#8008=AXIS2_PLACEMENT_3D('',#8005,#8006,#8007);
#8009=PLANE('',#8008);
#8011=ORIENTED_EDGE('',*,*,#8010,.F.);
#8013=ORIENTED_EDGE('',*,*,#8012,.T.);
#8014=ORIENTED_EDGE('',*,*,#7948,.T.);
#8015=ORIENTED_EDGE('',*,*,#7937,.F.);
#8017=ORIENTED_EDGE('',*,*,#8016,.F.);
#8019=ORIENTED_EDGE('',*,*,#8018,.F.);
#8021=ORIENTED_EDGE('',*,*,#8020,.T.);
#8022=ORIENTED_EDGE('',*,*,#7929,.F.);
#8023=EDGE_LOOP('',(#8011,#8013,#8014,#8015,#8017,#8019,#8021,#8022));
#8024=FACE_OUTER_BOUND('',#8023,.F.);
#8025=ADVANCED_FACE('',(#8024),#8009,.F.);
#8026=CARTESIAN_POINT('',(-1.675E0,1.5E-1,-3.7E-1));
#8027=DIRECTION('',(0.E0,0.E0,1.E0));
#8028=DIRECTION('',(0.E0,1.E0,0.E0));
#8029=AXIS2_PLACEMENT_3D('',#8026,#8027,#8028);
#8030=PLANE('',#8029);
#8032=ORIENTED_EDGE('',*,*,#8031,.T.);
#8034=ORIENTED_EDGE('',*,*,#8033,.F.);
#8036=ORIENTED_EDGE('',*,*,#8035,.T.);
#8037=ORIENTED_EDGE('',*,*,#8010,.T.);
#8038=ORIENTED_EDGE('',*,*,#7927,.F.);
#8040=ORIENTED_EDGE('',*,*,#8039,.T.);
#8042=ORIENTED_EDGE('',*,*,#8041,.T.);
#8044=ORIENTED_EDGE('',*,*,#8043,.T.);
#8046=ORIENTED_EDGE('',*,*,#8045,.T.);
#8048=ORIENTED_EDGE('',*,*,#8047,.T.);
#8050=ORIENTED_EDGE('',*,*,#8049,.T.);
#8052=ORIENTED_EDGE('',*,*,#8051,.T.);
#8053=EDGE_LOOP('',(#8032,#8034,#8036,#8037,#8038,#8040,#8042,#8044,#8046,#8048,
#8050,#8052));
#8054=FACE_OUTER_BOUND('',#8053,.F.);
#8055=ADVANCED_FACE('',(#8054),#8030,.T.);
#8056=CARTESIAN_POINT('',(-1.675E0,1.5E-1,-3.7E-1));
#8057=DIRECTION('',(0.E0,0.E0,1.E0));
#8058=DIRECTION('',(0.E0,1.E0,0.E0));
#8059=AXIS2_PLACEMENT_3D('',#8056,#8057,#8058);
#8060=PLANE('',#8059);
#8062=ORIENTED_EDGE('',*,*,#8061,.T.);
#8064=ORIENTED_EDGE('',*,*,#8063,.T.);
#8066=ORIENTED_EDGE('',*,*,#8065,.T.);
#8068=ORIENTED_EDGE('',*,*,#8067,.T.);
#8070=ORIENTED_EDGE('',*,*,#8069,.T.);
#8072=ORIENTED_EDGE('',*,*,#8071,.T.);
#8074=ORIENTED_EDGE('',*,*,#8073,.T.);
#8076=ORIENTED_EDGE('',*,*,#8075,.T.);
#8078=ORIENTED_EDGE('',*,*,#8077,.T.);
#8080=ORIENTED_EDGE('',*,*,#8079,.F.);
#8082=ORIENTED_EDGE('',*,*,#8081,.F.);
#8084=ORIENTED_EDGE('',*,*,#8083,.F.);
#8085=EDGE_LOOP('',(#8062,#8064,#8066,#8068,#8070,#8072,#8074,#8076,#8078,#8080,
#8082,#8084));
#8086=FACE_OUTER_BOUND('',#8085,.F.);
#8087=ADVANCED_FACE('',(#8086),#8060,.T.);
#8088=CARTESIAN_POINT('',(1.685E0,1.E-1,-5.95E-1));
#8089=DIRECTION('',(-1.E0,0.E0,0.E0));
#8090=DIRECTION('',(0.E0,1.E0,0.E0));
#8091=AXIS2_PLACEMENT_3D('',#8088,#8089,#8090);
#8092=PLANE('',#8091);
#8094=ORIENTED_EDGE('',*,*,#8093,.T.);
#8095=ORIENTED_EDGE('',*,*,#8031,.F.);
#8097=ORIENTED_EDGE('',*,*,#8096,.F.);
#8099=ORIENTED_EDGE('',*,*,#8098,.T.);
#8100=EDGE_LOOP('',(#8094,#8095,#8097,#8099));
#8101=FACE_OUTER_BOUND('',#8100,.F.);
#8102=ADVANCED_FACE('',(#8101),#8092,.T.);
#8103=CARTESIAN_POINT('',(1.675E0,1.5E-1,-5.95E-1));
#8104=DIRECTION('',(0.E0,1.E0,0.E0));
#8105=DIRECTION('',(0.E0,0.E0,1.E0));
#8106=AXIS2_PLACEMENT_3D('',#8103,#8104,#8105);
#8107=PLANE('',#8106);
#8109=ORIENTED_EDGE('',*,*,#8108,.F.);
#8111=ORIENTED_EDGE('',*,*,#8110,.T.);
#8112=ORIENTED_EDGE('',*,*,#8033,.T.);
#8113=ORIENTED_EDGE('',*,*,#8093,.F.);
#8114=EDGE_LOOP('',(#8109,#8111,#8112,#8113));
#8115=FACE_OUTER_BOUND('',#8114,.F.);
#8116=ADVANCED_FACE('',(#8115),#8107,.F.);
#8117=CARTESIAN_POINT('',(-1.675E0,2.5E-1,-5.95E-1));
#8118=DIRECTION('',(0.E0,0.E0,-1.E0));
#8119=DIRECTION('',(0.E0,-1.E0,0.E0));
#8120=AXIS2_PLACEMENT_3D('',#8117,#8118,#8119);
#8121=PLANE('',#8120);
#8122=ORIENTED_EDGE('',*,*,#7923,.F.);
#8124=ORIENTED_EDGE('',*,*,#8123,.F.);
#8126=ORIENTED_EDGE('',*,*,#8125,.T.);
#8127=ORIENTED_EDGE('',*,*,#8108,.T.);
#8128=ORIENTED_EDGE('',*,*,#8098,.F.);
#8130=ORIENTED_EDGE('',*,*,#8129,.F.);
#8132=ORIENTED_EDGE('',*,*,#8131,.F.);
#8134=ORIENTED_EDGE('',*,*,#8133,.F.);
#8136=ORIENTED_EDGE('',*,*,#8135,.F.);
#8138=ORIENTED_EDGE('',*,*,#8137,.F.);
#8140=ORIENTED_EDGE('',*,*,#8139,.F.);
#8142=ORIENTED_EDGE('',*,*,#8141,.F.);
#8143=EDGE_LOOP('',(#8122,#8124,#8126,#8127,#8128,#8130,#8132,#8134,#8136,#8138,
#8140,#8142));
#8144=FACE_OUTER_BOUND('',#8143,.F.);
#8145=ADVANCED_FACE('',(#8144),#8121,.T.);
#8146=CARTESIAN_POINT('',(-1.675E0,2.5E-1,-5.95E-1));
#8147=DIRECTION('',(0.E0,0.E0,-1.E0));
#8148=DIRECTION('',(0.E0,-1.E0,0.E0));
#8149=AXIS2_PLACEMENT_3D('',#8146,#8147,#8148);
#8150=PLANE('',#8149);
#8152=ORIENTED_EDGE('',*,*,#8151,.F.);
#8154=ORIENTED_EDGE('',*,*,#8153,.F.);
#8156=ORIENTED_EDGE('',*,*,#8155,.F.);
#8158=ORIENTED_EDGE('',*,*,#8157,.F.);
#8160=ORIENTED_EDGE('',*,*,#8159,.F.);
#8162=ORIENTED_EDGE('',*,*,#8161,.F.);
#8164=ORIENTED_EDGE('',*,*,#8163,.F.);
#8166=ORIENTED_EDGE('',*,*,#8165,.F.);
#8168=ORIENTED_EDGE('',*,*,#8167,.F.);
#8170=ORIENTED_EDGE('',*,*,#8169,.F.);
#8172=ORIENTED_EDGE('',*,*,#8171,.F.);
#8174=ORIENTED_EDGE('',*,*,#8173,.T.);
#8175=EDGE_LOOP('',(#8152,#8154,#8156,#8158,#8160,#8162,#8164,#8166,#8168,#8170,
#8172,#8174));
#8176=FACE_OUTER_BOUND('',#8175,.F.);
#8177=ADVANCED_FACE('',(#8176),#8150,.T.);
#8178=CARTESIAN_POINT('',(1.765E0,2.5E-1,-8.8E-1));
#8179=DIRECTION('',(0.E0,-1.E0,0.E0));
#8180=DIRECTION('',(-1.E0,0.E0,0.E0));
#8181=AXIS2_PLACEMENT_3D('',#8178,#8179,#8180);
#8182=PLANE('',#8181);
#8184=ORIENTED_EDGE('',*,*,#8183,.F.);
#8185=ORIENTED_EDGE('',*,*,#7507,.T.);
#8187=ORIENTED_EDGE('',*,*,#8186,.F.);
#8189=ORIENTED_EDGE('',*,*,#8188,.F.);
#8191=ORIENTED_EDGE('',*,*,#8190,.T.);
#8192=ORIENTED_EDGE('',*,*,#8123,.T.);
#8193=ORIENTED_EDGE('',*,*,#7921,.T.);
#8194=EDGE_LOOP('',(#8184,#8185,#8187,#8189,#8191,#8192,#8193));
#8195=FACE_OUTER_BOUND('',#8194,.F.);
#8196=ADVANCED_FACE('',(#8195),#8182,.T.);
#8197=CARTESIAN_POINT('',(1.645E0,1.316088E0,-8.5E-1));
#8198=DIRECTION('',(0.E0,-1.E0,0.E0));
#8199=DIRECTION('',(0.E0,0.E0,-1.E0));
#8200=AXIS2_PLACEMENT_3D('',#8197,#8198,#8199);
#8201=CYLINDRICAL_SURFACE('',#8200,1.2E-1);
#8202=ORIENTED_EDGE('',*,*,#8183,.T.);
#8203=ORIENTED_EDGE('',*,*,#7919,.F.);
#8204=ORIENTED_EDGE('',*,*,#7617,.T.);
#8205=ORIENTED_EDGE('',*,*,#7509,.T.);
#8206=EDGE_LOOP('',(#8202,#8203,#8204,#8205));
#8207=FACE_OUTER_BOUND('',#8206,.F.);
#8208=ADVANCED_FACE('',(#8207),#8201,.T.);
#8209=CARTESIAN_POINT('',(1.38E0,2.5E-1,-8.8E-1));
#8210=DIRECTION('',(7.071067811865E-1,-7.071067811865E-1,0.E0));
#8211=DIRECTION('',(-7.071067811865E-1,-7.071067811865E-1,0.E0));
#8212=AXIS2_PLACEMENT_3D('',#8209,#8210,#8211);
#8213=PLANE('',#8212);
#8215=ORIENTED_EDGE('',*,*,#8214,.F.);
#8216=ORIENTED_EDGE('',*,*,#8186,.T.);
#8217=ORIENTED_EDGE('',*,*,#7505,.T.);
#8219=ORIENTED_EDGE('',*,*,#8218,.F.);
#8220=EDGE_LOOP('',(#8215,#8216,#8217,#8219));
#8221=FACE_OUTER_BOUND('',#8220,.F.);
#8222=ADVANCED_FACE('',(#8221),#8213,.T.);
#8223=CARTESIAN_POINT('',(1.41E0,0.E0,-8.8E-1));
#8224=DIRECTION('',(0.E0,0.E0,-1.E0));
#8225=DIRECTION('',(-1.E0,0.E0,0.E0));
#8226=AXIS2_PLACEMENT_3D('',#8223,#8224,#8225);
#8227=PLANE('',#8226);
#8229=ORIENTED_EDGE('',*,*,#8228,.F.);
#8231=ORIENTED_EDGE('',*,*,#8230,.F.);
#8233=ORIENTED_EDGE('',*,*,#8232,.F.);
#8235=ORIENTED_EDGE('',*,*,#8234,.T.);
#8237=ORIENTED_EDGE('',*,*,#8236,.F.);
#8238=ORIENTED_EDGE('',*,*,#6749,.T.);
#8240=ORIENTED_EDGE('',*,*,#8239,.T.);
#8242=ORIENTED_EDGE('',*,*,#8241,.T.);
#8244=ORIENTED_EDGE('',*,*,#8243,.F.);
#8245=ORIENTED_EDGE('',*,*,#8188,.T.);
#8246=ORIENTED_EDGE('',*,*,#8214,.T.);
#8248=ORIENTED_EDGE('',*,*,#8247,.T.);
#8249=EDGE_LOOP('',(#8229,#8231,#8233,#8235,#8237,#8238,#8240,#8242,#8244,#8245,
#8246,#8248));
#8250=FACE_OUTER_BOUND('',#8249,.F.);
#8251=ADVANCED_FACE('',(#8250),#8227,.T.);
#8252=CARTESIAN_POINT('',(1.41E0,0.E0,-8.8E-1));
#8253=DIRECTION('',(0.E0,0.E0,-1.E0));
#8254=DIRECTION('',(-1.E0,0.E0,0.E0));
#8255=AXIS2_PLACEMENT_3D('',#8252,#8253,#8254);
#8256=PLANE('',#8255);
#8257=ORIENTED_EDGE('',*,*,#7588,.T.);
#8259=ORIENTED_EDGE('',*,*,#8258,.F.);
#8261=ORIENTED_EDGE('',*,*,#8260,.F.);
#8263=ORIENTED_EDGE('',*,*,#8262,.T.);
#8265=ORIENTED_EDGE('',*,*,#8264,.T.);
#8267=ORIENTED_EDGE('',*,*,#8266,.T.);
#8269=ORIENTED_EDGE('',*,*,#8268,.F.);
#8271=ORIENTED_EDGE('',*,*,#8270,.T.);
#8272=EDGE_LOOP('',(#8257,#8259,#8261,#8263,#8265,#8267,#8269,#8271));
#8273=FACE_OUTER_BOUND('',#8272,.F.);
#8274=ADVANCED_FACE('',(#8273),#8256,.T.);
#8275=CARTESIAN_POINT('',(8.05E-1,6.E-2,-8.8E-1));
#8276=DIRECTION('',(-1.E0,0.E0,0.E0));
#8277=DIRECTION('',(0.E0,1.E0,0.E0));
#8278=AXIS2_PLACEMENT_3D('',#8275,#8276,#8277);
#8279=PLANE('',#8278);
#8281=ORIENTED_EDGE('',*,*,#8280,.F.);
#8282=ORIENTED_EDGE('',*,*,#7031,.T.);
#8284=ORIENTED_EDGE('',*,*,#8283,.F.);
#8286=ORIENTED_EDGE('',*,*,#8285,.T.);
#8288=ORIENTED_EDGE('',*,*,#8287,.F.);
#8290=ORIENTED_EDGE('',*,*,#8289,.T.);
#8292=ORIENTED_EDGE('',*,*,#8291,.T.);
#8294=ORIENTED_EDGE('',*,*,#8293,.T.);
#8296=ORIENTED_EDGE('',*,*,#8295,.T.);
#8298=ORIENTED_EDGE('',*,*,#8297,.T.);
#8300=ORIENTED_EDGE('',*,*,#8299,.T.);
#8302=ORIENTED_EDGE('',*,*,#8301,.T.);
#8303=EDGE_LOOP('',(#8281,#8282,#8284,#8286,#8288,#8290,#8292,#8294,#8296,#8298,
#8300,#8302));
#8304=FACE_OUTER_BOUND('',#8303,.F.);
#8305=ADVANCED_FACE('',(#8304),#8279,.T.);
#8306=CARTESIAN_POINT('',(8.05E-1,6.E-2,-8.8E-1));
#8307=DIRECTION('',(-1.E0,0.E0,0.E0));
#8308=DIRECTION('',(0.E0,1.E0,0.E0));
#8309=AXIS2_PLACEMENT_3D('',#8306,#8307,#8308);
#8310=PLANE('',#8309);
#8312=ORIENTED_EDGE('',*,*,#8311,.F.);
#8314=ORIENTED_EDGE('',*,*,#8313,.F.);
#8316=ORIENTED_EDGE('',*,*,#8315,.T.);
#8318=ORIENTED_EDGE('',*,*,#8317,.T.);
#8320=ORIENTED_EDGE('',*,*,#8319,.T.);
#8322=ORIENTED_EDGE('',*,*,#8321,.T.);
#8324=ORIENTED_EDGE('',*,*,#8323,.T.);
#8326=ORIENTED_EDGE('',*,*,#8325,.F.);
#8328=ORIENTED_EDGE('',*,*,#8327,.F.);
#8329=ORIENTED_EDGE('',*,*,#8228,.T.);
#8331=ORIENTED_EDGE('',*,*,#8330,.T.);
#8332=ORIENTED_EDGE('',*,*,#7501,.T.);
#8333=EDGE_LOOP('',(#8312,#8314,#8316,#8318,#8320,#8322,#8324,#8326,#8328,#8329,
#8331,#8332));
#8334=FACE_OUTER_BOUND('',#8333,.F.);
#8335=ADVANCED_FACE('',(#8334),#8310,.T.);
#8336=CARTESIAN_POINT('',(6.94386E0,3.2E-1,8.5E-1));
#8337=DIRECTION('',(-1.E0,0.E0,0.E0));
#8338=DIRECTION('',(0.E0,0.E0,1.E0));
#8339=AXIS2_PLACEMENT_3D('',#8336,#8337,#8338);
#8340=CYLINDRICAL_SURFACE('',#8339,1.2E-1);
#8341=ORIENTED_EDGE('',*,*,#8280,.T.);
#8343=ORIENTED_EDGE('',*,*,#8342,.F.);
#8345=ORIENTED_EDGE('',*,*,#8344,.T.);
#8346=ORIENTED_EDGE('',*,*,#7033,.T.);
#8347=EDGE_LOOP('',(#8341,#8343,#8345,#8346));
#8348=FACE_OUTER_BOUND('',#8347,.F.);
#8349=ADVANCED_FACE('',(#8348),#8340,.T.);
#8350=CARTESIAN_POINT('',(8.05E-1,4.4E-1,6.84E-1));
#8351=DIRECTION('',(0.E0,-1.E0,0.E0));
#8352=DIRECTION('',(0.E0,0.E0,1.E0));
#8353=AXIS2_PLACEMENT_3D('',#8350,#8351,#8352);
#8354=PLANE('',#8353);
#8355=ORIENTED_EDGE('',*,*,#8342,.T.);
#8356=ORIENTED_EDGE('',*,*,#8301,.F.);
#8358=ORIENTED_EDGE('',*,*,#8357,.T.);
#8360=ORIENTED_EDGE('',*,*,#8359,.T.);
#8361=EDGE_LOOP('',(#8355,#8356,#8358,#8360));
#8362=FACE_OUTER_BOUND('',#8361,.F.);
#8363=ADVANCED_FACE('',(#8362),#8354,.F.);
#8364=CARTESIAN_POINT('',(8.05E-1,3.5E-1,6.84E-1));
#8365=DIRECTION('',(1.E0,0.E0,0.E0));
#8366=DIRECTION('',(0.E0,0.E0,-1.E0));
#8367=AXIS2_PLACEMENT_3D('',#8364,#8365,#8366);
#8368=CYLINDRICAL_SURFACE('',#8367,9.E-2);
#8369=ORIENTED_EDGE('',*,*,#8299,.F.);
#8371=ORIENTED_EDGE('',*,*,#8370,.T.);
#8373=ORIENTED_EDGE('',*,*,#8372,.T.);
#8374=ORIENTED_EDGE('',*,*,#8357,.F.);
#8375=EDGE_LOOP('',(#8369,#8371,#8373,#8374));
#8376=FACE_OUTER_BOUND('',#8375,.F.);
#8377=ADVANCED_FACE('',(#8376),#8368,.T.);
#8378=CARTESIAN_POINT('',(8.05E-1,3.678508848718E-1,5.814920148722E-1));
#8379=DIRECTION('',(0.E0,-6.427876096865E-1,7.660444431190E-1));
#8380=DIRECTION('',(0.E0,7.660444431190E-1,6.427876096865E-1));
#8381=AXIS2_PLACEMENT_3D('',#8378,#8379,#8380);
#8382=PLANE('',#8381);
#8383=ORIENTED_EDGE('',*,*,#8297,.F.);
#8385=ORIENTED_EDGE('',*,*,#8384,.T.);
#8387=ORIENTED_EDGE('',*,*,#8386,.T.);
#8388=ORIENTED_EDGE('',*,*,#8370,.F.);
#8389=EDGE_LOOP('',(#8383,#8385,#8387,#8388));
#8390=FACE_OUTER_BOUND('',#8389,.F.);
#8391=ADVANCED_FACE('',(#8390),#8382,.F.);
#8392=CARTESIAN_POINT('',(8.05E-1,3.1E-1,6.504360147529E-1));
#8393=DIRECTION('',(1.E0,0.E0,0.E0));
#8394=DIRECTION('',(0.E0,0.E0,-1.E0));
#8395=AXIS2_PLACEMENT_3D('',#8392,#8393,#8394);
#8396=CYLINDRICAL_SURFACE('',#8395,9.E-2);
#8397=ORIENTED_EDGE('',*,*,#8295,.F.);
#8399=ORIENTED_EDGE('',*,*,#8398,.T.);
#8401=ORIENTED_EDGE('',*,*,#8400,.T.);
#8402=ORIENTED_EDGE('',*,*,#8384,.F.);
#8403=EDGE_LOOP('',(#8397,#8399,#8401,#8402));
#8404=FACE_OUTER_BOUND('',#8403,.F.);
#8405=ADVANCED_FACE('',(#8404),#8396,.T.);
#8406=CARTESIAN_POINT('',(8.05E-1,1.78E-1,5.92E-1));
#8407=DIRECTION('',(0.E0,2.535923447086E-1,9.673111819395E-1));
#8408=DIRECTION('',(0.E0,9.673111819395E-1,-2.535923447086E-1));
#8409=AXIS2_PLACEMENT_3D('',#8406,#8407,#8408);
#8410=PLANE('',#8409);
#8411=ORIENTED_EDGE('',*,*,#8293,.F.);
#8413=ORIENTED_EDGE('',*,*,#8412,.T.);
#8415=ORIENTED_EDGE('',*,*,#8414,.T.);
#8416=ORIENTED_EDGE('',*,*,#8398,.F.);
#8417=EDGE_LOOP('',(#8411,#8413,#8415,#8416));
#8418=FACE_OUTER_BOUND('',#8417,.F.);
#8419=ADVANCED_FACE('',(#8418),#8410,.F.);
#8420=CARTESIAN_POINT('',(8.05E-1,2.770972792309E-1,9.7E-1));
#8421=DIRECTION('',(0.E0,9.673111819395E-1,-2.535923447086E-1));
#8422=DIRECTION('',(0.E0,-2.535923447086E-1,-9.673111819395E-1));
#8423=AXIS2_PLACEMENT_3D('',#8420,#8421,#8422);
#8424=PLANE('',#8423);
#8425=ORIENTED_EDGE('',*,*,#8291,.F.);
#8427=ORIENTED_EDGE('',*,*,#8426,.F.);
#8429=ORIENTED_EDGE('',*,*,#8428,.T.);
#8430=ORIENTED_EDGE('',*,*,#8412,.F.);
#8431=EDGE_LOOP('',(#8425,#8427,#8429,#8430));
#8432=FACE_OUTER_BOUND('',#8431,.F.);
#8433=ADVANCED_FACE('',(#8432),#8424,.F.);
#8434=CARTESIAN_POINT('',(7.65E-1,4.6E-1,7.1E-1));
#8435=DIRECTION('',(0.E0,0.E0,1.E0));
#8436=DIRECTION('',(1.E0,0.E0,0.E0));
#8437=AXIS2_PLACEMENT_3D('',#8434,#8435,#8436);
#8438=PLANE('',#8437);
#8439=ORIENTED_EDGE('',*,*,#8289,.F.);
#8441=ORIENTED_EDGE('',*,*,#8440,.T.);
#8443=ORIENTED_EDGE('',*,*,#8442,.T.);
#8445=ORIENTED_EDGE('',*,*,#8444,.T.);
#8447=ORIENTED_EDGE('',*,*,#8446,.F.);
#8449=ORIENTED_EDGE('',*,*,#8448,.T.);
#8451=ORIENTED_EDGE('',*,*,#8450,.F.);
#8453=ORIENTED_EDGE('',*,*,#8452,.T.);
#8455=ORIENTED_EDGE('',*,*,#8454,.T.);
#8456=ORIENTED_EDGE('',*,*,#8426,.T.);
#8457=EDGE_LOOP('',(#8439,#8441,#8443,#8445,#8447,#8449,#8451,#8453,#8455,
#8456));
#8458=FACE_OUTER_BOUND('',#8457,.F.);
#8459=ADVANCED_FACE('',(#8458),#8438,.F.);
#8460=CARTESIAN_POINT('',(7.65E-1,3.4E-1,1.E0));
#8461=DIRECTION('',(0.E0,-1.E0,0.E0));
#8462=DIRECTION('',(1.E0,0.E0,0.E0));
#8463=AXIS2_PLACEMENT_3D('',#8460,#8461,#8462);
#8464=PLANE('',#8463);
#8465=ORIENTED_EDGE('',*,*,#8327,.T.);
#8467=ORIENTED_EDGE('',*,*,#8466,.F.);
#8469=ORIENTED_EDGE('',*,*,#8468,.T.);
#8470=ORIENTED_EDGE('',*,*,#8230,.T.);
#8471=EDGE_LOOP('',(#8465,#8467,#8469,#8470));
#8472=FACE_OUTER_BOUND('',#8471,.F.);
#8473=ADVANCED_FACE('',(#8472),#8464,.F.);
#8474=CARTESIAN_POINT('',(7.65E-1,3.4E-1,1.E0));
#8475=DIRECTION('',(0.E0,-1.E0,0.E0));
#8476=DIRECTION('',(1.E0,0.E0,0.E0));
#8477=AXIS2_PLACEMENT_3D('',#8474,#8475,#8476);
#8478=PLANE('',#8477);
#8479=ORIENTED_EDGE('',*,*,#8287,.T.);
#8481=ORIENTED_EDGE('',*,*,#8480,.F.);
#8483=ORIENTED_EDGE('',*,*,#8482,.T.);
#8484=ORIENTED_EDGE('',*,*,#8440,.F.);
#8485=EDGE_LOOP('',(#8479,#8481,#8483,#8484));
#8486=FACE_OUTER_BOUND('',#8485,.F.);
#8487=ADVANCED_FACE('',(#8486),#8478,.F.);
#8488=CARTESIAN_POINT('',(7.65E-1,3.4E-1,1.E0));
#8489=DIRECTION('',(0.E0,-1.E0,0.E0));
#8490=DIRECTION('',(1.E0,0.E0,0.E0));
#8491=AXIS2_PLACEMENT_3D('',#8488,#8489,#8490);
#8492=PLANE('',#8491);
#8494=ORIENTED_EDGE('',*,*,#8493,.F.);
#8495=ORIENTED_EDGE('',*,*,#8260,.T.);
#8497=ORIENTED_EDGE('',*,*,#8496,.F.);
#8499=ORIENTED_EDGE('',*,*,#8498,.T.);
#8501=ORIENTED_EDGE('',*,*,#8500,.F.);
#8502=EDGE_LOOP('',(#8494,#8495,#8497,#8499,#8501));
#8503=FACE_OUTER_BOUND('',#8502,.F.);
#8504=ADVANCED_FACE('',(#8503),#8492,.F.);
#8505=CARTESIAN_POINT('',(7.65E-1,3.4E-1,1.E0));
#8506=DIRECTION('',(0.E0,-1.E0,0.E0));
#8507=DIRECTION('',(1.E0,0.E0,0.E0));
#8508=AXIS2_PLACEMENT_3D('',#8505,#8506,#8507);
#8509=PLANE('',#8508);
#8511=ORIENTED_EDGE('',*,*,#8510,.F.);
#8512=ORIENTED_EDGE('',*,*,#8452,.F.);
#8514=ORIENTED_EDGE('',*,*,#8513,.T.);
#8516=ORIENTED_EDGE('',*,*,#8515,.F.);
#8518=ORIENTED_EDGE('',*,*,#8517,.F.);
#8519=EDGE_LOOP('',(#8511,#8512,#8514,#8516,#8518));
#8520=FACE_OUTER_BOUND('',#8519,.F.);
#8521=ADVANCED_FACE('',(#8520),#8509,.F.);
#8522=CARTESIAN_POINT('',(9.85E-1,4.6E-1,-7.1E-1));
#8523=DIRECTION('',(0.E0,0.E0,-1.E0));
#8524=DIRECTION('',(-1.E0,0.E0,0.E0));
#8525=AXIS2_PLACEMENT_3D('',#8522,#8523,#8524);
#8526=PLANE('',#8525);
#8527=ORIENTED_EDGE('',*,*,#8325,.T.);
#8529=ORIENTED_EDGE('',*,*,#8528,.F.);
#8531=ORIENTED_EDGE('',*,*,#8530,.F.);
#8532=ORIENTED_EDGE('',*,*,#8500,.T.);
#8534=ORIENTED_EDGE('',*,*,#8533,.T.);
#8536=ORIENTED_EDGE('',*,*,#8535,.T.);
#8538=ORIENTED_EDGE('',*,*,#8537,.T.);
#8540=ORIENTED_EDGE('',*,*,#8539,.T.);
#8542=ORIENTED_EDGE('',*,*,#8541,.F.);
#8543=ORIENTED_EDGE('',*,*,#8466,.T.);
#8544=EDGE_LOOP('',(#8527,#8529,#8531,#8532,#8534,#8536,#8538,#8540,#8542,
#8543));
#8545=FACE_OUTER_BOUND('',#8544,.F.);
#8546=ADVANCED_FACE('',(#8545),#8526,.F.);
#8547=CARTESIAN_POINT('',(8.05E-1,1.78E-1,-5.92E-1));
#8548=DIRECTION('',(0.E0,9.673111819395E-1,2.535923447086E-1));
#8549=DIRECTION('',(0.E0,2.535923447086E-1,-9.673111819395E-1));
#8550=AXIS2_PLACEMENT_3D('',#8547,#8548,#8549);
#8551=PLANE('',#8550);
#8552=ORIENTED_EDGE('',*,*,#8323,.F.);
#8554=ORIENTED_EDGE('',*,*,#8553,.T.);
#8556=ORIENTED_EDGE('',*,*,#8555,.T.);
#8557=ORIENTED_EDGE('',*,*,#8528,.T.);
#8558=EDGE_LOOP('',(#8552,#8554,#8556,#8557));
#8559=FACE_OUTER_BOUND('',#8558,.F.);
#8560=ADVANCED_FACE('',(#8559),#8551,.F.);
#8561=CARTESIAN_POINT('',(8.05E-1,2.871766889762E-1,-5.633780083784E-1));
#8562=DIRECTION('',(0.E0,2.535923447086E-1,-9.673111819395E-1));
#8563=DIRECTION('',(0.E0,-9.673111819395E-1,-2.535923447086E-1));
#8564=AXIS2_PLACEMENT_3D('',#8561,#8562,#8563);
#8565=PLANE('',#8564);
#8566=ORIENTED_EDGE('',*,*,#8321,.F.);
#8568=ORIENTED_EDGE('',*,*,#8567,.T.);
#8570=ORIENTED_EDGE('',*,*,#8569,.T.);
#8571=ORIENTED_EDGE('',*,*,#8553,.F.);
#8572=EDGE_LOOP('',(#8566,#8568,#8570,#8571));
#8573=FACE_OUTER_BOUND('',#8572,.F.);
#8574=ADVANCED_FACE('',(#8573),#8565,.F.);
#8575=CARTESIAN_POINT('',(8.05E-1,3.1E-1,-6.504360147529E-1));
#8576=DIRECTION('',(1.E0,0.E0,0.E0));
#8577=DIRECTION('',(0.E0,0.E0,-1.E0));
#8578=AXIS2_PLACEMENT_3D('',#8575,#8576,#8577);
#8579=CYLINDRICAL_SURFACE('',#8578,9.E-2);
#8580=ORIENTED_EDGE('',*,*,#8319,.F.);
#8582=ORIENTED_EDGE('',*,*,#8581,.T.);
#8584=ORIENTED_EDGE('',*,*,#8583,.T.);
#8585=ORIENTED_EDGE('',*,*,#8567,.F.);
#8586=EDGE_LOOP('',(#8580,#8582,#8584,#8585));
#8587=FACE_OUTER_BOUND('',#8586,.F.);
#8588=ADVANCED_FACE('',(#8587),#8579,.T.);
#8589=CARTESIAN_POINT('',(8.05E-1,4.078508848718E-1,-6.150560001193E-1));
#8590=DIRECTION('',(0.E0,-6.427876096865E-1,-7.660444431190E-1));
#8591=DIRECTION('',(0.E0,-7.660444431190E-1,6.427876096865E-1));
#8592=AXIS2_PLACEMENT_3D('',#8589,#8590,#8591);
#8593=PLANE('',#8592);
#8594=ORIENTED_EDGE('',*,*,#8317,.F.);
#8596=ORIENTED_EDGE('',*,*,#8595,.T.);
#8598=ORIENTED_EDGE('',*,*,#8597,.T.);
#8599=ORIENTED_EDGE('',*,*,#8581,.F.);
#8600=EDGE_LOOP('',(#8594,#8596,#8598,#8599));
#8601=FACE_OUTER_BOUND('',#8600,.F.);
#8602=ADVANCED_FACE('',(#8601),#8593,.F.);
#8603=CARTESIAN_POINT('',(8.05E-1,3.5E-1,-6.84E-1));
#8604=DIRECTION('',(1.E0,0.E0,0.E0));
#8605=DIRECTION('',(0.E0,0.E0,-1.E0));
#8606=AXIS2_PLACEMENT_3D('',#8603,#8604,#8605);
#8607=CYLINDRICAL_SURFACE('',#8606,9.E-2);
#8608=ORIENTED_EDGE('',*,*,#8315,.F.);
#8610=ORIENTED_EDGE('',*,*,#8609,.T.);
#8612=ORIENTED_EDGE('',*,*,#8611,.T.);
#8613=ORIENTED_EDGE('',*,*,#8595,.F.);
#8614=EDGE_LOOP('',(#8608,#8610,#8612,#8613));
#8615=FACE_OUTER_BOUND('',#8614,.F.);
#8616=ADVANCED_FACE('',(#8615),#8607,.T.);
#8617=CARTESIAN_POINT('',(8.05E-1,4.4E-1,-8.8E-1));
#8618=DIRECTION('',(0.E0,1.E0,0.E0));
#8619=DIRECTION('',(1.E0,0.E0,0.E0));
#8620=AXIS2_PLACEMENT_3D('',#8617,#8618,#8619);
#8621=PLANE('',#8620);
#8623=ORIENTED_EDGE('',*,*,#8622,.T.);
#8625=ORIENTED_EDGE('',*,*,#8624,.F.);
#8626=ORIENTED_EDGE('',*,*,#8609,.F.);
#8627=ORIENTED_EDGE('',*,*,#8313,.T.);
#8628=EDGE_LOOP('',(#8623,#8625,#8626,#8627));
#8629=FACE_OUTER_BOUND('',#8628,.F.);
#8630=ADVANCED_FACE('',(#8629),#8621,.T.);
#8631=CARTESIAN_POINT('',(-5.129343022105E0,3.2E-1,-8.5E-1));
#8632=DIRECTION('',(1.E0,0.E0,0.E0));
#8633=DIRECTION('',(0.E0,0.E0,-1.E0));
#8634=AXIS2_PLACEMENT_3D('',#8631,#8632,#8633);
#8635=CYLINDRICAL_SURFACE('',#8634,1.2E-1);
#8637=ORIENTED_EDGE('',*,*,#8636,.T.);
#8638=ORIENTED_EDGE('',*,*,#8622,.F.);
#8639=ORIENTED_EDGE('',*,*,#8311,.T.);
#8640=ORIENTED_EDGE('',*,*,#7499,.T.);
#8641=EDGE_LOOP('',(#8637,#8638,#8639,#8640));
#8642=FACE_OUTER_BOUND('',#8641,.F.);
#8643=ADVANCED_FACE('',(#8642),#8635,.T.);
#8644=CARTESIAN_POINT('',(9.8E-1,4.4E-1,-8.8E-1));
#8645=DIRECTION('',(1.E0,0.E0,0.E0));
#8646=DIRECTION('',(0.E0,-1.E0,0.E0));
#8647=AXIS2_PLACEMENT_3D('',#8644,#8645,#8646);
#8648=PLANE('',#8647);
#8649=ORIENTED_EDGE('',*,*,#8344,.F.);
#8650=ORIENTED_EDGE('',*,*,#8359,.F.);
#8651=ORIENTED_EDGE('',*,*,#8372,.F.);
#8652=ORIENTED_EDGE('',*,*,#8386,.F.);
#8653=ORIENTED_EDGE('',*,*,#8400,.F.);
#8654=ORIENTED_EDGE('',*,*,#8414,.F.);
#8655=ORIENTED_EDGE('',*,*,#8428,.F.);
#8656=ORIENTED_EDGE('',*,*,#8454,.F.);
#8657=ORIENTED_EDGE('',*,*,#8510,.T.);
#8659=ORIENTED_EDGE('',*,*,#8658,.T.);
#8661=ORIENTED_EDGE('',*,*,#8660,.T.);
#8662=ORIENTED_EDGE('',*,*,#7035,.T.);
#8663=EDGE_LOOP('',(#8649,#8650,#8651,#8652,#8653,#8654,#8655,#8656,#8657,#8659,
#8661,#8662));
#8664=FACE_OUTER_BOUND('',#8663,.F.);
#8665=ADVANCED_FACE('',(#8664),#8648,.T.);
#8666=CARTESIAN_POINT('',(9.8E-1,4.4E-1,-8.8E-1));
#8667=DIRECTION('',(1.E0,0.E0,0.E0));
#8668=DIRECTION('',(0.E0,-1.E0,0.E0));
#8669=AXIS2_PLACEMENT_3D('',#8666,#8667,#8668);
#8670=PLANE('',#8669);
#8671=ORIENTED_EDGE('',*,*,#8636,.F.);
#8672=ORIENTED_EDGE('',*,*,#7497,.T.);
#8674=ORIENTED_EDGE('',*,*,#8673,.F.);
#8675=ORIENTED_EDGE('',*,*,#8262,.F.);
#8676=ORIENTED_EDGE('',*,*,#8493,.T.);
#8677=ORIENTED_EDGE('',*,*,#8530,.T.);
#8678=ORIENTED_EDGE('',*,*,#8555,.F.);
#8679=ORIENTED_EDGE('',*,*,#8569,.F.);
#8680=ORIENTED_EDGE('',*,*,#8583,.F.);
#8681=ORIENTED_EDGE('',*,*,#8597,.F.);
#8682=ORIENTED_EDGE('',*,*,#8611,.F.);
#8683=ORIENTED_EDGE('',*,*,#8624,.T.);
#8684=EDGE_LOOP('',(#8671,#8672,#8674,#8675,#8676,#8677,#8678,#8679,#8680,#8681,
#8682,#8683));
#8685=FACE_OUTER_BOUND('',#8684,.F.);
#8686=ADVANCED_FACE('',(#8685),#8670,.T.);
#8687=CARTESIAN_POINT('',(7.65E-1,0.E0,8.8E-1));
#8688=DIRECTION('',(0.E0,0.E0,1.E0));
#8689=DIRECTION('',(1.E0,0.E0,0.E0));
#8690=AXIS2_PLACEMENT_3D('',#8687,#8688,#8689);
#8691=PLANE('',#8690);
#8693=ORIENTED_EDGE('',*,*,#8692,.F.);
#8695=ORIENTED_EDGE('',*,*,#8694,.F.);
#8697=ORIENTED_EDGE('',*,*,#8696,.T.);
#8699=ORIENTED_EDGE('',*,*,#8698,.F.);
#8700=ORIENTED_EDGE('',*,*,#6717,.T.);
#8702=ORIENTED_EDGE('',*,*,#8701,.T.);
#8704=ORIENTED_EDGE('',*,*,#8703,.T.);
#8706=ORIENTED_EDGE('',*,*,#8705,.T.);
#8707=ORIENTED_EDGE('',*,*,#8480,.T.);
#8708=ORIENTED_EDGE('',*,*,#8285,.F.);
#8710=ORIENTED_EDGE('',*,*,#8709,.F.);
#8712=ORIENTED_EDGE('',*,*,#8711,.F.);
#8713=EDGE_LOOP('',(#8693,#8695,#8697,#8699,#8700,#8702,#8704,#8706,#8707,#8708,
#8710,#8712));
#8714=FACE_OUTER_BOUND('',#8713,.F.);
#8715=ADVANCED_FACE('',(#8714),#8691,.T.);
#8716=CARTESIAN_POINT('',(7.65E-1,0.E0,8.8E-1));
#8717=DIRECTION('',(0.E0,0.E0,1.E0));
#8718=DIRECTION('',(1.E0,0.E0,0.E0));
#8719=AXIS2_PLACEMENT_3D('',#8716,#8717,#8718);
#8720=PLANE('',#8719);
#8721=ORIENTED_EDGE('',*,*,#7600,.T.);
#8723=ORIENTED_EDGE('',*,*,#8722,.T.);
#8725=ORIENTED_EDGE('',*,*,#8724,.T.);
#8727=ORIENTED_EDGE('',*,*,#8726,.F.);
#8729=ORIENTED_EDGE('',*,*,#8728,.F.);
#8730=ORIENTED_EDGE('',*,*,#8658,.F.);
#8731=ORIENTED_EDGE('',*,*,#8517,.T.);
#8733=ORIENTED_EDGE('',*,*,#8732,.T.);
#8734=EDGE_LOOP('',(#8721,#8723,#8725,#8727,#8729,#8730,#8731,#8733));
#8735=FACE_OUTER_BOUND('',#8734,.F.);
#8736=ADVANCED_FACE('',(#8735),#8720,.T.);
#8737=CARTESIAN_POINT('',(1.675E0,2.5E-1,5.95E-1));
#8738=DIRECTION('',(0.E0,1.E0,0.E0));
#8739=DIRECTION('',(0.E0,0.E0,1.E0));
#8740=AXIS2_PLACEMENT_3D('',#8737,#8738,#8739);
#8741=PLANE('',#8740);
#8743=ORIENTED_EDGE('',*,*,#8742,.F.);
#8744=ORIENTED_EDGE('',*,*,#7912,.T.);
#8746=ORIENTED_EDGE('',*,*,#8745,.F.);
#8748=ORIENTED_EDGE('',*,*,#8747,.F.);
#8749=ORIENTED_EDGE('',*,*,#8692,.T.);
#8751=ORIENTED_EDGE('',*,*,#8750,.T.);
#8752=ORIENTED_EDGE('',*,*,#7025,.F.);
#8753=EDGE_LOOP('',(#8743,#8744,#8746,#8748,#8749,#8751,#8752));
#8754=FACE_OUTER_BOUND('',#8753,.F.);
#8755=ADVANCED_FACE('',(#8754),#8741,.F.);
#8756=CARTESIAN_POINT('',(1.645E0,-7.76088E-1,8.5E-1));
#8757=DIRECTION('',(0.E0,1.E0,0.E0));
#8758=DIRECTION('',(0.E0,0.E0,1.E0));
#8759=AXIS2_PLACEMENT_3D('',#8756,#8757,#8758);
#8760=CYLINDRICAL_SURFACE('',#8759,1.2E-1);
#8761=ORIENTED_EDGE('',*,*,#7662,.T.);
#8762=ORIENTED_EDGE('',*,*,#7914,.F.);
#8763=ORIENTED_EDGE('',*,*,#8742,.T.);
#8764=ORIENTED_EDGE('',*,*,#7023,.T.);
#8765=EDGE_LOOP('',(#8761,#8762,#8763,#8764));
#8766=FACE_OUTER_BOUND('',#8765,.F.);
#8767=ADVANCED_FACE('',(#8766),#8760,.T.);
#8768=CARTESIAN_POINT('',(-1.675E0,1.5E-1,5.95E-1));
#8769=DIRECTION('',(0.E0,0.E0,1.E0));
#8770=DIRECTION('',(0.E0,1.E0,0.E0));
#8771=AXIS2_PLACEMENT_3D('',#8768,#8769,#8770);
#8772=PLANE('',#8771);
#8774=ORIENTED_EDGE('',*,*,#8773,.T.);
#8776=ORIENTED_EDGE('',*,*,#8775,.F.);
#8778=ORIENTED_EDGE('',*,*,#8777,.T.);
#8779=ORIENTED_EDGE('',*,*,#8745,.T.);
#8780=ORIENTED_EDGE('',*,*,#7910,.F.);
#8782=ORIENTED_EDGE('',*,*,#8781,.T.);
#8784=ORIENTED_EDGE('',*,*,#8783,.T.);
#8786=ORIENTED_EDGE('',*,*,#8785,.T.);
#8788=ORIENTED_EDGE('',*,*,#8787,.T.);
#8790=ORIENTED_EDGE('',*,*,#8789,.T.);
#8792=ORIENTED_EDGE('',*,*,#8791,.T.);
#8794=ORIENTED_EDGE('',*,*,#8793,.T.);
#8795=EDGE_LOOP('',(#8774,#8776,#8778,#8779,#8780,#8782,#8784,#8786,#8788,#8790,
#8792,#8794));
#8796=FACE_OUTER_BOUND('',#8795,.F.);
#8797=ADVANCED_FACE('',(#8796),#8772,.T.);
#8798=CARTESIAN_POINT('',(-1.675E0,1.5E-1,5.95E-1));
#8799=DIRECTION('',(0.E0,0.E0,1.E0));
#8800=DIRECTION('',(0.E0,1.E0,0.E0));
#8801=AXIS2_PLACEMENT_3D('',#8798,#8799,#8800);
#8802=PLANE('',#8801);
#8804=ORIENTED_EDGE('',*,*,#8803,.T.);
#8806=ORIENTED_EDGE('',*,*,#8805,.T.);
#8808=ORIENTED_EDGE('',*,*,#8807,.T.);
#8810=ORIENTED_EDGE('',*,*,#8809,.T.);
#8812=ORIENTED_EDGE('',*,*,#8811,.T.);
#8814=ORIENTED_EDGE('',*,*,#8813,.T.);
#8816=ORIENTED_EDGE('',*,*,#8815,.T.);
#8818=ORIENTED_EDGE('',*,*,#8817,.T.);
#8820=ORIENTED_EDGE('',*,*,#8819,.T.);
#8822=ORIENTED_EDGE('',*,*,#8821,.F.);
#8824=ORIENTED_EDGE('',*,*,#8823,.F.);
#8826=ORIENTED_EDGE('',*,*,#8825,.F.);
#8827=EDGE_LOOP('',(#8804,#8806,#8808,#8810,#8812,#8814,#8816,#8818,#8820,#8822,
#8824,#8826));
#8828=FACE_OUTER_BOUND('',#8827,.F.);
#8829=ADVANCED_FACE('',(#8828),#8802,.T.);
#8830=CARTESIAN_POINT('',(1.685E0,1.E-1,5.95E-1));
#8831=DIRECTION('',(1.E0,0.E0,0.E0));
#8832=DIRECTION('',(0.E0,1.E0,0.E0));
#8833=AXIS2_PLACEMENT_3D('',#8830,#8831,#8832);
#8834=PLANE('',#8833);
#8835=ORIENTED_EDGE('',*,*,#8773,.F.);
#8837=ORIENTED_EDGE('',*,*,#8836,.T.);
#8838=ORIENTED_EDGE('',*,*,#7954,.T.);
#8840=ORIENTED_EDGE('',*,*,#8839,.T.);
#8841=EDGE_LOOP('',(#8835,#8837,#8838,#8840));
#8842=FACE_OUTER_BOUND('',#8841,.F.);
#8843=ADVANCED_FACE('',(#8842),#8834,.F.);
#8844=CARTESIAN_POINT('',(1.805E0,1.E-1,5.95E-1));
#8845=DIRECTION('',(0.E0,0.E0,-1.E0));
#8846=DIRECTION('',(-1.E0,0.E0,0.E0));
#8847=AXIS2_PLACEMENT_3D('',#8844,#8845,#8846);
#8848=CYLINDRICAL_SURFACE('',#8847,1.2E-1);
#8849=ORIENTED_EDGE('',*,*,#8793,.F.);
#8851=ORIENTED_EDGE('',*,*,#8850,.T.);
#8852=ORIENTED_EDGE('',*,*,#7956,.T.);
#8853=ORIENTED_EDGE('',*,*,#8836,.F.);
#8854=EDGE_LOOP('',(#8849,#8851,#8852,#8853));
#8855=FACE_OUTER_BOUND('',#8854,.F.);
#8856=ADVANCED_FACE('',(#8855),#8848,.T.);
#8857=CARTESIAN_POINT('',(1.845E0,-2.E-2,5.95E-1));
#8858=DIRECTION('',(0.E0,1.E0,0.E0));
#8859=DIRECTION('',(-1.E0,0.E0,0.E0));
#8860=AXIS2_PLACEMENT_3D('',#8857,#8858,#8859);
#8861=PLANE('',#8860);
#8862=ORIENTED_EDGE('',*,*,#8791,.F.);
#8864=ORIENTED_EDGE('',*,*,#8863,.T.);
#8865=ORIENTED_EDGE('',*,*,#7958,.T.);
#8866=ORIENTED_EDGE('',*,*,#8850,.F.);
#8867=EDGE_LOOP('',(#8862,#8864,#8865,#8866));
#8868=FACE_OUTER_BOUND('',#8867,.F.);
#8869=ADVANCED_FACE('',(#8868),#8861,.F.);
#8870=CARTESIAN_POINT('',(1.865E0,0.E0,5.95E-1));
#8871=DIRECTION('',(-7.071067811865E-1,7.071067811865E-1,0.E0));
#8872=DIRECTION('',(-7.071067811865E-1,-7.071067811865E-1,0.E0));
#8873=AXIS2_PLACEMENT_3D('',#8870,#8871,#8872);
#8874=PLANE('',#8873);
#8875=ORIENTED_EDGE('',*,*,#8789,.F.);
#8877=ORIENTED_EDGE('',*,*,#8876,.T.);
#8878=ORIENTED_EDGE('',*,*,#7960,.T.);
#8879=ORIENTED_EDGE('',*,*,#8863,.F.);
#8880=EDGE_LOOP('',(#8875,#8877,#8878,#8879));
#8881=FACE_OUTER_BOUND('',#8880,.F.);
#8882=ADVANCED_FACE('',(#8881),#8874,.F.);
#8883=CARTESIAN_POINT('',(1.905E0,0.E0,5.95E-1));
#8884=DIRECTION('',(0.E0,1.E0,0.E0));
#8885=DIRECTION('',(-1.E0,0.E0,0.E0));
#8886=AXIS2_PLACEMENT_3D('',#8883,#8884,#8885);
#8887=PLANE('',#8886);
#8888=ORIENTED_EDGE('',*,*,#8787,.F.);
#8890=ORIENTED_EDGE('',*,*,#8889,.T.);
#8891=ORIENTED_EDGE('',*,*,#7962,.T.);
#8892=ORIENTED_EDGE('',*,*,#8876,.F.);
#8893=EDGE_LOOP('',(#8888,#8890,#8891,#8892));
#8894=FACE_OUTER_BOUND('',#8893,.F.);
#8895=ADVANCED_FACE('',(#8894),#8887,.F.);
#8896=CARTESIAN_POINT('',(1.905E0,6.E-2,5.95E-1));
#8897=DIRECTION('',(-1.E0,0.E0,0.E0));
#8898=DIRECTION('',(0.E0,-1.E0,0.E0));
#8899=AXIS2_PLACEMENT_3D('',#8896,#8897,#8898);
#8900=PLANE('',#8899);
#8901=ORIENTED_EDGE('',*,*,#8785,.F.);
#8903=ORIENTED_EDGE('',*,*,#8902,.T.);
#8904=ORIENTED_EDGE('',*,*,#7964,.T.);
#8905=ORIENTED_EDGE('',*,*,#8889,.F.);
#8906=EDGE_LOOP('',(#8901,#8903,#8904,#8905));
#8907=FACE_OUTER_BOUND('',#8906,.F.);
#8908=ADVANCED_FACE('',(#8907),#8900,.F.);
#8909=CARTESIAN_POINT('',(1.805E0,6.E-2,5.95E-1));
#8910=DIRECTION('',(0.E0,-1.E0,0.E0));
#8911=DIRECTION('',(1.E0,0.E0,0.E0));
#8912=AXIS2_PLACEMENT_3D('',#8909,#8910,#8911);
#8913=PLANE('',#8912);
#8914=ORIENTED_EDGE('',*,*,#8783,.F.);
#8916=ORIENTED_EDGE('',*,*,#8915,.T.);
#8917=ORIENTED_EDGE('',*,*,#7966,.T.);
#8918=ORIENTED_EDGE('',*,*,#8902,.F.);
#8919=EDGE_LOOP('',(#8914,#8916,#8917,#8918));
#8920=FACE_OUTER_BOUND('',#8919,.F.);
#8921=ADVANCED_FACE('',(#8920),#8913,.F.);
#8922=CARTESIAN_POINT('',(1.805E0,1.E-1,5.95E-1));
#8923=DIRECTION('',(0.E0,0.E0,-1.E0));
#8924=DIRECTION('',(-1.E0,0.E0,0.E0));
#8925=AXIS2_PLACEMENT_3D('',#8922,#8923,#8924);
#8926=CYLINDRICAL_SURFACE('',#8925,4.E-2);
#8927=ORIENTED_EDGE('',*,*,#8781,.F.);
#8928=ORIENTED_EDGE('',*,*,#7908,.T.);
#8929=ORIENTED_EDGE('',*,*,#7968,.T.);
#8930=ORIENTED_EDGE('',*,*,#8915,.F.);
#8931=EDGE_LOOP('',(#8927,#8928,#8929,#8930));
#8932=FACE_OUTER_BOUND('',#8931,.F.);
#8933=ADVANCED_FACE('',(#8932),#8926,.F.);
#8934=CARTESIAN_POINT('',(1.675E0,1.5E-1,3.7E-1));
#8935=DIRECTION('',(0.E0,1.E0,0.E0));
#8936=DIRECTION('',(0.E0,0.E0,1.E0));
#8937=AXIS2_PLACEMENT_3D('',#8934,#8935,#8936);
#8938=PLANE('',#8937);
#8939=ORIENTED_EDGE('',*,*,#8839,.F.);
#8940=ORIENTED_EDGE('',*,*,#7952,.F.);
#8942=ORIENTED_EDGE('',*,*,#8941,.T.);
#8943=ORIENTED_EDGE('',*,*,#8775,.T.);
#8944=EDGE_LOOP('',(#8939,#8940,#8942,#8943));
#8945=FACE_OUTER_BOUND('',#8944,.F.);
#8946=ADVANCED_FACE('',(#8945),#8938,.F.);
#8947=CARTESIAN_POINT('',(1.675E0,0.E0,6.15E-1));
#8948=DIRECTION('',(1.E0,0.E0,0.E0));
#8949=DIRECTION('',(0.E0,0.E0,-1.E0));
#8950=AXIS2_PLACEMENT_3D('',#8947,#8948,#8949);
#8951=PLANE('',#8950);
#8952=ORIENTED_EDGE('',*,*,#8747,.T.);
#8953=ORIENTED_EDGE('',*,*,#8777,.F.);
#8954=ORIENTED_EDGE('',*,*,#8941,.F.);
#8955=ORIENTED_EDGE('',*,*,#7950,.F.);
#8956=ORIENTED_EDGE('',*,*,#8012,.F.);
#8957=ORIENTED_EDGE('',*,*,#8035,.F.);
#8958=ORIENTED_EDGE('',*,*,#8110,.F.);
#8959=ORIENTED_EDGE('',*,*,#8125,.F.);
#8960=ORIENTED_EDGE('',*,*,#8190,.F.);
#8961=ORIENTED_EDGE('',*,*,#8243,.T.);
#8963=ORIENTED_EDGE('',*,*,#8962,.T.);
#8965=ORIENTED_EDGE('',*,*,#8964,.F.);
#8966=ORIENTED_EDGE('',*,*,#6737,.F.);
#8968=ORIENTED_EDGE('',*,*,#8967,.T.);
#8970=ORIENTED_EDGE('',*,*,#8969,.F.);
#8972=ORIENTED_EDGE('',*,*,#8971,.F.);
#8973=ORIENTED_EDGE('',*,*,#6729,.F.);
#8975=ORIENTED_EDGE('',*,*,#8974,.T.);
#8977=ORIENTED_EDGE('',*,*,#8976,.T.);
#8978=ORIENTED_EDGE('',*,*,#8694,.T.);
#8979=EDGE_LOOP('',(#8952,#8953,#8954,#8955,#8956,#8957,#8958,#8959,#8960,#8961,
#8963,#8965,#8966,#8968,#8970,#8972,#8973,#8975,#8977,#8978));
#8980=FACE_OUTER_BOUND('',#8979,.F.);
#8981=ADVANCED_FACE('',(#8980),#8951,.T.);
#8982=CARTESIAN_POINT('',(0.E0,2.2E-1,0.E0));
#8983=DIRECTION('',(0.E0,1.E0,0.E0));
#8984=DIRECTION('',(1.E0,0.E0,0.E0));
#8985=AXIS2_PLACEMENT_3D('',#8982,#8983,#8984);
#8986=PLANE('',#8985);
#8988=ORIENTED_EDGE('',*,*,#8987,.F.);
#8990=ORIENTED_EDGE('',*,*,#8989,.F.);
#8992=ORIENTED_EDGE('',*,*,#8991,.F.);
#8994=ORIENTED_EDGE('',*,*,#8993,.F.);
#8996=ORIENTED_EDGE('',*,*,#8995,.F.);
#8998=ORIENTED_EDGE('',*,*,#8997,.F.);
#9000=ORIENTED_EDGE('',*,*,#8999,.F.);
#9001=EDGE_LOOP('',(#8988,#8990,#8992,#8994,#8996,#8998,#9000));
#9002=FACE_OUTER_BOUND('',#9001,.F.);
#9003=ADVANCED_FACE('',(#9002),#8986,.T.);
#9004=CARTESIAN_POINT('',(0.E0,2.2E-1,0.E0));
#9005=DIRECTION('',(0.E0,1.E0,0.E0));
#9006=DIRECTION('',(1.E0,0.E0,0.E0));
#9007=AXIS2_PLACEMENT_3D('',#9004,#9005,#9006);
#9008=PLANE('',#9007);
#9010=ORIENTED_EDGE('',*,*,#9009,.F.);
#9012=ORIENTED_EDGE('',*,*,#9011,.F.);
#9013=ORIENTED_EDGE('',*,*,#6810,.F.);
#9015=ORIENTED_EDGE('',*,*,#9014,.F.);
#9017=ORIENTED_EDGE('',*,*,#9016,.F.);
#9019=ORIENTED_EDGE('',*,*,#9018,.F.);
#9021=ORIENTED_EDGE('',*,*,#9020,.F.);
#9022=EDGE_LOOP('',(#9010,#9012,#9013,#9015,#9017,#9019,#9021));
#9023=FACE_OUTER_BOUND('',#9022,.F.);
#9024=ADVANCED_FACE('',(#9023),#9008,.T.);
#9025=CARTESIAN_POINT('',(0.E0,2.2E-1,0.E0));
#9026=DIRECTION('',(0.E0,1.E0,0.E0));
#9027=DIRECTION('',(1.E0,0.E0,0.E0));
#9028=AXIS2_PLACEMENT_3D('',#9025,#9026,#9027);
#9029=PLANE('',#9028);
#9031=ORIENTED_EDGE('',*,*,#9030,.F.);
#9032=ORIENTED_EDGE('',*,*,#8696,.F.);
#9033=ORIENTED_EDGE('',*,*,#8976,.F.);
#9035=ORIENTED_EDGE('',*,*,#9034,.F.);
#9037=ORIENTED_EDGE('',*,*,#9036,.F.);
#9039=ORIENTED_EDGE('',*,*,#9038,.F.);
#9041=ORIENTED_EDGE('',*,*,#9040,.F.);
#9042=EDGE_LOOP('',(#9031,#9032,#9033,#9035,#9037,#9039,#9041));
#9043=FACE_OUTER_BOUND('',#9042,.F.);
#9044=ADVANCED_FACE('',(#9043),#9029,.T.);
#9045=CARTESIAN_POINT('',(0.E0,2.2E-1,0.E0));
#9046=DIRECTION('',(0.E0,1.E0,0.E0));
#9047=DIRECTION('',(1.E0,0.E0,0.E0));
#9048=AXIS2_PLACEMENT_3D('',#9045,#9046,#9047);
#9049=PLANE('',#9048);
#9051=ORIENTED_EDGE('',*,*,#9050,.F.);
#9052=ORIENTED_EDGE('',*,*,#8962,.F.);
#9053=ORIENTED_EDGE('',*,*,#8241,.F.);
#9055=ORIENTED_EDGE('',*,*,#9054,.F.);
#9057=ORIENTED_EDGE('',*,*,#9056,.F.);
#9059=ORIENTED_EDGE('',*,*,#9058,.F.);
#9061=ORIENTED_EDGE('',*,*,#9060,.F.);
#9062=EDGE_LOOP('',(#9051,#9052,#9053,#9055,#9057,#9059,#9061));
#9063=FACE_OUTER_BOUND('',#9062,.F.);
#9064=ADVANCED_FACE('',(#9063),#9049,.T.);
#9065=CARTESIAN_POINT('',(-1.925E0,0.E0,-8.E-1));
#9066=DIRECTION('',(-1.E0,0.E0,0.E0));
#9067=DIRECTION('',(0.E0,0.E0,1.E0));
#9068=AXIS2_PLACEMENT_3D('',#9065,#9066,#9067);
#9069=PLANE('',#9068);
#9070=ORIENTED_EDGE('',*,*,#8987,.T.);
#9072=ORIENTED_EDGE('',*,*,#9071,.F.);
#9073=ORIENTED_EDGE('',*,*,#6765,.F.);
#9075=ORIENTED_EDGE('',*,*,#9074,.T.);
#9076=EDGE_LOOP('',(#9070,#9072,#9073,#9075));
#9077=FACE_OUTER_BOUND('',#9076,.F.);
#9078=ADVANCED_FACE('',(#9077),#9069,.T.);
#9079=CARTESIAN_POINT('',(-1.925E0,0.E0,-6.15E-1));
#9080=DIRECTION('',(0.E0,0.E0,1.E0));
#9081=DIRECTION('',(1.E0,0.E0,0.E0));
#9082=AXIS2_PLACEMENT_3D('',#9079,#9080,#9081);
#9083=PLANE('',#9082);
#9084=ORIENTED_EDGE('',*,*,#8999,.T.);
#9086=ORIENTED_EDGE('',*,*,#9085,.F.);
#9087=ORIENTED_EDGE('',*,*,#6767,.F.);
#9088=ORIENTED_EDGE('',*,*,#9071,.T.);
#9089=EDGE_LOOP('',(#9084,#9086,#9087,#9088));
#9090=FACE_OUTER_BOUND('',#9089,.F.);
#9091=ADVANCED_FACE('',(#9090),#9083,.T.);
#9092=CARTESIAN_POINT('',(-1.675E0,0.E0,-6.15E-1));
#9093=DIRECTION('',(-1.E0,0.E0,0.E0));
#9094=DIRECTION('',(0.E0,0.E0,1.E0));
#9095=AXIS2_PLACEMENT_3D('',#9092,#9093,#9094);
#9096=PLANE('',#9095);
#9098=ORIENTED_EDGE('',*,*,#9097,.F.);
#9099=ORIENTED_EDGE('',*,*,#6812,.T.);
#9100=ORIENTED_EDGE('',*,*,#9011,.T.);
#9102=ORIENTED_EDGE('',*,*,#9101,.F.);
#9103=ORIENTED_EDGE('',*,*,#6777,.F.);
#9105=ORIENTED_EDGE('',*,*,#9104,.T.);
#9107=ORIENTED_EDGE('',*,*,#9106,.T.);
#9109=ORIENTED_EDGE('',*,*,#9108,.F.);
#9110=ORIENTED_EDGE('',*,*,#6769,.F.);
#9111=ORIENTED_EDGE('',*,*,#9085,.T.);
#9112=ORIENTED_EDGE('',*,*,#8997,.T.);
#9114=ORIENTED_EDGE('',*,*,#9113,.T.);
#9116=ORIENTED_EDGE('',*,*,#9115,.T.);
#9117=ORIENTED_EDGE('',*,*,#8171,.T.);
#9119=ORIENTED_EDGE('',*,*,#9118,.T.);
#9120=ORIENTED_EDGE('',*,*,#8083,.T.);
#9122=ORIENTED_EDGE('',*,*,#9121,.T.);
#9123=ORIENTED_EDGE('',*,*,#7998,.T.);
#9125=ORIENTED_EDGE('',*,*,#9124,.T.);
#9126=ORIENTED_EDGE('',*,*,#8825,.T.);
#9127=EDGE_LOOP('',(#9098,#9099,#9100,#9102,#9103,#9105,#9107,#9109,#9110,#9111,
#9112,#9114,#9116,#9117,#9119,#9120,#9122,#9123,#9125,#9126));
#9128=FACE_OUTER_BOUND('',#9127,.F.);
#9129=ADVANCED_FACE('',(#9128),#9096,.T.);
#9130=CARTESIAN_POINT('',(-1.675E0,2.5E-1,5.95E-1));
#9131=DIRECTION('',(0.E0,-1.E0,0.E0));
#9132=DIRECTION('',(0.E0,0.E0,1.E0));
#9133=AXIS2_PLACEMENT_3D('',#9130,#9131,#9132);
#9134=PLANE('',#9133);
#9136=ORIENTED_EDGE('',*,*,#9135,.F.);
#9137=ORIENTED_EDGE('',*,*,#7009,.F.);
#9139=ORIENTED_EDGE('',*,*,#9138,.F.);
#9140=ORIENTED_EDGE('',*,*,#6814,.F.);
#9141=ORIENTED_EDGE('',*,*,#9097,.T.);
#9142=ORIENTED_EDGE('',*,*,#8823,.T.);
#9144=ORIENTED_EDGE('',*,*,#9143,.F.);
#9145=EDGE_LOOP('',(#9136,#9137,#9139,#9140,#9141,#9142,#9144));
#9146=FACE_OUTER_BOUND('',#9145,.F.);
#9147=ADVANCED_FACE('',(#9146),#9134,.T.);
#9148=CARTESIAN_POINT('',(-1.645E0,1.316088E0,8.5E-1));
#9149=DIRECTION('',(0.E0,-1.E0,0.E0));
#9150=DIRECTION('',(0.E0,0.E0,1.E0));
#9151=AXIS2_PLACEMENT_3D('',#9148,#9149,#9150);
#9152=CYLINDRICAL_SURFACE('',#9151,1.2E-1);
#9153=ORIENTED_EDGE('',*,*,#9135,.T.);
#9155=ORIENTED_EDGE('',*,*,#9154,.F.);
#9156=ORIENTED_EDGE('',*,*,#7119,.T.);
#9157=ORIENTED_EDGE('',*,*,#7011,.T.);
#9158=EDGE_LOOP('',(#9153,#9155,#9156,#9157));
#9159=FACE_OUTER_BOUND('',#9158,.F.);
#9160=ADVANCED_FACE('',(#9159),#9152,.T.);
#9161=CARTESIAN_POINT('',(-1.765E0,0.E0,0.E0));
#9162=DIRECTION('',(-1.E0,0.E0,0.E0));
#9163=DIRECTION('',(0.E0,0.E0,1.E0));
#9164=AXIS2_PLACEMENT_3D('',#9161,#9162,#9163);
#9165=PLANE('',#9164);
#9166=ORIENTED_EDGE('',*,*,#8821,.T.);
#9168=ORIENTED_EDGE('',*,*,#9167,.T.);
#9169=ORIENTED_EDGE('',*,*,#7978,.T.);
#9171=ORIENTED_EDGE('',*,*,#9170,.F.);
#9173=ORIENTED_EDGE('',*,*,#9172,.F.);
#9175=ORIENTED_EDGE('',*,*,#9174,.F.);
#9177=ORIENTED_EDGE('',*,*,#9176,.T.);
#9179=ORIENTED_EDGE('',*,*,#9178,.F.);
#9180=ORIENTED_EDGE('',*,*,#8079,.T.);
#9182=ORIENTED_EDGE('',*,*,#9181,.F.);
#9183=ORIENTED_EDGE('',*,*,#8151,.T.);
#9185=ORIENTED_EDGE('',*,*,#9184,.T.);
#9187=ORIENTED_EDGE('',*,*,#9186,.T.);
#9188=ORIENTED_EDGE('',*,*,#7106,.T.);
#9190=ORIENTED_EDGE('',*,*,#9189,.F.);
#9191=ORIENTED_EDGE('',*,*,#7121,.T.);
#9192=ORIENTED_EDGE('',*,*,#9154,.T.);
#9193=ORIENTED_EDGE('',*,*,#9143,.T.);
#9194=EDGE_LOOP('',(#9166,#9168,#9169,#9171,#9173,#9175,#9177,#9179,#9180,#9182,
#9183,#9185,#9187,#9188,#9190,#9191,#9192,#9193));
#9195=FACE_OUTER_BOUND('',#9194,.F.);
#9196=ADVANCED_FACE('',(#9195),#9165,.T.);
#9197=CARTESIAN_POINT('',(-1.805E0,1.E-1,5.95E-1));
#9198=DIRECTION('',(0.E0,0.E0,-1.E0));
#9199=DIRECTION('',(-1.E0,0.E0,0.E0));
#9200=AXIS2_PLACEMENT_3D('',#9197,#9198,#9199);
#9201=CYLINDRICAL_SURFACE('',#9200,4.E-2);
#9202=ORIENTED_EDGE('',*,*,#8819,.F.);
#9204=ORIENTED_EDGE('',*,*,#9203,.T.);
#9205=ORIENTED_EDGE('',*,*,#7980,.T.);
#9206=ORIENTED_EDGE('',*,*,#9167,.F.);
#9207=EDGE_LOOP('',(#9202,#9204,#9205,#9206));
#9208=FACE_OUTER_BOUND('',#9207,.F.);
#9209=ADVANCED_FACE('',(#9208),#9201,.F.);
#9210=CARTESIAN_POINT('',(-1.905E0,6.E-2,5.95E-1));
#9211=DIRECTION('',(0.E0,-1.E0,0.E0));
#9212=DIRECTION('',(1.E0,0.E0,0.E0));
#9213=AXIS2_PLACEMENT_3D('',#9210,#9211,#9212);
#9214=PLANE('',#9213);
#9215=ORIENTED_EDGE('',*,*,#8817,.F.);
#9217=ORIENTED_EDGE('',*,*,#9216,.T.);
#9218=ORIENTED_EDGE('',*,*,#7982,.T.);
#9219=ORIENTED_EDGE('',*,*,#9203,.F.);
#9220=EDGE_LOOP('',(#9215,#9217,#9218,#9219));
#9221=FACE_OUTER_BOUND('',#9220,.F.);
#9222=ADVANCED_FACE('',(#9221),#9214,.F.);
#9223=CARTESIAN_POINT('',(-1.905E0,0.E0,5.95E-1));
#9224=DIRECTION('',(1.E0,0.E0,0.E0));
#9225=DIRECTION('',(0.E0,1.E0,0.E0));
#9226=AXIS2_PLACEMENT_3D('',#9223,#9224,#9225);
#9227=PLANE('',#9226);
#9228=ORIENTED_EDGE('',*,*,#8815,.F.);
#9230=ORIENTED_EDGE('',*,*,#9229,.T.);
#9231=ORIENTED_EDGE('',*,*,#7984,.T.);
#9232=ORIENTED_EDGE('',*,*,#9216,.F.);
#9233=EDGE_LOOP('',(#9228,#9230,#9231,#9232));
#9234=FACE_OUTER_BOUND('',#9233,.F.);
#9235=ADVANCED_FACE('',(#9234),#9227,.F.);
#9236=CARTESIAN_POINT('',(-1.865E0,0.E0,5.95E-1));
#9237=DIRECTION('',(0.E0,1.E0,0.E0));
#9238=DIRECTION('',(-1.E0,0.E0,0.E0));
#9239=AXIS2_PLACEMENT_3D('',#9236,#9237,#9238);
#9240=PLANE('',#9239);
#9241=ORIENTED_EDGE('',*,*,#8813,.F.);
#9243=ORIENTED_EDGE('',*,*,#9242,.T.);
#9244=ORIENTED_EDGE('',*,*,#7986,.T.);
#9245=ORIENTED_EDGE('',*,*,#9229,.F.);
#9246=EDGE_LOOP('',(#9241,#9243,#9244,#9245));
#9247=FACE_OUTER_BOUND('',#9246,.F.);
#9248=ADVANCED_FACE('',(#9247),#9240,.F.);
#9249=CARTESIAN_POINT('',(-1.845E0,-2.E-2,5.95E-1));
#9250=DIRECTION('',(7.071067811865E-1,7.071067811865E-1,0.E0));
#9251=DIRECTION('',(-7.071067811865E-1,7.071067811865E-1,0.E0));
#9252=AXIS2_PLACEMENT_3D('',#9249,#9250,#9251);
#9253=PLANE('',#9252);
#9254=ORIENTED_EDGE('',*,*,#8811,.F.);
#9256=ORIENTED_EDGE('',*,*,#9255,.T.);
#9257=ORIENTED_EDGE('',*,*,#7988,.T.);
#9258=ORIENTED_EDGE('',*,*,#9242,.F.);
#9259=EDGE_LOOP('',(#9254,#9256,#9257,#9258));
#9260=FACE_OUTER_BOUND('',#9259,.F.);
#9261=ADVANCED_FACE('',(#9260),#9253,.F.);
#9262=CARTESIAN_POINT('',(-1.805E0,-2.E-2,5.95E-1));
#9263=DIRECTION('',(0.E0,1.E0,0.E0));
#9264=DIRECTION('',(-1.E0,0.E0,0.E0));
#9265=AXIS2_PLACEMENT_3D('',#9262,#9263,#9264);
#9266=PLANE('',#9265);
#9267=ORIENTED_EDGE('',*,*,#8809,.F.);
#9269=ORIENTED_EDGE('',*,*,#9268,.T.);
#9270=ORIENTED_EDGE('',*,*,#7990,.T.);
#9271=ORIENTED_EDGE('',*,*,#9255,.F.);
#9272=EDGE_LOOP('',(#9267,#9269,#9270,#9271));
#9273=FACE_OUTER_BOUND('',#9272,.F.);
#9274=ADVANCED_FACE('',(#9273),#9266,.F.);
#9275=CARTESIAN_POINT('',(-1.805E0,1.E-1,5.95E-1));
#9276=DIRECTION('',(0.E0,0.E0,-1.E0));
#9277=DIRECTION('',(-1.E0,0.E0,0.E0));
#9278=AXIS2_PLACEMENT_3D('',#9275,#9276,#9277);
#9279=CYLINDRICAL_SURFACE('',#9278,1.2E-1);
#9280=ORIENTED_EDGE('',*,*,#8807,.F.);
#9282=ORIENTED_EDGE('',*,*,#9281,.T.);
#9283=ORIENTED_EDGE('',*,*,#7992,.T.);
#9284=ORIENTED_EDGE('',*,*,#9268,.F.);
#9285=EDGE_LOOP('',(#9280,#9282,#9283,#9284));
#9286=FACE_OUTER_BOUND('',#9285,.F.);
#9287=ADVANCED_FACE('',(#9286),#9279,.T.);
#9288=CARTESIAN_POINT('',(-1.685E0,1.5E-1,5.95E-1));
#9289=DIRECTION('',(-1.E0,0.E0,0.E0));
#9290=DIRECTION('',(0.E0,-1.E0,0.E0));
#9291=AXIS2_PLACEMENT_3D('',#9288,#9289,#9290);
#9292=PLANE('',#9291);
#9293=ORIENTED_EDGE('',*,*,#8805,.F.);
#9295=ORIENTED_EDGE('',*,*,#9294,.F.);
#9296=ORIENTED_EDGE('',*,*,#7994,.T.);
#9297=ORIENTED_EDGE('',*,*,#9281,.F.);
#9298=EDGE_LOOP('',(#9293,#9295,#9296,#9297));
#9299=FACE_OUTER_BOUND('',#9298,.F.);
#9300=ADVANCED_FACE('',(#9299),#9292,.F.);
#9301=CARTESIAN_POINT('',(-1.675E0,1.5E-1,3.7E-1));
#9302=DIRECTION('',(0.E0,-1.E0,0.E0));
#9303=DIRECTION('',(0.E0,0.E0,1.E0));
#9304=AXIS2_PLACEMENT_3D('',#9301,#9302,#9303);
#9305=PLANE('',#9304);
#9306=ORIENTED_EDGE('',*,*,#9294,.T.);
#9307=ORIENTED_EDGE('',*,*,#8803,.F.);
#9308=ORIENTED_EDGE('',*,*,#9124,.F.);
#9309=ORIENTED_EDGE('',*,*,#7996,.T.);
#9310=EDGE_LOOP('',(#9306,#9307,#9308,#9309));
#9311=FACE_OUTER_BOUND('',#9310,.F.);
#9312=ADVANCED_FACE('',(#9311),#9305,.T.);
#9313=CARTESIAN_POINT('',(-1.675E0,2.86E-1,-3.7E-1));
#9314=DIRECTION('',(0.E0,-1.E0,0.E0));
#9315=DIRECTION('',(0.E0,0.E0,1.E0));
#9316=AXIS2_PLACEMENT_3D('',#9313,#9314,#9315);
#9317=PLANE('',#9316);
#9318=ORIENTED_EDGE('',*,*,#9121,.F.);
#9319=ORIENTED_EDGE('',*,*,#8081,.T.);
#9320=ORIENTED_EDGE('',*,*,#9178,.T.);
#9322=ORIENTED_EDGE('',*,*,#9321,.F.);
#9324=ORIENTED_EDGE('',*,*,#9323,.T.);
#9326=ORIENTED_EDGE('',*,*,#9325,.T.);
#9327=ORIENTED_EDGE('',*,*,#9170,.T.);
#9328=ORIENTED_EDGE('',*,*,#8000,.F.);
#9329=EDGE_LOOP('',(#9318,#9319,#9320,#9322,#9324,#9326,#9327,#9328));
#9330=FACE_OUTER_BOUND('',#9329,.F.);
#9331=ADVANCED_FACE('',(#9330),#9317,.T.);
#9332=CARTESIAN_POINT('',(-1.675E0,0.E0,-3.5E-1));
#9333=DIRECTION('',(0.E0,0.E0,-1.E0));
#9334=DIRECTION('',(-1.E0,0.E0,0.E0));
#9335=AXIS2_PLACEMENT_3D('',#9332,#9333,#9334);
#9336=PLANE('',#9335);
#9337=ORIENTED_EDGE('',*,*,#9176,.F.);
#9339=ORIENTED_EDGE('',*,*,#9338,.F.);
#9341=ORIENTED_EDGE('',*,*,#9340,.F.);
#9342=ORIENTED_EDGE('',*,*,#6771,.F.);
#9343=ORIENTED_EDGE('',*,*,#9108,.T.);
#9345=ORIENTED_EDGE('',*,*,#9344,.T.);
#9347=ORIENTED_EDGE('',*,*,#9346,.F.);
#9348=ORIENTED_EDGE('',*,*,#9321,.T.);
#9349=EDGE_LOOP('',(#9337,#9339,#9341,#9342,#9343,#9345,#9347,#9348));
#9350=FACE_OUTER_BOUND('',#9349,.F.);
#9351=ADVANCED_FACE('',(#9350),#9336,.T.);
#9352=CARTESIAN_POINT('',(-1.925E0,4.E-1,1.E0));
#9353=DIRECTION('',(0.E0,-1.E0,0.E0));
#9354=DIRECTION('',(1.E0,0.E0,0.E0));
#9355=AXIS2_PLACEMENT_3D('',#9352,#9353,#9354);
#9356=PLANE('',#9355);
#9357=ORIENTED_EDGE('',*,*,#9174,.T.);
#9359=ORIENTED_EDGE('',*,*,#9358,.F.);
#9361=ORIENTED_EDGE('',*,*,#9360,.F.);
#9362=ORIENTED_EDGE('',*,*,#9338,.T.);
#9363=EDGE_LOOP('',(#9357,#9359,#9361,#9362));
#9364=FACE_OUTER_BOUND('',#9363,.F.);
#9365=ADVANCED_FACE('',(#9364),#9356,.F.);
#9366=CARTESIAN_POINT('',(-1.925E0,0.E0,3.5E-1));
#9367=DIRECTION('',(0.E0,0.E0,1.E0));
#9368=DIRECTION('',(1.E0,0.E0,0.E0));
#9369=AXIS2_PLACEMENT_3D('',#9366,#9367,#9368);
#9370=PLANE('',#9369);
#9371=ORIENTED_EDGE('',*,*,#9172,.T.);
#9372=ORIENTED_EDGE('',*,*,#9325,.F.);
#9374=ORIENTED_EDGE('',*,*,#9373,.T.);
#9376=ORIENTED_EDGE('',*,*,#9375,.F.);
#9377=ORIENTED_EDGE('',*,*,#9104,.F.);
#9378=ORIENTED_EDGE('',*,*,#6775,.F.);
#9380=ORIENTED_EDGE('',*,*,#9379,.T.);
#9381=ORIENTED_EDGE('',*,*,#9358,.T.);
#9382=EDGE_LOOP('',(#9371,#9372,#9374,#9376,#9377,#9378,#9380,#9381));
#9383=FACE_OUTER_BOUND('',#9382,.F.);
#9384=ADVANCED_FACE('',(#9383),#9370,.T.);
#9385=CARTESIAN_POINT('',(-1.725E0,4.E-1,1.E0));
#9386=DIRECTION('',(-1.E0,0.E0,0.E0));
#9387=DIRECTION('',(0.E0,-1.E0,0.E0));
#9388=AXIS2_PLACEMENT_3D('',#9385,#9386,#9387);
#9389=PLANE('',#9388);
#9390=ORIENTED_EDGE('',*,*,#9323,.F.);
#9391=ORIENTED_EDGE('',*,*,#9346,.T.);
#9393=ORIENTED_EDGE('',*,*,#9392,.F.);
#9394=ORIENTED_EDGE('',*,*,#9373,.F.);
#9395=EDGE_LOOP('',(#9390,#9391,#9393,#9394));
#9396=FACE_OUTER_BOUND('',#9395,.F.);
#9397=ADVANCED_FACE('',(#9396),#9389,.F.);
#9398=CARTESIAN_POINT('',(-1.725E0,2.6E-1,1.E0));
#9399=DIRECTION('',(0.E0,-1.E0,0.E0));
#9400=DIRECTION('',(1.E0,0.E0,0.E0));
#9401=AXIS2_PLACEMENT_3D('',#9398,#9399,#9400);
#9402=PLANE('',#9401);
#9403=ORIENTED_EDGE('',*,*,#9344,.F.);
#9404=ORIENTED_EDGE('',*,*,#9106,.F.);
#9405=ORIENTED_EDGE('',*,*,#9375,.T.);
#9406=ORIENTED_EDGE('',*,*,#9392,.T.);
#9407=EDGE_LOOP('',(#9403,#9404,#9405,#9406));
#9408=FACE_OUTER_BOUND('',#9407,.F.);
#9409=ADVANCED_FACE('',(#9408),#9402,.F.);
#9410=CARTESIAN_POINT('',(-1.925E0,0.E0,-3.5E-1));
#9411=DIRECTION('',(-1.E0,0.E0,0.E0));
#9412=DIRECTION('',(0.E0,0.E0,1.E0));
#9413=AXIS2_PLACEMENT_3D('',#9410,#9411,#9412);
#9414=PLANE('',#9413);
#9415=ORIENTED_EDGE('',*,*,#9360,.T.);
#9416=ORIENTED_EDGE('',*,*,#9379,.F.);
#9417=ORIENTED_EDGE('',*,*,#6773,.F.);
#9418=ORIENTED_EDGE('',*,*,#9340,.T.);
#9419=EDGE_LOOP('',(#9415,#9416,#9417,#9418));
#9420=FACE_OUTER_BOUND('',#9419,.F.);
#9421=ADVANCED_FACE('',(#9420),#9414,.T.);
#9422=CARTESIAN_POINT('',(-1.805E0,1.E-1,-5.95E-1));
#9423=DIRECTION('',(0.E0,0.E0,-1.E0));
#9424=DIRECTION('',(-1.E0,0.E0,0.E0));
#9425=AXIS2_PLACEMENT_3D('',#9422,#9423,#9424);
#9426=CYLINDRICAL_SURFACE('',#9425,4.E-2);
#9427=ORIENTED_EDGE('',*,*,#8153,.T.);
#9428=ORIENTED_EDGE('',*,*,#9181,.T.);
#9429=ORIENTED_EDGE('',*,*,#8077,.F.);
#9431=ORIENTED_EDGE('',*,*,#9430,.F.);
#9432=EDGE_LOOP('',(#9427,#9428,#9429,#9431));
#9433=FACE_OUTER_BOUND('',#9432,.F.);
#9434=ADVANCED_FACE('',(#9433),#9426,.F.);
#9435=CARTESIAN_POINT('',(-1.905E0,6.E-2,-5.95E-1));
#9436=DIRECTION('',(0.E0,1.E0,0.E0));
#9437=DIRECTION('',(1.E0,0.E0,0.E0));
#9438=AXIS2_PLACEMENT_3D('',#9435,#9436,#9437);
#9439=PLANE('',#9438);
#9440=ORIENTED_EDGE('',*,*,#8155,.T.);
#9441=ORIENTED_EDGE('',*,*,#9430,.T.);
#9442=ORIENTED_EDGE('',*,*,#8075,.F.);
#9444=ORIENTED_EDGE('',*,*,#9443,.F.);
#9445=EDGE_LOOP('',(#9440,#9441,#9442,#9444));
#9446=FACE_OUTER_BOUND('',#9445,.F.);
#9447=ADVANCED_FACE('',(#9446),#9439,.T.);
#9448=CARTESIAN_POINT('',(-1.905E0,0.E0,-5.95E-1));
#9449=DIRECTION('',(-1.E0,0.E0,0.E0));
#9450=DIRECTION('',(0.E0,1.E0,0.E0));
#9451=AXIS2_PLACEMENT_3D('',#9448,#9449,#9450);
#9452=PLANE('',#9451);
#9453=ORIENTED_EDGE('',*,*,#8157,.T.);
#9454=ORIENTED_EDGE('',*,*,#9443,.T.);
#9455=ORIENTED_EDGE('',*,*,#8073,.F.);
#9457=ORIENTED_EDGE('',*,*,#9456,.F.);
#9458=EDGE_LOOP('',(#9453,#9454,#9455,#9457));
#9459=FACE_OUTER_BOUND('',#9458,.F.);
#9460=ADVANCED_FACE('',(#9459),#9452,.T.);
#9461=CARTESIAN_POINT('',(-1.865E0,0.E0,-5.95E-1));
#9462=DIRECTION('',(0.E0,-1.E0,0.E0));
#9463=DIRECTION('',(-1.E0,0.E0,0.E0));
#9464=AXIS2_PLACEMENT_3D('',#9461,#9462,#9463);
#9465=PLANE('',#9464);
#9466=ORIENTED_EDGE('',*,*,#8159,.T.);
#9467=ORIENTED_EDGE('',*,*,#9456,.T.);
#9468=ORIENTED_EDGE('',*,*,#8071,.F.);
#9470=ORIENTED_EDGE('',*,*,#9469,.F.);
#9471=EDGE_LOOP('',(#9466,#9467,#9468,#9470));
#9472=FACE_OUTER_BOUND('',#9471,.F.);
#9473=ADVANCED_FACE('',(#9472),#9465,.T.);
#9474=CARTESIAN_POINT('',(-1.845E0,-2.E-2,-5.95E-1));
#9475=DIRECTION('',(-7.071067811865E-1,-7.071067811865E-1,0.E0));
#9476=DIRECTION('',(-7.071067811865E-1,7.071067811865E-1,0.E0));
#9477=AXIS2_PLACEMENT_3D('',#9474,#9475,#9476);
#9478=PLANE('',#9477);
#9479=ORIENTED_EDGE('',*,*,#8161,.T.);
#9480=ORIENTED_EDGE('',*,*,#9469,.T.);
#9481=ORIENTED_EDGE('',*,*,#8069,.F.);
#9483=ORIENTED_EDGE('',*,*,#9482,.F.);
#9484=EDGE_LOOP('',(#9479,#9480,#9481,#9483));
#9485=FACE_OUTER_BOUND('',#9484,.F.);
#9486=ADVANCED_FACE('',(#9485),#9478,.T.);
#9487=CARTESIAN_POINT('',(-1.805E0,-2.E-2,-5.95E-1));
#9488=DIRECTION('',(0.E0,-1.E0,0.E0));
#9489=DIRECTION('',(-1.E0,0.E0,0.E0));
#9490=AXIS2_PLACEMENT_3D('',#9487,#9488,#9489);
#9491=PLANE('',#9490);
#9492=ORIENTED_EDGE('',*,*,#8163,.T.);
#9493=ORIENTED_EDGE('',*,*,#9482,.T.);
#9494=ORIENTED_EDGE('',*,*,#8067,.F.);
#9496=ORIENTED_EDGE('',*,*,#9495,.F.);
#9497=EDGE_LOOP('',(#9492,#9493,#9494,#9496));
#9498=FACE_OUTER_BOUND('',#9497,.F.);
#9499=ADVANCED_FACE('',(#9498),#9491,.T.);
#9500=CARTESIAN_POINT('',(-1.805E0,1.E-1,-5.95E-1));
#9501=DIRECTION('',(0.E0,0.E0,-1.E0));
#9502=DIRECTION('',(-1.E0,0.E0,0.E0));
#9503=AXIS2_PLACEMENT_3D('',#9500,#9501,#9502);
#9504=CYLINDRICAL_SURFACE('',#9503,1.2E-1);
#9505=ORIENTED_EDGE('',*,*,#8165,.T.);
#9506=ORIENTED_EDGE('',*,*,#9495,.T.);
#9507=ORIENTED_EDGE('',*,*,#8065,.F.);
#9509=ORIENTED_EDGE('',*,*,#9508,.F.);
#9510=EDGE_LOOP('',(#9505,#9506,#9507,#9509));
#9511=FACE_OUTER_BOUND('',#9510,.F.);
#9512=ADVANCED_FACE('',(#9511),#9504,.T.);
#9513=CARTESIAN_POINT('',(-1.685E0,1.5E-1,-5.95E-1));
#9514=DIRECTION('',(1.E0,0.E0,0.E0));
#9515=DIRECTION('',(0.E0,-1.E0,0.E0));
#9516=AXIS2_PLACEMENT_3D('',#9513,#9514,#9515);
#9517=PLANE('',#9516);
#9519=ORIENTED_EDGE('',*,*,#9518,.F.);
#9520=ORIENTED_EDGE('',*,*,#8167,.T.);
#9521=ORIENTED_EDGE('',*,*,#9508,.T.);
#9522=ORIENTED_EDGE('',*,*,#8063,.F.);
#9523=EDGE_LOOP('',(#9519,#9520,#9521,#9522));
#9524=FACE_OUTER_BOUND('',#9523,.F.);
#9525=ADVANCED_FACE('',(#9524),#9517,.T.);
#9526=CARTESIAN_POINT('',(-1.675E0,1.5E-1,-5.95E-1));
#9527=DIRECTION('',(0.E0,-1.E0,0.E0));
#9528=DIRECTION('',(0.E0,0.E0,1.E0));
#9529=AXIS2_PLACEMENT_3D('',#9526,#9527,#9528);
#9530=PLANE('',#9529);
#9531=ORIENTED_EDGE('',*,*,#9518,.T.);
#9532=ORIENTED_EDGE('',*,*,#8061,.F.);
#9533=ORIENTED_EDGE('',*,*,#9118,.F.);
#9534=ORIENTED_EDGE('',*,*,#8169,.T.);
#9535=EDGE_LOOP('',(#9531,#9532,#9533,#9534));
#9536=FACE_OUTER_BOUND('',#9535,.F.);
#9537=ADVANCED_FACE('',(#9536),#9530,.T.);
#9538=CARTESIAN_POINT('',(-1.675E0,2.5E-1,-8.9E-1));
#9539=DIRECTION('',(0.E0,-1.E0,0.E0));
#9540=DIRECTION('',(0.E0,0.E0,1.E0));
#9541=AXIS2_PLACEMENT_3D('',#9538,#9539,#9540);
#9542=PLANE('',#9541);
#9544=ORIENTED_EDGE('',*,*,#9543,.F.);
#9545=ORIENTED_EDGE('',*,*,#9184,.F.);
#9546=ORIENTED_EDGE('',*,*,#8173,.F.);
#9547=ORIENTED_EDGE('',*,*,#9115,.F.);
#9549=ORIENTED_EDGE('',*,*,#9548,.T.);
#9551=ORIENTED_EDGE('',*,*,#9550,.T.);
#9552=ORIENTED_EDGE('',*,*,#7525,.T.);
#9553=EDGE_LOOP('',(#9544,#9545,#9546,#9547,#9549,#9551,#9552));
#9554=FACE_OUTER_BOUND('',#9553,.F.);
#9555=ADVANCED_FACE('',(#9554),#9542,.T.);
#9556=CARTESIAN_POINT('',(-1.645E0,-7.76088E-1,-8.5E-1));
#9557=DIRECTION('',(0.E0,1.E0,0.E0));
#9558=DIRECTION('',(0.E0,0.E0,-1.E0));
#9559=AXIS2_PLACEMENT_3D('',#9556,#9557,#9558);
#9560=CYLINDRICAL_SURFACE('',#9559,1.2E-1);
#9561=ORIENTED_EDGE('',*,*,#7108,.T.);
#9562=ORIENTED_EDGE('',*,*,#9186,.F.);
#9563=ORIENTED_EDGE('',*,*,#9543,.T.);
#9564=ORIENTED_EDGE('',*,*,#7523,.T.);
#9565=EDGE_LOOP('',(#9561,#9562,#9563,#9564));
#9566=FACE_OUTER_BOUND('',#9565,.F.);
#9567=ADVANCED_FACE('',(#9566),#9560,.T.);
#9568=CARTESIAN_POINT('',(-7.65E-1,0.E0,-8.8E-1));
#9569=DIRECTION('',(0.E0,0.E0,-1.E0));
#9570=DIRECTION('',(-1.E0,0.E0,0.E0));
#9571=AXIS2_PLACEMENT_3D('',#9568,#9569,#9570);
#9572=PLANE('',#9571);
#9573=ORIENTED_EDGE('',*,*,#6889,.T.);
#9575=ORIENTED_EDGE('',*,*,#9574,.T.);
#9577=ORIENTED_EDGE('',*,*,#9576,.T.);
#9578=ORIENTED_EDGE('',*,*,#9548,.F.);
#9579=ORIENTED_EDGE('',*,*,#9113,.F.);
#9580=ORIENTED_EDGE('',*,*,#8995,.T.);
#9582=ORIENTED_EDGE('',*,*,#9581,.F.);
#9583=ORIENTED_EDGE('',*,*,#6757,.T.);
#9585=ORIENTED_EDGE('',*,*,#9584,.T.);
#9587=ORIENTED_EDGE('',*,*,#9586,.T.);
#9589=ORIENTED_EDGE('',*,*,#9588,.T.);
#9591=ORIENTED_EDGE('',*,*,#9590,.T.);
#9592=EDGE_LOOP('',(#9573,#9575,#9577,#9578,#9579,#9580,#9582,#9583,#9585,#9587,
#9589,#9591));
#9593=FACE_OUTER_BOUND('',#9592,.F.);
#9594=ADVANCED_FACE('',(#9593),#9572,.T.);
#9595=CARTESIAN_POINT('',(-7.65E-1,0.E0,-8.8E-1));
#9596=DIRECTION('',(0.E0,0.E0,-1.E0));
#9597=DIRECTION('',(-1.E0,0.E0,0.E0));
#9598=AXIS2_PLACEMENT_3D('',#9595,#9596,#9597);
#9599=PLANE('',#9598);
#9600=ORIENTED_EDGE('',*,*,#7055,.T.);
#9602=ORIENTED_EDGE('',*,*,#9601,.T.);
#9603=ORIENTED_EDGE('',*,*,#7464,.T.);
#9605=ORIENTED_EDGE('',*,*,#9604,.T.);
#9607=ORIENTED_EDGE('',*,*,#9606,.T.);
#9608=ORIENTED_EDGE('',*,*,#6978,.F.);
#9610=ORIENTED_EDGE('',*,*,#9609,.T.);
#9612=ORIENTED_EDGE('',*,*,#9611,.F.);
#9613=EDGE_LOOP('',(#9600,#9602,#9603,#9605,#9607,#9608,#9610,#9612));
#9614=FACE_OUTER_BOUND('',#9613,.F.);
#9615=ADVANCED_FACE('',(#9614),#9599,.T.);
#9616=CARTESIAN_POINT('',(-8.05E-1,6.E-2,-8.8E-1));
#9617=DIRECTION('',(0.E0,-1.E0,0.E0));
#9618=DIRECTION('',(-1.E0,0.E0,0.E0));
#9619=AXIS2_PLACEMENT_3D('',#9616,#9617,#9618);
#9620=PLANE('',#9619);
#9621=ORIENTED_EDGE('',*,*,#9574,.F.);
#9622=ORIENTED_EDGE('',*,*,#6887,.T.);
#9623=ORIENTED_EDGE('',*,*,#7529,.T.);
#9625=ORIENTED_EDGE('',*,*,#9624,.F.);
#9626=EDGE_LOOP('',(#9621,#9622,#9623,#9625));
#9627=FACE_OUTER_BOUND('',#9626,.F.);
#9628=ADVANCED_FACE('',(#9627),#9620,.T.);
#9629=CARTESIAN_POINT('',(-1.19E0,6.E-2,-8.8E-1));
#9630=DIRECTION('',(-7.071067811865E-1,-7.071067811865E-1,0.E0));
#9631=DIRECTION('',(-7.071067811865E-1,7.071067811865E-1,0.E0));
#9632=AXIS2_PLACEMENT_3D('',#9629,#9630,#9631);
#9633=PLANE('',#9632);
#9634=ORIENTED_EDGE('',*,*,#9576,.F.);
#9635=ORIENTED_EDGE('',*,*,#9624,.T.);
#9636=ORIENTED_EDGE('',*,*,#7527,.T.);
#9637=ORIENTED_EDGE('',*,*,#9550,.F.);
#9638=EDGE_LOOP('',(#9634,#9635,#9636,#9637));
#9639=FACE_OUTER_BOUND('',#9638,.F.);
#9640=ADVANCED_FACE('',(#9639),#9633,.T.);
#9641=CARTESIAN_POINT('',(-1.41E0,0.E0,-8.8E-1));
#9642=DIRECTION('',(1.E0,0.E0,0.E0));
#9643=DIRECTION('',(0.E0,0.E0,-1.E0));
#9644=AXIS2_PLACEMENT_3D('',#9641,#9642,#9643);
#9645=PLANE('',#9644);
#9646=ORIENTED_EDGE('',*,*,#8993,.T.);
#9648=ORIENTED_EDGE('',*,*,#9647,.F.);
#9649=ORIENTED_EDGE('',*,*,#6759,.F.);
#9650=ORIENTED_EDGE('',*,*,#9581,.T.);
#9651=EDGE_LOOP('',(#9646,#9648,#9649,#9650));
#9652=FACE_OUTER_BOUND('',#9651,.F.);
#9653=ADVANCED_FACE('',(#9652),#9645,.T.);
#9654=CARTESIAN_POINT('',(-1.41E0,0.E0,-1.E0));
#9655=DIRECTION('',(0.E0,0.E0,-1.E0));
#9656=DIRECTION('',(-1.E0,0.E0,0.E0));
#9657=AXIS2_PLACEMENT_3D('',#9654,#9655,#9656);
#9658=PLANE('',#9657);
#9659=ORIENTED_EDGE('',*,*,#8991,.T.);
#9661=ORIENTED_EDGE('',*,*,#9660,.F.);
#9662=ORIENTED_EDGE('',*,*,#6761,.F.);
#9663=ORIENTED_EDGE('',*,*,#9647,.T.);
#9664=EDGE_LOOP('',(#9659,#9661,#9662,#9663));
#9665=FACE_OUTER_BOUND('',#9664,.F.);
#9666=ADVANCED_FACE('',(#9665),#9658,.T.);
#9667=CARTESIAN_POINT('',(-1.725E0,0.E0,-8.E-1));
#9668=DIRECTION('',(0.E0,1.E0,0.E0));
#9669=DIRECTION('',(1.E0,0.E0,0.E0));
#9670=AXIS2_PLACEMENT_3D('',#9667,#9668,#9669);
#9671=CYLINDRICAL_SURFACE('',#9670,2.E-1);
#9672=ORIENTED_EDGE('',*,*,#8989,.T.);
#9673=ORIENTED_EDGE('',*,*,#9074,.F.);
#9674=ORIENTED_EDGE('',*,*,#6763,.F.);
#9675=ORIENTED_EDGE('',*,*,#9660,.T.);
#9676=EDGE_LOOP('',(#9672,#9673,#9674,#9675));
#9677=FACE_OUTER_BOUND('',#9676,.F.);
#9678=ADVANCED_FACE('',(#9677),#9671,.T.);
#9679=CARTESIAN_POINT('',(-7.E-1,0.E0,-7.55E-1));
#9680=DIRECTION('',(-1.E0,0.E0,0.E0));
#9681=DIRECTION('',(0.E0,0.E0,-1.E0));
#9682=AXIS2_PLACEMENT_3D('',#9679,#9680,#9681);
#9683=PLANE('',#9682);
#9684=ORIENTED_EDGE('',*,*,#6755,.F.);
#9686=ORIENTED_EDGE('',*,*,#9685,.T.);
#9688=ORIENTED_EDGE('',*,*,#9687,.T.);
#9689=ORIENTED_EDGE('',*,*,#9584,.F.);
#9690=EDGE_LOOP('',(#9684,#9686,#9688,#9689));
#9691=FACE_OUTER_BOUND('',#9690,.F.);
#9692=ADVANCED_FACE('',(#9691),#9683,.F.);
#9693=CARTESIAN_POINT('',(7.E-1,0.E0,-7.55E-1));
#9694=DIRECTION('',(0.E0,0.E0,1.E0));
#9695=DIRECTION('',(-1.E0,0.E0,0.E0));
#9696=AXIS2_PLACEMENT_3D('',#9693,#9694,#9695);
#9697=PLANE('',#9696);
#9698=ORIENTED_EDGE('',*,*,#6753,.F.);
#9700=ORIENTED_EDGE('',*,*,#9699,.T.);
#9702=ORIENTED_EDGE('',*,*,#9701,.T.);
#9703=ORIENTED_EDGE('',*,*,#9685,.F.);
#9704=EDGE_LOOP('',(#9698,#9700,#9702,#9703));
#9705=FACE_OUTER_BOUND('',#9704,.F.);
#9706=ADVANCED_FACE('',(#9705),#9697,.F.);
#9707=CARTESIAN_POINT('',(7.E-1,0.E0,-8.8E-1));
#9708=DIRECTION('',(1.E0,0.E0,0.E0));
#9709=DIRECTION('',(0.E0,0.E0,1.E0));
#9710=AXIS2_PLACEMENT_3D('',#9707,#9708,#9709);
#9711=PLANE('',#9710);
#9712=ORIENTED_EDGE('',*,*,#6751,.F.);
#9713=ORIENTED_EDGE('',*,*,#8236,.T.);
#9715=ORIENTED_EDGE('',*,*,#9714,.T.);
#9716=ORIENTED_EDGE('',*,*,#9699,.F.);
#9717=EDGE_LOOP('',(#9712,#9713,#9715,#9716));
#9718=FACE_OUTER_BOUND('',#9717,.F.);
#9719=ADVANCED_FACE('',(#9718),#9711,.F.);
#9720=CARTESIAN_POINT('',(0.E0,1.E-1,0.E0));
#9721=DIRECTION('',(0.E0,-1.E0,0.E0));
#9722=DIRECTION('',(1.E0,0.E0,0.E0));
#9723=AXIS2_PLACEMENT_3D('',#9720,#9721,#9722);
#9724=PLANE('',#9723);
#9726=ORIENTED_EDGE('',*,*,#9725,.T.);
#9727=ORIENTED_EDGE('',*,*,#9586,.F.);
#9728=ORIENTED_EDGE('',*,*,#9687,.F.);
#9729=ORIENTED_EDGE('',*,*,#9701,.F.);
#9730=ORIENTED_EDGE('',*,*,#9714,.F.);
#9731=ORIENTED_EDGE('',*,*,#8234,.F.);
#9733=ORIENTED_EDGE('',*,*,#9732,.T.);
#9735=ORIENTED_EDGE('',*,*,#9734,.T.);
#9736=EDGE_LOOP('',(#9726,#9727,#9728,#9729,#9730,#9731,#9733,#9735));
#9737=FACE_OUTER_BOUND('',#9736,.F.);
#9739=ORIENTED_EDGE('',*,*,#9738,.T.);
#9741=ORIENTED_EDGE('',*,*,#9740,.F.);
#9743=ORIENTED_EDGE('',*,*,#9742,.F.);
#9745=ORIENTED_EDGE('',*,*,#9744,.F.);
#9746=EDGE_LOOP('',(#9739,#9741,#9743,#9745));
#9747=FACE_BOUND('',#9746,.F.);
#9749=ORIENTED_EDGE('',*,*,#9748,.T.);
#9751=ORIENTED_EDGE('',*,*,#9750,.F.);
#9753=ORIENTED_EDGE('',*,*,#9752,.F.);
#9755=ORIENTED_EDGE('',*,*,#9754,.F.);
#9756=EDGE_LOOP('',(#9749,#9751,#9753,#9755));
#9757=FACE_BOUND('',#9756,.F.);
#9759=ORIENTED_EDGE('',*,*,#9758,.T.);
#9761=ORIENTED_EDGE('',*,*,#9760,.F.);
#9763=ORIENTED_EDGE('',*,*,#9762,.F.);
#9765=ORIENTED_EDGE('',*,*,#9764,.F.);
#9766=EDGE_LOOP('',(#9759,#9761,#9763,#9765));
#9767=FACE_BOUND('',#9766,.F.);
#9769=ORIENTED_EDGE('',*,*,#9768,.T.);
#9771=ORIENTED_EDGE('',*,*,#9770,.F.);
#9773=ORIENTED_EDGE('',*,*,#9772,.F.);
#9775=ORIENTED_EDGE('',*,*,#9774,.F.);
#9776=EDGE_LOOP('',(#9769,#9771,#9773,#9775));
#9777=FACE_BOUND('',#9776,.F.);
#9778=ADVANCED_FACE('',(#9737,#9747,#9757,#9767,#9777),#9724,.T.);
#9779=CARTESIAN_POINT('',(0.E0,1.E-1,0.E0));
#9780=DIRECTION('',(0.E0,-1.E0,0.E0));
#9781=DIRECTION('',(1.E0,0.E0,0.E0));
#9782=AXIS2_PLACEMENT_3D('',#9779,#9780,#9781);
#9783=PLANE('',#9782);
#9785=ORIENTED_EDGE('',*,*,#9784,.T.);
#9787=ORIENTED_EDGE('',*,*,#9786,.T.);
#9789=ORIENTED_EDGE('',*,*,#9788,.T.);
#9790=ORIENTED_EDGE('',*,*,#8703,.F.);
#9792=ORIENTED_EDGE('',*,*,#9791,.F.);
#9794=ORIENTED_EDGE('',*,*,#9793,.F.);
#9796=ORIENTED_EDGE('',*,*,#9795,.F.);
#9797=ORIENTED_EDGE('',*,*,#6803,.F.);
#9798=EDGE_LOOP('',(#9785,#9787,#9789,#9790,#9792,#9794,#9796,#9797));
#9799=FACE_OUTER_BOUND('',#9798,.F.);
#9801=ORIENTED_EDGE('',*,*,#9800,.T.);
#9803=ORIENTED_EDGE('',*,*,#9802,.F.);
#9805=ORIENTED_EDGE('',*,*,#9804,.F.);
#9807=ORIENTED_EDGE('',*,*,#9806,.F.);
#9808=EDGE_LOOP('',(#9801,#9803,#9805,#9807));
#9809=FACE_BOUND('',#9808,.F.);
#9811=ORIENTED_EDGE('',*,*,#9810,.T.);
#9813=ORIENTED_EDGE('',*,*,#9812,.F.);
#9815=ORIENTED_EDGE('',*,*,#9814,.F.);
#9817=ORIENTED_EDGE('',*,*,#9816,.F.);
#9818=EDGE_LOOP('',(#9811,#9813,#9815,#9817));
#9819=FACE_BOUND('',#9818,.F.);
#9821=ORIENTED_EDGE('',*,*,#9820,.T.);
#9823=ORIENTED_EDGE('',*,*,#9822,.F.);
#9825=ORIENTED_EDGE('',*,*,#9824,.F.);
#9827=ORIENTED_EDGE('',*,*,#9826,.F.);
#9828=EDGE_LOOP('',(#9821,#9823,#9825,#9827));
#9829=FACE_BOUND('',#9828,.F.);
#9831=ORIENTED_EDGE('',*,*,#9830,.T.);
#9833=ORIENTED_EDGE('',*,*,#9832,.F.);
#9835=ORIENTED_EDGE('',*,*,#9834,.F.);
#9837=ORIENTED_EDGE('',*,*,#9836,.F.);
#9838=EDGE_LOOP('',(#9831,#9833,#9835,#9837));
#9839=FACE_BOUND('',#9838,.F.);
#9840=ADVANCED_FACE('',(#9799,#9809,#9819,#9829,#9839),#9783,.T.);
#9841=CARTESIAN_POINT('',(-7.65E-1,0.E0,8.8E-1));
#9842=DIRECTION('',(-1.E0,0.E0,0.E0));
#9843=DIRECTION('',(0.E0,0.E0,1.E0));
#9844=AXIS2_PLACEMENT_3D('',#9841,#9842,#9843);
#9845=PLANE('',#9844);
#9846=ORIENTED_EDGE('',*,*,#9725,.F.);
#9848=ORIENTED_EDGE('',*,*,#9847,.T.);
#9850=ORIENTED_EDGE('',*,*,#9849,.T.);
#9852=ORIENTED_EDGE('',*,*,#9851,.T.);
#9854=ORIENTED_EDGE('',*,*,#9853,.T.);
#9856=ORIENTED_EDGE('',*,*,#9855,.F.);
#9858=ORIENTED_EDGE('',*,*,#9857,.T.);
#9859=ORIENTED_EDGE('',*,*,#9588,.F.);
#9860=EDGE_LOOP('',(#9846,#9848,#9850,#9852,#9854,#9856,#9858,#9859));
#9861=FACE_OUTER_BOUND('',#9860,.F.);
#9862=ADVANCED_FACE('',(#9861),#9845,.T.);
#9863=CARTESIAN_POINT('',(-7.65E-1,0.E0,8.8E-1));
#9864=DIRECTION('',(-1.E0,0.E0,0.E0));
#9865=DIRECTION('',(0.E0,0.E0,1.E0));
#9866=AXIS2_PLACEMENT_3D('',#9863,#9864,#9865);
#9867=PLANE('',#9866);
#9868=ORIENTED_EDGE('',*,*,#9784,.F.);
#9869=ORIENTED_EDGE('',*,*,#6801,.T.);
#9871=ORIENTED_EDGE('',*,*,#9870,.T.);
#9873=ORIENTED_EDGE('',*,*,#9872,.T.);
#9875=ORIENTED_EDGE('',*,*,#9874,.T.);
#9877=ORIENTED_EDGE('',*,*,#9876,.T.);
#9879=ORIENTED_EDGE('',*,*,#9878,.T.);
#9881=ORIENTED_EDGE('',*,*,#9880,.F.);
#9882=EDGE_LOOP('',(#9868,#9869,#9871,#9873,#9875,#9877,#9879,#9881));
#9883=FACE_OUTER_BOUND('',#9882,.F.);
#9884=ADVANCED_FACE('',(#9883),#9867,.T.);
#9885=CARTESIAN_POINT('',(7.65E-1,0.E0,-1.E0));
#9886=DIRECTION('',(0.E0,0.E0,-1.E0));
#9887=DIRECTION('',(-1.E0,0.E0,0.E0));
#9888=AXIS2_PLACEMENT_3D('',#9885,#9886,#9887);
#9889=PLANE('',#9888);
#9890=ORIENTED_EDGE('',*,*,#9734,.F.);
#9892=ORIENTED_EDGE('',*,*,#9891,.T.);
#9894=ORIENTED_EDGE('',*,*,#9893,.T.);
#9895=ORIENTED_EDGE('',*,*,#9847,.F.);
#9896=EDGE_LOOP('',(#9890,#9892,#9894,#9895));
#9897=FACE_OUTER_BOUND('',#9896,.F.);
#9898=ADVANCED_FACE('',(#9897),#9889,.T.);
#9899=CARTESIAN_POINT('',(7.65E-1,0.E0,1.E0));
#9900=DIRECTION('',(1.E0,0.E0,0.E0));
#9901=DIRECTION('',(0.E0,0.E0,-1.E0));
#9902=AXIS2_PLACEMENT_3D('',#9899,#9900,#9901);
#9903=PLANE('',#9902);
#9904=ORIENTED_EDGE('',*,*,#9788,.F.);
#9906=ORIENTED_EDGE('',*,*,#9905,.T.);
#9908=ORIENTED_EDGE('',*,*,#9907,.T.);
#9910=ORIENTED_EDGE('',*,*,#9909,.T.);
#9912=ORIENTED_EDGE('',*,*,#9911,.T.);
#9913=ORIENTED_EDGE('',*,*,#8442,.F.);
#9914=ORIENTED_EDGE('',*,*,#8482,.F.);
#9915=ORIENTED_EDGE('',*,*,#8705,.F.);
#9916=EDGE_LOOP('',(#9904,#9906,#9908,#9910,#9912,#9913,#9914,#9915));
#9917=FACE_OUTER_BOUND('',#9916,.F.);
#9918=ADVANCED_FACE('',(#9917),#9903,.T.);
#9919=CARTESIAN_POINT('',(7.65E-1,0.E0,1.E0));
#9920=DIRECTION('',(1.E0,0.E0,0.E0));
#9921=DIRECTION('',(0.E0,0.E0,-1.E0));
#9922=AXIS2_PLACEMENT_3D('',#9919,#9920,#9921);
#9923=PLANE('',#9922);
#9924=ORIENTED_EDGE('',*,*,#9732,.F.);
#9925=ORIENTED_EDGE('',*,*,#8232,.T.);
#9926=ORIENTED_EDGE('',*,*,#8468,.F.);
#9927=ORIENTED_EDGE('',*,*,#8541,.T.);
#9929=ORIENTED_EDGE('',*,*,#9928,.T.);
#9931=ORIENTED_EDGE('',*,*,#9930,.T.);
#9933=ORIENTED_EDGE('',*,*,#9932,.T.);
#9934=ORIENTED_EDGE('',*,*,#9891,.F.);
#9935=EDGE_LOOP('',(#9924,#9925,#9926,#9927,#9929,#9931,#9933,#9934));
#9936=FACE_OUTER_BOUND('',#9935,.F.);
#9937=ADVANCED_FACE('',(#9936),#9923,.T.);
#9938=CARTESIAN_POINT('',(-7.65E-1,0.E0,1.E0));
#9939=DIRECTION('',(0.E0,0.E0,1.E0));
#9940=DIRECTION('',(1.E0,0.E0,0.E0));
#9941=AXIS2_PLACEMENT_3D('',#9938,#9939,#9940);
#9942=PLANE('',#9941);
#9943=ORIENTED_EDGE('',*,*,#9786,.F.);
#9944=ORIENTED_EDGE('',*,*,#9880,.T.);
#9946=ORIENTED_EDGE('',*,*,#9945,.T.);
#9947=ORIENTED_EDGE('',*,*,#9905,.F.);
#9948=EDGE_LOOP('',(#9943,#9944,#9946,#9947));
#9949=FACE_OUTER_BOUND('',#9948,.F.);
#9950=ADVANCED_FACE('',(#9949),#9942,.T.);
#9951=CARTESIAN_POINT('',(0.E0,4.6E-1,0.E0));
#9952=DIRECTION('',(0.E0,1.E0,0.E0));
#9953=DIRECTION('',(1.E0,0.E0,0.E0));
#9954=AXIS2_PLACEMENT_3D('',#9951,#9952,#9953);
#9955=PLANE('',#9954);
#9957=ORIENTED_EDGE('',*,*,#9956,.T.);
#9958=ORIENTED_EDGE('',*,*,#9907,.F.);
#9959=ORIENTED_EDGE('',*,*,#9945,.F.);
#9960=ORIENTED_EDGE('',*,*,#9878,.F.);
#9961=EDGE_LOOP('',(#9957,#9958,#9959,#9960));
#9962=FACE_OUTER_BOUND('',#9961,.F.);
#9963=ADVANCED_FACE('',(#9962),#9955,.T.);
#9964=CARTESIAN_POINT('',(0.E0,4.6E-1,0.E0));
#9965=DIRECTION('',(0.E0,1.E0,0.E0));
#9966=DIRECTION('',(1.E0,0.E0,0.E0));
#9967=AXIS2_PLACEMENT_3D('',#9964,#9965,#9966);
#9968=PLANE('',#9967);
#9970=ORIENTED_EDGE('',*,*,#9969,.F.);
#9971=ORIENTED_EDGE('',*,*,#9849,.F.);
#9972=ORIENTED_EDGE('',*,*,#9893,.F.);
#9973=ORIENTED_EDGE('',*,*,#9932,.F.);
#9974=EDGE_LOOP('',(#9970,#9971,#9972,#9973));
#9975=FACE_OUTER_BOUND('',#9974,.F.);
#9976=ADVANCED_FACE('',(#9975),#9968,.T.);
#9977=CARTESIAN_POINT('',(-7.65E-1,4.6E-1,6.4E-1));
#9978=DIRECTION('',(0.E0,0.E0,1.E0));
#9979=DIRECTION('',(1.E0,0.E0,0.E0));
#9980=AXIS2_PLACEMENT_3D('',#9977,#9978,#9979);
#9981=PLANE('',#9980);
#9982=ORIENTED_EDGE('',*,*,#9956,.F.);
#9983=ORIENTED_EDGE('',*,*,#9876,.F.);
#9985=ORIENTED_EDGE('',*,*,#9984,.T.);
#9986=ORIENTED_EDGE('',*,*,#9909,.F.);
#9987=EDGE_LOOP('',(#9982,#9983,#9985,#9986));
#9988=FACE_OUTER_BOUND('',#9987,.F.);
#9990=ORIENTED_EDGE('',*,*,#9989,.T.);
#9992=ORIENTED_EDGE('',*,*,#9991,.T.);
#9994=ORIENTED_EDGE('',*,*,#9993,.F.);
#9996=ORIENTED_EDGE('',*,*,#9995,.F.);
#9997=EDGE_LOOP('',(#9990,#9992,#9994,#9996));
#9998=FACE_BOUND('',#9997,.F.);
#10000=ORIENTED_EDGE('',*,*,#9999,.T.);
#10002=ORIENTED_EDGE('',*,*,#10001,.T.);
#10004=ORIENTED_EDGE('',*,*,#10003,.F.);
#10006=ORIENTED_EDGE('',*,*,#10005,.F.);
#10007=EDGE_LOOP('',(#10000,#10002,#10004,#10006));
#10008=FACE_BOUND('',#10007,.F.);
#10010=ORIENTED_EDGE('',*,*,#10009,.T.);
#10012=ORIENTED_EDGE('',*,*,#10011,.T.);
#10014=ORIENTED_EDGE('',*,*,#10013,.F.);
#10016=ORIENTED_EDGE('',*,*,#10015,.F.);
#10017=EDGE_LOOP('',(#10010,#10012,#10014,#10016));
#10018=FACE_BOUND('',#10017,.F.);
#10020=ORIENTED_EDGE('',*,*,#10019,.T.);
#10022=ORIENTED_EDGE('',*,*,#10021,.T.);
#10024=ORIENTED_EDGE('',*,*,#10023,.F.);
#10026=ORIENTED_EDGE('',*,*,#10025,.F.);
#10027=EDGE_LOOP('',(#10020,#10022,#10024,#10026));
#10028=FACE_BOUND('',#10027,.F.);
#10029=ADVANCED_FACE('',(#9988,#9998,#10008,#10018,#10028),#9981,.F.);
#10030=CARTESIAN_POINT('',(0.E0,1.E-1,0.E0));
#10031=DIRECTION('',(0.E0,1.E0,0.E0));
#10032=DIRECTION('',(1.E0,0.E0,0.E0));
#10033=AXIS2_PLACEMENT_3D('',#10030,#10031,#10032);
#10034=PLANE('',#10033);
#10036=ORIENTED_EDGE('',*,*,#10035,.F.);
#10038=ORIENTED_EDGE('',*,*,#10037,.F.);
#10039=ORIENTED_EDGE('',*,*,#7811,.F.);
#10041=ORIENTED_EDGE('',*,*,#10040,.F.);
#10043=ORIENTED_EDGE('',*,*,#10042,.F.);
#10044=ORIENTED_EDGE('',*,*,#8444,.F.);
#10045=ORIENTED_EDGE('',*,*,#9911,.F.);
#10046=ORIENTED_EDGE('',*,*,#9984,.F.);
#10047=ORIENTED_EDGE('',*,*,#9874,.F.);
#10049=ORIENTED_EDGE('',*,*,#10048,.F.);
#10051=ORIENTED_EDGE('',*,*,#10050,.F.);
#10053=ORIENTED_EDGE('',*,*,#10052,.F.);
#10055=ORIENTED_EDGE('',*,*,#10054,.F.);
#10057=ORIENTED_EDGE('',*,*,#10056,.T.);
#10059=ORIENTED_EDGE('',*,*,#10058,.T.);
#10061=ORIENTED_EDGE('',*,*,#10060,.T.);
#10063=ORIENTED_EDGE('',*,*,#10062,.T.);
#10065=ORIENTED_EDGE('',*,*,#10064,.F.);
#10067=ORIENTED_EDGE('',*,*,#10066,.T.);
#10068=ORIENTED_EDGE('',*,*,#7844,.F.);
#10070=ORIENTED_EDGE('',*,*,#10069,.F.);
#10072=ORIENTED_EDGE('',*,*,#10071,.F.);
#10074=ORIENTED_EDGE('',*,*,#10073,.F.);
#10076=ORIENTED_EDGE('',*,*,#10075,.F.);
#10077=ORIENTED_EDGE('',*,*,#9853,.F.);
#10079=ORIENTED_EDGE('',*,*,#10078,.F.);
#10080=ORIENTED_EDGE('',*,*,#9928,.F.);
#10081=ORIENTED_EDGE('',*,*,#8539,.F.);
#10083=ORIENTED_EDGE('',*,*,#10082,.F.);
#10085=ORIENTED_EDGE('',*,*,#10084,.F.);
#10086=ORIENTED_EDGE('',*,*,#7786,.F.);
#10087=ORIENTED_EDGE('',*,*,#7827,.T.);
#10089=ORIENTED_EDGE('',*,*,#10088,.F.);
#10091=ORIENTED_EDGE('',*,*,#10090,.T.);
#10093=ORIENTED_EDGE('',*,*,#10092,.T.);
#10095=ORIENTED_EDGE('',*,*,#10094,.F.);
#10096=EDGE_LOOP('',(#10036,#10038,#10039,#10041,#10043,#10044,#10045,#10046,
#10047,#10049,#10051,#10053,#10055,#10057,#10059,#10061,#10063,#10065,#10067,
#10068,#10070,#10072,#10074,#10076,#10077,#10079,#10080,#10081,#10083,#10085,
#10086,#10087,#10089,#10091,#10093,#10095));
#10097=FACE_OUTER_BOUND('',#10096,.F.);
#10099=ORIENTED_EDGE('',*,*,#10098,.F.);
#10101=ORIENTED_EDGE('',*,*,#10100,.T.);
#10103=ORIENTED_EDGE('',*,*,#10102,.T.);
#10105=ORIENTED_EDGE('',*,*,#10104,.F.);
#10106=EDGE_LOOP('',(#10099,#10101,#10103,#10105));
#10107=FACE_BOUND('',#10106,.F.);
#10108=ADVANCED_FACE('',(#10097,#10107),#10034,.T.);
#10109=CARTESIAN_POINT('',(0.E0,0.E0,-3.4E-1));
#10110=DIRECTION('',(0.E0,0.E0,1.E0));
#10111=DIRECTION('',(1.E0,0.E0,0.E0));
#10112=AXIS2_PLACEMENT_3D('',#10109,#10110,#10111);
#10113=PLANE('',#10112);
#10114=ORIENTED_EDGE('',*,*,#10098,.T.);
#10116=ORIENTED_EDGE('',*,*,#10115,.T.);
#10118=ORIENTED_EDGE('',*,*,#10117,.T.);
#10120=ORIENTED_EDGE('',*,*,#10119,.T.);
#10122=ORIENTED_EDGE('',*,*,#10121,.T.);
#10124=ORIENTED_EDGE('',*,*,#10123,.T.);
#10125=EDGE_LOOP('',(#10114,#10116,#10118,#10120,#10122,#10124));
#10126=FACE_OUTER_BOUND('',#10125,.F.);
#10128=ORIENTED_EDGE('',*,*,#10127,.T.);
#10130=ORIENTED_EDGE('',*,*,#10129,.T.);
#10132=ORIENTED_EDGE('',*,*,#10131,.F.);
#10134=ORIENTED_EDGE('',*,*,#10133,.F.);
#10135=EDGE_LOOP('',(#10128,#10130,#10132,#10134));
#10136=FACE_BOUND('',#10135,.F.);
#10138=ORIENTED_EDGE('',*,*,#10137,.T.);
#10140=ORIENTED_EDGE('',*,*,#10139,.T.);
#10142=ORIENTED_EDGE('',*,*,#10141,.F.);
#10144=ORIENTED_EDGE('',*,*,#10143,.F.);
#10145=EDGE_LOOP('',(#10138,#10140,#10142,#10144));
#10146=FACE_BOUND('',#10145,.F.);
#10148=ORIENTED_EDGE('',*,*,#10147,.T.);
#10150=ORIENTED_EDGE('',*,*,#10149,.T.);
#10152=ORIENTED_EDGE('',*,*,#10151,.F.);
#10154=ORIENTED_EDGE('',*,*,#10153,.F.);
#10155=EDGE_LOOP('',(#10148,#10150,#10152,#10154));
#10156=FACE_BOUND('',#10155,.F.);
#10158=ORIENTED_EDGE('',*,*,#10157,.T.);
#10160=ORIENTED_EDGE('',*,*,#10159,.T.);
#10162=ORIENTED_EDGE('',*,*,#10161,.F.);
#10164=ORIENTED_EDGE('',*,*,#10163,.F.);
#10165=EDGE_LOOP('',(#10158,#10160,#10162,#10164));
#10166=FACE_BOUND('',#10165,.F.);
#10167=ADVANCED_FACE('',(#10126,#10136,#10146,#10156,#10166),#10113,.F.);
#10168=CARTESIAN_POINT('',(9.75E-1,0.E0,-3.4E-1));
#10169=DIRECTION('',(1.E0,0.E0,0.E0));
#10170=DIRECTION('',(0.E0,1.E0,0.E0));
#10171=AXIS2_PLACEMENT_3D('',#10168,#10169,#10170);
#10172=PLANE('',#10171);
#10173=ORIENTED_EDGE('',*,*,#10104,.T.);
#10175=ORIENTED_EDGE('',*,*,#10174,.T.);
#10177=ORIENTED_EDGE('',*,*,#10176,.F.);
#10178=ORIENTED_EDGE('',*,*,#10115,.F.);
#10179=EDGE_LOOP('',(#10173,#10175,#10177,#10178));
#10180=FACE_OUTER_BOUND('',#10179,.F.);
#10181=ADVANCED_FACE('',(#10180),#10172,.T.);
#10182=CARTESIAN_POINT('',(0.E0,0.E0,3.4E-1));
#10183=DIRECTION('',(0.E0,0.E0,1.E0));
#10184=DIRECTION('',(1.E0,0.E0,0.E0));
#10185=AXIS2_PLACEMENT_3D('',#10182,#10183,#10184);
#10186=PLANE('',#10185);
#10187=ORIENTED_EDGE('',*,*,#10102,.F.);
#10189=ORIENTED_EDGE('',*,*,#10188,.F.);
#10191=ORIENTED_EDGE('',*,*,#10190,.F.);
#10193=ORIENTED_EDGE('',*,*,#10192,.F.);
#10195=ORIENTED_EDGE('',*,*,#10194,.F.);
#10196=ORIENTED_EDGE('',*,*,#10174,.F.);
#10197=EDGE_LOOP('',(#10187,#10189,#10191,#10193,#10195,#10196));
#10198=FACE_OUTER_BOUND('',#10197,.F.);
#10200=ORIENTED_EDGE('',*,*,#10199,.F.);
#10202=ORIENTED_EDGE('',*,*,#10201,.T.);
#10204=ORIENTED_EDGE('',*,*,#10203,.T.);
#10206=ORIENTED_EDGE('',*,*,#10205,.F.);
#10207=EDGE_LOOP('',(#10200,#10202,#10204,#10206));
#10208=FACE_BOUND('',#10207,.F.);
#10210=ORIENTED_EDGE('',*,*,#10209,.F.);
#10212=ORIENTED_EDGE('',*,*,#10211,.T.);
#10214=ORIENTED_EDGE('',*,*,#10213,.T.);
#10216=ORIENTED_EDGE('',*,*,#10215,.F.);
#10217=EDGE_LOOP('',(#10210,#10212,#10214,#10216));
#10218=FACE_BOUND('',#10217,.F.);
#10220=ORIENTED_EDGE('',*,*,#10219,.F.);
#10222=ORIENTED_EDGE('',*,*,#10221,.T.);
#10224=ORIENTED_EDGE('',*,*,#10223,.T.);
#10226=ORIENTED_EDGE('',*,*,#10225,.F.);
#10227=EDGE_LOOP('',(#10220,#10222,#10224,#10226));
#10228=FACE_BOUND('',#10227,.F.);
#10230=ORIENTED_EDGE('',*,*,#10229,.F.);
#10232=ORIENTED_EDGE('',*,*,#10231,.T.);
#10234=ORIENTED_EDGE('',*,*,#10233,.T.);
#10236=ORIENTED_EDGE('',*,*,#10235,.F.);
#10237=EDGE_LOOP('',(#10230,#10232,#10234,#10236));
#10238=FACE_BOUND('',#10237,.F.);
#10239=ADVANCED_FACE('',(#10198,#10208,#10218,#10228,#10238),#10186,.T.);
#10240=CARTESIAN_POINT('',(-9.75E-1,2.65E-1,-3.4E-1));
#10241=DIRECTION('',(-1.E0,0.E0,0.E0));
#10242=DIRECTION('',(0.E0,-1.E0,0.E0));
#10243=AXIS2_PLACEMENT_3D('',#10240,#10241,#10242);
#10244=PLANE('',#10243);
#10245=ORIENTED_EDGE('',*,*,#10100,.F.);
#10246=ORIENTED_EDGE('',*,*,#10123,.F.);
#10248=ORIENTED_EDGE('',*,*,#10247,.T.);
#10249=ORIENTED_EDGE('',*,*,#10188,.T.);
#10250=EDGE_LOOP('',(#10245,#10246,#10248,#10249));
#10251=FACE_OUTER_BOUND('',#10250,.F.);
#10252=ADVANCED_FACE('',(#10251),#10244,.T.);
#10253=CARTESIAN_POINT('',(-7.5E-1,4.6E-1,-3.4E-1));
#10254=DIRECTION('',(-6.549305384178E-1,7.556890827898E-1,0.E0));
#10255=DIRECTION('',(-7.556890827898E-1,-6.549305384178E-1,0.E0));
#10256=AXIS2_PLACEMENT_3D('',#10253,#10254,#10255);
#10257=PLANE('',#10256);
#10258=ORIENTED_EDGE('',*,*,#10121,.F.);
#10260=ORIENTED_EDGE('',*,*,#10259,.T.);
#10261=ORIENTED_EDGE('',*,*,#10190,.T.);
#10262=ORIENTED_EDGE('',*,*,#10247,.F.);
#10263=EDGE_LOOP('',(#10258,#10260,#10261,#10262));
#10264=FACE_OUTER_BOUND('',#10263,.F.);
#10265=ADVANCED_FACE('',(#10264),#10257,.T.);
#10266=CARTESIAN_POINT('',(7.5E-1,4.6E-1,-3.4E-1));
#10267=DIRECTION('',(0.E0,1.E0,0.E0));
#10268=DIRECTION('',(-1.E0,0.E0,0.E0));
#10269=AXIS2_PLACEMENT_3D('',#10266,#10267,#10268);
#10270=PLANE('',#10269);
#10271=ORIENTED_EDGE('',*,*,#10119,.F.);
#10273=ORIENTED_EDGE('',*,*,#10272,.T.);
#10274=ORIENTED_EDGE('',*,*,#10192,.T.);
#10275=ORIENTED_EDGE('',*,*,#10259,.F.);
#10276=EDGE_LOOP('',(#10271,#10273,#10274,#10275));
#10277=FACE_OUTER_BOUND('',#10276,.F.);
#10278=ADVANCED_FACE('',(#10277),#10270,.T.);
#10279=CARTESIAN_POINT('',(9.75E-1,2.65E-1,-3.4E-1));
#10280=DIRECTION('',(6.549305384178E-1,7.556890827898E-1,0.E0));
#10281=DIRECTION('',(-7.556890827898E-1,6.549305384178E-1,0.E0));
#10282=AXIS2_PLACEMENT_3D('',#10279,#10280,#10281);
#10283=PLANE('',#10282);
#10284=ORIENTED_EDGE('',*,*,#10117,.F.);
#10285=ORIENTED_EDGE('',*,*,#10176,.T.);
#10286=ORIENTED_EDGE('',*,*,#10194,.T.);
#10287=ORIENTED_EDGE('',*,*,#10272,.F.);
#10288=EDGE_LOOP('',(#10284,#10285,#10286,#10287));
#10289=FACE_OUTER_BOUND('',#10288,.F.);
#10290=ADVANCED_FACE('',(#10289),#10283,.T.);
#10291=CARTESIAN_POINT('',(-6.15E-1,0.E0,0.E0));
#10292=DIRECTION('',(1.E0,0.E0,0.E0));
#10293=DIRECTION('',(0.E0,0.E0,-1.E0));
#10294=AXIS2_PLACEMENT_3D('',#10291,#10292,#10293);
#10295=PLANE('',#10294);
#10296=ORIENTED_EDGE('',*,*,#10127,.F.);
#10298=ORIENTED_EDGE('',*,*,#10297,.T.);
#10300=ORIENTED_EDGE('',*,*,#10299,.T.);
#10301=EDGE_LOOP('',(#10296,#10298,#10300));
#10302=FACE_OUTER_BOUND('',#10301,.F.);
#10303=ADVANCED_FACE('',(#10302),#10295,.F.);
#10304=CARTESIAN_POINT('',(-6.15E-1,0.E0,0.E0));
#10305=DIRECTION('',(1.E0,0.E0,0.E0));
#10306=DIRECTION('',(0.E0,0.E0,-1.E0));
#10307=AXIS2_PLACEMENT_3D('',#10304,#10305,#10306);
#10308=PLANE('',#10307);
#10309=ORIENTED_EDGE('',*,*,#10199,.T.);
#10311=ORIENTED_EDGE('',*,*,#10310,.T.);
#10313=ORIENTED_EDGE('',*,*,#10312,.T.);
#10314=EDGE_LOOP('',(#10309,#10311,#10313));
#10315=FACE_OUTER_BOUND('',#10314,.F.);
#10316=ADVANCED_FACE('',(#10315),#10308,.F.);
#10317=CARTESIAN_POINT('',(-6.15E-1,0.E0,0.E0));
#10318=DIRECTION('',(1.E0,0.E0,0.E0));
#10319=DIRECTION('',(0.E0,0.E0,-1.E0));
#10320=AXIS2_PLACEMENT_3D('',#10317,#10318,#10319);
#10321=PLANE('',#10320);
#10323=ORIENTED_EDGE('',*,*,#10322,.T.);
#10324=ORIENTED_EDGE('',*,*,#9989,.F.);
#10325=EDGE_LOOP('',(#10323,#10324));
#10326=FACE_OUTER_BOUND('',#10325,.F.);
#10327=ADVANCED_FACE('',(#10326),#10321,.F.);
#10328=CARTESIAN_POINT('',(-6.15E-1,0.E0,0.E0));
#10329=DIRECTION('',(1.E0,0.E0,0.E0));
#10330=DIRECTION('',(0.E0,0.E0,-1.E0));
#10331=AXIS2_PLACEMENT_3D('',#10328,#10329,#10330);
#10332=PLANE('',#10331);
#10334=ORIENTED_EDGE('',*,*,#10333,.T.);
#10336=ORIENTED_EDGE('',*,*,#10335,.T.);
#10337=EDGE_LOOP('',(#10334,#10336));
#10338=FACE_OUTER_BOUND('',#10337,.F.);
#10339=ADVANCED_FACE('',(#10338),#10332,.F.);
#10340=CARTESIAN_POINT('',(-6.15E-1,2.05E-1,-3.110109033292E-1));
#10341=DIRECTION('',(0.E0,-7.770759173136E-1,-6.294068785224E-1));
#10342=DIRECTION('',(0.E0,6.294068785224E-1,-7.770759173136E-1));
#10343=AXIS2_PLACEMENT_3D('',#10340,#10341,#10342);
#10344=PLANE('',#10343);
#10345=ORIENTED_EDGE('',*,*,#10133,.T.);
#10347=ORIENTED_EDGE('',*,*,#10346,.T.);
#10349=ORIENTED_EDGE('',*,*,#10348,.F.);
#10350=ORIENTED_EDGE('',*,*,#10297,.F.);
#10351=EDGE_LOOP('',(#10345,#10347,#10349,#10350));
#10352=FACE_OUTER_BOUND('',#10351,.F.);
#10353=ADVANCED_FACE('',(#10352),#10344,.T.);
#10354=CARTESIAN_POINT('',(-4.35E-1,0.E0,0.E0));
#10355=DIRECTION('',(1.E0,0.E0,0.E0));
#10356=DIRECTION('',(0.E0,0.E0,-1.E0));
#10357=AXIS2_PLACEMENT_3D('',#10354,#10355,#10356);
#10358=PLANE('',#10357);
#10359=ORIENTED_EDGE('',*,*,#10131,.T.);
#10361=ORIENTED_EDGE('',*,*,#10360,.F.);
#10362=ORIENTED_EDGE('',*,*,#10346,.F.);
#10363=EDGE_LOOP('',(#10359,#10361,#10362));
#10364=FACE_OUTER_BOUND('',#10363,.F.);
#10365=ADVANCED_FACE('',(#10364),#10358,.T.);
#10366=CARTESIAN_POINT('',(-4.35E-1,0.E0,0.E0));
#10367=DIRECTION('',(1.E0,0.E0,0.E0));
#10368=DIRECTION('',(0.E0,0.E0,-1.E0));
#10369=AXIS2_PLACEMENT_3D('',#10366,#10367,#10368);
#10370=PLANE('',#10369);
#10371=ORIENTED_EDGE('',*,*,#10203,.F.);
#10373=ORIENTED_EDGE('',*,*,#10372,.F.);
#10375=ORIENTED_EDGE('',*,*,#10374,.F.);
#10376=EDGE_LOOP('',(#10371,#10373,#10375));
#10377=FACE_OUTER_BOUND('',#10376,.F.);
#10378=ADVANCED_FACE('',(#10377),#10370,.T.);
#10379=CARTESIAN_POINT('',(-4.35E-1,0.E0,0.E0));
#10380=DIRECTION('',(1.E0,0.E0,0.E0));
#10381=DIRECTION('',(0.E0,0.E0,-1.E0));
#10382=AXIS2_PLACEMENT_3D('',#10379,#10380,#10381);
#10383=PLANE('',#10382);
#10385=ORIENTED_EDGE('',*,*,#10384,.F.);
#10386=ORIENTED_EDGE('',*,*,#9993,.T.);
#10387=EDGE_LOOP('',(#10385,#10386));
#10388=FACE_OUTER_BOUND('',#10387,.F.);
#10389=ADVANCED_FACE('',(#10388),#10383,.T.);
#10390=CARTESIAN_POINT('',(-4.35E-1,0.E0,0.E0));
#10391=DIRECTION('',(1.E0,0.E0,0.E0));
#10392=DIRECTION('',(0.E0,0.E0,-1.E0));
#10393=AXIS2_PLACEMENT_3D('',#10390,#10391,#10392);
#10394=PLANE('',#10393);
#10396=ORIENTED_EDGE('',*,*,#10395,.F.);
#10398=ORIENTED_EDGE('',*,*,#10397,.F.);
#10399=EDGE_LOOP('',(#10396,#10398));
#10400=FACE_OUTER_BOUND('',#10399,.F.);
#10401=ADVANCED_FACE('',(#10400),#10394,.T.);
#10402=CARTESIAN_POINT('',(-6.15E-1,3.2E-1,-3.1E-1));
#10403=DIRECTION('',(1.E0,0.E0,0.E0));
#10404=DIRECTION('',(0.E0,0.E0,-1.E0));
#10405=AXIS2_PLACEMENT_3D('',#10402,#10403,#10404);
#10406=CYLINDRICAL_SURFACE('',#10405,9.E-2);
#10407=ORIENTED_EDGE('',*,*,#10299,.F.);
#10408=ORIENTED_EDGE('',*,*,#10348,.T.);
#10409=ORIENTED_EDGE('',*,*,#10360,.T.);
#10410=ORIENTED_EDGE('',*,*,#10129,.F.);
#10411=EDGE_LOOP('',(#10407,#10408,#10409,#10410));
#10412=FACE_OUTER_BOUND('',#10411,.F.);
#10413=ADVANCED_FACE('',(#10412),#10406,.T.);
#10414=CARTESIAN_POINT('',(-6.15E-1,2.500631674418E-1,3.666466190670E-1));
#10415=DIRECTION('',(0.E0,-7.770759173136E-1,6.294068785224E-1));
#10416=DIRECTION('',(0.E0,-6.294068785224E-1,-7.770759173136E-1));
#10417=AXIS2_PLACEMENT_3D('',#10414,#10415,#10416);
#10418=PLANE('',#10417);
#10419=ORIENTED_EDGE('',*,*,#10201,.F.);
#10420=ORIENTED_EDGE('',*,*,#10312,.F.);
#10422=ORIENTED_EDGE('',*,*,#10421,.T.);
#10423=ORIENTED_EDGE('',*,*,#10372,.T.);
#10424=EDGE_LOOP('',(#10419,#10420,#10422,#10423));
#10425=FACE_OUTER_BOUND('',#10424,.F.);
#10426=ADVANCED_FACE('',(#10425),#10418,.T.);
#10427=CARTESIAN_POINT('',(-6.15E-1,3.2E-1,3.1E-1));
#10428=DIRECTION('',(1.E0,0.E0,0.E0));
#10429=DIRECTION('',(0.E0,0.E0,-1.E0));
#10430=AXIS2_PLACEMENT_3D('',#10427,#10428,#10429);
#10431=CYLINDRICAL_SURFACE('',#10430,9.E-2);
#10432=ORIENTED_EDGE('',*,*,#10310,.F.);
#10433=ORIENTED_EDGE('',*,*,#10205,.T.);
#10434=ORIENTED_EDGE('',*,*,#10374,.T.);
#10435=ORIENTED_EDGE('',*,*,#10421,.F.);
#10436=EDGE_LOOP('',(#10432,#10433,#10434,#10435));
#10437=FACE_OUTER_BOUND('',#10436,.F.);
#10438=ADVANCED_FACE('',(#10437),#10431,.T.);
#10439=CARTESIAN_POINT('',(-6.15E-1,3.3E-1,7.1E-1));
#10440=DIRECTION('',(1.E0,0.E0,0.E0));
#10441=DIRECTION('',(0.E0,0.E0,-1.E0));
#10442=AXIS2_PLACEMENT_3D('',#10439,#10440,#10441);
#10443=CYLINDRICAL_SURFACE('',#10442,1.2E-1);
#10444=ORIENTED_EDGE('',*,*,#10322,.F.);
#10445=ORIENTED_EDGE('',*,*,#9995,.T.);
#10446=ORIENTED_EDGE('',*,*,#10384,.T.);
#10447=ORIENTED_EDGE('',*,*,#9991,.F.);
#10448=EDGE_LOOP('',(#10444,#10445,#10446,#10447));
#10449=FACE_OUTER_BOUND('',#10448,.F.);
#10450=ADVANCED_FACE('',(#10449),#10443,.T.);
#10451=CARTESIAN_POINT('',(-6.15E-1,3.3E-1,-7.1E-1));
#10452=DIRECTION('',(1.E0,0.E0,0.E0));
#10453=DIRECTION('',(0.E0,0.E0,-1.E0));
#10454=AXIS2_PLACEMENT_3D('',#10451,#10452,#10453);
#10455=CYLINDRICAL_SURFACE('',#10454,1.2E-1);
#10456=ORIENTED_EDGE('',*,*,#10333,.F.);
#10458=ORIENTED_EDGE('',*,*,#10457,.F.);
#10459=ORIENTED_EDGE('',*,*,#10395,.T.);
#10461=ORIENTED_EDGE('',*,*,#10460,.F.);
#10462=EDGE_LOOP('',(#10456,#10458,#10459,#10461));
#10463=FACE_OUTER_BOUND('',#10462,.F.);
#10464=ADVANCED_FACE('',(#10463),#10455,.T.);
#10465=CARTESIAN_POINT('',(7.65E-1,4.6E-1,-6.4E-1));
#10466=DIRECTION('',(0.E0,0.E0,-1.E0));
#10467=DIRECTION('',(-1.E0,0.E0,0.E0));
#10468=AXIS2_PLACEMENT_3D('',#10465,#10466,#10467);
#10469=PLANE('',#10468);
#10470=ORIENTED_EDGE('',*,*,#9969,.T.);
#10471=ORIENTED_EDGE('',*,*,#9930,.F.);
#10472=ORIENTED_EDGE('',*,*,#10078,.T.);
#10473=ORIENTED_EDGE('',*,*,#9851,.F.);
#10474=EDGE_LOOP('',(#10470,#10471,#10472,#10473));
#10475=FACE_OUTER_BOUND('',#10474,.F.);
#10476=ORIENTED_EDGE('',*,*,#10335,.F.);
#10477=ORIENTED_EDGE('',*,*,#10460,.T.);
#10478=ORIENTED_EDGE('',*,*,#10397,.T.);
#10479=ORIENTED_EDGE('',*,*,#10457,.T.);
#10480=EDGE_LOOP('',(#10476,#10477,#10478,#10479));
#10481=FACE_BOUND('',#10480,.F.);
#10483=ORIENTED_EDGE('',*,*,#10482,.F.);
#10485=ORIENTED_EDGE('',*,*,#10484,.T.);
#10487=ORIENTED_EDGE('',*,*,#10486,.T.);
#10489=ORIENTED_EDGE('',*,*,#10488,.T.);
#10490=EDGE_LOOP('',(#10483,#10485,#10487,#10489));
#10491=FACE_BOUND('',#10490,.F.);
#10493=ORIENTED_EDGE('',*,*,#10492,.F.);
#10495=ORIENTED_EDGE('',*,*,#10494,.T.);
#10497=ORIENTED_EDGE('',*,*,#10496,.T.);
#10499=ORIENTED_EDGE('',*,*,#10498,.T.);
#10500=EDGE_LOOP('',(#10493,#10495,#10497,#10499));
#10501=FACE_BOUND('',#10500,.F.);
#10503=ORIENTED_EDGE('',*,*,#10502,.F.);
#10505=ORIENTED_EDGE('',*,*,#10504,.T.);
#10507=ORIENTED_EDGE('',*,*,#10506,.T.);
#10509=ORIENTED_EDGE('',*,*,#10508,.T.);
#10510=EDGE_LOOP('',(#10503,#10505,#10507,#10509));
#10511=FACE_BOUND('',#10510,.F.);
#10512=ADVANCED_FACE('',(#10475,#10481,#10491,#10501,#10511),#10469,.F.);
#10513=CARTESIAN_POINT('',(-2.65E-1,0.E0,0.E0));
#10514=DIRECTION('',(1.E0,0.E0,0.E0));
#10515=DIRECTION('',(0.E0,0.E0,-1.E0));
#10516=AXIS2_PLACEMENT_3D('',#10513,#10514,#10515);
#10517=PLANE('',#10516);
#10518=ORIENTED_EDGE('',*,*,#9999,.F.);
#10520=ORIENTED_EDGE('',*,*,#10519,.T.);
#10521=EDGE_LOOP('',(#10518,#10520));
#10522=FACE_OUTER_BOUND('',#10521,.F.);
#10523=ADVANCED_FACE('',(#10522),#10517,.F.);
#10524=CARTESIAN_POINT('',(-2.65E-1,0.E0,0.E0));
#10525=DIRECTION('',(1.E0,0.E0,0.E0));
#10526=DIRECTION('',(0.E0,0.E0,-1.E0));
#10527=AXIS2_PLACEMENT_3D('',#10524,#10525,#10526);
#10528=PLANE('',#10527);
#10529=ORIENTED_EDGE('',*,*,#10482,.T.);
#10531=ORIENTED_EDGE('',*,*,#10530,.T.);
#10532=EDGE_LOOP('',(#10529,#10531));
#10533=FACE_OUTER_BOUND('',#10532,.F.);
#10534=ADVANCED_FACE('',(#10533),#10528,.F.);
#10535=CARTESIAN_POINT('',(-2.65E-1,0.E0,0.E0));
#10536=DIRECTION('',(1.E0,0.E0,0.E0));
#10537=DIRECTION('',(0.E0,0.E0,-1.E0));
#10538=AXIS2_PLACEMENT_3D('',#10535,#10536,#10537);
#10539=PLANE('',#10538);
#10540=ORIENTED_EDGE('',*,*,#10137,.F.);
#10542=ORIENTED_EDGE('',*,*,#10541,.T.);
#10544=ORIENTED_EDGE('',*,*,#10543,.T.);
#10545=EDGE_LOOP('',(#10540,#10542,#10544));
#10546=FACE_OUTER_BOUND('',#10545,.F.);
#10547=ADVANCED_FACE('',(#10546),#10539,.F.);
#10548=CARTESIAN_POINT('',(-2.65E-1,0.E0,0.E0));
#10549=DIRECTION('',(1.E0,0.E0,0.E0));
#10550=DIRECTION('',(0.E0,0.E0,-1.E0));
#10551=AXIS2_PLACEMENT_3D('',#10548,#10549,#10550);
#10552=PLANE('',#10551);
#10553=ORIENTED_EDGE('',*,*,#10209,.T.);
#10555=ORIENTED_EDGE('',*,*,#10554,.T.);
#10557=ORIENTED_EDGE('',*,*,#10556,.T.);
#10558=EDGE_LOOP('',(#10553,#10555,#10557));
#10559=FACE_OUTER_BOUND('',#10558,.F.);
#10560=ADVANCED_FACE('',(#10559),#10552,.F.);
#10561=CARTESIAN_POINT('',(-2.65E-1,3.3E-1,7.1E-1));
#10562=DIRECTION('',(1.E0,0.E0,0.E0));
#10563=DIRECTION('',(0.E0,0.E0,-1.E0));
#10564=AXIS2_PLACEMENT_3D('',#10561,#10562,#10563);
#10565=CYLINDRICAL_SURFACE('',#10564,1.2E-1);
#10566=ORIENTED_EDGE('',*,*,#10005,.T.);
#10568=ORIENTED_EDGE('',*,*,#10567,.T.);
#10569=ORIENTED_EDGE('',*,*,#10001,.F.);
#10570=ORIENTED_EDGE('',*,*,#10519,.F.);
#10571=EDGE_LOOP('',(#10566,#10568,#10569,#10570));
#10572=FACE_OUTER_BOUND('',#10571,.F.);
#10573=ADVANCED_FACE('',(#10572),#10565,.T.);
#10574=CARTESIAN_POINT('',(-8.5E-2,0.E0,0.E0));
#10575=DIRECTION('',(1.E0,0.E0,0.E0));
#10576=DIRECTION('',(0.E0,0.E0,-1.E0));
#10577=AXIS2_PLACEMENT_3D('',#10574,#10575,#10576);
#10578=PLANE('',#10577);
#10579=ORIENTED_EDGE('',*,*,#10003,.T.);
#10580=ORIENTED_EDGE('',*,*,#10567,.F.);
#10581=EDGE_LOOP('',(#10579,#10580));
#10582=FACE_OUTER_BOUND('',#10581,.F.);
#10583=ADVANCED_FACE('',(#10582),#10578,.T.);
#10584=CARTESIAN_POINT('',(-8.5E-2,0.E0,0.E0));
#10585=DIRECTION('',(1.E0,0.E0,0.E0));
#10586=DIRECTION('',(0.E0,0.E0,-1.E0));
#10587=AXIS2_PLACEMENT_3D('',#10584,#10585,#10586);
#10588=PLANE('',#10587);
#10589=ORIENTED_EDGE('',*,*,#10486,.F.);
#10591=ORIENTED_EDGE('',*,*,#10590,.F.);
#10592=EDGE_LOOP('',(#10589,#10591));
#10593=FACE_OUTER_BOUND('',#10592,.F.);
#10594=ADVANCED_FACE('',(#10593),#10588,.T.);
#10595=CARTESIAN_POINT('',(-8.5E-2,0.E0,0.E0));
#10596=DIRECTION('',(1.E0,0.E0,0.E0));
#10597=DIRECTION('',(0.E0,0.E0,-1.E0));
#10598=AXIS2_PLACEMENT_3D('',#10595,#10596,#10597);
#10599=PLANE('',#10598);
#10600=ORIENTED_EDGE('',*,*,#10141,.T.);
#10602=ORIENTED_EDGE('',*,*,#10601,.F.);
#10604=ORIENTED_EDGE('',*,*,#10603,.F.);
#10605=EDGE_LOOP('',(#10600,#10602,#10604));
#10606=FACE_OUTER_BOUND('',#10605,.F.);
#10607=ADVANCED_FACE('',(#10606),#10599,.T.);
#10608=CARTESIAN_POINT('',(-8.5E-2,0.E0,0.E0));
#10609=DIRECTION('',(1.E0,0.E0,0.E0));
#10610=DIRECTION('',(0.E0,0.E0,-1.E0));
#10611=AXIS2_PLACEMENT_3D('',#10608,#10609,#10610);
#10612=PLANE('',#10611);
#10613=ORIENTED_EDGE('',*,*,#10213,.F.);
#10615=ORIENTED_EDGE('',*,*,#10614,.F.);
#10617=ORIENTED_EDGE('',*,*,#10616,.F.);
#10618=EDGE_LOOP('',(#10613,#10615,#10617));
#10619=FACE_OUTER_BOUND('',#10618,.F.);
#10620=ADVANCED_FACE('',(#10619),#10612,.T.);
#10621=CARTESIAN_POINT('',(-2.65E-1,3.3E-1,-7.1E-1));
#10622=DIRECTION('',(1.E0,0.E0,0.E0));
#10623=DIRECTION('',(0.E0,0.E0,-1.E0));
#10624=AXIS2_PLACEMENT_3D('',#10621,#10622,#10623);
#10625=CYLINDRICAL_SURFACE('',#10624,1.2E-1);
#10626=ORIENTED_EDGE('',*,*,#10488,.F.);
#10627=ORIENTED_EDGE('',*,*,#10590,.T.);
#10628=ORIENTED_EDGE('',*,*,#10484,.F.);
#10629=ORIENTED_EDGE('',*,*,#10530,.F.);
#10630=EDGE_LOOP('',(#10626,#10627,#10628,#10629));
#10631=FACE_OUTER_BOUND('',#10630,.F.);
#10632=ADVANCED_FACE('',(#10631),#10625,.T.);
#10633=CARTESIAN_POINT('',(-2.65E-1,3.2E-1,-3.1E-1));
#10634=DIRECTION('',(1.E0,0.E0,0.E0));
#10635=DIRECTION('',(0.E0,0.E0,-1.E0));
#10636=AXIS2_PLACEMENT_3D('',#10633,#10634,#10635);
#10637=CYLINDRICAL_SURFACE('',#10636,9.E-2);
#10638=ORIENTED_EDGE('',*,*,#10139,.F.);
#10639=ORIENTED_EDGE('',*,*,#10543,.F.);
#10641=ORIENTED_EDGE('',*,*,#10640,.T.);
#10642=ORIENTED_EDGE('',*,*,#10601,.T.);
#10643=EDGE_LOOP('',(#10638,#10639,#10641,#10642));
#10644=FACE_OUTER_BOUND('',#10643,.F.);
#10645=ADVANCED_FACE('',(#10644),#10637,.T.);
#10646=CARTESIAN_POINT('',(-2.65E-1,2.05E-1,-3.110109033292E-1));
#10647=DIRECTION('',(0.E0,-7.770759173136E-1,-6.294068785224E-1));
#10648=DIRECTION('',(0.E0,6.294068785224E-1,-7.770759173136E-1));
#10649=AXIS2_PLACEMENT_3D('',#10646,#10647,#10648);
#10650=PLANE('',#10649);
#10651=ORIENTED_EDGE('',*,*,#10143,.T.);
#10652=ORIENTED_EDGE('',*,*,#10603,.T.);
#10653=ORIENTED_EDGE('',*,*,#10640,.F.);
#10654=ORIENTED_EDGE('',*,*,#10541,.F.);
#10655=EDGE_LOOP('',(#10651,#10652,#10653,#10654));
#10656=FACE_OUTER_BOUND('',#10655,.F.);
#10657=ADVANCED_FACE('',(#10656),#10650,.T.);
#10658=CARTESIAN_POINT('',(-2.65E-1,2.500631674418E-1,3.666466190670E-1));
#10659=DIRECTION('',(0.E0,-7.770759173136E-1,6.294068785224E-1));
#10660=DIRECTION('',(0.E0,-6.294068785224E-1,-7.770759173136E-1));
#10661=AXIS2_PLACEMENT_3D('',#10658,#10659,#10660);
#10662=PLANE('',#10661);
#10663=ORIENTED_EDGE('',*,*,#10211,.F.);
#10664=ORIENTED_EDGE('',*,*,#10556,.F.);
#10666=ORIENTED_EDGE('',*,*,#10665,.T.);
#10667=ORIENTED_EDGE('',*,*,#10614,.T.);
#10668=EDGE_LOOP('',(#10663,#10664,#10666,#10667));
#10669=FACE_OUTER_BOUND('',#10668,.F.);
#10670=ADVANCED_FACE('',(#10669),#10662,.T.);
#10671=CARTESIAN_POINT('',(-2.65E-1,3.2E-1,3.1E-1));
#10672=DIRECTION('',(1.E0,0.E0,0.E0));
#10673=DIRECTION('',(0.E0,0.E0,-1.E0));
#10674=AXIS2_PLACEMENT_3D('',#10671,#10672,#10673);
#10675=CYLINDRICAL_SURFACE('',#10674,9.E-2);
#10676=ORIENTED_EDGE('',*,*,#10215,.T.);
#10677=ORIENTED_EDGE('',*,*,#10616,.T.);
#10678=ORIENTED_EDGE('',*,*,#10665,.F.);
#10679=ORIENTED_EDGE('',*,*,#10554,.F.);
#10680=EDGE_LOOP('',(#10676,#10677,#10678,#10679));
#10681=FACE_OUTER_BOUND('',#10680,.F.);
#10682=ADVANCED_FACE('',(#10681),#10675,.T.);
#10683=CARTESIAN_POINT('',(8.5E-2,0.E0,0.E0));
#10684=DIRECTION('',(1.E0,0.E0,0.E0));
#10685=DIRECTION('',(0.E0,0.E0,-1.E0));
#10686=AXIS2_PLACEMENT_3D('',#10683,#10684,#10685);
#10687=PLANE('',#10686);
#10688=ORIENTED_EDGE('',*,*,#10009,.F.);
#10690=ORIENTED_EDGE('',*,*,#10689,.T.);
#10691=EDGE_LOOP('',(#10688,#10690));
#10692=FACE_OUTER_BOUND('',#10691,.F.);
#10693=ADVANCED_FACE('',(#10692),#10687,.F.);
#10694=CARTESIAN_POINT('',(8.5E-2,0.E0,0.E0));
#10695=DIRECTION('',(1.E0,0.E0,0.E0));
#10696=DIRECTION('',(0.E0,0.E0,-1.E0));
#10697=AXIS2_PLACEMENT_3D('',#10694,#10695,#10696);
#10698=PLANE('',#10697);
#10699=ORIENTED_EDGE('',*,*,#10492,.T.);
#10701=ORIENTED_EDGE('',*,*,#10700,.T.);
#10702=EDGE_LOOP('',(#10699,#10701));
#10703=FACE_OUTER_BOUND('',#10702,.F.);
#10704=ADVANCED_FACE('',(#10703),#10698,.F.);
#10705=CARTESIAN_POINT('',(8.5E-2,0.E0,0.E0));
#10706=DIRECTION('',(1.E0,0.E0,0.E0));
#10707=DIRECTION('',(0.E0,0.E0,-1.E0));
#10708=AXIS2_PLACEMENT_3D('',#10705,#10706,#10707);
#10709=PLANE('',#10708);
#10710=ORIENTED_EDGE('',*,*,#10147,.F.);
#10712=ORIENTED_EDGE('',*,*,#10711,.T.);
#10714=ORIENTED_EDGE('',*,*,#10713,.T.);
#10715=EDGE_LOOP('',(#10710,#10712,#10714));
#10716=FACE_OUTER_BOUND('',#10715,.F.);
#10717=ADVANCED_FACE('',(#10716),#10709,.F.);
#10718=CARTESIAN_POINT('',(8.5E-2,0.E0,0.E0));
#10719=DIRECTION('',(1.E0,0.E0,0.E0));
#10720=DIRECTION('',(0.E0,0.E0,-1.E0));
#10721=AXIS2_PLACEMENT_3D('',#10718,#10719,#10720);
#10722=PLANE('',#10721);
#10723=ORIENTED_EDGE('',*,*,#10219,.T.);
#10725=ORIENTED_EDGE('',*,*,#10724,.T.);
#10727=ORIENTED_EDGE('',*,*,#10726,.T.);
#10728=EDGE_LOOP('',(#10723,#10725,#10727));
#10729=FACE_OUTER_BOUND('',#10728,.F.);
#10730=ADVANCED_FACE('',(#10729),#10722,.F.);
#10731=CARTESIAN_POINT('',(8.5E-2,3.3E-1,7.1E-1));
#10732=DIRECTION('',(1.E0,0.E0,0.E0));
#10733=DIRECTION('',(0.E0,0.E0,-1.E0));
#10734=AXIS2_PLACEMENT_3D('',#10731,#10732,#10733);
#10735=CYLINDRICAL_SURFACE('',#10734,1.2E-1);
#10736=ORIENTED_EDGE('',*,*,#10015,.T.);
#10738=ORIENTED_EDGE('',*,*,#10737,.T.);
#10739=ORIENTED_EDGE('',*,*,#10011,.F.);
#10740=ORIENTED_EDGE('',*,*,#10689,.F.);
#10741=EDGE_LOOP('',(#10736,#10738,#10739,#10740));
#10742=FACE_OUTER_BOUND('',#10741,.F.);
#10743=ADVANCED_FACE('',(#10742),#10735,.T.);
#10744=CARTESIAN_POINT('',(2.65E-1,0.E0,0.E0));
#10745=DIRECTION('',(1.E0,0.E0,0.E0));
#10746=DIRECTION('',(0.E0,0.E0,-1.E0));
#10747=AXIS2_PLACEMENT_3D('',#10744,#10745,#10746);
#10748=PLANE('',#10747);
#10749=ORIENTED_EDGE('',*,*,#10013,.T.);
#10750=ORIENTED_EDGE('',*,*,#10737,.F.);
#10751=EDGE_LOOP('',(#10749,#10750));
#10752=FACE_OUTER_BOUND('',#10751,.F.);
#10753=ADVANCED_FACE('',(#10752),#10748,.T.);
#10754=CARTESIAN_POINT('',(2.65E-1,0.E0,0.E0));
#10755=DIRECTION('',(1.E0,0.E0,0.E0));
#10756=DIRECTION('',(0.E0,0.E0,-1.E0));
#10757=AXIS2_PLACEMENT_3D('',#10754,#10755,#10756);
#10758=PLANE('',#10757);
#10759=ORIENTED_EDGE('',*,*,#10496,.F.);
#10761=ORIENTED_EDGE('',*,*,#10760,.F.);
#10762=EDGE_LOOP('',(#10759,#10761));
#10763=FACE_OUTER_BOUND('',#10762,.F.);
#10764=ADVANCED_FACE('',(#10763),#10758,.T.);
#10765=CARTESIAN_POINT('',(2.65E-1,0.E0,0.E0));
#10766=DIRECTION('',(1.E0,0.E0,0.E0));
#10767=DIRECTION('',(0.E0,0.E0,-1.E0));
#10768=AXIS2_PLACEMENT_3D('',#10765,#10766,#10767);
#10769=PLANE('',#10768);
#10770=ORIENTED_EDGE('',*,*,#10151,.T.);
#10772=ORIENTED_EDGE('',*,*,#10771,.F.);
#10774=ORIENTED_EDGE('',*,*,#10773,.F.);
#10775=EDGE_LOOP('',(#10770,#10772,#10774));
#10776=FACE_OUTER_BOUND('',#10775,.F.);
#10777=ADVANCED_FACE('',(#10776),#10769,.T.);
#10778=CARTESIAN_POINT('',(2.65E-1,0.E0,0.E0));
#10779=DIRECTION('',(1.E0,0.E0,0.E0));
#10780=DIRECTION('',(0.E0,0.E0,-1.E0));
#10781=AXIS2_PLACEMENT_3D('',#10778,#10779,#10780);
#10782=PLANE('',#10781);
#10783=ORIENTED_EDGE('',*,*,#10223,.F.);
#10785=ORIENTED_EDGE('',*,*,#10784,.F.);
#10787=ORIENTED_EDGE('',*,*,#10786,.F.);
#10788=EDGE_LOOP('',(#10783,#10785,#10787));
#10789=FACE_OUTER_BOUND('',#10788,.F.);
#10790=ADVANCED_FACE('',(#10789),#10782,.T.);
#10791=CARTESIAN_POINT('',(8.5E-2,3.3E-1,-7.1E-1));
#10792=DIRECTION('',(1.E0,0.E0,0.E0));
#10793=DIRECTION('',(0.E0,0.E0,-1.E0));
#10794=AXIS2_PLACEMENT_3D('',#10791,#10792,#10793);
#10795=CYLINDRICAL_SURFACE('',#10794,1.2E-1);
#10796=ORIENTED_EDGE('',*,*,#10498,.F.);
#10797=ORIENTED_EDGE('',*,*,#10760,.T.);
#10798=ORIENTED_EDGE('',*,*,#10494,.F.);
#10799=ORIENTED_EDGE('',*,*,#10700,.F.);
#10800=EDGE_LOOP('',(#10796,#10797,#10798,#10799));
#10801=FACE_OUTER_BOUND('',#10800,.F.);
#10802=ADVANCED_FACE('',(#10801),#10795,.T.);
#10803=CARTESIAN_POINT('',(8.5E-2,3.2E-1,-3.1E-1));
#10804=DIRECTION('',(1.E0,0.E0,0.E0));
#10805=DIRECTION('',(0.E0,0.E0,-1.E0));
#10806=AXIS2_PLACEMENT_3D('',#10803,#10804,#10805);
#10807=CYLINDRICAL_SURFACE('',#10806,9.E-2);
#10808=ORIENTED_EDGE('',*,*,#10149,.F.);
#10809=ORIENTED_EDGE('',*,*,#10713,.F.);
#10811=ORIENTED_EDGE('',*,*,#10810,.T.);
#10812=ORIENTED_EDGE('',*,*,#10771,.T.);
#10813=EDGE_LOOP('',(#10808,#10809,#10811,#10812));
#10814=FACE_OUTER_BOUND('',#10813,.F.);
#10815=ADVANCED_FACE('',(#10814),#10807,.T.);
#10816=CARTESIAN_POINT('',(8.5E-2,2.05E-1,-3.110109033292E-1));
#10817=DIRECTION('',(0.E0,-7.770759173136E-1,-6.294068785224E-1));
#10818=DIRECTION('',(0.E0,6.294068785224E-1,-7.770759173136E-1));
#10819=AXIS2_PLACEMENT_3D('',#10816,#10817,#10818);
#10820=PLANE('',#10819);
#10821=ORIENTED_EDGE('',*,*,#10153,.T.);
#10822=ORIENTED_EDGE('',*,*,#10773,.T.);
#10823=ORIENTED_EDGE('',*,*,#10810,.F.);
#10824=ORIENTED_EDGE('',*,*,#10711,.F.);
#10825=EDGE_LOOP('',(#10821,#10822,#10823,#10824));
#10826=FACE_OUTER_BOUND('',#10825,.F.);
#10827=ADVANCED_FACE('',(#10826),#10820,.T.);
#10828=CARTESIAN_POINT('',(8.5E-2,2.500631674418E-1,3.666466190670E-1));
#10829=DIRECTION('',(0.E0,-7.770759173136E-1,6.294068785224E-1));
#10830=DIRECTION('',(0.E0,-6.294068785224E-1,-7.770759173136E-1));
#10831=AXIS2_PLACEMENT_3D('',#10828,#10829,#10830);
#10832=PLANE('',#10831);
#10833=ORIENTED_EDGE('',*,*,#10221,.F.);
#10834=ORIENTED_EDGE('',*,*,#10726,.F.);
#10836=ORIENTED_EDGE('',*,*,#10835,.T.);
#10837=ORIENTED_EDGE('',*,*,#10784,.T.);
#10838=EDGE_LOOP('',(#10833,#10834,#10836,#10837));
#10839=FACE_OUTER_BOUND('',#10838,.F.);
#10840=ADVANCED_FACE('',(#10839),#10832,.T.);
#10841=CARTESIAN_POINT('',(8.5E-2,3.2E-1,3.1E-1));
#10842=DIRECTION('',(1.E0,0.E0,0.E0));
#10843=DIRECTION('',(0.E0,0.E0,-1.E0));
#10844=AXIS2_PLACEMENT_3D('',#10841,#10842,#10843);
#10845=CYLINDRICAL_SURFACE('',#10844,9.E-2);
#10846=ORIENTED_EDGE('',*,*,#10225,.T.);
#10847=ORIENTED_EDGE('',*,*,#10786,.T.);
#10848=ORIENTED_EDGE('',*,*,#10835,.F.);
#10849=ORIENTED_EDGE('',*,*,#10724,.F.);
#10850=EDGE_LOOP('',(#10846,#10847,#10848,#10849));
#10851=FACE_OUTER_BOUND('',#10850,.F.);
#10852=ADVANCED_FACE('',(#10851),#10845,.T.);
#10853=CARTESIAN_POINT('',(4.35E-1,0.E0,0.E0));
#10854=DIRECTION('',(1.E0,0.E0,0.E0));
#10855=DIRECTION('',(0.E0,0.E0,-1.E0));
#10856=AXIS2_PLACEMENT_3D('',#10853,#10854,#10855);
#10857=PLANE('',#10856);
#10858=ORIENTED_EDGE('',*,*,#10019,.F.);
#10860=ORIENTED_EDGE('',*,*,#10859,.T.);
#10861=EDGE_LOOP('',(#10858,#10860));
#10862=FACE_OUTER_BOUND('',#10861,.F.);
#10863=ADVANCED_FACE('',(#10862),#10857,.F.);
#10864=CARTESIAN_POINT('',(4.35E-1,0.E0,0.E0));
#10865=DIRECTION('',(1.E0,0.E0,0.E0));
#10866=DIRECTION('',(0.E0,0.E0,-1.E0));
#10867=AXIS2_PLACEMENT_3D('',#10864,#10865,#10866);
#10868=PLANE('',#10867);
#10869=ORIENTED_EDGE('',*,*,#10502,.T.);
#10871=ORIENTED_EDGE('',*,*,#10870,.T.);
#10872=EDGE_LOOP('',(#10869,#10871));
#10873=FACE_OUTER_BOUND('',#10872,.F.);
#10874=ADVANCED_FACE('',(#10873),#10868,.F.);
#10875=CARTESIAN_POINT('',(4.35E-1,0.E0,0.E0));
#10876=DIRECTION('',(1.E0,0.E0,0.E0));
#10877=DIRECTION('',(0.E0,0.E0,-1.E0));
#10878=AXIS2_PLACEMENT_3D('',#10875,#10876,#10877);
#10879=PLANE('',#10878);
#10880=ORIENTED_EDGE('',*,*,#10157,.F.);
#10882=ORIENTED_EDGE('',*,*,#10881,.T.);
#10884=ORIENTED_EDGE('',*,*,#10883,.T.);
#10885=EDGE_LOOP('',(#10880,#10882,#10884));
#10886=FACE_OUTER_BOUND('',#10885,.F.);
#10887=ADVANCED_FACE('',(#10886),#10879,.F.);
#10888=CARTESIAN_POINT('',(4.35E-1,0.E0,0.E0));
#10889=DIRECTION('',(1.E0,0.E0,0.E0));
#10890=DIRECTION('',(0.E0,0.E0,-1.E0));
#10891=AXIS2_PLACEMENT_3D('',#10888,#10889,#10890);
#10892=PLANE('',#10891);
#10893=ORIENTED_EDGE('',*,*,#10229,.T.);
#10895=ORIENTED_EDGE('',*,*,#10894,.T.);
#10897=ORIENTED_EDGE('',*,*,#10896,.T.);
#10898=EDGE_LOOP('',(#10893,#10895,#10897));
#10899=FACE_OUTER_BOUND('',#10898,.F.);
#10900=ADVANCED_FACE('',(#10899),#10892,.F.);
#10901=CARTESIAN_POINT('',(4.35E-1,3.3E-1,7.1E-1));
#10902=DIRECTION('',(1.E0,0.E0,0.E0));
#10903=DIRECTION('',(0.E0,0.E0,-1.E0));
#10904=AXIS2_PLACEMENT_3D('',#10901,#10902,#10903);
#10905=CYLINDRICAL_SURFACE('',#10904,1.2E-1);
#10906=ORIENTED_EDGE('',*,*,#10025,.T.);
#10908=ORIENTED_EDGE('',*,*,#10907,.T.);
#10909=ORIENTED_EDGE('',*,*,#10021,.F.);
#10910=ORIENTED_EDGE('',*,*,#10859,.F.);
#10911=EDGE_LOOP('',(#10906,#10908,#10909,#10910));
#10912=FACE_OUTER_BOUND('',#10911,.F.);
#10913=ADVANCED_FACE('',(#10912),#10905,.T.);
#10914=CARTESIAN_POINT('',(6.15E-1,0.E0,0.E0));
#10915=DIRECTION('',(1.E0,0.E0,0.E0));
#10916=DIRECTION('',(0.E0,0.E0,-1.E0));
#10917=AXIS2_PLACEMENT_3D('',#10914,#10915,#10916);
#10918=PLANE('',#10917);
#10919=ORIENTED_EDGE('',*,*,#10023,.T.);
#10920=ORIENTED_EDGE('',*,*,#10907,.F.);
#10921=EDGE_LOOP('',(#10919,#10920));
#10922=FACE_OUTER_BOUND('',#10921,.F.);
#10923=ADVANCED_FACE('',(#10922),#10918,.T.);
#10924=CARTESIAN_POINT('',(6.15E-1,0.E0,0.E0));
#10925=DIRECTION('',(1.E0,0.E0,0.E0));
#10926=DIRECTION('',(0.E0,0.E0,-1.E0));
#10927=AXIS2_PLACEMENT_3D('',#10924,#10925,#10926);
#10928=PLANE('',#10927);
#10929=ORIENTED_EDGE('',*,*,#10506,.F.);
#10931=ORIENTED_EDGE('',*,*,#10930,.F.);
#10932=EDGE_LOOP('',(#10929,#10931));
#10933=FACE_OUTER_BOUND('',#10932,.F.);
#10934=ADVANCED_FACE('',(#10933),#10928,.T.);
#10935=CARTESIAN_POINT('',(6.15E-1,0.E0,0.E0));
#10936=DIRECTION('',(1.E0,0.E0,0.E0));
#10937=DIRECTION('',(0.E0,0.E0,-1.E0));
#10938=AXIS2_PLACEMENT_3D('',#10935,#10936,#10937);
#10939=PLANE('',#10938);
#10940=ORIENTED_EDGE('',*,*,#10161,.T.);
#10942=ORIENTED_EDGE('',*,*,#10941,.F.);
#10944=ORIENTED_EDGE('',*,*,#10943,.F.);
#10945=EDGE_LOOP('',(#10940,#10942,#10944));
#10946=FACE_OUTER_BOUND('',#10945,.F.);
#10947=ADVANCED_FACE('',(#10946),#10939,.T.);
#10948=CARTESIAN_POINT('',(6.15E-1,0.E0,0.E0));
#10949=DIRECTION('',(1.E0,0.E0,0.E0));
#10950=DIRECTION('',(0.E0,0.E0,-1.E0));
#10951=AXIS2_PLACEMENT_3D('',#10948,#10949,#10950);
#10952=PLANE('',#10951);
#10953=ORIENTED_EDGE('',*,*,#10233,.F.);
#10955=ORIENTED_EDGE('',*,*,#10954,.F.);
#10957=ORIENTED_EDGE('',*,*,#10956,.F.);
#10958=EDGE_LOOP('',(#10953,#10955,#10957));
#10959=FACE_OUTER_BOUND('',#10958,.F.);
#10960=ADVANCED_FACE('',(#10959),#10952,.T.);
#10961=CARTESIAN_POINT('',(4.35E-1,3.3E-1,-7.1E-1));
#10962=DIRECTION('',(1.E0,0.E0,0.E0));
#10963=DIRECTION('',(0.E0,0.E0,-1.E0));
#10964=AXIS2_PLACEMENT_3D('',#10961,#10962,#10963);
#10965=CYLINDRICAL_SURFACE('',#10964,1.2E-1);
#10966=ORIENTED_EDGE('',*,*,#10508,.F.);
#10967=ORIENTED_EDGE('',*,*,#10930,.T.);
#10968=ORIENTED_EDGE('',*,*,#10504,.F.);
#10969=ORIENTED_EDGE('',*,*,#10870,.F.);
#10970=EDGE_LOOP('',(#10966,#10967,#10968,#10969));
#10971=FACE_OUTER_BOUND('',#10970,.F.);
#10972=ADVANCED_FACE('',(#10971),#10965,.T.);
#10973=CARTESIAN_POINT('',(4.35E-1,3.2E-1,-3.1E-1));
#10974=DIRECTION('',(1.E0,0.E0,0.E0));
#10975=DIRECTION('',(0.E0,0.E0,-1.E0));
#10976=AXIS2_PLACEMENT_3D('',#10973,#10974,#10975);
#10977=CYLINDRICAL_SURFACE('',#10976,9.E-2);
#10978=ORIENTED_EDGE('',*,*,#10159,.F.);
#10979=ORIENTED_EDGE('',*,*,#10883,.F.);
#10981=ORIENTED_EDGE('',*,*,#10980,.T.);
#10982=ORIENTED_EDGE('',*,*,#10941,.T.);
#10983=EDGE_LOOP('',(#10978,#10979,#10981,#10982));
#10984=FACE_OUTER_BOUND('',#10983,.F.);
#10985=ADVANCED_FACE('',(#10984),#10977,.T.);
#10986=CARTESIAN_POINT('',(4.35E-1,2.05E-1,-3.110109033292E-1));
#10987=DIRECTION('',(0.E0,-7.770759173136E-1,-6.294068785224E-1));
#10988=DIRECTION('',(0.E0,6.294068785224E-1,-7.770759173136E-1));
#10989=AXIS2_PLACEMENT_3D('',#10986,#10987,#10988);
#10990=PLANE('',#10989);
#10991=ORIENTED_EDGE('',*,*,#10163,.T.);
#10992=ORIENTED_EDGE('',*,*,#10943,.T.);
#10993=ORIENTED_EDGE('',*,*,#10980,.F.);
#10994=ORIENTED_EDGE('',*,*,#10881,.F.);
#10995=EDGE_LOOP('',(#10991,#10992,#10993,#10994));
#10996=FACE_OUTER_BOUND('',#10995,.F.);
#10997=ADVANCED_FACE('',(#10996),#10990,.T.);
#10998=CARTESIAN_POINT('',(4.35E-1,2.500631674418E-1,3.666466190670E-1));
#10999=DIRECTION('',(0.E0,-7.770759173136E-1,6.294068785224E-1));
#11000=DIRECTION('',(0.E0,-6.294068785224E-1,-7.770759173136E-1));
#11001=AXIS2_PLACEMENT_3D('',#10998,#10999,#11000);
#11002=PLANE('',#11001);
#11003=ORIENTED_EDGE('',*,*,#10231,.F.);
#11004=ORIENTED_EDGE('',*,*,#10896,.F.);
#11006=ORIENTED_EDGE('',*,*,#11005,.T.);
#11007=ORIENTED_EDGE('',*,*,#10954,.T.);
#11008=EDGE_LOOP('',(#11003,#11004,#11006,#11007));
#11009=FACE_OUTER_BOUND('',#11008,.F.);
#11010=ADVANCED_FACE('',(#11009),#11002,.T.);
#11011=CARTESIAN_POINT('',(4.35E-1,3.2E-1,3.1E-1));
#11012=DIRECTION('',(1.E0,0.E0,0.E0));
#11013=DIRECTION('',(0.E0,0.E0,-1.E0));
#11014=AXIS2_PLACEMENT_3D('',#11011,#11012,#11013);
#11015=CYLINDRICAL_SURFACE('',#11014,9.E-2);
#11016=ORIENTED_EDGE('',*,*,#10235,.T.);
#11017=ORIENTED_EDGE('',*,*,#10956,.T.);
#11018=ORIENTED_EDGE('',*,*,#11005,.F.);
#11019=ORIENTED_EDGE('',*,*,#10894,.F.);
#11020=EDGE_LOOP('',(#11016,#11017,#11018,#11019));
#11021=FACE_OUTER_BOUND('',#11020,.F.);
#11022=ADVANCED_FACE('',(#11021),#11015,.T.);
#11023=CARTESIAN_POINT('',(1.385E0,4.537041696704E-1,-5.9E-1));
#11024=DIRECTION('',(-1.E0,0.E0,0.E0));
#11025=DIRECTION('',(0.E0,-1.E0,0.E0));
#11026=AXIS2_PLACEMENT_3D('',#11023,#11024,#11025);
#11027=PLANE('',#11026);
#11029=ORIENTED_EDGE('',*,*,#11028,.F.);
#11030=ORIENTED_EDGE('',*,*,#10035,.T.);
#11032=ORIENTED_EDGE('',*,*,#11031,.F.);
#11034=ORIENTED_EDGE('',*,*,#11033,.T.);
#11036=ORIENTED_EDGE('',*,*,#11035,.T.);
#11037=ORIENTED_EDGE('',*,*,#10088,.T.);
#11038=ORIENTED_EDGE('',*,*,#7825,.F.);
#11040=ORIENTED_EDGE('',*,*,#11039,.T.);
#11041=EDGE_LOOP('',(#11029,#11030,#11032,#11034,#11036,#11037,#11038,#11040));
#11042=FACE_OUTER_BOUND('',#11041,.F.);
#11043=ADVANCED_FACE('',(#11042),#11027,.T.);
#11044=CARTESIAN_POINT('',(0.E0,0.E0,5.9E-1));
#11045=DIRECTION('',(0.E0,0.E0,1.E0));
#11046=DIRECTION('',(0.E0,1.E0,0.E0));
#11047=AXIS2_PLACEMENT_3D('',#11044,#11045,#11046);
#11048=PLANE('',#11047);
#11050=ORIENTED_EDGE('',*,*,#11049,.T.);
#11051=ORIENTED_EDGE('',*,*,#7654,.F.);
#11052=ORIENTED_EDGE('',*,*,#7802,.T.);
#11053=ORIENTED_EDGE('',*,*,#10037,.T.);
#11054=ORIENTED_EDGE('',*,*,#11028,.T.);
#11056=ORIENTED_EDGE('',*,*,#11055,.F.);
#11057=EDGE_LOOP('',(#11050,#11051,#11052,#11053,#11054,#11056));
#11058=FACE_OUTER_BOUND('',#11057,.F.);
#11059=ADVANCED_FACE('',(#11058),#11048,.T.);
#11060=CARTESIAN_POINT('',(0.E0,0.E0,5.9E-1));
#11061=DIRECTION('',(0.E0,0.E0,1.E0));
#11062=DIRECTION('',(0.E0,1.E0,0.E0));
#11063=AXIS2_PLACEMENT_3D('',#11060,#11061,#11062);
#11064=PLANE('',#11063);
#11066=ORIENTED_EDGE('',*,*,#11065,.F.);
#11068=ORIENTED_EDGE('',*,*,#11067,.F.);
#11070=ORIENTED_EDGE('',*,*,#11069,.T.);
#11071=ORIENTED_EDGE('',*,*,#10056,.F.);
#11073=ORIENTED_EDGE('',*,*,#11072,.T.);
#11074=ORIENTED_EDGE('',*,*,#7127,.F.);
#11075=EDGE_LOOP('',(#11066,#11068,#11070,#11071,#11073,#11074));
#11076=FACE_OUTER_BOUND('',#11075,.F.);
#11077=ADVANCED_FACE('',(#11076),#11064,.T.);
#11078=CARTESIAN_POINT('',(1.575E0,4.668873756741E-1,6.7E-1));
#11079=DIRECTION('',(-6.246950475544E-1,0.E0,7.808688094430E-1));
#11080=DIRECTION('',(-7.808688094430E-1,0.E0,-6.246950475544E-1));
#11081=AXIS2_PLACEMENT_3D('',#11078,#11079,#11080);
#11082=PLANE('',#11081);
#11084=ORIENTED_EDGE('',*,*,#11083,.T.);
#11085=ORIENTED_EDGE('',*,*,#7656,.T.);
#11086=ORIENTED_EDGE('',*,*,#11049,.F.);
#11088=ORIENTED_EDGE('',*,*,#11087,.T.);
#11090=ORIENTED_EDGE('',*,*,#11089,.T.);
#11091=ORIENTED_EDGE('',*,*,#7894,.F.);
#11092=EDGE_LOOP('',(#11084,#11085,#11086,#11088,#11090,#11091));
#11093=FACE_OUTER_BOUND('',#11092,.F.);
#11094=ADVANCED_FACE('',(#11093),#11082,.T.);
#11095=CARTESIAN_POINT('',(1.675E0,4.4E-1,7.5E-1));
#11096=DIRECTION('',(0.E0,0.E0,-1.E0));
#11097=DIRECTION('',(0.E0,1.E0,0.E0));
#11098=AXIS2_PLACEMENT_3D('',#11095,#11096,#11097);
#11099=PLANE('',#11098);
#11100=ORIENTED_EDGE('',*,*,#11083,.F.);
#11101=ORIENTED_EDGE('',*,*,#7892,.F.);
#11102=ORIENTED_EDGE('',*,*,#7658,.F.);
#11103=EDGE_LOOP('',(#11100,#11101,#11102));
#11104=FACE_OUTER_BOUND('',#11103,.F.);
#11105=ADVANCED_FACE('',(#11104),#11099,.F.);
#11106=CARTESIAN_POINT('',(1.604326335692E0,5.513545457643E-1,-5.9E-1));
#11107=DIRECTION('',(-4.067366430758E-1,9.135454576426E-1,0.E0));
#11108=DIRECTION('',(-9.135454576426E-1,-4.067366430758E-1,0.E0));
#11109=AXIS2_PLACEMENT_3D('',#11106,#11107,#11108);
#11110=PLANE('',#11109);
#11112=ORIENTED_EDGE('',*,*,#11111,.T.);
#11113=ORIENTED_EDGE('',*,*,#11087,.F.);
#11114=ORIENTED_EDGE('',*,*,#11055,.T.);
#11115=ORIENTED_EDGE('',*,*,#11039,.F.);
#11116=ORIENTED_EDGE('',*,*,#7823,.F.);
#11117=ORIENTED_EDGE('',*,*,#7864,.F.);
#11118=EDGE_LOOP('',(#11112,#11113,#11114,#11115,#11116,#11117));
#11119=FACE_OUTER_BOUND('',#11118,.F.);
#11120=ADVANCED_FACE('',(#11119),#11110,.T.);
#11121=CARTESIAN_POINT('',(1.645E0,4.6E-1,-5.9E-1));
#11122=DIRECTION('',(0.E0,0.E0,1.E0));
#11123=DIRECTION('',(0.E0,1.E0,0.E0));
#11124=AXIS2_PLACEMENT_3D('',#11121,#11122,#11123);
#11125=CYLINDRICAL_SURFACE('',#11124,1.E-1);
#11126=ORIENTED_EDGE('',*,*,#7896,.F.);
#11127=ORIENTED_EDGE('',*,*,#11089,.F.);
#11128=ORIENTED_EDGE('',*,*,#11111,.F.);
#11129=ORIENTED_EDGE('',*,*,#7862,.F.);
#11130=EDGE_LOOP('',(#11126,#11127,#11128,#11129));
#11131=FACE_OUTER_BOUND('',#11130,.F.);
#11132=ADVANCED_FACE('',(#11131),#11125,.T.);
#11133=CARTESIAN_POINT('',(-1.575E0,4.668873756741E-1,6.7E-1));
#11134=DIRECTION('',(6.246950475544E-1,0.E0,7.808688094430E-1));
#11135=DIRECTION('',(-7.808688094430E-1,0.E0,6.246950475544E-1));
#11136=AXIS2_PLACEMENT_3D('',#11133,#11134,#11135);
#11137=PLANE('',#11136);
#11139=ORIENTED_EDGE('',*,*,#11138,.F.);
#11141=ORIENTED_EDGE('',*,*,#11140,.T.);
#11143=ORIENTED_EDGE('',*,*,#11142,.T.);
#11144=ORIENTED_EDGE('',*,*,#11065,.T.);
#11145=ORIENTED_EDGE('',*,*,#7125,.T.);
#11147=ORIENTED_EDGE('',*,*,#11146,.F.);
#11148=EDGE_LOOP('',(#11139,#11141,#11143,#11144,#11145,#11147));
#11149=FACE_OUTER_BOUND('',#11148,.F.);
#11150=ADVANCED_FACE('',(#11149),#11137,.T.);
#11151=CARTESIAN_POINT('',(-1.645E0,4.4E-1,3.6072E0));
#11152=DIRECTION('',(0.E0,0.E0,-1.E0));
#11153=DIRECTION('',(-1.E0,0.E0,0.E0));
#11154=AXIS2_PLACEMENT_3D('',#11151,#11152,#11153);
#11155=CYLINDRICAL_SURFACE('',#11154,1.2E-1);
#11157=ORIENTED_EDGE('',*,*,#11156,.T.);
#11159=ORIENTED_EDGE('',*,*,#11158,.T.);
#11161=ORIENTED_EDGE('',*,*,#11160,.F.);
#11162=ORIENTED_EDGE('',*,*,#11138,.T.);
#11164=ORIENTED_EDGE('',*,*,#11163,.T.);
#11165=ORIENTED_EDGE('',*,*,#9189,.T.);
#11166=EDGE_LOOP('',(#11157,#11159,#11161,#11162,#11164,#11165));
#11167=FACE_OUTER_BOUND('',#11166,.F.);
#11168=ADVANCED_FACE('',(#11167),#11155,.T.);
#11169=CARTESIAN_POINT('',(-1.675E0,5.6E-1,-7.5E-1));
#11170=DIRECTION('',(0.E0,0.E0,-1.E0));
#11171=DIRECTION('',(0.E0,-1.E0,0.E0));
#11172=AXIS2_PLACEMENT_3D('',#11169,#11170,#11171);
#11173=PLANE('',#11172);
#11174=ORIENTED_EDGE('',*,*,#11156,.F.);
#11175=ORIENTED_EDGE('',*,*,#7104,.F.);
#11177=ORIENTED_EDGE('',*,*,#11176,.T.);
#11178=EDGE_LOOP('',(#11174,#11175,#11177));
#11179=FACE_OUTER_BOUND('',#11178,.F.);
#11180=ADVANCED_FACE('',(#11179),#11173,.T.);
#11181=CARTESIAN_POINT('',(-1.575E0,4.668873756741E-1,-6.7E-1));
#11182=DIRECTION('',(6.246950475544E-1,0.E0,-7.808688094430E-1));
#11183=DIRECTION('',(-7.808688094430E-1,0.E0,-6.246950475544E-1));
#11184=AXIS2_PLACEMENT_3D('',#11181,#11182,#11183);
#11185=PLANE('',#11184);
#11186=ORIENTED_EDGE('',*,*,#11158,.F.);
#11187=ORIENTED_EDGE('',*,*,#11176,.F.);
#11188=ORIENTED_EDGE('',*,*,#7102,.T.);
#11189=ORIENTED_EDGE('',*,*,#7839,.T.);
#11191=ORIENTED_EDGE('',*,*,#11190,.T.);
#11193=ORIENTED_EDGE('',*,*,#11192,.T.);
#11194=EDGE_LOOP('',(#11186,#11187,#11188,#11189,#11191,#11193));
#11195=FACE_OUTER_BOUND('',#11194,.F.);
#11196=ADVANCED_FACE('',(#11195),#11185,.T.);
#11197=CARTESIAN_POINT('',(-1.385E0,4.537041696704E-1,-5.9E-1));
#11198=DIRECTION('',(4.067366430758E-1,9.135454576426E-1,0.E0));
#11199=DIRECTION('',(-9.135454576426E-1,4.067366430758E-1,0.E0));
#11200=AXIS2_PLACEMENT_3D('',#11197,#11198,#11199);
#11201=PLANE('',#11200);
#11202=ORIENTED_EDGE('',*,*,#11067,.T.);
#11203=ORIENTED_EDGE('',*,*,#11142,.F.);
#11205=ORIENTED_EDGE('',*,*,#11204,.F.);
#11206=ORIENTED_EDGE('',*,*,#11190,.F.);
#11207=ORIENTED_EDGE('',*,*,#7848,.F.);
#11209=ORIENTED_EDGE('',*,*,#11208,.T.);
#11210=EDGE_LOOP('',(#11202,#11203,#11205,#11206,#11207,#11209));
#11211=FACE_OUTER_BOUND('',#11210,.F.);
#11212=ADVANCED_FACE('',(#11211),#11201,.T.);
#11213=CARTESIAN_POINT('',(-1.645E0,4.6E-1,-5.9E-1));
#11214=DIRECTION('',(0.E0,0.E0,1.E0));
#11215=DIRECTION('',(0.E0,1.E0,0.E0));
#11216=AXIS2_PLACEMENT_3D('',#11213,#11214,#11215);
#11217=CYLINDRICAL_SURFACE('',#11216,1.E-1);
#11218=ORIENTED_EDGE('',*,*,#11160,.T.);
#11219=ORIENTED_EDGE('',*,*,#11192,.F.);
#11220=ORIENTED_EDGE('',*,*,#11204,.T.);
#11221=ORIENTED_EDGE('',*,*,#11140,.F.);
#11222=EDGE_LOOP('',(#11218,#11219,#11220,#11221));
#11223=FACE_OUTER_BOUND('',#11222,.F.);
#11224=ADVANCED_FACE('',(#11223),#11217,.T.);
#11225=CARTESIAN_POINT('',(-1.385E0,3.05E-1,-5.9E-1));
#11226=DIRECTION('',(1.E0,0.E0,0.E0));
#11227=DIRECTION('',(0.E0,1.E0,0.E0));
#11228=AXIS2_PLACEMENT_3D('',#11225,#11226,#11227);
#11229=PLANE('',#11228);
#11230=ORIENTED_EDGE('',*,*,#7846,.F.);
#11231=ORIENTED_EDGE('',*,*,#10066,.F.);
#11233=ORIENTED_EDGE('',*,*,#11232,.F.);
#11235=ORIENTED_EDGE('',*,*,#11234,.F.);
#11237=ORIENTED_EDGE('',*,*,#11236,.T.);
#11238=ORIENTED_EDGE('',*,*,#10058,.F.);
#11239=ORIENTED_EDGE('',*,*,#11069,.F.);
#11240=ORIENTED_EDGE('',*,*,#11208,.F.);
#11241=EDGE_LOOP('',(#11230,#11231,#11233,#11235,#11237,#11238,#11239,#11240));
#11242=FACE_OUTER_BOUND('',#11241,.F.);
#11243=ADVANCED_FACE('',(#11242),#11229,.T.);
#11244=CARTESIAN_POINT('',(-1.365E0,1.E-1,-1.9E-1));
#11245=DIRECTION('',(0.E0,0.E0,-1.E0));
#11246=DIRECTION('',(-1.E0,0.E0,0.E0));
#11247=AXIS2_PLACEMENT_3D('',#11244,#11245,#11246);
#11248=PLANE('',#11247);
#11249=ORIENTED_EDGE('',*,*,#11232,.T.);
#11250=ORIENTED_EDGE('',*,*,#10064,.T.);
#11252=ORIENTED_EDGE('',*,*,#11251,.T.);
#11254=ORIENTED_EDGE('',*,*,#11253,.T.);
#11255=EDGE_LOOP('',(#11249,#11250,#11252,#11254));
#11256=FACE_OUTER_BOUND('',#11255,.F.);
#11257=ADVANCED_FACE('',(#11256),#11248,.T.);
#11258=CARTESIAN_POINT('',(-1.365E0,1.E-1,1.9E-1));
#11259=DIRECTION('',(1.E0,0.E0,0.E0));
#11260=DIRECTION('',(0.E0,0.E0,-1.E0));
#11261=AXIS2_PLACEMENT_3D('',#11258,#11259,#11260);
#11262=PLANE('',#11261);
#11263=ORIENTED_EDGE('',*,*,#10062,.F.);
#11265=ORIENTED_EDGE('',*,*,#11264,.T.);
#11267=ORIENTED_EDGE('',*,*,#11266,.T.);
#11268=ORIENTED_EDGE('',*,*,#11251,.F.);
#11269=EDGE_LOOP('',(#11263,#11265,#11267,#11268));
#11270=FACE_OUTER_BOUND('',#11269,.F.);
#11271=ADVANCED_FACE('',(#11270),#11262,.T.);
#11272=CARTESIAN_POINT('',(-1.47E0,1.E-1,1.9E-1));
#11273=DIRECTION('',(0.E0,0.E0,1.E0));
#11274=DIRECTION('',(1.E0,0.E0,0.E0));
#11275=AXIS2_PLACEMENT_3D('',#11272,#11273,#11274);
#11276=PLANE('',#11275);
#11277=ORIENTED_EDGE('',*,*,#11236,.F.);
#11279=ORIENTED_EDGE('',*,*,#11278,.T.);
#11280=ORIENTED_EDGE('',*,*,#11264,.F.);
#11281=ORIENTED_EDGE('',*,*,#10060,.F.);
#11282=EDGE_LOOP('',(#11277,#11279,#11280,#11281));
#11283=FACE_OUTER_BOUND('',#11282,.F.);
#11284=ADVANCED_FACE('',(#11283),#11276,.T.);
#11285=CARTESIAN_POINT('',(0.E0,2.85E-1,0.E0));
#11286=DIRECTION('',(0.E0,1.E0,0.E0));
#11287=DIRECTION('',(1.E0,0.E0,0.E0));
#11288=AXIS2_PLACEMENT_3D('',#11285,#11286,#11287);
#11289=PLANE('',#11288);
#11290=ORIENTED_EDGE('',*,*,#11234,.T.);
#11291=ORIENTED_EDGE('',*,*,#11253,.F.);
#11292=ORIENTED_EDGE('',*,*,#11266,.F.);
#11293=ORIENTED_EDGE('',*,*,#11278,.F.);
#11294=EDGE_LOOP('',(#11290,#11291,#11292,#11293));
#11295=FACE_OUTER_BOUND('',#11294,.F.);
#11296=ADVANCED_FACE('',(#11295),#11289,.T.);
#11297=CARTESIAN_POINT('',(0.E0,2.85E-1,0.E0));
#11298=DIRECTION('',(0.E0,1.E0,0.E0));
#11299=DIRECTION('',(1.E0,0.E0,0.E0));
#11300=AXIS2_PLACEMENT_3D('',#11297,#11298,#11299);
#11301=PLANE('',#11300);
#11302=ORIENTED_EDGE('',*,*,#11033,.F.);
#11304=ORIENTED_EDGE('',*,*,#11303,.F.);
#11306=ORIENTED_EDGE('',*,*,#11305,.F.);
#11308=ORIENTED_EDGE('',*,*,#11307,.F.);
#11309=EDGE_LOOP('',(#11302,#11304,#11306,#11308));
#11310=FACE_OUTER_BOUND('',#11309,.F.);
#11311=ADVANCED_FACE('',(#11310),#11301,.T.);
#11312=CARTESIAN_POINT('',(1.365E0,1.E-1,1.9E-1));
#11313=DIRECTION('',(0.E0,0.E0,1.E0));
#11314=DIRECTION('',(1.E0,0.E0,0.E0));
#11315=AXIS2_PLACEMENT_3D('',#11312,#11313,#11314);
#11316=PLANE('',#11315);
#11317=ORIENTED_EDGE('',*,*,#11031,.T.);
#11318=ORIENTED_EDGE('',*,*,#10094,.T.);
#11320=ORIENTED_EDGE('',*,*,#11319,.T.);
#11321=ORIENTED_EDGE('',*,*,#11303,.T.);
#11322=EDGE_LOOP('',(#11317,#11318,#11320,#11321));
#11323=FACE_OUTER_BOUND('',#11322,.F.);
#11324=ADVANCED_FACE('',(#11323),#11316,.T.);
#11325=CARTESIAN_POINT('',(1.365E0,1.E-1,-1.9E-1));
#11326=DIRECTION('',(-1.E0,0.E0,0.E0));
#11327=DIRECTION('',(0.E0,0.E0,1.E0));
#11328=AXIS2_PLACEMENT_3D('',#11325,#11326,#11327);
#11329=PLANE('',#11328);
#11330=ORIENTED_EDGE('',*,*,#10092,.F.);
#11332=ORIENTED_EDGE('',*,*,#11331,.T.);
#11333=ORIENTED_EDGE('',*,*,#11305,.T.);
#11334=ORIENTED_EDGE('',*,*,#11319,.F.);
#11335=EDGE_LOOP('',(#11330,#11332,#11333,#11334));
#11336=FACE_OUTER_BOUND('',#11335,.F.);
#11337=ADVANCED_FACE('',(#11336),#11329,.T.);
#11338=CARTESIAN_POINT('',(1.47E0,1.E-1,-1.9E-1));
#11339=DIRECTION('',(0.E0,0.E0,-1.E0));
#11340=DIRECTION('',(-1.E0,0.E0,0.E0));
#11341=AXIS2_PLACEMENT_3D('',#11338,#11339,#11340);
#11342=PLANE('',#11341);
#11343=ORIENTED_EDGE('',*,*,#11035,.F.);
#11344=ORIENTED_EDGE('',*,*,#11307,.T.);
#11345=ORIENTED_EDGE('',*,*,#11331,.F.);
#11346=ORIENTED_EDGE('',*,*,#10090,.F.);
#11347=EDGE_LOOP('',(#11343,#11344,#11345,#11346));
#11348=FACE_OUTER_BOUND('',#11347,.F.);
#11349=ADVANCED_FACE('',(#11348),#11342,.T.);
#11350=CARTESIAN_POINT('',(-1.675E0,4.4E-1,7.5E-1));
#11351=DIRECTION('',(0.E0,0.E0,1.E0));
#11352=DIRECTION('',(0.E0,1.E0,0.E0));
#11353=AXIS2_PLACEMENT_3D('',#11350,#11351,#11352);
#11354=PLANE('',#11353);
#11355=ORIENTED_EDGE('',*,*,#11163,.F.);
#11356=ORIENTED_EDGE('',*,*,#11146,.T.);
#11357=ORIENTED_EDGE('',*,*,#7123,.T.);
#11358=EDGE_LOOP('',(#11355,#11356,#11357));
#11359=FACE_OUTER_BOUND('',#11358,.F.);
#11360=ADVANCED_FACE('',(#11359),#11354,.T.);
#11361=CARTESIAN_POINT('',(-1.47E0,4.6E-1,-6.2E-1));
#11362=DIRECTION('',(-1.E0,0.E0,0.E0));
#11363=DIRECTION('',(0.E0,0.E0,1.E0));
#11364=AXIS2_PLACEMENT_3D('',#11361,#11362,#11363);
#11365=PLANE('',#11364);
#11366=ORIENTED_EDGE('',*,*,#7842,.F.);
#11367=ORIENTED_EDGE('',*,*,#7098,.T.);
#11368=ORIENTED_EDGE('',*,*,#7265,.T.);
#11370=ORIENTED_EDGE('',*,*,#11369,.T.);
#11372=ORIENTED_EDGE('',*,*,#11371,.T.);
#11373=ORIENTED_EDGE('',*,*,#10069,.T.);
#11374=EDGE_LOOP('',(#11366,#11367,#11368,#11370,#11372,#11373));
#11375=FACE_OUTER_BOUND('',#11374,.F.);
#11376=ADVANCED_FACE('',(#11375),#11365,.F.);
#11377=CARTESIAN_POINT('',(-1.47E0,4.6E-1,-6.2E-1));
#11378=DIRECTION('',(-1.E0,0.E0,0.E0));
#11379=DIRECTION('',(0.E0,0.E0,1.E0));
#11380=AXIS2_PLACEMENT_3D('',#11377,#11378,#11379);
#11381=PLANE('',#11380);
#11382=ORIENTED_EDGE('',*,*,#11072,.F.);
#11383=ORIENTED_EDGE('',*,*,#10054,.T.);
#11385=ORIENTED_EDGE('',*,*,#11384,.F.);
#11387=ORIENTED_EDGE('',*,*,#11386,.T.);
#11389=ORIENTED_EDGE('',*,*,#11388,.F.);
#11390=ORIENTED_EDGE('',*,*,#7129,.T.);
#11391=EDGE_LOOP('',(#11382,#11383,#11385,#11387,#11389,#11390));
#11392=FACE_OUTER_BOUND('',#11391,.F.);
#11393=ADVANCED_FACE('',(#11392),#11381,.F.);
#11394=CARTESIAN_POINT('',(0.E0,2.8E-1,1.E0));
#11395=DIRECTION('',(0.E0,1.E0,0.E0));
#11396=DIRECTION('',(1.E0,0.E0,0.E0));
#11397=AXIS2_PLACEMENT_3D('',#11394,#11395,#11396);
#11398=PLANE('',#11397);
#11400=ORIENTED_EDGE('',*,*,#11399,.T.);
#11402=ORIENTED_EDGE('',*,*,#11401,.T.);
#11404=ORIENTED_EDGE('',*,*,#11403,.F.);
#11406=ORIENTED_EDGE('',*,*,#11405,.F.);
#11408=ORIENTED_EDGE('',*,*,#11407,.F.);
#11409=ORIENTED_EDGE('',*,*,#11386,.F.);
#11410=EDGE_LOOP('',(#11400,#11402,#11404,#11406,#11408,#11409));
#11411=FACE_OUTER_BOUND('',#11410,.F.);
#11412=ADVANCED_FACE('',(#11411),#11398,.T.);
#11413=CARTESIAN_POINT('',(0.E0,2.8E-1,1.E0));
#11414=DIRECTION('',(0.E0,1.E0,0.E0));
#11415=DIRECTION('',(1.E0,0.E0,0.E0));
#11416=AXIS2_PLACEMENT_3D('',#11413,#11414,#11415);
#11417=PLANE('',#11416);
#11419=ORIENTED_EDGE('',*,*,#11418,.T.);
#11420=ORIENTED_EDGE('',*,*,#11369,.F.);
#11421=ORIENTED_EDGE('',*,*,#7263,.F.);
#11423=ORIENTED_EDGE('',*,*,#11422,.F.);
#11425=ORIENTED_EDGE('',*,*,#11424,.F.);
#11427=ORIENTED_EDGE('',*,*,#11426,.T.);
#11428=EDGE_LOOP('',(#11419,#11420,#11421,#11423,#11425,#11427));
#11429=FACE_OUTER_BOUND('',#11428,.F.);
#11430=ADVANCED_FACE('',(#11429),#11417,.T.);
#11431=CARTESIAN_POINT('',(0.E0,2.8E-1,1.E0));
#11432=DIRECTION('',(0.E0,1.E0,0.E0));
#11433=DIRECTION('',(1.E0,0.E0,0.E0));
#11434=AXIS2_PLACEMENT_3D('',#11431,#11432,#11433);
#11435=PLANE('',#11434);
#11437=ORIENTED_EDGE('',*,*,#11436,.T.);
#11439=ORIENTED_EDGE('',*,*,#11438,.T.);
#11440=ORIENTED_EDGE('',*,*,#7807,.F.);
#11442=ORIENTED_EDGE('',*,*,#11441,.F.);
#11444=ORIENTED_EDGE('',*,*,#11443,.F.);
#11445=ORIENTED_EDGE('',*,*,#8448,.F.);
#11446=EDGE_LOOP('',(#11437,#11439,#11440,#11442,#11444,#11445));
#11447=FACE_OUTER_BOUND('',#11446,.F.);
#11448=ADVANCED_FACE('',(#11447),#11435,.T.);
#11449=CARTESIAN_POINT('',(0.E0,2.8E-1,1.E0));
#11450=DIRECTION('',(0.E0,1.E0,0.E0));
#11451=DIRECTION('',(1.E0,0.E0,0.E0));
#11452=AXIS2_PLACEMENT_3D('',#11449,#11450,#11451);
#11453=PLANE('',#11452);
#11455=ORIENTED_EDGE('',*,*,#11454,.T.);
#11457=ORIENTED_EDGE('',*,*,#11456,.T.);
#11458=ORIENTED_EDGE('',*,*,#8535,.F.);
#11460=ORIENTED_EDGE('',*,*,#11459,.F.);
#11461=ORIENTED_EDGE('',*,*,#7765,.F.);
#11462=ORIENTED_EDGE('',*,*,#7790,.F.);
#11463=EDGE_LOOP('',(#11455,#11457,#11458,#11460,#11461,#11462));
#11464=FACE_OUTER_BOUND('',#11463,.F.);
#11465=ADVANCED_FACE('',(#11464),#11453,.T.);
#11466=CARTESIAN_POINT('',(-1.47E0,4.6E-1,6.2E-1));
#11467=DIRECTION('',(0.E0,0.E0,1.E0));
#11468=DIRECTION('',(1.E0,0.E0,0.E0));
#11469=AXIS2_PLACEMENT_3D('',#11466,#11467,#11468);
#11470=PLANE('',#11469);
#11471=ORIENTED_EDGE('',*,*,#11399,.F.);
#11472=ORIENTED_EDGE('',*,*,#11384,.T.);
#11473=ORIENTED_EDGE('',*,*,#10052,.T.);
#11475=ORIENTED_EDGE('',*,*,#11474,.F.);
#11476=EDGE_LOOP('',(#11471,#11472,#11473,#11475));
#11477=FACE_OUTER_BOUND('',#11476,.F.);
#11478=ADVANCED_FACE('',(#11477),#11470,.F.);
#11479=CARTESIAN_POINT('',(-9.85E-1,4.6E-1,6.2E-1));
#11480=DIRECTION('',(-1.E0,0.E0,0.E0));
#11481=DIRECTION('',(0.E0,0.E0,1.E0));
#11482=AXIS2_PLACEMENT_3D('',#11479,#11480,#11481);
#11483=PLANE('',#11482);
#11485=ORIENTED_EDGE('',*,*,#11484,.F.);
#11486=ORIENTED_EDGE('',*,*,#11401,.F.);
#11487=ORIENTED_EDGE('',*,*,#11474,.T.);
#11488=ORIENTED_EDGE('',*,*,#10050,.T.);
#11489=EDGE_LOOP('',(#11485,#11486,#11487,#11488));
#11490=FACE_OUTER_BOUND('',#11489,.F.);
#11491=ADVANCED_FACE('',(#11490),#11483,.F.);
#11492=CARTESIAN_POINT('',(-9.85E-1,4.6E-1,7.1E-1));
#11493=DIRECTION('',(0.E0,0.E0,1.E0));
#11494=DIRECTION('',(1.E0,0.E0,0.E0));
#11495=AXIS2_PLACEMENT_3D('',#11492,#11493,#11494);
#11496=PLANE('',#11495);
#11497=ORIENTED_EDGE('',*,*,#6866,.T.);
#11499=ORIENTED_EDGE('',*,*,#11498,.F.);
#11500=ORIENTED_EDGE('',*,*,#6938,.F.);
#11502=ORIENTED_EDGE('',*,*,#11501,.T.);
#11504=ORIENTED_EDGE('',*,*,#11503,.T.);
#11505=ORIENTED_EDGE('',*,*,#11403,.T.);
#11506=ORIENTED_EDGE('',*,*,#11484,.T.);
#11507=ORIENTED_EDGE('',*,*,#10048,.T.);
#11508=ORIENTED_EDGE('',*,*,#9872,.F.);
#11510=ORIENTED_EDGE('',*,*,#11509,.T.);
#11511=EDGE_LOOP('',(#11497,#11499,#11500,#11502,#11504,#11505,#11506,#11507,
#11508,#11510));
#11512=FACE_OUTER_BOUND('',#11511,.F.);
#11513=ADVANCED_FACE('',(#11512),#11496,.F.);
#11514=CARTESIAN_POINT('',(-8.05E-1,2.770972792309E-1,9.7E-1));
#11515=DIRECTION('',(0.E0,-9.673111819395E-1,2.535923447086E-1));
#11516=DIRECTION('',(0.E0,-2.535923447086E-1,-9.673111819395E-1));
#11517=AXIS2_PLACEMENT_3D('',#11514,#11515,#11516);
#11518=PLANE('',#11517);
#11519=ORIENTED_EDGE('',*,*,#11498,.T.);
#11520=ORIENTED_EDGE('',*,*,#6864,.T.);
#11522=ORIENTED_EDGE('',*,*,#11521,.T.);
#11523=ORIENTED_EDGE('',*,*,#6940,.F.);
#11524=EDGE_LOOP('',(#11519,#11520,#11522,#11523));
#11525=FACE_OUTER_BOUND('',#11524,.F.);
#11526=ADVANCED_FACE('',(#11525),#11518,.T.);
#11527=CARTESIAN_POINT('',(-8.05E-1,1.78E-1,5.92E-1));
#11528=DIRECTION('',(0.E0,-2.535923447086E-1,-9.673111819395E-1));
#11529=DIRECTION('',(0.E0,9.673111819395E-1,-2.535923447086E-1));
#11530=AXIS2_PLACEMENT_3D('',#11527,#11528,#11529);
#11531=PLANE('',#11530);
#11532=ORIENTED_EDGE('',*,*,#6862,.T.);
#11534=ORIENTED_EDGE('',*,*,#11533,.T.);
#11535=ORIENTED_EDGE('',*,*,#6942,.F.);
#11536=ORIENTED_EDGE('',*,*,#11521,.F.);
#11537=EDGE_LOOP('',(#11532,#11534,#11535,#11536));
#11538=FACE_OUTER_BOUND('',#11537,.F.);
#11539=ADVANCED_FACE('',(#11538),#11531,.T.);
#11540=CARTESIAN_POINT('',(-8.05E-1,3.1E-1,6.504360147529E-1));
#11541=DIRECTION('',(1.E0,0.E0,0.E0));
#11542=DIRECTION('',(0.E0,0.E0,-1.E0));
#11543=AXIS2_PLACEMENT_3D('',#11540,#11541,#11542);
#11544=CYLINDRICAL_SURFACE('',#11543,9.E-2);
#11545=ORIENTED_EDGE('',*,*,#6860,.T.);
#11547=ORIENTED_EDGE('',*,*,#11546,.T.);
#11548=ORIENTED_EDGE('',*,*,#6944,.F.);
#11549=ORIENTED_EDGE('',*,*,#11533,.F.);
#11550=EDGE_LOOP('',(#11545,#11547,#11548,#11549));
#11551=FACE_OUTER_BOUND('',#11550,.F.);
#11552=ADVANCED_FACE('',(#11551),#11544,.T.);
#11553=CARTESIAN_POINT('',(-8.05E-1,3.678508848718E-1,5.814920148722E-1));
#11554=DIRECTION('',(0.E0,6.427876096865E-1,-7.660444431190E-1));
#11555=DIRECTION('',(0.E0,7.660444431190E-1,6.427876096865E-1));
#11556=AXIS2_PLACEMENT_3D('',#11553,#11554,#11555);
#11557=PLANE('',#11556);
#11558=ORIENTED_EDGE('',*,*,#6858,.T.);
#11560=ORIENTED_EDGE('',*,*,#11559,.T.);
#11561=ORIENTED_EDGE('',*,*,#6946,.F.);
#11562=ORIENTED_EDGE('',*,*,#11546,.F.);
#11563=EDGE_LOOP('',(#11558,#11560,#11561,#11562));
#11564=FACE_OUTER_BOUND('',#11563,.F.);
#11565=ADVANCED_FACE('',(#11564),#11557,.T.);
#11566=CARTESIAN_POINT('',(-8.05E-1,3.5E-1,6.84E-1));
#11567=DIRECTION('',(1.E0,0.E0,0.E0));
#11568=DIRECTION('',(0.E0,0.E0,-1.E0));
#11569=AXIS2_PLACEMENT_3D('',#11566,#11567,#11568);
#11570=CYLINDRICAL_SURFACE('',#11569,9.E-2);
#11571=ORIENTED_EDGE('',*,*,#6856,.T.);
#11573=ORIENTED_EDGE('',*,*,#11572,.T.);
#11574=ORIENTED_EDGE('',*,*,#6948,.F.);
#11575=ORIENTED_EDGE('',*,*,#11559,.F.);
#11576=EDGE_LOOP('',(#11571,#11573,#11574,#11575));
#11577=FACE_OUTER_BOUND('',#11576,.F.);
#11578=ADVANCED_FACE('',(#11577),#11570,.T.);
#11579=CARTESIAN_POINT('',(-8.05E-1,4.4E-1,6.84E-1));
#11580=DIRECTION('',(0.E0,1.E0,0.E0));
#11581=DIRECTION('',(0.E0,0.E0,1.E0));
#11582=AXIS2_PLACEMENT_3D('',#11579,#11580,#11581);
#11583=PLANE('',#11582);
#11584=ORIENTED_EDGE('',*,*,#6917,.T.);
#11585=ORIENTED_EDGE('',*,*,#6950,.F.);
#11586=ORIENTED_EDGE('',*,*,#11572,.F.);
#11587=ORIENTED_EDGE('',*,*,#6854,.T.);
#11588=EDGE_LOOP('',(#11584,#11585,#11586,#11587));
#11589=FACE_OUTER_BOUND('',#11588,.F.);
#11590=ADVANCED_FACE('',(#11589),#11583,.T.);
#11591=CARTESIAN_POINT('',(-1.02E0,3.4E-1,1.E0));
#11592=DIRECTION('',(0.E0,-1.E0,0.E0));
#11593=DIRECTION('',(1.E0,0.E0,0.E0));
#11594=AXIS2_PLACEMENT_3D('',#11591,#11592,#11593);
#11595=PLANE('',#11594);
#11596=ORIENTED_EDGE('',*,*,#6891,.F.);
#11597=ORIENTED_EDGE('',*,*,#9590,.F.);
#11598=ORIENTED_EDGE('',*,*,#9857,.F.);
#11600=ORIENTED_EDGE('',*,*,#11599,.F.);
#11601=EDGE_LOOP('',(#11596,#11597,#11598,#11600));
#11602=FACE_OUTER_BOUND('',#11601,.F.);
#11603=ADVANCED_FACE('',(#11602),#11595,.F.);
#11604=CARTESIAN_POINT('',(-1.02E0,3.4E-1,1.E0));
#11605=DIRECTION('',(0.E0,-1.E0,0.E0));
#11606=DIRECTION('',(1.E0,0.E0,0.E0));
#11607=AXIS2_PLACEMENT_3D('',#11604,#11605,#11606);
#11608=PLANE('',#11607);
#11609=ORIENTED_EDGE('',*,*,#6976,.T.);
#11611=ORIENTED_EDGE('',*,*,#11610,.F.);
#11613=ORIENTED_EDGE('',*,*,#11612,.T.);
#11615=ORIENTED_EDGE('',*,*,#11614,.T.);
#11616=ORIENTED_EDGE('',*,*,#9609,.F.);
#11617=EDGE_LOOP('',(#11609,#11611,#11613,#11615,#11616));
#11618=FACE_OUTER_BOUND('',#11617,.F.);
#11619=ADVANCED_FACE('',(#11618),#11608,.F.);
#11620=CARTESIAN_POINT('',(-1.02E0,3.4E-1,1.E0));
#11621=DIRECTION('',(0.E0,-1.E0,0.E0));
#11622=DIRECTION('',(1.E0,0.E0,0.E0));
#11623=AXIS2_PLACEMENT_3D('',#11620,#11621,#11622);
#11624=PLANE('',#11623);
#11625=ORIENTED_EDGE('',*,*,#6868,.F.);
#11626=ORIENTED_EDGE('',*,*,#11509,.F.);
#11627=ORIENTED_EDGE('',*,*,#9870,.F.);
#11628=ORIENTED_EDGE('',*,*,#6799,.T.);
#11629=EDGE_LOOP('',(#11625,#11626,#11627,#11628));
#11630=FACE_OUTER_BOUND('',#11629,.F.);
#11631=ADVANCED_FACE('',(#11630),#11624,.F.);
#11632=CARTESIAN_POINT('',(-1.02E0,3.4E-1,1.E0));
#11633=DIRECTION('',(0.E0,-1.E0,0.E0));
#11634=DIRECTION('',(1.E0,0.E0,0.E0));
#11635=AXIS2_PLACEMENT_3D('',#11632,#11633,#11634);
#11636=PLANE('',#11635);
#11637=ORIENTED_EDGE('',*,*,#6936,.T.);
#11638=ORIENTED_EDGE('',*,*,#6832,.T.);
#11640=ORIENTED_EDGE('',*,*,#11639,.T.);
#11642=ORIENTED_EDGE('',*,*,#11641,.T.);
#11643=ORIENTED_EDGE('',*,*,#11501,.F.);
#11644=EDGE_LOOP('',(#11637,#11638,#11640,#11642,#11643));
#11645=FACE_OUTER_BOUND('',#11644,.F.);
#11646=ADVANCED_FACE('',(#11645),#11636,.F.);
#11647=CARTESIAN_POINT('',(-7.65E-1,4.6E-1,-7.1E-1));
#11648=DIRECTION('',(0.E0,0.E0,-1.E0));
#11649=DIRECTION('',(-1.E0,0.E0,0.E0));
#11650=AXIS2_PLACEMENT_3D('',#11647,#11648,#11649);
#11651=PLANE('',#11650);
#11652=ORIENTED_EDGE('',*,*,#6893,.F.);
#11653=ORIENTED_EDGE('',*,*,#11599,.T.);
#11654=ORIENTED_EDGE('',*,*,#9855,.T.);
#11655=ORIENTED_EDGE('',*,*,#10075,.T.);
#11657=ORIENTED_EDGE('',*,*,#11656,.F.);
#11658=ORIENTED_EDGE('',*,*,#11424,.T.);
#11660=ORIENTED_EDGE('',*,*,#11659,.F.);
#11661=ORIENTED_EDGE('',*,*,#11610,.T.);
#11662=ORIENTED_EDGE('',*,*,#6974,.T.);
#11664=ORIENTED_EDGE('',*,*,#11663,.T.);
#11665=EDGE_LOOP('',(#11652,#11653,#11654,#11655,#11657,#11658,#11660,#11661,
#11662,#11664));
#11666=FACE_OUTER_BOUND('',#11665,.F.);
#11667=ADVANCED_FACE('',(#11666),#11651,.F.);
#11668=CARTESIAN_POINT('',(-9.85E-1,4.6E-1,-7.1E-1));
#11669=DIRECTION('',(-1.E0,0.E0,0.E0));
#11670=DIRECTION('',(0.E0,0.E0,1.E0));
#11671=AXIS2_PLACEMENT_3D('',#11668,#11669,#11670);
#11672=PLANE('',#11671);
#11673=ORIENTED_EDGE('',*,*,#11656,.T.);
#11674=ORIENTED_EDGE('',*,*,#10073,.T.);
#11676=ORIENTED_EDGE('',*,*,#11675,.F.);
#11677=ORIENTED_EDGE('',*,*,#11426,.F.);
#11678=EDGE_LOOP('',(#11673,#11674,#11676,#11677));
#11679=FACE_OUTER_BOUND('',#11678,.F.);
#11680=ADVANCED_FACE('',(#11679),#11672,.F.);
#11681=CARTESIAN_POINT('',(-9.85E-1,4.6E-1,-6.2E-1));
#11682=DIRECTION('',(0.E0,0.E0,-1.E0));
#11683=DIRECTION('',(-1.E0,0.E0,0.E0));
#11684=AXIS2_PLACEMENT_3D('',#11681,#11682,#11683);
#11685=PLANE('',#11684);
#11686=ORIENTED_EDGE('',*,*,#11418,.F.);
#11687=ORIENTED_EDGE('',*,*,#11675,.T.);
#11688=ORIENTED_EDGE('',*,*,#10071,.T.);
#11689=ORIENTED_EDGE('',*,*,#11371,.F.);
#11690=EDGE_LOOP('',(#11686,#11687,#11688,#11689));
#11691=FACE_OUTER_BOUND('',#11690,.F.);
#11692=ADVANCED_FACE('',(#11691),#11685,.F.);
#11693=CARTESIAN_POINT('',(-1.02E0,4.4E-1,-7.1E-1));
#11694=DIRECTION('',(1.E0,0.E0,0.E0));
#11695=DIRECTION('',(0.E0,0.E0,-1.E0));
#11696=AXIS2_PLACEMENT_3D('',#11693,#11694,#11695);
#11697=PLANE('',#11696);
#11698=ORIENTED_EDGE('',*,*,#11612,.F.);
#11699=ORIENTED_EDGE('',*,*,#11659,.T.);
#11700=ORIENTED_EDGE('',*,*,#11422,.T.);
#11701=ORIENTED_EDGE('',*,*,#7261,.F.);
#11702=EDGE_LOOP('',(#11698,#11699,#11700,#11701));
#11703=FACE_OUTER_BOUND('',#11702,.F.);
#11704=ADVANCED_FACE('',(#11703),#11697,.F.);
#11705=CARTESIAN_POINT('',(-8.05E-1,1.78E-1,-5.92E-1));
#11706=DIRECTION('',(0.E0,-9.673111819395E-1,-2.535923447086E-1));
#11707=DIRECTION('',(0.E0,2.535923447086E-1,-9.673111819395E-1));
#11708=AXIS2_PLACEMENT_3D('',#11705,#11706,#11707);
#11709=PLANE('',#11708);
#11710=ORIENTED_EDGE('',*,*,#11663,.F.);
#11711=ORIENTED_EDGE('',*,*,#6972,.F.);
#11713=ORIENTED_EDGE('',*,*,#11712,.F.);
#11714=ORIENTED_EDGE('',*,*,#6895,.T.);
#11715=EDGE_LOOP('',(#11710,#11711,#11713,#11714));
#11716=FACE_OUTER_BOUND('',#11715,.F.);
#11717=ADVANCED_FACE('',(#11716),#11709,.T.);
#11718=CARTESIAN_POINT('',(-8.05E-1,2.871766889762E-1,-5.633780083784E-1));
#11719=DIRECTION('',(0.E0,-2.535923447086E-1,9.673111819395E-1));
#11720=DIRECTION('',(0.E0,-9.673111819395E-1,-2.535923447086E-1));
#11721=AXIS2_PLACEMENT_3D('',#11718,#11719,#11720);
#11722=PLANE('',#11721);
#11723=ORIENTED_EDGE('',*,*,#6897,.T.);
#11724=ORIENTED_EDGE('',*,*,#11712,.T.);
#11725=ORIENTED_EDGE('',*,*,#6970,.F.);
#11727=ORIENTED_EDGE('',*,*,#11726,.F.);
#11728=EDGE_LOOP('',(#11723,#11724,#11725,#11727));
#11729=FACE_OUTER_BOUND('',#11728,.F.);
#11730=ADVANCED_FACE('',(#11729),#11722,.T.);
#11731=CARTESIAN_POINT('',(-8.05E-1,3.1E-1,-6.504360147529E-1));
#11732=DIRECTION('',(1.E0,0.E0,0.E0));
#11733=DIRECTION('',(0.E0,0.E0,-1.E0));
#11734=AXIS2_PLACEMENT_3D('',#11731,#11732,#11733);
#11735=CYLINDRICAL_SURFACE('',#11734,9.E-2);
#11736=ORIENTED_EDGE('',*,*,#6899,.T.);
#11737=ORIENTED_EDGE('',*,*,#11726,.T.);
#11738=ORIENTED_EDGE('',*,*,#6968,.F.);
#11740=ORIENTED_EDGE('',*,*,#11739,.F.);
#11741=EDGE_LOOP('',(#11736,#11737,#11738,#11740));
#11742=FACE_OUTER_BOUND('',#11741,.F.);
#11743=ADVANCED_FACE('',(#11742),#11735,.T.);
#11744=CARTESIAN_POINT('',(-8.05E-1,4.078508848718E-1,-6.150560001193E-1));
#11745=DIRECTION('',(0.E0,6.427876096865E-1,7.660444431190E-1));
#11746=DIRECTION('',(0.E0,-7.660444431190E-1,6.427876096865E-1));
#11747=AXIS2_PLACEMENT_3D('',#11744,#11745,#11746);
#11748=PLANE('',#11747);
#11749=ORIENTED_EDGE('',*,*,#6901,.T.);
#11750=ORIENTED_EDGE('',*,*,#11739,.T.);
#11751=ORIENTED_EDGE('',*,*,#6966,.F.);
#11753=ORIENTED_EDGE('',*,*,#11752,.F.);
#11754=EDGE_LOOP('',(#11749,#11750,#11751,#11753));
#11755=FACE_OUTER_BOUND('',#11754,.F.);
#11756=ADVANCED_FACE('',(#11755),#11748,.T.);
#11757=CARTESIAN_POINT('',(-8.05E-1,3.5E-1,-6.84E-1));
#11758=DIRECTION('',(1.E0,0.E0,0.E0));
#11759=DIRECTION('',(0.E0,0.E0,-1.E0));
#11760=AXIS2_PLACEMENT_3D('',#11757,#11758,#11759);
#11761=CYLINDRICAL_SURFACE('',#11760,9.E-2);
#11762=ORIENTED_EDGE('',*,*,#6903,.T.);
#11763=ORIENTED_EDGE('',*,*,#11752,.T.);
#11764=ORIENTED_EDGE('',*,*,#6964,.F.);
#11766=ORIENTED_EDGE('',*,*,#11765,.F.);
#11767=EDGE_LOOP('',(#11762,#11763,#11764,#11766));
#11768=FACE_OUTER_BOUND('',#11767,.F.);
#11769=ADVANCED_FACE('',(#11768),#11761,.T.);
#11770=CARTESIAN_POINT('',(-9.8E-1,4.4E-1,-8.8E-1));
#11771=DIRECTION('',(0.E0,1.E0,0.E0));
#11772=DIRECTION('',(1.E0,0.E0,0.E0));
#11773=AXIS2_PLACEMENT_3D('',#11770,#11771,#11772);
#11774=PLANE('',#11773);
#11776=ORIENTED_EDGE('',*,*,#11775,.T.);
#11777=ORIENTED_EDGE('',*,*,#6905,.T.);
#11778=ORIENTED_EDGE('',*,*,#11765,.T.);
#11779=ORIENTED_EDGE('',*,*,#6962,.F.);
#11780=EDGE_LOOP('',(#11776,#11777,#11778,#11779));
#11781=FACE_OUTER_BOUND('',#11780,.F.);
#11782=ADVANCED_FACE('',(#11781),#11774,.T.);
#11783=CARTESIAN_POINT('',(-6.94386E0,3.2E-1,-8.5E-1));
#11784=DIRECTION('',(1.E0,0.E0,0.E0));
#11785=DIRECTION('',(0.E0,0.E0,-1.E0));
#11786=AXIS2_PLACEMENT_3D('',#11783,#11784,#11785);
#11787=CYLINDRICAL_SURFACE('',#11786,1.2E-1);
#11788=ORIENTED_EDGE('',*,*,#6883,.T.);
#11789=ORIENTED_EDGE('',*,*,#11775,.F.);
#11790=ORIENTED_EDGE('',*,*,#6960,.T.);
#11791=ORIENTED_EDGE('',*,*,#7532,.T.);
#11792=EDGE_LOOP('',(#11788,#11789,#11790,#11791));
#11793=FACE_OUTER_BOUND('',#11792,.F.);
#11794=ADVANCED_FACE('',(#11793),#11787,.T.);
#11795=CARTESIAN_POINT('',(-1.02E0,4.4E-1,1.E0));
#11796=DIRECTION('',(-1.E0,0.E0,0.E0));
#11797=DIRECTION('',(0.E0,-1.E0,0.E0));
#11798=AXIS2_PLACEMENT_3D('',#11795,#11796,#11797);
#11799=PLANE('',#11798);
#11800=ORIENTED_EDGE('',*,*,#7259,.F.);
#11801=ORIENTED_EDGE('',*,*,#7057,.T.);
#11802=ORIENTED_EDGE('',*,*,#9611,.T.);
#11803=ORIENTED_EDGE('',*,*,#11614,.F.);
#11804=EDGE_LOOP('',(#11800,#11801,#11802,#11803));
#11805=FACE_OUTER_BOUND('',#11804,.F.);
#11806=ADVANCED_FACE('',(#11805),#11799,.F.);
#11807=CARTESIAN_POINT('',(-1.02E0,4.4E-1,1.E0));
#11808=DIRECTION('',(-1.E0,0.E0,0.E0));
#11809=DIRECTION('',(0.E0,-1.E0,0.E0));
#11810=AXIS2_PLACEMENT_3D('',#11807,#11808,#11809);
#11811=PLANE('',#11810);
#11813=ORIENTED_EDGE('',*,*,#11812,.T.);
#11814=ORIENTED_EDGE('',*,*,#11639,.F.);
#11815=ORIENTED_EDGE('',*,*,#6830,.F.);
#11816=ORIENTED_EDGE('',*,*,#7077,.T.);
#11817=EDGE_LOOP('',(#11813,#11814,#11815,#11816));
#11818=FACE_OUTER_BOUND('',#11817,.F.);
#11819=ADVANCED_FACE('',(#11818),#11811,.F.);
#11820=CARTESIAN_POINT('',(-1.47E0,4.4E-1,7.4E-1));
#11821=DIRECTION('',(0.E0,0.E0,1.E0));
#11822=DIRECTION('',(1.E0,0.E0,0.E0));
#11823=AXIS2_PLACEMENT_3D('',#11820,#11821,#11822);
#11824=PLANE('',#11823);
#11825=ORIENTED_EDGE('',*,*,#7354,.F.);
#11826=ORIENTED_EDGE('',*,*,#7131,.T.);
#11827=ORIENTED_EDGE('',*,*,#11388,.T.);
#11828=ORIENTED_EDGE('',*,*,#11407,.T.);
#11830=ORIENTED_EDGE('',*,*,#11829,.F.);
#11831=ORIENTED_EDGE('',*,*,#11812,.F.);
#11832=ORIENTED_EDGE('',*,*,#7075,.T.);
#11833=ORIENTED_EDGE('',*,*,#7242,.T.);
#11835=ORIENTED_EDGE('',*,*,#11834,.F.);
#11836=EDGE_LOOP('',(#11825,#11826,#11827,#11828,#11830,#11831,#11832,#11833,
#11835));
#11837=FACE_OUTER_BOUND('',#11836,.F.);
#11838=ADVANCED_FACE('',(#11837),#11824,.F.);
#11839=CARTESIAN_POINT('',(-1.02E0,4.4E-1,7.4E-1));
#11840=DIRECTION('',(1.E0,0.E0,0.E0));
#11841=DIRECTION('',(0.E0,0.E0,-1.E0));
#11842=AXIS2_PLACEMENT_3D('',#11839,#11840,#11841);
#11843=PLANE('',#11842);
#11844=ORIENTED_EDGE('',*,*,#11641,.F.);
#11845=ORIENTED_EDGE('',*,*,#11829,.T.);
#11846=ORIENTED_EDGE('',*,*,#11405,.T.);
#11847=ORIENTED_EDGE('',*,*,#11503,.F.);
#11848=EDGE_LOOP('',(#11844,#11845,#11846,#11847));
#11849=FACE_OUTER_BOUND('',#11848,.F.);
#11850=ADVANCED_FACE('',(#11849),#11843,.F.);
#11851=CARTESIAN_POINT('',(-1.256299423149E0,3.2E-1,9.7E-1));
#11852=DIRECTION('',(0.E0,-1.E0,0.E0));
#11853=DIRECTION('',(0.E0,0.E0,-1.E0));
#11854=AXIS2_PLACEMENT_3D('',#11851,#11852,#11853);
#11855=PLANE('',#11854);
#11856=ORIENTED_EDGE('',*,*,#7311,.F.);
#11857=ORIENTED_EDGE('',*,*,#7356,.F.);
#11858=ORIENTED_EDGE('',*,*,#11834,.T.);
#11859=ORIENTED_EDGE('',*,*,#7240,.T.);
#11861=ORIENTED_EDGE('',*,*,#11860,.F.);
#11862=EDGE_LOOP('',(#11856,#11857,#11858,#11859,#11861));
#11863=FACE_OUTER_BOUND('',#11862,.F.);
#11864=ADVANCED_FACE('',(#11863),#11855,.T.);
#11865=CARTESIAN_POINT('',(-1.256299423149E0,3.2E-1,6.4E-1));
#11866=DIRECTION('',(0.E0,0.E0,-1.E0));
#11867=DIRECTION('',(0.E0,1.E0,0.E0));
#11868=AXIS2_PLACEMENT_3D('',#11865,#11866,#11867);
#11869=PLANE('',#11868);
#11870=ORIENTED_EDGE('',*,*,#11860,.T.);
#11871=ORIENTED_EDGE('',*,*,#7238,.T.);
#11873=ORIENTED_EDGE('',*,*,#11872,.T.);
#11874=ORIENTED_EDGE('',*,*,#7313,.F.);
#11875=EDGE_LOOP('',(#11870,#11871,#11873,#11874));
#11876=FACE_OUTER_BOUND('',#11875,.F.);
#11877=ADVANCED_FACE('',(#11876),#11869,.T.);
#11878=CARTESIAN_POINT('',(-1.256299423149E0,4.04E-1,6.4E-1));
#11879=DIRECTION('',(0.E0,7.393286231677E-1,-6.733447757019E-1));
#11880=DIRECTION('',(0.E0,6.733447757019E-1,7.393286231677E-1));
#11881=AXIS2_PLACEMENT_3D('',#11878,#11879,#11880);
#11882=PLANE('',#11881);
#11883=ORIENTED_EDGE('',*,*,#7236,.T.);
#11884=ORIENTED_EDGE('',*,*,#7436,.F.);
#11886=ORIENTED_EDGE('',*,*,#11885,.T.);
#11887=ORIENTED_EDGE('',*,*,#7359,.F.);
#11888=ORIENTED_EDGE('',*,*,#7315,.F.);
#11889=ORIENTED_EDGE('',*,*,#11872,.F.);
#11890=EDGE_LOOP('',(#11883,#11884,#11886,#11887,#11888,#11889));
#11891=FACE_OUTER_BOUND('',#11890,.F.);
#11892=ADVANCED_FACE('',(#11891),#11882,.T.);
#11893=CARTESIAN_POINT('',(-1.256299423149E0,4.6E-1,8.5E-1));
#11894=DIRECTION('',(1.E0,0.E0,0.E0));
#11895=DIRECTION('',(0.E0,0.E0,-1.E0));
#11896=AXIS2_PLACEMENT_3D('',#11893,#11894,#11895);
#11897=CYLINDRICAL_SURFACE('',#11896,1.E-1);
#11898=ORIENTED_EDGE('',*,*,#7421,.F.);
#11899=ORIENTED_EDGE('',*,*,#7361,.F.);
#11900=ORIENTED_EDGE('',*,*,#11885,.F.);
#11901=ORIENTED_EDGE('',*,*,#7434,.F.);
#11902=EDGE_LOOP('',(#11898,#11899,#11900,#11901));
#11903=FACE_OUTER_BOUND('',#11902,.F.);
#11904=ADVANCED_FACE('',(#11903),#11897,.T.);
#11905=CARTESIAN_POINT('',(9.85E-1,4.6E-1,7.1E-1));
#11906=DIRECTION('',(1.E0,0.E0,0.E0));
#11907=DIRECTION('',(0.E0,0.E0,-1.E0));
#11908=AXIS2_PLACEMENT_3D('',#11905,#11906,#11907);
#11909=PLANE('',#11908);
#11910=ORIENTED_EDGE('',*,*,#11436,.F.);
#11911=ORIENTED_EDGE('',*,*,#8446,.T.);
#11912=ORIENTED_EDGE('',*,*,#10042,.T.);
#11914=ORIENTED_EDGE('',*,*,#11913,.F.);
#11915=EDGE_LOOP('',(#11910,#11911,#11912,#11914));
#11916=FACE_OUTER_BOUND('',#11915,.F.);
#11917=ADVANCED_FACE('',(#11916),#11909,.F.);
#11918=CARTESIAN_POINT('',(9.85E-1,4.6E-1,6.2E-1));
#11919=DIRECTION('',(0.E0,0.E0,1.E0));
#11920=DIRECTION('',(1.E0,0.E0,0.E0));
#11921=AXIS2_PLACEMENT_3D('',#11918,#11919,#11920);
#11922=PLANE('',#11921);
#11923=ORIENTED_EDGE('',*,*,#11438,.F.);
#11924=ORIENTED_EDGE('',*,*,#11913,.T.);
#11925=ORIENTED_EDGE('',*,*,#10040,.T.);
#11926=ORIENTED_EDGE('',*,*,#7809,.F.);
#11927=EDGE_LOOP('',(#11923,#11924,#11925,#11926));
#11928=FACE_OUTER_BOUND('',#11927,.F.);
#11929=ADVANCED_FACE('',(#11928),#11922,.F.);
#11930=CARTESIAN_POINT('',(1.02E0,4.4E-1,7.4E-1));
#11931=DIRECTION('',(0.E0,0.E0,1.E0));
#11932=DIRECTION('',(1.E0,0.E0,0.E0));
#11933=AXIS2_PLACEMENT_3D('',#11930,#11931,#11932);
#11934=PLANE('',#11933);
#11936=ORIENTED_EDGE('',*,*,#11935,.F.);
#11938=ORIENTED_EDGE('',*,*,#11937,.F.);
#11940=ORIENTED_EDGE('',*,*,#11939,.F.);
#11941=ORIENTED_EDGE('',*,*,#7604,.F.);
#11943=ORIENTED_EDGE('',*,*,#11942,.F.);
#11945=ORIENTED_EDGE('',*,*,#11944,.T.);
#11946=ORIENTED_EDGE('',*,*,#11441,.T.);
#11947=ORIENTED_EDGE('',*,*,#7805,.F.);
#11948=ORIENTED_EDGE('',*,*,#7650,.F.);
#11949=EDGE_LOOP('',(#11936,#11938,#11940,#11941,#11943,#11945,#11946,#11947,
#11948));
#11950=FACE_OUTER_BOUND('',#11949,.F.);
#11951=ADVANCED_FACE('',(#11950),#11934,.F.);
#11952=CARTESIAN_POINT('',(1.438799423149E0,5.E-1,7.7E-1));
#11953=DIRECTION('',(8.E-1,0.E0,-6.E-1));
#11954=DIRECTION('',(-6.E-1,0.E0,-8.E-1));
#11955=AXIS2_PLACEMENT_3D('',#11952,#11953,#11954);
#11956=PLANE('',#11955);
#11957=ORIENTED_EDGE('',*,*,#7391,.T.);
#11959=ORIENTED_EDGE('',*,*,#11958,.F.);
#11961=ORIENTED_EDGE('',*,*,#11960,.T.);
#11963=ORIENTED_EDGE('',*,*,#11962,.T.);
#11965=ORIENTED_EDGE('',*,*,#11964,.F.);
#11967=ORIENTED_EDGE('',*,*,#11966,.T.);
#11968=ORIENTED_EDGE('',*,*,#11935,.T.);
#11969=ORIENTED_EDGE('',*,*,#7648,.T.);
#11970=EDGE_LOOP('',(#11957,#11959,#11961,#11963,#11965,#11967,#11968,#11969));
#11971=FACE_OUTER_BOUND('',#11970,.F.);
#11972=ADVANCED_FACE('',(#11971),#11956,.T.);
#11973=CARTESIAN_POINT('',(-6.919918851520E0,4.4E-1,8.5E-1));
#11974=DIRECTION('',(1.E0,0.E0,0.E0));
#11975=DIRECTION('',(0.E0,1.E0,0.E0));
#11976=AXIS2_PLACEMENT_3D('',#11973,#11974,#11975);
#11977=CYLINDRICAL_SURFACE('',#11976,1.2E-1);
#11978=ORIENTED_EDGE('',*,*,#11958,.T.);
#11979=ORIENTED_EDGE('',*,*,#7389,.T.);
#11981=ORIENTED_EDGE('',*,*,#11980,.T.);
#11982=ORIENTED_EDGE('',*,*,#7043,.F.);
#11984=ORIENTED_EDGE('',*,*,#11983,.T.);
#11986=ORIENTED_EDGE('',*,*,#11985,.T.);
#11987=EDGE_LOOP('',(#11978,#11979,#11981,#11982,#11984,#11986));
#11988=FACE_OUTER_BOUND('',#11987,.F.);
#11989=ADVANCED_FACE('',(#11988),#11977,.T.);
#11990=CARTESIAN_POINT('',(1.525E0,5.6E-1,8.8E-1));
#11991=DIRECTION('',(-1.E0,0.E0,0.E0));
#11992=DIRECTION('',(0.E0,-1.E0,0.E0));
#11993=AXIS2_PLACEMENT_3D('',#11990,#11991,#11992);
#11994=PLANE('',#11993);
#11995=ORIENTED_EDGE('',*,*,#7387,.T.);
#11996=ORIENTED_EDGE('',*,*,#7645,.T.);
#11997=ORIENTED_EDGE('',*,*,#11980,.F.);
#11998=EDGE_LOOP('',(#11995,#11996,#11997));
#11999=FACE_OUTER_BOUND('',#11998,.F.);
#12000=ADVANCED_FACE('',(#11999),#11994,.F.);
#12001=CARTESIAN_POINT('',(1.156299423149E0,4.766450999949E-1,8.65E-1));
#12002=DIRECTION('',(-7.241379310345E-1,0.E0,6.896551724138E-1));
#12003=DIRECTION('',(6.896551724138E-1,0.E0,7.241379310345E-1));
#12004=AXIS2_PLACEMENT_3D('',#12001,#12002,#12003);
#12005=PLANE('',#12004);
#12006=ORIENTED_EDGE('',*,*,#11983,.F.);
#12008=ORIENTED_EDGE('',*,*,#12007,.T.);
#12009=ORIENTED_EDGE('',*,*,#7598,.T.);
#12011=ORIENTED_EDGE('',*,*,#12010,.T.);
#12013=ORIENTED_EDGE('',*,*,#12012,.T.);
#12015=ORIENTED_EDGE('',*,*,#12014,.T.);
#12016=EDGE_LOOP('',(#12006,#12008,#12009,#12011,#12013,#12015));
#12017=FACE_OUTER_BOUND('',#12016,.F.);
#12018=ADVANCED_FACE('',(#12017),#12005,.T.);
#12019=CARTESIAN_POINT('',(1.02E0,4.4E-1,1.E0));
#12020=DIRECTION('',(0.E0,-1.E0,0.E0));
#12021=DIRECTION('',(1.E0,0.E0,0.E0));
#12022=AXIS2_PLACEMENT_3D('',#12019,#12020,#12021);
#12023=PLANE('',#12022);
#12024=ORIENTED_EDGE('',*,*,#12007,.F.);
#12026=ORIENTED_EDGE('',*,*,#12025,.T.);
#12027=ORIENTED_EDGE('',*,*,#8722,.F.);
#12028=EDGE_LOOP('',(#12024,#12026,#12027));
#12029=FACE_OUTER_BOUND('',#12028,.F.);
#12030=ADVANCED_FACE('',(#12029),#12023,.T.);
#12031=CARTESIAN_POINT('',(1.256299423149E0,3.95E-1,-8.8E-1));
#12032=DIRECTION('',(-1.E0,0.E0,0.E0));
#12033=DIRECTION('',(0.E0,1.E0,0.E0));
#12034=AXIS2_PLACEMENT_3D('',#12031,#12032,#12033);
#12035=PLANE('',#12034);
#12036=ORIENTED_EDGE('',*,*,#7491,.T.);
#12038=ORIENTED_EDGE('',*,*,#12037,.T.);
#12039=ORIENTED_EDGE('',*,*,#8268,.T.);
#12041=ORIENTED_EDGE('',*,*,#12040,.T.);
#12042=EDGE_LOOP('',(#12036,#12038,#12039,#12041));
#12043=FACE_OUTER_BOUND('',#12042,.F.);
#12044=ADVANCED_FACE('',(#12043),#12035,.T.);
#12045=CARTESIAN_POINT('',(1.256299423149E0,3.95E-1,-8.8E-1));
#12046=DIRECTION('',(-1.E0,0.E0,0.E0));
#12047=DIRECTION('',(0.E0,1.E0,0.E0));
#12048=AXIS2_PLACEMENT_3D('',#12045,#12046,#12047);
#12049=PLANE('',#12048);
#12050=ORIENTED_EDGE('',*,*,#7041,.T.);
#12052=ORIENTED_EDGE('',*,*,#12051,.T.);
#12053=ORIENTED_EDGE('',*,*,#8724,.F.);
#12054=ORIENTED_EDGE('',*,*,#12025,.F.);
#12055=EDGE_LOOP('',(#12050,#12052,#12053,#12054));
#12056=FACE_OUTER_BOUND('',#12055,.F.);
#12057=ADVANCED_FACE('',(#12056),#12049,.T.);
#12058=CARTESIAN_POINT('',(1.02E0,4.4E-1,1.E0));
#12059=DIRECTION('',(0.E0,-1.E0,0.E0));
#12060=DIRECTION('',(1.E0,0.E0,0.E0));
#12061=AXIS2_PLACEMENT_3D('',#12058,#12059,#12060);
#12062=PLANE('',#12061);
#12063=ORIENTED_EDGE('',*,*,#7680,.F.);
#12064=ORIENTED_EDGE('',*,*,#8270,.F.);
#12065=ORIENTED_EDGE('',*,*,#12037,.F.);
#12066=EDGE_LOOP('',(#12063,#12064,#12065));
#12067=FACE_OUTER_BOUND('',#12066,.F.);
#12068=ADVANCED_FACE('',(#12067),#12062,.T.);
#12069=CARTESIAN_POINT('',(1.101299423149E0,2.4E-1,-8.8E-1));
#12070=DIRECTION('',(-7.071067811865E-1,7.071067811865E-1,0.E0));
#12071=DIRECTION('',(7.071067811865E-1,7.071067811865E-1,0.E0));
#12072=AXIS2_PLACEMENT_3D('',#12069,#12070,#12071);
#12073=PLANE('',#12072);
#12074=ORIENTED_EDGE('',*,*,#8266,.F.);
#12076=ORIENTED_EDGE('',*,*,#12075,.T.);
#12077=ORIENTED_EDGE('',*,*,#7493,.T.);
#12078=ORIENTED_EDGE('',*,*,#12040,.F.);
#12079=EDGE_LOOP('',(#12074,#12076,#12077,#12078));
#12080=FACE_OUTER_BOUND('',#12079,.F.);
#12081=ADVANCED_FACE('',(#12080),#12073,.T.);
#12082=CARTESIAN_POINT('',(9.8E-1,2.4E-1,-8.8E-1));
#12083=DIRECTION('',(0.E0,1.E0,0.E0));
#12084=DIRECTION('',(1.E0,0.E0,0.E0));
#12085=AXIS2_PLACEMENT_3D('',#12082,#12083,#12084);
#12086=PLANE('',#12085);
#12087=ORIENTED_EDGE('',*,*,#8264,.F.);
#12088=ORIENTED_EDGE('',*,*,#8673,.T.);
#12089=ORIENTED_EDGE('',*,*,#7495,.T.);
#12090=ORIENTED_EDGE('',*,*,#12075,.F.);
#12091=EDGE_LOOP('',(#12087,#12088,#12089,#12090));
#12092=FACE_OUTER_BOUND('',#12091,.F.);
#12093=ADVANCED_FACE('',(#12092),#12086,.T.);
#12094=CARTESIAN_POINT('',(1.101299423149E0,2.4E-1,8.8E-1));
#12095=DIRECTION('',(7.071067811865E-1,-7.071067811865E-1,0.E0));
#12096=DIRECTION('',(7.071067811865E-1,7.071067811865E-1,0.E0));
#12097=AXIS2_PLACEMENT_3D('',#12094,#12095,#12096);
#12098=PLANE('',#12097);
#12100=ORIENTED_EDGE('',*,*,#12099,.F.);
#12101=ORIENTED_EDGE('',*,*,#8726,.T.);
#12102=ORIENTED_EDGE('',*,*,#12051,.F.);
#12103=ORIENTED_EDGE('',*,*,#7039,.F.);
#12104=EDGE_LOOP('',(#12100,#12101,#12102,#12103));
#12105=FACE_OUTER_BOUND('',#12104,.F.);
#12106=ADVANCED_FACE('',(#12105),#12098,.F.);
#12107=CARTESIAN_POINT('',(9.8E-1,2.4E-1,8.8E-1));
#12108=DIRECTION('',(0.E0,-1.E0,0.E0));
#12109=DIRECTION('',(1.E0,0.E0,0.E0));
#12110=AXIS2_PLACEMENT_3D('',#12107,#12108,#12109);
#12111=PLANE('',#12110);
#12112=ORIENTED_EDGE('',*,*,#8660,.F.);
#12113=ORIENTED_EDGE('',*,*,#8728,.T.);
#12114=ORIENTED_EDGE('',*,*,#12099,.T.);
#12115=ORIENTED_EDGE('',*,*,#7037,.F.);
#12116=EDGE_LOOP('',(#12112,#12113,#12114,#12115));
#12117=FACE_OUTER_BOUND('',#12116,.F.);
#12118=ADVANCED_FACE('',(#12117),#12111,.F.);
#12119=CARTESIAN_POINT('',(1.056299423149E0,0.E0,-8.8E-1));
#12120=DIRECTION('',(1.E0,0.E0,0.E0));
#12121=DIRECTION('',(0.E0,0.E0,-1.E0));
#12122=AXIS2_PLACEMENT_3D('',#12119,#12120,#12121);
#12123=PLANE('',#12122);
#12124=ORIENTED_EDGE('',*,*,#7677,.F.);
#12126=ORIENTED_EDGE('',*,*,#12125,.T.);
#12128=ORIENTED_EDGE('',*,*,#12127,.T.);
#12130=ORIENTED_EDGE('',*,*,#12129,.T.);
#12131=ORIENTED_EDGE('',*,*,#7772,.F.);
#12132=ORIENTED_EDGE('',*,*,#7582,.T.);
#12133=EDGE_LOOP('',(#12124,#12126,#12128,#12130,#12131,#12132));
#12134=FACE_OUTER_BOUND('',#12133,.F.);
#12135=ADVANCED_FACE('',(#12134),#12123,.F.);
#12136=CARTESIAN_POINT('',(1.056299423149E0,0.E0,-8.8E-1));
#12137=DIRECTION('',(1.E0,0.E0,0.E0));
#12138=DIRECTION('',(0.E0,0.E0,-1.E0));
#12139=AXIS2_PLACEMENT_3D('',#12136,#12137,#12138);
#12140=PLANE('',#12139);
#12141=ORIENTED_EDGE('',*,*,#12010,.F.);
#12142=ORIENTED_EDGE('',*,*,#7606,.T.);
#12143=ORIENTED_EDGE('',*,*,#11939,.T.);
#12145=ORIENTED_EDGE('',*,*,#12144,.T.);
#12147=ORIENTED_EDGE('',*,*,#12146,.T.);
#12149=ORIENTED_EDGE('',*,*,#12148,.T.);
#12150=EDGE_LOOP('',(#12141,#12142,#12143,#12145,#12147,#12149));
#12151=FACE_OUTER_BOUND('',#12150,.F.);
#12152=ADVANCED_FACE('',(#12151),#12140,.F.);
#12153=CARTESIAN_POINT('',(1.256299423149E0,5.339328623168E-1,
-7.826655224298E-1));
#12154=DIRECTION('',(0.E0,-7.393286231677E-1,-6.733447757019E-1));
#12155=DIRECTION('',(0.E0,-6.733447757019E-1,7.393286231677E-1));
#12156=AXIS2_PLACEMENT_3D('',#12153,#12154,#12155);
#12157=PLANE('',#12156);
#12158=ORIENTED_EDGE('',*,*,#12125,.F.);
#12159=ORIENTED_EDGE('',*,*,#7675,.F.);
#12160=ORIENTED_EDGE('',*,*,#7692,.F.);
#12161=ORIENTED_EDGE('',*,*,#7714,.F.);
#12163=ORIENTED_EDGE('',*,*,#12162,.T.);
#12165=ORIENTED_EDGE('',*,*,#12164,.T.);
#12166=EDGE_LOOP('',(#12158,#12159,#12160,#12161,#12163,#12165));
#12167=FACE_OUTER_BOUND('',#12166,.F.);
#12168=ADVANCED_FACE('',(#12167),#12157,.F.);
#12169=CARTESIAN_POINT('',(1.356299423149E0,0.E0,-8.8E-1));
#12170=DIRECTION('',(1.E0,0.E0,0.E0));
#12171=DIRECTION('',(0.E0,0.E0,-1.E0));
#12172=AXIS2_PLACEMENT_3D('',#12169,#12170,#12171);
#12173=PLANE('',#12172);
#12174=ORIENTED_EDGE('',*,*,#11964,.T.);
#12176=ORIENTED_EDGE('',*,*,#12175,.F.);
#12178=ORIENTED_EDGE('',*,*,#12177,.F.);
#12180=ORIENTED_EDGE('',*,*,#12179,.F.);
#12181=EDGE_LOOP('',(#12174,#12176,#12178,#12180));
#12182=FACE_OUTER_BOUND('',#12181,.F.);
#12183=ADVANCED_FACE('',(#12182),#12173,.T.);
#12184=CARTESIAN_POINT('',(1.356299423149E0,0.E0,-8.8E-1));
#12185=DIRECTION('',(1.E0,0.E0,0.E0));
#12186=DIRECTION('',(0.E0,0.E0,-1.E0));
#12187=AXIS2_PLACEMENT_3D('',#12184,#12185,#12186);
#12188=PLANE('',#12187);
#12189=ORIENTED_EDGE('',*,*,#7712,.F.);
#12191=ORIENTED_EDGE('',*,*,#12190,.F.);
#12193=ORIENTED_EDGE('',*,*,#12192,.F.);
#12194=ORIENTED_EDGE('',*,*,#12162,.F.);
#12195=EDGE_LOOP('',(#12189,#12191,#12193,#12194));
#12196=FACE_OUTER_BOUND('',#12195,.F.);
#12197=ADVANCED_FACE('',(#12196),#12188,.T.);
#12198=CARTESIAN_POINT('',(1.256299423149E0,4.04E-1,6.4E-1));
#12199=DIRECTION('',(0.E0,-7.393286231677E-1,6.733447757019E-1));
#12200=DIRECTION('',(0.E0,6.733447757019E-1,7.393286231677E-1));
#12201=AXIS2_PLACEMENT_3D('',#12198,#12199,#12200);
#12202=PLANE('',#12201);
#12204=ORIENTED_EDGE('',*,*,#12203,.F.);
#12205=ORIENTED_EDGE('',*,*,#12012,.F.);
#12206=ORIENTED_EDGE('',*,*,#12148,.F.);
#12208=ORIENTED_EDGE('',*,*,#12207,.F.);
#12209=ORIENTED_EDGE('',*,*,#12175,.T.);
#12210=ORIENTED_EDGE('',*,*,#11962,.F.);
#12211=EDGE_LOOP('',(#12204,#12205,#12206,#12208,#12209,#12210));
#12212=FACE_OUTER_BOUND('',#12211,.F.);
#12213=ADVANCED_FACE('',(#12212),#12202,.F.);
#12214=CARTESIAN_POINT('',(1.256299423149E0,4.6E-1,8.5E-1));
#12215=DIRECTION('',(1.E0,0.E0,0.E0));
#12216=DIRECTION('',(0.E0,0.E0,-1.E0));
#12217=AXIS2_PLACEMENT_3D('',#12214,#12215,#12216);
#12218=CYLINDRICAL_SURFACE('',#12217,1.E-1);
#12219=ORIENTED_EDGE('',*,*,#11985,.F.);
#12220=ORIENTED_EDGE('',*,*,#12014,.F.);
#12221=ORIENTED_EDGE('',*,*,#12203,.T.);
#12222=ORIENTED_EDGE('',*,*,#11960,.F.);
#12223=EDGE_LOOP('',(#12219,#12220,#12221,#12222));
#12224=FACE_OUTER_BOUND('',#12223,.F.);
#12225=ADVANCED_FACE('',(#12224),#12218,.T.);
#12226=CARTESIAN_POINT('',(1.256299423149E0,3.2E-1,6.4E-1));
#12227=DIRECTION('',(0.E0,0.E0,1.E0));
#12228=DIRECTION('',(0.E0,1.E0,0.E0));
#12229=AXIS2_PLACEMENT_3D('',#12226,#12227,#12228);
#12230=PLANE('',#12229);
#12231=ORIENTED_EDGE('',*,*,#12207,.T.);
#12232=ORIENTED_EDGE('',*,*,#12146,.F.);
#12234=ORIENTED_EDGE('',*,*,#12233,.T.);
#12235=ORIENTED_EDGE('',*,*,#12177,.T.);
#12236=EDGE_LOOP('',(#12231,#12232,#12234,#12235));
#12237=FACE_OUTER_BOUND('',#12236,.F.);
#12238=ADVANCED_FACE('',(#12237),#12230,.F.);
#12239=CARTESIAN_POINT('',(1.256299423149E0,3.2E-1,9.7E-1));
#12240=DIRECTION('',(0.E0,1.E0,0.E0));
#12241=DIRECTION('',(0.E0,0.E0,-1.E0));
#12242=AXIS2_PLACEMENT_3D('',#12239,#12240,#12241);
#12243=PLANE('',#12242);
#12244=ORIENTED_EDGE('',*,*,#11937,.T.);
#12245=ORIENTED_EDGE('',*,*,#11966,.F.);
#12246=ORIENTED_EDGE('',*,*,#12179,.T.);
#12247=ORIENTED_EDGE('',*,*,#12233,.F.);
#12248=ORIENTED_EDGE('',*,*,#12144,.F.);
#12249=EDGE_LOOP('',(#12244,#12245,#12246,#12247,#12248));
#12250=FACE_OUTER_BOUND('',#12249,.F.);
#12251=ADVANCED_FACE('',(#12250),#12243,.F.);
#12252=CARTESIAN_POINT('',(1.256299423149E0,3.2E-1,-6.4E-1));
#12253=DIRECTION('',(0.E0,1.E0,0.E0));
#12254=DIRECTION('',(0.E0,0.E0,-1.E0));
#12255=AXIS2_PLACEMENT_3D('',#12252,#12253,#12254);
#12256=PLANE('',#12255);
#12257=ORIENTED_EDGE('',*,*,#12190,.T.);
#12258=ORIENTED_EDGE('',*,*,#7710,.F.);
#12259=ORIENTED_EDGE('',*,*,#7774,.T.);
#12260=ORIENTED_EDGE('',*,*,#12129,.F.);
#12262=ORIENTED_EDGE('',*,*,#12261,.T.);
#12263=EDGE_LOOP('',(#12257,#12258,#12259,#12260,#12262));
#12264=FACE_OUTER_BOUND('',#12263,.F.);
#12265=ADVANCED_FACE('',(#12264),#12256,.F.);
#12266=CARTESIAN_POINT('',(1.256299423149E0,4.04E-1,-6.4E-1));
#12267=DIRECTION('',(0.E0,0.E0,-1.E0));
#12268=DIRECTION('',(0.E0,-1.E0,0.E0));
#12269=AXIS2_PLACEMENT_3D('',#12266,#12267,#12268);
#12270=PLANE('',#12269);
#12271=ORIENTED_EDGE('',*,*,#12261,.F.);
#12272=ORIENTED_EDGE('',*,*,#12127,.F.);
#12273=ORIENTED_EDGE('',*,*,#12164,.F.);
#12274=ORIENTED_EDGE('',*,*,#12192,.T.);
#12275=EDGE_LOOP('',(#12271,#12272,#12273,#12274));
#12276=FACE_OUTER_BOUND('',#12275,.F.);
#12277=ADVANCED_FACE('',(#12276),#12270,.F.);
#12278=CARTESIAN_POINT('',(1.02E0,3.4E-1,1.E0));
#12279=DIRECTION('',(1.E0,0.E0,0.E0));
#12280=DIRECTION('',(0.E0,1.E0,0.E0));
#12281=AXIS2_PLACEMENT_3D('',#12278,#12279,#12280);
#12282=PLANE('',#12281);
#12283=ORIENTED_EDGE('',*,*,#7769,.F.);
#12284=ORIENTED_EDGE('',*,*,#8496,.T.);
#12285=ORIENTED_EDGE('',*,*,#8258,.T.);
#12286=ORIENTED_EDGE('',*,*,#7586,.F.);
#12287=EDGE_LOOP('',(#12283,#12284,#12285,#12286));
#12288=FACE_OUTER_BOUND('',#12287,.F.);
#12289=ADVANCED_FACE('',(#12288),#12282,.F.);
#12290=CARTESIAN_POINT('',(1.02E0,3.4E-1,1.E0));
#12291=DIRECTION('',(1.E0,0.E0,0.E0));
#12292=DIRECTION('',(0.E0,1.E0,0.E0));
#12293=AXIS2_PLACEMENT_3D('',#12290,#12291,#12292);
#12294=PLANE('',#12293);
#12295=ORIENTED_EDGE('',*,*,#11942,.T.);
#12296=ORIENTED_EDGE('',*,*,#7602,.F.);
#12297=ORIENTED_EDGE('',*,*,#8732,.F.);
#12298=ORIENTED_EDGE('',*,*,#8515,.T.);
#12299=EDGE_LOOP('',(#12295,#12296,#12297,#12298));
#12300=FACE_OUTER_BOUND('',#12299,.F.);
#12301=ADVANCED_FACE('',(#12300),#12294,.F.);
#12302=CARTESIAN_POINT('',(1.02E0,4.4E-1,7.1E-1));
#12303=DIRECTION('',(-1.E0,0.E0,0.E0));
#12304=DIRECTION('',(0.E0,0.E0,1.E0));
#12305=AXIS2_PLACEMENT_3D('',#12302,#12303,#12304);
#12306=PLANE('',#12305);
#12307=ORIENTED_EDGE('',*,*,#8513,.F.);
#12308=ORIENTED_EDGE('',*,*,#8450,.T.);
#12309=ORIENTED_EDGE('',*,*,#11443,.T.);
#12310=ORIENTED_EDGE('',*,*,#11944,.F.);
#12311=EDGE_LOOP('',(#12307,#12308,#12309,#12310));
#12312=FACE_OUTER_BOUND('',#12311,.F.);
#12313=ADVANCED_FACE('',(#12312),#12306,.F.);
#12314=CARTESIAN_POINT('',(1.47E0,4.6E-1,-6.2E-1));
#12315=DIRECTION('',(0.E0,0.E0,-1.E0));
#12316=DIRECTION('',(-1.E0,0.E0,0.E0));
#12317=AXIS2_PLACEMENT_3D('',#12314,#12315,#12316);
#12318=PLANE('',#12317);
#12319=ORIENTED_EDGE('',*,*,#11454,.F.);
#12320=ORIENTED_EDGE('',*,*,#7788,.T.);
#12321=ORIENTED_EDGE('',*,*,#10084,.T.);
#12323=ORIENTED_EDGE('',*,*,#12322,.F.);
#12324=EDGE_LOOP('',(#12319,#12320,#12321,#12323));
#12325=FACE_OUTER_BOUND('',#12324,.F.);
#12326=ADVANCED_FACE('',(#12325),#12318,.F.);
#12327=CARTESIAN_POINT('',(9.85E-1,4.6E-1,-6.2E-1));
#12328=DIRECTION('',(1.E0,0.E0,0.E0));
#12329=DIRECTION('',(0.E0,0.E0,-1.E0));
#12330=AXIS2_PLACEMENT_3D('',#12327,#12328,#12329);
#12331=PLANE('',#12330);
#12332=ORIENTED_EDGE('',*,*,#11456,.F.);
#12333=ORIENTED_EDGE('',*,*,#12322,.T.);
#12334=ORIENTED_EDGE('',*,*,#10082,.T.);
#12335=ORIENTED_EDGE('',*,*,#8537,.F.);
#12336=EDGE_LOOP('',(#12332,#12333,#12334,#12335));
#12337=FACE_OUTER_BOUND('',#12336,.F.);
#12338=ADVANCED_FACE('',(#12337),#12331,.F.);
#12339=CARTESIAN_POINT('',(1.02E0,4.4E-1,-7.4E-1));
#12340=DIRECTION('',(-1.E0,0.E0,0.E0));
#12341=DIRECTION('',(0.E0,0.E0,1.E0));
#12342=AXIS2_PLACEMENT_3D('',#12339,#12340,#12341);
#12343=PLANE('',#12342);
#12344=ORIENTED_EDGE('',*,*,#8498,.F.);
#12345=ORIENTED_EDGE('',*,*,#7767,.T.);
#12346=ORIENTED_EDGE('',*,*,#11459,.T.);
#12347=ORIENTED_EDGE('',*,*,#8533,.F.);
#12348=EDGE_LOOP('',(#12344,#12345,#12346,#12347));
#12349=FACE_OUTER_BOUND('',#12348,.F.);
#12350=ADVANCED_FACE('',(#12349),#12343,.F.);
#12351=CARTESIAN_POINT('',(7.E-1,0.E0,7.55E-1));
#12352=DIRECTION('',(1.E0,0.E0,0.E0));
#12353=DIRECTION('',(0.E0,0.E0,1.E0));
#12354=AXIS2_PLACEMENT_3D('',#12351,#12352,#12353);
#12355=PLANE('',#12354);
#12356=ORIENTED_EDGE('',*,*,#6715,.F.);
#12358=ORIENTED_EDGE('',*,*,#12357,.T.);
#12359=ORIENTED_EDGE('',*,*,#9791,.T.);
#12360=ORIENTED_EDGE('',*,*,#8701,.F.);
#12361=EDGE_LOOP('',(#12356,#12358,#12359,#12360));
#12362=FACE_OUTER_BOUND('',#12361,.F.);
#12363=ADVANCED_FACE('',(#12362),#12355,.F.);
#12364=CARTESIAN_POINT('',(-7.E-1,0.E0,7.55E-1));
#12365=DIRECTION('',(0.E0,0.E0,-1.E0));
#12366=DIRECTION('',(1.E0,0.E0,0.E0));
#12367=AXIS2_PLACEMENT_3D('',#12364,#12365,#12366);
#12368=PLANE('',#12367);
#12369=ORIENTED_EDGE('',*,*,#6713,.F.);
#12371=ORIENTED_EDGE('',*,*,#12370,.T.);
#12372=ORIENTED_EDGE('',*,*,#9793,.T.);
#12373=ORIENTED_EDGE('',*,*,#12357,.F.);
#12374=EDGE_LOOP('',(#12369,#12371,#12372,#12373));
#12375=FACE_OUTER_BOUND('',#12374,.F.);
#12376=ADVANCED_FACE('',(#12375),#12368,.F.);
#12377=CARTESIAN_POINT('',(-7.E-1,0.E0,8.8E-1));
#12378=DIRECTION('',(-1.E0,0.E0,0.E0));
#12379=DIRECTION('',(0.E0,0.E0,-1.E0));
#12380=AXIS2_PLACEMENT_3D('',#12377,#12378,#12379);
#12381=PLANE('',#12380);
#12382=ORIENTED_EDGE('',*,*,#6711,.F.);
#12383=ORIENTED_EDGE('',*,*,#6805,.T.);
#12384=ORIENTED_EDGE('',*,*,#9795,.T.);
#12385=ORIENTED_EDGE('',*,*,#12370,.F.);
#12386=EDGE_LOOP('',(#12382,#12383,#12384,#12385));
#12387=FACE_OUTER_BOUND('',#12386,.F.);
#12388=ADVANCED_FACE('',(#12387),#12381,.F.);
#12389=CARTESIAN_POINT('',(-6.15E-1,1.E-1,9.E-1));
#12390=DIRECTION('',(1.E0,0.E0,0.E0));
#12391=DIRECTION('',(0.E0,0.E0,-1.E0));
#12392=AXIS2_PLACEMENT_3D('',#12389,#12390,#12391);
#12393=CYLINDRICAL_SURFACE('',#12392,1.2E-1);
#12395=ORIENTED_EDGE('',*,*,#12394,.F.);
#12397=ORIENTED_EDGE('',*,*,#12396,.T.);
#12399=ORIENTED_EDGE('',*,*,#12398,.T.);
#12400=ORIENTED_EDGE('',*,*,#9800,.F.);
#12401=EDGE_LOOP('',(#12395,#12397,#12399,#12400));
#12402=FACE_OUTER_BOUND('',#12401,.F.);
#12403=ADVANCED_FACE('',(#12402),#12393,.T.);
#12404=CARTESIAN_POINT('',(-5.75E-1,-2.E-2,7.75E-1));
#12405=DIRECTION('',(1.E0,0.E0,0.E0));
#12406=DIRECTION('',(0.E0,0.E0,1.E0));
#12407=AXIS2_PLACEMENT_3D('',#12404,#12405,#12406);
#12408=PLANE('',#12407);
#12410=ORIENTED_EDGE('',*,*,#12409,.T.);
#12412=ORIENTED_EDGE('',*,*,#12411,.T.);
#12414=ORIENTED_EDGE('',*,*,#12413,.T.);
#12416=ORIENTED_EDGE('',*,*,#12415,.T.);
#12417=ORIENTED_EDGE('',*,*,#12394,.T.);
#12418=ORIENTED_EDGE('',*,*,#9806,.T.);
#12420=ORIENTED_EDGE('',*,*,#12419,.F.);
#12422=ORIENTED_EDGE('',*,*,#12421,.T.);
#12423=EDGE_LOOP('',(#12410,#12412,#12414,#12416,#12417,#12418,#12420,#12422));
#12424=FACE_OUTER_BOUND('',#12423,.F.);
#12425=ADVANCED_FACE('',(#12424),#12408,.F.);
#12426=CARTESIAN_POINT('',(-6.15E-1,6.E-2,1.E0));
#12427=DIRECTION('',(0.E0,0.E0,1.E0));
#12428=DIRECTION('',(0.E0,-1.E0,0.E0));
#12429=AXIS2_PLACEMENT_3D('',#12426,#12427,#12428);
#12430=PLANE('',#12429);
#12431=ORIENTED_EDGE('',*,*,#12409,.F.);
#12433=ORIENTED_EDGE('',*,*,#12432,.T.);
#12435=ORIENTED_EDGE('',*,*,#12434,.T.);
#12437=ORIENTED_EDGE('',*,*,#12436,.F.);
#12438=EDGE_LOOP('',(#12431,#12433,#12435,#12437));
#12439=FACE_OUTER_BOUND('',#12438,.F.);
#12440=ADVANCED_FACE('',(#12439),#12430,.T.);
#12441=CARTESIAN_POINT('',(-6.15E-1,6.E-2,9.E-1));
#12442=DIRECTION('',(0.E0,1.E0,0.E0));
#12443=DIRECTION('',(0.E0,0.E0,1.E0));
#12444=AXIS2_PLACEMENT_3D('',#12441,#12442,#12443);
#12445=PLANE('',#12444);
#12446=ORIENTED_EDGE('',*,*,#12421,.F.);
#12448=ORIENTED_EDGE('',*,*,#12447,.T.);
#12450=ORIENTED_EDGE('',*,*,#12449,.T.);
#12451=ORIENTED_EDGE('',*,*,#12432,.F.);
#12452=EDGE_LOOP('',(#12446,#12448,#12450,#12451));
#12453=FACE_OUTER_BOUND('',#12452,.F.);
#12454=ADVANCED_FACE('',(#12453),#12445,.T.);
#12455=CARTESIAN_POINT('',(-6.15E-1,1.E-1,9.E-1));
#12456=DIRECTION('',(1.E0,0.E0,0.E0));
#12457=DIRECTION('',(0.E0,0.E0,-1.E0));
#12458=AXIS2_PLACEMENT_3D('',#12455,#12456,#12457);
#12459=CYLINDRICAL_SURFACE('',#12458,4.E-2);
#12460=ORIENTED_EDGE('',*,*,#12419,.T.);
#12461=ORIENTED_EDGE('',*,*,#9804,.T.);
#12463=ORIENTED_EDGE('',*,*,#12462,.F.);
#12464=ORIENTED_EDGE('',*,*,#12447,.F.);
#12465=EDGE_LOOP('',(#12460,#12461,#12463,#12464));
#12466=FACE_OUTER_BOUND('',#12465,.F.);
#12467=ADVANCED_FACE('',(#12466),#12459,.F.);
#12468=CARTESIAN_POINT('',(-4.75E-1,-2.E-2,1.E0));
#12469=DIRECTION('',(-1.E0,0.E0,0.E0));
#12470=DIRECTION('',(0.E0,0.E0,-1.E0));
#12471=AXIS2_PLACEMENT_3D('',#12468,#12469,#12470);
#12472=PLANE('',#12471);
#12473=ORIENTED_EDGE('',*,*,#12434,.F.);
#12474=ORIENTED_EDGE('',*,*,#12449,.F.);
#12475=ORIENTED_EDGE('',*,*,#12462,.T.);
#12476=ORIENTED_EDGE('',*,*,#9802,.T.);
#12477=ORIENTED_EDGE('',*,*,#12398,.F.);
#12479=ORIENTED_EDGE('',*,*,#12478,.F.);
#12481=ORIENTED_EDGE('',*,*,#12480,.F.);
#12483=ORIENTED_EDGE('',*,*,#12482,.F.);
#12484=EDGE_LOOP('',(#12473,#12474,#12475,#12476,#12477,#12479,#12481,#12483));
#12485=FACE_OUTER_BOUND('',#12484,.F.);
#12486=ADVANCED_FACE('',(#12485),#12472,.F.);
#12487=CARTESIAN_POINT('',(-6.15E-1,-2.E-2,9.6E-1));
#12488=DIRECTION('',(0.E0,-1.E0,0.E0));
#12489=DIRECTION('',(0.E0,0.E0,-1.E0));
#12490=AXIS2_PLACEMENT_3D('',#12487,#12488,#12489);
#12491=PLANE('',#12490);
#12492=ORIENTED_EDGE('',*,*,#12415,.F.);
#12494=ORIENTED_EDGE('',*,*,#12493,.T.);
#12495=ORIENTED_EDGE('',*,*,#12478,.T.);
#12496=ORIENTED_EDGE('',*,*,#12396,.F.);
#12497=EDGE_LOOP('',(#12492,#12494,#12495,#12496));
#12498=FACE_OUTER_BOUND('',#12497,.F.);
#12499=ADVANCED_FACE('',(#12498),#12491,.T.);
#12500=CARTESIAN_POINT('',(-6.15E-1,0.E0,9.8E-1));
#12501=DIRECTION('',(0.E0,-7.071067811865E-1,7.071067811866E-1));
#12502=DIRECTION('',(0.E0,-7.071067811866E-1,-7.071067811865E-1));
#12503=AXIS2_PLACEMENT_3D('',#12500,#12501,#12502);
#12504=PLANE('',#12503);
#12506=ORIENTED_EDGE('',*,*,#12505,.T.);
#12507=ORIENTED_EDGE('',*,*,#12480,.T.);
#12508=ORIENTED_EDGE('',*,*,#12493,.F.);
#12509=ORIENTED_EDGE('',*,*,#12413,.F.);
#12510=EDGE_LOOP('',(#12506,#12507,#12508,#12509));
#12511=FACE_OUTER_BOUND('',#12510,.F.);
#12512=ADVANCED_FACE('',(#12511),#12504,.T.);
#12513=CARTESIAN_POINT('',(-6.15E-1,0.E0,1.E0));
#12514=DIRECTION('',(0.E0,-1.E0,0.E0));
#12515=DIRECTION('',(0.E0,0.E0,-1.E0));
#12516=AXIS2_PLACEMENT_3D('',#12513,#12514,#12515);
#12517=PLANE('',#12516);
#12518=ORIENTED_EDGE('',*,*,#12411,.F.);
#12519=ORIENTED_EDGE('',*,*,#12436,.T.);
#12520=ORIENTED_EDGE('',*,*,#12482,.T.);
#12521=ORIENTED_EDGE('',*,*,#12505,.F.);
#12522=EDGE_LOOP('',(#12518,#12519,#12520,#12521));
#12523=FACE_OUTER_BOUND('',#12522,.F.);
#12524=ADVANCED_FACE('',(#12523),#12517,.T.);
#12525=CARTESIAN_POINT('',(-6.15E-1,1.E-1,-9.E-1));
#12526=DIRECTION('',(1.E0,0.E0,0.E0));
#12527=DIRECTION('',(0.E0,0.E0,-1.E0));
#12528=AXIS2_PLACEMENT_3D('',#12525,#12526,#12527);
#12529=CYLINDRICAL_SURFACE('',#12528,4.E-2);
#12531=ORIENTED_EDGE('',*,*,#12530,.T.);
#12533=ORIENTED_EDGE('',*,*,#12532,.T.);
#12535=ORIENTED_EDGE('',*,*,#12534,.F.);
#12536=ORIENTED_EDGE('',*,*,#9738,.F.);
#12537=EDGE_LOOP('',(#12531,#12533,#12535,#12536));
#12538=FACE_OUTER_BOUND('',#12537,.F.);
#12539=ADVANCED_FACE('',(#12538),#12529,.F.);
#12540=CARTESIAN_POINT('',(-5.75E-1,-2.E-2,-1.E0));
#12541=DIRECTION('',(1.E0,0.E0,0.E0));
#12542=DIRECTION('',(0.E0,0.E0,1.E0));
#12543=AXIS2_PLACEMENT_3D('',#12540,#12541,#12542);
#12544=PLANE('',#12543);
#12546=ORIENTED_EDGE('',*,*,#12545,.T.);
#12547=ORIENTED_EDGE('',*,*,#12530,.F.);
#12548=ORIENTED_EDGE('',*,*,#9744,.T.);
#12550=ORIENTED_EDGE('',*,*,#12549,.T.);
#12552=ORIENTED_EDGE('',*,*,#12551,.T.);
#12554=ORIENTED_EDGE('',*,*,#12553,.T.);
#12556=ORIENTED_EDGE('',*,*,#12555,.T.);
#12558=ORIENTED_EDGE('',*,*,#12557,.T.);
#12559=EDGE_LOOP('',(#12546,#12547,#12548,#12550,#12552,#12554,#12556,#12558));
#12560=FACE_OUTER_BOUND('',#12559,.F.);
#12561=ADVANCED_FACE('',(#12560),#12544,.F.);
#12562=CARTESIAN_POINT('',(-6.15E-1,6.E-2,-1.E0));
#12563=DIRECTION('',(0.E0,1.E0,0.E0));
#12564=DIRECTION('',(0.E0,0.E0,1.E0));
#12565=AXIS2_PLACEMENT_3D('',#12562,#12563,#12564);
#12566=PLANE('',#12565);
#12567=ORIENTED_EDGE('',*,*,#12545,.F.);
#12569=ORIENTED_EDGE('',*,*,#12568,.T.);
#12571=ORIENTED_EDGE('',*,*,#12570,.T.);
#12572=ORIENTED_EDGE('',*,*,#12532,.F.);
#12573=EDGE_LOOP('',(#12567,#12569,#12571,#12572));
#12574=FACE_OUTER_BOUND('',#12573,.F.);
#12575=ADVANCED_FACE('',(#12574),#12566,.T.);
#12576=CARTESIAN_POINT('',(-6.15E-1,0.E0,-1.E0));
#12577=DIRECTION('',(0.E0,0.E0,-1.E0));
#12578=DIRECTION('',(0.E0,1.E0,0.E0));
#12579=AXIS2_PLACEMENT_3D('',#12576,#12577,#12578);
#12580=PLANE('',#12579);
#12581=ORIENTED_EDGE('',*,*,#12557,.F.);
#12583=ORIENTED_EDGE('',*,*,#12582,.T.);
#12585=ORIENTED_EDGE('',*,*,#12584,.T.);
#12586=ORIENTED_EDGE('',*,*,#12568,.F.);
#12587=EDGE_LOOP('',(#12581,#12583,#12585,#12586));
#12588=FACE_OUTER_BOUND('',#12587,.F.);
#12589=ADVANCED_FACE('',(#12588),#12580,.T.);
#12590=CARTESIAN_POINT('',(-6.15E-1,0.E0,-9.8E-1));
#12591=DIRECTION('',(0.E0,-1.E0,0.E0));
#12592=DIRECTION('',(0.E0,0.E0,-1.E0));
#12593=AXIS2_PLACEMENT_3D('',#12590,#12591,#12592);
#12594=PLANE('',#12593);
#12595=ORIENTED_EDGE('',*,*,#12555,.F.);
#12597=ORIENTED_EDGE('',*,*,#12596,.T.);
#12599=ORIENTED_EDGE('',*,*,#12598,.T.);
#12600=ORIENTED_EDGE('',*,*,#12582,.F.);
#12601=EDGE_LOOP('',(#12595,#12597,#12599,#12600));
#12602=FACE_OUTER_BOUND('',#12601,.F.);
#12603=ADVANCED_FACE('',(#12602),#12594,.T.);
#12604=CARTESIAN_POINT('',(-6.15E-1,-2.E-2,-9.6E-1));
#12605=DIRECTION('',(0.E0,-7.071067811865E-1,-7.071067811866E-1));
#12606=DIRECTION('',(0.E0,7.071067811866E-1,-7.071067811865E-1));
#12607=AXIS2_PLACEMENT_3D('',#12604,#12605,#12606);
#12608=PLANE('',#12607);
#12609=ORIENTED_EDGE('',*,*,#12596,.F.);
#12610=ORIENTED_EDGE('',*,*,#12553,.F.);
#12612=ORIENTED_EDGE('',*,*,#12611,.T.);
#12614=ORIENTED_EDGE('',*,*,#12613,.T.);
#12615=EDGE_LOOP('',(#12609,#12610,#12612,#12614));
#12616=FACE_OUTER_BOUND('',#12615,.F.);
#12617=ADVANCED_FACE('',(#12616),#12608,.T.);
#12618=CARTESIAN_POINT('',(-6.15E-1,-2.E-2,-9.E-1));
#12619=DIRECTION('',(0.E0,-1.E0,0.E0));
#12620=DIRECTION('',(0.E0,0.E0,-1.E0));
#12621=AXIS2_PLACEMENT_3D('',#12618,#12619,#12620);
#12622=PLANE('',#12621);
#12623=ORIENTED_EDGE('',*,*,#12551,.F.);
#12625=ORIENTED_EDGE('',*,*,#12624,.T.);
#12627=ORIENTED_EDGE('',*,*,#12626,.T.);
#12628=ORIENTED_EDGE('',*,*,#12611,.F.);
#12629=EDGE_LOOP('',(#12623,#12625,#12627,#12628));
#12630=FACE_OUTER_BOUND('',#12629,.F.);
#12631=ADVANCED_FACE('',(#12630),#12622,.T.);
#12632=CARTESIAN_POINT('',(-6.15E-1,1.E-1,-9.E-1));
#12633=DIRECTION('',(1.E0,0.E0,0.E0));
#12634=DIRECTION('',(0.E0,0.E0,-1.E0));
#12635=AXIS2_PLACEMENT_3D('',#12632,#12633,#12634);
#12636=CYLINDRICAL_SURFACE('',#12635,1.2E-1);
#12637=ORIENTED_EDGE('',*,*,#12549,.F.);
#12638=ORIENTED_EDGE('',*,*,#9742,.T.);
#12640=ORIENTED_EDGE('',*,*,#12639,.T.);
#12641=ORIENTED_EDGE('',*,*,#12624,.F.);
#12642=EDGE_LOOP('',(#12637,#12638,#12640,#12641));
#12643=FACE_OUTER_BOUND('',#12642,.F.);
#12644=ADVANCED_FACE('',(#12643),#12636,.T.);
#12645=CARTESIAN_POINT('',(-4.75E-1,-2.E-2,-7.75E-1));
#12646=DIRECTION('',(-1.E0,0.E0,0.E0));
#12647=DIRECTION('',(0.E0,0.E0,-1.E0));
#12648=AXIS2_PLACEMENT_3D('',#12645,#12646,#12647);
#12649=PLANE('',#12648);
#12650=ORIENTED_EDGE('',*,*,#12570,.F.);
#12651=ORIENTED_EDGE('',*,*,#12584,.F.);
#12652=ORIENTED_EDGE('',*,*,#12598,.F.);
#12653=ORIENTED_EDGE('',*,*,#12613,.F.);
#12654=ORIENTED_EDGE('',*,*,#12626,.F.);
#12655=ORIENTED_EDGE('',*,*,#12639,.F.);
#12656=ORIENTED_EDGE('',*,*,#9740,.T.);
#12657=ORIENTED_EDGE('',*,*,#12534,.T.);
#12658=EDGE_LOOP('',(#12650,#12651,#12652,#12653,#12654,#12655,#12656,#12657));
#12659=FACE_OUTER_BOUND('',#12658,.F.);
#12660=ADVANCED_FACE('',(#12659),#12649,.F.);
#12661=CARTESIAN_POINT('',(-2.65E-1,1.E-1,9.E-1));
#12662=DIRECTION('',(1.E0,0.E0,0.E0));
#12663=DIRECTION('',(0.E0,0.E0,-1.E0));
#12664=AXIS2_PLACEMENT_3D('',#12661,#12662,#12663);
#12665=CYLINDRICAL_SURFACE('',#12664,1.2E-1);
#12667=ORIENTED_EDGE('',*,*,#12666,.F.);
#12669=ORIENTED_EDGE('',*,*,#12668,.T.);
#12671=ORIENTED_EDGE('',*,*,#12670,.T.);
#12672=ORIENTED_EDGE('',*,*,#9810,.F.);
#12673=EDGE_LOOP('',(#12667,#12669,#12671,#12672));
#12674=FACE_OUTER_BOUND('',#12673,.F.);
#12675=ADVANCED_FACE('',(#12674),#12665,.T.);
#12676=CARTESIAN_POINT('',(-2.25E-1,-2.E-2,7.75E-1));
#12677=DIRECTION('',(1.E0,0.E0,0.E0));
#12678=DIRECTION('',(0.E0,0.E0,1.E0));
#12679=AXIS2_PLACEMENT_3D('',#12676,#12677,#12678);
#12680=PLANE('',#12679);
#12682=ORIENTED_EDGE('',*,*,#12681,.T.);
#12684=ORIENTED_EDGE('',*,*,#12683,.T.);
#12686=ORIENTED_EDGE('',*,*,#12685,.T.);
#12688=ORIENTED_EDGE('',*,*,#12687,.T.);
#12689=ORIENTED_EDGE('',*,*,#12666,.T.);
#12690=ORIENTED_EDGE('',*,*,#9816,.T.);
#12692=ORIENTED_EDGE('',*,*,#12691,.F.);
#12694=ORIENTED_EDGE('',*,*,#12693,.T.);
#12695=EDGE_LOOP('',(#12682,#12684,#12686,#12688,#12689,#12690,#12692,#12694));
#12696=FACE_OUTER_BOUND('',#12695,.F.);
#12697=ADVANCED_FACE('',(#12696),#12680,.F.);
#12698=CARTESIAN_POINT('',(-2.65E-1,6.E-2,1.E0));
#12699=DIRECTION('',(0.E0,0.E0,1.E0));
#12700=DIRECTION('',(0.E0,-1.E0,0.E0));
#12701=AXIS2_PLACEMENT_3D('',#12698,#12699,#12700);
#12702=PLANE('',#12701);
#12703=ORIENTED_EDGE('',*,*,#12681,.F.);
#12705=ORIENTED_EDGE('',*,*,#12704,.T.);
#12707=ORIENTED_EDGE('',*,*,#12706,.T.);
#12709=ORIENTED_EDGE('',*,*,#12708,.F.);
#12710=EDGE_LOOP('',(#12703,#12705,#12707,#12709));
#12711=FACE_OUTER_BOUND('',#12710,.F.);
#12712=ADVANCED_FACE('',(#12711),#12702,.T.);
#12713=CARTESIAN_POINT('',(-2.65E-1,6.E-2,9.E-1));
#12714=DIRECTION('',(0.E0,1.E0,0.E0));
#12715=DIRECTION('',(0.E0,0.E0,1.E0));
#12716=AXIS2_PLACEMENT_3D('',#12713,#12714,#12715);
#12717=PLANE('',#12716);
#12718=ORIENTED_EDGE('',*,*,#12693,.F.);
#12720=ORIENTED_EDGE('',*,*,#12719,.T.);
#12722=ORIENTED_EDGE('',*,*,#12721,.T.);
#12723=ORIENTED_EDGE('',*,*,#12704,.F.);
#12724=EDGE_LOOP('',(#12718,#12720,#12722,#12723));
#12725=FACE_OUTER_BOUND('',#12724,.F.);
#12726=ADVANCED_FACE('',(#12725),#12717,.T.);
#12727=CARTESIAN_POINT('',(-2.65E-1,1.E-1,9.E-1));
#12728=DIRECTION('',(1.E0,0.E0,0.E0));
#12729=DIRECTION('',(0.E0,0.E0,-1.E0));
#12730=AXIS2_PLACEMENT_3D('',#12727,#12728,#12729);
#12731=CYLINDRICAL_SURFACE('',#12730,4.E-2);
#12732=ORIENTED_EDGE('',*,*,#12691,.T.);
#12733=ORIENTED_EDGE('',*,*,#9814,.T.);
#12735=ORIENTED_EDGE('',*,*,#12734,.F.);
#12736=ORIENTED_EDGE('',*,*,#12719,.F.);
#12737=EDGE_LOOP('',(#12732,#12733,#12735,#12736));
#12738=FACE_OUTER_BOUND('',#12737,.F.);
#12739=ADVANCED_FACE('',(#12738),#12731,.F.);
#12740=CARTESIAN_POINT('',(-1.25E-1,-2.E-2,1.E0));
#12741=DIRECTION('',(-1.E0,0.E0,0.E0));
#12742=DIRECTION('',(0.E0,0.E0,-1.E0));
#12743=AXIS2_PLACEMENT_3D('',#12740,#12741,#12742);
#12744=PLANE('',#12743);
#12745=ORIENTED_EDGE('',*,*,#12706,.F.);
#12746=ORIENTED_EDGE('',*,*,#12721,.F.);
#12747=ORIENTED_EDGE('',*,*,#12734,.T.);
#12748=ORIENTED_EDGE('',*,*,#9812,.T.);
#12749=ORIENTED_EDGE('',*,*,#12670,.F.);
#12751=ORIENTED_EDGE('',*,*,#12750,.F.);
#12753=ORIENTED_EDGE('',*,*,#12752,.F.);
#12755=ORIENTED_EDGE('',*,*,#12754,.F.);
#12756=EDGE_LOOP('',(#12745,#12746,#12747,#12748,#12749,#12751,#12753,#12755));
#12757=FACE_OUTER_BOUND('',#12756,.F.);
#12758=ADVANCED_FACE('',(#12757),#12744,.F.);
#12759=CARTESIAN_POINT('',(-2.65E-1,-2.E-2,9.6E-1));
#12760=DIRECTION('',(0.E0,-1.E0,0.E0));
#12761=DIRECTION('',(0.E0,0.E0,-1.E0));
#12762=AXIS2_PLACEMENT_3D('',#12759,#12760,#12761);
#12763=PLANE('',#12762);
#12764=ORIENTED_EDGE('',*,*,#12687,.F.);
#12766=ORIENTED_EDGE('',*,*,#12765,.T.);
#12767=ORIENTED_EDGE('',*,*,#12750,.T.);
#12768=ORIENTED_EDGE('',*,*,#12668,.F.);
#12769=EDGE_LOOP('',(#12764,#12766,#12767,#12768));
#12770=FACE_OUTER_BOUND('',#12769,.F.);
#12771=ADVANCED_FACE('',(#12770),#12763,.T.);
#12772=CARTESIAN_POINT('',(-2.65E-1,0.E0,9.8E-1));
#12773=DIRECTION('',(0.E0,-7.071067811865E-1,7.071067811866E-1));
#12774=DIRECTION('',(0.E0,-7.071067811866E-1,-7.071067811865E-1));
#12775=AXIS2_PLACEMENT_3D('',#12772,#12773,#12774);
#12776=PLANE('',#12775);
#12777=ORIENTED_EDGE('',*,*,#12685,.F.);
#12779=ORIENTED_EDGE('',*,*,#12778,.T.);
#12780=ORIENTED_EDGE('',*,*,#12752,.T.);
#12781=ORIENTED_EDGE('',*,*,#12765,.F.);
#12782=EDGE_LOOP('',(#12777,#12779,#12780,#12781));
#12783=FACE_OUTER_BOUND('',#12782,.F.);
#12784=ADVANCED_FACE('',(#12783),#12776,.T.);
#12785=CARTESIAN_POINT('',(-2.65E-1,0.E0,1.E0));
#12786=DIRECTION('',(0.E0,-1.E0,0.E0));
#12787=DIRECTION('',(0.E0,0.E0,-1.E0));
#12788=AXIS2_PLACEMENT_3D('',#12785,#12786,#12787);
#12789=PLANE('',#12788);
#12790=ORIENTED_EDGE('',*,*,#12683,.F.);
#12791=ORIENTED_EDGE('',*,*,#12708,.T.);
#12792=ORIENTED_EDGE('',*,*,#12754,.T.);
#12793=ORIENTED_EDGE('',*,*,#12778,.F.);
#12794=EDGE_LOOP('',(#12790,#12791,#12792,#12793));
#12795=FACE_OUTER_BOUND('',#12794,.F.);
#12796=ADVANCED_FACE('',(#12795),#12789,.T.);
#12797=CARTESIAN_POINT('',(-2.65E-1,1.E-1,-9.E-1));
#12798=DIRECTION('',(1.E0,0.E0,0.E0));
#12799=DIRECTION('',(0.E0,0.E0,-1.E0));
#12800=AXIS2_PLACEMENT_3D('',#12797,#12798,#12799);
#12801=CYLINDRICAL_SURFACE('',#12800,4.E-2);
#12803=ORIENTED_EDGE('',*,*,#12802,.T.);
#12805=ORIENTED_EDGE('',*,*,#12804,.T.);
#12807=ORIENTED_EDGE('',*,*,#12806,.F.);
#12808=ORIENTED_EDGE('',*,*,#9748,.F.);
#12809=EDGE_LOOP('',(#12803,#12805,#12807,#12808));
#12810=FACE_OUTER_BOUND('',#12809,.F.);
#12811=ADVANCED_FACE('',(#12810),#12801,.F.);
#12812=CARTESIAN_POINT('',(-2.25E-1,-2.E-2,-1.E0));
#12813=DIRECTION('',(1.E0,0.E0,0.E0));
#12814=DIRECTION('',(0.E0,0.E0,1.E0));
#12815=AXIS2_PLACEMENT_3D('',#12812,#12813,#12814);
#12816=PLANE('',#12815);
#12818=ORIENTED_EDGE('',*,*,#12817,.T.);
#12819=ORIENTED_EDGE('',*,*,#12802,.F.);
#12820=ORIENTED_EDGE('',*,*,#9754,.T.);
#12822=ORIENTED_EDGE('',*,*,#12821,.T.);
#12824=ORIENTED_EDGE('',*,*,#12823,.T.);
#12826=ORIENTED_EDGE('',*,*,#12825,.T.);
#12828=ORIENTED_EDGE('',*,*,#12827,.T.);
#12830=ORIENTED_EDGE('',*,*,#12829,.T.);
#12831=EDGE_LOOP('',(#12818,#12819,#12820,#12822,#12824,#12826,#12828,#12830));
#12832=FACE_OUTER_BOUND('',#12831,.F.);
#12833=ADVANCED_FACE('',(#12832),#12816,.F.);
#12834=CARTESIAN_POINT('',(-2.65E-1,6.E-2,-1.E0));
#12835=DIRECTION('',(0.E0,1.E0,0.E0));
#12836=DIRECTION('',(0.E0,0.E0,1.E0));
#12837=AXIS2_PLACEMENT_3D('',#12834,#12835,#12836);
#12838=PLANE('',#12837);
#12839=ORIENTED_EDGE('',*,*,#12817,.F.);
#12841=ORIENTED_EDGE('',*,*,#12840,.T.);
#12843=ORIENTED_EDGE('',*,*,#12842,.T.);
#12844=ORIENTED_EDGE('',*,*,#12804,.F.);
#12845=EDGE_LOOP('',(#12839,#12841,#12843,#12844));
#12846=FACE_OUTER_BOUND('',#12845,.F.);
#12847=ADVANCED_FACE('',(#12846),#12838,.T.);
#12848=CARTESIAN_POINT('',(-2.65E-1,0.E0,-1.E0));
#12849=DIRECTION('',(0.E0,0.E0,-1.E0));
#12850=DIRECTION('',(0.E0,1.E0,0.E0));
#12851=AXIS2_PLACEMENT_3D('',#12848,#12849,#12850);
#12852=PLANE('',#12851);
#12853=ORIENTED_EDGE('',*,*,#12829,.F.);
#12855=ORIENTED_EDGE('',*,*,#12854,.T.);
#12857=ORIENTED_EDGE('',*,*,#12856,.T.);
#12858=ORIENTED_EDGE('',*,*,#12840,.F.);
#12859=EDGE_LOOP('',(#12853,#12855,#12857,#12858));
#12860=FACE_OUTER_BOUND('',#12859,.F.);
#12861=ADVANCED_FACE('',(#12860),#12852,.T.);
#12862=CARTESIAN_POINT('',(-2.65E-1,0.E0,-9.8E-1));
#12863=DIRECTION('',(0.E0,-1.E0,0.E0));
#12864=DIRECTION('',(0.E0,0.E0,-1.E0));
#12865=AXIS2_PLACEMENT_3D('',#12862,#12863,#12864);
#12866=PLANE('',#12865);
#12867=ORIENTED_EDGE('',*,*,#12827,.F.);
#12869=ORIENTED_EDGE('',*,*,#12868,.T.);
#12871=ORIENTED_EDGE('',*,*,#12870,.T.);
#12872=ORIENTED_EDGE('',*,*,#12854,.F.);
#12873=EDGE_LOOP('',(#12867,#12869,#12871,#12872));
#12874=FACE_OUTER_BOUND('',#12873,.F.);
#12875=ADVANCED_FACE('',(#12874),#12866,.T.);
#12876=CARTESIAN_POINT('',(-2.65E-1,-2.E-2,-9.6E-1));
#12877=DIRECTION('',(0.E0,-7.071067811865E-1,-7.071067811866E-1));
#12878=DIRECTION('',(0.E0,7.071067811866E-1,-7.071067811865E-1));
#12879=AXIS2_PLACEMENT_3D('',#12876,#12877,#12878);
#12880=PLANE('',#12879);
#12881=ORIENTED_EDGE('',*,*,#12825,.F.);
#12883=ORIENTED_EDGE('',*,*,#12882,.T.);
#12885=ORIENTED_EDGE('',*,*,#12884,.T.);
#12886=ORIENTED_EDGE('',*,*,#12868,.F.);
#12887=EDGE_LOOP('',(#12881,#12883,#12885,#12886));
#12888=FACE_OUTER_BOUND('',#12887,.F.);
#12889=ADVANCED_FACE('',(#12888),#12880,.T.);
#12890=CARTESIAN_POINT('',(-2.65E-1,-2.E-2,-9.E-1));
#12891=DIRECTION('',(0.E0,-1.E0,0.E0));
#12892=DIRECTION('',(0.E0,0.E0,-1.E0));
#12893=AXIS2_PLACEMENT_3D('',#12890,#12891,#12892);
#12894=PLANE('',#12893);
#12895=ORIENTED_EDGE('',*,*,#12823,.F.);
#12897=ORIENTED_EDGE('',*,*,#12896,.T.);
#12899=ORIENTED_EDGE('',*,*,#12898,.T.);
#12900=ORIENTED_EDGE('',*,*,#12882,.F.);
#12901=EDGE_LOOP('',(#12895,#12897,#12899,#12900));
#12902=FACE_OUTER_BOUND('',#12901,.F.);
#12903=ADVANCED_FACE('',(#12902),#12894,.T.);
#12904=CARTESIAN_POINT('',(-2.65E-1,1.E-1,-9.E-1));
#12905=DIRECTION('',(1.E0,0.E0,0.E0));
#12906=DIRECTION('',(0.E0,0.E0,-1.E0));
#12907=AXIS2_PLACEMENT_3D('',#12904,#12905,#12906);
#12908=CYLINDRICAL_SURFACE('',#12907,1.2E-1);
#12909=ORIENTED_EDGE('',*,*,#12821,.F.);
#12910=ORIENTED_EDGE('',*,*,#9752,.T.);
#12912=ORIENTED_EDGE('',*,*,#12911,.T.);
#12913=ORIENTED_EDGE('',*,*,#12896,.F.);
#12914=EDGE_LOOP('',(#12909,#12910,#12912,#12913));
#12915=FACE_OUTER_BOUND('',#12914,.F.);
#12916=ADVANCED_FACE('',(#12915),#12908,.T.);
#12917=CARTESIAN_POINT('',(-1.25E-1,-2.E-2,-7.75E-1));
#12918=DIRECTION('',(-1.E0,0.E0,0.E0));
#12919=DIRECTION('',(0.E0,0.E0,-1.E0));
#12920=AXIS2_PLACEMENT_3D('',#12917,#12918,#12919);
#12921=PLANE('',#12920);
#12922=ORIENTED_EDGE('',*,*,#12842,.F.);
#12923=ORIENTED_EDGE('',*,*,#12856,.F.);
#12924=ORIENTED_EDGE('',*,*,#12870,.F.);
#12925=ORIENTED_EDGE('',*,*,#12884,.F.);
#12926=ORIENTED_EDGE('',*,*,#12898,.F.);
#12927=ORIENTED_EDGE('',*,*,#12911,.F.);
#12928=ORIENTED_EDGE('',*,*,#9750,.T.);
#12929=ORIENTED_EDGE('',*,*,#12806,.T.);
#12930=EDGE_LOOP('',(#12922,#12923,#12924,#12925,#12926,#12927,#12928,#12929));
#12931=FACE_OUTER_BOUND('',#12930,.F.);
#12932=ADVANCED_FACE('',(#12931),#12921,.F.);
#12933=CARTESIAN_POINT('',(8.5E-2,1.E-1,9.E-1));
#12934=DIRECTION('',(1.E0,0.E0,0.E0));
#12935=DIRECTION('',(0.E0,0.E0,-1.E0));
#12936=AXIS2_PLACEMENT_3D('',#12933,#12934,#12935);
#12937=CYLINDRICAL_SURFACE('',#12936,1.2E-1);
#12939=ORIENTED_EDGE('',*,*,#12938,.F.);
#12941=ORIENTED_EDGE('',*,*,#12940,.T.);
#12943=ORIENTED_EDGE('',*,*,#12942,.T.);
#12944=ORIENTED_EDGE('',*,*,#9820,.F.);
#12945=EDGE_LOOP('',(#12939,#12941,#12943,#12944));
#12946=FACE_OUTER_BOUND('',#12945,.F.);
#12947=ADVANCED_FACE('',(#12946),#12937,.T.);
#12948=CARTESIAN_POINT('',(1.25E-1,-2.E-2,7.75E-1));
#12949=DIRECTION('',(1.E0,0.E0,0.E0));
#12950=DIRECTION('',(0.E0,0.E0,1.E0));
#12951=AXIS2_PLACEMENT_3D('',#12948,#12949,#12950);
#12952=PLANE('',#12951);
#12954=ORIENTED_EDGE('',*,*,#12953,.T.);
#12956=ORIENTED_EDGE('',*,*,#12955,.T.);
#12958=ORIENTED_EDGE('',*,*,#12957,.T.);
#12960=ORIENTED_EDGE('',*,*,#12959,.T.);
#12961=ORIENTED_EDGE('',*,*,#12938,.T.);
#12962=ORIENTED_EDGE('',*,*,#9826,.T.);
#12964=ORIENTED_EDGE('',*,*,#12963,.F.);
#12966=ORIENTED_EDGE('',*,*,#12965,.T.);
#12967=EDGE_LOOP('',(#12954,#12956,#12958,#12960,#12961,#12962,#12964,#12966));
#12968=FACE_OUTER_BOUND('',#12967,.F.);
#12969=ADVANCED_FACE('',(#12968),#12952,.F.);
#12970=CARTESIAN_POINT('',(8.5E-2,6.E-2,1.E0));
#12971=DIRECTION('',(0.E0,0.E0,1.E0));
#12972=DIRECTION('',(0.E0,-1.E0,0.E0));
#12973=AXIS2_PLACEMENT_3D('',#12970,#12971,#12972);
#12974=PLANE('',#12973);
#12975=ORIENTED_EDGE('',*,*,#12953,.F.);
#12977=ORIENTED_EDGE('',*,*,#12976,.T.);
#12979=ORIENTED_EDGE('',*,*,#12978,.T.);
#12981=ORIENTED_EDGE('',*,*,#12980,.F.);
#12982=EDGE_LOOP('',(#12975,#12977,#12979,#12981));
#12983=FACE_OUTER_BOUND('',#12982,.F.);
#12984=ADVANCED_FACE('',(#12983),#12974,.T.);
#12985=CARTESIAN_POINT('',(8.5E-2,6.E-2,9.E-1));
#12986=DIRECTION('',(0.E0,1.E0,0.E0));
#12987=DIRECTION('',(0.E0,0.E0,1.E0));
#12988=AXIS2_PLACEMENT_3D('',#12985,#12986,#12987);
#12989=PLANE('',#12988);
#12990=ORIENTED_EDGE('',*,*,#12965,.F.);
#12992=ORIENTED_EDGE('',*,*,#12991,.T.);
#12994=ORIENTED_EDGE('',*,*,#12993,.T.);
#12995=ORIENTED_EDGE('',*,*,#12976,.F.);
#12996=EDGE_LOOP('',(#12990,#12992,#12994,#12995));
#12997=FACE_OUTER_BOUND('',#12996,.F.);
#12998=ADVANCED_FACE('',(#12997),#12989,.T.);
#12999=CARTESIAN_POINT('',(8.5E-2,1.E-1,9.E-1));
#13000=DIRECTION('',(1.E0,0.E0,0.E0));
#13001=DIRECTION('',(0.E0,0.E0,-1.E0));
#13002=AXIS2_PLACEMENT_3D('',#12999,#13000,#13001);
#13003=CYLINDRICAL_SURFACE('',#13002,4.E-2);
#13004=ORIENTED_EDGE('',*,*,#12963,.T.);
#13005=ORIENTED_EDGE('',*,*,#9824,.T.);
#13007=ORIENTED_EDGE('',*,*,#13006,.F.);
#13008=ORIENTED_EDGE('',*,*,#12991,.F.);
#13009=EDGE_LOOP('',(#13004,#13005,#13007,#13008));
#13010=FACE_OUTER_BOUND('',#13009,.F.);
#13011=ADVANCED_FACE('',(#13010),#13003,.F.);
#13012=CARTESIAN_POINT('',(2.25E-1,-2.E-2,1.E0));
#13013=DIRECTION('',(-1.E0,0.E0,0.E0));
#13014=DIRECTION('',(0.E0,0.E0,-1.E0));
#13015=AXIS2_PLACEMENT_3D('',#13012,#13013,#13014);
#13016=PLANE('',#13015);
#13017=ORIENTED_EDGE('',*,*,#12978,.F.);
#13018=ORIENTED_EDGE('',*,*,#12993,.F.);
#13019=ORIENTED_EDGE('',*,*,#13006,.T.);
#13020=ORIENTED_EDGE('',*,*,#9822,.T.);
#13021=ORIENTED_EDGE('',*,*,#12942,.F.);
#13023=ORIENTED_EDGE('',*,*,#13022,.F.);
#13025=ORIENTED_EDGE('',*,*,#13024,.F.);
#13027=ORIENTED_EDGE('',*,*,#13026,.F.);
#13028=EDGE_LOOP('',(#13017,#13018,#13019,#13020,#13021,#13023,#13025,#13027));
#13029=FACE_OUTER_BOUND('',#13028,.F.);
#13030=ADVANCED_FACE('',(#13029),#13016,.F.);
#13031=CARTESIAN_POINT('',(8.5E-2,-2.E-2,9.6E-1));
#13032=DIRECTION('',(0.E0,-1.E0,0.E0));
#13033=DIRECTION('',(0.E0,0.E0,-1.E0));
#13034=AXIS2_PLACEMENT_3D('',#13031,#13032,#13033);
#13035=PLANE('',#13034);
#13036=ORIENTED_EDGE('',*,*,#12959,.F.);
#13038=ORIENTED_EDGE('',*,*,#13037,.T.);
#13039=ORIENTED_EDGE('',*,*,#13022,.T.);
#13040=ORIENTED_EDGE('',*,*,#12940,.F.);
#13041=EDGE_LOOP('',(#13036,#13038,#13039,#13040));
#13042=FACE_OUTER_BOUND('',#13041,.F.);
#13043=ADVANCED_FACE('',(#13042),#13035,.T.);
#13044=CARTESIAN_POINT('',(8.5E-2,0.E0,9.8E-1));
#13045=DIRECTION('',(0.E0,-7.071067811865E-1,7.071067811866E-1));
#13046=DIRECTION('',(0.E0,-7.071067811866E-1,-7.071067811865E-1));
#13047=AXIS2_PLACEMENT_3D('',#13044,#13045,#13046);
#13048=PLANE('',#13047);
#13049=ORIENTED_EDGE('',*,*,#12957,.F.);
#13051=ORIENTED_EDGE('',*,*,#13050,.T.);
#13052=ORIENTED_EDGE('',*,*,#13024,.T.);
#13053=ORIENTED_EDGE('',*,*,#13037,.F.);
#13054=EDGE_LOOP('',(#13049,#13051,#13052,#13053));
#13055=FACE_OUTER_BOUND('',#13054,.F.);
#13056=ADVANCED_FACE('',(#13055),#13048,.T.);
#13057=CARTESIAN_POINT('',(8.5E-2,0.E0,1.E0));
#13058=DIRECTION('',(0.E0,-1.E0,0.E0));
#13059=DIRECTION('',(0.E0,0.E0,-1.E0));
#13060=AXIS2_PLACEMENT_3D('',#13057,#13058,#13059);
#13061=PLANE('',#13060);
#13062=ORIENTED_EDGE('',*,*,#12955,.F.);
#13063=ORIENTED_EDGE('',*,*,#12980,.T.);
#13064=ORIENTED_EDGE('',*,*,#13026,.T.);
#13065=ORIENTED_EDGE('',*,*,#13050,.F.);
#13066=EDGE_LOOP('',(#13062,#13063,#13064,#13065));
#13067=FACE_OUTER_BOUND('',#13066,.F.);
#13068=ADVANCED_FACE('',(#13067),#13061,.T.);
#13069=CARTESIAN_POINT('',(8.5E-2,1.E-1,-9.E-1));
#13070=DIRECTION('',(1.E0,0.E0,0.E0));
#13071=DIRECTION('',(0.E0,0.E0,-1.E0));
#13072=AXIS2_PLACEMENT_3D('',#13069,#13070,#13071);
#13073=CYLINDRICAL_SURFACE('',#13072,4.E-2);
#13075=ORIENTED_EDGE('',*,*,#13074,.T.);
#13077=ORIENTED_EDGE('',*,*,#13076,.T.);
#13079=ORIENTED_EDGE('',*,*,#13078,.F.);
#13080=ORIENTED_EDGE('',*,*,#9758,.F.);
#13081=EDGE_LOOP('',(#13075,#13077,#13079,#13080));
#13082=FACE_OUTER_BOUND('',#13081,.F.);
#13083=ADVANCED_FACE('',(#13082),#13073,.F.);
#13084=CARTESIAN_POINT('',(1.25E-1,-2.E-2,-1.E0));
#13085=DIRECTION('',(1.E0,0.E0,0.E0));
#13086=DIRECTION('',(0.E0,0.E0,1.E0));
#13087=AXIS2_PLACEMENT_3D('',#13084,#13085,#13086);
#13088=PLANE('',#13087);
#13090=ORIENTED_EDGE('',*,*,#13089,.T.);
#13091=ORIENTED_EDGE('',*,*,#13074,.F.);
#13092=ORIENTED_EDGE('',*,*,#9764,.T.);
#13094=ORIENTED_EDGE('',*,*,#13093,.T.);
#13096=ORIENTED_EDGE('',*,*,#13095,.T.);
#13098=ORIENTED_EDGE('',*,*,#13097,.T.);
#13100=ORIENTED_EDGE('',*,*,#13099,.T.);
#13102=ORIENTED_EDGE('',*,*,#13101,.T.);
#13103=EDGE_LOOP('',(#13090,#13091,#13092,#13094,#13096,#13098,#13100,#13102));
#13104=FACE_OUTER_BOUND('',#13103,.F.);
#13105=ADVANCED_FACE('',(#13104),#13088,.F.);
#13106=CARTESIAN_POINT('',(8.5E-2,6.E-2,-1.E0));
#13107=DIRECTION('',(0.E0,1.E0,0.E0));
#13108=DIRECTION('',(0.E0,0.E0,1.E0));
#13109=AXIS2_PLACEMENT_3D('',#13106,#13107,#13108);
#13110=PLANE('',#13109);
#13111=ORIENTED_EDGE('',*,*,#13089,.F.);
#13113=ORIENTED_EDGE('',*,*,#13112,.T.);
#13115=ORIENTED_EDGE('',*,*,#13114,.T.);
#13116=ORIENTED_EDGE('',*,*,#13076,.F.);
#13117=EDGE_LOOP('',(#13111,#13113,#13115,#13116));
#13118=FACE_OUTER_BOUND('',#13117,.F.);
#13119=ADVANCED_FACE('',(#13118),#13110,.T.);
#13120=CARTESIAN_POINT('',(8.5E-2,0.E0,-1.E0));
#13121=DIRECTION('',(0.E0,0.E0,-1.E0));
#13122=DIRECTION('',(0.E0,1.E0,0.E0));
#13123=AXIS2_PLACEMENT_3D('',#13120,#13121,#13122);
#13124=PLANE('',#13123);
#13125=ORIENTED_EDGE('',*,*,#13101,.F.);
#13127=ORIENTED_EDGE('',*,*,#13126,.T.);
#13129=ORIENTED_EDGE('',*,*,#13128,.T.);
#13130=ORIENTED_EDGE('',*,*,#13112,.F.);
#13131=EDGE_LOOP('',(#13125,#13127,#13129,#13130));
#13132=FACE_OUTER_BOUND('',#13131,.F.);
#13133=ADVANCED_FACE('',(#13132),#13124,.T.);
#13134=CARTESIAN_POINT('',(8.5E-2,0.E0,-9.8E-1));
#13135=DIRECTION('',(0.E0,-1.E0,0.E0));
#13136=DIRECTION('',(0.E0,0.E0,-1.E0));
#13137=AXIS2_PLACEMENT_3D('',#13134,#13135,#13136);
#13138=PLANE('',#13137);
#13139=ORIENTED_EDGE('',*,*,#13099,.F.);
#13141=ORIENTED_EDGE('',*,*,#13140,.T.);
#13143=ORIENTED_EDGE('',*,*,#13142,.T.);
#13144=ORIENTED_EDGE('',*,*,#13126,.F.);
#13145=EDGE_LOOP('',(#13139,#13141,#13143,#13144));
#13146=FACE_OUTER_BOUND('',#13145,.F.);
#13147=ADVANCED_FACE('',(#13146),#13138,.T.);
#13148=CARTESIAN_POINT('',(8.5E-2,-2.E-2,-9.6E-1));
#13149=DIRECTION('',(0.E0,-7.071067811865E-1,-7.071067811866E-1));
#13150=DIRECTION('',(0.E0,7.071067811866E-1,-7.071067811865E-1));
#13151=AXIS2_PLACEMENT_3D('',#13148,#13149,#13150);
#13152=PLANE('',#13151);
#13153=ORIENTED_EDGE('',*,*,#13097,.F.);
#13155=ORIENTED_EDGE('',*,*,#13154,.T.);
#13157=ORIENTED_EDGE('',*,*,#13156,.T.);
#13158=ORIENTED_EDGE('',*,*,#13140,.F.);
#13159=EDGE_LOOP('',(#13153,#13155,#13157,#13158));
#13160=FACE_OUTER_BOUND('',#13159,.F.);
#13161=ADVANCED_FACE('',(#13160),#13152,.T.);
#13162=CARTESIAN_POINT('',(8.5E-2,-2.E-2,-9.E-1));
#13163=DIRECTION('',(0.E0,-1.E0,0.E0));
#13164=DIRECTION('',(0.E0,0.E0,-1.E0));
#13165=AXIS2_PLACEMENT_3D('',#13162,#13163,#13164);
#13166=PLANE('',#13165);
#13167=ORIENTED_EDGE('',*,*,#13095,.F.);
#13169=ORIENTED_EDGE('',*,*,#13168,.T.);
#13171=ORIENTED_EDGE('',*,*,#13170,.T.);
#13172=ORIENTED_EDGE('',*,*,#13154,.F.);
#13173=EDGE_LOOP('',(#13167,#13169,#13171,#13172));
#13174=FACE_OUTER_BOUND('',#13173,.F.);
#13175=ADVANCED_FACE('',(#13174),#13166,.T.);
#13176=CARTESIAN_POINT('',(8.5E-2,1.E-1,-9.E-1));
#13177=DIRECTION('',(1.E0,0.E0,0.E0));
#13178=DIRECTION('',(0.E0,0.E0,-1.E0));
#13179=AXIS2_PLACEMENT_3D('',#13176,#13177,#13178);
#13180=CYLINDRICAL_SURFACE('',#13179,1.2E-1);
#13181=ORIENTED_EDGE('',*,*,#13093,.F.);
#13182=ORIENTED_EDGE('',*,*,#9762,.T.);
#13184=ORIENTED_EDGE('',*,*,#13183,.T.);
#13185=ORIENTED_EDGE('',*,*,#13168,.F.);
#13186=EDGE_LOOP('',(#13181,#13182,#13184,#13185));
#13187=FACE_OUTER_BOUND('',#13186,.F.);
#13188=ADVANCED_FACE('',(#13187),#13180,.T.);
#13189=CARTESIAN_POINT('',(2.25E-1,-2.E-2,-7.75E-1));
#13190=DIRECTION('',(-1.E0,0.E0,0.E0));
#13191=DIRECTION('',(0.E0,0.E0,-1.E0));
#13192=AXIS2_PLACEMENT_3D('',#13189,#13190,#13191);
#13193=PLANE('',#13192);
#13194=ORIENTED_EDGE('',*,*,#13114,.F.);
#13195=ORIENTED_EDGE('',*,*,#13128,.F.);
#13196=ORIENTED_EDGE('',*,*,#13142,.F.);
#13197=ORIENTED_EDGE('',*,*,#13156,.F.);
#13198=ORIENTED_EDGE('',*,*,#13170,.F.);
#13199=ORIENTED_EDGE('',*,*,#13183,.F.);
#13200=ORIENTED_EDGE('',*,*,#9760,.T.);
#13201=ORIENTED_EDGE('',*,*,#13078,.T.);
#13202=EDGE_LOOP('',(#13194,#13195,#13196,#13197,#13198,#13199,#13200,#13201));
#13203=FACE_OUTER_BOUND('',#13202,.F.);
#13204=ADVANCED_FACE('',(#13203),#13193,.F.);
#13205=CARTESIAN_POINT('',(4.35E-1,1.E-1,9.E-1));
#13206=DIRECTION('',(1.E0,0.E0,0.E0));
#13207=DIRECTION('',(0.E0,0.E0,-1.E0));
#13208=AXIS2_PLACEMENT_3D('',#13205,#13206,#13207);
#13209=CYLINDRICAL_SURFACE('',#13208,1.2E-1);
#13211=ORIENTED_EDGE('',*,*,#13210,.F.);
#13213=ORIENTED_EDGE('',*,*,#13212,.T.);
#13215=ORIENTED_EDGE('',*,*,#13214,.T.);
#13216=ORIENTED_EDGE('',*,*,#9830,.F.);
#13217=EDGE_LOOP('',(#13211,#13213,#13215,#13216));
#13218=FACE_OUTER_BOUND('',#13217,.F.);
#13219=ADVANCED_FACE('',(#13218),#13209,.T.);
#13220=CARTESIAN_POINT('',(4.75E-1,-2.E-2,7.75E-1));
#13221=DIRECTION('',(1.E0,0.E0,0.E0));
#13222=DIRECTION('',(0.E0,0.E0,1.E0));
#13223=AXIS2_PLACEMENT_3D('',#13220,#13221,#13222);
#13224=PLANE('',#13223);
#13226=ORIENTED_EDGE('',*,*,#13225,.T.);
#13228=ORIENTED_EDGE('',*,*,#13227,.T.);
#13230=ORIENTED_EDGE('',*,*,#13229,.T.);
#13232=ORIENTED_EDGE('',*,*,#13231,.T.);
#13233=ORIENTED_EDGE('',*,*,#13210,.T.);
#13234=ORIENTED_EDGE('',*,*,#9836,.T.);
#13236=ORIENTED_EDGE('',*,*,#13235,.F.);
#13238=ORIENTED_EDGE('',*,*,#13237,.T.);
#13239=EDGE_LOOP('',(#13226,#13228,#13230,#13232,#13233,#13234,#13236,#13238));
#13240=FACE_OUTER_BOUND('',#13239,.F.);
#13241=ADVANCED_FACE('',(#13240),#13224,.F.);
#13242=CARTESIAN_POINT('',(4.35E-1,6.E-2,1.E0));
#13243=DIRECTION('',(0.E0,0.E0,1.E0));
#13244=DIRECTION('',(0.E0,-1.E0,0.E0));
#13245=AXIS2_PLACEMENT_3D('',#13242,#13243,#13244);
#13246=PLANE('',#13245);
#13247=ORIENTED_EDGE('',*,*,#13225,.F.);
#13249=ORIENTED_EDGE('',*,*,#13248,.T.);
#13251=ORIENTED_EDGE('',*,*,#13250,.T.);
#13253=ORIENTED_EDGE('',*,*,#13252,.F.);
#13254=EDGE_LOOP('',(#13247,#13249,#13251,#13253));
#13255=FACE_OUTER_BOUND('',#13254,.F.);
#13256=ADVANCED_FACE('',(#13255),#13246,.T.);
#13257=CARTESIAN_POINT('',(4.35E-1,6.E-2,9.E-1));
#13258=DIRECTION('',(0.E0,1.E0,0.E0));
#13259=DIRECTION('',(0.E0,0.E0,1.E0));
#13260=AXIS2_PLACEMENT_3D('',#13257,#13258,#13259);
#13261=PLANE('',#13260);
#13262=ORIENTED_EDGE('',*,*,#13237,.F.);
#13264=ORIENTED_EDGE('',*,*,#13263,.T.);
#13266=ORIENTED_EDGE('',*,*,#13265,.T.);
#13267=ORIENTED_EDGE('',*,*,#13248,.F.);
#13268=EDGE_LOOP('',(#13262,#13264,#13266,#13267));
#13269=FACE_OUTER_BOUND('',#13268,.F.);
#13270=ADVANCED_FACE('',(#13269),#13261,.T.);
#13271=CARTESIAN_POINT('',(4.35E-1,1.E-1,9.E-1));
#13272=DIRECTION('',(1.E0,0.E0,0.E0));
#13273=DIRECTION('',(0.E0,0.E0,-1.E0));
#13274=AXIS2_PLACEMENT_3D('',#13271,#13272,#13273);
#13275=CYLINDRICAL_SURFACE('',#13274,4.E-2);
#13276=ORIENTED_EDGE('',*,*,#13235,.T.);
#13277=ORIENTED_EDGE('',*,*,#9834,.T.);
#13279=ORIENTED_EDGE('',*,*,#13278,.F.);
#13280=ORIENTED_EDGE('',*,*,#13263,.F.);
#13281=EDGE_LOOP('',(#13276,#13277,#13279,#13280));
#13282=FACE_OUTER_BOUND('',#13281,.F.);
#13283=ADVANCED_FACE('',(#13282),#13275,.F.);
#13284=CARTESIAN_POINT('',(5.75E-1,-2.E-2,1.E0));
#13285=DIRECTION('',(-1.E0,0.E0,0.E0));
#13286=DIRECTION('',(0.E0,0.E0,-1.E0));
#13287=AXIS2_PLACEMENT_3D('',#13284,#13285,#13286);
#13288=PLANE('',#13287);
#13289=ORIENTED_EDGE('',*,*,#13250,.F.);
#13290=ORIENTED_EDGE('',*,*,#13265,.F.);
#13291=ORIENTED_EDGE('',*,*,#13278,.T.);
#13292=ORIENTED_EDGE('',*,*,#9832,.T.);
#13293=ORIENTED_EDGE('',*,*,#13214,.F.);
#13295=ORIENTED_EDGE('',*,*,#13294,.F.);
#13297=ORIENTED_EDGE('',*,*,#13296,.F.);
#13299=ORIENTED_EDGE('',*,*,#13298,.F.);
#13300=EDGE_LOOP('',(#13289,#13290,#13291,#13292,#13293,#13295,#13297,#13299));
#13301=FACE_OUTER_BOUND('',#13300,.F.);
#13302=ADVANCED_FACE('',(#13301),#13288,.F.);
#13303=CARTESIAN_POINT('',(4.35E-1,-2.E-2,9.6E-1));
#13304=DIRECTION('',(0.E0,-1.E0,0.E0));
#13305=DIRECTION('',(0.E0,0.E0,-1.E0));
#13306=AXIS2_PLACEMENT_3D('',#13303,#13304,#13305);
#13307=PLANE('',#13306);
#13308=ORIENTED_EDGE('',*,*,#13231,.F.);
#13310=ORIENTED_EDGE('',*,*,#13309,.T.);
#13311=ORIENTED_EDGE('',*,*,#13294,.T.);
#13312=ORIENTED_EDGE('',*,*,#13212,.F.);
#13313=EDGE_LOOP('',(#13308,#13310,#13311,#13312));
#13314=FACE_OUTER_BOUND('',#13313,.F.);
#13315=ADVANCED_FACE('',(#13314),#13307,.T.);
#13316=CARTESIAN_POINT('',(4.35E-1,0.E0,9.8E-1));
#13317=DIRECTION('',(0.E0,-7.071067811865E-1,7.071067811866E-1));
#13318=DIRECTION('',(0.E0,-7.071067811866E-1,-7.071067811865E-1));
#13319=AXIS2_PLACEMENT_3D('',#13316,#13317,#13318);
#13320=PLANE('',#13319);
#13321=ORIENTED_EDGE('',*,*,#13229,.F.);
#13323=ORIENTED_EDGE('',*,*,#13322,.T.);
#13324=ORIENTED_EDGE('',*,*,#13296,.T.);
#13325=ORIENTED_EDGE('',*,*,#13309,.F.);
#13326=EDGE_LOOP('',(#13321,#13323,#13324,#13325));
#13327=FACE_OUTER_BOUND('',#13326,.F.);
#13328=ADVANCED_FACE('',(#13327),#13320,.T.);
#13329=CARTESIAN_POINT('',(4.35E-1,0.E0,1.E0));
#13330=DIRECTION('',(0.E0,-1.E0,0.E0));
#13331=DIRECTION('',(0.E0,0.E0,-1.E0));
#13332=AXIS2_PLACEMENT_3D('',#13329,#13330,#13331);
#13333=PLANE('',#13332);
#13334=ORIENTED_EDGE('',*,*,#13227,.F.);
#13335=ORIENTED_EDGE('',*,*,#13252,.T.);
#13336=ORIENTED_EDGE('',*,*,#13298,.T.);
#13337=ORIENTED_EDGE('',*,*,#13322,.F.);
#13338=EDGE_LOOP('',(#13334,#13335,#13336,#13337));
#13339=FACE_OUTER_BOUND('',#13338,.F.);
#13340=ADVANCED_FACE('',(#13339),#13333,.T.);
#13341=CARTESIAN_POINT('',(4.35E-1,1.E-1,-9.E-1));
#13342=DIRECTION('',(1.E0,0.E0,0.E0));
#13343=DIRECTION('',(0.E0,0.E0,-1.E0));
#13344=AXIS2_PLACEMENT_3D('',#13341,#13342,#13343);
#13345=CYLINDRICAL_SURFACE('',#13344,4.E-2);
#13347=ORIENTED_EDGE('',*,*,#13346,.T.);
#13349=ORIENTED_EDGE('',*,*,#13348,.T.);
#13351=ORIENTED_EDGE('',*,*,#13350,.F.);
#13352=ORIENTED_EDGE('',*,*,#9768,.F.);
#13353=EDGE_LOOP('',(#13347,#13349,#13351,#13352));
#13354=FACE_OUTER_BOUND('',#13353,.F.);
#13355=ADVANCED_FACE('',(#13354),#13345,.F.);
#13356=CARTESIAN_POINT('',(4.75E-1,-2.E-2,-1.E0));
#13357=DIRECTION('',(1.E0,0.E0,0.E0));
#13358=DIRECTION('',(0.E0,0.E0,1.E0));
#13359=AXIS2_PLACEMENT_3D('',#13356,#13357,#13358);
#13360=PLANE('',#13359);
#13362=ORIENTED_EDGE('',*,*,#13361,.T.);
#13363=ORIENTED_EDGE('',*,*,#13346,.F.);
#13364=ORIENTED_EDGE('',*,*,#9774,.T.);
#13366=ORIENTED_EDGE('',*,*,#13365,.T.);
#13368=ORIENTED_EDGE('',*,*,#13367,.T.);
#13370=ORIENTED_EDGE('',*,*,#13369,.T.);
#13372=ORIENTED_EDGE('',*,*,#13371,.T.);
#13374=ORIENTED_EDGE('',*,*,#13373,.T.);
#13375=EDGE_LOOP('',(#13362,#13363,#13364,#13366,#13368,#13370,#13372,#13374));
#13376=FACE_OUTER_BOUND('',#13375,.F.);
#13377=ADVANCED_FACE('',(#13376),#13360,.F.);
#13378=CARTESIAN_POINT('',(4.35E-1,6.E-2,-1.E0));
#13379=DIRECTION('',(0.E0,1.E0,0.E0));
#13380=DIRECTION('',(0.E0,0.E0,1.E0));
#13381=AXIS2_PLACEMENT_3D('',#13378,#13379,#13380);
#13382=PLANE('',#13381);
#13383=ORIENTED_EDGE('',*,*,#13361,.F.);
#13385=ORIENTED_EDGE('',*,*,#13384,.T.);
#13387=ORIENTED_EDGE('',*,*,#13386,.T.);
#13388=ORIENTED_EDGE('',*,*,#13348,.F.);
#13389=EDGE_LOOP('',(#13383,#13385,#13387,#13388));
#13390=FACE_OUTER_BOUND('',#13389,.F.);
#13391=ADVANCED_FACE('',(#13390),#13382,.T.);
#13392=CARTESIAN_POINT('',(4.35E-1,0.E0,-1.E0));
#13393=DIRECTION('',(0.E0,0.E0,-1.E0));
#13394=DIRECTION('',(0.E0,1.E0,0.E0));
#13395=AXIS2_PLACEMENT_3D('',#13392,#13393,#13394);
#13396=PLANE('',#13395);
#13397=ORIENTED_EDGE('',*,*,#13373,.F.);
#13399=ORIENTED_EDGE('',*,*,#13398,.T.);
#13401=ORIENTED_EDGE('',*,*,#13400,.T.);
#13402=ORIENTED_EDGE('',*,*,#13384,.F.);
#13403=EDGE_LOOP('',(#13397,#13399,#13401,#13402));
#13404=FACE_OUTER_BOUND('',#13403,.F.);
#13405=ADVANCED_FACE('',(#13404),#13396,.T.);
#13406=CARTESIAN_POINT('',(4.35E-1,0.E0,-9.8E-1));
#13407=DIRECTION('',(0.E0,-1.E0,0.E0));
#13408=DIRECTION('',(0.E0,0.E0,-1.E0));
#13409=AXIS2_PLACEMENT_3D('',#13406,#13407,#13408);
#13410=PLANE('',#13409);
#13411=ORIENTED_EDGE('',*,*,#13371,.F.);
#13413=ORIENTED_EDGE('',*,*,#13412,.T.);
#13415=ORIENTED_EDGE('',*,*,#13414,.T.);
#13416=ORIENTED_EDGE('',*,*,#13398,.F.);
#13417=EDGE_LOOP('',(#13411,#13413,#13415,#13416));
#13418=FACE_OUTER_BOUND('',#13417,.F.);
#13419=ADVANCED_FACE('',(#13418),#13410,.T.);
#13420=CARTESIAN_POINT('',(4.35E-1,-2.E-2,-9.6E-1));
#13421=DIRECTION('',(0.E0,-7.071067811865E-1,-7.071067811866E-1));
#13422=DIRECTION('',(0.E0,7.071067811866E-1,-7.071067811865E-1));
#13423=AXIS2_PLACEMENT_3D('',#13420,#13421,#13422);
#13424=PLANE('',#13423);
#13425=ORIENTED_EDGE('',*,*,#13369,.F.);
#13427=ORIENTED_EDGE('',*,*,#13426,.T.);
#13429=ORIENTED_EDGE('',*,*,#13428,.T.);
#13430=ORIENTED_EDGE('',*,*,#13412,.F.);
#13431=EDGE_LOOP('',(#13425,#13427,#13429,#13430));
#13432=FACE_OUTER_BOUND('',#13431,.F.);
#13433=ADVANCED_FACE('',(#13432),#13424,.T.);
#13434=CARTESIAN_POINT('',(4.35E-1,-2.E-2,-9.E-1));
#13435=DIRECTION('',(0.E0,-1.E0,0.E0));
#13436=DIRECTION('',(0.E0,0.E0,-1.E0));
#13437=AXIS2_PLACEMENT_3D('',#13434,#13435,#13436);
#13438=PLANE('',#13437);
#13439=ORIENTED_EDGE('',*,*,#13367,.F.);
#13441=ORIENTED_EDGE('',*,*,#13440,.T.);
#13443=ORIENTED_EDGE('',*,*,#13442,.T.);
#13444=ORIENTED_EDGE('',*,*,#13426,.F.);
#13445=EDGE_LOOP('',(#13439,#13441,#13443,#13444));
#13446=FACE_OUTER_BOUND('',#13445,.F.);
#13447=ADVANCED_FACE('',(#13446),#13438,.T.);
#13448=CARTESIAN_POINT('',(4.35E-1,1.E-1,-9.E-1));
#13449=DIRECTION('',(1.E0,0.E0,0.E0));
#13450=DIRECTION('',(0.E0,0.E0,-1.E0));
#13451=AXIS2_PLACEMENT_3D('',#13448,#13449,#13450);
#13452=CYLINDRICAL_SURFACE('',#13451,1.2E-1);
#13453=ORIENTED_EDGE('',*,*,#13365,.F.);
#13454=ORIENTED_EDGE('',*,*,#9772,.T.);
#13456=ORIENTED_EDGE('',*,*,#13455,.T.);
#13457=ORIENTED_EDGE('',*,*,#13440,.F.);
#13458=EDGE_LOOP('',(#13453,#13454,#13456,#13457));
#13459=FACE_OUTER_BOUND('',#13458,.F.);
#13460=ADVANCED_FACE('',(#13459),#13452,.T.);
#13461=CARTESIAN_POINT('',(5.75E-1,-2.E-2,-7.75E-1));
#13462=DIRECTION('',(-1.E0,0.E0,0.E0));
#13463=DIRECTION('',(0.E0,0.E0,-1.E0));
#13464=AXIS2_PLACEMENT_3D('',#13461,#13462,#13463);
#13465=PLANE('',#13464);
#13466=ORIENTED_EDGE('',*,*,#13386,.F.);
#13467=ORIENTED_EDGE('',*,*,#13400,.F.);
#13468=ORIENTED_EDGE('',*,*,#13414,.F.);
#13469=ORIENTED_EDGE('',*,*,#13428,.F.);
#13470=ORIENTED_EDGE('',*,*,#13442,.F.);
#13471=ORIENTED_EDGE('',*,*,#13455,.F.);
#13472=ORIENTED_EDGE('',*,*,#9770,.T.);
#13473=ORIENTED_EDGE('',*,*,#13350,.T.);
#13474=EDGE_LOOP('',(#13466,#13467,#13468,#13469,#13470,#13471,#13472,#13473));
#13475=FACE_OUTER_BOUND('',#13474,.F.);
#13476=ADVANCED_FACE('',(#13475),#13465,.F.);
#13477=CARTESIAN_POINT('',(-1.675E0,4.4E-1,1.E0));
#13478=DIRECTION('',(0.E0,-1.E0,0.E0));
#13479=DIRECTION('',(1.E0,0.E0,0.E0));
#13480=AXIS2_PLACEMENT_3D('',#13477,#13478,#13479);
#13481=PLANE('',#13480);
#13482=ORIENTED_EDGE('',*,*,#7149,.F.);
#13483=ORIENTED_EDGE('',*,*,#7466,.T.);
#13484=ORIENTED_EDGE('',*,*,#9601,.F.);
#13485=EDGE_LOOP('',(#13482,#13483,#13484));
#13486=FACE_OUTER_BOUND('',#13485,.F.);
#13487=ADVANCED_FACE('',(#13486),#13481,.T.);
#13488=CARTESIAN_POINT('',(-1.256299423149E0,3.95E-1,-8.8E-1));
#13489=DIRECTION('',(7.071067811865E-1,7.071067811865E-1,0.E0));
#13490=DIRECTION('',(7.071067811865E-1,-7.071067811865E-1,0.E0));
#13491=AXIS2_PLACEMENT_3D('',#13488,#13489,#13490);
#13492=PLANE('',#13491);
#13493=ORIENTED_EDGE('',*,*,#9604,.F.);
#13494=ORIENTED_EDGE('',*,*,#7462,.T.);
#13495=ORIENTED_EDGE('',*,*,#7537,.T.);
#13497=ORIENTED_EDGE('',*,*,#13496,.F.);
#13498=EDGE_LOOP('',(#13493,#13494,#13495,#13497));
#13499=FACE_OUTER_BOUND('',#13498,.F.);
#13500=ADVANCED_FACE('',(#13499),#13492,.T.);
#13501=CARTESIAN_POINT('',(-1.101299423149E0,2.4E-1,-8.8E-1));
#13502=DIRECTION('',(0.E0,1.E0,0.E0));
#13503=DIRECTION('',(1.E0,0.E0,0.E0));
#13504=AXIS2_PLACEMENT_3D('',#13501,#13502,#13503);
#13505=PLANE('',#13504);
#13506=ORIENTED_EDGE('',*,*,#9606,.F.);
#13507=ORIENTED_EDGE('',*,*,#13496,.T.);
#13508=ORIENTED_EDGE('',*,*,#7535,.T.);
#13509=ORIENTED_EDGE('',*,*,#6980,.F.);
#13510=EDGE_LOOP('',(#13506,#13507,#13508,#13509));
#13511=FACE_OUTER_BOUND('',#13510,.F.);
#13512=ADVANCED_FACE('',(#13511),#13505,.T.);
#13513=CARTESIAN_POINT('',(-1.19E0,6.E-2,8.8E-1));
#13514=DIRECTION('',(7.071067811865E-1,7.071067811865E-1,0.E0));
#13515=DIRECTION('',(-7.071067811865E-1,7.071067811865E-1,0.E0));
#13516=AXIS2_PLACEMENT_3D('',#13513,#13514,#13515);
#13517=PLANE('',#13516);
#13519=ORIENTED_EDGE('',*,*,#13518,.F.);
#13520=ORIENTED_EDGE('',*,*,#6816,.T.);
#13521=ORIENTED_EDGE('',*,*,#9138,.T.);
#13522=ORIENTED_EDGE('',*,*,#7007,.F.);
#13523=EDGE_LOOP('',(#13519,#13520,#13521,#13522));
#13524=FACE_OUTER_BOUND('',#13523,.F.);
#13525=ADVANCED_FACE('',(#13524),#13517,.F.);
#13526=CARTESIAN_POINT('',(-8.05E-1,6.E-2,8.8E-1));
#13527=DIRECTION('',(0.E0,1.E0,0.E0));
#13528=DIRECTION('',(-1.E0,0.E0,0.E0));
#13529=AXIS2_PLACEMENT_3D('',#13526,#13527,#13528);
#13530=PLANE('',#13529);
#13531=ORIENTED_EDGE('',*,*,#6871,.F.);
#13532=ORIENTED_EDGE('',*,*,#6818,.T.);
#13533=ORIENTED_EDGE('',*,*,#13518,.T.);
#13534=ORIENTED_EDGE('',*,*,#7005,.F.);
#13535=EDGE_LOOP('',(#13531,#13532,#13533,#13534));
#13536=FACE_OUTER_BOUND('',#13535,.F.);
#13537=ADVANCED_FACE('',(#13536),#13530,.F.);
#13538=CARTESIAN_POINT('',(-1.675E0,0.E0,6.15E-1));
#13539=DIRECTION('',(0.E0,0.E0,-1.E0));
#13540=DIRECTION('',(-1.E0,0.E0,0.E0));
#13541=AXIS2_PLACEMENT_3D('',#13538,#13539,#13540);
#13542=PLANE('',#13541);
#13543=ORIENTED_EDGE('',*,*,#9009,.T.);
#13545=ORIENTED_EDGE('',*,*,#13544,.F.);
#13546=ORIENTED_EDGE('',*,*,#6779,.F.);
#13547=ORIENTED_EDGE('',*,*,#9101,.T.);
#13548=EDGE_LOOP('',(#13543,#13545,#13546,#13547));
#13549=FACE_OUTER_BOUND('',#13548,.F.);
#13550=ADVANCED_FACE('',(#13549),#13542,.T.);
#13551=CARTESIAN_POINT('',(-1.925E0,0.E0,6.15E-1));
#13552=DIRECTION('',(-1.E0,0.E0,0.E0));
#13553=DIRECTION('',(0.E0,0.E0,1.E0));
#13554=AXIS2_PLACEMENT_3D('',#13551,#13552,#13553);
#13555=PLANE('',#13554);
#13556=ORIENTED_EDGE('',*,*,#9020,.T.);
#13558=ORIENTED_EDGE('',*,*,#13557,.F.);
#13559=ORIENTED_EDGE('',*,*,#6781,.F.);
#13560=ORIENTED_EDGE('',*,*,#13544,.T.);
#13561=EDGE_LOOP('',(#13556,#13558,#13559,#13560));
#13562=FACE_OUTER_BOUND('',#13561,.F.);
#13563=ADVANCED_FACE('',(#13562),#13555,.T.);
#13564=CARTESIAN_POINT('',(-1.725E0,0.E0,8.E-1));
#13565=DIRECTION('',(0.E0,1.E0,0.E0));
#13566=DIRECTION('',(1.E0,0.E0,0.E0));
#13567=AXIS2_PLACEMENT_3D('',#13564,#13565,#13566);
#13568=CYLINDRICAL_SURFACE('',#13567,2.E-1);
#13569=ORIENTED_EDGE('',*,*,#9018,.T.);
#13571=ORIENTED_EDGE('',*,*,#13570,.F.);
#13572=ORIENTED_EDGE('',*,*,#6783,.F.);
#13573=ORIENTED_EDGE('',*,*,#13557,.T.);
#13574=EDGE_LOOP('',(#13569,#13571,#13572,#13573));
#13575=FACE_OUTER_BOUND('',#13574,.F.);
#13576=ADVANCED_FACE('',(#13575),#13568,.T.);
#13577=CARTESIAN_POINT('',(-1.725E0,0.E0,1.E0));
#13578=DIRECTION('',(0.E0,0.E0,1.E0));
#13579=DIRECTION('',(1.E0,0.E0,0.E0));
#13580=AXIS2_PLACEMENT_3D('',#13577,#13578,#13579);
#13581=PLANE('',#13580);
#13582=ORIENTED_EDGE('',*,*,#9016,.T.);
#13584=ORIENTED_EDGE('',*,*,#13583,.F.);
#13585=ORIENTED_EDGE('',*,*,#6785,.F.);
#13586=ORIENTED_EDGE('',*,*,#13570,.T.);
#13587=EDGE_LOOP('',(#13582,#13584,#13585,#13586));
#13588=FACE_OUTER_BOUND('',#13587,.F.);
#13589=ADVANCED_FACE('',(#13588),#13581,.T.);
#13590=CARTESIAN_POINT('',(-1.41E0,0.E0,1.E0));
#13591=DIRECTION('',(1.E0,0.E0,0.E0));
#13592=DIRECTION('',(0.E0,0.E0,-1.E0));
#13593=AXIS2_PLACEMENT_3D('',#13590,#13591,#13592);
#13594=PLANE('',#13593);
#13595=ORIENTED_EDGE('',*,*,#9014,.T.);
#13596=ORIENTED_EDGE('',*,*,#6808,.F.);
#13597=ORIENTED_EDGE('',*,*,#6787,.F.);
#13598=ORIENTED_EDGE('',*,*,#13583,.T.);
#13599=EDGE_LOOP('',(#13595,#13596,#13597,#13598));
#13600=FACE_OUTER_BOUND('',#13599,.F.);
#13601=ADVANCED_FACE('',(#13600),#13594,.T.);
#13602=CARTESIAN_POINT('',(1.41E0,0.E0,8.8E-1));
#13603=DIRECTION('',(-1.E0,0.E0,0.E0));
#13604=DIRECTION('',(0.E0,0.E0,1.E0));
#13605=AXIS2_PLACEMENT_3D('',#13602,#13603,#13604);
#13606=PLANE('',#13605);
#13607=ORIENTED_EDGE('',*,*,#9030,.T.);
#13609=ORIENTED_EDGE('',*,*,#13608,.F.);
#13610=ORIENTED_EDGE('',*,*,#6719,.F.);
#13611=ORIENTED_EDGE('',*,*,#8698,.T.);
#13612=EDGE_LOOP('',(#13607,#13609,#13610,#13611));
#13613=FACE_OUTER_BOUND('',#13612,.F.);
#13614=ADVANCED_FACE('',(#13613),#13606,.T.);
#13615=CARTESIAN_POINT('',(1.41E0,0.E0,1.E0));
#13616=DIRECTION('',(0.E0,0.E0,1.E0));
#13617=DIRECTION('',(1.E0,0.E0,0.E0));
#13618=AXIS2_PLACEMENT_3D('',#13615,#13616,#13617);
#13619=PLANE('',#13618);
#13620=ORIENTED_EDGE('',*,*,#9040,.T.);
#13622=ORIENTED_EDGE('',*,*,#13621,.F.);
#13623=ORIENTED_EDGE('',*,*,#6721,.F.);
#13624=ORIENTED_EDGE('',*,*,#13608,.T.);
#13625=EDGE_LOOP('',(#13620,#13622,#13623,#13624));
#13626=FACE_OUTER_BOUND('',#13625,.F.);
#13627=ADVANCED_FACE('',(#13626),#13619,.T.);
#13628=CARTESIAN_POINT('',(1.725E0,0.E0,8.E-1));
#13629=DIRECTION('',(0.E0,1.E0,0.E0));
#13630=DIRECTION('',(1.E0,0.E0,0.E0));
#13631=AXIS2_PLACEMENT_3D('',#13628,#13629,#13630);
#13632=CYLINDRICAL_SURFACE('',#13631,2.E-1);
#13633=ORIENTED_EDGE('',*,*,#9038,.T.);
#13635=ORIENTED_EDGE('',*,*,#13634,.F.);
#13636=ORIENTED_EDGE('',*,*,#6723,.F.);
#13637=ORIENTED_EDGE('',*,*,#13621,.T.);
#13638=EDGE_LOOP('',(#13633,#13635,#13636,#13637));
#13639=FACE_OUTER_BOUND('',#13638,.F.);
#13640=ADVANCED_FACE('',(#13639),#13632,.T.);
#13641=CARTESIAN_POINT('',(1.925E0,0.E0,8.E-1));
#13642=DIRECTION('',(1.E0,0.E0,0.E0));
#13643=DIRECTION('',(0.E0,0.E0,-1.E0));
#13644=AXIS2_PLACEMENT_3D('',#13641,#13642,#13643);
#13645=PLANE('',#13644);
#13646=ORIENTED_EDGE('',*,*,#9036,.T.);
#13648=ORIENTED_EDGE('',*,*,#13647,.F.);
#13649=ORIENTED_EDGE('',*,*,#6725,.F.);
#13650=ORIENTED_EDGE('',*,*,#13634,.T.);
#13651=EDGE_LOOP('',(#13646,#13648,#13649,#13650));
#13652=FACE_OUTER_BOUND('',#13651,.F.);
#13653=ADVANCED_FACE('',(#13652),#13645,.T.);
#13654=CARTESIAN_POINT('',(1.925E0,0.E0,6.15E-1));
#13655=DIRECTION('',(0.E0,0.E0,-1.E0));
#13656=DIRECTION('',(-1.E0,0.E0,0.E0));
#13657=AXIS2_PLACEMENT_3D('',#13654,#13655,#13656);
#13658=PLANE('',#13657);
#13659=ORIENTED_EDGE('',*,*,#9034,.T.);
#13660=ORIENTED_EDGE('',*,*,#8974,.F.);
#13661=ORIENTED_EDGE('',*,*,#6727,.F.);
#13662=ORIENTED_EDGE('',*,*,#13647,.T.);
#13663=EDGE_LOOP('',(#13659,#13660,#13661,#13662));
#13664=FACE_OUTER_BOUND('',#13663,.F.);
#13665=ADVANCED_FACE('',(#13664),#13658,.T.);
#13666=CARTESIAN_POINT('',(1.675E0,0.E0,-6.15E-1));
#13667=DIRECTION('',(0.E0,0.E0,1.E0));
#13668=DIRECTION('',(1.E0,0.E0,0.E0));
#13669=AXIS2_PLACEMENT_3D('',#13666,#13667,#13668);
#13670=PLANE('',#13669);
#13671=ORIENTED_EDGE('',*,*,#9050,.T.);
#13673=ORIENTED_EDGE('',*,*,#13672,.F.);
#13674=ORIENTED_EDGE('',*,*,#6739,.F.);
#13675=ORIENTED_EDGE('',*,*,#8964,.T.);
#13676=EDGE_LOOP('',(#13671,#13673,#13674,#13675));
#13677=FACE_OUTER_BOUND('',#13676,.F.);
#13678=ADVANCED_FACE('',(#13677),#13670,.T.);
#13679=CARTESIAN_POINT('',(1.925E0,0.E0,-6.15E-1));
#13680=DIRECTION('',(1.E0,0.E0,0.E0));
#13681=DIRECTION('',(0.E0,0.E0,-1.E0));
#13682=AXIS2_PLACEMENT_3D('',#13679,#13680,#13681);
#13683=PLANE('',#13682);
#13684=ORIENTED_EDGE('',*,*,#9060,.T.);
#13686=ORIENTED_EDGE('',*,*,#13685,.F.);
#13687=ORIENTED_EDGE('',*,*,#6741,.F.);
#13688=ORIENTED_EDGE('',*,*,#13672,.T.);
#13689=EDGE_LOOP('',(#13684,#13686,#13687,#13688));
#13690=FACE_OUTER_BOUND('',#13689,.F.);
#13691=ADVANCED_FACE('',(#13690),#13683,.T.);
#13692=CARTESIAN_POINT('',(1.725E0,0.E0,-8.E-1));
#13693=DIRECTION('',(0.E0,1.E0,0.E0));
#13694=DIRECTION('',(1.E0,0.E0,0.E0));
#13695=AXIS2_PLACEMENT_3D('',#13692,#13693,#13694);
#13696=CYLINDRICAL_SURFACE('',#13695,2.E-1);
#13697=ORIENTED_EDGE('',*,*,#9058,.T.);
#13699=ORIENTED_EDGE('',*,*,#13698,.F.);
#13700=ORIENTED_EDGE('',*,*,#6743,.F.);
#13701=ORIENTED_EDGE('',*,*,#13685,.T.);
#13702=EDGE_LOOP('',(#13697,#13699,#13700,#13701));
#13703=FACE_OUTER_BOUND('',#13702,.F.);
#13704=ADVANCED_FACE('',(#13703),#13696,.T.);
#13705=CARTESIAN_POINT('',(1.725E0,0.E0,-1.E0));
#13706=DIRECTION('',(0.E0,0.E0,-1.E0));
#13707=DIRECTION('',(-1.E0,0.E0,0.E0));
#13708=AXIS2_PLACEMENT_3D('',#13705,#13706,#13707);
#13709=PLANE('',#13708);
#13710=ORIENTED_EDGE('',*,*,#9056,.T.);
#13712=ORIENTED_EDGE('',*,*,#13711,.F.);
#13713=ORIENTED_EDGE('',*,*,#6745,.F.);
#13714=ORIENTED_EDGE('',*,*,#13698,.T.);
#13715=EDGE_LOOP('',(#13710,#13712,#13713,#13714));
#13716=FACE_OUTER_BOUND('',#13715,.F.);
#13717=ADVANCED_FACE('',(#13716),#13709,.T.);
#13718=CARTESIAN_POINT('',(1.41E0,0.E0,-1.E0));
#13719=DIRECTION('',(-1.E0,0.E0,0.E0));
#13720=DIRECTION('',(0.E0,0.E0,1.E0));
#13721=AXIS2_PLACEMENT_3D('',#13718,#13719,#13720);
#13722=PLANE('',#13721);
#13723=ORIENTED_EDGE('',*,*,#9054,.T.);
#13724=ORIENTED_EDGE('',*,*,#8239,.F.);
#13725=ORIENTED_EDGE('',*,*,#6747,.F.);
#13726=ORIENTED_EDGE('',*,*,#13711,.T.);
#13727=EDGE_LOOP('',(#13723,#13724,#13725,#13726));
#13728=FACE_OUTER_BOUND('',#13727,.F.);
#13729=ADVANCED_FACE('',(#13728),#13722,.T.);
#13730=CARTESIAN_POINT('',(1.925E0,0.E0,-3.5E-1));
#13731=DIRECTION('',(0.E0,0.E0,-1.E0));
#13732=DIRECTION('',(-1.E0,0.E0,0.E0));
#13733=AXIS2_PLACEMENT_3D('',#13730,#13731,#13732);
#13734=PLANE('',#13733);
#13735=ORIENTED_EDGE('',*,*,#7931,.F.);
#13736=ORIENTED_EDGE('',*,*,#8020,.F.);
#13738=ORIENTED_EDGE('',*,*,#13737,.F.);
#13740=ORIENTED_EDGE('',*,*,#13739,.F.);
#13741=ORIENTED_EDGE('',*,*,#8967,.F.);
#13742=ORIENTED_EDGE('',*,*,#6735,.F.);
#13744=ORIENTED_EDGE('',*,*,#13743,.T.);
#13746=ORIENTED_EDGE('',*,*,#13745,.T.);
#13747=EDGE_LOOP('',(#13735,#13736,#13738,#13740,#13741,#13742,#13744,#13746));
#13748=FACE_OUTER_BOUND('',#13747,.F.);
#13749=ADVANCED_FACE('',(#13748),#13734,.T.);
#13750=CARTESIAN_POINT('',(1.725E0,2.6E-1,1.E0));
#13751=DIRECTION('',(1.E0,0.E0,0.E0));
#13752=DIRECTION('',(0.E0,1.E0,0.E0));
#13753=AXIS2_PLACEMENT_3D('',#13750,#13751,#13752);
#13754=PLANE('',#13753);
#13755=ORIENTED_EDGE('',*,*,#8018,.T.);
#13757=ORIENTED_EDGE('',*,*,#13756,.F.);
#13759=ORIENTED_EDGE('',*,*,#13758,.T.);
#13760=ORIENTED_EDGE('',*,*,#13737,.T.);
#13761=EDGE_LOOP('',(#13755,#13757,#13759,#13760));
#13762=FACE_OUTER_BOUND('',#13761,.F.);
#13763=ADVANCED_FACE('',(#13762),#13754,.F.);
#13764=CARTESIAN_POINT('',(1.675E0,0.E0,3.5E-1));
#13765=DIRECTION('',(0.E0,0.E0,1.E0));
#13766=DIRECTION('',(1.E0,0.E0,0.E0));
#13767=AXIS2_PLACEMENT_3D('',#13764,#13765,#13766);
#13768=PLANE('',#13767);
#13769=ORIENTED_EDGE('',*,*,#7935,.F.);
#13771=ORIENTED_EDGE('',*,*,#13770,.F.);
#13773=ORIENTED_EDGE('',*,*,#13772,.F.);
#13774=ORIENTED_EDGE('',*,*,#6731,.F.);
#13775=ORIENTED_EDGE('',*,*,#8971,.T.);
#13777=ORIENTED_EDGE('',*,*,#13776,.T.);
#13778=ORIENTED_EDGE('',*,*,#13756,.T.);
#13779=ORIENTED_EDGE('',*,*,#8016,.T.);
#13780=EDGE_LOOP('',(#13769,#13771,#13773,#13774,#13775,#13777,#13778,#13779));
#13781=FACE_OUTER_BOUND('',#13780,.F.);
#13782=ADVANCED_FACE('',(#13781),#13768,.T.);
#13783=CARTESIAN_POINT('',(1.725E0,4.E-1,1.E0));
#13784=DIRECTION('',(0.E0,-1.E0,0.E0));
#13785=DIRECTION('',(1.E0,0.E0,0.E0));
#13786=AXIS2_PLACEMENT_3D('',#13783,#13784,#13785);
#13787=PLANE('',#13786);
#13788=ORIENTED_EDGE('',*,*,#7933,.F.);
#13789=ORIENTED_EDGE('',*,*,#13745,.F.);
#13791=ORIENTED_EDGE('',*,*,#13790,.F.);
#13792=ORIENTED_EDGE('',*,*,#13770,.T.);
#13793=EDGE_LOOP('',(#13788,#13789,#13791,#13792));
#13794=FACE_OUTER_BOUND('',#13793,.F.);
#13795=ADVANCED_FACE('',(#13794),#13787,.F.);
#13796=CARTESIAN_POINT('',(1.925E0,0.E0,3.5E-1));
#13797=DIRECTION('',(1.E0,0.E0,0.E0));
#13798=DIRECTION('',(0.E0,0.E0,-1.E0));
#13799=AXIS2_PLACEMENT_3D('',#13796,#13797,#13798);
#13800=PLANE('',#13799);
#13801=ORIENTED_EDGE('',*,*,#13790,.T.);
#13802=ORIENTED_EDGE('',*,*,#13743,.F.);
#13803=ORIENTED_EDGE('',*,*,#6733,.F.);
#13804=ORIENTED_EDGE('',*,*,#13772,.T.);
#13805=EDGE_LOOP('',(#13801,#13802,#13803,#13804));
#13806=FACE_OUTER_BOUND('',#13805,.F.);
#13807=ADVANCED_FACE('',(#13806),#13800,.T.);
#13808=CARTESIAN_POINT('',(1.675E0,2.6E-1,1.E0));
#13809=DIRECTION('',(0.E0,-1.E0,0.E0));
#13810=DIRECTION('',(1.E0,0.E0,0.E0));
#13811=AXIS2_PLACEMENT_3D('',#13808,#13809,#13810);
#13812=PLANE('',#13811);
#13813=ORIENTED_EDGE('',*,*,#13776,.F.);
#13814=ORIENTED_EDGE('',*,*,#8969,.T.);
#13815=ORIENTED_EDGE('',*,*,#13739,.T.);
#13816=ORIENTED_EDGE('',*,*,#13758,.F.);
#13817=EDGE_LOOP('',(#13813,#13814,#13815,#13816));
#13818=FACE_OUTER_BOUND('',#13817,.F.);
#13819=ADVANCED_FACE('',(#13818),#13812,.F.);
#13820=CARTESIAN_POINT('',(1.38E0,2.5E-1,8.8E-1));
#13821=DIRECTION('',(-7.071067811865E-1,7.071067811865E-1,0.E0));
#13822=DIRECTION('',(-7.071067811865E-1,-7.071067811865E-1,0.E0));
#13823=AXIS2_PLACEMENT_3D('',#13820,#13821,#13822);
#13824=PLANE('',#13823);
#13825=ORIENTED_EDGE('',*,*,#8750,.F.);
#13826=ORIENTED_EDGE('',*,*,#8711,.T.);
#13828=ORIENTED_EDGE('',*,*,#13827,.T.);
#13829=ORIENTED_EDGE('',*,*,#7027,.F.);
#13830=EDGE_LOOP('',(#13825,#13826,#13828,#13829));
#13831=FACE_OUTER_BOUND('',#13830,.F.);
#13832=ADVANCED_FACE('',(#13831),#13824,.F.);
#13833=CARTESIAN_POINT('',(1.19E0,6.E-2,8.8E-1));
#13834=DIRECTION('',(0.E0,1.E0,0.E0));
#13835=DIRECTION('',(-1.E0,0.E0,0.E0));
#13836=AXIS2_PLACEMENT_3D('',#13833,#13834,#13835);
#13837=PLANE('',#13836);
#13838=ORIENTED_EDGE('',*,*,#13827,.F.);
#13839=ORIENTED_EDGE('',*,*,#8709,.T.);
#13840=ORIENTED_EDGE('',*,*,#8283,.T.);
#13841=ORIENTED_EDGE('',*,*,#7029,.F.);
#13842=EDGE_LOOP('',(#13838,#13839,#13840,#13841));
#13843=FACE_OUTER_BOUND('',#13842,.F.);
#13844=ADVANCED_FACE('',(#13843),#13837,.F.);
#13845=CARTESIAN_POINT('',(1.19E0,6.E-2,-8.8E-1));
#13846=DIRECTION('',(0.E0,-1.E0,0.E0));
#13847=DIRECTION('',(-1.E0,0.E0,0.E0));
#13848=AXIS2_PLACEMENT_3D('',#13845,#13846,#13847);
#13849=PLANE('',#13848);
#13850=ORIENTED_EDGE('',*,*,#8247,.F.);
#13851=ORIENTED_EDGE('',*,*,#8218,.T.);
#13852=ORIENTED_EDGE('',*,*,#7503,.T.);
#13853=ORIENTED_EDGE('',*,*,#8330,.F.);
#13854=EDGE_LOOP('',(#13850,#13851,#13852,#13853));
#13855=FACE_OUTER_BOUND('',#13854,.F.);
#13856=ADVANCED_FACE('',(#13855),#13849,.T.);
#13857=CARTESIAN_POINT('',(1.805E0,1.E-1,-5.95E-1));
#13858=DIRECTION('',(0.E0,0.E0,-1.E0));
#13859=DIRECTION('',(-1.E0,0.E0,0.E0));
#13860=AXIS2_PLACEMENT_3D('',#13857,#13858,#13859);
#13861=CYLINDRICAL_SURFACE('',#13860,1.2E-1);
#13862=ORIENTED_EDGE('',*,*,#8129,.T.);
#13863=ORIENTED_EDGE('',*,*,#8096,.T.);
#13864=ORIENTED_EDGE('',*,*,#8051,.F.);
#13866=ORIENTED_EDGE('',*,*,#13865,.F.);
#13867=EDGE_LOOP('',(#13862,#13863,#13864,#13866));
#13868=FACE_OUTER_BOUND('',#13867,.F.);
#13869=ADVANCED_FACE('',(#13868),#13861,.T.);
#13870=CARTESIAN_POINT('',(1.845E0,-2.E-2,-5.95E-1));
#13871=DIRECTION('',(0.E0,-1.E0,0.E0));
#13872=DIRECTION('',(-1.E0,0.E0,0.E0));
#13873=AXIS2_PLACEMENT_3D('',#13870,#13871,#13872);
#13874=PLANE('',#13873);
#13875=ORIENTED_EDGE('',*,*,#8131,.T.);
#13876=ORIENTED_EDGE('',*,*,#13865,.T.);
#13877=ORIENTED_EDGE('',*,*,#8049,.F.);
#13879=ORIENTED_EDGE('',*,*,#13878,.F.);
#13880=EDGE_LOOP('',(#13875,#13876,#13877,#13879));
#13881=FACE_OUTER_BOUND('',#13880,.F.);
#13882=ADVANCED_FACE('',(#13881),#13874,.T.);
#13883=CARTESIAN_POINT('',(1.865E0,0.E0,-5.95E-1));
#13884=DIRECTION('',(7.071067811865E-1,-7.071067811865E-1,0.E0));
#13885=DIRECTION('',(-7.071067811865E-1,-7.071067811865E-1,0.E0));
#13886=AXIS2_PLACEMENT_3D('',#13883,#13884,#13885);
#13887=PLANE('',#13886);
#13888=ORIENTED_EDGE('',*,*,#8133,.T.);
#13889=ORIENTED_EDGE('',*,*,#13878,.T.);
#13890=ORIENTED_EDGE('',*,*,#8047,.F.);
#13892=ORIENTED_EDGE('',*,*,#13891,.F.);
#13893=EDGE_LOOP('',(#13888,#13889,#13890,#13892));
#13894=FACE_OUTER_BOUND('',#13893,.F.);
#13895=ADVANCED_FACE('',(#13894),#13887,.T.);
#13896=CARTESIAN_POINT('',(1.905E0,0.E0,-5.95E-1));
#13897=DIRECTION('',(0.E0,-1.E0,0.E0));
#13898=DIRECTION('',(-1.E0,0.E0,0.E0));
#13899=AXIS2_PLACEMENT_3D('',#13896,#13897,#13898);
#13900=PLANE('',#13899);
#13901=ORIENTED_EDGE('',*,*,#8135,.T.);
#13902=ORIENTED_EDGE('',*,*,#13891,.T.);
#13903=ORIENTED_EDGE('',*,*,#8045,.F.);
#13905=ORIENTED_EDGE('',*,*,#13904,.F.);
#13906=EDGE_LOOP('',(#13901,#13902,#13903,#13905));
#13907=FACE_OUTER_BOUND('',#13906,.F.);
#13908=ADVANCED_FACE('',(#13907),#13900,.T.);
#13909=CARTESIAN_POINT('',(1.905E0,6.E-2,-5.95E-1));
#13910=DIRECTION('',(1.E0,0.E0,0.E0));
#13911=DIRECTION('',(0.E0,-1.E0,0.E0));
#13912=AXIS2_PLACEMENT_3D('',#13909,#13910,#13911);
#13913=PLANE('',#13912);
#13914=ORIENTED_EDGE('',*,*,#8137,.T.);
#13915=ORIENTED_EDGE('',*,*,#13904,.T.);
#13916=ORIENTED_EDGE('',*,*,#8043,.F.);
#13918=ORIENTED_EDGE('',*,*,#13917,.F.);
#13919=EDGE_LOOP('',(#13914,#13915,#13916,#13918));
#13920=FACE_OUTER_BOUND('',#13919,.F.);
#13921=ADVANCED_FACE('',(#13920),#13913,.T.);
#13922=CARTESIAN_POINT('',(1.805E0,6.E-2,-5.95E-1));
#13923=DIRECTION('',(0.E0,1.E0,0.E0));
#13924=DIRECTION('',(1.E0,0.E0,0.E0));
#13925=AXIS2_PLACEMENT_3D('',#13922,#13923,#13924);
#13926=PLANE('',#13925);
#13927=ORIENTED_EDGE('',*,*,#8139,.T.);
#13928=ORIENTED_EDGE('',*,*,#13917,.T.);
#13929=ORIENTED_EDGE('',*,*,#8041,.F.);
#13931=ORIENTED_EDGE('',*,*,#13930,.F.);
#13932=EDGE_LOOP('',(#13927,#13928,#13929,#13931));
#13933=FACE_OUTER_BOUND('',#13932,.F.);
#13934=ADVANCED_FACE('',(#13933),#13926,.T.);
#13935=CARTESIAN_POINT('',(1.805E0,1.E-1,-5.95E-1));
#13936=DIRECTION('',(0.E0,0.E0,-1.E0));
#13937=DIRECTION('',(-1.E0,0.E0,0.E0));
#13938=AXIS2_PLACEMENT_3D('',#13935,#13936,#13937);
#13939=CYLINDRICAL_SURFACE('',#13938,4.E-2);
#13940=ORIENTED_EDGE('',*,*,#8141,.T.);
#13941=ORIENTED_EDGE('',*,*,#13930,.T.);
#13942=ORIENTED_EDGE('',*,*,#8039,.F.);
#13943=ORIENTED_EDGE('',*,*,#7925,.F.);
#13944=EDGE_LOOP('',(#13940,#13941,#13942,#13943));
#13945=FACE_OUTER_BOUND('',#13944,.F.);
#13946=ADVANCED_FACE('',(#13945),#13939,.F.);
#13947=CARTESIAN_POINT('',(-1.256299423149E0,3.95E-1,8.8E-1));
#13948=DIRECTION('',(-7.071067811865E-1,-7.071067811865E-1,0.E0));
#13949=DIRECTION('',(7.071067811865E-1,-7.071067811865E-1,0.E0));
#13950=AXIS2_PLACEMENT_3D('',#13947,#13948,#13949);
#13951=PLANE('',#13950);
#13953=ORIENTED_EDGE('',*,*,#13952,.T.);
#13954=ORIENTED_EDGE('',*,*,#6998,.F.);
#13955=ORIENTED_EDGE('',*,*,#7479,.T.);
#13956=ORIENTED_EDGE('',*,*,#6838,.T.);
#13957=EDGE_LOOP('',(#13953,#13954,#13955,#13956));
#13958=FACE_OUTER_BOUND('',#13957,.F.);
#13959=ADVANCED_FACE('',(#13958),#13951,.F.);
#13960=CARTESIAN_POINT('',(-1.101299423149E0,2.4E-1,8.8E-1));
#13961=DIRECTION('',(0.E0,-1.E0,0.E0));
#13962=DIRECTION('',(1.E0,0.E0,0.E0));
#13963=AXIS2_PLACEMENT_3D('',#13960,#13961,#13962);
#13964=PLANE('',#13963);
#13965=ORIENTED_EDGE('',*,*,#13952,.F.);
#13966=ORIENTED_EDGE('',*,*,#6836,.T.);
#13967=ORIENTED_EDGE('',*,*,#6933,.T.);
#13968=ORIENTED_EDGE('',*,*,#7000,.F.);
#13969=EDGE_LOOP('',(#13965,#13966,#13967,#13968));
#13970=FACE_OUTER_BOUND('',#13969,.F.);
#13971=ADVANCED_FACE('',(#13970),#13964,.F.);
#13972=CLOSED_SHELL('',(#6791,#6822,#6846,#6877,#6909,#6924,#6954,#6986,#7015,
#7047,#7065,#7082,#7112,#7141,#7160,#7179,#7193,#7211,#7228,#7247,#7270,#7289,
#7303,#7319,#7332,#7345,#7367,#7381,#7397,#7409,#7425,#7442,#7454,#7470,#7483,
#7515,#7542,#7561,#7574,#7592,#7610,#7638,#7666,#7684,#7698,#7719,#7732,#7744,
#7755,#7778,#7796,#7815,#7833,#7852,#7870,#7882,#7900,#7941,#7972,#8004,#8025,
#8055,#8087,#8102,#8116,#8145,#8177,#8196,#8208,#8222,#8251,#8274,#8305,#8335,
#8349,#8363,#8377,#8391,#8405,#8419,#8433,#8459,#8473,#8487,#8504,#8521,#8546,
#8560,#8574,#8588,#8602,#8616,#8630,#8643,#8665,#8686,#8715,#8736,#8755,#8767,
#8797,#8829,#8843,#8856,#8869,#8882,#8895,#8908,#8921,#8933,#8946,#8981,#9003,
#9024,#9044,#9064,#9078,#9091,#9129,#9147,#9160,#9196,#9209,#9222,#9235,#9248,
#9261,#9274,#9287,#9300,#9312,#9331,#9351,#9365,#9384,#9397,#9409,#9421,#9434,
#9447,#9460,#9473,#9486,#9499,#9512,#9525,#9537,#9555,#9567,#9594,#9615,#9628,
#9640,#9653,#9666,#9678,#9692,#9706,#9719,#9778,#9840,#9862,#9884,#9898,#9918,
#9937,#9950,#9963,#9976,#10029,#10108,#10167,#10181,#10239,#10252,#10265,#10278,
#10290,#10303,#10316,#10327,#10339,#10353,#10365,#10378,#10389,#10401,#10413,
#10426,#10438,#10450,#10464,#10512,#10523,#10534,#10547,#10560,#10573,#10583,
#10594,#10607,#10620,#10632,#10645,#10657,#10670,#10682,#10693,#10704,#10717,
#10730,#10743,#10753,#10764,#10777,#10790,#10802,#10815,#10827,#10840,#10852,
#10863,#10874,#10887,#10900,#10913,#10923,#10934,#10947,#10960,#10972,#10985,
#10997,#11010,#11022,#11043,#11059,#11077,#11094,#11105,#11120,#11132,#11150,
#11168,#11180,#11196,#11212,#11224,#11243,#11257,#11271,#11284,#11296,#11311,
#11324,#11337,#11349,#11360,#11376,#11393,#11412,#11430,#11448,#11465,#11478,
#11491,#11513,#11526,#11539,#11552,#11565,#11578,#11590,#11603,#11619,#11631,
#11646,#11667,#11680,#11692,#11704,#11717,#11730,#11743,#11756,#11769,#11782,
#11794,#11806,#11819,#11838,#11850,#11864,#11877,#11892,#11904,#11917,#11929,
#11951,#11972,#11989,#12000,#12018,#12030,#12044,#12057,#12068,#12081,#12093,
#12106,#12118,#12135,#12152,#12168,#12183,#12197,#12213,#12225,#12238,#12251,
#12265,#12277,#12289,#12301,#12313,#12326,#12338,#12350,#12363,#12376,#12388,
#12403,#12425,#12440,#12454,#12467,#12486,#12499,#12512,#12524,#12539,#12561,
#12575,#12589,#12603,#12617,#12631,#12644,#12660,#12675,#12697,#12712,#12726,
#12739,#12758,#12771,#12784,#12796,#12811,#12833,#12847,#12861,#12875,#12889,
#12903,#12916,#12932,#12947,#12969,#12984,#12998,#13011,#13030,#13043,#13056,
#13068,#13083,#13105,#13119,#13133,#13147,#13161,#13175,#13188,#13204,#13219,
#13241,#13256,#13270,#13283,#13302,#13315,#13328,#13340,#13355,#13377,#13391,
#13405,#13419,#13433,#13447,#13460,#13476,#13487,#13500,#13512,#13525,#13537,
#13550,#13563,#13576,#13589,#13601,#13614,#13627,#13640,#13653,#13665,#13678,
#13691,#13704,#13717,#13729,#13749,#13763,#13782,#13795,#13807,#13819,#13832,
#13844,#13856,#13869,#13882,#13895,#13908,#13921,#13934,#13946,#13959,#13971));
#13973=MANIFOLD_SOLID_BREP('',#13972);
#13974=CARTESIAN_POINT('',(0.E0,0.E0,0.E0));
#13975=DIRECTION('',(0.E0,0.E0,1.E0));
#13976=DIRECTION('',(1.E0,0.E0,0.E0));
#13977=AXIS2_PLACEMENT_3D('CSYS',#13974,#13975,#13976);
#13978=DIRECTION('',(0.E0,0.E0,-1.E0));
#13979=VECTOR('',#13978,4.E-1);
#13980=CARTESIAN_POINT('',(-6.15E-1,0.E0,1.15E0));
#13981=LINE('',#13980,#13979);
#13984=DIRECTION('',(1.E0,0.E0,0.E0));
#13985=VECTOR('',#13984,1.8E-1);
#13986=CARTESIAN_POINT('',(-6.15E-1,0.E0,7.5E-1));
#13987=LINE('',#13986,#13985);
#13990=DIRECTION('',(0.E0,0.E0,1.E0));
#13991=VECTOR('',#13990,4.E-1);
#13992=CARTESIAN_POINT('',(-4.35E-1,0.E0,7.5E-1));
#13993=LINE('',#13992,#13991);
#13996=DIRECTION('',(-1.E0,0.E0,0.E0));
#13997=VECTOR('',#13996,1.8E-1);
#13998=CARTESIAN_POINT('',(-4.35E-1,0.E0,1.15E0));
#13999=LINE('',#13998,#13997);
#14004=DIRECTION('',(1.E0,0.E0,0.E0));
#14005=VECTOR('',#14004,1.8E-1);
#14006=CARTESIAN_POINT('',(-6.15E-1,0.E0,-1.15E0));
#14007=LINE('',#14006,#14005);
#14010=DIRECTION('',(0.E0,0.E0,1.E0));
#14011=VECTOR('',#14010,4.E-1);
#14012=CARTESIAN_POINT('',(-4.35E-1,0.E0,-1.15E0));
#14013=LINE('',#14012,#14011);
#14016=DIRECTION('',(-1.E0,0.E0,0.E0));
#14017=VECTOR('',#14016,1.8E-1);
#14018=CARTESIAN_POINT('',(-4.35E-1,0.E0,-7.5E-1));
#14019=LINE('',#14018,#14017);
#14022=DIRECTION('',(0.E0,0.E0,-1.E0));
#14023=VECTOR('',#14022,4.E-1);
#14024=CARTESIAN_POINT('',(-6.15E-1,0.E0,-7.5E-1));
#14025=LINE('',#14024,#14023);
#14029=DIRECTION('',(0.E0,0.E0,-1.E0));
#14030=VECTOR('',#14029,4.E-1);
#14031=CARTESIAN_POINT('',(-2.65E-1,0.E0,1.15E0));
#14032=LINE('',#14031,#14030);
#14035=DIRECTION('',(1.E0,0.E0,0.E0));
#14036=VECTOR('',#14035,1.8E-1);
#14037=CARTESIAN_POINT('',(-2.65E-1,0.E0,7.5E-1));
#14038=LINE('',#14037,#14036);
#14041=DIRECTION('',(0.E0,0.E0,1.E0));
#14042=VECTOR('',#14041,4.E-1);
#14043=CARTESIAN_POINT('',(-8.5E-2,0.E0,7.5E-1));
#14044=LINE('',#14043,#14042);
#14047=DIRECTION('',(-1.E0,0.E0,0.E0));
#14048=VECTOR('',#14047,1.8E-1);
#14049=CARTESIAN_POINT('',(-8.5E-2,0.E0,1.15E0));
#14050=LINE('',#14049,#14048);
#14054=DIRECTION('',(1.E0,0.E0,0.E0));
#14055=VECTOR('',#14054,1.8E-1);
#14056=CARTESIAN_POINT('',(-2.65E-1,0.E0,-1.15E0));
#14057=LINE('',#14056,#14055);
#14060=DIRECTION('',(0.E0,0.E0,1.E0));
#14061=VECTOR('',#14060,4.E-1);
#14062=CARTESIAN_POINT('',(-8.5E-2,0.E0,-1.15E0));
#14063=LINE('',#14062,#14061);
#14066=DIRECTION('',(-1.E0,0.E0,0.E0));
#14067=VECTOR('',#14066,1.8E-1);
#14068=CARTESIAN_POINT('',(-8.5E-2,0.E0,-7.5E-1));
#14069=LINE('',#14068,#14067);
#14072=DIRECTION('',(0.E0,0.E0,-1.E0));
#14073=VECTOR('',#14072,4.E-1);
#14074=CARTESIAN_POINT('',(-2.65E-1,0.E0,-7.5E-1));
#14075=LINE('',#14074,#14073);
#14079=DIRECTION('',(0.E0,0.E0,-1.E0));
#14080=VECTOR('',#14079,4.E-1);
#14081=CARTESIAN_POINT('',(8.5E-2,0.E0,1.15E0));
#14082=LINE('',#14081,#14080);
#14085=DIRECTION('',(1.E0,0.E0,0.E0));
#14086=VECTOR('',#14085,1.8E-1);
#14087=CARTESIAN_POINT('',(8.5E-2,0.E0,7.5E-1));
#14088=LINE('',#14087,#14086);
#14091=DIRECTION('',(0.E0,0.E0,1.E0));
#14092=VECTOR('',#14091,4.E-1);
#14093=CARTESIAN_POINT('',(2.65E-1,0.E0,7.5E-1));
#14094=LINE('',#14093,#14092);
#14097=DIRECTION('',(-1.E0,0.E0,0.E0));
#14098=VECTOR('',#14097,1.8E-1);
#14099=CARTESIAN_POINT('',(2.65E-1,0.E0,1.15E0));
#14100=LINE('',#14099,#14098);
#14104=DIRECTION('',(1.E0,0.E0,0.E0));
#14105=VECTOR('',#14104,1.8E-1);
#14106=CARTESIAN_POINT('',(8.5E-2,0.E0,-1.15E0));
#14107=LINE('',#14106,#14105);
#14110=DIRECTION('',(0.E0,0.E0,1.E0));
#14111=VECTOR('',#14110,4.E-1);
#14112=CARTESIAN_POINT('',(2.65E-1,0.E0,-1.15E0));
#14113=LINE('',#14112,#14111);
#14116=DIRECTION('',(-1.E0,0.E0,0.E0));
#14117=VECTOR('',#14116,1.8E-1);
#14118=CARTESIAN_POINT('',(2.65E-1,0.E0,-7.5E-1));
#14119=LINE('',#14118,#14117);
#14122=DIRECTION('',(0.E0,0.E0,-1.E0));
#14123=VECTOR('',#14122,4.E-1);
#14124=CARTESIAN_POINT('',(8.5E-2,0.E0,-7.5E-1));
#14125=LINE('',#14124,#14123);
#14129=DIRECTION('',(0.E0,0.E0,-1.E0));
#14130=VECTOR('',#14129,4.E-1);
#14131=CARTESIAN_POINT('',(4.35E-1,0.E0,1.15E0));
#14132=LINE('',#14131,#14130);
#14135=DIRECTION('',(1.E0,0.E0,0.E0));
#14136=VECTOR('',#14135,1.8E-1);
#14137=CARTESIAN_POINT('',(4.35E-1,0.E0,7.5E-1));
#14138=LINE('',#14137,#14136);
#14141=DIRECTION('',(0.E0,0.E0,1.E0));
#14142=VECTOR('',#14141,4.E-1);
#14143=CARTESIAN_POINT('',(6.15E-1,0.E0,7.5E-1));
#14144=LINE('',#14143,#14142);
#14147=DIRECTION('',(-1.E0,0.E0,0.E0));
#14148=VECTOR('',#14147,1.8E-1);
#14149=CARTESIAN_POINT('',(6.15E-1,0.E0,1.15E0));
#14150=LINE('',#14149,#14148);
#14154=DIRECTION('',(1.E0,0.E0,0.E0));
#14155=VECTOR('',#14154,1.8E-1);
#14156=CARTESIAN_POINT('',(4.35E-1,0.E0,-1.15E0));
#14157=LINE('',#14156,#14155);
#14160=DIRECTION('',(0.E0,0.E0,1.E0));
#14161=VECTOR('',#14160,4.E-1);
#14162=CARTESIAN_POINT('',(6.15E-1,0.E0,-1.15E0));
#14163=LINE('',#14162,#14161);
#14166=DIRECTION('',(-1.E0,0.E0,0.E0));
#14167=VECTOR('',#14166,1.8E-1);
#14168=CARTESIAN_POINT('',(6.15E-1,0.E0,-7.5E-1));
#14169=LINE('',#14168,#14167);
#14172=DIRECTION('',(0.E0,0.E0,-1.E0));
#14173=VECTOR('',#14172,4.E-1);
#14174=CARTESIAN_POINT('',(4.35E-1,0.E0,-7.5E-1));
#14175=LINE('',#14174,#14173);
#14179=DIRECTION('',(0.E0,0.E0,-1.E0));
#14180=VECTOR('',#14179,3.85E-1);
#14181=CARTESIAN_POINT('',(-2.005E0,0.E0,6.75E-1));
#14182=LINE('',#14181,#14180);
#14185=DIRECTION('',(1.E0,0.E0,0.E0));
#14186=VECTOR('',#14185,4.E-1);
#14187=CARTESIAN_POINT('',(-2.005E0,0.E0,2.9E-1));
#14188=LINE('',#14187,#14186);
#14191=DIRECTION('',(0.E0,0.E0,1.E0));
#14192=VECTOR('',#14191,3.85E-1);
#14193=CARTESIAN_POINT('',(-1.605E0,0.E0,2.9E-1));
#14194=LINE('',#14193,#14192);
#14197=DIRECTION('',(-1.E0,0.E0,0.E0));
#14198=VECTOR('',#14197,4.E-1);
#14199=CARTESIAN_POINT('',(-1.605E0,0.E0,6.75E-1));
#14200=LINE('',#14199,#14198);
#14204=DIRECTION('',(1.E0,0.E0,0.E0));
#14205=VECTOR('',#14204,4.E-1);
#14206=CARTESIAN_POINT('',(-2.005E0,0.E0,-6.75E-1));
#14207=LINE('',#14206,#14205);
#14210=DIRECTION('',(0.E0,0.E0,1.E0));
#14211=VECTOR('',#14210,3.85E-1);
#14212=CARTESIAN_POINT('',(-1.605E0,0.E0,-6.75E-1));
#14213=LINE('',#14212,#14211);
#14216=DIRECTION('',(-1.E0,0.E0,0.E0));
#14217=VECTOR('',#14216,4.E-1);
#14218=CARTESIAN_POINT('',(-1.605E0,0.E0,-2.9E-1));
#14219=LINE('',#14218,#14217);
#14222=DIRECTION('',(0.E0,0.E0,-1.E0));
#14223=VECTOR('',#14222,3.85E-1);
#14224=CARTESIAN_POINT('',(-2.005E0,0.E0,-2.9E-1));
#14225=LINE('',#14224,#14223);
#14229=DIRECTION('',(-1.E0,0.E0,0.E0));
#14230=VECTOR('',#14229,4.E-1);
#14231=CARTESIAN_POINT('',(2.005E0,0.E0,6.75E-1));
#14232=LINE('',#14231,#14230);
#14235=DIRECTION('',(0.E0,0.E0,-1.E0));
#14236=VECTOR('',#14235,3.85E-1);
#14237=CARTESIAN_POINT('',(1.605E0,0.E0,6.75E-1));
#14238=LINE('',#14237,#14236);
#14241=DIRECTION('',(1.E0,0.E0,0.E0));
#14242=VECTOR('',#14241,4.E-1);
#14243=CARTESIAN_POINT('',(1.605E0,0.E0,2.9E-1));
#14244=LINE('',#14243,#14242);
#14247=DIRECTION('',(0.E0,0.E0,1.E0));
#14248=VECTOR('',#14247,3.85E-1);
#14249=CARTESIAN_POINT('',(2.005E0,0.E0,2.9E-1));
#14250=LINE('',#14249,#14248);
#14254=DIRECTION('',(0.E0,0.E0,1.E0));
#14255=VECTOR('',#14254,3.85E-1);
#14256=CARTESIAN_POINT('',(2.005E0,0.E0,-6.75E-1));
#14257=LINE('',#14256,#14255);
#14260=DIRECTION('',(-1.E0,0.E0,0.E0));
#14261=VECTOR('',#14260,4.E-1);
#14262=CARTESIAN_POINT('',(2.005E0,0.E0,-2.9E-1));
#14263=LINE('',#14262,#14261);
#14266=DIRECTION('',(0.E0,0.E0,-1.E0));
#14267=VECTOR('',#14266,3.85E-1);
#14268=CARTESIAN_POINT('',(1.605E0,0.E0,-2.9E-1));
#14269=LINE('',#14268,#14267);
#14272=DIRECTION('',(1.E0,0.E0,0.E0));
#14273=VECTOR('',#14272,4.E-1);
#14274=CARTESIAN_POINT('',(1.605E0,0.E0,-6.75E-1));
#14275=LINE('',#14274,#14273);
#14280=DIMENSIONAL_EXPONENTS(0.E0,0.E0,0.E0,0.E0,0.E0,0.E0,0.E0);
#14282=PLANE_ANGLE_MEASURE_WITH_UNIT(PLANE_ANGLE_MEASURE(1.745329251994E-2),
#14281);
#14283=(CONVERSION_BASED_UNIT('DEGREE',#14282)NAMED_UNIT(*)PLANE_ANGLE_UNIT());
#14285=UNCERTAINTY_MEASURE_WITH_UNIT(LENGTH_MEASURE(4.772148679415E-4),#14279,
'closure',
'Maximum model space distance between geometric entities at asserted connectivities');
#14286=(GEOMETRIC_REPRESENTATION_CONTEXT(3)GLOBAL_UNCERTAINTY_ASSIGNED_CONTEXT((
#14285))GLOBAL_UNIT_ASSIGNED_CONTEXT((#14279,#14283,#14284))REPRESENTATION_CONTEXT('ID1','3'));
#14003=GEOMETRIC_SET('',(#14002,#14028,#14053,#14078,#14103,#14128,#14153,
#14178,#14203,#14228,#14253,#14278));
#14290=SHAPE_REPRESENTATION_RELATIONSHIP('','',#14289,#14287);
#14291=SHAPE_REPRESENTATION_RELATIONSHIP('','',#14289,#14288);
#14292=APPLICATION_CONTEXT(
'CONFIGURATION CONTROLLED 3D DESIGNS OF MECHANICAL PARTS AND ASSEMBLIES');
#14293=APPLICATION_PROTOCOL_DEFINITION('international standard',
'config_control_design',1994,#14292);
#14294=DESIGN_CONTEXT('',#14292,'design');
#14295=MECHANICAL_CONTEXT('',#14292,'mechanical');
#14296=PRODUCT('5050660822','5050660822','NOT SPECIFIED',(#14295));
#14297=PRODUCT_DEFINITION_FORMATION_WITH_SPECIFIED_SOURCE('4','LAST_VERSION',
#14296,.MADE.);
#14301=PRODUCT_CATEGORY('part','');
#14302=PRODUCT_RELATED_PRODUCT_CATEGORY('detail','',(#14296));
#14303=PRODUCT_CATEGORY_RELATIONSHIP('','',#14301,#14302);
#14304=SECURITY_CLASSIFICATION_LEVEL('unclassified');
#14305=SECURITY_CLASSIFICATION('','',#14304);
#14306=CC_DESIGN_SECURITY_CLASSIFICATION(#14305,(#14297));
#14307=APPROVAL_STATUS('approved');
#14308=APPROVAL(#14307,'');
#14309=CC_DESIGN_APPROVAL(#14308,(#14305,#14297,#14298));
#14310=CALENDAR_DATE(119,29,3);
#14311=COORDINATED_UNIVERSAL_TIME_OFFSET(5,30,.AHEAD.);
#14312=LOCAL_TIME(15,15,3.8E1,#14311);
#14313=DATE_AND_TIME(#14310,#14312);
#14314=APPROVAL_DATE_TIME(#14313,#14308);
#14315=DATE_TIME_ROLE('creation_date');
#14316=CC_DESIGN_DATE_AND_TIME_ASSIGNMENT(#14313,#14315,(#14298));
#14317=DATE_TIME_ROLE('classification_date');
#14318=CC_DESIGN_DATE_AND_TIME_ASSIGNMENT(#14313,#14317,(#14305));
#14319=PERSON('UNSPECIFIED','UNSPECIFIED',$,$,$,$);
#14320=ORGANIZATION('UNSPECIFIED','UNSPECIFIED','UNSPECIFIED');
#14321=PERSON_AND_ORGANIZATION(#14319,#14320);
#14322=APPROVAL_ROLE('approver');
#14323=APPROVAL_PERSON_ORGANIZATION(#14321,#14308,#14322);
#14324=PERSON_AND_ORGANIZATION_ROLE('creator');
#14325=CC_DESIGN_PERSON_AND_ORGANIZATION_ASSIGNMENT(#14321,#14324,(#14297,
#14298));
#14326=PERSON_AND_ORGANIZATION_ROLE('design_supplier');
#14327=CC_DESIGN_PERSON_AND_ORGANIZATION_ASSIGNMENT(#14321,#14326,(#14297));
#14328=PERSON_AND_ORGANIZATION_ROLE('classification_officer');
#14329=CC_DESIGN_PERSON_AND_ORGANIZATION_ASSIGNMENT(#14321,#14328,(#14305));
#14330=PERSON_AND_ORGANIZATION_ROLE('design_owner');
#14331=CC_DESIGN_PERSON_AND_ORGANIZATION_ASSIGNMENT(#14321,#14330,(#14296));
#25=CIRCLE('',#24,2.E-1);
#66=CIRCLE('',#65,2.E-1);
#99=CIRCLE('',#98,2.E-1);
#140=CIRCLE('',#139,2.E-1);
#205=CIRCLE('',#204,1.2E-1);
#214=CIRCLE('',#213,9.E-2);
#223=CIRCLE('',#222,9.E-2);
#244=CIRCLE('',#243,1.2E-1);
#257=CIRCLE('',#256,9.E-2);
#266=CIRCLE('',#265,9.E-2);
#271=CIRCLE('',#270,1.2E-1);
#296=CIRCLE('',#295,9.E-2);
#305=CIRCLE('',#304,9.E-2);
#314=CIRCLE('',#313,1.2E-1);
#323=CIRCLE('',#322,9.E-2);
#332=CIRCLE('',#331,9.E-2);
#469=CIRCLE('',#468,1.2E-1);
#474=CIRCLE('',#473,1.2E-1);
#503=B_SPLINE_CURVE_WITH_KNOTS('',3,(#495,#496,#497,#498,#499,#500,#501,#502),
.UNSPECIFIED.,.F.,.F.,(4,1,1,1,1,4),(0.E0,1.25E-1,2.5E-1,5.E-1,7.5E-1,1.E0),
.UNSPECIFIED.);
#517=B_SPLINE_CURVE_WITH_KNOTS('',3,(#512,#513,#514,#515,#516),.UNSPECIFIED.,
.F.,.F.,(4,1,4),(0.E0,5.E-1,1.E0),.UNSPECIFIED.);
#578=B_SPLINE_CURVE_WITH_KNOTS('',3,(#574,#575,#576,#577),.UNSPECIFIED.,.F.,.F.,
(4,4),(0.E0,1.E0),.UNSPECIFIED.);
#584=B_SPLINE_CURVE_WITH_KNOTS('',3,(#579,#580,#581,#582,#583),.UNSPECIFIED.,
.F.,.F.,(4,1,4),(0.E0,5.E-1,1.E0),.UNSPECIFIED.);
#646=B_SPLINE_CURVE_WITH_KNOTS('',3,(#641,#642,#643,#644,#645),.UNSPECIFIED.,
.F.,.F.,(4,1,4),(0.E0,5.E-1,1.E0),.UNSPECIFIED.);
#651=B_SPLINE_CURVE_WITH_KNOTS('',3,(#647,#648,#649,#650),.UNSPECIFIED.,.F.,.F.,
(4,4),(0.E0,1.E0),.UNSPECIFIED.);
#680=CIRCLE('',#679,1.2E-1);
#697=B_SPLINE_CURVE_WITH_KNOTS('',3,(#689,#690,#691,#692,#693,#694,#695,#696),
.UNSPECIFIED.,.F.,.F.,(4,1,1,1,1,4),(0.E0,2.5E-1,5.E-1,7.5E-1,8.75E-1,1.E0),
.UNSPECIFIED.);
#703=B_SPLINE_CURVE_WITH_KNOTS('',3,(#698,#699,#700,#701,#702),.UNSPECIFIED.,
.F.,.F.,(4,1,4),(0.E0,5.E-1,1.E0),.UNSPECIFIED.);
#824=CIRCLE('',#823,1.2E-1);
#861=CIRCLE('',#860,1.2E-1);
#926=CIRCLE('',#925,1.2E-1);
#935=B_SPLINE_CURVE_WITH_KNOTS('',3,(#927,#928,#929,#930,#931,#932,#933,#934),
.UNSPECIFIED.,.F.,.F.,(4,1,1,1,1,4),(0.E0,2.5E-1,5.E-1,7.5E-1,8.75E-1,1.E0),
.UNSPECIFIED.);
#941=B_SPLINE_CURVE_WITH_KNOTS('',3,(#936,#937,#938,#939,#940),.UNSPECIFIED.,
.F.,.F.,(4,1,4),(0.E0,5.E-1,1.E0),.UNSPECIFIED.);
#962=B_SPLINE_CURVE_WITH_KNOTS('',3,(#958,#959,#960,#961),.UNSPECIFIED.,.F.,.F.,
(4,4),(0.E0,1.E0),.UNSPECIFIED.);
#976=B_SPLINE_CURVE_WITH_KNOTS('',3,(#971,#972,#973,#974,#975),.UNSPECIFIED.,
.F.,.F.,(4,1,4),(0.E0,5.E-1,1.E0),.UNSPECIFIED.);
#1005=CIRCLE('',#1004,1.2E-1);
#1074=B_SPLINE_CURVE_WITH_KNOTS('',3,(#1070,#1071,#1072,#1073),.UNSPECIFIED.,
.F.,.F.,(4,4),(0.E0,1.E0),.UNSPECIFIED.);
#1079=B_SPLINE_CURVE_WITH_KNOTS('',3,(#1075,#1076,#1077,#1078),.UNSPECIFIED.,
.F.,.F.,(4,4),(0.E0,1.E0),.UNSPECIFIED.);
#1092=CIRCLE('',#1091,1.2E-1);
#1149=CIRCLE('',#1148,1.2E-1);
#1174=CIRCLE('',#1173,4.E-2);
#1179=CIRCLE('',#1178,4.E-2);
#1204=CIRCLE('',#1203,1.2E-1);
#1229=CIRCLE('',#1228,4.E-2);
#1254=CIRCLE('',#1253,1.2E-1);
#1267=CIRCLE('',#1266,1.2E-1);
#1292=CIRCLE('',#1291,4.E-2);
#1317=CIRCLE('',#1316,1.2E-1);
#1342=CIRCLE('',#1341,4.E-2);
#1347=CIRCLE('',#1346,4.E-2);
#1372=CIRCLE('',#1371,1.2E-1);
#1385=CIRCLE('',#1384,1.2E-1);
#1458=CIRCLE('',#1457,1.2E-1);
#1483=CIRCLE('',#1482,9.E-2);
#1492=CIRCLE('',#1491,9.E-2);
#1501=CIRCLE('',#1500,1.2E-1);
#1506=CIRCLE('',#1505,9.E-2);
#1515=CIRCLE('',#1514,9.E-2);
#1668=CIRCLE('',#1667,1.2E-1);
#1677=CIRCLE('',#1676,9.E-2);
#1686=CIRCLE('',#1685,9.E-2);
#1707=CIRCLE('',#1706,1.2E-1);
#1720=CIRCLE('',#1719,9.E-2);
#1729=CIRCLE('',#1728,9.E-2);
#1794=CIRCLE('',#1793,1.2E-1);
#1815=CIRCLE('',#1814,4.E-2);
#1840=CIRCLE('',#1839,1.2E-1);
#1853=CIRCLE('',#1852,1.2E-1);
#1878=CIRCLE('',#1877,4.E-2);
#2079=CIRCLE('',#2078,1.2E-1);
#2296=CIRCLE('',#2295,1.2E-1);
#2393=CIRCLE('',#2392,2.E-1);
#3106=CIRCLE('',#3105,9.E-2);
#3111=CIRCLE('',#3110,9.E-2);
#3120=CIRCLE('',#3119,1.2E-1);
#3125=CIRCLE('',#3124,1.2E-1);
#3130=CIRCLE('',#3129,9.E-2);
#3143=CIRCLE('',#3142,9.E-2);
#3148=CIRCLE('',#3147,1.2E-1);
#3153=CIRCLE('',#3152,1.2E-1);
#3230=CIRCLE('',#3229,1.2E-1);
#3235=CIRCLE('',#3234,1.2E-1);
#3244=CIRCLE('',#3243,9.E-2);
#3249=CIRCLE('',#3248,9.E-2);
#3258=CIRCLE('',#3257,1.2E-1);
#3263=CIRCLE('',#3262,1.2E-1);
#3268=CIRCLE('',#3267,9.E-2);
#3281=CIRCLE('',#3280,9.E-2);
#3294=CIRCLE('',#3293,1.2E-1);
#3299=CIRCLE('',#3298,1.2E-1);
#3308=CIRCLE('',#3307,9.E-2);
#3313=CIRCLE('',#3312,9.E-2);
#3322=CIRCLE('',#3321,1.2E-1);
#3327=CIRCLE('',#3326,1.2E-1);
#3332=CIRCLE('',#3331,9.E-2);
#3345=CIRCLE('',#3344,9.E-2);
#3358=CIRCLE('',#3357,1.2E-1);
#3363=CIRCLE('',#3362,1.2E-1);
#3372=CIRCLE('',#3371,9.E-2);
#3377=CIRCLE('',#3376,9.E-2);
#3386=CIRCLE('',#3385,1.2E-1);
#3391=CIRCLE('',#3390,1.2E-1);
#3396=CIRCLE('',#3395,9.E-2);
#3409=CIRCLE('',#3408,9.E-2);
#3462=B_SPLINE_CURVE_WITH_KNOTS('',3,(#3458,#3459,#3460,#3461),.UNSPECIFIED.,
.F.,.F.,(4,4),(0.E0,1.E0),.UNSPECIFIED.);
#3467=B_SPLINE_CURVE_WITH_KNOTS('',3,(#3463,#3464,#3465,#3466),.UNSPECIFIED.,
.F.,.F.,(4,4),(0.E0,1.E0),.UNSPECIFIED.);
#3476=CIRCLE('',#3475,1.2E-1);
#3493=B_SPLINE_CURVE_WITH_KNOTS('',3,(#3489,#3490,#3491,#3492),.UNSPECIFIED.,
.F.,.F.,(4,4),(0.E0,1.E0),.UNSPECIFIED.);
#3498=B_SPLINE_CURVE_WITH_KNOTS('',3,(#3494,#3495,#3496,#3497),.UNSPECIFIED.,
.F.,.F.,(4,4),(0.E0,1.E0),.UNSPECIFIED.);
#3507=CIRCLE('',#3506,1.2E-1);
#3516=B_SPLINE_CURVE_WITH_KNOTS('',3,(#3512,#3513,#3514,#3515),.UNSPECIFIED.,
.F.,.F.,(4,4),(0.E0,1.E0),.UNSPECIFIED.);
#3525=B_SPLINE_CURVE_WITH_KNOTS('',3,(#3521,#3522,#3523,#3524),.UNSPECIFIED.,
.F.,.F.,(4,4),(0.E0,1.E0),.UNSPECIFIED.);
#3606=CIRCLE('',#3605,1.2E-1);
#3951=B_SPLINE_CURVE_WITH_KNOTS('',3,(#3947,#3948,#3949,#3950),.UNSPECIFIED.,
.F.,.F.,(4,4),(0.E0,1.E0),.UNSPECIFIED.);
#3957=B_SPLINE_CURVE_WITH_KNOTS('',3,(#3952,#3953,#3954,#3955,#3956),
.UNSPECIFIED.,.F.,.F.,(4,1,4),(0.E0,5.E-1,1.E0),.UNSPECIFIED.);
#3970=CIRCLE('',#3969,1.2E-1);
#3979=B_SPLINE_CURVE_WITH_KNOTS('',3,(#3971,#3972,#3973,#3974,#3975,#3976,#3977,
#3978),.UNSPECIFIED.,.F.,.F.,(4,1,1,1,1,4),(0.E0,1.25E-1,2.5E-1,5.E-1,7.5E-1,
1.E0),.UNSPECIFIED.);
#3993=B_SPLINE_CURVE_WITH_KNOTS('',3,(#3988,#3989,#3990,#3991,#3992),
.UNSPECIFIED.,.F.,.F.,(4,1,4),(0.E0,5.E-1,1.E0),.UNSPECIFIED.);
#4182=CIRCLE('',#4181,1.2E-1);
#4191=CIRCLE('',#4190,1.2E-1);
#4220=CIRCLE('',#4219,4.E-2);
#4225=CIRCLE('',#4224,4.E-2);
#4266=CIRCLE('',#4265,4.E-2);
#4275=CIRCLE('',#4274,4.E-2);
#4340=CIRCLE('',#4339,1.2E-1);
#4345=CIRCLE('',#4344,1.2E-1);
#4350=CIRCLE('',#4349,1.2E-1);
#4359=CIRCLE('',#4358,1.2E-1);
#4388=CIRCLE('',#4387,4.E-2);
#4393=CIRCLE('',#4392,4.E-2);
#4434=CIRCLE('',#4433,4.E-2);
#4443=CIRCLE('',#4442,4.E-2);
#4508=CIRCLE('',#4507,1.2E-1);
#4513=CIRCLE('',#4512,1.2E-1);
#4518=CIRCLE('',#4517,1.2E-1);
#4527=CIRCLE('',#4526,1.2E-1);
#4556=CIRCLE('',#4555,4.E-2);
#4561=CIRCLE('',#4560,4.E-2);
#4602=CIRCLE('',#4601,4.E-2);
#4611=CIRCLE('',#4610,4.E-2);
#4676=CIRCLE('',#4675,1.2E-1);
#4681=CIRCLE('',#4680,1.2E-1);
#4686=CIRCLE('',#4685,1.2E-1);
#4695=CIRCLE('',#4694,1.2E-1);
#4724=CIRCLE('',#4723,4.E-2);
#4729=CIRCLE('',#4728,4.E-2);
#4770=CIRCLE('',#4769,4.E-2);
#4779=CIRCLE('',#4778,4.E-2);
#4844=CIRCLE('',#4843,1.2E-1);
#4849=CIRCLE('',#4848,1.2E-1);
#4886=CIRCLE('',#4885,2.E-1);
#4927=CIRCLE('',#4926,2.E-1);
#4968=CIRCLE('',#4967,2.E-1);
#6709=EDGE_CURVE('',#5467,#5122,#156,.T.);
#6711=EDGE_CURVE('',#5467,#5468,#4,.T.);
#6713=EDGE_CURVE('',#5468,#5470,#8,.T.);
#6715=EDGE_CURVE('',#5470,#5472,#12,.T.);
#6717=EDGE_CURVE('',#5125,#5472,#1741,.T.);
#6719=EDGE_CURVE('',#5125,#5126,#16,.T.);
#6721=EDGE_CURVE('',#5126,#5128,#20,.T.);
#6723=EDGE_CURVE('',#5128,#5130,#25,.T.);
#6725=EDGE_CURVE('',#5130,#5132,#29,.T.);
#6727=EDGE_CURVE('',#5132,#5134,#33,.T.);
#6729=EDGE_CURVE('',#5134,#5136,#37,.T.);
#6731=EDGE_CURVE('',#5136,#5138,#41,.T.);
#6733=EDGE_CURVE('',#5138,#5140,#45,.T.);
#6735=EDGE_CURVE('',#5140,#5142,#49,.T.);
#6737=EDGE_CURVE('',#5142,#5144,#53,.T.);
#6739=EDGE_CURVE('',#5144,#5146,#57,.T.);
#6741=EDGE_CURVE('',#5146,#5148,#61,.T.);
#6743=EDGE_CURVE('',#5148,#5150,#66,.T.);
#6745=EDGE_CURVE('',#5150,#5152,#70,.T.);
#6747=EDGE_CURVE('',#5152,#5154,#74,.T.);
#6749=EDGE_CURVE('',#5475,#5154,#1405,.T.);
#6751=EDGE_CURVE('',#5475,#5476,#78,.T.);
#6753=EDGE_CURVE('',#5476,#5478,#82,.T.);
#6755=EDGE_CURVE('',#5478,#5480,#86,.T.);
#6757=EDGE_CURVE('',#5157,#5480,#2320,.T.);
#6759=EDGE_CURVE('',#5157,#5158,#90,.T.);
#6761=EDGE_CURVE('',#5158,#5160,#94,.T.);
#6763=EDGE_CURVE('',#5160,#5099,#99,.T.);
#6765=EDGE_CURVE('',#5099,#5100,#103,.T.);
#6767=EDGE_CURVE('',#5100,#5102,#107,.T.);
#6769=EDGE_CURVE('',#5102,#5104,#111,.T.);
#6771=EDGE_CURVE('',#5104,#5106,#115,.T.);
#6773=EDGE_CURVE('',#5106,#5108,#119,.T.);
#6775=EDGE_CURVE('',#5108,#5110,#123,.T.);
#6777=EDGE_CURVE('',#5110,#5112,#127,.T.);
#6779=EDGE_CURVE('',#5112,#5114,#131,.T.);
#6781=EDGE_CURVE('',#5114,#5116,#135,.T.);
#6783=EDGE_CURVE('',#5116,#5118,#140,.T.);
#6785=EDGE_CURVE('',#5118,#5120,#144,.T.);
#6787=EDGE_CURVE('',#5120,#5122,#148,.T.);
#6797=EDGE_CURVE('',#5704,#5946,#235,.T.);
#6799=EDGE_CURVE('',#5315,#5704,#152,.T.);
#6801=EDGE_CURVE('',#5487,#5315,#2605,.T.);
#6803=EDGE_CURVE('',#5487,#5451,#2449,.T.);
#6805=EDGE_CURVE('',#5467,#5451,#4177,.T.);
#6808=EDGE_CURVE('',#5122,#5226,#160,.T.);
#6810=EDGE_CURVE('',#5226,#5262,#1986,.T.);
#6812=EDGE_CURVE('',#5964,#5262,#2026,.T.);
#6814=EDGE_CURVE('',#5964,#5950,#164,.T.);
#6816=EDGE_CURVE('',#5948,#5950,#168,.T.);
#6818=EDGE_CURVE('',#5946,#5948,#172,.T.);
#6828=EDGE_CURVE('',#5794,#5183,#176,.T.);
#6830=EDGE_CURVE('',#5183,#5184,#180,.T.);
#6832=EDGE_CURVE('',#5708,#5184,#184,.T.);
#6834=EDGE_CURVE('',#5944,#5708,#283,.T.);
#6836=EDGE_CURVE('',#5942,#5944,#188,.T.);
#6838=EDGE_CURVE('',#5962,#5942,#192,.T.);
#6840=EDGE_CURVE('',#6317,#5962,#196,.T.);
#6842=EDGE_CURVE('',#6317,#5794,#200,.T.);
#6852=EDGE_CURVE('',#6125,#6127,#205,.T.);
#6854=EDGE_CURVE('',#5690,#6125,#209,.T.);
#6856=EDGE_CURVE('',#5688,#5690,#214,.T.);
#6858=EDGE_CURVE('',#5686,#5688,#218,.T.);
#6860=EDGE_CURVE('',#5684,#5686,#223,.T.);
#6862=EDGE_CURVE('',#5683,#5684,#227,.T.);
#6864=EDGE_CURVE('',#5710,#5683,#231,.T.);
#6866=EDGE_CURVE('',#5703,#5710,#3714,.T.);
#6868=EDGE_CURVE('',#5703,#5704,#3782,.T.);
#6871=EDGE_CURVE('',#5946,#5927,#4865,.T.);
#6873=EDGE_CURVE('',#5927,#6127,#239,.T.);
#6883=EDGE_CURVE('',#6130,#6131,#244,.T.);
#6885=EDGE_CURVE('',#6130,#5633,#799,.T.);
#6887=EDGE_CURVE('',#5745,#5633,#2368,.T.);
#6889=EDGE_CURVE('',#5659,#5745,#2304,.T.);
#6891=EDGE_CURVE('',#5659,#5660,#3766,.T.);
#6893=EDGE_CURVE('',#5660,#5666,#3798,.T.);
#6895=EDGE_CURVE('',#5646,#5666,#248,.T.);
#6897=EDGE_CURVE('',#5644,#5646,#252,.T.);
#6899=EDGE_CURVE('',#5642,#5644,#257,.T.);
#6901=EDGE_CURVE('',#5640,#5642,#261,.T.);
#6903=EDGE_CURVE('',#5639,#5640,#266,.T.);
#6905=EDGE_CURVE('',#6131,#5639,#3866,.T.);
#6915=EDGE_CURVE('',#6122,#6123,#271,.T.);
#6917=EDGE_CURVE('',#6125,#6123,#3758,.T.);
#6920=EDGE_CURVE('',#6127,#6122,#364,.T.);
#6931=EDGE_CURVE('',#6122,#5924,#275,.T.);
#6933=EDGE_CURVE('',#5944,#5924,#279,.T.);
#6936=EDGE_CURVE('',#5707,#5708,#3786,.T.);
#6938=EDGE_CURVE('',#5707,#5712,#3722,.T.);
#6940=EDGE_CURVE('',#5712,#5693,#287,.T.);
#6942=EDGE_CURVE('',#5693,#5694,#291,.T.);
#6944=EDGE_CURVE('',#5694,#5696,#296,.T.);
#6946=EDGE_CURVE('',#5696,#5698,#300,.T.);
#6948=EDGE_CURVE('',#5698,#5700,#305,.T.);
#6950=EDGE_CURVE('',#5700,#6123,#309,.T.);
#6960=EDGE_CURVE('',#6133,#6135,#314,.T.);
#6962=EDGE_CURVE('',#6133,#5649,#318,.T.);
#6964=EDGE_CURVE('',#5649,#5650,#323,.T.);
#6966=EDGE_CURVE('',#5650,#5652,#327,.T.);
#6968=EDGE_CURVE('',#5652,#5654,#332,.T.);
#6970=EDGE_CURVE('',#5654,#5656,#336,.T.);
#6972=EDGE_CURVE('',#5656,#5668,#340,.T.);
#6974=EDGE_CURVE('',#5664,#5668,#3814,.T.);
#6976=EDGE_CURVE('',#5663,#5664,#3770,.T.);
#6978=EDGE_CURVE('',#5663,#5742,#2356,.T.);
#6980=EDGE_CURVE('',#5742,#5630,#344,.T.);
#6982=EDGE_CURVE('',#5630,#6135,#807,.T.);
#6992=EDGE_CURVE('',#6084,#6085,#348,.T.);
#6994=EDGE_CURVE('',#6085,#6319,#352,.T.);
#6996=EDGE_CURVE('',#6319,#5970,#715,.T.);
#6998=EDGE_CURVE('',#5970,#5923,#356,.T.);
#7000=EDGE_CURVE('',#5923,#5924,#360,.T.);
#7005=EDGE_CURVE('',#5927,#5928,#368,.T.);
#7007=EDGE_CURVE('',#5928,#5930,#372,.T.);
#7009=EDGE_CURVE('',#5930,#6102,#376,.T.);
#7011=EDGE_CURVE('',#6084,#6102,#380,.T.);
#7021=EDGE_CURVE('',#6088,#6089,#384,.T.);
#7023=EDGE_CURVE('',#6111,#6089,#388,.T.);
#7025=EDGE_CURVE('',#6111,#5933,#392,.T.);
#7027=EDGE_CURVE('',#5933,#5934,#396,.T.);
#7029=EDGE_CURVE('',#5934,#5936,#400,.T.);
#7031=EDGE_CURVE('',#6114,#5936,#1462,.T.);
#7033=EDGE_CURVE('',#6119,#6114,#404,.T.);
#7035=EDGE_CURVE('',#5939,#6119,#1702,.T.);
#7037=EDGE_CURVE('',#5939,#5940,#408,.T.);
#7039=EDGE_CURVE('',#5940,#5972,#412,.T.);
#7041=EDGE_CURVE('',#6312,#5972,#4005,.T.);
#7043=EDGE_CURVE('',#6312,#6088,#416,.T.);
#7053=EDGE_CURVE('',#5765,#5766,#420,.T.);
#7055=EDGE_CURVE('',#5207,#5765,#2336,.T.);
#7057=EDGE_CURVE('',#5365,#5207,#3874,.T.);
#7059=EDGE_CURVE('',#5365,#5761,#424,.T.);
#7061=EDGE_CURVE('',#5761,#5766,#428,.T.);
#7071=EDGE_CURVE('',#5793,#5794,#432,.T.);
#7073=EDGE_CURVE('',#5793,#5789,#436,.T.);
#7075=EDGE_CURVE('',#5369,#5789,#440,.T.);
#7077=EDGE_CURVE('',#5183,#5369,#3882,.T.);
#7088=EDGE_CURVE('',#6073,#6062,#779,.T.);
#7090=EDGE_CURVE('',#6293,#6062,#1009,.T.);
#7092=EDGE_CURVE('',#6293,#5774,#444,.T.);
#7094=EDGE_CURVE('',#5772,#5774,#448,.T.);
#7096=EDGE_CURVE('',#5772,#5386,#452,.T.);
#7098=EDGE_CURVE('',#5675,#5386,#3618,.T.);
#7100=EDGE_CURVE('',#6038,#5675,#456,.T.);
#7102=EDGE_CURVE('',#6037,#6038,#460,.T.);
#7104=EDGE_CURVE('',#6037,#6065,#464,.T.);
#7106=EDGE_CURVE('',#6075,#6065,#2131,.T.);
#7108=EDGE_CURVE('',#6073,#6075,#469,.T.);
#7119=EDGE_CURVE('',#6091,#6084,#474,.T.);
#7121=EDGE_CURVE('',#6071,#6091,#2139,.T.);
#7123=EDGE_CURVE('',#6044,#6071,#3614,.T.);
#7125=EDGE_CURVE('',#6043,#6044,#478,.T.);
#7127=EDGE_CURVE('',#6043,#6327,#482,.T.);
#7129=EDGE_CURVE('',#5388,#6327,#3630,.T.);
#7131=EDGE_CURVE('',#5986,#5388,#486,.T.);
#7133=EDGE_CURVE('',#5985,#5986,#490,.T.);
#7135=EDGE_CURVE('',#6297,#5985,#494,.T.);
#7137=EDGE_CURVE('',#6297,#6085,#684,.T.);
#7147=EDGE_CURVE('',#6055,#6056,#503,.T.);
#7149=EDGE_CURVE('',#6055,#5765,#507,.T.);
#7152=EDGE_CURVE('',#5766,#5768,#533,.T.);
#7154=EDGE_CURVE('',#5768,#6323,#511,.T.);
#7156=EDGE_CURVE('',#6323,#6056,#517,.T.);
#7167=EDGE_CURVE('',#6057,#6056,#521,.T.);
#7169=EDGE_CURVE('',#6057,#6058,#578,.T.);
#7171=EDGE_CURVE('',#6058,#6061,#980,.T.);
#7173=EDGE_CURVE('',#6061,#6062,#1005,.T.);
#7175=EDGE_CURVE('',#6062,#6055,#775,.T.);
#7187=EDGE_CURVE('',#6323,#6014,#525,.T.);
#7189=EDGE_CURVE('',#6057,#6014,#584,.T.);
#7201=EDGE_CURVE('',#5768,#5757,#545,.T.);
#7203=EDGE_CURVE('',#5757,#5753,#529,.T.);
#7205=EDGE_CURVE('',#5777,#5753,#600,.T.);
#7207=EDGE_CURVE('',#6014,#5777,#588,.T.);
#7219=EDGE_CURVE('',#5761,#5762,#569,.T.);
#7221=EDGE_CURVE('',#5758,#5762,#537,.T.);
#7223=EDGE_CURVE('',#5757,#5758,#541,.T.);
#7234=EDGE_CURVE('',#5782,#5793,#549,.T.);
#7236=EDGE_CURVE('',#5786,#5782,#553,.T.);
#7238=EDGE_CURVE('',#5785,#5786,#557,.T.);
#7240=EDGE_CURVE('',#5790,#5785,#561,.T.);
#7242=EDGE_CURVE('',#5789,#5790,#3894,.T.);
#7253=EDGE_CURVE('',#5771,#5772,#565,.T.);
#7255=EDGE_CURVE('',#5762,#5771,#628,.T.);
#7259=EDGE_CURVE('',#5365,#5366,#3870,.T.);
#7261=EDGE_CURVE('',#5366,#5356,#573,.T.);
#7263=EDGE_CURVE('',#5356,#5358,#3654,.T.);
#7265=EDGE_CURVE('',#5386,#5358,#3622,.T.);
#7279=EDGE_CURVE('',#5777,#5778,#596,.T.);
#7281=EDGE_CURVE('',#5778,#5771,#592,.T.);
#7285=EDGE_CURVE('',#6058,#5774,#984,.T.);
#7297=EDGE_CURVE('',#5753,#5754,#604,.T.);
#7299=EDGE_CURVE('',#5754,#5778,#608,.T.);
#7309=EDGE_CURVE('',#5991,#5992,#612,.T.);
#7311=EDGE_CURVE('',#5992,#6654,#616,.T.);
#7313=EDGE_CURVE('',#6654,#6655,#620,.T.);
#7315=EDGE_CURVE('',#6655,#5991,#624,.T.);
#7327=EDGE_CURVE('',#5754,#5758,#632,.T.);
#7351=EDGE_CURVE('',#6307,#5985,#659,.T.);
#7354=EDGE_CURVE('',#5986,#5988,#3886,.T.);
#7356=EDGE_CURVE('',#5988,#5992,#636,.T.);
#7359=EDGE_CURVE('',#5991,#6016,#640,.T.);
#7361=EDGE_CURVE('',#6016,#6663,#646,.T.);
#7363=EDGE_CURVE('',#6307,#6663,#651,.T.);
#7373=EDGE_CURVE('',#6297,#6301,#655,.T.);
#7377=EDGE_CURVE('',#6301,#6307,#663,.T.);
#7387=EDGE_CURVE('',#6303,#6299,#667,.T.);
#7389=EDGE_CURVE('',#6305,#6303,#671,.T.);
#7391=EDGE_CURVE('',#6002,#6305,#675,.T.);
#7393=EDGE_CURVE('',#6002,#6299,#901,.T.);
#7404=EDGE_CURVE('',#6085,#6301,#680,.T.);
#7415=EDGE_CURVE('',#6662,#6319,#697,.T.);
#7421=EDGE_CURVE('',#6663,#6662,#3918,.T.);
#7431=EDGE_CURVE('',#5794,#6319,#688,.T.);
#7434=EDGE_CURVE('',#6662,#5781,#703,.T.);
#7436=EDGE_CURVE('',#5781,#5782,#707,.T.);
#7450=EDGE_CURVE('',#6319,#6317,#719,.T.);
#7460=EDGE_CURVE('',#6055,#5627,#819,.T.);
#7462=EDGE_CURVE('',#5739,#5627,#4853,.T.);
#7464=EDGE_CURVE('',#6321,#5739,#2344,.T.);
#7466=EDGE_CURVE('',#6055,#6321,#711,.T.);
#7479=EDGE_CURVE('',#5970,#5962,#723,.T.);
#7489=EDGE_CURVE('',#6054,#6049,#727,.T.);
#7491=EDGE_CURVE('',#5724,#6054,#731,.T.);
#7493=EDGE_CURVE('',#5722,#5724,#735,.T.);
#7495=EDGE_CURVE('',#5721,#5722,#739,.T.);
#7497=EDGE_CURVE('',#6138,#5721,#743,.T.);
#7499=EDGE_CURVE('',#6143,#6138,#747,.T.);
#7501=EDGE_CURVE('',#5718,#6143,#751,.T.);
#7503=EDGE_CURVE('',#5716,#5718,#755,.T.);
#7505=EDGE_CURVE('',#5715,#5716,#759,.T.);
#7507=EDGE_CURVE('',#6146,#5715,#763,.T.);
#7509=EDGE_CURVE('',#6077,#6146,#767,.T.);
#7511=EDGE_CURVE('',#6049,#6077,#771,.T.);
#7523=EDGE_CURVE('',#6107,#6073,#783,.T.);
#7525=EDGE_CURVE('',#5636,#6107,#787,.T.);
#7527=EDGE_CURVE('',#5634,#5636,#791,.T.);
#7529=EDGE_CURVE('',#5633,#5634,#795,.T.);
#7532=EDGE_CURVE('',#6135,#6130,#803,.T.);
#7535=EDGE_CURVE('',#5628,#5630,#811,.T.);
#7537=EDGE_CURVE('',#5627,#5628,#815,.T.);
#7548=EDGE_CURVE('',#6049,#6050,#824,.T.);
#7550=EDGE_CURVE('',#6050,#6051,#992,.T.);
#7552=EDGE_CURVE('',#6051,#6052,#962,.T.);
#7554=EDGE_CURVE('',#6053,#6052,#957,.T.);
#7556=EDGE_CURVE('',#6053,#6054,#935,.T.);
#7568=EDGE_CURVE('',#6295,#6049,#893,.T.);
#7570=EDGE_CURVE('',#6050,#6295,#996,.T.);
#7580=EDGE_CURVE('',#5975,#5976,#828,.T.);
#7582=EDGE_CURVE('',#5918,#5975,#832,.T.);
#7584=EDGE_CURVE('',#5414,#5918,#836,.T.);
#7586=EDGE_CURVE('',#5414,#5204,#840,.T.);
#7588=EDGE_CURVE('',#5976,#5204,#1425,.T.);
#7598=EDGE_CURVE('',#5979,#5980,#844,.T.);
#7600=EDGE_CURVE('',#5188,#5979,#1765,.T.);
#7602=EDGE_CURVE('',#5188,#5416,#848,.T.);
#7604=EDGE_CURVE('',#5416,#5920,#852,.T.);
#7606=EDGE_CURVE('',#5980,#5920,#856,.T.);
#7617=EDGE_CURVE('',#6080,#6077,#861,.T.);
#7619=EDGE_CURVE('',#6080,#6081,#865,.T.);
#7621=EDGE_CURVE('',#6028,#6081,#869,.T.);
#7623=EDGE_CURVE('',#6025,#6028,#873,.T.);
#7625=EDGE_CURVE('',#5912,#6025,#877,.T.);
#7627=EDGE_CURVE('',#5430,#5912,#1025,.T.);
#7629=EDGE_CURVE('',#6006,#5430,#881,.T.);
#7631=EDGE_CURVE('',#6005,#6006,#885,.T.);
#7633=EDGE_CURVE('',#6005,#6295,#889,.T.);
#7645=EDGE_CURVE('',#6299,#6088,#897,.T.);
#7648=EDGE_CURVE('',#6000,#6002,#905,.T.);
#7650=EDGE_CURVE('',#6000,#5432,#909,.T.);
#7652=EDGE_CURVE('',#6329,#5432,#1029,.T.);
#7654=EDGE_CURVE('',#6329,#6032,#913,.T.);
#7656=EDGE_CURVE('',#6031,#6032,#917,.T.);
#7658=EDGE_CURVE('',#6031,#6094,#3480,.T.);
#7660=EDGE_CURVE('',#6094,#6095,#921,.T.);
#7662=EDGE_CURVE('',#6089,#6095,#926,.T.);
#7673=EDGE_CURVE('',#6053,#5797,#941,.T.);
#7675=EDGE_CURVE('',#5797,#5798,#945,.T.);
#7677=EDGE_CURVE('',#5798,#5975,#4033,.T.);
#7680=EDGE_CURVE('',#5976,#6054,#949,.T.);
#7690=EDGE_CURVE('',#6018,#6052,#976,.T.);
#7692=EDGE_CURVE('',#6018,#5797,#953,.T.);
#7705=EDGE_CURVE('',#6005,#6051,#1000,.T.);
#7708=EDGE_CURVE('',#6006,#6008,#1013,.T.);
#7710=EDGE_CURVE('',#6008,#6011,#966,.T.);
#7712=EDGE_CURVE('',#6011,#6012,#4085,.T.);
#7714=EDGE_CURVE('',#6012,#6018,#970,.T.);
#7728=EDGE_CURVE('',#6293,#6061,#988,.T.);
#7763=EDGE_CURVE('',#5430,#5393,#1017,.T.);
#7765=EDGE_CURVE('',#5393,#5394,#3690,.T.);
#7767=EDGE_CURVE('',#5407,#5394,#4165,.T.);
#7769=EDGE_CURVE('',#5407,#5414,#4129,.T.);
#7772=EDGE_CURVE('',#5918,#5872,#1021,.T.);
#7774=EDGE_CURVE('',#6008,#5872,#4121,.T.);
#7784=EDGE_CURVE('',#5911,#5912,#1053,.T.);
#7786=EDGE_CURVE('',#5911,#5287,#2893,.T.);
#7788=EDGE_CURVE('',#5425,#5287,#4153,.T.);
#7790=EDGE_CURVE('',#5425,#5393,#3694,.T.);
#7802=EDGE_CURVE('',#6329,#6333,#3429,.T.);
#7805=EDGE_CURVE('',#5432,#5402,#1033,.T.);
#7807=EDGE_CURVE('',#5402,#5422,#3666,.T.);
#7809=EDGE_CURVE('',#5422,#5284,#1037,.T.);
#7811=EDGE_CURVE('',#5284,#6333,#2781,.T.);
#7821=EDGE_CURVE('',#6025,#6026,#1041,.T.);
#7823=EDGE_CURVE('',#6026,#5907,#1045,.T.);
#7825=EDGE_CURVE('',#5907,#5908,#1049,.T.);
#7827=EDGE_CURVE('',#5911,#5908,#2897,.T.);
#7839=EDGE_CURVE('',#6038,#6040,#1057,.T.);
#7842=EDGE_CURVE('',#5675,#5676,#1061,.T.);
#7844=EDGE_CURVE('',#5676,#5678,#2849,.T.);
#7846=EDGE_CURVE('',#5678,#5671,#1065,.T.);
#7848=EDGE_CURVE('',#5671,#6040,#1069,.T.);
#7858=EDGE_CURVE('',#6028,#6097,#1087,.T.);
#7860=EDGE_CURVE('',#6650,#6097,#1074,.T.);
#7862=EDGE_CURVE('',#6650,#6648,#1079,.T.);
#7864=EDGE_CURVE('',#6648,#6026,#1083,.T.);
#7878=EDGE_CURVE('',#6097,#6081,#1092,.T.);
#7890=EDGE_CURVE('',#6094,#6081,#1108,.T.);
#7892=EDGE_CURVE('',#6094,#6099,#3476,.T.);
#7894=EDGE_CURVE('',#6099,#6651,#3467,.T.);
#7896=EDGE_CURVE('',#6651,#6650,#3488,.T.);
#7906=EDGE_CURVE('',#5810,#6274,#1096,.T.);
#7908=EDGE_CURVE('',#6256,#6274,#1910,.T.);
#7910=EDGE_CURVE('',#6256,#5814,#1100,.T.);
#7912=EDGE_CURVE('',#6109,#5814,#1798,.T.);
#7914=EDGE_CURVE('',#6109,#6095,#1104,.T.);
#7919=EDGE_CURVE('',#6080,#6147,#1112,.T.);
#7921=EDGE_CURVE('',#5802,#6147,#1389,.T.);
#7923=EDGE_CURVE('',#5802,#6188,#1116,.T.);
#7925=EDGE_CURVE('',#6188,#6206,#5092,.T.);
#7927=EDGE_CURVE('',#6206,#5806,#1120,.T.);
#7929=EDGE_CURVE('',#5806,#6687,#1124,.T.);
#7931=EDGE_CURVE('',#6687,#6678,#1128,.T.);
#7933=EDGE_CURVE('',#6678,#6679,#5040,.T.);
#7935=EDGE_CURVE('',#6679,#6683,#1132,.T.);
#7937=EDGE_CURVE('',#6683,#5810,#1136,.T.);
#7948=EDGE_CURVE('',#5809,#5810,#1140,.T.);
#7950=EDGE_CURVE('',#5809,#5886,#1934,.T.);
#7952=EDGE_CURVE('',#5886,#6291,#1918,.T.);
#7954=EDGE_CURVE('',#6287,#6291,#1144,.T.);
#7956=EDGE_CURVE('',#6285,#6287,#1149,.T.);
#7958=EDGE_CURVE('',#6283,#6285,#1153,.T.);
#7960=EDGE_CURVE('',#6281,#6283,#1157,.T.);
#7962=EDGE_CURVE('',#6279,#6281,#1161,.T.);
#7964=EDGE_CURVE('',#6277,#6279,#1165,.T.);
#7966=EDGE_CURVE('',#6275,#6277,#1169,.T.);
#7968=EDGE_CURVE('',#6274,#6275,#1174,.T.);
#7978=EDGE_CURVE('',#6247,#5622,#2099,.T.);
#7980=EDGE_CURVE('',#6245,#6247,#1179,.T.);
#7982=EDGE_CURVE('',#6243,#6245,#1183,.T.);
#7984=EDGE_CURVE('',#6242,#6243,#1187,.T.);
#7986=EDGE_CURVE('',#6271,#6242,#1191,.T.);
#7988=EDGE_CURVE('',#6239,#6271,#1195,.T.);
#7990=EDGE_CURVE('',#6237,#6239,#1199,.T.);
#7992=EDGE_CURVE('',#6236,#6237,#1204,.T.);
#7994=EDGE_CURVE('',#6251,#6236,#1208,.T.);
#7996=EDGE_CURVE('',#5612,#6251,#2183,.T.);
#7998=EDGE_CURVE('',#5610,#5612,#2066,.T.);
#8000=EDGE_CURVE('',#5610,#5622,#1212,.T.);
#8010=EDGE_CURVE('',#5805,#5806,#1216,.T.);
#8012=EDGE_CURVE('',#5805,#5809,#1938,.T.);
#8016=EDGE_CURVE('',#6682,#6683,#5036,.T.);
#8018=EDGE_CURVE('',#6686,#6682,#5012,.T.);
#8020=EDGE_CURVE('',#6686,#6687,#4992,.T.);
#8031=EDGE_CURVE('',#6219,#6183,#1220,.T.);
#8033=EDGE_CURVE('',#5884,#6183,#1224,.T.);
#8035=EDGE_CURVE('',#5884,#5805,#1942,.T.);
#8039=EDGE_CURVE('',#6206,#6207,#1229,.T.);
#8041=EDGE_CURVE('',#6207,#6209,#1233,.T.);
#8043=EDGE_CURVE('',#6209,#6211,#1237,.T.);
#8045=EDGE_CURVE('',#6211,#6213,#1241,.T.);
#8047=EDGE_CURVE('',#6213,#6215,#1245,.T.);
#8049=EDGE_CURVE('',#6215,#6217,#1249,.T.);
#8051=EDGE_CURVE('',#6217,#6219,#1254,.T.);
#8061=EDGE_CURVE('',#5606,#6179,#1258,.T.);
#8063=EDGE_CURVE('',#6179,#6164,#1262,.T.);
#8065=EDGE_CURVE('',#6164,#6165,#1267,.T.);
#8067=EDGE_CURVE('',#6165,#6167,#1271,.T.);
#8069=EDGE_CURVE('',#6167,#6203,#1275,.T.);
#8071=EDGE_CURVE('',#6203,#6170,#1279,.T.);
#8073=EDGE_CURVE('',#6170,#6171,#1283,.T.);
#8075=EDGE_CURVE('',#6171,#6173,#1287,.T.);
#8077=EDGE_CURVE('',#6173,#6175,#1292,.T.);
#8079=EDGE_CURVE('',#5620,#6175,#2111,.T.);
#8081=EDGE_CURVE('',#5608,#5620,#2187,.T.);
#8083=EDGE_CURVE('',#5606,#5608,#2058,.T.);
#8093=EDGE_CURVE('',#6181,#6183,#1304,.T.);
#8096=EDGE_CURVE('',#6201,#6219,#1296,.T.);
#8098=EDGE_CURVE('',#6201,#6181,#1312,.T.);
#8108=EDGE_CURVE('',#5882,#6181,#1300,.T.);
#8110=EDGE_CURVE('',#5882,#5884,#1946,.T.);
#8123=EDGE_CURVE('',#5801,#5802,#1308,.T.);
#8125=EDGE_CURVE('',#5801,#5882,#1950,.T.);
#8129=EDGE_CURVE('',#6199,#6201,#1317,.T.);
#8131=EDGE_CURVE('',#6197,#6199,#1321,.T.);
#8133=EDGE_CURVE('',#6195,#6197,#1325,.T.);
#8135=EDGE_CURVE('',#6193,#6195,#1329,.T.);
#8137=EDGE_CURVE('',#6191,#6193,#1333,.T.);
#8139=EDGE_CURVE('',#6189,#6191,#1337,.T.);
#8141=EDGE_CURVE('',#6188,#6189,#1342,.T.);
#8151=EDGE_CURVE('',#6161,#5618,#2119,.T.);
#8153=EDGE_CURVE('',#6159,#6161,#1347,.T.);
#8155=EDGE_CURVE('',#6157,#6159,#1351,.T.);
#8157=EDGE_CURVE('',#6156,#6157,#1355,.T.);
#8159=EDGE_CURVE('',#6185,#6156,#1359,.T.);
#8161=EDGE_CURVE('',#6153,#6185,#1363,.T.);
#8163=EDGE_CURVE('',#6151,#6153,#1367,.T.);
#8165=EDGE_CURVE('',#6150,#6151,#1372,.T.);
#8167=EDGE_CURVE('',#6178,#6150,#1376,.T.);
#8169=EDGE_CURVE('',#5604,#6178,#2291,.T.);
#8171=EDGE_CURVE('',#5603,#5604,#2050,.T.);
#8173=EDGE_CURVE('',#5603,#5618,#1380,.T.);
#8183=EDGE_CURVE('',#6146,#6147,#1385,.T.);
#8186=EDGE_CURVE('',#5727,#5715,#1393,.T.);
#8188=EDGE_CURVE('',#5880,#5727,#1413,.T.);
#8190=EDGE_CURVE('',#5880,#5801,#1954,.T.);
#8214=EDGE_CURVE('',#5727,#5728,#1417,.T.);
#8218=EDGE_CURVE('',#5728,#5716,#5064,.T.);
#8228=EDGE_CURVE('',#5891,#5730,#1397,.T.);
#8230=EDGE_CURVE('',#5328,#5891,#1401,.T.);
#8232=EDGE_CURVE('',#5495,#5328,#2653,.T.);
#8234=EDGE_CURVE('',#5495,#5459,#2429,.T.);
#8236=EDGE_CURVE('',#5475,#5459,#2409,.T.);
#8239=EDGE_CURVE('',#5154,#5250,#1409,.T.);
#8241=EDGE_CURVE('',#5250,#5260,#2002,.T.);
#8243=EDGE_CURVE('',#5880,#5260,#1958,.T.);
#8247=EDGE_CURVE('',#5728,#5730,#1421,.T.);
#8258=EDGE_CURVE('',#5203,#5204,#1429,.T.);
#8260=EDGE_CURVE('',#5899,#5203,#1433,.T.);
#8262=EDGE_CURVE('',#5899,#5733,#1437,.T.);
#8264=EDGE_CURVE('',#5733,#5734,#1441,.T.);
#8266=EDGE_CURVE('',#5734,#5736,#1445,.T.);
#8268=EDGE_CURVE('',#6315,#5736,#1449,.T.);
#8270=EDGE_CURVE('',#6315,#5976,#1453,.T.);
#8280=EDGE_CURVE('',#6114,#6115,#1458,.T.);
#8283=EDGE_CURVE('',#5956,#5936,#1466,.T.);
#8285=EDGE_CURVE('',#5956,#5896,#1470,.T.);
#8287=EDGE_CURVE('',#5895,#5896,#1587,.T.);
#8289=EDGE_CURVE('',#5895,#5860,#1555,.T.);
#8291=EDGE_CURVE('',#5860,#5841,#1474,.T.);
#8293=EDGE_CURVE('',#5841,#5842,#1478,.T.);
#8295=EDGE_CURVE('',#5842,#5844,#1483,.T.);
#8297=EDGE_CURVE('',#5844,#5846,#1487,.T.);
#8299=EDGE_CURVE('',#5846,#5848,#1492,.T.);
#8301=EDGE_CURVE('',#5848,#6115,#1496,.T.);
#8311=EDGE_CURVE('',#6141,#6143,#1501,.T.);
#8313=EDGE_CURVE('',#5817,#6141,#1663,.T.);
#8315=EDGE_CURVE('',#5817,#5818,#1506,.T.);
#8317=EDGE_CURVE('',#5818,#5820,#1510,.T.);
#8319=EDGE_CURVE('',#5820,#5822,#1515,.T.);
#8321=EDGE_CURVE('',#5822,#5824,#1519,.T.);
#8323=EDGE_CURVE('',#5824,#5836,#1523,.T.);
#8325=EDGE_CURVE('',#5892,#5836,#1611,.T.);
#8327=EDGE_CURVE('',#5891,#5892,#1579,.T.);
#8330=EDGE_CURVE('',#5730,#5718,#1527,.T.);
#8342=EDGE_CURVE('',#6117,#6115,#1531,.T.);
#8344=EDGE_CURVE('',#6117,#6119,#1668,.T.);
#8357=EDGE_CURVE('',#5848,#5858,#1535,.T.);
#8359=EDGE_CURVE('',#5858,#6117,#1672,.T.);
#8370=EDGE_CURVE('',#5846,#5856,#1539,.T.);
#8372=EDGE_CURVE('',#5856,#5858,#1677,.T.);
#8384=EDGE_CURVE('',#5844,#5854,#1543,.T.);
#8386=EDGE_CURVE('',#5854,#5856,#1681,.T.);
#8398=EDGE_CURVE('',#5842,#5852,#1547,.T.);
#8400=EDGE_CURVE('',#5852,#5854,#1686,.T.);
#8412=EDGE_CURVE('',#5841,#5851,#1551,.T.);
#8414=EDGE_CURVE('',#5851,#5852,#1690,.T.);
#8426=EDGE_CURVE('',#5862,#5860,#1575,.T.);
#8428=EDGE_CURVE('',#5862,#5851,#1694,.T.);
#8440=EDGE_CURVE('',#5895,#5324,#1559,.T.);
#8442=EDGE_CURVE('',#5324,#5278,#1563,.T.);
#8444=EDGE_CURVE('',#5278,#5280,#2793,.T.);
#8446=EDGE_CURVE('',#5419,#5280,#3926,.T.);
#8448=EDGE_CURVE('',#5419,#5399,#3678,.T.);
#8450=EDGE_CURVE('',#5411,#5399,#4145,.T.);
#8452=EDGE_CURVE('',#5411,#5903,#1567,.T.);
#8454=EDGE_CURVE('',#5903,#5862,#1571,.T.);
#8466=EDGE_CURVE('',#5327,#5892,#1635,.T.);
#8468=EDGE_CURVE('',#5327,#5328,#1583,.T.);
#8480=EDGE_CURVE('',#5323,#5896,#1753,.T.);
#8482=EDGE_CURVE('',#5323,#5324,#1591,.T.);
#8493=EDGE_CURVE('',#5899,#5900,#1595,.T.);
#8496=EDGE_CURVE('',#5407,#5203,#4133,.T.);
#8498=EDGE_CURVE('',#5407,#5408,#1599,.T.);
#8500=EDGE_CURVE('',#5900,#5408,#1623,.T.);
#8510=EDGE_CURVE('',#5903,#5904,#1603,.T.);
#8513=EDGE_CURVE('',#5411,#5412,#1607,.T.);
#8515=EDGE_CURVE('',#5187,#5412,#4141,.T.);
#8517=EDGE_CURVE('',#5904,#5187,#1785,.T.);
#8528=EDGE_CURVE('',#5838,#5836,#1615,.T.);
#8530=EDGE_CURVE('',#5900,#5838,#1619,.T.);
#8533=EDGE_CURVE('',#5408,#5396,#1627,.T.);
#8535=EDGE_CURVE('',#5396,#5428,#3682,.T.);
#8537=EDGE_CURVE('',#5428,#5290,#1631,.T.);
#8539=EDGE_CURVE('',#5290,#5292,#2881,.T.);
#8541=EDGE_CURVE('',#5327,#5292,#2657,.T.);
#8553=EDGE_CURVE('',#5824,#5834,#1639,.T.);
#8555=EDGE_CURVE('',#5834,#5838,#1711,.T.);
#8567=EDGE_CURVE('',#5822,#5832,#1643,.T.);
#8569=EDGE_CURVE('',#5832,#5834,#1715,.T.);
#8581=EDGE_CURVE('',#5820,#5830,#1647,.T.);
#8583=EDGE_CURVE('',#5830,#5832,#1720,.T.);
#8595=EDGE_CURVE('',#5818,#5828,#1651,.T.);
#8597=EDGE_CURVE('',#5828,#5830,#1724,.T.);
#8609=EDGE_CURVE('',#5817,#5827,#1655,.T.);
#8611=EDGE_CURVE('',#5827,#5828,#1729,.T.);
#8622=EDGE_CURVE('',#6141,#6139,#1659,.T.);
#8624=EDGE_CURVE('',#5827,#6139,#1733,.T.);
#8636=EDGE_CURVE('',#6138,#6139,#1707,.T.);
#8658=EDGE_CURVE('',#5904,#5958,#1698,.T.);
#8660=EDGE_CURVE('',#5958,#5939,#4029,.T.);
#8673=EDGE_CURVE('',#5733,#5721,#4021,.T.);
#8692=EDGE_CURVE('',#5966,#5952,#1737,.T.);
#8694=EDGE_CURVE('',#5264,#5966,#1970,.T.);
#8696=EDGE_CURVE('',#5264,#5229,#1990,.T.);
#8698=EDGE_CURVE('',#5125,#5229,#4914,.T.);
#8701=EDGE_CURVE('',#5472,#5456,#1745,.T.);
#8703=EDGE_CURVE('',#5456,#5492,#2433,.T.);
#8705=EDGE_CURVE('',#5492,#5323,#1749,.T.);
#8709=EDGE_CURVE('',#5954,#5956,#1757,.T.);
#8711=EDGE_CURVE('',#5952,#5954,#1761,.T.);
#8722=EDGE_CURVE('',#5979,#6313,#1769,.T.);
#8724=EDGE_CURVE('',#6313,#5968,#1773,.T.);
#8726=EDGE_CURVE('',#5960,#5968,#1777,.T.);
#8728=EDGE_CURVE('',#5958,#5960,#1781,.T.);
#8732=EDGE_CURVE('',#5187,#5188,#1789,.T.);
#8742=EDGE_CURVE('',#6109,#6111,#1794,.T.);
#8745=EDGE_CURVE('',#5813,#5814,#1802,.T.);
#8747=EDGE_CURVE('',#5966,#5813,#1922,.T.);
#8750=EDGE_CURVE('',#5952,#5933,#5056,.T.);
#8773=EDGE_CURVE('',#6269,#6289,#1806,.T.);
#8775=EDGE_CURVE('',#5888,#6289,#1810,.T.);
#8777=EDGE_CURVE('',#5888,#5813,#1926,.T.);
#8781=EDGE_CURVE('',#6256,#6257,#1815,.T.);
#8783=EDGE_CURVE('',#6257,#6259,#1819,.T.);
#8785=EDGE_CURVE('',#6259,#6261,#1823,.T.);
#8787=EDGE_CURVE('',#6261,#6263,#1827,.T.);
#8789=EDGE_CURVE('',#6263,#6265,#1831,.T.);
#8791=EDGE_CURVE('',#6265,#6267,#1835,.T.);
#8793=EDGE_CURVE('',#6267,#6269,#1840,.T.);
#8803=EDGE_CURVE('',#5614,#6249,#1844,.T.);
#8805=EDGE_CURVE('',#6249,#6222,#1848,.T.);
#8807=EDGE_CURVE('',#6222,#6223,#1853,.T.);
#8809=EDGE_CURVE('',#6223,#6225,#1857,.T.);
#8811=EDGE_CURVE('',#6225,#6253,#1861,.T.);
#8813=EDGE_CURVE('',#6253,#6228,#1865,.T.);
#8815=EDGE_CURVE('',#6228,#6229,#1869,.T.);
#8817=EDGE_CURVE('',#6229,#6231,#1873,.T.);
#8819=EDGE_CURVE('',#6231,#6233,#1878,.T.);
#8821=EDGE_CURVE('',#5624,#6233,#2091,.T.);
#8823=EDGE_CURVE('',#5616,#5624,#2087,.T.);
#8825=EDGE_CURVE('',#5614,#5616,#2074,.T.);
#8836=EDGE_CURVE('',#6269,#6287,#1882,.T.);
#8839=EDGE_CURVE('',#6291,#6289,#1914,.T.);
#8850=EDGE_CURVE('',#6267,#6285,#1886,.T.);
#8863=EDGE_CURVE('',#6265,#6283,#1890,.T.);
#8876=EDGE_CURVE('',#6263,#6281,#1894,.T.);
#8889=EDGE_CURVE('',#6261,#6279,#1898,.T.);
#8902=EDGE_CURVE('',#6259,#6277,#1902,.T.);
#8915=EDGE_CURVE('',#6257,#6275,#1906,.T.);
#8941=EDGE_CURVE('',#5886,#5888,#1930,.T.);
#8962=EDGE_CURVE('',#5260,#5241,#1998,.T.);
#8964=EDGE_CURVE('',#5144,#5241,#4955,.T.);
#8967=EDGE_CURVE('',#5142,#5199,#1962,.T.);
#8969=EDGE_CURVE('',#5191,#5199,#5052,.T.);
#8971=EDGE_CURVE('',#5136,#5191,#5024,.T.);
#8974=EDGE_CURVE('',#5134,#5238,#1966,.T.);
#8976=EDGE_CURVE('',#5238,#5264,#1994,.T.);
#8987=EDGE_CURVE('',#5211,#5212,#2006,.T.);
#8989=EDGE_CURVE('',#5256,#5211,#2393,.T.);
#8991=EDGE_CURVE('',#5254,#5256,#2384,.T.);
#8993=EDGE_CURVE('',#5253,#5254,#2376,.T.);
#8995=EDGE_CURVE('',#5258,#5253,#1974,.T.);
#8997=EDGE_CURVE('',#5214,#5258,#1978,.T.);
#8999=EDGE_CURVE('',#5212,#5214,#2014,.T.);
#9009=EDGE_CURVE('',#5217,#5218,#4869,.T.);
#9011=EDGE_CURVE('',#5262,#5217,#1982,.T.);
#9014=EDGE_CURVE('',#5224,#5226,#4902,.T.);
#9016=EDGE_CURVE('',#5222,#5224,#4894,.T.);
#9018=EDGE_CURVE('',#5220,#5222,#4886,.T.);
#9020=EDGE_CURVE('',#5218,#5220,#4877,.T.);
#9030=EDGE_CURVE('',#5229,#5230,#4910,.T.);
#9034=EDGE_CURVE('',#5236,#5238,#4943,.T.);
#9036=EDGE_CURVE('',#5234,#5236,#4935,.T.);
#9038=EDGE_CURVE('',#5232,#5234,#4927,.T.);
#9040=EDGE_CURVE('',#5230,#5232,#4918,.T.);
#9050=EDGE_CURVE('',#5241,#5242,#4951,.T.);
#9054=EDGE_CURVE('',#5248,#5250,#4984,.T.);
#9056=EDGE_CURVE('',#5246,#5248,#4976,.T.);
#9058=EDGE_CURVE('',#5244,#5246,#4968,.T.);
#9060=EDGE_CURVE('',#5242,#5244,#4959,.T.);
#9071=EDGE_CURVE('',#5100,#5212,#2018,.T.);
#9074=EDGE_CURVE('',#5099,#5211,#2010,.T.);
#9085=EDGE_CURVE('',#5102,#5214,#2038,.T.);
#9097=EDGE_CURVE('',#5964,#5616,#2022,.T.);
#9101=EDGE_CURVE('',#5112,#5217,#4873,.T.);
#9104=EDGE_CURVE('',#5110,#5179,#2030,.T.);
#9106=EDGE_CURVE('',#5179,#5171,#2034,.T.);
#9108=EDGE_CURVE('',#5104,#5171,#2199,.T.);
#9113=EDGE_CURVE('',#5258,#5750,#2042,.T.);
#9115=EDGE_CURVE('',#5750,#5603,#2046,.T.);
#9118=EDGE_CURVE('',#5604,#5606,#2054,.T.);
#9121=EDGE_CURVE('',#5608,#5610,#2062,.T.);
#9124=EDGE_CURVE('',#5612,#5614,#2070,.T.);
#9135=EDGE_CURVE('',#6102,#6103,#2079,.T.);
#9138=EDGE_CURVE('',#5950,#5930,#2083,.T.);
#9143=EDGE_CURVE('',#6103,#5624,#2147,.T.);
#9154=EDGE_CURVE('',#6091,#6103,#2143,.T.);
#9167=EDGE_CURVE('',#6233,#6247,#2095,.T.);
#9170=EDGE_CURVE('',#6673,#5622,#2103,.T.);
#9172=EDGE_CURVE('',#6672,#6673,#2219,.T.);
#9174=EDGE_CURVE('',#6666,#6672,#2215,.T.);
#9176=EDGE_CURVE('',#6666,#6667,#2191,.T.);
#9178=EDGE_CURVE('',#5620,#6667,#2107,.T.);
#9181=EDGE_CURVE('',#6161,#6175,#2115,.T.);
#9184=EDGE_CURVE('',#5618,#6105,#2123,.T.);
#9186=EDGE_CURVE('',#6105,#6075,#2127,.T.);
#9189=EDGE_CURVE('',#6071,#6065,#2135,.T.);
#9203=EDGE_CURVE('',#6231,#6245,#2151,.T.);
#9216=EDGE_CURVE('',#6229,#6243,#2155,.T.);
#9229=EDGE_CURVE('',#6228,#6242,#2159,.T.);
#9242=EDGE_CURVE('',#6253,#6271,#2163,.T.);
#9255=EDGE_CURVE('',#6225,#6239,#2167,.T.);
#9268=EDGE_CURVE('',#6223,#6237,#2171,.T.);
#9281=EDGE_CURVE('',#6222,#6236,#2175,.T.);
#9294=EDGE_CURVE('',#6251,#6249,#2179,.T.);
#9321=EDGE_CURVE('',#6669,#6667,#2211,.T.);
#9323=EDGE_CURVE('',#6669,#6675,#2243,.T.);
#9325=EDGE_CURVE('',#6675,#6673,#2223,.T.);
#9338=EDGE_CURVE('',#5175,#6666,#2195,.T.);
#9340=EDGE_CURVE('',#5106,#5175,#2255,.T.);
#9344=EDGE_CURVE('',#5171,#5172,#2203,.T.);
#9346=EDGE_CURVE('',#6669,#5172,#2207,.T.);
#9358=EDGE_CURVE('',#5176,#6672,#2239,.T.);
#9360=EDGE_CURVE('',#5175,#5176,#2251,.T.);
#9373=EDGE_CURVE('',#6675,#5180,#2227,.T.);
#9375=EDGE_CURVE('',#5179,#5180,#2231,.T.);
#9379=EDGE_CURVE('',#5108,#5176,#2235,.T.);
#9392=EDGE_CURVE('',#5180,#5172,#2247,.T.);
#9430=EDGE_CURVE('',#6159,#6173,#2259,.T.);
#9443=EDGE_CURVE('',#6157,#6171,#2263,.T.);
#9456=EDGE_CURVE('',#6156,#6170,#2267,.T.);
#9469=EDGE_CURVE('',#6185,#6203,#2271,.T.);
#9482=EDGE_CURVE('',#6153,#6167,#2275,.T.);
#9495=EDGE_CURVE('',#6151,#6165,#2279,.T.);
#9508=EDGE_CURVE('',#6150,#6164,#2283,.T.);
#9518=EDGE_CURVE('',#6178,#6179,#2287,.T.);
#9543=EDGE_CURVE('',#6105,#6107,#2296,.T.);
#9548=EDGE_CURVE('',#5750,#5748,#2316,.T.);
#9550=EDGE_CURVE('',#5748,#5636,#2300,.T.);
#9574=EDGE_CURVE('',#5745,#5746,#2308,.T.);
#9576=EDGE_CURVE('',#5746,#5748,#2312,.T.);
#9581=EDGE_CURVE('',#5157,#5253,#2380,.T.);
#9584=EDGE_CURVE('',#5480,#5464,#2324,.T.);
#9586=EDGE_CURVE('',#5464,#5484,#2413,.T.);
#9588=EDGE_CURVE('',#5484,#5320,#2328,.T.);
#9590=EDGE_CURVE('',#5320,#5659,#2332,.T.);
#9601=EDGE_CURVE('',#5765,#6321,#2340,.T.);
#9604=EDGE_CURVE('',#5739,#5740,#2348,.T.);
#9606=EDGE_CURVE('',#5740,#5742,#2352,.T.);
#9609=EDGE_CURVE('',#5663,#5208,#2360,.T.);
#9611=EDGE_CURVE('',#5207,#5208,#2364,.T.);
#9624=EDGE_CURVE('',#5746,#5634,#2372,.T.);
#9647=EDGE_CURVE('',#5158,#5254,#2388,.T.);
#9660=EDGE_CURVE('',#5160,#5256,#2397,.T.);
#9685=EDGE_CURVE('',#5478,#5462,#2401,.T.);
#9687=EDGE_CURVE('',#5462,#5464,#2417,.T.);
#9699=EDGE_CURVE('',#5476,#5460,#2405,.T.);
#9701=EDGE_CURVE('',#5460,#5462,#2421,.T.);
#9714=EDGE_CURVE('',#5459,#5460,#2425,.T.);
#9725=EDGE_CURVE('',#5483,#5484,#2581,.T.);
#9732=EDGE_CURVE('',#5495,#5496,#2649,.T.);
#9734=EDGE_CURVE('',#5496,#5483,#2625,.T.);
#9738=EDGE_CURVE('',#5574,#5576,#2469,.T.);
#9740=EDGE_CURVE('',#5583,#5576,#2473,.T.);
#9742=EDGE_CURVE('',#5579,#5583,#2477,.T.);
#9744=EDGE_CURVE('',#5574,#5579,#2481,.T.);
#9748=EDGE_CURVE('',#6495,#6497,#2501,.T.);
#9750=EDGE_CURVE('',#6504,#6497,#2505,.T.);
#9752=EDGE_CURVE('',#6500,#6504,#2509,.T.);
#9754=EDGE_CURVE('',#6495,#6500,#2513,.T.);
#9758=EDGE_CURVE('',#6559,#6561,#2533,.T.);
#9760=EDGE_CURVE('',#6568,#6561,#2537,.T.);
#9762=EDGE_CURVE('',#6564,#6568,#2541,.T.);
#9764=EDGE_CURVE('',#6559,#6564,#2545,.T.);
#9768=EDGE_CURVE('',#6623,#6625,#2565,.T.);
#9770=EDGE_CURVE('',#6632,#6625,#2569,.T.);
#9772=EDGE_CURVE('',#6628,#6632,#2573,.T.);
#9774=EDGE_CURVE('',#6623,#6628,#2577,.T.);
#9784=EDGE_CURVE('',#5487,#5488,#2601,.T.);
#9786=EDGE_CURVE('',#5488,#5490,#2669,.T.);
#9788=EDGE_CURVE('',#5490,#5492,#2633,.T.);
#9791=EDGE_CURVE('',#5454,#5456,#2437,.T.);
#9793=EDGE_CURVE('',#5452,#5454,#2441,.T.);
#9795=EDGE_CURVE('',#5451,#5452,#2445,.T.);
#9800=EDGE_CURVE('',#5552,#5556,#2453,.T.);
#9802=EDGE_CURVE('',#5564,#5556,#2457,.T.);
#9804=EDGE_CURVE('',#5560,#5564,#2461,.T.);
#9806=EDGE_CURVE('',#5552,#5560,#2465,.T.);
#9810=EDGE_CURVE('',#6475,#6477,#2485,.T.);
#9812=EDGE_CURVE('',#6485,#6477,#2489,.T.);
#9814=EDGE_CURVE('',#6481,#6485,#2493,.T.);
#9816=EDGE_CURVE('',#6475,#6481,#2497,.T.);
#9820=EDGE_CURVE('',#6539,#6541,#2517,.T.);
#9822=EDGE_CURVE('',#6549,#6541,#2521,.T.);
#9824=EDGE_CURVE('',#6545,#6549,#2525,.T.);
#9826=EDGE_CURVE('',#6539,#6545,#2529,.T.);
#9830=EDGE_CURVE('',#6603,#6605,#2549,.T.);
#9832=EDGE_CURVE('',#6613,#6605,#2553,.T.);
#9834=EDGE_CURVE('',#6609,#6613,#2557,.T.);
#9836=EDGE_CURVE('',#6603,#6609,#2561,.T.);
#9847=EDGE_CURVE('',#5483,#5168,#2585,.T.);
#9849=EDGE_CURVE('',#5168,#5311,#2589,.T.);
#9851=EDGE_CURVE('',#5311,#5296,#2593,.T.);
#9853=EDGE_CURVE('',#5296,#5298,#2869,.T.);
#9855=EDGE_CURVE('',#5319,#5298,#3806,.T.);
#9857=EDGE_CURVE('',#5319,#5320,#2597,.T.);
#9870=EDGE_CURVE('',#5315,#5316,#2609,.T.);
#9872=EDGE_CURVE('',#5316,#5272,#2613,.T.);
#9874=EDGE_CURVE('',#5272,#5274,#2805,.T.);
#9876=EDGE_CURVE('',#5274,#5307,#2617,.T.);
#9878=EDGE_CURVE('',#5307,#5163,#2621,.T.);
#9880=EDGE_CURVE('',#5488,#5163,#2673,.T.);
#9891=EDGE_CURVE('',#5496,#5167,#2629,.T.);
#9893=EDGE_CURVE('',#5167,#5168,#2689,.T.);
#9905=EDGE_CURVE('',#5490,#5164,#2637,.T.);
#9907=EDGE_CURVE('',#5164,#5308,#2641,.T.);
#9909=EDGE_CURVE('',#5308,#5276,#2645,.T.);
#9911=EDGE_CURVE('',#5276,#5278,#2797,.T.);
#9928=EDGE_CURVE('',#5292,#5294,#2877,.T.);
#9930=EDGE_CURVE('',#5294,#5312,#2661,.T.);
#9932=EDGE_CURVE('',#5312,#5167,#2665,.T.);
#9945=EDGE_CURVE('',#5163,#5164,#2681,.T.);
#9956=EDGE_CURVE('',#5307,#5308,#2677,.T.);
#9969=EDGE_CURVE('',#5311,#5312,#2685,.T.);
#9984=EDGE_CURVE('',#5274,#5276,#2801,.T.);
#9989=EDGE_CURVE('',#5523,#5524,#2693,.T.);
#9991=EDGE_CURVE('',#5524,#5532,#2697,.T.);
#9993=EDGE_CURVE('',#5531,#5532,#2701,.T.);
#9995=EDGE_CURVE('',#5523,#5531,#2705,.T.);
#9999=EDGE_CURVE('',#6344,#6345,#2709,.T.);
#10001=EDGE_CURVE('',#6345,#6349,#2713,.T.);
#10003=EDGE_CURVE('',#6348,#6349,#2717,.T.);
#10005=EDGE_CURVE('',#6344,#6348,#2721,.T.);
#10009=EDGE_CURVE('',#6384,#6385,#2725,.T.);
#10011=EDGE_CURVE('',#6385,#6389,#2729,.T.);
#10013=EDGE_CURVE('',#6388,#6389,#2733,.T.);
#10015=EDGE_CURVE('',#6384,#6388,#2737,.T.);
#10019=EDGE_CURVE('',#6424,#6425,#2741,.T.);
#10021=EDGE_CURVE('',#6425,#6429,#2745,.T.);
#10023=EDGE_CURVE('',#6428,#6429,#2749,.T.);
#10025=EDGE_CURVE('',#6424,#6428,#2753,.T.);
#10035=EDGE_CURVE('',#5915,#6703,#2773,.T.);
#10037=EDGE_CURVE('',#6333,#5915,#2777,.T.);
#10040=EDGE_CURVE('',#5282,#5284,#2785,.T.);
#10042=EDGE_CURVE('',#5280,#5282,#2789,.T.);
#10048=EDGE_CURVE('',#5270,#5272,#2809,.T.);
#10050=EDGE_CURVE('',#5268,#5270,#2813,.T.);
#10052=EDGE_CURVE('',#5267,#5268,#2817,.T.);
#10054=EDGE_CURVE('',#6331,#5267,#2821,.T.);
#10056=EDGE_CURVE('',#6331,#5680,#2825,.T.);
#10058=EDGE_CURVE('',#5680,#6693,#2829,.T.);
#10060=EDGE_CURVE('',#6693,#5443,#2833,.T.);
#10062=EDGE_CURVE('',#5443,#5444,#2837,.T.);
#10064=EDGE_CURVE('',#6695,#5444,#2841,.T.);
#10066=EDGE_CURVE('',#6695,#5678,#2845,.T.);
#10069=EDGE_CURVE('',#5304,#5676,#2853,.T.);
#10071=EDGE_CURVE('',#5302,#5304,#2857,.T.);
#10073=EDGE_CURVE('',#5300,#5302,#2861,.T.);
#10075=EDGE_CURVE('',#5298,#5300,#2865,.T.);
#10078=EDGE_CURVE('',#5294,#5296,#2873,.T.);
#10082=EDGE_CURVE('',#5288,#5290,#2885,.T.);
#10084=EDGE_CURVE('',#5287,#5288,#2889,.T.);
#10088=EDGE_CURVE('',#6701,#5908,#2901,.T.);
#10090=EDGE_CURVE('',#6701,#5447,#2905,.T.);
#10092=EDGE_CURVE('',#5447,#5448,#2909,.T.);
#10094=EDGE_CURVE('',#6703,#5448,#2913,.T.);
#10098=EDGE_CURVE('',#5347,#5348,#2757,.T.);
#10100=EDGE_CURVE('',#5347,#5351,#2761,.T.);
#10102=EDGE_CURVE('',#5351,#5352,#2765,.T.);
#10104=EDGE_CURVE('',#5348,#5352,#2769,.T.);
#10115=EDGE_CURVE('',#5348,#5331,#2917,.T.);
#10117=EDGE_CURVE('',#5331,#5332,#2921,.T.);
#10119=EDGE_CURVE('',#5332,#5334,#2925,.T.);
#10121=EDGE_CURVE('',#5334,#5336,#2929,.T.);
#10123=EDGE_CURVE('',#5336,#5347,#2933,.T.);
#10127=EDGE_CURVE('',#5507,#5508,#2937,.T.);
#10129=EDGE_CURVE('',#5508,#5512,#2941,.T.);
#10131=EDGE_CURVE('',#5511,#5512,#2945,.T.);
#10133=EDGE_CURVE('',#5507,#5511,#2949,.T.);
#10137=EDGE_CURVE('',#6360,#6361,#2953,.T.);
#10139=EDGE_CURVE('',#6361,#6365,#2957,.T.);
#10141=EDGE_CURVE('',#6364,#6365,#2961,.T.);
#10143=EDGE_CURVE('',#6360,#6364,#2965,.T.);
#10147=EDGE_CURVE('',#6400,#6401,#2969,.T.);
#10149=EDGE_CURVE('',#6401,#6405,#2973,.T.);
#10151=EDGE_CURVE('',#6404,#6405,#2977,.T.);
#10153=EDGE_CURVE('',#6400,#6404,#2981,.T.);
#10157=EDGE_CURVE('',#6440,#6441,#2985,.T.);
#10159=EDGE_CURVE('',#6441,#6445,#2989,.T.);
#10161=EDGE_CURVE('',#6444,#6445,#2993,.T.);
#10163=EDGE_CURVE('',#6440,#6444,#2997,.T.);
#10174=EDGE_CURVE('',#5352,#5339,#3017,.T.);
#10176=EDGE_CURVE('',#5331,#5339,#3097,.T.);
#10188=EDGE_CURVE('',#5344,#5351,#3001,.T.);
#10190=EDGE_CURVE('',#5342,#5344,#3005,.T.);
#10192=EDGE_CURVE('',#5340,#5342,#3009,.T.);
#10194=EDGE_CURVE('',#5339,#5340,#3013,.T.);
#10199=EDGE_CURVE('',#5515,#5516,#3021,.T.);
#10201=EDGE_CURVE('',#5515,#5519,#3025,.T.);
#10203=EDGE_CURVE('',#5519,#5520,#3029,.T.);
#10205=EDGE_CURVE('',#5516,#5520,#3033,.T.);
#10209=EDGE_CURVE('',#6368,#6369,#3037,.T.);
#10211=EDGE_CURVE('',#6368,#6372,#3041,.T.);
#10213=EDGE_CURVE('',#6372,#6373,#3045,.T.);
#10215=EDGE_CURVE('',#6369,#6373,#3049,.T.);
#10219=EDGE_CURVE('',#6408,#6409,#3053,.T.);
#10221=EDGE_CURVE('',#6408,#6412,#3057,.T.);
#10223=EDGE_CURVE('',#6412,#6413,#3061,.T.);
#10225=EDGE_CURVE('',#6409,#6413,#3065,.T.);
#10229=EDGE_CURVE('',#6448,#6449,#3069,.T.);
#10231=EDGE_CURVE('',#6448,#6452,#3073,.T.);
#10233=EDGE_CURVE('',#6452,#6453,#3077,.T.);
#10235=EDGE_CURVE('',#6449,#6453,#3081,.T.);
#10247=EDGE_CURVE('',#5336,#5344,#3085,.T.);
#10259=EDGE_CURVE('',#5334,#5342,#3089,.T.);
#10272=EDGE_CURVE('',#5332,#5340,#3093,.T.);
#10297=EDGE_CURVE('',#5507,#5503,#3101,.T.);
#10299=EDGE_CURVE('',#5503,#5508,#3106,.T.);
#10310=EDGE_CURVE('',#5516,#5499,#3111,.T.);
#10312=EDGE_CURVE('',#5499,#5515,#3115,.T.);
#10322=EDGE_CURVE('',#5523,#5524,#3120,.T.);
#10333=EDGE_CURVE('',#5527,#5528,#3125,.T.);
#10335=EDGE_CURVE('',#5528,#5527,#3165,.T.);
#10346=EDGE_CURVE('',#5511,#5504,#3134,.T.);
#10348=EDGE_CURVE('',#5503,#5504,#3157,.T.);
#10360=EDGE_CURVE('',#5504,#5512,#3130,.T.);
#10372=EDGE_CURVE('',#5500,#5519,#3138,.T.);
#10374=EDGE_CURVE('',#5520,#5500,#3143,.T.);
#10384=EDGE_CURVE('',#5531,#5532,#3148,.T.);
#10395=EDGE_CURVE('',#5535,#5536,#3153,.T.);
#10397=EDGE_CURVE('',#5536,#5535,#3173,.T.);
#10421=EDGE_CURVE('',#5499,#5500,#3161,.T.);
#10457=EDGE_CURVE('',#5535,#5527,#3177,.T.);
#10460=EDGE_CURVE('',#5528,#5536,#3169,.T.);
#10482=EDGE_CURVE('',#6352,#6353,#3181,.T.);
#10484=EDGE_CURVE('',#6352,#6356,#3185,.T.);
#10486=EDGE_CURVE('',#6356,#6357,#3189,.T.);
#10488=EDGE_CURVE('',#6357,#6353,#3193,.T.);
#10492=EDGE_CURVE('',#6392,#6393,#3197,.T.);
#10494=EDGE_CURVE('',#6392,#6396,#3201,.T.);
#10496=EDGE_CURVE('',#6396,#6397,#3205,.T.);
#10498=EDGE_CURVE('',#6397,#6393,#3209,.T.);
#10502=EDGE_CURVE('',#6432,#6433,#3213,.T.);
#10504=EDGE_CURVE('',#6432,#6436,#3217,.T.);
#10506=EDGE_CURVE('',#6436,#6437,#3221,.T.);
#10508=EDGE_CURVE('',#6437,#6433,#3225,.T.);
#10519=EDGE_CURVE('',#6344,#6345,#3230,.T.);
#10530=EDGE_CURVE('',#6353,#6352,#3235,.T.);
#10541=EDGE_CURVE('',#6360,#6340,#3239,.T.);
#10543=EDGE_CURVE('',#6340,#6361,#3244,.T.);
#10554=EDGE_CURVE('',#6369,#6336,#3249,.T.);
#10556=EDGE_CURVE('',#6336,#6368,#3253,.T.);
#10567=EDGE_CURVE('',#6348,#6349,#3258,.T.);
#10590=EDGE_CURVE('',#6357,#6356,#3263,.T.);
#10601=EDGE_CURVE('',#6341,#6365,#3268,.T.);
#10603=EDGE_CURVE('',#6364,#6341,#3272,.T.);
#10614=EDGE_CURVE('',#6337,#6372,#3276,.T.);
#10616=EDGE_CURVE('',#6373,#6337,#3281,.T.);
#10640=EDGE_CURVE('',#6340,#6341,#3285,.T.);
#10665=EDGE_CURVE('',#6336,#6337,#3289,.T.);
#10689=EDGE_CURVE('',#6384,#6385,#3294,.T.);
#10700=EDGE_CURVE('',#6393,#6392,#3299,.T.);
#10711=EDGE_CURVE('',#6400,#6380,#3303,.T.);
#10713=EDGE_CURVE('',#6380,#6401,#3308,.T.);
#10724=EDGE_CURVE('',#6409,#6376,#3313,.T.);
#10726=EDGE_CURVE('',#6376,#6408,#3317,.T.);
#10737=EDGE_CURVE('',#6388,#6389,#3322,.T.);
#10760=EDGE_CURVE('',#6397,#6396,#3327,.T.);
#10771=EDGE_CURVE('',#6381,#6405,#3332,.T.);
#10773=EDGE_CURVE('',#6404,#6381,#3336,.T.);
#10784=EDGE_CURVE('',#6377,#6412,#3340,.T.);
#10786=EDGE_CURVE('',#6413,#6377,#3345,.T.);
#10810=EDGE_CURVE('',#6380,#6381,#3349,.T.);
#10835=EDGE_CURVE('',#6376,#6377,#3353,.T.);
#10859=EDGE_CURVE('',#6424,#6425,#3358,.T.);
#10870=EDGE_CURVE('',#6433,#6432,#3363,.T.);
#10881=EDGE_CURVE('',#6440,#6420,#3367,.T.);
#10883=EDGE_CURVE('',#6420,#6441,#3372,.T.);
#10894=EDGE_CURVE('',#6449,#6416,#3377,.T.);
#10896=EDGE_CURVE('',#6416,#6448,#3381,.T.);
#10907=EDGE_CURVE('',#6428,#6429,#3386,.T.);
#10930=EDGE_CURVE('',#6437,#6436,#3391,.T.);
#10941=EDGE_CURVE('',#6421,#6445,#3396,.T.);
#10943=EDGE_CURVE('',#6444,#6421,#3400,.T.);
#10954=EDGE_CURVE('',#6417,#6452,#3404,.T.);
#10956=EDGE_CURVE('',#6453,#6417,#3409,.T.);
#10980=EDGE_CURVE('',#6420,#6421,#3413,.T.);
#11005=EDGE_CURVE('',#6416,#6417,#3417,.T.);
#11028=EDGE_CURVE('',#5915,#5916,#3433,.T.);
#11031=EDGE_CURVE('',#6698,#6703,#3589,.T.);
#11033=EDGE_CURVE('',#6698,#6699,#3573,.T.);
#11035=EDGE_CURVE('',#6699,#6701,#3601,.T.);
#11039=EDGE_CURVE('',#5907,#5916,#3421,.T.);
#11049=EDGE_CURVE('',#6034,#6032,#3425,.T.);
#11055=EDGE_CURVE('',#6034,#5916,#3437,.T.);
#11065=EDGE_CURVE('',#6022,#6043,#3441,.T.);
#11067=EDGE_CURVE('',#5672,#6022,#3445,.T.);
#11069=EDGE_CURVE('',#5672,#5680,#3449,.T.);
#11072=EDGE_CURVE('',#6331,#6327,#3453,.T.);
#11083=EDGE_CURVE('',#6099,#6031,#3471,.T.);
#11087=EDGE_CURVE('',#6034,#6649,#3457,.T.);
#11089=EDGE_CURVE('',#6649,#6651,#3462,.T.);
#11111=EDGE_CURVE('',#6648,#6649,#3484,.T.);
#11138=EDGE_CURVE('',#6068,#6069,#3493,.T.);
#11140=EDGE_CURVE('',#6068,#6021,#3498,.T.);
#11142=EDGE_CURVE('',#6021,#6022,#3502,.T.);
#11146=EDGE_CURVE('',#6069,#6044,#3610,.T.);
#11156=EDGE_CURVE('',#6065,#6066,#3507,.T.);
#11158=EDGE_CURVE('',#6066,#6067,#3516,.T.);
#11160=EDGE_CURVE('',#6068,#6067,#3533,.T.);
#11163=EDGE_CURVE('',#6069,#6071,#3606,.T.);
#11176=EDGE_CURVE('',#6037,#6066,#3511,.T.);
#11190=EDGE_CURVE('',#6040,#6046,#3520,.T.);
#11192=EDGE_CURVE('',#6046,#6067,#3525,.T.);
#11204=EDGE_CURVE('',#6046,#6021,#3537,.T.);
#11208=EDGE_CURVE('',#5671,#5672,#3529,.T.);
#11232=EDGE_CURVE('',#6691,#6695,#3541,.T.);
#11234=EDGE_CURVE('',#6690,#6691,#3557,.T.);
#11236=EDGE_CURVE('',#6690,#6693,#3553,.T.);
#11251=EDGE_CURVE('',#5444,#5436,#3545,.T.);
#11253=EDGE_CURVE('',#5436,#6691,#3561,.T.);
#11264=EDGE_CURVE('',#5443,#5435,#3549,.T.);
#11266=EDGE_CURVE('',#5435,#5436,#3565,.T.);
#11278=EDGE_CURVE('',#6690,#5435,#3569,.T.);
#11303=EDGE_CURVE('',#5440,#6698,#3577,.T.);
#11305=EDGE_CURVE('',#5439,#5440,#3581,.T.);
#11307=EDGE_CURVE('',#6699,#5439,#3585,.T.);
#11319=EDGE_CURVE('',#5448,#5440,#3593,.T.);
#11331=EDGE_CURVE('',#5447,#5439,#3597,.T.);
#11369=EDGE_CURVE('',#5358,#5380,#3650,.T.);
#11371=EDGE_CURVE('',#5380,#5304,#3626,.T.);
#11384=EDGE_CURVE('',#5375,#5267,#3702,.T.);
#11386=EDGE_CURVE('',#5375,#5361,#3646,.T.);
#11388=EDGE_CURVE('',#5388,#5361,#3890,.T.);
#11399=EDGE_CURVE('',#5375,#5376,#3698,.T.);
#11401=EDGE_CURVE('',#5376,#5382,#3706,.T.);
#11403=EDGE_CURVE('',#5390,#5382,#3634,.T.);
#11405=EDGE_CURVE('',#5362,#5390,#3638,.T.);
#11407=EDGE_CURVE('',#5361,#5362,#3642,.T.);
#11418=EDGE_CURVE('',#5379,#5380,#3830,.T.);
#11422=EDGE_CURVE('',#5355,#5356,#3658,.T.);
#11424=EDGE_CURVE('',#5384,#5355,#3662,.T.);
#11426=EDGE_CURVE('',#5384,#5379,#3826,.T.);
#11436=EDGE_CURVE('',#5419,#5420,#3922,.T.);
#11438=EDGE_CURVE('',#5420,#5422,#3930,.T.);
#11441=EDGE_CURVE('',#5400,#5402,#3670,.T.);
#11443=EDGE_CURVE('',#5399,#5400,#3674,.T.);
#11454=EDGE_CURVE('',#5425,#5426,#4149,.T.);
#11456=EDGE_CURVE('',#5426,#5428,#4157,.T.);
#11459=EDGE_CURVE('',#5394,#5396,#3686,.T.);
#11474=EDGE_CURVE('',#5376,#5268,#3710,.T.);
#11484=EDGE_CURVE('',#5382,#5270,#3734,.T.);
#11498=EDGE_CURVE('',#5712,#5710,#3718,.T.);
#11501=EDGE_CURVE('',#5707,#5404,#3726,.T.);
#11503=EDGE_CURVE('',#5404,#5390,#3730,.T.);
#11509=EDGE_CURVE('',#5316,#5703,#3738,.T.);
#11521=EDGE_CURVE('',#5683,#5693,#3742,.T.);
#11533=EDGE_CURVE('',#5684,#5694,#3746,.T.);
#11546=EDGE_CURVE('',#5686,#5696,#3750,.T.);
#11559=EDGE_CURVE('',#5688,#5698,#3754,.T.);
#11572=EDGE_CURVE('',#5690,#5700,#3762,.T.);
#11599=EDGE_CURVE('',#5660,#5319,#3802,.T.);
#11610=EDGE_CURVE('',#5372,#5664,#3810,.T.);
#11612=EDGE_CURVE('',#5372,#5366,#3774,.T.);
#11614=EDGE_CURVE('',#5366,#5208,#3778,.T.);
#11639=EDGE_CURVE('',#5184,#5370,#3790,.T.);
#11641=EDGE_CURVE('',#5370,#5404,#3794,.T.);
#11656=EDGE_CURVE('',#5384,#5300,#3822,.T.);
#11659=EDGE_CURVE('',#5372,#5355,#3838,.T.);
#11663=EDGE_CURVE('',#5668,#5666,#3818,.T.);
#11675=EDGE_CURVE('',#5379,#5302,#3834,.T.);
#11712=EDGE_CURVE('',#5646,#5656,#3842,.T.);
#11726=EDGE_CURVE('',#5644,#5654,#3846,.T.);
#11739=EDGE_CURVE('',#5642,#5652,#3850,.T.);
#11752=EDGE_CURVE('',#5640,#5650,#3854,.T.);
#11765=EDGE_CURVE('',#5639,#5649,#3858,.T.);
#11775=EDGE_CURVE('',#6133,#6131,#3862,.T.);
#11812=EDGE_CURVE('',#5369,#5370,#3878,.T.);
#11829=EDGE_CURVE('',#5370,#5362,#3898,.T.);
#11834=EDGE_CURVE('',#5988,#5790,#3902,.T.);
#11860=EDGE_CURVE('',#6654,#5785,#3906,.T.);
#11872=EDGE_CURVE('',#5786,#6655,#3910,.T.);
#11885=EDGE_CURVE('',#5781,#6016,#3914,.T.);
#11913=EDGE_CURVE('',#5420,#5282,#3934,.T.);
#11935=EDGE_CURVE('',#5999,#6000,#3938,.T.);
#11937=EDGE_CURVE('',#5878,#5999,#4117,.T.);
#11939=EDGE_CURVE('',#5920,#5878,#3942,.T.);
#11942=EDGE_CURVE('',#5412,#5416,#4137,.T.);
#11944=EDGE_CURVE('',#5412,#5400,#3946,.T.);
#11958=EDGE_CURVE('',#6660,#6305,#3951,.T.);
#11960=EDGE_CURVE('',#6660,#6309,#3957,.T.);
#11962=EDGE_CURVE('',#6309,#5996,#3961,.T.);
#11964=EDGE_CURVE('',#5995,#5996,#4069,.T.);
#11966=EDGE_CURVE('',#5995,#5999,#3965,.T.);
#11980=EDGE_CURVE('',#6303,#6088,#3970,.T.);
#11983=EDGE_CURVE('',#6312,#6661,#3979,.T.);
#11985=EDGE_CURVE('',#6661,#6660,#4101,.T.);
#12007=EDGE_CURVE('',#6312,#5979,#3983,.T.);
#12010=EDGE_CURVE('',#5980,#5982,#4049,.T.);
#12012=EDGE_CURVE('',#5982,#6325,#3987,.T.);
#12014=EDGE_CURVE('',#6325,#6661,#3993,.T.);
#12025=EDGE_CURVE('',#6312,#6313,#4013,.T.);
#12037=EDGE_CURVE('',#6054,#6315,#3997,.T.);
#12040=EDGE_CURVE('',#5736,#5724,#4001,.T.);
#12051=EDGE_CURVE('',#5972,#5968,#4009,.T.);
#12075=EDGE_CURVE('',#5734,#5722,#4017,.T.);
#12099=EDGE_CURVE('',#5960,#5940,#4025,.T.);
#12125=EDGE_CURVE('',#5798,#5869,#4037,.T.);
#12127=EDGE_CURVE('',#5869,#5870,#4041,.T.);
#12129=EDGE_CURVE('',#5870,#5872,#4045,.T.);
#12144=EDGE_CURVE('',#5878,#5875,#4053,.T.);
#12146=EDGE_CURVE('',#5875,#5876,#4057,.T.);
#12148=EDGE_CURVE('',#5876,#5982,#4061,.T.);
#12162=EDGE_CURVE('',#6012,#5865,#4097,.T.);
#12164=EDGE_CURVE('',#5865,#5869,#4065,.T.);
#12175=EDGE_CURVE('',#6659,#5996,#4073,.T.);
#12177=EDGE_CURVE('',#6658,#6659,#4077,.T.);
#12179=EDGE_CURVE('',#5995,#6658,#4081,.T.);
#12190=EDGE_CURVE('',#5866,#6011,#4089,.T.);
#12192=EDGE_CURVE('',#5865,#5866,#4093,.T.);
#12203=EDGE_CURVE('',#6325,#6309,#4105,.T.);
#12207=EDGE_CURVE('',#6659,#5876,#4109,.T.);
#12233=EDGE_CURVE('',#5875,#6658,#4113,.T.);
#12261=EDGE_CURVE('',#5870,#5866,#4125,.T.);
#12322=EDGE_CURVE('',#5426,#5288,#4161,.T.);
#12357=EDGE_CURVE('',#5470,#5454,#4169,.T.);
#12370=EDGE_CURVE('',#5468,#5452,#4173,.T.);
#12394=EDGE_CURVE('',#5551,#5552,#4182,.T.);
#12396=EDGE_CURVE('',#5551,#5555,#4186,.T.);
#12398=EDGE_CURVE('',#5555,#5556,#4191,.T.);
#12409=EDGE_CURVE('',#5539,#5540,#4195,.T.);
#12411=EDGE_CURVE('',#5540,#5546,#4253,.T.);
#12413=EDGE_CURVE('',#5546,#5594,#4249,.T.);
#12415=EDGE_CURVE('',#5594,#5551,#4229,.T.);
#12419=EDGE_CURVE('',#5559,#5560,#4220,.T.);
#12421=EDGE_CURVE('',#5559,#5539,#4207,.T.);
#12432=EDGE_CURVE('',#5539,#5543,#4199,.T.);
#12434=EDGE_CURVE('',#5543,#5544,#4203,.T.);
#12436=EDGE_CURVE('',#5540,#5544,#4257,.T.);
#12447=EDGE_CURVE('',#5559,#5563,#4211,.T.);
#12449=EDGE_CURVE('',#5563,#5543,#4215,.T.);
#12462=EDGE_CURVE('',#5563,#5564,#4225,.T.);
#12478=EDGE_CURVE('',#5596,#5555,#4237,.T.);
#12480=EDGE_CURVE('',#5548,#5596,#4245,.T.);
#12482=EDGE_CURVE('',#5544,#5548,#4261,.T.);
#12493=EDGE_CURVE('',#5594,#5596,#4233,.T.);
#12505=EDGE_CURVE('',#5546,#5548,#4241,.T.);
#12530=EDGE_CURVE('',#5574,#5568,#4266,.T.);
#12532=EDGE_CURVE('',#5568,#5572,#4270,.T.);
#12534=EDGE_CURVE('',#5576,#5572,#4275,.T.);
#12545=EDGE_CURVE('',#5567,#5568,#4279,.T.);
#12549=EDGE_CURVE('',#5579,#5580,#4340,.T.);
#12551=EDGE_CURVE('',#5580,#5598,#4327,.T.);
#12553=EDGE_CURVE('',#5598,#5587,#4315,.T.);
#12555=EDGE_CURVE('',#5587,#5588,#4303,.T.);
#12557=EDGE_CURVE('',#5588,#5567,#4291,.T.);
#12568=EDGE_CURVE('',#5567,#5571,#4283,.T.);
#12570=EDGE_CURVE('',#5571,#5572,#4287,.T.);
#12582=EDGE_CURVE('',#5588,#5592,#4295,.T.);
#12584=EDGE_CURVE('',#5592,#5571,#4299,.T.);
#12596=EDGE_CURVE('',#5587,#5591,#4307,.T.);
#12598=EDGE_CURVE('',#5591,#5592,#4311,.T.);
#12611=EDGE_CURVE('',#5598,#5600,#4319,.T.);
#12613=EDGE_CURVE('',#5600,#5591,#4323,.T.);
#12624=EDGE_CURVE('',#5580,#5584,#4331,.T.);
#12626=EDGE_CURVE('',#5584,#5600,#4335,.T.);
#12639=EDGE_CURVE('',#5583,#5584,#4345,.T.);
#12666=EDGE_CURVE('',#6471,#6475,#4350,.T.);
#12668=EDGE_CURVE('',#6471,#6473,#4354,.T.);
#12670=EDGE_CURVE('',#6473,#6477,#4359,.T.);
#12681=EDGE_CURVE('',#6456,#6457,#4363,.T.);
#12683=EDGE_CURVE('',#6457,#6463,#4421,.T.);
#12685=EDGE_CURVE('',#6463,#6467,#4409,.T.);
#12687=EDGE_CURVE('',#6467,#6471,#4397,.T.);
#12691=EDGE_CURVE('',#6480,#6481,#4388,.T.);
#12693=EDGE_CURVE('',#6480,#6456,#4375,.T.);
#12704=EDGE_CURVE('',#6456,#6460,#4367,.T.);
#12706=EDGE_CURVE('',#6460,#6461,#4371,.T.);
#12708=EDGE_CURVE('',#6457,#6461,#4425,.T.);
#12719=EDGE_CURVE('',#6480,#6484,#4379,.T.);
#12721=EDGE_CURVE('',#6484,#6460,#4383,.T.);
#12734=EDGE_CURVE('',#6484,#6485,#4393,.T.);
#12750=EDGE_CURVE('',#6469,#6473,#4405,.T.);
#12752=EDGE_CURVE('',#6465,#6469,#4417,.T.);
#12754=EDGE_CURVE('',#6461,#6465,#4429,.T.);
#12765=EDGE_CURVE('',#6467,#6469,#4401,.T.);
#12778=EDGE_CURVE('',#6463,#6465,#4413,.T.);
#12802=EDGE_CURVE('',#6495,#6489,#4434,.T.);
#12804=EDGE_CURVE('',#6489,#6493,#4438,.T.);
#12806=EDGE_CURVE('',#6497,#6493,#4443,.T.);
#12817=EDGE_CURVE('',#6488,#6489,#4447,.T.);
#12821=EDGE_CURVE('',#6500,#6501,#4508,.T.);
#12823=EDGE_CURVE('',#6501,#6507,#4495,.T.);
#12825=EDGE_CURVE('',#6507,#6511,#4483,.T.);
#12827=EDGE_CURVE('',#6511,#6515,#4471,.T.);
#12829=EDGE_CURVE('',#6515,#6488,#4459,.T.);
#12840=EDGE_CURVE('',#6488,#6492,#4451,.T.);
#12842=EDGE_CURVE('',#6492,#6493,#4455,.T.);
#12854=EDGE_CURVE('',#6515,#6517,#4463,.T.);
#12856=EDGE_CURVE('',#6517,#6492,#4467,.T.);
#12868=EDGE_CURVE('',#6511,#6513,#4475,.T.);
#12870=EDGE_CURVE('',#6513,#6517,#4479,.T.);
#12882=EDGE_CURVE('',#6507,#6509,#4487,.T.);
#12884=EDGE_CURVE('',#6509,#6513,#4491,.T.);
#12896=EDGE_CURVE('',#6501,#6505,#4499,.T.);
#12898=EDGE_CURVE('',#6505,#6509,#4503,.T.);
#12911=EDGE_CURVE('',#6504,#6505,#4513,.T.);
#12938=EDGE_CURVE('',#6535,#6539,#4518,.T.);
#12940=EDGE_CURVE('',#6535,#6537,#4522,.T.);
#12942=EDGE_CURVE('',#6537,#6541,#4527,.T.);
#12953=EDGE_CURVE('',#6520,#6521,#4531,.T.);
#12955=EDGE_CURVE('',#6521,#6527,#4589,.T.);
#12957=EDGE_CURVE('',#6527,#6531,#4577,.T.);
#12959=EDGE_CURVE('',#6531,#6535,#4565,.T.);
#12963=EDGE_CURVE('',#6544,#6545,#4556,.T.);
#12965=EDGE_CURVE('',#6544,#6520,#4543,.T.);
#12976=EDGE_CURVE('',#6520,#6524,#4535,.T.);
#12978=EDGE_CURVE('',#6524,#6525,#4539,.T.);
#12980=EDGE_CURVE('',#6521,#6525,#4593,.T.);
#12991=EDGE_CURVE('',#6544,#6548,#4547,.T.);
#12993=EDGE_CURVE('',#6548,#6524,#4551,.T.);
#13006=EDGE_CURVE('',#6548,#6549,#4561,.T.);
#13022=EDGE_CURVE('',#6533,#6537,#4573,.T.);
#13024=EDGE_CURVE('',#6529,#6533,#4585,.T.);
#13026=EDGE_CURVE('',#6525,#6529,#4597,.T.);
#13037=EDGE_CURVE('',#6531,#6533,#4569,.T.);
#13050=EDGE_CURVE('',#6527,#6529,#4581,.T.);
#13074=EDGE_CURVE('',#6559,#6553,#4602,.T.);
#13076=EDGE_CURVE('',#6553,#6557,#4606,.T.);
#13078=EDGE_CURVE('',#6561,#6557,#4611,.T.);
#13089=EDGE_CURVE('',#6552,#6553,#4615,.T.);
#13093=EDGE_CURVE('',#6564,#6565,#4676,.T.);
#13095=EDGE_CURVE('',#6565,#6571,#4663,.T.);
#13097=EDGE_CURVE('',#6571,#6575,#4651,.T.);
#13099=EDGE_CURVE('',#6575,#6579,#4639,.T.);
#13101=EDGE_CURVE('',#6579,#6552,#4627,.T.);
#13112=EDGE_CURVE('',#6552,#6556,#4619,.T.);
#13114=EDGE_CURVE('',#6556,#6557,#4623,.T.);
#13126=EDGE_CURVE('',#6579,#6581,#4631,.T.);
#13128=EDGE_CURVE('',#6581,#6556,#4635,.T.);
#13140=EDGE_CURVE('',#6575,#6577,#4643,.T.);
#13142=EDGE_CURVE('',#6577,#6581,#4647,.T.);
#13154=EDGE_CURVE('',#6571,#6573,#4655,.T.);
#13156=EDGE_CURVE('',#6573,#6577,#4659,.T.);
#13168=EDGE_CURVE('',#6565,#6569,#4667,.T.);
#13170=EDGE_CURVE('',#6569,#6573,#4671,.T.);
#13183=EDGE_CURVE('',#6568,#6569,#4681,.T.);
#13210=EDGE_CURVE('',#6599,#6603,#4686,.T.);
#13212=EDGE_CURVE('',#6599,#6601,#4690,.T.);
#13214=EDGE_CURVE('',#6601,#6605,#4695,.T.);
#13225=EDGE_CURVE('',#6584,#6585,#4699,.T.);
#13227=EDGE_CURVE('',#6585,#6591,#4757,.T.);
#13229=EDGE_CURVE('',#6591,#6595,#4745,.T.);
#13231=EDGE_CURVE('',#6595,#6599,#4733,.T.);
#13235=EDGE_CURVE('',#6608,#6609,#4724,.T.);
#13237=EDGE_CURVE('',#6608,#6584,#4711,.T.);
#13248=EDGE_CURVE('',#6584,#6588,#4703,.T.);
#13250=EDGE_CURVE('',#6588,#6589,#4707,.T.);
#13252=EDGE_CURVE('',#6585,#6589,#4761,.T.);
#13263=EDGE_CURVE('',#6608,#6612,#4715,.T.);
#13265=EDGE_CURVE('',#6612,#6588,#4719,.T.);
#13278=EDGE_CURVE('',#6612,#6613,#4729,.T.);
#13294=EDGE_CURVE('',#6597,#6601,#4741,.T.);
#13296=EDGE_CURVE('',#6593,#6597,#4753,.T.);
#13298=EDGE_CURVE('',#6589,#6593,#4765,.T.);
#13309=EDGE_CURVE('',#6595,#6597,#4737,.T.);
#13322=EDGE_CURVE('',#6591,#6593,#4749,.T.);
#13346=EDGE_CURVE('',#6623,#6617,#4770,.T.);
#13348=EDGE_CURVE('',#6617,#6621,#4774,.T.);
#13350=EDGE_CURVE('',#6625,#6621,#4779,.T.);
#13361=EDGE_CURVE('',#6616,#6617,#4783,.T.);
#13365=EDGE_CURVE('',#6628,#6629,#4844,.T.);
#13367=EDGE_CURVE('',#6629,#6635,#4831,.T.);
#13369=EDGE_CURVE('',#6635,#6639,#4819,.T.);
#13371=EDGE_CURVE('',#6639,#6643,#4807,.T.);
#13373=EDGE_CURVE('',#6643,#6616,#4795,.T.);
#13384=EDGE_CURVE('',#6616,#6620,#4787,.T.);
#13386=EDGE_CURVE('',#6620,#6621,#4791,.T.);
#13398=EDGE_CURVE('',#6643,#6645,#4799,.T.);
#13400=EDGE_CURVE('',#6645,#6620,#4803,.T.);
#13412=EDGE_CURVE('',#6639,#6641,#4811,.T.);
#13414=EDGE_CURVE('',#6641,#6645,#4815,.T.);
#13426=EDGE_CURVE('',#6635,#6637,#4823,.T.);
#13428=EDGE_CURVE('',#6637,#6641,#4827,.T.);
#13440=EDGE_CURVE('',#6629,#6633,#4835,.T.);
#13442=EDGE_CURVE('',#6633,#6637,#4839,.T.);
#13455=EDGE_CURVE('',#6632,#6633,#4849,.T.);
#13496=EDGE_CURVE('',#5740,#5628,#4857,.T.);
#13518=EDGE_CURVE('',#5948,#5928,#4861,.T.);
#13544=EDGE_CURVE('',#5114,#5218,#4881,.T.);
#13557=EDGE_CURVE('',#5116,#5220,#4890,.T.);
#13570=EDGE_CURVE('',#5118,#5222,#4898,.T.);
#13583=EDGE_CURVE('',#5120,#5224,#4906,.T.);
#13608=EDGE_CURVE('',#5126,#5230,#4922,.T.);
#13621=EDGE_CURVE('',#5128,#5232,#4931,.T.);
#13634=EDGE_CURVE('',#5130,#5234,#4939,.T.);
#13647=EDGE_CURVE('',#5132,#5236,#4947,.T.);
#13672=EDGE_CURVE('',#5146,#5242,#4963,.T.);
#13685=EDGE_CURVE('',#5148,#5244,#4972,.T.);
#13698=EDGE_CURVE('',#5150,#5246,#4980,.T.);
#13711=EDGE_CURVE('',#5152,#5248,#4988,.T.);
#13737=EDGE_CURVE('',#5200,#6686,#4996,.T.);
#13739=EDGE_CURVE('',#5199,#5200,#5000,.T.);
#13743=EDGE_CURVE('',#5140,#5196,#5004,.T.);
#13745=EDGE_CURVE('',#5196,#6678,#5008,.T.);
#13756=EDGE_CURVE('',#5192,#6682,#5032,.T.);
#13758=EDGE_CURVE('',#5192,#5200,#5016,.T.);
#13770=EDGE_CURVE('',#5195,#6679,#5020,.T.);
#13772=EDGE_CURVE('',#5138,#5195,#5048,.T.);
#13776=EDGE_CURVE('',#5191,#5192,#5028,.T.);
#13790=EDGE_CURVE('',#5195,#5196,#5044,.T.);
#13827=EDGE_CURVE('',#5954,#5934,#5060,.T.);
#13865=EDGE_CURVE('',#6199,#6217,#5068,.T.);
#13878=EDGE_CURVE('',#6197,#6215,#5072,.T.);
#13891=EDGE_CURVE('',#6195,#6213,#5076,.T.);
#13904=EDGE_CURVE('',#6193,#6211,#5080,.T.);
#13917=EDGE_CURVE('',#6191,#6209,#5084,.T.);
#13930=EDGE_CURVE('',#6189,#6207,#5088,.T.);
#13952=EDGE_CURVE('',#5942,#5923,#5096,.T.);
#13982=TRIMMED_CURVE('',#13981,(PARAMETER_VALUE(0.E0)),(PARAMETER_VALUE(1.E0)),
.T.,.UNSPECIFIED.);
#13983=COMPOSITE_CURVE_SEGMENT(.CONTINUOUS.,.T.,#13982);
#13988=TRIMMED_CURVE('',#13987,(PARAMETER_VALUE(0.E0)),(PARAMETER_VALUE(1.E0)),
.T.,.UNSPECIFIED.);
#13989=COMPOSITE_CURVE_SEGMENT(.CONTINUOUS.,.T.,#13988);
#13994=TRIMMED_CURVE('',#13993,(PARAMETER_VALUE(0.E0)),(PARAMETER_VALUE(1.E0)),
.T.,.UNSPECIFIED.);
#13995=COMPOSITE_CURVE_SEGMENT(.CONTINUOUS.,.T.,#13994);
#14000=TRIMMED_CURVE('',#13999,(PARAMETER_VALUE(0.E0)),(PARAMETER_VALUE(1.E0)),
.T.,.UNSPECIFIED.);
#14001=COMPOSITE_CURVE_SEGMENT(.CONTINUOUS.,.T.,#14000);
#14002=COMPOSITE_CURVE('',(#13983,#13989,#13995,#14001),.F.);
#14008=TRIMMED_CURVE('',#14007,(PARAMETER_VALUE(0.E0)),(PARAMETER_VALUE(1.E0)),
.T.,.UNSPECIFIED.);
#14009=COMPOSITE_CURVE_SEGMENT(.CONTINUOUS.,.T.,#14008);
#14014=TRIMMED_CURVE('',#14013,(PARAMETER_VALUE(0.E0)),(PARAMETER_VALUE(1.E0)),
.T.,.UNSPECIFIED.);
#14015=COMPOSITE_CURVE_SEGMENT(.CONTINUOUS.,.T.,#14014);
#14020=TRIMMED_CURVE('',#14019,(PARAMETER_VALUE(0.E0)),(PARAMETER_VALUE(1.E0)),
.T.,.UNSPECIFIED.);
#14021=COMPOSITE_CURVE_SEGMENT(.CONTINUOUS.,.T.,#14020);
#14026=TRIMMED_CURVE('',#14025,(PARAMETER_VALUE(0.E0)),(PARAMETER_VALUE(1.E0)),
.T.,.UNSPECIFIED.);
#14027=COMPOSITE_CURVE_SEGMENT(.CONTINUOUS.,.T.,#14026);
#14028=COMPOSITE_CURVE('',(#14009,#14015,#14021,#14027),.F.);
#14033=TRIMMED_CURVE('',#14032,(PARAMETER_VALUE(0.E0)),(PARAMETER_VALUE(1.E0)),
.T.,.UNSPECIFIED.);
#14034=COMPOSITE_CURVE_SEGMENT(.CONTINUOUS.,.T.,#14033);
#14039=TRIMMED_CURVE('',#14038,(PARAMETER_VALUE(0.E0)),(PARAMETER_VALUE(1.E0)),
.T.,.UNSPECIFIED.);
#14040=COMPOSITE_CURVE_SEGMENT(.CONTINUOUS.,.T.,#14039);
#14045=TRIMMED_CURVE('',#14044,(PARAMETER_VALUE(0.E0)),(PARAMETER_VALUE(1.E0)),
.T.,.UNSPECIFIED.);
#14046=COMPOSITE_CURVE_SEGMENT(.CONTINUOUS.,.T.,#14045);
#14051=TRIMMED_CURVE('',#14050,(PARAMETER_VALUE(0.E0)),(PARAMETER_VALUE(1.E0)),
.T.,.UNSPECIFIED.);
#14052=COMPOSITE_CURVE_SEGMENT(.CONTINUOUS.,.T.,#14051);
#14053=COMPOSITE_CURVE('',(#14034,#14040,#14046,#14052),.F.);
#14058=TRIMMED_CURVE('',#14057,(PARAMETER_VALUE(0.E0)),(PARAMETER_VALUE(1.E0)),
.T.,.UNSPECIFIED.);
#14059=COMPOSITE_CURVE_SEGMENT(.CONTINUOUS.,.T.,#14058);
#14064=TRIMMED_CURVE('',#14063,(PARAMETER_VALUE(0.E0)),(PARAMETER_VALUE(1.E0)),
.T.,.UNSPECIFIED.);
#14065=COMPOSITE_CURVE_SEGMENT(.CONTINUOUS.,.T.,#14064);
#14070=TRIMMED_CURVE('',#14069,(PARAMETER_VALUE(0.E0)),(PARAMETER_VALUE(1.E0)),
.T.,.UNSPECIFIED.);
#14071=COMPOSITE_CURVE_SEGMENT(.CONTINUOUS.,.T.,#14070);
#14076=TRIMMED_CURVE('',#14075,(PARAMETER_VALUE(0.E0)),(PARAMETER_VALUE(1.E0)),
.T.,.UNSPECIFIED.);
#14077=COMPOSITE_CURVE_SEGMENT(.CONTINUOUS.,.T.,#14076);
#14078=COMPOSITE_CURVE('',(#14059,#14065,#14071,#14077),.F.);
#14083=TRIMMED_CURVE('',#14082,(PARAMETER_VALUE(0.E0)),(PARAMETER_VALUE(1.E0)),
.T.,.UNSPECIFIED.);
#14084=COMPOSITE_CURVE_SEGMENT(.CONTINUOUS.,.T.,#14083);
#14089=TRIMMED_CURVE('',#14088,(PARAMETER_VALUE(0.E0)),(PARAMETER_VALUE(1.E0)),
.T.,.UNSPECIFIED.);
#14090=COMPOSITE_CURVE_SEGMENT(.CONTINUOUS.,.T.,#14089);
#14095=TRIMMED_CURVE('',#14094,(PARAMETER_VALUE(0.E0)),(PARAMETER_VALUE(1.E0)),
.T.,.UNSPECIFIED.);
#14096=COMPOSITE_CURVE_SEGMENT(.CONTINUOUS.,.T.,#14095);
#14101=TRIMMED_CURVE('',#14100,(PARAMETER_VALUE(0.E0)),(PARAMETER_VALUE(1.E0)),
.T.,.UNSPECIFIED.);
#14102=COMPOSITE_CURVE_SEGMENT(.CONTINUOUS.,.T.,#14101);
#14103=COMPOSITE_CURVE('',(#14084,#14090,#14096,#14102),.F.);
#14108=TRIMMED_CURVE('',#14107,(PARAMETER_VALUE(0.E0)),(PARAMETER_VALUE(1.E0)),
.T.,.UNSPECIFIED.);
#14109=COMPOSITE_CURVE_SEGMENT(.CONTINUOUS.,.T.,#14108);
#14114=TRIMMED_CURVE('',#14113,(PARAMETER_VALUE(0.E0)),(PARAMETER_VALUE(1.E0)),
.T.,.UNSPECIFIED.);
#14115=COMPOSITE_CURVE_SEGMENT(.CONTINUOUS.,.T.,#14114);
#14120=TRIMMED_CURVE('',#14119,(PARAMETER_VALUE(0.E0)),(PARAMETER_VALUE(1.E0)),
.T.,.UNSPECIFIED.);
#14121=COMPOSITE_CURVE_SEGMENT(.CONTINUOUS.,.T.,#14120);
#14126=TRIMMED_CURVE('',#14125,(PARAMETER_VALUE(0.E0)),(PARAMETER_VALUE(1.E0)),
.T.,.UNSPECIFIED.);
#14127=COMPOSITE_CURVE_SEGMENT(.CONTINUOUS.,.T.,#14126);
#14128=COMPOSITE_CURVE('',(#14109,#14115,#14121,#14127),.F.);
#14133=TRIMMED_CURVE('',#14132,(PARAMETER_VALUE(0.E0)),(PARAMETER_VALUE(1.E0)),
.T.,.UNSPECIFIED.);
#14134=COMPOSITE_CURVE_SEGMENT(.CONTINUOUS.,.T.,#14133);
#14139=TRIMMED_CURVE('',#14138,(PARAMETER_VALUE(0.E0)),(PARAMETER_VALUE(1.E0)),
.T.,.UNSPECIFIED.);
#14140=COMPOSITE_CURVE_SEGMENT(.CONTINUOUS.,.T.,#14139);
#14145=TRIMMED_CURVE('',#14144,(PARAMETER_VALUE(0.E0)),(PARAMETER_VALUE(1.E0)),
.T.,.UNSPECIFIED.);
#14146=COMPOSITE_CURVE_SEGMENT(.CONTINUOUS.,.T.,#14145);
#14151=TRIMMED_CURVE('',#14150,(PARAMETER_VALUE(0.E0)),(PARAMETER_VALUE(1.E0)),
.T.,.UNSPECIFIED.);
#14152=COMPOSITE_CURVE_SEGMENT(.CONTINUOUS.,.T.,#14151);
#14153=COMPOSITE_CURVE('',(#14134,#14140,#14146,#14152),.F.);
#14158=TRIMMED_CURVE('',#14157,(PARAMETER_VALUE(0.E0)),(PARAMETER_VALUE(1.E0)),
.T.,.UNSPECIFIED.);
#14159=COMPOSITE_CURVE_SEGMENT(.CONTINUOUS.,.T.,#14158);
#14164=TRIMMED_CURVE('',#14163,(PARAMETER_VALUE(0.E0)),(PARAMETER_VALUE(1.E0)),
.T.,.UNSPECIFIED.);
#14165=COMPOSITE_CURVE_SEGMENT(.CONTINUOUS.,.T.,#14164);
#14170=TRIMMED_CURVE('',#14169,(PARAMETER_VALUE(0.E0)),(PARAMETER_VALUE(1.E0)),
.T.,.UNSPECIFIED.);
#14171=COMPOSITE_CURVE_SEGMENT(.CONTINUOUS.,.T.,#14170);
#14176=TRIMMED_CURVE('',#14175,(PARAMETER_VALUE(0.E0)),(PARAMETER_VALUE(1.E0)),
.T.,.UNSPECIFIED.);
#14177=COMPOSITE_CURVE_SEGMENT(.CONTINUOUS.,.T.,#14176);
#14178=COMPOSITE_CURVE('',(#14159,#14165,#14171,#14177),.F.);
#14183=TRIMMED_CURVE('',#14182,(PARAMETER_VALUE(0.E0)),(PARAMETER_VALUE(1.E0)),
.T.,.UNSPECIFIED.);
#14184=COMPOSITE_CURVE_SEGMENT(.CONTINUOUS.,.T.,#14183);
#14189=TRIMMED_CURVE('',#14188,(PARAMETER_VALUE(0.E0)),(PARAMETER_VALUE(1.E0)),
.T.,.UNSPECIFIED.);
#14190=COMPOSITE_CURVE_SEGMENT(.CONTINUOUS.,.T.,#14189);
#14195=TRIMMED_CURVE('',#14194,(PARAMETER_VALUE(0.E0)),(PARAMETER_VALUE(1.E0)),
.T.,.UNSPECIFIED.);
#14196=COMPOSITE_CURVE_SEGMENT(.CONTINUOUS.,.T.,#14195);
#14201=TRIMMED_CURVE('',#14200,(PARAMETER_VALUE(0.E0)),(PARAMETER_VALUE(1.E0)),
.T.,.UNSPECIFIED.);
#14202=COMPOSITE_CURVE_SEGMENT(.CONTINUOUS.,.T.,#14201);
#14203=COMPOSITE_CURVE('',(#14184,#14190,#14196,#14202),.F.);
#14208=TRIMMED_CURVE('',#14207,(PARAMETER_VALUE(0.E0)),(PARAMETER_VALUE(1.E0)),
.T.,.UNSPECIFIED.);
#14209=COMPOSITE_CURVE_SEGMENT(.CONTINUOUS.,.T.,#14208);
#14214=TRIMMED_CURVE('',#14213,(PARAMETER_VALUE(0.E0)),(PARAMETER_VALUE(1.E0)),
.T.,.UNSPECIFIED.);
#14215=COMPOSITE_CURVE_SEGMENT(.CONTINUOUS.,.T.,#14214);
#14220=TRIMMED_CURVE('',#14219,(PARAMETER_VALUE(0.E0)),(PARAMETER_VALUE(1.E0)),
.T.,.UNSPECIFIED.);
#14221=COMPOSITE_CURVE_SEGMENT(.CONTINUOUS.,.T.,#14220);
#14226=TRIMMED_CURVE('',#14225,(PARAMETER_VALUE(0.E0)),(PARAMETER_VALUE(1.E0)),
.T.,.UNSPECIFIED.);
#14227=COMPOSITE_CURVE_SEGMENT(.CONTINUOUS.,.T.,#14226);
#14228=COMPOSITE_CURVE('',(#14209,#14215,#14221,#14227),.F.);
#14233=TRIMMED_CURVE('',#14232,(PARAMETER_VALUE(0.E0)),(PARAMETER_VALUE(1.E0)),
.T.,.UNSPECIFIED.);
#14234=COMPOSITE_CURVE_SEGMENT(.CONTINUOUS.,.T.,#14233);
#14239=TRIMMED_CURVE('',#14238,(PARAMETER_VALUE(0.E0)),(PARAMETER_VALUE(1.E0)),
.T.,.UNSPECIFIED.);
#14240=COMPOSITE_CURVE_SEGMENT(.CONTINUOUS.,.T.,#14239);
#14245=TRIMMED_CURVE('',#14244,(PARAMETER_VALUE(0.E0)),(PARAMETER_VALUE(1.E0)),
.T.,.UNSPECIFIED.);
#14246=COMPOSITE_CURVE_SEGMENT(.CONTINUOUS.,.T.,#14245);
#14251=TRIMMED_CURVE('',#14250,(PARAMETER_VALUE(0.E0)),(PARAMETER_VALUE(1.E0)),
.T.,.UNSPECIFIED.);
#14252=COMPOSITE_CURVE_SEGMENT(.CONTINUOUS.,.T.,#14251);
#14253=COMPOSITE_CURVE('',(#14234,#14240,#14246,#14252),.F.);
#14258=TRIMMED_CURVE('',#14257,(PARAMETER_VALUE(0.E0)),(PARAMETER_VALUE(1.E0)),
.T.,.UNSPECIFIED.);
#14259=COMPOSITE_CURVE_SEGMENT(.CONTINUOUS.,.T.,#14258);
#14264=TRIMMED_CURVE('',#14263,(PARAMETER_VALUE(0.E0)),(PARAMETER_VALUE(1.E0)),
.T.,.UNSPECIFIED.);
#14265=COMPOSITE_CURVE_SEGMENT(.CONTINUOUS.,.T.,#14264);
#14270=TRIMMED_CURVE('',#14269,(PARAMETER_VALUE(0.E0)),(PARAMETER_VALUE(1.E0)),
.T.,.UNSPECIFIED.);
#14271=COMPOSITE_CURVE_SEGMENT(.CONTINUOUS.,.T.,#14270);
#14276=TRIMMED_CURVE('',#14275,(PARAMETER_VALUE(0.E0)),(PARAMETER_VALUE(1.E0)),
.T.,.UNSPECIFIED.);
#14277=COMPOSITE_CURVE_SEGMENT(.CONTINUOUS.,.T.,#14276);
#14278=COMPOSITE_CURVE('',(#14259,#14265,#14271,#14277),.F.);
#14279=(LENGTH_UNIT()NAMED_UNIT(*)SI_UNIT(.MILLI.,.METRE.));
#14281=(NAMED_UNIT(*)PLANE_ANGLE_UNIT()SI_UNIT($,.RADIAN.));
#14284=(NAMED_UNIT(*)SI_UNIT($,.STERADIAN.)SOLID_ANGLE_UNIT());
#14287=ADVANCED_BREP_SHAPE_REPRESENTATION('',(#13973),#14286);
#14288=GEOMETRICALLY_BOUNDED_SURFACE_SHAPE_REPRESENTATION('',(#14003),#14286);
#14289=SHAPE_REPRESENTATION('',(#13977),#14286);
#14298=PRODUCT_DEFINITION('design','',#14297,#14294);
#14299=PRODUCT_DEFINITION_SHAPE('','SHAPE FOR 5050660822.',#14298);
#14300=SHAPE_DEFINITION_REPRESENTATION(#14299,#14289);
ENDSEC;
END-ISO-10303-21;
