ISO-10303-21;
HEADER;
FILE_DESCRIPTION((''),'2;1');
FILE_NAME('5050660622','2019-03-29T',('gga'),(''),
'PRO/ENGINEER BY PARAMETRIC TECHNOLOGY CORPORATION, 2016010',
'PRO/ENGINEER BY PARAMETRIC TECHNOLOGY CORPORATION, 2016010','');
FILE_SCHEMA(('CONFIG_CONTROL_DESIGN'));
ENDSEC;
DATA;
#1=DIRECTION('',(0.E0,0.E0,-1.E0));
#2=VECTOR('',#1,1.25E-1);
#3=CARTESIAN_POINT('',(-5.25E-1,0.E0,8.8E-1));
#4=LINE('',#3,#2);
#5=DIRECTION('',(1.E0,0.E0,0.E0));
#6=VECTOR('',#5,1.05E0);
#7=CARTESIAN_POINT('',(-5.25E-1,0.E0,7.55E-1));
#8=LINE('',#7,#6);
#9=DIRECTION('',(0.E0,0.E0,1.E0));
#10=VECTOR('',#9,1.25E-1);
#11=CARTESIAN_POINT('',(5.25E-1,0.E0,7.55E-1));
#12=LINE('',#11,#10);
#13=DIRECTION('',(0.E0,0.E0,1.E0));
#14=VECTOR('',#13,1.2E-1);
#15=CARTESIAN_POINT('',(1.235E0,0.E0,8.8E-1));
#16=LINE('',#15,#14);
#17=DIRECTION('',(1.E0,0.E0,0.E0));
#18=VECTOR('',#17,3.15E-1);
#19=CARTESIAN_POINT('',(1.235E0,0.E0,1.E0));
#20=LINE('',#19,#18);
#21=CARTESIAN_POINT('',(1.55E0,0.E0,8.E-1));
#22=DIRECTION('',(0.E0,1.E0,0.E0));
#23=DIRECTION('',(0.E0,0.E0,1.E0));
#24=AXIS2_PLACEMENT_3D('',#21,#22,#23);
#26=DIRECTION('',(0.E0,0.E0,-1.E0));
#27=VECTOR('',#26,1.85E-1);
#28=CARTESIAN_POINT('',(1.75E0,0.E0,8.E-1));
#29=LINE('',#28,#27);
#30=DIRECTION('',(-1.E0,0.E0,0.E0));
#31=VECTOR('',#30,2.5E-1);
#32=CARTESIAN_POINT('',(1.75E0,0.E0,6.15E-1));
#33=LINE('',#32,#31);
#34=DIRECTION('',(0.E0,0.E0,-1.E0));
#35=VECTOR('',#34,2.65E-1);
#36=CARTESIAN_POINT('',(1.5E0,0.E0,6.15E-1));
#37=LINE('',#36,#35);
#38=DIRECTION('',(1.E0,0.E0,0.E0));
#39=VECTOR('',#38,2.5E-1);
#40=CARTESIAN_POINT('',(1.5E0,0.E0,3.5E-1));
#41=LINE('',#40,#39);
#42=DIRECTION('',(0.E0,0.E0,-1.E0));
#43=VECTOR('',#42,7.E-1);
#44=CARTESIAN_POINT('',(1.75E0,0.E0,3.5E-1));
#45=LINE('',#44,#43);
#46=DIRECTION('',(-1.E0,0.E0,0.E0));
#47=VECTOR('',#46,2.5E-1);
#48=CARTESIAN_POINT('',(1.75E0,0.E0,-3.5E-1));
#49=LINE('',#48,#47);
#50=DIRECTION('',(0.E0,0.E0,-1.E0));
#51=VECTOR('',#50,2.65E-1);
#52=CARTESIAN_POINT('',(1.5E0,0.E0,-3.5E-1));
#53=LINE('',#52,#51);
#54=DIRECTION('',(1.E0,0.E0,0.E0));
#55=VECTOR('',#54,2.5E-1);
#56=CARTESIAN_POINT('',(1.5E0,0.E0,-6.15E-1));
#57=LINE('',#56,#55);
#58=DIRECTION('',(0.E0,0.E0,-1.E0));
#59=VECTOR('',#58,1.85E-1);
#60=CARTESIAN_POINT('',(1.75E0,0.E0,-6.15E-1));
#61=LINE('',#60,#59);
#62=CARTESIAN_POINT('',(1.55E0,0.E0,-8.E-1));
#63=DIRECTION('',(0.E0,1.E0,0.E0));
#64=DIRECTION('',(1.E0,0.E0,0.E0));
#65=AXIS2_PLACEMENT_3D('',#62,#63,#64);
#67=DIRECTION('',(-1.E0,0.E0,0.E0));
#68=VECTOR('',#67,3.15E-1);
#69=CARTESIAN_POINT('',(1.55E0,0.E0,-1.E0));
#70=LINE('',#69,#68);
#71=DIRECTION('',(0.E0,0.E0,1.E0));
#72=VECTOR('',#71,1.2E-1);
#73=CARTESIAN_POINT('',(1.235E0,0.E0,-1.E0));
#74=LINE('',#73,#72);
#75=DIRECTION('',(0.E0,0.E0,1.E0));
#76=VECTOR('',#75,1.25E-1);
#77=CARTESIAN_POINT('',(5.25E-1,0.E0,-8.8E-1));
#78=LINE('',#77,#76);
#79=DIRECTION('',(-1.E0,0.E0,0.E0));
#80=VECTOR('',#79,1.05E0);
#81=CARTESIAN_POINT('',(5.25E-1,0.E0,-7.55E-1));
#82=LINE('',#81,#80);
#83=DIRECTION('',(0.E0,0.E0,-1.E0));
#84=VECTOR('',#83,1.25E-1);
#85=CARTESIAN_POINT('',(-5.25E-1,0.E0,-7.55E-1));
#86=LINE('',#85,#84);
#87=DIRECTION('',(0.E0,0.E0,-1.E0));
#88=VECTOR('',#87,1.2E-1);
#89=CARTESIAN_POINT('',(-1.235E0,0.E0,-8.8E-1));
#90=LINE('',#89,#88);
#91=DIRECTION('',(-1.E0,0.E0,0.E0));
#92=VECTOR('',#91,3.15E-1);
#93=CARTESIAN_POINT('',(-1.235E0,0.E0,-1.E0));
#94=LINE('',#93,#92);
#95=CARTESIAN_POINT('',(-1.55E0,0.E0,-8.E-1));
#96=DIRECTION('',(0.E0,1.E0,0.E0));
#97=DIRECTION('',(0.E0,0.E0,-1.E0));
#98=AXIS2_PLACEMENT_3D('',#95,#96,#97);
#100=DIRECTION('',(0.E0,0.E0,1.E0));
#101=VECTOR('',#100,1.85E-1);
#102=CARTESIAN_POINT('',(-1.75E0,0.E0,-8.E-1));
#103=LINE('',#102,#101);
#104=DIRECTION('',(1.E0,0.E0,0.E0));
#105=VECTOR('',#104,2.5E-1);
#106=CARTESIAN_POINT('',(-1.75E0,0.E0,-6.15E-1));
#107=LINE('',#106,#105);
#108=DIRECTION('',(0.E0,0.E0,1.E0));
#109=VECTOR('',#108,2.65E-1);
#110=CARTESIAN_POINT('',(-1.5E0,0.E0,-6.15E-1));
#111=LINE('',#110,#109);
#112=DIRECTION('',(-1.E0,0.E0,0.E0));
#113=VECTOR('',#112,2.5E-1);
#114=CARTESIAN_POINT('',(-1.5E0,0.E0,-3.5E-1));
#115=LINE('',#114,#113);
#116=DIRECTION('',(0.E0,0.E0,1.E0));
#117=VECTOR('',#116,7.E-1);
#118=CARTESIAN_POINT('',(-1.75E0,0.E0,-3.5E-1));
#119=LINE('',#118,#117);
#120=DIRECTION('',(1.E0,0.E0,0.E0));
#121=VECTOR('',#120,2.5E-1);
#122=CARTESIAN_POINT('',(-1.75E0,0.E0,3.5E-1));
#123=LINE('',#122,#121);
#124=DIRECTION('',(0.E0,0.E0,1.E0));
#125=VECTOR('',#124,2.65E-1);
#126=CARTESIAN_POINT('',(-1.5E0,0.E0,3.5E-1));
#127=LINE('',#126,#125);
#128=DIRECTION('',(-1.E0,0.E0,0.E0));
#129=VECTOR('',#128,2.5E-1);
#130=CARTESIAN_POINT('',(-1.5E0,0.E0,6.15E-1));
#131=LINE('',#130,#129);
#132=DIRECTION('',(0.E0,0.E0,1.E0));
#133=VECTOR('',#132,1.85E-1);
#134=CARTESIAN_POINT('',(-1.75E0,0.E0,6.15E-1));
#135=LINE('',#134,#133);
#136=CARTESIAN_POINT('',(-1.55E0,0.E0,8.E-1));
#137=DIRECTION('',(0.E0,1.E0,0.E0));
#138=DIRECTION('',(-1.E0,0.E0,0.E0));
#139=AXIS2_PLACEMENT_3D('',#136,#137,#138);
#141=DIRECTION('',(1.E0,0.E0,0.E0));
#142=VECTOR('',#141,3.15E-1);
#143=CARTESIAN_POINT('',(-1.55E0,0.E0,1.E0));
#144=LINE('',#143,#142);
#145=DIRECTION('',(0.E0,0.E0,-1.E0));
#146=VECTOR('',#145,1.2E-1);
#147=CARTESIAN_POINT('',(-1.235E0,0.E0,1.E0));
#148=LINE('',#147,#146);
#149=DIRECTION('',(-1.E0,0.E0,0.E0));
#150=VECTOR('',#149,4.E-2);
#151=CARTESIAN_POINT('',(-5.9E-1,3.4E-1,8.8E-1));
#152=LINE('',#151,#150);
#153=DIRECTION('',(-1.E0,0.E0,0.E0));
#154=VECTOR('',#153,7.1E-1);
#155=CARTESIAN_POINT('',(-5.25E-1,0.E0,8.8E-1));
#156=LINE('',#155,#154);
#157=DIRECTION('',(0.E0,1.E0,0.E0));
#158=VECTOR('',#157,2.2E-1);
#159=CARTESIAN_POINT('',(-1.235E0,0.E0,8.8E-1));
#160=LINE('',#159,#158);
#161=DIRECTION('',(1.E0,0.E0,0.E0));
#162=VECTOR('',#161,2.95E-1);
#163=CARTESIAN_POINT('',(-1.5E0,2.5E-1,8.8E-1));
#164=LINE('',#163,#162);
#165=DIRECTION('',(-7.071067811865E-1,7.071067811865E-1,0.E0));
#166=VECTOR('',#165,2.687005768509E-1);
#167=CARTESIAN_POINT('',(-1.015E0,6.E-2,8.8E-1));
#168=LINE('',#167,#166);
#169=DIRECTION('',(-1.E0,0.E0,0.E0));
#170=VECTOR('',#169,3.85E-1);
#171=CARTESIAN_POINT('',(-6.3E-1,6.E-2,8.8E-1));
#172=LINE('',#171,#170);
#173=DIRECTION('',(1.E0,0.E0,0.E0));
#174=VECTOR('',#173,1.505851374348E-1);
#175=CARTESIAN_POINT('',(-9.955851374348E-1,4.4E-1,8.8E-1));
#176=LINE('',#175,#174);
#177=DIRECTION('',(0.E0,-1.E0,0.E0));
#178=VECTOR('',#177,1.E-1);
#179=CARTESIAN_POINT('',(-8.45E-1,4.4E-1,8.8E-1));
#180=LINE('',#179,#178);
#181=DIRECTION('',(-1.E0,0.E0,0.E0));
#182=VECTOR('',#181,4.E-2);
#183=CARTESIAN_POINT('',(-8.05E-1,3.4E-1,8.8E-1));
#184=LINE('',#183,#182);
#185=DIRECTION('',(1.E0,0.E0,0.E0));
#186=VECTOR('',#185,1.212994231491E-1);
#187=CARTESIAN_POINT('',(-9.262994231491E-1,2.4E-1,8.8E-1));
#188=LINE('',#187,#186);
#189=DIRECTION('',(7.071067811865E-1,-7.071067811865E-1,0.E0));
#190=VECTOR('',#189,2.192031021678E-1);
#191=CARTESIAN_POINT('',(-1.081299423149E0,3.95E-1,8.8E-1));
#192=LINE('',#191,#190);
#193=DIRECTION('',(0.E0,-1.E0,0.E0));
#194=VECTOR('',#193,4.5E-2);
#195=CARTESIAN_POINT('',(-1.081299423149E0,4.4E-1,8.8E-1));
#196=LINE('',#195,#194);
#197=DIRECTION('',(1.E0,0.E0,0.E0));
#198=VECTOR('',#197,8.571428571429E-2);
#199=CARTESIAN_POINT('',(-1.081299423149E0,4.4E-1,8.8E-1));
#200=LINE('',#199,#198);
#201=CARTESIAN_POINT('',(-6.3E-1,3.2E-1,8.5E-1));
#202=DIRECTION('',(1.E0,0.E0,0.E0));
#203=DIRECTION('',(0.E0,1.E0,0.E0));
#204=AXIS2_PLACEMENT_3D('',#201,#202,#203);
#206=DIRECTION('',(0.E0,0.E0,1.E0));
#207=VECTOR('',#206,1.66E-1);
#208=CARTESIAN_POINT('',(-6.3E-1,4.4E-1,6.84E-1));
#209=LINE('',#208,#207);
#210=CARTESIAN_POINT('',(-6.3E-1,3.5E-1,6.84E-1));
#211=DIRECTION('',(1.E0,0.E0,0.E0));
#212=DIRECTION('',(0.E0,6.427876096865E-1,-7.660444431190E-1));
#213=AXIS2_PLACEMENT_3D('',#210,#211,#212);
#215=DIRECTION('',(0.E0,7.660444431190E-1,6.427876096865E-1));
#216=VECTOR('',#215,5.221629157329E-2);
#217=CARTESIAN_POINT('',(-6.3E-1,3.678508848718E-1,5.814920148722E-1));
#218=LINE('',#217,#216);
#219=CARTESIAN_POINT('',(-6.3E-1,3.1E-1,6.504360147529E-1));
#220=DIRECTION('',(1.E0,0.E0,0.E0));
#221=DIRECTION('',(0.E0,-2.535923447086E-1,-9.673111819395E-1));
#222=AXIS2_PLACEMENT_3D('',#219,#220,#221);
#224=DIRECTION('',(0.E0,9.673111819395E-1,-2.535923447086E-1));
#225=VECTOR('',#224,1.128661500194E-1);
#226=CARTESIAN_POINT('',(-6.3E-1,1.78E-1,5.92E-1));
#227=LINE('',#226,#225);
#228=DIRECTION('',(0.E0,-2.535923447086E-1,-9.673111819395E-1));
#229=VECTOR('',#228,1.219876314915E-1);
#230=CARTESIAN_POINT('',(-6.3E-1,2.089351294954E-1,7.1E-1));
#231=LINE('',#230,#229);
#232=DIRECTION('',(0.E0,-1.E0,0.E0));
#233=VECTOR('',#232,2.8E-1);
#234=CARTESIAN_POINT('',(-6.3E-1,3.4E-1,8.8E-1));
#235=LINE('',#234,#233);
#236=DIRECTION('',(0.E0,1.E0,0.E0));
#237=VECTOR('',#236,2.6E-1);
#238=CARTESIAN_POINT('',(-6.3E-1,6.E-2,9.7E-1));
#239=LINE('',#238,#237);
#240=CARTESIAN_POINT('',(-6.3E-1,3.2E-1,-8.5E-1));
#241=DIRECTION('',(1.E0,0.E0,0.E0));
#242=DIRECTION('',(0.E0,0.E0,-1.E0));
#243=AXIS2_PLACEMENT_3D('',#240,#241,#242);
#245=DIRECTION('',(0.E0,2.535923447086E-1,-9.673111819395E-1));
#246=VECTOR('',#245,1.219876314915E-1);
#247=CARTESIAN_POINT('',(-6.3E-1,1.78E-1,-5.92E-1));
#248=LINE('',#247,#246);
#249=DIRECTION('',(0.E0,-9.673111819395E-1,-2.535923447086E-1));
#250=VECTOR('',#249,1.128661500194E-1);
#251=CARTESIAN_POINT('',(-6.3E-1,2.871766889762E-1,-5.633780083784E-1));
#252=LINE('',#251,#250);
#253=CARTESIAN_POINT('',(-6.3E-1,3.1E-1,-6.504360147529E-1));
#254=DIRECTION('',(1.E0,0.E0,0.E0));
#255=DIRECTION('',(0.E0,6.427876096865E-1,7.660444431190E-1));
#256=AXIS2_PLACEMENT_3D('',#253,#254,#255);
#258=DIRECTION('',(0.E0,-7.660444431190E-1,6.427876096865E-1));
#259=VECTOR('',#258,5.221629157329E-2);
#260=CARTESIAN_POINT('',(-6.3E-1,4.078508848718E-1,-6.150560001193E-1));
#261=LINE('',#260,#259);
#262=CARTESIAN_POINT('',(-6.3E-1,3.5E-1,-6.84E-1));
#263=DIRECTION('',(1.E0,0.E0,0.E0));
#264=DIRECTION('',(0.E0,1.E0,0.E0));
#265=AXIS2_PLACEMENT_3D('',#262,#263,#264);
#267=CARTESIAN_POINT('',(-8.05E-1,3.2E-1,8.5E-1));
#268=DIRECTION('',(-1.E0,0.E0,0.E0));
#269=DIRECTION('',(0.E0,0.E0,1.E0));
#270=AXIS2_PLACEMENT_3D('',#267,#268,#269);
#272=DIRECTION('',(-2.636779683485E-14,-1.E0,-2.220446049250E-14));
#273=VECTOR('',#272,8.E-2);
#274=CARTESIAN_POINT('',(-8.05E-1,3.2E-1,9.7E-1));
#275=LINE('',#274,#273);
#276=DIRECTION('',(0.E0,0.E0,1.E0));
#277=VECTOR('',#276,9.E-2);
#278=CARTESIAN_POINT('',(-8.05E-1,2.4E-1,8.8E-1));
#279=LINE('',#278,#277);
#280=DIRECTION('',(1.776356839400E-14,1.E0,0.E0));
#281=VECTOR('',#280,1.E-1);
#282=CARTESIAN_POINT('',(-8.05E-1,2.4E-1,8.8E-1));
#283=LINE('',#282,#281);
#284=DIRECTION('',(0.E0,-2.535923447086E-1,-9.673111819395E-1));
#285=VECTOR('',#284,1.219876314915E-1);
#286=CARTESIAN_POINT('',(-8.05E-1,2.089351294954E-1,7.1E-1));
#287=LINE('',#286,#285);
#288=DIRECTION('',(0.E0,9.673111819395E-1,-2.535923447086E-1));
#289=VECTOR('',#288,1.128661500194E-1);
#290=CARTESIAN_POINT('',(-8.05E-1,1.78E-1,5.92E-1));
#291=LINE('',#290,#289);
#292=CARTESIAN_POINT('',(-8.05E-1,3.1E-1,6.504360147529E-1));
#293=DIRECTION('',(1.E0,0.E0,0.E0));
#294=DIRECTION('',(0.E0,-2.535923447086E-1,-9.673111819395E-1));
#295=AXIS2_PLACEMENT_3D('',#292,#293,#294);
#297=DIRECTION('',(0.E0,7.660444431190E-1,6.427876096865E-1));
#298=VECTOR('',#297,5.221629157329E-2);
#299=CARTESIAN_POINT('',(-8.05E-1,3.678508848718E-1,5.814920148722E-1));
#300=LINE('',#299,#298);
#301=CARTESIAN_POINT('',(-8.05E-1,3.5E-1,6.84E-1));
#302=DIRECTION('',(1.E0,0.E0,0.E0));
#303=DIRECTION('',(0.E0,6.427876096865E-1,-7.660444431190E-1));
#304=AXIS2_PLACEMENT_3D('',#301,#302,#303);
#306=DIRECTION('',(0.E0,0.E0,1.E0));
#307=VECTOR('',#306,1.66E-1);
#308=CARTESIAN_POINT('',(-8.05E-1,4.4E-1,6.84E-1));
#309=LINE('',#308,#307);
#310=CARTESIAN_POINT('',(-8.05E-1,3.2E-1,-8.5E-1));
#311=DIRECTION('',(-1.E0,0.E0,0.E0));
#312=DIRECTION('',(0.E0,1.E0,0.E0));
#313=AXIS2_PLACEMENT_3D('',#310,#311,#312);
#315=DIRECTION('',(0.E0,0.E0,1.E0));
#316=VECTOR('',#315,1.66E-1);
#317=CARTESIAN_POINT('',(-8.05E-1,4.4E-1,-8.5E-1));
#318=LINE('',#317,#316);
#319=CARTESIAN_POINT('',(-8.05E-1,3.5E-1,-6.84E-1));
#320=DIRECTION('',(1.E0,0.E0,0.E0));
#321=DIRECTION('',(0.E0,1.E0,0.E0));
#322=AXIS2_PLACEMENT_3D('',#319,#320,#321);
#324=DIRECTION('',(0.E0,-7.660444431190E-1,6.427876096865E-1));
#325=VECTOR('',#324,5.221629157329E-2);
#326=CARTESIAN_POINT('',(-8.05E-1,4.078508848718E-1,-6.150560001193E-1));
#327=LINE('',#326,#325);
#328=CARTESIAN_POINT('',(-8.05E-1,3.1E-1,-6.504360147529E-1));
#329=DIRECTION('',(1.E0,0.E0,0.E0));
#330=DIRECTION('',(0.E0,6.427876096865E-1,7.660444431190E-1));
#331=AXIS2_PLACEMENT_3D('',#328,#329,#330);
#333=DIRECTION('',(0.E0,-9.673111819395E-1,-2.535923447086E-1));
#334=VECTOR('',#333,1.128661500194E-1);
#335=CARTESIAN_POINT('',(-8.05E-1,2.871766889762E-1,-5.633780083784E-1));
#336=LINE('',#335,#334);
#337=DIRECTION('',(0.E0,2.535923447086E-1,-9.673111819395E-1));
#338=VECTOR('',#337,1.219876314915E-1);
#339=CARTESIAN_POINT('',(-8.05E-1,1.78E-1,-5.92E-1));
#340=LINE('',#339,#338);
#341=DIRECTION('',(0.E0,0.E0,-1.E0));
#342=VECTOR('',#341,9.E-2);
#343=CARTESIAN_POINT('',(-8.05E-1,2.4E-1,-8.8E-1));
#344=LINE('',#343,#342);
#345=DIRECTION('',(1.E0,0.E0,0.E0));
#346=VECTOR('',#345,1.2E-1);
#347=CARTESIAN_POINT('',(-1.47E0,4.4E-1,9.7E-1));
#348=LINE('',#347,#346);
#349=DIRECTION('',(1.E0,0.E0,0.E0));
#350=VECTOR('',#349,2.687005768509E-1);
#351=CARTESIAN_POINT('',(-1.35E0,4.4E-1,9.7E-1));
#352=LINE('',#351,#350);
#353=DIRECTION('',(7.071067811865E-1,-7.071067811865E-1,0.E0));
#354=VECTOR('',#353,2.192031021678E-1);
#355=CARTESIAN_POINT('',(-1.081299423149E0,3.95E-1,9.7E-1));
#356=LINE('',#355,#354);
#357=DIRECTION('',(1.E0,0.E0,0.E0));
#358=VECTOR('',#357,1.212994231491E-1);
#359=CARTESIAN_POINT('',(-9.262994231491E-1,2.4E-1,9.7E-1));
#360=LINE('',#359,#358);
#361=DIRECTION('',(-1.E0,0.E0,0.E0));
#362=VECTOR('',#361,1.75E-1);
#363=CARTESIAN_POINT('',(-6.3E-1,3.2E-1,9.7E-1));
#364=LINE('',#363,#362);
#365=DIRECTION('',(-1.E0,0.E0,0.E0));
#366=VECTOR('',#365,3.85E-1);
#367=CARTESIAN_POINT('',(-6.3E-1,6.E-2,9.7E-1));
#368=LINE('',#367,#366);
#369=DIRECTION('',(-7.071067811865E-1,7.071067811865E-1,0.E0));
#370=VECTOR('',#369,2.687005768509E-1);
#371=CARTESIAN_POINT('',(-1.015E0,6.E-2,9.7E-1));
#372=LINE('',#371,#370);
#373=DIRECTION('',(-1.E0,0.E0,1.214961045816E-14));
#374=VECTOR('',#373,2.65E-1);
#375=CARTESIAN_POINT('',(-1.205E0,2.5E-1,9.7E-1));
#376=LINE('',#375,#374);
#377=DIRECTION('',(0.E0,-1.E0,0.E0));
#378=VECTOR('',#377,1.9E-1);
#379=CARTESIAN_POINT('',(-1.47E0,4.4E-1,9.7E-1));
#380=LINE('',#379,#378);
#381=DIRECTION('',(1.E0,0.E0,-1.387778780781E-14));
#382=VECTOR('',#381,1.2E-1);
#383=CARTESIAN_POINT('',(1.35E0,4.4E-1,9.7E-1));
#384=LINE('',#383,#382);
#385=DIRECTION('',(0.E0,1.E0,0.E0));
#386=VECTOR('',#385,1.9E-1);
#387=CARTESIAN_POINT('',(1.47E0,2.5E-1,9.7E-1));
#388=LINE('',#387,#386);
#389=DIRECTION('',(-1.E0,0.E0,1.298751462769E-14));
#390=VECTOR('',#389,2.65E-1);
#391=CARTESIAN_POINT('',(1.47E0,2.5E-1,9.7E-1));
#392=LINE('',#391,#390);
#393=DIRECTION('',(-7.071067811865E-1,-7.071067811865E-1,0.E0));
#394=VECTOR('',#393,2.687005768509E-1);
#395=CARTESIAN_POINT('',(1.205E0,2.5E-1,9.7E-1));
#396=LINE('',#395,#394);
#397=DIRECTION('',(-1.E0,0.E0,0.E0));
#398=VECTOR('',#397,3.85E-1);
#399=CARTESIAN_POINT('',(1.015E0,6.E-2,9.7E-1));
#400=LINE('',#399,#398);
#401=DIRECTION('',(-1.E0,0.E0,0.E0));
#402=VECTOR('',#401,1.75E-1);
#403=CARTESIAN_POINT('',(8.05E-1,3.2E-1,9.7E-1));
#404=LINE('',#403,#402);
#405=DIRECTION('',(1.E0,0.E0,0.E0));
#406=VECTOR('',#405,1.212994231491E-1);
#407=CARTESIAN_POINT('',(8.05E-1,2.4E-1,9.7E-1));
#408=LINE('',#407,#406);
#409=DIRECTION('',(7.071067811865E-1,7.071067811865E-1,0.E0));
#410=VECTOR('',#409,2.192031021678E-1);
#411=CARTESIAN_POINT('',(9.262994231491E-1,2.4E-1,9.7E-1));
#412=LINE('',#411,#410);
#413=DIRECTION('',(1.E0,0.E0,0.E0));
#414=VECTOR('',#413,2.687005768509E-1);
#415=CARTESIAN_POINT('',(1.081299423149E0,4.4E-1,9.7E-1));
#416=LINE('',#415,#414);
#417=DIRECTION('',(6.896551724138E-1,0.E0,7.241379310345E-1));
#418=VECTOR('',#417,1.657142857143E-1);
#419=CARTESIAN_POINT('',(-9.955851374348E-1,4.4E-1,-8.8E-1));
#420=LINE('',#419,#418);
#421=DIRECTION('',(-1.E0,0.E0,0.E0));
#422=VECTOR('',#421,3.629942314911E-2);
#423=CARTESIAN_POINT('',(-8.45E-1,4.4E-1,-7.4E-1));
#424=LINE('',#423,#422);
#425=DIRECTION('',(0.E0,0.E0,-1.E0));
#426=VECTOR('',#425,2.E-2);
#427=CARTESIAN_POINT('',(-8.812994231491E-1,4.4E-1,-7.4E-1));
#428=LINE('',#427,#426);
#429=DIRECTION('',(-6.896551724138E-1,0.E0,7.241379310345E-1));
#430=VECTOR('',#429,1.657142857143E-1);
#431=CARTESIAN_POINT('',(-8.812994231491E-1,4.4E-1,7.6E-1));
#432=LINE('',#431,#430);
#433=DIRECTION('',(0.E0,0.E0,-1.E0));
#434=VECTOR('',#433,2.E-2);
#435=CARTESIAN_POINT('',(-8.812994231491E-1,4.4E-1,7.6E-1));
#436=LINE('',#435,#434);
#437=DIRECTION('',(-1.E0,0.E0,0.E0));
#438=VECTOR('',#437,3.629942314911E-2);
#439=CARTESIAN_POINT('',(-8.45E-1,4.4E-1,7.4E-1));
#440=LINE('',#439,#438);
#441=DIRECTION('',(1.E0,0.E0,-3.000135031268E-14));
#442=VECTOR('',#441,3.700576850888E-3);
#443=CARTESIAN_POINT('',(-1.35E0,4.4E-1,-8.8E-1));
#444=LINE('',#443,#442);
#445=DIRECTION('',(-6.E-1,0.E0,-8.E-1));
#446=VECTOR('',#445,1.75E-1);
#447=CARTESIAN_POINT('',(-1.241299423149E0,4.4E-1,-7.4E-1));
#448=LINE('',#447,#446);
#449=DIRECTION('',(-1.E0,0.E0,0.E0));
#450=VECTOR('',#449,5.370057685089E-2);
#451=CARTESIAN_POINT('',(-1.241299423149E0,4.4E-1,-7.4E-1));
#452=LINE('',#451,#450);
#453=DIRECTION('',(1.E0,0.E0,0.E0));
#454=VECTOR('',#453,5.000000000002E-3);
#455=CARTESIAN_POINT('',(-1.3E0,4.4E-1,-5.9E-1));
#456=LINE('',#455,#454);
#457=DIRECTION('',(7.808688094430E-1,0.E0,6.246950475544E-1));
#458=VECTOR('',#457,2.561249694973E-1);
#459=CARTESIAN_POINT('',(-1.5E0,4.4E-1,-7.5E-1));
#460=LINE('',#459,#458);
#461=DIRECTION('',(-1.E0,0.E0,0.E0));
#462=VECTOR('',#461,9.E-2);
#463=CARTESIAN_POINT('',(-1.5E0,4.4E-1,-7.5E-1));
#464=LINE('',#463,#462);
#465=CARTESIAN_POINT('',(-1.47E0,4.4E-1,-8.5E-1));
#466=DIRECTION('',(0.E0,1.E0,0.E0));
#467=DIRECTION('',(0.E0,0.E0,-1.E0));
#468=AXIS2_PLACEMENT_3D('',#465,#466,#467);
#470=CARTESIAN_POINT('',(-1.47E0,4.4E-1,8.5E-1));
#471=DIRECTION('',(0.E0,1.E0,0.E0));
#472=DIRECTION('',(-1.E0,0.E0,0.E0));
#473=AXIS2_PLACEMENT_3D('',#470,#471,#472);
#475=DIRECTION('',(-7.808688094430E-1,0.E0,6.246950475544E-1));
#476=VECTOR('',#475,2.561249694973E-1);
#477=CARTESIAN_POINT('',(-1.3E0,4.4E-1,5.9E-1));
#478=LINE('',#477,#476);
#479=DIRECTION('',(1.E0,0.E0,0.E0));
#480=VECTOR('',#479,4.999999999998E-3);
#481=CARTESIAN_POINT('',(-1.3E0,4.4E-1,5.9E-1));
#482=LINE('',#481,#480);
#483=DIRECTION('',(-1.E0,0.E0,0.E0));
#484=VECTOR('',#483,5.370057685089E-2);
#485=CARTESIAN_POINT('',(-1.241299423149E0,4.4E-1,7.4E-1));
#486=LINE('',#485,#484);
#487=DIRECTION('',(6.E-1,0.E0,-8.E-1));
#488=VECTOR('',#487,1.75E-1);
#489=CARTESIAN_POINT('',(-1.346299423149E0,4.4E-1,8.8E-1));
#490=LINE('',#489,#488);
#491=DIRECTION('',(1.E0,0.E0,0.E0));
#492=VECTOR('',#491,3.700576850891E-3);
#493=CARTESIAN_POINT('',(-1.35E0,4.4E-1,8.8E-1));
#494=LINE('',#493,#492);
#495=CARTESIAN_POINT('',(-1.081299423149E0,4.4E-1,-9.7E-1));
#496=CARTESIAN_POINT('',(-1.081299423149E0,4.519047619048E-1,-9.7E-1));
#497=CARTESIAN_POINT('',(-1.078271805296E0,4.713242398279E-1,
-9.668210012547E-1));
#498=CARTESIAN_POINT('',(-1.066746562109E0,5.022316848256E-1,
-9.547194959082E-1));
#499=CARTESIAN_POINT('',(-1.045297599870E0,5.306544991019E-1,
-9.321980855565E-1));
#500=CARTESIAN_POINT('',(-1.011561994568E0,5.531664428434E-1,
-8.967756999900E-1));
#501=CARTESIAN_POINT('',(-9.834340701113E-1,5.6E-1,-8.672413793103E-1));
#502=CARTESIAN_POINT('',(-9.670137088634E-1,5.6E-1,-8.5E-1));
#504=DIRECTION('',(6.896551724138E-1,0.E0,7.241379310345E-1));
#505=VECTOR('',#504,1.242857142857E-1);
#506=CARTESIAN_POINT('',(-1.081299423149E0,4.4E-1,-9.7E-1));
#507=LINE('',#506,#505);
#508=DIRECTION('',(-5.757224002073E-1,5.505571422513E-1,-6.045085202176E-1));
#509=VECTOR('',#508,3.749413229388E-2);
#510=CARTESIAN_POINT('',(-8.812994231491E-1,5.132901999899E-1,-7.6E-1));
#511=LINE('',#510,#509);
#512=CARTESIAN_POINT('',(-9.028856349870E-1,5.339328623168E-1,
-7.826655224298E-1));
#513=CARTESIAN_POINT('',(-9.125584932103E-1,5.431829126516E-1,
-7.928220235643E-1));
#514=CARTESIAN_POINT('',(-9.331481355418E-1,5.556719923742E-1,
-8.144411480123E-1));
#515=CARTESIAN_POINT('',(-9.554266372064E-1,5.6E-1,-8.378335747602E-1));
#516=CARTESIAN_POINT('',(-9.670137088634E-1,5.6E-1,-8.5E-1));
#518=DIRECTION('',(1.E0,0.E0,0.E0));
#519=VECTOR('',#518,3.567857142857E-1);
#520=CARTESIAN_POINT('',(-1.323799423149E0,5.6E-1,-8.5E-1));
#521=LINE('',#520,#519);
#522=DIRECTION('',(-1.E0,0.E0,0.E0));
#523=VECTOR('',#522,3.704129299844E-1);
#524=CARTESIAN_POINT('',(-9.028856349870E-1,5.339328623168E-1,
-7.826655224298E-1));
#525=LINE('',#524,#523);
#526=DIRECTION('',(-1.E0,0.E0,0.E0));
#527=VECTOR('',#526,3.E-1);
#528=CARTESIAN_POINT('',(-8.812994231491E-1,4.04E-1,-6.4E-1));
#529=LINE('',#528,#527);
#530=DIRECTION('',(0.E0,1.E0,0.E0));
#531=VECTOR('',#530,7.329019998986E-2);
#532=CARTESIAN_POINT('',(-8.812994231491E-1,4.4E-1,-7.6E-1));
#533=LINE('',#532,#531);
#534=DIRECTION('',(0.E0,0.E0,-1.E0));
#535=VECTOR('',#534,1.E-1);
#536=CARTESIAN_POINT('',(-8.812994231491E-1,3.2E-1,-6.4E-1));
#537=LINE('',#536,#535);
#538=DIRECTION('',(0.E0,-1.E0,0.E0));
#539=VECTOR('',#538,8.4E-2);
#540=CARTESIAN_POINT('',(-8.812994231491E-1,4.04E-1,-6.4E-1));
#541=LINE('',#540,#539);
#542=DIRECTION('',(0.E0,-6.733447757019E-1,7.393286231677E-1));
#543=VECTOR('',#542,1.623094199787E-1);
#544=CARTESIAN_POINT('',(-8.812994231491E-1,5.132901999899E-1,-7.6E-1));
#545=LINE('',#544,#543);
#546=DIRECTION('',(0.E0,-1.E0,0.E0));
#547=VECTOR('',#546,7.329019998986E-2);
#548=CARTESIAN_POINT('',(-8.812994231491E-1,5.132901999899E-1,7.6E-1));
#549=LINE('',#548,#547);
#550=DIRECTION('',(0.E0,6.733447757019E-1,7.393286231677E-1));
#551=VECTOR('',#550,1.623094199787E-1);
#552=CARTESIAN_POINT('',(-8.812994231491E-1,4.04E-1,6.4E-1));
#553=LINE('',#552,#551);
#554=DIRECTION('',(0.E0,1.E0,0.E0));
#555=VECTOR('',#554,8.4E-2);
#556=CARTESIAN_POINT('',(-8.812994231491E-1,3.2E-1,6.4E-1));
#557=LINE('',#556,#555);
#558=DIRECTION('',(0.E0,0.E0,-1.E0));
#559=VECTOR('',#558,1.E-1);
#560=CARTESIAN_POINT('',(-8.812994231491E-1,3.2E-1,7.4E-1));
#561=LINE('',#560,#559);
#562=DIRECTION('',(0.E0,1.E0,0.E0));
#563=VECTOR('',#562,1.2E-1);
#564=CARTESIAN_POINT('',(-1.241299423149E0,3.2E-1,-7.4E-1));
#565=LINE('',#564,#563);
#566=DIRECTION('',(0.E0,-1.E0,0.E0));
#567=VECTOR('',#566,1.2E-1);
#568=CARTESIAN_POINT('',(-8.812994231491E-1,4.4E-1,-7.4E-1));
#569=LINE('',#568,#567);
#570=DIRECTION('',(0.E0,-1.E0,0.E0));
#571=VECTOR('',#570,6.E-2);
#572=CARTESIAN_POINT('',(-8.45E-1,3.4E-1,-7.4E-1));
#573=LINE('',#572,#571);
#574=CARTESIAN_POINT('',(-1.323799423149E0,5.6E-1,-8.5E-1));
#575=CARTESIAN_POINT('',(-1.331377310371E0,5.6E-1,-8.601038496296E-1));
#576=CARTESIAN_POINT('',(-1.338878201672E0,5.587443685809E-1,
-8.701050380302E-1));
#577=CARTESIAN_POINT('',(-1.346299423149E0,5.561895003862E-1,-8.8E-1));
#579=CARTESIAN_POINT('',(-1.323799423149E0,5.6E-1,-8.5E-1));
#580=CARTESIAN_POINT('',(-1.314533700587E0,5.6E-1,-8.376457032500E-1));
#581=CARTESIAN_POINT('',(-1.296871319063E0,5.555523506509E-1,
-8.140958612180E-1));
#582=CARTESIAN_POINT('',(-1.280787353523E0,5.430267645221E-1,
-7.926505738319E-1));
#583=CARTESIAN_POINT('',(-1.273298564971E0,5.339328623168E-1,
-7.826655224298E-1));
#585=DIRECTION('',(4.849349956923E-1,-5.888738073477E-1,6.465799942564E-1));
#586=VECTOR('',#585,1.897143795346E-1);
#587=CARTESIAN_POINT('',(-1.273298564971E0,5.339328623168E-1,
-7.826655224298E-1));
#588=LINE('',#587,#586);
#589=DIRECTION('',(-6.E-1,0.E0,-8.E-1));
#590=VECTOR('',#589,1.E-1);
#591=CARTESIAN_POINT('',(-1.181299423149E0,3.2E-1,-6.6E-1));
#592=LINE('',#591,#590);
#593=DIRECTION('',(0.E0,-1.E0,0.E0));
#594=VECTOR('',#593,1.022150333316E-1);
#595=CARTESIAN_POINT('',(-1.181299423149E0,4.222150333316E-1,-6.6E-1));
#596=LINE('',#595,#594);
#597=DIRECTION('',(0.E0,-6.733447757019E-1,7.393286231677E-1));
#598=VECTOR('',#597,2.705156999645E-2);
#599=CARTESIAN_POINT('',(-1.181299423149E0,4.222150333316E-1,-6.6E-1));
#600=LINE('',#599,#598);
#601=DIRECTION('',(0.E0,-1.E0,0.E0));
#602=VECTOR('',#601,8.4E-2);
#603=CARTESIAN_POINT('',(-1.181299423149E0,4.04E-1,-6.4E-1));
#604=LINE('',#603,#602);
#605=DIRECTION('',(0.E0,0.E0,-1.E0));
#606=VECTOR('',#605,2.E-2);
#607=CARTESIAN_POINT('',(-1.181299423149E0,3.2E-1,-6.4E-1));
#608=LINE('',#607,#606);
#609=DIRECTION('',(0.E0,-1.E0,0.E0));
#610=VECTOR('',#609,1.022150333316E-1);
#611=CARTESIAN_POINT('',(-1.181299423149E0,4.222150333316E-1,6.6E-1));
#612=LINE('',#611,#610);
#613=DIRECTION('',(0.E0,0.E0,-1.E0));
#614=VECTOR('',#613,2.E-2);
#615=CARTESIAN_POINT('',(-1.181299423149E0,3.2E-1,6.6E-1));
#616=LINE('',#615,#614);
#617=DIRECTION('',(0.E0,1.E0,0.E0));
#618=VECTOR('',#617,8.4E-2);
#619=CARTESIAN_POINT('',(-1.181299423149E0,3.2E-1,6.4E-1));
#620=LINE('',#619,#618);
#621=DIRECTION('',(0.E0,6.733447757019E-1,7.393286231677E-1));
#622=VECTOR('',#621,2.705156999644E-2);
#623=CARTESIAN_POINT('',(-1.181299423149E0,4.04E-1,6.4E-1));
#624=LINE('',#623,#622);
#625=DIRECTION('',(-1.E0,0.E0,0.E0));
#626=VECTOR('',#625,3.6E-1);
#627=CARTESIAN_POINT('',(-8.812994231491E-1,3.2E-1,-7.4E-1));
#628=LINE('',#627,#626);
#629=DIRECTION('',(1.E0,0.E0,0.E0));
#630=VECTOR('',#629,3.E-1);
#631=CARTESIAN_POINT('',(-1.181299423149E0,3.2E-1,-6.4E-1));
#632=LINE('',#631,#630);
#633=DIRECTION('',(6.E-1,0.E0,-8.E-1));
#634=VECTOR('',#633,1.E-1);
#635=CARTESIAN_POINT('',(-1.241299423149E0,3.2E-1,7.4E-1));
#636=LINE('',#635,#634);
#637=DIRECTION('',(-4.849349956923E-1,5.888738073477E-1,6.465799942564E-1));
#638=VECTOR('',#637,1.897143795346E-1);
#639=CARTESIAN_POINT('',(-1.181299423149E0,4.222150333316E-1,6.6E-1));
#640=LINE('',#639,#638);
#641=CARTESIAN_POINT('',(-1.273298564971E0,5.339328623168E-1,
7.826655224298E-1));
#642=CARTESIAN_POINT('',(-1.280787353523E0,5.430267645221E-1,
7.926505738319E-1));
#643=CARTESIAN_POINT('',(-1.296871319063E0,5.555523506509E-1,
8.140958612180E-1));
#644=CARTESIAN_POINT('',(-1.314533700587E0,5.6E-1,8.376457032500E-1));
#645=CARTESIAN_POINT('',(-1.323799423149E0,5.6E-1,8.5E-1));
#647=CARTESIAN_POINT('',(-1.346299423149E0,5.561895003862E-1,8.8E-1));
#648=CARTESIAN_POINT('',(-1.338878201672E0,5.587443685809E-1,
8.701050380302E-1));
#649=CARTESIAN_POINT('',(-1.331377310371E0,5.6E-1,8.601038496296E-1));
#650=CARTESIAN_POINT('',(-1.323799423149E0,5.6E-1,8.5E-1));
#652=DIRECTION('',(0.E0,1.E0,0.E0));
#653=VECTOR('',#652,1.161895003862E-1);
#654=CARTESIAN_POINT('',(-1.35E0,4.4E-1,8.8E-1));
#655=LINE('',#654,#653);
#656=DIRECTION('',(0.E0,-1.E0,0.E0));
#657=VECTOR('',#656,1.161895003862E-1);
#658=CARTESIAN_POINT('',(-1.346299423149E0,5.561895003862E-1,8.8E-1));
#659=LINE('',#658,#657);
#660=DIRECTION('',(1.E0,-3.000135031267E-14,0.E0));
#661=VECTOR('',#660,3.700576850890E-3);
#662=CARTESIAN_POINT('',(-1.35E0,5.561895003862E-1,8.8E-1));
#663=LINE('',#662,#661);
#664=DIRECTION('',(0.E0,-1.E0,0.E0));
#665=VECTOR('',#664,1.161895003862E-1);
#666=CARTESIAN_POINT('',(1.35E0,5.561895003862E-1,8.8E-1));
#667=LINE('',#666,#665);
#668=DIRECTION('',(1.E0,0.E0,-3.000135031269E-14));
#669=VECTOR('',#668,3.700576850888E-3);
#670=CARTESIAN_POINT('',(1.346299423149E0,5.561895003862E-1,8.8E-1));
#671=LINE('',#670,#669);
#672=DIRECTION('',(0.E0,1.E0,0.E0));
#673=VECTOR('',#672,1.161895003862E-1);
#674=CARTESIAN_POINT('',(1.346299423149E0,4.4E-1,8.8E-1));
#675=LINE('',#674,#673);
#676=CARTESIAN_POINT('',(-1.35E0,4.4E-1,8.5E-1));
#677=DIRECTION('',(-1.E0,0.E0,0.E0));
#678=DIRECTION('',(0.E0,0.E0,1.E0));
#679=AXIS2_PLACEMENT_3D('',#676,#677,#678);
#681=DIRECTION('',(0.E0,0.E0,1.E0));
#682=VECTOR('',#681,9.E-2);
#683=CARTESIAN_POINT('',(-1.35E0,4.4E-1,8.8E-1));
#684=LINE('',#683,#682);
#685=DIRECTION('',(-6.896551724138E-1,0.E0,7.241379310345E-1));
#686=VECTOR('',#685,1.242857142857E-1);
#687=CARTESIAN_POINT('',(-9.955851374348E-1,4.4E-1,8.8E-1));
#688=LINE('',#687,#686);
#689=CARTESIAN_POINT('',(-9.670137088634E-1,5.6E-1,8.5E-1));
#690=CARTESIAN_POINT('',(-9.834340701113E-1,5.6E-1,8.672413793103E-1));
#691=CARTESIAN_POINT('',(-1.011561994568E0,5.531664428434E-1,
8.967756999901E-1));
#692=CARTESIAN_POINT('',(-1.045297599870E0,5.306544991019E-1,
9.321980855565E-1));
#693=CARTESIAN_POINT('',(-1.066746562109E0,5.022316848256E-1,
9.547194959082E-1));
#694=CARTESIAN_POINT('',(-1.078271805296E0,4.713242398279E-1,
9.668210012547E-1));
#695=CARTESIAN_POINT('',(-1.081299423149E0,4.519047619048E-1,9.7E-1));
#696=CARTESIAN_POINT('',(-1.081299423149E0,4.4E-1,9.7E-1));
#698=CARTESIAN_POINT('',(-9.670137088634E-1,5.6E-1,8.5E-1));
#699=CARTESIAN_POINT('',(-9.554266372064E-1,5.6E-1,8.378335747602E-1));
#700=CARTESIAN_POINT('',(-9.331481355418E-1,5.556719923742E-1,
8.144411480123E-1));
#701=CARTESIAN_POINT('',(-9.125584932103E-1,5.431829126516E-1,
7.928220235643E-1));
#702=CARTESIAN_POINT('',(-9.028856349870E-1,5.339328623168E-1,
7.826655224298E-1));
#704=DIRECTION('',(5.757224002072E-1,-5.505571422513E-1,-6.045085202176E-1));
#705=VECTOR('',#704,3.749413229388E-2);
#706=CARTESIAN_POINT('',(-9.028856349870E-1,5.339328623168E-1,
7.826655224298E-1));
#707=LINE('',#706,#705);
#708=DIRECTION('',(0.E0,0.E0,1.E0));
#709=VECTOR('',#708,9.E-2);
#710=CARTESIAN_POINT('',(-1.081299423149E0,4.4E-1,-9.7E-1));
#711=LINE('',#710,#709);
#712=DIRECTION('',(0.E0,-1.E0,-3.454027187722E-14));
#713=VECTOR('',#712,4.5E-2);
#714=CARTESIAN_POINT('',(-1.081299423149E0,4.4E-1,9.7E-1));
#715=LINE('',#714,#713);
#716=DIRECTION('',(0.E0,0.E0,-1.E0));
#717=VECTOR('',#716,9.E-2);
#718=CARTESIAN_POINT('',(-1.081299423149E0,4.4E-1,9.7E-1));
#719=LINE('',#718,#717);
#720=DIRECTION('',(0.E0,0.E0,-1.E0));
#721=VECTOR('',#720,9.E-2);
#722=CARTESIAN_POINT('',(-1.081299423149E0,3.95E-1,9.7E-1));
#723=LINE('',#722,#721);
#724=DIRECTION('',(1.E0,0.E0,0.E0));
#725=VECTOR('',#724,2.687005768509E-1);
#726=CARTESIAN_POINT('',(1.081299423149E0,4.4E-1,-9.7E-1));
#727=LINE('',#726,#725);
#728=DIRECTION('',(0.E0,1.E0,1.480297366167E-14));
#729=VECTOR('',#728,4.5E-2);
#730=CARTESIAN_POINT('',(1.081299423149E0,3.95E-1,-9.7E-1));
#731=LINE('',#730,#729);
#732=DIRECTION('',(7.071067811865E-1,7.071067811865E-1,0.E0));
#733=VECTOR('',#732,2.192031021678E-1);
#734=CARTESIAN_POINT('',(9.262994231491E-1,2.4E-1,-9.7E-1));
#735=LINE('',#734,#733);
#736=DIRECTION('',(1.E0,0.E0,0.E0));
#737=VECTOR('',#736,1.212994231491E-1);
#738=CARTESIAN_POINT('',(8.05E-1,2.4E-1,-9.7E-1));
#739=LINE('',#738,#737);
#740=DIRECTION('',(0.E0,-1.E0,0.E0));
#741=VECTOR('',#740,8.E-2);
#742=CARTESIAN_POINT('',(8.05E-1,3.2E-1,-9.7E-1));
#743=LINE('',#742,#741);
#744=DIRECTION('',(1.E0,0.E0,0.E0));
#745=VECTOR('',#744,1.75E-1);
#746=CARTESIAN_POINT('',(6.3E-1,3.2E-1,-9.7E-1));
#747=LINE('',#746,#745);
#748=DIRECTION('',(0.E0,1.E0,0.E0));
#749=VECTOR('',#748,2.6E-1);
#750=CARTESIAN_POINT('',(6.3E-1,6.E-2,-9.7E-1));
#751=LINE('',#750,#749);
#752=DIRECTION('',(-1.E0,0.E0,0.E0));
#753=VECTOR('',#752,3.85E-1);
#754=CARTESIAN_POINT('',(1.015E0,6.E-2,-9.7E-1));
#755=LINE('',#754,#753);
#756=DIRECTION('',(-7.071067811865E-1,-7.071067811865E-1,0.E0));
#757=VECTOR('',#756,2.687005768509E-1);
#758=CARTESIAN_POINT('',(1.205E0,2.5E-1,-9.7E-1));
#759=LINE('',#758,#757);
#760=DIRECTION('',(-1.E0,0.E0,0.E0));
#761=VECTOR('',#760,2.65E-1);
#762=CARTESIAN_POINT('',(1.47E0,2.5E-1,-9.7E-1));
#763=LINE('',#762,#761);
#764=DIRECTION('',(0.E0,-1.E0,0.E0));
#765=VECTOR('',#764,1.9E-1);
#766=CARTESIAN_POINT('',(1.47E0,4.4E-1,-9.7E-1));
#767=LINE('',#766,#765);
#768=DIRECTION('',(1.E0,0.E0,0.E0));
#769=VECTOR('',#768,1.2E-1);
#770=CARTESIAN_POINT('',(1.35E0,4.4E-1,-9.7E-1));
#771=LINE('',#770,#769);
#772=DIRECTION('',(1.E0,0.E0,0.E0));
#773=VECTOR('',#772,2.687005768509E-1);
#774=CARTESIAN_POINT('',(-1.35E0,4.4E-1,-9.7E-1));
#775=LINE('',#774,#773);
#776=DIRECTION('',(1.E0,0.E0,0.E0));
#777=VECTOR('',#776,1.2E-1);
#778=CARTESIAN_POINT('',(-1.47E0,4.4E-1,-9.7E-1));
#779=LINE('',#778,#777);
#780=DIRECTION('',(0.E0,1.E0,0.E0));
#781=VECTOR('',#780,1.9E-1);
#782=CARTESIAN_POINT('',(-1.47E0,2.5E-1,-9.7E-1));
#783=LINE('',#782,#781);
#784=DIRECTION('',(-1.E0,0.E0,0.E0));
#785=VECTOR('',#784,2.65E-1);
#786=CARTESIAN_POINT('',(-1.205E0,2.5E-1,-9.7E-1));
#787=LINE('',#786,#785);
#788=DIRECTION('',(-7.071067811865E-1,7.071067811865E-1,0.E0));
#789=VECTOR('',#788,2.687005768509E-1);
#790=CARTESIAN_POINT('',(-1.015E0,6.E-2,-9.7E-1));
#791=LINE('',#790,#789);
#792=DIRECTION('',(-1.E0,0.E0,0.E0));
#793=VECTOR('',#792,3.85E-1);
#794=CARTESIAN_POINT('',(-6.3E-1,6.E-2,-9.7E-1));
#795=LINE('',#794,#793);
#796=DIRECTION('',(0.E0,-1.E0,0.E0));
#797=VECTOR('',#796,2.6E-1);
#798=CARTESIAN_POINT('',(-6.3E-1,3.2E-1,-9.7E-1));
#799=LINE('',#798,#797);
#800=DIRECTION('',(1.E0,0.E0,0.E0));
#801=VECTOR('',#800,1.75E-1);
#802=CARTESIAN_POINT('',(-8.05E-1,3.2E-1,-9.7E-1));
#803=LINE('',#802,#801);
#804=DIRECTION('',(0.E0,1.E0,0.E0));
#805=VECTOR('',#804,8.E-2);
#806=CARTESIAN_POINT('',(-8.05E-1,2.4E-1,-9.7E-1));
#807=LINE('',#806,#805);
#808=DIRECTION('',(1.E0,0.E0,0.E0));
#809=VECTOR('',#808,1.212994231491E-1);
#810=CARTESIAN_POINT('',(-9.262994231491E-1,2.4E-1,-9.7E-1));
#811=LINE('',#810,#809);
#812=DIRECTION('',(7.071067811865E-1,-7.071067811865E-1,0.E0));
#813=VECTOR('',#812,2.192031021678E-1);
#814=CARTESIAN_POINT('',(-1.081299423149E0,3.95E-1,-9.7E-1));
#815=LINE('',#814,#813);
#816=DIRECTION('',(0.E0,-1.E0,0.E0));
#817=VECTOR('',#816,4.5E-2);
#818=CARTESIAN_POINT('',(-1.081299423149E0,4.4E-1,-9.7E-1));
#819=LINE('',#818,#817);
#820=CARTESIAN_POINT('',(1.35E0,4.4E-1,-8.5E-1));
#821=DIRECTION('',(1.E0,0.E0,0.E0));
#822=DIRECTION('',(0.E0,0.E0,-1.E0));
#823=AXIS2_PLACEMENT_3D('',#820,#821,#822);
#825=DIRECTION('',(6.896551724138E-1,0.E0,-7.241379310345E-1));
#826=VECTOR('',#825,1.657142857143E-1);
#827=CARTESIAN_POINT('',(8.812994231491E-1,4.4E-1,-7.6E-1));
#828=LINE('',#827,#826);
#829=DIRECTION('',(-6.106226635439E-14,0.E0,-1.E0));
#830=VECTOR('',#829,2.E-2);
#831=CARTESIAN_POINT('',(8.812994231491E-1,4.4E-1,-7.4E-1));
#832=LINE('',#831,#830);
#833=DIRECTION('',(1.E0,0.E0,0.E0));
#834=VECTOR('',#833,3.629942314911E-2);
#835=CARTESIAN_POINT('',(8.45E-1,4.4E-1,-7.4E-1));
#836=LINE('',#835,#834);
#837=DIRECTION('',(0.E0,0.E0,-1.E0));
#838=VECTOR('',#837,1.4E-1);
#839=CARTESIAN_POINT('',(8.45E-1,4.4E-1,-7.4E-1));
#840=LINE('',#839,#838);
#841=DIRECTION('',(-6.896551724138E-1,0.E0,-7.241379310345E-1));
#842=VECTOR('',#841,1.657142857143E-1);
#843=CARTESIAN_POINT('',(9.955851374348E-1,4.4E-1,8.8E-1));
#844=LINE('',#843,#842);
#845=DIRECTION('',(0.E0,0.E0,-1.E0));
#846=VECTOR('',#845,1.4E-1);
#847=CARTESIAN_POINT('',(8.45E-1,4.4E-1,8.8E-1));
#848=LINE('',#847,#846);
#849=DIRECTION('',(1.E0,0.E0,0.E0));
#850=VECTOR('',#849,3.629942314911E-2);
#851=CARTESIAN_POINT('',(8.45E-1,4.4E-1,7.4E-1));
#852=LINE('',#851,#850);
#853=DIRECTION('',(-4.440892098501E-14,0.E0,-1.E0));
#854=VECTOR('',#853,2.E-2);
#855=CARTESIAN_POINT('',(8.812994231491E-1,4.4E-1,7.6E-1));
#856=LINE('',#855,#854);
#857=CARTESIAN_POINT('',(1.47E0,4.4E-1,-8.5E-1));
#858=DIRECTION('',(0.E0,1.E0,0.E0));
#859=DIRECTION('',(1.E0,0.E0,0.E0));
#860=AXIS2_PLACEMENT_3D('',#857,#858,#859);
#862=DIRECTION('',(0.E0,0.E0,1.E0));
#863=VECTOR('',#862,1.E-1);
#864=CARTESIAN_POINT('',(1.59E0,4.4E-1,-8.5E-1));
#865=LINE('',#864,#863);
#866=DIRECTION('',(1.E0,0.E0,0.E0));
#867=VECTOR('',#866,9.E-2);
#868=CARTESIAN_POINT('',(1.5E0,4.4E-1,-7.5E-1));
#869=LINE('',#868,#867);
#870=DIRECTION('',(7.808688094430E-1,0.E0,-6.246950475544E-1));
#871=VECTOR('',#870,2.561249694973E-1);
#872=CARTESIAN_POINT('',(1.3E0,4.4E-1,-5.9E-1));
#873=LINE('',#872,#871);
#874=DIRECTION('',(1.E0,0.E0,0.E0));
#875=VECTOR('',#874,5.000000000002E-3);
#876=CARTESIAN_POINT('',(1.295E0,4.4E-1,-5.9E-1));
#877=LINE('',#876,#875);
#878=DIRECTION('',(1.E0,0.E0,0.E0));
#879=VECTOR('',#878,5.370057685089E-2);
#880=CARTESIAN_POINT('',(1.241299423149E0,4.4E-1,-7.4E-1));
#881=LINE('',#880,#879);
#882=DIRECTION('',(-6.E-1,0.E0,8.E-1));
#883=VECTOR('',#882,1.75E-1);
#884=CARTESIAN_POINT('',(1.346299423149E0,4.4E-1,-8.8E-1));
#885=LINE('',#884,#883);
#886=DIRECTION('',(1.E0,0.E0,0.E0));
#887=VECTOR('',#886,3.700576850886E-3);
#888=CARTESIAN_POINT('',(1.346299423149E0,4.4E-1,-8.8E-1));
#889=LINE('',#888,#887);
#890=DIRECTION('',(0.E0,0.E0,-1.E0));
#891=VECTOR('',#890,9.E-2);
#892=CARTESIAN_POINT('',(1.35E0,4.4E-1,-8.8E-1));
#893=LINE('',#892,#891);
#894=DIRECTION('',(0.E0,0.E0,1.E0));
#895=VECTOR('',#894,9.E-2);
#896=CARTESIAN_POINT('',(1.35E0,4.4E-1,8.8E-1));
#897=LINE('',#896,#895);
#898=DIRECTION('',(1.E0,0.E0,0.E0));
#899=VECTOR('',#898,3.700576850888E-3);
#900=CARTESIAN_POINT('',(1.346299423149E0,4.4E-1,8.8E-1));
#901=LINE('',#900,#899);
#902=DIRECTION('',(6.E-1,0.E0,8.E-1));
#903=VECTOR('',#902,1.75E-1);
#904=CARTESIAN_POINT('',(1.241299423149E0,4.4E-1,7.4E-1));
#905=LINE('',#904,#903);
#906=DIRECTION('',(1.E0,0.E0,0.E0));
#907=VECTOR('',#906,5.370057685089E-2);
#908=CARTESIAN_POINT('',(1.241299423149E0,4.4E-1,7.4E-1));
#909=LINE('',#908,#907);
#910=DIRECTION('',(1.E0,0.E0,0.E0));
#911=VECTOR('',#910,4.999999999998E-3);
#912=CARTESIAN_POINT('',(1.295E0,4.4E-1,5.9E-1));
#913=LINE('',#912,#911);
#914=DIRECTION('',(-7.808688094430E-1,0.E0,-6.246950475544E-1));
#915=VECTOR('',#914,2.561249694973E-1);
#916=CARTESIAN_POINT('',(1.5E0,4.4E-1,7.5E-1));
#917=LINE('',#916,#915);
#918=DIRECTION('',(0.E0,0.E0,1.E0));
#919=VECTOR('',#918,9.999999999999E-2);
#920=CARTESIAN_POINT('',(1.59E0,4.4E-1,7.5E-1));
#921=LINE('',#920,#919);
#922=CARTESIAN_POINT('',(1.47E0,4.4E-1,8.5E-1));
#923=DIRECTION('',(0.E0,1.E0,0.E0));
#924=DIRECTION('',(0.E0,0.E0,1.E0));
#925=AXIS2_PLACEMENT_3D('',#922,#923,#924);
#927=CARTESIAN_POINT('',(9.670137088634E-1,5.6E-1,-8.5E-1));
#928=CARTESIAN_POINT('',(9.834340701113E-1,5.6E-1,-8.672413793103E-1));
#929=CARTESIAN_POINT('',(1.011561994568E0,5.531664428434E-1,
-8.967756999900E-1));
#930=CARTESIAN_POINT('',(1.045297599870E0,5.306544991019E-1,
-9.321980855565E-1));
#931=CARTESIAN_POINT('',(1.066746562109E0,5.022316848256E-1,
-9.547194959082E-1));
#932=CARTESIAN_POINT('',(1.078271805296E0,4.713242398279E-1,
-9.668210012547E-1));
#933=CARTESIAN_POINT('',(1.081299423149E0,4.519047619048E-1,-9.7E-1));
#934=CARTESIAN_POINT('',(1.081299423149E0,4.4E-1,-9.7E-1));
#936=CARTESIAN_POINT('',(9.670137088634E-1,5.6E-1,-8.5E-1));
#937=CARTESIAN_POINT('',(9.554266372064E-1,5.6E-1,-8.378335747602E-1));
#938=CARTESIAN_POINT('',(9.331481355418E-1,5.556719923742E-1,
-8.144411480123E-1));
#939=CARTESIAN_POINT('',(9.125584932103E-1,5.431829126516E-1,
-7.928220235643E-1));
#940=CARTESIAN_POINT('',(9.028856349870E-1,5.339328623168E-1,
-7.826655224298E-1));
#942=DIRECTION('',(-5.757224002072E-1,-5.505571422513E-1,6.045085202176E-1));
#943=VECTOR('',#942,3.749413229387E-2);
#944=CARTESIAN_POINT('',(9.028856349870E-1,5.339328623168E-1,
-7.826655224298E-1));
#945=LINE('',#944,#943);
#946=DIRECTION('',(6.896551724138E-1,0.E0,-7.241379310345E-1));
#947=VECTOR('',#946,1.242857142857E-1);
#948=CARTESIAN_POINT('',(9.955851374348E-1,4.4E-1,-8.8E-1));
#949=LINE('',#948,#947);
#950=DIRECTION('',(-1.E0,0.E0,0.E0));
#951=VECTOR('',#950,3.704129299844E-1);
#952=CARTESIAN_POINT('',(1.273298564971E0,5.339328623168E-1,
-7.826655224298E-1));
#953=LINE('',#952,#951);
#954=DIRECTION('',(1.E0,0.E0,0.E0));
#955=VECTOR('',#954,3.567857142857E-1);
#956=CARTESIAN_POINT('',(9.670137088634E-1,5.6E-1,-8.5E-1));
#957=LINE('',#956,#955);
#958=CARTESIAN_POINT('',(1.346299423149E0,5.561895003862E-1,-8.8E-1));
#959=CARTESIAN_POINT('',(1.338878201672E0,5.587443685809E-1,
-8.701050380302E-1));
#960=CARTESIAN_POINT('',(1.331377310371E0,5.6E-1,-8.601038496296E-1));
#961=CARTESIAN_POINT('',(1.323799423149E0,5.6E-1,-8.5E-1));
#963=DIRECTION('',(-6.E-1,0.E0,8.E-1));
#964=VECTOR('',#963,1.E-1);
#965=CARTESIAN_POINT('',(1.241299423149E0,3.2E-1,-7.4E-1));
#966=LINE('',#965,#964);
#967=DIRECTION('',(4.849349956923E-1,5.888738073477E-1,-6.465799942564E-1));
#968=VECTOR('',#967,1.897143795345E-1);
#969=CARTESIAN_POINT('',(1.181299423149E0,4.222150333316E-1,-6.6E-1));
#970=LINE('',#969,#968);
#971=CARTESIAN_POINT('',(1.273298564971E0,5.339328623168E-1,
-7.826655224298E-1));
#972=CARTESIAN_POINT('',(1.280787353523E0,5.430267645221E-1,
-7.926505738319E-1));
#973=CARTESIAN_POINT('',(1.296871319063E0,5.555523506509E-1,
-8.140958612180E-1));
#974=CARTESIAN_POINT('',(1.314533700587E0,5.6E-1,-8.376457032500E-1));
#975=CARTESIAN_POINT('',(1.323799423149E0,5.6E-1,-8.5E-1));
#977=DIRECTION('',(-1.E0,0.E0,0.E0));
#978=VECTOR('',#977,3.700576850888E-3);
#979=CARTESIAN_POINT('',(-1.346299423149E0,5.561895003862E-1,-8.8E-1));
#980=LINE('',#979,#978);
#981=DIRECTION('',(0.E0,-1.E0,0.E0));
#982=VECTOR('',#981,1.161895003862E-1);
#983=CARTESIAN_POINT('',(-1.346299423149E0,5.561895003862E-1,-8.8E-1));
#984=LINE('',#983,#982);
#985=DIRECTION('',(0.E0,1.E0,0.E0));
#986=VECTOR('',#985,1.161895003862E-1);
#987=CARTESIAN_POINT('',(-1.35E0,4.4E-1,-8.8E-1));
#988=LINE('',#987,#986);
#989=DIRECTION('',(-1.E0,0.E0,3.000135031270E-14));
#990=VECTOR('',#989,3.700576850886E-3);
#991=CARTESIAN_POINT('',(1.35E0,5.561895003862E-1,-8.8E-1));
#992=LINE('',#991,#990);
#993=DIRECTION('',(0.E0,-1.E0,0.E0));
#994=VECTOR('',#993,1.161895003862E-1);
#995=CARTESIAN_POINT('',(1.35E0,5.561895003862E-1,-8.8E-1));
#996=LINE('',#995,#994);
#997=DIRECTION('',(0.E0,1.E0,0.E0));
#998=VECTOR('',#997,1.161895003862E-1);
#999=CARTESIAN_POINT('',(1.346299423149E0,4.4E-1,-8.8E-1));
#1000=LINE('',#999,#998);
#1001=CARTESIAN_POINT('',(-1.35E0,4.4E-1,-8.5E-1));
#1002=DIRECTION('',(-1.E0,0.E0,0.E0));
#1003=DIRECTION('',(0.E0,9.682458365519E-1,-2.5E-1));
#1004=AXIS2_PLACEMENT_3D('',#1001,#1002,#1003);
#1006=DIRECTION('',(0.E0,0.E0,-1.E0));
#1007=VECTOR('',#1006,9.E-2);
#1008=CARTESIAN_POINT('',(-1.35E0,4.4E-1,-8.8E-1));
#1009=LINE('',#1008,#1007);
#1010=DIRECTION('',(0.E0,-1.E0,0.E0));
#1011=VECTOR('',#1010,1.2E-1);
#1012=CARTESIAN_POINT('',(1.241299423149E0,4.4E-1,-7.4E-1));
#1013=LINE('',#1012,#1011);
#1014=DIRECTION('',(0.E0,-1.E0,0.E0));
#1015=VECTOR('',#1014,1.6E-1);
#1016=CARTESIAN_POINT('',(1.295E0,4.4E-1,-7.4E-1));
#1017=LINE('',#1016,#1015);
#1018=DIRECTION('',(0.E0,-1.E0,0.E0));
#1019=VECTOR('',#1018,1.2E-1);
#1020=CARTESIAN_POINT('',(8.812994231491E-1,4.4E-1,-7.4E-1));
#1021=LINE('',#1020,#1019);
#1022=DIRECTION('',(0.E0,0.E0,1.E0));
#1023=VECTOR('',#1022,1.5E-1);
#1024=CARTESIAN_POINT('',(1.295E0,4.4E-1,-7.4E-1));
#1025=LINE('',#1024,#1023);
#1026=DIRECTION('',(0.E0,0.E0,1.E0));
#1027=VECTOR('',#1026,1.5E-1);
#1028=CARTESIAN_POINT('',(1.295E0,4.4E-1,5.9E-1));
#1029=LINE('',#1028,#1027);
#1030=DIRECTION('',(0.E0,-1.E0,0.E0));
#1031=VECTOR('',#1030,1.6E-1);
#1032=CARTESIAN_POINT('',(1.295E0,4.4E-1,7.4E-1));
#1033=LINE('',#1032,#1031);
#1034=DIRECTION('',(0.E0,-1.E0,0.E0));
#1035=VECTOR('',#1034,1.8E-1);
#1036=CARTESIAN_POINT('',(1.295E0,2.8E-1,6.2E-1));
#1037=LINE('',#1036,#1035);
#1038=DIRECTION('',(0.E0,1.E0,0.E0));
#1039=VECTOR('',#1038,5.377475134815E-2);
#1040=CARTESIAN_POINT('',(1.3E0,4.4E-1,-5.9E-1));
#1041=LINE('',#1040,#1039);
#1042=DIRECTION('',(-9.135454576426E-1,-4.067366430758E-1,0.E0));
#1043=VECTOR('',#1042,9.851726506555E-2);
#1044=CARTESIAN_POINT('',(1.3E0,4.937747513482E-1,-5.9E-1));
#1045=LINE('',#1044,#1043);
#1046=DIRECTION('',(0.E0,-1.E0,0.E0));
#1047=VECTOR('',#1046,3.537041696704E-1);
#1048=CARTESIAN_POINT('',(1.21E0,4.537041696704E-1,-5.9E-1));
#1049=LINE('',#1048,#1047);
#1050=DIRECTION('',(0.E0,1.E0,0.E0));
#1051=VECTOR('',#1050,3.4E-1);
#1052=CARTESIAN_POINT('',(1.295E0,1.E-1,-5.9E-1));
#1053=LINE('',#1052,#1051);
#1054=DIRECTION('',(0.E0,1.E0,0.E0));
#1055=VECTOR('',#1054,5.377475134815E-2);
#1056=CARTESIAN_POINT('',(-1.3E0,4.4E-1,-5.9E-1));
#1057=LINE('',#1056,#1055);
#1058=DIRECTION('',(0.E0,-1.E0,0.E0));
#1059=VECTOR('',#1058,3.4E-1);
#1060=CARTESIAN_POINT('',(-1.295E0,4.4E-1,-5.9E-1));
#1061=LINE('',#1060,#1059);
#1062=DIRECTION('',(0.E0,1.E0,0.E0));
#1063=VECTOR('',#1062,3.537041696704E-1);
#1064=CARTESIAN_POINT('',(-1.21E0,1.E-1,-5.9E-1));
#1065=LINE('',#1064,#1063);
#1066=DIRECTION('',(-9.135454576426E-1,4.067366430758E-1,0.E0));
#1067=VECTOR('',#1066,9.851726506555E-2);
#1068=CARTESIAN_POINT('',(-1.21E0,4.537041696704E-1,-5.9E-1));
#1069=LINE('',#1068,#1067);
#1070=CARTESIAN_POINT('',(1.47E0,5.6E-1,-7.26E-1));
#1071=CARTESIAN_POINT('',(1.480098990480E0,5.6E-1,-7.340791923843E-1));
#1072=CARTESIAN_POINT('',(1.490100220223E0,5.587456125334E-1,
-7.420801761784E-1));
#1073=CARTESIAN_POINT('',(1.5E0,5.561895003862E-1,-7.5E-1));
#1075=CARTESIAN_POINT('',(1.47E0,5.6E-1,-7.26E-1));
#1076=CARTESIAN_POINT('',(1.456062088570E0,5.6E-1,-7.148496708561E-1));
#1077=CARTESIAN_POINT('',(1.442491305491E0,5.572159679600E-1,
-7.039930443931E-1));
#1078=CARTESIAN_POINT('',(1.429326335692E0,5.513545457643E-1,
-6.934610685539E-1));
#1080=DIRECTION('',(-7.375649031095E-1,-3.283850521412E-1,5.900519224876E-1));
#1081=VECTOR('',#1080,1.753423124490E-1);
#1082=CARTESIAN_POINT('',(1.429326335692E0,5.513545457643E-1,
-6.934610685539E-1));
#1083=LINE('',#1082,#1081);
#1084=DIRECTION('',(-1.146633409320E-14,1.E0,0.E0));
#1085=VECTOR('',#1084,1.161895003862E-1);
#1086=CARTESIAN_POINT('',(1.5E0,4.4E-1,-7.5E-1));
#1087=LINE('',#1086,#1085);
#1088=CARTESIAN_POINT('',(1.47E0,4.4E-1,-7.5E-1));
#1089=DIRECTION('',(0.E0,0.E0,-1.E0));
#1090=DIRECTION('',(2.5E-1,9.682458365519E-1,0.E0));
#1091=AXIS2_PLACEMENT_3D('',#1088,#1089,#1090);
#1093=DIRECTION('',(0.E0,-1.E0,0.E0));
#1094=VECTOR('',#1093,1.86E-1);
#1095=CARTESIAN_POINT('',(1.59E0,2.86E-1,3.7E-1));
#1096=LINE('',#1095,#1094);
#1097=DIRECTION('',(0.E0,1.E0,0.E0));
#1098=VECTOR('',#1097,1.5E-1);
#1099=CARTESIAN_POINT('',(1.59E0,1.E-1,5.95E-1));
#1100=LINE('',#1099,#1098);
#1101=DIRECTION('',(0.E0,1.E0,0.E0));
#1102=VECTOR('',#1101,1.9E-1);
#1103=CARTESIAN_POINT('',(1.59E0,2.5E-1,8.5E-1));
#1104=LINE('',#1103,#1102);
#1105=DIRECTION('',(0.E0,0.E0,-1.E0));
#1106=VECTOR('',#1105,1.5E0);
#1107=CARTESIAN_POINT('',(1.59E0,4.4E-1,7.5E-1));
#1108=LINE('',#1107,#1106);
#1109=DIRECTION('',(0.E0,-1.E0,0.E0));
#1110=VECTOR('',#1109,1.9E-1);
#1111=CARTESIAN_POINT('',(1.59E0,4.4E-1,-8.5E-1));
#1112=LINE('',#1111,#1110);
#1113=DIRECTION('',(0.E0,-1.E0,-2.442490654175E-14));
#1114=VECTOR('',#1113,1.5E-1);
#1115=CARTESIAN_POINT('',(1.59E0,2.5E-1,-5.95E-1));
#1116=LINE('',#1115,#1114);
#1117=DIRECTION('',(0.E0,1.E0,1.850371707709E-14));
#1118=VECTOR('',#1117,1.86E-1);
#1119=CARTESIAN_POINT('',(1.59E0,1.E-1,-3.7E-1));
#1120=LINE('',#1119,#1118);
#1121=DIRECTION('',(0.E0,0.E0,1.E0));
#1122=VECTOR('',#1121,2.E-2);
#1123=CARTESIAN_POINT('',(1.59E0,2.86E-1,-3.7E-1));
#1124=LINE('',#1123,#1122);
#1125=DIRECTION('',(0.E0,1.E0,0.E0));
#1126=VECTOR('',#1125,1.14E-1);
#1127=CARTESIAN_POINT('',(1.59E0,2.86E-1,-3.5E-1));
#1128=LINE('',#1127,#1126);
#1129=DIRECTION('',(0.E0,-1.E0,0.E0));
#1130=VECTOR('',#1129,1.14E-1);
#1131=CARTESIAN_POINT('',(1.59E0,4.E-1,3.5E-1));
#1132=LINE('',#1131,#1130);
#1133=DIRECTION('',(0.E0,0.E0,1.E0));
#1134=VECTOR('',#1133,2.E-2);
#1135=CARTESIAN_POINT('',(1.59E0,2.86E-1,3.5E-1));
#1136=LINE('',#1135,#1134);
#1137=DIRECTION('',(1.E0,0.E0,0.E0));
#1138=VECTOR('',#1137,9.E-2);
#1139=CARTESIAN_POINT('',(1.5E0,2.86E-1,3.7E-1));
#1140=LINE('',#1139,#1138);
#1141=DIRECTION('',(0.E0,1.E0,0.E0));
#1142=VECTOR('',#1141,5.E-2);
#1143=CARTESIAN_POINT('',(1.51E0,1.E-1,3.7E-1));
#1144=LINE('',#1143,#1142);
#1145=CARTESIAN_POINT('',(1.63E0,1.E-1,3.7E-1));
#1146=DIRECTION('',(0.E0,0.E0,-1.E0));
#1147=DIRECTION('',(0.E0,-1.E0,0.E0));
#1148=AXIS2_PLACEMENT_3D('',#1145,#1146,#1147);
#1150=DIRECTION('',(-1.E0,0.E0,0.E0));
#1151=VECTOR('',#1150,4.E-2);
#1152=CARTESIAN_POINT('',(1.67E0,-2.E-2,3.7E-1));
#1153=LINE('',#1152,#1151);
#1154=DIRECTION('',(-7.071067811865E-1,-7.071067811866E-1,0.E0));
#1155=VECTOR('',#1154,2.828427124746E-2);
#1156=CARTESIAN_POINT('',(1.69E0,0.E0,3.7E-1));
#1157=LINE('',#1156,#1155);
#1158=DIRECTION('',(-1.E0,0.E0,0.E0));
#1159=VECTOR('',#1158,4.E-2);
#1160=CARTESIAN_POINT('',(1.73E0,0.E0,3.7E-1));
#1161=LINE('',#1160,#1159);
#1162=DIRECTION('',(0.E0,-1.E0,0.E0));
#1163=VECTOR('',#1162,6.E-2);
#1164=CARTESIAN_POINT('',(1.73E0,6.E-2,3.7E-1));
#1165=LINE('',#1164,#1163);
#1166=DIRECTION('',(1.E0,0.E0,0.E0));
#1167=VECTOR('',#1166,1.E-1);
#1168=CARTESIAN_POINT('',(1.63E0,6.E-2,3.7E-1));
#1169=LINE('',#1168,#1167);
#1170=CARTESIAN_POINT('',(1.63E0,1.E-1,3.7E-1));
#1171=DIRECTION('',(0.E0,0.E0,1.E0));
#1172=DIRECTION('',(-1.E0,0.E0,0.E0));
#1173=AXIS2_PLACEMENT_3D('',#1170,#1171,#1172);
#1175=CARTESIAN_POINT('',(-1.63E0,1.E-1,3.7E-1));
#1176=DIRECTION('',(0.E0,0.E0,1.E0));
#1177=DIRECTION('',(0.E0,-1.E0,0.E0));
#1178=AXIS2_PLACEMENT_3D('',#1175,#1176,#1177);
#1180=DIRECTION('',(1.E0,0.E0,0.E0));
#1181=VECTOR('',#1180,1.E-1);
#1182=CARTESIAN_POINT('',(-1.73E0,6.E-2,3.7E-1));
#1183=LINE('',#1182,#1181);
#1184=DIRECTION('',(0.E0,1.E0,0.E0));
#1185=VECTOR('',#1184,6.E-2);
#1186=CARTESIAN_POINT('',(-1.73E0,0.E0,3.7E-1));
#1187=LINE('',#1186,#1185);
#1188=DIRECTION('',(-1.E0,0.E0,0.E0));
#1189=VECTOR('',#1188,4.E-2);
#1190=CARTESIAN_POINT('',(-1.69E0,0.E0,3.7E-1));
#1191=LINE('',#1190,#1189);
#1192=DIRECTION('',(-7.071067811866E-1,7.071067811865E-1,0.E0));
#1193=VECTOR('',#1192,2.828427124746E-2);
#1194=CARTESIAN_POINT('',(-1.67E0,-2.E-2,3.7E-1));
#1195=LINE('',#1194,#1193);
#1196=DIRECTION('',(-1.E0,0.E0,0.E0));
#1197=VECTOR('',#1196,4.E-2);
#1198=CARTESIAN_POINT('',(-1.63E0,-2.E-2,3.7E-1));
#1199=LINE('',#1198,#1197);
#1200=CARTESIAN_POINT('',(-1.63E0,1.E-1,3.7E-1));
#1201=DIRECTION('',(0.E0,0.E0,-1.E0));
#1202=DIRECTION('',(1.E0,0.E0,0.E0));
#1203=AXIS2_PLACEMENT_3D('',#1200,#1201,#1202);
#1205=DIRECTION('',(0.E0,-1.E0,-3.219646771413E-14));
#1206=VECTOR('',#1205,5.E-2);
#1207=CARTESIAN_POINT('',(-1.51E0,1.5E-1,3.7E-1));
#1208=LINE('',#1207,#1206);
#1209=DIRECTION('',(-1.E0,0.E0,0.E0));
#1210=VECTOR('',#1209,9.E-2);
#1211=CARTESIAN_POINT('',(-1.5E0,2.86E-1,3.7E-1));
#1212=LINE('',#1211,#1210);
#1213=DIRECTION('',(1.E0,0.E0,0.E0));
#1214=VECTOR('',#1213,9.E-2);
#1215=CARTESIAN_POINT('',(1.5E0,2.86E-1,-3.7E-1));
#1216=LINE('',#1215,#1214);
#1217=DIRECTION('',(0.E0,1.E0,3.441691376338E-14));
#1218=VECTOR('',#1217,5.E-2);
#1219=CARTESIAN_POINT('',(1.51E0,1.E-1,-3.7E-1));
#1220=LINE('',#1219,#1218);
#1221=DIRECTION('',(1.E0,0.E0,-1.609823385707E-13));
#1222=VECTOR('',#1221,9.999999999998E-3);
#1223=CARTESIAN_POINT('',(1.5E0,1.5E-1,-3.7E-1));
#1224=LINE('',#1223,#1222);
#1225=CARTESIAN_POINT('',(1.63E0,1.E-1,-3.7E-1));
#1226=DIRECTION('',(0.E0,0.E0,1.E0));
#1227=DIRECTION('',(-1.E0,-1.113692471577E-13,0.E0));
#1228=AXIS2_PLACEMENT_3D('',#1225,#1226,#1227);
#1230=DIRECTION('',(1.E0,0.E0,0.E0));
#1231=VECTOR('',#1230,1.E-1);
#1232=CARTESIAN_POINT('',(1.63E0,6.E-2,-3.7E-1));
#1233=LINE('',#1232,#1231);
#1234=DIRECTION('',(0.E0,-1.E0,0.E0));
#1235=VECTOR('',#1234,6.E-2);
#1236=CARTESIAN_POINT('',(1.73E0,6.E-2,-3.7E-1));
#1237=LINE('',#1236,#1235);
#1238=DIRECTION('',(-1.E0,0.E0,0.E0));
#1239=VECTOR('',#1238,4.E-2);
#1240=CARTESIAN_POINT('',(1.73E0,0.E0,-3.7E-1));
#1241=LINE('',#1240,#1239);
#1242=DIRECTION('',(-7.071067811866E-1,-7.071067811865E-1,0.E0));
#1243=VECTOR('',#1242,2.828427124746E-2);
#1244=CARTESIAN_POINT('',(1.69E0,0.E0,-3.7E-1));
#1245=LINE('',#1244,#1243);
#1246=DIRECTION('',(-1.E0,0.E0,0.E0));
#1247=VECTOR('',#1246,4.E-2);
#1248=CARTESIAN_POINT('',(1.67E0,-2.E-2,-3.7E-1));
#1249=LINE('',#1248,#1247);
#1250=CARTESIAN_POINT('',(1.63E0,1.E-1,-3.7E-1));
#1251=DIRECTION('',(0.E0,0.E0,-1.E0));
#1252=DIRECTION('',(0.E0,-1.E0,0.E0));
#1253=AXIS2_PLACEMENT_3D('',#1250,#1251,#1252);
#1255=DIRECTION('',(-1.E0,0.E0,0.E0));
#1256=VECTOR('',#1255,1.E-2);
#1257=CARTESIAN_POINT('',(-1.5E0,1.5E-1,-3.7E-1));
#1258=LINE('',#1257,#1256);
#1259=DIRECTION('',(0.E0,-1.E0,0.E0));
#1260=VECTOR('',#1259,5.E-2);
#1261=CARTESIAN_POINT('',(-1.51E0,1.5E-1,-3.7E-1));
#1262=LINE('',#1261,#1260);
#1263=CARTESIAN_POINT('',(-1.63E0,1.E-1,-3.7E-1));
#1264=DIRECTION('',(0.E0,0.E0,-1.E0));
#1265=DIRECTION('',(1.E0,0.E0,0.E0));
#1266=AXIS2_PLACEMENT_3D('',#1263,#1264,#1265);
#1268=DIRECTION('',(-1.E0,0.E0,0.E0));
#1269=VECTOR('',#1268,4.E-2);
#1270=CARTESIAN_POINT('',(-1.63E0,-2.E-2,-3.7E-1));
#1271=LINE('',#1270,#1269);
#1272=DIRECTION('',(-7.071067811866E-1,7.071067811865E-1,0.E0));
#1273=VECTOR('',#1272,2.828427124746E-2);
#1274=CARTESIAN_POINT('',(-1.67E0,-2.E-2,-3.7E-1));
#1275=LINE('',#1274,#1273);
#1276=DIRECTION('',(-1.E0,0.E0,0.E0));
#1277=VECTOR('',#1276,4.E-2);
#1278=CARTESIAN_POINT('',(-1.69E0,0.E0,-3.7E-1));
#1279=LINE('',#1278,#1277);
#1280=DIRECTION('',(0.E0,1.E0,0.E0));
#1281=VECTOR('',#1280,6.E-2);
#1282=CARTESIAN_POINT('',(-1.73E0,0.E0,-3.7E-1));
#1283=LINE('',#1282,#1281);
#1284=DIRECTION('',(1.E0,0.E0,0.E0));
#1285=VECTOR('',#1284,1.E-1);
#1286=CARTESIAN_POINT('',(-1.73E0,6.E-2,-3.7E-1));
#1287=LINE('',#1286,#1285);
#1288=CARTESIAN_POINT('',(-1.63E0,1.E-1,-3.7E-1));
#1289=DIRECTION('',(0.E0,0.E0,1.E0));
#1290=DIRECTION('',(0.E0,-1.E0,0.E0));
#1291=AXIS2_PLACEMENT_3D('',#1288,#1289,#1290);
#1293=DIRECTION('',(0.E0,0.E0,1.E0));
#1294=VECTOR('',#1293,2.25E-1);
#1295=CARTESIAN_POINT('',(1.51E0,1.E-1,-5.95E-1));
#1296=LINE('',#1295,#1294);
#1297=DIRECTION('',(1.E0,0.E0,-1.665334536938E-13));
#1298=VECTOR('',#1297,9.999999999998E-3);
#1299=CARTESIAN_POINT('',(1.5E0,1.5E-1,-5.95E-1));
#1300=LINE('',#1299,#1298);
#1301=DIRECTION('',(0.E0,0.E0,1.E0));
#1302=VECTOR('',#1301,2.25E-1);
#1303=CARTESIAN_POINT('',(1.51E0,1.5E-1,-5.95E-1));
#1304=LINE('',#1303,#1302);
#1305=DIRECTION('',(1.E0,0.E0,0.E0));
#1306=VECTOR('',#1305,9.E-2);
#1307=CARTESIAN_POINT('',(1.5E0,2.5E-1,-5.95E-1));
#1308=LINE('',#1307,#1306);
#1309=DIRECTION('',(0.E0,1.E0,3.552713678801E-14));
#1310=VECTOR('',#1309,5.E-2);
#1311=CARTESIAN_POINT('',(1.51E0,1.E-1,-5.95E-1));
#1312=LINE('',#1311,#1310);
#1313=CARTESIAN_POINT('',(1.63E0,1.E-1,-5.95E-1));
#1314=DIRECTION('',(0.E0,0.E0,-1.E0));
#1315=DIRECTION('',(0.E0,-1.E0,0.E0));
#1316=AXIS2_PLACEMENT_3D('',#1313,#1314,#1315);
#1318=DIRECTION('',(-1.E0,0.E0,0.E0));
#1319=VECTOR('',#1318,4.E-2);
#1320=CARTESIAN_POINT('',(1.67E0,-2.E-2,-5.95E-1));
#1321=LINE('',#1320,#1319);
#1322=DIRECTION('',(-7.071067811865E-1,-7.071067811866E-1,0.E0));
#1323=VECTOR('',#1322,2.828427124746E-2);
#1324=CARTESIAN_POINT('',(1.69E0,0.E0,-5.95E-1));
#1325=LINE('',#1324,#1323);
#1326=DIRECTION('',(-1.E0,0.E0,0.E0));
#1327=VECTOR('',#1326,4.E-2);
#1328=CARTESIAN_POINT('',(1.73E0,0.E0,-5.95E-1));
#1329=LINE('',#1328,#1327);
#1330=DIRECTION('',(0.E0,-1.E0,0.E0));
#1331=VECTOR('',#1330,6.E-2);
#1332=CARTESIAN_POINT('',(1.73E0,6.E-2,-5.95E-1));
#1333=LINE('',#1332,#1331);
#1334=DIRECTION('',(1.E0,0.E0,0.E0));
#1335=VECTOR('',#1334,1.E-1);
#1336=CARTESIAN_POINT('',(1.63E0,6.E-2,-5.95E-1));
#1337=LINE('',#1336,#1335);
#1338=CARTESIAN_POINT('',(1.63E0,1.E-1,-5.95E-1));
#1339=DIRECTION('',(0.E0,0.E0,1.E0));
#1340=DIRECTION('',(-1.E0,-6.140921104958E-14,0.E0));
#1341=AXIS2_PLACEMENT_3D('',#1338,#1339,#1340);
#1343=CARTESIAN_POINT('',(-1.63E0,1.E-1,-5.95E-1));
#1344=DIRECTION('',(0.E0,0.E0,1.E0));
#1345=DIRECTION('',(0.E0,-1.E0,0.E0));
#1346=AXIS2_PLACEMENT_3D('',#1343,#1344,#1345);
#1348=DIRECTION('',(1.E0,0.E0,0.E0));
#1349=VECTOR('',#1348,1.E-1);
#1350=CARTESIAN_POINT('',(-1.73E0,6.E-2,-5.95E-1));
#1351=LINE('',#1350,#1349);
#1352=DIRECTION('',(0.E0,1.E0,0.E0));
#1353=VECTOR('',#1352,6.E-2);
#1354=CARTESIAN_POINT('',(-1.73E0,0.E0,-5.95E-1));
#1355=LINE('',#1354,#1353);
#1356=DIRECTION('',(-1.E0,0.E0,0.E0));
#1357=VECTOR('',#1356,4.E-2);
#1358=CARTESIAN_POINT('',(-1.69E0,0.E0,-5.95E-1));
#1359=LINE('',#1358,#1357);
#1360=DIRECTION('',(-7.071067811865E-1,7.071067811866E-1,0.E0));
#1361=VECTOR('',#1360,2.828427124746E-2);
#1362=CARTESIAN_POINT('',(-1.67E0,-2.E-2,-5.95E-1));
#1363=LINE('',#1362,#1361);
#1364=DIRECTION('',(-1.E0,0.E0,0.E0));
#1365=VECTOR('',#1364,4.E-2);
#1366=CARTESIAN_POINT('',(-1.63E0,-2.E-2,-5.95E-1));
#1367=LINE('',#1366,#1365);
#1368=CARTESIAN_POINT('',(-1.63E0,1.E-1,-5.95E-1));
#1369=DIRECTION('',(0.E0,0.E0,-1.E0));
#1370=DIRECTION('',(1.E0,0.E0,0.E0));
#1371=AXIS2_PLACEMENT_3D('',#1368,#1369,#1370);
#1373=DIRECTION('',(0.E0,-1.E0,0.E0));
#1374=VECTOR('',#1373,5.E-2);
#1375=CARTESIAN_POINT('',(-1.51E0,1.5E-1,-5.95E-1));
#1376=LINE('',#1375,#1374);
#1377=DIRECTION('',(-1.E0,0.E0,0.E0));
#1378=VECTOR('',#1377,9.E-2);
#1379=CARTESIAN_POINT('',(-1.5E0,2.5E-1,-5.95E-1));
#1380=LINE('',#1379,#1378);
#1381=CARTESIAN_POINT('',(1.47E0,2.5E-1,-8.5E-1));
#1382=DIRECTION('',(0.E0,-1.E0,0.E0));
#1383=DIRECTION('',(0.E0,0.E0,-1.E0));
#1384=AXIS2_PLACEMENT_3D('',#1381,#1382,#1383);
#1386=DIRECTION('',(0.E0,0.E0,-1.E0));
#1387=VECTOR('',#1386,2.55E-1);
#1388=CARTESIAN_POINT('',(1.59E0,2.5E-1,-5.95E-1));
#1389=LINE('',#1388,#1387);
#1390=DIRECTION('',(0.E0,0.E0,-1.E0));
#1391=VECTOR('',#1390,9.E-2);
#1392=CARTESIAN_POINT('',(1.205E0,2.5E-1,-8.8E-1));
#1393=LINE('',#1392,#1391);
#1394=DIRECTION('',(0.E0,-1.E0,0.E0));
#1395=VECTOR('',#1394,2.8E-1);
#1396=CARTESIAN_POINT('',(6.3E-1,3.4E-1,-8.8E-1));
#1397=LINE('',#1396,#1395);
#1398=DIRECTION('',(1.E0,0.E0,-1.942890293094E-14));
#1399=VECTOR('',#1398,4.E-2);
#1400=CARTESIAN_POINT('',(5.9E-1,3.4E-1,-8.8E-1));
#1401=LINE('',#1400,#1399);
#1402=DIRECTION('',(1.E0,0.E0,0.E0));
#1403=VECTOR('',#1402,7.1E-1);
#1404=CARTESIAN_POINT('',(5.25E-1,0.E0,-8.8E-1));
#1405=LINE('',#1404,#1403);
#1406=DIRECTION('',(0.E0,1.E0,0.E0));
#1407=VECTOR('',#1406,2.2E-1);
#1408=CARTESIAN_POINT('',(1.235E0,0.E0,-8.8E-1));
#1409=LINE('',#1408,#1407);
#1410=DIRECTION('',(-1.E0,0.E0,0.E0));
#1411=VECTOR('',#1410,2.95E-1);
#1412=CARTESIAN_POINT('',(1.5E0,2.5E-1,-8.8E-1));
#1413=LINE('',#1412,#1411);
#1414=DIRECTION('',(-7.071067811865E-1,-7.071067811865E-1,0.E0));
#1415=VECTOR('',#1414,2.687005768509E-1);
#1416=CARTESIAN_POINT('',(1.205E0,2.5E-1,-8.8E-1));
#1417=LINE('',#1416,#1415);
#1418=DIRECTION('',(-1.E0,0.E0,0.E0));
#1419=VECTOR('',#1418,3.85E-1);
#1420=CARTESIAN_POINT('',(1.015E0,6.E-2,-8.8E-1));
#1421=LINE('',#1420,#1419);
#1422=DIRECTION('',(-1.E0,0.E0,0.E0));
#1423=VECTOR('',#1422,1.505851374348E-1);
#1424=CARTESIAN_POINT('',(9.955851374348E-1,4.4E-1,-8.8E-1));
#1425=LINE('',#1424,#1423);
#1426=DIRECTION('',(0.E0,1.E0,0.E0));
#1427=VECTOR('',#1426,1.E-1);
#1428=CARTESIAN_POINT('',(8.45E-1,3.4E-1,-8.8E-1));
#1429=LINE('',#1428,#1427);
#1430=DIRECTION('',(1.E0,0.E0,1.665334536938E-14));
#1431=VECTOR('',#1430,4.E-2);
#1432=CARTESIAN_POINT('',(8.05E-1,3.4E-1,-8.8E-1));
#1433=LINE('',#1432,#1431);
#1434=DIRECTION('',(-1.110223024625E-14,-1.E0,0.E0));
#1435=VECTOR('',#1434,1.E-1);
#1436=CARTESIAN_POINT('',(8.05E-1,3.4E-1,-8.8E-1));
#1437=LINE('',#1436,#1435);
#1438=DIRECTION('',(1.E0,0.E0,0.E0));
#1439=VECTOR('',#1438,1.212994231491E-1);
#1440=CARTESIAN_POINT('',(8.05E-1,2.4E-1,-8.8E-1));
#1441=LINE('',#1440,#1439);
#1442=DIRECTION('',(7.071067811865E-1,7.071067811865E-1,0.E0));
#1443=VECTOR('',#1442,2.192031021678E-1);
#1444=CARTESIAN_POINT('',(9.262994231491E-1,2.4E-1,-8.8E-1));
#1445=LINE('',#1444,#1443);
#1446=DIRECTION('',(-2.467162276945E-14,-1.E0,0.E0));
#1447=VECTOR('',#1446,4.5E-2);
#1448=CARTESIAN_POINT('',(1.081299423149E0,4.4E-1,-8.8E-1));
#1449=LINE('',#1448,#1447);
#1450=DIRECTION('',(-1.E0,0.E0,0.E0));
#1451=VECTOR('',#1450,8.571428571429E-2);
#1452=CARTESIAN_POINT('',(1.081299423149E0,4.4E-1,-8.8E-1));
#1453=LINE('',#1452,#1451);
#1454=CARTESIAN_POINT('',(6.3E-1,3.2E-1,8.5E-1));
#1455=DIRECTION('',(-1.E0,0.E0,0.E0));
#1456=DIRECTION('',(0.E0,0.E0,1.E0));
#1457=AXIS2_PLACEMENT_3D('',#1454,#1455,#1456);
#1459=DIRECTION('',(0.E0,-1.E0,0.E0));
#1460=VECTOR('',#1459,2.6E-1);
#1461=CARTESIAN_POINT('',(6.3E-1,3.2E-1,9.7E-1));
#1462=LINE('',#1461,#1460);
#1463=DIRECTION('',(0.E0,0.E0,1.E0));
#1464=VECTOR('',#1463,9.E-2);
#1465=CARTESIAN_POINT('',(6.3E-1,6.E-2,8.8E-1));
#1466=LINE('',#1465,#1464);
#1467=DIRECTION('',(0.E0,1.E0,0.E0));
#1468=VECTOR('',#1467,2.8E-1);
#1469=CARTESIAN_POINT('',(6.3E-1,6.E-2,8.8E-1));
#1470=LINE('',#1469,#1468);
#1471=DIRECTION('',(0.E0,-2.535923447086E-1,-9.673111819395E-1));
#1472=VECTOR('',#1471,1.219876314915E-1);
#1473=CARTESIAN_POINT('',(6.3E-1,2.089351294954E-1,7.1E-1));
#1474=LINE('',#1473,#1472);
#1475=DIRECTION('',(0.E0,9.673111819395E-1,-2.535923447086E-1));
#1476=VECTOR('',#1475,1.128661500194E-1);
#1477=CARTESIAN_POINT('',(6.3E-1,1.78E-1,5.92E-1));
#1478=LINE('',#1477,#1476);
#1479=CARTESIAN_POINT('',(6.3E-1,3.1E-1,6.504360147529E-1));
#1480=DIRECTION('',(1.E0,0.E0,0.E0));
#1481=DIRECTION('',(0.E0,-2.535923447086E-1,-9.673111819395E-1));
#1482=AXIS2_PLACEMENT_3D('',#1479,#1480,#1481);
#1484=DIRECTION('',(0.E0,7.660444431190E-1,6.427876096865E-1));
#1485=VECTOR('',#1484,5.221629157329E-2);
#1486=CARTESIAN_POINT('',(6.3E-1,3.678508848718E-1,5.814920148722E-1));
#1487=LINE('',#1486,#1485);
#1488=CARTESIAN_POINT('',(6.3E-1,3.5E-1,6.84E-1));
#1489=DIRECTION('',(1.E0,0.E0,0.E0));
#1490=DIRECTION('',(0.E0,6.427876096865E-1,-7.660444431190E-1));
#1491=AXIS2_PLACEMENT_3D('',#1488,#1489,#1490);
#1493=DIRECTION('',(1.070094481566E-14,0.E0,1.E0));
#1494=VECTOR('',#1493,1.66E-1);
#1495=CARTESIAN_POINT('',(6.3E-1,4.4E-1,6.84E-1));
#1496=LINE('',#1495,#1494);
#1497=CARTESIAN_POINT('',(6.3E-1,3.2E-1,-8.5E-1));
#1498=DIRECTION('',(-1.E0,0.E0,0.E0));
#1499=DIRECTION('',(0.E0,1.E0,0.E0));
#1500=AXIS2_PLACEMENT_3D('',#1497,#1498,#1499);
#1502=CARTESIAN_POINT('',(6.3E-1,3.5E-1,-6.84E-1));
#1503=DIRECTION('',(1.E0,0.E0,0.E0));
#1504=DIRECTION('',(0.E0,1.E0,0.E0));
#1505=AXIS2_PLACEMENT_3D('',#1502,#1503,#1504);
#1507=DIRECTION('',(0.E0,-7.660444431190E-1,6.427876096865E-1));
#1508=VECTOR('',#1507,5.221629157329E-2);
#1509=CARTESIAN_POINT('',(6.3E-1,4.078508848718E-1,-6.150560001193E-1));
#1510=LINE('',#1509,#1508);
#1511=CARTESIAN_POINT('',(6.3E-1,3.1E-1,-6.504360147529E-1));
#1512=DIRECTION('',(1.E0,0.E0,0.E0));
#1513=DIRECTION('',(0.E0,6.427876096865E-1,7.660444431190E-1));
#1514=AXIS2_PLACEMENT_3D('',#1511,#1512,#1513);
#1516=DIRECTION('',(0.E0,-9.673111819395E-1,-2.535923447086E-1));
#1517=VECTOR('',#1516,1.128661500194E-1);
#1518=CARTESIAN_POINT('',(6.3E-1,2.871766889762E-1,-5.633780083784E-1));
#1519=LINE('',#1518,#1517);
#1520=DIRECTION('',(0.E0,2.535923447086E-1,-9.673111819395E-1));
#1521=VECTOR('',#1520,1.219876314915E-1);
#1522=CARTESIAN_POINT('',(6.3E-1,1.78E-1,-5.92E-1));
#1523=LINE('',#1522,#1521);
#1524=DIRECTION('',(0.E0,0.E0,-1.E0));
#1525=VECTOR('',#1524,9.E-2);
#1526=CARTESIAN_POINT('',(6.3E-1,6.E-2,-8.8E-1));
#1527=LINE('',#1526,#1525);
#1528=DIRECTION('',(-1.E0,0.E0,0.E0));
#1529=VECTOR('',#1528,1.75E-1);
#1530=CARTESIAN_POINT('',(8.05E-1,4.4E-1,8.5E-1));
#1531=LINE('',#1530,#1529);
#1532=DIRECTION('',(1.E0,0.E0,0.E0));
#1533=VECTOR('',#1532,1.75E-1);
#1534=CARTESIAN_POINT('',(6.3E-1,4.4E-1,6.84E-1));
#1535=LINE('',#1534,#1533);
#1536=DIRECTION('',(1.E0,0.E0,0.E0));
#1537=VECTOR('',#1536,1.75E-1);
#1538=CARTESIAN_POINT('',(6.3E-1,4.078508848718E-1,6.150560001193E-1));
#1539=LINE('',#1538,#1537);
#1540=DIRECTION('',(1.E0,0.E0,0.E0));
#1541=VECTOR('',#1540,1.75E-1);
#1542=CARTESIAN_POINT('',(6.3E-1,3.678508848718E-1,5.814920148722E-1));
#1543=LINE('',#1542,#1541);
#1544=DIRECTION('',(1.E0,0.E0,0.E0));
#1545=VECTOR('',#1544,1.75E-1);
#1546=CARTESIAN_POINT('',(6.3E-1,2.871766889762E-1,5.633780083784E-1));
#1547=LINE('',#1546,#1545);
#1548=DIRECTION('',(1.E0,0.E0,0.E0));
#1549=VECTOR('',#1548,1.75E-1);
#1550=CARTESIAN_POINT('',(6.3E-1,1.78E-1,5.92E-1));
#1551=LINE('',#1550,#1549);
#1552=DIRECTION('',(0.E0,-1.E0,0.E0));
#1553=VECTOR('',#1552,1.310648705046E-1);
#1554=CARTESIAN_POINT('',(6.3E-1,3.4E-1,7.1E-1));
#1555=LINE('',#1554,#1553);
#1556=DIRECTION('',(-1.E0,0.E0,0.E0));
#1557=VECTOR('',#1556,4.E-2);
#1558=CARTESIAN_POINT('',(6.3E-1,3.4E-1,7.1E-1));
#1559=LINE('',#1558,#1557);
#1560=DIRECTION('',(0.E0,-1.E0,0.E0));
#1561=VECTOR('',#1560,2.4E-1);
#1562=CARTESIAN_POINT('',(5.9E-1,3.4E-1,7.1E-1));
#1563=LINE('',#1562,#1561);
#1564=DIRECTION('',(-1.E0,0.E0,0.E0));
#1565=VECTOR('',#1564,4.E-2);
#1566=CARTESIAN_POINT('',(8.45E-1,3.4E-1,7.1E-1));
#1567=LINE('',#1566,#1565);
#1568=DIRECTION('',(0.E0,-1.E0,0.E0));
#1569=VECTOR('',#1568,1.310648705046E-1);
#1570=CARTESIAN_POINT('',(8.05E-1,3.4E-1,7.1E-1));
#1571=LINE('',#1570,#1569);
#1572=DIRECTION('',(-1.E0,0.E0,0.E0));
#1573=VECTOR('',#1572,1.75E-1);
#1574=CARTESIAN_POINT('',(8.05E-1,2.089351294954E-1,7.1E-1));
#1575=LINE('',#1574,#1573);
#1576=DIRECTION('',(0.E0,0.E0,1.E0));
#1577=VECTOR('',#1576,1.7E-1);
#1578=CARTESIAN_POINT('',(6.3E-1,3.4E-1,-8.8E-1));
#1579=LINE('',#1578,#1577);
#1580=DIRECTION('',(0.E0,0.E0,-1.E0));
#1581=VECTOR('',#1580,1.7E-1);
#1582=CARTESIAN_POINT('',(5.9E-1,3.4E-1,-7.1E-1));
#1583=LINE('',#1582,#1581);
#1584=DIRECTION('',(0.E0,0.E0,1.E0));
#1585=VECTOR('',#1584,1.7E-1);
#1586=CARTESIAN_POINT('',(6.3E-1,3.4E-1,7.1E-1));
#1587=LINE('',#1586,#1585);
#1588=DIRECTION('',(0.E0,0.E0,-1.E0));
#1589=VECTOR('',#1588,1.7E-1);
#1590=CARTESIAN_POINT('',(5.9E-1,3.4E-1,8.8E-1));
#1591=LINE('',#1590,#1589);
#1592=DIRECTION('',(0.E0,0.E0,1.E0));
#1593=VECTOR('',#1592,1.7E-1);
#1594=CARTESIAN_POINT('',(8.05E-1,3.4E-1,-8.8E-1));
#1595=LINE('',#1594,#1593);
#1596=DIRECTION('',(0.E0,0.E0,1.E0));
#1597=VECTOR('',#1596,3.E-2);
#1598=CARTESIAN_POINT('',(8.45E-1,3.4E-1,-7.4E-1));
#1599=LINE('',#1598,#1597);
#1600=DIRECTION('',(0.E0,0.E0,1.E0));
#1601=VECTOR('',#1600,1.7E-1);
#1602=CARTESIAN_POINT('',(8.05E-1,3.4E-1,7.1E-1));
#1603=LINE('',#1602,#1601);
#1604=DIRECTION('',(0.E0,0.E0,1.E0));
#1605=VECTOR('',#1604,3.E-2);
#1606=CARTESIAN_POINT('',(8.45E-1,3.4E-1,7.1E-1));
#1607=LINE('',#1606,#1605);
#1608=DIRECTION('',(0.E0,-1.E0,0.E0));
#1609=VECTOR('',#1608,1.310648705046E-1);
#1610=CARTESIAN_POINT('',(6.3E-1,3.4E-1,-7.1E-1));
#1611=LINE('',#1610,#1609);
#1612=DIRECTION('',(-1.E0,0.E0,0.E0));
#1613=VECTOR('',#1612,1.75E-1);
#1614=CARTESIAN_POINT('',(8.05E-1,2.089351294954E-1,-7.1E-1));
#1615=LINE('',#1614,#1613);
#1616=DIRECTION('',(0.E0,-1.E0,0.E0));
#1617=VECTOR('',#1616,1.310648705046E-1);
#1618=CARTESIAN_POINT('',(8.05E-1,3.4E-1,-7.1E-1));
#1619=LINE('',#1618,#1617);
#1620=DIRECTION('',(1.E0,0.E0,0.E0));
#1621=VECTOR('',#1620,4.E-2);
#1622=CARTESIAN_POINT('',(8.05E-1,3.4E-1,-7.1E-1));
#1623=LINE('',#1622,#1621);
#1624=DIRECTION('',(0.E0,-1.E0,0.E0));
#1625=VECTOR('',#1624,6.E-2);
#1626=CARTESIAN_POINT('',(8.45E-1,3.4E-1,-7.1E-1));
#1627=LINE('',#1626,#1625);
#1628=DIRECTION('',(0.E0,-1.E0,0.E0));
#1629=VECTOR('',#1628,1.8E-1);
#1630=CARTESIAN_POINT('',(8.1E-1,2.8E-1,-7.1E-1));
#1631=LINE('',#1630,#1629);
#1632=DIRECTION('',(1.E0,0.E0,0.E0));
#1633=VECTOR('',#1632,4.E-2);
#1634=CARTESIAN_POINT('',(5.9E-1,3.4E-1,-7.1E-1));
#1635=LINE('',#1634,#1633);
#1636=DIRECTION('',(1.E0,0.E0,0.E0));
#1637=VECTOR('',#1636,1.75E-1);
#1638=CARTESIAN_POINT('',(6.3E-1,1.78E-1,-5.92E-1));
#1639=LINE('',#1638,#1637);
#1640=DIRECTION('',(1.E0,0.E0,0.E0));
#1641=VECTOR('',#1640,1.75E-1);
#1642=CARTESIAN_POINT('',(6.3E-1,2.871766889762E-1,-5.633780083784E-1));
#1643=LINE('',#1642,#1641);
#1644=DIRECTION('',(1.E0,0.E0,0.E0));
#1645=VECTOR('',#1644,1.75E-1);
#1646=CARTESIAN_POINT('',(6.3E-1,3.678508848718E-1,-5.814920148722E-1));
#1647=LINE('',#1646,#1645);
#1648=DIRECTION('',(1.E0,0.E0,0.E0));
#1649=VECTOR('',#1648,1.75E-1);
#1650=CARTESIAN_POINT('',(6.3E-1,4.078508848718E-1,-6.150560001193E-1));
#1651=LINE('',#1650,#1649);
#1652=DIRECTION('',(1.E0,0.E0,0.E0));
#1653=VECTOR('',#1652,1.75E-1);
#1654=CARTESIAN_POINT('',(6.3E-1,4.4E-1,-6.84E-1));
#1655=LINE('',#1654,#1653);
#1656=DIRECTION('',(1.E0,0.E0,0.E0));
#1657=VECTOR('',#1656,1.75E-1);
#1658=CARTESIAN_POINT('',(6.3E-1,4.4E-1,-8.5E-1));
#1659=LINE('',#1658,#1657);
#1660=DIRECTION('',(-1.203856291762E-14,0.E0,-1.E0));
#1661=VECTOR('',#1660,1.66E-1);
#1662=CARTESIAN_POINT('',(6.3E-1,4.4E-1,-6.84E-1));
#1663=LINE('',#1662,#1661);
#1664=CARTESIAN_POINT('',(8.05E-1,3.2E-1,8.5E-1));
#1665=DIRECTION('',(1.E0,0.E0,0.E0));
#1666=DIRECTION('',(0.E0,1.E0,0.E0));
#1667=AXIS2_PLACEMENT_3D('',#1664,#1665,#1666);
#1669=DIRECTION('',(0.E0,0.E0,1.E0));
#1670=VECTOR('',#1669,1.66E-1);
#1671=CARTESIAN_POINT('',(8.05E-1,4.4E-1,6.84E-1));
#1672=LINE('',#1671,#1670);
#1673=CARTESIAN_POINT('',(8.05E-1,3.5E-1,6.84E-1));
#1674=DIRECTION('',(1.E0,0.E0,0.E0));
#1675=DIRECTION('',(0.E0,6.427876096865E-1,-7.660444431190E-1));
#1676=AXIS2_PLACEMENT_3D('',#1673,#1674,#1675);
#1678=DIRECTION('',(0.E0,7.660444431190E-1,6.427876096865E-1));
#1679=VECTOR('',#1678,5.221629157329E-2);
#1680=CARTESIAN_POINT('',(8.05E-1,3.678508848718E-1,5.814920148722E-1));
#1681=LINE('',#1680,#1679);
#1682=CARTESIAN_POINT('',(8.05E-1,3.1E-1,6.504360147529E-1));
#1683=DIRECTION('',(1.E0,0.E0,0.E0));
#1684=DIRECTION('',(0.E0,-2.535923447086E-1,-9.673111819395E-1));
#1685=AXIS2_PLACEMENT_3D('',#1682,#1683,#1684);
#1687=DIRECTION('',(0.E0,9.673111819395E-1,-2.535923447086E-1));
#1688=VECTOR('',#1687,1.128661500194E-1);
#1689=CARTESIAN_POINT('',(8.05E-1,1.78E-1,5.92E-1));
#1690=LINE('',#1689,#1688);
#1691=DIRECTION('',(0.E0,-2.535923447086E-1,-9.673111819395E-1));
#1692=VECTOR('',#1691,1.219876314915E-1);
#1693=CARTESIAN_POINT('',(8.05E-1,2.089351294954E-1,7.1E-1));
#1694=LINE('',#1693,#1692);
#1695=DIRECTION('',(0.E0,-1.E0,0.E0));
#1696=VECTOR('',#1695,1.E-1);
#1697=CARTESIAN_POINT('',(8.05E-1,3.4E-1,8.8E-1));
#1698=LINE('',#1697,#1696);
#1699=DIRECTION('',(2.775557561563E-14,1.E0,-2.220446049250E-14));
#1700=VECTOR('',#1699,8.E-2);
#1701=CARTESIAN_POINT('',(8.05E-1,2.4E-1,9.7E-1));
#1702=LINE('',#1701,#1700);
#1703=CARTESIAN_POINT('',(8.05E-1,3.2E-1,-8.5E-1));
#1704=DIRECTION('',(1.E0,0.E0,0.E0));
#1705=DIRECTION('',(0.E0,0.E0,-1.E0));
#1706=AXIS2_PLACEMENT_3D('',#1703,#1704,#1705);
#1708=DIRECTION('',(0.E0,2.535923447086E-1,-9.673111819395E-1));
#1709=VECTOR('',#1708,1.219876314915E-1);
#1710=CARTESIAN_POINT('',(8.05E-1,1.78E-1,-5.92E-1));
#1711=LINE('',#1710,#1709);
#1712=DIRECTION('',(0.E0,-9.673111819395E-1,-2.535923447086E-1));
#1713=VECTOR('',#1712,1.128661500194E-1);
#1714=CARTESIAN_POINT('',(8.05E-1,2.871766889762E-1,-5.633780083784E-1));
#1715=LINE('',#1714,#1713);
#1716=CARTESIAN_POINT('',(8.05E-1,3.1E-1,-6.504360147529E-1));
#1717=DIRECTION('',(1.E0,0.E0,0.E0));
#1718=DIRECTION('',(0.E0,6.427876096865E-1,7.660444431190E-1));
#1719=AXIS2_PLACEMENT_3D('',#1716,#1717,#1718);
#1721=DIRECTION('',(0.E0,-7.660444431190E-1,6.427876096865E-1));
#1722=VECTOR('',#1721,5.221629157329E-2);
#1723=CARTESIAN_POINT('',(8.05E-1,4.078508848718E-1,-6.150560001193E-1));
#1724=LINE('',#1723,#1722);
#1725=CARTESIAN_POINT('',(8.05E-1,3.5E-1,-6.84E-1));
#1726=DIRECTION('',(1.E0,0.E0,0.E0));
#1727=DIRECTION('',(0.E0,1.E0,0.E0));
#1728=AXIS2_PLACEMENT_3D('',#1725,#1726,#1727);
#1730=DIRECTION('',(-1.337618101958E-14,0.E0,-1.E0));
#1731=VECTOR('',#1730,1.66E-1);
#1732=CARTESIAN_POINT('',(8.05E-1,4.4E-1,-6.84E-1));
#1733=LINE('',#1732,#1731);
#1734=DIRECTION('',(-1.E0,0.E0,0.E0));
#1735=VECTOR('',#1734,2.95E-1);
#1736=CARTESIAN_POINT('',(1.5E0,2.5E-1,8.8E-1));
#1737=LINE('',#1736,#1735);
#1738=DIRECTION('',(-1.E0,0.E0,0.E0));
#1739=VECTOR('',#1738,7.1E-1);
#1740=CARTESIAN_POINT('',(1.235E0,0.E0,8.8E-1));
#1741=LINE('',#1740,#1739);
#1742=DIRECTION('',(0.E0,1.E0,0.E0));
#1743=VECTOR('',#1742,1.E-1);
#1744=CARTESIAN_POINT('',(5.25E-1,0.E0,8.8E-1));
#1745=LINE('',#1744,#1743);
#1746=DIRECTION('',(0.E0,1.E0,0.E0));
#1747=VECTOR('',#1746,2.4E-1);
#1748=CARTESIAN_POINT('',(5.9E-1,1.E-1,8.8E-1));
#1749=LINE('',#1748,#1747);
#1750=DIRECTION('',(1.E0,0.E0,0.E0));
#1751=VECTOR('',#1750,4.E-2);
#1752=CARTESIAN_POINT('',(5.9E-1,3.4E-1,8.8E-1));
#1753=LINE('',#1752,#1751);
#1754=DIRECTION('',(-1.E0,0.E0,0.E0));
#1755=VECTOR('',#1754,3.85E-1);
#1756=CARTESIAN_POINT('',(1.015E0,6.E-2,8.8E-1));
#1757=LINE('',#1756,#1755);
#1758=DIRECTION('',(-7.071067811865E-1,-7.071067811865E-1,0.E0));
#1759=VECTOR('',#1758,2.687005768509E-1);
#1760=CARTESIAN_POINT('',(1.205E0,2.5E-1,8.8E-1));
#1761=LINE('',#1760,#1759);
#1762=DIRECTION('',(1.E0,0.E0,0.E0));
#1763=VECTOR('',#1762,1.505851374348E-1);
#1764=CARTESIAN_POINT('',(8.45E-1,4.4E-1,8.8E-1));
#1765=LINE('',#1764,#1763);
#1766=DIRECTION('',(1.E0,0.E0,0.E0));
#1767=VECTOR('',#1766,8.571428571429E-2);
#1768=CARTESIAN_POINT('',(9.955851374348E-1,4.4E-1,8.8E-1));
#1769=LINE('',#1768,#1767);
#1770=DIRECTION('',(2.467162276945E-14,-1.E0,0.E0));
#1771=VECTOR('',#1770,4.5E-2);
#1772=CARTESIAN_POINT('',(1.081299423149E0,4.4E-1,8.8E-1));
#1773=LINE('',#1772,#1771);
#1774=DIRECTION('',(7.071067811865E-1,7.071067811865E-1,0.E0));
#1775=VECTOR('',#1774,2.192031021678E-1);
#1776=CARTESIAN_POINT('',(9.262994231491E-1,2.4E-1,8.8E-1));
#1777=LINE('',#1776,#1775);
#1778=DIRECTION('',(1.E0,0.E0,0.E0));
#1779=VECTOR('',#1778,1.212994231491E-1);
#1780=CARTESIAN_POINT('',(8.05E-1,2.4E-1,8.8E-1));
#1781=LINE('',#1780,#1779);
#1782=DIRECTION('',(1.E0,0.E0,0.E0));
#1783=VECTOR('',#1782,4.E-2);
#1784=CARTESIAN_POINT('',(8.05E-1,3.4E-1,8.8E-1));
#1785=LINE('',#1784,#1783);
#1786=DIRECTION('',(0.E0,1.E0,0.E0));
#1787=VECTOR('',#1786,1.E-1);
#1788=CARTESIAN_POINT('',(8.45E-1,3.4E-1,8.8E-1));
#1789=LINE('',#1788,#1787);
#1790=CARTESIAN_POINT('',(1.47E0,2.5E-1,8.5E-1));
#1791=DIRECTION('',(0.E0,-1.E0,0.E0));
#1792=DIRECTION('',(1.E0,0.E0,0.E0));
#1793=AXIS2_PLACEMENT_3D('',#1790,#1791,#1792);
#1795=DIRECTION('',(0.E0,0.E0,-1.E0));
#1796=VECTOR('',#1795,2.55E-1);
#1797=CARTESIAN_POINT('',(1.59E0,2.5E-1,8.5E-1));
#1798=LINE('',#1797,#1796);
#1799=DIRECTION('',(1.E0,0.E0,0.E0));
#1800=VECTOR('',#1799,9.E-2);
#1801=CARTESIAN_POINT('',(1.5E0,2.5E-1,5.95E-1));
#1802=LINE('',#1801,#1800);
#1803=DIRECTION('',(0.E0,1.E0,0.E0));
#1804=VECTOR('',#1803,5.E-2);
#1805=CARTESIAN_POINT('',(1.51E0,1.E-1,5.95E-1));
#1806=LINE('',#1805,#1804);
#1807=DIRECTION('',(1.E0,0.E0,1.110223024625E-14));
#1808=VECTOR('',#1807,9.999999999998E-3);
#1809=CARTESIAN_POINT('',(1.5E0,1.5E-1,5.95E-1));
#1810=LINE('',#1809,#1808);
#1811=CARTESIAN_POINT('',(1.63E0,1.E-1,5.95E-1));
#1812=DIRECTION('',(0.E0,0.E0,1.E0));
#1813=DIRECTION('',(-1.E0,-5.065392549852E-14,0.E0));
#1814=AXIS2_PLACEMENT_3D('',#1811,#1812,#1813);
#1816=DIRECTION('',(1.E0,0.E0,0.E0));
#1817=VECTOR('',#1816,1.E-1);
#1818=CARTESIAN_POINT('',(1.63E0,6.E-2,5.95E-1));
#1819=LINE('',#1818,#1817);
#1820=DIRECTION('',(0.E0,-1.E0,0.E0));
#1821=VECTOR('',#1820,6.E-2);
#1822=CARTESIAN_POINT('',(1.73E0,6.E-2,5.95E-1));
#1823=LINE('',#1822,#1821);
#1824=DIRECTION('',(-1.E0,0.E0,0.E0));
#1825=VECTOR('',#1824,4.E-2);
#1826=CARTESIAN_POINT('',(1.73E0,0.E0,5.95E-1));
#1827=LINE('',#1826,#1825);
#1828=DIRECTION('',(-7.071067811865E-1,-7.071067811866E-1,0.E0));
#1829=VECTOR('',#1828,2.828427124746E-2);
#1830=CARTESIAN_POINT('',(1.69E0,0.E0,5.95E-1));
#1831=LINE('',#1830,#1829);
#1832=DIRECTION('',(-1.E0,0.E0,0.E0));
#1833=VECTOR('',#1832,4.E-2);
#1834=CARTESIAN_POINT('',(1.67E0,-2.E-2,5.95E-1));
#1835=LINE('',#1834,#1833);
#1836=CARTESIAN_POINT('',(1.63E0,1.E-1,5.95E-1));
#1837=DIRECTION('',(0.E0,0.E0,-1.E0));
#1838=DIRECTION('',(0.E0,-1.E0,0.E0));
#1839=AXIS2_PLACEMENT_3D('',#1836,#1837,#1838);
#1841=DIRECTION('',(-1.E0,0.E0,-1.554312234475E-13));
#1842=VECTOR('',#1841,1.E-2);
#1843=CARTESIAN_POINT('',(-1.5E0,1.5E-1,5.95E-1));
#1844=LINE('',#1843,#1842);
#1845=DIRECTION('',(0.E0,-1.E0,-3.330669073876E-14));
#1846=VECTOR('',#1845,5.E-2);
#1847=CARTESIAN_POINT('',(-1.51E0,1.5E-1,5.95E-1));
#1848=LINE('',#1847,#1846);
#1849=CARTESIAN_POINT('',(-1.63E0,1.E-1,5.95E-1));
#1850=DIRECTION('',(0.E0,0.E0,-1.E0));
#1851=DIRECTION('',(1.E0,0.E0,0.E0));
#1852=AXIS2_PLACEMENT_3D('',#1849,#1850,#1851);
#1854=DIRECTION('',(-1.E0,0.E0,0.E0));
#1855=VECTOR('',#1854,4.E-2);
#1856=CARTESIAN_POINT('',(-1.63E0,-2.E-2,5.95E-1));
#1857=LINE('',#1856,#1855);
#1858=DIRECTION('',(-7.071067811865E-1,7.071067811866E-1,0.E0));
#1859=VECTOR('',#1858,2.828427124746E-2);
#1860=CARTESIAN_POINT('',(-1.67E0,-2.E-2,5.95E-1));
#1861=LINE('',#1860,#1859);
#1862=DIRECTION('',(-1.E0,0.E0,0.E0));
#1863=VECTOR('',#1862,4.E-2);
#1864=CARTESIAN_POINT('',(-1.69E0,0.E0,5.95E-1));
#1865=LINE('',#1864,#1863);
#1866=DIRECTION('',(0.E0,1.E0,0.E0));
#1867=VECTOR('',#1866,6.E-2);
#1868=CARTESIAN_POINT('',(-1.73E0,0.E0,5.95E-1));
#1869=LINE('',#1868,#1867);
#1870=DIRECTION('',(1.E0,0.E0,0.E0));
#1871=VECTOR('',#1870,1.E-1);
#1872=CARTESIAN_POINT('',(-1.73E0,6.E-2,5.95E-1));
#1873=LINE('',#1872,#1871);
#1874=CARTESIAN_POINT('',(-1.63E0,1.E-1,5.95E-1));
#1875=DIRECTION('',(0.E0,0.E0,1.E0));
#1876=DIRECTION('',(0.E0,-1.E0,0.E0));
#1877=AXIS2_PLACEMENT_3D('',#1874,#1875,#1876);
#1879=DIRECTION('',(0.E0,0.E0,-1.E0));
#1880=VECTOR('',#1879,2.25E-1);
#1881=CARTESIAN_POINT('',(1.51E0,1.E-1,5.95E-1));
#1882=LINE('',#1881,#1880);
#1883=DIRECTION('',(0.E0,0.E0,-1.E0));
#1884=VECTOR('',#1883,2.25E-1);
#1885=CARTESIAN_POINT('',(1.63E0,-2.E-2,5.95E-1));
#1886=LINE('',#1885,#1884);
#1887=DIRECTION('',(0.E0,0.E0,-1.E0));
#1888=VECTOR('',#1887,2.25E-1);
#1889=CARTESIAN_POINT('',(1.67E0,-2.E-2,5.95E-1));
#1890=LINE('',#1889,#1888);
#1891=DIRECTION('',(0.E0,0.E0,-1.E0));
#1892=VECTOR('',#1891,2.25E-1);
#1893=CARTESIAN_POINT('',(1.69E0,0.E0,5.95E-1));
#1894=LINE('',#1893,#1892);
#1895=DIRECTION('',(0.E0,0.E0,-1.E0));
#1896=VECTOR('',#1895,2.25E-1);
#1897=CARTESIAN_POINT('',(1.73E0,0.E0,5.95E-1));
#1898=LINE('',#1897,#1896);
#1899=DIRECTION('',(0.E0,0.E0,-1.E0));
#1900=VECTOR('',#1899,2.25E-1);
#1901=CARTESIAN_POINT('',(1.73E0,6.E-2,5.95E-1));
#1902=LINE('',#1901,#1900);
#1903=DIRECTION('',(0.E0,0.E0,-1.E0));
#1904=VECTOR('',#1903,2.25E-1);
#1905=CARTESIAN_POINT('',(1.63E0,6.E-2,5.95E-1));
#1906=LINE('',#1905,#1904);
#1907=DIRECTION('',(0.E0,0.E0,-1.E0));
#1908=VECTOR('',#1907,2.25E-1);
#1909=CARTESIAN_POINT('',(1.59E0,1.E-1,5.95E-1));
#1910=LINE('',#1909,#1908);
#1911=DIRECTION('',(0.E0,0.E0,1.E0));
#1912=VECTOR('',#1911,2.25E-1);
#1913=CARTESIAN_POINT('',(1.51E0,1.5E-1,3.7E-1));
#1914=LINE('',#1913,#1912);
#1915=DIRECTION('',(1.E0,0.E0,0.E0));
#1916=VECTOR('',#1915,9.999999999998E-3);
#1917=CARTESIAN_POINT('',(1.5E0,1.5E-1,3.7E-1));
#1918=LINE('',#1917,#1916);
#1919=DIRECTION('',(0.E0,0.E0,-1.E0));
#1920=VECTOR('',#1919,2.85E-1);
#1921=CARTESIAN_POINT('',(1.5E0,2.5E-1,8.8E-1));
#1922=LINE('',#1921,#1920);
#1923=DIRECTION('',(0.E0,1.E0,0.E0));
#1924=VECTOR('',#1923,1.E-1);
#1925=CARTESIAN_POINT('',(1.5E0,1.5E-1,5.95E-1));
#1926=LINE('',#1925,#1924);
#1927=DIRECTION('',(0.E0,0.E0,1.E0));
#1928=VECTOR('',#1927,2.25E-1);
#1929=CARTESIAN_POINT('',(1.5E0,1.5E-1,3.7E-1));
#1930=LINE('',#1929,#1928);
#1931=DIRECTION('',(0.E0,-1.E0,0.E0));
#1932=VECTOR('',#1931,1.36E-1);
#1933=CARTESIAN_POINT('',(1.5E0,2.86E-1,3.7E-1));
#1934=LINE('',#1933,#1932);
#1935=DIRECTION('',(0.E0,0.E0,1.E0));
#1936=VECTOR('',#1935,7.4E-1);
#1937=CARTESIAN_POINT('',(1.5E0,2.86E-1,-3.7E-1));
#1938=LINE('',#1937,#1936);
#1939=DIRECTION('',(0.E0,1.E0,0.E0));
#1940=VECTOR('',#1939,1.36E-1);
#1941=CARTESIAN_POINT('',(1.5E0,1.5E-1,-3.7E-1));
#1942=LINE('',#1941,#1940);
#1943=DIRECTION('',(0.E0,0.E0,1.E0));
#1944=VECTOR('',#1943,2.25E-1);
#1945=CARTESIAN_POINT('',(1.5E0,1.5E-1,-5.95E-1));
#1946=LINE('',#1945,#1944);
#1947=DIRECTION('',(0.E0,-1.E0,0.E0));
#1948=VECTOR('',#1947,1.E-1);
#1949=CARTESIAN_POINT('',(1.5E0,2.5E-1,-5.95E-1));
#1950=LINE('',#1949,#1948);
#1951=DIRECTION('',(0.E0,0.E0,1.E0));
#1952=VECTOR('',#1951,2.85E-1);
#1953=CARTESIAN_POINT('',(1.5E0,2.5E-1,-8.8E-1));
#1954=LINE('',#1953,#1952);
#1955=DIRECTION('',(0.E0,-1.E0,3.330669073875E-14));
#1956=VECTOR('',#1955,3.E-2);
#1957=CARTESIAN_POINT('',(1.5E0,2.5E-1,-8.8E-1));
#1958=LINE('',#1957,#1956);
#1959=DIRECTION('',(0.E0,1.E0,0.E0));
#1960=VECTOR('',#1959,2.6E-1);
#1961=CARTESIAN_POINT('',(1.5E0,0.E0,-3.5E-1));
#1962=LINE('',#1961,#1960);
#1963=DIRECTION('',(0.E0,1.E0,0.E0));
#1964=VECTOR('',#1963,2.2E-1);
#1965=CARTESIAN_POINT('',(1.5E0,0.E0,6.15E-1));
#1966=LINE('',#1965,#1964);
#1967=DIRECTION('',(-2.960594732334E-14,1.E0,-1.480297366167E-14));
#1968=VECTOR('',#1967,3.E-2);
#1969=CARTESIAN_POINT('',(1.5E0,2.2E-1,8.8E-1));
#1970=LINE('',#1969,#1968);
#1971=DIRECTION('',(1.E0,0.E0,0.E0));
#1972=VECTOR('',#1971,2.65E-1);
#1973=CARTESIAN_POINT('',(-1.5E0,2.2E-1,-8.8E-1));
#1974=LINE('',#1973,#1972);
#1975=DIRECTION('',(0.E0,0.E0,-1.E0));
#1976=VECTOR('',#1975,2.65E-1);
#1977=CARTESIAN_POINT('',(-1.5E0,2.2E-1,-6.15E-1));
#1978=LINE('',#1977,#1976);
#1979=DIRECTION('',(0.E0,0.E0,-1.E0));
#1980=VECTOR('',#1979,2.65E-1);
#1981=CARTESIAN_POINT('',(-1.5E0,2.2E-1,8.8E-1));
#1982=LINE('',#1981,#1980);
#1983=DIRECTION('',(-1.E0,0.E0,0.E0));
#1984=VECTOR('',#1983,2.65E-1);
#1985=CARTESIAN_POINT('',(-1.235E0,2.2E-1,8.8E-1));
#1986=LINE('',#1985,#1984);
#1987=DIRECTION('',(-1.E0,0.E0,0.E0));
#1988=VECTOR('',#1987,2.65E-1);
#1989=CARTESIAN_POINT('',(1.5E0,2.2E-1,8.8E-1));
#1990=LINE('',#1989,#1988);
#1991=DIRECTION('',(0.E0,0.E0,1.E0));
#1992=VECTOR('',#1991,2.65E-1);
#1993=CARTESIAN_POINT('',(1.5E0,2.2E-1,6.15E-1));
#1994=LINE('',#1993,#1992);
#1995=DIRECTION('',(0.E0,0.E0,1.E0));
#1996=VECTOR('',#1995,2.65E-1);
#1997=CARTESIAN_POINT('',(1.5E0,2.2E-1,-8.8E-1));
#1998=LINE('',#1997,#1996);
#1999=DIRECTION('',(1.E0,0.E0,0.E0));
#2000=VECTOR('',#1999,2.65E-1);
#2001=CARTESIAN_POINT('',(1.235E0,2.2E-1,-8.8E-1));
#2002=LINE('',#2001,#2000);
#2003=DIRECTION('',(0.E0,0.E0,1.E0));
#2004=VECTOR('',#2003,1.85E-1);
#2005=CARTESIAN_POINT('',(-1.75E0,2.2E-1,-8.E-1));
#2006=LINE('',#2005,#2004);
#2007=DIRECTION('',(0.E0,1.E0,0.E0));
#2008=VECTOR('',#2007,2.2E-1);
#2009=CARTESIAN_POINT('',(-1.75E0,0.E0,-8.E-1));
#2010=LINE('',#2009,#2008);
#2011=DIRECTION('',(1.E0,0.E0,0.E0));
#2012=VECTOR('',#2011,2.5E-1);
#2013=CARTESIAN_POINT('',(-1.75E0,2.2E-1,-6.15E-1));
#2014=LINE('',#2013,#2012);
#2015=DIRECTION('',(0.E0,1.E0,0.E0));
#2016=VECTOR('',#2015,2.2E-1);
#2017=CARTESIAN_POINT('',(-1.75E0,0.E0,-6.15E-1));
#2018=LINE('',#2017,#2016);
#2019=DIRECTION('',(0.E0,0.E0,-1.E0));
#2020=VECTOR('',#2019,2.85E-1);
#2021=CARTESIAN_POINT('',(-1.5E0,2.5E-1,8.8E-1));
#2022=LINE('',#2021,#2020);
#2023=DIRECTION('',(-5.921189464668E-14,-1.E0,1.110223024625E-14));
#2024=VECTOR('',#2023,3.E-2);
#2025=CARTESIAN_POINT('',(-1.5E0,2.5E-1,8.8E-1));
#2026=LINE('',#2025,#2024);
#2027=DIRECTION('',(0.E0,1.E0,0.E0));
#2028=VECTOR('',#2027,2.6E-1);
#2029=CARTESIAN_POINT('',(-1.5E0,0.E0,3.5E-1));
#2030=LINE('',#2029,#2028);
#2031=DIRECTION('',(0.E0,0.E0,-1.E0));
#2032=VECTOR('',#2031,7.E-1);
#2033=CARTESIAN_POINT('',(-1.5E0,2.6E-1,3.5E-1));
#2034=LINE('',#2033,#2032);
#2035=DIRECTION('',(0.E0,1.E0,0.E0));
#2036=VECTOR('',#2035,2.2E-1);
#2037=CARTESIAN_POINT('',(-1.5E0,0.E0,-6.15E-1));
#2038=LINE('',#2037,#2036);
#2039=DIRECTION('',(-2.220446049250E-14,1.E0,0.E0));
#2040=VECTOR('',#2039,3.E-2);
#2041=CARTESIAN_POINT('',(-1.5E0,2.2E-1,-8.8E-1));
#2042=LINE('',#2041,#2040);
#2043=DIRECTION('',(0.E0,0.E0,1.E0));
#2044=VECTOR('',#2043,2.85E-1);
#2045=CARTESIAN_POINT('',(-1.5E0,2.5E-1,-8.8E-1));
#2046=LINE('',#2045,#2044);
#2047=DIRECTION('',(0.E0,-1.E0,0.E0));
#2048=VECTOR('',#2047,1.E-1);
#2049=CARTESIAN_POINT('',(-1.5E0,2.5E-1,-5.95E-1));
#2050=LINE('',#2049,#2048);
#2051=DIRECTION('',(0.E0,0.E0,1.E0));
#2052=VECTOR('',#2051,2.25E-1);
#2053=CARTESIAN_POINT('',(-1.5E0,1.5E-1,-5.95E-1));
#2054=LINE('',#2053,#2052);
#2055=DIRECTION('',(0.E0,1.E0,0.E0));
#2056=VECTOR('',#2055,1.36E-1);
#2057=CARTESIAN_POINT('',(-1.5E0,1.5E-1,-3.7E-1));
#2058=LINE('',#2057,#2056);
#2059=DIRECTION('',(0.E0,0.E0,1.E0));
#2060=VECTOR('',#2059,7.4E-1);
#2061=CARTESIAN_POINT('',(-1.5E0,2.86E-1,-3.7E-1));
#2062=LINE('',#2061,#2060);
#2063=DIRECTION('',(0.E0,-1.E0,0.E0));
#2064=VECTOR('',#2063,1.36E-1);
#2065=CARTESIAN_POINT('',(-1.5E0,2.86E-1,3.7E-1));
#2066=LINE('',#2065,#2064);
#2067=DIRECTION('',(0.E0,0.E0,1.E0));
#2068=VECTOR('',#2067,2.25E-1);
#2069=CARTESIAN_POINT('',(-1.5E0,1.5E-1,3.7E-1));
#2070=LINE('',#2069,#2068);
#2071=DIRECTION('',(0.E0,1.E0,0.E0));
#2072=VECTOR('',#2071,1.E-1);
#2073=CARTESIAN_POINT('',(-1.5E0,1.5E-1,5.95E-1));
#2074=LINE('',#2073,#2072);
#2075=CARTESIAN_POINT('',(-1.47E0,2.5E-1,8.5E-1));
#2076=DIRECTION('',(0.E0,-1.E0,0.E0));
#2077=DIRECTION('',(0.E0,0.E0,1.E0));
#2078=AXIS2_PLACEMENT_3D('',#2075,#2076,#2077);
#2080=DIRECTION('',(0.E0,0.E0,1.E0));
#2081=VECTOR('',#2080,9.E-2);
#2082=CARTESIAN_POINT('',(-1.205E0,2.5E-1,8.8E-1));
#2083=LINE('',#2082,#2081);
#2084=DIRECTION('',(-1.E0,0.E0,0.E0));
#2085=VECTOR('',#2084,9.E-2);
#2086=CARTESIAN_POINT('',(-1.5E0,2.5E-1,5.95E-1));
#2087=LINE('',#2086,#2085);
#2088=DIRECTION('',(0.E0,-1.E0,-2.220446049250E-14));
#2089=VECTOR('',#2088,1.5E-1);
#2090=CARTESIAN_POINT('',(-1.59E0,2.5E-1,5.95E-1));
#2091=LINE('',#2090,#2089);
#2092=DIRECTION('',(0.E0,0.E0,-1.E0));
#2093=VECTOR('',#2092,2.25E-1);
#2094=CARTESIAN_POINT('',(-1.59E0,1.E-1,5.95E-1));
#2095=LINE('',#2094,#2093);
#2096=DIRECTION('',(0.E0,1.E0,1.910061117635E-14));
#2097=VECTOR('',#2096,1.86E-1);
#2098=CARTESIAN_POINT('',(-1.59E0,1.E-1,3.7E-1));
#2099=LINE('',#2098,#2097);
#2100=DIRECTION('',(0.E0,0.E0,1.E0));
#2101=VECTOR('',#2100,2.E-2);
#2102=CARTESIAN_POINT('',(-1.59E0,2.86E-1,3.5E-1));
#2103=LINE('',#2102,#2101);
#2104=DIRECTION('',(0.E0,0.E0,1.E0));
#2105=VECTOR('',#2104,2.E-2);
#2106=CARTESIAN_POINT('',(-1.59E0,2.86E-1,-3.7E-1));
#2107=LINE('',#2106,#2105);
#2108=DIRECTION('',(0.E0,-1.E0,0.E0));
#2109=VECTOR('',#2108,1.86E-1);
#2110=CARTESIAN_POINT('',(-1.59E0,2.86E-1,-3.7E-1));
#2111=LINE('',#2110,#2109);
#2112=DIRECTION('',(0.E0,0.E0,1.E0));
#2113=VECTOR('',#2112,2.25E-1);
#2114=CARTESIAN_POINT('',(-1.59E0,1.E-1,-5.95E-1));
#2115=LINE('',#2114,#2113);
#2116=DIRECTION('',(0.E0,1.E0,0.E0));
#2117=VECTOR('',#2116,1.5E-1);
#2118=CARTESIAN_POINT('',(-1.59E0,1.E-1,-5.95E-1));
#2119=LINE('',#2118,#2117);
#2120=DIRECTION('',(0.E0,0.E0,-1.E0));
#2121=VECTOR('',#2120,2.55E-1);
#2122=CARTESIAN_POINT('',(-1.59E0,2.5E-1,-5.95E-1));
#2123=LINE('',#2122,#2121);
#2124=DIRECTION('',(0.E0,1.E0,0.E0));
#2125=VECTOR('',#2124,1.9E-1);
#2126=CARTESIAN_POINT('',(-1.59E0,2.5E-1,-8.5E-1));
#2127=LINE('',#2126,#2125);
#2128=DIRECTION('',(0.E0,0.E0,1.E0));
#2129=VECTOR('',#2128,1.E-1);
#2130=CARTESIAN_POINT('',(-1.59E0,4.4E-1,-8.5E-1));
#2131=LINE('',#2130,#2129);
#2132=DIRECTION('',(0.E0,0.E0,-1.E0));
#2133=VECTOR('',#2132,1.5E0);
#2134=CARTESIAN_POINT('',(-1.59E0,4.4E-1,7.5E-1));
#2135=LINE('',#2134,#2133);
#2136=DIRECTION('',(0.E0,0.E0,1.E0));
#2137=VECTOR('',#2136,1.E-1);
#2138=CARTESIAN_POINT('',(-1.59E0,4.4E-1,7.5E-1));
#2139=LINE('',#2138,#2137);
#2140=DIRECTION('',(0.E0,-1.E0,0.E0));
#2141=VECTOR('',#2140,1.9E-1);
#2142=CARTESIAN_POINT('',(-1.59E0,4.4E-1,8.5E-1));
#2143=LINE('',#2142,#2141);
#2144=DIRECTION('',(0.E0,0.E0,-1.E0));
#2145=VECTOR('',#2144,2.55E-1);
#2146=CARTESIAN_POINT('',(-1.59E0,2.5E-1,8.5E-1));
#2147=LINE('',#2146,#2145);
#2148=DIRECTION('',(0.E0,0.E0,-1.E0));
#2149=VECTOR('',#2148,2.25E-1);
#2150=CARTESIAN_POINT('',(-1.63E0,6.E-2,5.95E-1));
#2151=LINE('',#2150,#2149);
#2152=DIRECTION('',(0.E0,0.E0,-1.E0));
#2153=VECTOR('',#2152,2.25E-1);
#2154=CARTESIAN_POINT('',(-1.73E0,6.E-2,5.95E-1));
#2155=LINE('',#2154,#2153);
#2156=DIRECTION('',(0.E0,0.E0,-1.E0));
#2157=VECTOR('',#2156,2.25E-1);
#2158=CARTESIAN_POINT('',(-1.73E0,0.E0,5.95E-1));
#2159=LINE('',#2158,#2157);
#2160=DIRECTION('',(0.E0,0.E0,-1.E0));
#2161=VECTOR('',#2160,2.25E-1);
#2162=CARTESIAN_POINT('',(-1.69E0,0.E0,5.95E-1));
#2163=LINE('',#2162,#2161);
#2164=DIRECTION('',(0.E0,0.E0,-1.E0));
#2165=VECTOR('',#2164,2.25E-1);
#2166=CARTESIAN_POINT('',(-1.67E0,-2.E-2,5.95E-1));
#2167=LINE('',#2166,#2165);
#2168=DIRECTION('',(0.E0,0.E0,-1.E0));
#2169=VECTOR('',#2168,2.25E-1);
#2170=CARTESIAN_POINT('',(-1.63E0,-2.E-2,5.95E-1));
#2171=LINE('',#2170,#2169);
#2172=DIRECTION('',(0.E0,0.E0,-1.E0));
#2173=VECTOR('',#2172,2.25E-1);
#2174=CARTESIAN_POINT('',(-1.51E0,1.E-1,5.95E-1));
#2175=LINE('',#2174,#2173);
#2176=DIRECTION('',(0.E0,0.E0,1.E0));
#2177=VECTOR('',#2176,2.25E-1);
#2178=CARTESIAN_POINT('',(-1.51E0,1.5E-1,3.7E-1));
#2179=LINE('',#2178,#2177);
#2180=DIRECTION('',(-1.E0,0.E0,-1.776356839400E-13));
#2181=VECTOR('',#2180,1.E-2);
#2182=CARTESIAN_POINT('',(-1.5E0,1.5E-1,3.7E-1));
#2183=LINE('',#2182,#2181);
#2184=DIRECTION('',(-1.E0,0.E0,0.E0));
#2185=VECTOR('',#2184,9.E-2);
#2186=CARTESIAN_POINT('',(-1.5E0,2.86E-1,-3.7E-1));
#2187=LINE('',#2186,#2185);
#2188=DIRECTION('',(0.E0,-1.E0,0.E0));
#2189=VECTOR('',#2188,1.14E-1);
#2190=CARTESIAN_POINT('',(-1.59E0,4.E-1,-3.5E-1));
#2191=LINE('',#2190,#2189);
#2192=DIRECTION('',(1.E0,0.E0,0.E0));
#2193=VECTOR('',#2192,1.6E-1);
#2194=CARTESIAN_POINT('',(-1.75E0,4.E-1,-3.5E-1));
#2195=LINE('',#2194,#2193);
#2196=DIRECTION('',(0.E0,1.E0,0.E0));
#2197=VECTOR('',#2196,2.6E-1);
#2198=CARTESIAN_POINT('',(-1.5E0,0.E0,-3.5E-1));
#2199=LINE('',#2198,#2197);
#2200=DIRECTION('',(-1.E0,0.E0,0.E0));
#2201=VECTOR('',#2200,5.E-2);
#2202=CARTESIAN_POINT('',(-1.5E0,2.6E-1,-3.5E-1));
#2203=LINE('',#2202,#2201);
#2204=DIRECTION('',(0.E0,-1.E0,0.E0));
#2205=VECTOR('',#2204,2.6E-2);
#2206=CARTESIAN_POINT('',(-1.55E0,2.86E-1,-3.5E-1));
#2207=LINE('',#2206,#2205);
#2208=DIRECTION('',(-1.E0,0.E0,0.E0));
#2209=VECTOR('',#2208,4.E-2);
#2210=CARTESIAN_POINT('',(-1.55E0,2.86E-1,-3.5E-1));
#2211=LINE('',#2210,#2209);
#2212=DIRECTION('',(0.E0,0.E0,1.E0));
#2213=VECTOR('',#2212,7.E-1);
#2214=CARTESIAN_POINT('',(-1.59E0,4.E-1,-3.5E-1));
#2215=LINE('',#2214,#2213);
#2216=DIRECTION('',(0.E0,-1.E0,0.E0));
#2217=VECTOR('',#2216,1.14E-1);
#2218=CARTESIAN_POINT('',(-1.59E0,4.E-1,3.5E-1));
#2219=LINE('',#2218,#2217);
#2220=DIRECTION('',(-1.E0,0.E0,0.E0));
#2221=VECTOR('',#2220,4.E-2);
#2222=CARTESIAN_POINT('',(-1.55E0,2.86E-1,3.5E-1));
#2223=LINE('',#2222,#2221);
#2224=DIRECTION('',(0.E0,-1.E0,0.E0));
#2225=VECTOR('',#2224,2.6E-2);
#2226=CARTESIAN_POINT('',(-1.55E0,2.86E-1,3.5E-1));
#2227=LINE('',#2226,#2225);
#2228=DIRECTION('',(-1.E0,0.E0,0.E0));
#2229=VECTOR('',#2228,5.E-2);
#2230=CARTESIAN_POINT('',(-1.5E0,2.6E-1,3.5E-1));
#2231=LINE('',#2230,#2229);
#2232=DIRECTION('',(0.E0,1.E0,0.E0));
#2233=VECTOR('',#2232,4.E-1);
#2234=CARTESIAN_POINT('',(-1.75E0,0.E0,3.5E-1));
#2235=LINE('',#2234,#2233);
#2236=DIRECTION('',(1.E0,0.E0,0.E0));
#2237=VECTOR('',#2236,1.6E-1);
#2238=CARTESIAN_POINT('',(-1.75E0,4.E-1,3.5E-1));
#2239=LINE('',#2238,#2237);
#2240=DIRECTION('',(0.E0,0.E0,1.E0));
#2241=VECTOR('',#2240,7.E-1);
#2242=CARTESIAN_POINT('',(-1.55E0,2.86E-1,-3.5E-1));
#2243=LINE('',#2242,#2241);
#2244=DIRECTION('',(0.E0,0.E0,-1.E0));
#2245=VECTOR('',#2244,7.E-1);
#2246=CARTESIAN_POINT('',(-1.55E0,2.6E-1,3.5E-1));
#2247=LINE('',#2246,#2245);
#2248=DIRECTION('',(0.E0,0.E0,1.E0));
#2249=VECTOR('',#2248,7.E-1);
#2250=CARTESIAN_POINT('',(-1.75E0,4.E-1,-3.5E-1));
#2251=LINE('',#2250,#2249);
#2252=DIRECTION('',(0.E0,1.E0,0.E0));
#2253=VECTOR('',#2252,4.E-1);
#2254=CARTESIAN_POINT('',(-1.75E0,0.E0,-3.5E-1));
#2255=LINE('',#2254,#2253);
#2256=DIRECTION('',(0.E0,0.E0,1.E0));
#2257=VECTOR('',#2256,2.25E-1);
#2258=CARTESIAN_POINT('',(-1.63E0,6.E-2,-5.95E-1));
#2259=LINE('',#2258,#2257);
#2260=DIRECTION('',(0.E0,0.E0,1.E0));
#2261=VECTOR('',#2260,2.25E-1);
#2262=CARTESIAN_POINT('',(-1.73E0,6.E-2,-5.95E-1));
#2263=LINE('',#2262,#2261);
#2264=DIRECTION('',(0.E0,0.E0,1.E0));
#2265=VECTOR('',#2264,2.25E-1);
#2266=CARTESIAN_POINT('',(-1.73E0,0.E0,-5.95E-1));
#2267=LINE('',#2266,#2265);
#2268=DIRECTION('',(0.E0,0.E0,1.E0));
#2269=VECTOR('',#2268,2.25E-1);
#2270=CARTESIAN_POINT('',(-1.69E0,0.E0,-5.95E-1));
#2271=LINE('',#2270,#2269);
#2272=DIRECTION('',(0.E0,0.E0,1.E0));
#2273=VECTOR('',#2272,2.25E-1);
#2274=CARTESIAN_POINT('',(-1.67E0,-2.E-2,-5.95E-1));
#2275=LINE('',#2274,#2273);
#2276=DIRECTION('',(0.E0,0.E0,1.E0));
#2277=VECTOR('',#2276,2.25E-1);
#2278=CARTESIAN_POINT('',(-1.63E0,-2.E-2,-5.95E-1));
#2279=LINE('',#2278,#2277);
#2280=DIRECTION('',(0.E0,0.E0,1.E0));
#2281=VECTOR('',#2280,2.25E-1);
#2282=CARTESIAN_POINT('',(-1.51E0,1.E-1,-5.95E-1));
#2283=LINE('',#2282,#2281);
#2284=DIRECTION('',(0.E0,0.E0,1.E0));
#2285=VECTOR('',#2284,2.25E-1);
#2286=CARTESIAN_POINT('',(-1.51E0,1.5E-1,-5.95E-1));
#2287=LINE('',#2286,#2285);
#2288=DIRECTION('',(-1.E0,0.E0,0.E0));
#2289=VECTOR('',#2288,1.E-2);
#2290=CARTESIAN_POINT('',(-1.5E0,1.5E-1,-5.95E-1));
#2291=LINE('',#2290,#2289);
#2292=CARTESIAN_POINT('',(-1.47E0,2.5E-1,-8.5E-1));
#2293=DIRECTION('',(0.E0,-1.E0,0.E0));
#2294=DIRECTION('',(-1.E0,0.E0,0.E0));
#2295=AXIS2_PLACEMENT_3D('',#2292,#2293,#2294);
#2297=DIRECTION('',(0.E0,0.E0,-1.E0));
#2298=VECTOR('',#2297,9.E-2);
#2299=CARTESIAN_POINT('',(-1.205E0,2.5E-1,-8.8E-1));
#2300=LINE('',#2299,#2298);
#2301=DIRECTION('',(0.E0,-1.E0,0.E0));
#2302=VECTOR('',#2301,2.8E-1);
#2303=CARTESIAN_POINT('',(-6.3E-1,3.4E-1,-8.8E-1));
#2304=LINE('',#2303,#2302);
#2305=DIRECTION('',(-1.E0,0.E0,0.E0));
#2306=VECTOR('',#2305,3.85E-1);
#2307=CARTESIAN_POINT('',(-6.3E-1,6.E-2,-8.8E-1));
#2308=LINE('',#2307,#2306);
#2309=DIRECTION('',(-7.071067811865E-1,7.071067811865E-1,0.E0));
#2310=VECTOR('',#2309,2.687005768509E-1);
#2311=CARTESIAN_POINT('',(-1.015E0,6.E-2,-8.8E-1));
#2312=LINE('',#2311,#2310);
#2313=DIRECTION('',(1.E0,0.E0,0.E0));
#2314=VECTOR('',#2313,2.95E-1);
#2315=CARTESIAN_POINT('',(-1.5E0,2.5E-1,-8.8E-1));
#2316=LINE('',#2315,#2314);
#2317=DIRECTION('',(1.E0,0.E0,0.E0));
#2318=VECTOR('',#2317,7.1E-1);
#2319=CARTESIAN_POINT('',(-1.235E0,0.E0,-8.8E-1));
#2320=LINE('',#2319,#2318);
#2321=DIRECTION('',(0.E0,1.E0,0.E0));
#2322=VECTOR('',#2321,1.E-1);
#2323=CARTESIAN_POINT('',(-5.25E-1,0.E0,-8.8E-1));
#2324=LINE('',#2323,#2322);
#2325=DIRECTION('',(0.E0,1.E0,0.E0));
#2326=VECTOR('',#2325,2.4E-1);
#2327=CARTESIAN_POINT('',(-5.9E-1,1.E-1,-8.8E-1));
#2328=LINE('',#2327,#2326);
#2329=DIRECTION('',(-1.E0,0.E0,0.E0));
#2330=VECTOR('',#2329,4.E-2);
#2331=CARTESIAN_POINT('',(-5.9E-1,3.4E-1,-8.8E-1));
#2332=LINE('',#2331,#2330);
#2333=DIRECTION('',(-1.E0,0.E0,0.E0));
#2334=VECTOR('',#2333,1.505851374348E-1);
#2335=CARTESIAN_POINT('',(-8.45E-1,4.4E-1,-8.8E-1));
#2336=LINE('',#2335,#2334);
#2337=DIRECTION('',(-1.E0,0.E0,0.E0));
#2338=VECTOR('',#2337,8.571428571428E-2);
#2339=CARTESIAN_POINT('',(-9.955851374348E-1,4.4E-1,-8.8E-1));
#2340=LINE('',#2339,#2338);
#2341=DIRECTION('',(0.E0,-1.E0,0.E0));
#2342=VECTOR('',#2341,4.5E-2);
#2343=CARTESIAN_POINT('',(-1.081299423149E0,4.4E-1,-8.8E-1));
#2344=LINE('',#2343,#2342);
#2345=DIRECTION('',(7.071067811865E-1,-7.071067811865E-1,0.E0));
#2346=VECTOR('',#2345,2.192031021678E-1);
#2347=CARTESIAN_POINT('',(-1.081299423149E0,3.95E-1,-8.8E-1));
#2348=LINE('',#2347,#2346);
#2349=DIRECTION('',(1.E0,0.E0,0.E0));
#2350=VECTOR('',#2349,1.212994231491E-1);
#2351=CARTESIAN_POINT('',(-9.262994231491E-1,2.4E-1,-8.8E-1));
#2352=LINE('',#2351,#2350);
#2353=DIRECTION('',(0.E0,-1.E0,0.E0));
#2354=VECTOR('',#2353,1.E-1);
#2355=CARTESIAN_POINT('',(-8.05E-1,3.4E-1,-8.8E-1));
#2356=LINE('',#2355,#2354);
#2357=DIRECTION('',(-1.E0,0.E0,-1.387778780781E-14));
#2358=VECTOR('',#2357,4.E-2);
#2359=CARTESIAN_POINT('',(-8.05E-1,3.4E-1,-8.8E-1));
#2360=LINE('',#2359,#2358);
#2361=DIRECTION('',(0.E0,-1.E0,0.E0));
#2362=VECTOR('',#2361,1.E-1);
#2363=CARTESIAN_POINT('',(-8.45E-1,4.4E-1,-8.8E-1));
#2364=LINE('',#2363,#2362);
#2365=DIRECTION('',(0.E0,0.E0,-1.E0));
#2366=VECTOR('',#2365,9.E-2);
#2367=CARTESIAN_POINT('',(-6.3E-1,6.E-2,-8.8E-1));
#2368=LINE('',#2367,#2366);
#2369=DIRECTION('',(0.E0,0.E0,-1.E0));
#2370=VECTOR('',#2369,9.E-2);
#2371=CARTESIAN_POINT('',(-1.015E0,6.E-2,-8.8E-1));
#2372=LINE('',#2371,#2370);
#2373=DIRECTION('',(0.E0,0.E0,-1.E0));
#2374=VECTOR('',#2373,1.2E-1);
#2375=CARTESIAN_POINT('',(-1.235E0,2.2E-1,-8.8E-1));
#2376=LINE('',#2375,#2374);
#2377=DIRECTION('',(0.E0,1.E0,0.E0));
#2378=VECTOR('',#2377,2.2E-1);
#2379=CARTESIAN_POINT('',(-1.235E0,0.E0,-8.8E-1));
#2380=LINE('',#2379,#2378);
#2381=DIRECTION('',(-1.E0,0.E0,0.E0));
#2382=VECTOR('',#2381,3.15E-1);
#2383=CARTESIAN_POINT('',(-1.235E0,2.2E-1,-1.E0));
#2384=LINE('',#2383,#2382);
#2385=DIRECTION('',(0.E0,1.E0,0.E0));
#2386=VECTOR('',#2385,2.2E-1);
#2387=CARTESIAN_POINT('',(-1.235E0,0.E0,-1.E0));
#2388=LINE('',#2387,#2386);
#2389=CARTESIAN_POINT('',(-1.55E0,2.2E-1,-8.E-1));
#2390=DIRECTION('',(0.E0,1.E0,0.E0));
#2391=DIRECTION('',(0.E0,0.E0,-1.E0));
#2392=AXIS2_PLACEMENT_3D('',#2389,#2390,#2391);
#2394=DIRECTION('',(0.E0,1.E0,0.E0));
#2395=VECTOR('',#2394,2.2E-1);
#2396=CARTESIAN_POINT('',(-1.55E0,0.E0,-1.E0));
#2397=LINE('',#2396,#2395);
#2398=DIRECTION('',(0.E0,1.E0,0.E0));
#2399=VECTOR('',#2398,1.E-1);
#2400=CARTESIAN_POINT('',(-5.25E-1,0.E0,-7.55E-1));
#2401=LINE('',#2400,#2399);
#2402=DIRECTION('',(0.E0,1.E0,0.E0));
#2403=VECTOR('',#2402,1.E-1);
#2404=CARTESIAN_POINT('',(5.25E-1,0.E0,-7.55E-1));
#2405=LINE('',#2404,#2403);
#2406=DIRECTION('',(0.E0,1.E0,0.E0));
#2407=VECTOR('',#2406,1.E-1);
#2408=CARTESIAN_POINT('',(5.25E-1,0.E0,-8.8E-1));
#2409=LINE('',#2408,#2407);
#2410=DIRECTION('',(-1.E0,0.E0,0.E0));
#2411=VECTOR('',#2410,6.5E-2);
#2412=CARTESIAN_POINT('',(-5.25E-1,1.E-1,-8.8E-1));
#2413=LINE('',#2412,#2411);
#2414=DIRECTION('',(0.E0,0.E0,-1.E0));
#2415=VECTOR('',#2414,1.25E-1);
#2416=CARTESIAN_POINT('',(-5.25E-1,1.E-1,-7.55E-1));
#2417=LINE('',#2416,#2415);
#2418=DIRECTION('',(-1.E0,0.E0,0.E0));
#2419=VECTOR('',#2418,1.05E0);
#2420=CARTESIAN_POINT('',(5.25E-1,1.E-1,-7.55E-1));
#2421=LINE('',#2420,#2419);
#2422=DIRECTION('',(0.E0,0.E0,1.E0));
#2423=VECTOR('',#2422,1.25E-1);
#2424=CARTESIAN_POINT('',(5.25E-1,1.E-1,-8.8E-1));
#2425=LINE('',#2424,#2423);
#2426=DIRECTION('',(-1.E0,0.E0,0.E0));
#2427=VECTOR('',#2426,6.5E-2);
#2428=CARTESIAN_POINT('',(5.9E-1,1.E-1,-8.8E-1));
#2429=LINE('',#2428,#2427);
#2430=DIRECTION('',(1.E0,0.E0,0.E0));
#2431=VECTOR('',#2430,6.5E-2);
#2432=CARTESIAN_POINT('',(5.25E-1,1.E-1,8.8E-1));
#2433=LINE('',#2432,#2431);
#2434=DIRECTION('',(0.E0,0.E0,1.E0));
#2435=VECTOR('',#2434,1.25E-1);
#2436=CARTESIAN_POINT('',(5.25E-1,1.E-1,7.55E-1));
#2437=LINE('',#2436,#2435);
#2438=DIRECTION('',(1.E0,0.E0,0.E0));
#2439=VECTOR('',#2438,1.05E0);
#2440=CARTESIAN_POINT('',(-5.25E-1,1.E-1,7.55E-1));
#2441=LINE('',#2440,#2439);
#2442=DIRECTION('',(0.E0,0.E0,-1.E0));
#2443=VECTOR('',#2442,1.25E-1);
#2444=CARTESIAN_POINT('',(-5.25E-1,1.E-1,8.8E-1));
#2445=LINE('',#2444,#2443);
#2446=DIRECTION('',(1.E0,0.E0,0.E0));
#2447=VECTOR('',#2446,6.5E-2);
#2448=CARTESIAN_POINT('',(-5.9E-1,1.E-1,8.8E-1));
#2449=LINE('',#2448,#2447);
#2450=DIRECTION('',(1.E0,0.E0,0.E0));
#2451=VECTOR('',#2450,1.E-1);
#2452=CARTESIAN_POINT('',(-4.E-1,1.E-1,7.8E-1));
#2453=LINE('',#2452,#2451);
#2454=DIRECTION('',(0.E0,0.E0,-1.E0));
#2455=VECTOR('',#2454,8.E-2);
#2456=CARTESIAN_POINT('',(-3.E-1,1.E-1,8.6E-1));
#2457=LINE('',#2456,#2455);
#2458=DIRECTION('',(1.E0,0.E0,0.E0));
#2459=VECTOR('',#2458,1.E-1);
#2460=CARTESIAN_POINT('',(-4.E-1,1.E-1,8.6E-1));
#2461=LINE('',#2460,#2459);
#2462=DIRECTION('',(0.E0,0.E0,1.E0));
#2463=VECTOR('',#2462,8.E-2);
#2464=CARTESIAN_POINT('',(-4.E-1,1.E-1,7.8E-1));
#2465=LINE('',#2464,#2463);
#2466=DIRECTION('',(1.E0,0.E0,0.E0));
#2467=VECTOR('',#2466,1.E-1);
#2468=CARTESIAN_POINT('',(-4.E-1,1.E-1,-8.6E-1));
#2469=LINE('',#2468,#2467);
#2470=DIRECTION('',(0.E0,0.E0,-1.E0));
#2471=VECTOR('',#2470,8.E-2);
#2472=CARTESIAN_POINT('',(-3.E-1,1.E-1,-7.8E-1));
#2473=LINE('',#2472,#2471);
#2474=DIRECTION('',(1.E0,0.E0,0.E0));
#2475=VECTOR('',#2474,1.E-1);
#2476=CARTESIAN_POINT('',(-4.E-1,1.E-1,-7.8E-1));
#2477=LINE('',#2476,#2475);
#2478=DIRECTION('',(0.E0,0.E0,1.E0));
#2479=VECTOR('',#2478,8.E-2);
#2480=CARTESIAN_POINT('',(-4.E-1,1.E-1,-8.6E-1));
#2481=LINE('',#2480,#2479);
#2482=DIRECTION('',(1.E0,0.E0,0.E0));
#2483=VECTOR('',#2482,1.E-1);
#2484=CARTESIAN_POINT('',(-5.E-2,1.E-1,7.8E-1));
#2485=LINE('',#2484,#2483);
#2486=DIRECTION('',(0.E0,0.E0,-1.E0));
#2487=VECTOR('',#2486,8.E-2);
#2488=CARTESIAN_POINT('',(5.E-2,1.E-1,8.6E-1));
#2489=LINE('',#2488,#2487);
#2490=DIRECTION('',(1.E0,0.E0,0.E0));
#2491=VECTOR('',#2490,1.E-1);
#2492=CARTESIAN_POINT('',(-5.E-2,1.E-1,8.6E-1));
#2493=LINE('',#2492,#2491);
#2494=DIRECTION('',(0.E0,0.E0,1.E0));
#2495=VECTOR('',#2494,8.E-2);
#2496=CARTESIAN_POINT('',(-5.E-2,1.E-1,7.8E-1));
#2497=LINE('',#2496,#2495);
#2498=DIRECTION('',(1.E0,0.E0,0.E0));
#2499=VECTOR('',#2498,1.E-1);
#2500=CARTESIAN_POINT('',(-5.E-2,1.E-1,-8.6E-1));
#2501=LINE('',#2500,#2499);
#2502=DIRECTION('',(0.E0,0.E0,-1.E0));
#2503=VECTOR('',#2502,8.E-2);
#2504=CARTESIAN_POINT('',(5.E-2,1.E-1,-7.8E-1));
#2505=LINE('',#2504,#2503);
#2506=DIRECTION('',(1.E0,0.E0,0.E0));
#2507=VECTOR('',#2506,1.E-1);
#2508=CARTESIAN_POINT('',(-5.E-2,1.E-1,-7.8E-1));
#2509=LINE('',#2508,#2507);
#2510=DIRECTION('',(0.E0,0.E0,1.E0));
#2511=VECTOR('',#2510,8.E-2);
#2512=CARTESIAN_POINT('',(-5.E-2,1.E-1,-8.6E-1));
#2513=LINE('',#2512,#2511);
#2514=DIRECTION('',(1.E0,0.E0,0.E0));
#2515=VECTOR('',#2514,1.E-1);
#2516=CARTESIAN_POINT('',(3.E-1,1.E-1,7.8E-1));
#2517=LINE('',#2516,#2515);
#2518=DIRECTION('',(0.E0,0.E0,-1.E0));
#2519=VECTOR('',#2518,8.E-2);
#2520=CARTESIAN_POINT('',(4.E-1,1.E-1,8.6E-1));
#2521=LINE('',#2520,#2519);
#2522=DIRECTION('',(1.E0,0.E0,0.E0));
#2523=VECTOR('',#2522,1.E-1);
#2524=CARTESIAN_POINT('',(3.E-1,1.E-1,8.6E-1));
#2525=LINE('',#2524,#2523);
#2526=DIRECTION('',(0.E0,0.E0,1.E0));
#2527=VECTOR('',#2526,8.E-2);
#2528=CARTESIAN_POINT('',(3.E-1,1.E-1,7.8E-1));
#2529=LINE('',#2528,#2527);
#2530=DIRECTION('',(1.E0,0.E0,0.E0));
#2531=VECTOR('',#2530,1.E-1);
#2532=CARTESIAN_POINT('',(3.E-1,1.E-1,-8.6E-1));
#2533=LINE('',#2532,#2531);
#2534=DIRECTION('',(0.E0,0.E0,-1.E0));
#2535=VECTOR('',#2534,8.E-2);
#2536=CARTESIAN_POINT('',(4.E-1,1.E-1,-7.8E-1));
#2537=LINE('',#2536,#2535);
#2538=DIRECTION('',(1.E0,0.E0,0.E0));
#2539=VECTOR('',#2538,1.E-1);
#2540=CARTESIAN_POINT('',(3.E-1,1.E-1,-7.8E-1));
#2541=LINE('',#2540,#2539);
#2542=DIRECTION('',(0.E0,0.E0,1.E0));
#2543=VECTOR('',#2542,8.E-2);
#2544=CARTESIAN_POINT('',(3.E-1,1.E-1,-8.6E-1));
#2545=LINE('',#2544,#2543);
#2546=DIRECTION('',(0.E0,0.E0,1.E0));
#2547=VECTOR('',#2546,1.2E-1);
#2548=CARTESIAN_POINT('',(-5.9E-1,1.E-1,-1.E0));
#2549=LINE('',#2548,#2547);
#2550=DIRECTION('',(0.E0,1.E0,0.E0));
#2551=VECTOR('',#2550,3.6E-1);
#2552=CARTESIAN_POINT('',(-5.9E-1,1.E-1,-1.E0));
#2553=LINE('',#2552,#2551);
#2554=DIRECTION('',(0.E0,0.E0,1.E0));
#2555=VECTOR('',#2554,3.6E-1);
#2556=CARTESIAN_POINT('',(-5.9E-1,4.6E-1,-1.E0));
#2557=LINE('',#2556,#2555);
#2558=DIRECTION('',(0.E0,-1.E0,0.E0));
#2559=VECTOR('',#2558,3.6E-1);
#2560=CARTESIAN_POINT('',(-5.9E-1,4.6E-1,-6.4E-1));
#2561=LINE('',#2560,#2559);
#2562=DIRECTION('',(0.E0,0.E0,-1.E0));
#2563=VECTOR('',#2562,1.7E-1);
#2564=CARTESIAN_POINT('',(-5.9E-1,3.4E-1,-7.1E-1));
#2565=LINE('',#2564,#2563);
#2566=DIRECTION('',(0.E0,0.E0,1.E0));
#2567=VECTOR('',#2566,1.2E-1);
#2568=CARTESIAN_POINT('',(-5.9E-1,1.E-1,8.8E-1));
#2569=LINE('',#2568,#2567);
#2570=DIRECTION('',(0.E0,1.E0,0.E0));
#2571=VECTOR('',#2570,2.4E-1);
#2572=CARTESIAN_POINT('',(-5.9E-1,1.E-1,8.8E-1));
#2573=LINE('',#2572,#2571);
#2574=DIRECTION('',(0.E0,0.E0,-1.E0));
#2575=VECTOR('',#2574,1.7E-1);
#2576=CARTESIAN_POINT('',(-5.9E-1,3.4E-1,8.8E-1));
#2577=LINE('',#2576,#2575);
#2578=DIRECTION('',(0.E0,-1.E0,0.E0));
#2579=VECTOR('',#2578,2.4E-1);
#2580=CARTESIAN_POINT('',(-5.9E-1,3.4E-1,7.1E-1));
#2581=LINE('',#2580,#2579);
#2582=DIRECTION('',(0.E0,1.E0,0.E0));
#2583=VECTOR('',#2582,3.6E-1);
#2584=CARTESIAN_POINT('',(-5.9E-1,1.E-1,6.4E-1));
#2585=LINE('',#2584,#2583);
#2586=DIRECTION('',(0.E0,0.E0,1.E0));
#2587=VECTOR('',#2586,3.6E-1);
#2588=CARTESIAN_POINT('',(-5.9E-1,4.6E-1,6.4E-1));
#2589=LINE('',#2588,#2587);
#2590=DIRECTION('',(-1.E0,0.E0,0.E0));
#2591=VECTOR('',#2590,1.18E0);
#2592=CARTESIAN_POINT('',(5.9E-1,1.E-1,-1.E0));
#2593=LINE('',#2592,#2591);
#2594=DIRECTION('',(0.E0,1.E0,0.E0));
#2595=VECTOR('',#2594,3.6E-1);
#2596=CARTESIAN_POINT('',(5.9E-1,1.E-1,-1.E0));
#2597=LINE('',#2596,#2595);
#2598=DIRECTION('',(0.E0,0.E0,-1.E0));
#2599=VECTOR('',#2598,1.2E-1);
#2600=CARTESIAN_POINT('',(5.9E-1,1.E-1,1.E0));
#2601=LINE('',#2600,#2599);
#2602=DIRECTION('',(0.E0,1.E0,0.E0));
#2603=VECTOR('',#2602,3.6E-1);
#2604=CARTESIAN_POINT('',(5.9E-1,1.E-1,1.E0));
#2605=LINE('',#2604,#2603);
#2606=DIRECTION('',(0.E0,0.E0,-1.E0));
#2607=VECTOR('',#2606,3.6E-1);
#2608=CARTESIAN_POINT('',(5.9E-1,4.6E-1,1.E0));
#2609=LINE('',#2608,#2607);
#2610=DIRECTION('',(0.E0,-1.E0,0.E0));
#2611=VECTOR('',#2610,3.6E-1);
#2612=CARTESIAN_POINT('',(5.9E-1,4.6E-1,6.4E-1));
#2613=LINE('',#2612,#2611);
#2614=DIRECTION('',(0.E0,0.E0,-1.E0));
#2615=VECTOR('',#2614,1.2E-1);
#2616=CARTESIAN_POINT('',(5.9E-1,1.E-1,-8.8E-1));
#2617=LINE('',#2616,#2615);
#2618=DIRECTION('',(0.E0,1.E0,0.E0));
#2619=VECTOR('',#2618,2.4E-1);
#2620=CARTESIAN_POINT('',(5.9E-1,1.E-1,-8.8E-1));
#2621=LINE('',#2620,#2619);
#2622=DIRECTION('',(0.E0,-1.E0,0.E0));
#2623=VECTOR('',#2622,2.4E-1);
#2624=CARTESIAN_POINT('',(5.9E-1,3.4E-1,-7.1E-1));
#2625=LINE('',#2624,#2623);
#2626=DIRECTION('',(0.E0,1.E0,0.E0));
#2627=VECTOR('',#2626,3.6E-1);
#2628=CARTESIAN_POINT('',(5.9E-1,1.E-1,-6.4E-1));
#2629=LINE('',#2628,#2627);
#2630=DIRECTION('',(0.E0,0.E0,-1.E0));
#2631=VECTOR('',#2630,3.6E-1);
#2632=CARTESIAN_POINT('',(5.9E-1,4.6E-1,-6.4E-1));
#2633=LINE('',#2632,#2631);
#2634=DIRECTION('',(1.E0,0.E0,0.E0));
#2635=VECTOR('',#2634,1.18E0);
#2636=CARTESIAN_POINT('',(-5.9E-1,1.E-1,1.E0));
#2637=LINE('',#2636,#2635);
#2638=DIRECTION('',(0.E0,1.E0,0.E0));
#2639=VECTOR('',#2638,3.6E-1);
#2640=CARTESIAN_POINT('',(-5.9E-1,1.E-1,1.E0));
#2641=LINE('',#2640,#2639);
#2642=DIRECTION('',(1.E0,0.E0,0.E0));
#2643=VECTOR('',#2642,1.18E0);
#2644=CARTESIAN_POINT('',(-5.9E-1,4.6E-1,6.4E-1));
#2645=LINE('',#2644,#2643);
#2646=DIRECTION('',(1.E0,0.E0,0.E0));
#2647=VECTOR('',#2646,1.18E0);
#2648=CARTESIAN_POINT('',(-5.9E-1,4.6E-1,1.E0));
#2649=LINE('',#2648,#2647);
#2650=DIRECTION('',(1.E0,0.E0,0.E0));
#2651=VECTOR('',#2650,1.18E0);
#2652=CARTESIAN_POINT('',(-5.9E-1,4.6E-1,-6.4E-1));
#2653=LINE('',#2652,#2651);
#2654=DIRECTION('',(-1.E0,0.E0,0.E0));
#2655=VECTOR('',#2654,1.18E0);
#2656=CARTESIAN_POINT('',(5.9E-1,4.6E-1,-1.E0));
#2657=LINE('',#2656,#2655);
#2658=DIRECTION('',(0.E0,1.E0,0.E0));
#2659=VECTOR('',#2658,1.949358868962E-1);
#2660=CARTESIAN_POINT('',(-4.4E-1,2.325320565519E-1,6.4E-1));
#2661=LINE('',#2660,#2659);
#2662=DIRECTION('',(1.E0,0.E0,0.E0));
#2663=VECTOR('',#2662,1.8E-1);
#2664=CARTESIAN_POINT('',(-4.4E-1,4.274679434481E-1,6.4E-1));
#2665=LINE('',#2664,#2663);
#2666=DIRECTION('',(0.E0,1.E0,0.E0));
#2667=VECTOR('',#2666,1.949358868962E-1);
#2668=CARTESIAN_POINT('',(-2.6E-1,2.325320565519E-1,6.4E-1));
#2669=LINE('',#2668,#2667);
#2670=DIRECTION('',(1.E0,0.E0,0.E0));
#2671=VECTOR('',#2670,1.8E-1);
#2672=CARTESIAN_POINT('',(-4.4E-1,2.325320565519E-1,6.4E-1));
#2673=LINE('',#2672,#2671);
#2674=DIRECTION('',(0.E0,1.E0,0.E0));
#2675=VECTOR('',#2674,1.949358868962E-1);
#2676=CARTESIAN_POINT('',(-9.E-2,2.325320565519E-1,6.4E-1));
#2677=LINE('',#2676,#2675);
#2678=DIRECTION('',(1.E0,0.E0,0.E0));
#2679=VECTOR('',#2678,1.8E-1);
#2680=CARTESIAN_POINT('',(-9.E-2,4.274679434481E-1,6.4E-1));
#2681=LINE('',#2680,#2679);
#2682=DIRECTION('',(0.E0,1.E0,0.E0));
#2683=VECTOR('',#2682,1.949358868962E-1);
#2684=CARTESIAN_POINT('',(9.E-2,2.325320565519E-1,6.4E-1));
#2685=LINE('',#2684,#2683);
#2686=DIRECTION('',(1.E0,0.E0,0.E0));
#2687=VECTOR('',#2686,1.8E-1);
#2688=CARTESIAN_POINT('',(-9.E-2,2.325320565519E-1,6.4E-1));
#2689=LINE('',#2688,#2687);
#2690=DIRECTION('',(0.E0,1.E0,0.E0));
#2691=VECTOR('',#2690,1.949358868962E-1);
#2692=CARTESIAN_POINT('',(2.6E-1,2.325320565519E-1,6.4E-1));
#2693=LINE('',#2692,#2691);
#2694=DIRECTION('',(1.E0,0.E0,0.E0));
#2695=VECTOR('',#2694,1.8E-1);
#2696=CARTESIAN_POINT('',(2.6E-1,4.274679434481E-1,6.4E-1));
#2697=LINE('',#2696,#2695);
#2698=DIRECTION('',(0.E0,1.E0,0.E0));
#2699=VECTOR('',#2698,1.949358868962E-1);
#2700=CARTESIAN_POINT('',(4.4E-1,2.325320565519E-1,6.4E-1));
#2701=LINE('',#2700,#2699);
#2702=DIRECTION('',(1.E0,0.E0,0.E0));
#2703=VECTOR('',#2702,1.8E-1);
#2704=CARTESIAN_POINT('',(2.6E-1,2.325320565519E-1,6.4E-1));
#2705=LINE('',#2704,#2703);
#2706=DIRECTION('',(1.E0,0.E0,0.E0));
#2707=VECTOR('',#2706,1.6E0);
#2708=CARTESIAN_POINT('',(-8.E-1,1.E-1,-3.4E-1));
#2709=LINE('',#2708,#2707);
#2710=DIRECTION('',(0.E0,0.E0,1.E0));
#2711=VECTOR('',#2710,6.8E-1);
#2712=CARTESIAN_POINT('',(-8.E-1,1.E-1,-3.4E-1));
#2713=LINE('',#2712,#2711);
#2714=DIRECTION('',(1.E0,0.E0,0.E0));
#2715=VECTOR('',#2714,1.6E0);
#2716=CARTESIAN_POINT('',(-8.E-1,1.E-1,3.4E-1));
#2717=LINE('',#2716,#2715);
#2718=DIRECTION('',(0.E0,0.E0,1.E0));
#2719=VECTOR('',#2718,6.8E-1);
#2720=CARTESIAN_POINT('',(8.E-1,1.E-1,-3.4E-1));
#2721=LINE('',#2720,#2719);
#2722=DIRECTION('',(0.E0,0.E0,-1.E0));
#2723=VECTOR('',#2722,4.E-1);
#2724=CARTESIAN_POINT('',(1.21E0,1.E-1,5.9E-1));
#2725=LINE('',#2724,#2723);
#2726=DIRECTION('',(-1.E0,0.E0,0.E0));
#2727=VECTOR('',#2726,8.5E-2);
#2728=CARTESIAN_POINT('',(1.295E0,1.E-1,5.9E-1));
#2729=LINE('',#2728,#2727);
#2730=DIRECTION('',(0.E0,0.E0,-1.E0));
#2731=VECTOR('',#2730,3.E-2);
#2732=CARTESIAN_POINT('',(1.295E0,1.E-1,6.2E-1));
#2733=LINE('',#2732,#2731);
#2734=DIRECTION('',(1.E0,0.E0,0.E0));
#2735=VECTOR('',#2734,4.85E-1);
#2736=CARTESIAN_POINT('',(8.1E-1,1.E-1,6.2E-1));
#2737=LINE('',#2736,#2735);
#2738=DIRECTION('',(0.E0,0.E0,-1.E0));
#2739=VECTOR('',#2738,9.E-2);
#2740=CARTESIAN_POINT('',(8.1E-1,1.E-1,7.1E-1));
#2741=LINE('',#2740,#2739);
#2742=DIRECTION('',(1.E0,0.E0,0.E0));
#2743=VECTOR('',#2742,2.2E-1);
#2744=CARTESIAN_POINT('',(5.9E-1,1.E-1,7.1E-1));
#2745=LINE('',#2744,#2743);
#2746=DIRECTION('',(0.E0,0.E0,1.E0));
#2747=VECTOR('',#2746,7.E-2);
#2748=CARTESIAN_POINT('',(5.9E-1,1.E-1,6.4E-1));
#2749=LINE('',#2748,#2747);
#2750=DIRECTION('',(1.E0,0.E0,0.E0));
#2751=VECTOR('',#2750,1.18E0);
#2752=CARTESIAN_POINT('',(-5.9E-1,1.E-1,6.4E-1));
#2753=LINE('',#2752,#2751);
#2754=DIRECTION('',(0.E0,0.E0,-1.E0));
#2755=VECTOR('',#2754,7.E-2);
#2756=CARTESIAN_POINT('',(-5.9E-1,1.E-1,7.1E-1));
#2757=LINE('',#2756,#2755);
#2758=DIRECTION('',(1.E0,0.E0,0.E0));
#2759=VECTOR('',#2758,2.2E-1);
#2760=CARTESIAN_POINT('',(-8.1E-1,1.E-1,7.1E-1));
#2761=LINE('',#2760,#2759);
#2762=DIRECTION('',(0.E0,0.E0,1.E0));
#2763=VECTOR('',#2762,9.E-2);
#2764=CARTESIAN_POINT('',(-8.1E-1,1.E-1,6.2E-1));
#2765=LINE('',#2764,#2763);
#2766=DIRECTION('',(1.E0,0.E0,0.E0));
#2767=VECTOR('',#2766,4.85E-1);
#2768=CARTESIAN_POINT('',(-1.295E0,1.E-1,6.2E-1));
#2769=LINE('',#2768,#2767);
#2770=DIRECTION('',(0.E0,0.E0,1.E0));
#2771=VECTOR('',#2770,3.E-2);
#2772=CARTESIAN_POINT('',(-1.295E0,1.E-1,5.9E-1));
#2773=LINE('',#2772,#2771);
#2774=DIRECTION('',(1.E0,0.E0,0.E0));
#2775=VECTOR('',#2774,8.5E-2);
#2776=CARTESIAN_POINT('',(-1.295E0,1.E-1,5.9E-1));
#2777=LINE('',#2776,#2775);
#2778=DIRECTION('',(0.E0,0.E0,-1.E0));
#2779=VECTOR('',#2778,4.E-1);
#2780=CARTESIAN_POINT('',(-1.21E0,1.E-1,5.9E-1));
#2781=LINE('',#2780,#2779);
#2782=DIRECTION('',(1.E0,0.E0,0.E0));
#2783=VECTOR('',#2782,2.E-2);
#2784=CARTESIAN_POINT('',(-1.21E0,1.E-1,1.9E-1));
#2785=LINE('',#2784,#2783);
#2786=DIRECTION('',(0.E0,0.E0,-1.E0));
#2787=VECTOR('',#2786,3.8E-1);
#2788=CARTESIAN_POINT('',(-1.19E0,1.E-1,1.9E-1));
#2789=LINE('',#2788,#2787);
#2790=DIRECTION('',(1.E0,0.E0,0.E0));
#2791=VECTOR('',#2790,2.E-2);
#2792=CARTESIAN_POINT('',(-1.21E0,1.E-1,-1.9E-1));
#2793=LINE('',#2792,#2791);
#2794=DIRECTION('',(0.E0,0.E0,-1.E0));
#2795=VECTOR('',#2794,4.E-1);
#2796=CARTESIAN_POINT('',(-1.21E0,1.E-1,-1.9E-1));
#2797=LINE('',#2796,#2795);
#2798=DIRECTION('',(1.E0,0.E0,0.E0));
#2799=VECTOR('',#2798,8.5E-2);
#2800=CARTESIAN_POINT('',(-1.295E0,1.E-1,-5.9E-1));
#2801=LINE('',#2800,#2799);
#2802=DIRECTION('',(0.E0,0.E0,1.E0));
#2803=VECTOR('',#2802,3.E-2);
#2804=CARTESIAN_POINT('',(-1.295E0,1.E-1,-6.2E-1));
#2805=LINE('',#2804,#2803);
#2806=DIRECTION('',(-1.E0,0.E0,0.E0));
#2807=VECTOR('',#2806,4.85E-1);
#2808=CARTESIAN_POINT('',(-8.1E-1,1.E-1,-6.2E-1));
#2809=LINE('',#2808,#2807);
#2810=DIRECTION('',(0.E0,0.E0,1.E0));
#2811=VECTOR('',#2810,9.E-2);
#2812=CARTESIAN_POINT('',(-8.1E-1,1.E-1,-7.1E-1));
#2813=LINE('',#2812,#2811);
#2814=DIRECTION('',(-1.E0,0.E0,0.E0));
#2815=VECTOR('',#2814,2.2E-1);
#2816=CARTESIAN_POINT('',(-5.9E-1,1.E-1,-7.1E-1));
#2817=LINE('',#2816,#2815);
#2818=DIRECTION('',(0.E0,0.E0,-1.E0));
#2819=VECTOR('',#2818,7.E-2);
#2820=CARTESIAN_POINT('',(-5.9E-1,1.E-1,-6.4E-1));
#2821=LINE('',#2820,#2819);
#2822=DIRECTION('',(-1.E0,0.E0,0.E0));
#2823=VECTOR('',#2822,1.18E0);
#2824=CARTESIAN_POINT('',(5.9E-1,1.E-1,-6.4E-1));
#2825=LINE('',#2824,#2823);
#2826=DIRECTION('',(0.E0,0.E0,1.E0));
#2827=VECTOR('',#2826,7.E-2);
#2828=CARTESIAN_POINT('',(5.9E-1,1.E-1,-7.1E-1));
#2829=LINE('',#2828,#2827);
#2830=DIRECTION('',(-1.E0,0.E0,0.E0));
#2831=VECTOR('',#2830,2.2E-1);
#2832=CARTESIAN_POINT('',(8.1E-1,1.E-1,-7.1E-1));
#2833=LINE('',#2832,#2831);
#2834=DIRECTION('',(0.E0,0.E0,-1.E0));
#2835=VECTOR('',#2834,9.E-2);
#2836=CARTESIAN_POINT('',(8.1E-1,1.E-1,-6.2E-1));
#2837=LINE('',#2836,#2835);
#2838=DIRECTION('',(-1.E0,0.E0,0.E0));
#2839=VECTOR('',#2838,4.85E-1);
#2840=CARTESIAN_POINT('',(1.295E0,1.E-1,-6.2E-1));
#2841=LINE('',#2840,#2839);
#2842=DIRECTION('',(0.E0,0.E0,-1.E0));
#2843=VECTOR('',#2842,3.E-2);
#2844=CARTESIAN_POINT('',(1.295E0,1.E-1,-5.9E-1));
#2845=LINE('',#2844,#2843);
#2846=DIRECTION('',(-1.E0,0.E0,0.E0));
#2847=VECTOR('',#2846,8.5E-2);
#2848=CARTESIAN_POINT('',(1.295E0,1.E-1,-5.9E-1));
#2849=LINE('',#2848,#2847);
#2850=DIRECTION('',(0.E0,0.E0,-1.E0));
#2851=VECTOR('',#2850,4.E-1);
#2852=CARTESIAN_POINT('',(1.21E0,1.E-1,-1.9E-1));
#2853=LINE('',#2852,#2851);
#2854=DIRECTION('',(-1.E0,0.E0,0.E0));
#2855=VECTOR('',#2854,2.E-2);
#2856=CARTESIAN_POINT('',(1.21E0,1.E-1,-1.9E-1));
#2857=LINE('',#2856,#2855);
#2858=DIRECTION('',(0.E0,0.E0,1.E0));
#2859=VECTOR('',#2858,3.8E-1);
#2860=CARTESIAN_POINT('',(1.19E0,1.E-1,-1.9E-1));
#2861=LINE('',#2860,#2859);
#2862=DIRECTION('',(-1.E0,0.E0,0.E0));
#2863=VECTOR('',#2862,2.E-2);
#2864=CARTESIAN_POINT('',(1.21E0,1.E-1,1.9E-1));
#2865=LINE('',#2864,#2863);
#2866=DIRECTION('',(0.E0,1.E0,0.E0));
#2867=VECTOR('',#2866,1.65E-1);
#2868=CARTESIAN_POINT('',(8.E-1,1.E-1,-3.4E-1));
#2869=LINE('',#2868,#2867);
#2870=DIRECTION('',(-7.556890827898E-1,6.549305384178E-1,0.E0));
#2871=VECTOR('',#2870,2.977414986192E-1);
#2872=CARTESIAN_POINT('',(8.E-1,2.65E-1,-3.4E-1));
#2873=LINE('',#2872,#2871);
#2874=DIRECTION('',(-1.E0,0.E0,0.E0));
#2875=VECTOR('',#2874,1.15E0);
#2876=CARTESIAN_POINT('',(5.75E-1,4.6E-1,-3.4E-1));
#2877=LINE('',#2876,#2875);
#2878=DIRECTION('',(-7.556890827898E-1,-6.549305384178E-1,0.E0));
#2879=VECTOR('',#2878,2.977414986192E-1);
#2880=CARTESIAN_POINT('',(-5.75E-1,4.6E-1,-3.4E-1));
#2881=LINE('',#2880,#2879);
#2882=DIRECTION('',(0.E0,-1.E0,0.E0));
#2883=VECTOR('',#2882,1.65E-1);
#2884=CARTESIAN_POINT('',(-8.E-1,2.65E-1,-3.4E-1));
#2885=LINE('',#2884,#2883);
#2886=DIRECTION('',(0.E0,1.E0,0.E0));
#2887=VECTOR('',#2886,1.763725636919E-1);
#2888=CARTESIAN_POINT('',(-4.4E-1,2.284802500505E-1,-3.4E-1));
#2889=LINE('',#2888,#2887);
#2890=DIRECTION('',(1.E0,0.E0,0.E0));
#2891=VECTOR('',#2890,1.8E-1);
#2892=CARTESIAN_POINT('',(-4.4E-1,4.048528137424E-1,-3.4E-1));
#2893=LINE('',#2892,#2891);
#2894=DIRECTION('',(0.E0,1.E0,0.E0));
#2895=VECTOR('',#2894,1.763725636919E-1);
#2896=CARTESIAN_POINT('',(-2.6E-1,2.284802500505E-1,-3.4E-1));
#2897=LINE('',#2896,#2895);
#2898=DIRECTION('',(1.E0,0.E0,0.E0));
#2899=VECTOR('',#2898,1.8E-1);
#2900=CARTESIAN_POINT('',(-4.4E-1,2.284802500505E-1,-3.4E-1));
#2901=LINE('',#2900,#2899);
#2902=DIRECTION('',(0.E0,1.E0,0.E0));
#2903=VECTOR('',#2902,1.763725636919E-1);
#2904=CARTESIAN_POINT('',(-9.E-2,2.284802500505E-1,-3.4E-1));
#2905=LINE('',#2904,#2903);
#2906=DIRECTION('',(1.E0,0.E0,0.E0));
#2907=VECTOR('',#2906,1.8E-1);
#2908=CARTESIAN_POINT('',(-9.E-2,4.048528137424E-1,-3.4E-1));
#2909=LINE('',#2908,#2907);
#2910=DIRECTION('',(0.E0,1.E0,0.E0));
#2911=VECTOR('',#2910,1.763725636919E-1);
#2912=CARTESIAN_POINT('',(9.E-2,2.284802500505E-1,-3.4E-1));
#2913=LINE('',#2912,#2911);
#2914=DIRECTION('',(1.E0,0.E0,0.E0));
#2915=VECTOR('',#2914,1.8E-1);
#2916=CARTESIAN_POINT('',(-9.E-2,2.284802500505E-1,-3.4E-1));
#2917=LINE('',#2916,#2915);
#2918=DIRECTION('',(0.E0,1.E0,0.E0));
#2919=VECTOR('',#2918,1.763725636919E-1);
#2920=CARTESIAN_POINT('',(2.6E-1,2.284802500505E-1,-3.4E-1));
#2921=LINE('',#2920,#2919);
#2922=DIRECTION('',(1.E0,0.E0,0.E0));
#2923=VECTOR('',#2922,1.8E-1);
#2924=CARTESIAN_POINT('',(2.6E-1,4.048528137424E-1,-3.4E-1));
#2925=LINE('',#2924,#2923);
#2926=DIRECTION('',(0.E0,1.E0,0.E0));
#2927=VECTOR('',#2926,1.763725636919E-1);
#2928=CARTESIAN_POINT('',(4.4E-1,2.284802500505E-1,-3.4E-1));
#2929=LINE('',#2928,#2927);
#2930=DIRECTION('',(1.E0,0.E0,0.E0));
#2931=VECTOR('',#2930,1.8E-1);
#2932=CARTESIAN_POINT('',(2.6E-1,2.284802500505E-1,-3.4E-1));
#2933=LINE('',#2932,#2931);
#2934=DIRECTION('',(0.E0,-1.E0,0.E0));
#2935=VECTOR('',#2934,1.65E-1);
#2936=CARTESIAN_POINT('',(-8.E-1,2.65E-1,3.4E-1));
#2937=LINE('',#2936,#2935);
#2938=DIRECTION('',(-7.556890827898E-1,-6.549305384178E-1,0.E0));
#2939=VECTOR('',#2938,2.977414986192E-1);
#2940=CARTESIAN_POINT('',(-5.75E-1,4.6E-1,3.4E-1));
#2941=LINE('',#2940,#2939);
#2942=DIRECTION('',(-1.E0,0.E0,0.E0));
#2943=VECTOR('',#2942,1.15E0);
#2944=CARTESIAN_POINT('',(5.75E-1,4.6E-1,3.4E-1));
#2945=LINE('',#2944,#2943);
#2946=DIRECTION('',(-7.556890827898E-1,6.549305384178E-1,0.E0));
#2947=VECTOR('',#2946,2.977414986192E-1);
#2948=CARTESIAN_POINT('',(8.E-1,2.65E-1,3.4E-1));
#2949=LINE('',#2948,#2947);
#2950=DIRECTION('',(0.E0,1.E0,0.E0));
#2951=VECTOR('',#2950,1.65E-1);
#2952=CARTESIAN_POINT('',(8.E-1,1.E-1,3.4E-1));
#2953=LINE('',#2952,#2951);
#2954=DIRECTION('',(0.E0,1.E0,0.E0));
#2955=VECTOR('',#2954,1.763725636919E-1);
#2956=CARTESIAN_POINT('',(-4.4E-1,2.284802500505E-1,3.4E-1));
#2957=LINE('',#2956,#2955);
#2958=DIRECTION('',(1.E0,0.E0,0.E0));
#2959=VECTOR('',#2958,1.8E-1);
#2960=CARTESIAN_POINT('',(-4.4E-1,2.284802500505E-1,3.4E-1));
#2961=LINE('',#2960,#2959);
#2962=DIRECTION('',(0.E0,1.E0,0.E0));
#2963=VECTOR('',#2962,1.763725636919E-1);
#2964=CARTESIAN_POINT('',(-2.6E-1,2.284802500505E-1,3.4E-1));
#2965=LINE('',#2964,#2963);
#2966=DIRECTION('',(1.E0,0.E0,0.E0));
#2967=VECTOR('',#2966,1.8E-1);
#2968=CARTESIAN_POINT('',(-4.4E-1,4.048528137424E-1,3.4E-1));
#2969=LINE('',#2968,#2967);
#2970=DIRECTION('',(0.E0,1.E0,0.E0));
#2971=VECTOR('',#2970,1.763725636919E-1);
#2972=CARTESIAN_POINT('',(-9.E-2,2.284802500505E-1,3.4E-1));
#2973=LINE('',#2972,#2971);
#2974=DIRECTION('',(1.E0,0.E0,0.E0));
#2975=VECTOR('',#2974,1.8E-1);
#2976=CARTESIAN_POINT('',(-9.E-2,2.284802500505E-1,3.4E-1));
#2977=LINE('',#2976,#2975);
#2978=DIRECTION('',(0.E0,1.E0,0.E0));
#2979=VECTOR('',#2978,1.763725636919E-1);
#2980=CARTESIAN_POINT('',(9.E-2,2.284802500505E-1,3.4E-1));
#2981=LINE('',#2980,#2979);
#2982=DIRECTION('',(1.E0,0.E0,0.E0));
#2983=VECTOR('',#2982,1.8E-1);
#2984=CARTESIAN_POINT('',(-9.E-2,4.048528137424E-1,3.4E-1));
#2985=LINE('',#2984,#2983);
#2986=DIRECTION('',(0.E0,1.E0,0.E0));
#2987=VECTOR('',#2986,1.763725636919E-1);
#2988=CARTESIAN_POINT('',(2.6E-1,2.284802500505E-1,3.4E-1));
#2989=LINE('',#2988,#2987);
#2990=DIRECTION('',(1.E0,0.E0,0.E0));
#2991=VECTOR('',#2990,1.8E-1);
#2992=CARTESIAN_POINT('',(2.6E-1,2.284802500505E-1,3.4E-1));
#2993=LINE('',#2992,#2991);
#2994=DIRECTION('',(0.E0,1.E0,0.E0));
#2995=VECTOR('',#2994,1.763725636919E-1);
#2996=CARTESIAN_POINT('',(4.4E-1,2.284802500505E-1,3.4E-1));
#2997=LINE('',#2996,#2995);
#2998=DIRECTION('',(1.E0,0.E0,0.E0));
#2999=VECTOR('',#2998,1.8E-1);
#3000=CARTESIAN_POINT('',(2.6E-1,4.048528137424E-1,3.4E-1));
#3001=LINE('',#3000,#2999);
#3002=DIRECTION('',(0.E0,0.E0,1.E0));
#3003=VECTOR('',#3002,6.8E-1);
#3004=CARTESIAN_POINT('',(-8.E-1,2.65E-1,-3.4E-1));
#3005=LINE('',#3004,#3003);
#3006=DIRECTION('',(0.E0,0.E0,1.E0));
#3007=VECTOR('',#3006,6.8E-1);
#3008=CARTESIAN_POINT('',(-5.75E-1,4.6E-1,-3.4E-1));
#3009=LINE('',#3008,#3007);
#3010=DIRECTION('',(0.E0,0.E0,1.E0));
#3011=VECTOR('',#3010,6.8E-1);
#3012=CARTESIAN_POINT('',(5.75E-1,4.6E-1,-3.4E-1));
#3013=LINE('',#3012,#3011);
#3014=DIRECTION('',(0.E0,0.E0,1.E0));
#3015=VECTOR('',#3014,6.8E-1);
#3016=CARTESIAN_POINT('',(8.E-1,2.65E-1,-3.4E-1));
#3017=LINE('',#3016,#3015);
#3018=DIRECTION('',(0.E0,6.294068785224E-1,-7.770759173136E-1));
#3019=VECTOR('',#3018,3.429088261946E-2);
#3020=CARTESIAN_POINT('',(-4.4E-1,2.284802500505E-1,-3.4E-1));
#3021=LINE('',#3020,#3019);
#3022=CARTESIAN_POINT('',(-4.4E-1,3.2E-1,-3.1E-1));
#3023=DIRECTION('',(1.E0,0.E0,0.E0));
#3024=DIRECTION('',(0.E0,-7.770759173136E-1,-6.294068785224E-1));
#3025=AXIS2_PLACEMENT_3D('',#3022,#3023,#3024);
#3027=CARTESIAN_POINT('',(-4.4E-1,3.2E-1,3.1E-1));
#3028=DIRECTION('',(1.E0,0.E0,0.E0));
#3029=DIRECTION('',(0.E0,9.428090415821E-1,3.333333333333E-1));
#3030=AXIS2_PLACEMENT_3D('',#3027,#3028,#3029);
#3032=DIRECTION('',(0.E0,-6.294068785224E-1,-7.770759173136E-1));
#3033=VECTOR('',#3032,3.429088261946E-2);
#3034=CARTESIAN_POINT('',(-4.4E-1,2.500631674418E-1,3.666466190670E-1));
#3035=LINE('',#3034,#3033);
#3036=CARTESIAN_POINT('',(-4.4E-1,3.3E-1,7.1E-1));
#3037=DIRECTION('',(1.E0,0.E0,0.E0));
#3038=DIRECTION('',(0.E0,-8.122328620674E-1,-5.833333333333E-1));
#3039=AXIS2_PLACEMENT_3D('',#3036,#3037,#3038);
#3041=CARTESIAN_POINT('',(-4.4E-1,3.3E-1,-7.1E-1));
#3042=DIRECTION('',(1.E0,0.E0,0.E0));
#3043=DIRECTION('',(0.E0,8.122328620674E-1,5.833333333333E-1));
#3044=AXIS2_PLACEMENT_3D('',#3041,#3042,#3043);
#3046=CARTESIAN_POINT('',(-2.6E-1,3.2E-1,-3.1E-1));
#3047=DIRECTION('',(1.E0,0.E0,0.E0));
#3048=DIRECTION('',(0.E0,-7.770759173136E-1,-6.294068785224E-1));
#3049=AXIS2_PLACEMENT_3D('',#3046,#3047,#3048);
#3051=DIRECTION('',(0.E0,6.294068785224E-1,-7.770759173136E-1));
#3052=VECTOR('',#3051,3.429088261946E-2);
#3053=CARTESIAN_POINT('',(-2.6E-1,2.284802500505E-1,-3.4E-1));
#3054=LINE('',#3053,#3052);
#3055=DIRECTION('',(0.E0,-6.294068785224E-1,-7.770759173136E-1));
#3056=VECTOR('',#3055,3.429088261946E-2);
#3057=CARTESIAN_POINT('',(-2.6E-1,2.500631674418E-1,3.666466190670E-1));
#3058=LINE('',#3057,#3056);
#3059=CARTESIAN_POINT('',(-2.6E-1,3.2E-1,3.1E-1));
#3060=DIRECTION('',(1.E0,0.E0,0.E0));
#3061=DIRECTION('',(0.E0,9.428090415821E-1,3.333333333333E-1));
#3062=AXIS2_PLACEMENT_3D('',#3059,#3060,#3061);
#3064=CARTESIAN_POINT('',(-2.6E-1,3.3E-1,7.1E-1));
#3065=DIRECTION('',(1.E0,0.E0,0.E0));
#3066=DIRECTION('',(0.E0,-8.122328620674E-1,-5.833333333333E-1));
#3067=AXIS2_PLACEMENT_3D('',#3064,#3065,#3066);
#3069=CARTESIAN_POINT('',(-2.6E-1,3.3E-1,-7.1E-1));
#3070=DIRECTION('',(1.E0,0.E0,0.E0));
#3071=DIRECTION('',(0.E0,8.122328620674E-1,5.833333333333E-1));
#3072=AXIS2_PLACEMENT_3D('',#3069,#3070,#3071);
#3074=DIRECTION('',(1.E0,0.E0,0.E0));
#3075=VECTOR('',#3074,1.8E-1);
#3076=CARTESIAN_POINT('',(-4.4E-1,2.500631674418E-1,-3.666466190670E-1));
#3077=LINE('',#3076,#3075);
#3078=DIRECTION('',(1.E0,0.E0,0.E0));
#3079=VECTOR('',#3078,1.8E-1);
#3080=CARTESIAN_POINT('',(-4.4E-1,2.500631674418E-1,3.666466190670E-1));
#3081=LINE('',#3080,#3079);
#3082=DIRECTION('',(0.E0,1.E0,0.E0));
#3083=VECTOR('',#3082,1.949358868962E-1);
#3084=CARTESIAN_POINT('',(-4.4E-1,2.325320565519E-1,-6.4E-1));
#3085=LINE('',#3084,#3083);
#3086=DIRECTION('',(1.E0,0.E0,0.E0));
#3087=VECTOR('',#3086,1.8E-1);
#3088=CARTESIAN_POINT('',(-4.4E-1,2.325320565519E-1,-6.4E-1));
#3089=LINE('',#3088,#3087);
#3090=DIRECTION('',(0.E0,1.E0,0.E0));
#3091=VECTOR('',#3090,1.949358868962E-1);
#3092=CARTESIAN_POINT('',(-2.6E-1,2.325320565519E-1,-6.4E-1));
#3093=LINE('',#3092,#3091);
#3094=DIRECTION('',(-1.E0,0.E0,0.E0));
#3095=VECTOR('',#3094,1.8E-1);
#3096=CARTESIAN_POINT('',(-2.6E-1,4.274679434481E-1,-6.4E-1));
#3097=LINE('',#3096,#3095);
#3098=DIRECTION('',(0.E0,1.E0,0.E0));
#3099=VECTOR('',#3098,1.949358868962E-1);
#3100=CARTESIAN_POINT('',(-9.E-2,2.325320565519E-1,-6.4E-1));
#3101=LINE('',#3100,#3099);
#3102=DIRECTION('',(1.E0,0.E0,0.E0));
#3103=VECTOR('',#3102,1.8E-1);
#3104=CARTESIAN_POINT('',(-9.E-2,2.325320565519E-1,-6.4E-1));
#3105=LINE('',#3104,#3103);
#3106=DIRECTION('',(0.E0,1.E0,0.E0));
#3107=VECTOR('',#3106,1.949358868962E-1);
#3108=CARTESIAN_POINT('',(9.E-2,2.325320565519E-1,-6.4E-1));
#3109=LINE('',#3108,#3107);
#3110=DIRECTION('',(-1.E0,0.E0,0.E0));
#3111=VECTOR('',#3110,1.8E-1);
#3112=CARTESIAN_POINT('',(9.E-2,4.274679434481E-1,-6.4E-1));
#3113=LINE('',#3112,#3111);
#3114=DIRECTION('',(0.E0,1.E0,0.E0));
#3115=VECTOR('',#3114,1.949358868962E-1);
#3116=CARTESIAN_POINT('',(2.6E-1,2.325320565519E-1,-6.4E-1));
#3117=LINE('',#3116,#3115);
#3118=DIRECTION('',(1.E0,0.E0,0.E0));
#3119=VECTOR('',#3118,1.8E-1);
#3120=CARTESIAN_POINT('',(2.6E-1,2.325320565519E-1,-6.4E-1));
#3121=LINE('',#3120,#3119);
#3122=DIRECTION('',(0.E0,1.E0,0.E0));
#3123=VECTOR('',#3122,1.949358868962E-1);
#3124=CARTESIAN_POINT('',(4.4E-1,2.325320565519E-1,-6.4E-1));
#3125=LINE('',#3124,#3123);
#3126=DIRECTION('',(-1.E0,0.E0,0.E0));
#3127=VECTOR('',#3126,1.8E-1);
#3128=CARTESIAN_POINT('',(4.4E-1,4.274679434481E-1,-6.4E-1));
#3129=LINE('',#3128,#3127);
#3130=CARTESIAN_POINT('',(-9.E-2,3.3E-1,7.1E-1));
#3131=DIRECTION('',(1.E0,0.E0,0.E0));
#3132=DIRECTION('',(0.E0,-8.122328620674E-1,-5.833333333333E-1));
#3133=AXIS2_PLACEMENT_3D('',#3130,#3131,#3132);
#3135=CARTESIAN_POINT('',(-9.E-2,3.3E-1,-7.1E-1));
#3136=DIRECTION('',(1.E0,0.E0,0.E0));
#3137=DIRECTION('',(0.E0,8.122328620674E-1,5.833333333333E-1));
#3138=AXIS2_PLACEMENT_3D('',#3135,#3136,#3137);
#3140=DIRECTION('',(0.E0,6.294068785224E-1,-7.770759173136E-1));
#3141=VECTOR('',#3140,3.429088261946E-2);
#3142=CARTESIAN_POINT('',(-9.E-2,2.284802500505E-1,-3.4E-1));
#3143=LINE('',#3142,#3141);
#3144=CARTESIAN_POINT('',(-9.E-2,3.2E-1,-3.1E-1));
#3145=DIRECTION('',(1.E0,0.E0,0.E0));
#3146=DIRECTION('',(0.E0,-7.770759173136E-1,-6.294068785224E-1));
#3147=AXIS2_PLACEMENT_3D('',#3144,#3145,#3146);
#3149=CARTESIAN_POINT('',(-9.E-2,3.2E-1,3.1E-1));
#3150=DIRECTION('',(1.E0,0.E0,0.E0));
#3151=DIRECTION('',(0.E0,9.428090415821E-1,3.333333333333E-1));
#3152=AXIS2_PLACEMENT_3D('',#3149,#3150,#3151);
#3154=DIRECTION('',(0.E0,-6.294068785224E-1,-7.770759173136E-1));
#3155=VECTOR('',#3154,3.429088261946E-2);
#3156=CARTESIAN_POINT('',(-9.E-2,2.500631674418E-1,3.666466190670E-1));
#3157=LINE('',#3156,#3155);
#3158=CARTESIAN_POINT('',(9.E-2,3.3E-1,7.1E-1));
#3159=DIRECTION('',(1.E0,0.E0,0.E0));
#3160=DIRECTION('',(0.E0,-8.122328620674E-1,-5.833333333333E-1));
#3161=AXIS2_PLACEMENT_3D('',#3158,#3159,#3160);
#3163=CARTESIAN_POINT('',(9.E-2,3.3E-1,-7.1E-1));
#3164=DIRECTION('',(1.E0,0.E0,0.E0));
#3165=DIRECTION('',(0.E0,8.122328620674E-1,5.833333333333E-1));
#3166=AXIS2_PLACEMENT_3D('',#3163,#3164,#3165);
#3168=CARTESIAN_POINT('',(9.E-2,3.2E-1,-3.1E-1));
#3169=DIRECTION('',(1.E0,0.E0,0.E0));
#3170=DIRECTION('',(0.E0,-7.770759173136E-1,-6.294068785224E-1));
#3171=AXIS2_PLACEMENT_3D('',#3168,#3169,#3170);
#3173=DIRECTION('',(0.E0,6.294068785224E-1,-7.770759173136E-1));
#3174=VECTOR('',#3173,3.429088261946E-2);
#3175=CARTESIAN_POINT('',(9.E-2,2.284802500505E-1,-3.4E-1));
#3176=LINE('',#3175,#3174);
#3177=DIRECTION('',(0.E0,-6.294068785224E-1,-7.770759173136E-1));
#3178=VECTOR('',#3177,3.429088261946E-2);
#3179=CARTESIAN_POINT('',(9.E-2,2.500631674418E-1,3.666466190670E-1));
#3180=LINE('',#3179,#3178);
#3181=CARTESIAN_POINT('',(9.E-2,3.2E-1,3.1E-1));
#3182=DIRECTION('',(1.E0,0.E0,0.E0));
#3183=DIRECTION('',(0.E0,9.428090415821E-1,3.333333333333E-1));
#3184=AXIS2_PLACEMENT_3D('',#3181,#3182,#3183);
#3186=DIRECTION('',(1.E0,0.E0,0.E0));
#3187=VECTOR('',#3186,1.8E-1);
#3188=CARTESIAN_POINT('',(-9.E-2,2.500631674418E-1,-3.666466190670E-1));
#3189=LINE('',#3188,#3187);
#3190=DIRECTION('',(1.E0,0.E0,0.E0));
#3191=VECTOR('',#3190,1.8E-1);
#3192=CARTESIAN_POINT('',(-9.E-2,2.500631674418E-1,3.666466190670E-1));
#3193=LINE('',#3192,#3191);
#3194=CARTESIAN_POINT('',(2.6E-1,3.3E-1,7.1E-1));
#3195=DIRECTION('',(1.E0,0.E0,0.E0));
#3196=DIRECTION('',(0.E0,-8.122328620674E-1,-5.833333333333E-1));
#3197=AXIS2_PLACEMENT_3D('',#3194,#3195,#3196);
#3199=CARTESIAN_POINT('',(2.6E-1,3.3E-1,-7.1E-1));
#3200=DIRECTION('',(1.E0,0.E0,0.E0));
#3201=DIRECTION('',(0.E0,8.122328620674E-1,5.833333333333E-1));
#3202=AXIS2_PLACEMENT_3D('',#3199,#3200,#3201);
#3204=DIRECTION('',(0.E0,6.294068785224E-1,-7.770759173136E-1));
#3205=VECTOR('',#3204,3.429088261946E-2);
#3206=CARTESIAN_POINT('',(2.6E-1,2.284802500505E-1,-3.4E-1));
#3207=LINE('',#3206,#3205);
#3208=CARTESIAN_POINT('',(2.6E-1,3.2E-1,-3.1E-1));
#3209=DIRECTION('',(1.E0,0.E0,0.E0));
#3210=DIRECTION('',(0.E0,-7.770759173136E-1,-6.294068785224E-1));
#3211=AXIS2_PLACEMENT_3D('',#3208,#3209,#3210);
#3213=CARTESIAN_POINT('',(2.6E-1,3.2E-1,3.1E-1));
#3214=DIRECTION('',(1.E0,0.E0,0.E0));
#3215=DIRECTION('',(0.E0,9.428090415821E-1,3.333333333333E-1));
#3216=AXIS2_PLACEMENT_3D('',#3213,#3214,#3215);
#3218=DIRECTION('',(0.E0,-6.294068785224E-1,-7.770759173136E-1));
#3219=VECTOR('',#3218,3.429088261946E-2);
#3220=CARTESIAN_POINT('',(2.6E-1,2.500631674418E-1,3.666466190670E-1));
#3221=LINE('',#3220,#3219);
#3222=CARTESIAN_POINT('',(4.4E-1,3.3E-1,7.1E-1));
#3223=DIRECTION('',(1.E0,0.E0,0.E0));
#3224=DIRECTION('',(0.E0,-8.122328620674E-1,-5.833333333333E-1));
#3225=AXIS2_PLACEMENT_3D('',#3222,#3223,#3224);
#3227=CARTESIAN_POINT('',(4.4E-1,3.3E-1,-7.1E-1));
#3228=DIRECTION('',(1.E0,0.E0,0.E0));
#3229=DIRECTION('',(0.E0,8.122328620674E-1,5.833333333333E-1));
#3230=AXIS2_PLACEMENT_3D('',#3227,#3228,#3229);
#3232=CARTESIAN_POINT('',(4.4E-1,3.2E-1,-3.1E-1));
#3233=DIRECTION('',(1.E0,0.E0,0.E0));
#3234=DIRECTION('',(0.E0,-7.770759173136E-1,-6.294068785224E-1));
#3235=AXIS2_PLACEMENT_3D('',#3232,#3233,#3234);
#3237=DIRECTION('',(0.E0,6.294068785224E-1,-7.770759173136E-1));
#3238=VECTOR('',#3237,3.429088261946E-2);
#3239=CARTESIAN_POINT('',(4.4E-1,2.284802500505E-1,-3.4E-1));
#3240=LINE('',#3239,#3238);
#3241=DIRECTION('',(0.E0,-6.294068785224E-1,-7.770759173136E-1));
#3242=VECTOR('',#3241,3.429088261946E-2);
#3243=CARTESIAN_POINT('',(4.4E-1,2.500631674418E-1,3.666466190670E-1));
#3244=LINE('',#3243,#3242);
#3245=CARTESIAN_POINT('',(4.4E-1,3.2E-1,3.1E-1));
#3246=DIRECTION('',(1.E0,0.E0,0.E0));
#3247=DIRECTION('',(0.E0,9.428090415821E-1,3.333333333333E-1));
#3248=AXIS2_PLACEMENT_3D('',#3245,#3246,#3247);
#3250=DIRECTION('',(1.E0,0.E0,0.E0));
#3251=VECTOR('',#3250,1.8E-1);
#3252=CARTESIAN_POINT('',(2.6E-1,2.500631674418E-1,-3.666466190670E-1));
#3253=LINE('',#3252,#3251);
#3254=DIRECTION('',(1.E0,0.E0,0.E0));
#3255=VECTOR('',#3254,1.8E-1);
#3256=CARTESIAN_POINT('',(2.6E-1,2.500631674418E-1,3.666466190670E-1));
#3257=LINE('',#3256,#3255);
#3258=DIRECTION('',(0.E0,0.E0,1.E0));
#3259=VECTOR('',#3258,1.18E0);
#3260=CARTESIAN_POINT('',(1.21E0,4.537041696704E-1,-5.9E-1));
#3261=LINE('',#3260,#3259);
#3262=DIRECTION('',(0.E0,-1.E0,0.E0));
#3263=VECTOR('',#3262,5.377475134815E-2);
#3264=CARTESIAN_POINT('',(1.3E0,4.937747513482E-1,5.9E-1));
#3265=LINE('',#3264,#3263);
#3266=DIRECTION('',(0.E0,-1.E0,0.E0));
#3267=VECTOR('',#3266,3.4E-1);
#3268=CARTESIAN_POINT('',(1.295E0,4.4E-1,5.9E-1));
#3269=LINE('',#3268,#3267);
#3270=DIRECTION('',(0.E0,1.E0,0.E0));
#3271=VECTOR('',#3270,3.537041696704E-1);
#3272=CARTESIAN_POINT('',(1.21E0,1.E-1,5.9E-1));
#3273=LINE('',#3272,#3271);
#3274=DIRECTION('',(-9.135454576426E-1,-4.067366430758E-1,0.E0));
#3275=VECTOR('',#3274,9.851726506554E-2);
#3276=CARTESIAN_POINT('',(1.3E0,4.937747513482E-1,5.9E-1));
#3277=LINE('',#3276,#3275);
#3278=DIRECTION('',(0.E0,-1.E0,0.E0));
#3279=VECTOR('',#3278,5.377475134815E-2);
#3280=CARTESIAN_POINT('',(-1.3E0,4.937747513482E-1,5.9E-1));
#3281=LINE('',#3280,#3279);
#3282=DIRECTION('',(-9.135454576426E-1,4.067366430758E-1,0.E0));
#3283=VECTOR('',#3282,9.851726506554E-2);
#3284=CARTESIAN_POINT('',(-1.21E0,4.537041696704E-1,5.9E-1));
#3285=LINE('',#3284,#3283);
#3286=DIRECTION('',(0.E0,-1.E0,0.E0));
#3287=VECTOR('',#3286,3.537041696704E-1);
#3288=CARTESIAN_POINT('',(-1.21E0,4.537041696704E-1,5.9E-1));
#3289=LINE('',#3288,#3287);
#3290=DIRECTION('',(0.E0,1.E0,0.E0));
#3291=VECTOR('',#3290,3.4E-1);
#3292=CARTESIAN_POINT('',(-1.295E0,1.E-1,5.9E-1));
#3293=LINE('',#3292,#3291);
#3294=DIRECTION('',(7.375649031095E-1,3.283850521412E-1,5.900519224876E-1));
#3295=VECTOR('',#3294,1.753423124490E-1);
#3296=CARTESIAN_POINT('',(1.3E0,4.937747513482E-1,5.9E-1));
#3297=LINE('',#3296,#3295);
#3298=CARTESIAN_POINT('',(1.429326335692E0,5.513545457643E-1,
6.934610685539E-1));
#3299=CARTESIAN_POINT('',(1.442491305491E0,5.572159679600E-1,
7.039930443931E-1));
#3300=CARTESIAN_POINT('',(1.456062088570E0,5.6E-1,7.148496708562E-1));
#3301=CARTESIAN_POINT('',(1.47E0,5.6E-1,7.26E-1));
#3303=CARTESIAN_POINT('',(1.5E0,5.561895003862E-1,7.5E-1));
#3304=CARTESIAN_POINT('',(1.490100220223E0,5.587456125334E-1,
7.420801761784E-1));
#3305=CARTESIAN_POINT('',(1.480098990480E0,5.6E-1,7.340791923844E-1));
#3306=CARTESIAN_POINT('',(1.47E0,5.6E-1,7.26E-1));
#3308=DIRECTION('',(-1.719950113980E-14,-1.E0,0.E0));
#3309=VECTOR('',#3308,1.161895003862E-1);
#3310=CARTESIAN_POINT('',(1.5E0,5.561895003862E-1,7.5E-1));
#3311=LINE('',#3310,#3309);
#3312=CARTESIAN_POINT('',(1.47E0,4.4E-1,7.5E-1));
#3313=DIRECTION('',(0.E0,0.E0,1.E0));
#3314=DIRECTION('',(1.E0,0.E0,0.E0));
#3315=AXIS2_PLACEMENT_3D('',#3312,#3313,#3314);
#3317=DIRECTION('',(1.E0,0.E0,1.233581138472E-14));
#3318=VECTOR('',#3317,9.E-2);
#3319=CARTESIAN_POINT('',(1.5E0,4.4E-1,7.5E-1));
#3320=LINE('',#3319,#3318);
#3321=DIRECTION('',(0.E0,0.E0,1.E0));
#3322=VECTOR('',#3321,1.386922137108E0);
#3323=CARTESIAN_POINT('',(1.429326335692E0,5.513545457643E-1,
-6.934610685539E-1));
#3324=LINE('',#3323,#3322);
#3325=DIRECTION('',(0.E0,0.E0,-1.E0));
#3326=VECTOR('',#3325,1.452E0);
#3327=CARTESIAN_POINT('',(1.47E0,5.6E-1,7.26E-1));
#3328=LINE('',#3327,#3326);
#3329=CARTESIAN_POINT('',(-1.47E0,5.6E-1,7.26E-1));
#3330=CARTESIAN_POINT('',(-1.480098990480E0,5.6E-1,7.340791923843E-1));
#3331=CARTESIAN_POINT('',(-1.490100220223E0,5.587456125334E-1,
7.420801761784E-1));
#3332=CARTESIAN_POINT('',(-1.5E0,5.561895003862E-1,7.5E-1));
#3334=CARTESIAN_POINT('',(-1.47E0,5.6E-1,7.26E-1));
#3335=CARTESIAN_POINT('',(-1.456062088570E0,5.6E-1,7.148496708562E-1));
#3336=CARTESIAN_POINT('',(-1.442491305491E0,5.572159679600E-1,
7.039930443931E-1));
#3337=CARTESIAN_POINT('',(-1.429326335692E0,5.513545457643E-1,
6.934610685539E-1));
#3339=DIRECTION('',(7.375649031095E-1,-3.283850521412E-1,-5.900519224876E-1));
#3340=VECTOR('',#3339,1.753423124490E-1);
#3341=CARTESIAN_POINT('',(-1.429326335692E0,5.513545457643E-1,
6.934610685539E-1));
#3342=LINE('',#3341,#3340);
#3343=CARTESIAN_POINT('',(-1.47E0,4.4E-1,-7.5E-1));
#3344=DIRECTION('',(0.E0,0.E0,-1.E0));
#3345=DIRECTION('',(-1.E0,0.E0,0.E0));
#3346=AXIS2_PLACEMENT_3D('',#3343,#3344,#3345);
#3348=DIRECTION('',(1.146633409320E-14,1.E0,0.E0));
#3349=VECTOR('',#3348,1.161895003862E-1);
#3350=CARTESIAN_POINT('',(-1.5E0,4.4E-1,-7.5E-1));
#3351=LINE('',#3350,#3349);
#3352=CARTESIAN_POINT('',(-1.5E0,5.561895003862E-1,-7.5E-1));
#3353=CARTESIAN_POINT('',(-1.490100220223E0,5.587456125334E-1,
-7.420801761784E-1));
#3354=CARTESIAN_POINT('',(-1.480098990480E0,5.6E-1,-7.340791923843E-1));
#3355=CARTESIAN_POINT('',(-1.47E0,5.6E-1,-7.26E-1));
#3357=DIRECTION('',(-7.375649031095E-1,3.283850521412E-1,-5.900519224876E-1));
#3358=VECTOR('',#3357,1.753423124490E-1);
#3359=CARTESIAN_POINT('',(-1.3E0,4.937747513482E-1,-5.9E-1));
#3360=LINE('',#3359,#3358);
#3361=CARTESIAN_POINT('',(-1.429326335692E0,5.513545457643E-1,
-6.934610685539E-1));
#3362=CARTESIAN_POINT('',(-1.442491305491E0,5.572159679600E-1,
-7.039930443931E-1));
#3363=CARTESIAN_POINT('',(-1.456062088570E0,5.6E-1,-7.148496708561E-1));
#3364=CARTESIAN_POINT('',(-1.47E0,5.6E-1,-7.26E-1));
#3366=DIRECTION('',(0.E0,0.E0,1.E0));
#3367=VECTOR('',#3366,1.18E0);
#3368=CARTESIAN_POINT('',(-1.21E0,4.537041696704E-1,-5.9E-1));
#3369=LINE('',#3368,#3367);
#3370=DIRECTION('',(0.E0,0.E0,-1.E0));
#3371=VECTOR('',#3370,1.452E0);
#3372=CARTESIAN_POINT('',(-1.47E0,5.6E-1,7.26E-1));
#3373=LINE('',#3372,#3371);
#3374=DIRECTION('',(0.E0,0.E0,1.E0));
#3375=VECTOR('',#3374,1.386922137108E0);
#3376=CARTESIAN_POINT('',(-1.429326335692E0,5.513545457643E-1,
-6.934610685539E-1));
#3377=LINE('',#3376,#3375);
#3378=DIRECTION('',(0.E0,-1.E0,0.E0));
#3379=VECTOR('',#3378,1.85E-1);
#3380=CARTESIAN_POINT('',(-1.21E0,2.85E-1,-1.9E-1));
#3381=LINE('',#3380,#3379);
#3382=DIRECTION('',(0.E0,1.E0,0.E0));
#3383=VECTOR('',#3382,1.85E-1);
#3384=CARTESIAN_POINT('',(-1.19E0,1.E-1,-1.9E-1));
#3385=LINE('',#3384,#3383);
#3386=DIRECTION('',(0.E0,1.E0,0.E0));
#3387=VECTOR('',#3386,1.85E-1);
#3388=CARTESIAN_POINT('',(-1.19E0,1.E-1,1.9E-1));
#3389=LINE('',#3388,#3387);
#3390=DIRECTION('',(0.E0,-1.E0,0.E0));
#3391=VECTOR('',#3390,1.85E-1);
#3392=CARTESIAN_POINT('',(-1.21E0,2.85E-1,1.9E-1));
#3393=LINE('',#3392,#3391);
#3394=DIRECTION('',(0.E0,0.E0,-1.E0));
#3395=VECTOR('',#3394,3.8E-1);
#3396=CARTESIAN_POINT('',(-1.21E0,2.85E-1,1.9E-1));
#3397=LINE('',#3396,#3395);
#3398=DIRECTION('',(-1.E0,0.E0,0.E0));
#3399=VECTOR('',#3398,2.E-2);
#3400=CARTESIAN_POINT('',(-1.19E0,2.85E-1,-1.9E-1));
#3401=LINE('',#3400,#3399);
#3402=DIRECTION('',(0.E0,0.E0,-1.E0));
#3403=VECTOR('',#3402,3.8E-1);
#3404=CARTESIAN_POINT('',(-1.19E0,2.85E-1,1.9E-1));
#3405=LINE('',#3404,#3403);
#3406=DIRECTION('',(1.E0,0.E0,0.E0));
#3407=VECTOR('',#3406,2.E-2);
#3408=CARTESIAN_POINT('',(-1.21E0,2.85E-1,1.9E-1));
#3409=LINE('',#3408,#3407);
#3410=DIRECTION('',(0.E0,0.E0,-1.E0));
#3411=VECTOR('',#3410,3.8E-1);
#3412=CARTESIAN_POINT('',(1.21E0,2.85E-1,1.9E-1));
#3413=LINE('',#3412,#3411);
#3414=DIRECTION('',(1.E0,0.E0,0.E0));
#3415=VECTOR('',#3414,2.E-2);
#3416=CARTESIAN_POINT('',(1.19E0,2.85E-1,1.9E-1));
#3417=LINE('',#3416,#3415);
#3418=DIRECTION('',(0.E0,0.E0,1.E0));
#3419=VECTOR('',#3418,3.8E-1);
#3420=CARTESIAN_POINT('',(1.19E0,2.85E-1,-1.9E-1));
#3421=LINE('',#3420,#3419);
#3422=DIRECTION('',(-1.E0,0.E0,0.E0));
#3423=VECTOR('',#3422,2.E-2);
#3424=CARTESIAN_POINT('',(1.21E0,2.85E-1,-1.9E-1));
#3425=LINE('',#3424,#3423);
#3426=DIRECTION('',(0.E0,-1.E0,0.E0));
#3427=VECTOR('',#3426,1.85E-1);
#3428=CARTESIAN_POINT('',(1.21E0,2.85E-1,1.9E-1));
#3429=LINE('',#3428,#3427);
#3430=DIRECTION('',(0.E0,1.E0,0.E0));
#3431=VECTOR('',#3430,1.85E-1);
#3432=CARTESIAN_POINT('',(1.19E0,1.E-1,1.9E-1));
#3433=LINE('',#3432,#3431);
#3434=DIRECTION('',(0.E0,1.E0,0.E0));
#3435=VECTOR('',#3434,1.85E-1);
#3436=CARTESIAN_POINT('',(1.19E0,1.E-1,-1.9E-1));
#3437=LINE('',#3436,#3435);
#3438=DIRECTION('',(0.E0,-1.E0,0.E0));
#3439=VECTOR('',#3438,1.85E-1);
#3440=CARTESIAN_POINT('',(1.21E0,2.85E-1,-1.9E-1));
#3441=LINE('',#3440,#3439);
#3442=CARTESIAN_POINT('',(-1.47E0,4.4E-1,7.5E-1));
#3443=DIRECTION('',(0.E0,0.E0,1.E0));
#3444=DIRECTION('',(-2.5E-1,9.682458365518E-1,0.E0));
#3445=AXIS2_PLACEMENT_3D('',#3442,#3443,#3444);
#3447=DIRECTION('',(1.911055682200E-14,-1.E0,0.E0));
#3448=VECTOR('',#3447,1.161895003862E-1);
#3449=CARTESIAN_POINT('',(-1.5E0,5.561895003862E-1,7.5E-1));
#3450=LINE('',#3449,#3448);
#3451=DIRECTION('',(-1.E0,0.E0,0.E0));
#3452=VECTOR('',#3451,9.E-2);
#3453=CARTESIAN_POINT('',(-1.5E0,4.4E-1,7.5E-1));
#3454=LINE('',#3453,#3452);
#3455=DIRECTION('',(0.E0,0.E0,-1.E0));
#3456=VECTOR('',#3455,1.5E-1);
#3457=CARTESIAN_POINT('',(-1.295E0,4.4E-1,-5.9E-1));
#3458=LINE('',#3457,#3456);
#3459=DIRECTION('',(0.E0,-1.E0,0.E0));
#3460=VECTOR('',#3459,1.6E-1);
#3461=CARTESIAN_POINT('',(-1.295E0,4.4E-1,-7.4E-1));
#3462=LINE('',#3461,#3460);
#3463=DIRECTION('',(0.E0,-1.E0,0.E0));
#3464=VECTOR('',#3463,1.8E-1);
#3465=CARTESIAN_POINT('',(-1.295E0,2.8E-1,-6.2E-1));
#3466=LINE('',#3465,#3464);
#3467=DIRECTION('',(0.E0,0.E0,-1.E0));
#3468=VECTOR('',#3467,1.5E-1);
#3469=CARTESIAN_POINT('',(-1.295E0,4.4E-1,7.4E-1));
#3470=LINE('',#3469,#3468);
#3471=DIRECTION('',(1.E0,0.E0,0.E0));
#3472=VECTOR('',#3471,3.5E-2);
#3473=CARTESIAN_POINT('',(-8.45E-1,2.8E-1,7.1E-1));
#3474=LINE('',#3473,#3472);
#3475=DIRECTION('',(0.E0,0.E0,-1.E0));
#3476=VECTOR('',#3475,3.E-2);
#3477=CARTESIAN_POINT('',(-8.45E-1,2.8E-1,7.4E-1));
#3478=LINE('',#3477,#3476);
#3479=DIRECTION('',(1.E0,0.E0,0.E0));
#3480=VECTOR('',#3479,4.5E-1);
#3481=CARTESIAN_POINT('',(-1.295E0,2.8E-1,7.4E-1));
#3482=LINE('',#3481,#3480);
#3483=DIRECTION('',(0.E0,0.E0,1.E0));
#3484=VECTOR('',#3483,1.2E-1);
#3485=CARTESIAN_POINT('',(-1.295E0,2.8E-1,6.2E-1));
#3486=LINE('',#3485,#3484);
#3487=DIRECTION('',(0.E0,0.E0,1.E0));
#3488=VECTOR('',#3487,1.2E-1);
#3489=CARTESIAN_POINT('',(-1.295E0,2.8E-1,-7.4E-1));
#3490=LINE('',#3489,#3488);
#3491=DIRECTION('',(-1.E0,0.E0,0.E0));
#3492=VECTOR('',#3491,4.5E-1);
#3493=CARTESIAN_POINT('',(-8.45E-1,2.8E-1,-7.4E-1));
#3494=LINE('',#3493,#3492);
#3495=DIRECTION('',(0.E0,0.E0,-1.E0));
#3496=VECTOR('',#3495,3.E-2);
#3497=CARTESIAN_POINT('',(-8.45E-1,2.8E-1,-7.1E-1));
#3498=LINE('',#3497,#3496);
#3499=DIRECTION('',(-1.E0,0.E0,0.E0));
#3500=VECTOR('',#3499,3.5E-2);
#3501=CARTESIAN_POINT('',(-8.1E-1,2.8E-1,-7.1E-1));
#3502=LINE('',#3501,#3500);
#3503=DIRECTION('',(0.E0,0.E0,-1.E0));
#3504=VECTOR('',#3503,1.2E-1);
#3505=CARTESIAN_POINT('',(1.295E0,2.8E-1,7.4E-1));
#3506=LINE('',#3505,#3504);
#3507=DIRECTION('',(1.E0,0.E0,0.E0));
#3508=VECTOR('',#3507,4.5E-1);
#3509=CARTESIAN_POINT('',(8.45E-1,2.8E-1,7.4E-1));
#3510=LINE('',#3509,#3508);
#3511=DIRECTION('',(0.E0,0.E0,1.E0));
#3512=VECTOR('',#3511,3.E-2);
#3513=CARTESIAN_POINT('',(8.45E-1,2.8E-1,7.1E-1));
#3514=LINE('',#3513,#3512);
#3515=DIRECTION('',(1.E0,0.E0,0.E0));
#3516=VECTOR('',#3515,3.5E-2);
#3517=CARTESIAN_POINT('',(8.1E-1,2.8E-1,7.1E-1));
#3518=LINE('',#3517,#3516);
#3519=DIRECTION('',(-1.E0,0.E0,0.E0));
#3520=VECTOR('',#3519,3.5E-2);
#3521=CARTESIAN_POINT('',(8.45E-1,2.8E-1,-7.1E-1));
#3522=LINE('',#3521,#3520);
#3523=DIRECTION('',(0.E0,0.E0,1.E0));
#3524=VECTOR('',#3523,3.E-2);
#3525=CARTESIAN_POINT('',(8.45E-1,2.8E-1,-7.4E-1));
#3526=LINE('',#3525,#3524);
#3527=DIRECTION('',(-1.E0,0.E0,0.E0));
#3528=VECTOR('',#3527,4.5E-1);
#3529=CARTESIAN_POINT('',(1.295E0,2.8E-1,-7.4E-1));
#3530=LINE('',#3529,#3528);
#3531=DIRECTION('',(0.E0,0.E0,-1.E0));
#3532=VECTOR('',#3531,1.2E-1);
#3533=CARTESIAN_POINT('',(1.295E0,2.8E-1,-6.2E-1));
#3534=LINE('',#3533,#3532);
#3535=DIRECTION('',(1.E0,0.E0,0.E0));
#3536=VECTOR('',#3535,4.85E-1);
#3537=CARTESIAN_POINT('',(-1.295E0,2.8E-1,6.2E-1));
#3538=LINE('',#3537,#3536);
#3539=DIRECTION('',(0.E0,-1.E0,0.E0));
#3540=VECTOR('',#3539,1.8E-1);
#3541=CARTESIAN_POINT('',(-1.295E0,2.8E-1,6.2E-1));
#3542=LINE('',#3541,#3540);
#3543=DIRECTION('',(0.E0,0.E0,1.E0));
#3544=VECTOR('',#3543,9.E-2);
#3545=CARTESIAN_POINT('',(-8.1E-1,2.8E-1,6.2E-1));
#3546=LINE('',#3545,#3544);
#3547=DIRECTION('',(0.E0,-1.E0,0.E0));
#3548=VECTOR('',#3547,1.8E-1);
#3549=CARTESIAN_POINT('',(-8.1E-1,2.8E-1,6.2E-1));
#3550=LINE('',#3549,#3548);
#3551=DIRECTION('',(0.E0,-1.E0,0.E0));
#3552=VECTOR('',#3551,1.310648705046E-1);
#3553=CARTESIAN_POINT('',(-6.3E-1,3.4E-1,7.1E-1));
#3554=LINE('',#3553,#3552);
#3555=DIRECTION('',(1.E0,0.E0,0.E0));
#3556=VECTOR('',#3555,1.75E-1);
#3557=CARTESIAN_POINT('',(-8.05E-1,2.089351294954E-1,7.1E-1));
#3558=LINE('',#3557,#3556);
#3559=DIRECTION('',(0.E0,-1.E0,0.E0));
#3560=VECTOR('',#3559,1.310648705046E-1);
#3561=CARTESIAN_POINT('',(-8.05E-1,3.4E-1,7.1E-1));
#3562=LINE('',#3561,#3560);
#3563=DIRECTION('',(-1.E0,0.E0,0.E0));
#3564=VECTOR('',#3563,4.E-2);
#3565=CARTESIAN_POINT('',(-8.05E-1,3.4E-1,7.1E-1));
#3566=LINE('',#3565,#3564);
#3567=DIRECTION('',(0.E0,-1.E0,0.E0));
#3568=VECTOR('',#3567,6.E-2);
#3569=CARTESIAN_POINT('',(-8.45E-1,3.4E-1,7.1E-1));
#3570=LINE('',#3569,#3568);
#3571=DIRECTION('',(0.E0,-1.E0,0.E0));
#3572=VECTOR('',#3571,1.8E-1);
#3573=CARTESIAN_POINT('',(-8.1E-1,2.8E-1,7.1E-1));
#3574=LINE('',#3573,#3572);
#3575=DIRECTION('',(-1.E0,0.E0,0.E0));
#3576=VECTOR('',#3575,4.E-2);
#3577=CARTESIAN_POINT('',(-5.9E-1,3.4E-1,7.1E-1));
#3578=LINE('',#3577,#3576);
#3579=DIRECTION('',(-1.E0,0.E0,0.E0));
#3580=VECTOR('',#3579,1.75E-1);
#3581=CARTESIAN_POINT('',(-6.3E-1,1.78E-1,5.92E-1));
#3582=LINE('',#3581,#3580);
#3583=DIRECTION('',(-1.E0,0.E0,0.E0));
#3584=VECTOR('',#3583,1.75E-1);
#3585=CARTESIAN_POINT('',(-6.3E-1,2.871766889762E-1,5.633780083784E-1));
#3586=LINE('',#3585,#3584);
#3587=DIRECTION('',(-1.E0,0.E0,0.E0));
#3588=VECTOR('',#3587,1.75E-1);
#3589=CARTESIAN_POINT('',(-6.3E-1,3.678508848718E-1,5.814920148722E-1));
#3590=LINE('',#3589,#3588);
#3591=DIRECTION('',(-1.E0,0.E0,0.E0));
#3592=VECTOR('',#3591,1.75E-1);
#3593=CARTESIAN_POINT('',(-6.3E-1,4.078508848718E-1,6.150560001193E-1));
#3594=LINE('',#3593,#3592);
#3595=DIRECTION('',(-1.E0,0.E0,0.E0));
#3596=VECTOR('',#3595,1.75E-1);
#3597=CARTESIAN_POINT('',(-6.3E-1,4.4E-1,8.5E-1));
#3598=LINE('',#3597,#3596);
#3599=DIRECTION('',(-1.E0,0.E0,0.E0));
#3600=VECTOR('',#3599,1.75E-1);
#3601=CARTESIAN_POINT('',(-6.3E-1,4.4E-1,6.84E-1));
#3602=LINE('',#3601,#3600);
#3603=DIRECTION('',(0.E0,0.E0,1.E0));
#3604=VECTOR('',#3603,1.7E-1);
#3605=CARTESIAN_POINT('',(-6.3E-1,3.4E-1,-8.8E-1));
#3606=LINE('',#3605,#3604);
#3607=DIRECTION('',(0.E0,0.E0,1.E0));
#3608=VECTOR('',#3607,1.7E-1);
#3609=CARTESIAN_POINT('',(-8.05E-1,3.4E-1,-8.8E-1));
#3610=LINE('',#3609,#3608);
#3611=DIRECTION('',(0.E0,0.E0,-1.E0));
#3612=VECTOR('',#3611,3.E-2);
#3613=CARTESIAN_POINT('',(-8.45E-1,3.4E-1,-7.1E-1));
#3614=LINE('',#3613,#3612);
#3615=DIRECTION('',(0.E0,0.E0,-1.E0));
#3616=VECTOR('',#3615,1.4E-1);
#3617=CARTESIAN_POINT('',(-8.45E-1,3.4E-1,-7.4E-1));
#3618=LINE('',#3617,#3616);
#3619=DIRECTION('',(0.E0,0.E0,1.E0));
#3620=VECTOR('',#3619,1.7E-1);
#3621=CARTESIAN_POINT('',(-6.3E-1,3.4E-1,7.1E-1));
#3622=LINE('',#3621,#3620);
#3623=DIRECTION('',(0.E0,0.E0,1.E0));
#3624=VECTOR('',#3623,1.7E-1);
#3625=CARTESIAN_POINT('',(-8.05E-1,3.4E-1,7.1E-1));
#3626=LINE('',#3625,#3624);
#3627=DIRECTION('',(0.E0,0.E0,-1.E0));
#3628=VECTOR('',#3627,1.4E-1);
#3629=CARTESIAN_POINT('',(-8.45E-1,3.4E-1,8.8E-1));
#3630=LINE('',#3629,#3628);
#3631=DIRECTION('',(0.E0,0.E0,-1.E0));
#3632=VECTOR('',#3631,3.E-2);
#3633=CARTESIAN_POINT('',(-8.45E-1,3.4E-1,7.4E-1));
#3634=LINE('',#3633,#3632);
#3635=DIRECTION('',(0.E0,-1.E0,0.E0));
#3636=VECTOR('',#3635,1.310648705046E-1);
#3637=CARTESIAN_POINT('',(-6.3E-1,3.4E-1,-7.1E-1));
#3638=LINE('',#3637,#3636);
#3639=DIRECTION('',(1.E0,0.E0,0.E0));
#3640=VECTOR('',#3639,4.E-2);
#3641=CARTESIAN_POINT('',(-6.3E-1,3.4E-1,-7.1E-1));
#3642=LINE('',#3641,#3640);
#3643=DIRECTION('',(0.E0,-1.E0,0.E0));
#3644=VECTOR('',#3643,2.4E-1);
#3645=CARTESIAN_POINT('',(-5.9E-1,3.4E-1,-7.1E-1));
#3646=LINE('',#3645,#3644);
#3647=DIRECTION('',(1.E0,0.E0,0.E0));
#3648=VECTOR('',#3647,4.E-2);
#3649=CARTESIAN_POINT('',(-8.45E-1,3.4E-1,-7.1E-1));
#3650=LINE('',#3649,#3648);
#3651=DIRECTION('',(0.E0,-1.E0,0.E0));
#3652=VECTOR('',#3651,1.310648705046E-1);
#3653=CARTESIAN_POINT('',(-8.05E-1,3.4E-1,-7.1E-1));
#3654=LINE('',#3653,#3652);
#3655=DIRECTION('',(1.E0,0.E0,0.E0));
#3656=VECTOR('',#3655,1.75E-1);
#3657=CARTESIAN_POINT('',(-8.05E-1,2.089351294954E-1,-7.1E-1));
#3658=LINE('',#3657,#3656);
#3659=DIRECTION('',(0.E0,-1.E0,0.E0));
#3660=VECTOR('',#3659,1.8E-1);
#3661=CARTESIAN_POINT('',(-8.1E-1,2.8E-1,-7.1E-1));
#3662=LINE('',#3661,#3660);
#3663=DIRECTION('',(0.E0,0.E0,1.E0));
#3664=VECTOR('',#3663,9.E-2);
#3665=CARTESIAN_POINT('',(-8.1E-1,2.8E-1,-7.1E-1));
#3666=LINE('',#3665,#3664);
#3667=DIRECTION('',(-1.E0,0.E0,0.E0));
#3668=VECTOR('',#3667,4.85E-1);
#3669=CARTESIAN_POINT('',(-8.1E-1,2.8E-1,-6.2E-1));
#3670=LINE('',#3669,#3668);
#3671=DIRECTION('',(0.E0,-1.E0,0.E0));
#3672=VECTOR('',#3671,1.8E-1);
#3673=CARTESIAN_POINT('',(-8.1E-1,2.8E-1,-6.2E-1));
#3674=LINE('',#3673,#3672);
#3675=DIRECTION('',(0.E0,-1.E0,0.E0));
#3676=VECTOR('',#3675,6.E-2);
#3677=CARTESIAN_POINT('',(-8.45E-1,3.4E-1,-7.1E-1));
#3678=LINE('',#3677,#3676);
#3679=DIRECTION('',(-1.E0,0.E0,0.E0));
#3680=VECTOR('',#3679,1.75E-1);
#3681=CARTESIAN_POINT('',(-6.3E-1,1.78E-1,-5.92E-1));
#3682=LINE('',#3681,#3680);
#3683=DIRECTION('',(-1.E0,0.E0,0.E0));
#3684=VECTOR('',#3683,1.75E-1);
#3685=CARTESIAN_POINT('',(-6.3E-1,2.871766889762E-1,-5.633780083784E-1));
#3686=LINE('',#3685,#3684);
#3687=DIRECTION('',(-1.E0,0.E0,0.E0));
#3688=VECTOR('',#3687,1.75E-1);
#3689=CARTESIAN_POINT('',(-6.3E-1,3.678508848718E-1,-5.814920148722E-1));
#3690=LINE('',#3689,#3688);
#3691=DIRECTION('',(-1.E0,0.E0,0.E0));
#3692=VECTOR('',#3691,1.75E-1);
#3693=CARTESIAN_POINT('',(-6.3E-1,4.078508848718E-1,-6.150560001193E-1));
#3694=LINE('',#3693,#3692);
#3695=DIRECTION('',(-1.E0,0.E0,0.E0));
#3696=VECTOR('',#3695,1.75E-1);
#3697=CARTESIAN_POINT('',(-6.3E-1,4.4E-1,-6.84E-1));
#3698=LINE('',#3697,#3696);
#3699=DIRECTION('',(1.E0,0.E0,0.E0));
#3700=VECTOR('',#3699,1.75E-1);
#3701=CARTESIAN_POINT('',(-8.05E-1,4.4E-1,-8.5E-1));
#3702=LINE('',#3701,#3700);
#3703=DIRECTION('',(0.E0,0.E0,1.E0));
#3704=VECTOR('',#3703,1.66E-1);
#3705=CARTESIAN_POINT('',(-6.3E-1,4.4E-1,-8.5E-1));
#3706=LINE('',#3705,#3704);
#3707=DIRECTION('',(0.E0,-1.E0,0.E0));
#3708=VECTOR('',#3707,1.E-1);
#3709=CARTESIAN_POINT('',(-8.45E-1,4.4E-1,-7.4E-1));
#3710=LINE('',#3709,#3708);
#3711=DIRECTION('',(0.E0,0.E0,-1.E0));
#3712=VECTOR('',#3711,1.4E-1);
#3713=CARTESIAN_POINT('',(-8.45E-1,4.4E-1,-7.4E-1));
#3714=LINE('',#3713,#3712);
#3715=DIRECTION('',(0.E0,-1.E0,0.E0));
#3716=VECTOR('',#3715,1.E-1);
#3717=CARTESIAN_POINT('',(-8.45E-1,4.4E-1,7.4E-1));
#3718=LINE('',#3717,#3716);
#3719=DIRECTION('',(0.E0,0.E0,-1.E0));
#3720=VECTOR('',#3719,1.4E-1);
#3721=CARTESIAN_POINT('',(-8.45E-1,4.4E-1,8.8E-1));
#3722=LINE('',#3721,#3720);
#3723=DIRECTION('',(0.E0,-1.E0,0.E0));
#3724=VECTOR('',#3723,1.2E-1);
#3725=CARTESIAN_POINT('',(-1.241299423149E0,4.4E-1,7.4E-1));
#3726=LINE('',#3725,#3724);
#3727=DIRECTION('',(0.E0,-1.E0,0.E0));
#3728=VECTOR('',#3727,1.6E-1);
#3729=CARTESIAN_POINT('',(-1.295E0,4.4E-1,7.4E-1));
#3730=LINE('',#3729,#3728);
#3731=DIRECTION('',(0.E0,-1.E0,0.E0));
#3732=VECTOR('',#3731,1.2E-1);
#3733=CARTESIAN_POINT('',(-8.812994231491E-1,4.4E-1,7.4E-1));
#3734=LINE('',#3733,#3732);
#3735=DIRECTION('',(0.E0,-1.E0,0.E0));
#3736=VECTOR('',#3735,6.E-2);
#3737=CARTESIAN_POINT('',(-8.45E-1,3.4E-1,7.4E-1));
#3738=LINE('',#3737,#3736);
#3739=DIRECTION('',(1.E0,0.E0,0.E0));
#3740=VECTOR('',#3739,3.6E-1);
#3741=CARTESIAN_POINT('',(-1.241299423149E0,3.2E-1,7.4E-1));
#3742=LINE('',#3741,#3740);
#3743=DIRECTION('',(1.E0,0.E0,0.E0));
#3744=VECTOR('',#3743,3.E-1);
#3745=CARTESIAN_POINT('',(-1.181299423149E0,3.2E-1,6.4E-1));
#3746=LINE('',#3745,#3744);
#3747=DIRECTION('',(-1.E0,0.E0,0.E0));
#3748=VECTOR('',#3747,3.E-1);
#3749=CARTESIAN_POINT('',(-8.812994231491E-1,4.04E-1,6.4E-1));
#3750=LINE('',#3749,#3748);
#3751=DIRECTION('',(-1.E0,0.E0,0.E0));
#3752=VECTOR('',#3751,3.704129299844E-1);
#3753=CARTESIAN_POINT('',(-9.028856349870E-1,5.339328623168E-1,
7.826655224298E-1));
#3754=LINE('',#3753,#3752);
#3755=DIRECTION('',(1.E0,0.E0,0.E0));
#3756=VECTOR('',#3755,3.567857142857E-1);
#3757=CARTESIAN_POINT('',(-1.323799423149E0,5.6E-1,8.5E-1));
#3758=LINE('',#3757,#3756);
#3759=DIRECTION('',(0.E0,0.E0,-1.E0));
#3760=VECTOR('',#3759,9.E-2);
#3761=CARTESIAN_POINT('',(8.1E-1,2.8E-1,7.1E-1));
#3762=LINE('',#3761,#3760);
#3763=DIRECTION('',(0.E0,-1.E0,0.E0));
#3764=VECTOR('',#3763,1.8E-1);
#3765=CARTESIAN_POINT('',(8.1E-1,2.8E-1,7.1E-1));
#3766=LINE('',#3765,#3764);
#3767=DIRECTION('',(1.E0,0.E0,0.E0));
#3768=VECTOR('',#3767,4.85E-1);
#3769=CARTESIAN_POINT('',(8.1E-1,2.8E-1,6.2E-1));
#3770=LINE('',#3769,#3768);
#3771=DIRECTION('',(0.E0,-1.E0,0.E0));
#3772=VECTOR('',#3771,1.8E-1);
#3773=CARTESIAN_POINT('',(8.1E-1,2.8E-1,6.2E-1));
#3774=LINE('',#3773,#3772);
#3775=DIRECTION('',(0.E0,1.E0,0.E0));
#3776=VECTOR('',#3775,1.2E-1);
#3777=CARTESIAN_POINT('',(1.241299423149E0,3.2E-1,7.4E-1));
#3778=LINE('',#3777,#3776);
#3779=DIRECTION('',(0.E0,-1.E0,0.E0));
#3780=VECTOR('',#3779,1.2E-1);
#3781=CARTESIAN_POINT('',(8.812994231491E-1,4.4E-1,7.4E-1));
#3782=LINE('',#3781,#3780);
#3783=DIRECTION('',(0.E0,-1.E0,0.E0));
#3784=VECTOR('',#3783,6.E-2);
#3785=CARTESIAN_POINT('',(8.45E-1,3.4E-1,7.4E-1));
#3786=LINE('',#3785,#3784);
#3787=CARTESIAN_POINT('',(1.323799423149E0,5.6E-1,8.5E-1));
#3788=CARTESIAN_POINT('',(1.331377310371E0,5.6E-1,8.601038496296E-1));
#3789=CARTESIAN_POINT('',(1.338878201672E0,5.587443685809E-1,
8.701050380302E-1));
#3790=CARTESIAN_POINT('',(1.346299423149E0,5.561895003862E-1,8.8E-1));
#3792=CARTESIAN_POINT('',(1.323799423149E0,5.6E-1,8.5E-1));
#3793=CARTESIAN_POINT('',(1.314533700587E0,5.6E-1,8.376457032500E-1));
#3794=CARTESIAN_POINT('',(1.296871319063E0,5.555523506509E-1,
8.140958612180E-1));
#3795=CARTESIAN_POINT('',(1.280787353523E0,5.430267645221E-1,
7.926505738319E-1));
#3796=CARTESIAN_POINT('',(1.273298564971E0,5.339328623168E-1,
7.826655224298E-1));
#3798=DIRECTION('',(-4.849349956923E-1,-5.888738073477E-1,-6.465799942564E-1));
#3799=VECTOR('',#3798,1.897143795346E-1);
#3800=CARTESIAN_POINT('',(1.273298564971E0,5.339328623168E-1,
7.826655224298E-1));
#3801=LINE('',#3800,#3799);
#3802=DIRECTION('',(6.E-1,0.E0,8.E-1));
#3803=VECTOR('',#3802,1.E-1);
#3804=CARTESIAN_POINT('',(1.181299423149E0,3.2E-1,6.6E-1));
#3805=LINE('',#3804,#3803);
#3806=CARTESIAN_POINT('',(1.35E0,4.4E-1,8.5E-1));
#3807=DIRECTION('',(1.E0,0.E0,0.E0));
#3808=DIRECTION('',(0.E0,9.682458365518E-1,2.5E-1));
#3809=AXIS2_PLACEMENT_3D('',#3806,#3807,#3808);
#3811=CARTESIAN_POINT('',(1.081299423149E0,4.4E-1,9.7E-1));
#3812=CARTESIAN_POINT('',(1.081299423149E0,4.519047619048E-1,9.7E-1));
#3813=CARTESIAN_POINT('',(1.078271805296E0,4.713242398279E-1,
9.668210012547E-1));
#3814=CARTESIAN_POINT('',(1.066746562109E0,5.022316848256E-1,
9.547194959082E-1));
#3815=CARTESIAN_POINT('',(1.045297599870E0,5.306544991019E-1,
9.321980855565E-1));
#3816=CARTESIAN_POINT('',(1.011561994568E0,5.531664428434E-1,
8.967756999900E-1));
#3817=CARTESIAN_POINT('',(9.834340701113E-1,5.6E-1,8.672413793103E-1));
#3818=CARTESIAN_POINT('',(9.670137088634E-1,5.6E-1,8.5E-1));
#3820=DIRECTION('',(-6.896551724138E-1,0.E0,-7.241379310345E-1));
#3821=VECTOR('',#3820,1.242857142857E-1);
#3822=CARTESIAN_POINT('',(1.081299423149E0,4.4E-1,9.7E-1));
#3823=LINE('',#3822,#3821);
#3824=DIRECTION('',(5.757224002073E-1,5.505571422513E-1,6.045085202176E-1));
#3825=VECTOR('',#3824,3.749413229388E-2);
#3826=CARTESIAN_POINT('',(8.812994231491E-1,5.132901999899E-1,7.6E-1));
#3827=LINE('',#3826,#3825);
#3828=CARTESIAN_POINT('',(9.028856349870E-1,5.339328623168E-1,
7.826655224298E-1));
#3829=CARTESIAN_POINT('',(9.125584932103E-1,5.431829126516E-1,
7.928220235643E-1));
#3830=CARTESIAN_POINT('',(9.331481355418E-1,5.556719923742E-1,
8.144411480123E-1));
#3831=CARTESIAN_POINT('',(9.554266372064E-1,5.6E-1,8.378335747602E-1));
#3832=CARTESIAN_POINT('',(9.670137088634E-1,5.6E-1,8.5E-1));
#3834=DIRECTION('',(0.E0,0.E0,1.E0));
#3835=VECTOR('',#3834,9.E-2);
#3836=CARTESIAN_POINT('',(1.081299423149E0,4.4E-1,-9.7E-1));
#3837=LINE('',#3836,#3835);
#3838=DIRECTION('',(0.E0,0.E0,-1.E0));
#3839=VECTOR('',#3838,9.E-2);
#3840=CARTESIAN_POINT('',(1.081299423149E0,3.95E-1,-8.8E-1));
#3841=LINE('',#3840,#3839);
#3842=DIRECTION('',(1.480297366167E-14,-1.E0,3.454027187723E-14));
#3843=VECTOR('',#3842,4.5E-2);
#3844=CARTESIAN_POINT('',(1.081299423149E0,4.4E-1,9.7E-1));
#3845=LINE('',#3844,#3843);
#3846=DIRECTION('',(0.E0,0.E0,-1.E0));
#3847=VECTOR('',#3846,9.E-2);
#3848=CARTESIAN_POINT('',(1.081299423149E0,3.95E-1,9.7E-1));
#3849=LINE('',#3848,#3847);
#3850=DIRECTION('',(-1.233581138472E-14,0.E0,-1.E0));
#3851=VECTOR('',#3850,9.E-2);
#3852=CARTESIAN_POINT('',(1.081299423149E0,4.4E-1,9.7E-1));
#3853=LINE('',#3852,#3851);
#3854=DIRECTION('',(0.E0,0.E0,-1.E0));
#3855=VECTOR('',#3854,9.E-2);
#3856=CARTESIAN_POINT('',(9.262994231491E-1,2.4E-1,-8.8E-1));
#3857=LINE('',#3856,#3855);
#3858=DIRECTION('',(0.E0,0.E0,-1.E0));
#3859=VECTOR('',#3858,9.E-2);
#3860=CARTESIAN_POINT('',(8.05E-1,2.4E-1,-8.8E-1));
#3861=LINE('',#3860,#3859);
#3862=DIRECTION('',(0.E0,0.E0,1.E0));
#3863=VECTOR('',#3862,9.E-2);
#3864=CARTESIAN_POINT('',(9.262994231491E-1,2.4E-1,8.8E-1));
#3865=LINE('',#3864,#3863);
#3866=DIRECTION('',(0.E0,0.E0,1.E0));
#3867=VECTOR('',#3866,9.E-2);
#3868=CARTESIAN_POINT('',(8.05E-1,2.4E-1,8.8E-1));
#3869=LINE('',#3868,#3867);
#3870=DIRECTION('',(0.E0,-1.E0,0.E0));
#3871=VECTOR('',#3870,7.329019998986E-2);
#3872=CARTESIAN_POINT('',(8.812994231491E-1,5.132901999899E-1,-7.6E-1));
#3873=LINE('',#3872,#3871);
#3874=DIRECTION('',(0.E0,-6.733447757019E-1,7.393286231677E-1));
#3875=VECTOR('',#3874,1.623094199787E-1);
#3876=CARTESIAN_POINT('',(8.812994231491E-1,5.132901999899E-1,-7.6E-1));
#3877=LINE('',#3876,#3875);
#3878=DIRECTION('',(0.E0,-1.E0,0.E0));
#3879=VECTOR('',#3878,8.4E-2);
#3880=CARTESIAN_POINT('',(8.812994231491E-1,4.04E-1,-6.4E-1));
#3881=LINE('',#3880,#3879);
#3882=DIRECTION('',(0.E0,0.E0,-1.E0));
#3883=VECTOR('',#3882,1.E-1);
#3884=CARTESIAN_POINT('',(8.812994231491E-1,3.2E-1,-6.4E-1));
#3885=LINE('',#3884,#3883);
#3886=DIRECTION('',(0.E0,1.E0,0.E0));
#3887=VECTOR('',#3886,7.329019998986E-2);
#3888=CARTESIAN_POINT('',(8.812994231491E-1,4.4E-1,7.6E-1));
#3889=LINE('',#3888,#3887);
#3890=DIRECTION('',(0.E0,0.E0,-1.E0));
#3891=VECTOR('',#3890,1.E-1);
#3892=CARTESIAN_POINT('',(8.812994231491E-1,3.2E-1,7.4E-1));
#3893=LINE('',#3892,#3891);
#3894=DIRECTION('',(0.E0,1.E0,0.E0));
#3895=VECTOR('',#3894,8.4E-2);
#3896=CARTESIAN_POINT('',(8.812994231491E-1,3.2E-1,6.4E-1));
#3897=LINE('',#3896,#3895);
#3898=DIRECTION('',(0.E0,6.733447757019E-1,7.393286231677E-1));
#3899=VECTOR('',#3898,1.623094199787E-1);
#3900=CARTESIAN_POINT('',(8.812994231491E-1,4.04E-1,6.4E-1));
#3901=LINE('',#3900,#3899);
#3902=DIRECTION('',(-1.E0,0.E0,0.E0));
#3903=VECTOR('',#3902,3.E-1);
#3904=CARTESIAN_POINT('',(1.181299423149E0,4.04E-1,-6.4E-1));
#3905=LINE('',#3904,#3903);
#3906=DIRECTION('',(0.E0,1.E0,0.E0));
#3907=VECTOR('',#3906,1.022150333316E-1);
#3908=CARTESIAN_POINT('',(1.181299423149E0,3.2E-1,6.6E-1));
#3909=LINE('',#3908,#3907);
#3910=DIRECTION('',(0.E0,6.733447757019E-1,7.393286231677E-1));
#3911=VECTOR('',#3910,2.705156999645E-2);
#3912=CARTESIAN_POINT('',(1.181299423149E0,4.04E-1,6.4E-1));
#3913=LINE('',#3912,#3911);
#3914=DIRECTION('',(0.E0,1.E0,0.E0));
#3915=VECTOR('',#3914,8.4E-2);
#3916=CARTESIAN_POINT('',(1.181299423149E0,3.2E-1,6.4E-1));
#3917=LINE('',#3916,#3915);
#3918=DIRECTION('',(0.E0,0.E0,-1.E0));
#3919=VECTOR('',#3918,2.E-2);
#3920=CARTESIAN_POINT('',(1.181299423149E0,3.2E-1,6.6E-1));
#3921=LINE('',#3920,#3919);
#3922=DIRECTION('',(0.E0,1.E0,0.E0));
#3923=VECTOR('',#3922,1.022150333316E-1);
#3924=CARTESIAN_POINT('',(1.181299423149E0,3.2E-1,-6.6E-1));
#3925=LINE('',#3924,#3923);
#3926=DIRECTION('',(1.110223024625E-14,0.E0,-1.E0));
#3927=VECTOR('',#3926,2.E-2);
#3928=CARTESIAN_POINT('',(1.181299423149E0,3.2E-1,-6.4E-1));
#3929=LINE('',#3928,#3927);
#3930=DIRECTION('',(0.E0,-1.E0,0.E0));
#3931=VECTOR('',#3930,8.4E-2);
#3932=CARTESIAN_POINT('',(1.181299423149E0,4.04E-1,-6.4E-1));
#3933=LINE('',#3932,#3931);
#3934=DIRECTION('',(0.E0,-6.733447757019E-1,7.393286231677E-1));
#3935=VECTOR('',#3934,2.705156999646E-2);
#3936=CARTESIAN_POINT('',(1.181299423149E0,4.222150333316E-1,-6.6E-1));
#3937=LINE('',#3936,#3935);
#3938=DIRECTION('',(1.E0,0.E0,1.369163930268E-14));
#3939=VECTOR('',#3938,3.567857142857E-1);
#3940=CARTESIAN_POINT('',(9.670137088634E-1,5.6E-1,8.5E-1));
#3941=LINE('',#3940,#3939);
#3942=DIRECTION('',(1.E0,0.E0,0.E0));
#3943=VECTOR('',#3942,3.704129299844E-1);
#3944=CARTESIAN_POINT('',(9.028856349870E-1,5.339328623168E-1,
7.826655224298E-1));
#3945=LINE('',#3944,#3943);
#3946=DIRECTION('',(-1.E0,0.E0,0.E0));
#3947=VECTOR('',#3946,3.E-1);
#3948=CARTESIAN_POINT('',(1.181299423149E0,4.04E-1,6.4E-1));
#3949=LINE('',#3948,#3947);
#3950=DIRECTION('',(1.E0,0.E0,0.E0));
#3951=VECTOR('',#3950,3.E-1);
#3952=CARTESIAN_POINT('',(8.812994231491E-1,3.2E-1,6.4E-1));
#3953=LINE('',#3952,#3951);
#3954=DIRECTION('',(1.E0,0.E0,0.E0));
#3955=VECTOR('',#3954,3.6E-1);
#3956=CARTESIAN_POINT('',(8.812994231491E-1,3.2E-1,7.4E-1));
#3957=LINE('',#3956,#3955);
#3958=DIRECTION('',(-1.E0,0.E0,0.E0));
#3959=VECTOR('',#3958,3.6E-1);
#3960=CARTESIAN_POINT('',(1.241299423149E0,3.2E-1,-7.4E-1));
#3961=LINE('',#3960,#3959);
#3962=DIRECTION('',(1.E0,0.E0,0.E0));
#3963=VECTOR('',#3962,3.E-1);
#3964=CARTESIAN_POINT('',(8.812994231491E-1,3.2E-1,-6.4E-1));
#3965=LINE('',#3964,#3963);
#3966=DIRECTION('',(0.E0,1.E0,0.E0));
#3967=VECTOR('',#3966,1.E-1);
#3968=CARTESIAN_POINT('',(8.45E-1,3.4E-1,-7.4E-1));
#3969=LINE('',#3968,#3967);
#3970=DIRECTION('',(0.E0,0.E0,-1.E0));
#3971=VECTOR('',#3970,1.4E-1);
#3972=CARTESIAN_POINT('',(8.45E-1,3.4E-1,-7.4E-1));
#3973=LINE('',#3972,#3971);
#3974=DIRECTION('',(0.E0,1.E0,0.E0));
#3975=VECTOR('',#3974,1.E-1);
#3976=CARTESIAN_POINT('',(8.45E-1,3.4E-1,7.4E-1));
#3977=LINE('',#3976,#3975);
#3978=DIRECTION('',(0.E0,0.E0,-1.E0));
#3979=VECTOR('',#3978,1.4E-1);
#3980=CARTESIAN_POINT('',(8.45E-1,3.4E-1,8.8E-1));
#3981=LINE('',#3980,#3979);
#3982=DIRECTION('',(0.E0,-1.E0,0.E0));
#3983=VECTOR('',#3982,6.E-2);
#3984=CARTESIAN_POINT('',(8.45E-1,3.4E-1,7.1E-1));
#3985=LINE('',#3984,#3983);
#3986=DIRECTION('',(-1.E0,0.E0,0.E0));
#3987=VECTOR('',#3986,4.85E-1);
#3988=CARTESIAN_POINT('',(1.295E0,2.8E-1,-6.2E-1));
#3989=LINE('',#3988,#3987);
#3990=DIRECTION('',(0.E0,-1.E0,0.E0));
#3991=VECTOR('',#3990,1.8E-1);
#3992=CARTESIAN_POINT('',(1.295E0,2.8E-1,-6.2E-1));
#3993=LINE('',#3992,#3991);
#3994=DIRECTION('',(0.E0,0.E0,-1.E0));
#3995=VECTOR('',#3994,9.E-2);
#3996=CARTESIAN_POINT('',(8.1E-1,2.8E-1,-6.2E-1));
#3997=LINE('',#3996,#3995);
#3998=DIRECTION('',(0.E0,-1.E0,0.E0));
#3999=VECTOR('',#3998,1.8E-1);
#4000=CARTESIAN_POINT('',(8.1E-1,2.8E-1,-6.2E-1));
#4001=LINE('',#4000,#3999);
#4002=DIRECTION('',(0.E0,-1.E0,0.E0));
#4003=VECTOR('',#4002,6.E-2);
#4004=CARTESIAN_POINT('',(8.45E-1,3.4E-1,-7.4E-1));
#4005=LINE('',#4004,#4003);
#4006=DIRECTION('',(0.E0,1.E0,0.E0));
#4007=VECTOR('',#4006,1.E-1);
#4008=CARTESIAN_POINT('',(5.25E-1,0.E0,7.55E-1));
#4009=LINE('',#4008,#4007);
#4010=DIRECTION('',(0.E0,1.E0,0.E0));
#4011=VECTOR('',#4010,1.E-1);
#4012=CARTESIAN_POINT('',(-5.25E-1,0.E0,7.55E-1));
#4013=LINE('',#4012,#4011);
#4014=DIRECTION('',(0.E0,1.E0,0.E0));
#4015=VECTOR('',#4014,1.E-1);
#4016=CARTESIAN_POINT('',(-5.25E-1,0.E0,8.8E-1));
#4017=LINE('',#4016,#4015);
#4018=CARTESIAN_POINT('',(-4.E-1,1.E-1,9.E-1));
#4019=DIRECTION('',(1.E0,0.E0,0.E0));
#4020=DIRECTION('',(0.E0,-1.E0,0.E0));
#4021=AXIS2_PLACEMENT_3D('',#4018,#4019,#4020);
#4023=DIRECTION('',(1.E0,0.E0,0.E0));
#4024=VECTOR('',#4023,1.E-1);
#4025=CARTESIAN_POINT('',(-4.E-1,-2.E-2,9.E-1));
#4026=LINE('',#4025,#4024);
#4027=CARTESIAN_POINT('',(-3.E-1,1.E-1,9.E-1));
#4028=DIRECTION('',(1.E0,0.E0,0.E0));
#4029=DIRECTION('',(0.E0,-1.E0,0.E0));
#4030=AXIS2_PLACEMENT_3D('',#4027,#4028,#4029);
#4032=DIRECTION('',(0.E0,-1.E0,0.E0));
#4033=VECTOR('',#4032,6.E-2);
#4034=CARTESIAN_POINT('',(-4.E-1,6.E-2,1.E0));
#4035=LINE('',#4034,#4033);
#4036=DIRECTION('',(1.E0,0.E0,0.E0));
#4037=VECTOR('',#4036,1.E-1);
#4038=CARTESIAN_POINT('',(-4.E-1,6.E-2,1.E0));
#4039=LINE('',#4038,#4037);
#4040=DIRECTION('',(0.E0,-1.E0,0.E0));
#4041=VECTOR('',#4040,6.E-2);
#4042=CARTESIAN_POINT('',(-3.E-1,6.E-2,1.E0));
#4043=LINE('',#4042,#4041);
#4044=DIRECTION('',(0.E0,0.E0,1.E0));
#4045=VECTOR('',#4044,1.E-1);
#4046=CARTESIAN_POINT('',(-4.E-1,6.E-2,9.E-1));
#4047=LINE('',#4046,#4045);
#4048=DIRECTION('',(1.E0,0.E0,0.E0));
#4049=VECTOR('',#4048,1.E-1);
#4050=CARTESIAN_POINT('',(-4.E-1,6.E-2,9.E-1));
#4051=LINE('',#4050,#4049);
#4052=DIRECTION('',(0.E0,0.E0,1.E0));
#4053=VECTOR('',#4052,1.E-1);
#4054=CARTESIAN_POINT('',(-3.E-1,6.E-2,9.E-1));
#4055=LINE('',#4054,#4053);
#4056=CARTESIAN_POINT('',(-4.E-1,1.E-1,9.E-1));
#4057=DIRECTION('',(1.E0,0.E0,0.E0));
#4058=DIRECTION('',(0.E0,-1.E0,0.E0));
#4059=AXIS2_PLACEMENT_3D('',#4056,#4057,#4058);
#4061=CARTESIAN_POINT('',(-3.E-1,1.E-1,9.E-1));
#4062=DIRECTION('',(1.E0,0.E0,0.E0));
#4063=DIRECTION('',(0.E0,-1.E0,0.E0));
#4064=AXIS2_PLACEMENT_3D('',#4061,#4062,#4063);
#4066=DIRECTION('',(0.E0,0.E0,-1.E0));
#4067=VECTOR('',#4066,6.E-2);
#4068=CARTESIAN_POINT('',(-4.E-1,-2.E-2,9.6E-1));
#4069=LINE('',#4068,#4067);
#4070=DIRECTION('',(1.E0,0.E0,0.E0));
#4071=VECTOR('',#4070,1.E-1);
#4072=CARTESIAN_POINT('',(-4.E-1,-2.E-2,9.6E-1));
#4073=LINE('',#4072,#4071);
#4074=DIRECTION('',(0.E0,0.E0,-1.E0));
#4075=VECTOR('',#4074,6.E-2);
#4076=CARTESIAN_POINT('',(-3.E-1,-2.E-2,9.6E-1));
#4077=LINE('',#4076,#4075);
#4078=DIRECTION('',(1.E0,0.E0,0.E0));
#4079=VECTOR('',#4078,1.E-1);
#4080=CARTESIAN_POINT('',(-4.E-1,0.E0,9.8E-1));
#4081=LINE('',#4080,#4079);
#4082=DIRECTION('',(0.E0,-7.071067811866E-1,-7.071067811865E-1));
#4083=VECTOR('',#4082,2.828427124746E-2);
#4084=CARTESIAN_POINT('',(-3.E-1,0.E0,9.8E-1));
#4085=LINE('',#4084,#4083);
#4086=DIRECTION('',(0.E0,-7.071067811866E-1,-7.071067811865E-1));
#4087=VECTOR('',#4086,2.828427124746E-2);
#4088=CARTESIAN_POINT('',(-4.E-1,0.E0,9.8E-1));
#4089=LINE('',#4088,#4087);
#4090=DIRECTION('',(0.E0,0.E0,-1.E0));
#4091=VECTOR('',#4090,2.E-2);
#4092=CARTESIAN_POINT('',(-4.E-1,0.E0,1.E0));
#4093=LINE('',#4092,#4091);
#4094=DIRECTION('',(1.E0,0.E0,0.E0));
#4095=VECTOR('',#4094,1.E-1);
#4096=CARTESIAN_POINT('',(-4.E-1,0.E0,1.E0));
#4097=LINE('',#4096,#4095);
#4098=DIRECTION('',(0.E0,0.E0,-1.E0));
#4099=VECTOR('',#4098,2.E-2);
#4100=CARTESIAN_POINT('',(-3.E-1,0.E0,1.E0));
#4101=LINE('',#4100,#4099);
#4102=CARTESIAN_POINT('',(-4.E-1,1.E-1,-9.E-1));
#4103=DIRECTION('',(1.E0,0.E0,0.E0));
#4104=DIRECTION('',(0.E0,0.E0,1.E0));
#4105=AXIS2_PLACEMENT_3D('',#4102,#4103,#4104);
#4107=DIRECTION('',(1.E0,0.E0,0.E0));
#4108=VECTOR('',#4107,1.E-1);
#4109=CARTESIAN_POINT('',(-4.E-1,6.E-2,-9.E-1));
#4110=LINE('',#4109,#4108);
#4111=CARTESIAN_POINT('',(-3.E-1,1.E-1,-9.E-1));
#4112=DIRECTION('',(1.E0,0.E0,0.E0));
#4113=DIRECTION('',(0.E0,0.E0,1.E0));
#4114=AXIS2_PLACEMENT_3D('',#4111,#4112,#4113);
#4116=DIRECTION('',(0.E0,0.E0,1.E0));
#4117=VECTOR('',#4116,1.E-1);
#4118=CARTESIAN_POINT('',(-4.E-1,6.E-2,-1.E0));
#4119=LINE('',#4118,#4117);
#4120=DIRECTION('',(1.E0,0.E0,0.E0));
#4121=VECTOR('',#4120,1.E-1);
#4122=CARTESIAN_POINT('',(-4.E-1,6.E-2,-1.E0));
#4123=LINE('',#4122,#4121);
#4124=DIRECTION('',(0.E0,0.E0,1.E0));
#4125=VECTOR('',#4124,1.E-1);
#4126=CARTESIAN_POINT('',(-3.E-1,6.E-2,-1.E0));
#4127=LINE('',#4126,#4125);
#4128=DIRECTION('',(0.E0,1.E0,0.E0));
#4129=VECTOR('',#4128,6.E-2);
#4130=CARTESIAN_POINT('',(-4.E-1,0.E0,-1.E0));
#4131=LINE('',#4130,#4129);
#4132=DIRECTION('',(1.E0,0.E0,0.E0));
#4133=VECTOR('',#4132,1.E-1);
#4134=CARTESIAN_POINT('',(-4.E-1,0.E0,-1.E0));
#4135=LINE('',#4134,#4133);
#4136=DIRECTION('',(0.E0,1.E0,0.E0));
#4137=VECTOR('',#4136,6.E-2);
#4138=CARTESIAN_POINT('',(-3.E-1,0.E0,-1.E0));
#4139=LINE('',#4138,#4137);
#4140=DIRECTION('',(0.E0,0.E0,-1.E0));
#4141=VECTOR('',#4140,2.E-2);
#4142=CARTESIAN_POINT('',(-4.E-1,0.E0,-9.8E-1));
#4143=LINE('',#4142,#4141);
#4144=DIRECTION('',(1.E0,0.E0,0.E0));
#4145=VECTOR('',#4144,1.E-1);
#4146=CARTESIAN_POINT('',(-4.E-1,0.E0,-9.8E-1));
#4147=LINE('',#4146,#4145);
#4148=DIRECTION('',(0.E0,0.E0,-1.E0));
#4149=VECTOR('',#4148,2.E-2);
#4150=CARTESIAN_POINT('',(-3.E-1,0.E0,-9.8E-1));
#4151=LINE('',#4150,#4149);
#4152=DIRECTION('',(0.E0,7.071067811866E-1,-7.071067811865E-1));
#4153=VECTOR('',#4152,2.828427124746E-2);
#4154=CARTESIAN_POINT('',(-4.E-1,-2.E-2,-9.6E-1));
#4155=LINE('',#4154,#4153);
#4156=DIRECTION('',(1.E0,0.E0,0.E0));
#4157=VECTOR('',#4156,1.E-1);
#4158=CARTESIAN_POINT('',(-4.E-1,-2.E-2,-9.6E-1));
#4159=LINE('',#4158,#4157);
#4160=DIRECTION('',(0.E0,7.071067811866E-1,-7.071067811865E-1));
#4161=VECTOR('',#4160,2.828427124746E-2);
#4162=CARTESIAN_POINT('',(-3.E-1,-2.E-2,-9.6E-1));
#4163=LINE('',#4162,#4161);
#4164=DIRECTION('',(0.E0,0.E0,-1.E0));
#4165=VECTOR('',#4164,6.E-2);
#4166=CARTESIAN_POINT('',(-4.E-1,-2.E-2,-9.E-1));
#4167=LINE('',#4166,#4165);
#4168=DIRECTION('',(1.E0,0.E0,0.E0));
#4169=VECTOR('',#4168,1.E-1);
#4170=CARTESIAN_POINT('',(-4.E-1,-2.E-2,-9.E-1));
#4171=LINE('',#4170,#4169);
#4172=DIRECTION('',(0.E0,0.E0,-1.E0));
#4173=VECTOR('',#4172,6.E-2);
#4174=CARTESIAN_POINT('',(-3.E-1,-2.E-2,-9.E-1));
#4175=LINE('',#4174,#4173);
#4176=CARTESIAN_POINT('',(-4.E-1,1.E-1,-9.E-1));
#4177=DIRECTION('',(1.E0,0.E0,0.E0));
#4178=DIRECTION('',(0.E0,0.E0,1.E0));
#4179=AXIS2_PLACEMENT_3D('',#4176,#4177,#4178);
#4181=CARTESIAN_POINT('',(-3.E-1,1.E-1,-9.E-1));
#4182=DIRECTION('',(1.E0,0.E0,0.E0));
#4183=DIRECTION('',(0.E0,0.E0,1.E0));
#4184=AXIS2_PLACEMENT_3D('',#4181,#4182,#4183);
#4186=CARTESIAN_POINT('',(-5.E-2,1.E-1,9.E-1));
#4187=DIRECTION('',(1.E0,0.E0,0.E0));
#4188=DIRECTION('',(0.E0,-1.E0,0.E0));
#4189=AXIS2_PLACEMENT_3D('',#4186,#4187,#4188);
#4191=DIRECTION('',(1.E0,0.E0,0.E0));
#4192=VECTOR('',#4191,1.E-1);
#4193=CARTESIAN_POINT('',(-5.E-2,-2.E-2,9.E-1));
#4194=LINE('',#4193,#4192);
#4195=CARTESIAN_POINT('',(5.E-2,1.E-1,9.E-1));
#4196=DIRECTION('',(1.E0,0.E0,0.E0));
#4197=DIRECTION('',(0.E0,-1.E0,0.E0));
#4198=AXIS2_PLACEMENT_3D('',#4195,#4196,#4197);
#4200=DIRECTION('',(0.E0,-1.E0,0.E0));
#4201=VECTOR('',#4200,6.E-2);
#4202=CARTESIAN_POINT('',(-5.E-2,6.E-2,1.E0));
#4203=LINE('',#4202,#4201);
#4204=DIRECTION('',(1.E0,0.E0,0.E0));
#4205=VECTOR('',#4204,1.E-1);
#4206=CARTESIAN_POINT('',(-5.E-2,6.E-2,1.E0));
#4207=LINE('',#4206,#4205);
#4208=DIRECTION('',(0.E0,-1.E0,0.E0));
#4209=VECTOR('',#4208,6.E-2);
#4210=CARTESIAN_POINT('',(5.E-2,6.E-2,1.E0));
#4211=LINE('',#4210,#4209);
#4212=DIRECTION('',(0.E0,0.E0,1.E0));
#4213=VECTOR('',#4212,1.E-1);
#4214=CARTESIAN_POINT('',(-5.E-2,6.E-2,9.E-1));
#4215=LINE('',#4214,#4213);
#4216=DIRECTION('',(1.E0,0.E0,0.E0));
#4217=VECTOR('',#4216,1.E-1);
#4218=CARTESIAN_POINT('',(-5.E-2,6.E-2,9.E-1));
#4219=LINE('',#4218,#4217);
#4220=DIRECTION('',(0.E0,0.E0,1.E0));
#4221=VECTOR('',#4220,1.E-1);
#4222=CARTESIAN_POINT('',(5.E-2,6.E-2,9.E-1));
#4223=LINE('',#4222,#4221);
#4224=CARTESIAN_POINT('',(-5.E-2,1.E-1,9.E-1));
#4225=DIRECTION('',(1.E0,0.E0,0.E0));
#4226=DIRECTION('',(0.E0,-1.E0,0.E0));
#4227=AXIS2_PLACEMENT_3D('',#4224,#4225,#4226);
#4229=CARTESIAN_POINT('',(5.E-2,1.E-1,9.E-1));
#4230=DIRECTION('',(1.E0,0.E0,0.E0));
#4231=DIRECTION('',(0.E0,-1.E0,0.E0));
#4232=AXIS2_PLACEMENT_3D('',#4229,#4230,#4231);
#4234=DIRECTION('',(0.E0,0.E0,-1.E0));
#4235=VECTOR('',#4234,6.E-2);
#4236=CARTESIAN_POINT('',(-5.E-2,-2.E-2,9.6E-1));
#4237=LINE('',#4236,#4235);
#4238=DIRECTION('',(1.E0,0.E0,0.E0));
#4239=VECTOR('',#4238,1.E-1);
#4240=CARTESIAN_POINT('',(-5.E-2,-2.E-2,9.6E-1));
#4241=LINE('',#4240,#4239);
#4242=DIRECTION('',(0.E0,0.E0,-1.E0));
#4243=VECTOR('',#4242,6.E-2);
#4244=CARTESIAN_POINT('',(5.E-2,-2.E-2,9.6E-1));
#4245=LINE('',#4244,#4243);
#4246=DIRECTION('',(0.E0,-7.071067811866E-1,-7.071067811865E-1));
#4247=VECTOR('',#4246,2.828427124746E-2);
#4248=CARTESIAN_POINT('',(-5.E-2,0.E0,9.8E-1));
#4249=LINE('',#4248,#4247);
#4250=DIRECTION('',(1.E0,0.E0,0.E0));
#4251=VECTOR('',#4250,1.E-1);
#4252=CARTESIAN_POINT('',(-5.E-2,0.E0,9.8E-1));
#4253=LINE('',#4252,#4251);
#4254=DIRECTION('',(0.E0,-7.071067811866E-1,-7.071067811865E-1));
#4255=VECTOR('',#4254,2.828427124746E-2);
#4256=CARTESIAN_POINT('',(5.E-2,0.E0,9.8E-1));
#4257=LINE('',#4256,#4255);
#4258=DIRECTION('',(0.E0,0.E0,-1.E0));
#4259=VECTOR('',#4258,2.E-2);
#4260=CARTESIAN_POINT('',(-5.E-2,0.E0,1.E0));
#4261=LINE('',#4260,#4259);
#4262=DIRECTION('',(1.E0,0.E0,0.E0));
#4263=VECTOR('',#4262,1.E-1);
#4264=CARTESIAN_POINT('',(-5.E-2,0.E0,1.E0));
#4265=LINE('',#4264,#4263);
#4266=DIRECTION('',(0.E0,0.E0,-1.E0));
#4267=VECTOR('',#4266,2.E-2);
#4268=CARTESIAN_POINT('',(5.E-2,0.E0,1.E0));
#4269=LINE('',#4268,#4267);
#4270=CARTESIAN_POINT('',(-5.E-2,1.E-1,-9.E-1));
#4271=DIRECTION('',(1.E0,0.E0,0.E0));
#4272=DIRECTION('',(0.E0,0.E0,1.E0));
#4273=AXIS2_PLACEMENT_3D('',#4270,#4271,#4272);
#4275=DIRECTION('',(1.E0,0.E0,0.E0));
#4276=VECTOR('',#4275,1.E-1);
#4277=CARTESIAN_POINT('',(-5.E-2,6.E-2,-9.E-1));
#4278=LINE('',#4277,#4276);
#4279=CARTESIAN_POINT('',(5.E-2,1.E-1,-9.E-1));
#4280=DIRECTION('',(1.E0,0.E0,0.E0));
#4281=DIRECTION('',(0.E0,0.E0,1.E0));
#4282=AXIS2_PLACEMENT_3D('',#4279,#4280,#4281);
#4284=DIRECTION('',(0.E0,0.E0,1.E0));
#4285=VECTOR('',#4284,1.E-1);
#4286=CARTESIAN_POINT('',(-5.E-2,6.E-2,-1.E0));
#4287=LINE('',#4286,#4285);
#4288=DIRECTION('',(1.E0,0.E0,0.E0));
#4289=VECTOR('',#4288,1.E-1);
#4290=CARTESIAN_POINT('',(-5.E-2,6.E-2,-1.E0));
#4291=LINE('',#4290,#4289);
#4292=DIRECTION('',(0.E0,0.E0,1.E0));
#4293=VECTOR('',#4292,1.E-1);
#4294=CARTESIAN_POINT('',(5.E-2,6.E-2,-1.E0));
#4295=LINE('',#4294,#4293);
#4296=DIRECTION('',(0.E0,1.E0,0.E0));
#4297=VECTOR('',#4296,6.E-2);
#4298=CARTESIAN_POINT('',(-5.E-2,0.E0,-1.E0));
#4299=LINE('',#4298,#4297);
#4300=DIRECTION('',(1.E0,0.E0,0.E0));
#4301=VECTOR('',#4300,1.E-1);
#4302=CARTESIAN_POINT('',(-5.E-2,0.E0,-1.E0));
#4303=LINE('',#4302,#4301);
#4304=DIRECTION('',(0.E0,1.E0,0.E0));
#4305=VECTOR('',#4304,6.E-2);
#4306=CARTESIAN_POINT('',(5.E-2,0.E0,-1.E0));
#4307=LINE('',#4306,#4305);
#4308=DIRECTION('',(0.E0,0.E0,-1.E0));
#4309=VECTOR('',#4308,2.E-2);
#4310=CARTESIAN_POINT('',(-5.E-2,0.E0,-9.8E-1));
#4311=LINE('',#4310,#4309);
#4312=DIRECTION('',(1.E0,0.E0,0.E0));
#4313=VECTOR('',#4312,1.E-1);
#4314=CARTESIAN_POINT('',(-5.E-2,0.E0,-9.8E-1));
#4315=LINE('',#4314,#4313);
#4316=DIRECTION('',(0.E0,0.E0,-1.E0));
#4317=VECTOR('',#4316,2.E-2);
#4318=CARTESIAN_POINT('',(5.E-2,0.E0,-9.8E-1));
#4319=LINE('',#4318,#4317);
#4320=DIRECTION('',(0.E0,7.071067811866E-1,-7.071067811865E-1));
#4321=VECTOR('',#4320,2.828427124746E-2);
#4322=CARTESIAN_POINT('',(-5.E-2,-2.E-2,-9.6E-1));
#4323=LINE('',#4322,#4321);
#4324=DIRECTION('',(1.E0,0.E0,0.E0));
#4325=VECTOR('',#4324,1.E-1);
#4326=CARTESIAN_POINT('',(-5.E-2,-2.E-2,-9.6E-1));
#4327=LINE('',#4326,#4325);
#4328=DIRECTION('',(0.E0,7.071067811865E-1,-7.071067811865E-1));
#4329=VECTOR('',#4328,2.828427124746E-2);
#4330=CARTESIAN_POINT('',(5.E-2,-2.E-2,-9.6E-1));
#4331=LINE('',#4330,#4329);
#4332=DIRECTION('',(0.E0,0.E0,-1.E0));
#4333=VECTOR('',#4332,6.E-2);
#4334=CARTESIAN_POINT('',(-5.E-2,-2.E-2,-9.E-1));
#4335=LINE('',#4334,#4333);
#4336=DIRECTION('',(1.E0,0.E0,0.E0));
#4337=VECTOR('',#4336,1.E-1);
#4338=CARTESIAN_POINT('',(-5.E-2,-2.E-2,-9.E-1));
#4339=LINE('',#4338,#4337);
#4340=DIRECTION('',(0.E0,0.E0,-1.E0));
#4341=VECTOR('',#4340,6.E-2);
#4342=CARTESIAN_POINT('',(5.E-2,-2.E-2,-9.E-1));
#4343=LINE('',#4342,#4341);
#4344=CARTESIAN_POINT('',(-5.E-2,1.E-1,-9.E-1));
#4345=DIRECTION('',(1.E0,0.E0,0.E0));
#4346=DIRECTION('',(0.E0,0.E0,1.E0));
#4347=AXIS2_PLACEMENT_3D('',#4344,#4345,#4346);
#4349=CARTESIAN_POINT('',(5.E-2,1.E-1,-9.E-1));
#4350=DIRECTION('',(1.E0,0.E0,0.E0));
#4351=DIRECTION('',(0.E0,0.E0,1.E0));
#4352=AXIS2_PLACEMENT_3D('',#4349,#4350,#4351);
#4354=CARTESIAN_POINT('',(3.E-1,1.E-1,9.E-1));
#4355=DIRECTION('',(1.E0,0.E0,0.E0));
#4356=DIRECTION('',(0.E0,-1.E0,0.E0));
#4357=AXIS2_PLACEMENT_3D('',#4354,#4355,#4356);
#4359=DIRECTION('',(1.E0,0.E0,0.E0));
#4360=VECTOR('',#4359,1.E-1);
#4361=CARTESIAN_POINT('',(3.E-1,-2.E-2,9.E-1));
#4362=LINE('',#4361,#4360);
#4363=CARTESIAN_POINT('',(4.E-1,1.E-1,9.E-1));
#4364=DIRECTION('',(1.E0,0.E0,0.E0));
#4365=DIRECTION('',(0.E0,-1.E0,0.E0));
#4366=AXIS2_PLACEMENT_3D('',#4363,#4364,#4365);
#4368=DIRECTION('',(0.E0,-1.E0,0.E0));
#4369=VECTOR('',#4368,6.E-2);
#4370=CARTESIAN_POINT('',(3.E-1,6.E-2,1.E0));
#4371=LINE('',#4370,#4369);
#4372=DIRECTION('',(1.E0,0.E0,0.E0));
#4373=VECTOR('',#4372,1.E-1);
#4374=CARTESIAN_POINT('',(3.E-1,6.E-2,1.E0));
#4375=LINE('',#4374,#4373);
#4376=DIRECTION('',(0.E0,-1.E0,0.E0));
#4377=VECTOR('',#4376,6.E-2);
#4378=CARTESIAN_POINT('',(4.E-1,6.E-2,1.E0));
#4379=LINE('',#4378,#4377);
#4380=DIRECTION('',(0.E0,0.E0,1.E0));
#4381=VECTOR('',#4380,1.E-1);
#4382=CARTESIAN_POINT('',(3.E-1,6.E-2,9.E-1));
#4383=LINE('',#4382,#4381);
#4384=DIRECTION('',(1.E0,0.E0,0.E0));
#4385=VECTOR('',#4384,1.E-1);
#4386=CARTESIAN_POINT('',(3.E-1,6.E-2,9.E-1));
#4387=LINE('',#4386,#4385);
#4388=DIRECTION('',(0.E0,0.E0,1.E0));
#4389=VECTOR('',#4388,1.E-1);
#4390=CARTESIAN_POINT('',(4.E-1,6.E-2,9.E-1));
#4391=LINE('',#4390,#4389);
#4392=CARTESIAN_POINT('',(3.E-1,1.E-1,9.E-1));
#4393=DIRECTION('',(1.E0,0.E0,0.E0));
#4394=DIRECTION('',(0.E0,-1.E0,0.E0));
#4395=AXIS2_PLACEMENT_3D('',#4392,#4393,#4394);
#4397=CARTESIAN_POINT('',(4.E-1,1.E-1,9.E-1));
#4398=DIRECTION('',(1.E0,0.E0,0.E0));
#4399=DIRECTION('',(0.E0,-1.E0,0.E0));
#4400=AXIS2_PLACEMENT_3D('',#4397,#4398,#4399);
#4402=DIRECTION('',(0.E0,0.E0,-1.E0));
#4403=VECTOR('',#4402,6.E-2);
#4404=CARTESIAN_POINT('',(3.E-1,-2.E-2,9.6E-1));
#4405=LINE('',#4404,#4403);
#4406=DIRECTION('',(1.E0,0.E0,0.E0));
#4407=VECTOR('',#4406,1.E-1);
#4408=CARTESIAN_POINT('',(3.E-1,-2.E-2,9.6E-1));
#4409=LINE('',#4408,#4407);
#4410=DIRECTION('',(0.E0,0.E0,-1.E0));
#4411=VECTOR('',#4410,6.E-2);
#4412=CARTESIAN_POINT('',(4.E-1,-2.E-2,9.6E-1));
#4413=LINE('',#4412,#4411);
#4414=DIRECTION('',(0.E0,-7.071067811866E-1,-7.071067811865E-1));
#4415=VECTOR('',#4414,2.828427124746E-2);
#4416=CARTESIAN_POINT('',(3.E-1,0.E0,9.8E-1));
#4417=LINE('',#4416,#4415);
#4418=DIRECTION('',(1.E0,0.E0,0.E0));
#4419=VECTOR('',#4418,1.E-1);
#4420=CARTESIAN_POINT('',(3.E-1,0.E0,9.8E-1));
#4421=LINE('',#4420,#4419);
#4422=DIRECTION('',(0.E0,-7.071067811866E-1,-7.071067811865E-1));
#4423=VECTOR('',#4422,2.828427124746E-2);
#4424=CARTESIAN_POINT('',(4.E-1,0.E0,9.8E-1));
#4425=LINE('',#4424,#4423);
#4426=DIRECTION('',(0.E0,0.E0,-1.E0));
#4427=VECTOR('',#4426,2.E-2);
#4428=CARTESIAN_POINT('',(3.E-1,0.E0,1.E0));
#4429=LINE('',#4428,#4427);
#4430=DIRECTION('',(1.E0,0.E0,0.E0));
#4431=VECTOR('',#4430,1.E-1);
#4432=CARTESIAN_POINT('',(3.E-1,0.E0,1.E0));
#4433=LINE('',#4432,#4431);
#4434=DIRECTION('',(0.E0,0.E0,-1.E0));
#4435=VECTOR('',#4434,2.E-2);
#4436=CARTESIAN_POINT('',(4.E-1,0.E0,1.E0));
#4437=LINE('',#4436,#4435);
#4438=CARTESIAN_POINT('',(3.E-1,1.E-1,-9.E-1));
#4439=DIRECTION('',(1.E0,0.E0,0.E0));
#4440=DIRECTION('',(0.E0,0.E0,1.E0));
#4441=AXIS2_PLACEMENT_3D('',#4438,#4439,#4440);
#4443=DIRECTION('',(1.E0,0.E0,0.E0));
#4444=VECTOR('',#4443,1.E-1);
#4445=CARTESIAN_POINT('',(3.E-1,6.E-2,-9.E-1));
#4446=LINE('',#4445,#4444);
#4447=CARTESIAN_POINT('',(4.E-1,1.E-1,-9.E-1));
#4448=DIRECTION('',(1.E0,0.E0,0.E0));
#4449=DIRECTION('',(0.E0,0.E0,1.E0));
#4450=AXIS2_PLACEMENT_3D('',#4447,#4448,#4449);
#4452=DIRECTION('',(0.E0,0.E0,1.E0));
#4453=VECTOR('',#4452,1.E-1);
#4454=CARTESIAN_POINT('',(3.E-1,6.E-2,-1.E0));
#4455=LINE('',#4454,#4453);
#4456=DIRECTION('',(1.E0,0.E0,0.E0));
#4457=VECTOR('',#4456,1.E-1);
#4458=CARTESIAN_POINT('',(3.E-1,6.E-2,-1.E0));
#4459=LINE('',#4458,#4457);
#4460=DIRECTION('',(0.E0,0.E0,1.E0));
#4461=VECTOR('',#4460,1.E-1);
#4462=CARTESIAN_POINT('',(4.E-1,6.E-2,-1.E0));
#4463=LINE('',#4462,#4461);
#4464=DIRECTION('',(0.E0,1.E0,0.E0));
#4465=VECTOR('',#4464,6.E-2);
#4466=CARTESIAN_POINT('',(3.E-1,0.E0,-1.E0));
#4467=LINE('',#4466,#4465);
#4468=DIRECTION('',(1.E0,0.E0,0.E0));
#4469=VECTOR('',#4468,1.E-1);
#4470=CARTESIAN_POINT('',(3.E-1,0.E0,-1.E0));
#4471=LINE('',#4470,#4469);
#4472=DIRECTION('',(0.E0,1.E0,0.E0));
#4473=VECTOR('',#4472,6.E-2);
#4474=CARTESIAN_POINT('',(4.E-1,0.E0,-1.E0));
#4475=LINE('',#4474,#4473);
#4476=DIRECTION('',(0.E0,0.E0,-1.E0));
#4477=VECTOR('',#4476,2.E-2);
#4478=CARTESIAN_POINT('',(3.E-1,0.E0,-9.8E-1));
#4479=LINE('',#4478,#4477);
#4480=DIRECTION('',(1.E0,0.E0,0.E0));
#4481=VECTOR('',#4480,1.E-1);
#4482=CARTESIAN_POINT('',(3.E-1,0.E0,-9.8E-1));
#4483=LINE('',#4482,#4481);
#4484=DIRECTION('',(0.E0,0.E0,-1.E0));
#4485=VECTOR('',#4484,2.E-2);
#4486=CARTESIAN_POINT('',(4.E-1,0.E0,-9.8E-1));
#4487=LINE('',#4486,#4485);
#4488=DIRECTION('',(0.E0,7.071067811866E-1,-7.071067811865E-1));
#4489=VECTOR('',#4488,2.828427124746E-2);
#4490=CARTESIAN_POINT('',(3.E-1,-2.E-2,-9.6E-1));
#4491=LINE('',#4490,#4489);
#4492=DIRECTION('',(1.E0,0.E0,0.E0));
#4493=VECTOR('',#4492,1.E-1);
#4494=CARTESIAN_POINT('',(3.E-1,-2.E-2,-9.6E-1));
#4495=LINE('',#4494,#4493);
#4496=DIRECTION('',(0.E0,7.071067811866E-1,-7.071067811865E-1));
#4497=VECTOR('',#4496,2.828427124746E-2);
#4498=CARTESIAN_POINT('',(4.E-1,-2.E-2,-9.6E-1));
#4499=LINE('',#4498,#4497);
#4500=DIRECTION('',(0.E0,0.E0,-1.E0));
#4501=VECTOR('',#4500,6.E-2);
#4502=CARTESIAN_POINT('',(3.E-1,-2.E-2,-9.E-1));
#4503=LINE('',#4502,#4501);
#4504=DIRECTION('',(1.E0,0.E0,0.E0));
#4505=VECTOR('',#4504,1.E-1);
#4506=CARTESIAN_POINT('',(3.E-1,-2.E-2,-9.E-1));
#4507=LINE('',#4506,#4505);
#4508=DIRECTION('',(0.E0,0.E0,-1.E0));
#4509=VECTOR('',#4508,6.E-2);
#4510=CARTESIAN_POINT('',(4.E-1,-2.E-2,-9.E-1));
#4511=LINE('',#4510,#4509);
#4512=CARTESIAN_POINT('',(3.E-1,1.E-1,-9.E-1));
#4513=DIRECTION('',(1.E0,0.E0,0.E0));
#4514=DIRECTION('',(0.E0,0.E0,1.E0));
#4515=AXIS2_PLACEMENT_3D('',#4512,#4513,#4514);
#4517=CARTESIAN_POINT('',(4.E-1,1.E-1,-9.E-1));
#4518=DIRECTION('',(1.E0,0.E0,0.E0));
#4519=DIRECTION('',(0.E0,0.E0,1.E0));
#4520=AXIS2_PLACEMENT_3D('',#4517,#4518,#4519);
#4522=DIRECTION('',(0.E0,0.E0,-1.E0));
#4523=VECTOR('',#4522,9.E-2);
#4524=CARTESIAN_POINT('',(-1.081299423149E0,3.95E-1,-8.8E-1));
#4525=LINE('',#4524,#4523);
#4526=DIRECTION('',(0.E0,0.E0,-1.E0));
#4527=VECTOR('',#4526,9.E-2);
#4528=CARTESIAN_POINT('',(-9.262994231491E-1,2.4E-1,-8.8E-1));
#4529=LINE('',#4528,#4527);
#4530=DIRECTION('',(0.E0,0.E0,1.E0));
#4531=VECTOR('',#4530,9.E-2);
#4532=CARTESIAN_POINT('',(-1.015E0,6.E-2,8.8E-1));
#4533=LINE('',#4532,#4531);
#4534=DIRECTION('',(0.E0,0.E0,1.E0));
#4535=VECTOR('',#4534,9.E-2);
#4536=CARTESIAN_POINT('',(-6.3E-1,6.E-2,8.8E-1));
#4537=LINE('',#4536,#4535);
#4538=DIRECTION('',(-1.E0,0.E0,0.E0));
#4539=VECTOR('',#4538,2.5E-1);
#4540=CARTESIAN_POINT('',(-1.5E0,2.2E-1,6.15E-1));
#4541=LINE('',#4540,#4539);
#4542=DIRECTION('',(0.E0,1.E0,0.E0));
#4543=VECTOR('',#4542,2.2E-1);
#4544=CARTESIAN_POINT('',(-1.5E0,0.E0,6.15E-1));
#4545=LINE('',#4544,#4543);
#4546=DIRECTION('',(0.E0,0.E0,1.E0));
#4547=VECTOR('',#4546,1.85E-1);
#4548=CARTESIAN_POINT('',(-1.75E0,2.2E-1,6.15E-1));
#4549=LINE('',#4548,#4547);
#4550=DIRECTION('',(0.E0,1.E0,0.E0));
#4551=VECTOR('',#4550,2.2E-1);
#4552=CARTESIAN_POINT('',(-1.75E0,0.E0,6.15E-1));
#4553=LINE('',#4552,#4551);
#4554=CARTESIAN_POINT('',(-1.55E0,2.2E-1,8.E-1));
#4555=DIRECTION('',(0.E0,1.E0,0.E0));
#4556=DIRECTION('',(-1.E0,0.E0,0.E0));
#4557=AXIS2_PLACEMENT_3D('',#4554,#4555,#4556);
#4559=DIRECTION('',(0.E0,1.E0,0.E0));
#4560=VECTOR('',#4559,2.2E-1);
#4561=CARTESIAN_POINT('',(-1.75E0,0.E0,8.E-1));
#4562=LINE('',#4561,#4560);
#4563=DIRECTION('',(1.E0,0.E0,0.E0));
#4564=VECTOR('',#4563,3.15E-1);
#4565=CARTESIAN_POINT('',(-1.55E0,2.2E-1,1.E0));
#4566=LINE('',#4565,#4564);
#4567=DIRECTION('',(0.E0,1.E0,0.E0));
#4568=VECTOR('',#4567,2.2E-1);
#4569=CARTESIAN_POINT('',(-1.55E0,0.E0,1.E0));
#4570=LINE('',#4569,#4568);
#4571=DIRECTION('',(0.E0,0.E0,-1.E0));
#4572=VECTOR('',#4571,1.2E-1);
#4573=CARTESIAN_POINT('',(-1.235E0,2.2E-1,1.E0));
#4574=LINE('',#4573,#4572);
#4575=DIRECTION('',(0.E0,1.E0,0.E0));
#4576=VECTOR('',#4575,2.2E-1);
#4577=CARTESIAN_POINT('',(-1.235E0,0.E0,1.E0));
#4578=LINE('',#4577,#4576);
#4579=DIRECTION('',(0.E0,0.E0,1.E0));
#4580=VECTOR('',#4579,1.2E-1);
#4581=CARTESIAN_POINT('',(1.235E0,2.2E-1,8.8E-1));
#4582=LINE('',#4581,#4580);
#4583=DIRECTION('',(0.E0,1.E0,0.E0));
#4584=VECTOR('',#4583,2.2E-1);
#4585=CARTESIAN_POINT('',(1.235E0,0.E0,8.8E-1));
#4586=LINE('',#4585,#4584);
#4587=DIRECTION('',(1.E0,0.E0,0.E0));
#4588=VECTOR('',#4587,3.15E-1);
#4589=CARTESIAN_POINT('',(1.235E0,2.2E-1,1.E0));
#4590=LINE('',#4589,#4588);
#4591=DIRECTION('',(0.E0,1.E0,0.E0));
#4592=VECTOR('',#4591,2.2E-1);
#4593=CARTESIAN_POINT('',(1.235E0,0.E0,1.E0));
#4594=LINE('',#4593,#4592);
#4595=CARTESIAN_POINT('',(1.55E0,2.2E-1,8.E-1));
#4596=DIRECTION('',(0.E0,1.E0,0.E0));
#4597=DIRECTION('',(0.E0,0.E0,1.E0));
#4598=AXIS2_PLACEMENT_3D('',#4595,#4596,#4597);
#4600=DIRECTION('',(0.E0,1.E0,0.E0));
#4601=VECTOR('',#4600,2.2E-1);
#4602=CARTESIAN_POINT('',(1.55E0,0.E0,1.E0));
#4603=LINE('',#4602,#4601);
#4604=DIRECTION('',(0.E0,0.E0,-1.E0));
#4605=VECTOR('',#4604,1.85E-1);
#4606=CARTESIAN_POINT('',(1.75E0,2.2E-1,8.E-1));
#4607=LINE('',#4606,#4605);
#4608=DIRECTION('',(0.E0,1.E0,0.E0));
#4609=VECTOR('',#4608,2.2E-1);
#4610=CARTESIAN_POINT('',(1.75E0,0.E0,8.E-1));
#4611=LINE('',#4610,#4609);
#4612=DIRECTION('',(-1.E0,0.E0,0.E0));
#4613=VECTOR('',#4612,2.5E-1);
#4614=CARTESIAN_POINT('',(1.75E0,2.2E-1,6.15E-1));
#4615=LINE('',#4614,#4613);
#4616=DIRECTION('',(0.E0,1.E0,0.E0));
#4617=VECTOR('',#4616,2.2E-1);
#4618=CARTESIAN_POINT('',(1.75E0,0.E0,6.15E-1));
#4619=LINE('',#4618,#4617);
#4620=DIRECTION('',(1.E0,0.E0,0.E0));
#4621=VECTOR('',#4620,2.5E-1);
#4622=CARTESIAN_POINT('',(1.5E0,2.2E-1,-6.15E-1));
#4623=LINE('',#4622,#4621);
#4624=DIRECTION('',(0.E0,1.E0,0.E0));
#4625=VECTOR('',#4624,2.2E-1);
#4626=CARTESIAN_POINT('',(1.5E0,0.E0,-6.15E-1));
#4627=LINE('',#4626,#4625);
#4628=DIRECTION('',(0.E0,0.E0,-1.E0));
#4629=VECTOR('',#4628,1.85E-1);
#4630=CARTESIAN_POINT('',(1.75E0,2.2E-1,-6.15E-1));
#4631=LINE('',#4630,#4629);
#4632=DIRECTION('',(0.E0,1.E0,0.E0));
#4633=VECTOR('',#4632,2.2E-1);
#4634=CARTESIAN_POINT('',(1.75E0,0.E0,-6.15E-1));
#4635=LINE('',#4634,#4633);
#4636=CARTESIAN_POINT('',(1.55E0,2.2E-1,-8.E-1));
#4637=DIRECTION('',(0.E0,1.E0,0.E0));
#4638=DIRECTION('',(1.E0,0.E0,0.E0));
#4639=AXIS2_PLACEMENT_3D('',#4636,#4637,#4638);
#4641=DIRECTION('',(0.E0,1.E0,0.E0));
#4642=VECTOR('',#4641,2.2E-1);
#4643=CARTESIAN_POINT('',(1.75E0,0.E0,-8.E-1));
#4644=LINE('',#4643,#4642);
#4645=DIRECTION('',(-1.E0,0.E0,0.E0));
#4646=VECTOR('',#4645,3.15E-1);
#4647=CARTESIAN_POINT('',(1.55E0,2.2E-1,-1.E0));
#4648=LINE('',#4647,#4646);
#4649=DIRECTION('',(0.E0,1.E0,0.E0));
#4650=VECTOR('',#4649,2.2E-1);
#4651=CARTESIAN_POINT('',(1.55E0,0.E0,-1.E0));
#4652=LINE('',#4651,#4650);
#4653=DIRECTION('',(0.E0,0.E0,1.E0));
#4654=VECTOR('',#4653,1.2E-1);
#4655=CARTESIAN_POINT('',(1.235E0,2.2E-1,-1.E0));
#4656=LINE('',#4655,#4654);
#4657=DIRECTION('',(0.E0,1.E0,0.E0));
#4658=VECTOR('',#4657,2.2E-1);
#4659=CARTESIAN_POINT('',(1.235E0,0.E0,-1.E0));
#4660=LINE('',#4659,#4658);
#4661=DIRECTION('',(1.E0,0.E0,0.E0));
#4662=VECTOR('',#4661,4.E-2);
#4663=CARTESIAN_POINT('',(1.55E0,2.86E-1,-3.5E-1));
#4664=LINE('',#4663,#4662);
#4665=DIRECTION('',(0.E0,1.E0,0.E0));
#4666=VECTOR('',#4665,2.6E-2);
#4667=CARTESIAN_POINT('',(1.55E0,2.6E-1,-3.5E-1));
#4668=LINE('',#4667,#4666);
#4669=DIRECTION('',(1.E0,0.E0,0.E0));
#4670=VECTOR('',#4669,5.E-2);
#4671=CARTESIAN_POINT('',(1.5E0,2.6E-1,-3.5E-1));
#4672=LINE('',#4671,#4670);
#4673=DIRECTION('',(0.E0,1.E0,0.E0));
#4674=VECTOR('',#4673,4.E-1);
#4675=CARTESIAN_POINT('',(1.75E0,0.E0,-3.5E-1));
#4676=LINE('',#4675,#4674);
#4677=DIRECTION('',(-1.E0,0.E0,0.E0));
#4678=VECTOR('',#4677,1.6E-1);
#4679=CARTESIAN_POINT('',(1.75E0,4.E-1,-3.5E-1));
#4680=LINE('',#4679,#4678);
#4681=DIRECTION('',(0.E0,0.E0,1.E0));
#4682=VECTOR('',#4681,7.E-1);
#4683=CARTESIAN_POINT('',(1.55E0,2.86E-1,-3.5E-1));
#4684=LINE('',#4683,#4682);
#4685=DIRECTION('',(0.E0,0.E0,-1.E0));
#4686=VECTOR('',#4685,7.E-1);
#4687=CARTESIAN_POINT('',(1.55E0,2.6E-1,3.5E-1));
#4688=LINE('',#4687,#4686);
#4689=DIRECTION('',(-1.E0,0.E0,0.E0));
#4690=VECTOR('',#4689,1.6E-1);
#4691=CARTESIAN_POINT('',(1.75E0,4.E-1,3.5E-1));
#4692=LINE('',#4691,#4690);
#4693=DIRECTION('',(0.E0,1.E0,0.E0));
#4694=VECTOR('',#4693,2.6E-1);
#4695=CARTESIAN_POINT('',(1.5E0,0.E0,3.5E-1));
#4696=LINE('',#4695,#4694);
#4697=DIRECTION('',(1.E0,0.E0,0.E0));
#4698=VECTOR('',#4697,5.E-2);
#4699=CARTESIAN_POINT('',(1.5E0,2.6E-1,3.5E-1));
#4700=LINE('',#4699,#4698);
#4701=DIRECTION('',(0.E0,1.E0,0.E0));
#4702=VECTOR('',#4701,2.6E-2);
#4703=CARTESIAN_POINT('',(1.55E0,2.6E-1,3.5E-1));
#4704=LINE('',#4703,#4702);
#4705=DIRECTION('',(1.E0,0.E0,0.E0));
#4706=VECTOR('',#4705,4.E-2);
#4707=CARTESIAN_POINT('',(1.55E0,2.86E-1,3.5E-1));
#4708=LINE('',#4707,#4706);
#4709=DIRECTION('',(0.E0,0.E0,1.E0));
#4710=VECTOR('',#4709,7.E-1);
#4711=CARTESIAN_POINT('',(1.59E0,4.E-1,-3.5E-1));
#4712=LINE('',#4711,#4710);
#4713=DIRECTION('',(0.E0,0.E0,-1.E0));
#4714=VECTOR('',#4713,7.E-1);
#4715=CARTESIAN_POINT('',(1.75E0,4.E-1,3.5E-1));
#4716=LINE('',#4715,#4714);
#4717=DIRECTION('',(0.E0,1.E0,0.E0));
#4718=VECTOR('',#4717,4.E-1);
#4719=CARTESIAN_POINT('',(1.75E0,0.E0,3.5E-1));
#4720=LINE('',#4719,#4718);
#4721=DIRECTION('',(0.E0,0.E0,-1.E0));
#4722=VECTOR('',#4721,7.E-1);
#4723=CARTESIAN_POINT('',(1.5E0,2.6E-1,3.5E-1));
#4724=LINE('',#4723,#4722);
#4725=DIRECTION('',(0.E0,0.E0,1.E0));
#4726=VECTOR('',#4725,9.E-2);
#4727=CARTESIAN_POINT('',(1.205E0,2.5E-1,8.8E-1));
#4728=LINE('',#4727,#4726);
#4729=DIRECTION('',(0.E0,0.E0,1.E0));
#4730=VECTOR('',#4729,9.E-2);
#4731=CARTESIAN_POINT('',(1.015E0,6.E-2,8.8E-1));
#4732=LINE('',#4731,#4730);
#4733=DIRECTION('',(0.E0,0.E0,-1.E0));
#4734=VECTOR('',#4733,9.E-2);
#4735=CARTESIAN_POINT('',(1.015E0,6.E-2,-8.8E-1));
#4736=LINE('',#4735,#4734);
#4737=DIRECTION('',(0.E0,0.E0,1.E0));
#4738=VECTOR('',#4737,2.25E-1);
#4739=CARTESIAN_POINT('',(1.63E0,-2.E-2,-5.95E-1));
#4740=LINE('',#4739,#4738);
#4741=DIRECTION('',(0.E0,0.E0,1.E0));
#4742=VECTOR('',#4741,2.25E-1);
#4743=CARTESIAN_POINT('',(1.67E0,-2.E-2,-5.95E-1));
#4744=LINE('',#4743,#4742);
#4745=DIRECTION('',(0.E0,0.E0,1.E0));
#4746=VECTOR('',#4745,2.25E-1);
#4747=CARTESIAN_POINT('',(1.69E0,0.E0,-5.95E-1));
#4748=LINE('',#4747,#4746);
#4749=DIRECTION('',(0.E0,0.E0,1.E0));
#4750=VECTOR('',#4749,2.25E-1);
#4751=CARTESIAN_POINT('',(1.73E0,0.E0,-5.95E-1));
#4752=LINE('',#4751,#4750);
#4753=DIRECTION('',(0.E0,0.E0,1.E0));
#4754=VECTOR('',#4753,2.25E-1);
#4755=CARTESIAN_POINT('',(1.73E0,6.E-2,-5.95E-1));
#4756=LINE('',#4755,#4754);
#4757=DIRECTION('',(0.E0,0.E0,1.E0));
#4758=VECTOR('',#4757,2.25E-1);
#4759=CARTESIAN_POINT('',(1.63E0,6.E-2,-5.95E-1));
#4760=LINE('',#4759,#4758);
#4761=DIRECTION('',(0.E0,0.E0,1.E0));
#4762=VECTOR('',#4761,2.25E-1);
#4763=CARTESIAN_POINT('',(1.59E0,1.E-1,-5.95E-1));
#4764=LINE('',#4763,#4762);
#4765=DIRECTION('',(0.E0,0.E0,1.E0));
#4766=VECTOR('',#4765,9.E-2);
#4767=CARTESIAN_POINT('',(-9.262994231491E-1,2.4E-1,8.8E-1));
#4768=LINE('',#4767,#4766);
#4769=CARTESIAN_POINT('',(-1.75E0,0.E0,-8.E-1));
#4770=CARTESIAN_POINT('',(-1.75E0,0.E0,-6.15E-1));
#4771=VERTEX_POINT('',#4769);
#4772=VERTEX_POINT('',#4770);
#4773=CARTESIAN_POINT('',(-1.5E0,0.E0,-6.15E-1));
#4774=VERTEX_POINT('',#4773);
#4775=CARTESIAN_POINT('',(-1.5E0,0.E0,-3.5E-1));
#4776=VERTEX_POINT('',#4775);
#4777=CARTESIAN_POINT('',(-1.75E0,0.E0,-3.5E-1));
#4778=VERTEX_POINT('',#4777);
#4779=CARTESIAN_POINT('',(-1.75E0,0.E0,3.5E-1));
#4780=VERTEX_POINT('',#4779);
#4781=CARTESIAN_POINT('',(-1.5E0,0.E0,3.5E-1));
#4782=VERTEX_POINT('',#4781);
#4783=CARTESIAN_POINT('',(-1.5E0,0.E0,6.15E-1));
#4784=VERTEX_POINT('',#4783);
#4785=CARTESIAN_POINT('',(-1.75E0,0.E0,6.15E-1));
#4786=VERTEX_POINT('',#4785);
#4787=CARTESIAN_POINT('',(-1.75E0,0.E0,8.E-1));
#4788=VERTEX_POINT('',#4787);
#4789=CARTESIAN_POINT('',(-1.55E0,0.E0,1.E0));
#4790=VERTEX_POINT('',#4789);
#4791=CARTESIAN_POINT('',(-1.235E0,0.E0,1.E0));
#4792=VERTEX_POINT('',#4791);
#4793=CARTESIAN_POINT('',(-1.235E0,0.E0,8.8E-1));
#4794=VERTEX_POINT('',#4793);
#4795=CARTESIAN_POINT('',(1.235E0,0.E0,8.8E-1));
#4796=CARTESIAN_POINT('',(1.235E0,0.E0,1.E0));
#4797=VERTEX_POINT('',#4795);
#4798=VERTEX_POINT('',#4796);
#4799=CARTESIAN_POINT('',(1.55E0,0.E0,1.E0));
#4800=VERTEX_POINT('',#4799);
#4801=CARTESIAN_POINT('',(1.75E0,0.E0,8.E-1));
#4802=VERTEX_POINT('',#4801);
#4803=CARTESIAN_POINT('',(1.75E0,0.E0,6.15E-1));
#4804=VERTEX_POINT('',#4803);
#4805=CARTESIAN_POINT('',(1.5E0,0.E0,6.15E-1));
#4806=VERTEX_POINT('',#4805);
#4807=CARTESIAN_POINT('',(1.5E0,0.E0,3.5E-1));
#4808=VERTEX_POINT('',#4807);
#4809=CARTESIAN_POINT('',(1.75E0,0.E0,3.5E-1));
#4810=VERTEX_POINT('',#4809);
#4811=CARTESIAN_POINT('',(1.75E0,0.E0,-3.5E-1));
#4812=VERTEX_POINT('',#4811);
#4813=CARTESIAN_POINT('',(1.5E0,0.E0,-3.5E-1));
#4814=VERTEX_POINT('',#4813);
#4815=CARTESIAN_POINT('',(1.5E0,0.E0,-6.15E-1));
#4816=VERTEX_POINT('',#4815);
#4817=CARTESIAN_POINT('',(1.75E0,0.E0,-6.15E-1));
#4818=VERTEX_POINT('',#4817);
#4819=CARTESIAN_POINT('',(1.75E0,0.E0,-8.E-1));
#4820=VERTEX_POINT('',#4819);
#4821=CARTESIAN_POINT('',(1.55E0,0.E0,-1.E0));
#4822=VERTEX_POINT('',#4821);
#4823=CARTESIAN_POINT('',(1.235E0,0.E0,-1.E0));
#4824=VERTEX_POINT('',#4823);
#4825=CARTESIAN_POINT('',(1.235E0,0.E0,-8.8E-1));
#4826=VERTEX_POINT('',#4825);
#4827=CARTESIAN_POINT('',(-1.235E0,0.E0,-8.8E-1));
#4828=CARTESIAN_POINT('',(-1.235E0,0.E0,-1.E0));
#4829=VERTEX_POINT('',#4827);
#4830=VERTEX_POINT('',#4828);
#4831=CARTESIAN_POINT('',(-1.55E0,0.E0,-1.E0));
#4832=VERTEX_POINT('',#4831);
#4833=CARTESIAN_POINT('',(-5.9E-1,4.6E-1,1.E0));
#4834=CARTESIAN_POINT('',(5.9E-1,4.6E-1,1.E0));
#4835=VERTEX_POINT('',#4833);
#4836=VERTEX_POINT('',#4834);
#4837=CARTESIAN_POINT('',(5.9E-1,4.6E-1,-1.E0));
#4838=CARTESIAN_POINT('',(-5.9E-1,4.6E-1,-1.E0));
#4839=VERTEX_POINT('',#4837);
#4840=VERTEX_POINT('',#4838);
#4841=CARTESIAN_POINT('',(-1.5E0,2.6E-1,-3.5E-1));
#4842=CARTESIAN_POINT('',(-1.55E0,2.6E-1,-3.5E-1));
#4843=VERTEX_POINT('',#4841);
#4844=VERTEX_POINT('',#4842);
#4845=CARTESIAN_POINT('',(-1.75E0,4.E-1,-3.5E-1));
#4846=CARTESIAN_POINT('',(-1.75E0,4.E-1,3.5E-1));
#4847=VERTEX_POINT('',#4845);
#4848=VERTEX_POINT('',#4846);
#4849=CARTESIAN_POINT('',(-1.5E0,2.6E-1,3.5E-1));
#4850=CARTESIAN_POINT('',(-1.55E0,2.6E-1,3.5E-1));
#4851=VERTEX_POINT('',#4849);
#4852=VERTEX_POINT('',#4850);
#4853=CARTESIAN_POINT('',(-8.45E-1,4.4E-1,8.8E-1));
#4854=CARTESIAN_POINT('',(-8.45E-1,3.4E-1,8.8E-1));
#4855=VERTEX_POINT('',#4853);
#4856=VERTEX_POINT('',#4854);
#4857=CARTESIAN_POINT('',(8.45E-1,3.4E-1,8.8E-1));
#4858=CARTESIAN_POINT('',(8.45E-1,4.4E-1,8.8E-1));
#4859=VERTEX_POINT('',#4857);
#4860=VERTEX_POINT('',#4858);
#4861=CARTESIAN_POINT('',(1.5E0,2.6E-1,3.5E-1));
#4862=CARTESIAN_POINT('',(1.55E0,2.6E-1,3.5E-1));
#4863=VERTEX_POINT('',#4861);
#4864=VERTEX_POINT('',#4862);
#4865=CARTESIAN_POINT('',(1.75E0,4.E-1,3.5E-1));
#4866=CARTESIAN_POINT('',(1.75E0,4.E-1,-3.5E-1));
#4867=VERTEX_POINT('',#4865);
#4868=VERTEX_POINT('',#4866);
#4869=CARTESIAN_POINT('',(1.5E0,2.6E-1,-3.5E-1));
#4870=CARTESIAN_POINT('',(1.55E0,2.6E-1,-3.5E-1));
#4871=VERTEX_POINT('',#4869);
#4872=VERTEX_POINT('',#4870);
#4873=CARTESIAN_POINT('',(8.45E-1,3.4E-1,-8.8E-1));
#4874=CARTESIAN_POINT('',(8.45E-1,4.4E-1,-8.8E-1));
#4875=VERTEX_POINT('',#4873);
#4876=VERTEX_POINT('',#4874);
#4877=CARTESIAN_POINT('',(-8.45E-1,4.4E-1,-8.8E-1));
#4878=CARTESIAN_POINT('',(-8.45E-1,3.4E-1,-8.8E-1));
#4879=VERTEX_POINT('',#4877);
#4880=VERTEX_POINT('',#4878);
#4881=CARTESIAN_POINT('',(-1.75E0,2.2E-1,-8.E-1));
#4882=CARTESIAN_POINT('',(-1.75E0,2.2E-1,-6.15E-1));
#4883=VERTEX_POINT('',#4881);
#4884=VERTEX_POINT('',#4882);
#4885=CARTESIAN_POINT('',(-1.5E0,2.2E-1,-6.15E-1));
#4886=VERTEX_POINT('',#4885);
#4887=CARTESIAN_POINT('',(-1.5E0,2.2E-1,6.15E-1));
#4888=CARTESIAN_POINT('',(-1.75E0,2.2E-1,6.15E-1));
#4889=VERTEX_POINT('',#4887);
#4890=VERTEX_POINT('',#4888);
#4891=CARTESIAN_POINT('',(-1.75E0,2.2E-1,8.E-1));
#4892=VERTEX_POINT('',#4891);
#4893=CARTESIAN_POINT('',(-1.55E0,2.2E-1,1.E0));
#4894=VERTEX_POINT('',#4893);
#4895=CARTESIAN_POINT('',(-1.235E0,2.2E-1,1.E0));
#4896=VERTEX_POINT('',#4895);
#4897=CARTESIAN_POINT('',(-1.235E0,2.2E-1,8.8E-1));
#4898=VERTEX_POINT('',#4897);
#4899=CARTESIAN_POINT('',(1.235E0,2.2E-1,8.8E-1));
#4900=CARTESIAN_POINT('',(1.235E0,2.2E-1,1.E0));
#4901=VERTEX_POINT('',#4899);
#4902=VERTEX_POINT('',#4900);
#4903=CARTESIAN_POINT('',(1.55E0,2.2E-1,1.E0));
#4904=VERTEX_POINT('',#4903);
#4905=CARTESIAN_POINT('',(1.75E0,2.2E-1,8.E-1));
#4906=VERTEX_POINT('',#4905);
#4907=CARTESIAN_POINT('',(1.75E0,2.2E-1,6.15E-1));
#4908=VERTEX_POINT('',#4907);
#4909=CARTESIAN_POINT('',(1.5E0,2.2E-1,6.15E-1));
#4910=VERTEX_POINT('',#4909);
#4911=CARTESIAN_POINT('',(1.5E0,2.2E-1,-6.15E-1));
#4912=CARTESIAN_POINT('',(1.75E0,2.2E-1,-6.15E-1));
#4913=VERTEX_POINT('',#4911);
#4914=VERTEX_POINT('',#4912);
#4915=CARTESIAN_POINT('',(1.75E0,2.2E-1,-8.E-1));
#4916=VERTEX_POINT('',#4915);
#4917=CARTESIAN_POINT('',(1.55E0,2.2E-1,-1.E0));
#4918=VERTEX_POINT('',#4917);
#4919=CARTESIAN_POINT('',(1.235E0,2.2E-1,-1.E0));
#4920=VERTEX_POINT('',#4919);
#4921=CARTESIAN_POINT('',(1.235E0,2.2E-1,-8.8E-1));
#4922=VERTEX_POINT('',#4921);
#4923=CARTESIAN_POINT('',(-1.235E0,2.2E-1,-8.8E-1));
#4924=CARTESIAN_POINT('',(-1.235E0,2.2E-1,-1.E0));
#4925=VERTEX_POINT('',#4923);
#4926=VERTEX_POINT('',#4924);
#4927=CARTESIAN_POINT('',(-1.55E0,2.2E-1,-1.E0));
#4928=VERTEX_POINT('',#4927);
#4929=CARTESIAN_POINT('',(-1.5E0,2.2E-1,-8.8E-1));
#4930=VERTEX_POINT('',#4929);
#4931=CARTESIAN_POINT('',(1.5E0,2.2E-1,-8.8E-1));
#4932=VERTEX_POINT('',#4931);
#4933=CARTESIAN_POINT('',(-1.5E0,2.2E-1,8.8E-1));
#4934=VERTEX_POINT('',#4933);
#4935=CARTESIAN_POINT('',(1.5E0,2.2E-1,8.8E-1));
#4936=VERTEX_POINT('',#4935);
#4937=CARTESIAN_POINT('',(-1.295E0,1.E-1,6.2E-1));
#4938=CARTESIAN_POINT('',(-8.1E-1,1.E-1,6.2E-1));
#4939=VERTEX_POINT('',#4937);
#4940=VERTEX_POINT('',#4938);
#4941=CARTESIAN_POINT('',(-8.1E-1,1.E-1,7.1E-1));
#4942=VERTEX_POINT('',#4941);
#4943=CARTESIAN_POINT('',(-5.9E-1,1.E-1,7.1E-1));
#4944=VERTEX_POINT('',#4943);
#4945=CARTESIAN_POINT('',(-5.9E-1,1.E-1,6.4E-1));
#4946=VERTEX_POINT('',#4945);
#4947=CARTESIAN_POINT('',(5.9E-1,1.E-1,6.4E-1));
#4948=VERTEX_POINT('',#4947);
#4949=CARTESIAN_POINT('',(5.9E-1,1.E-1,7.1E-1));
#4950=VERTEX_POINT('',#4949);
#4951=CARTESIAN_POINT('',(8.1E-1,1.E-1,7.1E-1));
#4952=VERTEX_POINT('',#4951);
#4953=CARTESIAN_POINT('',(8.1E-1,1.E-1,6.2E-1));
#4954=VERTEX_POINT('',#4953);
#4955=CARTESIAN_POINT('',(1.295E0,1.E-1,6.2E-1));
#4956=VERTEX_POINT('',#4955);
#4957=CARTESIAN_POINT('',(1.295E0,1.E-1,-6.2E-1));
#4958=CARTESIAN_POINT('',(8.1E-1,1.E-1,-6.2E-1));
#4959=VERTEX_POINT('',#4957);
#4960=VERTEX_POINT('',#4958);
#4961=CARTESIAN_POINT('',(8.1E-1,1.E-1,-7.1E-1));
#4962=VERTEX_POINT('',#4961);
#4963=CARTESIAN_POINT('',(5.9E-1,1.E-1,-7.1E-1));
#4964=VERTEX_POINT('',#4963);
#4965=CARTESIAN_POINT('',(5.9E-1,1.E-1,-6.4E-1));
#4966=VERTEX_POINT('',#4965);
#4967=CARTESIAN_POINT('',(-5.9E-1,1.E-1,-6.4E-1));
#4968=VERTEX_POINT('',#4967);
#4969=CARTESIAN_POINT('',(-5.9E-1,1.E-1,-7.1E-1));
#4970=VERTEX_POINT('',#4969);
#4971=CARTESIAN_POINT('',(-8.1E-1,1.E-1,-7.1E-1));
#4972=VERTEX_POINT('',#4971);
#4973=CARTESIAN_POINT('',(-8.1E-1,1.E-1,-6.2E-1));
#4974=VERTEX_POINT('',#4973);
#4975=CARTESIAN_POINT('',(-1.295E0,1.E-1,-6.2E-1));
#4976=VERTEX_POINT('',#4975);
#4977=CARTESIAN_POINT('',(-5.9E-1,4.6E-1,6.4E-1));
#4978=CARTESIAN_POINT('',(5.9E-1,4.6E-1,6.4E-1));
#4979=VERTEX_POINT('',#4977);
#4980=VERTEX_POINT('',#4978);
#4981=CARTESIAN_POINT('',(-5.9E-1,4.6E-1,-6.4E-1));
#4982=CARTESIAN_POINT('',(5.9E-1,4.6E-1,-6.4E-1));
#4983=VERTEX_POINT('',#4981);
#4984=VERTEX_POINT('',#4982);
#4985=CARTESIAN_POINT('',(-5.9E-1,3.4E-1,8.8E-1));
#4986=CARTESIAN_POINT('',(-5.9E-1,3.4E-1,7.1E-1));
#4987=VERTEX_POINT('',#4985);
#4988=VERTEX_POINT('',#4986);
#4989=CARTESIAN_POINT('',(-5.9E-1,3.4E-1,-7.1E-1));
#4990=CARTESIAN_POINT('',(-5.9E-1,3.4E-1,-8.8E-1));
#4991=VERTEX_POINT('',#4989);
#4992=VERTEX_POINT('',#4990);
#4993=CARTESIAN_POINT('',(5.9E-1,3.4E-1,8.8E-1));
#4994=CARTESIAN_POINT('',(5.9E-1,3.4E-1,7.1E-1));
#4995=VERTEX_POINT('',#4993);
#4996=VERTEX_POINT('',#4994);
#4997=CARTESIAN_POINT('',(5.9E-1,3.4E-1,-7.1E-1));
#4998=CARTESIAN_POINT('',(5.9E-1,3.4E-1,-8.8E-1));
#4999=VERTEX_POINT('',#4997);
#5000=VERTEX_POINT('',#4998);
#5001=CARTESIAN_POINT('',(8.E-1,2.65E-1,-3.4E-1));
#5002=CARTESIAN_POINT('',(5.75E-1,4.6E-1,-3.4E-1));
#5003=VERTEX_POINT('',#5001);
#5004=VERTEX_POINT('',#5002);
#5005=CARTESIAN_POINT('',(-5.75E-1,4.6E-1,-3.4E-1));
#5006=VERTEX_POINT('',#5005);
#5007=CARTESIAN_POINT('',(-8.E-1,2.65E-1,-3.4E-1));
#5008=VERTEX_POINT('',#5007);
#5009=CARTESIAN_POINT('',(8.E-1,2.65E-1,3.4E-1));
#5010=CARTESIAN_POINT('',(5.75E-1,4.6E-1,3.4E-1));
#5011=VERTEX_POINT('',#5009);
#5012=VERTEX_POINT('',#5010);
#5013=CARTESIAN_POINT('',(-5.75E-1,4.6E-1,3.4E-1));
#5014=VERTEX_POINT('',#5013);
#5015=CARTESIAN_POINT('',(-8.E-1,2.65E-1,3.4E-1));
#5016=VERTEX_POINT('',#5015);
#5017=CARTESIAN_POINT('',(-8.E-1,1.E-1,-3.4E-1));
#5018=CARTESIAN_POINT('',(8.E-1,1.E-1,-3.4E-1));
#5019=VERTEX_POINT('',#5017);
#5020=VERTEX_POINT('',#5018);
#5021=CARTESIAN_POINT('',(-8.E-1,1.E-1,3.4E-1));
#5022=CARTESIAN_POINT('',(8.E-1,1.E-1,3.4E-1));
#5023=VERTEX_POINT('',#5021);
#5024=VERTEX_POINT('',#5022);
#5025=CARTESIAN_POINT('',(-8.45E-1,2.8E-1,-7.1E-1));
#5026=CARTESIAN_POINT('',(-8.45E-1,2.8E-1,-7.4E-1));
#5027=VERTEX_POINT('',#5025);
#5028=VERTEX_POINT('',#5026);
#5029=CARTESIAN_POINT('',(-1.295E0,2.8E-1,-7.4E-1));
#5030=VERTEX_POINT('',#5029);
#5031=CARTESIAN_POINT('',(-1.295E0,2.8E-1,7.4E-1));
#5032=CARTESIAN_POINT('',(-8.45E-1,2.8E-1,7.4E-1));
#5033=VERTEX_POINT('',#5031);
#5034=VERTEX_POINT('',#5032);
#5035=CARTESIAN_POINT('',(-8.45E-1,4.4E-1,-7.4E-1));
#5036=CARTESIAN_POINT('',(-8.45E-1,3.4E-1,-7.4E-1));
#5037=VERTEX_POINT('',#5035);
#5038=VERTEX_POINT('',#5036);
#5039=CARTESIAN_POINT('',(-8.45E-1,4.4E-1,7.4E-1));
#5040=CARTESIAN_POINT('',(-8.45E-1,3.4E-1,7.4E-1));
#5041=VERTEX_POINT('',#5039);
#5042=VERTEX_POINT('',#5040);
#5043=CARTESIAN_POINT('',(-8.45E-1,3.4E-1,-7.1E-1));
#5044=VERTEX_POINT('',#5043);
#5045=CARTESIAN_POINT('',(-1.295E0,2.8E-1,6.2E-1));
#5046=CARTESIAN_POINT('',(-8.1E-1,2.8E-1,6.2E-1));
#5047=VERTEX_POINT('',#5045);
#5048=VERTEX_POINT('',#5046);
#5049=CARTESIAN_POINT('',(-8.1E-1,2.8E-1,-6.2E-1));
#5050=CARTESIAN_POINT('',(-1.295E0,2.8E-1,-6.2E-1));
#5051=VERTEX_POINT('',#5049);
#5052=VERTEX_POINT('',#5050);
#5053=CARTESIAN_POINT('',(-8.1E-1,2.8E-1,7.1E-1));
#5054=VERTEX_POINT('',#5053);
#5055=CARTESIAN_POINT('',(-8.1E-1,2.8E-1,-7.1E-1));
#5056=VERTEX_POINT('',#5055);
#5057=CARTESIAN_POINT('',(-1.295E0,4.4E-1,-7.4E-1));
#5058=VERTEX_POINT('',#5057);
#5059=CARTESIAN_POINT('',(-1.295E0,4.4E-1,7.4E-1));
#5060=VERTEX_POINT('',#5059);
#5061=CARTESIAN_POINT('',(-8.45E-1,2.8E-1,7.1E-1));
#5062=VERTEX_POINT('',#5061);
#5063=CARTESIAN_POINT('',(1.295E0,2.8E-1,-7.4E-1));
#5064=CARTESIAN_POINT('',(8.45E-1,2.8E-1,-7.4E-1));
#5065=VERTEX_POINT('',#5063);
#5066=VERTEX_POINT('',#5064);
#5067=CARTESIAN_POINT('',(8.45E-1,2.8E-1,-7.1E-1));
#5068=VERTEX_POINT('',#5067);
#5069=CARTESIAN_POINT('',(8.45E-1,2.8E-1,7.1E-1));
#5070=CARTESIAN_POINT('',(8.45E-1,2.8E-1,7.4E-1));
#5071=VERTEX_POINT('',#5069);
#5072=VERTEX_POINT('',#5070);
#5073=CARTESIAN_POINT('',(1.295E0,2.8E-1,7.4E-1));
#5074=VERTEX_POINT('',#5073);
#5075=CARTESIAN_POINT('',(-8.45E-1,3.4E-1,7.1E-1));
#5076=VERTEX_POINT('',#5075);
#5077=CARTESIAN_POINT('',(8.45E-1,3.4E-1,-7.4E-1));
#5078=CARTESIAN_POINT('',(8.45E-1,3.4E-1,-7.1E-1));
#5079=VERTEX_POINT('',#5077);
#5080=VERTEX_POINT('',#5078);
#5081=CARTESIAN_POINT('',(8.45E-1,3.4E-1,7.1E-1));
#5082=CARTESIAN_POINT('',(8.45E-1,3.4E-1,7.4E-1));
#5083=VERTEX_POINT('',#5081);
#5084=VERTEX_POINT('',#5082);
#5085=CARTESIAN_POINT('',(8.45E-1,4.4E-1,-7.4E-1));
#5086=VERTEX_POINT('',#5085);
#5087=CARTESIAN_POINT('',(8.45E-1,4.4E-1,7.4E-1));
#5088=VERTEX_POINT('',#5087);
#5089=CARTESIAN_POINT('',(8.1E-1,2.8E-1,7.1E-1));
#5090=CARTESIAN_POINT('',(8.1E-1,2.8E-1,6.2E-1));
#5091=VERTEX_POINT('',#5089);
#5092=VERTEX_POINT('',#5090);
#5093=CARTESIAN_POINT('',(1.295E0,2.8E-1,6.2E-1));
#5094=VERTEX_POINT('',#5093);
#5095=CARTESIAN_POINT('',(1.295E0,2.8E-1,-6.2E-1));
#5096=CARTESIAN_POINT('',(8.1E-1,2.8E-1,-6.2E-1));
#5097=VERTEX_POINT('',#5095);
#5098=VERTEX_POINT('',#5096);
#5099=CARTESIAN_POINT('',(8.1E-1,2.8E-1,-7.1E-1));
#5100=VERTEX_POINT('',#5099);
#5101=CARTESIAN_POINT('',(1.295E0,4.4E-1,-7.4E-1));
#5102=VERTEX_POINT('',#5101);
#5103=CARTESIAN_POINT('',(1.295E0,4.4E-1,7.4E-1));
#5104=VERTEX_POINT('',#5103);
#5105=CARTESIAN_POINT('',(-1.19E0,2.85E-1,1.9E-1));
#5106=CARTESIAN_POINT('',(-1.19E0,2.85E-1,-1.9E-1));
#5107=VERTEX_POINT('',#5105);
#5108=VERTEX_POINT('',#5106);
#5109=CARTESIAN_POINT('',(1.19E0,2.85E-1,-1.9E-1));
#5110=CARTESIAN_POINT('',(1.19E0,2.85E-1,1.9E-1));
#5111=VERTEX_POINT('',#5109);
#5112=VERTEX_POINT('',#5110);
#5113=CARTESIAN_POINT('',(-1.19E0,1.E-1,1.9E-1));
#5114=CARTESIAN_POINT('',(-1.19E0,1.E-1,-1.9E-1));
#5115=VERTEX_POINT('',#5113);
#5116=VERTEX_POINT('',#5114);
#5117=CARTESIAN_POINT('',(1.19E0,1.E-1,-1.9E-1));
#5118=CARTESIAN_POINT('',(1.19E0,1.E-1,1.9E-1));
#5119=VERTEX_POINT('',#5117);
#5120=VERTEX_POINT('',#5118);
#5121=CARTESIAN_POINT('',(-5.25E-1,1.E-1,8.8E-1));
#5122=CARTESIAN_POINT('',(-5.25E-1,1.E-1,7.55E-1));
#5123=VERTEX_POINT('',#5121);
#5124=VERTEX_POINT('',#5122);
#5125=CARTESIAN_POINT('',(5.25E-1,1.E-1,7.55E-1));
#5126=VERTEX_POINT('',#5125);
#5127=CARTESIAN_POINT('',(5.25E-1,1.E-1,8.8E-1));
#5128=VERTEX_POINT('',#5127);
#5129=CARTESIAN_POINT('',(5.25E-1,1.E-1,-8.8E-1));
#5130=CARTESIAN_POINT('',(5.25E-1,1.E-1,-7.55E-1));
#5131=VERTEX_POINT('',#5129);
#5132=VERTEX_POINT('',#5130);
#5133=CARTESIAN_POINT('',(-5.25E-1,1.E-1,-7.55E-1));
#5134=VERTEX_POINT('',#5133);
#5135=CARTESIAN_POINT('',(-5.25E-1,1.E-1,-8.8E-1));
#5136=VERTEX_POINT('',#5135);
#5137=CARTESIAN_POINT('',(-5.25E-1,0.E0,8.8E-1));
#5138=CARTESIAN_POINT('',(-5.25E-1,0.E0,7.55E-1));
#5139=VERTEX_POINT('',#5137);
#5140=VERTEX_POINT('',#5138);
#5141=CARTESIAN_POINT('',(5.25E-1,0.E0,7.55E-1));
#5142=VERTEX_POINT('',#5141);
#5143=CARTESIAN_POINT('',(5.25E-1,0.E0,8.8E-1));
#5144=VERTEX_POINT('',#5143);
#5145=CARTESIAN_POINT('',(5.25E-1,0.E0,-8.8E-1));
#5146=CARTESIAN_POINT('',(5.25E-1,0.E0,-7.55E-1));
#5147=VERTEX_POINT('',#5145);
#5148=VERTEX_POINT('',#5146);
#5149=CARTESIAN_POINT('',(-5.25E-1,0.E0,-7.55E-1));
#5150=VERTEX_POINT('',#5149);
#5151=CARTESIAN_POINT('',(-5.25E-1,0.E0,-8.8E-1));
#5152=VERTEX_POINT('',#5151);
#5153=CARTESIAN_POINT('',(-5.9E-1,1.E-1,-1.E0));
#5154=CARTESIAN_POINT('',(-5.9E-1,1.E-1,-8.8E-1));
#5155=VERTEX_POINT('',#5153);
#5156=VERTEX_POINT('',#5154);
#5157=CARTESIAN_POINT('',(-5.9E-1,1.E-1,8.8E-1));
#5158=CARTESIAN_POINT('',(-5.9E-1,1.E-1,1.E0));
#5159=VERTEX_POINT('',#5157);
#5160=VERTEX_POINT('',#5158);
#5161=CARTESIAN_POINT('',(5.9E-1,1.E-1,1.E0));
#5162=VERTEX_POINT('',#5161);
#5163=CARTESIAN_POINT('',(5.9E-1,1.E-1,8.8E-1));
#5164=VERTEX_POINT('',#5163);
#5165=CARTESIAN_POINT('',(5.9E-1,1.E-1,-8.8E-1));
#5166=CARTESIAN_POINT('',(5.9E-1,1.E-1,-1.E0));
#5167=VERTEX_POINT('',#5165);
#5168=VERTEX_POINT('',#5166);
#5169=CARTESIAN_POINT('',(-4.4E-1,2.500631674418E-1,3.666466190670E-1));
#5170=CARTESIAN_POINT('',(-2.6E-1,2.500631674418E-1,3.666466190670E-1));
#5171=VERTEX_POINT('',#5169);
#5172=VERTEX_POINT('',#5170);
#5173=CARTESIAN_POINT('',(-4.4E-1,2.500631674418E-1,-3.666466190670E-1));
#5174=CARTESIAN_POINT('',(-2.6E-1,2.500631674418E-1,-3.666466190670E-1));
#5175=VERTEX_POINT('',#5173);
#5176=VERTEX_POINT('',#5174);
#5177=CARTESIAN_POINT('',(-4.4E-1,2.284802500505E-1,-3.4E-1));
#5178=CARTESIAN_POINT('',(-4.4E-1,4.048528137424E-1,-3.4E-1));
#5179=VERTEX_POINT('',#5177);
#5180=VERTEX_POINT('',#5178);
#5181=CARTESIAN_POINT('',(-2.6E-1,2.284802500505E-1,-3.4E-1));
#5182=CARTESIAN_POINT('',(-2.6E-1,4.048528137424E-1,-3.4E-1));
#5183=VERTEX_POINT('',#5181);
#5184=VERTEX_POINT('',#5182);
#5185=CARTESIAN_POINT('',(-4.4E-1,2.284802500505E-1,3.4E-1));
#5186=CARTESIAN_POINT('',(-4.4E-1,4.048528137424E-1,3.4E-1));
#5187=VERTEX_POINT('',#5185);
#5188=VERTEX_POINT('',#5186);
#5189=CARTESIAN_POINT('',(-2.6E-1,2.284802500505E-1,3.4E-1));
#5190=CARTESIAN_POINT('',(-2.6E-1,4.048528137424E-1,3.4E-1));
#5191=VERTEX_POINT('',#5189);
#5192=VERTEX_POINT('',#5190);
#5193=CARTESIAN_POINT('',(-4.4E-1,2.325320565519E-1,6.4E-1));
#5194=CARTESIAN_POINT('',(-4.4E-1,4.274679434481E-1,6.4E-1));
#5195=VERTEX_POINT('',#5193);
#5196=VERTEX_POINT('',#5194);
#5197=CARTESIAN_POINT('',(-4.4E-1,4.274679434481E-1,-6.4E-1));
#5198=CARTESIAN_POINT('',(-4.4E-1,2.325320565519E-1,-6.4E-1));
#5199=VERTEX_POINT('',#5197);
#5200=VERTEX_POINT('',#5198);
#5201=CARTESIAN_POINT('',(-2.6E-1,2.325320565519E-1,6.4E-1));
#5202=CARTESIAN_POINT('',(-2.6E-1,4.274679434481E-1,6.4E-1));
#5203=VERTEX_POINT('',#5201);
#5204=VERTEX_POINT('',#5202);
#5205=CARTESIAN_POINT('',(-2.6E-1,4.274679434481E-1,-6.4E-1));
#5206=CARTESIAN_POINT('',(-2.6E-1,2.325320565519E-1,-6.4E-1));
#5207=VERTEX_POINT('',#5205);
#5208=VERTEX_POINT('',#5206);
#5209=CARTESIAN_POINT('',(-4.E-1,6.E-2,1.E0));
#5210=CARTESIAN_POINT('',(-4.E-1,0.E0,1.E0));
#5211=VERTEX_POINT('',#5209);
#5212=VERTEX_POINT('',#5210);
#5213=CARTESIAN_POINT('',(-3.E-1,6.E-2,1.E0));
#5214=CARTESIAN_POINT('',(-3.E-1,0.E0,1.E0));
#5215=VERTEX_POINT('',#5213);
#5216=VERTEX_POINT('',#5214);
#5217=CARTESIAN_POINT('',(-4.E-1,0.E0,9.8E-1));
#5218=VERTEX_POINT('',#5217);
#5219=CARTESIAN_POINT('',(-3.E-1,0.E0,9.8E-1));
#5220=VERTEX_POINT('',#5219);
#5221=CARTESIAN_POINT('',(-4.E-1,-2.E-2,9.E-1));
#5222=CARTESIAN_POINT('',(-4.E-1,1.E-1,7.8E-1));
#5223=VERTEX_POINT('',#5221);
#5224=VERTEX_POINT('',#5222);
#5225=CARTESIAN_POINT('',(-3.E-1,-2.E-2,9.E-1));
#5226=CARTESIAN_POINT('',(-3.E-1,1.E-1,7.8E-1));
#5227=VERTEX_POINT('',#5225);
#5228=VERTEX_POINT('',#5226);
#5229=CARTESIAN_POINT('',(-4.E-1,6.E-2,9.E-1));
#5230=CARTESIAN_POINT('',(-4.E-1,1.E-1,8.6E-1));
#5231=VERTEX_POINT('',#5229);
#5232=VERTEX_POINT('',#5230);
#5233=CARTESIAN_POINT('',(-3.E-1,6.E-2,9.E-1));
#5234=CARTESIAN_POINT('',(-3.E-1,1.E-1,8.6E-1));
#5235=VERTEX_POINT('',#5233);
#5236=VERTEX_POINT('',#5234);
#5237=CARTESIAN_POINT('',(-4.E-1,6.E-2,-1.E0));
#5238=CARTESIAN_POINT('',(-4.E-1,6.E-2,-9.E-1));
#5239=VERTEX_POINT('',#5237);
#5240=VERTEX_POINT('',#5238);
#5241=CARTESIAN_POINT('',(-3.E-1,6.E-2,-1.E0));
#5242=CARTESIAN_POINT('',(-3.E-1,6.E-2,-9.E-1));
#5243=VERTEX_POINT('',#5241);
#5244=VERTEX_POINT('',#5242);
#5245=CARTESIAN_POINT('',(-4.E-1,1.E-1,-8.6E-1));
#5246=VERTEX_POINT('',#5245);
#5247=CARTESIAN_POINT('',(-3.E-1,1.E-1,-8.6E-1));
#5248=VERTEX_POINT('',#5247);
#5249=CARTESIAN_POINT('',(-4.E-1,1.E-1,-7.8E-1));
#5250=CARTESIAN_POINT('',(-4.E-1,-2.E-2,-9.E-1));
#5251=VERTEX_POINT('',#5249);
#5252=VERTEX_POINT('',#5250);
#5253=CARTESIAN_POINT('',(-3.E-1,1.E-1,-7.8E-1));
#5254=CARTESIAN_POINT('',(-3.E-1,-2.E-2,-9.E-1));
#5255=VERTEX_POINT('',#5253);
#5256=VERTEX_POINT('',#5254);
#5257=CARTESIAN_POINT('',(-4.E-1,0.E0,-9.8E-1));
#5258=CARTESIAN_POINT('',(-4.E-1,0.E0,-1.E0));
#5259=VERTEX_POINT('',#5257);
#5260=VERTEX_POINT('',#5258);
#5261=CARTESIAN_POINT('',(-3.E-1,0.E0,-9.8E-1));
#5262=CARTESIAN_POINT('',(-3.E-1,0.E0,-1.E0));
#5263=VERTEX_POINT('',#5261);
#5264=VERTEX_POINT('',#5262);
#5265=CARTESIAN_POINT('',(-4.E-1,-2.E-2,9.6E-1));
#5266=VERTEX_POINT('',#5265);
#5267=CARTESIAN_POINT('',(-3.E-1,-2.E-2,9.6E-1));
#5268=VERTEX_POINT('',#5267);
#5269=CARTESIAN_POINT('',(-4.E-1,-2.E-2,-9.6E-1));
#5270=VERTEX_POINT('',#5269);
#5271=CARTESIAN_POINT('',(-3.E-1,-2.E-2,-9.6E-1));
#5272=VERTEX_POINT('',#5271);
#5273=CARTESIAN_POINT('',(-1.5E0,2.5E-1,-5.95E-1));
#5274=CARTESIAN_POINT('',(-1.5E0,1.5E-1,-5.95E-1));
#5275=VERTEX_POINT('',#5273);
#5276=VERTEX_POINT('',#5274);
#5277=CARTESIAN_POINT('',(-1.5E0,1.5E-1,-3.7E-1));
#5278=VERTEX_POINT('',#5277);
#5279=CARTESIAN_POINT('',(-1.5E0,2.86E-1,-3.7E-1));
#5280=VERTEX_POINT('',#5279);
#5281=CARTESIAN_POINT('',(-1.5E0,2.86E-1,3.7E-1));
#5282=VERTEX_POINT('',#5281);
#5283=CARTESIAN_POINT('',(-1.5E0,1.5E-1,3.7E-1));
#5284=VERTEX_POINT('',#5283);
#5285=CARTESIAN_POINT('',(-1.5E0,1.5E-1,5.95E-1));
#5286=VERTEX_POINT('',#5285);
#5287=CARTESIAN_POINT('',(-1.5E0,2.5E-1,5.95E-1));
#5288=VERTEX_POINT('',#5287);
#5289=CARTESIAN_POINT('',(-1.59E0,2.5E-1,-5.95E-1));
#5290=VERTEX_POINT('',#5289);
#5291=CARTESIAN_POINT('',(-1.59E0,2.86E-1,-3.7E-1));
#5292=VERTEX_POINT('',#5291);
#5293=CARTESIAN_POINT('',(-1.59E0,2.86E-1,3.7E-1));
#5294=VERTEX_POINT('',#5293);
#5295=CARTESIAN_POINT('',(-1.59E0,2.5E-1,5.95E-1));
#5296=VERTEX_POINT('',#5295);
#5297=CARTESIAN_POINT('',(-1.081299423149E0,3.95E-1,-9.7E-1));
#5298=CARTESIAN_POINT('',(-9.262994231491E-1,2.4E-1,-9.7E-1));
#5299=VERTEX_POINT('',#5297);
#5300=VERTEX_POINT('',#5298);
#5301=CARTESIAN_POINT('',(-8.05E-1,2.4E-1,-9.7E-1));
#5302=VERTEX_POINT('',#5301);
#5303=CARTESIAN_POINT('',(-6.3E-1,6.E-2,-9.7E-1));
#5304=CARTESIAN_POINT('',(-1.015E0,6.E-2,-9.7E-1));
#5305=VERTEX_POINT('',#5303);
#5306=VERTEX_POINT('',#5304);
#5307=CARTESIAN_POINT('',(-1.205E0,2.5E-1,-9.7E-1));
#5308=VERTEX_POINT('',#5307);
#5309=CARTESIAN_POINT('',(-6.3E-1,4.4E-1,-6.84E-1));
#5310=CARTESIAN_POINT('',(-6.3E-1,4.078508848718E-1,-6.150560001193E-1));
#5311=VERTEX_POINT('',#5309);
#5312=VERTEX_POINT('',#5310);
#5313=CARTESIAN_POINT('',(-6.3E-1,3.678508848718E-1,-5.814920148722E-1));
#5314=VERTEX_POINT('',#5313);
#5315=CARTESIAN_POINT('',(-6.3E-1,2.871766889762E-1,-5.633780083784E-1));
#5316=VERTEX_POINT('',#5315);
#5317=CARTESIAN_POINT('',(-6.3E-1,1.78E-1,-5.92E-1));
#5318=VERTEX_POINT('',#5317);
#5319=CARTESIAN_POINT('',(-8.05E-1,4.4E-1,-6.84E-1));
#5320=CARTESIAN_POINT('',(-8.05E-1,4.078508848718E-1,-6.150560001193E-1));
#5321=VERTEX_POINT('',#5319);
#5322=VERTEX_POINT('',#5320);
#5323=CARTESIAN_POINT('',(-8.05E-1,3.678508848718E-1,-5.814920148722E-1));
#5324=VERTEX_POINT('',#5323);
#5325=CARTESIAN_POINT('',(-8.05E-1,2.871766889762E-1,-5.633780083784E-1));
#5326=VERTEX_POINT('',#5325);
#5327=CARTESIAN_POINT('',(-8.05E-1,1.78E-1,-5.92E-1));
#5328=VERTEX_POINT('',#5327);
#5329=CARTESIAN_POINT('',(-6.3E-1,3.4E-1,-8.8E-1));
#5330=CARTESIAN_POINT('',(-6.3E-1,3.4E-1,-7.1E-1));
#5331=VERTEX_POINT('',#5329);
#5332=VERTEX_POINT('',#5330);
#5333=CARTESIAN_POINT('',(-8.05E-1,3.4E-1,-8.8E-1));
#5334=CARTESIAN_POINT('',(-8.05E-1,3.4E-1,-7.1E-1));
#5335=VERTEX_POINT('',#5333);
#5336=VERTEX_POINT('',#5334);
#5337=CARTESIAN_POINT('',(-6.3E-1,2.089351294954E-1,-7.1E-1));
#5338=VERTEX_POINT('',#5337);
#5339=CARTESIAN_POINT('',(-8.05E-1,2.089351294954E-1,-7.1E-1));
#5340=VERTEX_POINT('',#5339);
#5341=CARTESIAN_POINT('',(-1.21E0,4.537041696704E-1,-5.9E-1));
#5342=CARTESIAN_POINT('',(-1.21E0,4.537041696704E-1,5.9E-1));
#5343=VERTEX_POINT('',#5341);
#5344=VERTEX_POINT('',#5342);
#5345=CARTESIAN_POINT('',(-1.295E0,4.4E-1,-5.9E-1));
#5346=CARTESIAN_POINT('',(-1.295E0,1.E-1,-5.9E-1));
#5347=VERTEX_POINT('',#5345);
#5348=VERTEX_POINT('',#5346);
#5349=CARTESIAN_POINT('',(-1.21E0,1.E-1,-5.9E-1));
#5350=VERTEX_POINT('',#5349);
#5351=CARTESIAN_POINT('',(-1.21E0,1.E-1,5.9E-1));
#5352=VERTEX_POINT('',#5351);
#5353=CARTESIAN_POINT('',(-6.3E-1,1.78E-1,5.92E-1));
#5354=CARTESIAN_POINT('',(-6.3E-1,2.871766889762E-1,5.633780083784E-1));
#5355=VERTEX_POINT('',#5353);
#5356=VERTEX_POINT('',#5354);
#5357=CARTESIAN_POINT('',(-6.3E-1,3.678508848718E-1,5.814920148722E-1));
#5358=VERTEX_POINT('',#5357);
#5359=CARTESIAN_POINT('',(-6.3E-1,4.078508848718E-1,6.150560001193E-1));
#5360=VERTEX_POINT('',#5359);
#5361=CARTESIAN_POINT('',(-6.3E-1,4.4E-1,6.84E-1));
#5362=VERTEX_POINT('',#5361);
#5363=CARTESIAN_POINT('',(-8.05E-1,1.78E-1,5.92E-1));
#5364=CARTESIAN_POINT('',(-8.05E-1,2.871766889762E-1,5.633780083784E-1));
#5365=VERTEX_POINT('',#5363);
#5366=VERTEX_POINT('',#5364);
#5367=CARTESIAN_POINT('',(-8.05E-1,3.678508848718E-1,5.814920148722E-1));
#5368=VERTEX_POINT('',#5367);
#5369=CARTESIAN_POINT('',(-8.05E-1,4.078508848718E-1,6.150560001193E-1));
#5370=VERTEX_POINT('',#5369);
#5371=CARTESIAN_POINT('',(-8.05E-1,4.4E-1,6.84E-1));
#5372=VERTEX_POINT('',#5371);
#5373=CARTESIAN_POINT('',(-6.3E-1,3.4E-1,7.1E-1));
#5374=CARTESIAN_POINT('',(-6.3E-1,3.4E-1,8.8E-1));
#5375=VERTEX_POINT('',#5373);
#5376=VERTEX_POINT('',#5374);
#5377=CARTESIAN_POINT('',(-8.05E-1,3.4E-1,7.1E-1));
#5378=CARTESIAN_POINT('',(-8.05E-1,3.4E-1,8.8E-1));
#5379=VERTEX_POINT('',#5377);
#5380=VERTEX_POINT('',#5378);
#5381=CARTESIAN_POINT('',(-6.3E-1,2.089351294954E-1,7.1E-1));
#5382=VERTEX_POINT('',#5381);
#5383=CARTESIAN_POINT('',(-8.05E-1,2.089351294954E-1,7.1E-1));
#5384=VERTEX_POINT('',#5383);
#5385=CARTESIAN_POINT('',(1.205E0,2.5E-1,-9.7E-1));
#5386=CARTESIAN_POINT('',(1.015E0,6.E-2,-9.7E-1));
#5387=VERTEX_POINT('',#5385);
#5388=VERTEX_POINT('',#5386);
#5389=CARTESIAN_POINT('',(6.3E-1,6.E-2,-9.7E-1));
#5390=VERTEX_POINT('',#5389);
#5391=CARTESIAN_POINT('',(8.05E-1,2.4E-1,-9.7E-1));
#5392=CARTESIAN_POINT('',(9.262994231491E-1,2.4E-1,-9.7E-1));
#5393=VERTEX_POINT('',#5391);
#5394=VERTEX_POINT('',#5392);
#5395=CARTESIAN_POINT('',(1.081299423149E0,3.95E-1,-9.7E-1));
#5396=VERTEX_POINT('',#5395);
#5397=CARTESIAN_POINT('',(1.205E0,2.5E-1,-8.8E-1));
#5398=CARTESIAN_POINT('',(1.015E0,6.E-2,-8.8E-1));
#5399=VERTEX_POINT('',#5397);
#5400=VERTEX_POINT('',#5398);
#5401=CARTESIAN_POINT('',(6.3E-1,6.E-2,-8.8E-1));
#5402=VERTEX_POINT('',#5401);
#5403=CARTESIAN_POINT('',(8.05E-1,2.4E-1,-8.8E-1));
#5404=CARTESIAN_POINT('',(9.262994231491E-1,2.4E-1,-8.8E-1));
#5405=VERTEX_POINT('',#5403);
#5406=VERTEX_POINT('',#5404);
#5407=CARTESIAN_POINT('',(1.081299423149E0,3.95E-1,-8.8E-1));
#5408=VERTEX_POINT('',#5407);
#5409=CARTESIAN_POINT('',(-1.081299423149E0,3.95E-1,-8.8E-1));
#5410=CARTESIAN_POINT('',(-9.262994231491E-1,2.4E-1,-8.8E-1));
#5411=VERTEX_POINT('',#5409);
#5412=VERTEX_POINT('',#5410);
#5413=CARTESIAN_POINT('',(-8.05E-1,2.4E-1,-8.8E-1));
#5414=VERTEX_POINT('',#5413);
#5415=CARTESIAN_POINT('',(-6.3E-1,6.E-2,-8.8E-1));
#5416=CARTESIAN_POINT('',(-1.015E0,6.E-2,-8.8E-1));
#5417=VERTEX_POINT('',#5415);
#5418=VERTEX_POINT('',#5416);
#5419=CARTESIAN_POINT('',(-1.205E0,2.5E-1,-8.8E-1));
#5420=VERTEX_POINT('',#5419);
#5421=CARTESIAN_POINT('',(-1.5E0,2.5E-1,-8.8E-1));
#5422=VERTEX_POINT('',#5421);
#5423=CARTESIAN_POINT('',(-1.181299423149E0,4.04E-1,-6.4E-1));
#5424=CARTESIAN_POINT('',(-1.181299423149E0,3.2E-1,-6.4E-1));
#5425=VERTEX_POINT('',#5423);
#5426=VERTEX_POINT('',#5424);
#5427=CARTESIAN_POINT('',(-8.812994231491E-1,4.04E-1,-6.4E-1));
#5428=CARTESIAN_POINT('',(-8.812994231491E-1,3.2E-1,-6.4E-1));
#5429=VERTEX_POINT('',#5427);
#5430=VERTEX_POINT('',#5428);
#5431=CARTESIAN_POINT('',(-8.812994231491E-1,4.4E-1,-7.4E-1));
#5432=CARTESIAN_POINT('',(-8.812994231491E-1,3.2E-1,-7.4E-1));
#5433=VERTEX_POINT('',#5431);
#5434=VERTEX_POINT('',#5432);
#5435=CARTESIAN_POINT('',(-9.955851374348E-1,4.4E-1,-8.8E-1));
#5436=CARTESIAN_POINT('',(-8.812994231491E-1,4.4E-1,-7.6E-1));
#5437=VERTEX_POINT('',#5435);
#5438=VERTEX_POINT('',#5436);
#5439=CARTESIAN_POINT('',(-8.812994231491E-1,5.132901999899E-1,-7.6E-1));
#5440=VERTEX_POINT('',#5439);
#5441=CARTESIAN_POINT('',(-1.241299423149E0,3.2E-1,-7.4E-1));
#5442=CARTESIAN_POINT('',(-1.241299423149E0,4.4E-1,-7.4E-1));
#5443=VERTEX_POINT('',#5441);
#5444=VERTEX_POINT('',#5442);
#5445=CARTESIAN_POINT('',(-1.346299423149E0,4.4E-1,-8.8E-1));
#5446=VERTEX_POINT('',#5445);
#5447=CARTESIAN_POINT('',(-1.181299423149E0,4.222150333316E-1,-6.6E-1));
#5448=CARTESIAN_POINT('',(-1.181299423149E0,3.2E-1,-6.6E-1));
#5449=VERTEX_POINT('',#5447);
#5450=VERTEX_POINT('',#5448);
#5451=CARTESIAN_POINT('',(-9.028856349870E-1,5.339328623168E-1,
7.826655224298E-1));
#5452=CARTESIAN_POINT('',(-8.812994231491E-1,5.132901999899E-1,7.6E-1));
#5453=VERTEX_POINT('',#5451);
#5454=VERTEX_POINT('',#5452);
#5455=CARTESIAN_POINT('',(-8.812994231491E-1,3.2E-1,6.4E-1));
#5456=CARTESIAN_POINT('',(-8.812994231491E-1,4.04E-1,6.4E-1));
#5457=VERTEX_POINT('',#5455);
#5458=VERTEX_POINT('',#5456);
#5459=CARTESIAN_POINT('',(-8.812994231491E-1,4.4E-1,7.4E-1));
#5460=CARTESIAN_POINT('',(-8.812994231491E-1,3.2E-1,7.4E-1));
#5461=VERTEX_POINT('',#5459);
#5462=VERTEX_POINT('',#5460);
#5463=CARTESIAN_POINT('',(-8.812994231491E-1,4.4E-1,7.6E-1));
#5464=CARTESIAN_POINT('',(-9.955851374348E-1,4.4E-1,8.8E-1));
#5465=VERTEX_POINT('',#5463);
#5466=VERTEX_POINT('',#5464);
#5467=CARTESIAN_POINT('',(9.028856349870E-1,5.339328623168E-1,
-7.826655224298E-1));
#5468=CARTESIAN_POINT('',(8.812994231491E-1,5.132901999899E-1,-7.6E-1));
#5469=VERTEX_POINT('',#5467);
#5470=VERTEX_POINT('',#5468);
#5471=CARTESIAN_POINT('',(1.5E0,2.5E-1,-5.95E-1));
#5472=CARTESIAN_POINT('',(1.59E0,2.5E-1,-5.95E-1));
#5473=VERTEX_POINT('',#5471);
#5474=VERTEX_POINT('',#5472);
#5475=CARTESIAN_POINT('',(1.5E0,2.86E-1,-3.7E-1));
#5476=CARTESIAN_POINT('',(1.59E0,2.86E-1,-3.7E-1));
#5477=VERTEX_POINT('',#5475);
#5478=VERTEX_POINT('',#5476);
#5479=CARTESIAN_POINT('',(1.5E0,2.86E-1,3.7E-1));
#5480=CARTESIAN_POINT('',(1.59E0,2.86E-1,3.7E-1));
#5481=VERTEX_POINT('',#5479);
#5482=VERTEX_POINT('',#5480);
#5483=CARTESIAN_POINT('',(1.5E0,2.5E-1,5.95E-1));
#5484=CARTESIAN_POINT('',(1.59E0,2.5E-1,5.95E-1));
#5485=VERTEX_POINT('',#5483);
#5486=VERTEX_POINT('',#5484);
#5487=CARTESIAN_POINT('',(6.3E-1,4.4E-1,-6.84E-1));
#5488=CARTESIAN_POINT('',(6.3E-1,4.078508848718E-1,-6.150560001193E-1));
#5489=VERTEX_POINT('',#5487);
#5490=VERTEX_POINT('',#5488);
#5491=CARTESIAN_POINT('',(6.3E-1,3.678508848718E-1,-5.814920148722E-1));
#5492=VERTEX_POINT('',#5491);
#5493=CARTESIAN_POINT('',(6.3E-1,2.871766889762E-1,-5.633780083784E-1));
#5494=VERTEX_POINT('',#5493);
#5495=CARTESIAN_POINT('',(6.3E-1,1.78E-1,-5.92E-1));
#5496=VERTEX_POINT('',#5495);
#5497=CARTESIAN_POINT('',(8.05E-1,4.4E-1,-6.84E-1));
#5498=CARTESIAN_POINT('',(8.05E-1,4.078508848718E-1,-6.150560001193E-1));
#5499=VERTEX_POINT('',#5497);
#5500=VERTEX_POINT('',#5498);
#5501=CARTESIAN_POINT('',(8.05E-1,3.678508848718E-1,-5.814920148722E-1));
#5502=VERTEX_POINT('',#5501);
#5503=CARTESIAN_POINT('',(8.05E-1,2.871766889762E-1,-5.633780083784E-1));
#5504=VERTEX_POINT('',#5503);
#5505=CARTESIAN_POINT('',(8.05E-1,1.78E-1,-5.92E-1));
#5506=VERTEX_POINT('',#5505);
#5507=CARTESIAN_POINT('',(6.3E-1,2.089351294954E-1,-7.1E-1));
#5508=VERTEX_POINT('',#5507);
#5509=CARTESIAN_POINT('',(8.05E-1,2.089351294954E-1,-7.1E-1));
#5510=VERTEX_POINT('',#5509);
#5511=CARTESIAN_POINT('',(6.3E-1,1.78E-1,5.92E-1));
#5512=CARTESIAN_POINT('',(6.3E-1,2.871766889762E-1,5.633780083784E-1));
#5513=VERTEX_POINT('',#5511);
#5514=VERTEX_POINT('',#5512);
#5515=CARTESIAN_POINT('',(6.3E-1,3.678508848718E-1,5.814920148722E-1));
#5516=VERTEX_POINT('',#5515);
#5517=CARTESIAN_POINT('',(6.3E-1,4.078508848718E-1,6.150560001193E-1));
#5518=VERTEX_POINT('',#5517);
#5519=CARTESIAN_POINT('',(6.3E-1,4.4E-1,6.84E-1));
#5520=VERTEX_POINT('',#5519);
#5521=CARTESIAN_POINT('',(8.05E-1,1.78E-1,5.92E-1));
#5522=CARTESIAN_POINT('',(8.05E-1,2.871766889762E-1,5.633780083784E-1));
#5523=VERTEX_POINT('',#5521);
#5524=VERTEX_POINT('',#5522);
#5525=CARTESIAN_POINT('',(8.05E-1,3.678508848718E-1,5.814920148722E-1));
#5526=VERTEX_POINT('',#5525);
#5527=CARTESIAN_POINT('',(8.05E-1,4.078508848718E-1,6.150560001193E-1));
#5528=VERTEX_POINT('',#5527);
#5529=CARTESIAN_POINT('',(8.05E-1,4.4E-1,6.84E-1));
#5530=VERTEX_POINT('',#5529);
#5531=CARTESIAN_POINT('',(6.3E-1,2.089351294954E-1,7.1E-1));
#5532=VERTEX_POINT('',#5531);
#5533=CARTESIAN_POINT('',(8.05E-1,2.089351294954E-1,7.1E-1));
#5534=VERTEX_POINT('',#5533);
#5535=CARTESIAN_POINT('',(1.181299423149E0,4.04E-1,-6.4E-1));
#5536=CARTESIAN_POINT('',(1.181299423149E0,3.2E-1,-6.4E-1));
#5537=VERTEX_POINT('',#5535);
#5538=VERTEX_POINT('',#5536);
#5539=CARTESIAN_POINT('',(8.812994231491E-1,4.04E-1,-6.4E-1));
#5540=CARTESIAN_POINT('',(8.812994231491E-1,3.2E-1,-6.4E-1));
#5541=VERTEX_POINT('',#5539);
#5542=VERTEX_POINT('',#5540);
#5543=CARTESIAN_POINT('',(8.812994231491E-1,3.2E-1,-7.4E-1));
#5544=VERTEX_POINT('',#5543);
#5545=CARTESIAN_POINT('',(8.812994231491E-1,3.2E-1,6.4E-1));
#5546=CARTESIAN_POINT('',(8.812994231491E-1,4.04E-1,6.4E-1));
#5547=VERTEX_POINT('',#5545);
#5548=VERTEX_POINT('',#5546);
#5549=CARTESIAN_POINT('',(8.812994231491E-1,3.2E-1,7.4E-1));
#5550=VERTEX_POINT('',#5549);
#5551=CARTESIAN_POINT('',(1.5E0,2.5E-1,-8.8E-1));
#5552=VERTEX_POINT('',#5551);
#5553=CARTESIAN_POINT('',(1.5E0,1.5E-1,-5.95E-1));
#5554=VERTEX_POINT('',#5553);
#5555=CARTESIAN_POINT('',(1.5E0,1.5E-1,-3.7E-1));
#5556=VERTEX_POINT('',#5555);
#5557=CARTESIAN_POINT('',(1.5E0,1.5E-1,3.7E-1));
#5558=VERTEX_POINT('',#5557);
#5559=CARTESIAN_POINT('',(1.5E0,1.5E-1,5.95E-1));
#5560=VERTEX_POINT('',#5559);
#5561=CARTESIAN_POINT('',(6.3E-1,3.4E-1,-8.8E-1));
#5562=CARTESIAN_POINT('',(6.3E-1,3.4E-1,-7.1E-1));
#5563=VERTEX_POINT('',#5561);
#5564=VERTEX_POINT('',#5562);
#5565=CARTESIAN_POINT('',(6.3E-1,3.4E-1,7.1E-1));
#5566=CARTESIAN_POINT('',(6.3E-1,3.4E-1,8.8E-1));
#5567=VERTEX_POINT('',#5565);
#5568=VERTEX_POINT('',#5566);
#5569=CARTESIAN_POINT('',(8.05E-1,3.4E-1,-8.8E-1));
#5570=CARTESIAN_POINT('',(8.05E-1,3.4E-1,-7.1E-1));
#5571=VERTEX_POINT('',#5569);
#5572=VERTEX_POINT('',#5570);
#5573=CARTESIAN_POINT('',(8.05E-1,3.4E-1,7.1E-1));
#5574=CARTESIAN_POINT('',(8.05E-1,3.4E-1,8.8E-1));
#5575=VERTEX_POINT('',#5573);
#5576=VERTEX_POINT('',#5574);
#5577=CARTESIAN_POINT('',(1.21E0,4.537041696704E-1,-5.9E-1));
#5578=CARTESIAN_POINT('',(1.21E0,1.E-1,-5.9E-1));
#5579=VERTEX_POINT('',#5577);
#5580=VERTEX_POINT('',#5578);
#5581=CARTESIAN_POINT('',(1.295E0,1.E-1,-5.9E-1));
#5582=CARTESIAN_POINT('',(1.295E0,4.4E-1,-5.9E-1));
#5583=VERTEX_POINT('',#5581);
#5584=VERTEX_POINT('',#5582);
#5585=CARTESIAN_POINT('',(1.21E0,1.E-1,5.9E-1));
#5586=CARTESIAN_POINT('',(1.21E0,4.537041696704E-1,5.9E-1));
#5587=VERTEX_POINT('',#5585);
#5588=VERTEX_POINT('',#5586);
#5589=CARTESIAN_POINT('',(8.812994231491E-1,4.4E-1,-7.4E-1));
#5590=VERTEX_POINT('',#5589);
#5591=CARTESIAN_POINT('',(8.812994231491E-1,4.4E-1,7.4E-1));
#5592=VERTEX_POINT('',#5591);
#5593=CARTESIAN_POINT('',(-9.262994231491E-1,2.4E-1,9.7E-1));
#5594=CARTESIAN_POINT('',(-8.05E-1,2.4E-1,9.7E-1));
#5595=VERTEX_POINT('',#5593);
#5596=VERTEX_POINT('',#5594);
#5597=CARTESIAN_POINT('',(-6.3E-1,6.E-2,9.7E-1));
#5598=CARTESIAN_POINT('',(-1.015E0,6.E-2,9.7E-1));
#5599=VERTEX_POINT('',#5597);
#5600=VERTEX_POINT('',#5598);
#5601=CARTESIAN_POINT('',(-1.205E0,2.5E-1,9.7E-1));
#5602=VERTEX_POINT('',#5601);
#5603=CARTESIAN_POINT('',(1.205E0,2.5E-1,9.7E-1));
#5604=CARTESIAN_POINT('',(1.015E0,6.E-2,9.7E-1));
#5605=VERTEX_POINT('',#5603);
#5606=VERTEX_POINT('',#5604);
#5607=CARTESIAN_POINT('',(6.3E-1,6.E-2,9.7E-1));
#5608=VERTEX_POINT('',#5607);
#5609=CARTESIAN_POINT('',(8.05E-1,2.4E-1,9.7E-1));
#5610=CARTESIAN_POINT('',(9.262994231491E-1,2.4E-1,9.7E-1));
#5611=VERTEX_POINT('',#5609);
#5612=VERTEX_POINT('',#5610);
#5613=CARTESIAN_POINT('',(-9.262994231491E-1,2.4E-1,8.8E-1));
#5614=VERTEX_POINT('',#5613);
#5615=CARTESIAN_POINT('',(-8.05E-1,2.4E-1,8.8E-1));
#5616=VERTEX_POINT('',#5615);
#5617=CARTESIAN_POINT('',(-6.3E-1,6.E-2,8.8E-1));
#5618=VERTEX_POINT('',#5617);
#5619=CARTESIAN_POINT('',(-1.015E0,6.E-2,8.8E-1));
#5620=VERTEX_POINT('',#5619);
#5621=CARTESIAN_POINT('',(-1.205E0,2.5E-1,8.8E-1));
#5622=VERTEX_POINT('',#5621);
#5623=CARTESIAN_POINT('',(1.205E0,2.5E-1,8.8E-1));
#5624=VERTEX_POINT('',#5623);
#5625=CARTESIAN_POINT('',(1.015E0,6.E-2,8.8E-1));
#5626=VERTEX_POINT('',#5625);
#5627=CARTESIAN_POINT('',(6.3E-1,6.E-2,8.8E-1));
#5628=VERTEX_POINT('',#5627);
#5629=CARTESIAN_POINT('',(8.05E-1,2.4E-1,8.8E-1));
#5630=VERTEX_POINT('',#5629);
#5631=CARTESIAN_POINT('',(9.262994231491E-1,2.4E-1,8.8E-1));
#5632=VERTEX_POINT('',#5631);
#5633=CARTESIAN_POINT('',(-1.081299423149E0,3.95E-1,8.8E-1));
#5634=VERTEX_POINT('',#5633);
#5635=CARTESIAN_POINT('',(-1.5E0,2.5E-1,8.8E-1));
#5636=VERTEX_POINT('',#5635);
#5637=CARTESIAN_POINT('',(1.5E0,2.5E-1,8.8E-1));
#5638=VERTEX_POINT('',#5637);
#5639=CARTESIAN_POINT('',(1.081299423149E0,3.95E-1,8.8E-1));
#5640=VERTEX_POINT('',#5639);
#5641=CARTESIAN_POINT('',(-1.081299423149E0,3.95E-1,9.7E-1));
#5642=VERTEX_POINT('',#5641);
#5643=CARTESIAN_POINT('',(1.081299423149E0,3.95E-1,9.7E-1));
#5644=VERTEX_POINT('',#5643);
#5645=CARTESIAN_POINT('',(8.812994231491E-1,4.4E-1,-7.6E-1));
#5646=CARTESIAN_POINT('',(9.955851374348E-1,4.4E-1,-8.8E-1));
#5647=VERTEX_POINT('',#5645);
#5648=VERTEX_POINT('',#5646);
#5649=CARTESIAN_POINT('',(9.955851374348E-1,4.4E-1,8.8E-1));
#5650=CARTESIAN_POINT('',(8.812994231491E-1,4.4E-1,7.6E-1));
#5651=VERTEX_POINT('',#5649);
#5652=VERTEX_POINT('',#5650);
#5653=CARTESIAN_POINT('',(8.812994231491E-1,5.132901999899E-1,7.6E-1));
#5654=VERTEX_POINT('',#5653);
#5655=CARTESIAN_POINT('',(-1.346299423149E0,4.4E-1,8.8E-1));
#5656=CARTESIAN_POINT('',(-1.241299423149E0,4.4E-1,7.4E-1));
#5657=VERTEX_POINT('',#5655);
#5658=VERTEX_POINT('',#5656);
#5659=CARTESIAN_POINT('',(-1.241299423149E0,3.2E-1,7.4E-1));
#5660=VERTEX_POINT('',#5659);
#5661=CARTESIAN_POINT('',(-1.181299423149E0,4.222150333316E-1,6.6E-1));
#5662=CARTESIAN_POINT('',(-1.181299423149E0,3.2E-1,6.6E-1));
#5663=VERTEX_POINT('',#5661);
#5664=VERTEX_POINT('',#5662);
#5665=CARTESIAN_POINT('',(1.181299423149E0,3.2E-1,6.6E-1));
#5666=CARTESIAN_POINT('',(1.181299423149E0,4.222150333316E-1,6.6E-1));
#5667=VERTEX_POINT('',#5665);
#5668=VERTEX_POINT('',#5666);
#5669=CARTESIAN_POINT('',(1.241299423149E0,3.2E-1,7.4E-1));
#5670=CARTESIAN_POINT('',(1.241299423149E0,4.4E-1,7.4E-1));
#5671=VERTEX_POINT('',#5669);
#5672=VERTEX_POINT('',#5670);
#5673=CARTESIAN_POINT('',(1.346299423149E0,4.4E-1,8.8E-1));
#5674=VERTEX_POINT('',#5673);
#5675=CARTESIAN_POINT('',(1.346299423149E0,4.4E-1,-8.8E-1));
#5676=CARTESIAN_POINT('',(1.241299423149E0,4.4E-1,-7.4E-1));
#5677=VERTEX_POINT('',#5675);
#5678=VERTEX_POINT('',#5676);
#5679=CARTESIAN_POINT('',(1.241299423149E0,3.2E-1,-7.4E-1));
#5680=VERTEX_POINT('',#5679);
#5681=CARTESIAN_POINT('',(1.181299423149E0,3.2E-1,-6.6E-1));
#5682=CARTESIAN_POINT('',(1.181299423149E0,4.222150333316E-1,-6.6E-1));
#5683=VERTEX_POINT('',#5681);
#5684=VERTEX_POINT('',#5682);
#5685=CARTESIAN_POINT('',(-1.273298564971E0,5.339328623168E-1,
-7.826655224298E-1));
#5686=VERTEX_POINT('',#5685);
#5687=CARTESIAN_POINT('',(-1.273298564971E0,5.339328623168E-1,
7.826655224298E-1));
#5688=VERTEX_POINT('',#5687);
#5689=CARTESIAN_POINT('',(1.273298564971E0,5.339328623168E-1,
-7.826655224298E-1));
#5690=VERTEX_POINT('',#5689);
#5691=CARTESIAN_POINT('',(-1.429326335692E0,5.513545457643E-1,
6.934610685539E-1));
#5692=CARTESIAN_POINT('',(-1.3E0,4.937747513482E-1,5.9E-1));
#5693=VERTEX_POINT('',#5691);
#5694=VERTEX_POINT('',#5692);
#5695=CARTESIAN_POINT('',(1.3E0,4.4E-1,-5.9E-1));
#5696=CARTESIAN_POINT('',(1.3E0,4.937747513482E-1,-5.9E-1));
#5697=VERTEX_POINT('',#5695);
#5698=VERTEX_POINT('',#5696);
#5699=CARTESIAN_POINT('',(1.5E0,4.4E-1,-7.5E-1));
#5700=VERTEX_POINT('',#5699);
#5701=CARTESIAN_POINT('',(1.5E0,4.4E-1,7.5E-1));
#5702=CARTESIAN_POINT('',(1.3E0,4.4E-1,5.9E-1));
#5703=VERTEX_POINT('',#5701);
#5704=VERTEX_POINT('',#5702);
#5705=CARTESIAN_POINT('',(1.3E0,4.937747513482E-1,5.9E-1));
#5706=VERTEX_POINT('',#5705);
#5707=CARTESIAN_POINT('',(-1.5E0,4.4E-1,-7.5E-1));
#5708=CARTESIAN_POINT('',(-1.3E0,4.4E-1,-5.9E-1));
#5709=VERTEX_POINT('',#5707);
#5710=VERTEX_POINT('',#5708);
#5711=CARTESIAN_POINT('',(-1.3E0,4.937747513482E-1,-5.9E-1));
#5712=VERTEX_POINT('',#5711);
#5713=CARTESIAN_POINT('',(-1.3E0,4.4E-1,5.9E-1));
#5714=CARTESIAN_POINT('',(-1.5E0,4.4E-1,7.5E-1));
#5715=VERTEX_POINT('',#5713);
#5716=VERTEX_POINT('',#5714);
#5717=CARTESIAN_POINT('',(-1.429326335692E0,5.513545457643E-1,
-6.934610685539E-1));
#5718=VERTEX_POINT('',#5717);
#5719=CARTESIAN_POINT('',(1.35E0,4.4E-1,-9.7E-1));
#5720=CARTESIAN_POINT('',(1.35E0,5.561895003862E-1,-8.8E-1));
#5721=VERTEX_POINT('',#5719);
#5722=VERTEX_POINT('',#5720);
#5723=VERTEX_POINT('',#958);
#5724=VERTEX_POINT('',#961);
#5725=VERTEX_POINT('',#927);
#5726=VERTEX_POINT('',#934);
#5727=VERTEX_POINT('',#495);
#5728=VERTEX_POINT('',#502);
#5729=VERTEX_POINT('',#574);
#5730=VERTEX_POINT('',#577);
#5731=CARTESIAN_POINT('',(-1.35E0,5.561895003862E-1,-8.8E-1));
#5732=CARTESIAN_POINT('',(-1.35E0,4.4E-1,-9.7E-1));
#5733=VERTEX_POINT('',#5731);
#5734=VERTEX_POINT('',#5732);
#5735=CARTESIAN_POINT('',(-1.59E0,4.4E-1,-7.5E-1));
#5736=CARTESIAN_POINT('',(-1.5E0,5.561895003862E-1,-7.5E-1));
#5737=VERTEX_POINT('',#5735);
#5738=VERTEX_POINT('',#5736);
#5739=VERTEX_POINT('',#3355);
#5740=VERTEX_POINT('',#3329);
#5741=VERTEX_POINT('',#3332);
#5742=CARTESIAN_POINT('',(-1.59E0,4.4E-1,7.5E-1));
#5743=VERTEX_POINT('',#5742);
#5744=CARTESIAN_POINT('',(-1.47E0,4.4E-1,-9.7E-1));
#5745=VERTEX_POINT('',#5744);
#5746=CARTESIAN_POINT('',(-1.59E0,4.4E-1,-8.5E-1));
#5747=VERTEX_POINT('',#5746);
#5748=CARTESIAN_POINT('',(1.47E0,4.4E-1,-9.7E-1));
#5749=VERTEX_POINT('',#5748);
#5750=CARTESIAN_POINT('',(1.59E0,4.4E-1,-8.5E-1));
#5751=CARTESIAN_POINT('',(1.59E0,4.4E-1,-7.5E-1));
#5752=VERTEX_POINT('',#5750);
#5753=VERTEX_POINT('',#5751);
#5754=CARTESIAN_POINT('',(-1.47E0,4.4E-1,9.7E-1));
#5755=CARTESIAN_POINT('',(-1.35E0,4.4E-1,9.7E-1));
#5756=VERTEX_POINT('',#5754);
#5757=VERTEX_POINT('',#5755);
#5758=CARTESIAN_POINT('',(1.35E0,4.4E-1,9.7E-1));
#5759=CARTESIAN_POINT('',(1.47E0,4.4E-1,9.7E-1));
#5760=VERTEX_POINT('',#5758);
#5761=VERTEX_POINT('',#5759);
#5762=CARTESIAN_POINT('',(-1.59E0,4.4E-1,8.5E-1));
#5763=VERTEX_POINT('',#5762);
#5764=CARTESIAN_POINT('',(1.59E0,4.4E-1,7.5E-1));
#5765=CARTESIAN_POINT('',(1.59E0,4.4E-1,8.5E-1));
#5766=VERTEX_POINT('',#5764);
#5767=VERTEX_POINT('',#5765);
#5768=CARTESIAN_POINT('',(1.5E0,5.561895003862E-1,-7.5E-1));
#5769=VERTEX_POINT('',#5768);
#5770=CARTESIAN_POINT('',(1.5E0,5.561895003862E-1,7.5E-1));
#5771=VERTEX_POINT('',#5770);
#5772=CARTESIAN_POINT('',(-1.47E0,2.5E-1,9.7E-1));
#5773=CARTESIAN_POINT('',(-1.59E0,2.5E-1,8.5E-1));
#5774=VERTEX_POINT('',#5772);
#5775=VERTEX_POINT('',#5773);
#5776=CARTESIAN_POINT('',(-1.59E0,2.5E-1,-8.5E-1));
#5777=VERTEX_POINT('',#5776);
#5778=CARTESIAN_POINT('',(-1.47E0,2.5E-1,-9.7E-1));
#5779=VERTEX_POINT('',#5778);
#5780=CARTESIAN_POINT('',(1.59E0,2.5E-1,8.5E-1));
#5781=VERTEX_POINT('',#5780);
#5782=CARTESIAN_POINT('',(1.47E0,2.5E-1,9.7E-1));
#5783=VERTEX_POINT('',#5782);
#5784=CARTESIAN_POINT('',(6.3E-1,3.2E-1,9.7E-1));
#5785=CARTESIAN_POINT('',(6.3E-1,4.4E-1,8.5E-1));
#5786=VERTEX_POINT('',#5784);
#5787=VERTEX_POINT('',#5785);
#5788=CARTESIAN_POINT('',(8.05E-1,4.4E-1,8.5E-1));
#5789=VERTEX_POINT('',#5788);
#5790=CARTESIAN_POINT('',(8.05E-1,3.2E-1,9.7E-1));
#5791=VERTEX_POINT('',#5790);
#5792=CARTESIAN_POINT('',(-8.05E-1,3.2E-1,9.7E-1));
#5793=CARTESIAN_POINT('',(-8.05E-1,4.4E-1,8.5E-1));
#5794=VERTEX_POINT('',#5792);
#5795=VERTEX_POINT('',#5793);
#5796=CARTESIAN_POINT('',(-6.3E-1,4.4E-1,8.5E-1));
#5797=VERTEX_POINT('',#5796);
#5798=CARTESIAN_POINT('',(-6.3E-1,3.2E-1,9.7E-1));
#5799=VERTEX_POINT('',#5798);
#5800=CARTESIAN_POINT('',(-6.3E-1,3.2E-1,-9.7E-1));
#5801=CARTESIAN_POINT('',(-6.3E-1,4.4E-1,-8.5E-1));
#5802=VERTEX_POINT('',#5800);
#5803=VERTEX_POINT('',#5801);
#5804=CARTESIAN_POINT('',(-8.05E-1,4.4E-1,-8.5E-1));
#5805=VERTEX_POINT('',#5804);
#5806=CARTESIAN_POINT('',(-8.05E-1,3.2E-1,-9.7E-1));
#5807=VERTEX_POINT('',#5806);
#5808=CARTESIAN_POINT('',(8.05E-1,3.2E-1,-9.7E-1));
#5809=CARTESIAN_POINT('',(8.05E-1,4.4E-1,-8.5E-1));
#5810=VERTEX_POINT('',#5808);
#5811=VERTEX_POINT('',#5809);
#5812=CARTESIAN_POINT('',(6.3E-1,4.4E-1,-8.5E-1));
#5813=VERTEX_POINT('',#5812);
#5814=CARTESIAN_POINT('',(6.3E-1,3.2E-1,-9.7E-1));
#5815=VERTEX_POINT('',#5814);
#5816=CARTESIAN_POINT('',(1.47E0,2.5E-1,-9.7E-1));
#5817=CARTESIAN_POINT('',(1.59E0,2.5E-1,-8.5E-1));
#5818=VERTEX_POINT('',#5816);
#5819=VERTEX_POINT('',#5817);
#5820=CARTESIAN_POINT('',(-1.51E0,1.E-1,-5.95E-1));
#5821=CARTESIAN_POINT('',(-1.63E0,-2.E-2,-5.95E-1));
#5822=VERTEX_POINT('',#5820);
#5823=VERTEX_POINT('',#5821);
#5824=CARTESIAN_POINT('',(-1.67E0,-2.E-2,-5.95E-1));
#5825=VERTEX_POINT('',#5824);
#5826=CARTESIAN_POINT('',(-1.73E0,0.E0,-5.95E-1));
#5827=CARTESIAN_POINT('',(-1.73E0,6.E-2,-5.95E-1));
#5828=VERTEX_POINT('',#5826);
#5829=VERTEX_POINT('',#5827);
#5830=CARTESIAN_POINT('',(-1.63E0,6.E-2,-5.95E-1));
#5831=VERTEX_POINT('',#5830);
#5832=CARTESIAN_POINT('',(-1.59E0,1.E-1,-5.95E-1));
#5833=VERTEX_POINT('',#5832);
#5834=CARTESIAN_POINT('',(-1.51E0,1.E-1,-3.7E-1));
#5835=CARTESIAN_POINT('',(-1.63E0,-2.E-2,-3.7E-1));
#5836=VERTEX_POINT('',#5834);
#5837=VERTEX_POINT('',#5835);
#5838=CARTESIAN_POINT('',(-1.67E0,-2.E-2,-3.7E-1));
#5839=VERTEX_POINT('',#5838);
#5840=CARTESIAN_POINT('',(-1.73E0,0.E0,-3.7E-1));
#5841=CARTESIAN_POINT('',(-1.73E0,6.E-2,-3.7E-1));
#5842=VERTEX_POINT('',#5840);
#5843=VERTEX_POINT('',#5841);
#5844=CARTESIAN_POINT('',(-1.63E0,6.E-2,-3.7E-1));
#5845=VERTEX_POINT('',#5844);
#5846=CARTESIAN_POINT('',(-1.59E0,1.E-1,-3.7E-1));
#5847=VERTEX_POINT('',#5846);
#5848=CARTESIAN_POINT('',(-1.51E0,1.5E-1,-5.95E-1));
#5849=CARTESIAN_POINT('',(-1.51E0,1.5E-1,-3.7E-1));
#5850=VERTEX_POINT('',#5848);
#5851=VERTEX_POINT('',#5849);
#5852=CARTESIAN_POINT('',(1.51E0,1.5E-1,-5.95E-1));
#5853=VERTEX_POINT('',#5852);
#5854=CARTESIAN_POINT('',(1.51E0,1.5E-1,-3.7E-1));
#5855=VERTEX_POINT('',#5854);
#5856=CARTESIAN_POINT('',(-1.69E0,0.E0,-5.95E-1));
#5857=VERTEX_POINT('',#5856);
#5858=CARTESIAN_POINT('',(1.59E0,1.E-1,-5.95E-1));
#5859=CARTESIAN_POINT('',(1.63E0,6.E-2,-5.95E-1));
#5860=VERTEX_POINT('',#5858);
#5861=VERTEX_POINT('',#5859);
#5862=CARTESIAN_POINT('',(1.73E0,6.E-2,-5.95E-1));
#5863=VERTEX_POINT('',#5862);
#5864=CARTESIAN_POINT('',(1.73E0,0.E0,-5.95E-1));
#5865=VERTEX_POINT('',#5864);
#5866=CARTESIAN_POINT('',(1.69E0,0.E0,-5.95E-1));
#5867=VERTEX_POINT('',#5866);
#5868=CARTESIAN_POINT('',(1.67E0,-2.E-2,-5.95E-1));
#5869=VERTEX_POINT('',#5868);
#5870=CARTESIAN_POINT('',(1.63E0,-2.E-2,-5.95E-1));
#5871=VERTEX_POINT('',#5870);
#5872=CARTESIAN_POINT('',(1.51E0,1.E-1,-5.95E-1));
#5873=VERTEX_POINT('',#5872);
#5874=CARTESIAN_POINT('',(-1.69E0,0.E0,-3.7E-1));
#5875=VERTEX_POINT('',#5874);
#5876=CARTESIAN_POINT('',(1.59E0,1.E-1,-3.7E-1));
#5877=CARTESIAN_POINT('',(1.63E0,6.E-2,-3.7E-1));
#5878=VERTEX_POINT('',#5876);
#5879=VERTEX_POINT('',#5877);
#5880=CARTESIAN_POINT('',(1.73E0,6.E-2,-3.7E-1));
#5881=VERTEX_POINT('',#5880);
#5882=CARTESIAN_POINT('',(1.73E0,0.E0,-3.7E-1));
#5883=VERTEX_POINT('',#5882);
#5884=CARTESIAN_POINT('',(1.69E0,0.E0,-3.7E-1));
#5885=VERTEX_POINT('',#5884);
#5886=CARTESIAN_POINT('',(1.67E0,-2.E-2,-3.7E-1));
#5887=VERTEX_POINT('',#5886);
#5888=CARTESIAN_POINT('',(1.63E0,-2.E-2,-3.7E-1));
#5889=VERTEX_POINT('',#5888);
#5890=CARTESIAN_POINT('',(1.51E0,1.E-1,-3.7E-1));
#5891=VERTEX_POINT('',#5890);
#5892=CARTESIAN_POINT('',(-1.51E0,1.E-1,5.95E-1));
#5893=CARTESIAN_POINT('',(-1.63E0,-2.E-2,5.95E-1));
#5894=VERTEX_POINT('',#5892);
#5895=VERTEX_POINT('',#5893);
#5896=CARTESIAN_POINT('',(-1.67E0,-2.E-2,5.95E-1));
#5897=VERTEX_POINT('',#5896);
#5898=CARTESIAN_POINT('',(-1.73E0,0.E0,5.95E-1));
#5899=CARTESIAN_POINT('',(-1.73E0,6.E-2,5.95E-1));
#5900=VERTEX_POINT('',#5898);
#5901=VERTEX_POINT('',#5899);
#5902=CARTESIAN_POINT('',(-1.63E0,6.E-2,5.95E-1));
#5903=VERTEX_POINT('',#5902);
#5904=CARTESIAN_POINT('',(-1.59E0,1.E-1,5.95E-1));
#5905=VERTEX_POINT('',#5904);
#5906=CARTESIAN_POINT('',(-1.51E0,1.E-1,3.7E-1));
#5907=CARTESIAN_POINT('',(-1.63E0,-2.E-2,3.7E-1));
#5908=VERTEX_POINT('',#5906);
#5909=VERTEX_POINT('',#5907);
#5910=CARTESIAN_POINT('',(-1.67E0,-2.E-2,3.7E-1));
#5911=VERTEX_POINT('',#5910);
#5912=CARTESIAN_POINT('',(-1.73E0,0.E0,3.7E-1));
#5913=CARTESIAN_POINT('',(-1.73E0,6.E-2,3.7E-1));
#5914=VERTEX_POINT('',#5912);
#5915=VERTEX_POINT('',#5913);
#5916=CARTESIAN_POINT('',(-1.63E0,6.E-2,3.7E-1));
#5917=VERTEX_POINT('',#5916);
#5918=CARTESIAN_POINT('',(-1.59E0,1.E-1,3.7E-1));
#5919=VERTEX_POINT('',#5918);
#5920=CARTESIAN_POINT('',(-1.51E0,1.5E-1,5.95E-1));
#5921=VERTEX_POINT('',#5920);
#5922=CARTESIAN_POINT('',(-1.51E0,1.5E-1,3.7E-1));
#5923=VERTEX_POINT('',#5922);
#5924=CARTESIAN_POINT('',(-1.69E0,0.E0,5.95E-1));
#5925=VERTEX_POINT('',#5924);
#5926=CARTESIAN_POINT('',(1.59E0,1.E-1,5.95E-1));
#5927=CARTESIAN_POINT('',(1.63E0,6.E-2,5.95E-1));
#5928=VERTEX_POINT('',#5926);
#5929=VERTEX_POINT('',#5927);
#5930=CARTESIAN_POINT('',(1.73E0,6.E-2,5.95E-1));
#5931=VERTEX_POINT('',#5930);
#5932=CARTESIAN_POINT('',(1.73E0,0.E0,5.95E-1));
#5933=VERTEX_POINT('',#5932);
#5934=CARTESIAN_POINT('',(1.69E0,0.E0,5.95E-1));
#5935=VERTEX_POINT('',#5934);
#5936=CARTESIAN_POINT('',(1.67E0,-2.E-2,5.95E-1));
#5937=VERTEX_POINT('',#5936);
#5938=CARTESIAN_POINT('',(1.63E0,-2.E-2,5.95E-1));
#5939=VERTEX_POINT('',#5938);
#5940=CARTESIAN_POINT('',(1.51E0,1.E-1,5.95E-1));
#5941=VERTEX_POINT('',#5940);
#5942=CARTESIAN_POINT('',(-1.69E0,0.E0,3.7E-1));
#5943=VERTEX_POINT('',#5942);
#5944=CARTESIAN_POINT('',(1.59E0,1.E-1,3.7E-1));
#5945=CARTESIAN_POINT('',(1.63E0,6.E-2,3.7E-1));
#5946=VERTEX_POINT('',#5944);
#5947=VERTEX_POINT('',#5945);
#5948=CARTESIAN_POINT('',(1.73E0,6.E-2,3.7E-1));
#5949=VERTEX_POINT('',#5948);
#5950=CARTESIAN_POINT('',(1.73E0,0.E0,3.7E-1));
#5951=VERTEX_POINT('',#5950);
#5952=CARTESIAN_POINT('',(1.69E0,0.E0,3.7E-1));
#5953=VERTEX_POINT('',#5952);
#5954=CARTESIAN_POINT('',(1.67E0,-2.E-2,3.7E-1));
#5955=VERTEX_POINT('',#5954);
#5956=CARTESIAN_POINT('',(1.63E0,-2.E-2,3.7E-1));
#5957=VERTEX_POINT('',#5956);
#5958=CARTESIAN_POINT('',(1.51E0,1.E-1,3.7E-1));
#5959=VERTEX_POINT('',#5958);
#5960=CARTESIAN_POINT('',(1.51E0,1.5E-1,5.95E-1));
#5961=VERTEX_POINT('',#5960);
#5962=CARTESIAN_POINT('',(1.51E0,1.5E-1,3.7E-1));
#5963=VERTEX_POINT('',#5962);
#5964=CARTESIAN_POINT('',(-1.35E0,4.4E-1,-8.8E-1));
#5965=VERTEX_POINT('',#5964);
#5966=CARTESIAN_POINT('',(1.35E0,4.4E-1,-8.8E-1));
#5967=VERTEX_POINT('',#5966);
#5968=CARTESIAN_POINT('',(-1.35E0,4.4E-1,8.8E-1));
#5969=VERTEX_POINT('',#5968);
#5970=CARTESIAN_POINT('',(1.35E0,4.4E-1,8.8E-1));
#5971=VERTEX_POINT('',#5970);
#5972=CARTESIAN_POINT('',(-1.35E0,5.561895003862E-1,8.8E-1));
#5973=VERTEX_POINT('',#5972);
#5974=CARTESIAN_POINT('',(1.35E0,5.561895003862E-1,8.8E-1));
#5975=VERTEX_POINT('',#5974);
#5976=CARTESIAN_POINT('',(1.346299423149E0,5.561895003862E-1,8.8E-1));
#5977=VERTEX_POINT('',#5976);
#5978=CARTESIAN_POINT('',(-1.346299423149E0,5.561895003862E-1,8.8E-1));
#5979=VERTEX_POINT('',#5978);
#5980=CARTESIAN_POINT('',(1.273298564971E0,5.339328623168E-1,
7.826655224298E-1));
#5981=VERTEX_POINT('',#5980);
#5982=CARTESIAN_POINT('',(1.081299423149E0,4.4E-1,9.7E-1));
#5983=CARTESIAN_POINT('',(1.081299423149E0,4.4E-1,8.8E-1));
#5984=VERTEX_POINT('',#5982);
#5985=VERTEX_POINT('',#5983);
#5986=CARTESIAN_POINT('',(1.081299423149E0,4.4E-1,-8.8E-1));
#5987=VERTEX_POINT('',#5986);
#5988=CARTESIAN_POINT('',(-1.081299423149E0,4.4E-1,8.8E-1));
#5989=VERTEX_POINT('',#5988);
#5990=CARTESIAN_POINT('',(-1.081299423149E0,4.4E-1,9.7E-1));
#5991=VERTEX_POINT('',#5990);
#5992=CARTESIAN_POINT('',(-1.081299423149E0,4.4E-1,-8.8E-1));
#5993=VERTEX_POINT('',#5992);
#5994=CARTESIAN_POINT('',(-9.028856349870E-1,5.339328623168E-1,
-7.826655224298E-1));
#5995=VERTEX_POINT('',#5994);
#5996=CARTESIAN_POINT('',(9.028856349870E-1,5.339328623168E-1,
7.826655224298E-1));
#5997=VERTEX_POINT('',#5996);
#5998=CARTESIAN_POINT('',(-1.295E0,4.4E-1,5.9E-1));
#5999=VERTEX_POINT('',#5998);
#6000=CARTESIAN_POINT('',(1.295E0,4.4E-1,5.9E-1));
#6001=VERTEX_POINT('',#6000);
#6002=CARTESIAN_POINT('',(-1.295E0,1.E-1,5.9E-1));
#6003=VERTEX_POINT('',#6002);
#6004=CARTESIAN_POINT('',(1.295E0,1.E-1,5.9E-1));
#6005=VERTEX_POINT('',#6004);
#6006=CARTESIAN_POINT('',(-9.E-2,2.500631674418E-1,3.666466190670E-1));
#6007=CARTESIAN_POINT('',(9.E-2,2.500631674418E-1,3.666466190670E-1));
#6008=VERTEX_POINT('',#6006);
#6009=VERTEX_POINT('',#6007);
#6010=CARTESIAN_POINT('',(-9.E-2,2.500631674418E-1,-3.666466190670E-1));
#6011=CARTESIAN_POINT('',(9.E-2,2.500631674418E-1,-3.666466190670E-1));
#6012=VERTEX_POINT('',#6010);
#6013=VERTEX_POINT('',#6011);
#6014=CARTESIAN_POINT('',(-9.E-2,2.325320565519E-1,6.4E-1));
#6015=CARTESIAN_POINT('',(-9.E-2,4.274679434481E-1,6.4E-1));
#6016=VERTEX_POINT('',#6014);
#6017=VERTEX_POINT('',#6015);
#6018=CARTESIAN_POINT('',(9.E-2,2.325320565519E-1,6.4E-1));
#6019=CARTESIAN_POINT('',(9.E-2,4.274679434481E-1,6.4E-1));
#6020=VERTEX_POINT('',#6018);
#6021=VERTEX_POINT('',#6019);
#6022=CARTESIAN_POINT('',(-9.E-2,2.325320565519E-1,-6.4E-1));
#6023=CARTESIAN_POINT('',(-9.E-2,4.274679434481E-1,-6.4E-1));
#6024=VERTEX_POINT('',#6022);
#6025=VERTEX_POINT('',#6023);
#6026=CARTESIAN_POINT('',(9.E-2,2.325320565519E-1,-6.4E-1));
#6027=CARTESIAN_POINT('',(9.E-2,4.274679434481E-1,-6.4E-1));
#6028=VERTEX_POINT('',#6026);
#6029=VERTEX_POINT('',#6027);
#6030=CARTESIAN_POINT('',(-9.E-2,2.284802500505E-1,-3.4E-1));
#6031=CARTESIAN_POINT('',(-9.E-2,4.048528137424E-1,-3.4E-1));
#6032=VERTEX_POINT('',#6030);
#6033=VERTEX_POINT('',#6031);
#6034=CARTESIAN_POINT('',(9.E-2,2.284802500505E-1,-3.4E-1));
#6035=CARTESIAN_POINT('',(9.E-2,4.048528137424E-1,-3.4E-1));
#6036=VERTEX_POINT('',#6034);
#6037=VERTEX_POINT('',#6035);
#6038=CARTESIAN_POINT('',(-9.E-2,2.284802500505E-1,3.4E-1));
#6039=CARTESIAN_POINT('',(-9.E-2,4.048528137424E-1,3.4E-1));
#6040=VERTEX_POINT('',#6038);
#6041=VERTEX_POINT('',#6039);
#6042=CARTESIAN_POINT('',(9.E-2,2.284802500505E-1,3.4E-1));
#6043=CARTESIAN_POINT('',(9.E-2,4.048528137424E-1,3.4E-1));
#6044=VERTEX_POINT('',#6042);
#6045=VERTEX_POINT('',#6043);
#6046=CARTESIAN_POINT('',(2.6E-1,2.500631674418E-1,3.666466190670E-1));
#6047=CARTESIAN_POINT('',(4.4E-1,2.500631674418E-1,3.666466190670E-1));
#6048=VERTEX_POINT('',#6046);
#6049=VERTEX_POINT('',#6047);
#6050=CARTESIAN_POINT('',(2.6E-1,2.500631674418E-1,-3.666466190670E-1));
#6051=CARTESIAN_POINT('',(4.4E-1,2.500631674418E-1,-3.666466190670E-1));
#6052=VERTEX_POINT('',#6050);
#6053=VERTEX_POINT('',#6051);
#6054=CARTESIAN_POINT('',(2.6E-1,2.325320565519E-1,6.4E-1));
#6055=CARTESIAN_POINT('',(2.6E-1,4.274679434481E-1,6.4E-1));
#6056=VERTEX_POINT('',#6054);
#6057=VERTEX_POINT('',#6055);
#6058=CARTESIAN_POINT('',(4.4E-1,2.325320565519E-1,6.4E-1));
#6059=CARTESIAN_POINT('',(4.4E-1,4.274679434481E-1,6.4E-1));
#6060=VERTEX_POINT('',#6058);
#6061=VERTEX_POINT('',#6059);
#6062=CARTESIAN_POINT('',(2.6E-1,2.325320565519E-1,-6.4E-1));
#6063=CARTESIAN_POINT('',(2.6E-1,4.274679434481E-1,-6.4E-1));
#6064=VERTEX_POINT('',#6062);
#6065=VERTEX_POINT('',#6063);
#6066=CARTESIAN_POINT('',(4.4E-1,2.325320565519E-1,-6.4E-1));
#6067=CARTESIAN_POINT('',(4.4E-1,4.274679434481E-1,-6.4E-1));
#6068=VERTEX_POINT('',#6066);
#6069=VERTEX_POINT('',#6067);
#6070=CARTESIAN_POINT('',(2.6E-1,2.284802500505E-1,-3.4E-1));
#6071=CARTESIAN_POINT('',(2.6E-1,4.048528137424E-1,-3.4E-1));
#6072=VERTEX_POINT('',#6070);
#6073=VERTEX_POINT('',#6071);
#6074=CARTESIAN_POINT('',(4.4E-1,2.284802500505E-1,-3.4E-1));
#6075=CARTESIAN_POINT('',(4.4E-1,4.048528137424E-1,-3.4E-1));
#6076=VERTEX_POINT('',#6074);
#6077=VERTEX_POINT('',#6075);
#6078=CARTESIAN_POINT('',(2.6E-1,2.284802500505E-1,3.4E-1));
#6079=CARTESIAN_POINT('',(2.6E-1,4.048528137424E-1,3.4E-1));
#6080=VERTEX_POINT('',#6078);
#6081=VERTEX_POINT('',#6079);
#6082=CARTESIAN_POINT('',(4.4E-1,2.284802500505E-1,3.4E-1));
#6083=CARTESIAN_POINT('',(4.4E-1,4.048528137424E-1,3.4E-1));
#6084=VERTEX_POINT('',#6082);
#6085=VERTEX_POINT('',#6083);
#6086=CARTESIAN_POINT('',(-5.E-2,6.E-2,1.E0));
#6087=CARTESIAN_POINT('',(-5.E-2,0.E0,1.E0));
#6088=VERTEX_POINT('',#6086);
#6089=VERTEX_POINT('',#6087);
#6090=CARTESIAN_POINT('',(5.E-2,6.E-2,1.E0));
#6091=CARTESIAN_POINT('',(5.E-2,0.E0,1.E0));
#6092=VERTEX_POINT('',#6090);
#6093=VERTEX_POINT('',#6091);
#6094=CARTESIAN_POINT('',(-5.E-2,0.E0,9.8E-1));
#6095=VERTEX_POINT('',#6094);
#6096=CARTESIAN_POINT('',(5.E-2,0.E0,9.8E-1));
#6097=VERTEX_POINT('',#6096);
#6098=CARTESIAN_POINT('',(-5.E-2,-2.E-2,9.6E-1));
#6099=VERTEX_POINT('',#6098);
#6100=CARTESIAN_POINT('',(5.E-2,-2.E-2,9.6E-1));
#6101=VERTEX_POINT('',#6100);
#6102=CARTESIAN_POINT('',(-5.E-2,-2.E-2,9.E-1));
#6103=VERTEX_POINT('',#6102);
#6104=CARTESIAN_POINT('',(5.E-2,-2.E-2,9.E-1));
#6105=VERTEX_POINT('',#6104);
#6106=CARTESIAN_POINT('',(-5.E-2,1.E-1,7.8E-1));
#6107=VERTEX_POINT('',#6106);
#6108=CARTESIAN_POINT('',(5.E-2,1.E-1,7.8E-1));
#6109=VERTEX_POINT('',#6108);
#6110=CARTESIAN_POINT('',(-5.E-2,6.E-2,9.E-1));
#6111=CARTESIAN_POINT('',(-5.E-2,1.E-1,8.6E-1));
#6112=VERTEX_POINT('',#6110);
#6113=VERTEX_POINT('',#6111);
#6114=CARTESIAN_POINT('',(5.E-2,6.E-2,9.E-1));
#6115=CARTESIAN_POINT('',(5.E-2,1.E-1,8.6E-1));
#6116=VERTEX_POINT('',#6114);
#6117=VERTEX_POINT('',#6115);
#6118=CARTESIAN_POINT('',(-5.E-2,6.E-2,-1.E0));
#6119=CARTESIAN_POINT('',(-5.E-2,6.E-2,-9.E-1));
#6120=VERTEX_POINT('',#6118);
#6121=VERTEX_POINT('',#6119);
#6122=CARTESIAN_POINT('',(5.E-2,6.E-2,-1.E0));
#6123=CARTESIAN_POINT('',(5.E-2,6.E-2,-9.E-1));
#6124=VERTEX_POINT('',#6122);
#6125=VERTEX_POINT('',#6123);
#6126=CARTESIAN_POINT('',(-5.E-2,1.E-1,-8.6E-1));
#6127=VERTEX_POINT('',#6126);
#6128=CARTESIAN_POINT('',(5.E-2,1.E-1,-8.6E-1));
#6129=VERTEX_POINT('',#6128);
#6130=CARTESIAN_POINT('',(-5.E-2,1.E-1,-7.8E-1));
#6131=CARTESIAN_POINT('',(-5.E-2,-2.E-2,-9.E-1));
#6132=VERTEX_POINT('',#6130);
#6133=VERTEX_POINT('',#6131);
#6134=CARTESIAN_POINT('',(5.E-2,1.E-1,-7.8E-1));
#6135=CARTESIAN_POINT('',(5.E-2,-2.E-2,-9.E-1));
#6136=VERTEX_POINT('',#6134);
#6137=VERTEX_POINT('',#6135);
#6138=CARTESIAN_POINT('',(-5.E-2,-2.E-2,-9.6E-1));
#6139=VERTEX_POINT('',#6138);
#6140=CARTESIAN_POINT('',(5.E-2,-2.E-2,-9.6E-1));
#6141=VERTEX_POINT('',#6140);
#6142=CARTESIAN_POINT('',(-5.E-2,0.E0,-9.8E-1));
#6143=VERTEX_POINT('',#6142);
#6144=CARTESIAN_POINT('',(5.E-2,0.E0,-9.8E-1));
#6145=VERTEX_POINT('',#6144);
#6146=CARTESIAN_POINT('',(-5.E-2,0.E0,-1.E0));
#6147=VERTEX_POINT('',#6146);
#6148=CARTESIAN_POINT('',(5.E-2,0.E0,-1.E0));
#6149=VERTEX_POINT('',#6148);
#6150=CARTESIAN_POINT('',(3.E-1,6.E-2,1.E0));
#6151=CARTESIAN_POINT('',(3.E-1,0.E0,1.E0));
#6152=VERTEX_POINT('',#6150);
#6153=VERTEX_POINT('',#6151);
#6154=CARTESIAN_POINT('',(4.E-1,6.E-2,1.E0));
#6155=CARTESIAN_POINT('',(4.E-1,0.E0,1.E0));
#6156=VERTEX_POINT('',#6154);
#6157=VERTEX_POINT('',#6155);
#6158=CARTESIAN_POINT('',(3.E-1,0.E0,9.8E-1));
#6159=VERTEX_POINT('',#6158);
#6160=CARTESIAN_POINT('',(4.E-1,0.E0,9.8E-1));
#6161=VERTEX_POINT('',#6160);
#6162=CARTESIAN_POINT('',(3.E-1,-2.E-2,9.6E-1));
#6163=VERTEX_POINT('',#6162);
#6164=CARTESIAN_POINT('',(4.E-1,-2.E-2,9.6E-1));
#6165=VERTEX_POINT('',#6164);
#6166=CARTESIAN_POINT('',(3.E-1,-2.E-2,9.E-1));
#6167=VERTEX_POINT('',#6166);
#6168=CARTESIAN_POINT('',(4.E-1,-2.E-2,9.E-1));
#6169=VERTEX_POINT('',#6168);
#6170=CARTESIAN_POINT('',(3.E-1,1.E-1,7.8E-1));
#6171=VERTEX_POINT('',#6170);
#6172=CARTESIAN_POINT('',(4.E-1,1.E-1,7.8E-1));
#6173=VERTEX_POINT('',#6172);
#6174=CARTESIAN_POINT('',(3.E-1,6.E-2,9.E-1));
#6175=CARTESIAN_POINT('',(3.E-1,1.E-1,8.6E-1));
#6176=VERTEX_POINT('',#6174);
#6177=VERTEX_POINT('',#6175);
#6178=CARTESIAN_POINT('',(4.E-1,6.E-2,9.E-1));
#6179=CARTESIAN_POINT('',(4.E-1,1.E-1,8.6E-1));
#6180=VERTEX_POINT('',#6178);
#6181=VERTEX_POINT('',#6179);
#6182=CARTESIAN_POINT('',(3.E-1,6.E-2,-1.E0));
#6183=CARTESIAN_POINT('',(3.E-1,6.E-2,-9.E-1));
#6184=VERTEX_POINT('',#6182);
#6185=VERTEX_POINT('',#6183);
#6186=CARTESIAN_POINT('',(4.E-1,6.E-2,-1.E0));
#6187=CARTESIAN_POINT('',(4.E-1,6.E-2,-9.E-1));
#6188=VERTEX_POINT('',#6186);
#6189=VERTEX_POINT('',#6187);
#6190=CARTESIAN_POINT('',(3.E-1,1.E-1,-8.6E-1));
#6191=VERTEX_POINT('',#6190);
#6192=CARTESIAN_POINT('',(4.E-1,1.E-1,-8.6E-1));
#6193=VERTEX_POINT('',#6192);
#6194=CARTESIAN_POINT('',(3.E-1,1.E-1,-7.8E-1));
#6195=CARTESIAN_POINT('',(3.E-1,-2.E-2,-9.E-1));
#6196=VERTEX_POINT('',#6194);
#6197=VERTEX_POINT('',#6195);
#6198=CARTESIAN_POINT('',(4.E-1,1.E-1,-7.8E-1));
#6199=CARTESIAN_POINT('',(4.E-1,-2.E-2,-9.E-1));
#6200=VERTEX_POINT('',#6198);
#6201=VERTEX_POINT('',#6199);
#6202=CARTESIAN_POINT('',(3.E-1,-2.E-2,-9.6E-1));
#6203=VERTEX_POINT('',#6202);
#6204=CARTESIAN_POINT('',(4.E-1,-2.E-2,-9.6E-1));
#6205=VERTEX_POINT('',#6204);
#6206=CARTESIAN_POINT('',(3.E-1,0.E0,-9.8E-1));
#6207=VERTEX_POINT('',#6206);
#6208=CARTESIAN_POINT('',(4.E-1,0.E0,-9.8E-1));
#6209=VERTEX_POINT('',#6208);
#6210=CARTESIAN_POINT('',(3.E-1,0.E0,-1.E0));
#6211=VERTEX_POINT('',#6210);
#6212=CARTESIAN_POINT('',(4.E-1,0.E0,-1.E0));
#6213=VERTEX_POINT('',#6212);
#6214=CARTESIAN_POINT('',(1.429326335692E0,5.513545457643E-1,
-6.934610685539E-1));
#6215=CARTESIAN_POINT('',(1.429326335692E0,5.513545457643E-1,
6.934610685539E-1));
#6216=VERTEX_POINT('',#6214);
#6217=VERTEX_POINT('',#6215);
#6218=VERTEX_POINT('',#1070);
#6219=VERTEX_POINT('',#3306);
#6220=CARTESIAN_POINT('',(-1.181299423149E0,3.2E-1,6.4E-1));
#6221=CARTESIAN_POINT('',(-1.181299423149E0,4.04E-1,6.4E-1));
#6222=VERTEX_POINT('',#6220);
#6223=VERTEX_POINT('',#6221);
#6224=CARTESIAN_POINT('',(1.181299423149E0,3.2E-1,6.4E-1));
#6225=CARTESIAN_POINT('',(1.181299423149E0,4.04E-1,6.4E-1));
#6226=VERTEX_POINT('',#6224);
#6227=VERTEX_POINT('',#6225);
#6228=VERTEX_POINT('',#3787);
#6229=VERTEX_POINT('',#3818);
#6230=VERTEX_POINT('',#689);
#6231=VERTEX_POINT('',#650);
#6232=CARTESIAN_POINT('',(-1.59E0,4.E-1,-3.5E-1));
#6233=CARTESIAN_POINT('',(-1.59E0,2.86E-1,-3.5E-1));
#6234=VERTEX_POINT('',#6232);
#6235=VERTEX_POINT('',#6233);
#6236=CARTESIAN_POINT('',(-1.55E0,2.86E-1,-3.5E-1));
#6237=VERTEX_POINT('',#6236);
#6238=CARTESIAN_POINT('',(-1.59E0,4.E-1,3.5E-1));
#6239=CARTESIAN_POINT('',(-1.59E0,2.86E-1,3.5E-1));
#6240=VERTEX_POINT('',#6238);
#6241=VERTEX_POINT('',#6239);
#6242=CARTESIAN_POINT('',(-1.55E0,2.86E-1,3.5E-1));
#6243=VERTEX_POINT('',#6242);
#6244=CARTESIAN_POINT('',(1.59E0,4.E-1,-3.5E-1));
#6245=CARTESIAN_POINT('',(1.59E0,4.E-1,3.5E-1));
#6246=VERTEX_POINT('',#6244);
#6247=VERTEX_POINT('',#6245);
#6248=CARTESIAN_POINT('',(1.55E0,2.86E-1,3.5E-1));
#6249=CARTESIAN_POINT('',(1.59E0,2.86E-1,3.5E-1));
#6250=VERTEX_POINT('',#6248);
#6251=VERTEX_POINT('',#6249);
#6252=CARTESIAN_POINT('',(1.55E0,2.86E-1,-3.5E-1));
#6253=CARTESIAN_POINT('',(1.59E0,2.86E-1,-3.5E-1));
#6254=VERTEX_POINT('',#6252);
#6255=VERTEX_POINT('',#6253);
#6256=CARTESIAN_POINT('',(-1.21E0,2.85E-1,1.9E-1));
#6257=CARTESIAN_POINT('',(-1.21E0,2.85E-1,-1.9E-1));
#6258=VERTEX_POINT('',#6256);
#6259=VERTEX_POINT('',#6257);
#6260=CARTESIAN_POINT('',(-1.21E0,1.E-1,1.9E-1));
#6261=VERTEX_POINT('',#6260);
#6262=CARTESIAN_POINT('',(-1.21E0,1.E-1,-1.9E-1));
#6263=VERTEX_POINT('',#6262);
#6264=CARTESIAN_POINT('',(1.21E0,2.85E-1,1.9E-1));
#6265=CARTESIAN_POINT('',(1.21E0,2.85E-1,-1.9E-1));
#6266=VERTEX_POINT('',#6264);
#6267=VERTEX_POINT('',#6265);
#6268=CARTESIAN_POINT('',(1.21E0,1.E-1,-1.9E-1));
#6269=VERTEX_POINT('',#6268);
#6270=CARTESIAN_POINT('',(1.21E0,1.E-1,1.9E-1));
#6271=VERTEX_POINT('',#6270);
#6272=CARTESIAN_POINT('',(0.E0,0.E0,0.E0));
#6273=DIRECTION('',(0.E0,1.E0,0.E0));
#6274=DIRECTION('',(1.E0,0.E0,0.E0));
#6275=AXIS2_PLACEMENT_3D('',#6272,#6273,#6274);
#6276=PLANE('',#6275);
#6278=ORIENTED_EDGE('',*,*,#6277,.F.);
#6280=ORIENTED_EDGE('',*,*,#6279,.T.);
#6282=ORIENTED_EDGE('',*,*,#6281,.T.);
#6284=ORIENTED_EDGE('',*,*,#6283,.T.);
#6286=ORIENTED_EDGE('',*,*,#6285,.F.);
#6288=ORIENTED_EDGE('',*,*,#6287,.T.);
#6290=ORIENTED_EDGE('',*,*,#6289,.T.);
#6292=ORIENTED_EDGE('',*,*,#6291,.T.);
#6294=ORIENTED_EDGE('',*,*,#6293,.T.);
#6296=ORIENTED_EDGE('',*,*,#6295,.T.);
#6298=ORIENTED_EDGE('',*,*,#6297,.T.);
#6300=ORIENTED_EDGE('',*,*,#6299,.T.);
#6302=ORIENTED_EDGE('',*,*,#6301,.T.);
#6304=ORIENTED_EDGE('',*,*,#6303,.T.);
#6306=ORIENTED_EDGE('',*,*,#6305,.T.);
#6308=ORIENTED_EDGE('',*,*,#6307,.T.);
#6310=ORIENTED_EDGE('',*,*,#6309,.T.);
#6312=ORIENTED_EDGE('',*,*,#6311,.T.);
#6314=ORIENTED_EDGE('',*,*,#6313,.T.);
#6316=ORIENTED_EDGE('',*,*,#6315,.T.);
#6318=ORIENTED_EDGE('',*,*,#6317,.F.);
#6320=ORIENTED_EDGE('',*,*,#6319,.T.);
#6322=ORIENTED_EDGE('',*,*,#6321,.T.);
#6324=ORIENTED_EDGE('',*,*,#6323,.T.);
#6326=ORIENTED_EDGE('',*,*,#6325,.F.);
#6328=ORIENTED_EDGE('',*,*,#6327,.T.);
#6330=ORIENTED_EDGE('',*,*,#6329,.T.);
#6332=ORIENTED_EDGE('',*,*,#6331,.T.);
#6334=ORIENTED_EDGE('',*,*,#6333,.T.);
#6336=ORIENTED_EDGE('',*,*,#6335,.T.);
#6338=ORIENTED_EDGE('',*,*,#6337,.T.);
#6340=ORIENTED_EDGE('',*,*,#6339,.T.);
#6342=ORIENTED_EDGE('',*,*,#6341,.T.);
#6344=ORIENTED_EDGE('',*,*,#6343,.T.);
#6346=ORIENTED_EDGE('',*,*,#6345,.T.);
#6348=ORIENTED_EDGE('',*,*,#6347,.T.);
#6350=ORIENTED_EDGE('',*,*,#6349,.T.);
#6352=ORIENTED_EDGE('',*,*,#6351,.T.);
#6354=ORIENTED_EDGE('',*,*,#6353,.T.);
#6356=ORIENTED_EDGE('',*,*,#6355,.T.);
#6357=EDGE_LOOP('',(#6278,#6280,#6282,#6284,#6286,#6288,#6290,#6292,#6294,#6296,
#6298,#6300,#6302,#6304,#6306,#6308,#6310,#6312,#6314,#6316,#6318,#6320,#6322,
#6324,#6326,#6328,#6330,#6332,#6334,#6336,#6338,#6340,#6342,#6344,#6346,#6348,
#6350,#6352,#6354,#6356));
#6358=FACE_OUTER_BOUND('',#6357,.F.);
#6359=ADVANCED_FACE('',(#6358),#6276,.F.);
#6360=CARTESIAN_POINT('',(-1.235E0,0.E0,8.8E-1));
#6361=DIRECTION('',(0.E0,0.E0,1.E0));
#6362=DIRECTION('',(1.E0,0.E0,0.E0));
#6363=AXIS2_PLACEMENT_3D('',#6360,#6361,#6362);
#6364=PLANE('',#6363);
#6366=ORIENTED_EDGE('',*,*,#6365,.F.);
#6368=ORIENTED_EDGE('',*,*,#6367,.F.);
#6370=ORIENTED_EDGE('',*,*,#6369,.F.);
#6372=ORIENTED_EDGE('',*,*,#6371,.T.);
#6374=ORIENTED_EDGE('',*,*,#6373,.F.);
#6375=ORIENTED_EDGE('',*,*,#6277,.T.);
#6377=ORIENTED_EDGE('',*,*,#6376,.T.);
#6379=ORIENTED_EDGE('',*,*,#6378,.T.);
#6381=ORIENTED_EDGE('',*,*,#6380,.F.);
#6383=ORIENTED_EDGE('',*,*,#6382,.T.);
#6385=ORIENTED_EDGE('',*,*,#6384,.F.);
#6387=ORIENTED_EDGE('',*,*,#6386,.F.);
#6388=EDGE_LOOP('',(#6366,#6368,#6370,#6372,#6374,#6375,#6377,#6379,#6381,#6383,
#6385,#6387));
#6389=FACE_OUTER_BOUND('',#6388,.F.);
#6390=ADVANCED_FACE('',(#6389),#6364,.T.);
#6391=CARTESIAN_POINT('',(-1.235E0,0.E0,8.8E-1));
#6392=DIRECTION('',(0.E0,0.E0,1.E0));
#6393=DIRECTION('',(1.E0,0.E0,0.E0));
#6394=AXIS2_PLACEMENT_3D('',#6391,#6392,#6393);
#6395=PLANE('',#6394);
#6397=ORIENTED_EDGE('',*,*,#6396,.T.);
#6399=ORIENTED_EDGE('',*,*,#6398,.T.);
#6401=ORIENTED_EDGE('',*,*,#6400,.F.);
#6403=ORIENTED_EDGE('',*,*,#6402,.F.);
#6405=ORIENTED_EDGE('',*,*,#6404,.F.);
#6407=ORIENTED_EDGE('',*,*,#6406,.F.);
#6409=ORIENTED_EDGE('',*,*,#6408,.F.);
#6411=ORIENTED_EDGE('',*,*,#6410,.T.);
#6412=EDGE_LOOP('',(#6397,#6399,#6401,#6403,#6405,#6407,#6409,#6411));
#6413=FACE_OUTER_BOUND('',#6412,.F.);
#6414=ADVANCED_FACE('',(#6413),#6395,.T.);
#6415=CARTESIAN_POINT('',(-6.3E-1,4.4E-1,-8.8E-1));
#6416=DIRECTION('',(1.E0,0.E0,0.E0));
#6417=DIRECTION('',(0.E0,-1.E0,0.E0));
#6418=AXIS2_PLACEMENT_3D('',#6415,#6416,#6417);
#6419=PLANE('',#6418);
#6421=ORIENTED_EDGE('',*,*,#6420,.F.);
#6423=ORIENTED_EDGE('',*,*,#6422,.F.);
#6425=ORIENTED_EDGE('',*,*,#6424,.F.);
#6427=ORIENTED_EDGE('',*,*,#6426,.F.);
#6429=ORIENTED_EDGE('',*,*,#6428,.F.);
#6431=ORIENTED_EDGE('',*,*,#6430,.F.);
#6433=ORIENTED_EDGE('',*,*,#6432,.F.);
#6435=ORIENTED_EDGE('',*,*,#6434,.F.);
#6437=ORIENTED_EDGE('',*,*,#6436,.T.);
#6438=ORIENTED_EDGE('',*,*,#6365,.T.);
#6440=ORIENTED_EDGE('',*,*,#6439,.T.);
#6442=ORIENTED_EDGE('',*,*,#6441,.T.);
#6443=EDGE_LOOP('',(#6421,#6423,#6425,#6427,#6429,#6431,#6433,#6435,#6437,#6438,
#6440,#6442));
#6444=FACE_OUTER_BOUND('',#6443,.F.);
#6445=ADVANCED_FACE('',(#6444),#6419,.T.);
#6446=CARTESIAN_POINT('',(-6.3E-1,4.4E-1,-8.8E-1));
#6447=DIRECTION('',(1.E0,0.E0,0.E0));
#6448=DIRECTION('',(0.E0,-1.E0,0.E0));
#6449=AXIS2_PLACEMENT_3D('',#6446,#6447,#6448);
#6450=PLANE('',#6449);
#6452=ORIENTED_EDGE('',*,*,#6451,.F.);
#6454=ORIENTED_EDGE('',*,*,#6453,.T.);
#6456=ORIENTED_EDGE('',*,*,#6455,.F.);
#6458=ORIENTED_EDGE('',*,*,#6457,.F.);
#6460=ORIENTED_EDGE('',*,*,#6459,.T.);
#6462=ORIENTED_EDGE('',*,*,#6461,.T.);
#6464=ORIENTED_EDGE('',*,*,#6463,.F.);
#6466=ORIENTED_EDGE('',*,*,#6465,.F.);
#6468=ORIENTED_EDGE('',*,*,#6467,.F.);
#6470=ORIENTED_EDGE('',*,*,#6469,.F.);
#6472=ORIENTED_EDGE('',*,*,#6471,.F.);
#6474=ORIENTED_EDGE('',*,*,#6473,.F.);
#6475=EDGE_LOOP('',(#6452,#6454,#6456,#6458,#6460,#6462,#6464,#6466,#6468,#6470,
#6472,#6474));
#6476=FACE_OUTER_BOUND('',#6475,.F.);
#6477=ADVANCED_FACE('',(#6476),#6450,.T.);
#6478=CARTESIAN_POINT('',(4.545069997808E0,3.2E-1,8.5E-1));
#6479=DIRECTION('',(-1.E0,0.E0,0.E0));
#6480=DIRECTION('',(0.E0,0.E0,1.E0));
#6481=AXIS2_PLACEMENT_3D('',#6478,#6479,#6480);
#6482=CYLINDRICAL_SURFACE('',#6481,1.2E-1);
#6484=ORIENTED_EDGE('',*,*,#6483,.T.);
#6486=ORIENTED_EDGE('',*,*,#6485,.F.);
#6487=ORIENTED_EDGE('',*,*,#6420,.T.);
#6489=ORIENTED_EDGE('',*,*,#6488,.T.);
#6490=EDGE_LOOP('',(#6484,#6486,#6487,#6489));
#6491=FACE_OUTER_BOUND('',#6490,.F.);
#6492=ADVANCED_FACE('',(#6491),#6482,.T.);
#6493=CARTESIAN_POINT('',(-8.05E-1,2.4E-1,-8.8E-1));
#6494=DIRECTION('',(-1.E0,0.E0,0.E0));
#6495=DIRECTION('',(0.E0,1.E0,0.E0));
#6496=AXIS2_PLACEMENT_3D('',#6493,#6494,#6495);
#6497=PLANE('',#6496);
#6498=ORIENTED_EDGE('',*,*,#6483,.F.);
#6500=ORIENTED_EDGE('',*,*,#6499,.T.);
#6502=ORIENTED_EDGE('',*,*,#6501,.F.);
#6503=ORIENTED_EDGE('',*,*,#6402,.T.);
#6505=ORIENTED_EDGE('',*,*,#6504,.F.);
#6507=ORIENTED_EDGE('',*,*,#6506,.T.);
#6509=ORIENTED_EDGE('',*,*,#6508,.T.);
#6511=ORIENTED_EDGE('',*,*,#6510,.T.);
#6513=ORIENTED_EDGE('',*,*,#6512,.T.);
#6515=ORIENTED_EDGE('',*,*,#6514,.T.);
#6517=ORIENTED_EDGE('',*,*,#6516,.T.);
#6519=ORIENTED_EDGE('',*,*,#6518,.T.);
#6520=EDGE_LOOP('',(#6498,#6500,#6502,#6503,#6505,#6507,#6509,#6511,#6513,#6515,
#6517,#6519));
#6521=FACE_OUTER_BOUND('',#6520,.F.);
#6522=ADVANCED_FACE('',(#6521),#6497,.T.);
#6523=CARTESIAN_POINT('',(-8.05E-1,2.4E-1,-8.8E-1));
#6524=DIRECTION('',(-1.E0,0.E0,0.E0));
#6525=DIRECTION('',(0.E0,1.E0,0.E0));
#6526=AXIS2_PLACEMENT_3D('',#6523,#6524,#6525);
#6527=PLANE('',#6526);
#6529=ORIENTED_EDGE('',*,*,#6528,.F.);
#6531=ORIENTED_EDGE('',*,*,#6530,.T.);
#6533=ORIENTED_EDGE('',*,*,#6532,.T.);
#6535=ORIENTED_EDGE('',*,*,#6534,.T.);
#6537=ORIENTED_EDGE('',*,*,#6536,.T.);
#6539=ORIENTED_EDGE('',*,*,#6538,.T.);
#6541=ORIENTED_EDGE('',*,*,#6540,.T.);
#6543=ORIENTED_EDGE('',*,*,#6542,.F.);
#6545=ORIENTED_EDGE('',*,*,#6544,.F.);
#6547=ORIENTED_EDGE('',*,*,#6546,.T.);
#6549=ORIENTED_EDGE('',*,*,#6548,.T.);
#6551=ORIENTED_EDGE('',*,*,#6550,.T.);
#6552=EDGE_LOOP('',(#6529,#6531,#6533,#6535,#6537,#6539,#6541,#6543,#6545,#6547,
#6549,#6551));
#6553=FACE_OUTER_BOUND('',#6552,.F.);
#6554=ADVANCED_FACE('',(#6553),#6527,.T.);
#6555=CARTESIAN_POINT('',(-6.3E-1,4.4E-1,9.7E-1));
#6556=DIRECTION('',(0.E0,0.E0,1.E0));
#6557=DIRECTION('',(0.E0,-1.E0,0.E0));
#6558=AXIS2_PLACEMENT_3D('',#6555,#6556,#6557);
#6559=PLANE('',#6558);
#6561=ORIENTED_EDGE('',*,*,#6560,.T.);
#6563=ORIENTED_EDGE('',*,*,#6562,.T.);
#6565=ORIENTED_EDGE('',*,*,#6564,.T.);
#6567=ORIENTED_EDGE('',*,*,#6566,.T.);
#6569=ORIENTED_EDGE('',*,*,#6568,.T.);
#6570=ORIENTED_EDGE('',*,*,#6499,.F.);
#6571=ORIENTED_EDGE('',*,*,#6488,.F.);
#6572=ORIENTED_EDGE('',*,*,#6441,.F.);
#6574=ORIENTED_EDGE('',*,*,#6573,.T.);
#6576=ORIENTED_EDGE('',*,*,#6575,.T.);
#6578=ORIENTED_EDGE('',*,*,#6577,.T.);
#6580=ORIENTED_EDGE('',*,*,#6579,.F.);
#6581=EDGE_LOOP('',(#6561,#6563,#6565,#6567,#6569,#6570,#6571,#6572,#6574,#6576,
#6578,#6580));
#6582=FACE_OUTER_BOUND('',#6581,.F.);
#6583=ADVANCED_FACE('',(#6582),#6559,.T.);
#6584=CARTESIAN_POINT('',(-6.3E-1,4.4E-1,9.7E-1));
#6585=DIRECTION('',(0.E0,0.E0,1.E0));
#6586=DIRECTION('',(0.E0,-1.E0,0.E0));
#6587=AXIS2_PLACEMENT_3D('',#6584,#6585,#6586);
#6588=PLANE('',#6587);
#6590=ORIENTED_EDGE('',*,*,#6589,.T.);
#6592=ORIENTED_EDGE('',*,*,#6591,.F.);
#6594=ORIENTED_EDGE('',*,*,#6593,.T.);
#6596=ORIENTED_EDGE('',*,*,#6595,.T.);
#6598=ORIENTED_EDGE('',*,*,#6597,.T.);
#6600=ORIENTED_EDGE('',*,*,#6599,.F.);
#6602=ORIENTED_EDGE('',*,*,#6601,.F.);
#6604=ORIENTED_EDGE('',*,*,#6603,.F.);
#6606=ORIENTED_EDGE('',*,*,#6605,.T.);
#6608=ORIENTED_EDGE('',*,*,#6607,.T.);
#6610=ORIENTED_EDGE('',*,*,#6609,.F.);
#6612=ORIENTED_EDGE('',*,*,#6611,.T.);
#6613=EDGE_LOOP('',(#6590,#6592,#6594,#6596,#6598,#6600,#6602,#6604,#6606,#6608,
#6610,#6612));
#6614=FACE_OUTER_BOUND('',#6613,.F.);
#6615=ADVANCED_FACE('',(#6614),#6588,.T.);
#6616=CARTESIAN_POINT('',(-1.5E0,4.4E-1,1.E0));
#6617=DIRECTION('',(0.E0,-1.E0,0.E0));
#6618=DIRECTION('',(1.E0,0.E0,0.E0));
#6619=AXIS2_PLACEMENT_3D('',#6616,#6617,#6618);
#6620=PLANE('',#6619);
#6622=ORIENTED_EDGE('',*,*,#6621,.F.);
#6624=ORIENTED_EDGE('',*,*,#6623,.F.);
#6626=ORIENTED_EDGE('',*,*,#6625,.F.);
#6628=ORIENTED_EDGE('',*,*,#6627,.T.);
#6630=ORIENTED_EDGE('',*,*,#6629,.T.);
#6631=EDGE_LOOP('',(#6622,#6624,#6626,#6628,#6630));
#6632=FACE_OUTER_BOUND('',#6631,.F.);
#6633=ADVANCED_FACE('',(#6632),#6620,.F.);
#6634=CARTESIAN_POINT('',(-1.5E0,4.4E-1,1.E0));
#6635=DIRECTION('',(0.E0,-1.E0,0.E0));
#6636=DIRECTION('',(1.E0,0.E0,0.E0));
#6637=AXIS2_PLACEMENT_3D('',#6634,#6635,#6636);
#6638=PLANE('',#6637);
#6640=ORIENTED_EDGE('',*,*,#6639,.F.);
#6642=ORIENTED_EDGE('',*,*,#6641,.T.);
#6644=ORIENTED_EDGE('',*,*,#6643,.F.);
#6646=ORIENTED_EDGE('',*,*,#6645,.F.);
#6647=ORIENTED_EDGE('',*,*,#6396,.F.);
#6648=EDGE_LOOP('',(#6640,#6642,#6644,#6646,#6647));
#6649=FACE_OUTER_BOUND('',#6648,.F.);
#6650=ADVANCED_FACE('',(#6649),#6638,.F.);
#6651=CARTESIAN_POINT('',(-1.5E0,4.4E-1,1.E0));
#6652=DIRECTION('',(0.E0,-1.E0,0.E0));
#6653=DIRECTION('',(1.E0,0.E0,0.E0));
#6654=AXIS2_PLACEMENT_3D('',#6651,#6652,#6653);
#6655=PLANE('',#6654);
#6657=ORIENTED_EDGE('',*,*,#6656,.T.);
#6659=ORIENTED_EDGE('',*,*,#6658,.F.);
#6661=ORIENTED_EDGE('',*,*,#6660,.T.);
#6663=ORIENTED_EDGE('',*,*,#6662,.F.);
#6665=ORIENTED_EDGE('',*,*,#6664,.T.);
#6667=ORIENTED_EDGE('',*,*,#6666,.F.);
#6669=ORIENTED_EDGE('',*,*,#6668,.F.);
#6671=ORIENTED_EDGE('',*,*,#6670,.F.);
#6673=ORIENTED_EDGE('',*,*,#6672,.T.);
#6675=ORIENTED_EDGE('',*,*,#6674,.F.);
#6677=ORIENTED_EDGE('',*,*,#6676,.F.);
#6678=EDGE_LOOP('',(#6657,#6659,#6661,#6663,#6665,#6667,#6669,#6671,#6673,#6675,
#6677));
#6679=FACE_OUTER_BOUND('',#6678,.F.);
#6680=ADVANCED_FACE('',(#6679),#6655,.F.);
#6681=CARTESIAN_POINT('',(-1.5E0,4.4E-1,1.E0));
#6682=DIRECTION('',(0.E0,-1.E0,0.E0));
#6683=DIRECTION('',(1.E0,0.E0,0.E0));
#6684=AXIS2_PLACEMENT_3D('',#6681,#6682,#6683);
#6685=PLANE('',#6684);
#6686=ORIENTED_EDGE('',*,*,#6560,.F.);
#6688=ORIENTED_EDGE('',*,*,#6687,.F.);
#6690=ORIENTED_EDGE('',*,*,#6689,.F.);
#6692=ORIENTED_EDGE('',*,*,#6691,.F.);
#6694=ORIENTED_EDGE('',*,*,#6693,.F.);
#6696=ORIENTED_EDGE('',*,*,#6695,.T.);
#6698=ORIENTED_EDGE('',*,*,#6697,.F.);
#6700=ORIENTED_EDGE('',*,*,#6699,.F.);
#6702=ORIENTED_EDGE('',*,*,#6701,.F.);
#6704=ORIENTED_EDGE('',*,*,#6703,.F.);
#6706=ORIENTED_EDGE('',*,*,#6705,.T.);
#6707=EDGE_LOOP('',(#6686,#6688,#6690,#6692,#6694,#6696,#6698,#6700,#6702,#6704,
#6706));
#6708=FACE_OUTER_BOUND('',#6707,.F.);
#6709=ADVANCED_FACE('',(#6708),#6685,.F.);
#6710=CARTESIAN_POINT('',(-9.812994231491E-1,4.766450999949E-1,-8.65E-1));
#6711=DIRECTION('',(7.241379310345E-1,0.E0,-6.896551724138E-1));
#6712=DIRECTION('',(-6.896551724138E-1,0.E0,-7.241379310345E-1));
#6713=AXIS2_PLACEMENT_3D('',#6710,#6711,#6712);
#6714=PLANE('',#6713);
#6716=ORIENTED_EDGE('',*,*,#6715,.F.);
#6718=ORIENTED_EDGE('',*,*,#6717,.T.);
#6719=ORIENTED_EDGE('',*,*,#6621,.T.);
#6721=ORIENTED_EDGE('',*,*,#6720,.T.);
#6723=ORIENTED_EDGE('',*,*,#6722,.T.);
#6725=ORIENTED_EDGE('',*,*,#6724,.T.);
#6726=EDGE_LOOP('',(#6716,#6718,#6719,#6721,#6723,#6725));
#6727=FACE_OUTER_BOUND('',#6726,.F.);
#6728=ADVANCED_FACE('',(#6727),#6714,.T.);
#6729=CARTESIAN_POINT('',(-6.3126E0,4.4E-1,-8.5E-1));
#6730=DIRECTION('',(1.E0,0.E0,0.E0));
#6731=DIRECTION('',(0.E0,0.E0,-1.E0));
#6732=AXIS2_PLACEMENT_3D('',#6729,#6730,#6731);
#6733=CYLINDRICAL_SURFACE('',#6732,1.2E-1);
#6734=ORIENTED_EDGE('',*,*,#6715,.T.);
#6736=ORIENTED_EDGE('',*,*,#6735,.F.);
#6738=ORIENTED_EDGE('',*,*,#6737,.T.);
#6740=ORIENTED_EDGE('',*,*,#6739,.T.);
#6742=ORIENTED_EDGE('',*,*,#6741,.T.);
#6744=ORIENTED_EDGE('',*,*,#6743,.T.);
#6745=EDGE_LOOP('',(#6734,#6736,#6738,#6740,#6742,#6744));
#6746=FACE_OUTER_BOUND('',#6745,.F.);
#6747=ADVANCED_FACE('',(#6746),#6733,.T.);
#6748=CARTESIAN_POINT('',(-1.081299423149E0,4.6E-1,-8.5E-1));
#6749=DIRECTION('',(1.E0,0.E0,0.E0));
#6750=DIRECTION('',(0.E0,0.E0,-1.E0));
#6751=AXIS2_PLACEMENT_3D('',#6748,#6749,#6750);
#6752=CYLINDRICAL_SURFACE('',#6751,1.E-1);
#6753=ORIENTED_EDGE('',*,*,#6735,.T.);
#6754=ORIENTED_EDGE('',*,*,#6724,.F.);
#6756=ORIENTED_EDGE('',*,*,#6755,.T.);
#6758=ORIENTED_EDGE('',*,*,#6757,.F.);
#6759=EDGE_LOOP('',(#6753,#6754,#6756,#6758));
#6760=FACE_OUTER_BOUND('',#6759,.F.);
#6761=ADVANCED_FACE('',(#6760),#6752,.T.);
#6762=CARTESIAN_POINT('',(-1.081299423149E0,5.339328623168E-1,
-7.826655224298E-1));
#6763=DIRECTION('',(0.E0,7.393286231677E-1,6.733447757019E-1));
#6764=DIRECTION('',(0.E0,-6.733447757019E-1,7.393286231677E-1));
#6765=AXIS2_PLACEMENT_3D('',#6762,#6763,#6764);
#6766=PLANE('',#6765);
#6767=ORIENTED_EDGE('',*,*,#6755,.F.);
#6768=ORIENTED_EDGE('',*,*,#6722,.F.);
#6770=ORIENTED_EDGE('',*,*,#6769,.T.);
#6772=ORIENTED_EDGE('',*,*,#6771,.T.);
#6774=ORIENTED_EDGE('',*,*,#6773,.F.);
#6776=ORIENTED_EDGE('',*,*,#6775,.F.);
#6777=EDGE_LOOP('',(#6767,#6768,#6770,#6772,#6774,#6776));
#6778=FACE_OUTER_BOUND('',#6777,.F.);
#6779=ADVANCED_FACE('',(#6778),#6766,.T.);
#6780=CARTESIAN_POINT('',(-8.812994231491E-1,0.E0,-8.8E-1));
#6781=DIRECTION('',(1.E0,0.E0,0.E0));
#6782=DIRECTION('',(0.E0,0.E0,-1.E0));
#6783=AXIS2_PLACEMENT_3D('',#6780,#6781,#6782);
#6784=PLANE('',#6783);
#6785=ORIENTED_EDGE('',*,*,#6720,.F.);
#6786=ORIENTED_EDGE('',*,*,#6629,.F.);
#6788=ORIENTED_EDGE('',*,*,#6787,.T.);
#6790=ORIENTED_EDGE('',*,*,#6789,.F.);
#6792=ORIENTED_EDGE('',*,*,#6791,.F.);
#6793=ORIENTED_EDGE('',*,*,#6769,.F.);
#6794=EDGE_LOOP('',(#6785,#6786,#6788,#6790,#6792,#6793));
#6795=FACE_OUTER_BOUND('',#6794,.F.);
#6796=ADVANCED_FACE('',(#6795),#6784,.T.);
#6797=CARTESIAN_POINT('',(-8.812994231491E-1,0.E0,-8.8E-1));
#6798=DIRECTION('',(1.E0,0.E0,0.E0));
#6799=DIRECTION('',(0.E0,0.E0,-1.E0));
#6800=AXIS2_PLACEMENT_3D('',#6797,#6798,#6799);
#6801=PLANE('',#6800);
#6803=ORIENTED_EDGE('',*,*,#6802,.F.);
#6805=ORIENTED_EDGE('',*,*,#6804,.F.);
#6807=ORIENTED_EDGE('',*,*,#6806,.F.);
#6809=ORIENTED_EDGE('',*,*,#6808,.F.);
#6811=ORIENTED_EDGE('',*,*,#6810,.F.);
#6812=ORIENTED_EDGE('',*,*,#6641,.F.);
#6813=EDGE_LOOP('',(#6803,#6805,#6807,#6809,#6811,#6812));
#6814=FACE_OUTER_BOUND('',#6813,.F.);
#6815=ADVANCED_FACE('',(#6814),#6801,.T.);
#6816=CARTESIAN_POINT('',(-8.45E-1,4.4E-1,-7.4E-1));
#6817=DIRECTION('',(0.E0,0.E0,-1.E0));
#6818=DIRECTION('',(-1.E0,0.E0,0.E0));
#6819=AXIS2_PLACEMENT_3D('',#6816,#6817,#6818);
#6820=PLANE('',#6819);
#6822=ORIENTED_EDGE('',*,*,#6821,.F.);
#6824=ORIENTED_EDGE('',*,*,#6823,.F.);
#6825=ORIENTED_EDGE('',*,*,#6787,.F.);
#6826=ORIENTED_EDGE('',*,*,#6627,.F.);
#6828=ORIENTED_EDGE('',*,*,#6827,.T.);
#6830=ORIENTED_EDGE('',*,*,#6829,.T.);
#6832=ORIENTED_EDGE('',*,*,#6831,.T.);
#6834=ORIENTED_EDGE('',*,*,#6833,.F.);
#6835=ORIENTED_EDGE('',*,*,#6664,.F.);
#6836=EDGE_LOOP('',(#6822,#6824,#6825,#6826,#6828,#6830,#6832,#6834,#6835));
#6837=FACE_OUTER_BOUND('',#6836,.F.);
#6838=ADVANCED_FACE('',(#6837),#6820,.F.);
#6839=CARTESIAN_POINT('',(-1.263799423149E0,5.E-1,-7.7E-1));
#6840=DIRECTION('',(-8.E-1,0.E0,6.E-1));
#6841=DIRECTION('',(-6.E-1,0.E0,-8.E-1));
#6842=AXIS2_PLACEMENT_3D('',#6839,#6840,#6841);
#6843=PLANE('',#6842);
#6844=ORIENTED_EDGE('',*,*,#6737,.F.);
#6845=ORIENTED_EDGE('',*,*,#6757,.T.);
#6846=ORIENTED_EDGE('',*,*,#6775,.T.);
#6848=ORIENTED_EDGE('',*,*,#6847,.T.);
#6850=ORIENTED_EDGE('',*,*,#6849,.T.);
#6851=ORIENTED_EDGE('',*,*,#6821,.T.);
#6852=ORIENTED_EDGE('',*,*,#6662,.T.);
#6854=ORIENTED_EDGE('',*,*,#6853,.F.);
#6855=EDGE_LOOP('',(#6844,#6845,#6846,#6848,#6850,#6851,#6852,#6854));
#6856=FACE_OUTER_BOUND('',#6855,.F.);
#6857=ADVANCED_FACE('',(#6856),#6843,.T.);
#6858=CARTESIAN_POINT('',(-1.181299423149E0,0.E0,-8.8E-1));
#6859=DIRECTION('',(1.E0,0.E0,0.E0));
#6860=DIRECTION('',(0.E0,0.E0,-1.E0));
#6861=AXIS2_PLACEMENT_3D('',#6858,#6859,#6860);
#6862=PLANE('',#6861);
#6863=ORIENTED_EDGE('',*,*,#6847,.F.);
#6864=ORIENTED_EDGE('',*,*,#6773,.T.);
#6866=ORIENTED_EDGE('',*,*,#6865,.T.);
#6868=ORIENTED_EDGE('',*,*,#6867,.T.);
#6869=EDGE_LOOP('',(#6863,#6864,#6866,#6868));
#6870=FACE_OUTER_BOUND('',#6869,.F.);
#6871=ADVANCED_FACE('',(#6870),#6862,.F.);
#6872=CARTESIAN_POINT('',(-1.181299423149E0,0.E0,-8.8E-1));
#6873=DIRECTION('',(1.E0,0.E0,0.E0));
#6874=DIRECTION('',(0.E0,0.E0,-1.E0));
#6875=AXIS2_PLACEMENT_3D('',#6872,#6873,#6874);
#6876=PLANE('',#6875);
#6878=ORIENTED_EDGE('',*,*,#6877,.T.);
#6880=ORIENTED_EDGE('',*,*,#6879,.T.);
#6882=ORIENTED_EDGE('',*,*,#6881,.T.);
#6884=ORIENTED_EDGE('',*,*,#6883,.T.);
#6885=EDGE_LOOP('',(#6878,#6880,#6882,#6884));
#6886=FACE_OUTER_BOUND('',#6885,.F.);
#6887=ADVANCED_FACE('',(#6886),#6876,.F.);
#6888=CARTESIAN_POINT('',(-1.081299423149E0,4.04E-1,-6.4E-1));
#6889=DIRECTION('',(0.E0,0.E0,1.E0));
#6890=DIRECTION('',(0.E0,-1.E0,0.E0));
#6891=AXIS2_PLACEMENT_3D('',#6888,#6889,#6890);
#6892=PLANE('',#6891);
#6893=ORIENTED_EDGE('',*,*,#6771,.F.);
#6894=ORIENTED_EDGE('',*,*,#6791,.T.);
#6896=ORIENTED_EDGE('',*,*,#6895,.F.);
#6897=ORIENTED_EDGE('',*,*,#6865,.F.);
#6898=EDGE_LOOP('',(#6893,#6894,#6896,#6897));
#6899=FACE_OUTER_BOUND('',#6898,.F.);
#6900=ADVANCED_FACE('',(#6899),#6892,.T.);
#6901=CARTESIAN_POINT('',(-1.081299423149E0,3.2E-1,-6.4E-1));
#6902=DIRECTION('',(0.E0,-1.E0,0.E0));
#6903=DIRECTION('',(0.E0,0.E0,-1.E0));
#6904=AXIS2_PLACEMENT_3D('',#6901,#6902,#6903);
#6905=PLANE('',#6904);
#6906=ORIENTED_EDGE('',*,*,#6823,.T.);
#6907=ORIENTED_EDGE('',*,*,#6849,.F.);
#6908=ORIENTED_EDGE('',*,*,#6867,.F.);
#6909=ORIENTED_EDGE('',*,*,#6895,.T.);
#6910=ORIENTED_EDGE('',*,*,#6789,.T.);
#6911=EDGE_LOOP('',(#6906,#6907,#6908,#6909,#6910));
#6912=FACE_OUTER_BOUND('',#6911,.F.);
#6913=ADVANCED_FACE('',(#6912),#6905,.T.);
#6914=CARTESIAN_POINT('',(-1.263799423149E0,5.E-1,7.7E-1));
#6915=DIRECTION('',(-8.E-1,0.E0,-6.E-1));
#6916=DIRECTION('',(6.E-1,0.E0,-8.E-1));
#6917=AXIS2_PLACEMENT_3D('',#6914,#6915,#6916);
#6918=PLANE('',#6917);
#6920=ORIENTED_EDGE('',*,*,#6919,.T.);
#6921=ORIENTED_EDGE('',*,*,#6701,.T.);
#6923=ORIENTED_EDGE('',*,*,#6922,.T.);
#6925=ORIENTED_EDGE('',*,*,#6924,.T.);
#6926=ORIENTED_EDGE('',*,*,#6877,.F.);
#6928=ORIENTED_EDGE('',*,*,#6927,.T.);
#6930=ORIENTED_EDGE('',*,*,#6929,.T.);
#6932=ORIENTED_EDGE('',*,*,#6931,.F.);
#6933=EDGE_LOOP('',(#6920,#6921,#6923,#6925,#6926,#6928,#6930,#6932));
#6934=FACE_OUTER_BOUND('',#6933,.F.);
#6935=ADVANCED_FACE('',(#6934),#6918,.T.);
#6936=CARTESIAN_POINT('',(-1.5E0,0.E0,8.8E-1));
#6937=DIRECTION('',(0.E0,0.E0,-1.E0));
#6938=DIRECTION('',(-1.E0,0.E0,0.E0));
#6939=AXIS2_PLACEMENT_3D('',#6936,#6937,#6938);
#6940=PLANE('',#6939);
#6942=ORIENTED_EDGE('',*,*,#6941,.F.);
#6943=ORIENTED_EDGE('',*,*,#6703,.T.);
#6944=ORIENTED_EDGE('',*,*,#6919,.F.);
#6946=ORIENTED_EDGE('',*,*,#6945,.F.);
#6947=EDGE_LOOP('',(#6942,#6943,#6944,#6946));
#6948=FACE_OUTER_BOUND('',#6947,.F.);
#6949=ADVANCED_FACE('',(#6948),#6940,.T.);
#6950=CARTESIAN_POINT('',(-1.5E0,0.E0,8.8E-1));
#6951=DIRECTION('',(0.E0,0.E0,-1.E0));
#6952=DIRECTION('',(-1.E0,0.E0,0.E0));
#6953=AXIS2_PLACEMENT_3D('',#6950,#6951,#6952);
#6954=PLANE('',#6953);
#6956=ORIENTED_EDGE('',*,*,#6955,.F.);
#6958=ORIENTED_EDGE('',*,*,#6957,.F.);
#6960=ORIENTED_EDGE('',*,*,#6959,.F.);
#6962=ORIENTED_EDGE('',*,*,#6961,.T.);
#6963=EDGE_LOOP('',(#6956,#6958,#6960,#6962));
#6964=FACE_OUTER_BOUND('',#6963,.F.);
#6965=ADVANCED_FACE('',(#6964),#6954,.T.);
#6966=CARTESIAN_POINT('',(-1.35E0,4.4E-1,8.8E-1));
#6967=DIRECTION('',(1.E0,0.E0,0.E0));
#6968=DIRECTION('',(0.E0,1.E0,0.E0));
#6969=AXIS2_PLACEMENT_3D('',#6966,#6967,#6968);
#6970=PLANE('',#6969);
#6971=ORIENTED_EDGE('',*,*,#6941,.T.);
#6973=ORIENTED_EDGE('',*,*,#6972,.F.);
#6974=ORIENTED_EDGE('',*,*,#6705,.F.);
#6975=EDGE_LOOP('',(#6971,#6973,#6974));
#6976=FACE_OUTER_BOUND('',#6975,.F.);
#6977=ADVANCED_FACE('',(#6976),#6970,.F.);
#6978=CARTESIAN_POINT('',(-6.3126E0,4.4E-1,8.5E-1));
#6979=DIRECTION('',(1.E0,0.E0,0.E0));
#6980=DIRECTION('',(0.E0,1.E0,0.E0));
#6981=AXIS2_PLACEMENT_3D('',#6978,#6979,#6980);
#6982=CYLINDRICAL_SURFACE('',#6981,1.2E-1);
#6984=ORIENTED_EDGE('',*,*,#6983,.T.);
#6985=ORIENTED_EDGE('',*,*,#6562,.F.);
#6986=ORIENTED_EDGE('',*,*,#6972,.T.);
#6987=ORIENTED_EDGE('',*,*,#6945,.T.);
#6988=ORIENTED_EDGE('',*,*,#6931,.T.);
#6990=ORIENTED_EDGE('',*,*,#6989,.T.);
#6991=EDGE_LOOP('',(#6984,#6985,#6986,#6987,#6988,#6990));
#6992=FACE_OUTER_BOUND('',#6991,.F.);
#6993=ADVANCED_FACE('',(#6992),#6982,.T.);
#6994=CARTESIAN_POINT('',(-9.812994231491E-1,4.766450999949E-1,8.65E-1));
#6995=DIRECTION('',(7.241379310345E-1,0.E0,6.896551724138E-1));
#6996=DIRECTION('',(-6.896551724138E-1,0.E0,7.241379310345E-1));
#6997=AXIS2_PLACEMENT_3D('',#6994,#6995,#6996);
#6998=PLANE('',#6997);
#7000=ORIENTED_EDGE('',*,*,#6999,.T.);
#7001=ORIENTED_EDGE('',*,*,#6983,.F.);
#7003=ORIENTED_EDGE('',*,*,#7002,.T.);
#7005=ORIENTED_EDGE('',*,*,#7004,.T.);
#7006=ORIENTED_EDGE('',*,*,#6802,.T.);
#7007=ORIENTED_EDGE('',*,*,#6639,.T.);
#7008=EDGE_LOOP('',(#7000,#7001,#7003,#7005,#7006,#7007));
#7009=FACE_OUTER_BOUND('',#7008,.F.);
#7010=ADVANCED_FACE('',(#7009),#6998,.T.);
#7011=CARTESIAN_POINT('',(-1.5E0,4.4E-1,1.E0));
#7012=DIRECTION('',(0.E0,-1.E0,0.E0));
#7013=DIRECTION('',(1.E0,0.E0,0.E0));
#7014=AXIS2_PLACEMENT_3D('',#7011,#7012,#7013);
#7015=PLANE('',#7014);
#7016=ORIENTED_EDGE('',*,*,#6999,.F.);
#7017=ORIENTED_EDGE('',*,*,#6410,.F.);
#7019=ORIENTED_EDGE('',*,*,#7018,.F.);
#7020=EDGE_LOOP('',(#7016,#7017,#7019));
#7021=FACE_OUTER_BOUND('',#7020,.F.);
#7022=ADVANCED_FACE('',(#7021),#7015,.T.);
#7023=CARTESIAN_POINT('',(-1.081299423149E0,5.6E-1,-8.8E-1));
#7024=DIRECTION('',(1.E0,0.E0,0.E0));
#7025=DIRECTION('',(0.E0,-1.E0,0.E0));
#7026=AXIS2_PLACEMENT_3D('',#7023,#7024,#7025);
#7027=PLANE('',#7026);
#7029=ORIENTED_EDGE('',*,*,#7028,.T.);
#7031=ORIENTED_EDGE('',*,*,#7030,.F.);
#7033=ORIENTED_EDGE('',*,*,#7032,.F.);
#7035=ORIENTED_EDGE('',*,*,#7034,.F.);
#7036=EDGE_LOOP('',(#7029,#7031,#7033,#7035));
#7037=FACE_OUTER_BOUND('',#7036,.F.);
#7038=ADVANCED_FACE('',(#7037),#7027,.T.);
#7039=CARTESIAN_POINT('',(-1.081299423149E0,5.6E-1,-8.8E-1));
#7040=DIRECTION('',(1.E0,0.E0,0.E0));
#7041=DIRECTION('',(0.E0,-1.E0,0.E0));
#7042=AXIS2_PLACEMENT_3D('',#7039,#7040,#7041);
#7043=PLANE('',#7042);
#7044=ORIENTED_EDGE('',*,*,#6564,.F.);
#7045=ORIENTED_EDGE('',*,*,#7018,.T.);
#7046=ORIENTED_EDGE('',*,*,#6408,.T.);
#7048=ORIENTED_EDGE('',*,*,#7047,.F.);
#7049=EDGE_LOOP('',(#7044,#7045,#7046,#7048));
#7050=FACE_OUTER_BOUND('',#7049,.F.);
#7051=ADVANCED_FACE('',(#7050),#7043,.T.);
#7052=CARTESIAN_POINT('',(-1.5E0,0.E0,-9.7E-1));
#7053=DIRECTION('',(0.E0,0.E0,-1.E0));
#7054=DIRECTION('',(-1.E0,0.E0,0.E0));
#7055=AXIS2_PLACEMENT_3D('',#7052,#7053,#7054);
#7056=PLANE('',#7055);
#7058=ORIENTED_EDGE('',*,*,#7057,.F.);
#7060=ORIENTED_EDGE('',*,*,#7059,.F.);
#7062=ORIENTED_EDGE('',*,*,#7061,.F.);
#7064=ORIENTED_EDGE('',*,*,#7063,.F.);
#7066=ORIENTED_EDGE('',*,*,#7065,.F.);
#7068=ORIENTED_EDGE('',*,*,#7067,.F.);
#7070=ORIENTED_EDGE('',*,*,#7069,.F.);
#7072=ORIENTED_EDGE('',*,*,#7071,.F.);
#7074=ORIENTED_EDGE('',*,*,#7073,.F.);
#7076=ORIENTED_EDGE('',*,*,#7075,.F.);
#7078=ORIENTED_EDGE('',*,*,#7077,.F.);
#7080=ORIENTED_EDGE('',*,*,#7079,.F.);
#7081=EDGE_LOOP('',(#7058,#7060,#7062,#7064,#7066,#7068,#7070,#7072,#7074,#7076,
#7078,#7080));
#7082=FACE_OUTER_BOUND('',#7081,.F.);
#7083=ADVANCED_FACE('',(#7082),#7056,.T.);
#7084=CARTESIAN_POINT('',(-1.5E0,0.E0,-9.7E-1));
#7085=DIRECTION('',(0.E0,0.E0,-1.E0));
#7086=DIRECTION('',(-1.E0,0.E0,0.E0));
#7087=AXIS2_PLACEMENT_3D('',#7084,#7085,#7086);
#7088=PLANE('',#7087);
#7089=ORIENTED_EDGE('',*,*,#6743,.F.);
#7090=ORIENTED_EDGE('',*,*,#6656,.F.);
#7092=ORIENTED_EDGE('',*,*,#7091,.F.);
#7094=ORIENTED_EDGE('',*,*,#7093,.F.);
#7096=ORIENTED_EDGE('',*,*,#7095,.F.);
#7098=ORIENTED_EDGE('',*,*,#7097,.F.);
#7099=ORIENTED_EDGE('',*,*,#6453,.F.);
#7101=ORIENTED_EDGE('',*,*,#7100,.F.);
#7102=ORIENTED_EDGE('',*,*,#6550,.F.);
#7104=ORIENTED_EDGE('',*,*,#7103,.F.);
#7106=ORIENTED_EDGE('',*,*,#7105,.F.);
#7107=ORIENTED_EDGE('',*,*,#7028,.F.);
#7108=EDGE_LOOP('',(#7089,#7090,#7092,#7094,#7096,#7098,#7099,#7101,#7102,#7104,
#7106,#7107));
#7109=FACE_OUTER_BOUND('',#7108,.F.);
#7110=ADVANCED_FACE('',(#7109),#7088,.T.);
#7111=CARTESIAN_POINT('',(-5.366178321536E0,4.4E-1,-8.5E-1));
#7112=DIRECTION('',(1.E0,0.E0,0.E0));
#7113=DIRECTION('',(0.E0,0.E0,-1.E0));
#7114=AXIS2_PLACEMENT_3D('',#7111,#7112,#7113);
#7115=CYLINDRICAL_SURFACE('',#7114,1.2E-1);
#7117=ORIENTED_EDGE('',*,*,#7116,.T.);
#7119=ORIENTED_EDGE('',*,*,#7118,.T.);
#7121=ORIENTED_EDGE('',*,*,#7120,.T.);
#7123=ORIENTED_EDGE('',*,*,#7122,.F.);
#7125=ORIENTED_EDGE('',*,*,#7124,.T.);
#7126=ORIENTED_EDGE('',*,*,#7057,.T.);
#7127=EDGE_LOOP('',(#7117,#7119,#7121,#7123,#7125,#7126));
#7128=FACE_OUTER_BOUND('',#7127,.F.);
#7129=ADVANCED_FACE('',(#7128),#7115,.T.);
#7130=CARTESIAN_POINT('',(1.35E0,5.6E-1,-8.8E-1));
#7131=DIRECTION('',(1.E0,0.E0,0.E0));
#7132=DIRECTION('',(0.E0,-1.E0,0.E0));
#7133=AXIS2_PLACEMENT_3D('',#7130,#7131,#7132);
#7134=PLANE('',#7133);
#7135=ORIENTED_EDGE('',*,*,#7116,.F.);
#7137=ORIENTED_EDGE('',*,*,#7136,.F.);
#7139=ORIENTED_EDGE('',*,*,#7138,.F.);
#7140=EDGE_LOOP('',(#7135,#7137,#7139));
#7141=FACE_OUTER_BOUND('',#7140,.F.);
#7142=ADVANCED_FACE('',(#7141),#7134,.T.);
#7143=CARTESIAN_POINT('',(8.45E-1,4.4E-1,1.E0));
#7144=DIRECTION('',(0.E0,-1.E0,0.E0));
#7145=DIRECTION('',(1.E0,0.E0,0.E0));
#7146=AXIS2_PLACEMENT_3D('',#7143,#7144,#7145);
#7147=PLANE('',#7146);
#7149=ORIENTED_EDGE('',*,*,#7148,.F.);
#7151=ORIENTED_EDGE('',*,*,#7150,.F.);
#7153=ORIENTED_EDGE('',*,*,#7152,.F.);
#7155=ORIENTED_EDGE('',*,*,#7154,.T.);
#7157=ORIENTED_EDGE('',*,*,#7156,.F.);
#7158=EDGE_LOOP('',(#7149,#7151,#7153,#7155,#7157));
#7159=FACE_OUTER_BOUND('',#7158,.F.);
#7160=ADVANCED_FACE('',(#7159),#7147,.F.);
#7161=CARTESIAN_POINT('',(8.45E-1,4.4E-1,1.E0));
#7162=DIRECTION('',(0.E0,-1.E0,0.E0));
#7163=DIRECTION('',(1.E0,0.E0,0.E0));
#7164=AXIS2_PLACEMENT_3D('',#7161,#7162,#7163);
#7165=PLANE('',#7164);
#7167=ORIENTED_EDGE('',*,*,#7166,.F.);
#7169=ORIENTED_EDGE('',*,*,#7168,.F.);
#7171=ORIENTED_EDGE('',*,*,#7170,.T.);
#7173=ORIENTED_EDGE('',*,*,#7172,.T.);
#7175=ORIENTED_EDGE('',*,*,#7174,.F.);
#7176=EDGE_LOOP('',(#7167,#7169,#7171,#7173,#7175));
#7177=FACE_OUTER_BOUND('',#7176,.F.);
#7178=ADVANCED_FACE('',(#7177),#7165,.F.);
#7179=CARTESIAN_POINT('',(8.45E-1,4.4E-1,1.E0));
#7180=DIRECTION('',(0.E0,-1.E0,0.E0));
#7181=DIRECTION('',(1.E0,0.E0,0.E0));
#7182=AXIS2_PLACEMENT_3D('',#7179,#7180,#7181);
#7183=PLANE('',#7182);
#7184=ORIENTED_EDGE('',*,*,#7079,.T.);
#7186=ORIENTED_EDGE('',*,*,#7185,.F.);
#7188=ORIENTED_EDGE('',*,*,#7187,.T.);
#7190=ORIENTED_EDGE('',*,*,#7189,.F.);
#7192=ORIENTED_EDGE('',*,*,#7191,.F.);
#7194=ORIENTED_EDGE('',*,*,#7193,.F.);
#7196=ORIENTED_EDGE('',*,*,#7195,.F.);
#7198=ORIENTED_EDGE('',*,*,#7197,.F.);
#7200=ORIENTED_EDGE('',*,*,#7199,.F.);
#7202=ORIENTED_EDGE('',*,*,#7201,.T.);
#7203=ORIENTED_EDGE('',*,*,#7136,.T.);
#7204=EDGE_LOOP('',(#7184,#7186,#7188,#7190,#7192,#7194,#7196,#7198,#7200,#7202,
#7203));
#7205=FACE_OUTER_BOUND('',#7204,.F.);
#7206=ADVANCED_FACE('',(#7205),#7183,.F.);
#7207=CARTESIAN_POINT('',(8.45E-1,4.4E-1,1.E0));
#7208=DIRECTION('',(0.E0,-1.E0,0.E0));
#7209=DIRECTION('',(1.E0,0.E0,0.E0));
#7210=AXIS2_PLACEMENT_3D('',#7207,#7208,#7209);
#7211=PLANE('',#7210);
#7212=ORIENTED_EDGE('',*,*,#6589,.F.);
#7214=ORIENTED_EDGE('',*,*,#7213,.F.);
#7215=ORIENTED_EDGE('',*,*,#6961,.F.);
#7217=ORIENTED_EDGE('',*,*,#7216,.F.);
#7219=ORIENTED_EDGE('',*,*,#7218,.T.);
#7221=ORIENTED_EDGE('',*,*,#7220,.F.);
#7223=ORIENTED_EDGE('',*,*,#7222,.T.);
#7225=ORIENTED_EDGE('',*,*,#7224,.F.);
#7227=ORIENTED_EDGE('',*,*,#7226,.T.);
#7229=ORIENTED_EDGE('',*,*,#7228,.T.);
#7231=ORIENTED_EDGE('',*,*,#7230,.F.);
#7232=EDGE_LOOP('',(#7212,#7214,#7215,#7217,#7219,#7221,#7223,#7225,#7227,#7229,
#7231));
#7233=FACE_OUTER_BOUND('',#7232,.F.);
#7234=ADVANCED_FACE('',(#7233),#7211,.F.);
#7235=CARTESIAN_POINT('',(9.812994231491E-1,4.766450999949E-1,-8.65E-1));
#7236=DIRECTION('',(-7.241379310345E-1,0.E0,-6.896551724138E-1));
#7237=DIRECTION('',(6.896551724138E-1,0.E0,-7.241379310345E-1));
#7238=AXIS2_PLACEMENT_3D('',#7235,#7236,#7237);
#7239=PLANE('',#7238);
#7240=ORIENTED_EDGE('',*,*,#7124,.F.);
#7242=ORIENTED_EDGE('',*,*,#7241,.T.);
#7244=ORIENTED_EDGE('',*,*,#7243,.T.);
#7246=ORIENTED_EDGE('',*,*,#7245,.T.);
#7247=ORIENTED_EDGE('',*,*,#7148,.T.);
#7249=ORIENTED_EDGE('',*,*,#7248,.T.);
#7250=EDGE_LOOP('',(#7240,#7242,#7244,#7246,#7247,#7249));
#7251=FACE_OUTER_BOUND('',#7250,.F.);
#7252=ADVANCED_FACE('',(#7251),#7239,.T.);
#7253=CARTESIAN_POINT('',(1.081299423149E0,4.6E-1,-8.5E-1));
#7254=DIRECTION('',(1.E0,0.E0,0.E0));
#7255=DIRECTION('',(0.E0,0.E0,-1.E0));
#7256=AXIS2_PLACEMENT_3D('',#7253,#7254,#7255);
#7257=CYLINDRICAL_SURFACE('',#7256,1.E-1);
#7259=ORIENTED_EDGE('',*,*,#7258,.F.);
#7261=ORIENTED_EDGE('',*,*,#7260,.T.);
#7262=ORIENTED_EDGE('',*,*,#7241,.F.);
#7263=ORIENTED_EDGE('',*,*,#7122,.T.);
#7264=EDGE_LOOP('',(#7259,#7261,#7262,#7263));
#7265=FACE_OUTER_BOUND('',#7264,.F.);
#7266=ADVANCED_FACE('',(#7265),#7257,.T.);
#7267=CARTESIAN_POINT('',(1.263799423149E0,5.E-1,-7.7E-1));
#7268=DIRECTION('',(8.E-1,0.E0,6.E-1));
#7269=DIRECTION('',(6.E-1,0.E0,-8.E-1));
#7270=AXIS2_PLACEMENT_3D('',#7267,#7268,#7269);
#7271=PLANE('',#7270);
#7272=ORIENTED_EDGE('',*,*,#7120,.F.);
#7274=ORIENTED_EDGE('',*,*,#7273,.F.);
#7275=ORIENTED_EDGE('',*,*,#7199,.T.);
#7277=ORIENTED_EDGE('',*,*,#7276,.T.);
#7279=ORIENTED_EDGE('',*,*,#7278,.T.);
#7281=ORIENTED_EDGE('',*,*,#7280,.T.);
#7283=ORIENTED_EDGE('',*,*,#7282,.T.);
#7284=ORIENTED_EDGE('',*,*,#7258,.T.);
#7285=EDGE_LOOP('',(#7272,#7274,#7275,#7277,#7279,#7281,#7283,#7284));
#7286=FACE_OUTER_BOUND('',#7285,.F.);
#7287=ADVANCED_FACE('',(#7286),#7271,.T.);
#7288=CARTESIAN_POINT('',(-1.5E0,0.E0,-8.8E-1));
#7289=DIRECTION('',(0.E0,0.E0,-1.E0));
#7290=DIRECTION('',(-1.E0,0.E0,0.E0));
#7291=AXIS2_PLACEMENT_3D('',#7288,#7289,#7290);
#7292=PLANE('',#7291);
#7293=ORIENTED_EDGE('',*,*,#6739,.F.);
#7294=ORIENTED_EDGE('',*,*,#6853,.T.);
#7295=ORIENTED_EDGE('',*,*,#6660,.F.);
#7297=ORIENTED_EDGE('',*,*,#7296,.T.);
#7298=EDGE_LOOP('',(#7293,#7294,#7295,#7297));
#7299=FACE_OUTER_BOUND('',#7298,.F.);
#7300=ADVANCED_FACE('',(#7299),#7292,.F.);
#7301=CARTESIAN_POINT('',(-1.5E0,0.E0,-8.8E-1));
#7302=DIRECTION('',(0.E0,0.E0,-1.E0));
#7303=DIRECTION('',(-1.E0,0.E0,0.E0));
#7304=AXIS2_PLACEMENT_3D('',#7301,#7302,#7303);
#7305=PLANE('',#7304);
#7306=ORIENTED_EDGE('',*,*,#7118,.F.);
#7307=ORIENTED_EDGE('',*,*,#7138,.T.);
#7308=ORIENTED_EDGE('',*,*,#7201,.F.);
#7309=ORIENTED_EDGE('',*,*,#7273,.T.);
#7310=EDGE_LOOP('',(#7306,#7307,#7308,#7309));
#7311=FACE_OUTER_BOUND('',#7310,.F.);
#7312=ADVANCED_FACE('',(#7311),#7305,.F.);
#7313=CARTESIAN_POINT('',(-1.35E0,4.4E-1,-8.8E-1));
#7314=DIRECTION('',(-1.E0,0.E0,0.E0));
#7315=DIRECTION('',(0.E0,1.E0,0.E0));
#7316=AXIS2_PLACEMENT_3D('',#7313,#7314,#7315);
#7317=PLANE('',#7316);
#7318=ORIENTED_EDGE('',*,*,#6741,.F.);
#7319=ORIENTED_EDGE('',*,*,#7296,.F.);
#7320=ORIENTED_EDGE('',*,*,#6658,.T.);
#7321=EDGE_LOOP('',(#7318,#7319,#7320));
#7322=FACE_OUTER_BOUND('',#7321,.F.);
#7323=ADVANCED_FACE('',(#7322),#7317,.T.);
#7324=CARTESIAN_POINT('',(1.295E0,4.4E-1,-7.4E-1));
#7325=DIRECTION('',(0.E0,0.E0,-1.E0));
#7326=DIRECTION('',(-1.E0,0.E0,0.E0));
#7327=AXIS2_PLACEMENT_3D('',#7324,#7325,#7326);
#7328=PLANE('',#7327);
#7329=ORIENTED_EDGE('',*,*,#7276,.F.);
#7330=ORIENTED_EDGE('',*,*,#7197,.T.);
#7332=ORIENTED_EDGE('',*,*,#7331,.T.);
#7334=ORIENTED_EDGE('',*,*,#7333,.T.);
#7336=ORIENTED_EDGE('',*,*,#7335,.F.);
#7338=ORIENTED_EDGE('',*,*,#7337,.T.);
#7339=ORIENTED_EDGE('',*,*,#7152,.T.);
#7341=ORIENTED_EDGE('',*,*,#7340,.T.);
#7343=ORIENTED_EDGE('',*,*,#7342,.F.);
#7344=EDGE_LOOP('',(#7329,#7330,#7332,#7334,#7336,#7338,#7339,#7341,#7343));
#7345=FACE_OUTER_BOUND('',#7344,.F.);
#7346=ADVANCED_FACE('',(#7345),#7328,.F.);
#7347=CARTESIAN_POINT('',(1.295E0,4.6E-1,6.2E-1));
#7348=DIRECTION('',(1.E0,0.E0,0.E0));
#7349=DIRECTION('',(0.E0,0.E0,-1.E0));
#7350=AXIS2_PLACEMENT_3D('',#7347,#7348,#7349);
#7351=PLANE('',#7350);
#7353=ORIENTED_EDGE('',*,*,#7352,.F.);
#7355=ORIENTED_EDGE('',*,*,#7354,.T.);
#7357=ORIENTED_EDGE('',*,*,#7356,.F.);
#7359=ORIENTED_EDGE('',*,*,#7358,.T.);
#7360=ORIENTED_EDGE('',*,*,#7331,.F.);
#7361=ORIENTED_EDGE('',*,*,#7195,.T.);
#7362=EDGE_LOOP('',(#7353,#7355,#7357,#7359,#7360,#7361));
#7363=FACE_OUTER_BOUND('',#7362,.F.);
#7364=ADVANCED_FACE('',(#7363),#7351,.F.);
#7365=CARTESIAN_POINT('',(1.295E0,4.6E-1,6.2E-1));
#7366=DIRECTION('',(1.E0,0.E0,0.E0));
#7367=DIRECTION('',(0.E0,0.E0,-1.E0));
#7368=AXIS2_PLACEMENT_3D('',#7365,#7366,#7367);
#7369=PLANE('',#7368);
#7371=ORIENTED_EDGE('',*,*,#7370,.F.);
#7372=ORIENTED_EDGE('',*,*,#7220,.T.);
#7374=ORIENTED_EDGE('',*,*,#7373,.T.);
#7376=ORIENTED_EDGE('',*,*,#7375,.T.);
#7378=ORIENTED_EDGE('',*,*,#7377,.T.);
#7380=ORIENTED_EDGE('',*,*,#7379,.T.);
#7381=EDGE_LOOP('',(#7371,#7372,#7374,#7376,#7378,#7380));
#7382=FACE_OUTER_BOUND('',#7381,.F.);
#7383=ADVANCED_FACE('',(#7382),#7369,.F.);
#7384=CARTESIAN_POINT('',(0.E0,0.E0,-5.9E-1));
#7385=DIRECTION('',(0.E0,0.E0,1.E0));
#7386=DIRECTION('',(0.E0,1.E0,0.E0));
#7387=AXIS2_PLACEMENT_3D('',#7384,#7385,#7386);
#7388=PLANE('',#7387);
#7390=ORIENTED_EDGE('',*,*,#7389,.T.);
#7392=ORIENTED_EDGE('',*,*,#7391,.T.);
#7394=ORIENTED_EDGE('',*,*,#7393,.T.);
#7396=ORIENTED_EDGE('',*,*,#7395,.F.);
#7397=ORIENTED_EDGE('',*,*,#7352,.T.);
#7398=ORIENTED_EDGE('',*,*,#7193,.T.);
#7399=EDGE_LOOP('',(#7390,#7392,#7394,#7396,#7397,#7398));
#7400=FACE_OUTER_BOUND('',#7399,.F.);
#7401=ADVANCED_FACE('',(#7400),#7388,.F.);
#7402=CARTESIAN_POINT('',(0.E0,0.E0,-5.9E-1));
#7403=DIRECTION('',(0.E0,0.E0,1.E0));
#7404=DIRECTION('',(0.E0,1.E0,0.E0));
#7405=AXIS2_PLACEMENT_3D('',#7402,#7403,#7404);
#7406=PLANE('',#7405);
#7408=ORIENTED_EDGE('',*,*,#7407,.F.);
#7409=ORIENTED_EDGE('',*,*,#6668,.T.);
#7411=ORIENTED_EDGE('',*,*,#7410,.T.);
#7413=ORIENTED_EDGE('',*,*,#7412,.T.);
#7415=ORIENTED_EDGE('',*,*,#7414,.T.);
#7417=ORIENTED_EDGE('',*,*,#7416,.T.);
#7418=EDGE_LOOP('',(#7408,#7409,#7411,#7413,#7415,#7417));
#7419=FACE_OUTER_BOUND('',#7418,.F.);
#7420=ADVANCED_FACE('',(#7419),#7406,.F.);
#7421=CARTESIAN_POINT('',(1.4E0,4.668873756741E-1,-6.7E-1));
#7422=DIRECTION('',(-6.246950475544E-1,0.E0,-7.808688094430E-1));
#7423=DIRECTION('',(-7.808688094430E-1,0.E0,6.246950475544E-1));
#7424=AXIS2_PLACEMENT_3D('',#7421,#7422,#7423);
#7425=PLANE('',#7424);
#7427=ORIENTED_EDGE('',*,*,#7426,.T.);
#7429=ORIENTED_EDGE('',*,*,#7428,.F.);
#7431=ORIENTED_EDGE('',*,*,#7430,.T.);
#7433=ORIENTED_EDGE('',*,*,#7432,.T.);
#7434=ORIENTED_EDGE('',*,*,#7389,.F.);
#7435=ORIENTED_EDGE('',*,*,#7191,.T.);
#7436=EDGE_LOOP('',(#7427,#7429,#7431,#7433,#7434,#7435));
#7437=FACE_OUTER_BOUND('',#7436,.F.);
#7438=ADVANCED_FACE('',(#7437),#7425,.T.);
#7439=CARTESIAN_POINT('',(1.5E0,5.6E-1,-7.5E-1));
#7440=DIRECTION('',(0.E0,0.E0,1.E0));
#7441=DIRECTION('',(0.E0,-1.E0,0.E0));
#7442=AXIS2_PLACEMENT_3D('',#7439,#7440,#7441);
#7443=PLANE('',#7442);
#7444=ORIENTED_EDGE('',*,*,#7426,.F.);
#7445=ORIENTED_EDGE('',*,*,#7189,.T.);
#7447=ORIENTED_EDGE('',*,*,#7446,.F.);
#7448=EDGE_LOOP('',(#7444,#7445,#7447));
#7449=FACE_OUTER_BOUND('',#7448,.F.);
#7450=ADVANCED_FACE('',(#7449),#7443,.F.);
#7451=CARTESIAN_POINT('',(1.47E0,4.4E-1,3.6072E0));
#7452=DIRECTION('',(0.E0,0.E0,-1.E0));
#7453=DIRECTION('',(0.E0,1.E0,0.E0));
#7454=AXIS2_PLACEMENT_3D('',#7451,#7452,#7453);
#7455=CYLINDRICAL_SURFACE('',#7454,1.2E-1);
#7456=ORIENTED_EDGE('',*,*,#7428,.T.);
#7457=ORIENTED_EDGE('',*,*,#7446,.T.);
#7459=ORIENTED_EDGE('',*,*,#7458,.F.);
#7461=ORIENTED_EDGE('',*,*,#7460,.T.);
#7463=ORIENTED_EDGE('',*,*,#7462,.T.);
#7465=ORIENTED_EDGE('',*,*,#7464,.T.);
#7466=EDGE_LOOP('',(#7456,#7457,#7459,#7461,#7463,#7465));
#7467=FACE_OUTER_BOUND('',#7466,.F.);
#7468=ADVANCED_FACE('',(#7467),#7455,.T.);
#7469=CARTESIAN_POINT('',(1.59E0,4.4E-1,-8.8E-1));
#7470=DIRECTION('',(1.E0,0.E0,0.E0));
#7471=DIRECTION('',(0.E0,-1.E0,0.E0));
#7472=AXIS2_PLACEMENT_3D('',#7469,#7470,#7471);
#7473=PLANE('',#7472);
#7475=ORIENTED_EDGE('',*,*,#7474,.T.);
#7477=ORIENTED_EDGE('',*,*,#7476,.F.);
#7479=ORIENTED_EDGE('',*,*,#7478,.T.);
#7481=ORIENTED_EDGE('',*,*,#7480,.F.);
#7483=ORIENTED_EDGE('',*,*,#7482,.T.);
#7484=ORIENTED_EDGE('',*,*,#7228,.F.);
#7485=ORIENTED_EDGE('',*,*,#7458,.T.);
#7486=ORIENTED_EDGE('',*,*,#7187,.F.);
#7488=ORIENTED_EDGE('',*,*,#7487,.T.);
#7490=ORIENTED_EDGE('',*,*,#7489,.F.);
#7492=ORIENTED_EDGE('',*,*,#7491,.T.);
#7494=ORIENTED_EDGE('',*,*,#7493,.T.);
#7496=ORIENTED_EDGE('',*,*,#7495,.T.);
#7498=ORIENTED_EDGE('',*,*,#7497,.T.);
#7500=ORIENTED_EDGE('',*,*,#7499,.T.);
#7502=ORIENTED_EDGE('',*,*,#7501,.T.);
#7504=ORIENTED_EDGE('',*,*,#7503,.T.);
#7506=ORIENTED_EDGE('',*,*,#7505,.T.);
#7507=EDGE_LOOP('',(#7475,#7477,#7479,#7481,#7483,#7484,#7485,#7486,#7488,#7490,
#7492,#7494,#7496,#7498,#7500,#7502,#7504,#7506));
#7508=FACE_OUTER_BOUND('',#7507,.F.);
#7509=ADVANCED_FACE('',(#7508),#7473,.T.);
#7510=CARTESIAN_POINT('',(-1.5E0,2.86E-1,3.7E-1));
#7511=DIRECTION('',(0.E0,0.E0,-1.E0));
#7512=DIRECTION('',(0.E0,-1.E0,0.E0));
#7513=AXIS2_PLACEMENT_3D('',#7510,#7511,#7512);
#7514=PLANE('',#7513);
#7515=ORIENTED_EDGE('',*,*,#7474,.F.);
#7517=ORIENTED_EDGE('',*,*,#7516,.F.);
#7519=ORIENTED_EDGE('',*,*,#7518,.T.);
#7521=ORIENTED_EDGE('',*,*,#7520,.T.);
#7523=ORIENTED_EDGE('',*,*,#7522,.F.);
#7525=ORIENTED_EDGE('',*,*,#7524,.F.);
#7527=ORIENTED_EDGE('',*,*,#7526,.F.);
#7529=ORIENTED_EDGE('',*,*,#7528,.F.);
#7531=ORIENTED_EDGE('',*,*,#7530,.F.);
#7533=ORIENTED_EDGE('',*,*,#7532,.F.);
#7535=ORIENTED_EDGE('',*,*,#7534,.F.);
#7537=ORIENTED_EDGE('',*,*,#7536,.F.);
#7538=EDGE_LOOP('',(#7515,#7517,#7519,#7521,#7523,#7525,#7527,#7529,#7531,#7533,
#7535,#7537));
#7539=FACE_OUTER_BOUND('',#7538,.F.);
#7540=ADVANCED_FACE('',(#7539),#7514,.T.);
#7541=CARTESIAN_POINT('',(-1.5E0,2.86E-1,3.7E-1));
#7542=DIRECTION('',(0.E0,0.E0,-1.E0));
#7543=DIRECTION('',(0.E0,-1.E0,0.E0));
#7544=AXIS2_PLACEMENT_3D('',#7541,#7542,#7543);
#7545=PLANE('',#7544);
#7547=ORIENTED_EDGE('',*,*,#7546,.F.);
#7549=ORIENTED_EDGE('',*,*,#7548,.F.);
#7551=ORIENTED_EDGE('',*,*,#7550,.F.);
#7553=ORIENTED_EDGE('',*,*,#7552,.F.);
#7555=ORIENTED_EDGE('',*,*,#7554,.F.);
#7557=ORIENTED_EDGE('',*,*,#7556,.F.);
#7559=ORIENTED_EDGE('',*,*,#7558,.F.);
#7561=ORIENTED_EDGE('',*,*,#7560,.F.);
#7563=ORIENTED_EDGE('',*,*,#7562,.F.);
#7565=ORIENTED_EDGE('',*,*,#7564,.F.);
#7567=ORIENTED_EDGE('',*,*,#7566,.F.);
#7569=ORIENTED_EDGE('',*,*,#7568,.T.);
#7570=EDGE_LOOP('',(#7547,#7549,#7551,#7553,#7555,#7557,#7559,#7561,#7563,#7565,
#7567,#7569));
#7571=FACE_OUTER_BOUND('',#7570,.F.);
#7572=ADVANCED_FACE('',(#7571),#7545,.T.);
#7573=CARTESIAN_POINT('',(1.5E0,2.86E-1,-3.7E-1));
#7574=DIRECTION('',(0.E0,1.E0,0.E0));
#7575=DIRECTION('',(0.E0,0.E0,1.E0));
#7576=AXIS2_PLACEMENT_3D('',#7573,#7574,#7575);
#7577=PLANE('',#7576);
#7579=ORIENTED_EDGE('',*,*,#7578,.F.);
#7581=ORIENTED_EDGE('',*,*,#7580,.T.);
#7582=ORIENTED_EDGE('',*,*,#7516,.T.);
#7583=ORIENTED_EDGE('',*,*,#7505,.F.);
#7585=ORIENTED_EDGE('',*,*,#7584,.F.);
#7587=ORIENTED_EDGE('',*,*,#7586,.F.);
#7589=ORIENTED_EDGE('',*,*,#7588,.T.);
#7590=ORIENTED_EDGE('',*,*,#7497,.F.);
#7591=EDGE_LOOP('',(#7579,#7581,#7582,#7583,#7585,#7587,#7589,#7590));
#7592=FACE_OUTER_BOUND('',#7591,.F.);
#7593=ADVANCED_FACE('',(#7592),#7577,.F.);
#7594=CARTESIAN_POINT('',(-1.5E0,1.5E-1,-3.7E-1));
#7595=DIRECTION('',(0.E0,0.E0,1.E0));
#7596=DIRECTION('',(0.E0,1.E0,0.E0));
#7597=AXIS2_PLACEMENT_3D('',#7594,#7595,#7596);
#7598=PLANE('',#7597);
#7600=ORIENTED_EDGE('',*,*,#7599,.T.);
#7602=ORIENTED_EDGE('',*,*,#7601,.F.);
#7604=ORIENTED_EDGE('',*,*,#7603,.T.);
#7605=ORIENTED_EDGE('',*,*,#7578,.T.);
#7606=ORIENTED_EDGE('',*,*,#7495,.F.);
#7608=ORIENTED_EDGE('',*,*,#7607,.T.);
#7610=ORIENTED_EDGE('',*,*,#7609,.T.);
#7612=ORIENTED_EDGE('',*,*,#7611,.T.);
#7614=ORIENTED_EDGE('',*,*,#7613,.T.);
#7616=ORIENTED_EDGE('',*,*,#7615,.T.);
#7618=ORIENTED_EDGE('',*,*,#7617,.T.);
#7620=ORIENTED_EDGE('',*,*,#7619,.T.);
#7621=EDGE_LOOP('',(#7600,#7602,#7604,#7605,#7606,#7608,#7610,#7612,#7614,#7616,
#7618,#7620));
#7622=FACE_OUTER_BOUND('',#7621,.F.);
#7623=ADVANCED_FACE('',(#7622),#7598,.T.);
#7624=CARTESIAN_POINT('',(-1.5E0,1.5E-1,-3.7E-1));
#7625=DIRECTION('',(0.E0,0.E0,1.E0));
#7626=DIRECTION('',(0.E0,1.E0,0.E0));
#7627=AXIS2_PLACEMENT_3D('',#7624,#7625,#7626);
#7628=PLANE('',#7627);
#7630=ORIENTED_EDGE('',*,*,#7629,.T.);
#7632=ORIENTED_EDGE('',*,*,#7631,.T.);
#7634=ORIENTED_EDGE('',*,*,#7633,.T.);
#7636=ORIENTED_EDGE('',*,*,#7635,.T.);
#7638=ORIENTED_EDGE('',*,*,#7637,.T.);
#7640=ORIENTED_EDGE('',*,*,#7639,.T.);
#7642=ORIENTED_EDGE('',*,*,#7641,.T.);
#7644=ORIENTED_EDGE('',*,*,#7643,.T.);
#7646=ORIENTED_EDGE('',*,*,#7645,.T.);
#7648=ORIENTED_EDGE('',*,*,#7647,.F.);
#7650=ORIENTED_EDGE('',*,*,#7649,.F.);
#7652=ORIENTED_EDGE('',*,*,#7651,.F.);
#7653=EDGE_LOOP('',(#7630,#7632,#7634,#7636,#7638,#7640,#7642,#7644,#7646,#7648,
#7650,#7652));
#7654=FACE_OUTER_BOUND('',#7653,.F.);
#7655=ADVANCED_FACE('',(#7654),#7628,.T.);
#7656=CARTESIAN_POINT('',(1.51E0,1.E-1,-5.95E-1));
#7657=DIRECTION('',(-1.E0,0.E0,0.E0));
#7658=DIRECTION('',(0.E0,1.E0,0.E0));
#7659=AXIS2_PLACEMENT_3D('',#7656,#7657,#7658);
#7660=PLANE('',#7659);
#7662=ORIENTED_EDGE('',*,*,#7661,.T.);
#7663=ORIENTED_EDGE('',*,*,#7599,.F.);
#7665=ORIENTED_EDGE('',*,*,#7664,.F.);
#7667=ORIENTED_EDGE('',*,*,#7666,.T.);
#7668=EDGE_LOOP('',(#7662,#7663,#7665,#7667));
#7669=FACE_OUTER_BOUND('',#7668,.F.);
#7670=ADVANCED_FACE('',(#7669),#7660,.T.);
#7671=CARTESIAN_POINT('',(1.5E0,1.5E-1,-5.95E-1));
#7672=DIRECTION('',(0.E0,1.E0,0.E0));
#7673=DIRECTION('',(0.E0,0.E0,1.E0));
#7674=AXIS2_PLACEMENT_3D('',#7671,#7672,#7673);
#7675=PLANE('',#7674);
#7677=ORIENTED_EDGE('',*,*,#7676,.F.);
#7679=ORIENTED_EDGE('',*,*,#7678,.T.);
#7680=ORIENTED_EDGE('',*,*,#7601,.T.);
#7681=ORIENTED_EDGE('',*,*,#7661,.F.);
#7682=EDGE_LOOP('',(#7677,#7679,#7680,#7681));
#7683=FACE_OUTER_BOUND('',#7682,.F.);
#7684=ADVANCED_FACE('',(#7683),#7675,.F.);
#7685=CARTESIAN_POINT('',(-1.5E0,2.5E-1,-5.95E-1));
#7686=DIRECTION('',(0.E0,0.E0,-1.E0));
#7687=DIRECTION('',(0.E0,-1.E0,0.E0));
#7688=AXIS2_PLACEMENT_3D('',#7685,#7686,#7687);
#7689=PLANE('',#7688);
#7690=ORIENTED_EDGE('',*,*,#7491,.F.);
#7692=ORIENTED_EDGE('',*,*,#7691,.F.);
#7694=ORIENTED_EDGE('',*,*,#7693,.T.);
#7695=ORIENTED_EDGE('',*,*,#7676,.T.);
#7696=ORIENTED_EDGE('',*,*,#7666,.F.);
#7698=ORIENTED_EDGE('',*,*,#7697,.F.);
#7700=ORIENTED_EDGE('',*,*,#7699,.F.);
#7702=ORIENTED_EDGE('',*,*,#7701,.F.);
#7704=ORIENTED_EDGE('',*,*,#7703,.F.);
#7706=ORIENTED_EDGE('',*,*,#7705,.F.);
#7708=ORIENTED_EDGE('',*,*,#7707,.F.);
#7710=ORIENTED_EDGE('',*,*,#7709,.F.);
#7711=EDGE_LOOP('',(#7690,#7692,#7694,#7695,#7696,#7698,#7700,#7702,#7704,#7706,
#7708,#7710));
#7712=FACE_OUTER_BOUND('',#7711,.F.);
#7713=ADVANCED_FACE('',(#7712),#7689,.T.);
#7714=CARTESIAN_POINT('',(-1.5E0,2.5E-1,-5.95E-1));
#7715=DIRECTION('',(0.E0,0.E0,-1.E0));
#7716=DIRECTION('',(0.E0,-1.E0,0.E0));
#7717=AXIS2_PLACEMENT_3D('',#7714,#7715,#7716);
#7718=PLANE('',#7717);
#7720=ORIENTED_EDGE('',*,*,#7719,.F.);
#7722=ORIENTED_EDGE('',*,*,#7721,.F.);
#7724=ORIENTED_EDGE('',*,*,#7723,.F.);
#7726=ORIENTED_EDGE('',*,*,#7725,.F.);
#7728=ORIENTED_EDGE('',*,*,#7727,.F.);
#7730=ORIENTED_EDGE('',*,*,#7729,.F.);
#7732=ORIENTED_EDGE('',*,*,#7731,.F.);
#7734=ORIENTED_EDGE('',*,*,#7733,.F.);
#7736=ORIENTED_EDGE('',*,*,#7735,.F.);
#7738=ORIENTED_EDGE('',*,*,#7737,.F.);
#7740=ORIENTED_EDGE('',*,*,#7739,.F.);
#7742=ORIENTED_EDGE('',*,*,#7741,.T.);
#7743=EDGE_LOOP('',(#7720,#7722,#7724,#7726,#7728,#7730,#7732,#7734,#7736,#7738,
#7740,#7742));
#7744=FACE_OUTER_BOUND('',#7743,.F.);
#7745=ADVANCED_FACE('',(#7744),#7718,.T.);
#7746=CARTESIAN_POINT('',(1.59E0,2.5E-1,-8.8E-1));
#7747=DIRECTION('',(0.E0,-1.E0,0.E0));
#7748=DIRECTION('',(-1.E0,0.E0,0.E0));
#7749=AXIS2_PLACEMENT_3D('',#7746,#7747,#7748);
#7750=PLANE('',#7749);
#7752=ORIENTED_EDGE('',*,*,#7751,.F.);
#7753=ORIENTED_EDGE('',*,*,#7075,.T.);
#7755=ORIENTED_EDGE('',*,*,#7754,.F.);
#7757=ORIENTED_EDGE('',*,*,#7756,.F.);
#7759=ORIENTED_EDGE('',*,*,#7758,.T.);
#7760=ORIENTED_EDGE('',*,*,#7691,.T.);
#7761=ORIENTED_EDGE('',*,*,#7489,.T.);
#7762=EDGE_LOOP('',(#7752,#7753,#7755,#7757,#7759,#7760,#7761));
#7763=FACE_OUTER_BOUND('',#7762,.F.);
#7764=ADVANCED_FACE('',(#7763),#7750,.T.);
#7765=CARTESIAN_POINT('',(1.47E0,1.316088E0,-8.5E-1));
#7766=DIRECTION('',(0.E0,-1.E0,0.E0));
#7767=DIRECTION('',(0.E0,0.E0,-1.E0));
#7768=AXIS2_PLACEMENT_3D('',#7765,#7766,#7767);
#7769=CYLINDRICAL_SURFACE('',#7768,1.2E-1);
#7770=ORIENTED_EDGE('',*,*,#7751,.T.);
#7771=ORIENTED_EDGE('',*,*,#7487,.F.);
#7772=ORIENTED_EDGE('',*,*,#7185,.T.);
#7773=ORIENTED_EDGE('',*,*,#7077,.T.);
#7774=EDGE_LOOP('',(#7770,#7771,#7772,#7773));
#7775=FACE_OUTER_BOUND('',#7774,.F.);
#7776=ADVANCED_FACE('',(#7775),#7769,.T.);
#7777=CARTESIAN_POINT('',(1.205E0,2.5E-1,-8.8E-1));
#7778=DIRECTION('',(7.071067811865E-1,-7.071067811865E-1,0.E0));
#7779=DIRECTION('',(-7.071067811865E-1,-7.071067811865E-1,0.E0));
#7780=AXIS2_PLACEMENT_3D('',#7777,#7778,#7779);
#7781=PLANE('',#7780);
#7783=ORIENTED_EDGE('',*,*,#7782,.F.);
#7784=ORIENTED_EDGE('',*,*,#7754,.T.);
#7785=ORIENTED_EDGE('',*,*,#7073,.T.);
#7787=ORIENTED_EDGE('',*,*,#7786,.F.);
#7788=EDGE_LOOP('',(#7783,#7784,#7785,#7787));
#7789=FACE_OUTER_BOUND('',#7788,.F.);
#7790=ADVANCED_FACE('',(#7789),#7781,.T.);
#7791=CARTESIAN_POINT('',(1.235E0,0.E0,-8.8E-1));
#7792=DIRECTION('',(0.E0,0.E0,-1.E0));
#7793=DIRECTION('',(-1.E0,0.E0,0.E0));
#7794=AXIS2_PLACEMENT_3D('',#7791,#7792,#7793);
#7795=PLANE('',#7794);
#7797=ORIENTED_EDGE('',*,*,#7796,.F.);
#7799=ORIENTED_EDGE('',*,*,#7798,.F.);
#7801=ORIENTED_EDGE('',*,*,#7800,.F.);
#7803=ORIENTED_EDGE('',*,*,#7802,.T.);
#7805=ORIENTED_EDGE('',*,*,#7804,.F.);
#7806=ORIENTED_EDGE('',*,*,#6317,.T.);
#7808=ORIENTED_EDGE('',*,*,#7807,.T.);
#7810=ORIENTED_EDGE('',*,*,#7809,.T.);
#7812=ORIENTED_EDGE('',*,*,#7811,.F.);
#7813=ORIENTED_EDGE('',*,*,#7756,.T.);
#7814=ORIENTED_EDGE('',*,*,#7782,.T.);
#7816=ORIENTED_EDGE('',*,*,#7815,.T.);
#7817=EDGE_LOOP('',(#7797,#7799,#7801,#7803,#7805,#7806,#7808,#7810,#7812,#7813,
#7814,#7816));
#7818=FACE_OUTER_BOUND('',#7817,.F.);
#7819=ADVANCED_FACE('',(#7818),#7795,.T.);
#7820=CARTESIAN_POINT('',(1.235E0,0.E0,-8.8E-1));
#7821=DIRECTION('',(0.E0,0.E0,-1.E0));
#7822=DIRECTION('',(-1.E0,0.E0,0.E0));
#7823=AXIS2_PLACEMENT_3D('',#7820,#7821,#7822);
#7824=PLANE('',#7823);
#7825=ORIENTED_EDGE('',*,*,#7156,.T.);
#7827=ORIENTED_EDGE('',*,*,#7826,.F.);
#7829=ORIENTED_EDGE('',*,*,#7828,.F.);
#7831=ORIENTED_EDGE('',*,*,#7830,.T.);
#7833=ORIENTED_EDGE('',*,*,#7832,.T.);
#7835=ORIENTED_EDGE('',*,*,#7834,.T.);
#7837=ORIENTED_EDGE('',*,*,#7836,.F.);
#7839=ORIENTED_EDGE('',*,*,#7838,.T.);
#7840=EDGE_LOOP('',(#7825,#7827,#7829,#7831,#7833,#7835,#7837,#7839));
#7841=FACE_OUTER_BOUND('',#7840,.F.);
#7842=ADVANCED_FACE('',(#7841),#7824,.T.);
#7843=CARTESIAN_POINT('',(6.3E-1,6.E-2,-8.8E-1));
#7844=DIRECTION('',(-1.E0,0.E0,0.E0));
#7845=DIRECTION('',(0.E0,1.E0,0.E0));
#7846=AXIS2_PLACEMENT_3D('',#7843,#7844,#7845);
#7847=PLANE('',#7846);
#7849=ORIENTED_EDGE('',*,*,#7848,.F.);
#7850=ORIENTED_EDGE('',*,*,#6599,.T.);
#7852=ORIENTED_EDGE('',*,*,#7851,.F.);
#7854=ORIENTED_EDGE('',*,*,#7853,.T.);
#7856=ORIENTED_EDGE('',*,*,#7855,.F.);
#7858=ORIENTED_EDGE('',*,*,#7857,.T.);
#7860=ORIENTED_EDGE('',*,*,#7859,.T.);
#7862=ORIENTED_EDGE('',*,*,#7861,.T.);
#7864=ORIENTED_EDGE('',*,*,#7863,.T.);
#7866=ORIENTED_EDGE('',*,*,#7865,.T.);
#7868=ORIENTED_EDGE('',*,*,#7867,.T.);
#7870=ORIENTED_EDGE('',*,*,#7869,.T.);
#7871=EDGE_LOOP('',(#7849,#7850,#7852,#7854,#7856,#7858,#7860,#7862,#7864,#7866,
#7868,#7870));
#7872=FACE_OUTER_BOUND('',#7871,.F.);
#7873=ADVANCED_FACE('',(#7872),#7847,.T.);
#7874=CARTESIAN_POINT('',(6.3E-1,6.E-2,-8.8E-1));
#7875=DIRECTION('',(-1.E0,0.E0,0.E0));
#7876=DIRECTION('',(0.E0,1.E0,0.E0));
#7877=AXIS2_PLACEMENT_3D('',#7874,#7875,#7876);
#7878=PLANE('',#7877);
#7880=ORIENTED_EDGE('',*,*,#7879,.F.);
#7882=ORIENTED_EDGE('',*,*,#7881,.F.);
#7884=ORIENTED_EDGE('',*,*,#7883,.T.);
#7886=ORIENTED_EDGE('',*,*,#7885,.T.);
#7888=ORIENTED_EDGE('',*,*,#7887,.T.);
#7890=ORIENTED_EDGE('',*,*,#7889,.T.);
#7892=ORIENTED_EDGE('',*,*,#7891,.T.);
#7894=ORIENTED_EDGE('',*,*,#7893,.F.);
#7896=ORIENTED_EDGE('',*,*,#7895,.F.);
#7897=ORIENTED_EDGE('',*,*,#7796,.T.);
#7899=ORIENTED_EDGE('',*,*,#7898,.T.);
#7900=ORIENTED_EDGE('',*,*,#7069,.T.);
#7901=EDGE_LOOP('',(#7880,#7882,#7884,#7886,#7888,#7890,#7892,#7894,#7896,#7897,
#7899,#7900));
#7902=FACE_OUTER_BOUND('',#7901,.F.);
#7903=ADVANCED_FACE('',(#7902),#7878,.T.);
#7904=CARTESIAN_POINT('',(6.3126E0,3.2E-1,8.5E-1));
#7905=DIRECTION('',(-1.E0,0.E0,0.E0));
#7906=DIRECTION('',(0.E0,0.E0,1.E0));
#7907=AXIS2_PLACEMENT_3D('',#7904,#7905,#7906);
#7908=CYLINDRICAL_SURFACE('',#7907,1.2E-1);
#7909=ORIENTED_EDGE('',*,*,#7848,.T.);
#7911=ORIENTED_EDGE('',*,*,#7910,.F.);
#7913=ORIENTED_EDGE('',*,*,#7912,.T.);
#7914=ORIENTED_EDGE('',*,*,#6601,.T.);
#7915=EDGE_LOOP('',(#7909,#7911,#7913,#7914));
#7916=FACE_OUTER_BOUND('',#7915,.F.);
#7917=ADVANCED_FACE('',(#7916),#7908,.T.);
#7918=CARTESIAN_POINT('',(6.3E-1,4.4E-1,6.84E-1));
#7919=DIRECTION('',(0.E0,-1.E0,0.E0));
#7920=DIRECTION('',(0.E0,0.E0,1.E0));
#7921=AXIS2_PLACEMENT_3D('',#7918,#7919,#7920);
#7922=PLANE('',#7921);
#7923=ORIENTED_EDGE('',*,*,#7910,.T.);
#7924=ORIENTED_EDGE('',*,*,#7869,.F.);
#7926=ORIENTED_EDGE('',*,*,#7925,.T.);
#7928=ORIENTED_EDGE('',*,*,#7927,.T.);
#7929=EDGE_LOOP('',(#7923,#7924,#7926,#7928));
#7930=FACE_OUTER_BOUND('',#7929,.F.);
#7931=ADVANCED_FACE('',(#7930),#7922,.F.);
#7932=CARTESIAN_POINT('',(6.3E-1,3.5E-1,6.84E-1));
#7933=DIRECTION('',(1.E0,0.E0,0.E0));
#7934=DIRECTION('',(0.E0,0.E0,-1.E0));
#7935=AXIS2_PLACEMENT_3D('',#7932,#7933,#7934);
#7936=CYLINDRICAL_SURFACE('',#7935,9.E-2);
#7937=ORIENTED_EDGE('',*,*,#7867,.F.);
#7939=ORIENTED_EDGE('',*,*,#7938,.T.);
#7941=ORIENTED_EDGE('',*,*,#7940,.T.);
#7942=ORIENTED_EDGE('',*,*,#7925,.F.);
#7943=EDGE_LOOP('',(#7937,#7939,#7941,#7942));
#7944=FACE_OUTER_BOUND('',#7943,.F.);
#7945=ADVANCED_FACE('',(#7944),#7936,.T.);
#7946=CARTESIAN_POINT('',(6.3E-1,3.678508848718E-1,5.814920148722E-1));
#7947=DIRECTION('',(0.E0,-6.427876096865E-1,7.660444431190E-1));
#7948=DIRECTION('',(0.E0,7.660444431190E-1,6.427876096865E-1));
#7949=AXIS2_PLACEMENT_3D('',#7946,#7947,#7948);
#7950=PLANE('',#7949);
#7951=ORIENTED_EDGE('',*,*,#7865,.F.);
#7953=ORIENTED_EDGE('',*,*,#7952,.T.);
#7955=ORIENTED_EDGE('',*,*,#7954,.T.);
#7956=ORIENTED_EDGE('',*,*,#7938,.F.);
#7957=EDGE_LOOP('',(#7951,#7953,#7955,#7956));
#7958=FACE_OUTER_BOUND('',#7957,.F.);
#7959=ADVANCED_FACE('',(#7958),#7950,.F.);
#7960=CARTESIAN_POINT('',(6.3E-1,3.1E-1,6.504360147529E-1));
#7961=DIRECTION('',(1.E0,0.E0,0.E0));
#7962=DIRECTION('',(0.E0,0.E0,-1.E0));
#7963=AXIS2_PLACEMENT_3D('',#7960,#7961,#7962);
#7964=CYLINDRICAL_SURFACE('',#7963,9.E-2);
#7965=ORIENTED_EDGE('',*,*,#7863,.F.);
#7967=ORIENTED_EDGE('',*,*,#7966,.T.);
#7969=ORIENTED_EDGE('',*,*,#7968,.T.);
#7970=ORIENTED_EDGE('',*,*,#7952,.F.);
#7971=EDGE_LOOP('',(#7965,#7967,#7969,#7970));
#7972=FACE_OUTER_BOUND('',#7971,.F.);
#7973=ADVANCED_FACE('',(#7972),#7964,.T.);
#7974=CARTESIAN_POINT('',(6.3E-1,1.78E-1,5.92E-1));
#7975=DIRECTION('',(0.E0,2.535923447086E-1,9.673111819395E-1));
#7976=DIRECTION('',(0.E0,9.673111819395E-1,-2.535923447086E-1));
#7977=AXIS2_PLACEMENT_3D('',#7974,#7975,#7976);
#7978=PLANE('',#7977);
#7979=ORIENTED_EDGE('',*,*,#7861,.F.);
#7981=ORIENTED_EDGE('',*,*,#7980,.T.);
#7983=ORIENTED_EDGE('',*,*,#7982,.T.);
#7984=ORIENTED_EDGE('',*,*,#7966,.F.);
#7985=EDGE_LOOP('',(#7979,#7981,#7983,#7984));
#7986=FACE_OUTER_BOUND('',#7985,.F.);
#7987=ADVANCED_FACE('',(#7986),#7978,.F.);
#7988=CARTESIAN_POINT('',(6.3E-1,2.770972792309E-1,9.7E-1));
#7989=DIRECTION('',(0.E0,9.673111819395E-1,-2.535923447086E-1));
#7990=DIRECTION('',(0.E0,-2.535923447086E-1,-9.673111819395E-1));
#7991=AXIS2_PLACEMENT_3D('',#7988,#7989,#7990);
#7992=PLANE('',#7991);
#7993=ORIENTED_EDGE('',*,*,#7859,.F.);
#7995=ORIENTED_EDGE('',*,*,#7994,.F.);
#7997=ORIENTED_EDGE('',*,*,#7996,.T.);
#7998=ORIENTED_EDGE('',*,*,#7980,.F.);
#7999=EDGE_LOOP('',(#7993,#7995,#7997,#7998));
#8000=FACE_OUTER_BOUND('',#7999,.F.);
#8001=ADVANCED_FACE('',(#8000),#7992,.F.);
#8002=CARTESIAN_POINT('',(5.9E-1,4.6E-1,7.1E-1));
#8003=DIRECTION('',(0.E0,0.E0,1.E0));
#8004=DIRECTION('',(1.E0,0.E0,0.E0));
#8005=AXIS2_PLACEMENT_3D('',#8002,#8003,#8004);
#8006=PLANE('',#8005);
#8007=ORIENTED_EDGE('',*,*,#7857,.F.);
#8009=ORIENTED_EDGE('',*,*,#8008,.T.);
#8011=ORIENTED_EDGE('',*,*,#8010,.T.);
#8013=ORIENTED_EDGE('',*,*,#8012,.T.);
#8015=ORIENTED_EDGE('',*,*,#8014,.F.);
#8017=ORIENTED_EDGE('',*,*,#8016,.T.);
#8019=ORIENTED_EDGE('',*,*,#8018,.F.);
#8021=ORIENTED_EDGE('',*,*,#8020,.T.);
#8023=ORIENTED_EDGE('',*,*,#8022,.T.);
#8024=ORIENTED_EDGE('',*,*,#7994,.T.);
#8025=EDGE_LOOP('',(#8007,#8009,#8011,#8013,#8015,#8017,#8019,#8021,#8023,
#8024));
#8026=FACE_OUTER_BOUND('',#8025,.F.);
#8027=ADVANCED_FACE('',(#8026),#8006,.F.);
#8028=CARTESIAN_POINT('',(5.9E-1,3.4E-1,1.E0));
#8029=DIRECTION('',(0.E0,-1.E0,0.E0));
#8030=DIRECTION('',(1.E0,0.E0,0.E0));
#8031=AXIS2_PLACEMENT_3D('',#8028,#8029,#8030);
#8032=PLANE('',#8031);
#8033=ORIENTED_EDGE('',*,*,#7895,.T.);
#8035=ORIENTED_EDGE('',*,*,#8034,.F.);
#8037=ORIENTED_EDGE('',*,*,#8036,.T.);
#8038=ORIENTED_EDGE('',*,*,#7798,.T.);
#8039=EDGE_LOOP('',(#8033,#8035,#8037,#8038));
#8040=FACE_OUTER_BOUND('',#8039,.F.);
#8041=ADVANCED_FACE('',(#8040),#8032,.F.);
#8042=CARTESIAN_POINT('',(5.9E-1,3.4E-1,1.E0));
#8043=DIRECTION('',(0.E0,-1.E0,0.E0));
#8044=DIRECTION('',(1.E0,0.E0,0.E0));
#8045=AXIS2_PLACEMENT_3D('',#8042,#8043,#8044);
#8046=PLANE('',#8045);
#8047=ORIENTED_EDGE('',*,*,#7855,.T.);
#8049=ORIENTED_EDGE('',*,*,#8048,.F.);
#8051=ORIENTED_EDGE('',*,*,#8050,.T.);
#8052=ORIENTED_EDGE('',*,*,#8008,.F.);
#8053=EDGE_LOOP('',(#8047,#8049,#8051,#8052));
#8054=FACE_OUTER_BOUND('',#8053,.F.);
#8055=ADVANCED_FACE('',(#8054),#8046,.F.);
#8056=CARTESIAN_POINT('',(5.9E-1,3.4E-1,1.E0));
#8057=DIRECTION('',(0.E0,-1.E0,0.E0));
#8058=DIRECTION('',(1.E0,0.E0,0.E0));
#8059=AXIS2_PLACEMENT_3D('',#8056,#8057,#8058);
#8060=PLANE('',#8059);
#8062=ORIENTED_EDGE('',*,*,#8061,.F.);
#8063=ORIENTED_EDGE('',*,*,#7828,.T.);
#8065=ORIENTED_EDGE('',*,*,#8064,.F.);
#8067=ORIENTED_EDGE('',*,*,#8066,.T.);
#8069=ORIENTED_EDGE('',*,*,#8068,.F.);
#8070=EDGE_LOOP('',(#8062,#8063,#8065,#8067,#8069));
#8071=FACE_OUTER_BOUND('',#8070,.F.);
#8072=ADVANCED_FACE('',(#8071),#8060,.F.);
#8073=CARTESIAN_POINT('',(5.9E-1,3.4E-1,1.E0));
#8074=DIRECTION('',(0.E0,-1.E0,0.E0));
#8075=DIRECTION('',(1.E0,0.E0,0.E0));
#8076=AXIS2_PLACEMENT_3D('',#8073,#8074,#8075);
#8077=PLANE('',#8076);
#8079=ORIENTED_EDGE('',*,*,#8078,.F.);
#8080=ORIENTED_EDGE('',*,*,#8020,.F.);
#8082=ORIENTED_EDGE('',*,*,#8081,.T.);
#8084=ORIENTED_EDGE('',*,*,#8083,.F.);
#8086=ORIENTED_EDGE('',*,*,#8085,.F.);
#8087=EDGE_LOOP('',(#8079,#8080,#8082,#8084,#8086));
#8088=FACE_OUTER_BOUND('',#8087,.F.);
#8089=ADVANCED_FACE('',(#8088),#8077,.F.);
#8090=CARTESIAN_POINT('',(8.1E-1,4.6E-1,-7.1E-1));
#8091=DIRECTION('',(0.E0,0.E0,-1.E0));
#8092=DIRECTION('',(-1.E0,0.E0,0.E0));
#8093=AXIS2_PLACEMENT_3D('',#8090,#8091,#8092);
#8094=PLANE('',#8093);
#8095=ORIENTED_EDGE('',*,*,#7893,.T.);
#8097=ORIENTED_EDGE('',*,*,#8096,.F.);
#8099=ORIENTED_EDGE('',*,*,#8098,.F.);
#8100=ORIENTED_EDGE('',*,*,#8068,.T.);
#8102=ORIENTED_EDGE('',*,*,#8101,.T.);
#8104=ORIENTED_EDGE('',*,*,#8103,.T.);
#8106=ORIENTED_EDGE('',*,*,#8105,.T.);
#8108=ORIENTED_EDGE('',*,*,#8107,.T.);
#8110=ORIENTED_EDGE('',*,*,#8109,.F.);
#8111=ORIENTED_EDGE('',*,*,#8034,.T.);
#8112=EDGE_LOOP('',(#8095,#8097,#8099,#8100,#8102,#8104,#8106,#8108,#8110,
#8111));
#8113=FACE_OUTER_BOUND('',#8112,.F.);
#8114=ADVANCED_FACE('',(#8113),#8094,.F.);
#8115=CARTESIAN_POINT('',(6.3E-1,1.78E-1,-5.92E-1));
#8116=DIRECTION('',(0.E0,9.673111819395E-1,2.535923447086E-1));
#8117=DIRECTION('',(0.E0,2.535923447086E-1,-9.673111819395E-1));
#8118=AXIS2_PLACEMENT_3D('',#8115,#8116,#8117);
#8119=PLANE('',#8118);
#8120=ORIENTED_EDGE('',*,*,#7891,.F.);
#8122=ORIENTED_EDGE('',*,*,#8121,.T.);
#8124=ORIENTED_EDGE('',*,*,#8123,.T.);
#8125=ORIENTED_EDGE('',*,*,#8096,.T.);
#8126=EDGE_LOOP('',(#8120,#8122,#8124,#8125));
#8127=FACE_OUTER_BOUND('',#8126,.F.);
#8128=ADVANCED_FACE('',(#8127),#8119,.F.);
#8129=CARTESIAN_POINT('',(6.3E-1,2.871766889762E-1,-5.633780083784E-1));
#8130=DIRECTION('',(0.E0,2.535923447086E-1,-9.673111819395E-1));
#8131=DIRECTION('',(0.E0,-9.673111819395E-1,-2.535923447086E-1));
#8132=AXIS2_PLACEMENT_3D('',#8129,#8130,#8131);
#8133=PLANE('',#8132);
#8134=ORIENTED_EDGE('',*,*,#7889,.F.);
#8136=ORIENTED_EDGE('',*,*,#8135,.T.);
#8138=ORIENTED_EDGE('',*,*,#8137,.T.);
#8139=ORIENTED_EDGE('',*,*,#8121,.F.);
#8140=EDGE_LOOP('',(#8134,#8136,#8138,#8139));
#8141=FACE_OUTER_BOUND('',#8140,.F.);
#8142=ADVANCED_FACE('',(#8141),#8133,.F.);
#8143=CARTESIAN_POINT('',(6.3E-1,3.1E-1,-6.504360147529E-1));
#8144=DIRECTION('',(1.E0,0.E0,0.E0));
#8145=DIRECTION('',(0.E0,0.E0,-1.E0));
#8146=AXIS2_PLACEMENT_3D('',#8143,#8144,#8145);
#8147=CYLINDRICAL_SURFACE('',#8146,9.E-2);
#8148=ORIENTED_EDGE('',*,*,#7887,.F.);
#8150=ORIENTED_EDGE('',*,*,#8149,.T.);
#8152=ORIENTED_EDGE('',*,*,#8151,.T.);
#8153=ORIENTED_EDGE('',*,*,#8135,.F.);
#8154=EDGE_LOOP('',(#8148,#8150,#8152,#8153));
#8155=FACE_OUTER_BOUND('',#8154,.F.);
#8156=ADVANCED_FACE('',(#8155),#8147,.T.);
#8157=CARTESIAN_POINT('',(6.3E-1,4.078508848718E-1,-6.150560001193E-1));
#8158=DIRECTION('',(0.E0,-6.427876096865E-1,-7.660444431190E-1));
#8159=DIRECTION('',(0.E0,-7.660444431190E-1,6.427876096865E-1));
#8160=AXIS2_PLACEMENT_3D('',#8157,#8158,#8159);
#8161=PLANE('',#8160);
#8162=ORIENTED_EDGE('',*,*,#7885,.F.);
#8164=ORIENTED_EDGE('',*,*,#8163,.T.);
#8166=ORIENTED_EDGE('',*,*,#8165,.T.);
#8167=ORIENTED_EDGE('',*,*,#8149,.F.);
#8168=EDGE_LOOP('',(#8162,#8164,#8166,#8167));
#8169=FACE_OUTER_BOUND('',#8168,.F.);
#8170=ADVANCED_FACE('',(#8169),#8161,.F.);
#8171=CARTESIAN_POINT('',(6.3E-1,3.5E-1,-6.84E-1));
#8172=DIRECTION('',(1.E0,0.E0,0.E0));
#8173=DIRECTION('',(0.E0,0.E0,-1.E0));
#8174=AXIS2_PLACEMENT_3D('',#8171,#8172,#8173);
#8175=CYLINDRICAL_SURFACE('',#8174,9.E-2);
#8176=ORIENTED_EDGE('',*,*,#7883,.F.);
#8178=ORIENTED_EDGE('',*,*,#8177,.T.);
#8180=ORIENTED_EDGE('',*,*,#8179,.T.);
#8181=ORIENTED_EDGE('',*,*,#8163,.F.);
#8182=EDGE_LOOP('',(#8176,#8178,#8180,#8181));
#8183=FACE_OUTER_BOUND('',#8182,.F.);
#8184=ADVANCED_FACE('',(#8183),#8175,.T.);
#8185=CARTESIAN_POINT('',(6.3E-1,4.4E-1,-8.8E-1));
#8186=DIRECTION('',(0.E0,1.E0,0.E0));
#8187=DIRECTION('',(1.E0,0.E0,0.E0));
#8188=AXIS2_PLACEMENT_3D('',#8185,#8186,#8187);
#8189=PLANE('',#8188);
#8191=ORIENTED_EDGE('',*,*,#8190,.T.);
#8193=ORIENTED_EDGE('',*,*,#8192,.F.);
#8194=ORIENTED_EDGE('',*,*,#8177,.F.);
#8195=ORIENTED_EDGE('',*,*,#7881,.T.);
#8196=EDGE_LOOP('',(#8191,#8193,#8194,#8195));
#8197=FACE_OUTER_BOUND('',#8196,.F.);
#8198=ADVANCED_FACE('',(#8197),#8189,.T.);
#8199=CARTESIAN_POINT('',(-4.616832411586E0,3.2E-1,-8.5E-1));
#8200=DIRECTION('',(1.E0,0.E0,0.E0));
#8201=DIRECTION('',(0.E0,0.E0,-1.E0));
#8202=AXIS2_PLACEMENT_3D('',#8199,#8200,#8201);
#8203=CYLINDRICAL_SURFACE('',#8202,1.2E-1);
#8205=ORIENTED_EDGE('',*,*,#8204,.T.);
#8206=ORIENTED_EDGE('',*,*,#8190,.F.);
#8207=ORIENTED_EDGE('',*,*,#7879,.T.);
#8208=ORIENTED_EDGE('',*,*,#7067,.T.);
#8209=EDGE_LOOP('',(#8205,#8206,#8207,#8208));
#8210=FACE_OUTER_BOUND('',#8209,.F.);
#8211=ADVANCED_FACE('',(#8210),#8203,.T.);
#8212=CARTESIAN_POINT('',(8.05E-1,4.4E-1,-8.8E-1));
#8213=DIRECTION('',(1.E0,0.E0,0.E0));
#8214=DIRECTION('',(0.E0,-1.E0,0.E0));
#8215=AXIS2_PLACEMENT_3D('',#8212,#8213,#8214);
#8216=PLANE('',#8215);
#8217=ORIENTED_EDGE('',*,*,#7912,.F.);
#8218=ORIENTED_EDGE('',*,*,#7927,.F.);
#8219=ORIENTED_EDGE('',*,*,#7940,.F.);
#8220=ORIENTED_EDGE('',*,*,#7954,.F.);
#8221=ORIENTED_EDGE('',*,*,#7968,.F.);
#8222=ORIENTED_EDGE('',*,*,#7982,.F.);
#8223=ORIENTED_EDGE('',*,*,#7996,.F.);
#8224=ORIENTED_EDGE('',*,*,#8022,.F.);
#8225=ORIENTED_EDGE('',*,*,#8078,.T.);
#8227=ORIENTED_EDGE('',*,*,#8226,.T.);
#8229=ORIENTED_EDGE('',*,*,#8228,.T.);
#8230=ORIENTED_EDGE('',*,*,#6603,.T.);
#8231=EDGE_LOOP('',(#8217,#8218,#8219,#8220,#8221,#8222,#8223,#8224,#8225,#8227,
#8229,#8230));
#8232=FACE_OUTER_BOUND('',#8231,.F.);
#8233=ADVANCED_FACE('',(#8232),#8216,.T.);
#8234=CARTESIAN_POINT('',(8.05E-1,4.4E-1,-8.8E-1));
#8235=DIRECTION('',(1.E0,0.E0,0.E0));
#8236=DIRECTION('',(0.E0,-1.E0,0.E0));
#8237=AXIS2_PLACEMENT_3D('',#8234,#8235,#8236);
#8238=PLANE('',#8237);
#8239=ORIENTED_EDGE('',*,*,#8204,.F.);
#8240=ORIENTED_EDGE('',*,*,#7065,.T.);
#8242=ORIENTED_EDGE('',*,*,#8241,.F.);
#8243=ORIENTED_EDGE('',*,*,#7830,.F.);
#8244=ORIENTED_EDGE('',*,*,#8061,.T.);
#8245=ORIENTED_EDGE('',*,*,#8098,.T.);
#8246=ORIENTED_EDGE('',*,*,#8123,.F.);
#8247=ORIENTED_EDGE('',*,*,#8137,.F.);
#8248=ORIENTED_EDGE('',*,*,#8151,.F.);
#8249=ORIENTED_EDGE('',*,*,#8165,.F.);
#8250=ORIENTED_EDGE('',*,*,#8179,.F.);
#8251=ORIENTED_EDGE('',*,*,#8192,.T.);
#8252=EDGE_LOOP('',(#8239,#8240,#8242,#8243,#8244,#8245,#8246,#8247,#8248,#8249,
#8250,#8251));
#8253=FACE_OUTER_BOUND('',#8252,.F.);
#8254=ADVANCED_FACE('',(#8253),#8238,.T.);
#8255=CARTESIAN_POINT('',(5.9E-1,0.E0,8.8E-1));
#8256=DIRECTION('',(0.E0,0.E0,1.E0));
#8257=DIRECTION('',(1.E0,0.E0,0.E0));
#8258=AXIS2_PLACEMENT_3D('',#8255,#8256,#8257);
#8259=PLANE('',#8258);
#8261=ORIENTED_EDGE('',*,*,#8260,.F.);
#8263=ORIENTED_EDGE('',*,*,#8262,.F.);
#8265=ORIENTED_EDGE('',*,*,#8264,.T.);
#8267=ORIENTED_EDGE('',*,*,#8266,.F.);
#8268=ORIENTED_EDGE('',*,*,#6285,.T.);
#8270=ORIENTED_EDGE('',*,*,#8269,.T.);
#8272=ORIENTED_EDGE('',*,*,#8271,.T.);
#8274=ORIENTED_EDGE('',*,*,#8273,.T.);
#8275=ORIENTED_EDGE('',*,*,#8048,.T.);
#8276=ORIENTED_EDGE('',*,*,#7853,.F.);
#8278=ORIENTED_EDGE('',*,*,#8277,.F.);
#8280=ORIENTED_EDGE('',*,*,#8279,.F.);
#8281=EDGE_LOOP('',(#8261,#8263,#8265,#8267,#8268,#8270,#8272,#8274,#8275,#8276,
#8278,#8280));
#8282=FACE_OUTER_BOUND('',#8281,.F.);
#8283=ADVANCED_FACE('',(#8282),#8259,.T.);
#8284=CARTESIAN_POINT('',(5.9E-1,0.E0,8.8E-1));
#8285=DIRECTION('',(0.E0,0.E0,1.E0));
#8286=DIRECTION('',(1.E0,0.E0,0.E0));
#8287=AXIS2_PLACEMENT_3D('',#8284,#8285,#8286);
#8288=PLANE('',#8287);
#8289=ORIENTED_EDGE('',*,*,#7168,.T.);
#8291=ORIENTED_EDGE('',*,*,#8290,.T.);
#8293=ORIENTED_EDGE('',*,*,#8292,.T.);
#8295=ORIENTED_EDGE('',*,*,#8294,.F.);
#8297=ORIENTED_EDGE('',*,*,#8296,.F.);
#8298=ORIENTED_EDGE('',*,*,#8226,.F.);
#8299=ORIENTED_EDGE('',*,*,#8085,.T.);
#8301=ORIENTED_EDGE('',*,*,#8300,.T.);
#8302=EDGE_LOOP('',(#8289,#8291,#8293,#8295,#8297,#8298,#8299,#8301));
#8303=FACE_OUTER_BOUND('',#8302,.F.);
#8304=ADVANCED_FACE('',(#8303),#8288,.T.);
#8305=CARTESIAN_POINT('',(1.5E0,2.5E-1,5.95E-1));
#8306=DIRECTION('',(0.E0,1.E0,0.E0));
#8307=DIRECTION('',(0.E0,0.E0,1.E0));
#8308=AXIS2_PLACEMENT_3D('',#8305,#8306,#8307);
#8309=PLANE('',#8308);
#8311=ORIENTED_EDGE('',*,*,#8310,.F.);
#8312=ORIENTED_EDGE('',*,*,#7480,.T.);
#8314=ORIENTED_EDGE('',*,*,#8313,.F.);
#8316=ORIENTED_EDGE('',*,*,#8315,.F.);
#8317=ORIENTED_EDGE('',*,*,#8260,.T.);
#8319=ORIENTED_EDGE('',*,*,#8318,.T.);
#8320=ORIENTED_EDGE('',*,*,#6593,.F.);
#8321=EDGE_LOOP('',(#8311,#8312,#8314,#8316,#8317,#8319,#8320));
#8322=FACE_OUTER_BOUND('',#8321,.F.);
#8323=ADVANCED_FACE('',(#8322),#8309,.F.);
#8324=CARTESIAN_POINT('',(1.47E0,-7.76088E-1,8.5E-1));
#8325=DIRECTION('',(0.E0,1.E0,0.E0));
#8326=DIRECTION('',(0.E0,0.E0,1.E0));
#8327=AXIS2_PLACEMENT_3D('',#8324,#8325,#8326);
#8328=CYLINDRICAL_SURFACE('',#8327,1.2E-1);
#8329=ORIENTED_EDGE('',*,*,#7230,.T.);
#8330=ORIENTED_EDGE('',*,*,#7482,.F.);
#8331=ORIENTED_EDGE('',*,*,#8310,.T.);
#8332=ORIENTED_EDGE('',*,*,#6591,.T.);
#8333=EDGE_LOOP('',(#8329,#8330,#8331,#8332));
#8334=FACE_OUTER_BOUND('',#8333,.F.);
#8335=ADVANCED_FACE('',(#8334),#8328,.T.);
#8336=CARTESIAN_POINT('',(-1.5E0,1.5E-1,5.95E-1));
#8337=DIRECTION('',(0.E0,0.E0,1.E0));
#8338=DIRECTION('',(0.E0,1.E0,0.E0));
#8339=AXIS2_PLACEMENT_3D('',#8336,#8337,#8338);
#8340=PLANE('',#8339);
#8342=ORIENTED_EDGE('',*,*,#8341,.T.);
#8344=ORIENTED_EDGE('',*,*,#8343,.F.);
#8346=ORIENTED_EDGE('',*,*,#8345,.T.);
#8347=ORIENTED_EDGE('',*,*,#8313,.T.);
#8348=ORIENTED_EDGE('',*,*,#7478,.F.);
#8350=ORIENTED_EDGE('',*,*,#8349,.T.);
#8352=ORIENTED_EDGE('',*,*,#8351,.T.);
#8354=ORIENTED_EDGE('',*,*,#8353,.T.);
#8356=ORIENTED_EDGE('',*,*,#8355,.T.);
#8358=ORIENTED_EDGE('',*,*,#8357,.T.);
#8360=ORIENTED_EDGE('',*,*,#8359,.T.);
#8362=ORIENTED_EDGE('',*,*,#8361,.T.);
#8363=EDGE_LOOP('',(#8342,#8344,#8346,#8347,#8348,#8350,#8352,#8354,#8356,#8358,
#8360,#8362));
#8364=FACE_OUTER_BOUND('',#8363,.F.);
#8365=ADVANCED_FACE('',(#8364),#8340,.T.);
#8366=CARTESIAN_POINT('',(-1.5E0,1.5E-1,5.95E-1));
#8367=DIRECTION('',(0.E0,0.E0,1.E0));
#8368=DIRECTION('',(0.E0,1.E0,0.E0));
#8369=AXIS2_PLACEMENT_3D('',#8366,#8367,#8368);
#8370=PLANE('',#8369);
#8372=ORIENTED_EDGE('',*,*,#8371,.T.);
#8374=ORIENTED_EDGE('',*,*,#8373,.T.);
#8376=ORIENTED_EDGE('',*,*,#8375,.T.);
#8378=ORIENTED_EDGE('',*,*,#8377,.T.);
#8380=ORIENTED_EDGE('',*,*,#8379,.T.);
#8382=ORIENTED_EDGE('',*,*,#8381,.T.);
#8384=ORIENTED_EDGE('',*,*,#8383,.T.);
#8386=ORIENTED_EDGE('',*,*,#8385,.T.);
#8388=ORIENTED_EDGE('',*,*,#8387,.T.);
#8390=ORIENTED_EDGE('',*,*,#8389,.F.);
#8392=ORIENTED_EDGE('',*,*,#8391,.F.);
#8394=ORIENTED_EDGE('',*,*,#8393,.F.);
#8395=EDGE_LOOP('',(#8372,#8374,#8376,#8378,#8380,#8382,#8384,#8386,#8388,#8390,
#8392,#8394));
#8396=FACE_OUTER_BOUND('',#8395,.F.);
#8397=ADVANCED_FACE('',(#8396),#8370,.T.);
#8398=CARTESIAN_POINT('',(1.51E0,1.E-1,5.95E-1));
#8399=DIRECTION('',(1.E0,0.E0,0.E0));
#8400=DIRECTION('',(0.E0,1.E0,0.E0));
#8401=AXIS2_PLACEMENT_3D('',#8398,#8399,#8400);
#8402=PLANE('',#8401);
#8403=ORIENTED_EDGE('',*,*,#8341,.F.);
#8405=ORIENTED_EDGE('',*,*,#8404,.T.);
#8406=ORIENTED_EDGE('',*,*,#7522,.T.);
#8408=ORIENTED_EDGE('',*,*,#8407,.T.);
#8409=EDGE_LOOP('',(#8403,#8405,#8406,#8408));
#8410=FACE_OUTER_BOUND('',#8409,.F.);
#8411=ADVANCED_FACE('',(#8410),#8402,.F.);
#8412=CARTESIAN_POINT('',(1.63E0,1.E-1,5.95E-1));
#8413=DIRECTION('',(0.E0,0.E0,-1.E0));
#8414=DIRECTION('',(-1.E0,0.E0,0.E0));
#8415=AXIS2_PLACEMENT_3D('',#8412,#8413,#8414);
#8416=CYLINDRICAL_SURFACE('',#8415,1.2E-1);
#8417=ORIENTED_EDGE('',*,*,#8361,.F.);
#8419=ORIENTED_EDGE('',*,*,#8418,.T.);
#8420=ORIENTED_EDGE('',*,*,#7524,.T.);
#8421=ORIENTED_EDGE('',*,*,#8404,.F.);
#8422=EDGE_LOOP('',(#8417,#8419,#8420,#8421));
#8423=FACE_OUTER_BOUND('',#8422,.F.);
#8424=ADVANCED_FACE('',(#8423),#8416,.T.);
#8425=CARTESIAN_POINT('',(1.67E0,-2.E-2,5.95E-1));
#8426=DIRECTION('',(0.E0,1.E0,0.E0));
#8427=DIRECTION('',(-1.E0,0.E0,0.E0));
#8428=AXIS2_PLACEMENT_3D('',#8425,#8426,#8427);
#8429=PLANE('',#8428);
#8430=ORIENTED_EDGE('',*,*,#8359,.F.);
#8432=ORIENTED_EDGE('',*,*,#8431,.T.);
#8433=ORIENTED_EDGE('',*,*,#7526,.T.);
#8434=ORIENTED_EDGE('',*,*,#8418,.F.);
#8435=EDGE_LOOP('',(#8430,#8432,#8433,#8434));
#8436=FACE_OUTER_BOUND('',#8435,.F.);
#8437=ADVANCED_FACE('',(#8436),#8429,.F.);
#8438=CARTESIAN_POINT('',(1.69E0,0.E0,5.95E-1));
#8439=DIRECTION('',(-7.071067811865E-1,7.071067811865E-1,0.E0));
#8440=DIRECTION('',(-7.071067811865E-1,-7.071067811865E-1,0.E0));
#8441=AXIS2_PLACEMENT_3D('',#8438,#8439,#8440);
#8442=PLANE('',#8441);
#8443=ORIENTED_EDGE('',*,*,#8357,.F.);
#8445=ORIENTED_EDGE('',*,*,#8444,.T.);
#8446=ORIENTED_EDGE('',*,*,#7528,.T.);
#8447=ORIENTED_EDGE('',*,*,#8431,.F.);
#8448=EDGE_LOOP('',(#8443,#8445,#8446,#8447));
#8449=FACE_OUTER_BOUND('',#8448,.F.);
#8450=ADVANCED_FACE('',(#8449),#8442,.F.);
#8451=CARTESIAN_POINT('',(1.73E0,0.E0,5.95E-1));
#8452=DIRECTION('',(0.E0,1.E0,0.E0));
#8453=DIRECTION('',(-1.E0,0.E0,0.E0));
#8454=AXIS2_PLACEMENT_3D('',#8451,#8452,#8453);
#8455=PLANE('',#8454);
#8456=ORIENTED_EDGE('',*,*,#8355,.F.);
#8458=ORIENTED_EDGE('',*,*,#8457,.T.);
#8459=ORIENTED_EDGE('',*,*,#7530,.T.);
#8460=ORIENTED_EDGE('',*,*,#8444,.F.);
#8461=EDGE_LOOP('',(#8456,#8458,#8459,#8460));
#8462=FACE_OUTER_BOUND('',#8461,.F.);
#8463=ADVANCED_FACE('',(#8462),#8455,.F.);
#8464=CARTESIAN_POINT('',(1.73E0,6.E-2,5.95E-1));
#8465=DIRECTION('',(-1.E0,0.E0,0.E0));
#8466=DIRECTION('',(0.E0,-1.E0,0.E0));
#8467=AXIS2_PLACEMENT_3D('',#8464,#8465,#8466);
#8468=PLANE('',#8467);
#8469=ORIENTED_EDGE('',*,*,#8353,.F.);
#8471=ORIENTED_EDGE('',*,*,#8470,.T.);
#8472=ORIENTED_EDGE('',*,*,#7532,.T.);
#8473=ORIENTED_EDGE('',*,*,#8457,.F.);
#8474=EDGE_LOOP('',(#8469,#8471,#8472,#8473));
#8475=FACE_OUTER_BOUND('',#8474,.F.);
#8476=ADVANCED_FACE('',(#8475),#8468,.F.);
#8477=CARTESIAN_POINT('',(1.63E0,6.E-2,5.95E-1));
#8478=DIRECTION('',(0.E0,-1.E0,0.E0));
#8479=DIRECTION('',(1.E0,0.E0,0.E0));
#8480=AXIS2_PLACEMENT_3D('',#8477,#8478,#8479);
#8481=PLANE('',#8480);
#8482=ORIENTED_EDGE('',*,*,#8351,.F.);
#8484=ORIENTED_EDGE('',*,*,#8483,.T.);
#8485=ORIENTED_EDGE('',*,*,#7534,.T.);
#8486=ORIENTED_EDGE('',*,*,#8470,.F.);
#8487=EDGE_LOOP('',(#8482,#8484,#8485,#8486));
#8488=FACE_OUTER_BOUND('',#8487,.F.);
#8489=ADVANCED_FACE('',(#8488),#8481,.F.);
#8490=CARTESIAN_POINT('',(1.63E0,1.E-1,5.95E-1));
#8491=DIRECTION('',(0.E0,0.E0,-1.E0));
#8492=DIRECTION('',(-1.E0,0.E0,0.E0));
#8493=AXIS2_PLACEMENT_3D('',#8490,#8491,#8492);
#8494=CYLINDRICAL_SURFACE('',#8493,4.E-2);
#8495=ORIENTED_EDGE('',*,*,#8349,.F.);
#8496=ORIENTED_EDGE('',*,*,#7476,.T.);
#8497=ORIENTED_EDGE('',*,*,#7536,.T.);
#8498=ORIENTED_EDGE('',*,*,#8483,.F.);
#8499=EDGE_LOOP('',(#8495,#8496,#8497,#8498));
#8500=FACE_OUTER_BOUND('',#8499,.F.);
#8501=ADVANCED_FACE('',(#8500),#8494,.F.);
#8502=CARTESIAN_POINT('',(1.5E0,1.5E-1,3.7E-1));
#8503=DIRECTION('',(0.E0,1.E0,0.E0));
#8504=DIRECTION('',(0.E0,0.E0,1.E0));
#8505=AXIS2_PLACEMENT_3D('',#8502,#8503,#8504);
#8506=PLANE('',#8505);
#8507=ORIENTED_EDGE('',*,*,#8407,.F.);
#8508=ORIENTED_EDGE('',*,*,#7520,.F.);
#8510=ORIENTED_EDGE('',*,*,#8509,.T.);
#8511=ORIENTED_EDGE('',*,*,#8343,.T.);
#8512=EDGE_LOOP('',(#8507,#8508,#8510,#8511));
#8513=FACE_OUTER_BOUND('',#8512,.F.);
#8514=ADVANCED_FACE('',(#8513),#8506,.F.);
#8515=CARTESIAN_POINT('',(1.5E0,0.E0,6.15E-1));
#8516=DIRECTION('',(1.E0,0.E0,0.E0));
#8517=DIRECTION('',(0.E0,0.E0,-1.E0));
#8518=AXIS2_PLACEMENT_3D('',#8515,#8516,#8517);
#8519=PLANE('',#8518);
#8520=ORIENTED_EDGE('',*,*,#8315,.T.);
#8521=ORIENTED_EDGE('',*,*,#8345,.F.);
#8522=ORIENTED_EDGE('',*,*,#8509,.F.);
#8523=ORIENTED_EDGE('',*,*,#7518,.F.);
#8524=ORIENTED_EDGE('',*,*,#7580,.F.);
#8525=ORIENTED_EDGE('',*,*,#7603,.F.);
#8526=ORIENTED_EDGE('',*,*,#7678,.F.);
#8527=ORIENTED_EDGE('',*,*,#7693,.F.);
#8528=ORIENTED_EDGE('',*,*,#7758,.F.);
#8529=ORIENTED_EDGE('',*,*,#7811,.T.);
#8531=ORIENTED_EDGE('',*,*,#8530,.T.);
#8533=ORIENTED_EDGE('',*,*,#8532,.F.);
#8534=ORIENTED_EDGE('',*,*,#6305,.F.);
#8536=ORIENTED_EDGE('',*,*,#8535,.T.);
#8538=ORIENTED_EDGE('',*,*,#8537,.F.);
#8540=ORIENTED_EDGE('',*,*,#8539,.F.);
#8541=ORIENTED_EDGE('',*,*,#6297,.F.);
#8543=ORIENTED_EDGE('',*,*,#8542,.T.);
#8545=ORIENTED_EDGE('',*,*,#8544,.T.);
#8546=ORIENTED_EDGE('',*,*,#8262,.T.);
#8547=EDGE_LOOP('',(#8520,#8521,#8522,#8523,#8524,#8525,#8526,#8527,#8528,#8529,
#8531,#8533,#8534,#8536,#8538,#8540,#8541,#8543,#8545,#8546));
#8548=FACE_OUTER_BOUND('',#8547,.F.);
#8549=ADVANCED_FACE('',(#8548),#8519,.T.);
#8550=CARTESIAN_POINT('',(0.E0,2.2E-1,0.E0));
#8551=DIRECTION('',(0.E0,1.E0,0.E0));
#8552=DIRECTION('',(1.E0,0.E0,0.E0));
#8553=AXIS2_PLACEMENT_3D('',#8550,#8551,#8552);
#8554=PLANE('',#8553);
#8556=ORIENTED_EDGE('',*,*,#8555,.F.);
#8558=ORIENTED_EDGE('',*,*,#8557,.F.);
#8560=ORIENTED_EDGE('',*,*,#8559,.F.);
#8562=ORIENTED_EDGE('',*,*,#8561,.F.);
#8564=ORIENTED_EDGE('',*,*,#8563,.F.);
#8566=ORIENTED_EDGE('',*,*,#8565,.F.);
#8568=ORIENTED_EDGE('',*,*,#8567,.F.);
#8569=EDGE_LOOP('',(#8556,#8558,#8560,#8562,#8564,#8566,#8568));
#8570=FACE_OUTER_BOUND('',#8569,.F.);
#8571=ADVANCED_FACE('',(#8570),#8554,.T.);
#8572=CARTESIAN_POINT('',(0.E0,2.2E-1,0.E0));
#8573=DIRECTION('',(0.E0,1.E0,0.E0));
#8574=DIRECTION('',(1.E0,0.E0,0.E0));
#8575=AXIS2_PLACEMENT_3D('',#8572,#8573,#8574);
#8576=PLANE('',#8575);
#8578=ORIENTED_EDGE('',*,*,#8577,.F.);
#8580=ORIENTED_EDGE('',*,*,#8579,.F.);
#8581=ORIENTED_EDGE('',*,*,#6378,.F.);
#8583=ORIENTED_EDGE('',*,*,#8582,.F.);
#8585=ORIENTED_EDGE('',*,*,#8584,.F.);
#8587=ORIENTED_EDGE('',*,*,#8586,.F.);
#8589=ORIENTED_EDGE('',*,*,#8588,.F.);
#8590=EDGE_LOOP('',(#8578,#8580,#8581,#8583,#8585,#8587,#8589));
#8591=FACE_OUTER_BOUND('',#8590,.F.);
#8592=ADVANCED_FACE('',(#8591),#8576,.T.);
#8593=CARTESIAN_POINT('',(0.E0,2.2E-1,0.E0));
#8594=DIRECTION('',(0.E0,1.E0,0.E0));
#8595=DIRECTION('',(1.E0,0.E0,0.E0));
#8596=AXIS2_PLACEMENT_3D('',#8593,#8594,#8595);
#8597=PLANE('',#8596);
#8599=ORIENTED_EDGE('',*,*,#8598,.F.);
#8600=ORIENTED_EDGE('',*,*,#8264,.F.);
#8601=ORIENTED_EDGE('',*,*,#8544,.F.);
#8603=ORIENTED_EDGE('',*,*,#8602,.F.);
#8605=ORIENTED_EDGE('',*,*,#8604,.F.);
#8607=ORIENTED_EDGE('',*,*,#8606,.F.);
#8609=ORIENTED_EDGE('',*,*,#8608,.F.);
#8610=EDGE_LOOP('',(#8599,#8600,#8601,#8603,#8605,#8607,#8609));
#8611=FACE_OUTER_BOUND('',#8610,.F.);
#8612=ADVANCED_FACE('',(#8611),#8597,.T.);
#8613=CARTESIAN_POINT('',(0.E0,2.2E-1,0.E0));
#8614=DIRECTION('',(0.E0,1.E0,0.E0));
#8615=DIRECTION('',(1.E0,0.E0,0.E0));
#8616=AXIS2_PLACEMENT_3D('',#8613,#8614,#8615);
#8617=PLANE('',#8616);
#8619=ORIENTED_EDGE('',*,*,#8618,.F.);
#8620=ORIENTED_EDGE('',*,*,#8530,.F.);
#8621=ORIENTED_EDGE('',*,*,#7809,.F.);
#8623=ORIENTED_EDGE('',*,*,#8622,.F.);
#8625=ORIENTED_EDGE('',*,*,#8624,.F.);
#8627=ORIENTED_EDGE('',*,*,#8626,.F.);
#8629=ORIENTED_EDGE('',*,*,#8628,.F.);
#8630=EDGE_LOOP('',(#8619,#8620,#8621,#8623,#8625,#8627,#8629));
#8631=FACE_OUTER_BOUND('',#8630,.F.);
#8632=ADVANCED_FACE('',(#8631),#8617,.T.);
#8633=CARTESIAN_POINT('',(-1.75E0,0.E0,-8.E-1));
#8634=DIRECTION('',(-1.E0,0.E0,0.E0));
#8635=DIRECTION('',(0.E0,0.E0,1.E0));
#8636=AXIS2_PLACEMENT_3D('',#8633,#8634,#8635);
#8637=PLANE('',#8636);
#8638=ORIENTED_EDGE('',*,*,#8555,.T.);
#8640=ORIENTED_EDGE('',*,*,#8639,.F.);
#8641=ORIENTED_EDGE('',*,*,#6333,.F.);
#8643=ORIENTED_EDGE('',*,*,#8642,.T.);
#8644=EDGE_LOOP('',(#8638,#8640,#8641,#8643));
#8645=FACE_OUTER_BOUND('',#8644,.F.);
#8646=ADVANCED_FACE('',(#8645),#8637,.T.);
#8647=CARTESIAN_POINT('',(-1.75E0,0.E0,-6.15E-1));
#8648=DIRECTION('',(0.E0,0.E0,1.E0));
#8649=DIRECTION('',(1.E0,0.E0,0.E0));
#8650=AXIS2_PLACEMENT_3D('',#8647,#8648,#8649);
#8651=PLANE('',#8650);
#8652=ORIENTED_EDGE('',*,*,#8567,.T.);
#8654=ORIENTED_EDGE('',*,*,#8653,.F.);
#8655=ORIENTED_EDGE('',*,*,#6335,.F.);
#8656=ORIENTED_EDGE('',*,*,#8639,.T.);
#8657=EDGE_LOOP('',(#8652,#8654,#8655,#8656));
#8658=FACE_OUTER_BOUND('',#8657,.F.);
#8659=ADVANCED_FACE('',(#8658),#8651,.T.);
#8660=CARTESIAN_POINT('',(-1.5E0,0.E0,-6.15E-1));
#8661=DIRECTION('',(-1.E0,0.E0,0.E0));
#8662=DIRECTION('',(0.E0,0.E0,1.E0));
#8663=AXIS2_PLACEMENT_3D('',#8660,#8661,#8662);
#8664=PLANE('',#8663);
#8666=ORIENTED_EDGE('',*,*,#8665,.F.);
#8667=ORIENTED_EDGE('',*,*,#6380,.T.);
#8668=ORIENTED_EDGE('',*,*,#8579,.T.);
#8670=ORIENTED_EDGE('',*,*,#8669,.F.);
#8671=ORIENTED_EDGE('',*,*,#6345,.F.);
#8673=ORIENTED_EDGE('',*,*,#8672,.T.);
#8675=ORIENTED_EDGE('',*,*,#8674,.T.);
#8677=ORIENTED_EDGE('',*,*,#8676,.F.);
#8678=ORIENTED_EDGE('',*,*,#6337,.F.);
#8679=ORIENTED_EDGE('',*,*,#8653,.T.);
#8680=ORIENTED_EDGE('',*,*,#8565,.T.);
#8682=ORIENTED_EDGE('',*,*,#8681,.T.);
#8684=ORIENTED_EDGE('',*,*,#8683,.T.);
#8685=ORIENTED_EDGE('',*,*,#7739,.T.);
#8687=ORIENTED_EDGE('',*,*,#8686,.T.);
#8688=ORIENTED_EDGE('',*,*,#7651,.T.);
#8690=ORIENTED_EDGE('',*,*,#8689,.T.);
#8691=ORIENTED_EDGE('',*,*,#7566,.T.);
#8693=ORIENTED_EDGE('',*,*,#8692,.T.);
#8694=ORIENTED_EDGE('',*,*,#8393,.T.);
#8695=EDGE_LOOP('',(#8666,#8667,#8668,#8670,#8671,#8673,#8675,#8677,#8678,#8679,
#8680,#8682,#8684,#8685,#8687,#8688,#8690,#8691,#8693,#8694));
#8696=FACE_OUTER_BOUND('',#8695,.F.);
#8697=ADVANCED_FACE('',(#8696),#8664,.T.);
#8698=CARTESIAN_POINT('',(-1.5E0,2.5E-1,5.95E-1));
#8699=DIRECTION('',(0.E0,-1.E0,0.E0));
#8700=DIRECTION('',(0.E0,0.E0,1.E0));
#8701=AXIS2_PLACEMENT_3D('',#8698,#8699,#8700);
#8702=PLANE('',#8701);
#8704=ORIENTED_EDGE('',*,*,#8703,.F.);
#8705=ORIENTED_EDGE('',*,*,#6577,.F.);
#8707=ORIENTED_EDGE('',*,*,#8706,.F.);
#8708=ORIENTED_EDGE('',*,*,#6382,.F.);
#8709=ORIENTED_EDGE('',*,*,#8665,.T.);
#8710=ORIENTED_EDGE('',*,*,#8391,.T.);
#8712=ORIENTED_EDGE('',*,*,#8711,.F.);
#8713=EDGE_LOOP('',(#8704,#8705,#8707,#8708,#8709,#8710,#8712));
#8714=FACE_OUTER_BOUND('',#8713,.F.);
#8715=ADVANCED_FACE('',(#8714),#8702,.T.);
#8716=CARTESIAN_POINT('',(-1.47E0,1.316088E0,8.5E-1));
#8717=DIRECTION('',(0.E0,-1.E0,0.E0));
#8718=DIRECTION('',(0.E0,0.E0,1.E0));
#8719=AXIS2_PLACEMENT_3D('',#8716,#8717,#8718);
#8720=CYLINDRICAL_SURFACE('',#8719,1.2E-1);
#8721=ORIENTED_EDGE('',*,*,#8703,.T.);
#8723=ORIENTED_EDGE('',*,*,#8722,.F.);
#8724=ORIENTED_EDGE('',*,*,#6687,.T.);
#8725=ORIENTED_EDGE('',*,*,#6579,.T.);
#8726=EDGE_LOOP('',(#8721,#8723,#8724,#8725));
#8727=FACE_OUTER_BOUND('',#8726,.F.);
#8728=ADVANCED_FACE('',(#8727),#8720,.T.);
#8729=CARTESIAN_POINT('',(-1.59E0,0.E0,0.E0));
#8730=DIRECTION('',(-1.E0,0.E0,0.E0));
#8731=DIRECTION('',(0.E0,0.E0,1.E0));
#8732=AXIS2_PLACEMENT_3D('',#8729,#8730,#8731);
#8733=PLANE('',#8732);
#8734=ORIENTED_EDGE('',*,*,#8389,.T.);
#8736=ORIENTED_EDGE('',*,*,#8735,.T.);
#8737=ORIENTED_EDGE('',*,*,#7546,.T.);
#8739=ORIENTED_EDGE('',*,*,#8738,.F.);
#8741=ORIENTED_EDGE('',*,*,#8740,.F.);
#8743=ORIENTED_EDGE('',*,*,#8742,.F.);
#8745=ORIENTED_EDGE('',*,*,#8744,.T.);
#8747=ORIENTED_EDGE('',*,*,#8746,.F.);
#8748=ORIENTED_EDGE('',*,*,#7647,.T.);
#8750=ORIENTED_EDGE('',*,*,#8749,.F.);
#8751=ORIENTED_EDGE('',*,*,#7719,.T.);
#8753=ORIENTED_EDGE('',*,*,#8752,.T.);
#8755=ORIENTED_EDGE('',*,*,#8754,.T.);
#8756=ORIENTED_EDGE('',*,*,#6674,.T.);
#8758=ORIENTED_EDGE('',*,*,#8757,.F.);
#8759=ORIENTED_EDGE('',*,*,#6689,.T.);
#8760=ORIENTED_EDGE('',*,*,#8722,.T.);
#8761=ORIENTED_EDGE('',*,*,#8711,.T.);
#8762=EDGE_LOOP('',(#8734,#8736,#8737,#8739,#8741,#8743,#8745,#8747,#8748,#8750,
#8751,#8753,#8755,#8756,#8758,#8759,#8760,#8761));
#8763=FACE_OUTER_BOUND('',#8762,.F.);
#8764=ADVANCED_FACE('',(#8763),#8733,.T.);
#8765=CARTESIAN_POINT('',(-1.63E0,1.E-1,5.95E-1));
#8766=DIRECTION('',(0.E0,0.E0,-1.E0));
#8767=DIRECTION('',(-1.E0,0.E0,0.E0));
#8768=AXIS2_PLACEMENT_3D('',#8765,#8766,#8767);
#8769=CYLINDRICAL_SURFACE('',#8768,4.E-2);
#8770=ORIENTED_EDGE('',*,*,#8387,.F.);
#8772=ORIENTED_EDGE('',*,*,#8771,.T.);
#8773=ORIENTED_EDGE('',*,*,#7548,.T.);
#8774=ORIENTED_EDGE('',*,*,#8735,.F.);
#8775=EDGE_LOOP('',(#8770,#8772,#8773,#8774));
#8776=FACE_OUTER_BOUND('',#8775,.F.);
#8777=ADVANCED_FACE('',(#8776),#8769,.F.);
#8778=CARTESIAN_POINT('',(-1.73E0,6.E-2,5.95E-1));
#8779=DIRECTION('',(0.E0,-1.E0,0.E0));
#8780=DIRECTION('',(1.E0,0.E0,0.E0));
#8781=AXIS2_PLACEMENT_3D('',#8778,#8779,#8780);
#8782=PLANE('',#8781);
#8783=ORIENTED_EDGE('',*,*,#8385,.F.);
#8785=ORIENTED_EDGE('',*,*,#8784,.T.);
#8786=ORIENTED_EDGE('',*,*,#7550,.T.);
#8787=ORIENTED_EDGE('',*,*,#8771,.F.);
#8788=EDGE_LOOP('',(#8783,#8785,#8786,#8787));
#8789=FACE_OUTER_BOUND('',#8788,.F.);
#8790=ADVANCED_FACE('',(#8789),#8782,.F.);
#8791=CARTESIAN_POINT('',(-1.73E0,0.E0,5.95E-1));
#8792=DIRECTION('',(1.E0,0.E0,0.E0));
#8793=DIRECTION('',(0.E0,1.E0,0.E0));
#8794=AXIS2_PLACEMENT_3D('',#8791,#8792,#8793);
#8795=PLANE('',#8794);
#8796=ORIENTED_EDGE('',*,*,#8383,.F.);
#8798=ORIENTED_EDGE('',*,*,#8797,.T.);
#8799=ORIENTED_EDGE('',*,*,#7552,.T.);
#8800=ORIENTED_EDGE('',*,*,#8784,.F.);
#8801=EDGE_LOOP('',(#8796,#8798,#8799,#8800));
#8802=FACE_OUTER_BOUND('',#8801,.F.);
#8803=ADVANCED_FACE('',(#8802),#8795,.F.);
#8804=CARTESIAN_POINT('',(-1.69E0,0.E0,5.95E-1));
#8805=DIRECTION('',(0.E0,1.E0,0.E0));
#8806=DIRECTION('',(-1.E0,0.E0,0.E0));
#8807=AXIS2_PLACEMENT_3D('',#8804,#8805,#8806);
#8808=PLANE('',#8807);
#8809=ORIENTED_EDGE('',*,*,#8381,.F.);
#8811=ORIENTED_EDGE('',*,*,#8810,.T.);
#8812=ORIENTED_EDGE('',*,*,#7554,.T.);
#8813=ORIENTED_EDGE('',*,*,#8797,.F.);
#8814=EDGE_LOOP('',(#8809,#8811,#8812,#8813));
#8815=FACE_OUTER_BOUND('',#8814,.F.);
#8816=ADVANCED_FACE('',(#8815),#8808,.F.);
#8817=CARTESIAN_POINT('',(-1.67E0,-2.E-2,5.95E-1));
#8818=DIRECTION('',(7.071067811865E-1,7.071067811865E-1,0.E0));
#8819=DIRECTION('',(-7.071067811865E-1,7.071067811865E-1,0.E0));
#8820=AXIS2_PLACEMENT_3D('',#8817,#8818,#8819);
#8821=PLANE('',#8820);
#8822=ORIENTED_EDGE('',*,*,#8379,.F.);
#8824=ORIENTED_EDGE('',*,*,#8823,.T.);
#8825=ORIENTED_EDGE('',*,*,#7556,.T.);
#8826=ORIENTED_EDGE('',*,*,#8810,.F.);
#8827=EDGE_LOOP('',(#8822,#8824,#8825,#8826));
#8828=FACE_OUTER_BOUND('',#8827,.F.);
#8829=ADVANCED_FACE('',(#8828),#8821,.F.);
#8830=CARTESIAN_POINT('',(-1.63E0,-2.E-2,5.95E-1));
#8831=DIRECTION('',(0.E0,1.E0,0.E0));
#8832=DIRECTION('',(-1.E0,0.E0,0.E0));
#8833=AXIS2_PLACEMENT_3D('',#8830,#8831,#8832);
#8834=PLANE('',#8833);
#8835=ORIENTED_EDGE('',*,*,#8377,.F.);
#8837=ORIENTED_EDGE('',*,*,#8836,.T.);
#8838=ORIENTED_EDGE('',*,*,#7558,.T.);
#8839=ORIENTED_EDGE('',*,*,#8823,.F.);
#8840=EDGE_LOOP('',(#8835,#8837,#8838,#8839));
#8841=FACE_OUTER_BOUND('',#8840,.F.);
#8842=ADVANCED_FACE('',(#8841),#8834,.F.);
#8843=CARTESIAN_POINT('',(-1.63E0,1.E-1,5.95E-1));
#8844=DIRECTION('',(0.E0,0.E0,-1.E0));
#8845=DIRECTION('',(-1.E0,0.E0,0.E0));
#8846=AXIS2_PLACEMENT_3D('',#8843,#8844,#8845);
#8847=CYLINDRICAL_SURFACE('',#8846,1.2E-1);
#8848=ORIENTED_EDGE('',*,*,#8375,.F.);
#8850=ORIENTED_EDGE('',*,*,#8849,.T.);
#8851=ORIENTED_EDGE('',*,*,#7560,.T.);
#8852=ORIENTED_EDGE('',*,*,#8836,.F.);
#8853=EDGE_LOOP('',(#8848,#8850,#8851,#8852));
#8854=FACE_OUTER_BOUND('',#8853,.F.);
#8855=ADVANCED_FACE('',(#8854),#8847,.T.);
#8856=CARTESIAN_POINT('',(-1.51E0,1.5E-1,5.95E-1));
#8857=DIRECTION('',(-1.E0,0.E0,0.E0));
#8858=DIRECTION('',(0.E0,-1.E0,0.E0));
#8859=AXIS2_PLACEMENT_3D('',#8856,#8857,#8858);
#8860=PLANE('',#8859);
#8861=ORIENTED_EDGE('',*,*,#8373,.F.);
#8863=ORIENTED_EDGE('',*,*,#8862,.F.);
#8864=ORIENTED_EDGE('',*,*,#7562,.T.);
#8865=ORIENTED_EDGE('',*,*,#8849,.F.);
#8866=EDGE_LOOP('',(#8861,#8863,#8864,#8865));
#8867=FACE_OUTER_BOUND('',#8866,.F.);
#8868=ADVANCED_FACE('',(#8867),#8860,.F.);
#8869=CARTESIAN_POINT('',(-1.5E0,1.5E-1,3.7E-1));
#8870=DIRECTION('',(0.E0,-1.E0,0.E0));
#8871=DIRECTION('',(0.E0,0.E0,1.E0));
#8872=AXIS2_PLACEMENT_3D('',#8869,#8870,#8871);
#8873=PLANE('',#8872);
#8874=ORIENTED_EDGE('',*,*,#8862,.T.);
#8875=ORIENTED_EDGE('',*,*,#8371,.F.);
#8876=ORIENTED_EDGE('',*,*,#8692,.F.);
#8877=ORIENTED_EDGE('',*,*,#7564,.T.);
#8878=EDGE_LOOP('',(#8874,#8875,#8876,#8877));
#8879=FACE_OUTER_BOUND('',#8878,.F.);
#8880=ADVANCED_FACE('',(#8879),#8873,.T.);
#8881=CARTESIAN_POINT('',(-1.5E0,2.86E-1,-3.7E-1));
#8882=DIRECTION('',(0.E0,-1.E0,0.E0));
#8883=DIRECTION('',(0.E0,0.E0,1.E0));
#8884=AXIS2_PLACEMENT_3D('',#8881,#8882,#8883);
#8885=PLANE('',#8884);
#8886=ORIENTED_EDGE('',*,*,#8689,.F.);
#8887=ORIENTED_EDGE('',*,*,#7649,.T.);
#8888=ORIENTED_EDGE('',*,*,#8746,.T.);
#8890=ORIENTED_EDGE('',*,*,#8889,.F.);
#8892=ORIENTED_EDGE('',*,*,#8891,.T.);
#8894=ORIENTED_EDGE('',*,*,#8893,.T.);
#8895=ORIENTED_EDGE('',*,*,#8738,.T.);
#8896=ORIENTED_EDGE('',*,*,#7568,.F.);
#8897=EDGE_LOOP('',(#8886,#8887,#8888,#8890,#8892,#8894,#8895,#8896));
#8898=FACE_OUTER_BOUND('',#8897,.F.);
#8899=ADVANCED_FACE('',(#8898),#8885,.T.);
#8900=CARTESIAN_POINT('',(-1.5E0,0.E0,-3.5E-1));
#8901=DIRECTION('',(0.E0,0.E0,-1.E0));
#8902=DIRECTION('',(-1.E0,0.E0,0.E0));
#8903=AXIS2_PLACEMENT_3D('',#8900,#8901,#8902);
#8904=PLANE('',#8903);
#8905=ORIENTED_EDGE('',*,*,#8744,.F.);
#8907=ORIENTED_EDGE('',*,*,#8906,.F.);
#8909=ORIENTED_EDGE('',*,*,#8908,.F.);
#8910=ORIENTED_EDGE('',*,*,#6339,.F.);
#8911=ORIENTED_EDGE('',*,*,#8676,.T.);
#8913=ORIENTED_EDGE('',*,*,#8912,.T.);
#8915=ORIENTED_EDGE('',*,*,#8914,.F.);
#8916=ORIENTED_EDGE('',*,*,#8889,.T.);
#8917=EDGE_LOOP('',(#8905,#8907,#8909,#8910,#8911,#8913,#8915,#8916));
#8918=FACE_OUTER_BOUND('',#8917,.F.);
#8919=ADVANCED_FACE('',(#8918),#8904,.T.);
#8920=CARTESIAN_POINT('',(-1.75E0,4.E-1,1.E0));
#8921=DIRECTION('',(0.E0,-1.E0,0.E0));
#8922=DIRECTION('',(1.E0,0.E0,0.E0));
#8923=AXIS2_PLACEMENT_3D('',#8920,#8921,#8922);
#8924=PLANE('',#8923);
#8925=ORIENTED_EDGE('',*,*,#8742,.T.);
#8927=ORIENTED_EDGE('',*,*,#8926,.F.);
#8929=ORIENTED_EDGE('',*,*,#8928,.F.);
#8930=ORIENTED_EDGE('',*,*,#8906,.T.);
#8931=EDGE_LOOP('',(#8925,#8927,#8929,#8930));
#8932=FACE_OUTER_BOUND('',#8931,.F.);
#8933=ADVANCED_FACE('',(#8932),#8924,.F.);
#8934=CARTESIAN_POINT('',(-1.75E0,0.E0,3.5E-1));
#8935=DIRECTION('',(0.E0,0.E0,1.E0));
#8936=DIRECTION('',(1.E0,0.E0,0.E0));
#8937=AXIS2_PLACEMENT_3D('',#8934,#8935,#8936);
#8938=PLANE('',#8937);
#8939=ORIENTED_EDGE('',*,*,#8740,.T.);
#8940=ORIENTED_EDGE('',*,*,#8893,.F.);
#8942=ORIENTED_EDGE('',*,*,#8941,.T.);
#8944=ORIENTED_EDGE('',*,*,#8943,.F.);
#8945=ORIENTED_EDGE('',*,*,#8672,.F.);
#8946=ORIENTED_EDGE('',*,*,#6343,.F.);
#8948=ORIENTED_EDGE('',*,*,#8947,.T.);
#8949=ORIENTED_EDGE('',*,*,#8926,.T.);
#8950=EDGE_LOOP('',(#8939,#8940,#8942,#8944,#8945,#8946,#8948,#8949));
#8951=FACE_OUTER_BOUND('',#8950,.F.);
#8952=ADVANCED_FACE('',(#8951),#8938,.T.);
#8953=CARTESIAN_POINT('',(-1.55E0,4.E-1,1.E0));
#8954=DIRECTION('',(-1.E0,0.E0,0.E0));
#8955=DIRECTION('',(0.E0,-1.E0,0.E0));
#8956=AXIS2_PLACEMENT_3D('',#8953,#8954,#8955);
#8957=PLANE('',#8956);
#8958=ORIENTED_EDGE('',*,*,#8891,.F.);
#8959=ORIENTED_EDGE('',*,*,#8914,.T.);
#8961=ORIENTED_EDGE('',*,*,#8960,.F.);
#8962=ORIENTED_EDGE('',*,*,#8941,.F.);
#8963=EDGE_LOOP('',(#8958,#8959,#8961,#8962));
#8964=FACE_OUTER_BOUND('',#8963,.F.);
#8965=ADVANCED_FACE('',(#8964),#8957,.F.);
#8966=CARTESIAN_POINT('',(-1.55E0,2.6E-1,1.E0));
#8967=DIRECTION('',(0.E0,-1.E0,0.E0));
#8968=DIRECTION('',(1.E0,0.E0,0.E0));
#8969=AXIS2_PLACEMENT_3D('',#8966,#8967,#8968);
#8970=PLANE('',#8969);
#8971=ORIENTED_EDGE('',*,*,#8912,.F.);
#8972=ORIENTED_EDGE('',*,*,#8674,.F.);
#8973=ORIENTED_EDGE('',*,*,#8943,.T.);
#8974=ORIENTED_EDGE('',*,*,#8960,.T.);
#8975=EDGE_LOOP('',(#8971,#8972,#8973,#8974));
#8976=FACE_OUTER_BOUND('',#8975,.F.);
#8977=ADVANCED_FACE('',(#8976),#8970,.F.);
#8978=CARTESIAN_POINT('',(-1.75E0,0.E0,-3.5E-1));
#8979=DIRECTION('',(-1.E0,0.E0,0.E0));
#8980=DIRECTION('',(0.E0,0.E0,1.E0));
#8981=AXIS2_PLACEMENT_3D('',#8978,#8979,#8980);
#8982=PLANE('',#8981);
#8983=ORIENTED_EDGE('',*,*,#8928,.T.);
#8984=ORIENTED_EDGE('',*,*,#8947,.F.);
#8985=ORIENTED_EDGE('',*,*,#6341,.F.);
#8986=ORIENTED_EDGE('',*,*,#8908,.T.);
#8987=EDGE_LOOP('',(#8983,#8984,#8985,#8986));
#8988=FACE_OUTER_BOUND('',#8987,.F.);
#8989=ADVANCED_FACE('',(#8988),#8982,.T.);
#8990=CARTESIAN_POINT('',(-1.63E0,1.E-1,-5.95E-1));
#8991=DIRECTION('',(0.E0,0.E0,-1.E0));
#8992=DIRECTION('',(-1.E0,0.E0,0.E0));
#8993=AXIS2_PLACEMENT_3D('',#8990,#8991,#8992);
#8994=CYLINDRICAL_SURFACE('',#8993,4.E-2);
#8995=ORIENTED_EDGE('',*,*,#7721,.T.);
#8996=ORIENTED_EDGE('',*,*,#8749,.T.);
#8997=ORIENTED_EDGE('',*,*,#7645,.F.);
#8999=ORIENTED_EDGE('',*,*,#8998,.F.);
#9000=EDGE_LOOP('',(#8995,#8996,#8997,#8999));
#9001=FACE_OUTER_BOUND('',#9000,.F.);
#9002=ADVANCED_FACE('',(#9001),#8994,.F.);
#9003=CARTESIAN_POINT('',(-1.73E0,6.E-2,-5.95E-1));
#9004=DIRECTION('',(0.E0,1.E0,0.E0));
#9005=DIRECTION('',(1.E0,0.E0,0.E0));
#9006=AXIS2_PLACEMENT_3D('',#9003,#9004,#9005);
#9007=PLANE('',#9006);
#9008=ORIENTED_EDGE('',*,*,#7723,.T.);
#9009=ORIENTED_EDGE('',*,*,#8998,.T.);
#9010=ORIENTED_EDGE('',*,*,#7643,.F.);
#9012=ORIENTED_EDGE('',*,*,#9011,.F.);
#9013=EDGE_LOOP('',(#9008,#9009,#9010,#9012));
#9014=FACE_OUTER_BOUND('',#9013,.F.);
#9015=ADVANCED_FACE('',(#9014),#9007,.T.);
#9016=CARTESIAN_POINT('',(-1.73E0,0.E0,-5.95E-1));
#9017=DIRECTION('',(-1.E0,0.E0,0.E0));
#9018=DIRECTION('',(0.E0,1.E0,0.E0));
#9019=AXIS2_PLACEMENT_3D('',#9016,#9017,#9018);
#9020=PLANE('',#9019);
#9021=ORIENTED_EDGE('',*,*,#7725,.T.);
#9022=ORIENTED_EDGE('',*,*,#9011,.T.);
#9023=ORIENTED_EDGE('',*,*,#7641,.F.);
#9025=ORIENTED_EDGE('',*,*,#9024,.F.);
#9026=EDGE_LOOP('',(#9021,#9022,#9023,#9025));
#9027=FACE_OUTER_BOUND('',#9026,.F.);
#9028=ADVANCED_FACE('',(#9027),#9020,.T.);
#9029=CARTESIAN_POINT('',(-1.69E0,0.E0,-5.95E-1));
#9030=DIRECTION('',(0.E0,-1.E0,0.E0));
#9031=DIRECTION('',(-1.E0,0.E0,0.E0));
#9032=AXIS2_PLACEMENT_3D('',#9029,#9030,#9031);
#9033=PLANE('',#9032);
#9034=ORIENTED_EDGE('',*,*,#7727,.T.);
#9035=ORIENTED_EDGE('',*,*,#9024,.T.);
#9036=ORIENTED_EDGE('',*,*,#7639,.F.);
#9038=ORIENTED_EDGE('',*,*,#9037,.F.);
#9039=EDGE_LOOP('',(#9034,#9035,#9036,#9038));
#9040=FACE_OUTER_BOUND('',#9039,.F.);
#9041=ADVANCED_FACE('',(#9040),#9033,.T.);
#9042=CARTESIAN_POINT('',(-1.67E0,-2.E-2,-5.95E-1));
#9043=DIRECTION('',(-7.071067811865E-1,-7.071067811865E-1,0.E0));
#9044=DIRECTION('',(-7.071067811865E-1,7.071067811865E-1,0.E0));
#9045=AXIS2_PLACEMENT_3D('',#9042,#9043,#9044);
#9046=PLANE('',#9045);
#9047=ORIENTED_EDGE('',*,*,#7729,.T.);
#9048=ORIENTED_EDGE('',*,*,#9037,.T.);
#9049=ORIENTED_EDGE('',*,*,#7637,.F.);
#9051=ORIENTED_EDGE('',*,*,#9050,.F.);
#9052=EDGE_LOOP('',(#9047,#9048,#9049,#9051));
#9053=FACE_OUTER_BOUND('',#9052,.F.);
#9054=ADVANCED_FACE('',(#9053),#9046,.T.);
#9055=CARTESIAN_POINT('',(-1.63E0,-2.E-2,-5.95E-1));
#9056=DIRECTION('',(0.E0,-1.E0,0.E0));
#9057=DIRECTION('',(-1.E0,0.E0,0.E0));
#9058=AXIS2_PLACEMENT_3D('',#9055,#9056,#9057);
#9059=PLANE('',#9058);
#9060=ORIENTED_EDGE('',*,*,#7731,.T.);
#9061=ORIENTED_EDGE('',*,*,#9050,.T.);
#9062=ORIENTED_EDGE('',*,*,#7635,.F.);
#9064=ORIENTED_EDGE('',*,*,#9063,.F.);
#9065=EDGE_LOOP('',(#9060,#9061,#9062,#9064));
#9066=FACE_OUTER_BOUND('',#9065,.F.);
#9067=ADVANCED_FACE('',(#9066),#9059,.T.);
#9068=CARTESIAN_POINT('',(-1.63E0,1.E-1,-5.95E-1));
#9069=DIRECTION('',(0.E0,0.E0,-1.E0));
#9070=DIRECTION('',(-1.E0,0.E0,0.E0));
#9071=AXIS2_PLACEMENT_3D('',#9068,#9069,#9070);
#9072=CYLINDRICAL_SURFACE('',#9071,1.2E-1);
#9073=ORIENTED_EDGE('',*,*,#7733,.T.);
#9074=ORIENTED_EDGE('',*,*,#9063,.T.);
#9075=ORIENTED_EDGE('',*,*,#7633,.F.);
#9077=ORIENTED_EDGE('',*,*,#9076,.F.);
#9078=EDGE_LOOP('',(#9073,#9074,#9075,#9077));
#9079=FACE_OUTER_BOUND('',#9078,.F.);
#9080=ADVANCED_FACE('',(#9079),#9072,.T.);
#9081=CARTESIAN_POINT('',(-1.51E0,1.5E-1,-5.95E-1));
#9082=DIRECTION('',(1.E0,0.E0,0.E0));
#9083=DIRECTION('',(0.E0,-1.E0,0.E0));
#9084=AXIS2_PLACEMENT_3D('',#9081,#9082,#9083);
#9085=PLANE('',#9084);
#9087=ORIENTED_EDGE('',*,*,#9086,.F.);
#9088=ORIENTED_EDGE('',*,*,#7735,.T.);
#9089=ORIENTED_EDGE('',*,*,#9076,.T.);
#9090=ORIENTED_EDGE('',*,*,#7631,.F.);
#9091=EDGE_LOOP('',(#9087,#9088,#9089,#9090));
#9092=FACE_OUTER_BOUND('',#9091,.F.);
#9093=ADVANCED_FACE('',(#9092),#9085,.T.);
#9094=CARTESIAN_POINT('',(-1.5E0,1.5E-1,-5.95E-1));
#9095=DIRECTION('',(0.E0,-1.E0,0.E0));
#9096=DIRECTION('',(0.E0,0.E0,1.E0));
#9097=AXIS2_PLACEMENT_3D('',#9094,#9095,#9096);
#9098=PLANE('',#9097);
#9099=ORIENTED_EDGE('',*,*,#9086,.T.);
#9100=ORIENTED_EDGE('',*,*,#7629,.F.);
#9101=ORIENTED_EDGE('',*,*,#8686,.F.);
#9102=ORIENTED_EDGE('',*,*,#7737,.T.);
#9103=EDGE_LOOP('',(#9099,#9100,#9101,#9102));
#9104=FACE_OUTER_BOUND('',#9103,.F.);
#9105=ADVANCED_FACE('',(#9104),#9098,.T.);
#9106=CARTESIAN_POINT('',(-1.5E0,2.5E-1,-8.9E-1));
#9107=DIRECTION('',(0.E0,-1.E0,0.E0));
#9108=DIRECTION('',(0.E0,0.E0,1.E0));
#9109=AXIS2_PLACEMENT_3D('',#9106,#9107,#9108);
#9110=PLANE('',#9109);
#9112=ORIENTED_EDGE('',*,*,#9111,.F.);
#9113=ORIENTED_EDGE('',*,*,#8752,.F.);
#9114=ORIENTED_EDGE('',*,*,#7741,.F.);
#9115=ORIENTED_EDGE('',*,*,#8683,.F.);
#9117=ORIENTED_EDGE('',*,*,#9116,.T.);
#9119=ORIENTED_EDGE('',*,*,#9118,.T.);
#9120=ORIENTED_EDGE('',*,*,#7093,.T.);
#9121=EDGE_LOOP('',(#9112,#9113,#9114,#9115,#9117,#9119,#9120));
#9122=FACE_OUTER_BOUND('',#9121,.F.);
#9123=ADVANCED_FACE('',(#9122),#9110,.T.);
#9124=CARTESIAN_POINT('',(-1.47E0,-7.76088E-1,-8.5E-1));
#9125=DIRECTION('',(0.E0,1.E0,0.E0));
#9126=DIRECTION('',(0.E0,0.E0,-1.E0));
#9127=AXIS2_PLACEMENT_3D('',#9124,#9125,#9126);
#9128=CYLINDRICAL_SURFACE('',#9127,1.2E-1);
#9129=ORIENTED_EDGE('',*,*,#6676,.T.);
#9130=ORIENTED_EDGE('',*,*,#8754,.F.);
#9131=ORIENTED_EDGE('',*,*,#9111,.T.);
#9132=ORIENTED_EDGE('',*,*,#7091,.T.);
#9133=EDGE_LOOP('',(#9129,#9130,#9131,#9132));
#9134=FACE_OUTER_BOUND('',#9133,.F.);
#9135=ADVANCED_FACE('',(#9134),#9128,.T.);
#9136=CARTESIAN_POINT('',(-5.9E-1,0.E0,-8.8E-1));
#9137=DIRECTION('',(0.E0,0.E0,-1.E0));
#9138=DIRECTION('',(-1.E0,0.E0,0.E0));
#9139=AXIS2_PLACEMENT_3D('',#9136,#9137,#9138);
#9140=PLANE('',#9139);
#9141=ORIENTED_EDGE('',*,*,#6457,.T.);
#9143=ORIENTED_EDGE('',*,*,#9142,.T.);
#9145=ORIENTED_EDGE('',*,*,#9144,.T.);
#9146=ORIENTED_EDGE('',*,*,#9116,.F.);
#9147=ORIENTED_EDGE('',*,*,#8681,.F.);
#9148=ORIENTED_EDGE('',*,*,#8563,.T.);
#9150=ORIENTED_EDGE('',*,*,#9149,.F.);
#9151=ORIENTED_EDGE('',*,*,#6325,.T.);
#9153=ORIENTED_EDGE('',*,*,#9152,.T.);
#9155=ORIENTED_EDGE('',*,*,#9154,.T.);
#9157=ORIENTED_EDGE('',*,*,#9156,.T.);
#9159=ORIENTED_EDGE('',*,*,#9158,.T.);
#9160=EDGE_LOOP('',(#9141,#9143,#9145,#9146,#9147,#9148,#9150,#9151,#9153,#9155,
#9157,#9159));
#9161=FACE_OUTER_BOUND('',#9160,.F.);
#9162=ADVANCED_FACE('',(#9161),#9140,.T.);
#9163=CARTESIAN_POINT('',(-5.9E-1,0.E0,-8.8E-1));
#9164=DIRECTION('',(0.E0,0.E0,-1.E0));
#9165=DIRECTION('',(-1.E0,0.E0,0.E0));
#9166=AXIS2_PLACEMENT_3D('',#9163,#9164,#9165);
#9167=PLANE('',#9166);
#9168=ORIENTED_EDGE('',*,*,#6623,.T.);
#9170=ORIENTED_EDGE('',*,*,#9169,.T.);
#9171=ORIENTED_EDGE('',*,*,#7032,.T.);
#9173=ORIENTED_EDGE('',*,*,#9172,.T.);
#9175=ORIENTED_EDGE('',*,*,#9174,.T.);
#9176=ORIENTED_EDGE('',*,*,#6546,.F.);
#9178=ORIENTED_EDGE('',*,*,#9177,.T.);
#9180=ORIENTED_EDGE('',*,*,#9179,.F.);
#9181=EDGE_LOOP('',(#9168,#9170,#9171,#9173,#9175,#9176,#9178,#9180));
#9182=FACE_OUTER_BOUND('',#9181,.F.);
#9183=ADVANCED_FACE('',(#9182),#9167,.T.);
#9184=CARTESIAN_POINT('',(-6.3E-1,6.E-2,-8.8E-1));
#9185=DIRECTION('',(0.E0,-1.E0,0.E0));
#9186=DIRECTION('',(-1.E0,0.E0,0.E0));
#9187=AXIS2_PLACEMENT_3D('',#9184,#9185,#9186);
#9188=PLANE('',#9187);
#9189=ORIENTED_EDGE('',*,*,#9142,.F.);
#9190=ORIENTED_EDGE('',*,*,#6455,.T.);
#9191=ORIENTED_EDGE('',*,*,#7097,.T.);
#9193=ORIENTED_EDGE('',*,*,#9192,.F.);
#9194=EDGE_LOOP('',(#9189,#9190,#9191,#9193));
#9195=FACE_OUTER_BOUND('',#9194,.F.);
#9196=ADVANCED_FACE('',(#9195),#9188,.T.);
#9197=CARTESIAN_POINT('',(-1.015E0,6.E-2,-8.8E-1));
#9198=DIRECTION('',(-7.071067811865E-1,-7.071067811865E-1,0.E0));
#9199=DIRECTION('',(-7.071067811865E-1,7.071067811865E-1,0.E0));
#9200=AXIS2_PLACEMENT_3D('',#9197,#9198,#9199);
#9201=PLANE('',#9200);
#9202=ORIENTED_EDGE('',*,*,#9144,.F.);
#9203=ORIENTED_EDGE('',*,*,#9192,.T.);
#9204=ORIENTED_EDGE('',*,*,#7095,.T.);
#9205=ORIENTED_EDGE('',*,*,#9118,.F.);
#9206=EDGE_LOOP('',(#9202,#9203,#9204,#9205));
#9207=FACE_OUTER_BOUND('',#9206,.F.);
#9208=ADVANCED_FACE('',(#9207),#9201,.T.);
#9209=CARTESIAN_POINT('',(-1.235E0,0.E0,-8.8E-1));
#9210=DIRECTION('',(1.E0,0.E0,0.E0));
#9211=DIRECTION('',(0.E0,0.E0,-1.E0));
#9212=AXIS2_PLACEMENT_3D('',#9209,#9210,#9211);
#9213=PLANE('',#9212);
#9214=ORIENTED_EDGE('',*,*,#8561,.T.);
#9216=ORIENTED_EDGE('',*,*,#9215,.F.);
#9217=ORIENTED_EDGE('',*,*,#6327,.F.);
#9218=ORIENTED_EDGE('',*,*,#9149,.T.);
#9219=EDGE_LOOP('',(#9214,#9216,#9217,#9218));
#9220=FACE_OUTER_BOUND('',#9219,.F.);
#9221=ADVANCED_FACE('',(#9220),#9213,.T.);
#9222=CARTESIAN_POINT('',(-1.235E0,0.E0,-1.E0));
#9223=DIRECTION('',(0.E0,0.E0,-1.E0));
#9224=DIRECTION('',(-1.E0,0.E0,0.E0));
#9225=AXIS2_PLACEMENT_3D('',#9222,#9223,#9224);
#9226=PLANE('',#9225);
#9227=ORIENTED_EDGE('',*,*,#8559,.T.);
#9229=ORIENTED_EDGE('',*,*,#9228,.F.);
#9230=ORIENTED_EDGE('',*,*,#6329,.F.);
#9231=ORIENTED_EDGE('',*,*,#9215,.T.);
#9232=EDGE_LOOP('',(#9227,#9229,#9230,#9231));
#9233=FACE_OUTER_BOUND('',#9232,.F.);
#9234=ADVANCED_FACE('',(#9233),#9226,.T.);
#9235=CARTESIAN_POINT('',(-1.55E0,0.E0,-8.E-1));
#9236=DIRECTION('',(0.E0,1.E0,0.E0));
#9237=DIRECTION('',(1.E0,0.E0,0.E0));
#9238=AXIS2_PLACEMENT_3D('',#9235,#9236,#9237);
#9239=CYLINDRICAL_SURFACE('',#9238,2.E-1);
#9240=ORIENTED_EDGE('',*,*,#8557,.T.);
#9241=ORIENTED_EDGE('',*,*,#8642,.F.);
#9242=ORIENTED_EDGE('',*,*,#6331,.F.);
#9243=ORIENTED_EDGE('',*,*,#9228,.T.);
#9244=EDGE_LOOP('',(#9240,#9241,#9242,#9243));
#9245=FACE_OUTER_BOUND('',#9244,.F.);
#9246=ADVANCED_FACE('',(#9245),#9239,.T.);
#9247=CARTESIAN_POINT('',(-5.25E-1,0.E0,-7.55E-1));
#9248=DIRECTION('',(-1.E0,0.E0,0.E0));
#9249=DIRECTION('',(0.E0,0.E0,-1.E0));
#9250=AXIS2_PLACEMENT_3D('',#9247,#9248,#9249);
#9251=PLANE('',#9250);
#9252=ORIENTED_EDGE('',*,*,#6323,.F.);
#9254=ORIENTED_EDGE('',*,*,#9253,.T.);
#9256=ORIENTED_EDGE('',*,*,#9255,.T.);
#9257=ORIENTED_EDGE('',*,*,#9152,.F.);
#9258=EDGE_LOOP('',(#9252,#9254,#9256,#9257));
#9259=FACE_OUTER_BOUND('',#9258,.F.);
#9260=ADVANCED_FACE('',(#9259),#9251,.F.);
#9261=CARTESIAN_POINT('',(5.25E-1,0.E0,-7.55E-1));
#9262=DIRECTION('',(0.E0,0.E0,1.E0));
#9263=DIRECTION('',(-1.E0,0.E0,0.E0));
#9264=AXIS2_PLACEMENT_3D('',#9261,#9262,#9263);
#9265=PLANE('',#9264);
#9266=ORIENTED_EDGE('',*,*,#6321,.F.);
#9268=ORIENTED_EDGE('',*,*,#9267,.T.);
#9270=ORIENTED_EDGE('',*,*,#9269,.T.);
#9271=ORIENTED_EDGE('',*,*,#9253,.F.);
#9272=EDGE_LOOP('',(#9266,#9268,#9270,#9271));
#9273=FACE_OUTER_BOUND('',#9272,.F.);
#9274=ADVANCED_FACE('',(#9273),#9265,.F.);
#9275=CARTESIAN_POINT('',(5.25E-1,0.E0,-8.8E-1));
#9276=DIRECTION('',(1.E0,0.E0,0.E0));
#9277=DIRECTION('',(0.E0,0.E0,1.E0));
#9278=AXIS2_PLACEMENT_3D('',#9275,#9276,#9277);
#9279=PLANE('',#9278);
#9280=ORIENTED_EDGE('',*,*,#6319,.F.);
#9281=ORIENTED_EDGE('',*,*,#7804,.T.);
#9283=ORIENTED_EDGE('',*,*,#9282,.T.);
#9284=ORIENTED_EDGE('',*,*,#9267,.F.);
#9285=EDGE_LOOP('',(#9280,#9281,#9283,#9284));
#9286=FACE_OUTER_BOUND('',#9285,.F.);
#9287=ADVANCED_FACE('',(#9286),#9279,.F.);
#9288=CARTESIAN_POINT('',(0.E0,1.E-1,0.E0));
#9289=DIRECTION('',(0.E0,-1.E0,0.E0));
#9290=DIRECTION('',(1.E0,0.E0,0.E0));
#9291=AXIS2_PLACEMENT_3D('',#9288,#9289,#9290);
#9292=PLANE('',#9291);
#9294=ORIENTED_EDGE('',*,*,#9293,.T.);
#9295=ORIENTED_EDGE('',*,*,#9154,.F.);
#9296=ORIENTED_EDGE('',*,*,#9255,.F.);
#9297=ORIENTED_EDGE('',*,*,#9269,.F.);
#9298=ORIENTED_EDGE('',*,*,#9282,.F.);
#9299=ORIENTED_EDGE('',*,*,#7802,.F.);
#9301=ORIENTED_EDGE('',*,*,#9300,.T.);
#9303=ORIENTED_EDGE('',*,*,#9302,.T.);
#9304=EDGE_LOOP('',(#9294,#9295,#9296,#9297,#9298,#9299,#9301,#9303));
#9305=FACE_OUTER_BOUND('',#9304,.F.);
#9307=ORIENTED_EDGE('',*,*,#9306,.T.);
#9309=ORIENTED_EDGE('',*,*,#9308,.F.);
#9311=ORIENTED_EDGE('',*,*,#9310,.F.);
#9313=ORIENTED_EDGE('',*,*,#9312,.F.);
#9314=EDGE_LOOP('',(#9307,#9309,#9311,#9313));
#9315=FACE_BOUND('',#9314,.F.);
#9317=ORIENTED_EDGE('',*,*,#9316,.T.);
#9319=ORIENTED_EDGE('',*,*,#9318,.F.);
#9321=ORIENTED_EDGE('',*,*,#9320,.F.);
#9323=ORIENTED_EDGE('',*,*,#9322,.F.);
#9324=EDGE_LOOP('',(#9317,#9319,#9321,#9323));
#9325=FACE_BOUND('',#9324,.F.);
#9327=ORIENTED_EDGE('',*,*,#9326,.T.);
#9329=ORIENTED_EDGE('',*,*,#9328,.F.);
#9331=ORIENTED_EDGE('',*,*,#9330,.F.);
#9333=ORIENTED_EDGE('',*,*,#9332,.F.);
#9334=EDGE_LOOP('',(#9327,#9329,#9331,#9333));
#9335=FACE_BOUND('',#9334,.F.);
#9336=ADVANCED_FACE('',(#9305,#9315,#9325,#9335),#9292,.T.);
#9337=CARTESIAN_POINT('',(0.E0,1.E-1,0.E0));
#9338=DIRECTION('',(0.E0,-1.E0,0.E0));
#9339=DIRECTION('',(1.E0,0.E0,0.E0));
#9340=AXIS2_PLACEMENT_3D('',#9337,#9338,#9339);
#9341=PLANE('',#9340);
#9343=ORIENTED_EDGE('',*,*,#9342,.T.);
#9345=ORIENTED_EDGE('',*,*,#9344,.T.);
#9347=ORIENTED_EDGE('',*,*,#9346,.T.);
#9348=ORIENTED_EDGE('',*,*,#8271,.F.);
#9350=ORIENTED_EDGE('',*,*,#9349,.F.);
#9352=ORIENTED_EDGE('',*,*,#9351,.F.);
#9354=ORIENTED_EDGE('',*,*,#9353,.F.);
#9355=ORIENTED_EDGE('',*,*,#6371,.F.);
#9356=EDGE_LOOP('',(#9343,#9345,#9347,#9348,#9350,#9352,#9354,#9355));
#9357=FACE_OUTER_BOUND('',#9356,.F.);
#9359=ORIENTED_EDGE('',*,*,#9358,.T.);
#9361=ORIENTED_EDGE('',*,*,#9360,.F.);
#9363=ORIENTED_EDGE('',*,*,#9362,.F.);
#9365=ORIENTED_EDGE('',*,*,#9364,.F.);
#9366=EDGE_LOOP('',(#9359,#9361,#9363,#9365));
#9367=FACE_BOUND('',#9366,.F.);
#9369=ORIENTED_EDGE('',*,*,#9368,.T.);
#9371=ORIENTED_EDGE('',*,*,#9370,.F.);
#9373=ORIENTED_EDGE('',*,*,#9372,.F.);
#9375=ORIENTED_EDGE('',*,*,#9374,.F.);
#9376=EDGE_LOOP('',(#9369,#9371,#9373,#9375));
#9377=FACE_BOUND('',#9376,.F.);
#9379=ORIENTED_EDGE('',*,*,#9378,.T.);
#9381=ORIENTED_EDGE('',*,*,#9380,.F.);
#9383=ORIENTED_EDGE('',*,*,#9382,.F.);
#9385=ORIENTED_EDGE('',*,*,#9384,.F.);
#9386=EDGE_LOOP('',(#9379,#9381,#9383,#9385));
#9387=FACE_BOUND('',#9386,.F.);
#9388=ADVANCED_FACE('',(#9357,#9367,#9377,#9387),#9341,.T.);
#9389=CARTESIAN_POINT('',(-5.9E-1,0.E0,8.8E-1));
#9390=DIRECTION('',(-1.E0,0.E0,0.E0));
#9391=DIRECTION('',(0.E0,0.E0,1.E0));
#9392=AXIS2_PLACEMENT_3D('',#9389,#9390,#9391);
#9393=PLANE('',#9392);
#9394=ORIENTED_EDGE('',*,*,#9293,.F.);
#9396=ORIENTED_EDGE('',*,*,#9395,.T.);
#9398=ORIENTED_EDGE('',*,*,#9397,.T.);
#9400=ORIENTED_EDGE('',*,*,#9399,.T.);
#9402=ORIENTED_EDGE('',*,*,#9401,.T.);
#9404=ORIENTED_EDGE('',*,*,#9403,.F.);
#9406=ORIENTED_EDGE('',*,*,#9405,.T.);
#9407=ORIENTED_EDGE('',*,*,#9156,.F.);
#9408=EDGE_LOOP('',(#9394,#9396,#9398,#9400,#9402,#9404,#9406,#9407));
#9409=FACE_OUTER_BOUND('',#9408,.F.);
#9410=ADVANCED_FACE('',(#9409),#9393,.T.);
#9411=CARTESIAN_POINT('',(-5.9E-1,0.E0,8.8E-1));
#9412=DIRECTION('',(-1.E0,0.E0,0.E0));
#9413=DIRECTION('',(0.E0,0.E0,1.E0));
#9414=AXIS2_PLACEMENT_3D('',#9411,#9412,#9413);
#9415=PLANE('',#9414);
#9416=ORIENTED_EDGE('',*,*,#9342,.F.);
#9417=ORIENTED_EDGE('',*,*,#6369,.T.);
#9419=ORIENTED_EDGE('',*,*,#9418,.T.);
#9421=ORIENTED_EDGE('',*,*,#9420,.T.);
#9423=ORIENTED_EDGE('',*,*,#9422,.T.);
#9425=ORIENTED_EDGE('',*,*,#9424,.T.);
#9427=ORIENTED_EDGE('',*,*,#9426,.T.);
#9429=ORIENTED_EDGE('',*,*,#9428,.F.);
#9430=EDGE_LOOP('',(#9416,#9417,#9419,#9421,#9423,#9425,#9427,#9429));
#9431=FACE_OUTER_BOUND('',#9430,.F.);
#9432=ADVANCED_FACE('',(#9431),#9415,.T.);
#9433=CARTESIAN_POINT('',(5.9E-1,0.E0,-1.E0));
#9434=DIRECTION('',(0.E0,0.E0,-1.E0));
#9435=DIRECTION('',(-1.E0,0.E0,0.E0));
#9436=AXIS2_PLACEMENT_3D('',#9433,#9434,#9435);
#9437=PLANE('',#9436);
#9438=ORIENTED_EDGE('',*,*,#9302,.F.);
#9440=ORIENTED_EDGE('',*,*,#9439,.T.);
#9442=ORIENTED_EDGE('',*,*,#9441,.T.);
#9443=ORIENTED_EDGE('',*,*,#9395,.F.);
#9444=EDGE_LOOP('',(#9438,#9440,#9442,#9443));
#9445=FACE_OUTER_BOUND('',#9444,.F.);
#9446=ADVANCED_FACE('',(#9445),#9437,.T.);
#9447=CARTESIAN_POINT('',(5.9E-1,0.E0,1.E0));
#9448=DIRECTION('',(1.E0,0.E0,0.E0));
#9449=DIRECTION('',(0.E0,0.E0,-1.E0));
#9450=AXIS2_PLACEMENT_3D('',#9447,#9448,#9449);
#9451=PLANE('',#9450);
#9452=ORIENTED_EDGE('',*,*,#9346,.F.);
#9454=ORIENTED_EDGE('',*,*,#9453,.T.);
#9456=ORIENTED_EDGE('',*,*,#9455,.T.);
#9458=ORIENTED_EDGE('',*,*,#9457,.T.);
#9460=ORIENTED_EDGE('',*,*,#9459,.T.);
#9461=ORIENTED_EDGE('',*,*,#8010,.F.);
#9462=ORIENTED_EDGE('',*,*,#8050,.F.);
#9463=ORIENTED_EDGE('',*,*,#8273,.F.);
#9464=EDGE_LOOP('',(#9452,#9454,#9456,#9458,#9460,#9461,#9462,#9463));
#9465=FACE_OUTER_BOUND('',#9464,.F.);
#9466=ADVANCED_FACE('',(#9465),#9451,.T.);
#9467=CARTESIAN_POINT('',(5.9E-1,0.E0,1.E0));
#9468=DIRECTION('',(1.E0,0.E0,0.E0));
#9469=DIRECTION('',(0.E0,0.E0,-1.E0));
#9470=AXIS2_PLACEMENT_3D('',#9467,#9468,#9469);
#9471=PLANE('',#9470);
#9472=ORIENTED_EDGE('',*,*,#9300,.F.);
#9473=ORIENTED_EDGE('',*,*,#7800,.T.);
#9474=ORIENTED_EDGE('',*,*,#8036,.F.);
#9475=ORIENTED_EDGE('',*,*,#8109,.T.);
#9477=ORIENTED_EDGE('',*,*,#9476,.T.);
#9479=ORIENTED_EDGE('',*,*,#9478,.T.);
#9481=ORIENTED_EDGE('',*,*,#9480,.T.);
#9482=ORIENTED_EDGE('',*,*,#9439,.F.);
#9483=EDGE_LOOP('',(#9472,#9473,#9474,#9475,#9477,#9479,#9481,#9482));
#9484=FACE_OUTER_BOUND('',#9483,.F.);
#9485=ADVANCED_FACE('',(#9484),#9471,.T.);
#9486=CARTESIAN_POINT('',(-5.9E-1,0.E0,1.E0));
#9487=DIRECTION('',(0.E0,0.E0,1.E0));
#9488=DIRECTION('',(1.E0,0.E0,0.E0));
#9489=AXIS2_PLACEMENT_3D('',#9486,#9487,#9488);
#9490=PLANE('',#9489);
#9491=ORIENTED_EDGE('',*,*,#9344,.F.);
#9492=ORIENTED_EDGE('',*,*,#9428,.T.);
#9494=ORIENTED_EDGE('',*,*,#9493,.T.);
#9495=ORIENTED_EDGE('',*,*,#9453,.F.);
#9496=EDGE_LOOP('',(#9491,#9492,#9494,#9495));
#9497=FACE_OUTER_BOUND('',#9496,.F.);
#9498=ADVANCED_FACE('',(#9497),#9490,.T.);
#9499=CARTESIAN_POINT('',(0.E0,4.6E-1,0.E0));
#9500=DIRECTION('',(0.E0,1.E0,0.E0));
#9501=DIRECTION('',(1.E0,0.E0,0.E0));
#9502=AXIS2_PLACEMENT_3D('',#9499,#9500,#9501);
#9503=PLANE('',#9502);
#9505=ORIENTED_EDGE('',*,*,#9504,.T.);
#9506=ORIENTED_EDGE('',*,*,#9455,.F.);
#9507=ORIENTED_EDGE('',*,*,#9493,.F.);
#9508=ORIENTED_EDGE('',*,*,#9426,.F.);
#9509=EDGE_LOOP('',(#9505,#9506,#9507,#9508));
#9510=FACE_OUTER_BOUND('',#9509,.F.);
#9511=ADVANCED_FACE('',(#9510),#9503,.T.);
#9512=CARTESIAN_POINT('',(0.E0,4.6E-1,0.E0));
#9513=DIRECTION('',(0.E0,1.E0,0.E0));
#9514=DIRECTION('',(1.E0,0.E0,0.E0));
#9515=AXIS2_PLACEMENT_3D('',#9512,#9513,#9514);
#9516=PLANE('',#9515);
#9518=ORIENTED_EDGE('',*,*,#9517,.F.);
#9519=ORIENTED_EDGE('',*,*,#9397,.F.);
#9520=ORIENTED_EDGE('',*,*,#9441,.F.);
#9521=ORIENTED_EDGE('',*,*,#9480,.F.);
#9522=EDGE_LOOP('',(#9518,#9519,#9520,#9521));
#9523=FACE_OUTER_BOUND('',#9522,.F.);
#9524=ADVANCED_FACE('',(#9523),#9516,.T.);
#9525=CARTESIAN_POINT('',(-5.9E-1,4.6E-1,6.4E-1));
#9526=DIRECTION('',(0.E0,0.E0,1.E0));
#9527=DIRECTION('',(1.E0,0.E0,0.E0));
#9528=AXIS2_PLACEMENT_3D('',#9525,#9526,#9527);
#9529=PLANE('',#9528);
#9530=ORIENTED_EDGE('',*,*,#9504,.F.);
#9531=ORIENTED_EDGE('',*,*,#9424,.F.);
#9533=ORIENTED_EDGE('',*,*,#9532,.T.);
#9534=ORIENTED_EDGE('',*,*,#9457,.F.);
#9535=EDGE_LOOP('',(#9530,#9531,#9533,#9534));
#9536=FACE_OUTER_BOUND('',#9535,.F.);
#9538=ORIENTED_EDGE('',*,*,#9537,.T.);
#9540=ORIENTED_EDGE('',*,*,#9539,.T.);
#9542=ORIENTED_EDGE('',*,*,#9541,.F.);
#9544=ORIENTED_EDGE('',*,*,#9543,.F.);
#9545=EDGE_LOOP('',(#9538,#9540,#9542,#9544));
#9546=FACE_BOUND('',#9545,.F.);
#9548=ORIENTED_EDGE('',*,*,#9547,.T.);
#9550=ORIENTED_EDGE('',*,*,#9549,.T.);
#9552=ORIENTED_EDGE('',*,*,#9551,.F.);
#9554=ORIENTED_EDGE('',*,*,#9553,.F.);
#9555=EDGE_LOOP('',(#9548,#9550,#9552,#9554));
#9556=FACE_BOUND('',#9555,.F.);
#9558=ORIENTED_EDGE('',*,*,#9557,.T.);
#9560=ORIENTED_EDGE('',*,*,#9559,.T.);
#9562=ORIENTED_EDGE('',*,*,#9561,.F.);
#9564=ORIENTED_EDGE('',*,*,#9563,.F.);
#9565=EDGE_LOOP('',(#9558,#9560,#9562,#9564));
#9566=FACE_BOUND('',#9565,.F.);
#9567=ADVANCED_FACE('',(#9536,#9546,#9556,#9566),#9529,.F.);
#9568=CARTESIAN_POINT('',(0.E0,1.E-1,0.E0));
#9569=DIRECTION('',(0.E0,1.E0,0.E0));
#9570=DIRECTION('',(1.E0,0.E0,0.E0));
#9571=AXIS2_PLACEMENT_3D('',#9568,#9569,#9570);
#9572=PLANE('',#9571);
#9574=ORIENTED_EDGE('',*,*,#9573,.F.);
#9576=ORIENTED_EDGE('',*,*,#9575,.F.);
#9577=ORIENTED_EDGE('',*,*,#7379,.F.);
#9579=ORIENTED_EDGE('',*,*,#9578,.F.);
#9581=ORIENTED_EDGE('',*,*,#9580,.F.);
#9582=ORIENTED_EDGE('',*,*,#8012,.F.);
#9583=ORIENTED_EDGE('',*,*,#9459,.F.);
#9584=ORIENTED_EDGE('',*,*,#9532,.F.);
#9585=ORIENTED_EDGE('',*,*,#9422,.F.);
#9587=ORIENTED_EDGE('',*,*,#9586,.F.);
#9589=ORIENTED_EDGE('',*,*,#9588,.F.);
#9591=ORIENTED_EDGE('',*,*,#9590,.F.);
#9593=ORIENTED_EDGE('',*,*,#9592,.F.);
#9595=ORIENTED_EDGE('',*,*,#9594,.T.);
#9597=ORIENTED_EDGE('',*,*,#9596,.T.);
#9599=ORIENTED_EDGE('',*,*,#9598,.T.);
#9601=ORIENTED_EDGE('',*,*,#9600,.T.);
#9603=ORIENTED_EDGE('',*,*,#9602,.F.);
#9605=ORIENTED_EDGE('',*,*,#9604,.T.);
#9606=ORIENTED_EDGE('',*,*,#7412,.F.);
#9608=ORIENTED_EDGE('',*,*,#9607,.F.);
#9610=ORIENTED_EDGE('',*,*,#9609,.F.);
#9612=ORIENTED_EDGE('',*,*,#9611,.F.);
#9614=ORIENTED_EDGE('',*,*,#9613,.F.);
#9615=ORIENTED_EDGE('',*,*,#9401,.F.);
#9617=ORIENTED_EDGE('',*,*,#9616,.F.);
#9618=ORIENTED_EDGE('',*,*,#9476,.F.);
#9619=ORIENTED_EDGE('',*,*,#8107,.F.);
#9621=ORIENTED_EDGE('',*,*,#9620,.F.);
#9623=ORIENTED_EDGE('',*,*,#9622,.F.);
#9624=ORIENTED_EDGE('',*,*,#7354,.F.);
#9625=ORIENTED_EDGE('',*,*,#7395,.T.);
#9627=ORIENTED_EDGE('',*,*,#9626,.F.);
#9629=ORIENTED_EDGE('',*,*,#9628,.T.);
#9631=ORIENTED_EDGE('',*,*,#9630,.T.);
#9633=ORIENTED_EDGE('',*,*,#9632,.F.);
#9634=EDGE_LOOP('',(#9574,#9576,#9577,#9579,#9581,#9582,#9583,#9584,#9585,#9587,
#9589,#9591,#9593,#9595,#9597,#9599,#9601,#9603,#9605,#9606,#9608,#9610,#9612,
#9614,#9615,#9617,#9618,#9619,#9621,#9623,#9624,#9625,#9627,#9629,#9631,#9633));
#9635=FACE_OUTER_BOUND('',#9634,.F.);
#9637=ORIENTED_EDGE('',*,*,#9636,.F.);
#9639=ORIENTED_EDGE('',*,*,#9638,.T.);
#9641=ORIENTED_EDGE('',*,*,#9640,.T.);
#9643=ORIENTED_EDGE('',*,*,#9642,.F.);
#9644=EDGE_LOOP('',(#9637,#9639,#9641,#9643));
#9645=FACE_BOUND('',#9644,.F.);
#9646=ADVANCED_FACE('',(#9635,#9645),#9572,.T.);
#9647=CARTESIAN_POINT('',(0.E0,0.E0,-3.4E-1));
#9648=DIRECTION('',(0.E0,0.E0,1.E0));
#9649=DIRECTION('',(1.E0,0.E0,0.E0));
#9650=AXIS2_PLACEMENT_3D('',#9647,#9648,#9649);
#9651=PLANE('',#9650);
#9652=ORIENTED_EDGE('',*,*,#9636,.T.);
#9654=ORIENTED_EDGE('',*,*,#9653,.T.);
#9656=ORIENTED_EDGE('',*,*,#9655,.T.);
#9658=ORIENTED_EDGE('',*,*,#9657,.T.);
#9660=ORIENTED_EDGE('',*,*,#9659,.T.);
#9662=ORIENTED_EDGE('',*,*,#9661,.T.);
#9663=EDGE_LOOP('',(#9652,#9654,#9656,#9658,#9660,#9662));
#9664=FACE_OUTER_BOUND('',#9663,.F.);
#9666=ORIENTED_EDGE('',*,*,#9665,.T.);
#9668=ORIENTED_EDGE('',*,*,#9667,.T.);
#9670=ORIENTED_EDGE('',*,*,#9669,.F.);
#9672=ORIENTED_EDGE('',*,*,#9671,.F.);
#9673=EDGE_LOOP('',(#9666,#9668,#9670,#9672));
#9674=FACE_BOUND('',#9673,.F.);
#9676=ORIENTED_EDGE('',*,*,#9675,.T.);
#9678=ORIENTED_EDGE('',*,*,#9677,.T.);
#9680=ORIENTED_EDGE('',*,*,#9679,.F.);
#9682=ORIENTED_EDGE('',*,*,#9681,.F.);
#9683=EDGE_LOOP('',(#9676,#9678,#9680,#9682));
#9684=FACE_BOUND('',#9683,.F.);
#9686=ORIENTED_EDGE('',*,*,#9685,.T.);
#9688=ORIENTED_EDGE('',*,*,#9687,.T.);
#9690=ORIENTED_EDGE('',*,*,#9689,.F.);
#9692=ORIENTED_EDGE('',*,*,#9691,.F.);
#9693=EDGE_LOOP('',(#9686,#9688,#9690,#9692));
#9694=FACE_BOUND('',#9693,.F.);
#9695=ADVANCED_FACE('',(#9664,#9674,#9684,#9694),#9651,.F.);
#9696=CARTESIAN_POINT('',(8.E-1,0.E0,-3.4E-1));
#9697=DIRECTION('',(1.E0,0.E0,0.E0));
#9698=DIRECTION('',(0.E0,1.E0,0.E0));
#9699=AXIS2_PLACEMENT_3D('',#9696,#9697,#9698);
#9700=PLANE('',#9699);
#9701=ORIENTED_EDGE('',*,*,#9642,.T.);
#9703=ORIENTED_EDGE('',*,*,#9702,.T.);
#9705=ORIENTED_EDGE('',*,*,#9704,.F.);
#9706=ORIENTED_EDGE('',*,*,#9653,.F.);
#9707=EDGE_LOOP('',(#9701,#9703,#9705,#9706));
#9708=FACE_OUTER_BOUND('',#9707,.F.);
#9709=ADVANCED_FACE('',(#9708),#9700,.T.);
#9710=CARTESIAN_POINT('',(0.E0,0.E0,3.4E-1));
#9711=DIRECTION('',(0.E0,0.E0,1.E0));
#9712=DIRECTION('',(1.E0,0.E0,0.E0));
#9713=AXIS2_PLACEMENT_3D('',#9710,#9711,#9712);
#9714=PLANE('',#9713);
#9715=ORIENTED_EDGE('',*,*,#9640,.F.);
#9717=ORIENTED_EDGE('',*,*,#9716,.F.);
#9719=ORIENTED_EDGE('',*,*,#9718,.F.);
#9721=ORIENTED_EDGE('',*,*,#9720,.F.);
#9723=ORIENTED_EDGE('',*,*,#9722,.F.);
#9724=ORIENTED_EDGE('',*,*,#9702,.F.);
#9725=EDGE_LOOP('',(#9715,#9717,#9719,#9721,#9723,#9724));
#9726=FACE_OUTER_BOUND('',#9725,.F.);
#9728=ORIENTED_EDGE('',*,*,#9727,.F.);
#9730=ORIENTED_EDGE('',*,*,#9729,.T.);
#9732=ORIENTED_EDGE('',*,*,#9731,.T.);
#9734=ORIENTED_EDGE('',*,*,#9733,.F.);
#9735=EDGE_LOOP('',(#9728,#9730,#9732,#9734));
#9736=FACE_BOUND('',#9735,.F.);
#9738=ORIENTED_EDGE('',*,*,#9737,.F.);
#9740=ORIENTED_EDGE('',*,*,#9739,.T.);
#9742=ORIENTED_EDGE('',*,*,#9741,.T.);
#9744=ORIENTED_EDGE('',*,*,#9743,.F.);
#9745=EDGE_LOOP('',(#9738,#9740,#9742,#9744));
#9746=FACE_BOUND('',#9745,.F.);
#9748=ORIENTED_EDGE('',*,*,#9747,.F.);
#9750=ORIENTED_EDGE('',*,*,#9749,.T.);
#9752=ORIENTED_EDGE('',*,*,#9751,.T.);
#9754=ORIENTED_EDGE('',*,*,#9753,.F.);
#9755=EDGE_LOOP('',(#9748,#9750,#9752,#9754));
#9756=FACE_BOUND('',#9755,.F.);
#9757=ADVANCED_FACE('',(#9726,#9736,#9746,#9756),#9714,.T.);
#9758=CARTESIAN_POINT('',(-8.E-1,2.65E-1,-3.4E-1));
#9759=DIRECTION('',(-1.E0,0.E0,0.E0));
#9760=DIRECTION('',(0.E0,-1.E0,0.E0));
#9761=AXIS2_PLACEMENT_3D('',#9758,#9759,#9760);
#9762=PLANE('',#9761);
#9763=ORIENTED_EDGE('',*,*,#9638,.F.);
#9764=ORIENTED_EDGE('',*,*,#9661,.F.);
#9766=ORIENTED_EDGE('',*,*,#9765,.T.);
#9767=ORIENTED_EDGE('',*,*,#9716,.T.);
#9768=EDGE_LOOP('',(#9763,#9764,#9766,#9767));
#9769=FACE_OUTER_BOUND('',#9768,.F.);
#9770=ADVANCED_FACE('',(#9769),#9762,.T.);
#9771=CARTESIAN_POINT('',(-5.75E-1,4.6E-1,-3.4E-1));
#9772=DIRECTION('',(-6.549305384178E-1,7.556890827898E-1,0.E0));
#9773=DIRECTION('',(-7.556890827898E-1,-6.549305384178E-1,0.E0));
#9774=AXIS2_PLACEMENT_3D('',#9771,#9772,#9773);
#9775=PLANE('',#9774);
#9776=ORIENTED_EDGE('',*,*,#9659,.F.);
#9778=ORIENTED_EDGE('',*,*,#9777,.T.);
#9779=ORIENTED_EDGE('',*,*,#9718,.T.);
#9780=ORIENTED_EDGE('',*,*,#9765,.F.);
#9781=EDGE_LOOP('',(#9776,#9778,#9779,#9780));
#9782=FACE_OUTER_BOUND('',#9781,.F.);
#9783=ADVANCED_FACE('',(#9782),#9775,.T.);
#9784=CARTESIAN_POINT('',(5.75E-1,4.6E-1,-3.4E-1));
#9785=DIRECTION('',(0.E0,1.E0,0.E0));
#9786=DIRECTION('',(-1.E0,0.E0,0.E0));
#9787=AXIS2_PLACEMENT_3D('',#9784,#9785,#9786);
#9788=PLANE('',#9787);
#9789=ORIENTED_EDGE('',*,*,#9657,.F.);
#9791=ORIENTED_EDGE('',*,*,#9790,.T.);
#9792=ORIENTED_EDGE('',*,*,#9720,.T.);
#9793=ORIENTED_EDGE('',*,*,#9777,.F.);
#9794=EDGE_LOOP('',(#9789,#9791,#9792,#9793));
#9795=FACE_OUTER_BOUND('',#9794,.F.);
#9796=ADVANCED_FACE('',(#9795),#9788,.T.);
#9797=CARTESIAN_POINT('',(8.E-1,2.65E-1,-3.4E-1));
#9798=DIRECTION('',(6.549305384178E-1,7.556890827898E-1,0.E0));
#9799=DIRECTION('',(-7.556890827898E-1,6.549305384178E-1,0.E0));
#9800=AXIS2_PLACEMENT_3D('',#9797,#9798,#9799);
#9801=PLANE('',#9800);
#9802=ORIENTED_EDGE('',*,*,#9655,.F.);
#9803=ORIENTED_EDGE('',*,*,#9704,.T.);
#9804=ORIENTED_EDGE('',*,*,#9722,.T.);
#9805=ORIENTED_EDGE('',*,*,#9790,.F.);
#9806=EDGE_LOOP('',(#9802,#9803,#9804,#9805));
#9807=FACE_OUTER_BOUND('',#9806,.F.);
#9808=ADVANCED_FACE('',(#9807),#9801,.T.);
#9809=CARTESIAN_POINT('',(-4.4E-1,0.E0,0.E0));
#9810=DIRECTION('',(1.E0,0.E0,0.E0));
#9811=DIRECTION('',(0.E0,0.E0,-1.E0));
#9812=AXIS2_PLACEMENT_3D('',#9809,#9810,#9811);
#9813=PLANE('',#9812);
#9814=ORIENTED_EDGE('',*,*,#9665,.F.);
#9816=ORIENTED_EDGE('',*,*,#9815,.T.);
#9818=ORIENTED_EDGE('',*,*,#9817,.T.);
#9819=EDGE_LOOP('',(#9814,#9816,#9818));
#9820=FACE_OUTER_BOUND('',#9819,.F.);
#9821=ADVANCED_FACE('',(#9820),#9813,.F.);
#9822=CARTESIAN_POINT('',(-4.4E-1,0.E0,0.E0));
#9823=DIRECTION('',(1.E0,0.E0,0.E0));
#9824=DIRECTION('',(0.E0,0.E0,-1.E0));
#9825=AXIS2_PLACEMENT_3D('',#9822,#9823,#9824);
#9826=PLANE('',#9825);
#9827=ORIENTED_EDGE('',*,*,#9727,.T.);
#9829=ORIENTED_EDGE('',*,*,#9828,.T.);
#9831=ORIENTED_EDGE('',*,*,#9830,.T.);
#9832=EDGE_LOOP('',(#9827,#9829,#9831));
#9833=FACE_OUTER_BOUND('',#9832,.F.);
#9834=ADVANCED_FACE('',(#9833),#9826,.F.);
#9835=CARTESIAN_POINT('',(-4.4E-1,0.E0,0.E0));
#9836=DIRECTION('',(1.E0,0.E0,0.E0));
#9837=DIRECTION('',(0.E0,0.E0,-1.E0));
#9838=AXIS2_PLACEMENT_3D('',#9835,#9836,#9837);
#9839=PLANE('',#9838);
#9841=ORIENTED_EDGE('',*,*,#9840,.T.);
#9842=ORIENTED_EDGE('',*,*,#9537,.F.);
#9843=EDGE_LOOP('',(#9841,#9842));
#9844=FACE_OUTER_BOUND('',#9843,.F.);
#9845=ADVANCED_FACE('',(#9844),#9839,.F.);
#9846=CARTESIAN_POINT('',(-4.4E-1,0.E0,0.E0));
#9847=DIRECTION('',(1.E0,0.E0,0.E0));
#9848=DIRECTION('',(0.E0,0.E0,-1.E0));
#9849=AXIS2_PLACEMENT_3D('',#9846,#9847,#9848);
#9850=PLANE('',#9849);
#9852=ORIENTED_EDGE('',*,*,#9851,.T.);
#9854=ORIENTED_EDGE('',*,*,#9853,.T.);
#9855=EDGE_LOOP('',(#9852,#9854));
#9856=FACE_OUTER_BOUND('',#9855,.F.);
#9857=ADVANCED_FACE('',(#9856),#9850,.F.);
#9858=CARTESIAN_POINT('',(-4.4E-1,2.05E-1,-3.110109033292E-1));
#9859=DIRECTION('',(0.E0,-7.770759173136E-1,-6.294068785224E-1));
#9860=DIRECTION('',(0.E0,6.294068785224E-1,-7.770759173136E-1));
#9861=AXIS2_PLACEMENT_3D('',#9858,#9859,#9860);
#9862=PLANE('',#9861);
#9863=ORIENTED_EDGE('',*,*,#9671,.T.);
#9865=ORIENTED_EDGE('',*,*,#9864,.T.);
#9867=ORIENTED_EDGE('',*,*,#9866,.F.);
#9868=ORIENTED_EDGE('',*,*,#9815,.F.);
#9869=EDGE_LOOP('',(#9863,#9865,#9867,#9868));
#9870=FACE_OUTER_BOUND('',#9869,.F.);
#9871=ADVANCED_FACE('',(#9870),#9862,.T.);
#9872=CARTESIAN_POINT('',(-2.6E-1,0.E0,0.E0));
#9873=DIRECTION('',(1.E0,0.E0,0.E0));
#9874=DIRECTION('',(0.E0,0.E0,-1.E0));
#9875=AXIS2_PLACEMENT_3D('',#9872,#9873,#9874);
#9876=PLANE('',#9875);
#9877=ORIENTED_EDGE('',*,*,#9669,.T.);
#9879=ORIENTED_EDGE('',*,*,#9878,.F.);
#9880=ORIENTED_EDGE('',*,*,#9864,.F.);
#9881=EDGE_LOOP('',(#9877,#9879,#9880));
#9882=FACE_OUTER_BOUND('',#9881,.F.);
#9883=ADVANCED_FACE('',(#9882),#9876,.T.);
#9884=CARTESIAN_POINT('',(-2.6E-1,0.E0,0.E0));
#9885=DIRECTION('',(1.E0,0.E0,0.E0));
#9886=DIRECTION('',(0.E0,0.E0,-1.E0));
#9887=AXIS2_PLACEMENT_3D('',#9884,#9885,#9886);
#9888=PLANE('',#9887);
#9889=ORIENTED_EDGE('',*,*,#9731,.F.);
#9891=ORIENTED_EDGE('',*,*,#9890,.F.);
#9893=ORIENTED_EDGE('',*,*,#9892,.F.);
#9894=EDGE_LOOP('',(#9889,#9891,#9893));
#9895=FACE_OUTER_BOUND('',#9894,.F.);
#9896=ADVANCED_FACE('',(#9895),#9888,.T.);
#9897=CARTESIAN_POINT('',(-2.6E-1,0.E0,0.E0));
#9898=DIRECTION('',(1.E0,0.E0,0.E0));
#9899=DIRECTION('',(0.E0,0.E0,-1.E0));
#9900=AXIS2_PLACEMENT_3D('',#9897,#9898,#9899);
#9901=PLANE('',#9900);
#9903=ORIENTED_EDGE('',*,*,#9902,.F.);
#9904=ORIENTED_EDGE('',*,*,#9541,.T.);
#9905=EDGE_LOOP('',(#9903,#9904));
#9906=FACE_OUTER_BOUND('',#9905,.F.);
#9907=ADVANCED_FACE('',(#9906),#9901,.T.);
#9908=CARTESIAN_POINT('',(-2.6E-1,0.E0,0.E0));
#9909=DIRECTION('',(1.E0,0.E0,0.E0));
#9910=DIRECTION('',(0.E0,0.E0,-1.E0));
#9911=AXIS2_PLACEMENT_3D('',#9908,#9909,#9910);
#9912=PLANE('',#9911);
#9914=ORIENTED_EDGE('',*,*,#9913,.F.);
#9916=ORIENTED_EDGE('',*,*,#9915,.F.);
#9917=EDGE_LOOP('',(#9914,#9916));
#9918=FACE_OUTER_BOUND('',#9917,.F.);
#9919=ADVANCED_FACE('',(#9918),#9912,.T.);
#9920=CARTESIAN_POINT('',(-4.4E-1,3.2E-1,-3.1E-1));
#9921=DIRECTION('',(1.E0,0.E0,0.E0));
#9922=DIRECTION('',(0.E0,0.E0,-1.E0));
#9923=AXIS2_PLACEMENT_3D('',#9920,#9921,#9922);
#9924=CYLINDRICAL_SURFACE('',#9923,9.E-2);
#9925=ORIENTED_EDGE('',*,*,#9817,.F.);
#9926=ORIENTED_EDGE('',*,*,#9866,.T.);
#9927=ORIENTED_EDGE('',*,*,#9878,.T.);
#9928=ORIENTED_EDGE('',*,*,#9667,.F.);
#9929=EDGE_LOOP('',(#9925,#9926,#9927,#9928));
#9930=FACE_OUTER_BOUND('',#9929,.F.);
#9931=ADVANCED_FACE('',(#9930),#9924,.T.);
#9932=CARTESIAN_POINT('',(-4.4E-1,2.500631674418E-1,3.666466190670E-1));
#9933=DIRECTION('',(0.E0,-7.770759173136E-1,6.294068785224E-1));
#9934=DIRECTION('',(0.E0,-6.294068785224E-1,-7.770759173136E-1));
#9935=AXIS2_PLACEMENT_3D('',#9932,#9933,#9934);
#9936=PLANE('',#9935);
#9937=ORIENTED_EDGE('',*,*,#9729,.F.);
#9938=ORIENTED_EDGE('',*,*,#9830,.F.);
#9940=ORIENTED_EDGE('',*,*,#9939,.T.);
#9941=ORIENTED_EDGE('',*,*,#9890,.T.);
#9942=EDGE_LOOP('',(#9937,#9938,#9940,#9941));
#9943=FACE_OUTER_BOUND('',#9942,.F.);
#9944=ADVANCED_FACE('',(#9943),#9936,.T.);
#9945=CARTESIAN_POINT('',(-4.4E-1,3.2E-1,3.1E-1));
#9946=DIRECTION('',(1.E0,0.E0,0.E0));
#9947=DIRECTION('',(0.E0,0.E0,-1.E0));
#9948=AXIS2_PLACEMENT_3D('',#9945,#9946,#9947);
#9949=CYLINDRICAL_SURFACE('',#9948,9.E-2);
#9950=ORIENTED_EDGE('',*,*,#9828,.F.);
#9951=ORIENTED_EDGE('',*,*,#9733,.T.);
#9952=ORIENTED_EDGE('',*,*,#9892,.T.);
#9953=ORIENTED_EDGE('',*,*,#9939,.F.);
#9954=EDGE_LOOP('',(#9950,#9951,#9952,#9953));
#9955=FACE_OUTER_BOUND('',#9954,.F.);
#9956=ADVANCED_FACE('',(#9955),#9949,.T.);
#9957=CARTESIAN_POINT('',(-4.4E-1,3.3E-1,7.1E-1));
#9958=DIRECTION('',(1.E0,0.E0,0.E0));
#9959=DIRECTION('',(0.E0,0.E0,-1.E0));
#9960=AXIS2_PLACEMENT_3D('',#9957,#9958,#9959);
#9961=CYLINDRICAL_SURFACE('',#9960,1.2E-1);
#9962=ORIENTED_EDGE('',*,*,#9840,.F.);
#9963=ORIENTED_EDGE('',*,*,#9543,.T.);
#9964=ORIENTED_EDGE('',*,*,#9902,.T.);
#9965=ORIENTED_EDGE('',*,*,#9539,.F.);
#9966=EDGE_LOOP('',(#9962,#9963,#9964,#9965));
#9967=FACE_OUTER_BOUND('',#9966,.F.);
#9968=ADVANCED_FACE('',(#9967),#9961,.T.);
#9969=CARTESIAN_POINT('',(-4.4E-1,3.3E-1,-7.1E-1));
#9970=DIRECTION('',(1.E0,0.E0,0.E0));
#9971=DIRECTION('',(0.E0,0.E0,-1.E0));
#9972=AXIS2_PLACEMENT_3D('',#9969,#9970,#9971);
#9973=CYLINDRICAL_SURFACE('',#9972,1.2E-1);
#9974=ORIENTED_EDGE('',*,*,#9851,.F.);
#9976=ORIENTED_EDGE('',*,*,#9975,.F.);
#9977=ORIENTED_EDGE('',*,*,#9913,.T.);
#9979=ORIENTED_EDGE('',*,*,#9978,.F.);
#9980=EDGE_LOOP('',(#9974,#9976,#9977,#9979));
#9981=FACE_OUTER_BOUND('',#9980,.F.);
#9982=ADVANCED_FACE('',(#9981),#9973,.T.);
#9983=CARTESIAN_POINT('',(5.9E-1,4.6E-1,-6.4E-1));
#9984=DIRECTION('',(0.E0,0.E0,-1.E0));
#9985=DIRECTION('',(-1.E0,0.E0,0.E0));
#9986=AXIS2_PLACEMENT_3D('',#9983,#9984,#9985);
#9987=PLANE('',#9986);
#9988=ORIENTED_EDGE('',*,*,#9517,.T.);
#9989=ORIENTED_EDGE('',*,*,#9478,.F.);
#9990=ORIENTED_EDGE('',*,*,#9616,.T.);
#9991=ORIENTED_EDGE('',*,*,#9399,.F.);
#9992=EDGE_LOOP('',(#9988,#9989,#9990,#9991));
#9993=FACE_OUTER_BOUND('',#9992,.F.);
#9994=ORIENTED_EDGE('',*,*,#9853,.F.);
#9995=ORIENTED_EDGE('',*,*,#9978,.T.);
#9996=ORIENTED_EDGE('',*,*,#9915,.T.);
#9997=ORIENTED_EDGE('',*,*,#9975,.T.);
#9998=EDGE_LOOP('',(#9994,#9995,#9996,#9997));
#9999=FACE_BOUND('',#9998,.F.);
#10001=ORIENTED_EDGE('',*,*,#10000,.F.);
#10003=ORIENTED_EDGE('',*,*,#10002,.T.);
#10005=ORIENTED_EDGE('',*,*,#10004,.T.);
#10007=ORIENTED_EDGE('',*,*,#10006,.T.);
#10008=EDGE_LOOP('',(#10001,#10003,#10005,#10007));
#10009=FACE_BOUND('',#10008,.F.);
#10011=ORIENTED_EDGE('',*,*,#10010,.F.);
#10013=ORIENTED_EDGE('',*,*,#10012,.T.);
#10015=ORIENTED_EDGE('',*,*,#10014,.T.);
#10017=ORIENTED_EDGE('',*,*,#10016,.T.);
#10018=EDGE_LOOP('',(#10011,#10013,#10015,#10017));
#10019=FACE_BOUND('',#10018,.F.);
#10020=ADVANCED_FACE('',(#9993,#9999,#10009,#10019),#9987,.F.);
#10021=CARTESIAN_POINT('',(-9.E-2,0.E0,0.E0));
#10022=DIRECTION('',(1.E0,0.E0,0.E0));
#10023=DIRECTION('',(0.E0,0.E0,-1.E0));
#10024=AXIS2_PLACEMENT_3D('',#10021,#10022,#10023);
#10025=PLANE('',#10024);
#10026=ORIENTED_EDGE('',*,*,#9547,.F.);
#10028=ORIENTED_EDGE('',*,*,#10027,.T.);
#10029=EDGE_LOOP('',(#10026,#10028));
#10030=FACE_OUTER_BOUND('',#10029,.F.);
#10031=ADVANCED_FACE('',(#10030),#10025,.F.);
#10032=CARTESIAN_POINT('',(-9.E-2,0.E0,0.E0));
#10033=DIRECTION('',(1.E0,0.E0,0.E0));
#10034=DIRECTION('',(0.E0,0.E0,-1.E0));
#10035=AXIS2_PLACEMENT_3D('',#10032,#10033,#10034);
#10036=PLANE('',#10035);
#10037=ORIENTED_EDGE('',*,*,#10000,.T.);
#10039=ORIENTED_EDGE('',*,*,#10038,.T.);
#10040=EDGE_LOOP('',(#10037,#10039));
#10041=FACE_OUTER_BOUND('',#10040,.F.);
#10042=ADVANCED_FACE('',(#10041),#10036,.F.);
#10043=CARTESIAN_POINT('',(-9.E-2,0.E0,0.E0));
#10044=DIRECTION('',(1.E0,0.E0,0.E0));
#10045=DIRECTION('',(0.E0,0.E0,-1.E0));
#10046=AXIS2_PLACEMENT_3D('',#10043,#10044,#10045);
#10047=PLANE('',#10046);
#10048=ORIENTED_EDGE('',*,*,#9675,.F.);
#10050=ORIENTED_EDGE('',*,*,#10049,.T.);
#10052=ORIENTED_EDGE('',*,*,#10051,.T.);
#10053=EDGE_LOOP('',(#10048,#10050,#10052));
#10054=FACE_OUTER_BOUND('',#10053,.F.);
#10055=ADVANCED_FACE('',(#10054),#10047,.F.);
#10056=CARTESIAN_POINT('',(-9.E-2,0.E0,0.E0));
#10057=DIRECTION('',(1.E0,0.E0,0.E0));
#10058=DIRECTION('',(0.E0,0.E0,-1.E0));
#10059=AXIS2_PLACEMENT_3D('',#10056,#10057,#10058);
#10060=PLANE('',#10059);
#10061=ORIENTED_EDGE('',*,*,#9737,.T.);
#10063=ORIENTED_EDGE('',*,*,#10062,.T.);
#10065=ORIENTED_EDGE('',*,*,#10064,.T.);
#10066=EDGE_LOOP('',(#10061,#10063,#10065));
#10067=FACE_OUTER_BOUND('',#10066,.F.);
#10068=ADVANCED_FACE('',(#10067),#10060,.F.);
#10069=CARTESIAN_POINT('',(-9.E-2,3.3E-1,7.1E-1));
#10070=DIRECTION('',(1.E0,0.E0,0.E0));
#10071=DIRECTION('',(0.E0,0.E0,-1.E0));
#10072=AXIS2_PLACEMENT_3D('',#10069,#10070,#10071);
#10073=CYLINDRICAL_SURFACE('',#10072,1.2E-1);
#10074=ORIENTED_EDGE('',*,*,#9553,.T.);
#10076=ORIENTED_EDGE('',*,*,#10075,.T.);
#10077=ORIENTED_EDGE('',*,*,#9549,.F.);
#10078=ORIENTED_EDGE('',*,*,#10027,.F.);
#10079=EDGE_LOOP('',(#10074,#10076,#10077,#10078));
#10080=FACE_OUTER_BOUND('',#10079,.F.);
#10081=ADVANCED_FACE('',(#10080),#10073,.T.);
#10082=CARTESIAN_POINT('',(9.E-2,0.E0,0.E0));
#10083=DIRECTION('',(1.E0,0.E0,0.E0));
#10084=DIRECTION('',(0.E0,0.E0,-1.E0));
#10085=AXIS2_PLACEMENT_3D('',#10082,#10083,#10084);
#10086=PLANE('',#10085);
#10087=ORIENTED_EDGE('',*,*,#9551,.T.);
#10088=ORIENTED_EDGE('',*,*,#10075,.F.);
#10089=EDGE_LOOP('',(#10087,#10088));
#10090=FACE_OUTER_BOUND('',#10089,.F.);
#10091=ADVANCED_FACE('',(#10090),#10086,.T.);
#10092=CARTESIAN_POINT('',(9.E-2,0.E0,0.E0));
#10093=DIRECTION('',(1.E0,0.E0,0.E0));
#10094=DIRECTION('',(0.E0,0.E0,-1.E0));
#10095=AXIS2_PLACEMENT_3D('',#10092,#10093,#10094);
#10096=PLANE('',#10095);
#10097=ORIENTED_EDGE('',*,*,#10004,.F.);
#10099=ORIENTED_EDGE('',*,*,#10098,.F.);
#10100=EDGE_LOOP('',(#10097,#10099));
#10101=FACE_OUTER_BOUND('',#10100,.F.);
#10102=ADVANCED_FACE('',(#10101),#10096,.T.);
#10103=CARTESIAN_POINT('',(9.E-2,0.E0,0.E0));
#10104=DIRECTION('',(1.E0,0.E0,0.E0));
#10105=DIRECTION('',(0.E0,0.E0,-1.E0));
#10106=AXIS2_PLACEMENT_3D('',#10103,#10104,#10105);
#10107=PLANE('',#10106);
#10108=ORIENTED_EDGE('',*,*,#9679,.T.);
#10110=ORIENTED_EDGE('',*,*,#10109,.F.);
#10112=ORIENTED_EDGE('',*,*,#10111,.F.);
#10113=EDGE_LOOP('',(#10108,#10110,#10112));
#10114=FACE_OUTER_BOUND('',#10113,.F.);
#10115=ADVANCED_FACE('',(#10114),#10107,.T.);
#10116=CARTESIAN_POINT('',(9.E-2,0.E0,0.E0));
#10117=DIRECTION('',(1.E0,0.E0,0.E0));
#10118=DIRECTION('',(0.E0,0.E0,-1.E0));
#10119=AXIS2_PLACEMENT_3D('',#10116,#10117,#10118);
#10120=PLANE('',#10119);
#10121=ORIENTED_EDGE('',*,*,#9741,.F.);
#10123=ORIENTED_EDGE('',*,*,#10122,.F.);
#10125=ORIENTED_EDGE('',*,*,#10124,.F.);
#10126=EDGE_LOOP('',(#10121,#10123,#10125));
#10127=FACE_OUTER_BOUND('',#10126,.F.);
#10128=ADVANCED_FACE('',(#10127),#10120,.T.);
#10129=CARTESIAN_POINT('',(-9.E-2,3.3E-1,-7.1E-1));
#10130=DIRECTION('',(1.E0,0.E0,0.E0));
#10131=DIRECTION('',(0.E0,0.E0,-1.E0));
#10132=AXIS2_PLACEMENT_3D('',#10129,#10130,#10131);
#10133=CYLINDRICAL_SURFACE('',#10132,1.2E-1);
#10134=ORIENTED_EDGE('',*,*,#10006,.F.);
#10135=ORIENTED_EDGE('',*,*,#10098,.T.);
#10136=ORIENTED_EDGE('',*,*,#10002,.F.);
#10137=ORIENTED_EDGE('',*,*,#10038,.F.);
#10138=EDGE_LOOP('',(#10134,#10135,#10136,#10137));
#10139=FACE_OUTER_BOUND('',#10138,.F.);
#10140=ADVANCED_FACE('',(#10139),#10133,.T.);
#10141=CARTESIAN_POINT('',(-9.E-2,3.2E-1,-3.1E-1));
#10142=DIRECTION('',(1.E0,0.E0,0.E0));
#10143=DIRECTION('',(0.E0,0.E0,-1.E0));
#10144=AXIS2_PLACEMENT_3D('',#10141,#10142,#10143);
#10145=CYLINDRICAL_SURFACE('',#10144,9.E-2);
#10146=ORIENTED_EDGE('',*,*,#9677,.F.);
#10147=ORIENTED_EDGE('',*,*,#10051,.F.);
#10149=ORIENTED_EDGE('',*,*,#10148,.T.);
#10150=ORIENTED_EDGE('',*,*,#10109,.T.);
#10151=EDGE_LOOP('',(#10146,#10147,#10149,#10150));
#10152=FACE_OUTER_BOUND('',#10151,.F.);
#10153=ADVANCED_FACE('',(#10152),#10145,.T.);
#10154=CARTESIAN_POINT('',(-9.E-2,2.05E-1,-3.110109033292E-1));
#10155=DIRECTION('',(0.E0,-7.770759173136E-1,-6.294068785224E-1));
#10156=DIRECTION('',(0.E0,6.294068785224E-1,-7.770759173136E-1));
#10157=AXIS2_PLACEMENT_3D('',#10154,#10155,#10156);
#10158=PLANE('',#10157);
#10159=ORIENTED_EDGE('',*,*,#9681,.T.);
#10160=ORIENTED_EDGE('',*,*,#10111,.T.);
#10161=ORIENTED_EDGE('',*,*,#10148,.F.);
#10162=ORIENTED_EDGE('',*,*,#10049,.F.);
#10163=EDGE_LOOP('',(#10159,#10160,#10161,#10162));
#10164=FACE_OUTER_BOUND('',#10163,.F.);
#10165=ADVANCED_FACE('',(#10164),#10158,.T.);
#10166=CARTESIAN_POINT('',(-9.E-2,2.500631674418E-1,3.666466190670E-1));
#10167=DIRECTION('',(0.E0,-7.770759173136E-1,6.294068785224E-1));
#10168=DIRECTION('',(0.E0,-6.294068785224E-1,-7.770759173136E-1));
#10169=AXIS2_PLACEMENT_3D('',#10166,#10167,#10168);
#10170=PLANE('',#10169);
#10171=ORIENTED_EDGE('',*,*,#9739,.F.);
#10172=ORIENTED_EDGE('',*,*,#10064,.F.);
#10174=ORIENTED_EDGE('',*,*,#10173,.T.);
#10175=ORIENTED_EDGE('',*,*,#10122,.T.);
#10176=EDGE_LOOP('',(#10171,#10172,#10174,#10175));
#10177=FACE_OUTER_BOUND('',#10176,.F.);
#10178=ADVANCED_FACE('',(#10177),#10170,.T.);
#10179=CARTESIAN_POINT('',(-9.E-2,3.2E-1,3.1E-1));
#10180=DIRECTION('',(1.E0,0.E0,0.E0));
#10181=DIRECTION('',(0.E0,0.E0,-1.E0));
#10182=AXIS2_PLACEMENT_3D('',#10179,#10180,#10181);
#10183=CYLINDRICAL_SURFACE('',#10182,9.E-2);
#10184=ORIENTED_EDGE('',*,*,#9743,.T.);
#10185=ORIENTED_EDGE('',*,*,#10124,.T.);
#10186=ORIENTED_EDGE('',*,*,#10173,.F.);
#10187=ORIENTED_EDGE('',*,*,#10062,.F.);
#10188=EDGE_LOOP('',(#10184,#10185,#10186,#10187));
#10189=FACE_OUTER_BOUND('',#10188,.F.);
#10190=ADVANCED_FACE('',(#10189),#10183,.T.);
#10191=CARTESIAN_POINT('',(2.6E-1,0.E0,0.E0));
#10192=DIRECTION('',(1.E0,0.E0,0.E0));
#10193=DIRECTION('',(0.E0,0.E0,-1.E0));
#10194=AXIS2_PLACEMENT_3D('',#10191,#10192,#10193);
#10195=PLANE('',#10194);
#10196=ORIENTED_EDGE('',*,*,#9557,.F.);
#10198=ORIENTED_EDGE('',*,*,#10197,.T.);
#10199=EDGE_LOOP('',(#10196,#10198));
#10200=FACE_OUTER_BOUND('',#10199,.F.);
#10201=ADVANCED_FACE('',(#10200),#10195,.F.);
#10202=CARTESIAN_POINT('',(2.6E-1,0.E0,0.E0));
#10203=DIRECTION('',(1.E0,0.E0,0.E0));
#10204=DIRECTION('',(0.E0,0.E0,-1.E0));
#10205=AXIS2_PLACEMENT_3D('',#10202,#10203,#10204);
#10206=PLANE('',#10205);
#10207=ORIENTED_EDGE('',*,*,#10010,.T.);
#10209=ORIENTED_EDGE('',*,*,#10208,.T.);
#10210=EDGE_LOOP('',(#10207,#10209));
#10211=FACE_OUTER_BOUND('',#10210,.F.);
#10212=ADVANCED_FACE('',(#10211),#10206,.F.);
#10213=CARTESIAN_POINT('',(2.6E-1,0.E0,0.E0));
#10214=DIRECTION('',(1.E0,0.E0,0.E0));
#10215=DIRECTION('',(0.E0,0.E0,-1.E0));
#10216=AXIS2_PLACEMENT_3D('',#10213,#10214,#10215);
#10217=PLANE('',#10216);
#10218=ORIENTED_EDGE('',*,*,#9685,.F.);
#10220=ORIENTED_EDGE('',*,*,#10219,.T.);
#10222=ORIENTED_EDGE('',*,*,#10221,.T.);
#10223=EDGE_LOOP('',(#10218,#10220,#10222));
#10224=FACE_OUTER_BOUND('',#10223,.F.);
#10225=ADVANCED_FACE('',(#10224),#10217,.F.);
#10226=CARTESIAN_POINT('',(2.6E-1,0.E0,0.E0));
#10227=DIRECTION('',(1.E0,0.E0,0.E0));
#10228=DIRECTION('',(0.E0,0.E0,-1.E0));
#10229=AXIS2_PLACEMENT_3D('',#10226,#10227,#10228);
#10230=PLANE('',#10229);
#10231=ORIENTED_EDGE('',*,*,#9747,.T.);
#10233=ORIENTED_EDGE('',*,*,#10232,.T.);
#10235=ORIENTED_EDGE('',*,*,#10234,.T.);
#10236=EDGE_LOOP('',(#10231,#10233,#10235));
#10237=FACE_OUTER_BOUND('',#10236,.F.);
#10238=ADVANCED_FACE('',(#10237),#10230,.F.);
#10239=CARTESIAN_POINT('',(2.6E-1,3.3E-1,7.1E-1));
#10240=DIRECTION('',(1.E0,0.E0,0.E0));
#10241=DIRECTION('',(0.E0,0.E0,-1.E0));
#10242=AXIS2_PLACEMENT_3D('',#10239,#10240,#10241);
#10243=CYLINDRICAL_SURFACE('',#10242,1.2E-1);
#10244=ORIENTED_EDGE('',*,*,#9563,.T.);
#10246=ORIENTED_EDGE('',*,*,#10245,.T.);
#10247=ORIENTED_EDGE('',*,*,#9559,.F.);
#10248=ORIENTED_EDGE('',*,*,#10197,.F.);
#10249=EDGE_LOOP('',(#10244,#10246,#10247,#10248));
#10250=FACE_OUTER_BOUND('',#10249,.F.);
#10251=ADVANCED_FACE('',(#10250),#10243,.T.);
#10252=CARTESIAN_POINT('',(4.4E-1,0.E0,0.E0));
#10253=DIRECTION('',(1.E0,0.E0,0.E0));
#10254=DIRECTION('',(0.E0,0.E0,-1.E0));
#10255=AXIS2_PLACEMENT_3D('',#10252,#10253,#10254);
#10256=PLANE('',#10255);
#10257=ORIENTED_EDGE('',*,*,#9561,.T.);
#10258=ORIENTED_EDGE('',*,*,#10245,.F.);
#10259=EDGE_LOOP('',(#10257,#10258));
#10260=FACE_OUTER_BOUND('',#10259,.F.);
#10261=ADVANCED_FACE('',(#10260),#10256,.T.);
#10262=CARTESIAN_POINT('',(4.4E-1,0.E0,0.E0));
#10263=DIRECTION('',(1.E0,0.E0,0.E0));
#10264=DIRECTION('',(0.E0,0.E0,-1.E0));
#10265=AXIS2_PLACEMENT_3D('',#10262,#10263,#10264);
#10266=PLANE('',#10265);
#10267=ORIENTED_EDGE('',*,*,#10014,.F.);
#10269=ORIENTED_EDGE('',*,*,#10268,.F.);
#10270=EDGE_LOOP('',(#10267,#10269));
#10271=FACE_OUTER_BOUND('',#10270,.F.);
#10272=ADVANCED_FACE('',(#10271),#10266,.T.);
#10273=CARTESIAN_POINT('',(4.4E-1,0.E0,0.E0));
#10274=DIRECTION('',(1.E0,0.E0,0.E0));
#10275=DIRECTION('',(0.E0,0.E0,-1.E0));
#10276=AXIS2_PLACEMENT_3D('',#10273,#10274,#10275);
#10277=PLANE('',#10276);
#10278=ORIENTED_EDGE('',*,*,#9689,.T.);
#10280=ORIENTED_EDGE('',*,*,#10279,.F.);
#10282=ORIENTED_EDGE('',*,*,#10281,.F.);
#10283=EDGE_LOOP('',(#10278,#10280,#10282));
#10284=FACE_OUTER_BOUND('',#10283,.F.);
#10285=ADVANCED_FACE('',(#10284),#10277,.T.);
#10286=CARTESIAN_POINT('',(4.4E-1,0.E0,0.E0));
#10287=DIRECTION('',(1.E0,0.E0,0.E0));
#10288=DIRECTION('',(0.E0,0.E0,-1.E0));
#10289=AXIS2_PLACEMENT_3D('',#10286,#10287,#10288);
#10290=PLANE('',#10289);
#10291=ORIENTED_EDGE('',*,*,#9751,.F.);
#10293=ORIENTED_EDGE('',*,*,#10292,.F.);
#10295=ORIENTED_EDGE('',*,*,#10294,.F.);
#10296=EDGE_LOOP('',(#10291,#10293,#10295));
#10297=FACE_OUTER_BOUND('',#10296,.F.);
#10298=ADVANCED_FACE('',(#10297),#10290,.T.);
#10299=CARTESIAN_POINT('',(2.6E-1,3.3E-1,-7.1E-1));
#10300=DIRECTION('',(1.E0,0.E0,0.E0));
#10301=DIRECTION('',(0.E0,0.E0,-1.E0));
#10302=AXIS2_PLACEMENT_3D('',#10299,#10300,#10301);
#10303=CYLINDRICAL_SURFACE('',#10302,1.2E-1);
#10304=ORIENTED_EDGE('',*,*,#10016,.F.);
#10305=ORIENTED_EDGE('',*,*,#10268,.T.);
#10306=ORIENTED_EDGE('',*,*,#10012,.F.);
#10307=ORIENTED_EDGE('',*,*,#10208,.F.);
#10308=EDGE_LOOP('',(#10304,#10305,#10306,#10307));
#10309=FACE_OUTER_BOUND('',#10308,.F.);
#10310=ADVANCED_FACE('',(#10309),#10303,.T.);
#10311=CARTESIAN_POINT('',(2.6E-1,3.2E-1,-3.1E-1));
#10312=DIRECTION('',(1.E0,0.E0,0.E0));
#10313=DIRECTION('',(0.E0,0.E0,-1.E0));
#10314=AXIS2_PLACEMENT_3D('',#10311,#10312,#10313);
#10315=CYLINDRICAL_SURFACE('',#10314,9.E-2);
#10316=ORIENTED_EDGE('',*,*,#9687,.F.);
#10317=ORIENTED_EDGE('',*,*,#10221,.F.);
#10319=ORIENTED_EDGE('',*,*,#10318,.T.);
#10320=ORIENTED_EDGE('',*,*,#10279,.T.);
#10321=EDGE_LOOP('',(#10316,#10317,#10319,#10320));
#10322=FACE_OUTER_BOUND('',#10321,.F.);
#10323=ADVANCED_FACE('',(#10322),#10315,.T.);
#10324=CARTESIAN_POINT('',(2.6E-1,2.05E-1,-3.110109033292E-1));
#10325=DIRECTION('',(0.E0,-7.770759173136E-1,-6.294068785224E-1));
#10326=DIRECTION('',(0.E0,6.294068785224E-1,-7.770759173136E-1));
#10327=AXIS2_PLACEMENT_3D('',#10324,#10325,#10326);
#10328=PLANE('',#10327);
#10329=ORIENTED_EDGE('',*,*,#9691,.T.);
#10330=ORIENTED_EDGE('',*,*,#10281,.T.);
#10331=ORIENTED_EDGE('',*,*,#10318,.F.);
#10332=ORIENTED_EDGE('',*,*,#10219,.F.);
#10333=EDGE_LOOP('',(#10329,#10330,#10331,#10332));
#10334=FACE_OUTER_BOUND('',#10333,.F.);
#10335=ADVANCED_FACE('',(#10334),#10328,.T.);
#10336=CARTESIAN_POINT('',(2.6E-1,2.500631674418E-1,3.666466190670E-1));
#10337=DIRECTION('',(0.E0,-7.770759173136E-1,6.294068785224E-1));
#10338=DIRECTION('',(0.E0,-6.294068785224E-1,-7.770759173136E-1));
#10339=AXIS2_PLACEMENT_3D('',#10336,#10337,#10338);
#10340=PLANE('',#10339);
#10341=ORIENTED_EDGE('',*,*,#9749,.F.);
#10342=ORIENTED_EDGE('',*,*,#10234,.F.);
#10344=ORIENTED_EDGE('',*,*,#10343,.T.);
#10345=ORIENTED_EDGE('',*,*,#10292,.T.);
#10346=EDGE_LOOP('',(#10341,#10342,#10344,#10345));
#10347=FACE_OUTER_BOUND('',#10346,.F.);
#10348=ADVANCED_FACE('',(#10347),#10340,.T.);
#10349=CARTESIAN_POINT('',(2.6E-1,3.2E-1,3.1E-1));
#10350=DIRECTION('',(1.E0,0.E0,0.E0));
#10351=DIRECTION('',(0.E0,0.E0,-1.E0));
#10352=AXIS2_PLACEMENT_3D('',#10349,#10350,#10351);
#10353=CYLINDRICAL_SURFACE('',#10352,9.E-2);
#10354=ORIENTED_EDGE('',*,*,#9753,.T.);
#10355=ORIENTED_EDGE('',*,*,#10294,.T.);
#10356=ORIENTED_EDGE('',*,*,#10343,.F.);
#10357=ORIENTED_EDGE('',*,*,#10232,.F.);
#10358=EDGE_LOOP('',(#10354,#10355,#10356,#10357));
#10359=FACE_OUTER_BOUND('',#10358,.F.);
#10360=ADVANCED_FACE('',(#10359),#10353,.T.);
#10361=CARTESIAN_POINT('',(1.21E0,4.537041696704E-1,-5.9E-1));
#10362=DIRECTION('',(-1.E0,0.E0,0.E0));
#10363=DIRECTION('',(0.E0,-1.E0,0.E0));
#10364=AXIS2_PLACEMENT_3D('',#10361,#10362,#10363);
#10365=PLANE('',#10364);
#10367=ORIENTED_EDGE('',*,*,#10366,.F.);
#10368=ORIENTED_EDGE('',*,*,#9573,.T.);
#10370=ORIENTED_EDGE('',*,*,#10369,.F.);
#10372=ORIENTED_EDGE('',*,*,#10371,.T.);
#10374=ORIENTED_EDGE('',*,*,#10373,.T.);
#10375=ORIENTED_EDGE('',*,*,#9626,.T.);
#10376=ORIENTED_EDGE('',*,*,#7393,.F.);
#10378=ORIENTED_EDGE('',*,*,#10377,.T.);
#10379=EDGE_LOOP('',(#10367,#10368,#10370,#10372,#10374,#10375,#10376,#10378));
#10380=FACE_OUTER_BOUND('',#10379,.F.);
#10381=ADVANCED_FACE('',(#10380),#10365,.T.);
#10382=CARTESIAN_POINT('',(0.E0,0.E0,5.9E-1));
#10383=DIRECTION('',(0.E0,0.E0,1.E0));
#10384=DIRECTION('',(0.E0,1.E0,0.E0));
#10385=AXIS2_PLACEMENT_3D('',#10382,#10383,#10384);
#10386=PLANE('',#10385);
#10388=ORIENTED_EDGE('',*,*,#10387,.T.);
#10389=ORIENTED_EDGE('',*,*,#7222,.F.);
#10390=ORIENTED_EDGE('',*,*,#7370,.T.);
#10391=ORIENTED_EDGE('',*,*,#9575,.T.);
#10392=ORIENTED_EDGE('',*,*,#10366,.T.);
#10394=ORIENTED_EDGE('',*,*,#10393,.F.);
#10395=EDGE_LOOP('',(#10388,#10389,#10390,#10391,#10392,#10394));
#10396=FACE_OUTER_BOUND('',#10395,.F.);
#10397=ADVANCED_FACE('',(#10396),#10386,.T.);
#10398=CARTESIAN_POINT('',(0.E0,0.E0,5.9E-1));
#10399=DIRECTION('',(0.E0,0.E0,1.E0));
#10400=DIRECTION('',(0.E0,1.E0,0.E0));
#10401=AXIS2_PLACEMENT_3D('',#10398,#10399,#10400);
#10402=PLANE('',#10401);
#10404=ORIENTED_EDGE('',*,*,#10403,.F.);
#10406=ORIENTED_EDGE('',*,*,#10405,.F.);
#10408=ORIENTED_EDGE('',*,*,#10407,.T.);
#10409=ORIENTED_EDGE('',*,*,#9594,.F.);
#10411=ORIENTED_EDGE('',*,*,#10410,.T.);
#10412=ORIENTED_EDGE('',*,*,#6695,.F.);
#10413=EDGE_LOOP('',(#10404,#10406,#10408,#10409,#10411,#10412));
#10414=FACE_OUTER_BOUND('',#10413,.F.);
#10415=ADVANCED_FACE('',(#10414),#10402,.T.);
#10416=CARTESIAN_POINT('',(1.4E0,4.668873756741E-1,6.7E-1));
#10417=DIRECTION('',(-6.246950475544E-1,0.E0,7.808688094430E-1));
#10418=DIRECTION('',(-7.808688094430E-1,0.E0,-6.246950475544E-1));
#10419=AXIS2_PLACEMENT_3D('',#10416,#10417,#10418);
#10420=PLANE('',#10419);
#10422=ORIENTED_EDGE('',*,*,#10421,.T.);
#10423=ORIENTED_EDGE('',*,*,#7224,.T.);
#10424=ORIENTED_EDGE('',*,*,#10387,.F.);
#10426=ORIENTED_EDGE('',*,*,#10425,.T.);
#10428=ORIENTED_EDGE('',*,*,#10427,.T.);
#10429=ORIENTED_EDGE('',*,*,#7462,.F.);
#10430=EDGE_LOOP('',(#10422,#10423,#10424,#10426,#10428,#10429));
#10431=FACE_OUTER_BOUND('',#10430,.F.);
#10432=ADVANCED_FACE('',(#10431),#10420,.T.);
#10433=CARTESIAN_POINT('',(1.5E0,4.4E-1,7.5E-1));
#10434=DIRECTION('',(0.E0,0.E0,-1.E0));
#10435=DIRECTION('',(0.E0,1.E0,0.E0));
#10436=AXIS2_PLACEMENT_3D('',#10433,#10434,#10435);
#10437=PLANE('',#10436);
#10438=ORIENTED_EDGE('',*,*,#10421,.F.);
#10439=ORIENTED_EDGE('',*,*,#7460,.F.);
#10440=ORIENTED_EDGE('',*,*,#7226,.F.);
#10441=EDGE_LOOP('',(#10438,#10439,#10440));
#10442=FACE_OUTER_BOUND('',#10441,.F.);
#10443=ADVANCED_FACE('',(#10442),#10437,.F.);
#10444=CARTESIAN_POINT('',(1.429326335692E0,5.513545457643E-1,-5.9E-1));
#10445=DIRECTION('',(-4.067366430758E-1,9.135454576426E-1,0.E0));
#10446=DIRECTION('',(-9.135454576426E-1,-4.067366430758E-1,0.E0));
#10447=AXIS2_PLACEMENT_3D('',#10444,#10445,#10446);
#10448=PLANE('',#10447);
#10450=ORIENTED_EDGE('',*,*,#10449,.T.);
#10451=ORIENTED_EDGE('',*,*,#10425,.F.);
#10452=ORIENTED_EDGE('',*,*,#10393,.T.);
#10453=ORIENTED_EDGE('',*,*,#10377,.F.);
#10454=ORIENTED_EDGE('',*,*,#7391,.F.);
#10455=ORIENTED_EDGE('',*,*,#7432,.F.);
#10456=EDGE_LOOP('',(#10450,#10451,#10452,#10453,#10454,#10455));
#10457=FACE_OUTER_BOUND('',#10456,.F.);
#10458=ADVANCED_FACE('',(#10457),#10448,.T.);
#10459=CARTESIAN_POINT('',(1.47E0,4.6E-1,-5.9E-1));
#10460=DIRECTION('',(0.E0,0.E0,1.E0));
#10461=DIRECTION('',(0.E0,1.E0,0.E0));
#10462=AXIS2_PLACEMENT_3D('',#10459,#10460,#10461);
#10463=CYLINDRICAL_SURFACE('',#10462,1.E-1);
#10464=ORIENTED_EDGE('',*,*,#7464,.F.);
#10465=ORIENTED_EDGE('',*,*,#10427,.F.);
#10466=ORIENTED_EDGE('',*,*,#10449,.F.);
#10467=ORIENTED_EDGE('',*,*,#7430,.F.);
#10468=EDGE_LOOP('',(#10464,#10465,#10466,#10467));
#10469=FACE_OUTER_BOUND('',#10468,.F.);
#10470=ADVANCED_FACE('',(#10469),#10463,.T.);
#10471=CARTESIAN_POINT('',(-1.4E0,4.668873756741E-1,6.7E-1));
#10472=DIRECTION('',(6.246950475544E-1,0.E0,7.808688094430E-1));
#10473=DIRECTION('',(-7.808688094430E-1,0.E0,6.246950475544E-1));
#10474=AXIS2_PLACEMENT_3D('',#10471,#10472,#10473);
#10475=PLANE('',#10474);
#10477=ORIENTED_EDGE('',*,*,#10476,.F.);
#10479=ORIENTED_EDGE('',*,*,#10478,.T.);
#10481=ORIENTED_EDGE('',*,*,#10480,.T.);
#10482=ORIENTED_EDGE('',*,*,#10403,.T.);
#10483=ORIENTED_EDGE('',*,*,#6693,.T.);
#10485=ORIENTED_EDGE('',*,*,#10484,.F.);
#10486=EDGE_LOOP('',(#10477,#10479,#10481,#10482,#10483,#10485));
#10487=FACE_OUTER_BOUND('',#10486,.F.);
#10488=ADVANCED_FACE('',(#10487),#10475,.T.);
#10489=CARTESIAN_POINT('',(-1.47E0,4.4E-1,3.6072E0));
#10490=DIRECTION('',(0.E0,0.E0,-1.E0));
#10491=DIRECTION('',(-1.E0,0.E0,0.E0));
#10492=AXIS2_PLACEMENT_3D('',#10489,#10490,#10491);
#10493=CYLINDRICAL_SURFACE('',#10492,1.2E-1);
#10495=ORIENTED_EDGE('',*,*,#10494,.T.);
#10497=ORIENTED_EDGE('',*,*,#10496,.T.);
#10499=ORIENTED_EDGE('',*,*,#10498,.F.);
#10500=ORIENTED_EDGE('',*,*,#10476,.T.);
#10502=ORIENTED_EDGE('',*,*,#10501,.T.);
#10503=ORIENTED_EDGE('',*,*,#8757,.T.);
#10504=EDGE_LOOP('',(#10495,#10497,#10499,#10500,#10502,#10503));
#10505=FACE_OUTER_BOUND('',#10504,.F.);
#10506=ADVANCED_FACE('',(#10505),#10493,.T.);
#10507=CARTESIAN_POINT('',(-1.5E0,5.6E-1,-7.5E-1));
#10508=DIRECTION('',(0.E0,0.E0,-1.E0));
#10509=DIRECTION('',(0.E0,-1.E0,0.E0));
#10510=AXIS2_PLACEMENT_3D('',#10507,#10508,#10509);
#10511=PLANE('',#10510);
#10512=ORIENTED_EDGE('',*,*,#10494,.F.);
#10513=ORIENTED_EDGE('',*,*,#6672,.F.);
#10515=ORIENTED_EDGE('',*,*,#10514,.T.);
#10516=EDGE_LOOP('',(#10512,#10513,#10515));
#10517=FACE_OUTER_BOUND('',#10516,.F.);
#10518=ADVANCED_FACE('',(#10517),#10511,.T.);
#10519=CARTESIAN_POINT('',(-1.4E0,4.668873756741E-1,-6.7E-1));
#10520=DIRECTION('',(6.246950475544E-1,0.E0,-7.808688094430E-1));
#10521=DIRECTION('',(-7.808688094430E-1,0.E0,-6.246950475544E-1));
#10522=AXIS2_PLACEMENT_3D('',#10519,#10520,#10521);
#10523=PLANE('',#10522);
#10524=ORIENTED_EDGE('',*,*,#10496,.F.);
#10525=ORIENTED_EDGE('',*,*,#10514,.F.);
#10526=ORIENTED_EDGE('',*,*,#6670,.T.);
#10527=ORIENTED_EDGE('',*,*,#7407,.T.);
#10529=ORIENTED_EDGE('',*,*,#10528,.T.);
#10531=ORIENTED_EDGE('',*,*,#10530,.T.);
#10532=EDGE_LOOP('',(#10524,#10525,#10526,#10527,#10529,#10531));
#10533=FACE_OUTER_BOUND('',#10532,.F.);
#10534=ADVANCED_FACE('',(#10533),#10523,.T.);
#10535=CARTESIAN_POINT('',(-1.21E0,4.537041696704E-1,-5.9E-1));
#10536=DIRECTION('',(4.067366430758E-1,9.135454576426E-1,0.E0));
#10537=DIRECTION('',(-9.135454576426E-1,4.067366430758E-1,0.E0));
#10538=AXIS2_PLACEMENT_3D('',#10535,#10536,#10537);
#10539=PLANE('',#10538);
#10540=ORIENTED_EDGE('',*,*,#10405,.T.);
#10541=ORIENTED_EDGE('',*,*,#10480,.F.);
#10543=ORIENTED_EDGE('',*,*,#10542,.F.);
#10544=ORIENTED_EDGE('',*,*,#10528,.F.);
#10545=ORIENTED_EDGE('',*,*,#7416,.F.);
#10547=ORIENTED_EDGE('',*,*,#10546,.T.);
#10548=EDGE_LOOP('',(#10540,#10541,#10543,#10544,#10545,#10547));
#10549=FACE_OUTER_BOUND('',#10548,.F.);
#10550=ADVANCED_FACE('',(#10549),#10539,.T.);
#10551=CARTESIAN_POINT('',(-1.47E0,4.6E-1,-5.9E-1));
#10552=DIRECTION('',(0.E0,0.E0,1.E0));
#10553=DIRECTION('',(0.E0,1.E0,0.E0));
#10554=AXIS2_PLACEMENT_3D('',#10551,#10552,#10553);
#10555=CYLINDRICAL_SURFACE('',#10554,1.E-1);
#10556=ORIENTED_EDGE('',*,*,#10498,.T.);
#10557=ORIENTED_EDGE('',*,*,#10530,.F.);
#10558=ORIENTED_EDGE('',*,*,#10542,.T.);
#10559=ORIENTED_EDGE('',*,*,#10478,.F.);
#10560=EDGE_LOOP('',(#10556,#10557,#10558,#10559));
#10561=FACE_OUTER_BOUND('',#10560,.F.);
#10562=ADVANCED_FACE('',(#10561),#10555,.T.);
#10563=CARTESIAN_POINT('',(-1.21E0,3.05E-1,-5.9E-1));
#10564=DIRECTION('',(1.E0,0.E0,0.E0));
#10565=DIRECTION('',(0.E0,1.E0,0.E0));
#10566=AXIS2_PLACEMENT_3D('',#10563,#10564,#10565);
#10567=PLANE('',#10566);
#10568=ORIENTED_EDGE('',*,*,#7414,.F.);
#10569=ORIENTED_EDGE('',*,*,#9604,.F.);
#10571=ORIENTED_EDGE('',*,*,#10570,.F.);
#10573=ORIENTED_EDGE('',*,*,#10572,.F.);
#10575=ORIENTED_EDGE('',*,*,#10574,.T.);
#10576=ORIENTED_EDGE('',*,*,#9596,.F.);
#10577=ORIENTED_EDGE('',*,*,#10407,.F.);
#10578=ORIENTED_EDGE('',*,*,#10546,.F.);
#10579=EDGE_LOOP('',(#10568,#10569,#10571,#10573,#10575,#10576,#10577,#10578));
#10580=FACE_OUTER_BOUND('',#10579,.F.);
#10581=ADVANCED_FACE('',(#10580),#10567,.T.);
#10582=CARTESIAN_POINT('',(-1.19E0,1.E-1,-1.9E-1));
#10583=DIRECTION('',(0.E0,0.E0,-1.E0));
#10584=DIRECTION('',(-1.E0,0.E0,0.E0));
#10585=AXIS2_PLACEMENT_3D('',#10582,#10583,#10584);
#10586=PLANE('',#10585);
#10587=ORIENTED_EDGE('',*,*,#10570,.T.);
#10588=ORIENTED_EDGE('',*,*,#9602,.T.);
#10590=ORIENTED_EDGE('',*,*,#10589,.T.);
#10592=ORIENTED_EDGE('',*,*,#10591,.T.);
#10593=EDGE_LOOP('',(#10587,#10588,#10590,#10592));
#10594=FACE_OUTER_BOUND('',#10593,.F.);
#10595=ADVANCED_FACE('',(#10594),#10586,.T.);
#10596=CARTESIAN_POINT('',(-1.19E0,1.E-1,1.9E-1));
#10597=DIRECTION('',(1.E0,0.E0,0.E0));
#10598=DIRECTION('',(0.E0,0.E0,-1.E0));
#10599=AXIS2_PLACEMENT_3D('',#10596,#10597,#10598);
#10600=PLANE('',#10599);
#10601=ORIENTED_EDGE('',*,*,#9600,.F.);
#10603=ORIENTED_EDGE('',*,*,#10602,.T.);
#10605=ORIENTED_EDGE('',*,*,#10604,.T.);
#10606=ORIENTED_EDGE('',*,*,#10589,.F.);
#10607=EDGE_LOOP('',(#10601,#10603,#10605,#10606));
#10608=FACE_OUTER_BOUND('',#10607,.F.);
#10609=ADVANCED_FACE('',(#10608),#10600,.T.);
#10610=CARTESIAN_POINT('',(-1.295E0,1.E-1,1.9E-1));
#10611=DIRECTION('',(0.E0,0.E0,1.E0));
#10612=DIRECTION('',(1.E0,0.E0,0.E0));
#10613=AXIS2_PLACEMENT_3D('',#10610,#10611,#10612);
#10614=PLANE('',#10613);
#10615=ORIENTED_EDGE('',*,*,#10574,.F.);
#10617=ORIENTED_EDGE('',*,*,#10616,.T.);
#10618=ORIENTED_EDGE('',*,*,#10602,.F.);
#10619=ORIENTED_EDGE('',*,*,#9598,.F.);
#10620=EDGE_LOOP('',(#10615,#10617,#10618,#10619));
#10621=FACE_OUTER_BOUND('',#10620,.F.);
#10622=ADVANCED_FACE('',(#10621),#10614,.T.);
#10623=CARTESIAN_POINT('',(0.E0,2.85E-1,0.E0));
#10624=DIRECTION('',(0.E0,1.E0,0.E0));
#10625=DIRECTION('',(1.E0,0.E0,0.E0));
#10626=AXIS2_PLACEMENT_3D('',#10623,#10624,#10625);
#10627=PLANE('',#10626);
#10628=ORIENTED_EDGE('',*,*,#10572,.T.);
#10629=ORIENTED_EDGE('',*,*,#10591,.F.);
#10630=ORIENTED_EDGE('',*,*,#10604,.F.);
#10631=ORIENTED_EDGE('',*,*,#10616,.F.);
#10632=EDGE_LOOP('',(#10628,#10629,#10630,#10631));
#10633=FACE_OUTER_BOUND('',#10632,.F.);
#10634=ADVANCED_FACE('',(#10633),#10627,.T.);
#10635=CARTESIAN_POINT('',(0.E0,2.85E-1,0.E0));
#10636=DIRECTION('',(0.E0,1.E0,0.E0));
#10637=DIRECTION('',(1.E0,0.E0,0.E0));
#10638=AXIS2_PLACEMENT_3D('',#10635,#10636,#10637);
#10639=PLANE('',#10638);
#10640=ORIENTED_EDGE('',*,*,#10371,.F.);
#10642=ORIENTED_EDGE('',*,*,#10641,.F.);
#10644=ORIENTED_EDGE('',*,*,#10643,.F.);
#10646=ORIENTED_EDGE('',*,*,#10645,.F.);
#10647=EDGE_LOOP('',(#10640,#10642,#10644,#10646));
#10648=FACE_OUTER_BOUND('',#10647,.F.);
#10649=ADVANCED_FACE('',(#10648),#10639,.T.);
#10650=CARTESIAN_POINT('',(1.19E0,1.E-1,1.9E-1));
#10651=DIRECTION('',(0.E0,0.E0,1.E0));
#10652=DIRECTION('',(1.E0,0.E0,0.E0));
#10653=AXIS2_PLACEMENT_3D('',#10650,#10651,#10652);
#10654=PLANE('',#10653);
#10655=ORIENTED_EDGE('',*,*,#10369,.T.);
#10656=ORIENTED_EDGE('',*,*,#9632,.T.);
#10658=ORIENTED_EDGE('',*,*,#10657,.T.);
#10659=ORIENTED_EDGE('',*,*,#10641,.T.);
#10660=EDGE_LOOP('',(#10655,#10656,#10658,#10659));
#10661=FACE_OUTER_BOUND('',#10660,.F.);
#10662=ADVANCED_FACE('',(#10661),#10654,.T.);
#10663=CARTESIAN_POINT('',(1.19E0,1.E-1,-1.9E-1));
#10664=DIRECTION('',(-1.E0,0.E0,0.E0));
#10665=DIRECTION('',(0.E0,0.E0,1.E0));
#10666=AXIS2_PLACEMENT_3D('',#10663,#10664,#10665);
#10667=PLANE('',#10666);
#10668=ORIENTED_EDGE('',*,*,#9630,.F.);
#10670=ORIENTED_EDGE('',*,*,#10669,.T.);
#10671=ORIENTED_EDGE('',*,*,#10643,.T.);
#10672=ORIENTED_EDGE('',*,*,#10657,.F.);
#10673=EDGE_LOOP('',(#10668,#10670,#10671,#10672));
#10674=FACE_OUTER_BOUND('',#10673,.F.);
#10675=ADVANCED_FACE('',(#10674),#10667,.T.);
#10676=CARTESIAN_POINT('',(1.295E0,1.E-1,-1.9E-1));
#10677=DIRECTION('',(0.E0,0.E0,-1.E0));
#10678=DIRECTION('',(-1.E0,0.E0,0.E0));
#10679=AXIS2_PLACEMENT_3D('',#10676,#10677,#10678);
#10680=PLANE('',#10679);
#10681=ORIENTED_EDGE('',*,*,#10373,.F.);
#10682=ORIENTED_EDGE('',*,*,#10645,.T.);
#10683=ORIENTED_EDGE('',*,*,#10669,.F.);
#10684=ORIENTED_EDGE('',*,*,#9628,.F.);
#10685=EDGE_LOOP('',(#10681,#10682,#10683,#10684));
#10686=FACE_OUTER_BOUND('',#10685,.F.);
#10687=ADVANCED_FACE('',(#10686),#10680,.T.);
#10688=CARTESIAN_POINT('',(-1.5E0,4.4E-1,7.5E-1));
#10689=DIRECTION('',(0.E0,0.E0,1.E0));
#10690=DIRECTION('',(0.E0,1.E0,0.E0));
#10691=AXIS2_PLACEMENT_3D('',#10688,#10689,#10690);
#10692=PLANE('',#10691);
#10693=ORIENTED_EDGE('',*,*,#10501,.F.);
#10694=ORIENTED_EDGE('',*,*,#10484,.T.);
#10695=ORIENTED_EDGE('',*,*,#6691,.T.);
#10696=EDGE_LOOP('',(#10693,#10694,#10695));
#10697=FACE_OUTER_BOUND('',#10696,.F.);
#10698=ADVANCED_FACE('',(#10697),#10692,.T.);
#10699=CARTESIAN_POINT('',(-1.295E0,4.6E-1,-6.2E-1));
#10700=DIRECTION('',(-1.E0,0.E0,0.E0));
#10701=DIRECTION('',(0.E0,0.E0,1.E0));
#10702=AXIS2_PLACEMENT_3D('',#10699,#10700,#10701);
#10703=PLANE('',#10702);
#10704=ORIENTED_EDGE('',*,*,#7410,.F.);
#10705=ORIENTED_EDGE('',*,*,#6666,.T.);
#10706=ORIENTED_EDGE('',*,*,#6833,.T.);
#10708=ORIENTED_EDGE('',*,*,#10707,.T.);
#10710=ORIENTED_EDGE('',*,*,#10709,.T.);
#10711=ORIENTED_EDGE('',*,*,#9607,.T.);
#10712=EDGE_LOOP('',(#10704,#10705,#10706,#10708,#10710,#10711));
#10713=FACE_OUTER_BOUND('',#10712,.F.);
#10714=ADVANCED_FACE('',(#10713),#10703,.F.);
#10715=CARTESIAN_POINT('',(-1.295E0,4.6E-1,-6.2E-1));
#10716=DIRECTION('',(-1.E0,0.E0,0.E0));
#10717=DIRECTION('',(0.E0,0.E0,1.E0));
#10718=AXIS2_PLACEMENT_3D('',#10715,#10716,#10717);
#10719=PLANE('',#10718);
#10720=ORIENTED_EDGE('',*,*,#10410,.F.);
#10721=ORIENTED_EDGE('',*,*,#9592,.T.);
#10723=ORIENTED_EDGE('',*,*,#10722,.F.);
#10725=ORIENTED_EDGE('',*,*,#10724,.T.);
#10727=ORIENTED_EDGE('',*,*,#10726,.F.);
#10728=ORIENTED_EDGE('',*,*,#6697,.T.);
#10729=EDGE_LOOP('',(#10720,#10721,#10723,#10725,#10727,#10728));
#10730=FACE_OUTER_BOUND('',#10729,.F.);
#10731=ADVANCED_FACE('',(#10730),#10719,.F.);
#10732=CARTESIAN_POINT('',(0.E0,2.8E-1,1.E0));
#10733=DIRECTION('',(0.E0,1.E0,0.E0));
#10734=DIRECTION('',(1.E0,0.E0,0.E0));
#10735=AXIS2_PLACEMENT_3D('',#10732,#10733,#10734);
#10736=PLANE('',#10735);
#10738=ORIENTED_EDGE('',*,*,#10737,.T.);
#10740=ORIENTED_EDGE('',*,*,#10739,.T.);
#10742=ORIENTED_EDGE('',*,*,#10741,.F.);
#10744=ORIENTED_EDGE('',*,*,#10743,.F.);
#10746=ORIENTED_EDGE('',*,*,#10745,.F.);
#10747=ORIENTED_EDGE('',*,*,#10724,.F.);
#10748=EDGE_LOOP('',(#10738,#10740,#10742,#10744,#10746,#10747));
#10749=FACE_OUTER_BOUND('',#10748,.F.);
#10750=ADVANCED_FACE('',(#10749),#10736,.T.);
#10751=CARTESIAN_POINT('',(0.E0,2.8E-1,1.E0));
#10752=DIRECTION('',(0.E0,1.E0,0.E0));
#10753=DIRECTION('',(1.E0,0.E0,0.E0));
#10754=AXIS2_PLACEMENT_3D('',#10751,#10752,#10753);
#10755=PLANE('',#10754);
#10757=ORIENTED_EDGE('',*,*,#10756,.T.);
#10758=ORIENTED_EDGE('',*,*,#10707,.F.);
#10759=ORIENTED_EDGE('',*,*,#6831,.F.);
#10761=ORIENTED_EDGE('',*,*,#10760,.F.);
#10763=ORIENTED_EDGE('',*,*,#10762,.F.);
#10765=ORIENTED_EDGE('',*,*,#10764,.T.);
#10766=EDGE_LOOP('',(#10757,#10758,#10759,#10761,#10763,#10765));
#10767=FACE_OUTER_BOUND('',#10766,.F.);
#10768=ADVANCED_FACE('',(#10767),#10755,.T.);
#10769=CARTESIAN_POINT('',(0.E0,2.8E-1,1.E0));
#10770=DIRECTION('',(0.E0,1.E0,0.E0));
#10771=DIRECTION('',(1.E0,0.E0,0.E0));
#10772=AXIS2_PLACEMENT_3D('',#10769,#10770,#10771);
#10773=PLANE('',#10772);
#10775=ORIENTED_EDGE('',*,*,#10774,.T.);
#10777=ORIENTED_EDGE('',*,*,#10776,.T.);
#10778=ORIENTED_EDGE('',*,*,#7375,.F.);
#10780=ORIENTED_EDGE('',*,*,#10779,.F.);
#10782=ORIENTED_EDGE('',*,*,#10781,.F.);
#10783=ORIENTED_EDGE('',*,*,#8016,.F.);
#10784=EDGE_LOOP('',(#10775,#10777,#10778,#10780,#10782,#10783));
#10785=FACE_OUTER_BOUND('',#10784,.F.);
#10786=ADVANCED_FACE('',(#10785),#10773,.T.);
#10787=CARTESIAN_POINT('',(0.E0,2.8E-1,1.E0));
#10788=DIRECTION('',(0.E0,1.E0,0.E0));
#10789=DIRECTION('',(1.E0,0.E0,0.E0));
#10790=AXIS2_PLACEMENT_3D('',#10787,#10788,#10789);
#10791=PLANE('',#10790);
#10793=ORIENTED_EDGE('',*,*,#10792,.T.);
#10795=ORIENTED_EDGE('',*,*,#10794,.T.);
#10796=ORIENTED_EDGE('',*,*,#8103,.F.);
#10798=ORIENTED_EDGE('',*,*,#10797,.F.);
#10799=ORIENTED_EDGE('',*,*,#7333,.F.);
#10800=ORIENTED_EDGE('',*,*,#7358,.F.);
#10801=EDGE_LOOP('',(#10793,#10795,#10796,#10798,#10799,#10800));
#10802=FACE_OUTER_BOUND('',#10801,.F.);
#10803=ADVANCED_FACE('',(#10802),#10791,.T.);
#10804=CARTESIAN_POINT('',(-1.295E0,4.6E-1,6.2E-1));
#10805=DIRECTION('',(0.E0,0.E0,1.E0));
#10806=DIRECTION('',(1.E0,0.E0,0.E0));
#10807=AXIS2_PLACEMENT_3D('',#10804,#10805,#10806);
#10808=PLANE('',#10807);
#10809=ORIENTED_EDGE('',*,*,#10737,.F.);
#10810=ORIENTED_EDGE('',*,*,#10722,.T.);
#10811=ORIENTED_EDGE('',*,*,#9590,.T.);
#10813=ORIENTED_EDGE('',*,*,#10812,.F.);
#10814=EDGE_LOOP('',(#10809,#10810,#10811,#10813));
#10815=FACE_OUTER_BOUND('',#10814,.F.);
#10816=ADVANCED_FACE('',(#10815),#10808,.F.);
#10817=CARTESIAN_POINT('',(-8.1E-1,4.6E-1,6.2E-1));
#10818=DIRECTION('',(-1.E0,0.E0,0.E0));
#10819=DIRECTION('',(0.E0,0.E0,1.E0));
#10820=AXIS2_PLACEMENT_3D('',#10817,#10818,#10819);
#10821=PLANE('',#10820);
#10823=ORIENTED_EDGE('',*,*,#10822,.F.);
#10824=ORIENTED_EDGE('',*,*,#10739,.F.);
#10825=ORIENTED_EDGE('',*,*,#10812,.T.);
#10826=ORIENTED_EDGE('',*,*,#9588,.T.);
#10827=EDGE_LOOP('',(#10823,#10824,#10825,#10826));
#10828=FACE_OUTER_BOUND('',#10827,.F.);
#10829=ADVANCED_FACE('',(#10828),#10821,.F.);
#10830=CARTESIAN_POINT('',(-8.1E-1,4.6E-1,7.1E-1));
#10831=DIRECTION('',(0.E0,0.E0,1.E0));
#10832=DIRECTION('',(1.E0,0.E0,0.E0));
#10833=AXIS2_PLACEMENT_3D('',#10830,#10831,#10832);
#10834=PLANE('',#10833);
#10835=ORIENTED_EDGE('',*,*,#6434,.T.);
#10837=ORIENTED_EDGE('',*,*,#10836,.F.);
#10838=ORIENTED_EDGE('',*,*,#6506,.F.);
#10840=ORIENTED_EDGE('',*,*,#10839,.T.);
#10842=ORIENTED_EDGE('',*,*,#10841,.T.);
#10843=ORIENTED_EDGE('',*,*,#10741,.T.);
#10844=ORIENTED_EDGE('',*,*,#10822,.T.);
#10845=ORIENTED_EDGE('',*,*,#9586,.T.);
#10846=ORIENTED_EDGE('',*,*,#9420,.F.);
#10848=ORIENTED_EDGE('',*,*,#10847,.T.);
#10849=EDGE_LOOP('',(#10835,#10837,#10838,#10840,#10842,#10843,#10844,#10845,
#10846,#10848));
#10850=FACE_OUTER_BOUND('',#10849,.F.);
#10851=ADVANCED_FACE('',(#10850),#10834,.F.);
#10852=CARTESIAN_POINT('',(-6.3E-1,2.770972792309E-1,9.7E-1));
#10853=DIRECTION('',(0.E0,-9.673111819395E-1,2.535923447086E-1));
#10854=DIRECTION('',(0.E0,-2.535923447086E-1,-9.673111819395E-1));
#10855=AXIS2_PLACEMENT_3D('',#10852,#10853,#10854);
#10856=PLANE('',#10855);
#10857=ORIENTED_EDGE('',*,*,#10836,.T.);
#10858=ORIENTED_EDGE('',*,*,#6432,.T.);
#10860=ORIENTED_EDGE('',*,*,#10859,.T.);
#10861=ORIENTED_EDGE('',*,*,#6508,.F.);
#10862=EDGE_LOOP('',(#10857,#10858,#10860,#10861));
#10863=FACE_OUTER_BOUND('',#10862,.F.);
#10864=ADVANCED_FACE('',(#10863),#10856,.T.);
#10865=CARTESIAN_POINT('',(-6.3E-1,1.78E-1,5.92E-1));
#10866=DIRECTION('',(0.E0,-2.535923447086E-1,-9.673111819395E-1));
#10867=DIRECTION('',(0.E0,9.673111819395E-1,-2.535923447086E-1));
#10868=AXIS2_PLACEMENT_3D('',#10865,#10866,#10867);
#10869=PLANE('',#10868);
#10870=ORIENTED_EDGE('',*,*,#6430,.T.);
#10872=ORIENTED_EDGE('',*,*,#10871,.T.);
#10873=ORIENTED_EDGE('',*,*,#6510,.F.);
#10874=ORIENTED_EDGE('',*,*,#10859,.F.);
#10875=EDGE_LOOP('',(#10870,#10872,#10873,#10874));
#10876=FACE_OUTER_BOUND('',#10875,.F.);
#10877=ADVANCED_FACE('',(#10876),#10869,.T.);
#10878=CARTESIAN_POINT('',(-6.3E-1,3.1E-1,6.504360147529E-1));
#10879=DIRECTION('',(1.E0,0.E0,0.E0));
#10880=DIRECTION('',(0.E0,0.E0,-1.E0));
#10881=AXIS2_PLACEMENT_3D('',#10878,#10879,#10880);
#10882=CYLINDRICAL_SURFACE('',#10881,9.E-2);
#10883=ORIENTED_EDGE('',*,*,#6428,.T.);
#10885=ORIENTED_EDGE('',*,*,#10884,.T.);
#10886=ORIENTED_EDGE('',*,*,#6512,.F.);
#10887=ORIENTED_EDGE('',*,*,#10871,.F.);
#10888=EDGE_LOOP('',(#10883,#10885,#10886,#10887));
#10889=FACE_OUTER_BOUND('',#10888,.F.);
#10890=ADVANCED_FACE('',(#10889),#10882,.T.);
#10891=CARTESIAN_POINT('',(-6.3E-1,3.678508848718E-1,5.814920148722E-1));
#10892=DIRECTION('',(0.E0,6.427876096865E-1,-7.660444431190E-1));
#10893=DIRECTION('',(0.E0,7.660444431190E-1,6.427876096865E-1));
#10894=AXIS2_PLACEMENT_3D('',#10891,#10892,#10893);
#10895=PLANE('',#10894);
#10896=ORIENTED_EDGE('',*,*,#6426,.T.);
#10898=ORIENTED_EDGE('',*,*,#10897,.T.);
#10899=ORIENTED_EDGE('',*,*,#6514,.F.);
#10900=ORIENTED_EDGE('',*,*,#10884,.F.);
#10901=EDGE_LOOP('',(#10896,#10898,#10899,#10900));
#10902=FACE_OUTER_BOUND('',#10901,.F.);
#10903=ADVANCED_FACE('',(#10902),#10895,.T.);
#10904=CARTESIAN_POINT('',(-6.3E-1,3.5E-1,6.84E-1));
#10905=DIRECTION('',(1.E0,0.E0,0.E0));
#10906=DIRECTION('',(0.E0,0.E0,-1.E0));
#10907=AXIS2_PLACEMENT_3D('',#10904,#10905,#10906);
#10908=CYLINDRICAL_SURFACE('',#10907,9.E-2);
#10909=ORIENTED_EDGE('',*,*,#6424,.T.);
#10911=ORIENTED_EDGE('',*,*,#10910,.T.);
#10912=ORIENTED_EDGE('',*,*,#6516,.F.);
#10913=ORIENTED_EDGE('',*,*,#10897,.F.);
#10914=EDGE_LOOP('',(#10909,#10911,#10912,#10913));
#10915=FACE_OUTER_BOUND('',#10914,.F.);
#10916=ADVANCED_FACE('',(#10915),#10908,.T.);
#10917=CARTESIAN_POINT('',(-6.3E-1,4.4E-1,6.84E-1));
#10918=DIRECTION('',(0.E0,1.E0,0.E0));
#10919=DIRECTION('',(0.E0,0.E0,1.E0));
#10920=AXIS2_PLACEMENT_3D('',#10917,#10918,#10919);
#10921=PLANE('',#10920);
#10922=ORIENTED_EDGE('',*,*,#6485,.T.);
#10923=ORIENTED_EDGE('',*,*,#6518,.F.);
#10924=ORIENTED_EDGE('',*,*,#10910,.F.);
#10925=ORIENTED_EDGE('',*,*,#6422,.T.);
#10926=EDGE_LOOP('',(#10922,#10923,#10924,#10925));
#10927=FACE_OUTER_BOUND('',#10926,.F.);
#10928=ADVANCED_FACE('',(#10927),#10921,.T.);
#10929=CARTESIAN_POINT('',(-8.45E-1,3.4E-1,1.E0));
#10930=DIRECTION('',(0.E0,-1.E0,0.E0));
#10931=DIRECTION('',(1.E0,0.E0,0.E0));
#10932=AXIS2_PLACEMENT_3D('',#10929,#10930,#10931);
#10933=PLANE('',#10932);
#10934=ORIENTED_EDGE('',*,*,#6459,.F.);
#10935=ORIENTED_EDGE('',*,*,#9158,.F.);
#10936=ORIENTED_EDGE('',*,*,#9405,.F.);
#10938=ORIENTED_EDGE('',*,*,#10937,.F.);
#10939=EDGE_LOOP('',(#10934,#10935,#10936,#10938));
#10940=FACE_OUTER_BOUND('',#10939,.F.);
#10941=ADVANCED_FACE('',(#10940),#10933,.F.);
#10942=CARTESIAN_POINT('',(-8.45E-1,3.4E-1,1.E0));
#10943=DIRECTION('',(0.E0,-1.E0,0.E0));
#10944=DIRECTION('',(1.E0,0.E0,0.E0));
#10945=AXIS2_PLACEMENT_3D('',#10942,#10943,#10944);
#10946=PLANE('',#10945);
#10947=ORIENTED_EDGE('',*,*,#6544,.T.);
#10949=ORIENTED_EDGE('',*,*,#10948,.F.);
#10951=ORIENTED_EDGE('',*,*,#10950,.T.);
#10953=ORIENTED_EDGE('',*,*,#10952,.T.);
#10954=ORIENTED_EDGE('',*,*,#9177,.F.);
#10955=EDGE_LOOP('',(#10947,#10949,#10951,#10953,#10954));
#10956=FACE_OUTER_BOUND('',#10955,.F.);
#10957=ADVANCED_FACE('',(#10956),#10946,.F.);
#10958=CARTESIAN_POINT('',(-8.45E-1,3.4E-1,1.E0));
#10959=DIRECTION('',(0.E0,-1.E0,0.E0));
#10960=DIRECTION('',(1.E0,0.E0,0.E0));
#10961=AXIS2_PLACEMENT_3D('',#10958,#10959,#10960);
#10962=PLANE('',#10961);
#10963=ORIENTED_EDGE('',*,*,#6436,.F.);
#10964=ORIENTED_EDGE('',*,*,#10847,.F.);
#10965=ORIENTED_EDGE('',*,*,#9418,.F.);
#10966=ORIENTED_EDGE('',*,*,#6367,.T.);
#10967=EDGE_LOOP('',(#10963,#10964,#10965,#10966));
#10968=FACE_OUTER_BOUND('',#10967,.F.);
#10969=ADVANCED_FACE('',(#10968),#10962,.F.);
#10970=CARTESIAN_POINT('',(-8.45E-1,3.4E-1,1.E0));
#10971=DIRECTION('',(0.E0,-1.E0,0.E0));
#10972=DIRECTION('',(1.E0,0.E0,0.E0));
#10973=AXIS2_PLACEMENT_3D('',#10970,#10971,#10972);
#10974=PLANE('',#10973);
#10975=ORIENTED_EDGE('',*,*,#6504,.T.);
#10976=ORIENTED_EDGE('',*,*,#6400,.T.);
#10978=ORIENTED_EDGE('',*,*,#10977,.T.);
#10980=ORIENTED_EDGE('',*,*,#10979,.T.);
#10981=ORIENTED_EDGE('',*,*,#10839,.F.);
#10982=EDGE_LOOP('',(#10975,#10976,#10978,#10980,#10981));
#10983=FACE_OUTER_BOUND('',#10982,.F.);
#10984=ADVANCED_FACE('',(#10983),#10974,.F.);
#10985=CARTESIAN_POINT('',(-5.9E-1,4.6E-1,-7.1E-1));
#10986=DIRECTION('',(0.E0,0.E0,-1.E0));
#10987=DIRECTION('',(-1.E0,0.E0,0.E0));
#10988=AXIS2_PLACEMENT_3D('',#10985,#10986,#10987);
#10989=PLANE('',#10988);
#10990=ORIENTED_EDGE('',*,*,#6461,.F.);
#10991=ORIENTED_EDGE('',*,*,#10937,.T.);
#10992=ORIENTED_EDGE('',*,*,#9403,.T.);
#10993=ORIENTED_EDGE('',*,*,#9613,.T.);
#10995=ORIENTED_EDGE('',*,*,#10994,.F.);
#10996=ORIENTED_EDGE('',*,*,#10762,.T.);
#10998=ORIENTED_EDGE('',*,*,#10997,.F.);
#10999=ORIENTED_EDGE('',*,*,#10948,.T.);
#11000=ORIENTED_EDGE('',*,*,#6542,.T.);
#11002=ORIENTED_EDGE('',*,*,#11001,.T.);
#11003=EDGE_LOOP('',(#10990,#10991,#10992,#10993,#10995,#10996,#10998,#10999,
#11000,#11002));
#11004=FACE_OUTER_BOUND('',#11003,.F.);
#11005=ADVANCED_FACE('',(#11004),#10989,.F.);
#11006=CARTESIAN_POINT('',(-8.1E-1,4.6E-1,-7.1E-1));
#11007=DIRECTION('',(-1.E0,0.E0,0.E0));
#11008=DIRECTION('',(0.E0,0.E0,1.E0));
#11009=AXIS2_PLACEMENT_3D('',#11006,#11007,#11008);
#11010=PLANE('',#11009);
#11011=ORIENTED_EDGE('',*,*,#10994,.T.);
#11012=ORIENTED_EDGE('',*,*,#9611,.T.);
#11014=ORIENTED_EDGE('',*,*,#11013,.F.);
#11015=ORIENTED_EDGE('',*,*,#10764,.F.);
#11016=EDGE_LOOP('',(#11011,#11012,#11014,#11015));
#11017=FACE_OUTER_BOUND('',#11016,.F.);
#11018=ADVANCED_FACE('',(#11017),#11010,.F.);
#11019=CARTESIAN_POINT('',(-8.1E-1,4.6E-1,-6.2E-1));
#11020=DIRECTION('',(0.E0,0.E0,-1.E0));
#11021=DIRECTION('',(-1.E0,0.E0,0.E0));
#11022=AXIS2_PLACEMENT_3D('',#11019,#11020,#11021);
#11023=PLANE('',#11022);
#11024=ORIENTED_EDGE('',*,*,#10756,.F.);
#11025=ORIENTED_EDGE('',*,*,#11013,.T.);
#11026=ORIENTED_EDGE('',*,*,#9609,.T.);
#11027=ORIENTED_EDGE('',*,*,#10709,.F.);
#11028=EDGE_LOOP('',(#11024,#11025,#11026,#11027));
#11029=FACE_OUTER_BOUND('',#11028,.F.);
#11030=ADVANCED_FACE('',(#11029),#11023,.F.);
#11031=CARTESIAN_POINT('',(-8.45E-1,4.4E-1,-7.1E-1));
#11032=DIRECTION('',(1.E0,0.E0,0.E0));
#11033=DIRECTION('',(0.E0,0.E0,-1.E0));
#11034=AXIS2_PLACEMENT_3D('',#11031,#11032,#11033);
#11035=PLANE('',#11034);
#11036=ORIENTED_EDGE('',*,*,#10950,.F.);
#11037=ORIENTED_EDGE('',*,*,#10997,.T.);
#11038=ORIENTED_EDGE('',*,*,#10760,.T.);
#11039=ORIENTED_EDGE('',*,*,#6829,.F.);
#11040=EDGE_LOOP('',(#11036,#11037,#11038,#11039));
#11041=FACE_OUTER_BOUND('',#11040,.F.);
#11042=ADVANCED_FACE('',(#11041),#11035,.F.);
#11043=CARTESIAN_POINT('',(-6.3E-1,1.78E-1,-5.92E-1));
#11044=DIRECTION('',(0.E0,-9.673111819395E-1,-2.535923447086E-1));
#11045=DIRECTION('',(0.E0,2.535923447086E-1,-9.673111819395E-1));
#11046=AXIS2_PLACEMENT_3D('',#11043,#11044,#11045);
#11047=PLANE('',#11046);
#11048=ORIENTED_EDGE('',*,*,#11001,.F.);
#11049=ORIENTED_EDGE('',*,*,#6540,.F.);
#11051=ORIENTED_EDGE('',*,*,#11050,.F.);
#11052=ORIENTED_EDGE('',*,*,#6463,.T.);
#11053=EDGE_LOOP('',(#11048,#11049,#11051,#11052));
#11054=FACE_OUTER_BOUND('',#11053,.F.);
#11055=ADVANCED_FACE('',(#11054),#11047,.T.);
#11056=CARTESIAN_POINT('',(-6.3E-1,2.871766889762E-1,-5.633780083784E-1));
#11057=DIRECTION('',(0.E0,-2.535923447086E-1,9.673111819395E-1));
#11058=DIRECTION('',(0.E0,-9.673111819395E-1,-2.535923447086E-1));
#11059=AXIS2_PLACEMENT_3D('',#11056,#11057,#11058);
#11060=PLANE('',#11059);
#11061=ORIENTED_EDGE('',*,*,#6465,.T.);
#11062=ORIENTED_EDGE('',*,*,#11050,.T.);
#11063=ORIENTED_EDGE('',*,*,#6538,.F.);
#11065=ORIENTED_EDGE('',*,*,#11064,.F.);
#11066=EDGE_LOOP('',(#11061,#11062,#11063,#11065));
#11067=FACE_OUTER_BOUND('',#11066,.F.);
#11068=ADVANCED_FACE('',(#11067),#11060,.T.);
#11069=CARTESIAN_POINT('',(-6.3E-1,3.1E-1,-6.504360147529E-1));
#11070=DIRECTION('',(1.E0,0.E0,0.E0));
#11071=DIRECTION('',(0.E0,0.E0,-1.E0));
#11072=AXIS2_PLACEMENT_3D('',#11069,#11070,#11071);
#11073=CYLINDRICAL_SURFACE('',#11072,9.E-2);
#11074=ORIENTED_EDGE('',*,*,#6467,.T.);
#11075=ORIENTED_EDGE('',*,*,#11064,.T.);
#11076=ORIENTED_EDGE('',*,*,#6536,.F.);
#11078=ORIENTED_EDGE('',*,*,#11077,.F.);
#11079=EDGE_LOOP('',(#11074,#11075,#11076,#11078));
#11080=FACE_OUTER_BOUND('',#11079,.F.);
#11081=ADVANCED_FACE('',(#11080),#11073,.T.);
#11082=CARTESIAN_POINT('',(-6.3E-1,4.078508848718E-1,-6.150560001193E-1));
#11083=DIRECTION('',(0.E0,6.427876096865E-1,7.660444431190E-1));
#11084=DIRECTION('',(0.E0,-7.660444431190E-1,6.427876096865E-1));
#11085=AXIS2_PLACEMENT_3D('',#11082,#11083,#11084);
#11086=PLANE('',#11085);
#11087=ORIENTED_EDGE('',*,*,#6469,.T.);
#11088=ORIENTED_EDGE('',*,*,#11077,.T.);
#11089=ORIENTED_EDGE('',*,*,#6534,.F.);
#11091=ORIENTED_EDGE('',*,*,#11090,.F.);
#11092=EDGE_LOOP('',(#11087,#11088,#11089,#11091));
#11093=FACE_OUTER_BOUND('',#11092,.F.);
#11094=ADVANCED_FACE('',(#11093),#11086,.T.);
#11095=CARTESIAN_POINT('',(-6.3E-1,3.5E-1,-6.84E-1));
#11096=DIRECTION('',(1.E0,0.E0,0.E0));
#11097=DIRECTION('',(0.E0,0.E0,-1.E0));
#11098=AXIS2_PLACEMENT_3D('',#11095,#11096,#11097);
#11099=CYLINDRICAL_SURFACE('',#11098,9.E-2);
#11100=ORIENTED_EDGE('',*,*,#6471,.T.);
#11101=ORIENTED_EDGE('',*,*,#11090,.T.);
#11102=ORIENTED_EDGE('',*,*,#6532,.F.);
#11104=ORIENTED_EDGE('',*,*,#11103,.F.);
#11105=EDGE_LOOP('',(#11100,#11101,#11102,#11104));
#11106=FACE_OUTER_BOUND('',#11105,.F.);
#11107=ADVANCED_FACE('',(#11106),#11099,.T.);
#11108=CARTESIAN_POINT('',(-8.05E-1,4.4E-1,-8.8E-1));
#11109=DIRECTION('',(0.E0,1.E0,0.E0));
#11110=DIRECTION('',(1.E0,0.E0,0.E0));
#11111=AXIS2_PLACEMENT_3D('',#11108,#11109,#11110);
#11112=PLANE('',#11111);
#11114=ORIENTED_EDGE('',*,*,#11113,.T.);
#11115=ORIENTED_EDGE('',*,*,#6473,.T.);
#11116=ORIENTED_EDGE('',*,*,#11103,.T.);
#11117=ORIENTED_EDGE('',*,*,#6530,.F.);
#11118=EDGE_LOOP('',(#11114,#11115,#11116,#11117));
#11119=FACE_OUTER_BOUND('',#11118,.F.);
#11120=ADVANCED_FACE('',(#11119),#11112,.T.);
#11121=CARTESIAN_POINT('',(-6.3126E0,3.2E-1,-8.5E-1));
#11122=DIRECTION('',(1.E0,0.E0,0.E0));
#11123=DIRECTION('',(0.E0,0.E0,-1.E0));
#11124=AXIS2_PLACEMENT_3D('',#11121,#11122,#11123);
#11125=CYLINDRICAL_SURFACE('',#11124,1.2E-1);
#11126=ORIENTED_EDGE('',*,*,#6451,.T.);
#11127=ORIENTED_EDGE('',*,*,#11113,.F.);
#11128=ORIENTED_EDGE('',*,*,#6528,.T.);
#11129=ORIENTED_EDGE('',*,*,#7100,.T.);
#11130=EDGE_LOOP('',(#11126,#11127,#11128,#11129));
#11131=FACE_OUTER_BOUND('',#11130,.F.);
#11132=ADVANCED_FACE('',(#11131),#11125,.T.);
#11133=CARTESIAN_POINT('',(-8.45E-1,4.4E-1,1.E0));
#11134=DIRECTION('',(-1.E0,0.E0,0.E0));
#11135=DIRECTION('',(0.E0,-1.E0,0.E0));
#11136=AXIS2_PLACEMENT_3D('',#11133,#11134,#11135);
#11137=PLANE('',#11136);
#11138=ORIENTED_EDGE('',*,*,#6827,.F.);
#11139=ORIENTED_EDGE('',*,*,#6625,.T.);
#11140=ORIENTED_EDGE('',*,*,#9179,.T.);
#11141=ORIENTED_EDGE('',*,*,#10952,.F.);
#11142=EDGE_LOOP('',(#11138,#11139,#11140,#11141));
#11143=FACE_OUTER_BOUND('',#11142,.F.);
#11144=ADVANCED_FACE('',(#11143),#11137,.F.);
#11145=CARTESIAN_POINT('',(-8.45E-1,4.4E-1,1.E0));
#11146=DIRECTION('',(-1.E0,0.E0,0.E0));
#11147=DIRECTION('',(0.E0,-1.E0,0.E0));
#11148=AXIS2_PLACEMENT_3D('',#11145,#11146,#11147);
#11149=PLANE('',#11148);
#11151=ORIENTED_EDGE('',*,*,#11150,.T.);
#11152=ORIENTED_EDGE('',*,*,#10977,.F.);
#11153=ORIENTED_EDGE('',*,*,#6398,.F.);
#11154=ORIENTED_EDGE('',*,*,#6645,.T.);
#11155=EDGE_LOOP('',(#11151,#11152,#11153,#11154));
#11156=FACE_OUTER_BOUND('',#11155,.F.);
#11157=ADVANCED_FACE('',(#11156),#11149,.F.);
#11158=CARTESIAN_POINT('',(-1.295E0,4.4E-1,7.4E-1));
#11159=DIRECTION('',(0.E0,0.E0,1.E0));
#11160=DIRECTION('',(1.E0,0.E0,0.E0));
#11161=AXIS2_PLACEMENT_3D('',#11158,#11159,#11160);
#11162=PLANE('',#11161);
#11163=ORIENTED_EDGE('',*,*,#6922,.F.);
#11164=ORIENTED_EDGE('',*,*,#6699,.T.);
#11165=ORIENTED_EDGE('',*,*,#10726,.T.);
#11166=ORIENTED_EDGE('',*,*,#10745,.T.);
#11168=ORIENTED_EDGE('',*,*,#11167,.F.);
#11169=ORIENTED_EDGE('',*,*,#11150,.F.);
#11170=ORIENTED_EDGE('',*,*,#6643,.T.);
#11171=ORIENTED_EDGE('',*,*,#6810,.T.);
#11173=ORIENTED_EDGE('',*,*,#11172,.F.);
#11174=EDGE_LOOP('',(#11163,#11164,#11165,#11166,#11168,#11169,#11170,#11171,
#11173));
#11175=FACE_OUTER_BOUND('',#11174,.F.);
#11176=ADVANCED_FACE('',(#11175),#11162,.F.);
#11177=CARTESIAN_POINT('',(-8.45E-1,4.4E-1,7.4E-1));
#11178=DIRECTION('',(1.E0,0.E0,0.E0));
#11179=DIRECTION('',(0.E0,0.E0,-1.E0));
#11180=AXIS2_PLACEMENT_3D('',#11177,#11178,#11179);
#11181=PLANE('',#11180);
#11182=ORIENTED_EDGE('',*,*,#10979,.F.);
#11183=ORIENTED_EDGE('',*,*,#11167,.T.);
#11184=ORIENTED_EDGE('',*,*,#10743,.T.);
#11185=ORIENTED_EDGE('',*,*,#10841,.F.);
#11186=EDGE_LOOP('',(#11182,#11183,#11184,#11185));
#11187=FACE_OUTER_BOUND('',#11186,.F.);
#11188=ADVANCED_FACE('',(#11187),#11181,.F.);
#11189=CARTESIAN_POINT('',(-1.081299423149E0,3.2E-1,9.7E-1));
#11190=DIRECTION('',(0.E0,-1.E0,0.E0));
#11191=DIRECTION('',(0.E0,0.E0,-1.E0));
#11192=AXIS2_PLACEMENT_3D('',#11189,#11190,#11191);
#11193=PLANE('',#11192);
#11194=ORIENTED_EDGE('',*,*,#6879,.F.);
#11195=ORIENTED_EDGE('',*,*,#6924,.F.);
#11196=ORIENTED_EDGE('',*,*,#11172,.T.);
#11197=ORIENTED_EDGE('',*,*,#6808,.T.);
#11199=ORIENTED_EDGE('',*,*,#11198,.F.);
#11200=EDGE_LOOP('',(#11194,#11195,#11196,#11197,#11199));
#11201=FACE_OUTER_BOUND('',#11200,.F.);
#11202=ADVANCED_FACE('',(#11201),#11193,.T.);
#11203=CARTESIAN_POINT('',(-1.081299423149E0,3.2E-1,6.4E-1));
#11204=DIRECTION('',(0.E0,0.E0,-1.E0));
#11205=DIRECTION('',(0.E0,1.E0,0.E0));
#11206=AXIS2_PLACEMENT_3D('',#11203,#11204,#11205);
#11207=PLANE('',#11206);
#11208=ORIENTED_EDGE('',*,*,#11198,.T.);
#11209=ORIENTED_EDGE('',*,*,#6806,.T.);
#11211=ORIENTED_EDGE('',*,*,#11210,.T.);
#11212=ORIENTED_EDGE('',*,*,#6881,.F.);
#11213=EDGE_LOOP('',(#11208,#11209,#11211,#11212));
#11214=FACE_OUTER_BOUND('',#11213,.F.);
#11215=ADVANCED_FACE('',(#11214),#11207,.T.);
#11216=CARTESIAN_POINT('',(-1.081299423149E0,4.04E-1,6.4E-1));
#11217=DIRECTION('',(0.E0,7.393286231677E-1,-6.733447757019E-1));
#11218=DIRECTION('',(0.E0,6.733447757019E-1,7.393286231677E-1));
#11219=AXIS2_PLACEMENT_3D('',#11216,#11217,#11218);
#11220=PLANE('',#11219);
#11221=ORIENTED_EDGE('',*,*,#6804,.T.);
#11222=ORIENTED_EDGE('',*,*,#7004,.F.);
#11224=ORIENTED_EDGE('',*,*,#11223,.T.);
#11225=ORIENTED_EDGE('',*,*,#6927,.F.);
#11226=ORIENTED_EDGE('',*,*,#6883,.F.);
#11227=ORIENTED_EDGE('',*,*,#11210,.F.);
#11228=EDGE_LOOP('',(#11221,#11222,#11224,#11225,#11226,#11227));
#11229=FACE_OUTER_BOUND('',#11228,.F.);
#11230=ADVANCED_FACE('',(#11229),#11220,.T.);
#11231=CARTESIAN_POINT('',(-1.081299423149E0,4.6E-1,8.5E-1));
#11232=DIRECTION('',(1.E0,0.E0,0.E0));
#11233=DIRECTION('',(0.E0,0.E0,-1.E0));
#11234=AXIS2_PLACEMENT_3D('',#11231,#11232,#11233);
#11235=CYLINDRICAL_SURFACE('',#11234,1.E-1);
#11236=ORIENTED_EDGE('',*,*,#6989,.F.);
#11237=ORIENTED_EDGE('',*,*,#6929,.F.);
#11238=ORIENTED_EDGE('',*,*,#11223,.F.);
#11239=ORIENTED_EDGE('',*,*,#7002,.F.);
#11240=EDGE_LOOP('',(#11236,#11237,#11238,#11239));
#11241=FACE_OUTER_BOUND('',#11240,.F.);
#11242=ADVANCED_FACE('',(#11241),#11235,.T.);
#11243=CARTESIAN_POINT('',(8.1E-1,4.6E-1,7.1E-1));
#11244=DIRECTION('',(1.E0,0.E0,0.E0));
#11245=DIRECTION('',(0.E0,0.E0,-1.E0));
#11246=AXIS2_PLACEMENT_3D('',#11243,#11244,#11245);
#11247=PLANE('',#11246);
#11248=ORIENTED_EDGE('',*,*,#10774,.F.);
#11249=ORIENTED_EDGE('',*,*,#8014,.T.);
#11250=ORIENTED_EDGE('',*,*,#9580,.T.);
#11252=ORIENTED_EDGE('',*,*,#11251,.F.);
#11253=EDGE_LOOP('',(#11248,#11249,#11250,#11252));
#11254=FACE_OUTER_BOUND('',#11253,.F.);
#11255=ADVANCED_FACE('',(#11254),#11247,.F.);
#11256=CARTESIAN_POINT('',(8.1E-1,4.6E-1,6.2E-1));
#11257=DIRECTION('',(0.E0,0.E0,1.E0));
#11258=DIRECTION('',(1.E0,0.E0,0.E0));
#11259=AXIS2_PLACEMENT_3D('',#11256,#11257,#11258);
#11260=PLANE('',#11259);
#11261=ORIENTED_EDGE('',*,*,#10776,.F.);
#11262=ORIENTED_EDGE('',*,*,#11251,.T.);
#11263=ORIENTED_EDGE('',*,*,#9578,.T.);
#11264=ORIENTED_EDGE('',*,*,#7377,.F.);
#11265=EDGE_LOOP('',(#11261,#11262,#11263,#11264));
#11266=FACE_OUTER_BOUND('',#11265,.F.);
#11267=ADVANCED_FACE('',(#11266),#11260,.F.);
#11268=CARTESIAN_POINT('',(8.45E-1,4.4E-1,7.4E-1));
#11269=DIRECTION('',(0.E0,0.E0,1.E0));
#11270=DIRECTION('',(1.E0,0.E0,0.E0));
#11271=AXIS2_PLACEMENT_3D('',#11268,#11269,#11270);
#11272=PLANE('',#11271);
#11274=ORIENTED_EDGE('',*,*,#11273,.F.);
#11276=ORIENTED_EDGE('',*,*,#11275,.F.);
#11278=ORIENTED_EDGE('',*,*,#11277,.F.);
#11279=ORIENTED_EDGE('',*,*,#7172,.F.);
#11281=ORIENTED_EDGE('',*,*,#11280,.F.);
#11283=ORIENTED_EDGE('',*,*,#11282,.T.);
#11284=ORIENTED_EDGE('',*,*,#10779,.T.);
#11285=ORIENTED_EDGE('',*,*,#7373,.F.);
#11286=ORIENTED_EDGE('',*,*,#7218,.F.);
#11287=EDGE_LOOP('',(#11274,#11276,#11278,#11279,#11281,#11283,#11284,#11285,
#11286));
#11288=FACE_OUTER_BOUND('',#11287,.F.);
#11289=ADVANCED_FACE('',(#11288),#11272,.F.);
#11290=CARTESIAN_POINT('',(1.263799423149E0,5.E-1,7.7E-1));
#11291=DIRECTION('',(8.E-1,0.E0,-6.E-1));
#11292=DIRECTION('',(-6.E-1,0.E0,-8.E-1));
#11293=AXIS2_PLACEMENT_3D('',#11290,#11291,#11292);
#11294=PLANE('',#11293);
#11295=ORIENTED_EDGE('',*,*,#6959,.T.);
#11297=ORIENTED_EDGE('',*,*,#11296,.F.);
#11299=ORIENTED_EDGE('',*,*,#11298,.T.);
#11301=ORIENTED_EDGE('',*,*,#11300,.T.);
#11303=ORIENTED_EDGE('',*,*,#11302,.F.);
#11305=ORIENTED_EDGE('',*,*,#11304,.T.);
#11306=ORIENTED_EDGE('',*,*,#11273,.T.);
#11307=ORIENTED_EDGE('',*,*,#7216,.T.);
#11308=EDGE_LOOP('',(#11295,#11297,#11299,#11301,#11303,#11305,#11306,#11307));
#11309=FACE_OUTER_BOUND('',#11308,.F.);
#11310=ADVANCED_FACE('',(#11309),#11294,.T.);
#11311=CARTESIAN_POINT('',(-6.3126E0,4.4E-1,8.5E-1));
#11312=DIRECTION('',(1.E0,0.E0,0.E0));
#11313=DIRECTION('',(0.E0,1.E0,0.E0));
#11314=AXIS2_PLACEMENT_3D('',#11311,#11312,#11313);
#11315=CYLINDRICAL_SURFACE('',#11314,1.2E-1);
#11316=ORIENTED_EDGE('',*,*,#11296,.T.);
#11317=ORIENTED_EDGE('',*,*,#6957,.T.);
#11319=ORIENTED_EDGE('',*,*,#11318,.T.);
#11320=ORIENTED_EDGE('',*,*,#6611,.F.);
#11322=ORIENTED_EDGE('',*,*,#11321,.T.);
#11324=ORIENTED_EDGE('',*,*,#11323,.T.);
#11325=EDGE_LOOP('',(#11316,#11317,#11319,#11320,#11322,#11324));
#11326=FACE_OUTER_BOUND('',#11325,.F.);
#11327=ADVANCED_FACE('',(#11326),#11315,.T.);
#11328=CARTESIAN_POINT('',(1.35E0,5.6E-1,8.8E-1));
#11329=DIRECTION('',(-1.E0,0.E0,0.E0));
#11330=DIRECTION('',(0.E0,-1.E0,0.E0));
#11331=AXIS2_PLACEMENT_3D('',#11328,#11329,#11330);
#11332=PLANE('',#11331);
#11333=ORIENTED_EDGE('',*,*,#6955,.T.);
#11334=ORIENTED_EDGE('',*,*,#7213,.T.);
#11335=ORIENTED_EDGE('',*,*,#11318,.F.);
#11336=EDGE_LOOP('',(#11333,#11334,#11335));
#11337=FACE_OUTER_BOUND('',#11336,.F.);
#11338=ADVANCED_FACE('',(#11337),#11332,.F.);
#11339=CARTESIAN_POINT('',(9.812994231491E-1,4.766450999949E-1,8.65E-1));
#11340=DIRECTION('',(-7.241379310345E-1,0.E0,6.896551724138E-1));
#11341=DIRECTION('',(6.896551724138E-1,0.E0,7.241379310345E-1));
#11342=AXIS2_PLACEMENT_3D('',#11339,#11340,#11341);
#11343=PLANE('',#11342);
#11344=ORIENTED_EDGE('',*,*,#11321,.F.);
#11346=ORIENTED_EDGE('',*,*,#11345,.T.);
#11347=ORIENTED_EDGE('',*,*,#7166,.T.);
#11349=ORIENTED_EDGE('',*,*,#11348,.T.);
#11351=ORIENTED_EDGE('',*,*,#11350,.T.);
#11353=ORIENTED_EDGE('',*,*,#11352,.T.);
#11354=EDGE_LOOP('',(#11344,#11346,#11347,#11349,#11351,#11353));
#11355=FACE_OUTER_BOUND('',#11354,.F.);
#11356=ADVANCED_FACE('',(#11355),#11343,.T.);
#11357=CARTESIAN_POINT('',(8.45E-1,4.4E-1,1.E0));
#11358=DIRECTION('',(0.E0,-1.E0,0.E0));
#11359=DIRECTION('',(1.E0,0.E0,0.E0));
#11360=AXIS2_PLACEMENT_3D('',#11357,#11358,#11359);
#11361=PLANE('',#11360);
#11362=ORIENTED_EDGE('',*,*,#11345,.F.);
#11364=ORIENTED_EDGE('',*,*,#11363,.T.);
#11365=ORIENTED_EDGE('',*,*,#8290,.F.);
#11366=EDGE_LOOP('',(#11362,#11364,#11365));
#11367=FACE_OUTER_BOUND('',#11366,.F.);
#11368=ADVANCED_FACE('',(#11367),#11361,.T.);
#11369=CARTESIAN_POINT('',(1.081299423149E0,3.95E-1,-8.8E-1));
#11370=DIRECTION('',(-1.E0,0.E0,0.E0));
#11371=DIRECTION('',(0.E0,1.E0,0.E0));
#11372=AXIS2_PLACEMENT_3D('',#11369,#11370,#11371);
#11373=PLANE('',#11372);
#11374=ORIENTED_EDGE('',*,*,#7059,.T.);
#11376=ORIENTED_EDGE('',*,*,#11375,.T.);
#11377=ORIENTED_EDGE('',*,*,#7836,.T.);
#11379=ORIENTED_EDGE('',*,*,#11378,.T.);
#11380=EDGE_LOOP('',(#11374,#11376,#11377,#11379));
#11381=FACE_OUTER_BOUND('',#11380,.F.);
#11382=ADVANCED_FACE('',(#11381),#11373,.T.);
#11383=CARTESIAN_POINT('',(1.081299423149E0,3.95E-1,-8.8E-1));
#11384=DIRECTION('',(-1.E0,0.E0,0.E0));
#11385=DIRECTION('',(0.E0,1.E0,0.E0));
#11386=AXIS2_PLACEMENT_3D('',#11383,#11384,#11385);
#11387=PLANE('',#11386);
#11388=ORIENTED_EDGE('',*,*,#6609,.T.);
#11390=ORIENTED_EDGE('',*,*,#11389,.T.);
#11391=ORIENTED_EDGE('',*,*,#8292,.F.);
#11392=ORIENTED_EDGE('',*,*,#11363,.F.);
#11393=EDGE_LOOP('',(#11388,#11390,#11391,#11392));
#11394=FACE_OUTER_BOUND('',#11393,.F.);
#11395=ADVANCED_FACE('',(#11394),#11387,.T.);
#11396=CARTESIAN_POINT('',(8.45E-1,4.4E-1,1.E0));
#11397=DIRECTION('',(0.E0,-1.E0,0.E0));
#11398=DIRECTION('',(1.E0,0.E0,0.E0));
#11399=AXIS2_PLACEMENT_3D('',#11396,#11397,#11398);
#11400=PLANE('',#11399);
#11401=ORIENTED_EDGE('',*,*,#7248,.F.);
#11402=ORIENTED_EDGE('',*,*,#7838,.F.);
#11403=ORIENTED_EDGE('',*,*,#11375,.F.);
#11404=EDGE_LOOP('',(#11401,#11402,#11403));
#11405=FACE_OUTER_BOUND('',#11404,.F.);
#11406=ADVANCED_FACE('',(#11405),#11400,.T.);
#11407=CARTESIAN_POINT('',(9.262994231491E-1,2.4E-1,-8.8E-1));
#11408=DIRECTION('',(-7.071067811865E-1,7.071067811865E-1,0.E0));
#11409=DIRECTION('',(7.071067811865E-1,7.071067811865E-1,0.E0));
#11410=AXIS2_PLACEMENT_3D('',#11407,#11408,#11409);
#11411=PLANE('',#11410);
#11412=ORIENTED_EDGE('',*,*,#7834,.F.);
#11414=ORIENTED_EDGE('',*,*,#11413,.T.);
#11415=ORIENTED_EDGE('',*,*,#7061,.T.);
#11416=ORIENTED_EDGE('',*,*,#11378,.F.);
#11417=EDGE_LOOP('',(#11412,#11414,#11415,#11416));
#11418=FACE_OUTER_BOUND('',#11417,.F.);
#11419=ADVANCED_FACE('',(#11418),#11411,.T.);
#11420=CARTESIAN_POINT('',(8.05E-1,2.4E-1,-8.8E-1));
#11421=DIRECTION('',(0.E0,1.E0,0.E0));
#11422=DIRECTION('',(1.E0,0.E0,0.E0));
#11423=AXIS2_PLACEMENT_3D('',#11420,#11421,#11422);
#11424=PLANE('',#11423);
#11425=ORIENTED_EDGE('',*,*,#7832,.F.);
#11426=ORIENTED_EDGE('',*,*,#8241,.T.);
#11427=ORIENTED_EDGE('',*,*,#7063,.T.);
#11428=ORIENTED_EDGE('',*,*,#11413,.F.);
#11429=EDGE_LOOP('',(#11425,#11426,#11427,#11428));
#11430=FACE_OUTER_BOUND('',#11429,.F.);
#11431=ADVANCED_FACE('',(#11430),#11424,.T.);
#11432=CARTESIAN_POINT('',(9.262994231491E-1,2.4E-1,8.8E-1));
#11433=DIRECTION('',(7.071067811865E-1,-7.071067811865E-1,0.E0));
#11434=DIRECTION('',(7.071067811865E-1,7.071067811865E-1,0.E0));
#11435=AXIS2_PLACEMENT_3D('',#11432,#11433,#11434);
#11436=PLANE('',#11435);
#11438=ORIENTED_EDGE('',*,*,#11437,.F.);
#11439=ORIENTED_EDGE('',*,*,#8294,.T.);
#11440=ORIENTED_EDGE('',*,*,#11389,.F.);
#11441=ORIENTED_EDGE('',*,*,#6607,.F.);
#11442=EDGE_LOOP('',(#11438,#11439,#11440,#11441));
#11443=FACE_OUTER_BOUND('',#11442,.F.);
#11444=ADVANCED_FACE('',(#11443),#11436,.F.);
#11445=CARTESIAN_POINT('',(8.05E-1,2.4E-1,8.8E-1));
#11446=DIRECTION('',(0.E0,-1.E0,0.E0));
#11447=DIRECTION('',(1.E0,0.E0,0.E0));
#11448=AXIS2_PLACEMENT_3D('',#11445,#11446,#11447);
#11449=PLANE('',#11448);
#11450=ORIENTED_EDGE('',*,*,#8228,.F.);
#11451=ORIENTED_EDGE('',*,*,#8296,.T.);
#11452=ORIENTED_EDGE('',*,*,#11437,.T.);
#11453=ORIENTED_EDGE('',*,*,#6605,.F.);
#11454=EDGE_LOOP('',(#11450,#11451,#11452,#11453));
#11455=FACE_OUTER_BOUND('',#11454,.F.);
#11456=ADVANCED_FACE('',(#11455),#11449,.F.);
#11457=CARTESIAN_POINT('',(8.812994231491E-1,0.E0,-8.8E-1));
#11458=DIRECTION('',(1.E0,0.E0,0.E0));
#11459=DIRECTION('',(0.E0,0.E0,-1.E0));
#11460=AXIS2_PLACEMENT_3D('',#11457,#11458,#11459);
#11461=PLANE('',#11460);
#11462=ORIENTED_EDGE('',*,*,#7245,.F.);
#11464=ORIENTED_EDGE('',*,*,#11463,.T.);
#11466=ORIENTED_EDGE('',*,*,#11465,.T.);
#11468=ORIENTED_EDGE('',*,*,#11467,.T.);
#11469=ORIENTED_EDGE('',*,*,#7340,.F.);
#11470=ORIENTED_EDGE('',*,*,#7150,.T.);
#11471=EDGE_LOOP('',(#11462,#11464,#11466,#11468,#11469,#11470));
#11472=FACE_OUTER_BOUND('',#11471,.F.);
#11473=ADVANCED_FACE('',(#11472),#11461,.F.);
#11474=CARTESIAN_POINT('',(8.812994231491E-1,0.E0,-8.8E-1));
#11475=DIRECTION('',(1.E0,0.E0,0.E0));
#11476=DIRECTION('',(0.E0,0.E0,-1.E0));
#11477=AXIS2_PLACEMENT_3D('',#11474,#11475,#11476);
#11478=PLANE('',#11477);
#11479=ORIENTED_EDGE('',*,*,#11348,.F.);
#11480=ORIENTED_EDGE('',*,*,#7174,.T.);
#11481=ORIENTED_EDGE('',*,*,#11277,.T.);
#11483=ORIENTED_EDGE('',*,*,#11482,.T.);
#11485=ORIENTED_EDGE('',*,*,#11484,.T.);
#11487=ORIENTED_EDGE('',*,*,#11486,.T.);
#11488=EDGE_LOOP('',(#11479,#11480,#11481,#11483,#11485,#11487));
#11489=FACE_OUTER_BOUND('',#11488,.F.);
#11490=ADVANCED_FACE('',(#11489),#11478,.F.);
#11491=CARTESIAN_POINT('',(1.081299423149E0,5.339328623168E-1,
-7.826655224298E-1));
#11492=DIRECTION('',(0.E0,-7.393286231677E-1,-6.733447757019E-1));
#11493=DIRECTION('',(0.E0,-6.733447757019E-1,7.393286231677E-1));
#11494=AXIS2_PLACEMENT_3D('',#11491,#11492,#11493);
#11495=PLANE('',#11494);
#11496=ORIENTED_EDGE('',*,*,#11463,.F.);
#11497=ORIENTED_EDGE('',*,*,#7243,.F.);
#11498=ORIENTED_EDGE('',*,*,#7260,.F.);
#11499=ORIENTED_EDGE('',*,*,#7282,.F.);
#11501=ORIENTED_EDGE('',*,*,#11500,.T.);
#11503=ORIENTED_EDGE('',*,*,#11502,.T.);
#11504=EDGE_LOOP('',(#11496,#11497,#11498,#11499,#11501,#11503));
#11505=FACE_OUTER_BOUND('',#11504,.F.);
#11506=ADVANCED_FACE('',(#11505),#11495,.F.);
#11507=CARTESIAN_POINT('',(1.181299423149E0,0.E0,-8.8E-1));
#11508=DIRECTION('',(1.E0,0.E0,0.E0));
#11509=DIRECTION('',(0.E0,0.E0,-1.E0));
#11510=AXIS2_PLACEMENT_3D('',#11507,#11508,#11509);
#11511=PLANE('',#11510);
#11512=ORIENTED_EDGE('',*,*,#11302,.T.);
#11514=ORIENTED_EDGE('',*,*,#11513,.F.);
#11516=ORIENTED_EDGE('',*,*,#11515,.F.);
#11518=ORIENTED_EDGE('',*,*,#11517,.F.);
#11519=EDGE_LOOP('',(#11512,#11514,#11516,#11518));
#11520=FACE_OUTER_BOUND('',#11519,.F.);
#11521=ADVANCED_FACE('',(#11520),#11511,.T.);
#11522=CARTESIAN_POINT('',(1.181299423149E0,0.E0,-8.8E-1));
#11523=DIRECTION('',(1.E0,0.E0,0.E0));
#11524=DIRECTION('',(0.E0,0.E0,-1.E0));
#11525=AXIS2_PLACEMENT_3D('',#11522,#11523,#11524);
#11526=PLANE('',#11525);
#11527=ORIENTED_EDGE('',*,*,#7280,.F.);
#11529=ORIENTED_EDGE('',*,*,#11528,.F.);
#11531=ORIENTED_EDGE('',*,*,#11530,.F.);
#11532=ORIENTED_EDGE('',*,*,#11500,.F.);
#11533=EDGE_LOOP('',(#11527,#11529,#11531,#11532));
#11534=FACE_OUTER_BOUND('',#11533,.F.);
#11535=ADVANCED_FACE('',(#11534),#11526,.T.);
#11536=CARTESIAN_POINT('',(1.081299423149E0,4.04E-1,6.4E-1));
#11537=DIRECTION('',(0.E0,-7.393286231677E-1,6.733447757019E-1));
#11538=DIRECTION('',(0.E0,6.733447757019E-1,7.393286231677E-1));
#11539=AXIS2_PLACEMENT_3D('',#11536,#11537,#11538);
#11540=PLANE('',#11539);
#11542=ORIENTED_EDGE('',*,*,#11541,.F.);
#11543=ORIENTED_EDGE('',*,*,#11350,.F.);
#11544=ORIENTED_EDGE('',*,*,#11486,.F.);
#11546=ORIENTED_EDGE('',*,*,#11545,.F.);
#11547=ORIENTED_EDGE('',*,*,#11513,.T.);
#11548=ORIENTED_EDGE('',*,*,#11300,.F.);
#11549=EDGE_LOOP('',(#11542,#11543,#11544,#11546,#11547,#11548));
#11550=FACE_OUTER_BOUND('',#11549,.F.);
#11551=ADVANCED_FACE('',(#11550),#11540,.F.);
#11552=CARTESIAN_POINT('',(1.081299423149E0,4.6E-1,8.5E-1));
#11553=DIRECTION('',(1.E0,0.E0,0.E0));
#11554=DIRECTION('',(0.E0,0.E0,-1.E0));
#11555=AXIS2_PLACEMENT_3D('',#11552,#11553,#11554);
#11556=CYLINDRICAL_SURFACE('',#11555,1.E-1);
#11557=ORIENTED_EDGE('',*,*,#11323,.F.);
#11558=ORIENTED_EDGE('',*,*,#11352,.F.);
#11559=ORIENTED_EDGE('',*,*,#11541,.T.);
#11560=ORIENTED_EDGE('',*,*,#11298,.F.);
#11561=EDGE_LOOP('',(#11557,#11558,#11559,#11560));
#11562=FACE_OUTER_BOUND('',#11561,.F.);
#11563=ADVANCED_FACE('',(#11562),#11556,.T.);
#11564=CARTESIAN_POINT('',(1.081299423149E0,3.2E-1,6.4E-1));
#11565=DIRECTION('',(0.E0,0.E0,1.E0));
#11566=DIRECTION('',(0.E0,1.E0,0.E0));
#11567=AXIS2_PLACEMENT_3D('',#11564,#11565,#11566);
#11568=PLANE('',#11567);
#11569=ORIENTED_EDGE('',*,*,#11545,.T.);
#11570=ORIENTED_EDGE('',*,*,#11484,.F.);
#11572=ORIENTED_EDGE('',*,*,#11571,.T.);
#11573=ORIENTED_EDGE('',*,*,#11515,.T.);
#11574=EDGE_LOOP('',(#11569,#11570,#11572,#11573));
#11575=FACE_OUTER_BOUND('',#11574,.F.);
#11576=ADVANCED_FACE('',(#11575),#11568,.F.);
#11577=CARTESIAN_POINT('',(1.081299423149E0,3.2E-1,9.7E-1));
#11578=DIRECTION('',(0.E0,1.E0,0.E0));
#11579=DIRECTION('',(0.E0,0.E0,-1.E0));
#11580=AXIS2_PLACEMENT_3D('',#11577,#11578,#11579);
#11581=PLANE('',#11580);
#11582=ORIENTED_EDGE('',*,*,#11275,.T.);
#11583=ORIENTED_EDGE('',*,*,#11304,.F.);
#11584=ORIENTED_EDGE('',*,*,#11517,.T.);
#11585=ORIENTED_EDGE('',*,*,#11571,.F.);
#11586=ORIENTED_EDGE('',*,*,#11482,.F.);
#11587=EDGE_LOOP('',(#11582,#11583,#11584,#11585,#11586));
#11588=FACE_OUTER_BOUND('',#11587,.F.);
#11589=ADVANCED_FACE('',(#11588),#11581,.F.);
#11590=CARTESIAN_POINT('',(1.081299423149E0,3.2E-1,-6.4E-1));
#11591=DIRECTION('',(0.E0,1.E0,0.E0));
#11592=DIRECTION('',(0.E0,0.E0,-1.E0));
#11593=AXIS2_PLACEMENT_3D('',#11590,#11591,#11592);
#11594=PLANE('',#11593);
#11595=ORIENTED_EDGE('',*,*,#11528,.T.);
#11596=ORIENTED_EDGE('',*,*,#7278,.F.);
#11597=ORIENTED_EDGE('',*,*,#7342,.T.);
#11598=ORIENTED_EDGE('',*,*,#11467,.F.);
#11600=ORIENTED_EDGE('',*,*,#11599,.T.);
#11601=EDGE_LOOP('',(#11595,#11596,#11597,#11598,#11600));
#11602=FACE_OUTER_BOUND('',#11601,.F.);
#11603=ADVANCED_FACE('',(#11602),#11594,.F.);
#11604=CARTESIAN_POINT('',(1.081299423149E0,4.04E-1,-6.4E-1));
#11605=DIRECTION('',(0.E0,0.E0,-1.E0));
#11606=DIRECTION('',(0.E0,-1.E0,0.E0));
#11607=AXIS2_PLACEMENT_3D('',#11604,#11605,#11606);
#11608=PLANE('',#11607);
#11609=ORIENTED_EDGE('',*,*,#11599,.F.);
#11610=ORIENTED_EDGE('',*,*,#11465,.F.);
#11611=ORIENTED_EDGE('',*,*,#11502,.F.);
#11612=ORIENTED_EDGE('',*,*,#11530,.T.);
#11613=EDGE_LOOP('',(#11609,#11610,#11611,#11612));
#11614=FACE_OUTER_BOUND('',#11613,.F.);
#11615=ADVANCED_FACE('',(#11614),#11608,.F.);
#11616=CARTESIAN_POINT('',(8.45E-1,3.4E-1,1.E0));
#11617=DIRECTION('',(1.E0,0.E0,0.E0));
#11618=DIRECTION('',(0.E0,1.E0,0.E0));
#11619=AXIS2_PLACEMENT_3D('',#11616,#11617,#11618);
#11620=PLANE('',#11619);
#11621=ORIENTED_EDGE('',*,*,#7337,.F.);
#11622=ORIENTED_EDGE('',*,*,#8064,.T.);
#11623=ORIENTED_EDGE('',*,*,#7826,.T.);
#11624=ORIENTED_EDGE('',*,*,#7154,.F.);
#11625=EDGE_LOOP('',(#11621,#11622,#11623,#11624));
#11626=FACE_OUTER_BOUND('',#11625,.F.);
#11627=ADVANCED_FACE('',(#11626),#11620,.F.);
#11628=CARTESIAN_POINT('',(8.45E-1,3.4E-1,1.E0));
#11629=DIRECTION('',(1.E0,0.E0,0.E0));
#11630=DIRECTION('',(0.E0,1.E0,0.E0));
#11631=AXIS2_PLACEMENT_3D('',#11628,#11629,#11630);
#11632=PLANE('',#11631);
#11633=ORIENTED_EDGE('',*,*,#11280,.T.);
#11634=ORIENTED_EDGE('',*,*,#7170,.F.);
#11635=ORIENTED_EDGE('',*,*,#8300,.F.);
#11636=ORIENTED_EDGE('',*,*,#8083,.T.);
#11637=EDGE_LOOP('',(#11633,#11634,#11635,#11636));
#11638=FACE_OUTER_BOUND('',#11637,.F.);
#11639=ADVANCED_FACE('',(#11638),#11632,.F.);
#11640=CARTESIAN_POINT('',(8.45E-1,4.4E-1,7.1E-1));
#11641=DIRECTION('',(-1.E0,0.E0,0.E0));
#11642=DIRECTION('',(0.E0,0.E0,1.E0));
#11643=AXIS2_PLACEMENT_3D('',#11640,#11641,#11642);
#11644=PLANE('',#11643);
#11645=ORIENTED_EDGE('',*,*,#8081,.F.);
#11646=ORIENTED_EDGE('',*,*,#8018,.T.);
#11647=ORIENTED_EDGE('',*,*,#10781,.T.);
#11648=ORIENTED_EDGE('',*,*,#11282,.F.);
#11649=EDGE_LOOP('',(#11645,#11646,#11647,#11648));
#11650=FACE_OUTER_BOUND('',#11649,.F.);
#11651=ADVANCED_FACE('',(#11650),#11644,.F.);
#11652=CARTESIAN_POINT('',(1.295E0,4.6E-1,-6.2E-1));
#11653=DIRECTION('',(0.E0,0.E0,-1.E0));
#11654=DIRECTION('',(-1.E0,0.E0,0.E0));
#11655=AXIS2_PLACEMENT_3D('',#11652,#11653,#11654);
#11656=PLANE('',#11655);
#11657=ORIENTED_EDGE('',*,*,#10792,.F.);
#11658=ORIENTED_EDGE('',*,*,#7356,.T.);
#11659=ORIENTED_EDGE('',*,*,#9622,.T.);
#11661=ORIENTED_EDGE('',*,*,#11660,.F.);
#11662=EDGE_LOOP('',(#11657,#11658,#11659,#11661));
#11663=FACE_OUTER_BOUND('',#11662,.F.);
#11664=ADVANCED_FACE('',(#11663),#11656,.F.);
#11665=CARTESIAN_POINT('',(8.1E-1,4.6E-1,-6.2E-1));
#11666=DIRECTION('',(1.E0,0.E0,0.E0));
#11667=DIRECTION('',(0.E0,0.E0,-1.E0));
#11668=AXIS2_PLACEMENT_3D('',#11665,#11666,#11667);
#11669=PLANE('',#11668);
#11670=ORIENTED_EDGE('',*,*,#10794,.F.);
#11671=ORIENTED_EDGE('',*,*,#11660,.T.);
#11672=ORIENTED_EDGE('',*,*,#9620,.T.);
#11673=ORIENTED_EDGE('',*,*,#8105,.F.);
#11674=EDGE_LOOP('',(#11670,#11671,#11672,#11673));
#11675=FACE_OUTER_BOUND('',#11674,.F.);
#11676=ADVANCED_FACE('',(#11675),#11669,.F.);
#11677=CARTESIAN_POINT('',(8.45E-1,4.4E-1,-7.4E-1));
#11678=DIRECTION('',(-1.E0,0.E0,0.E0));
#11679=DIRECTION('',(0.E0,0.E0,1.E0));
#11680=AXIS2_PLACEMENT_3D('',#11677,#11678,#11679);
#11681=PLANE('',#11680);
#11682=ORIENTED_EDGE('',*,*,#8066,.F.);
#11683=ORIENTED_EDGE('',*,*,#7335,.T.);
#11684=ORIENTED_EDGE('',*,*,#10797,.T.);
#11685=ORIENTED_EDGE('',*,*,#8101,.F.);
#11686=EDGE_LOOP('',(#11682,#11683,#11684,#11685));
#11687=FACE_OUTER_BOUND('',#11686,.F.);
#11688=ADVANCED_FACE('',(#11687),#11681,.F.);
#11689=CARTESIAN_POINT('',(5.25E-1,0.E0,7.55E-1));
#11690=DIRECTION('',(1.E0,0.E0,0.E0));
#11691=DIRECTION('',(0.E0,0.E0,1.E0));
#11692=AXIS2_PLACEMENT_3D('',#11689,#11690,#11691);
#11693=PLANE('',#11692);
#11694=ORIENTED_EDGE('',*,*,#6283,.F.);
#11696=ORIENTED_EDGE('',*,*,#11695,.T.);
#11697=ORIENTED_EDGE('',*,*,#9349,.T.);
#11698=ORIENTED_EDGE('',*,*,#8269,.F.);
#11699=EDGE_LOOP('',(#11694,#11696,#11697,#11698));
#11700=FACE_OUTER_BOUND('',#11699,.F.);
#11701=ADVANCED_FACE('',(#11700),#11693,.F.);
#11702=CARTESIAN_POINT('',(-5.25E-1,0.E0,7.55E-1));
#11703=DIRECTION('',(0.E0,0.E0,-1.E0));
#11704=DIRECTION('',(1.E0,0.E0,0.E0));
#11705=AXIS2_PLACEMENT_3D('',#11702,#11703,#11704);
#11706=PLANE('',#11705);
#11707=ORIENTED_EDGE('',*,*,#6281,.F.);
#11709=ORIENTED_EDGE('',*,*,#11708,.T.);
#11710=ORIENTED_EDGE('',*,*,#9351,.T.);
#11711=ORIENTED_EDGE('',*,*,#11695,.F.);
#11712=EDGE_LOOP('',(#11707,#11709,#11710,#11711));
#11713=FACE_OUTER_BOUND('',#11712,.F.);
#11714=ADVANCED_FACE('',(#11713),#11706,.F.);
#11715=CARTESIAN_POINT('',(-5.25E-1,0.E0,8.8E-1));
#11716=DIRECTION('',(-1.E0,0.E0,0.E0));
#11717=DIRECTION('',(0.E0,0.E0,-1.E0));
#11718=AXIS2_PLACEMENT_3D('',#11715,#11716,#11717);
#11719=PLANE('',#11718);
#11720=ORIENTED_EDGE('',*,*,#6279,.F.);
#11721=ORIENTED_EDGE('',*,*,#6373,.T.);
#11722=ORIENTED_EDGE('',*,*,#9353,.T.);
#11723=ORIENTED_EDGE('',*,*,#11708,.F.);
#11724=EDGE_LOOP('',(#11720,#11721,#11722,#11723));
#11725=FACE_OUTER_BOUND('',#11724,.F.);
#11726=ADVANCED_FACE('',(#11725),#11719,.F.);
#11727=CARTESIAN_POINT('',(-4.4E-1,1.E-1,9.E-1));
#11728=DIRECTION('',(1.E0,0.E0,0.E0));
#11729=DIRECTION('',(0.E0,0.E0,-1.E0));
#11730=AXIS2_PLACEMENT_3D('',#11727,#11728,#11729);
#11731=CYLINDRICAL_SURFACE('',#11730,1.2E-1);
#11733=ORIENTED_EDGE('',*,*,#11732,.F.);
#11735=ORIENTED_EDGE('',*,*,#11734,.T.);
#11737=ORIENTED_EDGE('',*,*,#11736,.T.);
#11738=ORIENTED_EDGE('',*,*,#9358,.F.);
#11739=EDGE_LOOP('',(#11733,#11735,#11737,#11738));
#11740=FACE_OUTER_BOUND('',#11739,.F.);
#11741=ADVANCED_FACE('',(#11740),#11731,.T.);
#11742=CARTESIAN_POINT('',(-4.E-1,-2.E-2,7.75E-1));
#11743=DIRECTION('',(1.E0,0.E0,0.E0));
#11744=DIRECTION('',(0.E0,0.E0,1.E0));
#11745=AXIS2_PLACEMENT_3D('',#11742,#11743,#11744);
#11746=PLANE('',#11745);
#11748=ORIENTED_EDGE('',*,*,#11747,.T.);
#11750=ORIENTED_EDGE('',*,*,#11749,.T.);
#11752=ORIENTED_EDGE('',*,*,#11751,.T.);
#11754=ORIENTED_EDGE('',*,*,#11753,.T.);
#11755=ORIENTED_EDGE('',*,*,#11732,.T.);
#11756=ORIENTED_EDGE('',*,*,#9364,.T.);
#11758=ORIENTED_EDGE('',*,*,#11757,.F.);
#11760=ORIENTED_EDGE('',*,*,#11759,.T.);
#11761=EDGE_LOOP('',(#11748,#11750,#11752,#11754,#11755,#11756,#11758,#11760));
#11762=FACE_OUTER_BOUND('',#11761,.F.);
#11763=ADVANCED_FACE('',(#11762),#11746,.F.);
#11764=CARTESIAN_POINT('',(-4.4E-1,6.E-2,1.E0));
#11765=DIRECTION('',(0.E0,0.E0,1.E0));
#11766=DIRECTION('',(0.E0,-1.E0,0.E0));
#11767=AXIS2_PLACEMENT_3D('',#11764,#11765,#11766);
#11768=PLANE('',#11767);
#11769=ORIENTED_EDGE('',*,*,#11747,.F.);
#11771=ORIENTED_EDGE('',*,*,#11770,.T.);
#11773=ORIENTED_EDGE('',*,*,#11772,.T.);
#11775=ORIENTED_EDGE('',*,*,#11774,.F.);
#11776=EDGE_LOOP('',(#11769,#11771,#11773,#11775));
#11777=FACE_OUTER_BOUND('',#11776,.F.);
#11778=ADVANCED_FACE('',(#11777),#11768,.T.);
#11779=CARTESIAN_POINT('',(-4.4E-1,6.E-2,9.E-1));
#11780=DIRECTION('',(0.E0,1.E0,0.E0));
#11781=DIRECTION('',(0.E0,0.E0,1.E0));
#11782=AXIS2_PLACEMENT_3D('',#11779,#11780,#11781);
#11783=PLANE('',#11782);
#11784=ORIENTED_EDGE('',*,*,#11759,.F.);
#11786=ORIENTED_EDGE('',*,*,#11785,.T.);
#11788=ORIENTED_EDGE('',*,*,#11787,.T.);
#11789=ORIENTED_EDGE('',*,*,#11770,.F.);
#11790=EDGE_LOOP('',(#11784,#11786,#11788,#11789));
#11791=FACE_OUTER_BOUND('',#11790,.F.);
#11792=ADVANCED_FACE('',(#11791),#11783,.T.);
#11793=CARTESIAN_POINT('',(-4.4E-1,1.E-1,9.E-1));
#11794=DIRECTION('',(1.E0,0.E0,0.E0));
#11795=DIRECTION('',(0.E0,0.E0,-1.E0));
#11796=AXIS2_PLACEMENT_3D('',#11793,#11794,#11795);
#11797=CYLINDRICAL_SURFACE('',#11796,4.E-2);
#11798=ORIENTED_EDGE('',*,*,#11757,.T.);
#11799=ORIENTED_EDGE('',*,*,#9362,.T.);
#11801=ORIENTED_EDGE('',*,*,#11800,.F.);
#11802=ORIENTED_EDGE('',*,*,#11785,.F.);
#11803=EDGE_LOOP('',(#11798,#11799,#11801,#11802));
#11804=FACE_OUTER_BOUND('',#11803,.F.);
#11805=ADVANCED_FACE('',(#11804),#11797,.F.);
#11806=CARTESIAN_POINT('',(-3.E-1,-2.E-2,1.E0));
#11807=DIRECTION('',(-1.E0,0.E0,0.E0));
#11808=DIRECTION('',(0.E0,0.E0,-1.E0));
#11809=AXIS2_PLACEMENT_3D('',#11806,#11807,#11808);
#11810=PLANE('',#11809);
#11811=ORIENTED_EDGE('',*,*,#11772,.F.);
#11812=ORIENTED_EDGE('',*,*,#11787,.F.);
#11813=ORIENTED_EDGE('',*,*,#11800,.T.);
#11814=ORIENTED_EDGE('',*,*,#9360,.T.);
#11815=ORIENTED_EDGE('',*,*,#11736,.F.);
#11817=ORIENTED_EDGE('',*,*,#11816,.F.);
#11819=ORIENTED_EDGE('',*,*,#11818,.F.);
#11821=ORIENTED_EDGE('',*,*,#11820,.F.);
#11822=EDGE_LOOP('',(#11811,#11812,#11813,#11814,#11815,#11817,#11819,#11821));
#11823=FACE_OUTER_BOUND('',#11822,.F.);
#11824=ADVANCED_FACE('',(#11823),#11810,.F.);
#11825=CARTESIAN_POINT('',(-4.4E-1,-2.E-2,9.6E-1));
#11826=DIRECTION('',(0.E0,-1.E0,0.E0));
#11827=DIRECTION('',(0.E0,0.E0,-1.E0));
#11828=AXIS2_PLACEMENT_3D('',#11825,#11826,#11827);
#11829=PLANE('',#11828);
#11830=ORIENTED_EDGE('',*,*,#11753,.F.);
#11832=ORIENTED_EDGE('',*,*,#11831,.T.);
#11833=ORIENTED_EDGE('',*,*,#11816,.T.);
#11834=ORIENTED_EDGE('',*,*,#11734,.F.);
#11835=EDGE_LOOP('',(#11830,#11832,#11833,#11834));
#11836=FACE_OUTER_BOUND('',#11835,.F.);
#11837=ADVANCED_FACE('',(#11836),#11829,.T.);
#11838=CARTESIAN_POINT('',(-4.4E-1,0.E0,9.8E-1));
#11839=DIRECTION('',(0.E0,-7.071067811865E-1,7.071067811866E-1));
#11840=DIRECTION('',(0.E0,-7.071067811866E-1,-7.071067811865E-1));
#11841=AXIS2_PLACEMENT_3D('',#11838,#11839,#11840);
#11842=PLANE('',#11841);
#11844=ORIENTED_EDGE('',*,*,#11843,.T.);
#11845=ORIENTED_EDGE('',*,*,#11818,.T.);
#11846=ORIENTED_EDGE('',*,*,#11831,.F.);
#11847=ORIENTED_EDGE('',*,*,#11751,.F.);
#11848=EDGE_LOOP('',(#11844,#11845,#11846,#11847));
#11849=FACE_OUTER_BOUND('',#11848,.F.);
#11850=ADVANCED_FACE('',(#11849),#11842,.T.);
#11851=CARTESIAN_POINT('',(-4.4E-1,0.E0,1.E0));
#11852=DIRECTION('',(0.E0,-1.E0,0.E0));
#11853=DIRECTION('',(0.E0,0.E0,-1.E0));
#11854=AXIS2_PLACEMENT_3D('',#11851,#11852,#11853);
#11855=PLANE('',#11854);
#11856=ORIENTED_EDGE('',*,*,#11749,.F.);
#11857=ORIENTED_EDGE('',*,*,#11774,.T.);
#11858=ORIENTED_EDGE('',*,*,#11820,.T.);
#11859=ORIENTED_EDGE('',*,*,#11843,.F.);
#11860=EDGE_LOOP('',(#11856,#11857,#11858,#11859));
#11861=FACE_OUTER_BOUND('',#11860,.F.);
#11862=ADVANCED_FACE('',(#11861),#11855,.T.);
#11863=CARTESIAN_POINT('',(-4.4E-1,1.E-1,-9.E-1));
#11864=DIRECTION('',(1.E0,0.E0,0.E0));
#11865=DIRECTION('',(0.E0,0.E0,-1.E0));
#11866=AXIS2_PLACEMENT_3D('',#11863,#11864,#11865);
#11867=CYLINDRICAL_SURFACE('',#11866,4.E-2);
#11869=ORIENTED_EDGE('',*,*,#11868,.T.);
#11871=ORIENTED_EDGE('',*,*,#11870,.T.);
#11873=ORIENTED_EDGE('',*,*,#11872,.F.);
#11874=ORIENTED_EDGE('',*,*,#9306,.F.);
#11875=EDGE_LOOP('',(#11869,#11871,#11873,#11874));
#11876=FACE_OUTER_BOUND('',#11875,.F.);
#11877=ADVANCED_FACE('',(#11876),#11867,.F.);
#11878=CARTESIAN_POINT('',(-4.E-1,-2.E-2,-1.E0));
#11879=DIRECTION('',(1.E0,0.E0,0.E0));
#11880=DIRECTION('',(0.E0,0.E0,1.E0));
#11881=AXIS2_PLACEMENT_3D('',#11878,#11879,#11880);
#11882=PLANE('',#11881);
#11884=ORIENTED_EDGE('',*,*,#11883,.T.);
#11885=ORIENTED_EDGE('',*,*,#11868,.F.);
#11886=ORIENTED_EDGE('',*,*,#9312,.T.);
#11888=ORIENTED_EDGE('',*,*,#11887,.T.);
#11890=ORIENTED_EDGE('',*,*,#11889,.T.);
#11892=ORIENTED_EDGE('',*,*,#11891,.T.);
#11894=ORIENTED_EDGE('',*,*,#11893,.T.);
#11896=ORIENTED_EDGE('',*,*,#11895,.T.);
#11897=EDGE_LOOP('',(#11884,#11885,#11886,#11888,#11890,#11892,#11894,#11896));
#11898=FACE_OUTER_BOUND('',#11897,.F.);
#11899=ADVANCED_FACE('',(#11898),#11882,.F.);
#11900=CARTESIAN_POINT('',(-4.4E-1,6.E-2,-1.E0));
#11901=DIRECTION('',(0.E0,1.E0,0.E0));
#11902=DIRECTION('',(0.E0,0.E0,1.E0));
#11903=AXIS2_PLACEMENT_3D('',#11900,#11901,#11902);
#11904=PLANE('',#11903);
#11905=ORIENTED_EDGE('',*,*,#11883,.F.);
#11907=ORIENTED_EDGE('',*,*,#11906,.T.);
#11909=ORIENTED_EDGE('',*,*,#11908,.T.);
#11910=ORIENTED_EDGE('',*,*,#11870,.F.);
#11911=EDGE_LOOP('',(#11905,#11907,#11909,#11910));
#11912=FACE_OUTER_BOUND('',#11911,.F.);
#11913=ADVANCED_FACE('',(#11912),#11904,.T.);
#11914=CARTESIAN_POINT('',(-4.4E-1,0.E0,-1.E0));
#11915=DIRECTION('',(0.E0,0.E0,-1.E0));
#11916=DIRECTION('',(0.E0,1.E0,0.E0));
#11917=AXIS2_PLACEMENT_3D('',#11914,#11915,#11916);
#11918=PLANE('',#11917);
#11919=ORIENTED_EDGE('',*,*,#11895,.F.);
#11921=ORIENTED_EDGE('',*,*,#11920,.T.);
#11923=ORIENTED_EDGE('',*,*,#11922,.T.);
#11924=ORIENTED_EDGE('',*,*,#11906,.F.);
#11925=EDGE_LOOP('',(#11919,#11921,#11923,#11924));
#11926=FACE_OUTER_BOUND('',#11925,.F.);
#11927=ADVANCED_FACE('',(#11926),#11918,.T.);
#11928=CARTESIAN_POINT('',(-4.4E-1,0.E0,-9.8E-1));
#11929=DIRECTION('',(0.E0,-1.E0,0.E0));
#11930=DIRECTION('',(0.E0,0.E0,-1.E0));
#11931=AXIS2_PLACEMENT_3D('',#11928,#11929,#11930);
#11932=PLANE('',#11931);
#11933=ORIENTED_EDGE('',*,*,#11893,.F.);
#11935=ORIENTED_EDGE('',*,*,#11934,.T.);
#11937=ORIENTED_EDGE('',*,*,#11936,.T.);
#11938=ORIENTED_EDGE('',*,*,#11920,.F.);
#11939=EDGE_LOOP('',(#11933,#11935,#11937,#11938));
#11940=FACE_OUTER_BOUND('',#11939,.F.);
#11941=ADVANCED_FACE('',(#11940),#11932,.T.);
#11942=CARTESIAN_POINT('',(-4.4E-1,-2.E-2,-9.6E-1));
#11943=DIRECTION('',(0.E0,-7.071067811865E-1,-7.071067811866E-1));
#11944=DIRECTION('',(0.E0,7.071067811866E-1,-7.071067811865E-1));
#11945=AXIS2_PLACEMENT_3D('',#11942,#11943,#11944);
#11946=PLANE('',#11945);
#11947=ORIENTED_EDGE('',*,*,#11934,.F.);
#11948=ORIENTED_EDGE('',*,*,#11891,.F.);
#11950=ORIENTED_EDGE('',*,*,#11949,.T.);
#11952=ORIENTED_EDGE('',*,*,#11951,.T.);
#11953=EDGE_LOOP('',(#11947,#11948,#11950,#11952));
#11954=FACE_OUTER_BOUND('',#11953,.F.);
#11955=ADVANCED_FACE('',(#11954),#11946,.T.);
#11956=CARTESIAN_POINT('',(-4.4E-1,-2.E-2,-9.E-1));
#11957=DIRECTION('',(0.E0,-1.E0,0.E0));
#11958=DIRECTION('',(0.E0,0.E0,-1.E0));
#11959=AXIS2_PLACEMENT_3D('',#11956,#11957,#11958);
#11960=PLANE('',#11959);
#11961=ORIENTED_EDGE('',*,*,#11889,.F.);
#11963=ORIENTED_EDGE('',*,*,#11962,.T.);
#11965=ORIENTED_EDGE('',*,*,#11964,.T.);
#11966=ORIENTED_EDGE('',*,*,#11949,.F.);
#11967=EDGE_LOOP('',(#11961,#11963,#11965,#11966));
#11968=FACE_OUTER_BOUND('',#11967,.F.);
#11969=ADVANCED_FACE('',(#11968),#11960,.T.);
#11970=CARTESIAN_POINT('',(-4.4E-1,1.E-1,-9.E-1));
#11971=DIRECTION('',(1.E0,0.E0,0.E0));
#11972=DIRECTION('',(0.E0,0.E0,-1.E0));
#11973=AXIS2_PLACEMENT_3D('',#11970,#11971,#11972);
#11974=CYLINDRICAL_SURFACE('',#11973,1.2E-1);
#11975=ORIENTED_EDGE('',*,*,#11887,.F.);
#11976=ORIENTED_EDGE('',*,*,#9310,.T.);
#11978=ORIENTED_EDGE('',*,*,#11977,.T.);
#11979=ORIENTED_EDGE('',*,*,#11962,.F.);
#11980=EDGE_LOOP('',(#11975,#11976,#11978,#11979));
#11981=FACE_OUTER_BOUND('',#11980,.F.);
#11982=ADVANCED_FACE('',(#11981),#11974,.T.);
#11983=CARTESIAN_POINT('',(-3.E-1,-2.E-2,-7.75E-1));
#11984=DIRECTION('',(-1.E0,0.E0,0.E0));
#11985=DIRECTION('',(0.E0,0.E0,-1.E0));
#11986=AXIS2_PLACEMENT_3D('',#11983,#11984,#11985);
#11987=PLANE('',#11986);
#11988=ORIENTED_EDGE('',*,*,#11908,.F.);
#11989=ORIENTED_EDGE('',*,*,#11922,.F.);
#11990=ORIENTED_EDGE('',*,*,#11936,.F.);
#11991=ORIENTED_EDGE('',*,*,#11951,.F.);
#11992=ORIENTED_EDGE('',*,*,#11964,.F.);
#11993=ORIENTED_EDGE('',*,*,#11977,.F.);
#11994=ORIENTED_EDGE('',*,*,#9308,.T.);
#11995=ORIENTED_EDGE('',*,*,#11872,.T.);
#11996=EDGE_LOOP('',(#11988,#11989,#11990,#11991,#11992,#11993,#11994,#11995));
#11997=FACE_OUTER_BOUND('',#11996,.F.);
#11998=ADVANCED_FACE('',(#11997),#11987,.F.);
#11999=CARTESIAN_POINT('',(-9.E-2,1.E-1,9.E-1));
#12000=DIRECTION('',(1.E0,0.E0,0.E0));
#12001=DIRECTION('',(0.E0,0.E0,-1.E0));
#12002=AXIS2_PLACEMENT_3D('',#11999,#12000,#12001);
#12003=CYLINDRICAL_SURFACE('',#12002,1.2E-1);
#12005=ORIENTED_EDGE('',*,*,#12004,.F.);
#12007=ORIENTED_EDGE('',*,*,#12006,.T.);
#12009=ORIENTED_EDGE('',*,*,#12008,.T.);
#12010=ORIENTED_EDGE('',*,*,#9368,.F.);
#12011=EDGE_LOOP('',(#12005,#12007,#12009,#12010));
#12012=FACE_OUTER_BOUND('',#12011,.F.);
#12013=ADVANCED_FACE('',(#12012),#12003,.T.);
#12014=CARTESIAN_POINT('',(-5.E-2,-2.E-2,7.75E-1));
#12015=DIRECTION('',(1.E0,0.E0,0.E0));
#12016=DIRECTION('',(0.E0,0.E0,1.E0));
#12017=AXIS2_PLACEMENT_3D('',#12014,#12015,#12016);
#12018=PLANE('',#12017);
#12020=ORIENTED_EDGE('',*,*,#12019,.T.);
#12022=ORIENTED_EDGE('',*,*,#12021,.T.);
#12024=ORIENTED_EDGE('',*,*,#12023,.T.);
#12026=ORIENTED_EDGE('',*,*,#12025,.T.);
#12027=ORIENTED_EDGE('',*,*,#12004,.T.);
#12028=ORIENTED_EDGE('',*,*,#9374,.T.);
#12030=ORIENTED_EDGE('',*,*,#12029,.F.);
#12032=ORIENTED_EDGE('',*,*,#12031,.T.);
#12033=EDGE_LOOP('',(#12020,#12022,#12024,#12026,#12027,#12028,#12030,#12032));
#12034=FACE_OUTER_BOUND('',#12033,.F.);
#12035=ADVANCED_FACE('',(#12034),#12018,.F.);
#12036=CARTESIAN_POINT('',(-9.E-2,6.E-2,1.E0));
#12037=DIRECTION('',(0.E0,0.E0,1.E0));
#12038=DIRECTION('',(0.E0,-1.E0,0.E0));
#12039=AXIS2_PLACEMENT_3D('',#12036,#12037,#12038);
#12040=PLANE('',#12039);
#12041=ORIENTED_EDGE('',*,*,#12019,.F.);
#12043=ORIENTED_EDGE('',*,*,#12042,.T.);
#12045=ORIENTED_EDGE('',*,*,#12044,.T.);
#12047=ORIENTED_EDGE('',*,*,#12046,.F.);
#12048=EDGE_LOOP('',(#12041,#12043,#12045,#12047));
#12049=FACE_OUTER_BOUND('',#12048,.F.);
#12050=ADVANCED_FACE('',(#12049),#12040,.T.);
#12051=CARTESIAN_POINT('',(-9.E-2,6.E-2,9.E-1));
#12052=DIRECTION('',(0.E0,1.E0,0.E0));
#12053=DIRECTION('',(0.E0,0.E0,1.E0));
#12054=AXIS2_PLACEMENT_3D('',#12051,#12052,#12053);
#12055=PLANE('',#12054);
#12056=ORIENTED_EDGE('',*,*,#12031,.F.);
#12058=ORIENTED_EDGE('',*,*,#12057,.T.);
#12060=ORIENTED_EDGE('',*,*,#12059,.T.);
#12061=ORIENTED_EDGE('',*,*,#12042,.F.);
#12062=EDGE_LOOP('',(#12056,#12058,#12060,#12061));
#12063=FACE_OUTER_BOUND('',#12062,.F.);
#12064=ADVANCED_FACE('',(#12063),#12055,.T.);
#12065=CARTESIAN_POINT('',(-9.E-2,1.E-1,9.E-1));
#12066=DIRECTION('',(1.E0,0.E0,0.E0));
#12067=DIRECTION('',(0.E0,0.E0,-1.E0));
#12068=AXIS2_PLACEMENT_3D('',#12065,#12066,#12067);
#12069=CYLINDRICAL_SURFACE('',#12068,4.E-2);
#12070=ORIENTED_EDGE('',*,*,#12029,.T.);
#12071=ORIENTED_EDGE('',*,*,#9372,.T.);
#12073=ORIENTED_EDGE('',*,*,#12072,.F.);
#12074=ORIENTED_EDGE('',*,*,#12057,.F.);
#12075=EDGE_LOOP('',(#12070,#12071,#12073,#12074));
#12076=FACE_OUTER_BOUND('',#12075,.F.);
#12077=ADVANCED_FACE('',(#12076),#12069,.F.);
#12078=CARTESIAN_POINT('',(5.E-2,-2.E-2,1.E0));
#12079=DIRECTION('',(-1.E0,0.E0,0.E0));
#12080=DIRECTION('',(0.E0,0.E0,-1.E0));
#12081=AXIS2_PLACEMENT_3D('',#12078,#12079,#12080);
#12082=PLANE('',#12081);
#12083=ORIENTED_EDGE('',*,*,#12044,.F.);
#12084=ORIENTED_EDGE('',*,*,#12059,.F.);
#12085=ORIENTED_EDGE('',*,*,#12072,.T.);
#12086=ORIENTED_EDGE('',*,*,#9370,.T.);
#12087=ORIENTED_EDGE('',*,*,#12008,.F.);
#12089=ORIENTED_EDGE('',*,*,#12088,.F.);
#12091=ORIENTED_EDGE('',*,*,#12090,.F.);
#12093=ORIENTED_EDGE('',*,*,#12092,.F.);
#12094=EDGE_LOOP('',(#12083,#12084,#12085,#12086,#12087,#12089,#12091,#12093));
#12095=FACE_OUTER_BOUND('',#12094,.F.);
#12096=ADVANCED_FACE('',(#12095),#12082,.F.);
#12097=CARTESIAN_POINT('',(-9.E-2,-2.E-2,9.6E-1));
#12098=DIRECTION('',(0.E0,-1.E0,0.E0));
#12099=DIRECTION('',(0.E0,0.E0,-1.E0));
#12100=AXIS2_PLACEMENT_3D('',#12097,#12098,#12099);
#12101=PLANE('',#12100);
#12102=ORIENTED_EDGE('',*,*,#12025,.F.);
#12104=ORIENTED_EDGE('',*,*,#12103,.T.);
#12105=ORIENTED_EDGE('',*,*,#12088,.T.);
#12106=ORIENTED_EDGE('',*,*,#12006,.F.);
#12107=EDGE_LOOP('',(#12102,#12104,#12105,#12106));
#12108=FACE_OUTER_BOUND('',#12107,.F.);
#12109=ADVANCED_FACE('',(#12108),#12101,.T.);
#12110=CARTESIAN_POINT('',(-9.E-2,0.E0,9.8E-1));
#12111=DIRECTION('',(0.E0,-7.071067811865E-1,7.071067811866E-1));
#12112=DIRECTION('',(0.E0,-7.071067811866E-1,-7.071067811865E-1));
#12113=AXIS2_PLACEMENT_3D('',#12110,#12111,#12112);
#12114=PLANE('',#12113);
#12115=ORIENTED_EDGE('',*,*,#12023,.F.);
#12117=ORIENTED_EDGE('',*,*,#12116,.T.);
#12118=ORIENTED_EDGE('',*,*,#12090,.T.);
#12119=ORIENTED_EDGE('',*,*,#12103,.F.);
#12120=EDGE_LOOP('',(#12115,#12117,#12118,#12119));
#12121=FACE_OUTER_BOUND('',#12120,.F.);
#12122=ADVANCED_FACE('',(#12121),#12114,.T.);
#12123=CARTESIAN_POINT('',(-9.E-2,0.E0,1.E0));
#12124=DIRECTION('',(0.E0,-1.E0,0.E0));
#12125=DIRECTION('',(0.E0,0.E0,-1.E0));
#12126=AXIS2_PLACEMENT_3D('',#12123,#12124,#12125);
#12127=PLANE('',#12126);
#12128=ORIENTED_EDGE('',*,*,#12021,.F.);
#12129=ORIENTED_EDGE('',*,*,#12046,.T.);
#12130=ORIENTED_EDGE('',*,*,#12092,.T.);
#12131=ORIENTED_EDGE('',*,*,#12116,.F.);
#12132=EDGE_LOOP('',(#12128,#12129,#12130,#12131));
#12133=FACE_OUTER_BOUND('',#12132,.F.);
#12134=ADVANCED_FACE('',(#12133),#12127,.T.);
#12135=CARTESIAN_POINT('',(-9.E-2,1.E-1,-9.E-1));
#12136=DIRECTION('',(1.E0,0.E0,0.E0));
#12137=DIRECTION('',(0.E0,0.E0,-1.E0));
#12138=AXIS2_PLACEMENT_3D('',#12135,#12136,#12137);
#12139=CYLINDRICAL_SURFACE('',#12138,4.E-2);
#12141=ORIENTED_EDGE('',*,*,#12140,.T.);
#12143=ORIENTED_EDGE('',*,*,#12142,.T.);
#12145=ORIENTED_EDGE('',*,*,#12144,.F.);
#12146=ORIENTED_EDGE('',*,*,#9316,.F.);
#12147=EDGE_LOOP('',(#12141,#12143,#12145,#12146));
#12148=FACE_OUTER_BOUND('',#12147,.F.);
#12149=ADVANCED_FACE('',(#12148),#12139,.F.);
#12150=CARTESIAN_POINT('',(-5.E-2,-2.E-2,-1.E0));
#12151=DIRECTION('',(1.E0,0.E0,0.E0));
#12152=DIRECTION('',(0.E0,0.E0,1.E0));
#12153=AXIS2_PLACEMENT_3D('',#12150,#12151,#12152);
#12154=PLANE('',#12153);
#12156=ORIENTED_EDGE('',*,*,#12155,.T.);
#12157=ORIENTED_EDGE('',*,*,#12140,.F.);
#12158=ORIENTED_EDGE('',*,*,#9322,.T.);
#12160=ORIENTED_EDGE('',*,*,#12159,.T.);
#12162=ORIENTED_EDGE('',*,*,#12161,.T.);
#12164=ORIENTED_EDGE('',*,*,#12163,.T.);
#12166=ORIENTED_EDGE('',*,*,#12165,.T.);
#12168=ORIENTED_EDGE('',*,*,#12167,.T.);
#12169=EDGE_LOOP('',(#12156,#12157,#12158,#12160,#12162,#12164,#12166,#12168));
#12170=FACE_OUTER_BOUND('',#12169,.F.);
#12171=ADVANCED_FACE('',(#12170),#12154,.F.);
#12172=CARTESIAN_POINT('',(-9.E-2,6.E-2,-1.E0));
#12173=DIRECTION('',(0.E0,1.E0,0.E0));
#12174=DIRECTION('',(0.E0,0.E0,1.E0));
#12175=AXIS2_PLACEMENT_3D('',#12172,#12173,#12174);
#12176=PLANE('',#12175);
#12177=ORIENTED_EDGE('',*,*,#12155,.F.);
#12179=ORIENTED_EDGE('',*,*,#12178,.T.);
#12181=ORIENTED_EDGE('',*,*,#12180,.T.);
#12182=ORIENTED_EDGE('',*,*,#12142,.F.);
#12183=EDGE_LOOP('',(#12177,#12179,#12181,#12182));
#12184=FACE_OUTER_BOUND('',#12183,.F.);
#12185=ADVANCED_FACE('',(#12184),#12176,.T.);
#12186=CARTESIAN_POINT('',(-9.E-2,0.E0,-1.E0));
#12187=DIRECTION('',(0.E0,0.E0,-1.E0));
#12188=DIRECTION('',(0.E0,1.E0,0.E0));
#12189=AXIS2_PLACEMENT_3D('',#12186,#12187,#12188);
#12190=PLANE('',#12189);
#12191=ORIENTED_EDGE('',*,*,#12167,.F.);
#12193=ORIENTED_EDGE('',*,*,#12192,.T.);
#12195=ORIENTED_EDGE('',*,*,#12194,.T.);
#12196=ORIENTED_EDGE('',*,*,#12178,.F.);
#12197=EDGE_LOOP('',(#12191,#12193,#12195,#12196));
#12198=FACE_OUTER_BOUND('',#12197,.F.);
#12199=ADVANCED_FACE('',(#12198),#12190,.T.);
#12200=CARTESIAN_POINT('',(-9.E-2,0.E0,-9.8E-1));
#12201=DIRECTION('',(0.E0,-1.E0,0.E0));
#12202=DIRECTION('',(0.E0,0.E0,-1.E0));
#12203=AXIS2_PLACEMENT_3D('',#12200,#12201,#12202);
#12204=PLANE('',#12203);
#12205=ORIENTED_EDGE('',*,*,#12165,.F.);
#12207=ORIENTED_EDGE('',*,*,#12206,.T.);
#12209=ORIENTED_EDGE('',*,*,#12208,.T.);
#12210=ORIENTED_EDGE('',*,*,#12192,.F.);
#12211=EDGE_LOOP('',(#12205,#12207,#12209,#12210));
#12212=FACE_OUTER_BOUND('',#12211,.F.);
#12213=ADVANCED_FACE('',(#12212),#12204,.T.);
#12214=CARTESIAN_POINT('',(-9.E-2,-2.E-2,-9.6E-1));
#12215=DIRECTION('',(0.E0,-7.071067811865E-1,-7.071067811866E-1));
#12216=DIRECTION('',(0.E0,7.071067811866E-1,-7.071067811865E-1));
#12217=AXIS2_PLACEMENT_3D('',#12214,#12215,#12216);
#12218=PLANE('',#12217);
#12219=ORIENTED_EDGE('',*,*,#12163,.F.);
#12221=ORIENTED_EDGE('',*,*,#12220,.T.);
#12223=ORIENTED_EDGE('',*,*,#12222,.T.);
#12224=ORIENTED_EDGE('',*,*,#12206,.F.);
#12225=EDGE_LOOP('',(#12219,#12221,#12223,#12224));
#12226=FACE_OUTER_BOUND('',#12225,.F.);
#12227=ADVANCED_FACE('',(#12226),#12218,.T.);
#12228=CARTESIAN_POINT('',(-9.E-2,-2.E-2,-9.E-1));
#12229=DIRECTION('',(0.E0,-1.E0,0.E0));
#12230=DIRECTION('',(0.E0,0.E0,-1.E0));
#12231=AXIS2_PLACEMENT_3D('',#12228,#12229,#12230);
#12232=PLANE('',#12231);
#12233=ORIENTED_EDGE('',*,*,#12161,.F.);
#12235=ORIENTED_EDGE('',*,*,#12234,.T.);
#12237=ORIENTED_EDGE('',*,*,#12236,.T.);
#12238=ORIENTED_EDGE('',*,*,#12220,.F.);
#12239=EDGE_LOOP('',(#12233,#12235,#12237,#12238));
#12240=FACE_OUTER_BOUND('',#12239,.F.);
#12241=ADVANCED_FACE('',(#12240),#12232,.T.);
#12242=CARTESIAN_POINT('',(-9.E-2,1.E-1,-9.E-1));
#12243=DIRECTION('',(1.E0,0.E0,0.E0));
#12244=DIRECTION('',(0.E0,0.E0,-1.E0));
#12245=AXIS2_PLACEMENT_3D('',#12242,#12243,#12244);
#12246=CYLINDRICAL_SURFACE('',#12245,1.2E-1);
#12247=ORIENTED_EDGE('',*,*,#12159,.F.);
#12248=ORIENTED_EDGE('',*,*,#9320,.T.);
#12250=ORIENTED_EDGE('',*,*,#12249,.T.);
#12251=ORIENTED_EDGE('',*,*,#12234,.F.);
#12252=EDGE_LOOP('',(#12247,#12248,#12250,#12251));
#12253=FACE_OUTER_BOUND('',#12252,.F.);
#12254=ADVANCED_FACE('',(#12253),#12246,.T.);
#12255=CARTESIAN_POINT('',(5.E-2,-2.E-2,-7.75E-1));
#12256=DIRECTION('',(-1.E0,0.E0,0.E0));
#12257=DIRECTION('',(0.E0,0.E0,-1.E0));
#12258=AXIS2_PLACEMENT_3D('',#12255,#12256,#12257);
#12259=PLANE('',#12258);
#12260=ORIENTED_EDGE('',*,*,#12180,.F.);
#12261=ORIENTED_EDGE('',*,*,#12194,.F.);
#12262=ORIENTED_EDGE('',*,*,#12208,.F.);
#12263=ORIENTED_EDGE('',*,*,#12222,.F.);
#12264=ORIENTED_EDGE('',*,*,#12236,.F.);
#12265=ORIENTED_EDGE('',*,*,#12249,.F.);
#12266=ORIENTED_EDGE('',*,*,#9318,.T.);
#12267=ORIENTED_EDGE('',*,*,#12144,.T.);
#12268=EDGE_LOOP('',(#12260,#12261,#12262,#12263,#12264,#12265,#12266,#12267));
#12269=FACE_OUTER_BOUND('',#12268,.F.);
#12270=ADVANCED_FACE('',(#12269),#12259,.F.);
#12271=CARTESIAN_POINT('',(2.6E-1,1.E-1,9.E-1));
#12272=DIRECTION('',(1.E0,0.E0,0.E0));
#12273=DIRECTION('',(0.E0,0.E0,-1.E0));
#12274=AXIS2_PLACEMENT_3D('',#12271,#12272,#12273);
#12275=CYLINDRICAL_SURFACE('',#12274,1.2E-1);
#12277=ORIENTED_EDGE('',*,*,#12276,.F.);
#12279=ORIENTED_EDGE('',*,*,#12278,.T.);
#12281=ORIENTED_EDGE('',*,*,#12280,.T.);
#12282=ORIENTED_EDGE('',*,*,#9378,.F.);
#12283=EDGE_LOOP('',(#12277,#12279,#12281,#12282));
#12284=FACE_OUTER_BOUND('',#12283,.F.);
#12285=ADVANCED_FACE('',(#12284),#12275,.T.);
#12286=CARTESIAN_POINT('',(3.E-1,-2.E-2,7.75E-1));
#12287=DIRECTION('',(1.E0,0.E0,0.E0));
#12288=DIRECTION('',(0.E0,0.E0,1.E0));
#12289=AXIS2_PLACEMENT_3D('',#12286,#12287,#12288);
#12290=PLANE('',#12289);
#12292=ORIENTED_EDGE('',*,*,#12291,.T.);
#12294=ORIENTED_EDGE('',*,*,#12293,.T.);
#12296=ORIENTED_EDGE('',*,*,#12295,.T.);
#12298=ORIENTED_EDGE('',*,*,#12297,.T.);
#12299=ORIENTED_EDGE('',*,*,#12276,.T.);
#12300=ORIENTED_EDGE('',*,*,#9384,.T.);
#12302=ORIENTED_EDGE('',*,*,#12301,.F.);
#12304=ORIENTED_EDGE('',*,*,#12303,.T.);
#12305=EDGE_LOOP('',(#12292,#12294,#12296,#12298,#12299,#12300,#12302,#12304));
#12306=FACE_OUTER_BOUND('',#12305,.F.);
#12307=ADVANCED_FACE('',(#12306),#12290,.F.);
#12308=CARTESIAN_POINT('',(2.6E-1,6.E-2,1.E0));
#12309=DIRECTION('',(0.E0,0.E0,1.E0));
#12310=DIRECTION('',(0.E0,-1.E0,0.E0));
#12311=AXIS2_PLACEMENT_3D('',#12308,#12309,#12310);
#12312=PLANE('',#12311);
#12313=ORIENTED_EDGE('',*,*,#12291,.F.);
#12315=ORIENTED_EDGE('',*,*,#12314,.T.);
#12317=ORIENTED_EDGE('',*,*,#12316,.T.);
#12319=ORIENTED_EDGE('',*,*,#12318,.F.);
#12320=EDGE_LOOP('',(#12313,#12315,#12317,#12319));
#12321=FACE_OUTER_BOUND('',#12320,.F.);
#12322=ADVANCED_FACE('',(#12321),#12312,.T.);
#12323=CARTESIAN_POINT('',(2.6E-1,6.E-2,9.E-1));
#12324=DIRECTION('',(0.E0,1.E0,0.E0));
#12325=DIRECTION('',(0.E0,0.E0,1.E0));
#12326=AXIS2_PLACEMENT_3D('',#12323,#12324,#12325);
#12327=PLANE('',#12326);
#12328=ORIENTED_EDGE('',*,*,#12303,.F.);
#12330=ORIENTED_EDGE('',*,*,#12329,.T.);
#12332=ORIENTED_EDGE('',*,*,#12331,.T.);
#12333=ORIENTED_EDGE('',*,*,#12314,.F.);
#12334=EDGE_LOOP('',(#12328,#12330,#12332,#12333));
#12335=FACE_OUTER_BOUND('',#12334,.F.);
#12336=ADVANCED_FACE('',(#12335),#12327,.T.);
#12337=CARTESIAN_POINT('',(2.6E-1,1.E-1,9.E-1));
#12338=DIRECTION('',(1.E0,0.E0,0.E0));
#12339=DIRECTION('',(0.E0,0.E0,-1.E0));
#12340=AXIS2_PLACEMENT_3D('',#12337,#12338,#12339);
#12341=CYLINDRICAL_SURFACE('',#12340,4.E-2);
#12342=ORIENTED_EDGE('',*,*,#12301,.T.);
#12343=ORIENTED_EDGE('',*,*,#9382,.T.);
#12345=ORIENTED_EDGE('',*,*,#12344,.F.);
#12346=ORIENTED_EDGE('',*,*,#12329,.F.);
#12347=EDGE_LOOP('',(#12342,#12343,#12345,#12346));
#12348=FACE_OUTER_BOUND('',#12347,.F.);
#12349=ADVANCED_FACE('',(#12348),#12341,.F.);
#12350=CARTESIAN_POINT('',(4.E-1,-2.E-2,1.E0));
#12351=DIRECTION('',(-1.E0,0.E0,0.E0));
#12352=DIRECTION('',(0.E0,0.E0,-1.E0));
#12353=AXIS2_PLACEMENT_3D('',#12350,#12351,#12352);
#12354=PLANE('',#12353);
#12355=ORIENTED_EDGE('',*,*,#12316,.F.);
#12356=ORIENTED_EDGE('',*,*,#12331,.F.);
#12357=ORIENTED_EDGE('',*,*,#12344,.T.);
#12358=ORIENTED_EDGE('',*,*,#9380,.T.);
#12359=ORIENTED_EDGE('',*,*,#12280,.F.);
#12361=ORIENTED_EDGE('',*,*,#12360,.F.);
#12363=ORIENTED_EDGE('',*,*,#12362,.F.);
#12365=ORIENTED_EDGE('',*,*,#12364,.F.);
#12366=EDGE_LOOP('',(#12355,#12356,#12357,#12358,#12359,#12361,#12363,#12365));
#12367=FACE_OUTER_BOUND('',#12366,.F.);
#12368=ADVANCED_FACE('',(#12367),#12354,.F.);
#12369=CARTESIAN_POINT('',(2.6E-1,-2.E-2,9.6E-1));
#12370=DIRECTION('',(0.E0,-1.E0,0.E0));
#12371=DIRECTION('',(0.E0,0.E0,-1.E0));
#12372=AXIS2_PLACEMENT_3D('',#12369,#12370,#12371);
#12373=PLANE('',#12372);
#12374=ORIENTED_EDGE('',*,*,#12297,.F.);
#12376=ORIENTED_EDGE('',*,*,#12375,.T.);
#12377=ORIENTED_EDGE('',*,*,#12360,.T.);
#12378=ORIENTED_EDGE('',*,*,#12278,.F.);
#12379=EDGE_LOOP('',(#12374,#12376,#12377,#12378));
#12380=FACE_OUTER_BOUND('',#12379,.F.);
#12381=ADVANCED_FACE('',(#12380),#12373,.T.);
#12382=CARTESIAN_POINT('',(2.6E-1,0.E0,9.8E-1));
#12383=DIRECTION('',(0.E0,-7.071067811865E-1,7.071067811866E-1));
#12384=DIRECTION('',(0.E0,-7.071067811866E-1,-7.071067811865E-1));
#12385=AXIS2_PLACEMENT_3D('',#12382,#12383,#12384);
#12386=PLANE('',#12385);
#12387=ORIENTED_EDGE('',*,*,#12295,.F.);
#12389=ORIENTED_EDGE('',*,*,#12388,.T.);
#12390=ORIENTED_EDGE('',*,*,#12362,.T.);
#12391=ORIENTED_EDGE('',*,*,#12375,.F.);
#12392=EDGE_LOOP('',(#12387,#12389,#12390,#12391));
#12393=FACE_OUTER_BOUND('',#12392,.F.);
#12394=ADVANCED_FACE('',(#12393),#12386,.T.);
#12395=CARTESIAN_POINT('',(2.6E-1,0.E0,1.E0));
#12396=DIRECTION('',(0.E0,-1.E0,0.E0));
#12397=DIRECTION('',(0.E0,0.E0,-1.E0));
#12398=AXIS2_PLACEMENT_3D('',#12395,#12396,#12397);
#12399=PLANE('',#12398);
#12400=ORIENTED_EDGE('',*,*,#12293,.F.);
#12401=ORIENTED_EDGE('',*,*,#12318,.T.);
#12402=ORIENTED_EDGE('',*,*,#12364,.T.);
#12403=ORIENTED_EDGE('',*,*,#12388,.F.);
#12404=EDGE_LOOP('',(#12400,#12401,#12402,#12403));
#12405=FACE_OUTER_BOUND('',#12404,.F.);
#12406=ADVANCED_FACE('',(#12405),#12399,.T.);
#12407=CARTESIAN_POINT('',(2.6E-1,1.E-1,-9.E-1));
#12408=DIRECTION('',(1.E0,0.E0,0.E0));
#12409=DIRECTION('',(0.E0,0.E0,-1.E0));
#12410=AXIS2_PLACEMENT_3D('',#12407,#12408,#12409);
#12411=CYLINDRICAL_SURFACE('',#12410,4.E-2);
#12413=ORIENTED_EDGE('',*,*,#12412,.T.);
#12415=ORIENTED_EDGE('',*,*,#12414,.T.);
#12417=ORIENTED_EDGE('',*,*,#12416,.F.);
#12418=ORIENTED_EDGE('',*,*,#9326,.F.);
#12419=EDGE_LOOP('',(#12413,#12415,#12417,#12418));
#12420=FACE_OUTER_BOUND('',#12419,.F.);
#12421=ADVANCED_FACE('',(#12420),#12411,.F.);
#12422=CARTESIAN_POINT('',(3.E-1,-2.E-2,-1.E0));
#12423=DIRECTION('',(1.E0,0.E0,0.E0));
#12424=DIRECTION('',(0.E0,0.E0,1.E0));
#12425=AXIS2_PLACEMENT_3D('',#12422,#12423,#12424);
#12426=PLANE('',#12425);
#12428=ORIENTED_EDGE('',*,*,#12427,.T.);
#12429=ORIENTED_EDGE('',*,*,#12412,.F.);
#12430=ORIENTED_EDGE('',*,*,#9332,.T.);
#12432=ORIENTED_EDGE('',*,*,#12431,.T.);
#12434=ORIENTED_EDGE('',*,*,#12433,.T.);
#12436=ORIENTED_EDGE('',*,*,#12435,.T.);
#12438=ORIENTED_EDGE('',*,*,#12437,.T.);
#12440=ORIENTED_EDGE('',*,*,#12439,.T.);
#12441=EDGE_LOOP('',(#12428,#12429,#12430,#12432,#12434,#12436,#12438,#12440));
#12442=FACE_OUTER_BOUND('',#12441,.F.);
#12443=ADVANCED_FACE('',(#12442),#12426,.F.);
#12444=CARTESIAN_POINT('',(2.6E-1,6.E-2,-1.E0));
#12445=DIRECTION('',(0.E0,1.E0,0.E0));
#12446=DIRECTION('',(0.E0,0.E0,1.E0));
#12447=AXIS2_PLACEMENT_3D('',#12444,#12445,#12446);
#12448=PLANE('',#12447);
#12449=ORIENTED_EDGE('',*,*,#12427,.F.);
#12451=ORIENTED_EDGE('',*,*,#12450,.T.);
#12453=ORIENTED_EDGE('',*,*,#12452,.T.);
#12454=ORIENTED_EDGE('',*,*,#12414,.F.);
#12455=EDGE_LOOP('',(#12449,#12451,#12453,#12454));
#12456=FACE_OUTER_BOUND('',#12455,.F.);
#12457=ADVANCED_FACE('',(#12456),#12448,.T.);
#12458=CARTESIAN_POINT('',(2.6E-1,0.E0,-1.E0));
#12459=DIRECTION('',(0.E0,0.E0,-1.E0));
#12460=DIRECTION('',(0.E0,1.E0,0.E0));
#12461=AXIS2_PLACEMENT_3D('',#12458,#12459,#12460);
#12462=PLANE('',#12461);
#12463=ORIENTED_EDGE('',*,*,#12439,.F.);
#12465=ORIENTED_EDGE('',*,*,#12464,.T.);
#12467=ORIENTED_EDGE('',*,*,#12466,.T.);
#12468=ORIENTED_EDGE('',*,*,#12450,.F.);
#12469=EDGE_LOOP('',(#12463,#12465,#12467,#12468));
#12470=FACE_OUTER_BOUND('',#12469,.F.);
#12471=ADVANCED_FACE('',(#12470),#12462,.T.);
#12472=CARTESIAN_POINT('',(2.6E-1,0.E0,-9.8E-1));
#12473=DIRECTION('',(0.E0,-1.E0,0.E0));
#12474=DIRECTION('',(0.E0,0.E0,-1.E0));
#12475=AXIS2_PLACEMENT_3D('',#12472,#12473,#12474);
#12476=PLANE('',#12475);
#12477=ORIENTED_EDGE('',*,*,#12437,.F.);
#12479=ORIENTED_EDGE('',*,*,#12478,.T.);
#12481=ORIENTED_EDGE('',*,*,#12480,.T.);
#12482=ORIENTED_EDGE('',*,*,#12464,.F.);
#12483=EDGE_LOOP('',(#12477,#12479,#12481,#12482));
#12484=FACE_OUTER_BOUND('',#12483,.F.);
#12485=ADVANCED_FACE('',(#12484),#12476,.T.);
#12486=CARTESIAN_POINT('',(2.6E-1,-2.E-2,-9.6E-1));
#12487=DIRECTION('',(0.E0,-7.071067811865E-1,-7.071067811866E-1));
#12488=DIRECTION('',(0.E0,7.071067811866E-1,-7.071067811865E-1));
#12489=AXIS2_PLACEMENT_3D('',#12486,#12487,#12488);
#12490=PLANE('',#12489);
#12491=ORIENTED_EDGE('',*,*,#12435,.F.);
#12493=ORIENTED_EDGE('',*,*,#12492,.T.);
#12495=ORIENTED_EDGE('',*,*,#12494,.T.);
#12496=ORIENTED_EDGE('',*,*,#12478,.F.);
#12497=EDGE_LOOP('',(#12491,#12493,#12495,#12496));
#12498=FACE_OUTER_BOUND('',#12497,.F.);
#12499=ADVANCED_FACE('',(#12498),#12490,.T.);
#12500=CARTESIAN_POINT('',(2.6E-1,-2.E-2,-9.E-1));
#12501=DIRECTION('',(0.E0,-1.E0,0.E0));
#12502=DIRECTION('',(0.E0,0.E0,-1.E0));
#12503=AXIS2_PLACEMENT_3D('',#12500,#12501,#12502);
#12504=PLANE('',#12503);
#12505=ORIENTED_EDGE('',*,*,#12433,.F.);
#12507=ORIENTED_EDGE('',*,*,#12506,.T.);
#12509=ORIENTED_EDGE('',*,*,#12508,.T.);
#12510=ORIENTED_EDGE('',*,*,#12492,.F.);
#12511=EDGE_LOOP('',(#12505,#12507,#12509,#12510));
#12512=FACE_OUTER_BOUND('',#12511,.F.);
#12513=ADVANCED_FACE('',(#12512),#12504,.T.);
#12514=CARTESIAN_POINT('',(2.6E-1,1.E-1,-9.E-1));
#12515=DIRECTION('',(1.E0,0.E0,0.E0));
#12516=DIRECTION('',(0.E0,0.E0,-1.E0));
#12517=AXIS2_PLACEMENT_3D('',#12514,#12515,#12516);
#12518=CYLINDRICAL_SURFACE('',#12517,1.2E-1);
#12519=ORIENTED_EDGE('',*,*,#12431,.F.);
#12520=ORIENTED_EDGE('',*,*,#9330,.T.);
#12522=ORIENTED_EDGE('',*,*,#12521,.T.);
#12523=ORIENTED_EDGE('',*,*,#12506,.F.);
#12524=EDGE_LOOP('',(#12519,#12520,#12522,#12523));
#12525=FACE_OUTER_BOUND('',#12524,.F.);
#12526=ADVANCED_FACE('',(#12525),#12518,.T.);
#12527=CARTESIAN_POINT('',(4.E-1,-2.E-2,-7.75E-1));
#12528=DIRECTION('',(-1.E0,0.E0,0.E0));
#12529=DIRECTION('',(0.E0,0.E0,-1.E0));
#12530=AXIS2_PLACEMENT_3D('',#12527,#12528,#12529);
#12531=PLANE('',#12530);
#12532=ORIENTED_EDGE('',*,*,#12452,.F.);
#12533=ORIENTED_EDGE('',*,*,#12466,.F.);
#12534=ORIENTED_EDGE('',*,*,#12480,.F.);
#12535=ORIENTED_EDGE('',*,*,#12494,.F.);
#12536=ORIENTED_EDGE('',*,*,#12508,.F.);
#12537=ORIENTED_EDGE('',*,*,#12521,.F.);
#12538=ORIENTED_EDGE('',*,*,#9328,.T.);
#12539=ORIENTED_EDGE('',*,*,#12416,.T.);
#12540=EDGE_LOOP('',(#12532,#12533,#12534,#12535,#12536,#12537,#12538,#12539));
#12541=FACE_OUTER_BOUND('',#12540,.F.);
#12542=ADVANCED_FACE('',(#12541),#12531,.F.);
#12543=CARTESIAN_POINT('',(-1.5E0,4.4E-1,1.E0));
#12544=DIRECTION('',(0.E0,-1.E0,0.E0));
#12545=DIRECTION('',(1.E0,0.E0,0.E0));
#12546=AXIS2_PLACEMENT_3D('',#12543,#12544,#12545);
#12547=PLANE('',#12546);
#12548=ORIENTED_EDGE('',*,*,#6717,.F.);
#12549=ORIENTED_EDGE('',*,*,#7034,.T.);
#12550=ORIENTED_EDGE('',*,*,#9169,.F.);
#12551=EDGE_LOOP('',(#12548,#12549,#12550));
#12552=FACE_OUTER_BOUND('',#12551,.F.);
#12553=ADVANCED_FACE('',(#12552),#12547,.T.);
#12554=CARTESIAN_POINT('',(-1.081299423149E0,3.95E-1,-8.8E-1));
#12555=DIRECTION('',(7.071067811865E-1,7.071067811865E-1,0.E0));
#12556=DIRECTION('',(7.071067811865E-1,-7.071067811865E-1,0.E0));
#12557=AXIS2_PLACEMENT_3D('',#12554,#12555,#12556);
#12558=PLANE('',#12557);
#12559=ORIENTED_EDGE('',*,*,#9172,.F.);
#12560=ORIENTED_EDGE('',*,*,#7030,.T.);
#12561=ORIENTED_EDGE('',*,*,#7105,.T.);
#12563=ORIENTED_EDGE('',*,*,#12562,.F.);
#12564=EDGE_LOOP('',(#12559,#12560,#12561,#12563));
#12565=FACE_OUTER_BOUND('',#12564,.F.);
#12566=ADVANCED_FACE('',(#12565),#12558,.T.);
#12567=CARTESIAN_POINT('',(-9.262994231491E-1,2.4E-1,-8.8E-1));
#12568=DIRECTION('',(0.E0,1.E0,0.E0));
#12569=DIRECTION('',(1.E0,0.E0,0.E0));
#12570=AXIS2_PLACEMENT_3D('',#12567,#12568,#12569);
#12571=PLANE('',#12570);
#12572=ORIENTED_EDGE('',*,*,#9174,.F.);
#12573=ORIENTED_EDGE('',*,*,#12562,.T.);
#12574=ORIENTED_EDGE('',*,*,#7103,.T.);
#12575=ORIENTED_EDGE('',*,*,#6548,.F.);
#12576=EDGE_LOOP('',(#12572,#12573,#12574,#12575));
#12577=FACE_OUTER_BOUND('',#12576,.F.);
#12578=ADVANCED_FACE('',(#12577),#12571,.T.);
#12579=CARTESIAN_POINT('',(-1.015E0,6.E-2,8.8E-1));
#12580=DIRECTION('',(7.071067811865E-1,7.071067811865E-1,0.E0));
#12581=DIRECTION('',(-7.071067811865E-1,7.071067811865E-1,0.E0));
#12582=AXIS2_PLACEMENT_3D('',#12579,#12580,#12581);
#12583=PLANE('',#12582);
#12585=ORIENTED_EDGE('',*,*,#12584,.F.);
#12586=ORIENTED_EDGE('',*,*,#6384,.T.);
#12587=ORIENTED_EDGE('',*,*,#8706,.T.);
#12588=ORIENTED_EDGE('',*,*,#6575,.F.);
#12589=EDGE_LOOP('',(#12585,#12586,#12587,#12588));
#12590=FACE_OUTER_BOUND('',#12589,.F.);
#12591=ADVANCED_FACE('',(#12590),#12583,.F.);
#12592=CARTESIAN_POINT('',(-6.3E-1,6.E-2,8.8E-1));
#12593=DIRECTION('',(0.E0,1.E0,0.E0));
#12594=DIRECTION('',(-1.E0,0.E0,0.E0));
#12595=AXIS2_PLACEMENT_3D('',#12592,#12593,#12594);
#12596=PLANE('',#12595);
#12597=ORIENTED_EDGE('',*,*,#6439,.F.);
#12598=ORIENTED_EDGE('',*,*,#6386,.T.);
#12599=ORIENTED_EDGE('',*,*,#12584,.T.);
#12600=ORIENTED_EDGE('',*,*,#6573,.F.);
#12601=EDGE_LOOP('',(#12597,#12598,#12599,#12600));
#12602=FACE_OUTER_BOUND('',#12601,.F.);
#12603=ADVANCED_FACE('',(#12602),#12596,.F.);
#12604=CARTESIAN_POINT('',(-1.5E0,0.E0,6.15E-1));
#12605=DIRECTION('',(0.E0,0.E0,-1.E0));
#12606=DIRECTION('',(-1.E0,0.E0,0.E0));
#12607=AXIS2_PLACEMENT_3D('',#12604,#12605,#12606);
#12608=PLANE('',#12607);
#12609=ORIENTED_EDGE('',*,*,#8577,.T.);
#12611=ORIENTED_EDGE('',*,*,#12610,.F.);
#12612=ORIENTED_EDGE('',*,*,#6347,.F.);
#12613=ORIENTED_EDGE('',*,*,#8669,.T.);
#12614=EDGE_LOOP('',(#12609,#12611,#12612,#12613));
#12615=FACE_OUTER_BOUND('',#12614,.F.);
#12616=ADVANCED_FACE('',(#12615),#12608,.T.);
#12617=CARTESIAN_POINT('',(-1.75E0,0.E0,6.15E-1));
#12618=DIRECTION('',(-1.E0,0.E0,0.E0));
#12619=DIRECTION('',(0.E0,0.E0,1.E0));
#12620=AXIS2_PLACEMENT_3D('',#12617,#12618,#12619);
#12621=PLANE('',#12620);
#12622=ORIENTED_EDGE('',*,*,#8588,.T.);
#12624=ORIENTED_EDGE('',*,*,#12623,.F.);
#12625=ORIENTED_EDGE('',*,*,#6349,.F.);
#12626=ORIENTED_EDGE('',*,*,#12610,.T.);
#12627=EDGE_LOOP('',(#12622,#12624,#12625,#12626));
#12628=FACE_OUTER_BOUND('',#12627,.F.);
#12629=ADVANCED_FACE('',(#12628),#12621,.T.);
#12630=CARTESIAN_POINT('',(-1.55E0,0.E0,8.E-1));
#12631=DIRECTION('',(0.E0,1.E0,0.E0));
#12632=DIRECTION('',(1.E0,0.E0,0.E0));
#12633=AXIS2_PLACEMENT_3D('',#12630,#12631,#12632);
#12634=CYLINDRICAL_SURFACE('',#12633,2.E-1);
#12635=ORIENTED_EDGE('',*,*,#8586,.T.);
#12637=ORIENTED_EDGE('',*,*,#12636,.F.);
#12638=ORIENTED_EDGE('',*,*,#6351,.F.);
#12639=ORIENTED_EDGE('',*,*,#12623,.T.);
#12640=EDGE_LOOP('',(#12635,#12637,#12638,#12639));
#12641=FACE_OUTER_BOUND('',#12640,.F.);
#12642=ADVANCED_FACE('',(#12641),#12634,.T.);
#12643=CARTESIAN_POINT('',(-1.55E0,0.E0,1.E0));
#12644=DIRECTION('',(0.E0,0.E0,1.E0));
#12645=DIRECTION('',(1.E0,0.E0,0.E0));
#12646=AXIS2_PLACEMENT_3D('',#12643,#12644,#12645);
#12647=PLANE('',#12646);
#12648=ORIENTED_EDGE('',*,*,#8584,.T.);
#12650=ORIENTED_EDGE('',*,*,#12649,.F.);
#12651=ORIENTED_EDGE('',*,*,#6353,.F.);
#12652=ORIENTED_EDGE('',*,*,#12636,.T.);
#12653=EDGE_LOOP('',(#12648,#12650,#12651,#12652));
#12654=FACE_OUTER_BOUND('',#12653,.F.);
#12655=ADVANCED_FACE('',(#12654),#12647,.T.);
#12656=CARTESIAN_POINT('',(-1.235E0,0.E0,1.E0));
#12657=DIRECTION('',(1.E0,0.E0,0.E0));
#12658=DIRECTION('',(0.E0,0.E0,-1.E0));
#12659=AXIS2_PLACEMENT_3D('',#12656,#12657,#12658);
#12660=PLANE('',#12659);
#12661=ORIENTED_EDGE('',*,*,#8582,.T.);
#12662=ORIENTED_EDGE('',*,*,#6376,.F.);
#12663=ORIENTED_EDGE('',*,*,#6355,.F.);
#12664=ORIENTED_EDGE('',*,*,#12649,.T.);
#12665=EDGE_LOOP('',(#12661,#12662,#12663,#12664));
#12666=FACE_OUTER_BOUND('',#12665,.F.);
#12667=ADVANCED_FACE('',(#12666),#12660,.T.);
#12668=CARTESIAN_POINT('',(1.235E0,0.E0,8.8E-1));
#12669=DIRECTION('',(-1.E0,0.E0,0.E0));
#12670=DIRECTION('',(0.E0,0.E0,1.E0));
#12671=AXIS2_PLACEMENT_3D('',#12668,#12669,#12670);
#12672=PLANE('',#12671);
#12673=ORIENTED_EDGE('',*,*,#8598,.T.);
#12675=ORIENTED_EDGE('',*,*,#12674,.F.);
#12676=ORIENTED_EDGE('',*,*,#6287,.F.);
#12677=ORIENTED_EDGE('',*,*,#8266,.T.);
#12678=EDGE_LOOP('',(#12673,#12675,#12676,#12677));
#12679=FACE_OUTER_BOUND('',#12678,.F.);
#12680=ADVANCED_FACE('',(#12679),#12672,.T.);
#12681=CARTESIAN_POINT('',(1.235E0,0.E0,1.E0));
#12682=DIRECTION('',(0.E0,0.E0,1.E0));
#12683=DIRECTION('',(1.E0,0.E0,0.E0));
#12684=AXIS2_PLACEMENT_3D('',#12681,#12682,#12683);
#12685=PLANE('',#12684);
#12686=ORIENTED_EDGE('',*,*,#8608,.T.);
#12688=ORIENTED_EDGE('',*,*,#12687,.F.);
#12689=ORIENTED_EDGE('',*,*,#6289,.F.);
#12690=ORIENTED_EDGE('',*,*,#12674,.T.);
#12691=EDGE_LOOP('',(#12686,#12688,#12689,#12690));
#12692=FACE_OUTER_BOUND('',#12691,.F.);
#12693=ADVANCED_FACE('',(#12692),#12685,.T.);
#12694=CARTESIAN_POINT('',(1.55E0,0.E0,8.E-1));
#12695=DIRECTION('',(0.E0,1.E0,0.E0));
#12696=DIRECTION('',(1.E0,0.E0,0.E0));
#12697=AXIS2_PLACEMENT_3D('',#12694,#12695,#12696);
#12698=CYLINDRICAL_SURFACE('',#12697,2.E-1);
#12699=ORIENTED_EDGE('',*,*,#8606,.T.);
#12701=ORIENTED_EDGE('',*,*,#12700,.F.);
#12702=ORIENTED_EDGE('',*,*,#6291,.F.);
#12703=ORIENTED_EDGE('',*,*,#12687,.T.);
#12704=EDGE_LOOP('',(#12699,#12701,#12702,#12703));
#12705=FACE_OUTER_BOUND('',#12704,.F.);
#12706=ADVANCED_FACE('',(#12705),#12698,.T.);
#12707=CARTESIAN_POINT('',(1.75E0,0.E0,8.E-1));
#12708=DIRECTION('',(1.E0,0.E0,0.E0));
#12709=DIRECTION('',(0.E0,0.E0,-1.E0));
#12710=AXIS2_PLACEMENT_3D('',#12707,#12708,#12709);
#12711=PLANE('',#12710);
#12712=ORIENTED_EDGE('',*,*,#8604,.T.);
#12714=ORIENTED_EDGE('',*,*,#12713,.F.);
#12715=ORIENTED_EDGE('',*,*,#6293,.F.);
#12716=ORIENTED_EDGE('',*,*,#12700,.T.);
#12717=EDGE_LOOP('',(#12712,#12714,#12715,#12716));
#12718=FACE_OUTER_BOUND('',#12717,.F.);
#12719=ADVANCED_FACE('',(#12718),#12711,.T.);
#12720=CARTESIAN_POINT('',(1.75E0,0.E0,6.15E-1));
#12721=DIRECTION('',(0.E0,0.E0,-1.E0));
#12722=DIRECTION('',(-1.E0,0.E0,0.E0));
#12723=AXIS2_PLACEMENT_3D('',#12720,#12721,#12722);
#12724=PLANE('',#12723);
#12725=ORIENTED_EDGE('',*,*,#8602,.T.);
#12726=ORIENTED_EDGE('',*,*,#8542,.F.);
#12727=ORIENTED_EDGE('',*,*,#6295,.F.);
#12728=ORIENTED_EDGE('',*,*,#12713,.T.);
#12729=EDGE_LOOP('',(#12725,#12726,#12727,#12728));
#12730=FACE_OUTER_BOUND('',#12729,.F.);
#12731=ADVANCED_FACE('',(#12730),#12724,.T.);
#12732=CARTESIAN_POINT('',(1.5E0,0.E0,-6.15E-1));
#12733=DIRECTION('',(0.E0,0.E0,1.E0));
#12734=DIRECTION('',(1.E0,0.E0,0.E0));
#12735=AXIS2_PLACEMENT_3D('',#12732,#12733,#12734);
#12736=PLANE('',#12735);
#12737=ORIENTED_EDGE('',*,*,#8618,.T.);
#12739=ORIENTED_EDGE('',*,*,#12738,.F.);
#12740=ORIENTED_EDGE('',*,*,#6307,.F.);
#12741=ORIENTED_EDGE('',*,*,#8532,.T.);
#12742=EDGE_LOOP('',(#12737,#12739,#12740,#12741));
#12743=FACE_OUTER_BOUND('',#12742,.F.);
#12744=ADVANCED_FACE('',(#12743),#12736,.T.);
#12745=CARTESIAN_POINT('',(1.75E0,0.E0,-6.15E-1));
#12746=DIRECTION('',(1.E0,0.E0,0.E0));
#12747=DIRECTION('',(0.E0,0.E0,-1.E0));
#12748=AXIS2_PLACEMENT_3D('',#12745,#12746,#12747);
#12749=PLANE('',#12748);
#12750=ORIENTED_EDGE('',*,*,#8628,.T.);
#12752=ORIENTED_EDGE('',*,*,#12751,.F.);
#12753=ORIENTED_EDGE('',*,*,#6309,.F.);
#12754=ORIENTED_EDGE('',*,*,#12738,.T.);
#12755=EDGE_LOOP('',(#12750,#12752,#12753,#12754));
#12756=FACE_OUTER_BOUND('',#12755,.F.);
#12757=ADVANCED_FACE('',(#12756),#12749,.T.);
#12758=CARTESIAN_POINT('',(1.55E0,0.E0,-8.E-1));
#12759=DIRECTION('',(0.E0,1.E0,0.E0));
#12760=DIRECTION('',(1.E0,0.E0,0.E0));
#12761=AXIS2_PLACEMENT_3D('',#12758,#12759,#12760);
#12762=CYLINDRICAL_SURFACE('',#12761,2.E-1);
#12763=ORIENTED_EDGE('',*,*,#8626,.T.);
#12765=ORIENTED_EDGE('',*,*,#12764,.F.);
#12766=ORIENTED_EDGE('',*,*,#6311,.F.);
#12767=ORIENTED_EDGE('',*,*,#12751,.T.);
#12768=EDGE_LOOP('',(#12763,#12765,#12766,#12767));
#12769=FACE_OUTER_BOUND('',#12768,.F.);
#12770=ADVANCED_FACE('',(#12769),#12762,.T.);
#12771=CARTESIAN_POINT('',(1.55E0,0.E0,-1.E0));
#12772=DIRECTION('',(0.E0,0.E0,-1.E0));
#12773=DIRECTION('',(-1.E0,0.E0,0.E0));
#12774=AXIS2_PLACEMENT_3D('',#12771,#12772,#12773);
#12775=PLANE('',#12774);
#12776=ORIENTED_EDGE('',*,*,#8624,.T.);
#12778=ORIENTED_EDGE('',*,*,#12777,.F.);
#12779=ORIENTED_EDGE('',*,*,#6313,.F.);
#12780=ORIENTED_EDGE('',*,*,#12764,.T.);
#12781=EDGE_LOOP('',(#12776,#12778,#12779,#12780));
#12782=FACE_OUTER_BOUND('',#12781,.F.);
#12783=ADVANCED_FACE('',(#12782),#12775,.T.);
#12784=CARTESIAN_POINT('',(1.235E0,0.E0,-1.E0));
#12785=DIRECTION('',(-1.E0,0.E0,0.E0));
#12786=DIRECTION('',(0.E0,0.E0,1.E0));
#12787=AXIS2_PLACEMENT_3D('',#12784,#12785,#12786);
#12788=PLANE('',#12787);
#12789=ORIENTED_EDGE('',*,*,#8622,.T.);
#12790=ORIENTED_EDGE('',*,*,#7807,.F.);
#12791=ORIENTED_EDGE('',*,*,#6315,.F.);
#12792=ORIENTED_EDGE('',*,*,#12777,.T.);
#12793=EDGE_LOOP('',(#12789,#12790,#12791,#12792));
#12794=FACE_OUTER_BOUND('',#12793,.F.);
#12795=ADVANCED_FACE('',(#12794),#12788,.T.);
#12796=CARTESIAN_POINT('',(1.75E0,0.E0,-3.5E-1));
#12797=DIRECTION('',(0.E0,0.E0,-1.E0));
#12798=DIRECTION('',(-1.E0,0.E0,0.E0));
#12799=AXIS2_PLACEMENT_3D('',#12796,#12797,#12798);
#12800=PLANE('',#12799);
#12801=ORIENTED_EDGE('',*,*,#7499,.F.);
#12802=ORIENTED_EDGE('',*,*,#7588,.F.);
#12804=ORIENTED_EDGE('',*,*,#12803,.F.);
#12806=ORIENTED_EDGE('',*,*,#12805,.F.);
#12807=ORIENTED_EDGE('',*,*,#8535,.F.);
#12808=ORIENTED_EDGE('',*,*,#6303,.F.);
#12810=ORIENTED_EDGE('',*,*,#12809,.T.);
#12812=ORIENTED_EDGE('',*,*,#12811,.T.);
#12813=EDGE_LOOP('',(#12801,#12802,#12804,#12806,#12807,#12808,#12810,#12812));
#12814=FACE_OUTER_BOUND('',#12813,.F.);
#12815=ADVANCED_FACE('',(#12814),#12800,.T.);
#12816=CARTESIAN_POINT('',(1.55E0,2.6E-1,1.E0));
#12817=DIRECTION('',(1.E0,0.E0,0.E0));
#12818=DIRECTION('',(0.E0,1.E0,0.E0));
#12819=AXIS2_PLACEMENT_3D('',#12816,#12817,#12818);
#12820=PLANE('',#12819);
#12821=ORIENTED_EDGE('',*,*,#7586,.T.);
#12823=ORIENTED_EDGE('',*,*,#12822,.F.);
#12825=ORIENTED_EDGE('',*,*,#12824,.T.);
#12826=ORIENTED_EDGE('',*,*,#12803,.T.);
#12827=EDGE_LOOP('',(#12821,#12823,#12825,#12826));
#12828=FACE_OUTER_BOUND('',#12827,.F.);
#12829=ADVANCED_FACE('',(#12828),#12820,.F.);
#12830=CARTESIAN_POINT('',(1.5E0,0.E0,3.5E-1));
#12831=DIRECTION('',(0.E0,0.E0,1.E0));
#12832=DIRECTION('',(1.E0,0.E0,0.E0));
#12833=AXIS2_PLACEMENT_3D('',#12830,#12831,#12832);
#12834=PLANE('',#12833);
#12835=ORIENTED_EDGE('',*,*,#7503,.F.);
#12837=ORIENTED_EDGE('',*,*,#12836,.F.);
#12839=ORIENTED_EDGE('',*,*,#12838,.F.);
#12840=ORIENTED_EDGE('',*,*,#6299,.F.);
#12841=ORIENTED_EDGE('',*,*,#8539,.T.);
#12843=ORIENTED_EDGE('',*,*,#12842,.T.);
#12844=ORIENTED_EDGE('',*,*,#12822,.T.);
#12845=ORIENTED_EDGE('',*,*,#7584,.T.);
#12846=EDGE_LOOP('',(#12835,#12837,#12839,#12840,#12841,#12843,#12844,#12845));
#12847=FACE_OUTER_BOUND('',#12846,.F.);
#12848=ADVANCED_FACE('',(#12847),#12834,.T.);
#12849=CARTESIAN_POINT('',(1.55E0,4.E-1,1.E0));
#12850=DIRECTION('',(0.E0,-1.E0,0.E0));
#12851=DIRECTION('',(1.E0,0.E0,0.E0));
#12852=AXIS2_PLACEMENT_3D('',#12849,#12850,#12851);
#12853=PLANE('',#12852);
#12854=ORIENTED_EDGE('',*,*,#7501,.F.);
#12855=ORIENTED_EDGE('',*,*,#12811,.F.);
#12857=ORIENTED_EDGE('',*,*,#12856,.F.);
#12858=ORIENTED_EDGE('',*,*,#12836,.T.);
#12859=EDGE_LOOP('',(#12854,#12855,#12857,#12858));
#12860=FACE_OUTER_BOUND('',#12859,.F.);
#12861=ADVANCED_FACE('',(#12860),#12853,.F.);
#12862=CARTESIAN_POINT('',(1.75E0,0.E0,3.5E-1));
#12863=DIRECTION('',(1.E0,0.E0,0.E0));
#12864=DIRECTION('',(0.E0,0.E0,-1.E0));
#12865=AXIS2_PLACEMENT_3D('',#12862,#12863,#12864);
#12866=PLANE('',#12865);
#12867=ORIENTED_EDGE('',*,*,#12856,.T.);
#12868=ORIENTED_EDGE('',*,*,#12809,.F.);
#12869=ORIENTED_EDGE('',*,*,#6301,.F.);
#12870=ORIENTED_EDGE('',*,*,#12838,.T.);
#12871=EDGE_LOOP('',(#12867,#12868,#12869,#12870));
#12872=FACE_OUTER_BOUND('',#12871,.F.);
#12873=ADVANCED_FACE('',(#12872),#12866,.T.);
#12874=CARTESIAN_POINT('',(1.5E0,2.6E-1,1.E0));
#12875=DIRECTION('',(0.E0,-1.E0,0.E0));
#12876=DIRECTION('',(1.E0,0.E0,0.E0));
#12877=AXIS2_PLACEMENT_3D('',#12874,#12875,#12876);
#12878=PLANE('',#12877);
#12879=ORIENTED_EDGE('',*,*,#12842,.F.);
#12880=ORIENTED_EDGE('',*,*,#8537,.T.);
#12881=ORIENTED_EDGE('',*,*,#12805,.T.);
#12882=ORIENTED_EDGE('',*,*,#12824,.F.);
#12883=EDGE_LOOP('',(#12879,#12880,#12881,#12882));
#12884=FACE_OUTER_BOUND('',#12883,.F.);
#12885=ADVANCED_FACE('',(#12884),#12878,.F.);
#12886=CARTESIAN_POINT('',(1.205E0,2.5E-1,8.8E-1));
#12887=DIRECTION('',(-7.071067811865E-1,7.071067811865E-1,0.E0));
#12888=DIRECTION('',(-7.071067811865E-1,-7.071067811865E-1,0.E0));
#12889=AXIS2_PLACEMENT_3D('',#12886,#12887,#12888);
#12890=PLANE('',#12889);
#12891=ORIENTED_EDGE('',*,*,#8318,.F.);
#12892=ORIENTED_EDGE('',*,*,#8279,.T.);
#12894=ORIENTED_EDGE('',*,*,#12893,.T.);
#12895=ORIENTED_EDGE('',*,*,#6595,.F.);
#12896=EDGE_LOOP('',(#12891,#12892,#12894,#12895));
#12897=FACE_OUTER_BOUND('',#12896,.F.);
#12898=ADVANCED_FACE('',(#12897),#12890,.F.);
#12899=CARTESIAN_POINT('',(1.015E0,6.E-2,8.8E-1));
#12900=DIRECTION('',(0.E0,1.E0,0.E0));
#12901=DIRECTION('',(-1.E0,0.E0,0.E0));
#12902=AXIS2_PLACEMENT_3D('',#12899,#12900,#12901);
#12903=PLANE('',#12902);
#12904=ORIENTED_EDGE('',*,*,#12893,.F.);
#12905=ORIENTED_EDGE('',*,*,#8277,.T.);
#12906=ORIENTED_EDGE('',*,*,#7851,.T.);
#12907=ORIENTED_EDGE('',*,*,#6597,.F.);
#12908=EDGE_LOOP('',(#12904,#12905,#12906,#12907));
#12909=FACE_OUTER_BOUND('',#12908,.F.);
#12910=ADVANCED_FACE('',(#12909),#12903,.F.);
#12911=CARTESIAN_POINT('',(1.015E0,6.E-2,-8.8E-1));
#12912=DIRECTION('',(0.E0,-1.E0,0.E0));
#12913=DIRECTION('',(-1.E0,0.E0,0.E0));
#12914=AXIS2_PLACEMENT_3D('',#12911,#12912,#12913);
#12915=PLANE('',#12914);
#12916=ORIENTED_EDGE('',*,*,#7815,.F.);
#12917=ORIENTED_EDGE('',*,*,#7786,.T.);
#12918=ORIENTED_EDGE('',*,*,#7071,.T.);
#12919=ORIENTED_EDGE('',*,*,#7898,.F.);
#12920=EDGE_LOOP('',(#12916,#12917,#12918,#12919));
#12921=FACE_OUTER_BOUND('',#12920,.F.);
#12922=ADVANCED_FACE('',(#12921),#12915,.T.);
#12923=CARTESIAN_POINT('',(1.63E0,1.E-1,-5.95E-1));
#12924=DIRECTION('',(0.E0,0.E0,-1.E0));
#12925=DIRECTION('',(-1.E0,0.E0,0.E0));
#12926=AXIS2_PLACEMENT_3D('',#12923,#12924,#12925);
#12927=CYLINDRICAL_SURFACE('',#12926,1.2E-1);
#12928=ORIENTED_EDGE('',*,*,#7697,.T.);
#12929=ORIENTED_EDGE('',*,*,#7664,.T.);
#12930=ORIENTED_EDGE('',*,*,#7619,.F.);
#12932=ORIENTED_EDGE('',*,*,#12931,.F.);
#12933=EDGE_LOOP('',(#12928,#12929,#12930,#12932));
#12934=FACE_OUTER_BOUND('',#12933,.F.);
#12935=ADVANCED_FACE('',(#12934),#12927,.T.);
#12936=CARTESIAN_POINT('',(1.67E0,-2.E-2,-5.95E-1));
#12937=DIRECTION('',(0.E0,-1.E0,0.E0));
#12938=DIRECTION('',(-1.E0,0.E0,0.E0));
#12939=AXIS2_PLACEMENT_3D('',#12936,#12937,#12938);
#12940=PLANE('',#12939);
#12941=ORIENTED_EDGE('',*,*,#7699,.T.);
#12942=ORIENTED_EDGE('',*,*,#12931,.T.);
#12943=ORIENTED_EDGE('',*,*,#7617,.F.);
#12945=ORIENTED_EDGE('',*,*,#12944,.F.);
#12946=EDGE_LOOP('',(#12941,#12942,#12943,#12945));
#12947=FACE_OUTER_BOUND('',#12946,.F.);
#12948=ADVANCED_FACE('',(#12947),#12940,.T.);
#12949=CARTESIAN_POINT('',(1.69E0,0.E0,-5.95E-1));
#12950=DIRECTION('',(7.071067811865E-1,-7.071067811865E-1,0.E0));
#12951=DIRECTION('',(-7.071067811865E-1,-7.071067811865E-1,0.E0));
#12952=AXIS2_PLACEMENT_3D('',#12949,#12950,#12951);
#12953=PLANE('',#12952);
#12954=ORIENTED_EDGE('',*,*,#7701,.T.);
#12955=ORIENTED_EDGE('',*,*,#12944,.T.);
#12956=ORIENTED_EDGE('',*,*,#7615,.F.);
#12958=ORIENTED_EDGE('',*,*,#12957,.F.);
#12959=EDGE_LOOP('',(#12954,#12955,#12956,#12958));
#12960=FACE_OUTER_BOUND('',#12959,.F.);
#12961=ADVANCED_FACE('',(#12960),#12953,.T.);
#12962=CARTESIAN_POINT('',(1.73E0,0.E0,-5.95E-1));
#12963=DIRECTION('',(0.E0,-1.E0,0.E0));
#12964=DIRECTION('',(-1.E0,0.E0,0.E0));
#12965=AXIS2_PLACEMENT_3D('',#12962,#12963,#12964);
#12966=PLANE('',#12965);
#12967=ORIENTED_EDGE('',*,*,#7703,.T.);
#12968=ORIENTED_EDGE('',*,*,#12957,.T.);
#12969=ORIENTED_EDGE('',*,*,#7613,.F.);
#12971=ORIENTED_EDGE('',*,*,#12970,.F.);
#12972=EDGE_LOOP('',(#12967,#12968,#12969,#12971));
#12973=FACE_OUTER_BOUND('',#12972,.F.);
#12974=ADVANCED_FACE('',(#12973),#12966,.T.);
#12975=CARTESIAN_POINT('',(1.73E0,6.E-2,-5.95E-1));
#12976=DIRECTION('',(1.E0,0.E0,0.E0));
#12977=DIRECTION('',(0.E0,-1.E0,0.E0));
#12978=AXIS2_PLACEMENT_3D('',#12975,#12976,#12977);
#12979=PLANE('',#12978);
#12980=ORIENTED_EDGE('',*,*,#7705,.T.);
#12981=ORIENTED_EDGE('',*,*,#12970,.T.);
#12982=ORIENTED_EDGE('',*,*,#7611,.F.);
#12984=ORIENTED_EDGE('',*,*,#12983,.F.);
#12985=EDGE_LOOP('',(#12980,#12981,#12982,#12984));
#12986=FACE_OUTER_BOUND('',#12985,.F.);
#12987=ADVANCED_FACE('',(#12986),#12979,.T.);
#12988=CARTESIAN_POINT('',(1.63E0,6.E-2,-5.95E-1));
#12989=DIRECTION('',(0.E0,1.E0,0.E0));
#12990=DIRECTION('',(1.E0,0.E0,0.E0));
#12991=AXIS2_PLACEMENT_3D('',#12988,#12989,#12990);
#12992=PLANE('',#12991);
#12993=ORIENTED_EDGE('',*,*,#7707,.T.);
#12994=ORIENTED_EDGE('',*,*,#12983,.T.);
#12995=ORIENTED_EDGE('',*,*,#7609,.F.);
#12997=ORIENTED_EDGE('',*,*,#12996,.F.);
#12998=EDGE_LOOP('',(#12993,#12994,#12995,#12997));
#12999=FACE_OUTER_BOUND('',#12998,.F.);
#13000=ADVANCED_FACE('',(#12999),#12992,.T.);
#13001=CARTESIAN_POINT('',(1.63E0,1.E-1,-5.95E-1));
#13002=DIRECTION('',(0.E0,0.E0,-1.E0));
#13003=DIRECTION('',(-1.E0,0.E0,0.E0));
#13004=AXIS2_PLACEMENT_3D('',#13001,#13002,#13003);
#13005=CYLINDRICAL_SURFACE('',#13004,4.E-2);
#13006=ORIENTED_EDGE('',*,*,#7709,.T.);
#13007=ORIENTED_EDGE('',*,*,#12996,.T.);
#13008=ORIENTED_EDGE('',*,*,#7607,.F.);
#13009=ORIENTED_EDGE('',*,*,#7493,.F.);
#13010=EDGE_LOOP('',(#13006,#13007,#13008,#13009));
#13011=FACE_OUTER_BOUND('',#13010,.F.);
#13012=ADVANCED_FACE('',(#13011),#13005,.F.);
#13013=CARTESIAN_POINT('',(-1.081299423149E0,3.95E-1,8.8E-1));
#13014=DIRECTION('',(-7.071067811865E-1,-7.071067811865E-1,0.E0));
#13015=DIRECTION('',(7.071067811865E-1,-7.071067811865E-1,0.E0));
#13016=AXIS2_PLACEMENT_3D('',#13013,#13014,#13015);
#13017=PLANE('',#13016);
#13019=ORIENTED_EDGE('',*,*,#13018,.T.);
#13020=ORIENTED_EDGE('',*,*,#6566,.F.);
#13021=ORIENTED_EDGE('',*,*,#7047,.T.);
#13022=ORIENTED_EDGE('',*,*,#6406,.T.);
#13023=EDGE_LOOP('',(#13019,#13020,#13021,#13022));
#13024=FACE_OUTER_BOUND('',#13023,.F.);
#13025=ADVANCED_FACE('',(#13024),#13017,.F.);
#13026=CARTESIAN_POINT('',(-9.262994231491E-1,2.4E-1,8.8E-1));
#13027=DIRECTION('',(0.E0,-1.E0,0.E0));
#13028=DIRECTION('',(1.E0,0.E0,0.E0));
#13029=AXIS2_PLACEMENT_3D('',#13026,#13027,#13028);
#13030=PLANE('',#13029);
#13031=ORIENTED_EDGE('',*,*,#13018,.F.);
#13032=ORIENTED_EDGE('',*,*,#6404,.T.);
#13033=ORIENTED_EDGE('',*,*,#6501,.T.);
#13034=ORIENTED_EDGE('',*,*,#6568,.F.);
#13035=EDGE_LOOP('',(#13031,#13032,#13033,#13034));
#13036=FACE_OUTER_BOUND('',#13035,.F.);
#13037=ADVANCED_FACE('',(#13036),#13030,.F.);
#13038=CLOSED_SHELL('',(#6359,#6390,#6414,#6445,#6477,#6492,#6522,#6554,#6583,
#6615,#6633,#6650,#6680,#6709,#6728,#6747,#6761,#6779,#6796,#6815,#6838,#6857,
#6871,#6887,#6900,#6913,#6935,#6949,#6965,#6977,#6993,#7010,#7022,#7038,#7051,
#7083,#7110,#7129,#7142,#7160,#7178,#7206,#7234,#7252,#7266,#7287,#7300,#7312,
#7323,#7346,#7364,#7383,#7401,#7420,#7438,#7450,#7468,#7509,#7540,#7572,#7593,
#7623,#7655,#7670,#7684,#7713,#7745,#7764,#7776,#7790,#7819,#7842,#7873,#7903,
#7917,#7931,#7945,#7959,#7973,#7987,#8001,#8027,#8041,#8055,#8072,#8089,#8114,
#8128,#8142,#8156,#8170,#8184,#8198,#8211,#8233,#8254,#8283,#8304,#8323,#8335,
#8365,#8397,#8411,#8424,#8437,#8450,#8463,#8476,#8489,#8501,#8514,#8549,#8571,
#8592,#8612,#8632,#8646,#8659,#8697,#8715,#8728,#8764,#8777,#8790,#8803,#8816,
#8829,#8842,#8855,#8868,#8880,#8899,#8919,#8933,#8952,#8965,#8977,#8989,#9002,
#9015,#9028,#9041,#9054,#9067,#9080,#9093,#9105,#9123,#9135,#9162,#9183,#9196,
#9208,#9221,#9234,#9246,#9260,#9274,#9287,#9336,#9388,#9410,#9432,#9446,#9466,
#9485,#9498,#9511,#9524,#9567,#9646,#9695,#9709,#9757,#9770,#9783,#9796,#9808,
#9821,#9834,#9845,#9857,#9871,#9883,#9896,#9907,#9919,#9931,#9944,#9956,#9968,
#9982,#10020,#10031,#10042,#10055,#10068,#10081,#10091,#10102,#10115,#10128,
#10140,#10153,#10165,#10178,#10190,#10201,#10212,#10225,#10238,#10251,#10261,
#10272,#10285,#10298,#10310,#10323,#10335,#10348,#10360,#10381,#10397,#10415,
#10432,#10443,#10458,#10470,#10488,#10506,#10518,#10534,#10550,#10562,#10581,
#10595,#10609,#10622,#10634,#10649,#10662,#10675,#10687,#10698,#10714,#10731,
#10750,#10768,#10786,#10803,#10816,#10829,#10851,#10864,#10877,#10890,#10903,
#10916,#10928,#10941,#10957,#10969,#10984,#11005,#11018,#11030,#11042,#11055,
#11068,#11081,#11094,#11107,#11120,#11132,#11144,#11157,#11176,#11188,#11202,
#11215,#11230,#11242,#11255,#11267,#11289,#11310,#11327,#11338,#11356,#11368,
#11382,#11395,#11406,#11419,#11431,#11444,#11456,#11473,#11490,#11506,#11521,
#11535,#11551,#11563,#11576,#11589,#11603,#11615,#11627,#11639,#11651,#11664,
#11676,#11688,#11701,#11714,#11726,#11741,#11763,#11778,#11792,#11805,#11824,
#11837,#11850,#11862,#11877,#11899,#11913,#11927,#11941,#11955,#11969,#11982,
#11998,#12013,#12035,#12050,#12064,#12077,#12096,#12109,#12122,#12134,#12149,
#12171,#12185,#12199,#12213,#12227,#12241,#12254,#12270,#12285,#12307,#12322,
#12336,#12349,#12368,#12381,#12394,#12406,#12421,#12443,#12457,#12471,#12485,
#12499,#12513,#12526,#12542,#12553,#12566,#12578,#12591,#12603,#12616,#12629,
#12642,#12655,#12667,#12680,#12693,#12706,#12719,#12731,#12744,#12757,#12770,
#12783,#12795,#12815,#12829,#12848,#12861,#12873,#12885,#12898,#12910,#12922,
#12935,#12948,#12961,#12974,#12987,#13000,#13012,#13025,#13037));
#13039=MANIFOLD_SOLID_BREP('',#13038);
#13040=CARTESIAN_POINT('',(0.E0,0.E0,0.E0));
#13041=DIRECTION('',(0.E0,0.E0,1.E0));
#13042=DIRECTION('',(1.E0,0.E0,0.E0));
#13043=AXIS2_PLACEMENT_3D('CSYS',#13040,#13041,#13042);
#13044=DIRECTION('',(0.E0,0.E0,-1.E0));
#13045=VECTOR('',#13044,4.E-1);
#13046=CARTESIAN_POINT('',(-4.4E-1,0.E0,1.15E0));
#13047=LINE('',#13046,#13045);
#13050=DIRECTION('',(1.E0,0.E0,0.E0));
#13051=VECTOR('',#13050,1.8E-1);
#13052=CARTESIAN_POINT('',(-4.4E-1,0.E0,7.5E-1));
#13053=LINE('',#13052,#13051);
#13056=DIRECTION('',(0.E0,0.E0,1.E0));
#13057=VECTOR('',#13056,4.E-1);
#13058=CARTESIAN_POINT('',(-2.6E-1,0.E0,7.5E-1));
#13059=LINE('',#13058,#13057);
#13062=DIRECTION('',(-1.E0,0.E0,0.E0));
#13063=VECTOR('',#13062,1.8E-1);
#13064=CARTESIAN_POINT('',(-2.6E-1,0.E0,1.15E0));
#13065=LINE('',#13064,#13063);
#13070=DIRECTION('',(1.E0,0.E0,0.E0));
#13071=VECTOR('',#13070,1.8E-1);
#13072=CARTESIAN_POINT('',(-4.4E-1,0.E0,-1.15E0));
#13073=LINE('',#13072,#13071);
#13076=DIRECTION('',(0.E0,0.E0,1.E0));
#13077=VECTOR('',#13076,4.E-1);
#13078=CARTESIAN_POINT('',(-2.6E-1,0.E0,-1.15E0));
#13079=LINE('',#13078,#13077);
#13082=DIRECTION('',(-1.E0,0.E0,0.E0));
#13083=VECTOR('',#13082,1.8E-1);
#13084=CARTESIAN_POINT('',(-2.6E-1,0.E0,-7.5E-1));
#13085=LINE('',#13084,#13083);
#13088=DIRECTION('',(0.E0,0.E0,-1.E0));
#13089=VECTOR('',#13088,4.E-1);
#13090=CARTESIAN_POINT('',(-4.4E-1,0.E0,-7.5E-1));
#13091=LINE('',#13090,#13089);
#13095=DIRECTION('',(0.E0,0.E0,-1.E0));
#13096=VECTOR('',#13095,4.E-1);
#13097=CARTESIAN_POINT('',(-9.E-2,0.E0,1.15E0));
#13098=LINE('',#13097,#13096);
#13101=DIRECTION('',(1.E0,0.E0,0.E0));
#13102=VECTOR('',#13101,1.8E-1);
#13103=CARTESIAN_POINT('',(-9.E-2,0.E0,7.5E-1));
#13104=LINE('',#13103,#13102);
#13107=DIRECTION('',(0.E0,0.E0,1.E0));
#13108=VECTOR('',#13107,4.E-1);
#13109=CARTESIAN_POINT('',(9.E-2,0.E0,7.5E-1));
#13110=LINE('',#13109,#13108);
#13113=DIRECTION('',(-1.E0,0.E0,0.E0));
#13114=VECTOR('',#13113,1.8E-1);
#13115=CARTESIAN_POINT('',(9.E-2,0.E0,1.15E0));
#13116=LINE('',#13115,#13114);
#13120=DIRECTION('',(1.E0,0.E0,0.E0));
#13121=VECTOR('',#13120,1.8E-1);
#13122=CARTESIAN_POINT('',(-9.E-2,0.E0,-1.15E0));
#13123=LINE('',#13122,#13121);
#13126=DIRECTION('',(0.E0,0.E0,1.E0));
#13127=VECTOR('',#13126,4.E-1);
#13128=CARTESIAN_POINT('',(9.E-2,0.E0,-1.15E0));
#13129=LINE('',#13128,#13127);
#13132=DIRECTION('',(-1.E0,0.E0,0.E0));
#13133=VECTOR('',#13132,1.8E-1);
#13134=CARTESIAN_POINT('',(9.E-2,0.E0,-7.5E-1));
#13135=LINE('',#13134,#13133);
#13138=DIRECTION('',(0.E0,0.E0,-1.E0));
#13139=VECTOR('',#13138,4.E-1);
#13140=CARTESIAN_POINT('',(-9.E-2,0.E0,-7.5E-1));
#13141=LINE('',#13140,#13139);
#13145=DIRECTION('',(0.E0,0.E0,-1.E0));
#13146=VECTOR('',#13145,4.E-1);
#13147=CARTESIAN_POINT('',(2.6E-1,0.E0,1.15E0));
#13148=LINE('',#13147,#13146);
#13151=DIRECTION('',(1.E0,0.E0,0.E0));
#13152=VECTOR('',#13151,1.8E-1);
#13153=CARTESIAN_POINT('',(2.6E-1,0.E0,7.5E-1));
#13154=LINE('',#13153,#13152);
#13157=DIRECTION('',(0.E0,0.E0,1.E0));
#13158=VECTOR('',#13157,4.E-1);
#13159=CARTESIAN_POINT('',(4.4E-1,0.E0,7.5E-1));
#13160=LINE('',#13159,#13158);
#13163=DIRECTION('',(-1.E0,0.E0,0.E0));
#13164=VECTOR('',#13163,1.8E-1);
#13165=CARTESIAN_POINT('',(4.4E-1,0.E0,1.15E0));
#13166=LINE('',#13165,#13164);
#13170=DIRECTION('',(1.E0,0.E0,0.E0));
#13171=VECTOR('',#13170,1.8E-1);
#13172=CARTESIAN_POINT('',(2.6E-1,0.E0,-1.15E0));
#13173=LINE('',#13172,#13171);
#13176=DIRECTION('',(0.E0,0.E0,1.E0));
#13177=VECTOR('',#13176,4.E-1);
#13178=CARTESIAN_POINT('',(4.4E-1,0.E0,-1.15E0));
#13179=LINE('',#13178,#13177);
#13182=DIRECTION('',(-1.E0,0.E0,0.E0));
#13183=VECTOR('',#13182,1.8E-1);
#13184=CARTESIAN_POINT('',(4.4E-1,0.E0,-7.5E-1));
#13185=LINE('',#13184,#13183);
#13188=DIRECTION('',(0.E0,0.E0,-1.E0));
#13189=VECTOR('',#13188,4.E-1);
#13190=CARTESIAN_POINT('',(2.6E-1,0.E0,-7.5E-1));
#13191=LINE('',#13190,#13189);
#13195=DIRECTION('',(0.E0,0.E0,-1.E0));
#13196=VECTOR('',#13195,3.85E-1);
#13197=CARTESIAN_POINT('',(-1.83E0,0.E0,6.75E-1));
#13198=LINE('',#13197,#13196);
#13201=DIRECTION('',(1.E0,0.E0,0.E0));
#13202=VECTOR('',#13201,4.E-1);
#13203=CARTESIAN_POINT('',(-1.83E0,0.E0,2.9E-1));
#13204=LINE('',#13203,#13202);
#13207=DIRECTION('',(0.E0,0.E0,1.E0));
#13208=VECTOR('',#13207,3.85E-1);
#13209=CARTESIAN_POINT('',(-1.43E0,0.E0,2.9E-1));
#13210=LINE('',#13209,#13208);
#13213=DIRECTION('',(-1.E0,0.E0,0.E0));
#13214=VECTOR('',#13213,4.E-1);
#13215=CARTESIAN_POINT('',(-1.43E0,0.E0,6.75E-1));
#13216=LINE('',#13215,#13214);
#13220=DIRECTION('',(1.E0,0.E0,0.E0));
#13221=VECTOR('',#13220,4.E-1);
#13222=CARTESIAN_POINT('',(-1.83E0,0.E0,-6.75E-1));
#13223=LINE('',#13222,#13221);
#13226=DIRECTION('',(0.E0,0.E0,1.E0));
#13227=VECTOR('',#13226,3.85E-1);
#13228=CARTESIAN_POINT('',(-1.43E0,0.E0,-6.75E-1));
#13229=LINE('',#13228,#13227);
#13232=DIRECTION('',(-1.E0,0.E0,0.E0));
#13233=VECTOR('',#13232,4.E-1);
#13234=CARTESIAN_POINT('',(-1.43E0,0.E0,-2.9E-1));
#13235=LINE('',#13234,#13233);
#13238=DIRECTION('',(0.E0,0.E0,-1.E0));
#13239=VECTOR('',#13238,3.85E-1);
#13240=CARTESIAN_POINT('',(-1.83E0,0.E0,-2.9E-1));
#13241=LINE('',#13240,#13239);
#13245=DIRECTION('',(-1.E0,0.E0,0.E0));
#13246=VECTOR('',#13245,4.E-1);
#13247=CARTESIAN_POINT('',(1.83E0,0.E0,6.75E-1));
#13248=LINE('',#13247,#13246);
#13251=DIRECTION('',(0.E0,0.E0,-1.E0));
#13252=VECTOR('',#13251,3.85E-1);
#13253=CARTESIAN_POINT('',(1.43E0,0.E0,6.75E-1));
#13254=LINE('',#13253,#13252);
#13257=DIRECTION('',(1.E0,0.E0,0.E0));
#13258=VECTOR('',#13257,4.E-1);
#13259=CARTESIAN_POINT('',(1.43E0,0.E0,2.9E-1));
#13260=LINE('',#13259,#13258);
#13263=DIRECTION('',(0.E0,0.E0,1.E0));
#13264=VECTOR('',#13263,3.85E-1);
#13265=CARTESIAN_POINT('',(1.83E0,0.E0,2.9E-1));
#13266=LINE('',#13265,#13264);
#13270=DIRECTION('',(0.E0,0.E0,1.E0));
#13271=VECTOR('',#13270,3.85E-1);
#13272=CARTESIAN_POINT('',(1.83E0,0.E0,-6.75E-1));
#13273=LINE('',#13272,#13271);
#13276=DIRECTION('',(-1.E0,0.E0,0.E0));
#13277=VECTOR('',#13276,4.E-1);
#13278=CARTESIAN_POINT('',(1.83E0,0.E0,-2.9E-1));
#13279=LINE('',#13278,#13277);
#13282=DIRECTION('',(0.E0,0.E0,-1.E0));
#13283=VECTOR('',#13282,3.85E-1);
#13284=CARTESIAN_POINT('',(1.43E0,0.E0,-2.9E-1));
#13285=LINE('',#13284,#13283);
#13288=DIRECTION('',(1.E0,0.E0,0.E0));
#13289=VECTOR('',#13288,4.E-1);
#13290=CARTESIAN_POINT('',(1.43E0,0.E0,-6.75E-1));
#13291=LINE('',#13290,#13289);
#13296=DIMENSIONAL_EXPONENTS(0.E0,0.E0,0.E0,0.E0,0.E0,0.E0,0.E0);
#13298=PLANE_ANGLE_MEASURE_WITH_UNIT(PLANE_ANGLE_MEASURE(1.745329251994E-2),
#13297);
#13299=(CONVERSION_BASED_UNIT('DEGREE',#13298)NAMED_UNIT(*)PLANE_ANGLE_UNIT());
#13301=UNCERTAINTY_MEASURE_WITH_UNIT(LENGTH_MEASURE(4.434064391894E-4),#13295,
'closure',
'Maximum model space distance between geometric entities at asserted connectivities');
#13302=(GEOMETRIC_REPRESENTATION_CONTEXT(3)GLOBAL_UNCERTAINTY_ASSIGNED_CONTEXT((
#13301))GLOBAL_UNIT_ASSIGNED_CONTEXT((#13295,#13299,#13300))REPRESENTATION_CONTEXT('ID1','3'));
#13069=GEOMETRIC_SET('',(#13068,#13094,#13119,#13144,#13169,#13194,#13219,
#13244,#13269,#13294));
#13306=SHAPE_REPRESENTATION_RELATIONSHIP('','',#13305,#13303);
#13307=SHAPE_REPRESENTATION_RELATIONSHIP('','',#13305,#13304);
#13308=APPLICATION_CONTEXT(
'CONFIGURATION CONTROLLED 3D DESIGNS OF MECHANICAL PARTS AND ASSEMBLIES');
#13309=APPLICATION_PROTOCOL_DEFINITION('international standard',
'config_control_design',1994,#13308);
#13310=DESIGN_CONTEXT('',#13308,'design');
#13311=MECHANICAL_CONTEXT('',#13308,'mechanical');
#13312=PRODUCT('5050660622','5050660622','NOT SPECIFIED',(#13311));
#13313=PRODUCT_DEFINITION_FORMATION_WITH_SPECIFIED_SOURCE('4','LAST_VERSION',
#13312,.MADE.);
#13317=PRODUCT_CATEGORY('part','');
#13318=PRODUCT_RELATED_PRODUCT_CATEGORY('detail','',(#13312));
#13319=PRODUCT_CATEGORY_RELATIONSHIP('','',#13317,#13318);
#13320=SECURITY_CLASSIFICATION_LEVEL('unclassified');
#13321=SECURITY_CLASSIFICATION('','',#13320);
#13322=CC_DESIGN_SECURITY_CLASSIFICATION(#13321,(#13313));
#13323=APPROVAL_STATUS('approved');
#13324=APPROVAL(#13323,'');
#13325=CC_DESIGN_APPROVAL(#13324,(#13321,#13313,#13314));
#13326=CALENDAR_DATE(119,29,3);
#13327=COORDINATED_UNIVERSAL_TIME_OFFSET(5,30,.AHEAD.);
#13328=LOCAL_TIME(15,15,2.9E1,#13327);
#13329=DATE_AND_TIME(#13326,#13328);
#13330=APPROVAL_DATE_TIME(#13329,#13324);
#13331=DATE_TIME_ROLE('creation_date');
#13332=CC_DESIGN_DATE_AND_TIME_ASSIGNMENT(#13329,#13331,(#13314));
#13333=DATE_TIME_ROLE('classification_date');
#13334=CC_DESIGN_DATE_AND_TIME_ASSIGNMENT(#13329,#13333,(#13321));
#13335=PERSON('UNSPECIFIED','UNSPECIFIED',$,$,$,$);
#13336=ORGANIZATION('UNSPECIFIED','UNSPECIFIED','UNSPECIFIED');
#13337=PERSON_AND_ORGANIZATION(#13335,#13336);
#13338=APPROVAL_ROLE('approver');
#13339=APPROVAL_PERSON_ORGANIZATION(#13337,#13324,#13338);
#13340=PERSON_AND_ORGANIZATION_ROLE('creator');
#13341=CC_DESIGN_PERSON_AND_ORGANIZATION_ASSIGNMENT(#13337,#13340,(#13313,
#13314));
#13342=PERSON_AND_ORGANIZATION_ROLE('design_supplier');
#13343=CC_DESIGN_PERSON_AND_ORGANIZATION_ASSIGNMENT(#13337,#13342,(#13313));
#13344=PERSON_AND_ORGANIZATION_ROLE('classification_officer');
#13345=CC_DESIGN_PERSON_AND_ORGANIZATION_ASSIGNMENT(#13337,#13344,(#13321));
#13346=PERSON_AND_ORGANIZATION_ROLE('design_owner');
#13347=CC_DESIGN_PERSON_AND_ORGANIZATION_ASSIGNMENT(#13337,#13346,(#13312));
#25=CIRCLE('',#24,2.E-1);
#66=CIRCLE('',#65,2.E-1);
#99=CIRCLE('',#98,2.E-1);
#140=CIRCLE('',#139,2.E-1);
#205=CIRCLE('',#204,1.2E-1);
#214=CIRCLE('',#213,9.E-2);
#223=CIRCLE('',#222,9.E-2);
#244=CIRCLE('',#243,1.2E-1);
#257=CIRCLE('',#256,9.E-2);
#266=CIRCLE('',#265,9.E-2);
#271=CIRCLE('',#270,1.2E-1);
#296=CIRCLE('',#295,9.E-2);
#305=CIRCLE('',#304,9.E-2);
#314=CIRCLE('',#313,1.2E-1);
#323=CIRCLE('',#322,9.E-2);
#332=CIRCLE('',#331,9.E-2);
#469=CIRCLE('',#468,1.2E-1);
#474=CIRCLE('',#473,1.2E-1);
#503=B_SPLINE_CURVE_WITH_KNOTS('',3,(#495,#496,#497,#498,#499,#500,#501,#502),
.UNSPECIFIED.,.F.,.F.,(4,1,1,1,1,4),(0.E0,1.25E-1,2.5E-1,5.E-1,7.5E-1,1.E0),
.UNSPECIFIED.);
#517=B_SPLINE_CURVE_WITH_KNOTS('',3,(#512,#513,#514,#515,#516),.UNSPECIFIED.,
.F.,.F.,(4,1,4),(0.E0,5.E-1,1.E0),.UNSPECIFIED.);
#578=B_SPLINE_CURVE_WITH_KNOTS('',3,(#574,#575,#576,#577),.UNSPECIFIED.,.F.,.F.,
(4,4),(0.E0,1.E0),.UNSPECIFIED.);
#584=B_SPLINE_CURVE_WITH_KNOTS('',3,(#579,#580,#581,#582,#583),.UNSPECIFIED.,
.F.,.F.,(4,1,4),(0.E0,5.E-1,1.E0),.UNSPECIFIED.);
#646=B_SPLINE_CURVE_WITH_KNOTS('',3,(#641,#642,#643,#644,#645),.UNSPECIFIED.,
.F.,.F.,(4,1,4),(0.E0,5.E-1,1.E0),.UNSPECIFIED.);
#651=B_SPLINE_CURVE_WITH_KNOTS('',3,(#647,#648,#649,#650),.UNSPECIFIED.,.F.,.F.,
(4,4),(0.E0,1.E0),.UNSPECIFIED.);
#680=CIRCLE('',#679,1.2E-1);
#697=B_SPLINE_CURVE_WITH_KNOTS('',3,(#689,#690,#691,#692,#693,#694,#695,#696),
.UNSPECIFIED.,.F.,.F.,(4,1,1,1,1,4),(0.E0,2.5E-1,5.E-1,7.5E-1,8.75E-1,1.E0),
.UNSPECIFIED.);
#703=B_SPLINE_CURVE_WITH_KNOTS('',3,(#698,#699,#700,#701,#702),.UNSPECIFIED.,
.F.,.F.,(4,1,4),(0.E0,5.E-1,1.E0),.UNSPECIFIED.);
#824=CIRCLE('',#823,1.2E-1);
#861=CIRCLE('',#860,1.2E-1);
#926=CIRCLE('',#925,1.2E-1);
#935=B_SPLINE_CURVE_WITH_KNOTS('',3,(#927,#928,#929,#930,#931,#932,#933,#934),
.UNSPECIFIED.,.F.,.F.,(4,1,1,1,1,4),(0.E0,2.5E-1,5.E-1,7.5E-1,8.75E-1,1.E0),
.UNSPECIFIED.);
#941=B_SPLINE_CURVE_WITH_KNOTS('',3,(#936,#937,#938,#939,#940),.UNSPECIFIED.,
.F.,.F.,(4,1,4),(0.E0,5.E-1,1.E0),.UNSPECIFIED.);
#962=B_SPLINE_CURVE_WITH_KNOTS('',3,(#958,#959,#960,#961),.UNSPECIFIED.,.F.,.F.,
(4,4),(0.E0,1.E0),.UNSPECIFIED.);
#976=B_SPLINE_CURVE_WITH_KNOTS('',3,(#971,#972,#973,#974,#975),.UNSPECIFIED.,
.F.,.F.,(4,1,4),(0.E0,5.E-1,1.E0),.UNSPECIFIED.);
#1005=CIRCLE('',#1004,1.2E-1);
#1074=B_SPLINE_CURVE_WITH_KNOTS('',3,(#1070,#1071,#1072,#1073),.UNSPECIFIED.,
.F.,.F.,(4,4),(0.E0,1.E0),.UNSPECIFIED.);
#1079=B_SPLINE_CURVE_WITH_KNOTS('',3,(#1075,#1076,#1077,#1078),.UNSPECIFIED.,
.F.,.F.,(4,4),(0.E0,1.E0),.UNSPECIFIED.);
#1092=CIRCLE('',#1091,1.2E-1);
#1149=CIRCLE('',#1148,1.2E-1);
#1174=CIRCLE('',#1173,4.E-2);
#1179=CIRCLE('',#1178,4.E-2);
#1204=CIRCLE('',#1203,1.2E-1);
#1229=CIRCLE('',#1228,4.E-2);
#1254=CIRCLE('',#1253,1.2E-1);
#1267=CIRCLE('',#1266,1.2E-1);
#1292=CIRCLE('',#1291,4.E-2);
#1317=CIRCLE('',#1316,1.2E-1);
#1342=CIRCLE('',#1341,4.E-2);
#1347=CIRCLE('',#1346,4.E-2);
#1372=CIRCLE('',#1371,1.2E-1);
#1385=CIRCLE('',#1384,1.2E-1);
#1458=CIRCLE('',#1457,1.2E-1);
#1483=CIRCLE('',#1482,9.E-2);
#1492=CIRCLE('',#1491,9.E-2);
#1501=CIRCLE('',#1500,1.2E-1);
#1506=CIRCLE('',#1505,9.E-2);
#1515=CIRCLE('',#1514,9.E-2);
#1668=CIRCLE('',#1667,1.2E-1);
#1677=CIRCLE('',#1676,9.E-2);
#1686=CIRCLE('',#1685,9.E-2);
#1707=CIRCLE('',#1706,1.2E-1);
#1720=CIRCLE('',#1719,9.E-2);
#1729=CIRCLE('',#1728,9.E-2);
#1794=CIRCLE('',#1793,1.2E-1);
#1815=CIRCLE('',#1814,4.E-2);
#1840=CIRCLE('',#1839,1.2E-1);
#1853=CIRCLE('',#1852,1.2E-1);
#1878=CIRCLE('',#1877,4.E-2);
#2079=CIRCLE('',#2078,1.2E-1);
#2296=CIRCLE('',#2295,1.2E-1);
#2393=CIRCLE('',#2392,2.E-1);
#3026=CIRCLE('',#3025,9.E-2);
#3031=CIRCLE('',#3030,9.E-2);
#3040=CIRCLE('',#3039,1.2E-1);
#3045=CIRCLE('',#3044,1.2E-1);
#3050=CIRCLE('',#3049,9.E-2);
#3063=CIRCLE('',#3062,9.E-2);
#3068=CIRCLE('',#3067,1.2E-1);
#3073=CIRCLE('',#3072,1.2E-1);
#3134=CIRCLE('',#3133,1.2E-1);
#3139=CIRCLE('',#3138,1.2E-1);
#3148=CIRCLE('',#3147,9.E-2);
#3153=CIRCLE('',#3152,9.E-2);
#3162=CIRCLE('',#3161,1.2E-1);
#3167=CIRCLE('',#3166,1.2E-1);
#3172=CIRCLE('',#3171,9.E-2);
#3185=CIRCLE('',#3184,9.E-2);
#3198=CIRCLE('',#3197,1.2E-1);
#3203=CIRCLE('',#3202,1.2E-1);
#3212=CIRCLE('',#3211,9.E-2);
#3217=CIRCLE('',#3216,9.E-2);
#3226=CIRCLE('',#3225,1.2E-1);
#3231=CIRCLE('',#3230,1.2E-1);
#3236=CIRCLE('',#3235,9.E-2);
#3249=CIRCLE('',#3248,9.E-2);
#3302=B_SPLINE_CURVE_WITH_KNOTS('',3,(#3298,#3299,#3300,#3301),.UNSPECIFIED.,
.F.,.F.,(4,4),(0.E0,1.E0),.UNSPECIFIED.);
#3307=B_SPLINE_CURVE_WITH_KNOTS('',3,(#3303,#3304,#3305,#3306),.UNSPECIFIED.,
.F.,.F.,(4,4),(0.E0,1.E0),.UNSPECIFIED.);
#3316=CIRCLE('',#3315,1.2E-1);
#3333=B_SPLINE_CURVE_WITH_KNOTS('',3,(#3329,#3330,#3331,#3332),.UNSPECIFIED.,
.F.,.F.,(4,4),(0.E0,1.E0),.UNSPECIFIED.);
#3338=B_SPLINE_CURVE_WITH_KNOTS('',3,(#3334,#3335,#3336,#3337),.UNSPECIFIED.,
.F.,.F.,(4,4),(0.E0,1.E0),.UNSPECIFIED.);
#3347=CIRCLE('',#3346,1.2E-1);
#3356=B_SPLINE_CURVE_WITH_KNOTS('',3,(#3352,#3353,#3354,#3355),.UNSPECIFIED.,
.F.,.F.,(4,4),(0.E0,1.E0),.UNSPECIFIED.);
#3365=B_SPLINE_CURVE_WITH_KNOTS('',3,(#3361,#3362,#3363,#3364),.UNSPECIFIED.,
.F.,.F.,(4,4),(0.E0,1.E0),.UNSPECIFIED.);
#3446=CIRCLE('',#3445,1.2E-1);
#3791=B_SPLINE_CURVE_WITH_KNOTS('',3,(#3787,#3788,#3789,#3790),.UNSPECIFIED.,
.F.,.F.,(4,4),(0.E0,1.E0),.UNSPECIFIED.);
#3797=B_SPLINE_CURVE_WITH_KNOTS('',3,(#3792,#3793,#3794,#3795,#3796),
.UNSPECIFIED.,.F.,.F.,(4,1,4),(0.E0,5.E-1,1.E0),.UNSPECIFIED.);
#3810=CIRCLE('',#3809,1.2E-1);
#3819=B_SPLINE_CURVE_WITH_KNOTS('',3,(#3811,#3812,#3813,#3814,#3815,#3816,#3817,
#3818),.UNSPECIFIED.,.F.,.F.,(4,1,1,1,1,4),(0.E0,1.25E-1,2.5E-1,5.E-1,7.5E-1,
1.E0),.UNSPECIFIED.);
#3833=B_SPLINE_CURVE_WITH_KNOTS('',3,(#3828,#3829,#3830,#3831,#3832),
.UNSPECIFIED.,.F.,.F.,(4,1,4),(0.E0,5.E-1,1.E0),.UNSPECIFIED.);
#4022=CIRCLE('',#4021,1.2E-1);
#4031=CIRCLE('',#4030,1.2E-1);
#4060=CIRCLE('',#4059,4.E-2);
#4065=CIRCLE('',#4064,4.E-2);
#4106=CIRCLE('',#4105,4.E-2);
#4115=CIRCLE('',#4114,4.E-2);
#4180=CIRCLE('',#4179,1.2E-1);
#4185=CIRCLE('',#4184,1.2E-1);
#4190=CIRCLE('',#4189,1.2E-1);
#4199=CIRCLE('',#4198,1.2E-1);
#4228=CIRCLE('',#4227,4.E-2);
#4233=CIRCLE('',#4232,4.E-2);
#4274=CIRCLE('',#4273,4.E-2);
#4283=CIRCLE('',#4282,4.E-2);
#4348=CIRCLE('',#4347,1.2E-1);
#4353=CIRCLE('',#4352,1.2E-1);
#4358=CIRCLE('',#4357,1.2E-1);
#4367=CIRCLE('',#4366,1.2E-1);
#4396=CIRCLE('',#4395,4.E-2);
#4401=CIRCLE('',#4400,4.E-2);
#4442=CIRCLE('',#4441,4.E-2);
#4451=CIRCLE('',#4450,4.E-2);
#4516=CIRCLE('',#4515,1.2E-1);
#4521=CIRCLE('',#4520,1.2E-1);
#4558=CIRCLE('',#4557,2.E-1);
#4599=CIRCLE('',#4598,2.E-1);
#4640=CIRCLE('',#4639,2.E-1);
#6277=EDGE_CURVE('',#5139,#4794,#156,.T.);
#6279=EDGE_CURVE('',#5139,#5140,#4,.T.);
#6281=EDGE_CURVE('',#5140,#5142,#8,.T.);
#6283=EDGE_CURVE('',#5142,#5144,#12,.T.);
#6285=EDGE_CURVE('',#4797,#5144,#1741,.T.);
#6287=EDGE_CURVE('',#4797,#4798,#16,.T.);
#6289=EDGE_CURVE('',#4798,#4800,#20,.T.);
#6291=EDGE_CURVE('',#4800,#4802,#25,.T.);
#6293=EDGE_CURVE('',#4802,#4804,#29,.T.);
#6295=EDGE_CURVE('',#4804,#4806,#33,.T.);
#6297=EDGE_CURVE('',#4806,#4808,#37,.T.);
#6299=EDGE_CURVE('',#4808,#4810,#41,.T.);
#6301=EDGE_CURVE('',#4810,#4812,#45,.T.);
#6303=EDGE_CURVE('',#4812,#4814,#49,.T.);
#6305=EDGE_CURVE('',#4814,#4816,#53,.T.);
#6307=EDGE_CURVE('',#4816,#4818,#57,.T.);
#6309=EDGE_CURVE('',#4818,#4820,#61,.T.);
#6311=EDGE_CURVE('',#4820,#4822,#66,.T.);
#6313=EDGE_CURVE('',#4822,#4824,#70,.T.);
#6315=EDGE_CURVE('',#4824,#4826,#74,.T.);
#6317=EDGE_CURVE('',#5147,#4826,#1405,.T.);
#6319=EDGE_CURVE('',#5147,#5148,#78,.T.);
#6321=EDGE_CURVE('',#5148,#5150,#82,.T.);
#6323=EDGE_CURVE('',#5150,#5152,#86,.T.);
#6325=EDGE_CURVE('',#4829,#5152,#2320,.T.);
#6327=EDGE_CURVE('',#4829,#4830,#90,.T.);
#6329=EDGE_CURVE('',#4830,#4832,#94,.T.);
#6331=EDGE_CURVE('',#4832,#4771,#99,.T.);
#6333=EDGE_CURVE('',#4771,#4772,#103,.T.);
#6335=EDGE_CURVE('',#4772,#4774,#107,.T.);
#6337=EDGE_CURVE('',#4774,#4776,#111,.T.);
#6339=EDGE_CURVE('',#4776,#4778,#115,.T.);
#6341=EDGE_CURVE('',#4778,#4780,#119,.T.);
#6343=EDGE_CURVE('',#4780,#4782,#123,.T.);
#6345=EDGE_CURVE('',#4782,#4784,#127,.T.);
#6347=EDGE_CURVE('',#4784,#4786,#131,.T.);
#6349=EDGE_CURVE('',#4786,#4788,#135,.T.);
#6351=EDGE_CURVE('',#4788,#4790,#140,.T.);
#6353=EDGE_CURVE('',#4790,#4792,#144,.T.);
#6355=EDGE_CURVE('',#4792,#4794,#148,.T.);
#6365=EDGE_CURVE('',#5376,#5618,#235,.T.);
#6367=EDGE_CURVE('',#4987,#5376,#152,.T.);
#6369=EDGE_CURVE('',#5159,#4987,#2573,.T.);
#6371=EDGE_CURVE('',#5159,#5123,#2449,.T.);
#6373=EDGE_CURVE('',#5139,#5123,#4017,.T.);
#6376=EDGE_CURVE('',#4794,#4898,#160,.T.);
#6378=EDGE_CURVE('',#4898,#4934,#1986,.T.);
#6380=EDGE_CURVE('',#5636,#4934,#2026,.T.);
#6382=EDGE_CURVE('',#5636,#5622,#164,.T.);
#6384=EDGE_CURVE('',#5620,#5622,#168,.T.);
#6386=EDGE_CURVE('',#5618,#5620,#172,.T.);
#6396=EDGE_CURVE('',#5466,#4855,#176,.T.);
#6398=EDGE_CURVE('',#4855,#4856,#180,.T.);
#6400=EDGE_CURVE('',#5380,#4856,#184,.T.);
#6402=EDGE_CURVE('',#5616,#5380,#283,.T.);
#6404=EDGE_CURVE('',#5614,#5616,#188,.T.);
#6406=EDGE_CURVE('',#5634,#5614,#192,.T.);
#6408=EDGE_CURVE('',#5989,#5634,#196,.T.);
#6410=EDGE_CURVE('',#5989,#5466,#200,.T.);
#6420=EDGE_CURVE('',#5797,#5799,#205,.T.);
#6422=EDGE_CURVE('',#5362,#5797,#209,.T.);
#6424=EDGE_CURVE('',#5360,#5362,#214,.T.);
#6426=EDGE_CURVE('',#5358,#5360,#218,.T.);
#6428=EDGE_CURVE('',#5356,#5358,#223,.T.);
#6430=EDGE_CURVE('',#5355,#5356,#227,.T.);
#6432=EDGE_CURVE('',#5382,#5355,#231,.T.);
#6434=EDGE_CURVE('',#5375,#5382,#3554,.T.);
#6436=EDGE_CURVE('',#5375,#5376,#3622,.T.);
#6439=EDGE_CURVE('',#5618,#5599,#4537,.T.);
#6441=EDGE_CURVE('',#5599,#5799,#239,.T.);
#6451=EDGE_CURVE('',#5802,#5803,#244,.T.);
#6453=EDGE_CURVE('',#5802,#5305,#799,.T.);
#6455=EDGE_CURVE('',#5417,#5305,#2368,.T.);
#6457=EDGE_CURVE('',#5331,#5417,#2304,.T.);
#6459=EDGE_CURVE('',#5331,#5332,#3606,.T.);
#6461=EDGE_CURVE('',#5332,#5338,#3638,.T.);
#6463=EDGE_CURVE('',#5318,#5338,#248,.T.);
#6465=EDGE_CURVE('',#5316,#5318,#252,.T.);
#6467=EDGE_CURVE('',#5314,#5316,#257,.T.);
#6469=EDGE_CURVE('',#5312,#5314,#261,.T.);
#6471=EDGE_CURVE('',#5311,#5312,#266,.T.);
#6473=EDGE_CURVE('',#5803,#5311,#3706,.T.);
#6483=EDGE_CURVE('',#5794,#5795,#271,.T.);
#6485=EDGE_CURVE('',#5797,#5795,#3598,.T.);
#6488=EDGE_CURVE('',#5799,#5794,#364,.T.);
#6499=EDGE_CURVE('',#5794,#5596,#275,.T.);
#6501=EDGE_CURVE('',#5616,#5596,#279,.T.);
#6504=EDGE_CURVE('',#5379,#5380,#3626,.T.);
#6506=EDGE_CURVE('',#5379,#5384,#3562,.T.);
#6508=EDGE_CURVE('',#5384,#5365,#287,.T.);
#6510=EDGE_CURVE('',#5365,#5366,#291,.T.);
#6512=EDGE_CURVE('',#5366,#5368,#296,.T.);
#6514=EDGE_CURVE('',#5368,#5370,#300,.T.);
#6516=EDGE_CURVE('',#5370,#5372,#305,.T.);
#6518=EDGE_CURVE('',#5372,#5795,#309,.T.);
#6528=EDGE_CURVE('',#5805,#5807,#314,.T.);
#6530=EDGE_CURVE('',#5805,#5321,#318,.T.);
#6532=EDGE_CURVE('',#5321,#5322,#323,.T.);
#6534=EDGE_CURVE('',#5322,#5324,#327,.T.);
#6536=EDGE_CURVE('',#5324,#5326,#332,.T.);
#6538=EDGE_CURVE('',#5326,#5328,#336,.T.);
#6540=EDGE_CURVE('',#5328,#5340,#340,.T.);
#6542=EDGE_CURVE('',#5336,#5340,#3654,.T.);
#6544=EDGE_CURVE('',#5335,#5336,#3610,.T.);
#6546=EDGE_CURVE('',#5335,#5414,#2356,.T.);
#6548=EDGE_CURVE('',#5414,#5302,#344,.T.);
#6550=EDGE_CURVE('',#5302,#5807,#807,.T.);
#6560=EDGE_CURVE('',#5756,#5757,#348,.T.);
#6562=EDGE_CURVE('',#5757,#5991,#352,.T.);
#6564=EDGE_CURVE('',#5991,#5642,#715,.T.);
#6566=EDGE_CURVE('',#5642,#5595,#356,.T.);
#6568=EDGE_CURVE('',#5595,#5596,#360,.T.);
#6573=EDGE_CURVE('',#5599,#5600,#368,.T.);
#6575=EDGE_CURVE('',#5600,#5602,#372,.T.);
#6577=EDGE_CURVE('',#5602,#5774,#376,.T.);
#6579=EDGE_CURVE('',#5756,#5774,#380,.T.);
#6589=EDGE_CURVE('',#5760,#5761,#384,.T.);
#6591=EDGE_CURVE('',#5783,#5761,#388,.T.);
#6593=EDGE_CURVE('',#5783,#5605,#392,.T.);
#6595=EDGE_CURVE('',#5605,#5606,#396,.T.);
#6597=EDGE_CURVE('',#5606,#5608,#400,.T.);
#6599=EDGE_CURVE('',#5786,#5608,#1462,.T.);
#6601=EDGE_CURVE('',#5791,#5786,#404,.T.);
#6603=EDGE_CURVE('',#5611,#5791,#1702,.T.);
#6605=EDGE_CURVE('',#5611,#5612,#408,.T.);
#6607=EDGE_CURVE('',#5612,#5644,#412,.T.);
#6609=EDGE_CURVE('',#5984,#5644,#3845,.T.);
#6611=EDGE_CURVE('',#5984,#5760,#416,.T.);
#6621=EDGE_CURVE('',#5437,#5438,#420,.T.);
#6623=EDGE_CURVE('',#4879,#5437,#2336,.T.);
#6625=EDGE_CURVE('',#5037,#4879,#3714,.T.);
#6627=EDGE_CURVE('',#5037,#5433,#424,.T.);
#6629=EDGE_CURVE('',#5433,#5438,#428,.T.);
#6639=EDGE_CURVE('',#5465,#5466,#432,.T.);
#6641=EDGE_CURVE('',#5465,#5461,#436,.T.);
#6643=EDGE_CURVE('',#5041,#5461,#440,.T.);
#6645=EDGE_CURVE('',#4855,#5041,#3722,.T.);
#6656=EDGE_CURVE('',#5745,#5734,#779,.T.);
#6658=EDGE_CURVE('',#5965,#5734,#1009,.T.);
#6660=EDGE_CURVE('',#5965,#5446,#444,.T.);
#6662=EDGE_CURVE('',#5444,#5446,#448,.T.);
#6664=EDGE_CURVE('',#5444,#5058,#452,.T.);
#6666=EDGE_CURVE('',#5347,#5058,#3458,.T.);
#6668=EDGE_CURVE('',#5710,#5347,#456,.T.);
#6670=EDGE_CURVE('',#5709,#5710,#460,.T.);
#6672=EDGE_CURVE('',#5709,#5737,#464,.T.);
#6674=EDGE_CURVE('',#5747,#5737,#2131,.T.);
#6676=EDGE_CURVE('',#5745,#5747,#469,.T.);
#6687=EDGE_CURVE('',#5763,#5756,#474,.T.);
#6689=EDGE_CURVE('',#5743,#5763,#2139,.T.);
#6691=EDGE_CURVE('',#5716,#5743,#3454,.T.);
#6693=EDGE_CURVE('',#5715,#5716,#478,.T.);
#6695=EDGE_CURVE('',#5715,#5999,#482,.T.);
#6697=EDGE_CURVE('',#5060,#5999,#3470,.T.);
#6699=EDGE_CURVE('',#5658,#5060,#486,.T.);
#6701=EDGE_CURVE('',#5657,#5658,#490,.T.);
#6703=EDGE_CURVE('',#5969,#5657,#494,.T.);
#6705=EDGE_CURVE('',#5969,#5757,#684,.T.);
#6715=EDGE_CURVE('',#5727,#5728,#503,.T.);
#6717=EDGE_CURVE('',#5727,#5437,#507,.T.);
#6720=EDGE_CURVE('',#5438,#5440,#533,.T.);
#6722=EDGE_CURVE('',#5440,#5995,#511,.T.);
#6724=EDGE_CURVE('',#5995,#5728,#517,.T.);
#6735=EDGE_CURVE('',#5729,#5728,#521,.T.);
#6737=EDGE_CURVE('',#5729,#5730,#578,.T.);
#6739=EDGE_CURVE('',#5730,#5733,#980,.T.);
#6741=EDGE_CURVE('',#5733,#5734,#1005,.T.);
#6743=EDGE_CURVE('',#5734,#5727,#775,.T.);
#6755=EDGE_CURVE('',#5995,#5686,#525,.T.);
#6757=EDGE_CURVE('',#5729,#5686,#584,.T.);
#6769=EDGE_CURVE('',#5440,#5429,#545,.T.);
#6771=EDGE_CURVE('',#5429,#5425,#529,.T.);
#6773=EDGE_CURVE('',#5449,#5425,#600,.T.);
#6775=EDGE_CURVE('',#5686,#5449,#588,.T.);
#6787=EDGE_CURVE('',#5433,#5434,#569,.T.);
#6789=EDGE_CURVE('',#5430,#5434,#537,.T.);
#6791=EDGE_CURVE('',#5429,#5430,#541,.T.);
#6802=EDGE_CURVE('',#5454,#5465,#549,.T.);
#6804=EDGE_CURVE('',#5458,#5454,#553,.T.);
#6806=EDGE_CURVE('',#5457,#5458,#557,.T.);
#6808=EDGE_CURVE('',#5462,#5457,#561,.T.);
#6810=EDGE_CURVE('',#5461,#5462,#3734,.T.);
#6821=EDGE_CURVE('',#5443,#5444,#565,.T.);
#6823=EDGE_CURVE('',#5434,#5443,#628,.T.);
#6827=EDGE_CURVE('',#5037,#5038,#3710,.T.);
#6829=EDGE_CURVE('',#5038,#5028,#573,.T.);
#6831=EDGE_CURVE('',#5028,#5030,#3494,.T.);
#6833=EDGE_CURVE('',#5058,#5030,#3462,.T.);
#6847=EDGE_CURVE('',#5449,#5450,#596,.T.);
#6849=EDGE_CURVE('',#5450,#5443,#592,.T.);
#6853=EDGE_CURVE('',#5730,#5446,#984,.T.);
#6865=EDGE_CURVE('',#5425,#5426,#604,.T.);
#6867=EDGE_CURVE('',#5426,#5450,#608,.T.);
#6877=EDGE_CURVE('',#5663,#5664,#612,.T.);
#6879=EDGE_CURVE('',#5664,#6222,#616,.T.);
#6881=EDGE_CURVE('',#6222,#6223,#620,.T.);
#6883=EDGE_CURVE('',#6223,#5663,#624,.T.);
#6895=EDGE_CURVE('',#5426,#5430,#632,.T.);
#6919=EDGE_CURVE('',#5979,#5657,#659,.T.);
#6922=EDGE_CURVE('',#5658,#5660,#3726,.T.);
#6924=EDGE_CURVE('',#5660,#5664,#636,.T.);
#6927=EDGE_CURVE('',#5663,#5688,#640,.T.);
#6929=EDGE_CURVE('',#5688,#6231,#646,.T.);
#6931=EDGE_CURVE('',#5979,#6231,#651,.T.);
#6941=EDGE_CURVE('',#5969,#5973,#655,.T.);
#6945=EDGE_CURVE('',#5973,#5979,#663,.T.);
#6955=EDGE_CURVE('',#5975,#5971,#667,.T.);
#6957=EDGE_CURVE('',#5977,#5975,#671,.T.);
#6959=EDGE_CURVE('',#5674,#5977,#675,.T.);
#6961=EDGE_CURVE('',#5674,#5971,#901,.T.);
#6972=EDGE_CURVE('',#5757,#5973,#680,.T.);
#6983=EDGE_CURVE('',#6230,#5991,#697,.T.);
#6989=EDGE_CURVE('',#6231,#6230,#3758,.T.);
#6999=EDGE_CURVE('',#5466,#5991,#688,.T.);
#7002=EDGE_CURVE('',#6230,#5453,#703,.T.);
#7004=EDGE_CURVE('',#5453,#5454,#707,.T.);
#7018=EDGE_CURVE('',#5991,#5989,#719,.T.);
#7028=EDGE_CURVE('',#5727,#5299,#819,.T.);
#7030=EDGE_CURVE('',#5411,#5299,#4525,.T.);
#7032=EDGE_CURVE('',#5993,#5411,#2344,.T.);
#7034=EDGE_CURVE('',#5727,#5993,#711,.T.);
#7047=EDGE_CURVE('',#5642,#5634,#723,.T.);
#7057=EDGE_CURVE('',#5726,#5721,#727,.T.);
#7059=EDGE_CURVE('',#5396,#5726,#731,.T.);
#7061=EDGE_CURVE('',#5394,#5396,#735,.T.);
#7063=EDGE_CURVE('',#5393,#5394,#739,.T.);
#7065=EDGE_CURVE('',#5810,#5393,#743,.T.);
#7067=EDGE_CURVE('',#5815,#5810,#747,.T.);
#7069=EDGE_CURVE('',#5390,#5815,#751,.T.);
#7071=EDGE_CURVE('',#5388,#5390,#755,.T.);
#7073=EDGE_CURVE('',#5387,#5388,#759,.T.);
#7075=EDGE_CURVE('',#5818,#5387,#763,.T.);
#7077=EDGE_CURVE('',#5749,#5818,#767,.T.);
#7079=EDGE_CURVE('',#5721,#5749,#771,.T.);
#7091=EDGE_CURVE('',#5779,#5745,#783,.T.);
#7093=EDGE_CURVE('',#5308,#5779,#787,.T.);
#7095=EDGE_CURVE('',#5306,#5308,#791,.T.);
#7097=EDGE_CURVE('',#5305,#5306,#795,.T.);
#7100=EDGE_CURVE('',#5807,#5802,#803,.T.);
#7103=EDGE_CURVE('',#5300,#5302,#811,.T.);
#7105=EDGE_CURVE('',#5299,#5300,#815,.T.);
#7116=EDGE_CURVE('',#5721,#5722,#824,.T.);
#7118=EDGE_CURVE('',#5722,#5723,#992,.T.);
#7120=EDGE_CURVE('',#5723,#5724,#962,.T.);
#7122=EDGE_CURVE('',#5725,#5724,#957,.T.);
#7124=EDGE_CURVE('',#5725,#5726,#935,.T.);
#7136=EDGE_CURVE('',#5967,#5721,#893,.T.);
#7138=EDGE_CURVE('',#5722,#5967,#996,.T.);
#7148=EDGE_CURVE('',#5647,#5648,#828,.T.);
#7150=EDGE_CURVE('',#5590,#5647,#832,.T.);
#7152=EDGE_CURVE('',#5086,#5590,#836,.T.);
#7154=EDGE_CURVE('',#5086,#4876,#840,.T.);
#7156=EDGE_CURVE('',#5648,#4876,#1425,.T.);
#7166=EDGE_CURVE('',#5651,#5652,#844,.T.);
#7168=EDGE_CURVE('',#4860,#5651,#1765,.T.);
#7170=EDGE_CURVE('',#4860,#5088,#848,.T.);
#7172=EDGE_CURVE('',#5088,#5592,#852,.T.);
#7174=EDGE_CURVE('',#5652,#5592,#856,.T.);
#7185=EDGE_CURVE('',#5752,#5749,#861,.T.);
#7187=EDGE_CURVE('',#5752,#5753,#865,.T.);
#7189=EDGE_CURVE('',#5700,#5753,#869,.T.);
#7191=EDGE_CURVE('',#5697,#5700,#873,.T.);
#7193=EDGE_CURVE('',#5584,#5697,#877,.T.);
#7195=EDGE_CURVE('',#5102,#5584,#1025,.T.);
#7197=EDGE_CURVE('',#5678,#5102,#881,.T.);
#7199=EDGE_CURVE('',#5677,#5678,#885,.T.);
#7201=EDGE_CURVE('',#5677,#5967,#889,.T.);
#7213=EDGE_CURVE('',#5971,#5760,#897,.T.);
#7216=EDGE_CURVE('',#5672,#5674,#905,.T.);
#7218=EDGE_CURVE('',#5672,#5104,#909,.T.);
#7220=EDGE_CURVE('',#6001,#5104,#1029,.T.);
#7222=EDGE_CURVE('',#6001,#5704,#913,.T.);
#7224=EDGE_CURVE('',#5703,#5704,#917,.T.);
#7226=EDGE_CURVE('',#5703,#5766,#3320,.T.);
#7228=EDGE_CURVE('',#5766,#5767,#921,.T.);
#7230=EDGE_CURVE('',#5761,#5767,#926,.T.);
#7241=EDGE_CURVE('',#5725,#5469,#941,.T.);
#7243=EDGE_CURVE('',#5469,#5470,#945,.T.);
#7245=EDGE_CURVE('',#5470,#5647,#3873,.T.);
#7248=EDGE_CURVE('',#5648,#5726,#949,.T.);
#7258=EDGE_CURVE('',#5690,#5724,#976,.T.);
#7260=EDGE_CURVE('',#5690,#5469,#953,.T.);
#7273=EDGE_CURVE('',#5677,#5723,#1000,.T.);
#7276=EDGE_CURVE('',#5678,#5680,#1013,.T.);
#7278=EDGE_CURVE('',#5680,#5683,#966,.T.);
#7280=EDGE_CURVE('',#5683,#5684,#3925,.T.);
#7282=EDGE_CURVE('',#5684,#5690,#970,.T.);
#7296=EDGE_CURVE('',#5965,#5733,#988,.T.);
#7331=EDGE_CURVE('',#5102,#5065,#1017,.T.);
#7333=EDGE_CURVE('',#5065,#5066,#3530,.T.);
#7335=EDGE_CURVE('',#5079,#5066,#4005,.T.);
#7337=EDGE_CURVE('',#5079,#5086,#3969,.T.);
#7340=EDGE_CURVE('',#5590,#5544,#1021,.T.);
#7342=EDGE_CURVE('',#5680,#5544,#3961,.T.);
#7352=EDGE_CURVE('',#5583,#5584,#1053,.T.);
#7354=EDGE_CURVE('',#5583,#4959,#2845,.T.);
#7356=EDGE_CURVE('',#5097,#4959,#3993,.T.);
#7358=EDGE_CURVE('',#5097,#5065,#3534,.T.);
#7370=EDGE_CURVE('',#6001,#6005,#3269,.T.);
#7373=EDGE_CURVE('',#5104,#5074,#1033,.T.);
#7375=EDGE_CURVE('',#5074,#5094,#3506,.T.);
#7377=EDGE_CURVE('',#5094,#4956,#1037,.T.);
#7379=EDGE_CURVE('',#4956,#6005,#2733,.T.);
#7389=EDGE_CURVE('',#5697,#5698,#1041,.T.);
#7391=EDGE_CURVE('',#5698,#5579,#1045,.T.);
#7393=EDGE_CURVE('',#5579,#5580,#1049,.T.);
#7395=EDGE_CURVE('',#5583,#5580,#2849,.T.);
#7407=EDGE_CURVE('',#5710,#5712,#1057,.T.);
#7410=EDGE_CURVE('',#5347,#5348,#1061,.T.);
#7412=EDGE_CURVE('',#5348,#5350,#2801,.T.);
#7414=EDGE_CURVE('',#5350,#5343,#1065,.T.);
#7416=EDGE_CURVE('',#5343,#5712,#1069,.T.);
#7426=EDGE_CURVE('',#5700,#5769,#1087,.T.);
#7428=EDGE_CURVE('',#6218,#5769,#1074,.T.);
#7430=EDGE_CURVE('',#6218,#6216,#1079,.T.);
#7432=EDGE_CURVE('',#6216,#5698,#1083,.T.);
#7446=EDGE_CURVE('',#5769,#5753,#1092,.T.);
#7458=EDGE_CURVE('',#5766,#5753,#1108,.T.);
#7460=EDGE_CURVE('',#5766,#5771,#3316,.T.);
#7462=EDGE_CURVE('',#5771,#6219,#3307,.T.);
#7464=EDGE_CURVE('',#6219,#6218,#3328,.T.);
#7474=EDGE_CURVE('',#5482,#5946,#1096,.T.);
#7476=EDGE_CURVE('',#5928,#5946,#1910,.T.);
#7478=EDGE_CURVE('',#5928,#5486,#1100,.T.);
#7480=EDGE_CURVE('',#5781,#5486,#1798,.T.);
#7482=EDGE_CURVE('',#5781,#5767,#1104,.T.);
#7487=EDGE_CURVE('',#5752,#5819,#1112,.T.);
#7489=EDGE_CURVE('',#5474,#5819,#1389,.T.);
#7491=EDGE_CURVE('',#5474,#5860,#1116,.T.);
#7493=EDGE_CURVE('',#5860,#5878,#4764,.T.);
#7495=EDGE_CURVE('',#5878,#5478,#1120,.T.);
#7497=EDGE_CURVE('',#5478,#6255,#1124,.T.);
#7499=EDGE_CURVE('',#6255,#6246,#1128,.T.);
#7501=EDGE_CURVE('',#6246,#6247,#4712,.T.);
#7503=EDGE_CURVE('',#6247,#6251,#1132,.T.);
#7505=EDGE_CURVE('',#6251,#5482,#1136,.T.);
#7516=EDGE_CURVE('',#5481,#5482,#1140,.T.);
#7518=EDGE_CURVE('',#5481,#5558,#1934,.T.);
#7520=EDGE_CURVE('',#5558,#5963,#1918,.T.);
#7522=EDGE_CURVE('',#5959,#5963,#1144,.T.);
#7524=EDGE_CURVE('',#5957,#5959,#1149,.T.);
#7526=EDGE_CURVE('',#5955,#5957,#1153,.T.);
#7528=EDGE_CURVE('',#5953,#5955,#1157,.T.);
#7530=EDGE_CURVE('',#5951,#5953,#1161,.T.);
#7532=EDGE_CURVE('',#5949,#5951,#1165,.T.);
#7534=EDGE_CURVE('',#5947,#5949,#1169,.T.);
#7536=EDGE_CURVE('',#5946,#5947,#1174,.T.);
#7546=EDGE_CURVE('',#5919,#5294,#2099,.T.);
#7548=EDGE_CURVE('',#5917,#5919,#1179,.T.);
#7550=EDGE_CURVE('',#5915,#5917,#1183,.T.);
#7552=EDGE_CURVE('',#5914,#5915,#1187,.T.);
#7554=EDGE_CURVE('',#5943,#5914,#1191,.T.);
#7556=EDGE_CURVE('',#5911,#5943,#1195,.T.);
#7558=EDGE_CURVE('',#5909,#5911,#1199,.T.);
#7560=EDGE_CURVE('',#5908,#5909,#1204,.T.);
#7562=EDGE_CURVE('',#5923,#5908,#1208,.T.);
#7564=EDGE_CURVE('',#5284,#5923,#2183,.T.);
#7566=EDGE_CURVE('',#5282,#5284,#2066,.T.);
#7568=EDGE_CURVE('',#5282,#5294,#1212,.T.);
#7578=EDGE_CURVE('',#5477,#5478,#1216,.T.);
#7580=EDGE_CURVE('',#5477,#5481,#1938,.T.);
#7584=EDGE_CURVE('',#6250,#6251,#4708,.T.);
#7586=EDGE_CURVE('',#6254,#6250,#4684,.T.);
#7588=EDGE_CURVE('',#6254,#6255,#4664,.T.);
#7599=EDGE_CURVE('',#5891,#5855,#1220,.T.);
#7601=EDGE_CURVE('',#5556,#5855,#1224,.T.);
#7603=EDGE_CURVE('',#5556,#5477,#1942,.T.);
#7607=EDGE_CURVE('',#5878,#5879,#1229,.T.);
#7609=EDGE_CURVE('',#5879,#5881,#1233,.T.);
#7611=EDGE_CURVE('',#5881,#5883,#1237,.T.);
#7613=EDGE_CURVE('',#5883,#5885,#1241,.T.);
#7615=EDGE_CURVE('',#5885,#5887,#1245,.T.);
#7617=EDGE_CURVE('',#5887,#5889,#1249,.T.);
#7619=EDGE_CURVE('',#5889,#5891,#1254,.T.);
#7629=EDGE_CURVE('',#5278,#5851,#1258,.T.);
#7631=EDGE_CURVE('',#5851,#5836,#1262,.T.);
#7633=EDGE_CURVE('',#5836,#5837,#1267,.T.);
#7635=EDGE_CURVE('',#5837,#5839,#1271,.T.);
#7637=EDGE_CURVE('',#5839,#5875,#1275,.T.);
#7639=EDGE_CURVE('',#5875,#5842,#1279,.T.);
#7641=EDGE_CURVE('',#5842,#5843,#1283,.T.);
#7643=EDGE_CURVE('',#5843,#5845,#1287,.T.);
#7645=EDGE_CURVE('',#5845,#5847,#1292,.T.);
#7647=EDGE_CURVE('',#5292,#5847,#2111,.T.);
#7649=EDGE_CURVE('',#5280,#5292,#2187,.T.);
#7651=EDGE_CURVE('',#5278,#5280,#2058,.T.);
#7661=EDGE_CURVE('',#5853,#5855,#1304,.T.);
#7664=EDGE_CURVE('',#5873,#5891,#1296,.T.);
#7666=EDGE_CURVE('',#5873,#5853,#1312,.T.);
#7676=EDGE_CURVE('',#5554,#5853,#1300,.T.);
#7678=EDGE_CURVE('',#5554,#5556,#1946,.T.);
#7691=EDGE_CURVE('',#5473,#5474,#1308,.T.);
#7693=EDGE_CURVE('',#5473,#5554,#1950,.T.);
#7697=EDGE_CURVE('',#5871,#5873,#1317,.T.);
#7699=EDGE_CURVE('',#5869,#5871,#1321,.T.);
#7701=EDGE_CURVE('',#5867,#5869,#1325,.T.);
#7703=EDGE_CURVE('',#5865,#5867,#1329,.T.);
#7705=EDGE_CURVE('',#5863,#5865,#1333,.T.);
#7707=EDGE_CURVE('',#5861,#5863,#1337,.T.);
#7709=EDGE_CURVE('',#5860,#5861,#1342,.T.);
#7719=EDGE_CURVE('',#5833,#5290,#2119,.T.);
#7721=EDGE_CURVE('',#5831,#5833,#1347,.T.);
#7723=EDGE_CURVE('',#5829,#5831,#1351,.T.);
#7725=EDGE_CURVE('',#5828,#5829,#1355,.T.);
#7727=EDGE_CURVE('',#5857,#5828,#1359,.T.);
#7729=EDGE_CURVE('',#5825,#5857,#1363,.T.);
#7731=EDGE_CURVE('',#5823,#5825,#1367,.T.);
#7733=EDGE_CURVE('',#5822,#5823,#1372,.T.);
#7735=EDGE_CURVE('',#5850,#5822,#1376,.T.);
#7737=EDGE_CURVE('',#5276,#5850,#2291,.T.);
#7739=EDGE_CURVE('',#5275,#5276,#2050,.T.);
#7741=EDGE_CURVE('',#5275,#5290,#1380,.T.);
#7751=EDGE_CURVE('',#5818,#5819,#1385,.T.);
#7754=EDGE_CURVE('',#5399,#5387,#1393,.T.);
#7756=EDGE_CURVE('',#5552,#5399,#1413,.T.);
#7758=EDGE_CURVE('',#5552,#5473,#1954,.T.);
#7782=EDGE_CURVE('',#5399,#5400,#1417,.T.);
#7786=EDGE_CURVE('',#5400,#5388,#4736,.T.);
#7796=EDGE_CURVE('',#5563,#5402,#1397,.T.);
#7798=EDGE_CURVE('',#5000,#5563,#1401,.T.);
#7800=EDGE_CURVE('',#5167,#5000,#2621,.T.);
#7802=EDGE_CURVE('',#5167,#5131,#2429,.T.);
#7804=EDGE_CURVE('',#5147,#5131,#2409,.T.);
#7807=EDGE_CURVE('',#4826,#4922,#1409,.T.);
#7809=EDGE_CURVE('',#4922,#4932,#2002,.T.);
#7811=EDGE_CURVE('',#5552,#4932,#1958,.T.);
#7815=EDGE_CURVE('',#5400,#5402,#1421,.T.);
#7826=EDGE_CURVE('',#4875,#4876,#1429,.T.);
#7828=EDGE_CURVE('',#5571,#4875,#1433,.T.);
#7830=EDGE_CURVE('',#5571,#5405,#1437,.T.);
#7832=EDGE_CURVE('',#5405,#5406,#1441,.T.);
#7834=EDGE_CURVE('',#5406,#5408,#1445,.T.);
#7836=EDGE_CURVE('',#5987,#5408,#1449,.T.);
#7838=EDGE_CURVE('',#5987,#5648,#1453,.T.);
#7848=EDGE_CURVE('',#5786,#5787,#1458,.T.);
#7851=EDGE_CURVE('',#5628,#5608,#1466,.T.);
#7853=EDGE_CURVE('',#5628,#5568,#1470,.T.);
#7855=EDGE_CURVE('',#5567,#5568,#1587,.T.);
#7857=EDGE_CURVE('',#5567,#5532,#1555,.T.);
#7859=EDGE_CURVE('',#5532,#5513,#1474,.T.);
#7861=EDGE_CURVE('',#5513,#5514,#1478,.T.);
#7863=EDGE_CURVE('',#5514,#5516,#1483,.T.);
#7865=EDGE_CURVE('',#5516,#5518,#1487,.T.);
#7867=EDGE_CURVE('',#5518,#5520,#1492,.T.);
#7869=EDGE_CURVE('',#5520,#5787,#1496,.T.);
#7879=EDGE_CURVE('',#5813,#5815,#1501,.T.);
#7881=EDGE_CURVE('',#5489,#5813,#1663,.T.);
#7883=EDGE_CURVE('',#5489,#5490,#1506,.T.);
#7885=EDGE_CURVE('',#5490,#5492,#1510,.T.);
#7887=EDGE_CURVE('',#5492,#5494,#1515,.T.);
#7889=EDGE_CURVE('',#5494,#5496,#1519,.T.);
#7891=EDGE_CURVE('',#5496,#5508,#1523,.T.);
#7893=EDGE_CURVE('',#5564,#5508,#1611,.T.);
#7895=EDGE_CURVE('',#5563,#5564,#1579,.T.);
#7898=EDGE_CURVE('',#5402,#5390,#1527,.T.);
#7910=EDGE_CURVE('',#5789,#5787,#1531,.T.);
#7912=EDGE_CURVE('',#5789,#5791,#1668,.T.);
#7925=EDGE_CURVE('',#5520,#5530,#1535,.T.);
#7927=EDGE_CURVE('',#5530,#5789,#1672,.T.);
#7938=EDGE_CURVE('',#5518,#5528,#1539,.T.);
#7940=EDGE_CURVE('',#5528,#5530,#1677,.T.);
#7952=EDGE_CURVE('',#5516,#5526,#1543,.T.);
#7954=EDGE_CURVE('',#5526,#5528,#1681,.T.);
#7966=EDGE_CURVE('',#5514,#5524,#1547,.T.);
#7968=EDGE_CURVE('',#5524,#5526,#1686,.T.);
#7980=EDGE_CURVE('',#5513,#5523,#1551,.T.);
#7982=EDGE_CURVE('',#5523,#5524,#1690,.T.);
#7994=EDGE_CURVE('',#5534,#5532,#1575,.T.);
#7996=EDGE_CURVE('',#5534,#5523,#1694,.T.);
#8008=EDGE_CURVE('',#5567,#4996,#1559,.T.);
#8010=EDGE_CURVE('',#4996,#4950,#1563,.T.);
#8012=EDGE_CURVE('',#4950,#4952,#2745,.T.);
#8014=EDGE_CURVE('',#5091,#4952,#3766,.T.);
#8016=EDGE_CURVE('',#5091,#5071,#3518,.T.);
#8018=EDGE_CURVE('',#5083,#5071,#3985,.T.);
#8020=EDGE_CURVE('',#5083,#5575,#1567,.T.);
#8022=EDGE_CURVE('',#5575,#5534,#1571,.T.);
#8034=EDGE_CURVE('',#4999,#5564,#1635,.T.);
#8036=EDGE_CURVE('',#4999,#5000,#1583,.T.);
#8048=EDGE_CURVE('',#4995,#5568,#1753,.T.);
#8050=EDGE_CURVE('',#4995,#4996,#1591,.T.);
#8061=EDGE_CURVE('',#5571,#5572,#1595,.T.);
#8064=EDGE_CURVE('',#5079,#4875,#3973,.T.);
#8066=EDGE_CURVE('',#5079,#5080,#1599,.T.);
#8068=EDGE_CURVE('',#5572,#5080,#1623,.T.);
#8078=EDGE_CURVE('',#5575,#5576,#1603,.T.);
#8081=EDGE_CURVE('',#5083,#5084,#1607,.T.);
#8083=EDGE_CURVE('',#4859,#5084,#3981,.T.);
#8085=EDGE_CURVE('',#5576,#4859,#1785,.T.);
#8096=EDGE_CURVE('',#5510,#5508,#1615,.T.);
#8098=EDGE_CURVE('',#5572,#5510,#1619,.T.);
#8101=EDGE_CURVE('',#5080,#5068,#1627,.T.);
#8103=EDGE_CURVE('',#5068,#5100,#3522,.T.);
#8105=EDGE_CURVE('',#5100,#4962,#1631,.T.);
#8107=EDGE_CURVE('',#4962,#4964,#2833,.T.);
#8109=EDGE_CURVE('',#4999,#4964,#2625,.T.);
#8121=EDGE_CURVE('',#5496,#5506,#1639,.T.);
#8123=EDGE_CURVE('',#5506,#5510,#1711,.T.);
#8135=EDGE_CURVE('',#5494,#5504,#1643,.T.);
#8137=EDGE_CURVE('',#5504,#5506,#1715,.T.);
#8149=EDGE_CURVE('',#5492,#5502,#1647,.T.);
#8151=EDGE_CURVE('',#5502,#5504,#1720,.T.);
#8163=EDGE_CURVE('',#5490,#5500,#1651,.T.);
#8165=EDGE_CURVE('',#5500,#5502,#1724,.T.);
#8177=EDGE_CURVE('',#5489,#5499,#1655,.T.);
#8179=EDGE_CURVE('',#5499,#5500,#1729,.T.);
#8190=EDGE_CURVE('',#5813,#5811,#1659,.T.);
#8192=EDGE_CURVE('',#5499,#5811,#1733,.T.);
#8204=EDGE_CURVE('',#5810,#5811,#1707,.T.);
#8226=EDGE_CURVE('',#5576,#5630,#1698,.T.);
#8228=EDGE_CURVE('',#5630,#5611,#3869,.T.);
#8241=EDGE_CURVE('',#5405,#5393,#3861,.T.);
#8260=EDGE_CURVE('',#5638,#5624,#1737,.T.);
#8262=EDGE_CURVE('',#4936,#5638,#1970,.T.);
#8264=EDGE_CURVE('',#4936,#4901,#1990,.T.);
#8266=EDGE_CURVE('',#4797,#4901,#4586,.T.);
#8269=EDGE_CURVE('',#5144,#5128,#1745,.T.);
#8271=EDGE_CURVE('',#5128,#5164,#2433,.T.);
#8273=EDGE_CURVE('',#5164,#4995,#1749,.T.);
#8277=EDGE_CURVE('',#5626,#5628,#1757,.T.);
#8279=EDGE_CURVE('',#5624,#5626,#1761,.T.);
#8290=EDGE_CURVE('',#5651,#5985,#1769,.T.);
#8292=EDGE_CURVE('',#5985,#5640,#1773,.T.);
#8294=EDGE_CURVE('',#5632,#5640,#1777,.T.);
#8296=EDGE_CURVE('',#5630,#5632,#1781,.T.);
#8300=EDGE_CURVE('',#4859,#4860,#1789,.T.);
#8310=EDGE_CURVE('',#5781,#5783,#1794,.T.);
#8313=EDGE_CURVE('',#5485,#5486,#1802,.T.);
#8315=EDGE_CURVE('',#5638,#5485,#1922,.T.);
#8318=EDGE_CURVE('',#5624,#5605,#4728,.T.);
#8341=EDGE_CURVE('',#5941,#5961,#1806,.T.);
#8343=EDGE_CURVE('',#5560,#5961,#1810,.T.);
#8345=EDGE_CURVE('',#5560,#5485,#1926,.T.);
#8349=EDGE_CURVE('',#5928,#5929,#1815,.T.);
#8351=EDGE_CURVE('',#5929,#5931,#1819,.T.);
#8353=EDGE_CURVE('',#5931,#5933,#1823,.T.);
#8355=EDGE_CURVE('',#5933,#5935,#1827,.T.);
#8357=EDGE_CURVE('',#5935,#5937,#1831,.T.);
#8359=EDGE_CURVE('',#5937,#5939,#1835,.T.);
#8361=EDGE_CURVE('',#5939,#5941,#1840,.T.);
#8371=EDGE_CURVE('',#5286,#5921,#1844,.T.);
#8373=EDGE_CURVE('',#5921,#5894,#1848,.T.);
#8375=EDGE_CURVE('',#5894,#5895,#1853,.T.);
#8377=EDGE_CURVE('',#5895,#5897,#1857,.T.);
#8379=EDGE_CURVE('',#5897,#5925,#1861,.T.);
#8381=EDGE_CURVE('',#5925,#5900,#1865,.T.);
#8383=EDGE_CURVE('',#5900,#5901,#1869,.T.);
#8385=EDGE_CURVE('',#5901,#5903,#1873,.T.);
#8387=EDGE_CURVE('',#5903,#5905,#1878,.T.);
#8389=EDGE_CURVE('',#5296,#5905,#2091,.T.);
#8391=EDGE_CURVE('',#5288,#5296,#2087,.T.);
#8393=EDGE_CURVE('',#5286,#5288,#2074,.T.);
#8404=EDGE_CURVE('',#5941,#5959,#1882,.T.);
#8407=EDGE_CURVE('',#5963,#5961,#1914,.T.);
#8418=EDGE_CURVE('',#5939,#5957,#1886,.T.);
#8431=EDGE_CURVE('',#5937,#5955,#1890,.T.);
#8444=EDGE_CURVE('',#5935,#5953,#1894,.T.);
#8457=EDGE_CURVE('',#5933,#5951,#1898,.T.);
#8470=EDGE_CURVE('',#5931,#5949,#1902,.T.);
#8483=EDGE_CURVE('',#5929,#5947,#1906,.T.);
#8509=EDGE_CURVE('',#5558,#5560,#1930,.T.);
#8530=EDGE_CURVE('',#4932,#4913,#1998,.T.);
#8532=EDGE_CURVE('',#4816,#4913,#4627,.T.);
#8535=EDGE_CURVE('',#4814,#4871,#1962,.T.);
#8537=EDGE_CURVE('',#4863,#4871,#4724,.T.);
#8539=EDGE_CURVE('',#4808,#4863,#4696,.T.);
#8542=EDGE_CURVE('',#4806,#4910,#1966,.T.);
#8544=EDGE_CURVE('',#4910,#4936,#1994,.T.);
#8555=EDGE_CURVE('',#4883,#4884,#2006,.T.);
#8557=EDGE_CURVE('',#4928,#4883,#2393,.T.);
#8559=EDGE_CURVE('',#4926,#4928,#2384,.T.);
#8561=EDGE_CURVE('',#4925,#4926,#2376,.T.);
#8563=EDGE_CURVE('',#4930,#4925,#1974,.T.);
#8565=EDGE_CURVE('',#4886,#4930,#1978,.T.);
#8567=EDGE_CURVE('',#4884,#4886,#2014,.T.);
#8577=EDGE_CURVE('',#4889,#4890,#4541,.T.);
#8579=EDGE_CURVE('',#4934,#4889,#1982,.T.);
#8582=EDGE_CURVE('',#4896,#4898,#4574,.T.);
#8584=EDGE_CURVE('',#4894,#4896,#4566,.T.);
#8586=EDGE_CURVE('',#4892,#4894,#4558,.T.);
#8588=EDGE_CURVE('',#4890,#4892,#4549,.T.);
#8598=EDGE_CURVE('',#4901,#4902,#4582,.T.);
#8602=EDGE_CURVE('',#4908,#4910,#4615,.T.);
#8604=EDGE_CURVE('',#4906,#4908,#4607,.T.);
#8606=EDGE_CURVE('',#4904,#4906,#4599,.T.);
#8608=EDGE_CURVE('',#4902,#4904,#4590,.T.);
#8618=EDGE_CURVE('',#4913,#4914,#4623,.T.);
#8622=EDGE_CURVE('',#4920,#4922,#4656,.T.);
#8624=EDGE_CURVE('',#4918,#4920,#4648,.T.);
#8626=EDGE_CURVE('',#4916,#4918,#4640,.T.);
#8628=EDGE_CURVE('',#4914,#4916,#4631,.T.);
#8639=EDGE_CURVE('',#4772,#4884,#2018,.T.);
#8642=EDGE_CURVE('',#4771,#4883,#2010,.T.);
#8653=EDGE_CURVE('',#4774,#4886,#2038,.T.);
#8665=EDGE_CURVE('',#5636,#5288,#2022,.T.);
#8669=EDGE_CURVE('',#4784,#4889,#4545,.T.);
#8672=EDGE_CURVE('',#4782,#4851,#2030,.T.);
#8674=EDGE_CURVE('',#4851,#4843,#2034,.T.);
#8676=EDGE_CURVE('',#4776,#4843,#2199,.T.);
#8681=EDGE_CURVE('',#4930,#5422,#2042,.T.);
#8683=EDGE_CURVE('',#5422,#5275,#2046,.T.);
#8686=EDGE_CURVE('',#5276,#5278,#2054,.T.);
#8689=EDGE_CURVE('',#5280,#5282,#2062,.T.);
#8692=EDGE_CURVE('',#5284,#5286,#2070,.T.);
#8703=EDGE_CURVE('',#5774,#5775,#2079,.T.);
#8706=EDGE_CURVE('',#5622,#5602,#2083,.T.);
#8711=EDGE_CURVE('',#5775,#5296,#2147,.T.);
#8722=EDGE_CURVE('',#5763,#5775,#2143,.T.);
#8735=EDGE_CURVE('',#5905,#5919,#2095,.T.);
#8738=EDGE_CURVE('',#6241,#5294,#2103,.T.);
#8740=EDGE_CURVE('',#6240,#6241,#2219,.T.);
#8742=EDGE_CURVE('',#6234,#6240,#2215,.T.);
#8744=EDGE_CURVE('',#6234,#6235,#2191,.T.);
#8746=EDGE_CURVE('',#5292,#6235,#2107,.T.);
#8749=EDGE_CURVE('',#5833,#5847,#2115,.T.);
#8752=EDGE_CURVE('',#5290,#5777,#2123,.T.);
#8754=EDGE_CURVE('',#5777,#5747,#2127,.T.);
#8757=EDGE_CURVE('',#5743,#5737,#2135,.T.);
#8771=EDGE_CURVE('',#5903,#5917,#2151,.T.);
#8784=EDGE_CURVE('',#5901,#5915,#2155,.T.);
#8797=EDGE_CURVE('',#5900,#5914,#2159,.T.);
#8810=EDGE_CURVE('',#5925,#5943,#2163,.T.);
#8823=EDGE_CURVE('',#5897,#5911,#2167,.T.);
#8836=EDGE_CURVE('',#5895,#5909,#2171,.T.);
#8849=EDGE_CURVE('',#5894,#5908,#2175,.T.);
#8862=EDGE_CURVE('',#5923,#5921,#2179,.T.);
#8889=EDGE_CURVE('',#6237,#6235,#2211,.T.);
#8891=EDGE_CURVE('',#6237,#6243,#2243,.T.);
#8893=EDGE_CURVE('',#6243,#6241,#2223,.T.);
#8906=EDGE_CURVE('',#4847,#6234,#2195,.T.);
#8908=EDGE_CURVE('',#4778,#4847,#2255,.T.);
#8912=EDGE_CURVE('',#4843,#4844,#2203,.T.);
#8914=EDGE_CURVE('',#6237,#4844,#2207,.T.);
#8926=EDGE_CURVE('',#4848,#6240,#2239,.T.);
#8928=EDGE_CURVE('',#4847,#4848,#2251,.T.);
#8941=EDGE_CURVE('',#6243,#4852,#2227,.T.);
#8943=EDGE_CURVE('',#4851,#4852,#2231,.T.);
#8947=EDGE_CURVE('',#4780,#4848,#2235,.T.);
#8960=EDGE_CURVE('',#4852,#4844,#2247,.T.);
#8998=EDGE_CURVE('',#5831,#5845,#2259,.T.);
#9011=EDGE_CURVE('',#5829,#5843,#2263,.T.);
#9024=EDGE_CURVE('',#5828,#5842,#2267,.T.);
#9037=EDGE_CURVE('',#5857,#5875,#2271,.T.);
#9050=EDGE_CURVE('',#5825,#5839,#2275,.T.);
#9063=EDGE_CURVE('',#5823,#5837,#2279,.T.);
#9076=EDGE_CURVE('',#5822,#5836,#2283,.T.);
#9086=EDGE_CURVE('',#5850,#5851,#2287,.T.);
#9111=EDGE_CURVE('',#5777,#5779,#2296,.T.);
#9116=EDGE_CURVE('',#5422,#5420,#2316,.T.);
#9118=EDGE_CURVE('',#5420,#5308,#2300,.T.);
#9142=EDGE_CURVE('',#5417,#5418,#2308,.T.);
#9144=EDGE_CURVE('',#5418,#5420,#2312,.T.);
#9149=EDGE_CURVE('',#4829,#4925,#2380,.T.);
#9152=EDGE_CURVE('',#5152,#5136,#2324,.T.);
#9154=EDGE_CURVE('',#5136,#5156,#2413,.T.);
#9156=EDGE_CURVE('',#5156,#4992,#2328,.T.);
#9158=EDGE_CURVE('',#4992,#5331,#2332,.T.);
#9169=EDGE_CURVE('',#5437,#5993,#2340,.T.);
#9172=EDGE_CURVE('',#5411,#5412,#2348,.T.);
#9174=EDGE_CURVE('',#5412,#5414,#2352,.T.);
#9177=EDGE_CURVE('',#5335,#4880,#2360,.T.);
#9179=EDGE_CURVE('',#4879,#4880,#2364,.T.);
#9192=EDGE_CURVE('',#5418,#5306,#2372,.T.);
#9215=EDGE_CURVE('',#4830,#4926,#2388,.T.);
#9228=EDGE_CURVE('',#4832,#4928,#2397,.T.);
#9253=EDGE_CURVE('',#5150,#5134,#2401,.T.);
#9255=EDGE_CURVE('',#5134,#5136,#2417,.T.);
#9267=EDGE_CURVE('',#5148,#5132,#2405,.T.);
#9269=EDGE_CURVE('',#5132,#5134,#2421,.T.);
#9282=EDGE_CURVE('',#5131,#5132,#2425,.T.);
#9293=EDGE_CURVE('',#5155,#5156,#2549,.T.);
#9300=EDGE_CURVE('',#5167,#5168,#2617,.T.);
#9302=EDGE_CURVE('',#5168,#5155,#2593,.T.);
#9306=EDGE_CURVE('',#5246,#5248,#2469,.T.);
#9308=EDGE_CURVE('',#5255,#5248,#2473,.T.);
#9310=EDGE_CURVE('',#5251,#5255,#2477,.T.);
#9312=EDGE_CURVE('',#5246,#5251,#2481,.T.);
#9316=EDGE_CURVE('',#6127,#6129,#2501,.T.);
#9318=EDGE_CURVE('',#6136,#6129,#2505,.T.);
#9320=EDGE_CURVE('',#6132,#6136,#2509,.T.);
#9322=EDGE_CURVE('',#6127,#6132,#2513,.T.);
#9326=EDGE_CURVE('',#6191,#6193,#2533,.T.);
#9328=EDGE_CURVE('',#6200,#6193,#2537,.T.);
#9330=EDGE_CURVE('',#6196,#6200,#2541,.T.);
#9332=EDGE_CURVE('',#6191,#6196,#2545,.T.);
#9342=EDGE_CURVE('',#5159,#5160,#2569,.T.);
#9344=EDGE_CURVE('',#5160,#5162,#2637,.T.);
#9346=EDGE_CURVE('',#5162,#5164,#2601,.T.);
#9349=EDGE_CURVE('',#5126,#5128,#2437,.T.);
#9351=EDGE_CURVE('',#5124,#5126,#2441,.T.);
#9353=EDGE_CURVE('',#5123,#5124,#2445,.T.);
#9358=EDGE_CURVE('',#5224,#5228,#2453,.T.);
#9360=EDGE_CURVE('',#5236,#5228,#2457,.T.);
#9362=EDGE_CURVE('',#5232,#5236,#2461,.T.);
#9364=EDGE_CURVE('',#5224,#5232,#2465,.T.);
#9368=EDGE_CURVE('',#6107,#6109,#2485,.T.);
#9370=EDGE_CURVE('',#6117,#6109,#2489,.T.);
#9372=EDGE_CURVE('',#6113,#6117,#2493,.T.);
#9374=EDGE_CURVE('',#6107,#6113,#2497,.T.);
#9378=EDGE_CURVE('',#6171,#6173,#2517,.T.);
#9380=EDGE_CURVE('',#6181,#6173,#2521,.T.);
#9382=EDGE_CURVE('',#6177,#6181,#2525,.T.);
#9384=EDGE_CURVE('',#6171,#6177,#2529,.T.);
#9395=EDGE_CURVE('',#5155,#4840,#2553,.T.);
#9397=EDGE_CURVE('',#4840,#4983,#2557,.T.);
#9399=EDGE_CURVE('',#4983,#4968,#2561,.T.);
#9401=EDGE_CURVE('',#4968,#4970,#2821,.T.);
#9403=EDGE_CURVE('',#4991,#4970,#3646,.T.);
#9405=EDGE_CURVE('',#4991,#4992,#2565,.T.);
#9418=EDGE_CURVE('',#4987,#4988,#2577,.T.);
#9420=EDGE_CURVE('',#4988,#4944,#2581,.T.);
#9422=EDGE_CURVE('',#4944,#4946,#2757,.T.);
#9424=EDGE_CURVE('',#4946,#4979,#2585,.T.);
#9426=EDGE_CURVE('',#4979,#4835,#2589,.T.);
#9428=EDGE_CURVE('',#5160,#4835,#2641,.T.);
#9439=EDGE_CURVE('',#5168,#4839,#2597,.T.);
#9441=EDGE_CURVE('',#4839,#4840,#2657,.T.);
#9453=EDGE_CURVE('',#5162,#4836,#2605,.T.);
#9455=EDGE_CURVE('',#4836,#4980,#2609,.T.);
#9457=EDGE_CURVE('',#4980,#4948,#2613,.T.);
#9459=EDGE_CURVE('',#4948,#4950,#2749,.T.);
#9476=EDGE_CURVE('',#4964,#4966,#2829,.T.);
#9478=EDGE_CURVE('',#4966,#4984,#2629,.T.);
#9480=EDGE_CURVE('',#4984,#4839,#2633,.T.);
#9493=EDGE_CURVE('',#4835,#4836,#2649,.T.);
#9504=EDGE_CURVE('',#4979,#4980,#2645,.T.);
#9517=EDGE_CURVE('',#4983,#4984,#2653,.T.);
#9532=EDGE_CURVE('',#4946,#4948,#2753,.T.);
#9537=EDGE_CURVE('',#5195,#5196,#2661,.T.);
#9539=EDGE_CURVE('',#5196,#5204,#2665,.T.);
#9541=EDGE_CURVE('',#5203,#5204,#2669,.T.);
#9543=EDGE_CURVE('',#5195,#5203,#2673,.T.);
#9547=EDGE_CURVE('',#6016,#6017,#2677,.T.);
#9549=EDGE_CURVE('',#6017,#6021,#2681,.T.);
#9551=EDGE_CURVE('',#6020,#6021,#2685,.T.);
#9553=EDGE_CURVE('',#6016,#6020,#2689,.T.);
#9557=EDGE_CURVE('',#6056,#6057,#2693,.T.);
#9559=EDGE_CURVE('',#6057,#6061,#2697,.T.);
#9561=EDGE_CURVE('',#6060,#6061,#2701,.T.);
#9563=EDGE_CURVE('',#6056,#6060,#2705,.T.);
#9573=EDGE_CURVE('',#5587,#6271,#2725,.T.);
#9575=EDGE_CURVE('',#6005,#5587,#2729,.T.);
#9578=EDGE_CURVE('',#4954,#4956,#2737,.T.);
#9580=EDGE_CURVE('',#4952,#4954,#2741,.T.);
#9586=EDGE_CURVE('',#4942,#4944,#2761,.T.);
#9588=EDGE_CURVE('',#4940,#4942,#2765,.T.);
#9590=EDGE_CURVE('',#4939,#4940,#2769,.T.);
#9592=EDGE_CURVE('',#6003,#4939,#2773,.T.);
#9594=EDGE_CURVE('',#6003,#5352,#2777,.T.);
#9596=EDGE_CURVE('',#5352,#6261,#2781,.T.);
#9598=EDGE_CURVE('',#6261,#5115,#2785,.T.);
#9600=EDGE_CURVE('',#5115,#5116,#2789,.T.);
#9602=EDGE_CURVE('',#6263,#5116,#2793,.T.);
#9604=EDGE_CURVE('',#6263,#5350,#2797,.T.);
#9607=EDGE_CURVE('',#4976,#5348,#2805,.T.);
#9609=EDGE_CURVE('',#4974,#4976,#2809,.T.);
#9611=EDGE_CURVE('',#4972,#4974,#2813,.T.);
#9613=EDGE_CURVE('',#4970,#4972,#2817,.T.);
#9616=EDGE_CURVE('',#4966,#4968,#2825,.T.);
#9620=EDGE_CURVE('',#4960,#4962,#2837,.T.);
#9622=EDGE_CURVE('',#4959,#4960,#2841,.T.);
#9626=EDGE_CURVE('',#6269,#5580,#2853,.T.);
#9628=EDGE_CURVE('',#6269,#5119,#2857,.T.);
#9630=EDGE_CURVE('',#5119,#5120,#2861,.T.);
#9632=EDGE_CURVE('',#6271,#5120,#2865,.T.);
#9636=EDGE_CURVE('',#5019,#5020,#2709,.T.);
#9638=EDGE_CURVE('',#5019,#5023,#2713,.T.);
#9640=EDGE_CURVE('',#5023,#5024,#2717,.T.);
#9642=EDGE_CURVE('',#5020,#5024,#2721,.T.);
#9653=EDGE_CURVE('',#5020,#5003,#2869,.T.);
#9655=EDGE_CURVE('',#5003,#5004,#2873,.T.);
#9657=EDGE_CURVE('',#5004,#5006,#2877,.T.);
#9659=EDGE_CURVE('',#5006,#5008,#2881,.T.);
#9661=EDGE_CURVE('',#5008,#5019,#2885,.T.);
#9665=EDGE_CURVE('',#5179,#5180,#2889,.T.);
#9667=EDGE_CURVE('',#5180,#5184,#2893,.T.);
#9669=EDGE_CURVE('',#5183,#5184,#2897,.T.);
#9671=EDGE_CURVE('',#5179,#5183,#2901,.T.);
#9675=EDGE_CURVE('',#6032,#6033,#2905,.T.);
#9677=EDGE_CURVE('',#6033,#6037,#2909,.T.);
#9679=EDGE_CURVE('',#6036,#6037,#2913,.T.);
#9681=EDGE_CURVE('',#6032,#6036,#2917,.T.);
#9685=EDGE_CURVE('',#6072,#6073,#2921,.T.);
#9687=EDGE_CURVE('',#6073,#6077,#2925,.T.);
#9689=EDGE_CURVE('',#6076,#6077,#2929,.T.);
#9691=EDGE_CURVE('',#6072,#6076,#2933,.T.);
#9702=EDGE_CURVE('',#5024,#5011,#2953,.T.);
#9704=EDGE_CURVE('',#5003,#5011,#3017,.T.);
#9716=EDGE_CURVE('',#5016,#5023,#2937,.T.);
#9718=EDGE_CURVE('',#5014,#5016,#2941,.T.);
#9720=EDGE_CURVE('',#5012,#5014,#2945,.T.);
#9722=EDGE_CURVE('',#5011,#5012,#2949,.T.);
#9727=EDGE_CURVE('',#5187,#5188,#2957,.T.);
#9729=EDGE_CURVE('',#5187,#5191,#2961,.T.);
#9731=EDGE_CURVE('',#5191,#5192,#2965,.T.);
#9733=EDGE_CURVE('',#5188,#5192,#2969,.T.);
#9737=EDGE_CURVE('',#6040,#6041,#2973,.T.);
#9739=EDGE_CURVE('',#6040,#6044,#2977,.T.);
#9741=EDGE_CURVE('',#6044,#6045,#2981,.T.);
#9743=EDGE_CURVE('',#6041,#6045,#2985,.T.);
#9747=EDGE_CURVE('',#6080,#6081,#2989,.T.);
#9749=EDGE_CURVE('',#6080,#6084,#2993,.T.);
#9751=EDGE_CURVE('',#6084,#6085,#2997,.T.);
#9753=EDGE_CURVE('',#6081,#6085,#3001,.T.);
#9765=EDGE_CURVE('',#5008,#5016,#3005,.T.);
#9777=EDGE_CURVE('',#5006,#5014,#3009,.T.);
#9790=EDGE_CURVE('',#5004,#5012,#3013,.T.);
#9815=EDGE_CURVE('',#5179,#5175,#3021,.T.);
#9817=EDGE_CURVE('',#5175,#5180,#3026,.T.);
#9828=EDGE_CURVE('',#5188,#5171,#3031,.T.);
#9830=EDGE_CURVE('',#5171,#5187,#3035,.T.);
#9840=EDGE_CURVE('',#5195,#5196,#3040,.T.);
#9851=EDGE_CURVE('',#5199,#5200,#3045,.T.);
#9853=EDGE_CURVE('',#5200,#5199,#3085,.T.);
#9864=EDGE_CURVE('',#5183,#5176,#3054,.T.);
#9866=EDGE_CURVE('',#5175,#5176,#3077,.T.);
#9878=EDGE_CURVE('',#5176,#5184,#3050,.T.);
#9890=EDGE_CURVE('',#5172,#5191,#3058,.T.);
#9892=EDGE_CURVE('',#5192,#5172,#3063,.T.);
#9902=EDGE_CURVE('',#5203,#5204,#3068,.T.);
#9913=EDGE_CURVE('',#5207,#5208,#3073,.T.);
#9915=EDGE_CURVE('',#5208,#5207,#3093,.T.);
#9939=EDGE_CURVE('',#5171,#5172,#3081,.T.);
#9975=EDGE_CURVE('',#5207,#5199,#3097,.T.);
#9978=EDGE_CURVE('',#5200,#5208,#3089,.T.);
#10000=EDGE_CURVE('',#6024,#6025,#3101,.T.);
#10002=EDGE_CURVE('',#6024,#6028,#3105,.T.);
#10004=EDGE_CURVE('',#6028,#6029,#3109,.T.);
#10006=EDGE_CURVE('',#6029,#6025,#3113,.T.);
#10010=EDGE_CURVE('',#6064,#6065,#3117,.T.);
#10012=EDGE_CURVE('',#6064,#6068,#3121,.T.);
#10014=EDGE_CURVE('',#6068,#6069,#3125,.T.);
#10016=EDGE_CURVE('',#6069,#6065,#3129,.T.);
#10027=EDGE_CURVE('',#6016,#6017,#3134,.T.);
#10038=EDGE_CURVE('',#6025,#6024,#3139,.T.);
#10049=EDGE_CURVE('',#6032,#6012,#3143,.T.);
#10051=EDGE_CURVE('',#6012,#6033,#3148,.T.);
#10062=EDGE_CURVE('',#6041,#6008,#3153,.T.);
#10064=EDGE_CURVE('',#6008,#6040,#3157,.T.);
#10075=EDGE_CURVE('',#6020,#6021,#3162,.T.);
#10098=EDGE_CURVE('',#6029,#6028,#3167,.T.);
#10109=EDGE_CURVE('',#6013,#6037,#3172,.T.);
#10111=EDGE_CURVE('',#6036,#6013,#3176,.T.);
#10122=EDGE_CURVE('',#6009,#6044,#3180,.T.);
#10124=EDGE_CURVE('',#6045,#6009,#3185,.T.);
#10148=EDGE_CURVE('',#6012,#6013,#3189,.T.);
#10173=EDGE_CURVE('',#6008,#6009,#3193,.T.);
#10197=EDGE_CURVE('',#6056,#6057,#3198,.T.);
#10208=EDGE_CURVE('',#6065,#6064,#3203,.T.);
#10219=EDGE_CURVE('',#6072,#6052,#3207,.T.);
#10221=EDGE_CURVE('',#6052,#6073,#3212,.T.);
#10232=EDGE_CURVE('',#6081,#6048,#3217,.T.);
#10234=EDGE_CURVE('',#6048,#6080,#3221,.T.);
#10245=EDGE_CURVE('',#6060,#6061,#3226,.T.);
#10268=EDGE_CURVE('',#6069,#6068,#3231,.T.);
#10279=EDGE_CURVE('',#6053,#6077,#3236,.T.);
#10281=EDGE_CURVE('',#6076,#6053,#3240,.T.);
#10292=EDGE_CURVE('',#6049,#6084,#3244,.T.);
#10294=EDGE_CURVE('',#6085,#6049,#3249,.T.);
#10318=EDGE_CURVE('',#6052,#6053,#3253,.T.);
#10343=EDGE_CURVE('',#6048,#6049,#3257,.T.);
#10366=EDGE_CURVE('',#5587,#5588,#3273,.T.);
#10369=EDGE_CURVE('',#6266,#6271,#3429,.T.);
#10371=EDGE_CURVE('',#6266,#6267,#3413,.T.);
#10373=EDGE_CURVE('',#6267,#6269,#3441,.T.);
#10377=EDGE_CURVE('',#5579,#5588,#3261,.T.);
#10387=EDGE_CURVE('',#5706,#5704,#3265,.T.);
#10393=EDGE_CURVE('',#5706,#5588,#3277,.T.);
#10403=EDGE_CURVE('',#5694,#5715,#3281,.T.);
#10405=EDGE_CURVE('',#5344,#5694,#3285,.T.);
#10407=EDGE_CURVE('',#5344,#5352,#3289,.T.);
#10410=EDGE_CURVE('',#6003,#5999,#3293,.T.);
#10421=EDGE_CURVE('',#5771,#5703,#3311,.T.);
#10425=EDGE_CURVE('',#5706,#6217,#3297,.T.);
#10427=EDGE_CURVE('',#6217,#6219,#3302,.T.);
#10449=EDGE_CURVE('',#6216,#6217,#3324,.T.);
#10476=EDGE_CURVE('',#5740,#5741,#3333,.T.);
#10478=EDGE_CURVE('',#5740,#5693,#3338,.T.);
#10480=EDGE_CURVE('',#5693,#5694,#3342,.T.);
#10484=EDGE_CURVE('',#5741,#5716,#3450,.T.);
#10494=EDGE_CURVE('',#5737,#5738,#3347,.T.);
#10496=EDGE_CURVE('',#5738,#5739,#3356,.T.);
#10498=EDGE_CURVE('',#5740,#5739,#3373,.T.);
#10501=EDGE_CURVE('',#5741,#5743,#3446,.T.);
#10514=EDGE_CURVE('',#5709,#5738,#3351,.T.);
#10528=EDGE_CURVE('',#5712,#5718,#3360,.T.);
#10530=EDGE_CURVE('',#5718,#5739,#3365,.T.);
#10542=EDGE_CURVE('',#5718,#5693,#3377,.T.);
#10546=EDGE_CURVE('',#5343,#5344,#3369,.T.);
#10570=EDGE_CURVE('',#6259,#6263,#3381,.T.);
#10572=EDGE_CURVE('',#6258,#6259,#3397,.T.);
#10574=EDGE_CURVE('',#6258,#6261,#3393,.T.);
#10589=EDGE_CURVE('',#5116,#5108,#3385,.T.);
#10591=EDGE_CURVE('',#5108,#6259,#3401,.T.);
#10602=EDGE_CURVE('',#5115,#5107,#3389,.T.);
#10604=EDGE_CURVE('',#5107,#5108,#3405,.T.);
#10616=EDGE_CURVE('',#6258,#5107,#3409,.T.);
#10641=EDGE_CURVE('',#5112,#6266,#3417,.T.);
#10643=EDGE_CURVE('',#5111,#5112,#3421,.T.);
#10645=EDGE_CURVE('',#6267,#5111,#3425,.T.);
#10657=EDGE_CURVE('',#5120,#5112,#3433,.T.);
#10669=EDGE_CURVE('',#5119,#5111,#3437,.T.);
#10707=EDGE_CURVE('',#5030,#5052,#3490,.T.);
#10709=EDGE_CURVE('',#5052,#4976,#3466,.T.);
#10722=EDGE_CURVE('',#5047,#4939,#3542,.T.);
#10724=EDGE_CURVE('',#5047,#5033,#3486,.T.);
#10726=EDGE_CURVE('',#5060,#5033,#3730,.T.);
#10737=EDGE_CURVE('',#5047,#5048,#3538,.T.);
#10739=EDGE_CURVE('',#5048,#5054,#3546,.T.);
#10741=EDGE_CURVE('',#5062,#5054,#3474,.T.);
#10743=EDGE_CURVE('',#5034,#5062,#3478,.T.);
#10745=EDGE_CURVE('',#5033,#5034,#3482,.T.);
#10756=EDGE_CURVE('',#5051,#5052,#3670,.T.);
#10760=EDGE_CURVE('',#5027,#5028,#3498,.T.);
#10762=EDGE_CURVE('',#5056,#5027,#3502,.T.);
#10764=EDGE_CURVE('',#5056,#5051,#3666,.T.);
#10774=EDGE_CURVE('',#5091,#5092,#3762,.T.);
#10776=EDGE_CURVE('',#5092,#5094,#3770,.T.);
#10779=EDGE_CURVE('',#5072,#5074,#3510,.T.);
#10781=EDGE_CURVE('',#5071,#5072,#3514,.T.);
#10792=EDGE_CURVE('',#5097,#5098,#3989,.T.);
#10794=EDGE_CURVE('',#5098,#5100,#3997,.T.);
#10797=EDGE_CURVE('',#5066,#5068,#3526,.T.);
#10812=EDGE_CURVE('',#5048,#4940,#3550,.T.);
#10822=EDGE_CURVE('',#5054,#4942,#3574,.T.);
#10836=EDGE_CURVE('',#5384,#5382,#3558,.T.);
#10839=EDGE_CURVE('',#5379,#5076,#3566,.T.);
#10841=EDGE_CURVE('',#5076,#5062,#3570,.T.);
#10847=EDGE_CURVE('',#4988,#5375,#3578,.T.);
#10859=EDGE_CURVE('',#5355,#5365,#3582,.T.);
#10871=EDGE_CURVE('',#5356,#5366,#3586,.T.);
#10884=EDGE_CURVE('',#5358,#5368,#3590,.T.);
#10897=EDGE_CURVE('',#5360,#5370,#3594,.T.);
#10910=EDGE_CURVE('',#5362,#5372,#3602,.T.);
#10937=EDGE_CURVE('',#5332,#4991,#3642,.T.);
#10948=EDGE_CURVE('',#5044,#5336,#3650,.T.);
#10950=EDGE_CURVE('',#5044,#5038,#3614,.T.);
#10952=EDGE_CURVE('',#5038,#4880,#3618,.T.);
#10977=EDGE_CURVE('',#4856,#5042,#3630,.T.);
#10979=EDGE_CURVE('',#5042,#5076,#3634,.T.);
#10994=EDGE_CURVE('',#5056,#4972,#3662,.T.);
#10997=EDGE_CURVE('',#5044,#5027,#3678,.T.);
#11001=EDGE_CURVE('',#5340,#5338,#3658,.T.);
#11013=EDGE_CURVE('',#5051,#4974,#3674,.T.);
#11050=EDGE_CURVE('',#5318,#5328,#3682,.T.);
#11064=EDGE_CURVE('',#5316,#5326,#3686,.T.);
#11077=EDGE_CURVE('',#5314,#5324,#3690,.T.);
#11090=EDGE_CURVE('',#5312,#5322,#3694,.T.);
#11103=EDGE_CURVE('',#5311,#5321,#3698,.T.);
#11113=EDGE_CURVE('',#5805,#5803,#3702,.T.);
#11150=EDGE_CURVE('',#5041,#5042,#3718,.T.);
#11167=EDGE_CURVE('',#5042,#5034,#3738,.T.);
#11172=EDGE_CURVE('',#5660,#5462,#3742,.T.);
#11198=EDGE_CURVE('',#6222,#5457,#3746,.T.);
#11210=EDGE_CURVE('',#5458,#6223,#3750,.T.);
#11223=EDGE_CURVE('',#5453,#5688,#3754,.T.);
#11251=EDGE_CURVE('',#5092,#4954,#3774,.T.);
#11273=EDGE_CURVE('',#5671,#5672,#3778,.T.);
#11275=EDGE_CURVE('',#5550,#5671,#3957,.T.);
#11277=EDGE_CURVE('',#5592,#5550,#3782,.T.);
#11280=EDGE_CURVE('',#5084,#5088,#3977,.T.);
#11282=EDGE_CURVE('',#5084,#5072,#3786,.T.);
#11296=EDGE_CURVE('',#6228,#5977,#3791,.T.);
#11298=EDGE_CURVE('',#6228,#5981,#3797,.T.);
#11300=EDGE_CURVE('',#5981,#5668,#3801,.T.);
#11302=EDGE_CURVE('',#5667,#5668,#3909,.T.);
#11304=EDGE_CURVE('',#5667,#5671,#3805,.T.);
#11318=EDGE_CURVE('',#5975,#5760,#3810,.T.);
#11321=EDGE_CURVE('',#5984,#6229,#3819,.T.);
#11323=EDGE_CURVE('',#6229,#6228,#3941,.T.);
#11345=EDGE_CURVE('',#5984,#5651,#3823,.T.);
#11348=EDGE_CURVE('',#5652,#5654,#3889,.T.);
#11350=EDGE_CURVE('',#5654,#5997,#3827,.T.);
#11352=EDGE_CURVE('',#5997,#6229,#3833,.T.);
#11363=EDGE_CURVE('',#5984,#5985,#3853,.T.);
#11375=EDGE_CURVE('',#5726,#5987,#3837,.T.);
#11378=EDGE_CURVE('',#5408,#5396,#3841,.T.);
#11389=EDGE_CURVE('',#5644,#5640,#3849,.T.);
#11413=EDGE_CURVE('',#5406,#5394,#3857,.T.);
#11437=EDGE_CURVE('',#5632,#5612,#3865,.T.);
#11463=EDGE_CURVE('',#5470,#5541,#3877,.T.);
#11465=EDGE_CURVE('',#5541,#5542,#3881,.T.);
#11467=EDGE_CURVE('',#5542,#5544,#3885,.T.);
#11482=EDGE_CURVE('',#5550,#5547,#3893,.T.);
#11484=EDGE_CURVE('',#5547,#5548,#3897,.T.);
#11486=EDGE_CURVE('',#5548,#5654,#3901,.T.);
#11500=EDGE_CURVE('',#5684,#5537,#3937,.T.);
#11502=EDGE_CURVE('',#5537,#5541,#3905,.T.);
#11513=EDGE_CURVE('',#6227,#5668,#3913,.T.);
#11515=EDGE_CURVE('',#6226,#6227,#3917,.T.);
#11517=EDGE_CURVE('',#5667,#6226,#3921,.T.);
#11528=EDGE_CURVE('',#5538,#5683,#3929,.T.);
#11530=EDGE_CURVE('',#5537,#5538,#3933,.T.);
#11541=EDGE_CURVE('',#5997,#5981,#3945,.T.);
#11545=EDGE_CURVE('',#6227,#5548,#3949,.T.);
#11571=EDGE_CURVE('',#5547,#6226,#3953,.T.);
#11599=EDGE_CURVE('',#5542,#5538,#3965,.T.);
#11660=EDGE_CURVE('',#5098,#4960,#4001,.T.);
#11695=EDGE_CURVE('',#5142,#5126,#4009,.T.);
#11708=EDGE_CURVE('',#5140,#5124,#4013,.T.);
#11732=EDGE_CURVE('',#5223,#5224,#4022,.T.);
#11734=EDGE_CURVE('',#5223,#5227,#4026,.T.);
#11736=EDGE_CURVE('',#5227,#5228,#4031,.T.);
#11747=EDGE_CURVE('',#5211,#5212,#4035,.T.);
#11749=EDGE_CURVE('',#5212,#5218,#4093,.T.);
#11751=EDGE_CURVE('',#5218,#5266,#4089,.T.);
#11753=EDGE_CURVE('',#5266,#5223,#4069,.T.);
#11757=EDGE_CURVE('',#5231,#5232,#4060,.T.);
#11759=EDGE_CURVE('',#5231,#5211,#4047,.T.);
#11770=EDGE_CURVE('',#5211,#5215,#4039,.T.);
#11772=EDGE_CURVE('',#5215,#5216,#4043,.T.);
#11774=EDGE_CURVE('',#5212,#5216,#4097,.T.);
#11785=EDGE_CURVE('',#5231,#5235,#4051,.T.);
#11787=EDGE_CURVE('',#5235,#5215,#4055,.T.);
#11800=EDGE_CURVE('',#5235,#5236,#4065,.T.);
#11816=EDGE_CURVE('',#5268,#5227,#4077,.T.);
#11818=EDGE_CURVE('',#5220,#5268,#4085,.T.);
#11820=EDGE_CURVE('',#5216,#5220,#4101,.T.);
#11831=EDGE_CURVE('',#5266,#5268,#4073,.T.);
#11843=EDGE_CURVE('',#5218,#5220,#4081,.T.);
#11868=EDGE_CURVE('',#5246,#5240,#4106,.T.);
#11870=EDGE_CURVE('',#5240,#5244,#4110,.T.);
#11872=EDGE_CURVE('',#5248,#5244,#4115,.T.);
#11883=EDGE_CURVE('',#5239,#5240,#4119,.T.);
#11887=EDGE_CURVE('',#5251,#5252,#4180,.T.);
#11889=EDGE_CURVE('',#5252,#5270,#4167,.T.);
#11891=EDGE_CURVE('',#5270,#5259,#4155,.T.);
#11893=EDGE_CURVE('',#5259,#5260,#4143,.T.);
#11895=EDGE_CURVE('',#5260,#5239,#4131,.T.);
#11906=EDGE_CURVE('',#5239,#5243,#4123,.T.);
#11908=EDGE_CURVE('',#5243,#5244,#4127,.T.);
#11920=EDGE_CURVE('',#5260,#5264,#4135,.T.);
#11922=EDGE_CURVE('',#5264,#5243,#4139,.T.);
#11934=EDGE_CURVE('',#5259,#5263,#4147,.T.);
#11936=EDGE_CURVE('',#5263,#5264,#4151,.T.);
#11949=EDGE_CURVE('',#5270,#5272,#4159,.T.);
#11951=EDGE_CURVE('',#5272,#5263,#4163,.T.);
#11962=EDGE_CURVE('',#5252,#5256,#4171,.T.);
#11964=EDGE_CURVE('',#5256,#5272,#4175,.T.);
#11977=EDGE_CURVE('',#5255,#5256,#4185,.T.);
#12004=EDGE_CURVE('',#6103,#6107,#4190,.T.);
#12006=EDGE_CURVE('',#6103,#6105,#4194,.T.);
#12008=EDGE_CURVE('',#6105,#6109,#4199,.T.);
#12019=EDGE_CURVE('',#6088,#6089,#4203,.T.);
#12021=EDGE_CURVE('',#6089,#6095,#4261,.T.);
#12023=EDGE_CURVE('',#6095,#6099,#4249,.T.);
#12025=EDGE_CURVE('',#6099,#6103,#4237,.T.);
#12029=EDGE_CURVE('',#6112,#6113,#4228,.T.);
#12031=EDGE_CURVE('',#6112,#6088,#4215,.T.);
#12042=EDGE_CURVE('',#6088,#6092,#4207,.T.);
#12044=EDGE_CURVE('',#6092,#6093,#4211,.T.);
#12046=EDGE_CURVE('',#6089,#6093,#4265,.T.);
#12057=EDGE_CURVE('',#6112,#6116,#4219,.T.);
#12059=EDGE_CURVE('',#6116,#6092,#4223,.T.);
#12072=EDGE_CURVE('',#6116,#6117,#4233,.T.);
#12088=EDGE_CURVE('',#6101,#6105,#4245,.T.);
#12090=EDGE_CURVE('',#6097,#6101,#4257,.T.);
#12092=EDGE_CURVE('',#6093,#6097,#4269,.T.);
#12103=EDGE_CURVE('',#6099,#6101,#4241,.T.);
#12116=EDGE_CURVE('',#6095,#6097,#4253,.T.);
#12140=EDGE_CURVE('',#6127,#6121,#4274,.T.);
#12142=EDGE_CURVE('',#6121,#6125,#4278,.T.);
#12144=EDGE_CURVE('',#6129,#6125,#4283,.T.);
#12155=EDGE_CURVE('',#6120,#6121,#4287,.T.);
#12159=EDGE_CURVE('',#6132,#6133,#4348,.T.);
#12161=EDGE_CURVE('',#6133,#6139,#4335,.T.);
#12163=EDGE_CURVE('',#6139,#6143,#4323,.T.);
#12165=EDGE_CURVE('',#6143,#6147,#4311,.T.);
#12167=EDGE_CURVE('',#6147,#6120,#4299,.T.);
#12178=EDGE_CURVE('',#6120,#6124,#4291,.T.);
#12180=EDGE_CURVE('',#6124,#6125,#4295,.T.);
#12192=EDGE_CURVE('',#6147,#6149,#4303,.T.);
#12194=EDGE_CURVE('',#6149,#6124,#4307,.T.);
#12206=EDGE_CURVE('',#6143,#6145,#4315,.T.);
#12208=EDGE_CURVE('',#6145,#6149,#4319,.T.);
#12220=EDGE_CURVE('',#6139,#6141,#4327,.T.);
#12222=EDGE_CURVE('',#6141,#6145,#4331,.T.);
#12234=EDGE_CURVE('',#6133,#6137,#4339,.T.);
#12236=EDGE_CURVE('',#6137,#6141,#4343,.T.);
#12249=EDGE_CURVE('',#6136,#6137,#4353,.T.);
#12276=EDGE_CURVE('',#6167,#6171,#4358,.T.);
#12278=EDGE_CURVE('',#6167,#6169,#4362,.T.);
#12280=EDGE_CURVE('',#6169,#6173,#4367,.T.);
#12291=EDGE_CURVE('',#6152,#6153,#4371,.T.);
#12293=EDGE_CURVE('',#6153,#6159,#4429,.T.);
#12295=EDGE_CURVE('',#6159,#6163,#4417,.T.);
#12297=EDGE_CURVE('',#6163,#6167,#4405,.T.);
#12301=EDGE_CURVE('',#6176,#6177,#4396,.T.);
#12303=EDGE_CURVE('',#6176,#6152,#4383,.T.);
#12314=EDGE_CURVE('',#6152,#6156,#4375,.T.);
#12316=EDGE_CURVE('',#6156,#6157,#4379,.T.);
#12318=EDGE_CURVE('',#6153,#6157,#4433,.T.);
#12329=EDGE_CURVE('',#6176,#6180,#4387,.T.);
#12331=EDGE_CURVE('',#6180,#6156,#4391,.T.);
#12344=EDGE_CURVE('',#6180,#6181,#4401,.T.);
#12360=EDGE_CURVE('',#6165,#6169,#4413,.T.);
#12362=EDGE_CURVE('',#6161,#6165,#4425,.T.);
#12364=EDGE_CURVE('',#6157,#6161,#4437,.T.);
#12375=EDGE_CURVE('',#6163,#6165,#4409,.T.);
#12388=EDGE_CURVE('',#6159,#6161,#4421,.T.);
#12412=EDGE_CURVE('',#6191,#6185,#4442,.T.);
#12414=EDGE_CURVE('',#6185,#6189,#4446,.T.);
#12416=EDGE_CURVE('',#6193,#6189,#4451,.T.);
#12427=EDGE_CURVE('',#6184,#6185,#4455,.T.);
#12431=EDGE_CURVE('',#6196,#6197,#4516,.T.);
#12433=EDGE_CURVE('',#6197,#6203,#4503,.T.);
#12435=EDGE_CURVE('',#6203,#6207,#4491,.T.);
#12437=EDGE_CURVE('',#6207,#6211,#4479,.T.);
#12439=EDGE_CURVE('',#6211,#6184,#4467,.T.);
#12450=EDGE_CURVE('',#6184,#6188,#4459,.T.);
#12452=EDGE_CURVE('',#6188,#6189,#4463,.T.);
#12464=EDGE_CURVE('',#6211,#6213,#4471,.T.);
#12466=EDGE_CURVE('',#6213,#6188,#4475,.T.);
#12478=EDGE_CURVE('',#6207,#6209,#4483,.T.);
#12480=EDGE_CURVE('',#6209,#6213,#4487,.T.);
#12492=EDGE_CURVE('',#6203,#6205,#4495,.T.);
#12494=EDGE_CURVE('',#6205,#6209,#4499,.T.);
#12506=EDGE_CURVE('',#6197,#6201,#4507,.T.);
#12508=EDGE_CURVE('',#6201,#6205,#4511,.T.);
#12521=EDGE_CURVE('',#6200,#6201,#4521,.T.);
#12562=EDGE_CURVE('',#5412,#5300,#4529,.T.);
#12584=EDGE_CURVE('',#5620,#5600,#4533,.T.);
#12610=EDGE_CURVE('',#4786,#4890,#4553,.T.);
#12623=EDGE_CURVE('',#4788,#4892,#4562,.T.);
#12636=EDGE_CURVE('',#4790,#4894,#4570,.T.);
#12649=EDGE_CURVE('',#4792,#4896,#4578,.T.);
#12674=EDGE_CURVE('',#4798,#4902,#4594,.T.);
#12687=EDGE_CURVE('',#4800,#4904,#4603,.T.);
#12700=EDGE_CURVE('',#4802,#4906,#4611,.T.);
#12713=EDGE_CURVE('',#4804,#4908,#4619,.T.);
#12738=EDGE_CURVE('',#4818,#4914,#4635,.T.);
#12751=EDGE_CURVE('',#4820,#4916,#4644,.T.);
#12764=EDGE_CURVE('',#4822,#4918,#4652,.T.);
#12777=EDGE_CURVE('',#4824,#4920,#4660,.T.);
#12803=EDGE_CURVE('',#4872,#6254,#4668,.T.);
#12805=EDGE_CURVE('',#4871,#4872,#4672,.T.);
#12809=EDGE_CURVE('',#4812,#4868,#4676,.T.);
#12811=EDGE_CURVE('',#4868,#6246,#4680,.T.);
#12822=EDGE_CURVE('',#4864,#6250,#4704,.T.);
#12824=EDGE_CURVE('',#4864,#4872,#4688,.T.);
#12836=EDGE_CURVE('',#4867,#6247,#4692,.T.);
#12838=EDGE_CURVE('',#4810,#4867,#4720,.T.);
#12842=EDGE_CURVE('',#4863,#4864,#4700,.T.);
#12856=EDGE_CURVE('',#4867,#4868,#4716,.T.);
#12893=EDGE_CURVE('',#5626,#5606,#4732,.T.);
#12931=EDGE_CURVE('',#5871,#5889,#4740,.T.);
#12944=EDGE_CURVE('',#5869,#5887,#4744,.T.);
#12957=EDGE_CURVE('',#5867,#5885,#4748,.T.);
#12970=EDGE_CURVE('',#5865,#5883,#4752,.T.);
#12983=EDGE_CURVE('',#5863,#5881,#4756,.T.);
#12996=EDGE_CURVE('',#5861,#5879,#4760,.T.);
#13018=EDGE_CURVE('',#5614,#5595,#4768,.T.);
#13048=TRIMMED_CURVE('',#13047,(PARAMETER_VALUE(0.E0)),(PARAMETER_VALUE(1.E0)),
.T.,.UNSPECIFIED.);
#13049=COMPOSITE_CURVE_SEGMENT(.CONTINUOUS.,.T.,#13048);
#13054=TRIMMED_CURVE('',#13053,(PARAMETER_VALUE(0.E0)),(PARAMETER_VALUE(1.E0)),
.T.,.UNSPECIFIED.);
#13055=COMPOSITE_CURVE_SEGMENT(.CONTINUOUS.,.T.,#13054);
#13060=TRIMMED_CURVE('',#13059,(PARAMETER_VALUE(0.E0)),(PARAMETER_VALUE(1.E0)),
.T.,.UNSPECIFIED.);
#13061=COMPOSITE_CURVE_SEGMENT(.CONTINUOUS.,.T.,#13060);
#13066=TRIMMED_CURVE('',#13065,(PARAMETER_VALUE(0.E0)),(PARAMETER_VALUE(1.E0)),
.T.,.UNSPECIFIED.);
#13067=COMPOSITE_CURVE_SEGMENT(.CONTINUOUS.,.T.,#13066);
#13068=COMPOSITE_CURVE('',(#13049,#13055,#13061,#13067),.F.);
#13074=TRIMMED_CURVE('',#13073,(PARAMETER_VALUE(0.E0)),(PARAMETER_VALUE(1.E0)),
.T.,.UNSPECIFIED.);
#13075=COMPOSITE_CURVE_SEGMENT(.CONTINUOUS.,.T.,#13074);
#13080=TRIMMED_CURVE('',#13079,(PARAMETER_VALUE(0.E0)),(PARAMETER_VALUE(1.E0)),
.T.,.UNSPECIFIED.);
#13081=COMPOSITE_CURVE_SEGMENT(.CONTINUOUS.,.T.,#13080);
#13086=TRIMMED_CURVE('',#13085,(PARAMETER_VALUE(0.E0)),(PARAMETER_VALUE(1.E0)),
.T.,.UNSPECIFIED.);
#13087=COMPOSITE_CURVE_SEGMENT(.CONTINUOUS.,.T.,#13086);
#13092=TRIMMED_CURVE('',#13091,(PARAMETER_VALUE(0.E0)),(PARAMETER_VALUE(1.E0)),
.T.,.UNSPECIFIED.);
#13093=COMPOSITE_CURVE_SEGMENT(.CONTINUOUS.,.T.,#13092);
#13094=COMPOSITE_CURVE('',(#13075,#13081,#13087,#13093),.F.);
#13099=TRIMMED_CURVE('',#13098,(PARAMETER_VALUE(0.E0)),(PARAMETER_VALUE(1.E0)),
.T.,.UNSPECIFIED.);
#13100=COMPOSITE_CURVE_SEGMENT(.CONTINUOUS.,.T.,#13099);
#13105=TRIMMED_CURVE('',#13104,(PARAMETER_VALUE(0.E0)),(PARAMETER_VALUE(1.E0)),
.T.,.UNSPECIFIED.);
#13106=COMPOSITE_CURVE_SEGMENT(.CONTINUOUS.,.T.,#13105);
#13111=TRIMMED_CURVE('',#13110,(PARAMETER_VALUE(0.E0)),(PARAMETER_VALUE(1.E0)),
.T.,.UNSPECIFIED.);
#13112=COMPOSITE_CURVE_SEGMENT(.CONTINUOUS.,.T.,#13111);
#13117=TRIMMED_CURVE('',#13116,(PARAMETER_VALUE(0.E0)),(PARAMETER_VALUE(1.E0)),
.T.,.UNSPECIFIED.);
#13118=COMPOSITE_CURVE_SEGMENT(.CONTINUOUS.,.T.,#13117);
#13119=COMPOSITE_CURVE('',(#13100,#13106,#13112,#13118),.F.);
#13124=TRIMMED_CURVE('',#13123,(PARAMETER_VALUE(0.E0)),(PARAMETER_VALUE(1.E0)),
.T.,.UNSPECIFIED.);
#13125=COMPOSITE_CURVE_SEGMENT(.CONTINUOUS.,.T.,#13124);
#13130=TRIMMED_CURVE('',#13129,(PARAMETER_VALUE(0.E0)),(PARAMETER_VALUE(1.E0)),
.T.,.UNSPECIFIED.);
#13131=COMPOSITE_CURVE_SEGMENT(.CONTINUOUS.,.T.,#13130);
#13136=TRIMMED_CURVE('',#13135,(PARAMETER_VALUE(0.E0)),(PARAMETER_VALUE(1.E0)),
.T.,.UNSPECIFIED.);
#13137=COMPOSITE_CURVE_SEGMENT(.CONTINUOUS.,.T.,#13136);
#13142=TRIMMED_CURVE('',#13141,(PARAMETER_VALUE(0.E0)),(PARAMETER_VALUE(1.E0)),
.T.,.UNSPECIFIED.);
#13143=COMPOSITE_CURVE_SEGMENT(.CONTINUOUS.,.T.,#13142);
#13144=COMPOSITE_CURVE('',(#13125,#13131,#13137,#13143),.F.);
#13149=TRIMMED_CURVE('',#13148,(PARAMETER_VALUE(0.E0)),(PARAMETER_VALUE(1.E0)),
.T.,.UNSPECIFIED.);
#13150=COMPOSITE_CURVE_SEGMENT(.CONTINUOUS.,.T.,#13149);
#13155=TRIMMED_CURVE('',#13154,(PARAMETER_VALUE(0.E0)),(PARAMETER_VALUE(1.E0)),
.T.,.UNSPECIFIED.);
#13156=COMPOSITE_CURVE_SEGMENT(.CONTINUOUS.,.T.,#13155);
#13161=TRIMMED_CURVE('',#13160,(PARAMETER_VALUE(0.E0)),(PARAMETER_VALUE(1.E0)),
.T.,.UNSPECIFIED.);
#13162=COMPOSITE_CURVE_SEGMENT(.CONTINUOUS.,.T.,#13161);
#13167=TRIMMED_CURVE('',#13166,(PARAMETER_VALUE(0.E0)),(PARAMETER_VALUE(1.E0)),
.T.,.UNSPECIFIED.);
#13168=COMPOSITE_CURVE_SEGMENT(.CONTINUOUS.,.T.,#13167);
#13169=COMPOSITE_CURVE('',(#13150,#13156,#13162,#13168),.F.);
#13174=TRIMMED_CURVE('',#13173,(PARAMETER_VALUE(0.E0)),(PARAMETER_VALUE(1.E0)),
.T.,.UNSPECIFIED.);
#13175=COMPOSITE_CURVE_SEGMENT(.CONTINUOUS.,.T.,#13174);
#13180=TRIMMED_CURVE('',#13179,(PARAMETER_VALUE(0.E0)),(PARAMETER_VALUE(1.E0)),
.T.,.UNSPECIFIED.);
#13181=COMPOSITE_CURVE_SEGMENT(.CONTINUOUS.,.T.,#13180);
#13186=TRIMMED_CURVE('',#13185,(PARAMETER_VALUE(0.E0)),(PARAMETER_VALUE(1.E0)),
.T.,.UNSPECIFIED.);
#13187=COMPOSITE_CURVE_SEGMENT(.CONTINUOUS.,.T.,#13186);
#13192=TRIMMED_CURVE('',#13191,(PARAMETER_VALUE(0.E0)),(PARAMETER_VALUE(1.E0)),
.T.,.UNSPECIFIED.);
#13193=COMPOSITE_CURVE_SEGMENT(.CONTINUOUS.,.T.,#13192);
#13194=COMPOSITE_CURVE('',(#13175,#13181,#13187,#13193),.F.);
#13199=TRIMMED_CURVE('',#13198,(PARAMETER_VALUE(0.E0)),(PARAMETER_VALUE(1.E0)),
.T.,.UNSPECIFIED.);
#13200=COMPOSITE_CURVE_SEGMENT(.CONTINUOUS.,.T.,#13199);
#13205=TRIMMED_CURVE('',#13204,(PARAMETER_VALUE(0.E0)),(PARAMETER_VALUE(1.E0)),
.T.,.UNSPECIFIED.);
#13206=COMPOSITE_CURVE_SEGMENT(.CONTINUOUS.,.T.,#13205);
#13211=TRIMMED_CURVE('',#13210,(PARAMETER_VALUE(0.E0)),(PARAMETER_VALUE(1.E0)),
.T.,.UNSPECIFIED.);
#13212=COMPOSITE_CURVE_SEGMENT(.CONTINUOUS.,.T.,#13211);
#13217=TRIMMED_CURVE('',#13216,(PARAMETER_VALUE(0.E0)),(PARAMETER_VALUE(1.E0)),
.T.,.UNSPECIFIED.);
#13218=COMPOSITE_CURVE_SEGMENT(.CONTINUOUS.,.T.,#13217);
#13219=COMPOSITE_CURVE('',(#13200,#13206,#13212,#13218),.F.);
#13224=TRIMMED_CURVE('',#13223,(PARAMETER_VALUE(0.E0)),(PARAMETER_VALUE(1.E0)),
.T.,.UNSPECIFIED.);
#13225=COMPOSITE_CURVE_SEGMENT(.CONTINUOUS.,.T.,#13224);
#13230=TRIMMED_CURVE('',#13229,(PARAMETER_VALUE(0.E0)),(PARAMETER_VALUE(1.E0)),
.T.,.UNSPECIFIED.);
#13231=COMPOSITE_CURVE_SEGMENT(.CONTINUOUS.,.T.,#13230);
#13236=TRIMMED_CURVE('',#13235,(PARAMETER_VALUE(0.E0)),(PARAMETER_VALUE(1.E0)),
.T.,.UNSPECIFIED.);
#13237=COMPOSITE_CURVE_SEGMENT(.CONTINUOUS.,.T.,#13236);
#13242=TRIMMED_CURVE('',#13241,(PARAMETER_VALUE(0.E0)),(PARAMETER_VALUE(1.E0)),
.T.,.UNSPECIFIED.);
#13243=COMPOSITE_CURVE_SEGMENT(.CONTINUOUS.,.T.,#13242);
#13244=COMPOSITE_CURVE('',(#13225,#13231,#13237,#13243),.F.);
#13249=TRIMMED_CURVE('',#13248,(PARAMETER_VALUE(0.E0)),(PARAMETER_VALUE(1.E0)),
.T.,.UNSPECIFIED.);
#13250=COMPOSITE_CURVE_SEGMENT(.CONTINUOUS.,.T.,#13249);
#13255=TRIMMED_CURVE('',#13254,(PARAMETER_VALUE(0.E0)),(PARAMETER_VALUE(1.E0)),
.T.,.UNSPECIFIED.);
#13256=COMPOSITE_CURVE_SEGMENT(.CONTINUOUS.,.T.,#13255);
#13261=TRIMMED_CURVE('',#13260,(PARAMETER_VALUE(0.E0)),(PARAMETER_VALUE(1.E0)),
.T.,.UNSPECIFIED.);
#13262=COMPOSITE_CURVE_SEGMENT(.CONTINUOUS.,.T.,#13261);
#13267=TRIMMED_CURVE('',#13266,(PARAMETER_VALUE(0.E0)),(PARAMETER_VALUE(1.E0)),
.T.,.UNSPECIFIED.);
#13268=COMPOSITE_CURVE_SEGMENT(.CONTINUOUS.,.T.,#13267);
#13269=COMPOSITE_CURVE('',(#13250,#13256,#13262,#13268),.F.);
#13274=TRIMMED_CURVE('',#13273,(PARAMETER_VALUE(0.E0)),(PARAMETER_VALUE(1.E0)),
.T.,.UNSPECIFIED.);
#13275=COMPOSITE_CURVE_SEGMENT(.CONTINUOUS.,.T.,#13274);
#13280=TRIMMED_CURVE('',#13279,(PARAMETER_VALUE(0.E0)),(PARAMETER_VALUE(1.E0)),
.T.,.UNSPECIFIED.);
#13281=COMPOSITE_CURVE_SEGMENT(.CONTINUOUS.,.T.,#13280);
#13286=TRIMMED_CURVE('',#13285,(PARAMETER_VALUE(0.E0)),(PARAMETER_VALUE(1.E0)),
.T.,.UNSPECIFIED.);
#13287=COMPOSITE_CURVE_SEGMENT(.CONTINUOUS.,.T.,#13286);
#13292=TRIMMED_CURVE('',#13291,(PARAMETER_VALUE(0.E0)),(PARAMETER_VALUE(1.E0)),
.T.,.UNSPECIFIED.);
#13293=COMPOSITE_CURVE_SEGMENT(.CONTINUOUS.,.T.,#13292);
#13294=COMPOSITE_CURVE('',(#13275,#13281,#13287,#13293),.F.);
#13295=(LENGTH_UNIT()NAMED_UNIT(*)SI_UNIT(.MILLI.,.METRE.));
#13297=(NAMED_UNIT(*)PLANE_ANGLE_UNIT()SI_UNIT($,.RADIAN.));
#13300=(NAMED_UNIT(*)SI_UNIT($,.STERADIAN.)SOLID_ANGLE_UNIT());
#13303=ADVANCED_BREP_SHAPE_REPRESENTATION('',(#13039),#13302);
#13304=GEOMETRICALLY_BOUNDED_SURFACE_SHAPE_REPRESENTATION('',(#13069),#13302);
#13305=SHAPE_REPRESENTATION('',(#13043),#13302);
#13314=PRODUCT_DEFINITION('design','',#13313,#13310);
#13315=PRODUCT_DEFINITION_SHAPE('','SHAPE FOR 5050660622.',#13314);
#13316=SHAPE_DEFINITION_REPRESENTATION(#13315,#13305);
ENDSEC;
END-ISO-10303-21;
