ISO-10303-21;
HEADER;
FILE_DESCRIPTION((''),'2;1');
FILE_NAME('5052700612','2018-10-05T',('me'),(''),
'PRO/ENGINEER BY PARAMETRIC TECHNOLOGY CORPORATION, 2016010',
'PRO/ENGINEER BY PARAMETRIC TECHNOLOGY CORPORATION, 2016010','');
FILE_SCHEMA(('CONFIG_CONTROL_DESIGN'));
ENDSEC;
DATA;
#1=DIRECTION('',(0.E0,0.E0,-1.E0));
#2=VECTOR('',#1,1.2E-1);
#3=CARTESIAN_POINT('',(5.5E-1,0.E0,8.8E-1));
#4=LINE('',#3,#2);
#5=DIRECTION('',(-1.E0,0.E0,0.E0));
#6=VECTOR('',#5,1.1E0);
#7=CARTESIAN_POINT('',(5.5E-1,0.E0,7.6E-1));
#8=LINE('',#7,#6);
#9=DIRECTION('',(0.E0,0.E0,1.E0));
#10=VECTOR('',#9,1.2E-1);
#11=CARTESIAN_POINT('',(-5.5E-1,0.E0,7.6E-1));
#12=LINE('',#11,#10);
#13=DIRECTION('',(0.E0,0.E0,-1.E0));
#14=VECTOR('',#13,1.2E-1);
#15=CARTESIAN_POINT('',(-1.235E0,0.E0,1.E0));
#16=LINE('',#15,#14);
#17=DIRECTION('',(1.E0,0.E0,0.E0));
#18=VECTOR('',#17,3.15E-1);
#19=CARTESIAN_POINT('',(-1.55E0,0.E0,1.E0));
#20=LINE('',#19,#18);
#21=CARTESIAN_POINT('',(-1.55E0,0.E0,8.E-1));
#22=DIRECTION('',(0.E0,1.E0,0.E0));
#23=DIRECTION('',(-1.5E-1,0.E0,9.886859966643E-1));
#24=AXIS2_PLACEMENT_3D('',#21,#22,#23);
#26=DIRECTION('',(0.E0,0.E0,-1.E0));
#27=VECTOR('',#26,3.827371993329E-1);
#28=CARTESIAN_POINT('',(-1.58E0,0.E0,9.977371993329E-1));
#29=LINE('',#28,#27);
#30=DIRECTION('',(1.E0,0.E0,0.E0));
#31=VECTOR('',#30,8.E-2);
#32=CARTESIAN_POINT('',(-1.58E0,0.E0,6.15E-1));
#33=LINE('',#32,#31);
#34=DIRECTION('',(0.E0,0.E0,-1.E0));
#35=VECTOR('',#34,2.65E-1);
#36=CARTESIAN_POINT('',(-1.5E0,0.E0,6.15E-1));
#37=LINE('',#36,#35);
#38=DIRECTION('',(1.E0,0.E0,0.E0));
#39=VECTOR('',#38,2.5E-1);
#40=CARTESIAN_POINT('',(-1.75E0,0.E0,3.5E-1));
#41=LINE('',#40,#39);
#42=DIRECTION('',(0.E0,0.E0,1.E0));
#43=VECTOR('',#42,7.E-1);
#44=CARTESIAN_POINT('',(-1.75E0,0.E0,-3.5E-1));
#45=LINE('',#44,#43);
#46=DIRECTION('',(1.E0,0.E0,0.E0));
#47=VECTOR('',#46,2.5E-1);
#48=CARTESIAN_POINT('',(-1.75E0,0.E0,-3.5E-1));
#49=LINE('',#48,#47);
#50=DIRECTION('',(0.E0,0.E0,-1.E0));
#51=VECTOR('',#50,2.65E-1);
#52=CARTESIAN_POINT('',(-1.5E0,0.E0,-3.5E-1));
#53=LINE('',#52,#51);
#54=DIRECTION('',(1.E0,0.E0,0.E0));
#55=VECTOR('',#54,8.E-2);
#56=CARTESIAN_POINT('',(-1.58E0,0.E0,-6.15E-1));
#57=LINE('',#56,#55);
#58=DIRECTION('',(0.E0,0.E0,1.E0));
#59=VECTOR('',#58,3.827371993329E-1);
#60=CARTESIAN_POINT('',(-1.58E0,0.E0,-9.977371993329E-1));
#61=LINE('',#60,#59);
#62=CARTESIAN_POINT('',(-1.55E0,0.E0,-8.E-1));
#63=DIRECTION('',(0.E0,1.E0,0.E0));
#64=DIRECTION('',(0.E0,0.E0,-1.E0));
#65=AXIS2_PLACEMENT_3D('',#62,#63,#64);
#67=DIRECTION('',(-1.E0,0.E0,0.E0));
#68=VECTOR('',#67,3.15E-1);
#69=CARTESIAN_POINT('',(-1.235E0,0.E0,-1.E0));
#70=LINE('',#69,#68);
#71=DIRECTION('',(0.E0,0.E0,1.E0));
#72=VECTOR('',#71,1.2E-1);
#73=CARTESIAN_POINT('',(-1.235E0,0.E0,-1.E0));
#74=LINE('',#73,#72);
#75=DIRECTION('',(0.E0,0.E0,1.E0));
#76=VECTOR('',#75,1.2E-1);
#77=CARTESIAN_POINT('',(-5.5E-1,0.E0,-8.8E-1));
#78=LINE('',#77,#76);
#79=DIRECTION('',(1.E0,0.E0,0.E0));
#80=VECTOR('',#79,1.1E0);
#81=CARTESIAN_POINT('',(-5.5E-1,0.E0,-7.6E-1));
#82=LINE('',#81,#80);
#83=DIRECTION('',(0.E0,0.E0,-1.E0));
#84=VECTOR('',#83,1.2E-1);
#85=CARTESIAN_POINT('',(5.5E-1,0.E0,-7.6E-1));
#86=LINE('',#85,#84);
#87=DIRECTION('',(0.E0,0.E0,1.E0));
#88=VECTOR('',#87,1.2E-1);
#89=CARTESIAN_POINT('',(1.235E0,0.E0,-1.E0));
#90=LINE('',#89,#88);
#91=DIRECTION('',(-1.E0,0.E0,0.E0));
#92=VECTOR('',#91,3.15E-1);
#93=CARTESIAN_POINT('',(1.55E0,0.E0,-1.E0));
#94=LINE('',#93,#92);
#95=CARTESIAN_POINT('',(1.55E0,0.E0,-8.E-1));
#96=DIRECTION('',(0.E0,1.E0,0.E0));
#97=DIRECTION('',(1.5E-1,0.E0,-9.886859966643E-1));
#98=AXIS2_PLACEMENT_3D('',#95,#96,#97);
#100=DIRECTION('',(0.E0,0.E0,1.E0));
#101=VECTOR('',#100,3.827371993329E-1);
#102=CARTESIAN_POINT('',(1.58E0,0.E0,-9.977371993329E-1));
#103=LINE('',#102,#101);
#104=DIRECTION('',(-1.E0,0.E0,0.E0));
#105=VECTOR('',#104,8.E-2);
#106=CARTESIAN_POINT('',(1.58E0,0.E0,-6.15E-1));
#107=LINE('',#106,#105);
#108=DIRECTION('',(0.E0,0.E0,1.E0));
#109=VECTOR('',#108,2.65E-1);
#110=CARTESIAN_POINT('',(1.5E0,0.E0,-6.15E-1));
#111=LINE('',#110,#109);
#112=DIRECTION('',(-1.E0,0.E0,0.E0));
#113=VECTOR('',#112,2.5E-1);
#114=CARTESIAN_POINT('',(1.75E0,0.E0,-3.5E-1));
#115=LINE('',#114,#113);
#116=DIRECTION('',(0.E0,0.E0,-1.E0));
#117=VECTOR('',#116,7.E-1);
#118=CARTESIAN_POINT('',(1.75E0,0.E0,3.5E-1));
#119=LINE('',#118,#117);
#120=DIRECTION('',(-1.E0,0.E0,0.E0));
#121=VECTOR('',#120,2.5E-1);
#122=CARTESIAN_POINT('',(1.75E0,0.E0,3.5E-1));
#123=LINE('',#122,#121);
#124=DIRECTION('',(0.E0,0.E0,1.E0));
#125=VECTOR('',#124,2.65E-1);
#126=CARTESIAN_POINT('',(1.5E0,0.E0,3.5E-1));
#127=LINE('',#126,#125);
#128=DIRECTION('',(-1.E0,0.E0,0.E0));
#129=VECTOR('',#128,8.E-2);
#130=CARTESIAN_POINT('',(1.58E0,0.E0,6.15E-1));
#131=LINE('',#130,#129);
#132=DIRECTION('',(0.E0,0.E0,-1.E0));
#133=VECTOR('',#132,3.827371993329E-1);
#134=CARTESIAN_POINT('',(1.58E0,0.E0,9.977371993329E-1));
#135=LINE('',#134,#133);
#136=CARTESIAN_POINT('',(1.55E0,0.E0,8.E-1));
#137=DIRECTION('',(0.E0,1.E0,0.E0));
#138=DIRECTION('',(0.E0,0.E0,1.E0));
#139=AXIS2_PLACEMENT_3D('',#136,#137,#138);
#141=DIRECTION('',(1.E0,0.E0,0.E0));
#142=VECTOR('',#141,3.15E-1);
#143=CARTESIAN_POINT('',(1.235E0,0.E0,1.E0));
#144=LINE('',#143,#142);
#145=DIRECTION('',(0.E0,0.E0,-1.E0));
#146=VECTOR('',#145,1.2E-1);
#147=CARTESIAN_POINT('',(1.235E0,0.E0,1.E0));
#148=LINE('',#147,#146);
#149=DIRECTION('',(0.E0,1.E0,0.E0));
#150=VECTOR('',#149,1.9E-1);
#151=CARTESIAN_POINT('',(8.85E-1,-5.4E-1,8.8E-1));
#152=LINE('',#151,#150);
#153=DIRECTION('',(-1.E0,0.E0,0.E0));
#154=VECTOR('',#153,7.5E-2);
#155=CARTESIAN_POINT('',(8.85E-1,-5.4E-1,8.8E-1));
#156=LINE('',#155,#154);
#157=DIRECTION('',(0.E0,1.E0,0.E0));
#158=VECTOR('',#157,1.E-1);
#159=CARTESIAN_POINT('',(8.1E-1,-5.4E-1,8.8E-1));
#160=LINE('',#159,#158);
#161=DIRECTION('',(1.E0,0.E0,1.387778780782E-14));
#162=VECTOR('',#161,4.E-2);
#163=CARTESIAN_POINT('',(7.7E-1,-4.4E-1,8.8E-1));
#164=LINE('',#163,#162);
#165=DIRECTION('',(0.E0,1.E0,0.E0));
#166=VECTOR('',#165,6.4E-2);
#167=CARTESIAN_POINT('',(7.7E-1,-4.4E-1,8.8E-1));
#168=LINE('',#167,#166);
#169=DIRECTION('',(4.997224534896E-1,8.661855860486E-1,0.E0));
#170=VECTOR('',#169,3.001666203961E-2);
#171=CARTESIAN_POINT('',(7.7E-1,-3.76E-1,8.8E-1));
#172=LINE('',#171,#170);
#173=DIRECTION('',(0.E0,1.E0,0.E0));
#174=VECTOR('',#173,1.2E-1);
#175=CARTESIAN_POINT('',(7.85E-1,-3.5E-1,8.8E-1));
#176=LINE('',#175,#174);
#177=DIRECTION('',(1.E0,0.E0,0.E0));
#178=VECTOR('',#177,1.9E-1);
#179=CARTESIAN_POINT('',(7.85E-1,-2.3E-1,8.8E-1));
#180=LINE('',#179,#178);
#181=DIRECTION('',(0.E0,-1.E0,0.E0));
#182=VECTOR('',#181,1.2E-1);
#183=CARTESIAN_POINT('',(9.75E-1,-2.3E-1,8.8E-1));
#184=LINE('',#183,#182);
#185=DIRECTION('',(-1.E0,0.E0,0.E0));
#186=VECTOR('',#185,9.E-2);
#187=CARTESIAN_POINT('',(9.75E-1,-3.5E-1,8.8E-1));
#188=LINE('',#187,#186);
#189=DIRECTION('',(-1.E0,0.E0,0.E0));
#190=VECTOR('',#189,1.5E-1);
#191=CARTESIAN_POINT('',(1.5E0,-5.4E-1,8.8E-1));
#192=LINE('',#191,#190);
#193=DIRECTION('',(0.E0,1.E0,0.E0));
#194=VECTOR('',#193,3.E-2);
#195=CARTESIAN_POINT('',(1.35E0,-5.4E-1,8.8E-1));
#196=LINE('',#195,#194);
#197=DIRECTION('',(-1.E0,0.E0,1.184237892933E-14));
#198=VECTOR('',#197,1.5E-1);
#199=CARTESIAN_POINT('',(1.5E0,-5.1E-1,8.8E-1));
#200=LINE('',#199,#198);
#201=DIRECTION('',(-1.E0,0.E0,0.E0));
#202=VECTOR('',#201,3.45E-1);
#203=CARTESIAN_POINT('',(1.5E0,-2.8E-1,8.8E-1));
#204=LINE('',#203,#202);
#205=DIRECTION('',(0.E0,1.E0,0.E0));
#206=VECTOR('',#205,2.2E-1);
#207=CARTESIAN_POINT('',(1.155E0,-2.8E-1,8.8E-1));
#208=LINE('',#207,#206);
#209=DIRECTION('',(-1.E0,0.E0,0.E0));
#210=VECTOR('',#209,4.75E-1);
#211=CARTESIAN_POINT('',(1.155E0,-6.E-2,8.8E-1));
#212=LINE('',#211,#210);
#213=DIRECTION('',(-4.472135955E-1,-8.944271909999E-1,0.E0));
#214=VECTOR('',#213,1.118033988750E-1);
#215=CARTESIAN_POINT('',(6.8E-1,-6.E-2,8.8E-1));
#216=LINE('',#215,#214);
#217=DIRECTION('',(0.E0,1.E0,0.E0));
#218=VECTOR('',#217,2.8E-1);
#219=CARTESIAN_POINT('',(6.3E-1,-4.4E-1,8.8E-1));
#220=LINE('',#219,#218);
#221=DIRECTION('',(1.E0,0.E0,-1.387778780781E-14));
#222=VECTOR('',#221,4.E-2);
#223=CARTESIAN_POINT('',(5.9E-1,-4.4E-1,8.8E-1));
#224=LINE('',#223,#222);
#225=DIRECTION('',(1.E0,0.E0,0.E0));
#226=VECTOR('',#225,6.85E-1);
#227=CARTESIAN_POINT('',(5.5E-1,0.E0,8.8E-1));
#228=LINE('',#227,#226);
#229=DIRECTION('',(0.E0,-1.E0,0.E0));
#230=VECTOR('',#229,2.5E-1);
#231=CARTESIAN_POINT('',(1.235E0,0.E0,8.8E-1));
#232=LINE('',#231,#230);
#233=CARTESIAN_POINT('',(8.85E-1,-5.4E-1,-8.3E-1));
#234=DIRECTION('',(-1.E0,0.E0,0.E0));
#235=DIRECTION('',(0.E0,0.E0,-1.E0));
#236=AXIS2_PLACEMENT_3D('',#233,#234,#235);
#238=DIRECTION('',(0.E0,0.E0,-1.E0));
#239=VECTOR('',#238,7.E-2);
#240=CARTESIAN_POINT('',(8.85E-1,-3.5E-1,-8.8E-1));
#241=LINE('',#240,#239);
#242=DIRECTION('',(0.E0,0.E0,-1.E0));
#243=VECTOR('',#242,1.2E-1);
#244=CARTESIAN_POINT('',(8.85E-1,-3.6E-1,-6.2E-1));
#245=LINE('',#244,#243);
#246=DIRECTION('',(0.E0,1.E0,0.E0));
#247=VECTOR('',#246,1.24E-1);
#248=CARTESIAN_POINT('',(8.85E-1,-4.84E-1,-6.2E-1));
#249=LINE('',#248,#247);
#250=CARTESIAN_POINT('',(8.85E-1,-4.84E-1,-7.4E-1));
#251=DIRECTION('',(-1.E0,0.E0,0.E0));
#252=DIRECTION('',(0.E0,-8.490566037736E-1,5.283018867925E-1));
#253=AXIS2_PLACEMENT_3D('',#250,#251,#252);
#255=DIRECTION('',(0.E0,5.283018867925E-1,8.490566037736E-1));
#256=VECTOR('',#255,1.06E-1);
#257=CARTESIAN_POINT('',(8.85E-1,-6.418867924528E-1,-7.666037735849E-1));
#258=LINE('',#257,#256);
#259=CARTESIAN_POINT('',(8.85E-1,-5.4E-1,8.3E-1));
#260=DIRECTION('',(-1.E0,0.E0,0.E0));
#261=DIRECTION('',(0.E0,-8.490566037736E-1,-5.283018867924E-1));
#262=AXIS2_PLACEMENT_3D('',#259,#260,#261);
#264=DIRECTION('',(0.E0,-5.283018867925E-1,8.490566037736E-1));
#265=VECTOR('',#264,1.06E-1);
#266=CARTESIAN_POINT('',(8.85E-1,-5.858867924528E-1,6.766037735849E-1));
#267=LINE('',#266,#265);
#268=CARTESIAN_POINT('',(8.85E-1,-4.84E-1,7.4E-1));
#269=DIRECTION('',(-1.E0,0.E0,0.E0));
#270=DIRECTION('',(0.E0,1.063963731932E-14,-1.E0));
#271=AXIS2_PLACEMENT_3D('',#268,#269,#270);
#273=DIRECTION('',(0.E0,-1.E0,0.E0));
#274=VECTOR('',#273,1.24E-1);
#275=CARTESIAN_POINT('',(8.85E-1,-3.6E-1,6.2E-1));
#276=LINE('',#275,#274);
#277=DIRECTION('',(0.E0,0.E0,-1.E0));
#278=VECTOR('',#277,1.2E-1);
#279=CARTESIAN_POINT('',(8.85E-1,-3.6E-1,7.4E-1));
#280=LINE('',#279,#278);
#281=DIRECTION('',(0.E0,0.E0,1.E0));
#282=VECTOR('',#281,7.E-2);
#283=CARTESIAN_POINT('',(8.85E-1,-3.5E-1,8.8E-1));
#284=LINE('',#283,#282);
#285=DIRECTION('',(-1.E0,5.109413489673E-14,0.E0));
#286=VECTOR('',#285,4.65E-1);
#287=CARTESIAN_POINT('',(1.35E0,-5.4E-1,-9.5E-1));
#288=LINE('',#287,#286);
#289=DIRECTION('',(-1.E0,1.026657850729E-14,1.551924658078E-14));
#290=VECTOR('',#289,4.65E-1);
#291=CARTESIAN_POINT('',(1.35E0,-6.418867924528E-1,-7.666037735849E-1));
#292=LINE('',#291,#290);
#293=DIRECTION('',(-1.E0,0.E0,0.E0));
#294=VECTOR('',#293,3.259090909091E-1);
#295=CARTESIAN_POINT('',(1.210909090909E0,-5.858867924528E-1,
-6.766037735849E-1));
#296=LINE('',#295,#294);
#297=DIRECTION('',(0.E0,-1.E0,0.E0));
#298=VECTOR('',#297,1.736810421113E-1);
#299=CARTESIAN_POINT('',(1.18E0,-3.966037735849E-1,-6.566037735849E-1));
#300=LINE('',#299,#298);
#301=CARTESIAN_POINT('',(1.18E0,-4.84E-1,-7.4E-1));
#302=DIRECTION('',(1.E0,0.E0,0.E0));
#303=DIRECTION('',(0.E0,0.E0,1.E0));
#304=AXIS2_PLACEMENT_3D('',#301,#302,#303);
#306=DIRECTION('',(0.E0,1.E0,0.E0));
#307=VECTOR('',#306,1.24E-1);
#308=CARTESIAN_POINT('',(1.18E0,-4.84E-1,-6.2E-1));
#309=LINE('',#308,#307);
#310=DIRECTION('',(0.E0,0.E0,1.E0));
#311=VECTOR('',#310,1.2E-1);
#312=CARTESIAN_POINT('',(1.18E0,-3.6E-1,-7.4E-1));
#313=LINE('',#312,#311);
#314=DIRECTION('',(0.E0,-7.071067811865E-1,-7.071067811865E-1));
#315=VECTOR('',#314,1.179400744470E-1);
#316=CARTESIAN_POINT('',(1.18E0,-3.966037735849E-1,-6.566037735849E-1));
#317=LINE('',#316,#315);
#318=DIRECTION('',(0.E0,1.E0,0.E0));
#319=VECTOR('',#318,1.736810421113E-1);
#320=CARTESIAN_POINT('',(1.18E0,-5.702848156962E-1,6.566037735849E-1));
#321=LINE('',#320,#319);
#322=DIRECTION('',(0.E0,-7.071067811865E-1,7.071067811865E-1));
#323=VECTOR('',#322,1.179400744470E-1);
#324=CARTESIAN_POINT('',(1.18E0,-3.966037735849E-1,6.566037735849E-1));
#325=LINE('',#324,#323);
#326=DIRECTION('',(0.E0,0.E0,1.E0));
#327=VECTOR('',#326,1.2E-1);
#328=CARTESIAN_POINT('',(1.18E0,-3.6E-1,6.2E-1));
#329=LINE('',#328,#327);
#330=DIRECTION('',(0.E0,-1.E0,0.E0));
#331=VECTOR('',#330,1.24E-1);
#332=CARTESIAN_POINT('',(1.18E0,-3.6E-1,6.2E-1));
#333=LINE('',#332,#331);
#334=CARTESIAN_POINT('',(1.18E0,-4.84E-1,7.4E-1));
#335=DIRECTION('',(1.E0,0.E0,0.E0));
#336=DIRECTION('',(0.E0,-7.190401308014E-1,-6.949685534591E-1));
#337=AXIS2_PLACEMENT_3D('',#334,#335,#336);
#339=DIRECTION('',(7.377371622247E-1,-4.773593402630E-1,-4.773593402630E-1));
#340=VECTOR('',#339,1.747032463409E-1);
#341=CARTESIAN_POINT('',(1.18E0,-3.966037735849E-1,-6.566037735849E-1));
#342=LINE('',#341,#340);
#343=DIRECTION('',(-7.953601148423E-1,3.202234187862E-1,5.146447801921E-1));
#344=VECTOR('',#343,1.748779030974E-1);
#345=CARTESIAN_POINT('',(1.35E0,-6.418867924528E-1,-7.666037735849E-1));
#346=LINE('',#345,#344);
#347=CARTESIAN_POINT('',(1.210909090909E0,-5.858867924528E-1,
-6.766037735849E-1));
#348=CARTESIAN_POINT('',(1.200275399014E0,-5.816055151932E-1,
-6.697231494176E-1));
#349=CARTESIAN_POINT('',(1.189938118943E0,-5.765000853843E-1,
-6.630343211360E-1));
#350=CARTESIAN_POINT('',(1.18E0,-5.702848156962E-1,-6.566037735849E-1));
#352=DIRECTION('',(0.E0,-1.E0,0.E0));
#353=VECTOR('',#352,1.2E-1);
#354=CARTESIAN_POINT('',(8.85E-1,-3.6E-1,-7.4E-1));
#355=LINE('',#354,#353);
#356=DIRECTION('',(-1.E0,0.E0,0.E0));
#357=VECTOR('',#356,7.5E-2);
#358=CARTESIAN_POINT('',(8.85E-1,-4.8E-1,-7.4E-1));
#359=LINE('',#358,#357);
#360=DIRECTION('',(0.E0,1.E0,0.E0));
#361=VECTOR('',#360,6.E-2);
#362=CARTESIAN_POINT('',(8.1E-1,-4.4E-1,-7.4E-1));
#363=LINE('',#362,#361);
#364=DIRECTION('',(1.E0,0.E0,0.E0));
#365=VECTOR('',#364,5.5E-2);
#366=CARTESIAN_POINT('',(8.1E-1,-3.8E-1,-7.4E-1));
#367=LINE('',#366,#365);
#368=DIRECTION('',(7.071067811865E-1,7.071067811865E-1,0.E0));
#369=VECTOR('',#368,2.828427124746E-2);
#370=CARTESIAN_POINT('',(8.65E-1,-3.8E-1,-7.4E-1));
#371=LINE('',#370,#369);
#372=DIRECTION('',(0.E0,1.E0,0.E0));
#373=VECTOR('',#372,1.2E-1);
#374=CARTESIAN_POINT('',(-8.85E-1,-4.8E-1,-7.4E-1));
#375=LINE('',#374,#373);
#376=DIRECTION('',(7.071067811865E-1,-7.071067811865E-1,0.E0));
#377=VECTOR('',#376,2.828427124746E-2);
#378=CARTESIAN_POINT('',(-8.85E-1,-3.6E-1,-7.4E-1));
#379=LINE('',#378,#377);
#380=DIRECTION('',(1.E0,0.E0,0.E0));
#381=VECTOR('',#380,5.5E-2);
#382=CARTESIAN_POINT('',(-8.65E-1,-3.8E-1,-7.4E-1));
#383=LINE('',#382,#381);
#384=DIRECTION('',(0.E0,-1.E0,0.E0));
#385=VECTOR('',#384,6.E-2);
#386=CARTESIAN_POINT('',(-8.1E-1,-3.8E-1,-7.4E-1));
#387=LINE('',#386,#385);
#388=DIRECTION('',(-1.E0,0.E0,0.E0));
#389=VECTOR('',#388,7.5E-2);
#390=CARTESIAN_POINT('',(-8.1E-1,-4.8E-1,-7.4E-1));
#391=LINE('',#390,#389);
#392=DIRECTION('',(-1.E0,0.E0,0.E0));
#393=VECTOR('',#392,1.288850771870E-1);
#394=CARTESIAN_POINT('',(1.308885077187E0,-4.8E-1,-7.4E-1));
#395=LINE('',#394,#393);
#396=DIRECTION('',(0.E0,1.E0,0.E0));
#397=VECTOR('',#396,1.2E-1);
#398=CARTESIAN_POINT('',(1.18E0,-4.8E-1,-7.4E-1));
#399=LINE('',#398,#397);
#400=DIRECTION('',(-1.E0,0.E0,0.E0));
#401=VECTOR('',#400,2.95E-1);
#402=CARTESIAN_POINT('',(1.18E0,-3.6E-1,-7.4E-1));
#403=LINE('',#402,#401);
#404=DIRECTION('',(7.071067811865E-1,7.071067811865E-1,0.E0));
#405=VECTOR('',#404,8.485281374239E-2);
#406=CARTESIAN_POINT('',(8.85E-1,-3.6E-1,-7.4E-1));
#407=LINE('',#406,#405);
#408=DIRECTION('',(1.E0,0.E0,0.E0));
#409=VECTOR('',#408,3.5E-1);
#410=CARTESIAN_POINT('',(9.45E-1,-3.E-1,-7.4E-1));
#411=LINE('',#410,#409);
#412=DIRECTION('',(0.E0,-1.E0,0.E0));
#413=VECTOR('',#412,1.73E-1);
#414=CARTESIAN_POINT('',(1.295E0,-3.E-1,-7.4E-1));
#415=LINE('',#414,#413);
#416=DIRECTION('',(-1.E0,-3.107144913999E-14,6.214289827998E-14));
#417=VECTOR('',#416,1.786564604089E-3);
#418=CARTESIAN_POINT('',(1.310671641791E0,-4.8E-1,-7.4E-1));
#419=LINE('',#418,#417);
#420=DIRECTION('',(-1.E0,0.E0,0.E0));
#421=VECTOR('',#420,1.288850771870E-1);
#422=CARTESIAN_POINT('',(-1.18E0,-4.8E-1,-7.4E-1));
#423=LINE('',#422,#421);
#424=DIRECTION('',(-1.E0,6.214289827999E-14,-6.214289827999E-14));
#425=VECTOR('',#424,1.786564604089E-3);
#426=CARTESIAN_POINT('',(-1.308885077187E0,-4.8E-1,-7.4E-1));
#427=LINE('',#426,#425);
#428=DIRECTION('',(-9.130569412035E-1,-4.078321004042E-1,0.E0));
#429=VECTOR('',#428,1.716392602020E-2);
#430=CARTESIAN_POINT('',(-1.295E0,-4.73E-1,-7.4E-1));
#431=LINE('',#430,#429);
#432=DIRECTION('',(0.E0,1.E0,0.E0));
#433=VECTOR('',#432,1.73E-1);
#434=CARTESIAN_POINT('',(-1.295E0,-4.73E-1,-7.4E-1));
#435=LINE('',#434,#433);
#436=DIRECTION('',(1.E0,0.E0,0.E0));
#437=VECTOR('',#436,3.5E-1);
#438=CARTESIAN_POINT('',(-1.295E0,-3.E-1,-7.4E-1));
#439=LINE('',#438,#437);
#440=DIRECTION('',(7.071067811865E-1,-7.071067811865E-1,0.E0));
#441=VECTOR('',#440,8.485281374239E-2);
#442=CARTESIAN_POINT('',(-9.45E-1,-3.E-1,-7.4E-1));
#443=LINE('',#442,#441);
#444=DIRECTION('',(1.E0,0.E0,0.E0));
#445=VECTOR('',#444,2.95E-1);
#446=CARTESIAN_POINT('',(-1.18E0,-3.6E-1,-7.4E-1));
#447=LINE('',#446,#445);
#448=DIRECTION('',(0.E0,1.E0,0.E0));
#449=VECTOR('',#448,1.2E-1);
#450=CARTESIAN_POINT('',(-1.18E0,-4.8E-1,-7.4E-1));
#451=LINE('',#450,#449);
#452=DIRECTION('',(0.E0,-7.071067811865E-1,-7.071067811865E-1));
#453=VECTOR('',#452,8.485281374239E-2);
#454=CARTESIAN_POINT('',(8.85E-1,-4.8E-1,-7.4E-1));
#455=LINE('',#454,#453);
#456=DIRECTION('',(7.377371622247E-1,-4.773593402630E-1,-4.773593402630E-1));
#457=VECTOR('',#456,5.573112609518E-2);
#458=CARTESIAN_POINT('',(1.308885077187E0,-4.8E-1,-7.4E-1));
#459=LINE('',#458,#457);
#460=DIRECTION('',(8.454495426440E-1,-3.776341290476E-1,-3.776341290476E-1));
#461=VECTOR('',#460,1.588839444976E-1);
#462=CARTESIAN_POINT('',(1.310671641791E0,-4.8E-1,-7.4E-1));
#463=LINE('',#462,#461);
#464=DIRECTION('',(1.410422039157E-14,7.071067811865E-1,7.071067811865E-1));
#465=VECTOR('',#464,4.722939632830E-2);
#466=CARTESIAN_POINT('',(1.35E0,-5.4E-1,-8.E-1));
#467=LINE('',#466,#465);
#468=DIRECTION('',(0.E0,0.E0,1.E0));
#469=VECTOR('',#468,8.E-2);
#470=CARTESIAN_POINT('',(8.85E-1,-5.4E-1,8.E-1));
#471=LINE('',#470,#469);
#472=DIRECTION('',(1.E0,0.E0,0.E0));
#473=VECTOR('',#472,7.5E-2);
#474=CARTESIAN_POINT('',(8.1E-1,-5.4E-1,8.E-1));
#475=LINE('',#474,#473);
#476=DIRECTION('',(-1.E0,0.E0,0.E0));
#477=VECTOR('',#476,7.5E-2);
#478=CARTESIAN_POINT('',(8.85E-1,-5.4E-1,-8.E-1));
#479=LINE('',#478,#477);
#480=DIRECTION('',(0.E0,0.E0,-1.E0));
#481=VECTOR('',#480,8.E-2);
#482=CARTESIAN_POINT('',(8.85E-1,-5.4E-1,-8.E-1));
#483=LINE('',#482,#481);
#484=DIRECTION('',(0.E0,0.E0,-1.E0));
#485=VECTOR('',#484,8.E-2);
#486=CARTESIAN_POINT('',(1.35E0,-5.4E-1,8.8E-1));
#487=LINE('',#486,#485);
#488=DIRECTION('',(1.E0,0.E0,0.E0));
#489=VECTOR('',#488,5.5E-2);
#490=CARTESIAN_POINT('',(1.445E0,-5.4E-1,7.5E-1));
#491=LINE('',#490,#489);
#492=DIRECTION('',(0.E0,0.E0,1.E0));
#493=VECTOR('',#492,5.E-2);
#494=CARTESIAN_POINT('',(1.445E0,-5.4E-1,7.5E-1));
#495=LINE('',#494,#493);
#496=DIRECTION('',(1.E0,0.E0,0.E0));
#497=VECTOR('',#496,9.5E-2);
#498=CARTESIAN_POINT('',(1.35E0,-5.4E-1,8.E-1));
#499=LINE('',#498,#497);
#500=DIRECTION('',(0.E0,0.E0,-1.E0));
#501=VECTOR('',#500,8.E-2);
#502=CARTESIAN_POINT('',(1.35E0,-5.4E-1,-8.E-1));
#503=LINE('',#502,#501);
#504=DIRECTION('',(-1.E0,0.E0,0.E0));
#505=VECTOR('',#504,9.5E-2);
#506=CARTESIAN_POINT('',(1.445E0,-5.4E-1,-8.E-1));
#507=LINE('',#506,#505);
#508=DIRECTION('',(0.E0,0.E0,1.E0));
#509=VECTOR('',#508,5.E-2);
#510=CARTESIAN_POINT('',(1.445E0,-5.4E-1,-8.E-1));
#511=LINE('',#510,#509);
#512=DIRECTION('',(1.E0,0.E0,0.E0));
#513=VECTOR('',#512,5.5E-2);
#514=CARTESIAN_POINT('',(1.445E0,-5.4E-1,-7.5E-1));
#515=LINE('',#514,#513);
#516=DIRECTION('',(0.E0,0.E0,-1.E0));
#517=VECTOR('',#516,8.E-2);
#518=CARTESIAN_POINT('',(-8.85E-1,-5.4E-1,8.8E-1));
#519=LINE('',#518,#517);
#520=DIRECTION('',(1.E0,0.E0,0.E0));
#521=VECTOR('',#520,7.5E-2);
#522=CARTESIAN_POINT('',(-8.85E-1,-5.4E-1,8.E-1));
#523=LINE('',#522,#521);
#524=DIRECTION('',(0.E0,0.E0,-1.E0));
#525=VECTOR('',#524,8.E-2);
#526=CARTESIAN_POINT('',(-8.85E-1,-5.4E-1,-8.E-1));
#527=LINE('',#526,#525);
#528=DIRECTION('',(-1.E0,0.E0,0.E0));
#529=VECTOR('',#528,7.5E-2);
#530=CARTESIAN_POINT('',(-8.1E-1,-5.4E-1,-8.E-1));
#531=LINE('',#530,#529);
#532=DIRECTION('',(0.E0,0.E0,-1.E0));
#533=VECTOR('',#532,8.E-2);
#534=CARTESIAN_POINT('',(-1.35E0,-5.4E-1,8.8E-1));
#535=LINE('',#534,#533);
#536=DIRECTION('',(1.E0,0.E0,0.E0));
#537=VECTOR('',#536,9.5E-2);
#538=CARTESIAN_POINT('',(-1.445E0,-5.4E-1,8.E-1));
#539=LINE('',#538,#537);
#540=DIRECTION('',(0.E0,0.E0,-1.E0));
#541=VECTOR('',#540,5.E-2);
#542=CARTESIAN_POINT('',(-1.445E0,-5.4E-1,8.E-1));
#543=LINE('',#542,#541);
#544=DIRECTION('',(-1.E0,0.E0,0.E0));
#545=VECTOR('',#544,5.5E-2);
#546=CARTESIAN_POINT('',(-1.445E0,-5.4E-1,7.5E-1));
#547=LINE('',#546,#545);
#548=DIRECTION('',(0.E0,0.E0,-1.E0));
#549=VECTOR('',#548,8.E-2);
#550=CARTESIAN_POINT('',(-1.35E0,-5.4E-1,-8.E-1));
#551=LINE('',#550,#549);
#552=DIRECTION('',(-1.E0,0.E0,0.E0));
#553=VECTOR('',#552,5.5E-2);
#554=CARTESIAN_POINT('',(-1.445E0,-5.4E-1,-7.5E-1));
#555=LINE('',#554,#553);
#556=DIRECTION('',(0.E0,0.E0,-1.E0));
#557=VECTOR('',#556,5.E-2);
#558=CARTESIAN_POINT('',(-1.445E0,-5.4E-1,-7.5E-1));
#559=LINE('',#558,#557);
#560=DIRECTION('',(-1.E0,0.E0,0.E0));
#561=VECTOR('',#560,9.5E-2);
#562=CARTESIAN_POINT('',(-1.35E0,-5.4E-1,-8.E-1));
#563=LINE('',#562,#561);
#564=DIRECTION('',(0.E0,-7.071067811865E-1,7.071067811865E-1));
#565=VECTOR('',#564,8.485281374239E-2);
#566=CARTESIAN_POINT('',(8.85E-1,-4.8E-1,7.4E-1));
#567=LINE('',#566,#565);
#568=DIRECTION('',(-7.377371622247E-1,4.773593402630E-1,-4.773593402630E-1));
#569=VECTOR('',#568,5.573112609518E-2);
#570=CARTESIAN_POINT('',(1.35E0,-5.066037735849E-1,7.666037735849E-1));
#571=LINE('',#570,#569);
#572=DIRECTION('',(0.E0,7.071067811865E-1,-7.071067811865E-1));
#573=VECTOR('',#572,4.722939632831E-2);
#574=CARTESIAN_POINT('',(1.35E0,-5.4E-1,8.E-1));
#575=LINE('',#574,#573);
#576=DIRECTION('',(0.E0,-1.E0,0.E0));
#577=VECTOR('',#576,1.2E-1);
#578=CARTESIAN_POINT('',(8.85E-1,-3.6E-1,7.4E-1));
#579=LINE('',#578,#577);
#580=DIRECTION('',(7.071067811865E-1,7.071067811865E-1,0.E0));
#581=VECTOR('',#580,2.828427124746E-2);
#582=CARTESIAN_POINT('',(8.65E-1,-3.8E-1,7.4E-1));
#583=LINE('',#582,#581);
#584=DIRECTION('',(1.E0,0.E0,0.E0));
#585=VECTOR('',#584,5.5E-2);
#586=CARTESIAN_POINT('',(8.1E-1,-3.8E-1,7.4E-1));
#587=LINE('',#586,#585);
#588=DIRECTION('',(0.E0,1.E0,0.E0));
#589=VECTOR('',#588,6.E-2);
#590=CARTESIAN_POINT('',(8.1E-1,-4.4E-1,7.4E-1));
#591=LINE('',#590,#589);
#592=DIRECTION('',(1.E0,0.E0,0.E0));
#593=VECTOR('',#592,7.5E-2);
#594=CARTESIAN_POINT('',(8.1E-1,-4.8E-1,7.4E-1));
#595=LINE('',#594,#593);
#596=DIRECTION('',(0.E0,1.E0,0.E0));
#597=VECTOR('',#596,1.2E-1);
#598=CARTESIAN_POINT('',(-8.85E-1,-4.8E-1,7.4E-1));
#599=LINE('',#598,#597);
#600=DIRECTION('',(1.E0,0.E0,0.E0));
#601=VECTOR('',#600,7.5E-2);
#602=CARTESIAN_POINT('',(-8.85E-1,-4.8E-1,7.4E-1));
#603=LINE('',#602,#601);
#604=DIRECTION('',(0.E0,-1.E0,0.E0));
#605=VECTOR('',#604,6.E-2);
#606=CARTESIAN_POINT('',(-8.1E-1,-3.8E-1,7.4E-1));
#607=LINE('',#606,#605);
#608=DIRECTION('',(1.E0,0.E0,0.E0));
#609=VECTOR('',#608,5.5E-2);
#610=CARTESIAN_POINT('',(-8.65E-1,-3.8E-1,7.4E-1));
#611=LINE('',#610,#609);
#612=DIRECTION('',(7.071067811865E-1,-7.071067811866E-1,0.E0));
#613=VECTOR('',#612,2.828427124746E-2);
#614=CARTESIAN_POINT('',(-8.85E-1,-3.6E-1,7.4E-1));
#615=LINE('',#614,#613);
#616=DIRECTION('',(1.E0,0.E0,0.E0));
#617=VECTOR('',#616,1.288850771870E-1);
#618=CARTESIAN_POINT('',(1.18E0,-4.8E-1,7.4E-1));
#619=LINE('',#618,#617);
#620=DIRECTION('',(1.E0,3.107144914005E-14,0.E0));
#621=VECTOR('',#620,1.786564604086E-3);
#622=CARTESIAN_POINT('',(1.308885077187E0,-4.8E-1,7.4E-1));
#623=LINE('',#622,#621);
#624=DIRECTION('',(9.130569412035E-1,-4.078321004042E-1,0.E0));
#625=VECTOR('',#624,1.716392602020E-2);
#626=CARTESIAN_POINT('',(1.295E0,-4.73E-1,7.4E-1));
#627=LINE('',#626,#625);
#628=DIRECTION('',(0.E0,-1.E0,0.E0));
#629=VECTOR('',#628,1.73E-1);
#630=CARTESIAN_POINT('',(1.295E0,-3.E-1,7.4E-1));
#631=LINE('',#630,#629);
#632=DIRECTION('',(1.E0,0.E0,0.E0));
#633=VECTOR('',#632,3.5E-1);
#634=CARTESIAN_POINT('',(9.45E-1,-3.E-1,7.4E-1));
#635=LINE('',#634,#633);
#636=DIRECTION('',(7.071067811865E-1,7.071067811865E-1,0.E0));
#637=VECTOR('',#636,8.485281374239E-2);
#638=CARTESIAN_POINT('',(8.85E-1,-3.6E-1,7.4E-1));
#639=LINE('',#638,#637);
#640=DIRECTION('',(-1.E0,0.E0,0.E0));
#641=VECTOR('',#640,2.95E-1);
#642=CARTESIAN_POINT('',(1.18E0,-3.6E-1,7.4E-1));
#643=LINE('',#642,#641);
#644=DIRECTION('',(0.E0,1.E0,0.E0));
#645=VECTOR('',#644,1.2E-1);
#646=CARTESIAN_POINT('',(1.18E0,-4.8E-1,7.4E-1));
#647=LINE('',#646,#645);
#648=DIRECTION('',(1.E0,0.E0,0.E0));
#649=VECTOR('',#648,1.288850771870E-1);
#650=CARTESIAN_POINT('',(-1.308885077187E0,-4.8E-1,7.4E-1));
#651=LINE('',#650,#649);
#652=DIRECTION('',(0.E0,1.E0,0.E0));
#653=VECTOR('',#652,1.2E-1);
#654=CARTESIAN_POINT('',(-1.18E0,-4.8E-1,7.4E-1));
#655=LINE('',#654,#653);
#656=DIRECTION('',(1.E0,0.E0,0.E0));
#657=VECTOR('',#656,2.95E-1);
#658=CARTESIAN_POINT('',(-1.18E0,-3.6E-1,7.4E-1));
#659=LINE('',#658,#657);
#660=DIRECTION('',(7.071067811865E-1,-7.071067811865E-1,0.E0));
#661=VECTOR('',#660,8.485281374239E-2);
#662=CARTESIAN_POINT('',(-9.45E-1,-3.E-1,7.4E-1));
#663=LINE('',#662,#661);
#664=DIRECTION('',(1.E0,0.E0,0.E0));
#665=VECTOR('',#664,3.5E-1);
#666=CARTESIAN_POINT('',(-1.295E0,-3.E-1,7.4E-1));
#667=LINE('',#666,#665);
#668=DIRECTION('',(0.E0,1.E0,0.E0));
#669=VECTOR('',#668,1.73E-1);
#670=CARTESIAN_POINT('',(-1.295E0,-4.73E-1,7.4E-1));
#671=LINE('',#670,#669);
#672=DIRECTION('',(1.E0,3.107144914004E-14,0.E0));
#673=VECTOR('',#672,1.786564604086E-3);
#674=CARTESIAN_POINT('',(-1.310671641791E0,-4.8E-1,7.4E-1));
#675=LINE('',#674,#673);
#676=DIRECTION('',(0.E0,0.E0,1.E0));
#677=VECTOR('',#676,1.1E-1);
#678=CARTESIAN_POINT('',(8.65E-1,-3.8E-1,6.3E-1));
#679=LINE('',#678,#677);
#680=DIRECTION('',(0.E0,0.E0,1.E0));
#681=VECTOR('',#680,1.1E-1);
#682=CARTESIAN_POINT('',(9.45E-1,-3.E-1,6.3E-1));
#683=LINE('',#682,#681);
#684=DIRECTION('',(0.E0,0.E0,1.E0));
#685=VECTOR('',#684,2.973770030358E-2);
#686=CARTESIAN_POINT('',(1.295E0,-4.73E-1,-6.197377003036E-1));
#687=LINE('',#686,#685);
#688=DIRECTION('',(0.E0,0.E0,1.E0));
#689=VECTOR('',#688,1.202622996964E-1);
#690=CARTESIAN_POINT('',(1.295E0,-4.73E-1,-7.4E-1));
#691=LINE('',#690,#689);
#692=DIRECTION('',(0.E0,0.E0,-1.E0));
#693=VECTOR('',#692,1.1E-1);
#694=CARTESIAN_POINT('',(1.295E0,-3.E-1,-6.3E-1));
#695=LINE('',#694,#693);
#696=DIRECTION('',(0.E0,1.E0,0.E0));
#697=VECTOR('',#696,1.7E-1);
#698=CARTESIAN_POINT('',(1.295E0,-3.E-1,-6.3E-1));
#699=LINE('',#698,#697);
#700=DIRECTION('',(0.E0,1.E0,0.E0));
#701=VECTOR('',#700,3.43E-1);
#702=CARTESIAN_POINT('',(1.295E0,-4.73E-1,-5.9E-1));
#703=LINE('',#702,#701);
#704=DIRECTION('',(0.E0,1.E0,0.E0));
#705=VECTOR('',#704,3.43E-1);
#706=CARTESIAN_POINT('',(1.295E0,-4.73E-1,5.9E-1));
#707=LINE('',#706,#705);
#708=DIRECTION('',(0.E0,0.E0,1.E0));
#709=VECTOR('',#708,1.1E-1);
#710=CARTESIAN_POINT('',(1.295E0,-3.E-1,6.3E-1));
#711=LINE('',#710,#709);
#712=DIRECTION('',(0.E0,0.E0,1.E0));
#713=VECTOR('',#712,1.202622996964E-1);
#714=CARTESIAN_POINT('',(1.295E0,-4.73E-1,6.197377003036E-1));
#715=LINE('',#714,#713);
#716=DIRECTION('',(0.E0,0.E0,1.E0));
#717=VECTOR('',#716,2.973770030358E-2);
#718=CARTESIAN_POINT('',(1.295E0,-4.73E-1,5.9E-1));
#719=LINE('',#718,#717);
#720=DIRECTION('',(0.E0,1.E0,0.E0));
#721=VECTOR('',#720,1.191649060509E-1);
#722=CARTESIAN_POINT('',(1.266191602831E0,-5.792971553154E-1,-5.9E-1));
#723=LINE('',#722,#721);
#724=DIRECTION('',(9.130569412035E-1,-4.078321004042E-1,0.E0));
#725=VECTOR('',#724,3.155158881014E-2);
#726=CARTESIAN_POINT('',(1.266191602831E0,-4.601322492645E-1,-5.9E-1));
#727=LINE('',#726,#725);
#728=DIRECTION('',(0.E0,-1.E0,0.E0));
#729=VECTOR('',#728,3.476679840568E-1);
#730=CARTESIAN_POINT('',(1.21E0,-1.3E-1,-5.9E-1));
#731=LINE('',#730,#729);
#732=CARTESIAN_POINT('',(1.33E0,-4.776679840568E-1,-5.9E-1));
#733=DIRECTION('',(0.E0,0.E0,1.E0));
#734=DIRECTION('',(-1.E0,-1.249000902703E-14,0.E0));
#735=AXIS2_PLACEMENT_3D('',#732,#733,#734);
#737=DIRECTION('',(0.E0,-1.E0,0.E0));
#738=VECTOR('',#737,1.191649060509E-1);
#739=CARTESIAN_POINT('',(-1.266191602831E0,-4.601322492645E-1,-5.9E-1));
#740=LINE('',#739,#738);
#741=CARTESIAN_POINT('',(-1.33E0,-4.776679840568E-1,-5.9E-1));
#742=DIRECTION('',(0.E0,0.E0,1.E0));
#743=DIRECTION('',(5.317366430758E-1,-8.469097604884E-1,0.E0));
#744=AXIS2_PLACEMENT_3D('',#741,#742,#743);
#746=DIRECTION('',(0.E0,1.E0,0.E0));
#747=VECTOR('',#746,3.476679840568E-1);
#748=CARTESIAN_POINT('',(-1.21E0,-4.776679840568E-1,-5.9E-1));
#749=LINE('',#748,#747);
#750=DIRECTION('',(-9.130569412035E-1,-4.078321004042E-1,0.E0));
#751=VECTOR('',#750,3.155158881014E-2);
#752=CARTESIAN_POINT('',(-1.266191602831E0,-4.601322492645E-1,-5.9E-1));
#753=LINE('',#752,#751);
#754=CARTESIAN_POINT('',(1.266191602831E0,-5.792971553154E-1,-5.9E-1));
#755=CARTESIAN_POINT('',(1.271086098382E0,-5.823701894868E-1,
-5.950523825047E-1));
#756=CARTESIAN_POINT('',(1.276089648333E0,-5.850219024803E-1,
-6.002173372924E-1));
#757=CARTESIAN_POINT('',(1.281191602831E0,-5.872934389739E-1,
-6.054838709677E-1));
#759=DIRECTION('',(6.646337376450E-1,-2.959140052234E-1,-6.860735356335E-1));
#760=VECTOR('',#759,2.106423313629E-1);
#761=CARTESIAN_POINT('',(1.281191602831E0,-5.872934389739E-1,
-6.054838709677E-1));
#762=LINE('',#761,#760);
#763=DIRECTION('',(-6.644455462234E-1,2.967856773131E-1,6.858792735210E-1));
#764=VECTOR('',#763,4.335704759079E-2);
#765=CARTESIAN_POINT('',(1.295E0,-4.73E-1,-6.197377003036E-1));
#766=LINE('',#765,#764);
#767=DIRECTION('',(0.E0,0.E0,-1.E0));
#768=VECTOR('',#767,1.210967741935E0);
#769=CARTESIAN_POINT('',(1.281191602831E0,-5.872934389739E-1,
6.054838709677E-1));
#770=LINE('',#769,#768);
#771=DIRECTION('',(0.E0,0.E0,1.E0));
#772=VECTOR('',#771,1.18E0);
#773=CARTESIAN_POINT('',(1.21E0,-4.776679840568E-1,-5.9E-1));
#774=LINE('',#773,#772);
#775=DIRECTION('',(0.E0,-1.E0,0.E0));
#776=VECTOR('',#775,1.191649060509E-1);
#777=CARTESIAN_POINT('',(1.266191602831E0,-4.601322492645E-1,5.9E-1));
#778=LINE('',#777,#776);
#779=CARTESIAN_POINT('',(1.33E0,-4.776679840568E-1,5.9E-1));
#780=DIRECTION('',(0.E0,0.E0,1.E0));
#781=DIRECTION('',(-1.E0,-1.249000902703E-14,0.E0));
#782=AXIS2_PLACEMENT_3D('',#779,#780,#781);
#784=DIRECTION('',(0.E0,-1.E0,0.E0));
#785=VECTOR('',#784,3.476679840568E-1);
#786=CARTESIAN_POINT('',(1.21E0,-1.3E-1,5.9E-1));
#787=LINE('',#786,#785);
#788=DIRECTION('',(9.130569412035E-1,-4.078321004042E-1,0.E0));
#789=VECTOR('',#788,3.155158881014E-2);
#790=CARTESIAN_POINT('',(1.266191602831E0,-4.601322492645E-1,5.9E-1));
#791=LINE('',#790,#789);
#792=DIRECTION('',(0.E0,1.E0,0.E0));
#793=VECTOR('',#792,1.191649060509E-1);
#794=CARTESIAN_POINT('',(-1.266191602831E0,-5.792971553154E-1,5.9E-1));
#795=LINE('',#794,#793);
#796=DIRECTION('',(-9.130569412035E-1,-4.078321004042E-1,0.E0));
#797=VECTOR('',#796,3.155158881014E-2);
#798=CARTESIAN_POINT('',(-1.266191602831E0,-4.601322492645E-1,5.9E-1));
#799=LINE('',#798,#797);
#800=DIRECTION('',(0.E0,1.E0,0.E0));
#801=VECTOR('',#800,3.476679840568E-1);
#802=CARTESIAN_POINT('',(-1.21E0,-4.776679840568E-1,5.9E-1));
#803=LINE('',#802,#801);
#804=CARTESIAN_POINT('',(-1.33E0,-4.776679840568E-1,5.9E-1));
#805=DIRECTION('',(0.E0,0.E0,1.E0));
#806=DIRECTION('',(5.317366430758E-1,-8.469097604884E-1,0.E0));
#807=AXIS2_PLACEMENT_3D('',#804,#805,#806);
#809=DIRECTION('',(6.644455462234E-1,-2.967856773131E-1,6.858792735210E-1));
#810=VECTOR('',#809,4.335704759079E-2);
#811=CARTESIAN_POINT('',(1.266191602831E0,-4.601322492645E-1,5.9E-1));
#812=LINE('',#811,#810);
#813=DIRECTION('',(-6.646337376450E-1,2.959140052234E-1,-6.860735356335E-1));
#814=VECTOR('',#813,2.106423313629E-1);
#815=CARTESIAN_POINT('',(1.421191602831E0,-6.496254549171E-1,7.5E-1));
#816=LINE('',#815,#814);
#817=CARTESIAN_POINT('',(1.281191602831E0,-5.872934389739E-1,
6.054838709677E-1));
#818=CARTESIAN_POINT('',(1.276089648333E0,-5.850219024803E-1,
6.002173372924E-1));
#819=CARTESIAN_POINT('',(1.271086098382E0,-5.823701894868E-1,
5.950523825047E-1));
#820=CARTESIAN_POINT('',(1.266191602831E0,-5.792971553154E-1,5.9E-1));
#822=DIRECTION('',(6.644455462234E-1,-2.967856773131E-1,6.858792735210E-1));
#823=VECTOR('',#822,1.899201575632E-1);
#824=CARTESIAN_POINT('',(1.295E0,-4.73E-1,6.197377003036E-1));
#825=LINE('',#824,#823);
#826=DIRECTION('',(8.454495426440E-1,-3.776341290476E-1,3.776341290476E-1));
#827=VECTOR('',#826,1.588839444976E-1);
#828=CARTESIAN_POINT('',(1.310671641791E0,-4.8E-1,7.4E-1));
#829=LINE('',#828,#827);
#830=DIRECTION('',(-9.130569412035E-1,4.078321004042E-1,0.E0));
#831=VECTOR('',#830,2.607547907989E-2);
#832=CARTESIAN_POINT('',(1.445E0,-5.4E-1,7.5E-1));
#833=LINE('',#832,#831);
#834=DIRECTION('',(-6.644455462234E-1,2.967856773131E-1,6.858792735210E-1));
#835=VECTOR('',#834,1.899201575632E-1);
#836=CARTESIAN_POINT('',(1.421191602831E0,-5.293655825978E-1,-7.5E-1));
#837=LINE('',#836,#835);
#838=DIRECTION('',(-9.130569412035E-1,4.078321004042E-1,0.E0));
#839=VECTOR('',#838,2.607547907989E-2);
#840=CARTESIAN_POINT('',(1.445E0,-5.4E-1,-7.5E-1));
#841=LINE('',#840,#839);
#842=DIRECTION('',(-9.130569412035E-1,4.078321004042E-1,0.E0));
#843=VECTOR('',#842,1.716392602020E-2);
#844=CARTESIAN_POINT('',(1.310671641791E0,-4.8E-1,-7.4E-1));
#845=LINE('',#844,#843);
#846=DIRECTION('',(-1.E0,0.E0,0.E0));
#847=VECTOR('',#846,9.E-2);
#848=CARTESIAN_POINT('',(1.59E0,-2.8E-1,7.5E-1));
#849=LINE('',#848,#847);
#850=DIRECTION('',(0.E0,1.E0,0.E0));
#851=VECTOR('',#850,3.E-2);
#852=CARTESIAN_POINT('',(1.59E0,-2.8E-1,7.5E-1));
#853=LINE('',#852,#851);
#854=DIRECTION('',(1.E0,0.E0,0.E0));
#855=VECTOR('',#854,9.E-2);
#856=CARTESIAN_POINT('',(-1.59E0,-2.8E-1,7.5E-1));
#857=LINE('',#856,#855);
#858=DIRECTION('',(0.E0,-1.E0,0.E0));
#859=VECTOR('',#858,3.E-2);
#860=CARTESIAN_POINT('',(-1.59E0,-2.5E-1,7.5E-1));
#861=LINE('',#860,#859);
#862=DIRECTION('',(0.E0,-1.E0,0.E0));
#863=VECTOR('',#862,1.202598723193E-1);
#864=CARTESIAN_POINT('',(1.421191602831E0,-5.293655825978E-1,7.5E-1));
#865=LINE('',#864,#863);
#866=DIRECTION('',(-1.E0,0.E0,0.E0));
#867=VECTOR('',#866,9.E-2);
#868=CARTESIAN_POINT('',(1.59E0,-5.1E-1,7.5E-1));
#869=LINE('',#868,#867);
#870=DIRECTION('',(0.E0,1.E0,0.E0));
#871=VECTOR('',#870,3.E-2);
#872=CARTESIAN_POINT('',(1.59E0,-5.4E-1,7.5E-1));
#873=LINE('',#872,#871);
#874=CARTESIAN_POINT('',(1.47E0,-5.4E-1,7.5E-1));
#875=DIRECTION('',(0.E0,0.E0,1.E0));
#876=DIRECTION('',(-4.067366430758E-1,-9.135454576426E-1,0.E0));
#877=AXIS2_PLACEMENT_3D('',#874,#875,#876);
#879=DIRECTION('',(0.E0,1.E0,0.E0));
#880=VECTOR('',#879,1.202598723193E-1);
#881=CARTESIAN_POINT('',(-1.421191602831E0,-6.496254549171E-1,7.5E-1));
#882=LINE('',#881,#880);
#883=CARTESIAN_POINT('',(-1.47E0,-5.4E-1,7.5E-1));
#884=DIRECTION('',(0.E0,0.E0,1.E0));
#885=DIRECTION('',(-1.E0,-1.295260195396E-14,0.E0));
#886=AXIS2_PLACEMENT_3D('',#883,#884,#885);
#888=DIRECTION('',(0.E0,-1.E0,0.E0));
#889=VECTOR('',#888,3.E-2);
#890=CARTESIAN_POINT('',(-1.59E0,-5.1E-1,7.5E-1));
#891=LINE('',#890,#889);
#892=DIRECTION('',(1.E0,0.E0,0.E0));
#893=VECTOR('',#892,9.E-2);
#894=CARTESIAN_POINT('',(-1.59E0,-5.1E-1,7.5E-1));
#895=LINE('',#894,#893);
#896=CARTESIAN_POINT('',(1.47E0,-2.8E-1,-8.3E-1));
#897=DIRECTION('',(0.E0,1.E0,0.E0));
#898=DIRECTION('',(1.E0,0.E0,0.E0));
#899=AXIS2_PLACEMENT_3D('',#896,#897,#898);
#901=CARTESIAN_POINT('',(1.47E0,-2.8E-1,8.3E-1));
#902=DIRECTION('',(0.E0,1.E0,0.E0));
#903=DIRECTION('',(0.E0,0.E0,1.E0));
#904=AXIS2_PLACEMENT_3D('',#901,#902,#903);
#906=CARTESIAN_POINT('',(1.47E0,-5.1E-1,-8.3E-1));
#907=DIRECTION('',(0.E0,-1.E0,0.E0));
#908=DIRECTION('',(0.E0,0.E0,-1.E0));
#909=AXIS2_PLACEMENT_3D('',#906,#907,#908);
#911=DIRECTION('',(0.E0,0.E0,-1.E0));
#912=VECTOR('',#911,7.E-2);
#913=CARTESIAN_POINT('',(1.35E0,-5.1E-1,-8.8E-1));
#914=LINE('',#913,#912);
#915=CARTESIAN_POINT('',(1.47E0,-5.1E-1,8.3E-1));
#916=DIRECTION('',(0.E0,-1.E0,0.E0));
#917=DIRECTION('',(1.E0,0.E0,0.E0));
#918=AXIS2_PLACEMENT_3D('',#915,#916,#917);
#920=DIRECTION('',(0.E0,0.E0,1.E0));
#921=VECTOR('',#920,7.E-2);
#922=CARTESIAN_POINT('',(1.35E0,-5.1E-1,8.8E-1));
#923=LINE('',#922,#921);
#924=DIRECTION('',(-1.E0,0.E0,0.E0));
#925=VECTOR('',#924,1.4E-1);
#926=CARTESIAN_POINT('',(-6.3E-1,-4.2E-1,-9.5E-1));
#927=LINE('',#926,#925);
#928=DIRECTION('',(0.E0,1.E0,0.E0));
#929=VECTOR('',#928,2.6E-1);
#930=CARTESIAN_POINT('',(-6.3E-1,-4.2E-1,-9.5E-1));
#931=LINE('',#930,#929);
#932=DIRECTION('',(-4.472135955E-1,8.944271909999E-1,0.E0));
#933=VECTOR('',#932,1.118033988750E-1);
#934=CARTESIAN_POINT('',(-6.3E-1,-1.6E-1,-9.5E-1));
#935=LINE('',#934,#933);
#936=DIRECTION('',(-1.E0,0.E0,0.E0));
#937=VECTOR('',#936,4.75E-1);
#938=CARTESIAN_POINT('',(-6.8E-1,-6.E-2,-9.5E-1));
#939=LINE('',#938,#937);
#940=DIRECTION('',(0.E0,-1.E0,0.E0));
#941=VECTOR('',#940,2.2E-1);
#942=CARTESIAN_POINT('',(-1.155E0,-6.E-2,-9.5E-1));
#943=LINE('',#942,#941);
#944=DIRECTION('',(-1.E0,0.E0,0.E0));
#945=VECTOR('',#944,3.15E-1);
#946=CARTESIAN_POINT('',(-1.155E0,-2.8E-1,-9.5E-1));
#947=LINE('',#946,#945);
#948=DIRECTION('',(0.E0,1.E0,0.E0));
#949=VECTOR('',#948,2.3E-1);
#950=CARTESIAN_POINT('',(-1.47E0,-5.1E-1,-9.5E-1));
#951=LINE('',#950,#949);
#952=DIRECTION('',(1.E0,0.E0,0.E0));
#953=VECTOR('',#952,1.2E-1);
#954=CARTESIAN_POINT('',(-1.47E0,-5.1E-1,-9.5E-1));
#955=LINE('',#954,#953);
#956=DIRECTION('',(0.E0,-1.E0,3.330669073874E-14));
#957=VECTOR('',#956,3.000000000001E-2);
#958=CARTESIAN_POINT('',(-1.35E0,-5.1E-1,-9.5E-1));
#959=LINE('',#958,#957);
#960=DIRECTION('',(0.E0,1.E0,0.E0));
#961=VECTOR('',#960,1.9E-1);
#962=CARTESIAN_POINT('',(-8.85E-1,-5.4E-1,-9.5E-1));
#963=LINE('',#962,#961);
#964=DIRECTION('',(-1.E0,0.E0,0.E0));
#965=VECTOR('',#964,9.E-2);
#966=CARTESIAN_POINT('',(-8.85E-1,-3.5E-1,-9.5E-1));
#967=LINE('',#966,#965);
#968=DIRECTION('',(0.E0,1.E0,0.E0));
#969=VECTOR('',#968,1.2E-1);
#970=CARTESIAN_POINT('',(-9.75E-1,-3.5E-1,-9.5E-1));
#971=LINE('',#970,#969);
#972=DIRECTION('',(1.E0,0.E0,0.E0));
#973=VECTOR('',#972,1.9E-1);
#974=CARTESIAN_POINT('',(-9.75E-1,-2.3E-1,-9.5E-1));
#975=LINE('',#974,#973);
#976=DIRECTION('',(0.E0,-1.E0,0.E0));
#977=VECTOR('',#976,1.2E-1);
#978=CARTESIAN_POINT('',(-7.85E-1,-2.3E-1,-9.5E-1));
#979=LINE('',#978,#977);
#980=DIRECTION('',(4.997224534896E-1,-8.661855860486E-1,0.E0));
#981=VECTOR('',#980,3.001666203961E-2);
#982=CARTESIAN_POINT('',(-7.85E-1,-3.5E-1,-9.5E-1));
#983=LINE('',#982,#981);
#984=DIRECTION('',(-2.018587317500E-14,-1.E0,0.E0));
#985=VECTOR('',#984,4.4E-2);
#986=CARTESIAN_POINT('',(-7.7E-1,-3.76E-1,-9.5E-1));
#987=LINE('',#986,#985);
#988=DIRECTION('',(-1.E0,0.E0,0.E0));
#989=VECTOR('',#988,1.4E-1);
#990=CARTESIAN_POINT('',(7.7E-1,-4.2E-1,-9.5E-1));
#991=LINE('',#990,#989);
#992=DIRECTION('',(2.523234146875E-14,1.E0,0.E0));
#993=VECTOR('',#992,4.4E-2);
#994=CARTESIAN_POINT('',(7.7E-1,-4.2E-1,-9.5E-1));
#995=LINE('',#994,#993);
#996=DIRECTION('',(4.997224534896E-1,8.661855860486E-1,0.E0));
#997=VECTOR('',#996,3.001666203961E-2);
#998=CARTESIAN_POINT('',(7.7E-1,-3.76E-1,-9.5E-1));
#999=LINE('',#998,#997);
#1000=DIRECTION('',(0.E0,1.E0,0.E0));
#1001=VECTOR('',#1000,1.2E-1);
#1002=CARTESIAN_POINT('',(7.85E-1,-3.5E-1,-9.5E-1));
#1003=LINE('',#1002,#1001);
#1004=DIRECTION('',(1.E0,0.E0,0.E0));
#1005=VECTOR('',#1004,1.9E-1);
#1006=CARTESIAN_POINT('',(7.85E-1,-2.3E-1,-9.5E-1));
#1007=LINE('',#1006,#1005);
#1008=DIRECTION('',(0.E0,-1.E0,0.E0));
#1009=VECTOR('',#1008,1.2E-1);
#1010=CARTESIAN_POINT('',(9.75E-1,-2.3E-1,-9.5E-1));
#1011=LINE('',#1010,#1009);
#1012=DIRECTION('',(-1.E0,0.E0,0.E0));
#1013=VECTOR('',#1012,9.E-2);
#1014=CARTESIAN_POINT('',(9.75E-1,-3.5E-1,-9.5E-1));
#1015=LINE('',#1014,#1013);
#1016=DIRECTION('',(0.E0,-1.E0,0.E0));
#1017=VECTOR('',#1016,1.9E-1);
#1018=CARTESIAN_POINT('',(8.85E-1,-3.5E-1,-9.5E-1));
#1019=LINE('',#1018,#1017);
#1020=DIRECTION('',(0.E0,1.E0,0.E0));
#1021=VECTOR('',#1020,3.000000000002E-2);
#1022=CARTESIAN_POINT('',(1.35E0,-5.4E-1,-9.5E-1));
#1023=LINE('',#1022,#1021);
#1024=DIRECTION('',(1.E0,0.E0,0.E0));
#1025=VECTOR('',#1024,1.2E-1);
#1026=CARTESIAN_POINT('',(1.35E0,-5.1E-1,-9.5E-1));
#1027=LINE('',#1026,#1025);
#1028=DIRECTION('',(0.E0,-1.E0,0.E0));
#1029=VECTOR('',#1028,2.3E-1);
#1030=CARTESIAN_POINT('',(1.47E0,-2.8E-1,-9.5E-1));
#1031=LINE('',#1030,#1029);
#1032=DIRECTION('',(-1.E0,0.E0,0.E0));
#1033=VECTOR('',#1032,3.15E-1);
#1034=CARTESIAN_POINT('',(1.47E0,-2.8E-1,-9.5E-1));
#1035=LINE('',#1034,#1033);
#1036=DIRECTION('',(0.E0,1.E0,0.E0));
#1037=VECTOR('',#1036,2.2E-1);
#1038=CARTESIAN_POINT('',(1.155E0,-2.8E-1,-9.5E-1));
#1039=LINE('',#1038,#1037);
#1040=DIRECTION('',(-1.E0,0.E0,0.E0));
#1041=VECTOR('',#1040,4.75E-1);
#1042=CARTESIAN_POINT('',(1.155E0,-6.E-2,-9.5E-1));
#1043=LINE('',#1042,#1041);
#1044=DIRECTION('',(-4.472135955E-1,-8.944271909999E-1,0.E0));
#1045=VECTOR('',#1044,1.118033988750E-1);
#1046=CARTESIAN_POINT('',(6.8E-1,-6.E-2,-9.5E-1));
#1047=LINE('',#1046,#1045);
#1048=DIRECTION('',(0.E0,-1.E0,0.E0));
#1049=VECTOR('',#1048,2.6E-1);
#1050=CARTESIAN_POINT('',(6.3E-1,-1.6E-1,-9.5E-1));
#1051=LINE('',#1050,#1049);
#1052=CARTESIAN_POINT('',(-7.7E-1,-4.2E-1,-8.3E-1));
#1053=DIRECTION('',(-1.E0,0.E0,0.E0));
#1054=DIRECTION('',(0.E0,0.E0,-1.E0));
#1055=AXIS2_PLACEMENT_3D('',#1052,#1053,#1054);
#1057=DIRECTION('',(0.E0,0.E0,-1.E0));
#1058=VECTOR('',#1057,7.E-2);
#1059=CARTESIAN_POINT('',(-7.7E-1,-3.76E-1,-8.8E-1));
#1060=LINE('',#1059,#1058);
#1061=DIRECTION('',(0.E0,-4.332845246781E-1,-9.012571889724E-1));
#1062=VECTOR('',#1061,3.780877617986E-2);
#1063=CARTESIAN_POINT('',(-7.7E-1,-3.34E-1,-6.059245686617E-1));
#1064=LINE('',#1063,#1062);
#1065=DIRECTION('',(0.E0,9.012571889724E-1,-4.332845246781E-1));
#1066=VECTOR('',#1065,1.153976132361E-1);
#1067=CARTESIAN_POINT('',(-7.7E-1,-4.380029285193E-1,-5.559245686617E-1));
#1068=LINE('',#1067,#1066);
#1069=CARTESIAN_POINT('',(-7.7E-1,-4.64E-1,-6.1E-1));
#1070=DIRECTION('',(-1.E0,0.E0,0.E0));
#1071=DIRECTION('',(0.E0,-7.660444431190E-1,6.427876096866E-1));
#1072=AXIS2_PLACEMENT_3D('',#1069,#1070,#1071);
#1074=DIRECTION('',(0.E0,6.427876096866E-1,7.660444431190E-1));
#1075=VECTOR('',#1074,1.397247420178E-2);
#1076=CARTESIAN_POINT('',(-7.7E-1,-5.189439998807E-1,-5.821362796377E-1));
#1077=LINE('',#1076,#1075);
#1078=CARTESIAN_POINT('',(-7.7E-1,-4.5E-1,-6.399871645095E-1));
#1079=DIRECTION('',(-1.E0,0.E0,0.E0));
#1080=DIRECTION('',(0.E0,-1.E0,0.E0));
#1081=AXIS2_PLACEMENT_3D('',#1078,#1079,#1080);
#1083=CARTESIAN_POINT('',(-7.7E-1,-4.2E-1,8.3E-1));
#1084=DIRECTION('',(-1.E0,0.E0,0.E0));
#1085=DIRECTION('',(0.E0,-1.E0,0.E0));
#1086=AXIS2_PLACEMENT_3D('',#1083,#1084,#1085);
#1088=CARTESIAN_POINT('',(-7.7E-1,-4.5E-1,6.399871645095E-1));
#1089=DIRECTION('',(-1.E0,0.E0,0.E0));
#1090=DIRECTION('',(0.E0,-7.660444431190E-1,-6.427876096866E-1));
#1091=AXIS2_PLACEMENT_3D('',#1088,#1089,#1090);
#1093=DIRECTION('',(0.E0,-6.427876096866E-1,7.660444431190E-1));
#1094=VECTOR('',#1093,1.397247420178E-2);
#1095=CARTESIAN_POINT('',(-7.7E-1,-5.099626665871E-1,5.714327434188E-1));
#1096=LINE('',#1095,#1094);
#1097=CARTESIAN_POINT('',(-7.7E-1,-4.64E-1,6.1E-1));
#1098=DIRECTION('',(-1.E0,0.E0,0.E0));
#1099=DIRECTION('',(0.E0,4.332845246781E-1,-9.012571889724E-1));
#1100=AXIS2_PLACEMENT_3D('',#1097,#1098,#1099);
#1102=DIRECTION('',(0.E0,-9.012571889724E-1,-4.332845246781E-1));
#1103=VECTOR('',#1102,1.153976132361E-1);
#1104=CARTESIAN_POINT('',(-7.7E-1,-3.34E-1,6.059245686617E-1));
#1105=LINE('',#1104,#1103);
#1106=DIRECTION('',(0.E0,4.332845246781E-1,-9.012571889724E-1));
#1107=VECTOR('',#1106,3.780877617986E-2);
#1108=CARTESIAN_POINT('',(-7.7E-1,-3.503819576158E-1,6.4E-1));
#1109=LINE('',#1108,#1107);
#1110=DIRECTION('',(0.E0,0.E0,1.E0));
#1111=VECTOR('',#1110,7.E-2);
#1112=CARTESIAN_POINT('',(-7.7E-1,-3.76E-1,8.8E-1));
#1113=LINE('',#1112,#1111);
#1114=DIRECTION('',(0.E0,0.E0,-1.E0));
#1115=VECTOR('',#1114,7.E-2);
#1116=CARTESIAN_POINT('',(-7.85E-1,-3.5E-1,-8.8E-1));
#1117=LINE('',#1116,#1115);
#1118=DIRECTION('',(0.E0,0.E0,-1.E0));
#1119=VECTOR('',#1118,7.E-2);
#1120=CARTESIAN_POINT('',(-7.85E-1,-2.3E-1,-8.8E-1));
#1121=LINE('',#1120,#1119);
#1122=DIRECTION('',(0.E0,0.E0,-1.E0));
#1123=VECTOR('',#1122,7.E-2);
#1124=CARTESIAN_POINT('',(-9.75E-1,-2.3E-1,-8.8E-1));
#1125=LINE('',#1124,#1123);
#1126=DIRECTION('',(0.E0,0.E0,-1.E0));
#1127=VECTOR('',#1126,7.E-2);
#1128=CARTESIAN_POINT('',(-9.75E-1,-3.5E-1,-8.8E-1));
#1129=LINE('',#1128,#1127);
#1130=DIRECTION('',(0.E0,0.E0,-1.E0));
#1131=VECTOR('',#1130,7.E-2);
#1132=CARTESIAN_POINT('',(-8.85E-1,-3.5E-1,-8.8E-1));
#1133=LINE('',#1132,#1131);
#1134=CARTESIAN_POINT('',(-8.85E-1,-5.4E-1,-8.3E-1));
#1135=DIRECTION('',(-1.E0,0.E0,0.E0));
#1136=DIRECTION('',(0.E0,1.119474883164E-13,-1.E0));
#1137=AXIS2_PLACEMENT_3D('',#1134,#1135,#1136);
#1139=DIRECTION('',(0.E0,5.283018867925E-1,8.490566037736E-1));
#1140=VECTOR('',#1139,1.06E-1);
#1141=CARTESIAN_POINT('',(-8.85E-1,-6.418867924528E-1,-7.666037735849E-1));
#1142=LINE('',#1141,#1140);
#1143=CARTESIAN_POINT('',(-8.85E-1,-4.84E-1,-7.4E-1));
#1144=DIRECTION('',(-1.E0,0.E0,0.E0));
#1145=DIRECTION('',(0.E0,-8.490566037736E-1,5.283018867925E-1));
#1146=AXIS2_PLACEMENT_3D('',#1143,#1144,#1145);
#1148=DIRECTION('',(0.E0,1.E0,0.E0));
#1149=VECTOR('',#1148,1.24E-1);
#1150=CARTESIAN_POINT('',(-8.85E-1,-4.84E-1,-6.2E-1));
#1151=LINE('',#1150,#1149);
#1152=DIRECTION('',(0.E0,0.E0,-1.E0));
#1153=VECTOR('',#1152,1.2E-1);
#1154=CARTESIAN_POINT('',(-8.85E-1,-3.6E-1,-6.2E-1));
#1155=LINE('',#1154,#1153);
#1156=DIRECTION('',(0.E0,0.E0,-1.E0));
#1157=VECTOR('',#1156,1.2E-1);
#1158=CARTESIAN_POINT('',(-8.85E-1,-3.6E-1,7.4E-1));
#1159=LINE('',#1158,#1157);
#1160=DIRECTION('',(0.E0,-1.E0,0.E0));
#1161=VECTOR('',#1160,1.24E-1);
#1162=CARTESIAN_POINT('',(-8.85E-1,-3.6E-1,6.2E-1));
#1163=LINE('',#1162,#1161);
#1164=CARTESIAN_POINT('',(-8.85E-1,-4.84E-1,7.4E-1));
#1165=DIRECTION('',(-1.E0,0.E0,0.E0));
#1166=DIRECTION('',(0.E0,1.063963731932E-14,-1.E0));
#1167=AXIS2_PLACEMENT_3D('',#1164,#1165,#1166);
#1169=DIRECTION('',(0.E0,-5.283018867925E-1,8.490566037736E-1));
#1170=VECTOR('',#1169,1.06E-1);
#1171=CARTESIAN_POINT('',(-8.85E-1,-5.858867924528E-1,6.766037735849E-1));
#1172=LINE('',#1171,#1170);
#1173=CARTESIAN_POINT('',(-8.85E-1,-5.4E-1,8.3E-1));
#1174=DIRECTION('',(-1.E0,0.E0,0.E0));
#1175=DIRECTION('',(0.E0,-8.490566037736E-1,-5.283018867924E-1));
#1176=AXIS2_PLACEMENT_3D('',#1173,#1174,#1175);
#1178=DIRECTION('',(0.E0,1.E0,0.E0));
#1179=VECTOR('',#1178,1.9E-1);
#1180=CARTESIAN_POINT('',(-8.85E-1,-5.4E-1,-8.8E-1));
#1181=LINE('',#1180,#1179);
#1182=DIRECTION('',(1.E0,0.E0,0.E0));
#1183=VECTOR('',#1182,7.5E-2);
#1184=CARTESIAN_POINT('',(-8.85E-1,-5.4E-1,-8.8E-1));
#1185=LINE('',#1184,#1183);
#1186=DIRECTION('',(0.E0,1.E0,0.E0));
#1187=VECTOR('',#1186,1.E-1);
#1188=CARTESIAN_POINT('',(-8.1E-1,-5.4E-1,-8.8E-1));
#1189=LINE('',#1188,#1187);
#1190=DIRECTION('',(-1.E0,0.E0,0.E0));
#1191=VECTOR('',#1190,4.E-2);
#1192=CARTESIAN_POINT('',(-7.7E-1,-4.4E-1,-8.8E-1));
#1193=LINE('',#1192,#1191);
#1194=DIRECTION('',(0.E0,1.E0,0.E0));
#1195=VECTOR('',#1194,6.4E-2);
#1196=CARTESIAN_POINT('',(-7.7E-1,-4.4E-1,-8.8E-1));
#1197=LINE('',#1196,#1195);
#1198=DIRECTION('',(4.997224534896E-1,-8.661855860486E-1,0.E0));
#1199=VECTOR('',#1198,3.001666203961E-2);
#1200=CARTESIAN_POINT('',(-7.85E-1,-3.5E-1,-8.8E-1));
#1201=LINE('',#1200,#1199);
#1202=DIRECTION('',(0.E0,-1.E0,0.E0));
#1203=VECTOR('',#1202,1.2E-1);
#1204=CARTESIAN_POINT('',(-7.85E-1,-2.3E-1,-8.8E-1));
#1205=LINE('',#1204,#1203);
#1206=DIRECTION('',(1.E0,0.E0,0.E0));
#1207=VECTOR('',#1206,1.9E-1);
#1208=CARTESIAN_POINT('',(-9.75E-1,-2.3E-1,-8.8E-1));
#1209=LINE('',#1208,#1207);
#1210=DIRECTION('',(0.E0,1.E0,0.E0));
#1211=VECTOR('',#1210,1.2E-1);
#1212=CARTESIAN_POINT('',(-9.75E-1,-3.5E-1,-8.8E-1));
#1213=LINE('',#1212,#1211);
#1214=DIRECTION('',(-1.E0,0.E0,0.E0));
#1215=VECTOR('',#1214,9.E-2);
#1216=CARTESIAN_POINT('',(-8.85E-1,-3.5E-1,-8.8E-1));
#1217=LINE('',#1216,#1215);
#1218=DIRECTION('',(1.E0,0.E0,0.E0));
#1219=VECTOR('',#1218,3.45E-1);
#1220=CARTESIAN_POINT('',(-1.5E0,-2.8E-1,-8.8E-1));
#1221=LINE('',#1220,#1219);
#1222=DIRECTION('',(0.E0,-1.E0,0.E0));
#1223=VECTOR('',#1222,2.2E-1);
#1224=CARTESIAN_POINT('',(-1.155E0,-6.E-2,-8.8E-1));
#1225=LINE('',#1224,#1223);
#1226=DIRECTION('',(-1.E0,0.E0,0.E0));
#1227=VECTOR('',#1226,4.75E-1);
#1228=CARTESIAN_POINT('',(-6.8E-1,-6.E-2,-8.8E-1));
#1229=LINE('',#1228,#1227);
#1230=DIRECTION('',(-4.472135955E-1,8.944271909999E-1,0.E0));
#1231=VECTOR('',#1230,1.118033988750E-1);
#1232=CARTESIAN_POINT('',(-6.3E-1,-1.6E-1,-8.8E-1));
#1233=LINE('',#1232,#1231);
#1234=DIRECTION('',(0.E0,1.E0,0.E0));
#1235=VECTOR('',#1234,2.8E-1);
#1236=CARTESIAN_POINT('',(-6.3E-1,-4.4E-1,-8.8E-1));
#1237=LINE('',#1236,#1235);
#1238=DIRECTION('',(-1.E0,0.E0,0.E0));
#1239=VECTOR('',#1238,4.E-2);
#1240=CARTESIAN_POINT('',(-5.9E-1,-4.4E-1,-8.8E-1));
#1241=LINE('',#1240,#1239);
#1242=DIRECTION('',(-1.E0,0.E0,0.E0));
#1243=VECTOR('',#1242,6.85E-1);
#1244=CARTESIAN_POINT('',(-5.5E-1,0.E0,-8.8E-1));
#1245=LINE('',#1244,#1243);
#1246=DIRECTION('',(0.E0,-1.E0,0.E0));
#1247=VECTOR('',#1246,2.5E-1);
#1248=CARTESIAN_POINT('',(-1.235E0,0.E0,-8.8E-1));
#1249=LINE('',#1248,#1247);
#1250=DIRECTION('',(1.E0,0.E0,0.E0));
#1251=VECTOR('',#1250,1.5E-1);
#1252=CARTESIAN_POINT('',(-1.5E0,-5.1E-1,-8.8E-1));
#1253=LINE('',#1252,#1251);
#1254=DIRECTION('',(1.E0,0.E0,0.E0));
#1255=VECTOR('',#1254,1.5E-1);
#1256=CARTESIAN_POINT('',(-1.5E0,-5.4E-1,-8.8E-1));
#1257=LINE('',#1256,#1255);
#1258=DIRECTION('',(0.E0,1.E0,0.E0));
#1259=VECTOR('',#1258,3.E-2);
#1260=CARTESIAN_POINT('',(-1.35E0,-5.4E-1,-8.8E-1));
#1261=LINE('',#1260,#1259);
#1262=DIRECTION('',(-1.110223024625E-14,0.E0,-1.E0));
#1263=VECTOR('',#1262,1.E-2);
#1264=CARTESIAN_POINT('',(-8.1E-1,-3.8E-1,-6.3E-1));
#1265=LINE('',#1264,#1263);
#1266=DIRECTION('',(0.E0,1.E0,0.E0));
#1267=VECTOR('',#1266,2.5E-1);
#1268=CARTESIAN_POINT('',(-8.1E-1,-3.8E-1,-6.3E-1));
#1269=LINE('',#1268,#1267);
#1270=DIRECTION('',(0.E0,-7.071067811865E-1,-7.071067811865E-1));
#1271=VECTOR('',#1270,8.485281374239E-2);
#1272=CARTESIAN_POINT('',(-8.1E-1,-4.8E-1,-7.4E-1));
#1273=LINE('',#1272,#1271);
#1274=DIRECTION('',(0.E0,1.E0,0.E0));
#1275=VECTOR('',#1274,4.E-2);
#1276=CARTESIAN_POINT('',(-8.1E-1,-4.8E-1,-7.4E-1));
#1277=LINE('',#1276,#1275);
#1278=DIRECTION('',(0.E0,0.E0,1.E0));
#1279=VECTOR('',#1278,8.E-2);
#1280=CARTESIAN_POINT('',(-8.1E-1,-5.4E-1,-8.8E-1));
#1281=LINE('',#1280,#1279);
#1282=DIRECTION('',(0.E0,0.E0,-1.E0));
#1283=VECTOR('',#1282,1.1E-1);
#1284=CARTESIAN_POINT('',(-8.65E-1,-3.8E-1,-6.3E-1));
#1285=LINE('',#1284,#1283);
#1286=DIRECTION('',(0.E0,0.E0,-1.E0));
#1287=VECTOR('',#1286,1.1E-1);
#1288=CARTESIAN_POINT('',(-9.45E-1,-3.E-1,-6.3E-1));
#1289=LINE('',#1288,#1287);
#1290=DIRECTION('',(0.E0,0.E0,-1.E0));
#1291=VECTOR('',#1290,1.1E-1);
#1292=CARTESIAN_POINT('',(-1.295E0,-3.E-1,-6.3E-1));
#1293=LINE('',#1292,#1291);
#1294=DIRECTION('',(0.E0,0.E0,-1.E0));
#1295=VECTOR('',#1294,2.973770030358E-2);
#1296=CARTESIAN_POINT('',(-1.295E0,-4.73E-1,6.197377003036E-1));
#1297=LINE('',#1296,#1295);
#1298=DIRECTION('',(0.E0,0.E0,-1.E0));
#1299=VECTOR('',#1298,1.202622996964E-1);
#1300=CARTESIAN_POINT('',(-1.295E0,-4.73E-1,7.4E-1));
#1301=LINE('',#1300,#1299);
#1302=DIRECTION('',(0.E0,1.E0,0.E0));
#1303=VECTOR('',#1302,1.7E-1);
#1304=CARTESIAN_POINT('',(-1.295E0,-3.E-1,6.3E-1));
#1305=LINE('',#1304,#1303);
#1306=DIRECTION('',(0.E0,1.E0,0.E0));
#1307=VECTOR('',#1306,3.43E-1);
#1308=CARTESIAN_POINT('',(-1.295E0,-4.73E-1,5.9E-1));
#1309=LINE('',#1308,#1307);
#1310=DIRECTION('',(0.E0,0.E0,-1.E0));
#1311=VECTOR('',#1310,2.973770030358E-2);
#1312=CARTESIAN_POINT('',(-1.295E0,-4.73E-1,-5.9E-1));
#1313=LINE('',#1312,#1311);
#1314=DIRECTION('',(0.E0,1.E0,0.E0));
#1315=VECTOR('',#1314,3.43E-1);
#1316=CARTESIAN_POINT('',(-1.295E0,-4.73E-1,-5.9E-1));
#1317=LINE('',#1316,#1315);
#1318=DIRECTION('',(0.E0,0.E0,-1.E0));
#1319=VECTOR('',#1318,1.202622996964E-1);
#1320=CARTESIAN_POINT('',(-1.295E0,-4.73E-1,-6.197377003036E-1));
#1321=LINE('',#1320,#1319);
#1322=DIRECTION('',(6.644455462234E-1,2.967856773131E-1,-6.858792735210E-1));
#1323=VECTOR('',#1322,4.335704759079E-2);
#1324=CARTESIAN_POINT('',(-1.295E0,-4.73E-1,6.197377003036E-1));
#1325=LINE('',#1324,#1323);
#1326=CARTESIAN_POINT('',(-1.266191602831E0,-5.792971553154E-1,5.9E-1));
#1327=CARTESIAN_POINT('',(-1.271086098382E0,-5.823701894868E-1,
5.950523825047E-1));
#1328=CARTESIAN_POINT('',(-1.276089648333E0,-5.850219024803E-1,
6.002173372924E-1));
#1329=CARTESIAN_POINT('',(-1.281191602831E0,-5.872934389739E-1,
6.054838709677E-1));
#1331=DIRECTION('',(-6.646337376450E-1,-2.959140052234E-1,6.860735356335E-1));
#1332=VECTOR('',#1331,2.106423313629E-1);
#1333=CARTESIAN_POINT('',(-1.281191602831E0,-5.872934389739E-1,
6.054838709677E-1));
#1334=LINE('',#1333,#1332);
#1335=DIRECTION('',(6.644455462234E-1,2.967856773131E-1,-6.858792735210E-1));
#1336=VECTOR('',#1335,1.899201575632E-1);
#1337=CARTESIAN_POINT('',(-1.421191602831E0,-5.293655825978E-1,7.5E-1));
#1338=LINE('',#1337,#1336);
#1339=DIRECTION('',(-9.130569412035E-1,-4.078321004042E-1,0.E0));
#1340=VECTOR('',#1339,2.607547907989E-2);
#1341=CARTESIAN_POINT('',(-1.421191602831E0,-5.293655825978E-1,7.5E-1));
#1342=LINE('',#1341,#1340);
#1343=DIRECTION('',(9.130569412035E-1,4.078321004042E-1,0.E0));
#1344=VECTOR('',#1343,1.716392602020E-2);
#1345=CARTESIAN_POINT('',(-1.310671641791E0,-4.8E-1,7.4E-1));
#1346=LINE('',#1345,#1344);
#1347=DIRECTION('',(-6.644455462234E-1,-2.967856773131E-1,-6.858792735210E-1));
#1348=VECTOR('',#1347,1.899201575632E-1);
#1349=CARTESIAN_POINT('',(-1.295E0,-4.73E-1,-6.197377003036E-1));
#1350=LINE('',#1349,#1348);
#1351=DIRECTION('',(-8.454495426440E-1,-3.776341290476E-1,-3.776341290476E-1));
#1352=VECTOR('',#1351,1.588839444976E-1);
#1353=CARTESIAN_POINT('',(-1.310671641791E0,-4.8E-1,-7.4E-1));
#1354=LINE('',#1353,#1352);
#1355=DIRECTION('',(-9.130569412035E-1,-4.078321004042E-1,0.E0));
#1356=VECTOR('',#1355,2.607547907989E-2);
#1357=CARTESIAN_POINT('',(-1.421191602831E0,-5.293655825978E-1,-7.5E-1));
#1358=LINE('',#1357,#1356);
#1359=DIRECTION('',(0.E0,7.071067811865E-1,-7.071067811865E-1));
#1360=VECTOR('',#1359,8.485281374239E-2);
#1361=CARTESIAN_POINT('',(-8.85E-1,-5.4E-1,8.E-1));
#1362=LINE('',#1361,#1360);
#1363=DIRECTION('',(-7.377371622247E-1,-4.773593402630E-1,4.773593402630E-1));
#1364=VECTOR('',#1363,5.573112609518E-2);
#1365=CARTESIAN_POINT('',(-1.308885077187E0,-4.8E-1,7.4E-1));
#1366=LINE('',#1365,#1364);
#1367=DIRECTION('',(-8.454495426440E-1,-3.776341290476E-1,3.776341290476E-1));
#1368=VECTOR('',#1367,1.588839444976E-1);
#1369=CARTESIAN_POINT('',(-1.310671641791E0,-4.8E-1,7.4E-1));
#1370=LINE('',#1369,#1368);
#1371=DIRECTION('',(0.E0,7.071067811865E-1,-7.071067811865E-1));
#1372=VECTOR('',#1371,4.722939632831E-2);
#1373=CARTESIAN_POINT('',(-1.35E0,-5.4E-1,8.E-1));
#1374=LINE('',#1373,#1372);
#1375=DIRECTION('',(-1.110223024625E-14,0.E0,1.E0));
#1376=VECTOR('',#1375,1.E-2);
#1377=CARTESIAN_POINT('',(-8.1E-1,-3.8E-1,6.3E-1));
#1378=LINE('',#1377,#1376);
#1379=DIRECTION('',(0.E0,1.E0,0.E0));
#1380=VECTOR('',#1379,2.5E-1);
#1381=CARTESIAN_POINT('',(-8.1E-1,-3.8E-1,6.4E-1));
#1382=LINE('',#1381,#1380);
#1383=DIRECTION('',(0.E0,7.071067811865E-1,-7.071067811865E-1));
#1384=VECTOR('',#1383,8.485281374239E-2);
#1385=CARTESIAN_POINT('',(-8.1E-1,-5.4E-1,8.E-1));
#1386=LINE('',#1385,#1384);
#1387=DIRECTION('',(-1.387778780781E-14,0.E0,1.E0));
#1388=VECTOR('',#1387,8.E-2);
#1389=CARTESIAN_POINT('',(-8.1E-1,-5.4E-1,8.E-1));
#1390=LINE('',#1389,#1388);
#1391=DIRECTION('',(-1.942890293094E-14,1.E0,0.E0));
#1392=VECTOR('',#1391,4.E-2);
#1393=CARTESIAN_POINT('',(-8.1E-1,-4.8E-1,7.4E-1));
#1394=LINE('',#1393,#1392);
#1395=DIRECTION('',(0.E0,0.E0,1.E0));
#1396=VECTOR('',#1395,1.1E-1);
#1397=CARTESIAN_POINT('',(-8.65E-1,-3.8E-1,6.3E-1));
#1398=LINE('',#1397,#1396);
#1399=DIRECTION('',(1.E0,0.E0,0.E0));
#1400=VECTOR('',#1399,3.5E-1);
#1401=CARTESIAN_POINT('',(-1.295E0,-3.E-1,6.3E-1));
#1402=LINE('',#1401,#1400);
#1403=DIRECTION('',(7.071067811865E-1,-7.071067811865E-1,0.E0));
#1404=VECTOR('',#1403,1.131370849898E-1);
#1405=CARTESIAN_POINT('',(-9.45E-1,-3.E-1,6.3E-1));
#1406=LINE('',#1405,#1404);
#1407=DIRECTION('',(1.E0,0.E0,0.E0));
#1408=VECTOR('',#1407,5.5E-2);
#1409=CARTESIAN_POINT('',(-8.65E-1,-3.8E-1,6.3E-1));
#1410=LINE('',#1409,#1408);
#1411=DIRECTION('',(0.E0,1.E0,0.E0));
#1412=VECTOR('',#1411,2.5E-1);
#1413=CARTESIAN_POINT('',(-8.1E-1,-3.8E-1,6.3E-1));
#1414=LINE('',#1413,#1412);
#1415=DIRECTION('',(0.E0,0.E0,1.E0));
#1416=VECTOR('',#1415,1.1E-1);
#1417=CARTESIAN_POINT('',(-1.295E0,-3.E-1,6.3E-1));
#1418=LINE('',#1417,#1416);
#1419=DIRECTION('',(0.E0,0.E0,1.E0));
#1420=VECTOR('',#1419,1.1E-1);
#1421=CARTESIAN_POINT('',(-9.45E-1,-3.E-1,6.3E-1));
#1422=LINE('',#1421,#1420);
#1423=DIRECTION('',(1.E0,0.E0,0.E0));
#1424=VECTOR('',#1423,1.6E0);
#1425=CARTESIAN_POINT('',(-8.E-1,-1.3E-1,3.4E-1));
#1426=LINE('',#1425,#1424);
#1427=DIRECTION('',(0.E0,0.E0,1.E0));
#1428=VECTOR('',#1427,6.8E-1);
#1429=CARTESIAN_POINT('',(-8.E-1,-1.3E-1,-3.4E-1));
#1430=LINE('',#1429,#1428);
#1431=DIRECTION('',(-1.E0,0.E0,0.E0));
#1432=VECTOR('',#1431,1.6E0);
#1433=CARTESIAN_POINT('',(8.E-1,-1.3E-1,-3.4E-1));
#1434=LINE('',#1433,#1432);
#1435=DIRECTION('',(0.E0,0.E0,-1.E0));
#1436=VECTOR('',#1435,6.8E-1);
#1437=CARTESIAN_POINT('',(8.E-1,-1.3E-1,3.4E-1));
#1438=LINE('',#1437,#1436);
#1439=DIRECTION('',(1.E0,0.E0,0.E0));
#1440=VECTOR('',#1439,8.5E-2);
#1441=CARTESIAN_POINT('',(-1.295E0,-1.3E-1,-5.9E-1));
#1442=LINE('',#1441,#1440);
#1443=DIRECTION('',(0.E0,0.E0,1.E0));
#1444=VECTOR('',#1443,4.E-1);
#1445=CARTESIAN_POINT('',(-1.21E0,-1.3E-1,-5.9E-1));
#1446=LINE('',#1445,#1444);
#1447=DIRECTION('',(1.E0,0.E0,0.E0));
#1448=VECTOR('',#1447,5.E-2);
#1449=CARTESIAN_POINT('',(-1.21E0,-1.3E-1,-1.9E-1));
#1450=LINE('',#1449,#1448);
#1451=DIRECTION('',(0.E0,0.E0,1.E0));
#1452=VECTOR('',#1451,3.8E-1);
#1453=CARTESIAN_POINT('',(-1.16E0,-1.3E-1,-1.9E-1));
#1454=LINE('',#1453,#1452);
#1455=DIRECTION('',(1.E0,0.E0,0.E0));
#1456=VECTOR('',#1455,5.E-2);
#1457=CARTESIAN_POINT('',(-1.21E0,-1.3E-1,1.9E-1));
#1458=LINE('',#1457,#1456);
#1459=DIRECTION('',(0.E0,0.E0,1.E0));
#1460=VECTOR('',#1459,4.E-1);
#1461=CARTESIAN_POINT('',(-1.21E0,-1.3E-1,1.9E-1));
#1462=LINE('',#1461,#1460);
#1463=DIRECTION('',(1.E0,0.E0,0.E0));
#1464=VECTOR('',#1463,8.5E-2);
#1465=CARTESIAN_POINT('',(-1.295E0,-1.3E-1,5.9E-1));
#1466=LINE('',#1465,#1464);
#1467=DIRECTION('',(0.E0,0.E0,-1.E0));
#1468=VECTOR('',#1467,4.E-2);
#1469=CARTESIAN_POINT('',(-1.295E0,-1.3E-1,6.3E-1));
#1470=LINE('',#1469,#1468);
#1471=DIRECTION('',(-1.E0,0.E0,0.E0));
#1472=VECTOR('',#1471,4.85E-1);
#1473=CARTESIAN_POINT('',(-8.1E-1,-1.3E-1,6.3E-1));
#1474=LINE('',#1473,#1472);
#1475=DIRECTION('',(-2.220446049250E-14,0.E0,-1.E0));
#1476=VECTOR('',#1475,1.E-2);
#1477=CARTESIAN_POINT('',(-8.1E-1,-1.3E-1,6.4E-1));
#1478=LINE('',#1477,#1476);
#1479=DIRECTION('',(-1.E0,0.E0,0.E0));
#1480=VECTOR('',#1479,4.E-1);
#1481=CARTESIAN_POINT('',(-4.1E-1,-1.3E-1,6.4E-1));
#1482=LINE('',#1481,#1480);
#1483=DIRECTION('',(0.E0,0.E0,1.E0));
#1484=VECTOR('',#1483,1.5E-2);
#1485=CARTESIAN_POINT('',(-4.1E-1,-1.3E-1,6.25E-1));
#1486=LINE('',#1485,#1484);
#1487=DIRECTION('',(1.E0,0.E0,0.E0));
#1488=VECTOR('',#1487,1.2E-1);
#1489=CARTESIAN_POINT('',(-4.1E-1,-1.3E-1,6.25E-1));
#1490=LINE('',#1489,#1488);
#1491=DIRECTION('',(0.E0,0.E0,1.E0));
#1492=VECTOR('',#1491,1.5E-2);
#1493=CARTESIAN_POINT('',(-2.9E-1,-1.3E-1,6.25E-1));
#1494=LINE('',#1493,#1492);
#1495=DIRECTION('',(-1.E0,0.E0,0.E0));
#1496=VECTOR('',#1495,2.3E-1);
#1497=CARTESIAN_POINT('',(-6.E-2,-1.3E-1,6.4E-1));
#1498=LINE('',#1497,#1496);
#1499=DIRECTION('',(0.E0,0.E0,1.E0));
#1500=VECTOR('',#1499,1.5E-2);
#1501=CARTESIAN_POINT('',(-6.E-2,-1.3E-1,6.25E-1));
#1502=LINE('',#1501,#1500);
#1503=DIRECTION('',(1.E0,0.E0,0.E0));
#1504=VECTOR('',#1503,1.2E-1);
#1505=CARTESIAN_POINT('',(-6.E-2,-1.3E-1,6.25E-1));
#1506=LINE('',#1505,#1504);
#1507=DIRECTION('',(0.E0,0.E0,1.E0));
#1508=VECTOR('',#1507,1.5E-2);
#1509=CARTESIAN_POINT('',(6.E-2,-1.3E-1,6.25E-1));
#1510=LINE('',#1509,#1508);
#1511=DIRECTION('',(-1.E0,0.E0,0.E0));
#1512=VECTOR('',#1511,2.3E-1);
#1513=CARTESIAN_POINT('',(2.9E-1,-1.3E-1,6.4E-1));
#1514=LINE('',#1513,#1512);
#1515=DIRECTION('',(0.E0,0.E0,1.E0));
#1516=VECTOR('',#1515,1.5E-2);
#1517=CARTESIAN_POINT('',(2.9E-1,-1.3E-1,6.25E-1));
#1518=LINE('',#1517,#1516);
#1519=DIRECTION('',(1.E0,0.E0,0.E0));
#1520=VECTOR('',#1519,1.2E-1);
#1521=CARTESIAN_POINT('',(2.9E-1,-1.3E-1,6.25E-1));
#1522=LINE('',#1521,#1520);
#1523=DIRECTION('',(0.E0,0.E0,1.E0));
#1524=VECTOR('',#1523,1.5E-2);
#1525=CARTESIAN_POINT('',(4.1E-1,-1.3E-1,6.25E-1));
#1526=LINE('',#1525,#1524);
#1527=DIRECTION('',(-1.E0,0.E0,0.E0));
#1528=VECTOR('',#1527,4.E-1);
#1529=CARTESIAN_POINT('',(8.1E-1,-1.3E-1,6.4E-1));
#1530=LINE('',#1529,#1528);
#1531=DIRECTION('',(0.E0,0.E0,1.E0));
#1532=VECTOR('',#1531,1.E-2);
#1533=CARTESIAN_POINT('',(8.1E-1,-1.3E-1,6.3E-1));
#1534=LINE('',#1533,#1532);
#1535=DIRECTION('',(-1.E0,0.E0,0.E0));
#1536=VECTOR('',#1535,4.85E-1);
#1537=CARTESIAN_POINT('',(1.295E0,-1.3E-1,6.3E-1));
#1538=LINE('',#1537,#1536);
#1539=DIRECTION('',(0.E0,0.E0,1.E0));
#1540=VECTOR('',#1539,4.E-2);
#1541=CARTESIAN_POINT('',(1.295E0,-1.3E-1,5.9E-1));
#1542=LINE('',#1541,#1540);
#1543=DIRECTION('',(1.E0,0.E0,0.E0));
#1544=VECTOR('',#1543,8.5E-2);
#1545=CARTESIAN_POINT('',(1.21E0,-1.3E-1,5.9E-1));
#1546=LINE('',#1545,#1544);
#1547=DIRECTION('',(0.E0,0.E0,1.E0));
#1548=VECTOR('',#1547,4.E-1);
#1549=CARTESIAN_POINT('',(1.21E0,-1.3E-1,1.9E-1));
#1550=LINE('',#1549,#1548);
#1551=DIRECTION('',(1.E0,0.E0,0.E0));
#1552=VECTOR('',#1551,5.E-2);
#1553=CARTESIAN_POINT('',(1.16E0,-1.3E-1,1.9E-1));
#1554=LINE('',#1553,#1552);
#1555=DIRECTION('',(0.E0,0.E0,1.E0));
#1556=VECTOR('',#1555,3.8E-1);
#1557=CARTESIAN_POINT('',(1.16E0,-1.3E-1,-1.9E-1));
#1558=LINE('',#1557,#1556);
#1559=DIRECTION('',(1.E0,0.E0,0.E0));
#1560=VECTOR('',#1559,5.E-2);
#1561=CARTESIAN_POINT('',(1.16E0,-1.3E-1,-1.9E-1));
#1562=LINE('',#1561,#1560);
#1563=DIRECTION('',(0.E0,0.E0,1.E0));
#1564=VECTOR('',#1563,4.E-1);
#1565=CARTESIAN_POINT('',(1.21E0,-1.3E-1,-5.9E-1));
#1566=LINE('',#1565,#1564);
#1567=DIRECTION('',(1.E0,0.E0,0.E0));
#1568=VECTOR('',#1567,8.5E-2);
#1569=CARTESIAN_POINT('',(1.21E0,-1.3E-1,-5.9E-1));
#1570=LINE('',#1569,#1568);
#1571=DIRECTION('',(0.E0,0.E0,1.E0));
#1572=VECTOR('',#1571,4.E-2);
#1573=CARTESIAN_POINT('',(1.295E0,-1.3E-1,-6.3E-1));
#1574=LINE('',#1573,#1572);
#1575=DIRECTION('',(1.E0,0.E0,0.E0));
#1576=VECTOR('',#1575,4.85E-1);
#1577=CARTESIAN_POINT('',(8.1E-1,-1.3E-1,-6.3E-1));
#1578=LINE('',#1577,#1576);
#1579=DIRECTION('',(0.E0,0.E0,1.E0));
#1580=VECTOR('',#1579,1.E-2);
#1581=CARTESIAN_POINT('',(8.1E-1,-1.3E-1,-6.4E-1));
#1582=LINE('',#1581,#1580);
#1583=DIRECTION('',(1.E0,0.E0,0.E0));
#1584=VECTOR('',#1583,4.E-1);
#1585=CARTESIAN_POINT('',(4.1E-1,-1.3E-1,-6.4E-1));
#1586=LINE('',#1585,#1584);
#1587=DIRECTION('',(0.E0,0.E0,1.E0));
#1588=VECTOR('',#1587,1.5E-2);
#1589=CARTESIAN_POINT('',(4.1E-1,-1.3E-1,-6.4E-1));
#1590=LINE('',#1589,#1588);
#1591=DIRECTION('',(1.E0,0.E0,0.E0));
#1592=VECTOR('',#1591,1.2E-1);
#1593=CARTESIAN_POINT('',(2.9E-1,-1.3E-1,-6.25E-1));
#1594=LINE('',#1593,#1592);
#1595=DIRECTION('',(0.E0,0.E0,1.E0));
#1596=VECTOR('',#1595,1.5E-2);
#1597=CARTESIAN_POINT('',(2.9E-1,-1.3E-1,-6.4E-1));
#1598=LINE('',#1597,#1596);
#1599=DIRECTION('',(1.E0,0.E0,0.E0));
#1600=VECTOR('',#1599,2.3E-1);
#1601=CARTESIAN_POINT('',(6.E-2,-1.3E-1,-6.4E-1));
#1602=LINE('',#1601,#1600);
#1603=DIRECTION('',(0.E0,0.E0,1.E0));
#1604=VECTOR('',#1603,1.5E-2);
#1605=CARTESIAN_POINT('',(6.E-2,-1.3E-1,-6.4E-1));
#1606=LINE('',#1605,#1604);
#1607=DIRECTION('',(1.E0,0.E0,0.E0));
#1608=VECTOR('',#1607,1.2E-1);
#1609=CARTESIAN_POINT('',(-6.E-2,-1.3E-1,-6.25E-1));
#1610=LINE('',#1609,#1608);
#1611=DIRECTION('',(0.E0,0.E0,1.E0));
#1612=VECTOR('',#1611,1.5E-2);
#1613=CARTESIAN_POINT('',(-6.E-2,-1.3E-1,-6.4E-1));
#1614=LINE('',#1613,#1612);
#1615=DIRECTION('',(1.E0,0.E0,0.E0));
#1616=VECTOR('',#1615,2.3E-1);
#1617=CARTESIAN_POINT('',(-2.9E-1,-1.3E-1,-6.4E-1));
#1618=LINE('',#1617,#1616);
#1619=DIRECTION('',(0.E0,0.E0,1.E0));
#1620=VECTOR('',#1619,1.5E-2);
#1621=CARTESIAN_POINT('',(-2.9E-1,-1.3E-1,-6.4E-1));
#1622=LINE('',#1621,#1620);
#1623=DIRECTION('',(1.E0,0.E0,0.E0));
#1624=VECTOR('',#1623,1.2E-1);
#1625=CARTESIAN_POINT('',(-4.1E-1,-1.3E-1,-6.25E-1));
#1626=LINE('',#1625,#1624);
#1627=DIRECTION('',(0.E0,0.E0,1.E0));
#1628=VECTOR('',#1627,1.5E-2);
#1629=CARTESIAN_POINT('',(-4.1E-1,-1.3E-1,-6.4E-1));
#1630=LINE('',#1629,#1628);
#1631=DIRECTION('',(1.E0,0.E0,0.E0));
#1632=VECTOR('',#1631,4.E-1);
#1633=CARTESIAN_POINT('',(-8.1E-1,-1.3E-1,-6.4E-1));
#1634=LINE('',#1633,#1632);
#1635=DIRECTION('',(0.E0,0.E0,-1.E0));
#1636=VECTOR('',#1635,1.E-2);
#1637=CARTESIAN_POINT('',(-8.1E-1,-1.3E-1,-6.3E-1));
#1638=LINE('',#1637,#1636);
#1639=DIRECTION('',(1.E0,0.E0,0.E0));
#1640=VECTOR('',#1639,4.85E-1);
#1641=CARTESIAN_POINT('',(-1.295E0,-1.3E-1,-6.3E-1));
#1642=LINE('',#1641,#1640);
#1643=DIRECTION('',(0.E0,0.E0,-1.E0));
#1644=VECTOR('',#1643,4.E-2);
#1645=CARTESIAN_POINT('',(-1.295E0,-1.3E-1,-5.9E-1));
#1646=LINE('',#1645,#1644);
#1647=DIRECTION('',(7.556890827898E-1,6.549305384178E-1,0.E0));
#1648=VECTOR('',#1647,2.977414986192E-1);
#1649=CARTESIAN_POINT('',(5.75E-1,-5.6E-1,3.4E-1));
#1650=LINE('',#1649,#1648);
#1651=DIRECTION('',(7.556890827898E-1,-6.549305384178E-1,0.E0));
#1652=VECTOR('',#1651,2.977414986192E-1);
#1653=CARTESIAN_POINT('',(-8.E-1,-3.65E-1,3.4E-1));
#1654=LINE('',#1653,#1652);
#1655=DIRECTION('',(0.E0,1.E0,0.E0));
#1656=VECTOR('',#1655,2.35E-1);
#1657=CARTESIAN_POINT('',(-8.E-1,-3.65E-1,3.4E-1));
#1658=LINE('',#1657,#1656);
#1659=DIRECTION('',(0.E0,-1.E0,0.E0));
#1660=VECTOR('',#1659,2.35E-1);
#1661=CARTESIAN_POINT('',(8.E-1,-1.3E-1,3.4E-1));
#1662=LINE('',#1661,#1660);
#1663=DIRECTION('',(0.E0,-1.E0,0.E0));
#1664=VECTOR('',#1663,1.961175087897E-1);
#1665=CARTESIAN_POINT('',(2.9E-1,-3.116321350842E-1,3.4E-1));
#1666=LINE('',#1665,#1664);
#1667=DIRECTION('',(1.E0,0.E0,0.E0));
#1668=VECTOR('',#1667,1.2E-1);
#1669=CARTESIAN_POINT('',(2.9E-1,-5.077496438739E-1,3.4E-1));
#1670=LINE('',#1669,#1668);
#1671=DIRECTION('',(0.E0,-1.E0,0.E0));
#1672=VECTOR('',#1671,1.961175087897E-1);
#1673=CARTESIAN_POINT('',(4.1E-1,-3.116321350842E-1,3.4E-1));
#1674=LINE('',#1673,#1672);
#1675=DIRECTION('',(-1.E0,0.E0,0.E0));
#1676=VECTOR('',#1675,1.2E-1);
#1677=CARTESIAN_POINT('',(4.1E-1,-3.116321350842E-1,3.4E-1));
#1678=LINE('',#1677,#1676);
#1679=DIRECTION('',(0.E0,-1.E0,0.E0));
#1680=VECTOR('',#1679,1.961175087897E-1);
#1681=CARTESIAN_POINT('',(-6.E-2,-3.116321350842E-1,3.4E-1));
#1682=LINE('',#1681,#1680);
#1683=DIRECTION('',(1.E0,0.E0,0.E0));
#1684=VECTOR('',#1683,1.2E-1);
#1685=CARTESIAN_POINT('',(-6.E-2,-5.077496438739E-1,3.4E-1));
#1686=LINE('',#1685,#1684);
#1687=DIRECTION('',(0.E0,-1.E0,0.E0));
#1688=VECTOR('',#1687,1.961175087897E-1);
#1689=CARTESIAN_POINT('',(6.E-2,-3.116321350842E-1,3.4E-1));
#1690=LINE('',#1689,#1688);
#1691=DIRECTION('',(1.E0,0.E0,0.E0));
#1692=VECTOR('',#1691,1.2E-1);
#1693=CARTESIAN_POINT('',(-6.E-2,-3.116321350842E-1,3.4E-1));
#1694=LINE('',#1693,#1692);
#1695=DIRECTION('',(0.E0,-1.E0,0.E0));
#1696=VECTOR('',#1695,1.961175087897E-1);
#1697=CARTESIAN_POINT('',(-4.1E-1,-3.116321350842E-1,3.4E-1));
#1698=LINE('',#1697,#1696);
#1699=DIRECTION('',(1.E0,0.E0,0.E0));
#1700=VECTOR('',#1699,1.2E-1);
#1701=CARTESIAN_POINT('',(-4.1E-1,-5.077496438739E-1,3.4E-1));
#1702=LINE('',#1701,#1700);
#1703=DIRECTION('',(0.E0,-1.E0,0.E0));
#1704=VECTOR('',#1703,1.961175087897E-1);
#1705=CARTESIAN_POINT('',(-2.9E-1,-3.116321350842E-1,3.4E-1));
#1706=LINE('',#1705,#1704);
#1707=DIRECTION('',(1.E0,0.E0,0.E0));
#1708=VECTOR('',#1707,1.2E-1);
#1709=CARTESIAN_POINT('',(-4.1E-1,-3.116321350842E-1,3.4E-1));
#1710=LINE('',#1709,#1708);
#1711=DIRECTION('',(0.E0,0.E0,1.E0));
#1712=VECTOR('',#1711,6.8E-1);
#1713=CARTESIAN_POINT('',(8.E-1,-3.65E-1,-3.4E-1));
#1714=LINE('',#1713,#1712);
#1715=DIRECTION('',(0.E0,-1.E0,0.E0));
#1716=VECTOR('',#1715,2.35E-1);
#1717=CARTESIAN_POINT('',(8.E-1,-1.3E-1,-3.4E-1));
#1718=LINE('',#1717,#1716);
#1719=DIRECTION('',(-7.556890827898E-1,-6.549305384178E-1,0.E0));
#1720=VECTOR('',#1719,2.977414986192E-1);
#1721=CARTESIAN_POINT('',(8.E-1,-3.65E-1,-3.4E-1));
#1722=LINE('',#1721,#1720);
#1723=DIRECTION('',(0.E0,-1.E0,0.E0));
#1724=VECTOR('',#1723,2.35E-1);
#1725=CARTESIAN_POINT('',(-8.E-1,-1.3E-1,-3.4E-1));
#1726=LINE('',#1725,#1724);
#1727=DIRECTION('',(-7.556890827898E-1,6.549305384178E-1,0.E0));
#1728=VECTOR('',#1727,2.977414986192E-1);
#1729=CARTESIAN_POINT('',(-5.75E-1,-5.6E-1,-3.4E-1));
#1730=LINE('',#1729,#1728);
#1731=DIRECTION('',(0.E0,-1.E0,0.E0));
#1732=VECTOR('',#1731,1.961175087897E-1);
#1733=CARTESIAN_POINT('',(2.9E-1,-3.116321350842E-1,-3.4E-1));
#1734=LINE('',#1733,#1732);
#1735=DIRECTION('',(-1.E0,0.E0,0.E0));
#1736=VECTOR('',#1735,1.2E-1);
#1737=CARTESIAN_POINT('',(4.1E-1,-3.116321350842E-1,-3.4E-1));
#1738=LINE('',#1737,#1736);
#1739=DIRECTION('',(0.E0,-1.E0,0.E0));
#1740=VECTOR('',#1739,1.961175087897E-1);
#1741=CARTESIAN_POINT('',(4.1E-1,-3.116321350842E-1,-3.4E-1));
#1742=LINE('',#1741,#1740);
#1743=DIRECTION('',(1.E0,0.E0,0.E0));
#1744=VECTOR('',#1743,1.2E-1);
#1745=CARTESIAN_POINT('',(2.9E-1,-5.077496438739E-1,-3.4E-1));
#1746=LINE('',#1745,#1744);
#1747=DIRECTION('',(0.E0,-1.E0,0.E0));
#1748=VECTOR('',#1747,1.961175087897E-1);
#1749=CARTESIAN_POINT('',(-6.E-2,-3.116321350842E-1,-3.4E-1));
#1750=LINE('',#1749,#1748);
#1751=DIRECTION('',(1.E0,0.E0,0.E0));
#1752=VECTOR('',#1751,1.2E-1);
#1753=CARTESIAN_POINT('',(-6.E-2,-3.116321350842E-1,-3.4E-1));
#1754=LINE('',#1753,#1752);
#1755=DIRECTION('',(0.E0,-1.E0,0.E0));
#1756=VECTOR('',#1755,1.961175087897E-1);
#1757=CARTESIAN_POINT('',(6.E-2,-3.116321350842E-1,-3.4E-1));
#1758=LINE('',#1757,#1756);
#1759=DIRECTION('',(1.E0,0.E0,0.E0));
#1760=VECTOR('',#1759,1.2E-1);
#1761=CARTESIAN_POINT('',(-6.E-2,-5.077496438739E-1,-3.4E-1));
#1762=LINE('',#1761,#1760);
#1763=DIRECTION('',(0.E0,-1.E0,0.E0));
#1764=VECTOR('',#1763,1.961175087897E-1);
#1765=CARTESIAN_POINT('',(-4.1E-1,-3.116321350842E-1,-3.4E-1));
#1766=LINE('',#1765,#1764);
#1767=DIRECTION('',(1.E0,0.E0,0.E0));
#1768=VECTOR('',#1767,1.2E-1);
#1769=CARTESIAN_POINT('',(-4.1E-1,-3.116321350842E-1,-3.4E-1));
#1770=LINE('',#1769,#1768);
#1771=DIRECTION('',(0.E0,-1.E0,0.E0));
#1772=VECTOR('',#1771,1.961175087897E-1);
#1773=CARTESIAN_POINT('',(-2.9E-1,-3.116321350842E-1,-3.4E-1));
#1774=LINE('',#1773,#1772);
#1775=DIRECTION('',(1.E0,0.E0,0.E0));
#1776=VECTOR('',#1775,1.2E-1);
#1777=CARTESIAN_POINT('',(-4.1E-1,-5.077496438739E-1,-3.4E-1));
#1778=LINE('',#1777,#1776);
#1779=DIRECTION('',(0.E0,0.E0,-1.E0));
#1780=VECTOR('',#1779,6.8E-1);
#1781=CARTESIAN_POINT('',(-8.E-1,-3.65E-1,3.4E-1));
#1782=LINE('',#1781,#1780);
#1783=DIRECTION('',(0.E0,0.E0,-1.E0));
#1784=VECTOR('',#1783,3.6E-1);
#1785=CARTESIAN_POINT('',(-5.9E-1,-5.6E-1,1.E0));
#1786=LINE('',#1785,#1784);
#1787=DIRECTION('',(-1.E0,0.E0,0.E0));
#1788=VECTOR('',#1787,1.18E0);
#1789=CARTESIAN_POINT('',(5.9E-1,-5.6E-1,1.E0));
#1790=LINE('',#1789,#1788);
#1791=DIRECTION('',(0.E0,0.E0,1.E0));
#1792=VECTOR('',#1791,3.6E-1);
#1793=CARTESIAN_POINT('',(5.9E-1,-5.6E-1,6.4E-1));
#1794=LINE('',#1793,#1792);
#1795=DIRECTION('',(1.E0,0.E0,0.E0));
#1796=VECTOR('',#1795,1.18E0);
#1797=CARTESIAN_POINT('',(-5.9E-1,-5.6E-1,6.4E-1));
#1798=LINE('',#1797,#1796);
#1799=DIRECTION('',(0.E0,0.E0,1.E0));
#1800=VECTOR('',#1799,3.6E-1);
#1801=CARTESIAN_POINT('',(5.9E-1,-5.6E-1,-1.E0));
#1802=LINE('',#1801,#1800);
#1803=DIRECTION('',(1.E0,0.E0,0.E0));
#1804=VECTOR('',#1803,1.18E0);
#1805=CARTESIAN_POINT('',(-5.9E-1,-5.6E-1,-1.E0));
#1806=LINE('',#1805,#1804);
#1807=DIRECTION('',(0.E0,0.E0,-1.E0));
#1808=VECTOR('',#1807,3.6E-1);
#1809=CARTESIAN_POINT('',(-5.9E-1,-5.6E-1,-6.4E-1));
#1810=LINE('',#1809,#1808);
#1811=DIRECTION('',(-1.E0,0.E0,0.E0));
#1812=VECTOR('',#1811,1.18E0);
#1813=CARTESIAN_POINT('',(5.9E-1,-5.6E-1,-6.4E-1));
#1814=LINE('',#1813,#1812);
#1815=DIRECTION('',(0.E0,0.E0,1.E0));
#1816=VECTOR('',#1815,6.8E-1);
#1817=CARTESIAN_POINT('',(5.75E-1,-5.6E-1,-3.4E-1));
#1818=LINE('',#1817,#1816);
#1819=DIRECTION('',(1.E0,0.E0,0.E0));
#1820=VECTOR('',#1819,1.15E0);
#1821=CARTESIAN_POINT('',(-5.75E-1,-5.6E-1,-3.4E-1));
#1822=LINE('',#1821,#1820);
#1823=DIRECTION('',(0.E0,0.E0,-1.E0));
#1824=VECTOR('',#1823,6.8E-1);
#1825=CARTESIAN_POINT('',(-5.75E-1,-5.6E-1,3.4E-1));
#1826=LINE('',#1825,#1824);
#1827=DIRECTION('',(-1.E0,0.E0,0.E0));
#1828=VECTOR('',#1827,1.15E0);
#1829=CARTESIAN_POINT('',(5.75E-1,-5.6E-1,3.4E-1));
#1830=LINE('',#1829,#1828);
#1831=DIRECTION('',(0.E0,0.E0,-1.E0));
#1832=VECTOR('',#1831,1.2E-1);
#1833=CARTESIAN_POINT('',(-5.9E-1,-1.E-1,1.E0));
#1834=LINE('',#1833,#1832);
#1835=DIRECTION('',(1.E0,0.E0,0.E0));
#1836=VECTOR('',#1835,3.15E-1);
#1837=CARTESIAN_POINT('',(-1.55E0,-2.5E-1,1.E0));
#1838=LINE('',#1837,#1836);
#1839=DIRECTION('',(0.E0,-1.E0,0.E0));
#1840=VECTOR('',#1839,2.5E-1);
#1841=CARTESIAN_POINT('',(-1.55E0,0.E0,1.E0));
#1842=LINE('',#1841,#1840);
#1843=DIRECTION('',(0.E0,1.E0,0.E0));
#1844=VECTOR('',#1843,2.5E-1);
#1845=CARTESIAN_POINT('',(-1.235E0,-2.5E-1,1.E0));
#1846=LINE('',#1845,#1844);
#1847=DIRECTION('',(1.E0,0.E0,0.E0));
#1848=VECTOR('',#1847,3.15E-1);
#1849=CARTESIAN_POINT('',(1.235E0,-2.5E-1,1.E0));
#1850=LINE('',#1849,#1848);
#1851=DIRECTION('',(0.E0,1.E0,0.E0));
#1852=VECTOR('',#1851,2.5E-1);
#1853=CARTESIAN_POINT('',(1.235E0,-2.5E-1,1.E0));
#1854=LINE('',#1853,#1852);
#1855=DIRECTION('',(0.E0,-1.E0,0.E0));
#1856=VECTOR('',#1855,2.5E-1);
#1857=CARTESIAN_POINT('',(1.55E0,0.E0,1.E0));
#1858=LINE('',#1857,#1856);
#1859=DIRECTION('',(-1.E0,0.E0,0.E0));
#1860=VECTOR('',#1859,1.18E0);
#1861=CARTESIAN_POINT('',(5.9E-1,-1.E-1,1.E0));
#1862=LINE('',#1861,#1860);
#1863=DIRECTION('',(0.E0,-1.E0,0.E0));
#1864=VECTOR('',#1863,4.6E-1);
#1865=CARTESIAN_POINT('',(5.9E-1,-1.E-1,1.E0));
#1866=LINE('',#1865,#1864);
#1867=DIRECTION('',(0.E0,1.E0,0.E0));
#1868=VECTOR('',#1867,4.6E-1);
#1869=CARTESIAN_POINT('',(-5.9E-1,-5.6E-1,1.E0));
#1870=LINE('',#1869,#1868);
#1871=DIRECTION('',(-1.E0,0.E0,0.E0));
#1872=VECTOR('',#1871,9.E-2);
#1873=CARTESIAN_POINT('',(1.59E0,-2.5E-1,-7.5E-1));
#1874=LINE('',#1873,#1872);
#1875=DIRECTION('',(0.E0,0.E0,1.E0));
#1876=VECTOR('',#1875,1.35E-1);
#1877=CARTESIAN_POINT('',(1.59E0,-2.5E-1,-7.5E-1));
#1878=LINE('',#1877,#1876);
#1879=DIRECTION('',(-1.E0,0.E0,0.E0));
#1880=VECTOR('',#1879,2.65E-1);
#1881=CARTESIAN_POINT('',(1.5E0,-2.5E-1,-8.8E-1));
#1882=LINE('',#1881,#1880);
#1883=DIRECTION('',(0.E0,0.E0,-1.E0));
#1884=VECTOR('',#1883,1.3E-1);
#1885=CARTESIAN_POINT('',(1.5E0,-2.5E-1,-7.5E-1));
#1886=LINE('',#1885,#1884);
#1887=DIRECTION('',(-1.E0,0.E0,0.E0));
#1888=VECTOR('',#1887,9.E-2);
#1889=CARTESIAN_POINT('',(1.59E0,-2.5E-1,7.5E-1));
#1890=LINE('',#1889,#1888);
#1891=DIRECTION('',(0.E0,0.E0,-1.E0));
#1892=VECTOR('',#1891,1.3E-1);
#1893=CARTESIAN_POINT('',(1.5E0,-2.5E-1,8.8E-1));
#1894=LINE('',#1893,#1892);
#1895=DIRECTION('',(1.E0,0.E0,0.E0));
#1896=VECTOR('',#1895,2.65E-1);
#1897=CARTESIAN_POINT('',(1.235E0,-2.5E-1,8.8E-1));
#1898=LINE('',#1897,#1896);
#1899=DIRECTION('',(0.E0,0.E0,1.E0));
#1900=VECTOR('',#1899,1.35E-1);
#1901=CARTESIAN_POINT('',(1.59E0,-2.5E-1,6.15E-1));
#1902=LINE('',#1901,#1900);
#1903=DIRECTION('',(-1.E0,0.E0,0.E0));
#1904=VECTOR('',#1903,9.E-2);
#1905=CARTESIAN_POINT('',(-1.5E0,-2.5E-1,-7.5E-1));
#1906=LINE('',#1905,#1904);
#1907=DIRECTION('',(0.E0,0.E0,1.E0));
#1908=VECTOR('',#1907,1.3E-1);
#1909=CARTESIAN_POINT('',(-1.5E0,-2.5E-1,-8.8E-1));
#1910=LINE('',#1909,#1908);
#1911=DIRECTION('',(-1.E0,0.E0,0.E0));
#1912=VECTOR('',#1911,2.65E-1);
#1913=CARTESIAN_POINT('',(-1.235E0,-2.5E-1,-8.8E-1));
#1914=LINE('',#1913,#1912);
#1915=DIRECTION('',(0.E0,0.E0,1.E0));
#1916=VECTOR('',#1915,1.35E-1);
#1917=CARTESIAN_POINT('',(-1.59E0,-2.5E-1,-7.5E-1));
#1918=LINE('',#1917,#1916);
#1919=DIRECTION('',(-1.E0,0.E0,0.E0));
#1920=VECTOR('',#1919,9.E-2);
#1921=CARTESIAN_POINT('',(-1.5E0,-2.5E-1,7.5E-1));
#1922=LINE('',#1921,#1920);
#1923=DIRECTION('',(0.E0,0.E0,1.E0));
#1924=VECTOR('',#1923,1.35E-1);
#1925=CARTESIAN_POINT('',(-1.59E0,-2.5E-1,6.15E-1));
#1926=LINE('',#1925,#1924);
#1927=DIRECTION('',(1.E0,0.E0,0.E0));
#1928=VECTOR('',#1927,2.65E-1);
#1929=CARTESIAN_POINT('',(-1.5E0,-2.5E-1,8.8E-1));
#1930=LINE('',#1929,#1928);
#1931=DIRECTION('',(0.E0,0.E0,1.E0));
#1932=VECTOR('',#1931,1.3E-1);
#1933=CARTESIAN_POINT('',(-1.5E0,-2.5E-1,7.5E-1));
#1934=LINE('',#1933,#1932);
#1935=DIRECTION('',(-1.E0,0.E0,0.E0));
#1936=VECTOR('',#1935,9.E-2);
#1937=CARTESIAN_POINT('',(1.59E0,-2.8E-1,-7.5E-1));
#1938=LINE('',#1937,#1936);
#1939=DIRECTION('',(0.E0,1.E0,0.E0));
#1940=VECTOR('',#1939,3.E-2);
#1941=CARTESIAN_POINT('',(1.59E0,-2.8E-1,-7.5E-1));
#1942=LINE('',#1941,#1940);
#1943=DIRECTION('',(1.E0,0.E0,0.E0));
#1944=VECTOR('',#1943,9.E-2);
#1945=CARTESIAN_POINT('',(-1.59E0,-2.8E-1,-7.5E-1));
#1946=LINE('',#1945,#1944);
#1947=DIRECTION('',(0.E0,-1.E0,0.E0));
#1948=VECTOR('',#1947,3.E-2);
#1949=CARTESIAN_POINT('',(-1.59E0,-2.5E-1,-7.5E-1));
#1950=LINE('',#1949,#1948);
#1951=DIRECTION('',(0.E0,1.E0,0.E0));
#1952=VECTOR('',#1951,1.202598723193E-1);
#1953=CARTESIAN_POINT('',(1.421191602831E0,-6.496254549171E-1,-7.5E-1));
#1954=LINE('',#1953,#1952);
#1955=CARTESIAN_POINT('',(1.47E0,-5.4E-1,-7.5E-1));
#1956=DIRECTION('',(0.E0,0.E0,1.E0));
#1957=DIRECTION('',(-4.067366430758E-1,-9.135454576426E-1,0.E0));
#1958=AXIS2_PLACEMENT_3D('',#1955,#1956,#1957);
#1960=DIRECTION('',(0.E0,1.E0,0.E0));
#1961=VECTOR('',#1960,3.E-2);
#1962=CARTESIAN_POINT('',(1.59E0,-5.4E-1,-7.5E-1));
#1963=LINE('',#1962,#1961);
#1964=DIRECTION('',(-1.E0,0.E0,0.E0));
#1965=VECTOR('',#1964,9.E-2);
#1966=CARTESIAN_POINT('',(1.59E0,-5.1E-1,-7.5E-1));
#1967=LINE('',#1966,#1965);
#1968=DIRECTION('',(0.E0,-1.E0,0.E0));
#1969=VECTOR('',#1968,1.202598723193E-1);
#1970=CARTESIAN_POINT('',(-1.421191602831E0,-5.293655825978E-1,-7.5E-1));
#1971=LINE('',#1970,#1969);
#1972=DIRECTION('',(1.E0,0.E0,0.E0));
#1973=VECTOR('',#1972,9.E-2);
#1974=CARTESIAN_POINT('',(-1.59E0,-5.1E-1,-7.5E-1));
#1975=LINE('',#1974,#1973);
#1976=DIRECTION('',(0.E0,-1.E0,0.E0));
#1977=VECTOR('',#1976,3.E-2);
#1978=CARTESIAN_POINT('',(-1.59E0,-5.1E-1,-7.5E-1));
#1979=LINE('',#1978,#1977);
#1980=CARTESIAN_POINT('',(-1.47E0,-5.4E-1,-7.5E-1));
#1981=DIRECTION('',(0.E0,0.E0,1.E0));
#1982=DIRECTION('',(-1.E0,-1.295260195396E-14,0.E0));
#1983=AXIS2_PLACEMENT_3D('',#1980,#1981,#1982);
#1985=DIRECTION('',(0.E0,-1.E0,0.E0));
#1986=VECTOR('',#1985,2.3E-1);
#1987=CARTESIAN_POINT('',(1.59E0,-2.8E-1,-8.3E-1));
#1988=LINE('',#1987,#1986);
#1989=DIRECTION('',(0.E0,0.E0,1.E0));
#1990=VECTOR('',#1989,8.E-2);
#1991=CARTESIAN_POINT('',(1.59E0,-5.1E-1,-8.3E-1));
#1992=LINE('',#1991,#1990);
#1993=DIRECTION('',(0.E0,0.E0,1.E0));
#1994=VECTOR('',#1993,8.E-2);
#1995=CARTESIAN_POINT('',(1.59E0,-5.1E-1,7.5E-1));
#1996=LINE('',#1995,#1994);
#1997=DIRECTION('',(0.E0,1.E0,0.E0));
#1998=VECTOR('',#1997,2.3E-1);
#1999=CARTESIAN_POINT('',(1.59E0,-5.1E-1,8.3E-1));
#2000=LINE('',#1999,#1998);
#2001=DIRECTION('',(0.E0,0.E0,-1.E0));
#2002=VECTOR('',#2001,8.E-2);
#2003=CARTESIAN_POINT('',(1.59E0,-2.8E-1,8.3E-1));
#2004=LINE('',#2003,#2002);
#2005=DIRECTION('',(0.E0,1.E0,0.E0));
#2006=VECTOR('',#2005,3.E-2);
#2007=CARTESIAN_POINT('',(1.59E0,-1.3E-1,5.95E-1));
#2008=LINE('',#2007,#2006);
#2009=DIRECTION('',(0.E0,0.E0,-1.E0));
#2010=VECTOR('',#2009,2.25E-1);
#2011=CARTESIAN_POINT('',(1.59E0,-1.E-1,5.95E-1));
#2012=LINE('',#2011,#2010);
#2013=DIRECTION('',(0.E0,1.E0,0.E0));
#2014=VECTOR('',#2013,3.E-2);
#2015=CARTESIAN_POINT('',(1.59E0,-1.3E-1,-3.7E-1));
#2016=LINE('',#2015,#2014);
#2017=DIRECTION('',(0.E0,0.E0,-1.E0));
#2018=VECTOR('',#2017,2.25E-1);
#2019=CARTESIAN_POINT('',(1.59E0,-1.E-1,-3.7E-1));
#2020=LINE('',#2019,#2018);
#2021=DIRECTION('',(0.E0,0.E0,-1.E0));
#2022=VECTOR('',#2021,8.E-2);
#2023=CARTESIAN_POINT('',(1.59E0,-2.8E-1,-7.5E-1));
#2024=LINE('',#2023,#2022);
#2025=DIRECTION('',(0.E0,0.E0,-1.E0));
#2026=VECTOR('',#2025,1.5E0);
#2027=CARTESIAN_POINT('',(1.59E0,-5.4E-1,7.5E-1));
#2028=LINE('',#2027,#2026);
#2029=DIRECTION('',(0.E0,0.E0,-1.E0));
#2030=VECTOR('',#2029,1.5E0);
#2031=CARTESIAN_POINT('',(1.421191602831E0,-6.496254549171E-1,7.5E-1));
#2032=LINE('',#2031,#2030);
#2033=DIRECTION('',(1.E0,0.E0,0.E0));
#2034=VECTOR('',#2033,1.4E-1);
#2035=CARTESIAN_POINT('',(-7.7E-1,-4.2E-1,9.5E-1));
#2036=LINE('',#2035,#2034);
#2037=DIRECTION('',(0.E0,-1.E0,0.E0));
#2038=VECTOR('',#2037,4.4E-2);
#2039=CARTESIAN_POINT('',(-7.7E-1,-3.76E-1,9.5E-1));
#2040=LINE('',#2039,#2038);
#2041=DIRECTION('',(4.997224534896E-1,-8.661855860486E-1,0.E0));
#2042=VECTOR('',#2041,3.001666203961E-2);
#2043=CARTESIAN_POINT('',(-7.85E-1,-3.5E-1,9.5E-1));
#2044=LINE('',#2043,#2042);
#2045=DIRECTION('',(0.E0,-1.E0,0.E0));
#2046=VECTOR('',#2045,1.2E-1);
#2047=CARTESIAN_POINT('',(-7.85E-1,-2.3E-1,9.5E-1));
#2048=LINE('',#2047,#2046);
#2049=DIRECTION('',(1.E0,0.E0,0.E0));
#2050=VECTOR('',#2049,1.9E-1);
#2051=CARTESIAN_POINT('',(-9.75E-1,-2.3E-1,9.5E-1));
#2052=LINE('',#2051,#2050);
#2053=DIRECTION('',(0.E0,1.E0,0.E0));
#2054=VECTOR('',#2053,1.2E-1);
#2055=CARTESIAN_POINT('',(-9.75E-1,-3.5E-1,9.5E-1));
#2056=LINE('',#2055,#2054);
#2057=DIRECTION('',(-1.E0,0.E0,0.E0));
#2058=VECTOR('',#2057,9.E-2);
#2059=CARTESIAN_POINT('',(-8.85E-1,-3.5E-1,9.5E-1));
#2060=LINE('',#2059,#2058);
#2061=DIRECTION('',(0.E0,1.E0,0.E0));
#2062=VECTOR('',#2061,1.9E-1);
#2063=CARTESIAN_POINT('',(-8.85E-1,-5.4E-1,9.5E-1));
#2064=LINE('',#2063,#2062);
#2065=DIRECTION('',(-2.220446049250E-14,-1.E0,2.590520390791E-14));
#2066=VECTOR('',#2065,3.000000000001E-2);
#2067=CARTESIAN_POINT('',(-1.35E0,-5.1E-1,9.5E-1));
#2068=LINE('',#2067,#2066);
#2069=DIRECTION('',(1.E0,0.E0,0.E0));
#2070=VECTOR('',#2069,1.2E-1);
#2071=CARTESIAN_POINT('',(-1.47E0,-5.1E-1,9.5E-1));
#2072=LINE('',#2071,#2070);
#2073=DIRECTION('',(0.E0,-1.E0,0.E0));
#2074=VECTOR('',#2073,2.3E-1);
#2075=CARTESIAN_POINT('',(-1.47E0,-2.8E-1,9.5E-1));
#2076=LINE('',#2075,#2074);
#2077=DIRECTION('',(-1.E0,0.E0,0.E0));
#2078=VECTOR('',#2077,3.15E-1);
#2079=CARTESIAN_POINT('',(-1.155E0,-2.8E-1,9.5E-1));
#2080=LINE('',#2079,#2078);
#2081=DIRECTION('',(0.E0,-1.E0,0.E0));
#2082=VECTOR('',#2081,2.2E-1);
#2083=CARTESIAN_POINT('',(-1.155E0,-6.E-2,9.5E-1));
#2084=LINE('',#2083,#2082);
#2085=DIRECTION('',(-1.E0,0.E0,0.E0));
#2086=VECTOR('',#2085,4.75E-1);
#2087=CARTESIAN_POINT('',(-6.8E-1,-6.E-2,9.5E-1));
#2088=LINE('',#2087,#2086);
#2089=DIRECTION('',(-4.472135955E-1,8.944271909999E-1,0.E0));
#2090=VECTOR('',#2089,1.118033988750E-1);
#2091=CARTESIAN_POINT('',(-6.3E-1,-1.6E-1,9.5E-1));
#2092=LINE('',#2091,#2090);
#2093=DIRECTION('',(0.E0,1.E0,0.E0));
#2094=VECTOR('',#2093,2.6E-1);
#2095=CARTESIAN_POINT('',(-6.3E-1,-4.2E-1,9.5E-1));
#2096=LINE('',#2095,#2094);
#2097=DIRECTION('',(1.E0,0.E0,0.E0));
#2098=VECTOR('',#2097,1.4E-1);
#2099=CARTESIAN_POINT('',(6.3E-1,-4.2E-1,9.5E-1));
#2100=LINE('',#2099,#2098);
#2101=DIRECTION('',(0.E0,-1.E0,0.E0));
#2102=VECTOR('',#2101,2.6E-1);
#2103=CARTESIAN_POINT('',(6.3E-1,-1.6E-1,9.5E-1));
#2104=LINE('',#2103,#2102);
#2105=DIRECTION('',(-4.472135955E-1,-8.944271909999E-1,0.E0));
#2106=VECTOR('',#2105,1.118033988750E-1);
#2107=CARTESIAN_POINT('',(6.8E-1,-6.E-2,9.5E-1));
#2108=LINE('',#2107,#2106);
#2109=DIRECTION('',(-1.E0,0.E0,0.E0));
#2110=VECTOR('',#2109,4.75E-1);
#2111=CARTESIAN_POINT('',(1.155E0,-6.E-2,9.5E-1));
#2112=LINE('',#2111,#2110);
#2113=DIRECTION('',(0.E0,1.E0,0.E0));
#2114=VECTOR('',#2113,2.2E-1);
#2115=CARTESIAN_POINT('',(1.155E0,-2.8E-1,9.5E-1));
#2116=LINE('',#2115,#2114);
#2117=DIRECTION('',(-1.E0,0.E0,0.E0));
#2118=VECTOR('',#2117,3.15E-1);
#2119=CARTESIAN_POINT('',(1.47E0,-2.8E-1,9.5E-1));
#2120=LINE('',#2119,#2118);
#2121=DIRECTION('',(0.E0,1.E0,0.E0));
#2122=VECTOR('',#2121,2.3E-1);
#2123=CARTESIAN_POINT('',(1.47E0,-5.1E-1,9.5E-1));
#2124=LINE('',#2123,#2122);
#2125=DIRECTION('',(1.E0,0.E0,0.E0));
#2126=VECTOR('',#2125,1.2E-1);
#2127=CARTESIAN_POINT('',(1.35E0,-5.1E-1,9.5E-1));
#2128=LINE('',#2127,#2126);
#2129=DIRECTION('',(0.E0,1.E0,-5.181040781582E-14));
#2130=VECTOR('',#2129,3.000000000001E-2);
#2131=CARTESIAN_POINT('',(1.35E0,-5.4E-1,9.5E-1));
#2132=LINE('',#2131,#2130);
#2133=DIRECTION('',(0.E0,-1.E0,0.E0));
#2134=VECTOR('',#2133,1.9E-1);
#2135=CARTESIAN_POINT('',(8.85E-1,-3.5E-1,9.5E-1));
#2136=LINE('',#2135,#2134);
#2137=DIRECTION('',(-1.E0,0.E0,0.E0));
#2138=VECTOR('',#2137,9.E-2);
#2139=CARTESIAN_POINT('',(9.75E-1,-3.5E-1,9.5E-1));
#2140=LINE('',#2139,#2138);
#2141=DIRECTION('',(0.E0,-1.E0,0.E0));
#2142=VECTOR('',#2141,1.2E-1);
#2143=CARTESIAN_POINT('',(9.75E-1,-2.3E-1,9.5E-1));
#2144=LINE('',#2143,#2142);
#2145=DIRECTION('',(1.E0,0.E0,0.E0));
#2146=VECTOR('',#2145,1.9E-1);
#2147=CARTESIAN_POINT('',(7.85E-1,-2.3E-1,9.5E-1));
#2148=LINE('',#2147,#2146);
#2149=DIRECTION('',(0.E0,1.E0,0.E0));
#2150=VECTOR('',#2149,1.2E-1);
#2151=CARTESIAN_POINT('',(7.85E-1,-3.5E-1,9.5E-1));
#2152=LINE('',#2151,#2150);
#2153=DIRECTION('',(4.997224534896E-1,8.661855860486E-1,0.E0));
#2154=VECTOR('',#2153,3.001666203961E-2);
#2155=CARTESIAN_POINT('',(7.7E-1,-3.76E-1,9.5E-1));
#2156=LINE('',#2155,#2154);
#2157=DIRECTION('',(0.E0,1.E0,0.E0));
#2158=VECTOR('',#2157,4.4E-2);
#2159=CARTESIAN_POINT('',(7.7E-1,-4.2E-1,9.5E-1));
#2160=LINE('',#2159,#2158);
#2161=CARTESIAN_POINT('',(-6.3E-1,-4.2E-1,-8.3E-1));
#2162=DIRECTION('',(1.E0,0.E0,0.E0));
#2163=DIRECTION('',(0.E0,-1.E0,0.E0));
#2164=AXIS2_PLACEMENT_3D('',#2161,#2162,#2163);
#2166=DIRECTION('',(0.E0,0.E0,1.E0));
#2167=VECTOR('',#2166,1.900128354905E-1);
#2168=CARTESIAN_POINT('',(-6.3E-1,-5.4E-1,-8.3E-1));
#2169=LINE('',#2168,#2167);
#2170=CARTESIAN_POINT('',(-6.3E-1,-4.5E-1,-6.399871645095E-1));
#2171=DIRECTION('',(-1.E0,0.E0,0.E0));
#2172=DIRECTION('',(0.E0,-1.E0,0.E0));
#2173=AXIS2_PLACEMENT_3D('',#2170,#2171,#2172);
#2175=DIRECTION('',(0.E0,6.427876096866E-1,7.660444431190E-1));
#2176=VECTOR('',#2175,1.397247420178E-2);
#2177=CARTESIAN_POINT('',(-6.3E-1,-5.189439998807E-1,-5.821362796377E-1));
#2178=LINE('',#2177,#2176);
#2179=CARTESIAN_POINT('',(-6.3E-1,-4.64E-1,-6.1E-1));
#2180=DIRECTION('',(-1.E0,0.E0,0.E0));
#2181=DIRECTION('',(0.E0,-7.660444431190E-1,6.427876096866E-1));
#2182=AXIS2_PLACEMENT_3D('',#2179,#2180,#2181);
#2184=DIRECTION('',(0.E0,9.012571889724E-1,-4.332845246781E-1));
#2185=VECTOR('',#2184,1.153976132361E-1);
#2186=CARTESIAN_POINT('',(-6.3E-1,-4.380029285193E-1,-5.559245686617E-1));
#2187=LINE('',#2186,#2185);
#2188=DIRECTION('',(0.E0,-4.332845246781E-1,-9.012571889724E-1));
#2189=VECTOR('',#2188,3.780877617986E-2);
#2190=CARTESIAN_POINT('',(-6.3E-1,-3.34E-1,-6.059245686617E-1));
#2191=LINE('',#2190,#2189);
#2192=CARTESIAN_POINT('',(-6.3E-1,-4.2E-1,8.3E-1));
#2193=DIRECTION('',(1.E0,0.E0,0.E0));
#2194=DIRECTION('',(0.E0,0.E0,1.E0));
#2195=AXIS2_PLACEMENT_3D('',#2192,#2193,#2194);
#2197=DIRECTION('',(0.E0,4.332845246781E-1,-9.012571889724E-1));
#2198=VECTOR('',#2197,3.780877617986E-2);
#2199=CARTESIAN_POINT('',(-6.3E-1,-3.503819576158E-1,6.4E-1));
#2200=LINE('',#2199,#2198);
#2201=DIRECTION('',(0.E0,-9.012571889724E-1,-4.332845246781E-1));
#2202=VECTOR('',#2201,1.153976132361E-1);
#2203=CARTESIAN_POINT('',(-6.3E-1,-3.34E-1,6.059245686617E-1));
#2204=LINE('',#2203,#2202);
#2205=CARTESIAN_POINT('',(-6.3E-1,-4.64E-1,6.1E-1));
#2206=DIRECTION('',(-1.E0,0.E0,0.E0));
#2207=DIRECTION('',(0.E0,4.332845246781E-1,-9.012571889724E-1));
#2208=AXIS2_PLACEMENT_3D('',#2205,#2206,#2207);
#2210=DIRECTION('',(0.E0,-6.427876096866E-1,7.660444431190E-1));
#2211=VECTOR('',#2210,1.397247420178E-2);
#2212=CARTESIAN_POINT('',(-6.3E-1,-5.099626665871E-1,5.714327434188E-1));
#2213=LINE('',#2212,#2211);
#2214=CARTESIAN_POINT('',(-6.3E-1,-4.5E-1,6.399871645095E-1));
#2215=DIRECTION('',(-1.E0,0.E0,0.E0));
#2216=DIRECTION('',(0.E0,-7.660444431190E-1,-6.427876096866E-1));
#2217=AXIS2_PLACEMENT_3D('',#2214,#2215,#2216);
#2219=DIRECTION('',(0.E0,0.E0,1.E0));
#2220=VECTOR('',#2219,1.900128354905E-1);
#2221=CARTESIAN_POINT('',(-6.3E-1,-5.4E-1,6.399871645095E-1));
#2222=LINE('',#2221,#2220);
#2223=DIRECTION('',(-1.E0,0.E0,0.E0));
#2224=VECTOR('',#2223,1.4E-1);
#2225=CARTESIAN_POINT('',(-6.3E-1,-5.4E-1,-8.3E-1));
#2226=LINE('',#2225,#2224);
#2227=DIRECTION('',(0.E0,0.E0,1.E0));
#2228=VECTOR('',#2227,1.900128354905E-1);
#2229=CARTESIAN_POINT('',(-7.7E-1,-5.4E-1,-8.3E-1));
#2230=LINE('',#2229,#2228);
#2231=DIRECTION('',(1.E0,0.E0,0.E0));
#2232=VECTOR('',#2231,1.4E-1);
#2233=CARTESIAN_POINT('',(-7.7E-1,-5.4E-1,-6.399871645095E-1));
#2234=LINE('',#2233,#2232);
#2235=DIRECTION('',(1.E0,0.E0,0.E0));
#2236=VECTOR('',#2235,1.4E-1);
#2237=CARTESIAN_POINT('',(-7.7E-1,-5.189439998807E-1,-5.821362796377E-1));
#2238=LINE('',#2237,#2236);
#2239=DIRECTION('',(1.E0,0.E0,0.E0));
#2240=VECTOR('',#2239,1.4E-1);
#2241=CARTESIAN_POINT('',(-7.7E-1,-5.099626665871E-1,-5.714327434188E-1));
#2242=LINE('',#2241,#2240);
#2243=DIRECTION('',(1.E0,0.E0,0.E0));
#2244=VECTOR('',#2243,1.4E-1);
#2245=CARTESIAN_POINT('',(-7.7E-1,-4.380029285193E-1,-5.559245686617E-1));
#2246=LINE('',#2245,#2244);
#2247=DIRECTION('',(1.E0,0.E0,0.E0));
#2248=VECTOR('',#2247,1.4E-1);
#2249=CARTESIAN_POINT('',(-7.7E-1,-3.34E-1,-6.059245686617E-1));
#2250=LINE('',#2249,#2248);
#2251=DIRECTION('',(0.E0,-1.E0,0.E0));
#2252=VECTOR('',#2251,8.961804238425E-2);
#2253=CARTESIAN_POINT('',(-7.7E-1,-3.503819576157E-1,-6.4E-1));
#2254=LINE('',#2253,#2252);
#2255=DIRECTION('',(1.E0,0.E0,0.E0));
#2256=VECTOR('',#2255,4.E-2);
#2257=CARTESIAN_POINT('',(-8.1E-1,-4.4E-1,-6.4E-1));
#2258=LINE('',#2257,#2256);
#2259=DIRECTION('',(0.E0,1.E0,0.E0));
#2260=VECTOR('',#2259,6.E-2);
#2261=CARTESIAN_POINT('',(-8.1E-1,-4.4E-1,-6.4E-1));
#2262=LINE('',#2261,#2260);
#2263=DIRECTION('',(0.E0,1.E0,0.E0));
#2264=VECTOR('',#2263,2.5E-1);
#2265=CARTESIAN_POINT('',(-8.1E-1,-3.8E-1,-6.4E-1));
#2266=LINE('',#2265,#2264);
#2267=DIRECTION('',(0.E0,-1.E0,0.E0));
#2268=VECTOR('',#2267,3.756917857361E-1);
#2269=CARTESIAN_POINT('',(-4.1E-1,-1.3E-1,-6.4E-1));
#2270=LINE('',#2269,#2268);
#2271=DIRECTION('',(1.E0,0.E0,0.E0));
#2272=VECTOR('',#2271,1.2E-1);
#2273=CARTESIAN_POINT('',(-4.1E-1,-5.056917857361E-1,-6.4E-1));
#2274=LINE('',#2273,#2272);
#2275=DIRECTION('',(0.E0,-1.E0,0.E0));
#2276=VECTOR('',#2275,3.756917857361E-1);
#2277=CARTESIAN_POINT('',(-2.9E-1,-1.3E-1,-6.4E-1));
#2278=LINE('',#2277,#2276);
#2279=DIRECTION('',(0.E0,-1.E0,0.E0));
#2280=VECTOR('',#2279,3.756917857361E-1);
#2281=CARTESIAN_POINT('',(-6.E-2,-1.3E-1,-6.4E-1));
#2282=LINE('',#2281,#2280);
#2283=DIRECTION('',(1.E0,0.E0,0.E0));
#2284=VECTOR('',#2283,1.2E-1);
#2285=CARTESIAN_POINT('',(-6.E-2,-5.056917857361E-1,-6.4E-1));
#2286=LINE('',#2285,#2284);
#2287=DIRECTION('',(0.E0,-1.E0,0.E0));
#2288=VECTOR('',#2287,3.756917857361E-1);
#2289=CARTESIAN_POINT('',(6.E-2,-1.3E-1,-6.4E-1));
#2290=LINE('',#2289,#2288);
#2291=DIRECTION('',(0.E0,-1.E0,0.E0));
#2292=VECTOR('',#2291,3.756917857361E-1);
#2293=CARTESIAN_POINT('',(2.9E-1,-1.3E-1,-6.4E-1));
#2294=LINE('',#2293,#2292);
#2295=DIRECTION('',(1.E0,0.E0,0.E0));
#2296=VECTOR('',#2295,1.2E-1);
#2297=CARTESIAN_POINT('',(2.9E-1,-5.056917857361E-1,-6.4E-1));
#2298=LINE('',#2297,#2296);
#2299=DIRECTION('',(0.E0,-1.E0,0.E0));
#2300=VECTOR('',#2299,3.756917857361E-1);
#2301=CARTESIAN_POINT('',(4.1E-1,-1.3E-1,-6.4E-1));
#2302=LINE('',#2301,#2300);
#2303=DIRECTION('',(0.E0,1.E0,0.E0));
#2304=VECTOR('',#2303,6.E-2);
#2305=CARTESIAN_POINT('',(8.1E-1,-4.4E-1,-6.4E-1));
#2306=LINE('',#2305,#2304);
#2307=DIRECTION('',(1.E0,0.E0,0.E0));
#2308=VECTOR('',#2307,4.E-2);
#2309=CARTESIAN_POINT('',(7.7E-1,-4.4E-1,-6.4E-1));
#2310=LINE('',#2309,#2308);
#2311=DIRECTION('',(0.E0,1.E0,0.E0));
#2312=VECTOR('',#2311,8.961804238425E-2);
#2313=CARTESIAN_POINT('',(7.7E-1,-4.4E-1,-6.4E-1));
#2314=LINE('',#2313,#2312);
#2315=DIRECTION('',(-1.E0,0.E0,0.E0));
#2316=VECTOR('',#2315,1.4E-1);
#2317=CARTESIAN_POINT('',(7.7E-1,-3.503819576157E-1,-6.4E-1));
#2318=LINE('',#2317,#2316);
#2319=DIRECTION('',(0.E0,-1.E0,0.E0));
#2320=VECTOR('',#2319,8.961804238425E-2);
#2321=CARTESIAN_POINT('',(6.3E-1,-3.503819576157E-1,-6.4E-1));
#2322=LINE('',#2321,#2320);
#2323=DIRECTION('',(1.E0,0.E0,0.E0));
#2324=VECTOR('',#2323,4.E-2);
#2325=CARTESIAN_POINT('',(5.9E-1,-4.4E-1,-6.4E-1));
#2326=LINE('',#2325,#2324);
#2327=DIRECTION('',(0.E0,-1.E0,0.E0));
#2328=VECTOR('',#2327,1.2E-1);
#2329=CARTESIAN_POINT('',(5.9E-1,-4.4E-1,-6.4E-1));
#2330=LINE('',#2329,#2328);
#2331=DIRECTION('',(1.E0,0.E0,0.E0));
#2332=VECTOR('',#2331,4.E-2);
#2333=CARTESIAN_POINT('',(-6.3E-1,-4.4E-1,-6.4E-1));
#2334=LINE('',#2333,#2332);
#2335=DIRECTION('',(0.E0,-1.E0,0.E0));
#2336=VECTOR('',#2335,8.961804238425E-2);
#2337=CARTESIAN_POINT('',(-6.3E-1,-3.503819576157E-1,-6.4E-1));
#2338=LINE('',#2337,#2336);
#2339=DIRECTION('',(1.E0,0.E0,0.E0));
#2340=VECTOR('',#2339,1.4E-1);
#2341=CARTESIAN_POINT('',(-7.7E-1,-3.503819576157E-1,-6.4E-1));
#2342=LINE('',#2341,#2340);
#2343=DIRECTION('',(0.E0,0.E0,1.E0));
#2344=VECTOR('',#2343,2.4E-1);
#2345=CARTESIAN_POINT('',(7.7E-1,-4.4E-1,-8.8E-1));
#2346=LINE('',#2345,#2344);
#2347=DIRECTION('',(0.E0,0.E0,1.E0));
#2348=VECTOR('',#2347,1.E-1);
#2349=CARTESIAN_POINT('',(8.1E-1,-4.4E-1,-7.4E-1));
#2350=LINE('',#2349,#2348);
#2351=DIRECTION('',(0.E0,0.E0,1.E0));
#2352=VECTOR('',#2351,1.4E-1);
#2353=CARTESIAN_POINT('',(8.1E-1,-4.4E-1,-8.8E-1));
#2354=LINE('',#2353,#2352);
#2355=DIRECTION('',(0.E0,0.E0,1.E0));
#2356=VECTOR('',#2355,2.4E-1);
#2357=CARTESIAN_POINT('',(7.7E-1,-4.4E-1,6.4E-1));
#2358=LINE('',#2357,#2356);
#2359=DIRECTION('',(0.E0,0.E0,1.E0));
#2360=VECTOR('',#2359,1.4E-1);
#2361=CARTESIAN_POINT('',(8.1E-1,-4.4E-1,7.4E-1));
#2362=LINE('',#2361,#2360);
#2363=DIRECTION('',(0.E0,0.E0,-1.E0));
#2364=VECTOR('',#2363,1.E-1);
#2365=CARTESIAN_POINT('',(8.1E-1,-4.4E-1,7.4E-1));
#2366=LINE('',#2365,#2364);
#2367=DIRECTION('',(0.E0,0.E0,1.E0));
#2368=VECTOR('',#2367,2.4E-1);
#2369=CARTESIAN_POINT('',(6.3E-1,-4.4E-1,-8.8E-1));
#2370=LINE('',#2369,#2368);
#2371=DIRECTION('',(0.E0,0.E0,-1.E0));
#2372=VECTOR('',#2371,2.4E-1);
#2373=CARTESIAN_POINT('',(5.9E-1,-4.4E-1,-6.4E-1));
#2374=LINE('',#2373,#2372);
#2375=DIRECTION('',(0.E0,0.E0,1.E0));
#2376=VECTOR('',#2375,2.4E-1);
#2377=CARTESIAN_POINT('',(6.3E-1,-4.4E-1,6.4E-1));
#2378=LINE('',#2377,#2376);
#2379=DIRECTION('',(0.E0,0.E0,-1.E0));
#2380=VECTOR('',#2379,2.4E-1);
#2381=CARTESIAN_POINT('',(5.9E-1,-4.4E-1,8.8E-1));
#2382=LINE('',#2381,#2380);
#2383=DIRECTION('',(0.E0,0.E0,1.E0));
#2384=VECTOR('',#2383,2.4E-1);
#2385=CARTESIAN_POINT('',(-7.7E-1,-4.4E-1,-8.8E-1));
#2386=LINE('',#2385,#2384);
#2387=DIRECTION('',(0.E0,0.E0,-1.E0));
#2388=VECTOR('',#2387,1.4E-1);
#2389=CARTESIAN_POINT('',(-8.1E-1,-4.4E-1,-7.4E-1));
#2390=LINE('',#2389,#2388);
#2391=DIRECTION('',(0.E0,0.E0,1.E0));
#2392=VECTOR('',#2391,1.E-1);
#2393=CARTESIAN_POINT('',(-8.1E-1,-4.4E-1,-7.4E-1));
#2394=LINE('',#2393,#2392);
#2395=DIRECTION('',(0.E0,0.E0,1.E0));
#2396=VECTOR('',#2395,2.4E-1);
#2397=CARTESIAN_POINT('',(-7.7E-1,-4.4E-1,6.4E-1));
#2398=LINE('',#2397,#2396);
#2399=DIRECTION('',(0.E0,0.E0,-1.E0));
#2400=VECTOR('',#2399,1.E-1);
#2401=CARTESIAN_POINT('',(-8.1E-1,-4.4E-1,7.4E-1));
#2402=LINE('',#2401,#2400);
#2403=DIRECTION('',(0.E0,0.E0,-1.E0));
#2404=VECTOR('',#2403,1.4E-1);
#2405=CARTESIAN_POINT('',(-8.1E-1,-4.4E-1,8.8E-1));
#2406=LINE('',#2405,#2404);
#2407=DIRECTION('',(0.E0,0.E0,1.E0));
#2408=VECTOR('',#2407,2.4E-1);
#2409=CARTESIAN_POINT('',(-6.3E-1,-4.4E-1,-8.8E-1));
#2410=LINE('',#2409,#2408);
#2411=DIRECTION('',(0.E0,0.E0,1.E0));
#2412=VECTOR('',#2411,2.4E-1);
#2413=CARTESIAN_POINT('',(-5.9E-1,-4.4E-1,-8.8E-1));
#2414=LINE('',#2413,#2412);
#2415=DIRECTION('',(0.E0,0.E0,1.E0));
#2416=VECTOR('',#2415,2.4E-1);
#2417=CARTESIAN_POINT('',(-6.3E-1,-4.4E-1,6.4E-1));
#2418=LINE('',#2417,#2416);
#2419=DIRECTION('',(0.E0,0.E0,1.E0));
#2420=VECTOR('',#2419,2.4E-1);
#2421=CARTESIAN_POINT('',(-5.9E-1,-4.4E-1,6.4E-1));
#2422=LINE('',#2421,#2420);
#2423=CARTESIAN_POINT('',(7.7E-1,-4.2E-1,-8.3E-1));
#2424=DIRECTION('',(1.E0,0.E0,0.E0));
#2425=DIRECTION('',(0.E0,-1.E0,0.E0));
#2426=AXIS2_PLACEMENT_3D('',#2423,#2424,#2425);
#2428=CARTESIAN_POINT('',(7.7E-1,-4.5E-1,-6.399871645095E-1));
#2429=DIRECTION('',(1.E0,0.E0,0.E0));
#2430=DIRECTION('',(0.E0,-7.660444431190E-1,6.427876096865E-1));
#2431=AXIS2_PLACEMENT_3D('',#2428,#2429,#2430);
#2433=DIRECTION('',(0.E0,-6.427876096866E-1,-7.660444431190E-1));
#2434=VECTOR('',#2433,1.397247420178E-2);
#2435=CARTESIAN_POINT('',(7.7E-1,-5.099626665871E-1,-5.714327434188E-1));
#2436=LINE('',#2435,#2434);
#2437=CARTESIAN_POINT('',(7.7E-1,-4.64E-1,-6.1E-1));
#2438=DIRECTION('',(1.E0,0.E0,0.E0));
#2439=DIRECTION('',(0.E0,4.332845246781E-1,9.012571889724E-1));
#2440=AXIS2_PLACEMENT_3D('',#2437,#2438,#2439);
#2442=DIRECTION('',(0.E0,-9.012571889724E-1,4.332845246781E-1));
#2443=VECTOR('',#2442,1.153976132361E-1);
#2444=CARTESIAN_POINT('',(7.7E-1,-3.34E-1,-6.059245686617E-1));
#2445=LINE('',#2444,#2443);
#2446=DIRECTION('',(0.E0,4.332845246781E-1,9.012571889724E-1));
#2447=VECTOR('',#2446,3.780877617985E-2);
#2448=CARTESIAN_POINT('',(7.7E-1,-3.503819576157E-1,-6.4E-1));
#2449=LINE('',#2448,#2447);
#2450=CARTESIAN_POINT('',(7.7E-1,-4.2E-1,8.3E-1));
#2451=DIRECTION('',(1.E0,0.E0,0.E0));
#2452=DIRECTION('',(0.E0,0.E0,1.E0));
#2453=AXIS2_PLACEMENT_3D('',#2450,#2451,#2452);
#2455=DIRECTION('',(0.E0,-4.332845246781E-1,9.012571889724E-1));
#2456=VECTOR('',#2455,3.780877617986E-2);
#2457=CARTESIAN_POINT('',(7.7E-1,-3.34E-1,6.059245686617E-1));
#2458=LINE('',#2457,#2456);
#2459=DIRECTION('',(0.E0,9.012571889724E-1,4.332845246781E-1));
#2460=VECTOR('',#2459,1.153976132361E-1);
#2461=CARTESIAN_POINT('',(7.7E-1,-4.380029285193E-1,5.559245686617E-1));
#2462=LINE('',#2461,#2460);
#2463=CARTESIAN_POINT('',(7.7E-1,-4.64E-1,6.1E-1));
#2464=DIRECTION('',(1.E0,0.E0,0.E0));
#2465=DIRECTION('',(0.E0,-7.660444431190E-1,-6.427876096866E-1));
#2466=AXIS2_PLACEMENT_3D('',#2463,#2464,#2465);
#2468=DIRECTION('',(0.E0,6.427876096866E-1,-7.660444431190E-1));
#2469=VECTOR('',#2468,1.397247420178E-2);
#2470=CARTESIAN_POINT('',(7.7E-1,-5.189439998807E-1,5.821362796377E-1));
#2471=LINE('',#2470,#2469);
#2472=CARTESIAN_POINT('',(7.7E-1,-4.5E-1,6.399871645095E-1));
#2473=DIRECTION('',(1.E0,0.E0,0.E0));
#2474=DIRECTION('',(0.E0,-1.E0,0.E0));
#2475=AXIS2_PLACEMENT_3D('',#2472,#2473,#2474);
#2477=CARTESIAN_POINT('',(6.3E-1,-4.2E-1,-8.3E-1));
#2478=DIRECTION('',(-1.E0,0.E0,0.E0));
#2479=DIRECTION('',(0.E0,0.E0,-1.E0));
#2480=AXIS2_PLACEMENT_3D('',#2477,#2478,#2479);
#2482=DIRECTION('',(0.E0,0.E0,-1.E0));
#2483=VECTOR('',#2482,7.E-2);
#2484=CARTESIAN_POINT('',(6.3E-1,-1.6E-1,-8.8E-1));
#2485=LINE('',#2484,#2483);
#2486=DIRECTION('',(0.E0,-4.332845246781E-1,-9.012571889724E-1));
#2487=VECTOR('',#2486,3.780877617986E-2);
#2488=CARTESIAN_POINT('',(6.3E-1,-3.34E-1,-6.059245686617E-1));
#2489=LINE('',#2488,#2487);
#2490=DIRECTION('',(0.E0,9.012571889724E-1,-4.332845246781E-1));
#2491=VECTOR('',#2490,1.153976132361E-1);
#2492=CARTESIAN_POINT('',(6.3E-1,-4.380029285193E-1,-5.559245686617E-1));
#2493=LINE('',#2492,#2491);
#2494=CARTESIAN_POINT('',(6.3E-1,-4.64E-1,-6.1E-1));
#2495=DIRECTION('',(-1.E0,0.E0,0.E0));
#2496=DIRECTION('',(0.E0,-7.660444431190E-1,6.427876096866E-1));
#2497=AXIS2_PLACEMENT_3D('',#2494,#2495,#2496);
#2499=DIRECTION('',(0.E0,6.427876096866E-1,7.660444431190E-1));
#2500=VECTOR('',#2499,1.397247420178E-2);
#2501=CARTESIAN_POINT('',(6.3E-1,-5.189439998807E-1,-5.821362796377E-1));
#2502=LINE('',#2501,#2500);
#2503=CARTESIAN_POINT('',(6.3E-1,-4.5E-1,-6.399871645095E-1));
#2504=DIRECTION('',(-1.E0,0.E0,0.E0));
#2505=DIRECTION('',(0.E0,-1.E0,0.E0));
#2506=AXIS2_PLACEMENT_3D('',#2503,#2504,#2505);
#2508=DIRECTION('',(0.E0,0.E0,-1.E0));
#2509=VECTOR('',#2508,1.900128354905E-1);
#2510=CARTESIAN_POINT('',(6.3E-1,-5.4E-1,-6.399871645095E-1));
#2511=LINE('',#2510,#2509);
#2512=CARTESIAN_POINT('',(6.3E-1,-4.2E-1,8.3E-1));
#2513=DIRECTION('',(-1.E0,0.E0,0.E0));
#2514=DIRECTION('',(0.E0,-1.E0,0.E0));
#2515=AXIS2_PLACEMENT_3D('',#2512,#2513,#2514);
#2517=DIRECTION('',(0.E0,0.E0,-1.E0));
#2518=VECTOR('',#2517,1.900128354905E-1);
#2519=CARTESIAN_POINT('',(6.3E-1,-5.4E-1,8.3E-1));
#2520=LINE('',#2519,#2518);
#2521=CARTESIAN_POINT('',(6.3E-1,-4.5E-1,6.399871645095E-1));
#2522=DIRECTION('',(-1.E0,0.E0,0.E0));
#2523=DIRECTION('',(0.E0,-7.660444431190E-1,-6.427876096866E-1));
#2524=AXIS2_PLACEMENT_3D('',#2521,#2522,#2523);
#2526=DIRECTION('',(0.E0,-6.427876096866E-1,7.660444431190E-1));
#2527=VECTOR('',#2526,1.397247420178E-2);
#2528=CARTESIAN_POINT('',(6.3E-1,-5.099626665871E-1,5.714327434188E-1));
#2529=LINE('',#2528,#2527);
#2530=CARTESIAN_POINT('',(6.3E-1,-4.64E-1,6.1E-1));
#2531=DIRECTION('',(-1.E0,0.E0,0.E0));
#2532=DIRECTION('',(0.E0,4.332845246781E-1,-9.012571889724E-1));
#2533=AXIS2_PLACEMENT_3D('',#2530,#2531,#2532);
#2535=DIRECTION('',(0.E0,-9.012571889724E-1,-4.332845246781E-1));
#2536=VECTOR('',#2535,1.153976132361E-1);
#2537=CARTESIAN_POINT('',(6.3E-1,-3.34E-1,6.059245686617E-1));
#2538=LINE('',#2537,#2536);
#2539=DIRECTION('',(0.E0,4.332845246781E-1,-9.012571889724E-1));
#2540=VECTOR('',#2539,3.780877617986E-2);
#2541=CARTESIAN_POINT('',(6.3E-1,-3.503819576158E-1,6.4E-1));
#2542=LINE('',#2541,#2540);
#2543=DIRECTION('',(0.E0,0.E0,1.E0));
#2544=VECTOR('',#2543,7.E-2);
#2545=CARTESIAN_POINT('',(6.3E-1,-1.6E-1,8.8E-1));
#2546=LINE('',#2545,#2544);
#2547=DIRECTION('',(0.E0,0.E0,-1.E0));
#2548=VECTOR('',#2547,7.E-2);
#2549=CARTESIAN_POINT('',(6.8E-1,-6.E-2,-8.8E-1));
#2550=LINE('',#2549,#2548);
#2551=DIRECTION('',(0.E0,0.E0,-1.E0));
#2552=VECTOR('',#2551,7.E-2);
#2553=CARTESIAN_POINT('',(1.155E0,-6.E-2,-8.8E-1));
#2554=LINE('',#2553,#2552);
#2555=DIRECTION('',(0.E0,0.E0,-1.E0));
#2556=VECTOR('',#2555,7.E-2);
#2557=CARTESIAN_POINT('',(1.155E0,-2.8E-1,-8.8E-1));
#2558=LINE('',#2557,#2556);
#2559=DIRECTION('',(0.E0,1.E0,0.E0));
#2560=VECTOR('',#2559,1.9E-1);
#2561=CARTESIAN_POINT('',(8.85E-1,-5.4E-1,-8.8E-1));
#2562=LINE('',#2561,#2560);
#2563=DIRECTION('',(-1.E0,0.E0,0.E0));
#2564=VECTOR('',#2563,9.E-2);
#2565=CARTESIAN_POINT('',(9.75E-1,-3.5E-1,-8.8E-1));
#2566=LINE('',#2565,#2564);
#2567=DIRECTION('',(0.E0,-1.E0,0.E0));
#2568=VECTOR('',#2567,1.2E-1);
#2569=CARTESIAN_POINT('',(9.75E-1,-2.3E-1,-8.8E-1));
#2570=LINE('',#2569,#2568);
#2571=DIRECTION('',(1.E0,0.E0,0.E0));
#2572=VECTOR('',#2571,1.9E-1);
#2573=CARTESIAN_POINT('',(7.85E-1,-2.3E-1,-8.8E-1));
#2574=LINE('',#2573,#2572);
#2575=DIRECTION('',(0.E0,1.E0,0.E0));
#2576=VECTOR('',#2575,1.2E-1);
#2577=CARTESIAN_POINT('',(7.85E-1,-3.5E-1,-8.8E-1));
#2578=LINE('',#2577,#2576);
#2579=DIRECTION('',(4.997224534896E-1,8.661855860486E-1,0.E0));
#2580=VECTOR('',#2579,3.001666203961E-2);
#2581=CARTESIAN_POINT('',(7.7E-1,-3.76E-1,-8.8E-1));
#2582=LINE('',#2581,#2580);
#2583=DIRECTION('',(0.E0,1.E0,-1.561251128379E-14));
#2584=VECTOR('',#2583,6.4E-2);
#2585=CARTESIAN_POINT('',(7.7E-1,-4.4E-1,-8.8E-1));
#2586=LINE('',#2585,#2584);
#2587=DIRECTION('',(1.E0,0.E0,-2.775557561563E-14));
#2588=VECTOR('',#2587,4.E-2);
#2589=CARTESIAN_POINT('',(7.7E-1,-4.4E-1,-8.8E-1));
#2590=LINE('',#2589,#2588);
#2591=DIRECTION('',(0.E0,1.E0,0.E0));
#2592=VECTOR('',#2591,1.E-1);
#2593=CARTESIAN_POINT('',(8.1E-1,-5.4E-1,-8.8E-1));
#2594=LINE('',#2593,#2592);
#2595=DIRECTION('',(1.E0,0.E0,0.E0));
#2596=VECTOR('',#2595,7.5E-2);
#2597=CARTESIAN_POINT('',(8.1E-1,-5.4E-1,-8.8E-1));
#2598=LINE('',#2597,#2596);
#2599=DIRECTION('',(-1.E0,0.E0,0.E0));
#2600=VECTOR('',#2599,1.5E-1);
#2601=CARTESIAN_POINT('',(1.5E0,-5.1E-1,-8.8E-1));
#2602=LINE('',#2601,#2600);
#2603=DIRECTION('',(1.480297366167E-14,1.E0,0.E0));
#2604=VECTOR('',#2603,3.E-2);
#2605=CARTESIAN_POINT('',(1.35E0,-5.4E-1,-8.8E-1));
#2606=LINE('',#2605,#2604);
#2607=DIRECTION('',(1.E0,0.E0,0.E0));
#2608=VECTOR('',#2607,1.5E-1);
#2609=CARTESIAN_POINT('',(1.35E0,-5.4E-1,-8.8E-1));
#2610=LINE('',#2609,#2608);
#2611=DIRECTION('',(0.E0,1.E0,2.960594732334E-14));
#2612=VECTOR('',#2611,3.E-2);
#2613=CARTESIAN_POINT('',(1.5E0,-5.4E-1,-8.8E-1));
#2614=LINE('',#2613,#2612);
#2615=DIRECTION('',(-1.E0,0.E0,0.E0));
#2616=VECTOR('',#2615,3.45E-1);
#2617=CARTESIAN_POINT('',(1.5E0,-2.8E-1,-8.8E-1));
#2618=LINE('',#2617,#2616);
#2619=DIRECTION('',(0.E0,1.E0,-5.551115123126E-14));
#2620=VECTOR('',#2619,3.E-2);
#2621=CARTESIAN_POINT('',(1.5E0,-2.8E-1,-8.8E-1));
#2622=LINE('',#2621,#2620);
#2623=DIRECTION('',(-1.E0,0.E0,0.E0));
#2624=VECTOR('',#2623,6.85E-1);
#2625=CARTESIAN_POINT('',(1.235E0,0.E0,-8.8E-1));
#2626=LINE('',#2625,#2624);
#2627=DIRECTION('',(0.E0,-1.E0,0.E0));
#2628=VECTOR('',#2627,1.E-1);
#2629=CARTESIAN_POINT('',(5.5E-1,0.E0,-8.8E-1));
#2630=LINE('',#2629,#2628);
#2631=DIRECTION('',(0.E0,-1.E0,0.E0));
#2632=VECTOR('',#2631,3.4E-1);
#2633=CARTESIAN_POINT('',(5.9E-1,-1.E-1,-8.8E-1));
#2634=LINE('',#2633,#2632);
#2635=DIRECTION('',(1.E0,0.E0,1.665334536938E-14));
#2636=VECTOR('',#2635,4.E-2);
#2637=CARTESIAN_POINT('',(5.9E-1,-4.4E-1,-8.8E-1));
#2638=LINE('',#2637,#2636);
#2639=DIRECTION('',(0.E0,1.E0,0.E0));
#2640=VECTOR('',#2639,2.8E-1);
#2641=CARTESIAN_POINT('',(6.3E-1,-4.4E-1,-8.8E-1));
#2642=LINE('',#2641,#2640);
#2643=DIRECTION('',(-4.472135955E-1,-8.944271909999E-1,0.E0));
#2644=VECTOR('',#2643,1.118033988750E-1);
#2645=CARTESIAN_POINT('',(6.8E-1,-6.E-2,-8.8E-1));
#2646=LINE('',#2645,#2644);
#2647=DIRECTION('',(-1.E0,0.E0,0.E0));
#2648=VECTOR('',#2647,4.75E-1);
#2649=CARTESIAN_POINT('',(1.155E0,-6.E-2,-8.8E-1));
#2650=LINE('',#2649,#2648);
#2651=DIRECTION('',(0.E0,1.E0,0.E0));
#2652=VECTOR('',#2651,2.2E-1);
#2653=CARTESIAN_POINT('',(1.155E0,-2.8E-1,-8.8E-1));
#2654=LINE('',#2653,#2652);
#2655=DIRECTION('',(0.E0,0.E0,-1.E0));
#2656=VECTOR('',#2655,7.E-2);
#2657=CARTESIAN_POINT('',(9.75E-1,-3.5E-1,-8.8E-1));
#2658=LINE('',#2657,#2656);
#2659=DIRECTION('',(0.E0,0.E0,-1.E0));
#2660=VECTOR('',#2659,7.E-2);
#2661=CARTESIAN_POINT('',(9.75E-1,-2.3E-1,-8.8E-1));
#2662=LINE('',#2661,#2660);
#2663=DIRECTION('',(0.E0,0.E0,-1.E0));
#2664=VECTOR('',#2663,7.E-2);
#2665=CARTESIAN_POINT('',(7.85E-1,-2.3E-1,-8.8E-1));
#2666=LINE('',#2665,#2664);
#2667=DIRECTION('',(0.E0,0.E0,-1.E0));
#2668=VECTOR('',#2667,7.E-2);
#2669=CARTESIAN_POINT('',(7.85E-1,-3.5E-1,-8.8E-1));
#2670=LINE('',#2669,#2668);
#2671=DIRECTION('',(0.E0,0.E0,-1.E0));
#2672=VECTOR('',#2671,7.E-2);
#2673=CARTESIAN_POINT('',(7.7E-1,-3.76E-1,-8.8E-1));
#2674=LINE('',#2673,#2672);
#2675=DIRECTION('',(0.E0,0.E0,-1.E0));
#2676=VECTOR('',#2675,1.E-2);
#2677=CARTESIAN_POINT('',(8.1E-1,-3.8E-1,-6.3E-1));
#2678=LINE('',#2677,#2676);
#2679=DIRECTION('',(0.E0,1.E0,0.E0));
#2680=VECTOR('',#2679,2.5E-1);
#2681=CARTESIAN_POINT('',(8.1E-1,-3.8E-1,-6.4E-1));
#2682=LINE('',#2681,#2680);
#2683=DIRECTION('',(0.E0,7.071067811865E-1,7.071067811865E-1));
#2684=VECTOR('',#2683,8.485281374239E-2);
#2685=CARTESIAN_POINT('',(8.1E-1,-5.4E-1,-8.E-1));
#2686=LINE('',#2685,#2684);
#2687=DIRECTION('',(0.E0,0.E0,-1.E0));
#2688=VECTOR('',#2687,8.E-2);
#2689=CARTESIAN_POINT('',(8.1E-1,-5.4E-1,-8.E-1));
#2690=LINE('',#2689,#2688);
#2691=DIRECTION('',(0.E0,1.E0,0.E0));
#2692=VECTOR('',#2691,4.E-2);
#2693=CARTESIAN_POINT('',(8.1E-1,-4.8E-1,-7.4E-1));
#2694=LINE('',#2693,#2692);
#2695=DIRECTION('',(0.E0,0.E0,-1.E0));
#2696=VECTOR('',#2695,1.E-1);
#2697=CARTESIAN_POINT('',(8.1E-1,-3.8E-1,-6.4E-1));
#2698=LINE('',#2697,#2696);
#2699=DIRECTION('',(1.E0,0.E0,0.E0));
#2700=VECTOR('',#2699,5.5E-2);
#2701=CARTESIAN_POINT('',(8.1E-1,-3.8E-1,-6.3E-1));
#2702=LINE('',#2701,#2700);
#2703=DIRECTION('',(0.E0,1.E0,0.E0));
#2704=VECTOR('',#2703,2.5E-1);
#2705=CARTESIAN_POINT('',(8.1E-1,-3.8E-1,-6.3E-1));
#2706=LINE('',#2705,#2704);
#2707=DIRECTION('',(-1.E0,0.E0,0.E0));
#2708=VECTOR('',#2707,3.5E-1);
#2709=CARTESIAN_POINT('',(1.295E0,-3.E-1,-6.3E-1));
#2710=LINE('',#2709,#2708);
#2711=DIRECTION('',(7.071067811865E-1,7.071067811865E-1,0.E0));
#2712=VECTOR('',#2711,1.131370849898E-1);
#2713=CARTESIAN_POINT('',(8.65E-1,-3.8E-1,-6.3E-1));
#2714=LINE('',#2713,#2712);
#2715=DIRECTION('',(0.E0,0.E0,-1.E0));
#2716=VECTOR('',#2715,1.1E-1);
#2717=CARTESIAN_POINT('',(9.45E-1,-3.E-1,-6.3E-1));
#2718=LINE('',#2717,#2716);
#2719=DIRECTION('',(0.E0,0.E0,-1.E0));
#2720=VECTOR('',#2719,1.1E-1);
#2721=CARTESIAN_POINT('',(8.65E-1,-3.8E-1,-6.3E-1));
#2722=LINE('',#2721,#2720);
#2723=DIRECTION('',(0.E0,-1.E0,0.E0));
#2724=VECTOR('',#2723,1.352830188679E-1);
#2725=CARTESIAN_POINT('',(1.35E0,-5.066037735849E-1,-7.666037735849E-1));
#2726=LINE('',#2725,#2724);
#2727=CARTESIAN_POINT('',(1.35E0,-5.4E-1,-8.3E-1));
#2728=DIRECTION('',(-1.E0,0.E0,0.E0));
#2729=DIRECTION('',(0.E0,-5.921189464668E-13,-1.E0));
#2730=AXIS2_PLACEMENT_3D('',#2727,#2728,#2729);
#2732=DIRECTION('',(0.E0,1.E0,0.E0));
#2733=VECTOR('',#2732,1.352830188679E-1);
#2734=CARTESIAN_POINT('',(1.35E0,-6.418867924528E-1,7.666037735849E-1));
#2735=LINE('',#2734,#2733);
#2736=CARTESIAN_POINT('',(1.35E0,-5.4E-1,8.3E-1));
#2737=DIRECTION('',(-1.E0,0.E0,0.E0));
#2738=DIRECTION('',(0.E0,-8.490566037736E-1,-5.283018867925E-1));
#2739=AXIS2_PLACEMENT_3D('',#2736,#2737,#2738);
#2741=DIRECTION('',(-7.377371622247E-1,4.773593402630E-1,-4.773593402630E-1));
#2742=VECTOR('',#2741,1.747032463409E-1);
#2743=CARTESIAN_POINT('',(1.308885077187E0,-4.8E-1,7.4E-1));
#2744=LINE('',#2743,#2742);
#2745=CARTESIAN_POINT('',(1.18E0,-5.702848156962E-1,6.566037735849E-1));
#2746=CARTESIAN_POINT('',(1.189938118943E0,-5.765000853843E-1,
6.630343211360E-1));
#2747=CARTESIAN_POINT('',(1.200275399014E0,-5.816055151932E-1,
6.697231494176E-1));
#2748=CARTESIAN_POINT('',(1.210909090909E0,-5.858867924528E-1,
6.766037735849E-1));
#2750=DIRECTION('',(7.953601148423E-1,-3.202234187862E-1,5.146447801921E-1));
#2751=VECTOR('',#2750,1.748779030974E-1);
#2752=CARTESIAN_POINT('',(1.210909090909E0,-5.858867924528E-1,
6.766037735849E-1));
#2753=LINE('',#2752,#2751);
#2754=DIRECTION('',(1.E0,0.E0,0.E0));
#2755=VECTOR('',#2754,3.259090909091E-1);
#2756=CARTESIAN_POINT('',(8.85E-1,-5.858867924528E-1,6.766037735849E-1));
#2757=LINE('',#2756,#2755);
#2758=DIRECTION('',(-1.E0,0.E0,0.E0));
#2759=VECTOR('',#2758,2.95E-1);
#2760=CARTESIAN_POINT('',(1.18E0,-4.84E-1,6.2E-1));
#2761=LINE('',#2760,#2759);
#2762=DIRECTION('',(1.E0,0.E0,0.E0));
#2763=VECTOR('',#2762,4.65E-1);
#2764=CARTESIAN_POINT('',(8.85E-1,-6.418867924528E-1,7.666037735849E-1));
#2765=LINE('',#2764,#2763);
#2766=DIRECTION('',(1.E0,0.E0,0.E0));
#2767=VECTOR('',#2766,4.65E-1);
#2768=CARTESIAN_POINT('',(8.85E-1,-5.4E-1,9.5E-1));
#2769=LINE('',#2768,#2767);
#2770=DIRECTION('',(-1.E0,0.E0,0.E0));
#2771=VECTOR('',#2770,2.95E-1);
#2772=CARTESIAN_POINT('',(1.18E0,-3.6E-1,6.2E-1));
#2773=LINE('',#2772,#2771);
#2774=DIRECTION('',(0.E0,-1.E0,0.E0));
#2775=VECTOR('',#2774,1.3E-1);
#2776=CARTESIAN_POINT('',(1.5E0,0.E0,-6.15E-1));
#2777=LINE('',#2776,#2775);
#2778=DIRECTION('',(0.E0,-1.E0,0.E0));
#2779=VECTOR('',#2778,1.3E-1);
#2780=CARTESIAN_POINT('',(1.5E0,0.E0,3.5E-1));
#2781=LINE('',#2780,#2779);
#2782=DIRECTION('',(0.E0,0.E0,1.E0));
#2783=VECTOR('',#2782,1.3E-1);
#2784=CARTESIAN_POINT('',(1.5E0,-2.8E-1,-8.8E-1));
#2785=LINE('',#2784,#2783);
#2786=DIRECTION('',(0.E0,1.E0,0.E0));
#2787=VECTOR('',#2786,3.E-2);
#2788=CARTESIAN_POINT('',(1.5E0,-2.8E-1,-7.5E-1));
#2789=LINE('',#2788,#2787);
#2790=DIRECTION('',(0.E0,0.E0,1.E0));
#2791=VECTOR('',#2790,1.3E-1);
#2792=CARTESIAN_POINT('',(1.5E0,-2.8E-1,7.5E-1));
#2793=LINE('',#2792,#2791);
#2794=DIRECTION('',(0.E0,1.E0,2.220446049250E-14));
#2795=VECTOR('',#2794,3.E-2);
#2796=CARTESIAN_POINT('',(1.5E0,-2.8E-1,8.8E-1));
#2797=LINE('',#2796,#2795);
#2798=DIRECTION('',(0.E0,1.E0,0.E0));
#2799=VECTOR('',#2798,3.E-2);
#2800=CARTESIAN_POINT('',(1.5E0,-2.8E-1,7.5E-1));
#2801=LINE('',#2800,#2799);
#2802=DIRECTION('',(0.E0,0.E0,1.E0));
#2803=VECTOR('',#2802,1.3E-1);
#2804=CARTESIAN_POINT('',(1.5E0,-5.1E-1,-8.8E-1));
#2805=LINE('',#2804,#2803);
#2806=DIRECTION('',(0.E0,0.E0,1.E0));
#2807=VECTOR('',#2806,1.3E-1);
#2808=CARTESIAN_POINT('',(1.5E0,-5.4E-1,-8.8E-1));
#2809=LINE('',#2808,#2807);
#2810=DIRECTION('',(0.E0,1.E0,0.E0));
#2811=VECTOR('',#2810,3.E-2);
#2812=CARTESIAN_POINT('',(1.5E0,-5.4E-1,-7.5E-1));
#2813=LINE('',#2812,#2811);
#2814=DIRECTION('',(0.E0,0.E0,1.E0));
#2815=VECTOR('',#2814,1.3E-1);
#2816=CARTESIAN_POINT('',(1.5E0,-5.1E-1,7.5E-1));
#2817=LINE('',#2816,#2815);
#2818=DIRECTION('',(0.E0,1.E0,0.E0));
#2819=VECTOR('',#2818,3.E-2);
#2820=CARTESIAN_POINT('',(1.5E0,-5.4E-1,7.5E-1));
#2821=LINE('',#2820,#2819);
#2822=DIRECTION('',(0.E0,0.E0,1.E0));
#2823=VECTOR('',#2822,1.3E-1);
#2824=CARTESIAN_POINT('',(1.5E0,-5.4E-1,7.5E-1));
#2825=LINE('',#2824,#2823);
#2826=DIRECTION('',(0.E0,1.E0,-4.810966440042E-14));
#2827=VECTOR('',#2826,3.E-2);
#2828=CARTESIAN_POINT('',(1.5E0,-5.4E-1,8.8E-1));
#2829=LINE('',#2828,#2827);
#2830=DIRECTION('',(-1.E0,0.E0,0.E0));
#2831=VECTOR('',#2830,8.E-2);
#2832=CARTESIAN_POINT('',(1.59E0,-1.3E-1,-5.95E-1));
#2833=LINE('',#2832,#2831);
#2834=DIRECTION('',(0.E0,0.E0,1.E0));
#2835=VECTOR('',#2834,2.25E-1);
#2836=CARTESIAN_POINT('',(1.51E0,-1.3E-1,-5.95E-1));
#2837=LINE('',#2836,#2835);
#2838=DIRECTION('',(-1.E0,0.E0,0.E0));
#2839=VECTOR('',#2838,8.E-2);
#2840=CARTESIAN_POINT('',(1.59E0,-1.3E-1,-3.7E-1));
#2841=LINE('',#2840,#2839);
#2842=DIRECTION('',(0.E0,0.E0,1.E0));
#2843=VECTOR('',#2842,2.E-2);
#2844=CARTESIAN_POINT('',(1.59E0,-1.3E-1,-3.7E-1));
#2845=LINE('',#2844,#2843);
#2846=DIRECTION('',(0.E0,0.E0,-1.E0));
#2847=VECTOR('',#2846,2.65E-1);
#2848=CARTESIAN_POINT('',(1.5E0,-1.3E-1,-3.5E-1));
#2849=LINE('',#2848,#2847);
#2850=DIRECTION('',(0.E0,0.E0,1.E0));
#2851=VECTOR('',#2850,2.E-2);
#2852=CARTESIAN_POINT('',(1.59E0,-1.3E-1,-6.15E-1));
#2853=LINE('',#2852,#2851);
#2854=DIRECTION('',(-1.E0,0.E0,0.E0));
#2855=VECTOR('',#2854,8.E-2);
#2856=CARTESIAN_POINT('',(1.59E0,-1.3E-1,5.95E-1));
#2857=LINE('',#2856,#2855);
#2858=DIRECTION('',(0.E0,0.E0,1.E0));
#2859=VECTOR('',#2858,2.E-2);
#2860=CARTESIAN_POINT('',(1.59E0,-1.3E-1,5.95E-1));
#2861=LINE('',#2860,#2859);
#2862=DIRECTION('',(0.E0,0.E0,-1.E0));
#2863=VECTOR('',#2862,2.65E-1);
#2864=CARTESIAN_POINT('',(1.5E0,-1.3E-1,6.15E-1));
#2865=LINE('',#2864,#2863);
#2866=DIRECTION('',(0.E0,0.E0,1.E0));
#2867=VECTOR('',#2866,2.E-2);
#2868=CARTESIAN_POINT('',(1.59E0,-1.3E-1,3.5E-1));
#2869=LINE('',#2868,#2867);
#2870=DIRECTION('',(-1.E0,0.E0,0.E0));
#2871=VECTOR('',#2870,8.E-2);
#2872=CARTESIAN_POINT('',(1.59E0,-1.3E-1,3.7E-1));
#2873=LINE('',#2872,#2871);
#2874=DIRECTION('',(0.E0,0.E0,1.E0));
#2875=VECTOR('',#2874,2.25E-1);
#2876=CARTESIAN_POINT('',(1.51E0,-1.3E-1,3.7E-1));
#2877=LINE('',#2876,#2875);
#2878=CARTESIAN_POINT('',(1.63E0,-1.E-1,-5.95E-1));
#2879=DIRECTION('',(0.E0,0.E0,-1.E0));
#2880=DIRECTION('',(-1.E0,0.E0,0.E0));
#2881=AXIS2_PLACEMENT_3D('',#2878,#2879,#2880);
#2883=DIRECTION('',(0.E0,1.E0,0.E0));
#2884=VECTOR('',#2883,3.E-2);
#2885=CARTESIAN_POINT('',(1.59E0,-1.3E-1,-5.95E-1));
#2886=LINE('',#2885,#2884);
#2887=DIRECTION('',(0.E0,-1.E0,0.E0));
#2888=VECTOR('',#2887,6.E-2);
#2889=CARTESIAN_POINT('',(1.73E0,0.E0,-5.95E-1));
#2890=LINE('',#2889,#2888);
#2891=DIRECTION('',(-1.E0,0.E0,0.E0));
#2892=VECTOR('',#2891,2.E-2);
#2893=CARTESIAN_POINT('',(1.73E0,0.E0,-5.95E-1));
#2894=LINE('',#2893,#2892);
#2895=DIRECTION('',(7.071067811865E-1,-7.071067811866E-1,0.E0));
#2896=VECTOR('',#2895,2.828427124746E-2);
#2897=CARTESIAN_POINT('',(1.69E0,2.E-2,-5.95E-1));
#2898=LINE('',#2897,#2896);
#2899=DIRECTION('',(-1.E0,0.E0,0.E0));
#2900=VECTOR('',#2899,6.E-2);
#2901=CARTESIAN_POINT('',(1.69E0,2.E-2,-5.95E-1));
#2902=LINE('',#2901,#2900);
#2903=CARTESIAN_POINT('',(1.63E0,-1.E-1,-3.7E-1));
#2904=DIRECTION('',(0.E0,0.E0,1.E0));
#2905=DIRECTION('',(0.E0,1.E0,0.E0));
#2906=AXIS2_PLACEMENT_3D('',#2903,#2904,#2905);
#2908=DIRECTION('',(1.E0,0.E0,0.E0));
#2909=VECTOR('',#2908,6.E-2);
#2910=CARTESIAN_POINT('',(1.63E0,2.E-2,-3.7E-1));
#2911=LINE('',#2910,#2909);
#2912=DIRECTION('',(7.071067811865E-1,-7.071067811866E-1,0.E0));
#2913=VECTOR('',#2912,2.828427124746E-2);
#2914=CARTESIAN_POINT('',(1.69E0,2.E-2,-3.7E-1));
#2915=LINE('',#2914,#2913);
#2916=DIRECTION('',(-1.E0,0.E0,0.E0));
#2917=VECTOR('',#2916,2.E-2);
#2918=CARTESIAN_POINT('',(1.73E0,0.E0,-3.7E-1));
#2919=LINE('',#2918,#2917);
#2920=DIRECTION('',(0.E0,1.E0,0.E0));
#2921=VECTOR('',#2920,3.E-2);
#2922=CARTESIAN_POINT('',(1.51E0,-1.3E-1,-3.7E-1));
#2923=LINE('',#2922,#2921);
#2924=DIRECTION('',(0.E0,0.E0,-1.E0));
#2925=VECTOR('',#2924,2.25E-1);
#2926=CARTESIAN_POINT('',(-1.63E0,2.E-2,-3.7E-1));
#2927=LINE('',#2926,#2925);
#2928=DIRECTION('',(0.E0,0.E0,1.E0));
#2929=VECTOR('',#2928,2.25E-1);
#2930=CARTESIAN_POINT('',(-1.69E0,2.E-2,-5.95E-1));
#2931=LINE('',#2930,#2929);
#2932=DIRECTION('',(0.E0,0.E0,-1.E0));
#2933=VECTOR('',#2932,2.25E-1);
#2934=CARTESIAN_POINT('',(-1.63E0,2.E-2,5.95E-1));
#2935=LINE('',#2934,#2933);
#2936=DIRECTION('',(0.E0,0.E0,1.E0));
#2937=VECTOR('',#2936,2.25E-1);
#2938=CARTESIAN_POINT('',(-1.69E0,2.E-2,3.7E-1));
#2939=LINE('',#2938,#2937);
#2940=DIRECTION('',(0.E0,0.E0,1.E0));
#2941=VECTOR('',#2940,2.25E-1);
#2942=CARTESIAN_POINT('',(1.63E0,2.E-2,-5.95E-1));
#2943=LINE('',#2942,#2941);
#2944=DIRECTION('',(0.E0,0.E0,1.E0));
#2945=VECTOR('',#2944,2.25E-1);
#2946=CARTESIAN_POINT('',(1.69E0,2.E-2,-5.95E-1));
#2947=LINE('',#2946,#2945);
#2948=DIRECTION('',(0.E0,0.E0,1.E0));
#2949=VECTOR('',#2948,2.25E-1);
#2950=CARTESIAN_POINT('',(1.63E0,2.E-2,3.7E-1));
#2951=LINE('',#2950,#2949);
#2952=DIRECTION('',(0.E0,0.E0,1.E0));
#2953=VECTOR('',#2952,2.25E-1);
#2954=CARTESIAN_POINT('',(1.69E0,2.E-2,3.7E-1));
#2955=LINE('',#2954,#2953);
#2956=CARTESIAN_POINT('',(-1.63E0,-1.E-1,-5.95E-1));
#2957=DIRECTION('',(0.E0,0.E0,-1.E0));
#2958=DIRECTION('',(0.E0,1.E0,0.E0));
#2959=AXIS2_PLACEMENT_3D('',#2956,#2957,#2958);
#2961=DIRECTION('',(-1.E0,0.E0,0.E0));
#2962=VECTOR('',#2961,6.E-2);
#2963=CARTESIAN_POINT('',(-1.63E0,2.E-2,-5.95E-1));
#2964=LINE('',#2963,#2962);
#2965=DIRECTION('',(7.071067811865E-1,7.071067811866E-1,0.E0));
#2966=VECTOR('',#2965,2.828427124746E-2);
#2967=CARTESIAN_POINT('',(-1.71E0,0.E0,-5.95E-1));
#2968=LINE('',#2967,#2966);
#2969=DIRECTION('',(1.E0,0.E0,0.E0));
#2970=VECTOR('',#2969,2.E-2);
#2971=CARTESIAN_POINT('',(-1.73E0,0.E0,-5.95E-1));
#2972=LINE('',#2971,#2970);
#2973=DIRECTION('',(0.E0,1.E0,0.E0));
#2974=VECTOR('',#2973,3.E-2);
#2975=CARTESIAN_POINT('',(-1.51E0,-1.3E-1,-5.95E-1));
#2976=LINE('',#2975,#2974);
#2977=DIRECTION('',(0.E0,0.E0,-1.E0));
#2978=VECTOR('',#2977,2.25E-1);
#2979=CARTESIAN_POINT('',(-1.71E0,0.E0,-3.7E-1));
#2980=LINE('',#2979,#2978);
#2981=DIRECTION('',(0.E0,0.E0,-1.E0));
#2982=VECTOR('',#2981,2.25E-1);
#2983=CARTESIAN_POINT('',(-1.71E0,0.E0,5.95E-1));
#2984=LINE('',#2983,#2982);
#2985=CARTESIAN_POINT('',(-1.63E0,-1.E-1,-3.7E-1));
#2986=DIRECTION('',(0.E0,0.E0,1.E0));
#2987=DIRECTION('',(1.E0,0.E0,0.E0));
#2988=AXIS2_PLACEMENT_3D('',#2985,#2986,#2987);
#2990=DIRECTION('',(0.E0,1.E0,0.E0));
#2991=VECTOR('',#2990,3.E-2);
#2992=CARTESIAN_POINT('',(-1.59E0,-1.3E-1,-3.7E-1));
#2993=LINE('',#2992,#2991);
#2994=DIRECTION('',(0.E0,-1.E0,0.E0));
#2995=VECTOR('',#2994,6.E-2);
#2996=CARTESIAN_POINT('',(-1.73E0,0.E0,-3.7E-1));
#2997=LINE('',#2996,#2995);
#2998=DIRECTION('',(1.E0,0.E0,0.E0));
#2999=VECTOR('',#2998,2.E-2);
#3000=CARTESIAN_POINT('',(-1.73E0,0.E0,-3.7E-1));
#3001=LINE('',#3000,#2999);
#3002=DIRECTION('',(7.071067811865E-1,7.071067811866E-1,0.E0));
#3003=VECTOR('',#3002,2.828427124746E-2);
#3004=CARTESIAN_POINT('',(-1.71E0,0.E0,-3.7E-1));
#3005=LINE('',#3004,#3003);
#3006=DIRECTION('',(1.E0,0.E0,0.E0));
#3007=VECTOR('',#3006,6.E-2);
#3008=CARTESIAN_POINT('',(-1.69E0,2.E-2,-3.7E-1));
#3009=LINE('',#3008,#3007);
#3010=DIRECTION('',(0.E0,0.E0,-1.E0));
#3011=VECTOR('',#3010,2.25E-1);
#3012=CARTESIAN_POINT('',(-1.51E0,-1.E-1,-3.7E-1));
#3013=LINE('',#3012,#3011);
#3014=DIRECTION('',(0.E0,1.E0,0.E0));
#3015=VECTOR('',#3014,3.E-2);
#3016=CARTESIAN_POINT('',(-1.51E0,-1.3E-1,-3.7E-1));
#3017=LINE('',#3016,#3015);
#3018=DIRECTION('',(1.E0,0.E0,0.E0));
#3019=VECTOR('',#3018,8.E-2);
#3020=CARTESIAN_POINT('',(-1.59E0,-1.3E-1,-5.95E-1));
#3021=LINE('',#3020,#3019);
#3022=DIRECTION('',(0.E0,0.E0,1.E0));
#3023=VECTOR('',#3022,2.65E-1);
#3024=CARTESIAN_POINT('',(-1.5E0,-1.3E-1,-6.15E-1));
#3025=LINE('',#3024,#3023);
#3026=DIRECTION('',(1.E0,0.E0,0.E0));
#3027=VECTOR('',#3026,8.E-2);
#3028=CARTESIAN_POINT('',(-1.59E0,-1.3E-1,-3.7E-1));
#3029=LINE('',#3028,#3027);
#3030=DIRECTION('',(0.E0,0.E0,-1.E0));
#3031=VECTOR('',#3030,2.25E-1);
#3032=CARTESIAN_POINT('',(-1.51E0,-1.3E-1,-3.7E-1));
#3033=LINE('',#3032,#3031);
#3034=DIRECTION('',(0.E0,0.E0,-1.E0));
#3035=VECTOR('',#3034,2.25E-1);
#3036=CARTESIAN_POINT('',(-1.51E0,-1.3E-1,5.95E-1));
#3037=LINE('',#3036,#3035);
#3038=DIRECTION('',(1.E0,0.E0,0.E0));
#3039=VECTOR('',#3038,8.E-2);
#3040=CARTESIAN_POINT('',(-1.59E0,-1.3E-1,3.7E-1));
#3041=LINE('',#3040,#3039);
#3042=DIRECTION('',(0.E0,0.E0,1.E0));
#3043=VECTOR('',#3042,2.65E-1);
#3044=CARTESIAN_POINT('',(-1.5E0,-1.3E-1,3.5E-1));
#3045=LINE('',#3044,#3043);
#3046=DIRECTION('',(1.E0,0.E0,0.E0));
#3047=VECTOR('',#3046,8.E-2);
#3048=CARTESIAN_POINT('',(-1.59E0,-1.3E-1,5.95E-1));
#3049=LINE('',#3048,#3047);
#3050=DIRECTION('',(0.E0,-1.E0,0.E0));
#3051=VECTOR('',#3050,2.3E-1);
#3052=CARTESIAN_POINT('',(-1.59E0,-2.8E-1,8.3E-1));
#3053=LINE('',#3052,#3051);
#3054=DIRECTION('',(0.E0,0.E0,-1.E0));
#3055=VECTOR('',#3054,8.E-2);
#3056=CARTESIAN_POINT('',(-1.59E0,-5.1E-1,8.3E-1));
#3057=LINE('',#3056,#3055);
#3058=DIRECTION('',(0.E0,0.E0,-1.E0));
#3059=VECTOR('',#3058,1.5E0);
#3060=CARTESIAN_POINT('',(-1.59E0,-5.4E-1,7.5E-1));
#3061=LINE('',#3060,#3059);
#3062=DIRECTION('',(0.E0,0.E0,-1.E0));
#3063=VECTOR('',#3062,8.E-2);
#3064=CARTESIAN_POINT('',(-1.59E0,-5.1E-1,-7.5E-1));
#3065=LINE('',#3064,#3063);
#3066=DIRECTION('',(0.E0,1.E0,0.E0));
#3067=VECTOR('',#3066,2.3E-1);
#3068=CARTESIAN_POINT('',(-1.59E0,-5.1E-1,-8.3E-1));
#3069=LINE('',#3068,#3067);
#3070=DIRECTION('',(0.E0,0.E0,1.E0));
#3071=VECTOR('',#3070,8.E-2);
#3072=CARTESIAN_POINT('',(-1.59E0,-2.8E-1,-8.3E-1));
#3073=LINE('',#3072,#3071);
#3074=DIRECTION('',(0.E0,0.E0,1.E0));
#3075=VECTOR('',#3074,2.E-2);
#3076=CARTESIAN_POINT('',(-1.59E0,-1.3E-1,-6.15E-1));
#3077=LINE('',#3076,#3075);
#3078=DIRECTION('',(0.E0,1.E0,0.E0));
#3079=VECTOR('',#3078,3.E-2);
#3080=CARTESIAN_POINT('',(-1.59E0,-1.3E-1,-5.95E-1));
#3081=LINE('',#3080,#3079);
#3082=DIRECTION('',(0.E0,0.E0,1.E0));
#3083=VECTOR('',#3082,2.25E-1);
#3084=CARTESIAN_POINT('',(-1.59E0,-1.E-1,-5.95E-1));
#3085=LINE('',#3084,#3083);
#3086=DIRECTION('',(0.E0,0.E0,1.E0));
#3087=VECTOR('',#3086,2.E-2);
#3088=CARTESIAN_POINT('',(-1.59E0,-1.3E-1,-3.7E-1));
#3089=LINE('',#3088,#3087);
#3090=DIRECTION('',(0.E0,0.E0,1.E0));
#3091=VECTOR('',#3090,2.E-2);
#3092=CARTESIAN_POINT('',(-1.59E0,-1.3E-1,3.5E-1));
#3093=LINE('',#3092,#3091);
#3094=DIRECTION('',(0.E0,1.E0,0.E0));
#3095=VECTOR('',#3094,3.E-2);
#3096=CARTESIAN_POINT('',(-1.59E0,-1.3E-1,3.7E-1));
#3097=LINE('',#3096,#3095);
#3098=DIRECTION('',(0.E0,0.E0,1.E0));
#3099=VECTOR('',#3098,2.25E-1);
#3100=CARTESIAN_POINT('',(-1.59E0,-1.E-1,3.7E-1));
#3101=LINE('',#3100,#3099);
#3102=DIRECTION('',(0.E0,0.E0,1.E0));
#3103=VECTOR('',#3102,2.E-2);
#3104=CARTESIAN_POINT('',(-1.59E0,-1.3E-1,5.95E-1));
#3105=LINE('',#3104,#3103);
#3106=DIRECTION('',(0.E0,0.E0,1.E0));
#3107=VECTOR('',#3106,8.E-2);
#3108=CARTESIAN_POINT('',(-1.59E0,-2.8E-1,7.5E-1));
#3109=LINE('',#3108,#3107);
#3110=CARTESIAN_POINT('',(-1.47E0,-5.1E-1,8.3E-1));
#3111=DIRECTION('',(0.E0,-1.E0,0.E0));
#3112=DIRECTION('',(0.E0,0.E0,1.E0));
#3113=AXIS2_PLACEMENT_3D('',#3110,#3111,#3112);
#3115=CARTESIAN_POINT('',(-1.47E0,-5.1E-1,-8.3E-1));
#3116=DIRECTION('',(0.E0,-1.E0,0.E0));
#3117=DIRECTION('',(-1.E0,0.E0,0.E0));
#3118=AXIS2_PLACEMENT_3D('',#3115,#3116,#3117);
#3120=DIRECTION('',(0.E0,-1.E0,0.E0));
#3121=VECTOR('',#3120,1.352830188679E-1);
#3122=CARTESIAN_POINT('',(-1.35E0,-5.066037735849E-1,7.666037735849E-1));
#3123=LINE('',#3122,#3121);
#3124=DIRECTION('',(0.E0,0.E0,1.E0));
#3125=VECTOR('',#3124,7.E-2);
#3126=CARTESIAN_POINT('',(-1.35E0,-5.1E-1,8.8E-1));
#3127=LINE('',#3126,#3125);
#3128=CARTESIAN_POINT('',(-1.35E0,-5.4E-1,8.3E-1));
#3129=DIRECTION('',(-1.E0,0.E0,0.E0));
#3130=DIRECTION('',(0.E0,-8.490566037736E-1,-5.283018867925E-1));
#3131=AXIS2_PLACEMENT_3D('',#3128,#3129,#3130);
#3133=DIRECTION('',(0.E0,1.E0,0.E0));
#3134=VECTOR('',#3133,1.352830188679E-1);
#3135=CARTESIAN_POINT('',(-1.35E0,-6.418867924528E-1,-7.666037735849E-1));
#3136=LINE('',#3135,#3134);
#3137=CARTESIAN_POINT('',(-1.35E0,-5.4E-1,-8.3E-1));
#3138=DIRECTION('',(-1.E0,0.E0,0.E0));
#3139=DIRECTION('',(0.E0,-2.960594732334E-13,-1.E0));
#3140=AXIS2_PLACEMENT_3D('',#3137,#3138,#3139);
#3142=DIRECTION('',(0.E0,0.E0,-1.E0));
#3143=VECTOR('',#3142,7.E-2);
#3144=CARTESIAN_POINT('',(-1.35E0,-5.1E-1,-8.8E-1));
#3145=LINE('',#3144,#3143);
#3146=DIRECTION('',(-7.377371622247E-1,-4.773593402630E-1,4.773593402630E-1));
#3147=VECTOR('',#3146,1.747032463409E-1);
#3148=CARTESIAN_POINT('',(-1.18E0,-3.966037735849E-1,6.566037735849E-1));
#3149=LINE('',#3148,#3147);
#3150=DIRECTION('',(7.953601148423E-1,3.202234187862E-1,-5.146447801921E-1));
#3151=VECTOR('',#3150,1.748779030974E-1);
#3152=CARTESIAN_POINT('',(-1.35E0,-6.418867924528E-1,7.666037735849E-1));
#3153=LINE('',#3152,#3151);
#3154=CARTESIAN_POINT('',(-1.210909090909E0,-5.858867924528E-1,
6.766037735849E-1));
#3155=CARTESIAN_POINT('',(-1.200275399014E0,-5.816055151932E-1,
6.697231494176E-1));
#3156=CARTESIAN_POINT('',(-1.189938118943E0,-5.765000853843E-1,
6.630343211360E-1));
#3157=CARTESIAN_POINT('',(-1.18E0,-5.702848156962E-1,6.566037735849E-1));
#3159=DIRECTION('',(0.E0,-1.E0,0.E0));
#3160=VECTOR('',#3159,1.736810421113E-1);
#3161=CARTESIAN_POINT('',(-1.18E0,-3.966037735849E-1,6.566037735849E-1));
#3162=LINE('',#3161,#3160);
#3163=CARTESIAN_POINT('',(-1.18E0,-4.84E-1,7.4E-1));
#3164=DIRECTION('',(-1.E0,0.E0,0.E0));
#3165=DIRECTION('',(0.E0,1.063963731932E-14,-1.E0));
#3166=AXIS2_PLACEMENT_3D('',#3163,#3164,#3165);
#3168=DIRECTION('',(0.E0,-1.E0,0.E0));
#3169=VECTOR('',#3168,1.24E-1);
#3170=CARTESIAN_POINT('',(-1.18E0,-3.6E-1,6.2E-1));
#3171=LINE('',#3170,#3169);
#3172=DIRECTION('',(0.E0,0.E0,-1.E0));
#3173=VECTOR('',#3172,1.2E-1);
#3174=CARTESIAN_POINT('',(-1.18E0,-3.6E-1,7.4E-1));
#3175=LINE('',#3174,#3173);
#3176=DIRECTION('',(0.E0,-7.071067811865E-1,7.071067811865E-1));
#3177=VECTOR('',#3176,1.179400744470E-1);
#3178=CARTESIAN_POINT('',(-1.18E0,-3.966037735849E-1,6.566037735849E-1));
#3179=LINE('',#3178,#3177);
#3180=DIRECTION('',(0.E0,1.E0,0.E0));
#3181=VECTOR('',#3180,1.736810421113E-1);
#3182=CARTESIAN_POINT('',(-1.18E0,-5.702848156962E-1,-6.566037735849E-1));
#3183=LINE('',#3182,#3181);
#3184=DIRECTION('',(0.E0,-7.071067811865E-1,-7.071067811865E-1));
#3185=VECTOR('',#3184,1.179400744470E-1);
#3186=CARTESIAN_POINT('',(-1.18E0,-3.966037735849E-1,-6.566037735849E-1));
#3187=LINE('',#3186,#3185);
#3188=DIRECTION('',(0.E0,0.E0,-1.E0));
#3189=VECTOR('',#3188,1.2E-1);
#3190=CARTESIAN_POINT('',(-1.18E0,-3.6E-1,-6.2E-1));
#3191=LINE('',#3190,#3189);
#3192=DIRECTION('',(0.E0,1.E0,0.E0));
#3193=VECTOR('',#3192,1.24E-1);
#3194=CARTESIAN_POINT('',(-1.18E0,-4.84E-1,-6.2E-1));
#3195=LINE('',#3194,#3193);
#3196=CARTESIAN_POINT('',(-1.18E0,-4.84E-1,-7.4E-1));
#3197=DIRECTION('',(-1.E0,0.E0,0.E0));
#3198=DIRECTION('',(0.E0,-7.190401308015E-1,6.949685534591E-1));
#3199=AXIS2_PLACEMENT_3D('',#3196,#3197,#3198);
#3201=DIRECTION('',(1.E0,0.E0,0.E0));
#3202=VECTOR('',#3201,3.259090909091E-1);
#3203=CARTESIAN_POINT('',(-1.210909090909E0,-5.858867924528E-1,
6.766037735849E-1));
#3204=LINE('',#3203,#3202);
#3205=DIRECTION('',(-1.E0,0.E0,0.E0));
#3206=VECTOR('',#3205,2.95E-1);
#3207=CARTESIAN_POINT('',(-8.85E-1,-4.84E-1,6.2E-1));
#3208=LINE('',#3207,#3206);
#3209=DIRECTION('',(1.E0,0.E0,0.E0));
#3210=VECTOR('',#3209,4.65E-1);
#3211=CARTESIAN_POINT('',(-1.35E0,-6.418867924528E-1,7.666037735849E-1));
#3212=LINE('',#3211,#3210);
#3213=DIRECTION('',(1.E0,0.E0,0.E0));
#3214=VECTOR('',#3213,4.65E-1);
#3215=CARTESIAN_POINT('',(-1.35E0,-5.4E-1,9.5E-1));
#3216=LINE('',#3215,#3214);
#3217=DIRECTION('',(-1.E0,0.E0,0.E0));
#3218=VECTOR('',#3217,2.95E-1);
#3219=CARTESIAN_POINT('',(-8.85E-1,-3.6E-1,6.2E-1));
#3220=LINE('',#3219,#3218);
#3221=DIRECTION('',(7.377371622247E-1,4.773593402630E-1,4.773593402630E-1));
#3222=VECTOR('',#3221,1.747032463409E-1);
#3223=CARTESIAN_POINT('',(-1.308885077187E0,-4.8E-1,-7.4E-1));
#3224=LINE('',#3223,#3222);
#3225=CARTESIAN_POINT('',(-1.18E0,-5.702848156962E-1,-6.566037735849E-1));
#3226=CARTESIAN_POINT('',(-1.189938118943E0,-5.765000853843E-1,
-6.630343211360E-1));
#3227=CARTESIAN_POINT('',(-1.200275399014E0,-5.816055151932E-1,
-6.697231494176E-1));
#3228=CARTESIAN_POINT('',(-1.210909090909E0,-5.858867924528E-1,
-6.766037735849E-1));
#3230=DIRECTION('',(-7.953601148423E-1,-3.202234187862E-1,-5.146447801921E-1));
#3231=VECTOR('',#3230,1.748779030974E-1);
#3232=CARTESIAN_POINT('',(-1.210909090909E0,-5.858867924528E-1,
-6.766037735849E-1));
#3233=LINE('',#3232,#3231);
#3234=DIRECTION('',(0.E0,7.071067811865E-1,7.071067811865E-1));
#3235=VECTOR('',#3234,8.485281374239E-2);
#3236=CARTESIAN_POINT('',(-8.85E-1,-5.4E-1,-8.E-1));
#3237=LINE('',#3236,#3235);
#3238=DIRECTION('',(7.377371622247E-1,4.773593402630E-1,4.773593402630E-1));
#3239=VECTOR('',#3238,5.573112609518E-2);
#3240=CARTESIAN_POINT('',(-1.35E0,-5.066037735849E-1,-7.666037735849E-1));
#3241=LINE('',#3240,#3239);
#3242=DIRECTION('',(-2.350703398595E-14,7.071067811865E-1,7.071067811865E-1));
#3243=VECTOR('',#3242,4.722939632830E-2);
#3244=CARTESIAN_POINT('',(-1.35E0,-5.4E-1,-8.E-1));
#3245=LINE('',#3244,#3243);
#3246=DIRECTION('',(-1.E0,-1.026657850729E-14,-1.528048894108E-14));
#3247=VECTOR('',#3246,4.65E-1);
#3248=CARTESIAN_POINT('',(-8.85E-1,-6.418867924528E-1,-7.666037735849E-1));
#3249=LINE('',#3248,#3247);
#3250=DIRECTION('',(1.E0,0.E0,0.E0));
#3251=VECTOR('',#3250,3.259090909091E-1);
#3252=CARTESIAN_POINT('',(-1.210909090909E0,-5.858867924528E-1,
-6.766037735849E-1));
#3253=LINE('',#3252,#3251);
#3254=DIRECTION('',(-1.E0,-3.509737303654E-14,0.E0));
#3255=VECTOR('',#3254,4.65E-1);
#3256=CARTESIAN_POINT('',(-8.85E-1,-5.4E-1,-9.5E-1));
#3257=LINE('',#3256,#3255);
#3258=DIRECTION('',(-1.E0,0.E0,0.E0));
#3259=VECTOR('',#3258,2.95E-1);
#3260=CARTESIAN_POINT('',(-8.85E-1,-4.84E-1,-6.2E-1));
#3261=LINE('',#3260,#3259);
#3262=DIRECTION('',(-1.E0,0.E0,0.E0));
#3263=VECTOR('',#3262,2.95E-1);
#3264=CARTESIAN_POINT('',(-8.85E-1,-3.6E-1,-6.2E-1));
#3265=LINE('',#3264,#3263);
#3266=DIRECTION('',(0.E0,1.E0,0.E0));
#3267=VECTOR('',#3266,1.9E-1);
#3268=CARTESIAN_POINT('',(-8.85E-1,-5.4E-1,8.8E-1));
#3269=LINE('',#3268,#3267);
#3270=DIRECTION('',(-1.E0,0.E0,0.E0));
#3271=VECTOR('',#3270,9.E-2);
#3272=CARTESIAN_POINT('',(-8.85E-1,-3.5E-1,8.8E-1));
#3273=LINE('',#3272,#3271);
#3274=DIRECTION('',(0.E0,1.E0,0.E0));
#3275=VECTOR('',#3274,1.2E-1);
#3276=CARTESIAN_POINT('',(-9.75E-1,-3.5E-1,8.8E-1));
#3277=LINE('',#3276,#3275);
#3278=DIRECTION('',(1.E0,0.E0,0.E0));
#3279=VECTOR('',#3278,1.9E-1);
#3280=CARTESIAN_POINT('',(-9.75E-1,-2.3E-1,8.8E-1));
#3281=LINE('',#3280,#3279);
#3282=DIRECTION('',(0.E0,-1.E0,0.E0));
#3283=VECTOR('',#3282,1.2E-1);
#3284=CARTESIAN_POINT('',(-7.85E-1,-2.3E-1,8.8E-1));
#3285=LINE('',#3284,#3283);
#3286=DIRECTION('',(4.997224534896E-1,-8.661855860486E-1,0.E0));
#3287=VECTOR('',#3286,3.001666203961E-2);
#3288=CARTESIAN_POINT('',(-7.85E-1,-3.5E-1,8.8E-1));
#3289=LINE('',#3288,#3287);
#3290=DIRECTION('',(0.E0,-1.E0,0.E0));
#3291=VECTOR('',#3290,6.4E-2);
#3292=CARTESIAN_POINT('',(-7.7E-1,-3.76E-1,8.8E-1));
#3293=LINE('',#3292,#3291);
#3294=DIRECTION('',(-1.E0,0.E0,0.E0));
#3295=VECTOR('',#3294,4.E-2);
#3296=CARTESIAN_POINT('',(-7.7E-1,-4.4E-1,8.8E-1));
#3297=LINE('',#3296,#3295);
#3298=DIRECTION('',(0.E0,1.E0,0.E0));
#3299=VECTOR('',#3298,1.E-1);
#3300=CARTESIAN_POINT('',(-8.1E-1,-5.4E-1,8.8E-1));
#3301=LINE('',#3300,#3299);
#3302=DIRECTION('',(-1.E0,0.E0,0.E0));
#3303=VECTOR('',#3302,7.5E-2);
#3304=CARTESIAN_POINT('',(-8.1E-1,-5.4E-1,8.8E-1));
#3305=LINE('',#3304,#3303);
#3306=DIRECTION('',(1.E0,0.E0,0.E0));
#3307=VECTOR('',#3306,3.45E-1);
#3308=CARTESIAN_POINT('',(-1.5E0,-2.8E-1,8.8E-1));
#3309=LINE('',#3308,#3307);
#3310=DIRECTION('',(0.E0,1.E0,-1.110223024625E-14));
#3311=VECTOR('',#3310,3.E-2);
#3312=CARTESIAN_POINT('',(-1.5E0,-2.8E-1,8.8E-1));
#3313=LINE('',#3312,#3311);
#3314=DIRECTION('',(1.E0,0.E0,0.E0));
#3315=VECTOR('',#3314,6.85E-1);
#3316=CARTESIAN_POINT('',(-1.235E0,0.E0,8.8E-1));
#3317=LINE('',#3316,#3315);
#3318=DIRECTION('',(0.E0,-1.E0,0.E0));
#3319=VECTOR('',#3318,1.E-1);
#3320=CARTESIAN_POINT('',(-5.5E-1,0.E0,8.8E-1));
#3321=LINE('',#3320,#3319);
#3322=DIRECTION('',(0.E0,-1.E0,0.E0));
#3323=VECTOR('',#3322,3.4E-1);
#3324=CARTESIAN_POINT('',(-5.9E-1,-1.E-1,8.8E-1));
#3325=LINE('',#3324,#3323);
#3326=DIRECTION('',(-1.E0,0.E0,0.E0));
#3327=VECTOR('',#3326,4.E-2);
#3328=CARTESIAN_POINT('',(-5.9E-1,-4.4E-1,8.8E-1));
#3329=LINE('',#3328,#3327);
#3330=DIRECTION('',(0.E0,1.E0,0.E0));
#3331=VECTOR('',#3330,2.8E-1);
#3332=CARTESIAN_POINT('',(-6.3E-1,-4.4E-1,8.8E-1));
#3333=LINE('',#3332,#3331);
#3334=DIRECTION('',(-4.472135955E-1,8.944271909999E-1,0.E0));
#3335=VECTOR('',#3334,1.118033988750E-1);
#3336=CARTESIAN_POINT('',(-6.3E-1,-1.6E-1,8.8E-1));
#3337=LINE('',#3336,#3335);
#3338=DIRECTION('',(-1.E0,0.E0,0.E0));
#3339=VECTOR('',#3338,4.75E-1);
#3340=CARTESIAN_POINT('',(-6.8E-1,-6.E-2,8.8E-1));
#3341=LINE('',#3340,#3339);
#3342=DIRECTION('',(0.E0,-1.E0,0.E0));
#3343=VECTOR('',#3342,2.2E-1);
#3344=CARTESIAN_POINT('',(-1.155E0,-6.E-2,8.8E-1));
#3345=LINE('',#3344,#3343);
#3346=DIRECTION('',(1.E0,0.E0,0.E0));
#3347=VECTOR('',#3346,1.5E-1);
#3348=CARTESIAN_POINT('',(-1.5E0,-5.1E-1,8.8E-1));
#3349=LINE('',#3348,#3347);
#3350=DIRECTION('',(2.220446049250E-14,1.E0,-1.110223024625E-14));
#3351=VECTOR('',#3350,3.E-2);
#3352=CARTESIAN_POINT('',(-1.35E0,-5.4E-1,8.8E-1));
#3353=LINE('',#3352,#3351);
#3354=DIRECTION('',(-1.E0,0.E0,0.E0));
#3355=VECTOR('',#3354,1.5E-1);
#3356=CARTESIAN_POINT('',(-1.35E0,-5.4E-1,8.8E-1));
#3357=LINE('',#3356,#3355);
#3358=DIRECTION('',(0.E0,1.E0,1.480297366167E-14));
#3359=VECTOR('',#3358,3.E-2);
#3360=CARTESIAN_POINT('',(-1.5E0,-5.4E-1,8.8E-1));
#3361=LINE('',#3360,#3359);
#3362=DIRECTION('',(0.E0,0.E0,1.E0));
#3363=VECTOR('',#3362,7.E-2);
#3364=CARTESIAN_POINT('',(-8.85E-1,-3.5E-1,8.8E-1));
#3365=LINE('',#3364,#3363);
#3366=DIRECTION('',(0.E0,0.E0,1.E0));
#3367=VECTOR('',#3366,7.E-2);
#3368=CARTESIAN_POINT('',(-9.75E-1,-3.5E-1,8.8E-1));
#3369=LINE('',#3368,#3367);
#3370=DIRECTION('',(0.E0,0.E0,1.E0));
#3371=VECTOR('',#3370,7.E-2);
#3372=CARTESIAN_POINT('',(-9.75E-1,-2.3E-1,8.8E-1));
#3373=LINE('',#3372,#3371);
#3374=DIRECTION('',(0.E0,0.E0,1.E0));
#3375=VECTOR('',#3374,7.E-2);
#3376=CARTESIAN_POINT('',(-7.85E-1,-2.3E-1,8.8E-1));
#3377=LINE('',#3376,#3375);
#3378=DIRECTION('',(0.E0,0.E0,1.E0));
#3379=VECTOR('',#3378,7.E-2);
#3380=CARTESIAN_POINT('',(-7.85E-1,-3.5E-1,8.8E-1));
#3381=LINE('',#3380,#3379);
#3382=CARTESIAN_POINT('',(-1.47E0,-2.8E-1,8.3E-1));
#3383=DIRECTION('',(0.E0,1.E0,0.E0));
#3384=DIRECTION('',(-1.E0,0.E0,0.E0));
#3385=AXIS2_PLACEMENT_3D('',#3382,#3383,#3384);
#3387=DIRECTION('',(0.E0,0.E0,1.E0));
#3388=VECTOR('',#3387,7.E-2);
#3389=CARTESIAN_POINT('',(-1.155E0,-2.8E-1,8.8E-1));
#3390=LINE('',#3389,#3388);
#3391=CARTESIAN_POINT('',(-1.47E0,-2.8E-1,-8.3E-1));
#3392=DIRECTION('',(0.E0,1.E0,0.E0));
#3393=DIRECTION('',(0.E0,0.E0,-1.E0));
#3394=AXIS2_PLACEMENT_3D('',#3391,#3392,#3393);
#3396=DIRECTION('',(0.E0,0.E0,-1.E0));
#3397=VECTOR('',#3396,7.E-2);
#3398=CARTESIAN_POINT('',(-1.155E0,-2.8E-1,-8.8E-1));
#3399=LINE('',#3398,#3397);
#3400=DIRECTION('',(0.E0,-1.E0,0.E0));
#3401=VECTOR('',#3400,1.3E-1);
#3402=CARTESIAN_POINT('',(-1.5E0,0.E0,-3.5E-1));
#3403=LINE('',#3402,#3401);
#3404=DIRECTION('',(0.E0,-1.E0,0.E0));
#3405=VECTOR('',#3404,1.3E-1);
#3406=CARTESIAN_POINT('',(-1.5E0,0.E0,6.15E-1));
#3407=LINE('',#3406,#3405);
#3408=DIRECTION('',(0.E0,0.E0,-1.E0));
#3409=VECTOR('',#3408,1.3E-1);
#3410=CARTESIAN_POINT('',(-1.5E0,-2.8E-1,8.8E-1));
#3411=LINE('',#3410,#3409);
#3412=DIRECTION('',(0.E0,1.E0,0.E0));
#3413=VECTOR('',#3412,3.E-2);
#3414=CARTESIAN_POINT('',(-1.5E0,-2.8E-1,7.5E-1));
#3415=LINE('',#3414,#3413);
#3416=DIRECTION('',(0.E0,0.E0,-1.E0));
#3417=VECTOR('',#3416,1.3E-1);
#3418=CARTESIAN_POINT('',(-1.5E0,-2.8E-1,-7.5E-1));
#3419=LINE('',#3418,#3417);
#3420=DIRECTION('',(0.E0,1.E0,0.E0));
#3421=VECTOR('',#3420,3.E-2);
#3422=CARTESIAN_POINT('',(-1.5E0,-2.8E-1,-8.8E-1));
#3423=LINE('',#3422,#3421);
#3424=DIRECTION('',(0.E0,1.E0,0.E0));
#3425=VECTOR('',#3424,3.E-2);
#3426=CARTESIAN_POINT('',(-1.5E0,-2.8E-1,-7.5E-1));
#3427=LINE('',#3426,#3425);
#3428=DIRECTION('',(0.E0,0.E0,-1.E0));
#3429=VECTOR('',#3428,1.3E-1);
#3430=CARTESIAN_POINT('',(-1.5E0,-5.1E-1,8.8E-1));
#3431=LINE('',#3430,#3429);
#3432=DIRECTION('',(0.E0,0.E0,-1.E0));
#3433=VECTOR('',#3432,1.3E-1);
#3434=CARTESIAN_POINT('',(-1.5E0,-5.4E-1,8.8E-1));
#3435=LINE('',#3434,#3433);
#3436=DIRECTION('',(0.E0,1.E0,0.E0));
#3437=VECTOR('',#3436,3.E-2);
#3438=CARTESIAN_POINT('',(-1.5E0,-5.4E-1,7.5E-1));
#3439=LINE('',#3438,#3437);
#3440=DIRECTION('',(0.E0,0.E0,-1.E0));
#3441=VECTOR('',#3440,1.3E-1);
#3442=CARTESIAN_POINT('',(-1.5E0,-5.1E-1,-7.5E-1));
#3443=LINE('',#3442,#3441);
#3444=DIRECTION('',(0.E0,1.E0,0.E0));
#3445=VECTOR('',#3444,3.E-2);
#3446=CARTESIAN_POINT('',(-1.5E0,-5.4E-1,-7.5E-1));
#3447=LINE('',#3446,#3445);
#3448=DIRECTION('',(0.E0,0.E0,-1.E0));
#3449=VECTOR('',#3448,1.3E-1);
#3450=CARTESIAN_POINT('',(-1.5E0,-5.4E-1,-7.5E-1));
#3451=LINE('',#3450,#3449);
#3452=DIRECTION('',(0.E0,1.E0,0.E0));
#3453=VECTOR('',#3452,3.E-2);
#3454=CARTESIAN_POINT('',(-1.5E0,-5.4E-1,-8.8E-1));
#3455=LINE('',#3454,#3453);
#3456=DIRECTION('',(-1.E0,0.E0,0.E0));
#3457=VECTOR('',#3456,9.E-2);
#3458=CARTESIAN_POINT('',(-1.5E0,-1.3E-1,-6.15E-1));
#3459=LINE('',#3458,#3457);
#3460=DIRECTION('',(0.E0,1.E0,0.E0));
#3461=VECTOR('',#3460,1.2E-1);
#3462=CARTESIAN_POINT('',(-1.59E0,-2.5E-1,-6.15E-1));
#3463=LINE('',#3462,#3461);
#3464=DIRECTION('',(-1.E0,0.E0,0.E0));
#3465=VECTOR('',#3464,1.6E-1);
#3466=CARTESIAN_POINT('',(-1.59E0,-2.5E-1,-6.15E-1));
#3467=LINE('',#3466,#3465);
#3468=DIRECTION('',(1.E0,0.E0,0.E0));
#3469=VECTOR('',#3468,1.2E-1);
#3470=CARTESIAN_POINT('',(-1.75E0,-5.E-2,-6.15E-1));
#3471=LINE('',#3470,#3469);
#3472=DIRECTION('',(7.071067811865E-1,7.071067811866E-1,0.E0));
#3473=VECTOR('',#3472,7.071067811865E-2);
#3474=CARTESIAN_POINT('',(-1.63E0,-5.E-2,-6.15E-1));
#3475=LINE('',#3474,#3473);
#3476=DIRECTION('',(0.E0,-1.E0,0.E0));
#3477=VECTOR('',#3476,1.3E-1);
#3478=CARTESIAN_POINT('',(-1.5E0,0.E0,-6.15E-1));
#3479=LINE('',#3478,#3477);
#3480=DIRECTION('',(0.E0,1.E0,0.E0));
#3481=VECTOR('',#3480,5.E-1);
#3482=CARTESIAN_POINT('',(-1.75E0,-5.E-1,-3.5E-1));
#3483=LINE('',#3482,#3481);
#3484=DIRECTION('',(0.E0,1.E0,0.E0));
#3485=VECTOR('',#3484,5.E-1);
#3486=CARTESIAN_POINT('',(-1.75E0,-5.E-1,3.5E-1));
#3487=LINE('',#3486,#3485);
#3488=DIRECTION('',(0.E0,0.E0,1.E0));
#3489=VECTOR('',#3488,7.E-1);
#3490=CARTESIAN_POINT('',(-1.75E0,-5.E-1,-3.5E-1));
#3491=LINE('',#3490,#3489);
#3492=DIRECTION('',(0.E0,0.E0,1.E0));
#3493=VECTOR('',#3492,1.85E-1);
#3494=CARTESIAN_POINT('',(-1.75E0,-2.5E-1,-8.E-1));
#3495=LINE('',#3494,#3493);
#3496=DIRECTION('',(0.E0,-1.E0,0.E0));
#3497=VECTOR('',#3496,2.E-1);
#3498=CARTESIAN_POINT('',(-1.75E0,-5.E-2,-8.E-1));
#3499=LINE('',#3498,#3497);
#3500=DIRECTION('',(0.E0,0.E0,1.E0));
#3501=VECTOR('',#3500,1.85E-1);
#3502=CARTESIAN_POINT('',(-1.75E0,-5.E-2,-8.E-1));
#3503=LINE('',#3502,#3501);
#3504=DIRECTION('',(0.E0,1.E0,0.E0));
#3505=VECTOR('',#3504,2.E-1);
#3506=CARTESIAN_POINT('',(-1.75E0,-2.5E-1,-6.15E-1));
#3507=LINE('',#3506,#3505);
#3508=DIRECTION('',(0.E0,0.E0,1.E0));
#3509=VECTOR('',#3508,1.85E-1);
#3510=CARTESIAN_POINT('',(-1.75E0,-2.5E-1,6.15E-1));
#3511=LINE('',#3510,#3509);
#3512=DIRECTION('',(0.E0,1.E0,0.E0));
#3513=VECTOR('',#3512,2.E-1);
#3514=CARTESIAN_POINT('',(-1.75E0,-2.5E-1,6.15E-1));
#3515=LINE('',#3514,#3513);
#3516=DIRECTION('',(0.E0,0.E0,-1.E0));
#3517=VECTOR('',#3516,1.85E-1);
#3518=CARTESIAN_POINT('',(-1.75E0,-5.E-2,8.E-1));
#3519=LINE('',#3518,#3517);
#3520=DIRECTION('',(0.E0,-1.E0,0.E0));
#3521=VECTOR('',#3520,2.E-1);
#3522=CARTESIAN_POINT('',(-1.75E0,-5.E-2,8.E-1));
#3523=LINE('',#3522,#3521);
#3524=DIRECTION('',(1.E0,0.E0,0.E0));
#3525=VECTOR('',#3524,1.6E-1);
#3526=CARTESIAN_POINT('',(-1.75E0,-5.E-1,-3.5E-1));
#3527=LINE('',#3526,#3525);
#3528=DIRECTION('',(0.E0,1.E0,0.E0));
#3529=VECTOR('',#3528,3.7E-1);
#3530=CARTESIAN_POINT('',(-1.59E0,-5.E-1,-3.5E-1));
#3531=LINE('',#3530,#3529);
#3532=DIRECTION('',(-1.E0,0.E0,0.E0));
#3533=VECTOR('',#3532,9.E-2);
#3534=CARTESIAN_POINT('',(-1.5E0,-1.3E-1,-3.5E-1));
#3535=LINE('',#3534,#3533);
#3536=DIRECTION('',(0.E0,0.E0,1.E0));
#3537=VECTOR('',#3536,7.E-1);
#3538=CARTESIAN_POINT('',(-1.59E0,-5.E-1,-3.5E-1));
#3539=LINE('',#3538,#3537);
#3540=DIRECTION('',(1.E0,0.E0,0.E0));
#3541=VECTOR('',#3540,1.6E-1);
#3542=CARTESIAN_POINT('',(-1.75E0,-5.E-1,3.5E-1));
#3543=LINE('',#3542,#3541);
#3544=DIRECTION('',(0.E0,-1.E0,0.E0));
#3545=VECTOR('',#3544,1.3E-1);
#3546=CARTESIAN_POINT('',(-1.5E0,0.E0,3.5E-1));
#3547=LINE('',#3546,#3545);
#3548=DIRECTION('',(-1.E0,0.E0,0.E0));
#3549=VECTOR('',#3548,9.E-2);
#3550=CARTESIAN_POINT('',(-1.5E0,-1.3E-1,3.5E-1));
#3551=LINE('',#3550,#3549);
#3552=DIRECTION('',(0.E0,1.E0,0.E0));
#3553=VECTOR('',#3552,3.7E-1);
#3554=CARTESIAN_POINT('',(-1.59E0,-5.E-1,3.5E-1));
#3555=LINE('',#3554,#3553);
#3556=CARTESIAN_POINT('',(-1.55E0,-2.5E-1,-8.E-1));
#3557=DIRECTION('',(0.E0,-1.E0,0.E0));
#3558=DIRECTION('',(-1.E0,0.E0,0.E0));
#3559=AXIS2_PLACEMENT_3D('',#3556,#3557,#3558);
#3561=CARTESIAN_POINT('',(-1.63E0,-5.E-2,-9.833030277982E-1));
#3562=CARTESIAN_POINT('',(-1.613670506717E0,-3.367050671722E-2,
-9.904298029438E-1));
#3563=CARTESIAN_POINT('',(-1.596991906665E0,-1.699190666485E-2,
-9.951592463646E-1));
#3564=CARTESIAN_POINT('',(-1.58E0,0.E0,-9.977371993329E-1));
#3566=CARTESIAN_POINT('',(-1.55E0,-5.E-2,-8.E-1));
#3567=DIRECTION('',(0.E0,-1.E0,0.E0));
#3568=DIRECTION('',(-1.E0,0.E0,0.E0));
#3569=AXIS2_PLACEMENT_3D('',#3566,#3567,#3568);
#3571=DIRECTION('',(-1.E0,0.E0,0.E0));
#3572=VECTOR('',#3571,3.15E-1);
#3573=CARTESIAN_POINT('',(1.55E0,-2.5E-1,-1.E0));
#3574=LINE('',#3573,#3572);
#3575=DIRECTION('',(0.E0,-1.E0,0.E0));
#3576=VECTOR('',#3575,2.5E-1);
#3577=CARTESIAN_POINT('',(1.55E0,0.E0,-1.E0));
#3578=LINE('',#3577,#3576);
#3579=DIRECTION('',(0.E0,1.E0,0.E0));
#3580=VECTOR('',#3579,2.5E-1);
#3581=CARTESIAN_POINT('',(1.235E0,-2.5E-1,-1.E0));
#3582=LINE('',#3581,#3580);
#3583=DIRECTION('',(-1.E0,0.E0,0.E0));
#3584=VECTOR('',#3583,3.15E-1);
#3585=CARTESIAN_POINT('',(-1.235E0,-2.5E-1,-1.E0));
#3586=LINE('',#3585,#3584);
#3587=DIRECTION('',(0.E0,1.E0,0.E0));
#3588=VECTOR('',#3587,2.5E-1);
#3589=CARTESIAN_POINT('',(-1.235E0,-2.5E-1,-1.E0));
#3590=LINE('',#3589,#3588);
#3591=DIRECTION('',(0.E0,-1.E0,0.E0));
#3592=VECTOR('',#3591,2.5E-1);
#3593=CARTESIAN_POINT('',(-1.55E0,0.E0,-1.E0));
#3594=LINE('',#3593,#3592);
#3595=DIRECTION('',(-1.E0,0.E0,0.E0));
#3596=VECTOR('',#3595,1.18E0);
#3597=CARTESIAN_POINT('',(5.9E-1,-1.E-1,-1.E0));
#3598=LINE('',#3597,#3596);
#3599=DIRECTION('',(0.E0,-1.E0,0.E0));
#3600=VECTOR('',#3599,4.6E-1);
#3601=CARTESIAN_POINT('',(-5.9E-1,-1.E-1,-1.E0));
#3602=LINE('',#3601,#3600);
#3603=DIRECTION('',(0.E0,1.E0,0.E0));
#3604=VECTOR('',#3603,4.6E-1);
#3605=CARTESIAN_POINT('',(5.9E-1,-5.6E-1,-1.E0));
#3606=LINE('',#3605,#3604);
#3607=CARTESIAN_POINT('',(1.55E0,-2.5E-1,-8.E-1));
#3608=DIRECTION('',(0.E0,-1.E0,0.E0));
#3609=DIRECTION('',(0.E0,0.E0,-1.E0));
#3610=AXIS2_PLACEMENT_3D('',#3607,#3608,#3609);
#3612=CARTESIAN_POINT('',(1.55E0,-5.E-2,-8.E-1));
#3613=DIRECTION('',(0.E0,-1.E0,0.E0));
#3614=DIRECTION('',(4.E-1,0.E0,-9.165151389912E-1));
#3615=AXIS2_PLACEMENT_3D('',#3612,#3613,#3614);
#3617=CARTESIAN_POINT('',(1.58E0,0.E0,-9.977371993329E-1));
#3618=CARTESIAN_POINT('',(1.596991906665E0,-1.699190666485E-2,
-9.951592463646E-1));
#3619=CARTESIAN_POINT('',(1.613670506717E0,-3.367050671722E-2,
-9.904298029438E-1));
#3620=CARTESIAN_POINT('',(1.63E0,-5.E-2,-9.833030277982E-1));
#3622=DIRECTION('',(0.E0,1.E0,0.E0));
#3623=VECTOR('',#3622,5.E-1);
#3624=CARTESIAN_POINT('',(1.75E0,-5.E-1,-3.5E-1));
#3625=LINE('',#3624,#3623);
#3626=DIRECTION('',(0.E0,0.E0,1.E0));
#3627=VECTOR('',#3626,7.E-1);
#3628=CARTESIAN_POINT('',(1.75E0,-5.E-1,-3.5E-1));
#3629=LINE('',#3628,#3627);
#3630=DIRECTION('',(0.E0,1.E0,0.E0));
#3631=VECTOR('',#3630,5.E-1);
#3632=CARTESIAN_POINT('',(1.75E0,-5.E-1,3.5E-1));
#3633=LINE('',#3632,#3631);
#3634=DIRECTION('',(0.E0,0.E0,-1.E0));
#3635=VECTOR('',#3634,1.85E-1);
#3636=CARTESIAN_POINT('',(1.75E0,-2.5E-1,8.E-1));
#3637=LINE('',#3636,#3635);
#3638=DIRECTION('',(0.E0,-1.E0,0.E0));
#3639=VECTOR('',#3638,2.E-1);
#3640=CARTESIAN_POINT('',(1.75E0,-5.E-2,8.E-1));
#3641=LINE('',#3640,#3639);
#3642=DIRECTION('',(0.E0,0.E0,-1.E0));
#3643=VECTOR('',#3642,1.85E-1);
#3644=CARTESIAN_POINT('',(1.75E0,-5.E-2,8.E-1));
#3645=LINE('',#3644,#3643);
#3646=DIRECTION('',(0.E0,1.E0,0.E0));
#3647=VECTOR('',#3646,2.E-1);
#3648=CARTESIAN_POINT('',(1.75E0,-2.5E-1,6.15E-1));
#3649=LINE('',#3648,#3647);
#3650=DIRECTION('',(0.E0,0.E0,-1.E0));
#3651=VECTOR('',#3650,1.85E-1);
#3652=CARTESIAN_POINT('',(1.75E0,-2.5E-1,-6.15E-1));
#3653=LINE('',#3652,#3651);
#3654=DIRECTION('',(0.E0,1.E0,0.E0));
#3655=VECTOR('',#3654,2.E-1);
#3656=CARTESIAN_POINT('',(1.75E0,-2.5E-1,-6.15E-1));
#3657=LINE('',#3656,#3655);
#3658=DIRECTION('',(0.E0,0.E0,1.E0));
#3659=VECTOR('',#3658,1.85E-1);
#3660=CARTESIAN_POINT('',(1.75E0,-5.E-2,-8.E-1));
#3661=LINE('',#3660,#3659);
#3662=DIRECTION('',(0.E0,-1.E0,0.E0));
#3663=VECTOR('',#3662,2.E-1);
#3664=CARTESIAN_POINT('',(1.75E0,-5.E-2,-8.E-1));
#3665=LINE('',#3664,#3663);
#3666=DIRECTION('',(0.E0,1.E0,0.E0));
#3667=VECTOR('',#3666,3.7E-1);
#3668=CARTESIAN_POINT('',(1.59E0,-5.E-1,-3.5E-1));
#3669=LINE('',#3668,#3667);
#3670=DIRECTION('',(-1.E0,0.E0,0.E0));
#3671=VECTOR('',#3670,1.6E-1);
#3672=CARTESIAN_POINT('',(1.75E0,-5.E-1,-3.5E-1));
#3673=LINE('',#3672,#3671);
#3674=DIRECTION('',(0.E0,-1.E0,0.E0));
#3675=VECTOR('',#3674,1.3E-1);
#3676=CARTESIAN_POINT('',(1.5E0,0.E0,-3.5E-1));
#3677=LINE('',#3676,#3675);
#3678=DIRECTION('',(1.E0,0.E0,0.E0));
#3679=VECTOR('',#3678,9.E-2);
#3680=CARTESIAN_POINT('',(1.5E0,-1.3E-1,-3.5E-1));
#3681=LINE('',#3680,#3679);
#3682=DIRECTION('',(0.E0,0.E0,1.E0));
#3683=VECTOR('',#3682,7.E-1);
#3684=CARTESIAN_POINT('',(1.59E0,-5.E-1,-3.5E-1));
#3685=LINE('',#3684,#3683);
#3686=DIRECTION('',(0.E0,1.E0,0.E0));
#3687=VECTOR('',#3686,3.7E-1);
#3688=CARTESIAN_POINT('',(1.59E0,-5.E-1,3.5E-1));
#3689=LINE('',#3688,#3687);
#3690=DIRECTION('',(1.E0,0.E0,0.E0));
#3691=VECTOR('',#3690,9.E-2);
#3692=CARTESIAN_POINT('',(1.5E0,-1.3E-1,3.5E-1));
#3693=LINE('',#3692,#3691);
#3694=DIRECTION('',(-1.E0,0.E0,0.E0));
#3695=VECTOR('',#3694,1.6E-1);
#3696=CARTESIAN_POINT('',(1.75E0,-5.E-1,3.5E-1));
#3697=LINE('',#3696,#3695);
#3698=CARTESIAN_POINT('',(1.55E0,-2.5E-1,8.E-1));
#3699=DIRECTION('',(0.E0,-1.E0,0.E0));
#3700=DIRECTION('',(1.E0,0.E0,0.E0));
#3701=AXIS2_PLACEMENT_3D('',#3698,#3699,#3700);
#3703=CARTESIAN_POINT('',(1.63E0,-5.E-2,9.833030277982E-1));
#3704=CARTESIAN_POINT('',(1.613670506717E0,-3.367050671722E-2,
9.904298029438E-1));
#3705=CARTESIAN_POINT('',(1.596991906665E0,-1.699190666485E-2,
9.951592463646E-1));
#3706=CARTESIAN_POINT('',(1.58E0,0.E0,9.977371993329E-1));
#3708=CARTESIAN_POINT('',(1.55E0,-5.E-2,8.E-1));
#3709=DIRECTION('',(0.E0,-1.E0,0.E0));
#3710=DIRECTION('',(1.E0,0.E0,-1.498801083244E-14));
#3711=AXIS2_PLACEMENT_3D('',#3708,#3709,#3710);
#3713=DIRECTION('',(1.E0,0.E0,0.E0));
#3714=VECTOR('',#3713,1.6E-1);
#3715=CARTESIAN_POINT('',(1.59E0,-2.5E-1,6.15E-1));
#3716=LINE('',#3715,#3714);
#3717=DIRECTION('',(-1.E0,0.E0,0.E0));
#3718=VECTOR('',#3717,1.2E-1);
#3719=CARTESIAN_POINT('',(1.75E0,-5.E-2,6.15E-1));
#3720=LINE('',#3719,#3718);
#3721=DIRECTION('',(7.071067811865E-1,-7.071067811866E-1,0.E0));
#3722=VECTOR('',#3721,7.071067811866E-2);
#3723=CARTESIAN_POINT('',(1.58E0,0.E0,6.15E-1));
#3724=LINE('',#3723,#3722);
#3725=DIRECTION('',(0.E0,-1.E0,0.E0));
#3726=VECTOR('',#3725,1.3E-1);
#3727=CARTESIAN_POINT('',(1.5E0,0.E0,6.15E-1));
#3728=LINE('',#3727,#3726);
#3729=DIRECTION('',(1.E0,0.E0,0.E0));
#3730=VECTOR('',#3729,9.E-2);
#3731=CARTESIAN_POINT('',(1.5E0,-1.3E-1,6.15E-1));
#3732=LINE('',#3731,#3730);
#3733=DIRECTION('',(0.E0,1.E0,0.E0));
#3734=VECTOR('',#3733,1.2E-1);
#3735=CARTESIAN_POINT('',(1.59E0,-2.5E-1,6.15E-1));
#3736=LINE('',#3735,#3734);
#3737=DIRECTION('',(0.E0,0.E0,-1.E0));
#3738=VECTOR('',#3737,3.683030277982E-1);
#3739=CARTESIAN_POINT('',(1.63E0,-5.E-2,9.833030277982E-1));
#3740=LINE('',#3739,#3738);
#3741=DIRECTION('',(-1.E0,0.E0,0.E0));
#3742=VECTOR('',#3741,1.6E-1);
#3743=CARTESIAN_POINT('',(1.75E0,-2.5E-1,-6.15E-1));
#3744=LINE('',#3743,#3742);
#3745=DIRECTION('',(0.E0,1.E0,0.E0));
#3746=VECTOR('',#3745,1.2E-1);
#3747=CARTESIAN_POINT('',(1.59E0,-2.5E-1,-6.15E-1));
#3748=LINE('',#3747,#3746);
#3749=DIRECTION('',(1.E0,0.E0,0.E0));
#3750=VECTOR('',#3749,9.E-2);
#3751=CARTESIAN_POINT('',(1.5E0,-1.3E-1,-6.15E-1));
#3752=LINE('',#3751,#3750);
#3753=DIRECTION('',(7.071067811865E-1,-7.071067811866E-1,0.E0));
#3754=VECTOR('',#3753,7.071067811866E-2);
#3755=CARTESIAN_POINT('',(1.58E0,0.E0,-6.15E-1));
#3756=LINE('',#3755,#3754);
#3757=DIRECTION('',(-1.E0,0.E0,0.E0));
#3758=VECTOR('',#3757,1.2E-1);
#3759=CARTESIAN_POINT('',(1.75E0,-5.E-2,-6.15E-1));
#3760=LINE('',#3759,#3758);
#3761=DIRECTION('',(0.E0,0.E0,1.E0));
#3762=VECTOR('',#3761,3.683030277982E-1);
#3763=CARTESIAN_POINT('',(1.63E0,-5.E-2,-9.833030277982E-1));
#3764=LINE('',#3763,#3762);
#3765=DIRECTION('',(0.E0,0.E0,-1.E0));
#3766=VECTOR('',#3765,1.2E-1);
#3767=CARTESIAN_POINT('',(1.235E0,-2.5E-1,-8.8E-1));
#3768=LINE('',#3767,#3766);
#3769=DIRECTION('',(0.E0,-1.E0,0.E0));
#3770=VECTOR('',#3769,2.5E-1);
#3771=CARTESIAN_POINT('',(1.235E0,0.E0,-8.8E-1));
#3772=LINE('',#3771,#3770);
#3773=DIRECTION('',(0.E0,0.E0,1.E0));
#3774=VECTOR('',#3773,1.2E-1);
#3775=CARTESIAN_POINT('',(-1.235E0,-2.5E-1,-1.E0));
#3776=LINE('',#3775,#3774);
#3777=DIRECTION('',(-1.E0,0.E0,0.E0));
#3778=VECTOR('',#3777,4.E-2);
#3779=CARTESIAN_POINT('',(-5.5E-1,-1.E-1,8.8E-1));
#3780=LINE('',#3779,#3778);
#3781=DIRECTION('',(0.E0,0.E0,1.E0));
#3782=VECTOR('',#3781,1.2E-1);
#3783=CARTESIAN_POINT('',(-5.5E-1,-1.E-1,7.6E-1));
#3784=LINE('',#3783,#3782);
#3785=DIRECTION('',(-1.E0,0.E0,0.E0));
#3786=VECTOR('',#3785,1.1E0);
#3787=CARTESIAN_POINT('',(5.5E-1,-1.E-1,7.6E-1));
#3788=LINE('',#3787,#3786);
#3789=DIRECTION('',(0.E0,0.E0,-1.E0));
#3790=VECTOR('',#3789,1.2E-1);
#3791=CARTESIAN_POINT('',(5.5E-1,-1.E-1,8.8E-1));
#3792=LINE('',#3791,#3790);
#3793=DIRECTION('',(-1.E0,0.E0,0.E0));
#3794=VECTOR('',#3793,4.E-2);
#3795=CARTESIAN_POINT('',(5.9E-1,-1.E-1,8.8E-1));
#3796=LINE('',#3795,#3794);
#3797=DIRECTION('',(1.E0,0.E0,0.E0));
#3798=VECTOR('',#3797,4.E-2);
#3799=CARTESIAN_POINT('',(5.5E-1,-1.E-1,-8.8E-1));
#3800=LINE('',#3799,#3798);
#3801=DIRECTION('',(0.E0,0.E0,-1.E0));
#3802=VECTOR('',#3801,1.2E-1);
#3803=CARTESIAN_POINT('',(5.5E-1,-1.E-1,-7.6E-1));
#3804=LINE('',#3803,#3802);
#3805=DIRECTION('',(1.E0,0.E0,0.E0));
#3806=VECTOR('',#3805,1.1E0);
#3807=CARTESIAN_POINT('',(-5.5E-1,-1.E-1,-7.6E-1));
#3808=LINE('',#3807,#3806);
#3809=DIRECTION('',(0.E0,0.E0,1.E0));
#3810=VECTOR('',#3809,1.2E-1);
#3811=CARTESIAN_POINT('',(-5.5E-1,-1.E-1,-8.8E-1));
#3812=LINE('',#3811,#3810);
#3813=DIRECTION('',(1.E0,0.E0,0.E0));
#3814=VECTOR('',#3813,4.E-2);
#3815=CARTESIAN_POINT('',(-5.9E-1,-1.E-1,-8.8E-1));
#3816=LINE('',#3815,#3814);
#3817=DIRECTION('',(0.E0,0.E0,1.E0));
#3818=VECTOR('',#3817,8.1E-2);
#3819=CARTESIAN_POINT('',(2.9E-1,-1.E-1,-8.75E-1));
#3820=LINE('',#3819,#3818);
#3821=DIRECTION('',(1.E0,0.E0,0.E0));
#3822=VECTOR('',#3821,1.2E-1);
#3823=CARTESIAN_POINT('',(2.9E-1,-1.E-1,-7.94E-1));
#3824=LINE('',#3823,#3822);
#3825=DIRECTION('',(0.E0,0.E0,1.E0));
#3826=VECTOR('',#3825,8.1E-2);
#3827=CARTESIAN_POINT('',(4.1E-1,-1.E-1,-8.75E-1));
#3828=LINE('',#3827,#3826);
#3829=DIRECTION('',(1.E0,0.E0,0.E0));
#3830=VECTOR('',#3829,1.2E-1);
#3831=CARTESIAN_POINT('',(2.9E-1,-1.E-1,-8.75E-1));
#3832=LINE('',#3831,#3830);
#3833=DIRECTION('',(0.E0,0.E0,1.E0));
#3834=VECTOR('',#3833,8.1E-2);
#3835=CARTESIAN_POINT('',(2.9E-1,-1.E-1,7.94E-1));
#3836=LINE('',#3835,#3834);
#3837=DIRECTION('',(1.E0,0.E0,0.E0));
#3838=VECTOR('',#3837,1.2E-1);
#3839=CARTESIAN_POINT('',(2.9E-1,-1.E-1,8.75E-1));
#3840=LINE('',#3839,#3838);
#3841=DIRECTION('',(0.E0,0.E0,1.E0));
#3842=VECTOR('',#3841,8.1E-2);
#3843=CARTESIAN_POINT('',(4.1E-1,-1.E-1,7.94E-1));
#3844=LINE('',#3843,#3842);
#3845=DIRECTION('',(1.E0,0.E0,0.E0));
#3846=VECTOR('',#3845,1.2E-1);
#3847=CARTESIAN_POINT('',(2.9E-1,-1.E-1,7.94E-1));
#3848=LINE('',#3847,#3846);
#3849=DIRECTION('',(0.E0,0.E0,1.E0));
#3850=VECTOR('',#3849,8.1E-2);
#3851=CARTESIAN_POINT('',(-6.E-2,-1.E-1,-8.75E-1));
#3852=LINE('',#3851,#3850);
#3853=DIRECTION('',(1.E0,0.E0,0.E0));
#3854=VECTOR('',#3853,1.2E-1);
#3855=CARTESIAN_POINT('',(-6.E-2,-1.E-1,-7.94E-1));
#3856=LINE('',#3855,#3854);
#3857=DIRECTION('',(0.E0,0.E0,1.E0));
#3858=VECTOR('',#3857,8.1E-2);
#3859=CARTESIAN_POINT('',(6.E-2,-1.E-1,-8.75E-1));
#3860=LINE('',#3859,#3858);
#3861=DIRECTION('',(1.E0,0.E0,0.E0));
#3862=VECTOR('',#3861,1.2E-1);
#3863=CARTESIAN_POINT('',(-6.E-2,-1.E-1,-8.75E-1));
#3864=LINE('',#3863,#3862);
#3865=DIRECTION('',(0.E0,0.E0,1.E0));
#3866=VECTOR('',#3865,8.1E-2);
#3867=CARTESIAN_POINT('',(-6.E-2,-1.E-1,7.94E-1));
#3868=LINE('',#3867,#3866);
#3869=DIRECTION('',(1.E0,0.E0,0.E0));
#3870=VECTOR('',#3869,1.2E-1);
#3871=CARTESIAN_POINT('',(-6.E-2,-1.E-1,8.75E-1));
#3872=LINE('',#3871,#3870);
#3873=DIRECTION('',(0.E0,0.E0,1.E0));
#3874=VECTOR('',#3873,8.1E-2);
#3875=CARTESIAN_POINT('',(6.E-2,-1.E-1,7.94E-1));
#3876=LINE('',#3875,#3874);
#3877=DIRECTION('',(1.E0,0.E0,0.E0));
#3878=VECTOR('',#3877,1.2E-1);
#3879=CARTESIAN_POINT('',(-6.E-2,-1.E-1,7.94E-1));
#3880=LINE('',#3879,#3878);
#3881=DIRECTION('',(0.E0,0.E0,1.E0));
#3882=VECTOR('',#3881,8.1E-2);
#3883=CARTESIAN_POINT('',(-4.1E-1,-1.E-1,-8.75E-1));
#3884=LINE('',#3883,#3882);
#3885=DIRECTION('',(1.E0,0.E0,0.E0));
#3886=VECTOR('',#3885,1.2E-1);
#3887=CARTESIAN_POINT('',(-4.1E-1,-1.E-1,-7.94E-1));
#3888=LINE('',#3887,#3886);
#3889=DIRECTION('',(0.E0,0.E0,1.E0));
#3890=VECTOR('',#3889,8.1E-2);
#3891=CARTESIAN_POINT('',(-2.9E-1,-1.E-1,-8.75E-1));
#3892=LINE('',#3891,#3890);
#3893=DIRECTION('',(1.E0,0.E0,0.E0));
#3894=VECTOR('',#3893,1.2E-1);
#3895=CARTESIAN_POINT('',(-4.1E-1,-1.E-1,-8.75E-1));
#3896=LINE('',#3895,#3894);
#3897=DIRECTION('',(0.E0,0.E0,1.E0));
#3898=VECTOR('',#3897,8.1E-2);
#3899=CARTESIAN_POINT('',(-4.1E-1,-1.E-1,7.94E-1));
#3900=LINE('',#3899,#3898);
#3901=DIRECTION('',(1.E0,0.E0,0.E0));
#3902=VECTOR('',#3901,1.2E-1);
#3903=CARTESIAN_POINT('',(-4.1E-1,-1.E-1,8.75E-1));
#3904=LINE('',#3903,#3902);
#3905=DIRECTION('',(0.E0,0.E0,1.E0));
#3906=VECTOR('',#3905,8.1E-2);
#3907=CARTESIAN_POINT('',(-2.9E-1,-1.E-1,7.94E-1));
#3908=LINE('',#3907,#3906);
#3909=DIRECTION('',(1.E0,0.E0,0.E0));
#3910=VECTOR('',#3909,1.2E-1);
#3911=CARTESIAN_POINT('',(-4.1E-1,-1.E-1,7.94E-1));
#3912=LINE('',#3911,#3910);
#3913=DIRECTION('',(0.E0,-1.E0,0.E0));
#3914=VECTOR('',#3913,1.E-1);
#3915=CARTESIAN_POINT('',(-5.5E-1,0.E0,7.6E-1));
#3916=LINE('',#3915,#3914);
#3917=DIRECTION('',(0.E0,-1.E0,0.E0));
#3918=VECTOR('',#3917,1.E-1);
#3919=CARTESIAN_POINT('',(5.5E-1,0.E0,7.6E-1));
#3920=LINE('',#3919,#3918);
#3921=DIRECTION('',(0.E0,-1.E0,0.E0));
#3922=VECTOR('',#3921,1.E-1);
#3923=CARTESIAN_POINT('',(5.5E-1,0.E0,8.8E-1));
#3924=LINE('',#3923,#3922);
#3925=DIRECTION('',(0.E0,0.E0,1.E0));
#3926=VECTOR('',#3925,1.2E-1);
#3927=CARTESIAN_POINT('',(5.9E-1,-1.E-1,8.8E-1));
#3928=LINE('',#3927,#3926);
#3929=DIRECTION('',(0.E0,-1.E0,0.E0));
#3930=VECTOR('',#3929,3.4E-1);
#3931=CARTESIAN_POINT('',(5.9E-1,-1.E-1,8.8E-1));
#3932=LINE('',#3931,#3930);
#3933=DIRECTION('',(0.E0,-1.E0,0.E0));
#3934=VECTOR('',#3933,1.2E-1);
#3935=CARTESIAN_POINT('',(5.9E-1,-4.4E-1,6.4E-1));
#3936=LINE('',#3935,#3934);
#3937=DIRECTION('',(0.E0,-1.E0,0.E0));
#3938=VECTOR('',#3937,8.961804238425E-2);
#3939=CARTESIAN_POINT('',(-7.7E-1,-3.503819576158E-1,6.4E-1));
#3940=LINE('',#3939,#3938);
#3941=DIRECTION('',(1.E0,0.E0,0.E0));
#3942=VECTOR('',#3941,1.4E-1);
#3943=CARTESIAN_POINT('',(-7.7E-1,-3.503819576158E-1,6.4E-1));
#3944=LINE('',#3943,#3942);
#3945=DIRECTION('',(0.E0,-1.E0,0.E0));
#3946=VECTOR('',#3945,8.961804238425E-2);
#3947=CARTESIAN_POINT('',(-6.3E-1,-3.503819576158E-1,6.4E-1));
#3948=LINE('',#3947,#3946);
#3949=DIRECTION('',(-1.E0,0.E0,0.E0));
#3950=VECTOR('',#3949,4.E-2);
#3951=CARTESIAN_POINT('',(-5.9E-1,-4.4E-1,6.4E-1));
#3952=LINE('',#3951,#3950);
#3953=DIRECTION('',(0.E0,-1.E0,0.E0));
#3954=VECTOR('',#3953,1.2E-1);
#3955=CARTESIAN_POINT('',(-5.9E-1,-4.4E-1,6.4E-1));
#3956=LINE('',#3955,#3954);
#3957=DIRECTION('',(-1.E0,0.E0,0.E0));
#3958=VECTOR('',#3957,4.E-2);
#3959=CARTESIAN_POINT('',(6.3E-1,-4.4E-1,6.4E-1));
#3960=LINE('',#3959,#3958);
#3961=DIRECTION('',(0.E0,-1.E0,0.E0));
#3962=VECTOR('',#3961,8.961804238425E-2);
#3963=CARTESIAN_POINT('',(6.3E-1,-3.503819576158E-1,6.4E-1));
#3964=LINE('',#3963,#3962);
#3965=DIRECTION('',(-1.E0,0.E0,0.E0));
#3966=VECTOR('',#3965,1.4E-1);
#3967=CARTESIAN_POINT('',(7.7E-1,-3.503819576158E-1,6.4E-1));
#3968=LINE('',#3967,#3966);
#3969=DIRECTION('',(0.E0,-1.E0,0.E0));
#3970=VECTOR('',#3969,8.961804238425E-2);
#3971=CARTESIAN_POINT('',(7.7E-1,-3.503819576158E-1,6.4E-1));
#3972=LINE('',#3971,#3970);
#3973=DIRECTION('',(-1.E0,0.E0,0.E0));
#3974=VECTOR('',#3973,4.E-2);
#3975=CARTESIAN_POINT('',(8.1E-1,-4.4E-1,6.4E-1));
#3976=LINE('',#3975,#3974);
#3977=DIRECTION('',(0.E0,1.E0,0.E0));
#3978=VECTOR('',#3977,6.E-2);
#3979=CARTESIAN_POINT('',(8.1E-1,-4.4E-1,6.4E-1));
#3980=LINE('',#3979,#3978);
#3981=DIRECTION('',(0.E0,1.E0,0.E0));
#3982=VECTOR('',#3981,2.5E-1);
#3983=CARTESIAN_POINT('',(8.1E-1,-3.8E-1,6.4E-1));
#3984=LINE('',#3983,#3982);
#3985=DIRECTION('',(0.E0,-1.E0,0.E0));
#3986=VECTOR('',#3985,3.756917857361E-1);
#3987=CARTESIAN_POINT('',(4.1E-1,-1.3E-1,6.4E-1));
#3988=LINE('',#3987,#3986);
#3989=DIRECTION('',(1.E0,0.E0,0.E0));
#3990=VECTOR('',#3989,1.2E-1);
#3991=CARTESIAN_POINT('',(2.9E-1,-5.056917857361E-1,6.4E-1));
#3992=LINE('',#3991,#3990);
#3993=DIRECTION('',(0.E0,-1.E0,0.E0));
#3994=VECTOR('',#3993,3.756917857361E-1);
#3995=CARTESIAN_POINT('',(2.9E-1,-1.3E-1,6.4E-1));
#3996=LINE('',#3995,#3994);
#3997=DIRECTION('',(0.E0,-1.E0,0.E0));
#3998=VECTOR('',#3997,3.756917857361E-1);
#3999=CARTESIAN_POINT('',(6.E-2,-1.3E-1,6.4E-1));
#4000=LINE('',#3999,#3998);
#4001=DIRECTION('',(1.E0,0.E0,0.E0));
#4002=VECTOR('',#4001,1.2E-1);
#4003=CARTESIAN_POINT('',(-6.E-2,-5.056917857361E-1,6.4E-1));
#4004=LINE('',#4003,#4002);
#4005=DIRECTION('',(0.E0,-1.E0,0.E0));
#4006=VECTOR('',#4005,3.756917857361E-1);
#4007=CARTESIAN_POINT('',(-6.E-2,-1.3E-1,6.4E-1));
#4008=LINE('',#4007,#4006);
#4009=DIRECTION('',(0.E0,-1.E0,0.E0));
#4010=VECTOR('',#4009,3.756917857361E-1);
#4011=CARTESIAN_POINT('',(-2.9E-1,-1.3E-1,6.4E-1));
#4012=LINE('',#4011,#4010);
#4013=DIRECTION('',(1.E0,0.E0,0.E0));
#4014=VECTOR('',#4013,1.2E-1);
#4015=CARTESIAN_POINT('',(-4.1E-1,-5.056917857361E-1,6.4E-1));
#4016=LINE('',#4015,#4014);
#4017=DIRECTION('',(0.E0,-1.E0,0.E0));
#4018=VECTOR('',#4017,3.756917857361E-1);
#4019=CARTESIAN_POINT('',(-4.1E-1,-1.3E-1,6.4E-1));
#4020=LINE('',#4019,#4018);
#4021=DIRECTION('',(0.E0,1.E0,0.E0));
#4022=VECTOR('',#4021,6.E-2);
#4023=CARTESIAN_POINT('',(-8.1E-1,-4.4E-1,6.4E-1));
#4024=LINE('',#4023,#4022);
#4025=DIRECTION('',(-1.E0,0.E0,0.E0));
#4026=VECTOR('',#4025,4.E-2);
#4027=CARTESIAN_POINT('',(-7.7E-1,-4.4E-1,6.4E-1));
#4028=LINE('',#4027,#4026);
#4029=DIRECTION('',(1.E0,0.E0,0.E0));
#4030=VECTOR('',#4029,1.4E-1);
#4031=CARTESIAN_POINT('',(-7.7E-1,-3.34E-1,6.059245686617E-1));
#4032=LINE('',#4031,#4030);
#4033=DIRECTION('',(1.E0,0.E0,0.E0));
#4034=VECTOR('',#4033,1.4E-1);
#4035=CARTESIAN_POINT('',(-7.7E-1,-4.380029285193E-1,5.559245686617E-1));
#4036=LINE('',#4035,#4034);
#4037=DIRECTION('',(1.E0,0.E0,0.E0));
#4038=VECTOR('',#4037,1.4E-1);
#4039=CARTESIAN_POINT('',(-7.7E-1,-5.099626665871E-1,5.714327434188E-1));
#4040=LINE('',#4039,#4038);
#4041=DIRECTION('',(1.E0,0.E0,0.E0));
#4042=VECTOR('',#4041,1.4E-1);
#4043=CARTESIAN_POINT('',(-7.7E-1,-5.189439998807E-1,5.821362796377E-1));
#4044=LINE('',#4043,#4042);
#4045=DIRECTION('',(1.E0,0.E0,0.E0));
#4046=VECTOR('',#4045,1.4E-1);
#4047=CARTESIAN_POINT('',(-7.7E-1,-5.4E-1,8.3E-1));
#4048=LINE('',#4047,#4046);
#4049=DIRECTION('',(1.E0,0.E0,0.E0));
#4050=VECTOR('',#4049,1.4E-1);
#4051=CARTESIAN_POINT('',(-7.7E-1,-5.4E-1,6.399871645095E-1));
#4052=LINE('',#4051,#4050);
#4053=DIRECTION('',(0.E0,0.E0,1.E0));
#4054=VECTOR('',#4053,1.900128354905E-1);
#4055=CARTESIAN_POINT('',(-7.7E-1,-5.4E-1,6.399871645095E-1));
#4056=LINE('',#4055,#4054);
#4057=DIRECTION('',(1.E0,0.E0,0.E0));
#4058=VECTOR('',#4057,1.4E-1);
#4059=CARTESIAN_POINT('',(6.3E-1,-3.34E-1,6.059245686617E-1));
#4060=LINE('',#4059,#4058);
#4061=DIRECTION('',(1.E0,0.E0,0.E0));
#4062=VECTOR('',#4061,1.4E-1);
#4063=CARTESIAN_POINT('',(6.3E-1,-4.380029285193E-1,5.559245686617E-1));
#4064=LINE('',#4063,#4062);
#4065=DIRECTION('',(1.E0,0.E0,0.E0));
#4066=VECTOR('',#4065,1.4E-1);
#4067=CARTESIAN_POINT('',(6.3E-1,-5.099626665871E-1,5.714327434188E-1));
#4068=LINE('',#4067,#4066);
#4069=DIRECTION('',(1.E0,0.E0,0.E0));
#4070=VECTOR('',#4069,1.4E-1);
#4071=CARTESIAN_POINT('',(6.3E-1,-5.189439998807E-1,5.821362796377E-1));
#4072=LINE('',#4071,#4070);
#4073=DIRECTION('',(1.E0,0.E0,0.E0));
#4074=VECTOR('',#4073,1.4E-1);
#4075=CARTESIAN_POINT('',(6.3E-1,-5.4E-1,8.3E-1));
#4076=LINE('',#4075,#4074);
#4077=DIRECTION('',(0.E0,0.E0,-1.E0));
#4078=VECTOR('',#4077,1.900128354905E-1);
#4079=CARTESIAN_POINT('',(7.7E-1,-5.4E-1,8.3E-1));
#4080=LINE('',#4079,#4078);
#4081=DIRECTION('',(1.E0,0.E0,0.E0));
#4082=VECTOR('',#4081,1.4E-1);
#4083=CARTESIAN_POINT('',(6.3E-1,-5.4E-1,6.399871645095E-1));
#4084=LINE('',#4083,#4082);
#4085=DIRECTION('',(0.E0,0.E0,1.E0));
#4086=VECTOR('',#4085,1.E-1);
#4087=CARTESIAN_POINT('',(8.1E-1,-3.8E-1,6.4E-1));
#4088=LINE('',#4087,#4086);
#4089=DIRECTION('',(1.E0,0.E0,0.E0));
#4090=VECTOR('',#4089,5.5E-2);
#4091=CARTESIAN_POINT('',(8.1E-1,-3.8E-1,6.3E-1));
#4092=LINE('',#4091,#4090);
#4093=DIRECTION('',(7.071067811865E-1,7.071067811865E-1,0.E0));
#4094=VECTOR('',#4093,1.131370849898E-1);
#4095=CARTESIAN_POINT('',(8.65E-1,-3.8E-1,6.3E-1));
#4096=LINE('',#4095,#4094);
#4097=DIRECTION('',(-1.E0,0.E0,0.E0));
#4098=VECTOR('',#4097,3.5E-1);
#4099=CARTESIAN_POINT('',(1.295E0,-3.E-1,6.3E-1));
#4100=LINE('',#4099,#4098);
#4101=DIRECTION('',(0.E0,1.E0,0.E0));
#4102=VECTOR('',#4101,1.7E-1);
#4103=CARTESIAN_POINT('',(1.295E0,-3.E-1,6.3E-1));
#4104=LINE('',#4103,#4102);
#4105=DIRECTION('',(0.E0,0.E0,1.E0));
#4106=VECTOR('',#4105,1.E-2);
#4107=CARTESIAN_POINT('',(8.1E-1,-3.8E-1,6.3E-1));
#4108=LINE('',#4107,#4106);
#4109=DIRECTION('',(0.E0,1.E0,0.E0));
#4110=VECTOR('',#4109,2.5E-1);
#4111=CARTESIAN_POINT('',(8.1E-1,-3.8E-1,6.3E-1));
#4112=LINE('',#4111,#4110);
#4113=DIRECTION('',(0.E0,-7.071067811865E-1,7.071067811865E-1));
#4114=VECTOR('',#4113,8.485281374239E-2);
#4115=CARTESIAN_POINT('',(8.1E-1,-4.8E-1,7.4E-1));
#4116=LINE('',#4115,#4114);
#4117=DIRECTION('',(0.E0,1.E0,0.E0));
#4118=VECTOR('',#4117,4.E-2);
#4119=CARTESIAN_POINT('',(8.1E-1,-4.8E-1,7.4E-1));
#4120=LINE('',#4119,#4118);
#4121=DIRECTION('',(0.E0,0.E0,-1.E0));
#4122=VECTOR('',#4121,8.E-2);
#4123=CARTESIAN_POINT('',(8.1E-1,-5.4E-1,8.8E-1));
#4124=LINE('',#4123,#4122);
#4125=CARTESIAN_POINT('',(4.1E-1,-4.2E-1,3.2E-1));
#4126=DIRECTION('',(1.E0,0.E0,0.E0));
#4127=DIRECTION('',(0.E0,3.615138603655E-1,9.323667351229E-1));
#4128=AXIS2_PLACEMENT_3D('',#4125,#4126,#4127);
#4130=DIRECTION('',(0.E0,-9.323667351229E-1,3.615138603655E-1));
#4131=VECTOR('',#4130,9.380831519647E-2);
#4132=CARTESIAN_POINT('',(4.1E-1,-3.E-1,3.7E-1));
#4133=LINE('',#4132,#4131);
#4134=DIRECTION('',(0.E0,3.615138603655E-1,9.323667351229E-1));
#4135=VECTOR('',#4134,3.217618011227E-2);
#4136=CARTESIAN_POINT('',(4.1E-1,-3.116321350842E-1,3.4E-1));
#4137=LINE('',#4136,#4135);
#4138=DIRECTION('',(0.E0,-3.615138603655E-1,9.323667351229E-1));
#4139=VECTOR('',#4138,3.217618011227E-2);
#4140=CARTESIAN_POINT('',(4.1E-1,-3.E-1,-3.7E-1));
#4141=LINE('',#4140,#4139);
#4142=DIRECTION('',(0.E0,9.323667351229E-1,3.615138603655E-1));
#4143=VECTOR('',#4142,9.380831519647E-2);
#4144=CARTESIAN_POINT('',(4.1E-1,-3.874637525671E-1,-4.039130061611E-1));
#4145=LINE('',#4144,#4143);
#4146=CARTESIAN_POINT('',(4.1E-1,-4.2E-1,-3.2E-1));
#4147=DIRECTION('',(1.E0,0.E0,0.E0));
#4148=DIRECTION('',(0.E0,-9.749960430436E-1,-2.222222222222E-1));
#4149=AXIS2_PLACEMENT_3D('',#4146,#4147,#4148);
#4151=CARTESIAN_POINT('',(4.1E-1,-1.E-1,-9.14E-1));
#4152=DIRECTION('',(1.E0,0.E0,0.E0));
#4153=DIRECTION('',(0.E0,1.E0,0.E0));
#4154=AXIS2_PLACEMENT_3D('',#4151,#4152,#4153);
#4156=DIRECTION('',(0.E0,0.E0,1.E0));
#4157=VECTOR('',#4156,5.1E-2);
#4158=CARTESIAN_POINT('',(4.1E-1,2.E-2,-9.65E-1));
#4159=LINE('',#4158,#4157);
#4160=DIRECTION('',(0.E0,7.071067811866E-1,7.071067811865E-1));
#4161=VECTOR('',#4160,2.828427124746E-2);
#4162=CARTESIAN_POINT('',(4.1E-1,0.E0,-9.85E-1));
#4163=LINE('',#4162,#4161);
#4164=DIRECTION('',(0.E0,0.E0,1.E0));
#4165=VECTOR('',#4164,1.5E-2);
#4166=CARTESIAN_POINT('',(4.1E-1,0.E0,-1.E0));
#4167=LINE('',#4166,#4165);
#4168=DIRECTION('',(0.E0,1.E0,0.E0));
#4169=VECTOR('',#4168,6.1E-2);
#4170=CARTESIAN_POINT('',(4.1E-1,-6.1E-2,-1.E0));
#4171=LINE('',#4170,#4169);
#4172=DIRECTION('',(0.E0,0.E0,-1.E0));
#4173=VECTOR('',#4172,8.6E-2);
#4174=CARTESIAN_POINT('',(4.1E-1,-6.1E-2,-9.14E-1));
#4175=LINE('',#4174,#4173);
#4176=CARTESIAN_POINT('',(4.1E-1,-1.E-1,-9.14E-1));
#4177=DIRECTION('',(-1.E0,0.E0,0.E0));
#4178=DIRECTION('',(0.E0,0.E0,1.E0));
#4179=AXIS2_PLACEMENT_3D('',#4176,#4177,#4178);
#4181=CARTESIAN_POINT('',(4.1E-1,-1.E-1,9.14E-1));
#4182=DIRECTION('',(-1.E0,0.E0,0.E0));
#4183=DIRECTION('',(0.E0,1.E0,0.E0));
#4184=AXIS2_PLACEMENT_3D('',#4181,#4182,#4183);
#4186=DIRECTION('',(0.E0,0.E0,-1.E0));
#4187=VECTOR('',#4186,8.6E-2);
#4188=CARTESIAN_POINT('',(4.1E-1,-6.1E-2,1.E0));
#4189=LINE('',#4188,#4187);
#4190=DIRECTION('',(0.E0,-1.E0,0.E0));
#4191=VECTOR('',#4190,6.1E-2);
#4192=CARTESIAN_POINT('',(4.1E-1,0.E0,1.E0));
#4193=LINE('',#4192,#4191);
#4194=DIRECTION('',(0.E0,0.E0,1.E0));
#4195=VECTOR('',#4194,1.5E-2);
#4196=CARTESIAN_POINT('',(4.1E-1,0.E0,9.85E-1));
#4197=LINE('',#4196,#4195);
#4198=DIRECTION('',(0.E0,-7.071067811866E-1,7.071067811865E-1));
#4199=VECTOR('',#4198,2.828427124746E-2);
#4200=CARTESIAN_POINT('',(4.1E-1,2.E-2,9.65E-1));
#4201=LINE('',#4200,#4199);
#4202=DIRECTION('',(0.E0,0.E0,1.E0));
#4203=VECTOR('',#4202,5.1E-2);
#4204=CARTESIAN_POINT('',(4.1E-1,2.E-2,9.14E-1));
#4205=LINE('',#4204,#4203);
#4206=CARTESIAN_POINT('',(4.1E-1,-1.E-1,9.14E-1));
#4207=DIRECTION('',(1.E0,0.E0,0.E0));
#4208=DIRECTION('',(0.E0,0.E0,-1.E0));
#4209=AXIS2_PLACEMENT_3D('',#4206,#4207,#4208);
#4211=CARTESIAN_POINT('',(4.1E-1,-4.15E-1,-7.4E-1));
#4212=DIRECTION('',(1.E0,0.E0,0.E0));
#4213=DIRECTION('',(0.E0,0.E0,1.E0));
#4214=AXIS2_PLACEMENT_3D('',#4211,#4212,#4213);
#4216=DIRECTION('',(0.E0,-1.E0,0.E0));
#4217=VECTOR('',#4216,4.000000000004E-2);
#4218=CARTESIAN_POINT('',(4.1E-1,-3.75E-1,-6.05E-1));
#4219=LINE('',#4218,#4217);
#4220=DIRECTION('',(0.E0,-7.071067811865E-1,7.071067811865E-1));
#4221=VECTOR('',#4220,2.828427124746E-2);
#4222=CARTESIAN_POINT('',(4.1E-1,-3.55E-1,-6.25E-1));
#4223=LINE('',#4222,#4221);
#4224=DIRECTION('',(0.E0,-1.E0,0.E0));
#4225=VECTOR('',#4224,2.25E-1);
#4226=CARTESIAN_POINT('',(4.1E-1,-1.3E-1,-6.25E-1));
#4227=LINE('',#4226,#4225);
#4228=CARTESIAN_POINT('',(4.1E-1,-4.15E-1,7.4E-1));
#4229=DIRECTION('',(1.E0,0.E0,0.E0));
#4230=DIRECTION('',(0.E0,-6.717910054525E-1,-7.407407407407E-1));
#4231=AXIS2_PLACEMENT_3D('',#4228,#4229,#4230);
#4233=DIRECTION('',(0.E0,1.E0,0.E0));
#4234=VECTOR('',#4233,2.25E-1);
#4235=CARTESIAN_POINT('',(4.1E-1,-3.55E-1,6.25E-1));
#4236=LINE('',#4235,#4234);
#4237=DIRECTION('',(0.E0,7.071067811865E-1,7.071067811865E-1));
#4238=VECTOR('',#4237,2.828427124746E-2);
#4239=CARTESIAN_POINT('',(4.1E-1,-3.75E-1,6.05E-1));
#4240=LINE('',#4239,#4238);
#4241=DIRECTION('',(0.E0,1.E0,0.E0));
#4242=VECTOR('',#4241,4.000000000004E-2);
#4243=CARTESIAN_POINT('',(4.1E-1,-4.15E-1,6.05E-1));
#4244=LINE('',#4243,#4242);
#4245=DIRECTION('',(1.E0,0.E0,0.E0));
#4246=VECTOR('',#4245,1.2E-1);
#4247=CARTESIAN_POINT('',(2.9E-1,-3.874637525671E-1,4.039130061611E-1));
#4248=LINE('',#4247,#4246);
#4249=DIRECTION('',(0.E0,-1.E0,0.E0));
#4250=VECTOR('',#4249,2.25E-1);
#4251=CARTESIAN_POINT('',(2.9E-1,-1.3E-1,-6.25E-1));
#4252=LINE('',#4251,#4250);
#4253=DIRECTION('',(0.E0,-7.071067811865E-1,7.071067811865E-1));
#4254=VECTOR('',#4253,2.828427124746E-2);
#4255=CARTESIAN_POINT('',(2.9E-1,-3.55E-1,-6.25E-1));
#4256=LINE('',#4255,#4254);
#4257=DIRECTION('',(0.E0,-1.E0,0.E0));
#4258=VECTOR('',#4257,4.000000000004E-2);
#4259=CARTESIAN_POINT('',(2.9E-1,-3.75E-1,-6.05E-1));
#4260=LINE('',#4259,#4258);
#4261=CARTESIAN_POINT('',(2.9E-1,-4.15E-1,-7.4E-1));
#4262=DIRECTION('',(1.E0,0.E0,0.E0));
#4263=DIRECTION('',(0.E0,0.E0,1.E0));
#4264=AXIS2_PLACEMENT_3D('',#4261,#4262,#4263);
#4266=CARTESIAN_POINT('',(2.9E-1,-4.2E-1,-3.2E-1));
#4267=DIRECTION('',(1.E0,0.E0,0.E0));
#4268=DIRECTION('',(0.E0,-9.749960430436E-1,-2.222222222222E-1));
#4269=AXIS2_PLACEMENT_3D('',#4266,#4267,#4268);
#4271=DIRECTION('',(0.E0,9.323667351229E-1,3.615138603655E-1));
#4272=VECTOR('',#4271,9.380831519647E-2);
#4273=CARTESIAN_POINT('',(2.9E-1,-3.874637525671E-1,-4.039130061611E-1));
#4274=LINE('',#4273,#4272);
#4275=DIRECTION('',(0.E0,-3.615138603655E-1,9.323667351229E-1));
#4276=VECTOR('',#4275,3.217618011227E-2);
#4277=CARTESIAN_POINT('',(2.9E-1,-3.E-1,-3.7E-1));
#4278=LINE('',#4277,#4276);
#4279=CARTESIAN_POINT('',(2.9E-1,-1.E-1,-9.14E-1));
#4280=DIRECTION('',(1.E0,0.E0,0.E0));
#4281=DIRECTION('',(0.E0,1.E0,0.E0));
#4282=AXIS2_PLACEMENT_3D('',#4279,#4280,#4281);
#4284=CARTESIAN_POINT('',(2.9E-1,-1.E-1,-9.14E-1));
#4285=DIRECTION('',(-1.E0,0.E0,0.E0));
#4286=DIRECTION('',(0.E0,0.E0,1.E0));
#4287=AXIS2_PLACEMENT_3D('',#4284,#4285,#4286);
#4289=DIRECTION('',(0.E0,0.E0,-1.E0));
#4290=VECTOR('',#4289,8.6E-2);
#4291=CARTESIAN_POINT('',(2.9E-1,-6.1E-2,-9.14E-1));
#4292=LINE('',#4291,#4290);
#4293=DIRECTION('',(0.E0,1.E0,0.E0));
#4294=VECTOR('',#4293,6.1E-2);
#4295=CARTESIAN_POINT('',(2.9E-1,-6.1E-2,-1.E0));
#4296=LINE('',#4295,#4294);
#4297=DIRECTION('',(0.E0,0.E0,1.E0));
#4298=VECTOR('',#4297,1.5E-2);
#4299=CARTESIAN_POINT('',(2.9E-1,0.E0,-1.E0));
#4300=LINE('',#4299,#4298);
#4301=DIRECTION('',(0.E0,7.071067811866E-1,7.071067811865E-1));
#4302=VECTOR('',#4301,2.828427124746E-2);
#4303=CARTESIAN_POINT('',(2.9E-1,0.E0,-9.85E-1));
#4304=LINE('',#4303,#4302);
#4305=DIRECTION('',(0.E0,0.E0,1.E0));
#4306=VECTOR('',#4305,5.1E-2);
#4307=CARTESIAN_POINT('',(2.9E-1,2.E-2,-9.65E-1));
#4308=LINE('',#4307,#4306);
#4309=DIRECTION('',(0.E0,3.615138603655E-1,9.323667351229E-1));
#4310=VECTOR('',#4309,3.217618011227E-2);
#4311=CARTESIAN_POINT('',(2.9E-1,-3.116321350842E-1,3.4E-1));
#4312=LINE('',#4311,#4310);
#4313=DIRECTION('',(0.E0,-9.323667351229E-1,3.615138603655E-1));
#4314=VECTOR('',#4313,9.380831519647E-2);
#4315=CARTESIAN_POINT('',(2.9E-1,-3.E-1,3.7E-1));
#4316=LINE('',#4315,#4314);
#4317=CARTESIAN_POINT('',(2.9E-1,-4.2E-1,3.2E-1));
#4318=DIRECTION('',(1.E0,0.E0,0.E0));
#4319=DIRECTION('',(0.E0,3.615138603655E-1,9.323667351229E-1));
#4320=AXIS2_PLACEMENT_3D('',#4317,#4318,#4319);
#4322=CARTESIAN_POINT('',(2.9E-1,-1.E-1,9.14E-1));
#4323=DIRECTION('',(1.E0,0.E0,0.E0));
#4324=DIRECTION('',(0.E0,0.E0,-1.E0));
#4325=AXIS2_PLACEMENT_3D('',#4322,#4323,#4324);
#4327=DIRECTION('',(0.E0,0.E0,1.E0));
#4328=VECTOR('',#4327,5.1E-2);
#4329=CARTESIAN_POINT('',(2.9E-1,2.E-2,9.14E-1));
#4330=LINE('',#4329,#4328);
#4331=DIRECTION('',(0.E0,-7.071067811866E-1,7.071067811865E-1));
#4332=VECTOR('',#4331,2.828427124746E-2);
#4333=CARTESIAN_POINT('',(2.9E-1,2.E-2,9.65E-1));
#4334=LINE('',#4333,#4332);
#4335=DIRECTION('',(0.E0,0.E0,1.E0));
#4336=VECTOR('',#4335,1.5E-2);
#4337=CARTESIAN_POINT('',(2.9E-1,0.E0,9.85E-1));
#4338=LINE('',#4337,#4336);
#4339=DIRECTION('',(0.E0,-1.E0,0.E0));
#4340=VECTOR('',#4339,6.1E-2);
#4341=CARTESIAN_POINT('',(2.9E-1,0.E0,1.E0));
#4342=LINE('',#4341,#4340);
#4343=DIRECTION('',(0.E0,0.E0,-1.E0));
#4344=VECTOR('',#4343,8.6E-2);
#4345=CARTESIAN_POINT('',(2.9E-1,-6.1E-2,1.E0));
#4346=LINE('',#4345,#4344);
#4347=CARTESIAN_POINT('',(2.9E-1,-1.E-1,9.14E-1));
#4348=DIRECTION('',(-1.E0,0.E0,0.E0));
#4349=DIRECTION('',(0.E0,1.E0,0.E0));
#4350=AXIS2_PLACEMENT_3D('',#4347,#4348,#4349);
#4352=CARTESIAN_POINT('',(2.9E-1,-4.15E-1,7.4E-1));
#4353=DIRECTION('',(1.E0,0.E0,0.E0));
#4354=DIRECTION('',(0.E0,-6.717910054525E-1,-7.407407407407E-1));
#4355=AXIS2_PLACEMENT_3D('',#4352,#4353,#4354);
#4357=DIRECTION('',(0.E0,1.E0,0.E0));
#4358=VECTOR('',#4357,4.000000000004E-2);
#4359=CARTESIAN_POINT('',(2.9E-1,-4.15E-1,6.05E-1));
#4360=LINE('',#4359,#4358);
#4361=DIRECTION('',(0.E0,7.071067811865E-1,7.071067811865E-1));
#4362=VECTOR('',#4361,2.828427124746E-2);
#4363=CARTESIAN_POINT('',(2.9E-1,-3.75E-1,6.05E-1));
#4364=LINE('',#4363,#4362);
#4365=DIRECTION('',(0.E0,1.E0,0.E0));
#4366=VECTOR('',#4365,2.25E-1);
#4367=CARTESIAN_POINT('',(2.9E-1,-3.55E-1,6.25E-1));
#4368=LINE('',#4367,#4366);
#4369=DIRECTION('',(1.E0,0.E0,0.E0));
#4370=VECTOR('',#4369,1.2E-1);
#4371=CARTESIAN_POINT('',(2.9E-1,-3.55E-1,-6.25E-1));
#4372=LINE('',#4371,#4370);
#4373=DIRECTION('',(1.E0,0.E0,0.E0));
#4374=VECTOR('',#4373,1.2E-1);
#4375=CARTESIAN_POINT('',(2.9E-1,-3.75E-1,-6.05E-1));
#4376=LINE('',#4375,#4374);
#4377=DIRECTION('',(1.E0,0.E0,0.E0));
#4378=VECTOR('',#4377,1.2E-1);
#4379=CARTESIAN_POINT('',(2.9E-1,-4.15E-1,-6.05E-1));
#4380=LINE('',#4379,#4378);
#4381=DIRECTION('',(1.E0,0.E0,0.E0));
#4382=VECTOR('',#4381,1.2E-1);
#4383=CARTESIAN_POINT('',(2.9E-1,-3.874637525671E-1,-4.039130061611E-1));
#4384=LINE('',#4383,#4382);
#4385=DIRECTION('',(1.E0,0.E0,0.E0));
#4386=VECTOR('',#4385,1.2E-1);
#4387=CARTESIAN_POINT('',(2.9E-1,-3.E-1,-3.7E-1));
#4388=LINE('',#4387,#4386);
#4389=DIRECTION('',(1.E0,0.E0,0.E0));
#4390=VECTOR('',#4389,1.2E-1);
#4391=CARTESIAN_POINT('',(2.9E-1,2.E-2,-9.14E-1));
#4392=LINE('',#4391,#4390);
#4393=DIRECTION('',(1.E0,0.E0,0.E0));
#4394=VECTOR('',#4393,1.2E-1);
#4395=CARTESIAN_POINT('',(2.9E-1,2.E-2,-9.65E-1));
#4396=LINE('',#4395,#4394);
#4397=DIRECTION('',(1.E0,0.E0,0.E0));
#4398=VECTOR('',#4397,1.2E-1);
#4399=CARTESIAN_POINT('',(2.9E-1,0.E0,-9.85E-1));
#4400=LINE('',#4399,#4398);
#4401=DIRECTION('',(1.E0,0.E0,0.E0));
#4402=VECTOR('',#4401,1.2E-1);
#4403=CARTESIAN_POINT('',(2.9E-1,0.E0,-1.E0));
#4404=LINE('',#4403,#4402);
#4405=DIRECTION('',(1.E0,0.E0,0.E0));
#4406=VECTOR('',#4405,1.2E-1);
#4407=CARTESIAN_POINT('',(2.9E-1,-6.1E-2,-1.E0));
#4408=LINE('',#4407,#4406);
#4409=DIRECTION('',(1.E0,0.E0,0.E0));
#4410=VECTOR('',#4409,1.2E-1);
#4411=CARTESIAN_POINT('',(2.9E-1,-6.1E-2,-9.14E-1));
#4412=LINE('',#4411,#4410);
#4413=DIRECTION('',(1.E0,0.E0,0.E0));
#4414=VECTOR('',#4413,1.2E-1);
#4415=CARTESIAN_POINT('',(2.9E-1,-3.E-1,3.7E-1));
#4416=LINE('',#4415,#4414);
#4417=DIRECTION('',(1.E0,0.E0,0.E0));
#4418=VECTOR('',#4417,1.2E-1);
#4419=CARTESIAN_POINT('',(2.9E-1,2.E-2,9.14E-1));
#4420=LINE('',#4419,#4418);
#4421=DIRECTION('',(1.E0,0.E0,0.E0));
#4422=VECTOR('',#4421,1.2E-1);
#4423=CARTESIAN_POINT('',(2.9E-1,2.E-2,9.65E-1));
#4424=LINE('',#4423,#4422);
#4425=DIRECTION('',(1.E0,0.E0,0.E0));
#4426=VECTOR('',#4425,1.2E-1);
#4427=CARTESIAN_POINT('',(2.9E-1,0.E0,9.85E-1));
#4428=LINE('',#4427,#4426);
#4429=DIRECTION('',(1.E0,0.E0,0.E0));
#4430=VECTOR('',#4429,1.2E-1);
#4431=CARTESIAN_POINT('',(2.9E-1,0.E0,1.E0));
#4432=LINE('',#4431,#4430);
#4433=DIRECTION('',(1.E0,0.E0,0.E0));
#4434=VECTOR('',#4433,1.2E-1);
#4435=CARTESIAN_POINT('',(2.9E-1,-6.1E-2,1.E0));
#4436=LINE('',#4435,#4434);
#4437=DIRECTION('',(1.E0,0.E0,0.E0));
#4438=VECTOR('',#4437,1.2E-1);
#4439=CARTESIAN_POINT('',(2.9E-1,-6.1E-2,9.14E-1));
#4440=LINE('',#4439,#4438);
#4441=DIRECTION('',(1.E0,0.E0,0.E0));
#4442=VECTOR('',#4441,1.2E-1);
#4443=CARTESIAN_POINT('',(2.9E-1,-4.15E-1,6.05E-1));
#4444=LINE('',#4443,#4442);
#4445=DIRECTION('',(1.E0,0.E0,0.E0));
#4446=VECTOR('',#4445,1.2E-1);
#4447=CARTESIAN_POINT('',(2.9E-1,-3.75E-1,6.05E-1));
#4448=LINE('',#4447,#4446);
#4449=DIRECTION('',(1.E0,0.E0,0.E0));
#4450=VECTOR('',#4449,1.2E-1);
#4451=CARTESIAN_POINT('',(2.9E-1,-3.55E-1,6.25E-1));
#4452=LINE('',#4451,#4450);
#4453=CARTESIAN_POINT('',(6.E-2,-4.2E-1,3.2E-1));
#4454=DIRECTION('',(1.E0,0.E0,0.E0));
#4455=DIRECTION('',(0.E0,3.615138603655E-1,9.323667351229E-1));
#4456=AXIS2_PLACEMENT_3D('',#4453,#4454,#4455);
#4458=DIRECTION('',(0.E0,-9.323667351229E-1,3.615138603655E-1));
#4459=VECTOR('',#4458,9.380831519647E-2);
#4460=CARTESIAN_POINT('',(6.E-2,-3.E-1,3.7E-1));
#4461=LINE('',#4460,#4459);
#4462=DIRECTION('',(0.E0,3.615138603655E-1,9.323667351229E-1));
#4463=VECTOR('',#4462,3.217618011227E-2);
#4464=CARTESIAN_POINT('',(6.E-2,-3.116321350842E-1,3.4E-1));
#4465=LINE('',#4464,#4463);
#4466=DIRECTION('',(0.E0,-3.615138603655E-1,9.323667351229E-1));
#4467=VECTOR('',#4466,3.217618011227E-2);
#4468=CARTESIAN_POINT('',(6.E-2,-3.E-1,-3.7E-1));
#4469=LINE('',#4468,#4467);
#4470=DIRECTION('',(0.E0,9.323667351229E-1,3.615138603655E-1));
#4471=VECTOR('',#4470,9.380831519647E-2);
#4472=CARTESIAN_POINT('',(6.E-2,-3.874637525671E-1,-4.039130061611E-1));
#4473=LINE('',#4472,#4471);
#4474=CARTESIAN_POINT('',(6.E-2,-4.2E-1,-3.2E-1));
#4475=DIRECTION('',(1.E0,0.E0,0.E0));
#4476=DIRECTION('',(0.E0,-9.749960430436E-1,-2.222222222222E-1));
#4477=AXIS2_PLACEMENT_3D('',#4474,#4475,#4476);
#4479=CARTESIAN_POINT('',(6.E-2,-1.E-1,-9.14E-1));
#4480=DIRECTION('',(1.E0,0.E0,0.E0));
#4481=DIRECTION('',(0.E0,1.E0,0.E0));
#4482=AXIS2_PLACEMENT_3D('',#4479,#4480,#4481);
#4484=DIRECTION('',(0.E0,0.E0,1.E0));
#4485=VECTOR('',#4484,5.1E-2);
#4486=CARTESIAN_POINT('',(6.E-2,2.E-2,-9.65E-1));
#4487=LINE('',#4486,#4485);
#4488=DIRECTION('',(0.E0,7.071067811866E-1,7.071067811865E-1));
#4489=VECTOR('',#4488,2.828427124746E-2);
#4490=CARTESIAN_POINT('',(6.E-2,0.E0,-9.85E-1));
#4491=LINE('',#4490,#4489);
#4492=DIRECTION('',(0.E0,0.E0,1.E0));
#4493=VECTOR('',#4492,1.5E-2);
#4494=CARTESIAN_POINT('',(6.E-2,0.E0,-1.E0));
#4495=LINE('',#4494,#4493);
#4496=DIRECTION('',(0.E0,1.E0,0.E0));
#4497=VECTOR('',#4496,6.1E-2);
#4498=CARTESIAN_POINT('',(6.E-2,-6.1E-2,-1.E0));
#4499=LINE('',#4498,#4497);
#4500=DIRECTION('',(0.E0,0.E0,-1.E0));
#4501=VECTOR('',#4500,8.6E-2);
#4502=CARTESIAN_POINT('',(6.E-2,-6.1E-2,-9.14E-1));
#4503=LINE('',#4502,#4501);
#4504=CARTESIAN_POINT('',(6.E-2,-1.E-1,-9.14E-1));
#4505=DIRECTION('',(-1.E0,0.E0,0.E0));
#4506=DIRECTION('',(0.E0,0.E0,1.E0));
#4507=AXIS2_PLACEMENT_3D('',#4504,#4505,#4506);
#4509=CARTESIAN_POINT('',(6.E-2,-1.E-1,9.14E-1));
#4510=DIRECTION('',(-1.E0,0.E0,0.E0));
#4511=DIRECTION('',(0.E0,1.E0,0.E0));
#4512=AXIS2_PLACEMENT_3D('',#4509,#4510,#4511);
#4514=DIRECTION('',(0.E0,0.E0,-1.E0));
#4515=VECTOR('',#4514,8.6E-2);
#4516=CARTESIAN_POINT('',(6.E-2,-6.1E-2,1.E0));
#4517=LINE('',#4516,#4515);
#4518=DIRECTION('',(0.E0,-1.E0,0.E0));
#4519=VECTOR('',#4518,6.1E-2);
#4520=CARTESIAN_POINT('',(6.E-2,0.E0,1.E0));
#4521=LINE('',#4520,#4519);
#4522=DIRECTION('',(0.E0,0.E0,1.E0));
#4523=VECTOR('',#4522,1.5E-2);
#4524=CARTESIAN_POINT('',(6.E-2,0.E0,9.85E-1));
#4525=LINE('',#4524,#4523);
#4526=DIRECTION('',(0.E0,-7.071067811866E-1,7.071067811865E-1));
#4527=VECTOR('',#4526,2.828427124746E-2);
#4528=CARTESIAN_POINT('',(6.E-2,2.E-2,9.65E-1));
#4529=LINE('',#4528,#4527);
#4530=DIRECTION('',(0.E0,0.E0,1.E0));
#4531=VECTOR('',#4530,5.1E-2);
#4532=CARTESIAN_POINT('',(6.E-2,2.E-2,9.14E-1));
#4533=LINE('',#4532,#4531);
#4534=CARTESIAN_POINT('',(6.E-2,-1.E-1,9.14E-1));
#4535=DIRECTION('',(1.E0,0.E0,0.E0));
#4536=DIRECTION('',(0.E0,0.E0,-1.E0));
#4537=AXIS2_PLACEMENT_3D('',#4534,#4535,#4536);
#4539=CARTESIAN_POINT('',(6.E-2,-4.15E-1,-7.4E-1));
#4540=DIRECTION('',(1.E0,0.E0,0.E0));
#4541=DIRECTION('',(0.E0,0.E0,1.E0));
#4542=AXIS2_PLACEMENT_3D('',#4539,#4540,#4541);
#4544=DIRECTION('',(0.E0,-1.E0,0.E0));
#4545=VECTOR('',#4544,4.000000000004E-2);
#4546=CARTESIAN_POINT('',(6.E-2,-3.75E-1,-6.05E-1));
#4547=LINE('',#4546,#4545);
#4548=DIRECTION('',(0.E0,-7.071067811865E-1,7.071067811865E-1));
#4549=VECTOR('',#4548,2.828427124746E-2);
#4550=CARTESIAN_POINT('',(6.E-2,-3.55E-1,-6.25E-1));
#4551=LINE('',#4550,#4549);
#4552=DIRECTION('',(0.E0,-1.E0,0.E0));
#4553=VECTOR('',#4552,2.25E-1);
#4554=CARTESIAN_POINT('',(6.E-2,-1.3E-1,-6.25E-1));
#4555=LINE('',#4554,#4553);
#4556=CARTESIAN_POINT('',(6.E-2,-4.15E-1,7.4E-1));
#4557=DIRECTION('',(1.E0,0.E0,0.E0));
#4558=DIRECTION('',(0.E0,-6.717910054525E-1,-7.407407407407E-1));
#4559=AXIS2_PLACEMENT_3D('',#4556,#4557,#4558);
#4561=DIRECTION('',(0.E0,1.E0,0.E0));
#4562=VECTOR('',#4561,2.25E-1);
#4563=CARTESIAN_POINT('',(6.E-2,-3.55E-1,6.25E-1));
#4564=LINE('',#4563,#4562);
#4565=DIRECTION('',(0.E0,7.071067811865E-1,7.071067811865E-1));
#4566=VECTOR('',#4565,2.828427124746E-2);
#4567=CARTESIAN_POINT('',(6.E-2,-3.75E-1,6.05E-1));
#4568=LINE('',#4567,#4566);
#4569=DIRECTION('',(0.E0,1.E0,0.E0));
#4570=VECTOR('',#4569,4.000000000004E-2);
#4571=CARTESIAN_POINT('',(6.E-2,-4.15E-1,6.05E-1));
#4572=LINE('',#4571,#4570);
#4573=DIRECTION('',(1.E0,0.E0,0.E0));
#4574=VECTOR('',#4573,1.2E-1);
#4575=CARTESIAN_POINT('',(-6.E-2,-3.874637525671E-1,4.039130061611E-1));
#4576=LINE('',#4575,#4574);
#4577=DIRECTION('',(0.E0,3.615138603655E-1,9.323667351229E-1));
#4578=VECTOR('',#4577,3.217618011227E-2);
#4579=CARTESIAN_POINT('',(-6.E-2,-3.116321350842E-1,3.4E-1));
#4580=LINE('',#4579,#4578);
#4581=DIRECTION('',(0.E0,-9.323667351229E-1,3.615138603655E-1));
#4582=VECTOR('',#4581,9.380831519647E-2);
#4583=CARTESIAN_POINT('',(-6.E-2,-3.E-1,3.7E-1));
#4584=LINE('',#4583,#4582);
#4585=CARTESIAN_POINT('',(-6.E-2,-4.2E-1,3.2E-1));
#4586=DIRECTION('',(1.E0,0.E0,0.E0));
#4587=DIRECTION('',(0.E0,3.615138603655E-1,9.323667351229E-1));
#4588=AXIS2_PLACEMENT_3D('',#4585,#4586,#4587);
#4590=CARTESIAN_POINT('',(-6.E-2,-4.2E-1,-3.2E-1));
#4591=DIRECTION('',(1.E0,0.E0,0.E0));
#4592=DIRECTION('',(0.E0,-9.749960430436E-1,-2.222222222222E-1));
#4593=AXIS2_PLACEMENT_3D('',#4590,#4591,#4592);
#4595=DIRECTION('',(0.E0,9.323667351229E-1,3.615138603655E-1));
#4596=VECTOR('',#4595,9.380831519647E-2);
#4597=CARTESIAN_POINT('',(-6.E-2,-3.874637525671E-1,-4.039130061611E-1));
#4598=LINE('',#4597,#4596);
#4599=DIRECTION('',(0.E0,-3.615138603655E-1,9.323667351229E-1));
#4600=VECTOR('',#4599,3.217618011227E-2);
#4601=CARTESIAN_POINT('',(-6.E-2,-3.E-1,-3.7E-1));
#4602=LINE('',#4601,#4600);
#4603=CARTESIAN_POINT('',(-6.E-2,-1.E-1,-9.14E-1));
#4604=DIRECTION('',(-1.E0,0.E0,0.E0));
#4605=DIRECTION('',(0.E0,0.E0,1.E0));
#4606=AXIS2_PLACEMENT_3D('',#4603,#4604,#4605);
#4608=DIRECTION('',(0.E0,0.E0,-1.E0));
#4609=VECTOR('',#4608,8.6E-2);
#4610=CARTESIAN_POINT('',(-6.E-2,-6.1E-2,-9.14E-1));
#4611=LINE('',#4610,#4609);
#4612=DIRECTION('',(0.E0,1.E0,0.E0));
#4613=VECTOR('',#4612,6.1E-2);
#4614=CARTESIAN_POINT('',(-6.E-2,-6.1E-2,-1.E0));
#4615=LINE('',#4614,#4613);
#4616=DIRECTION('',(0.E0,0.E0,1.E0));
#4617=VECTOR('',#4616,1.5E-2);
#4618=CARTESIAN_POINT('',(-6.E-2,0.E0,-1.E0));
#4619=LINE('',#4618,#4617);
#4620=DIRECTION('',(0.E0,7.071067811866E-1,7.071067811865E-1));
#4621=VECTOR('',#4620,2.828427124746E-2);
#4622=CARTESIAN_POINT('',(-6.E-2,0.E0,-9.85E-1));
#4623=LINE('',#4622,#4621);
#4624=DIRECTION('',(0.E0,0.E0,1.E0));
#4625=VECTOR('',#4624,5.1E-2);
#4626=CARTESIAN_POINT('',(-6.E-2,2.E-2,-9.65E-1));
#4627=LINE('',#4626,#4625);
#4628=CARTESIAN_POINT('',(-6.E-2,-1.E-1,-9.14E-1));
#4629=DIRECTION('',(1.E0,0.E0,0.E0));
#4630=DIRECTION('',(0.E0,1.E0,0.E0));
#4631=AXIS2_PLACEMENT_3D('',#4628,#4629,#4630);
#4633=CARTESIAN_POINT('',(-6.E-2,-1.E-1,9.14E-1));
#4634=DIRECTION('',(1.E0,0.E0,0.E0));
#4635=DIRECTION('',(0.E0,0.E0,-1.E0));
#4636=AXIS2_PLACEMENT_3D('',#4633,#4634,#4635);
#4638=DIRECTION('',(0.E0,0.E0,1.E0));
#4639=VECTOR('',#4638,5.1E-2);
#4640=CARTESIAN_POINT('',(-6.E-2,2.E-2,9.14E-1));
#4641=LINE('',#4640,#4639);
#4642=DIRECTION('',(0.E0,-7.071067811866E-1,7.071067811865E-1));
#4643=VECTOR('',#4642,2.828427124746E-2);
#4644=CARTESIAN_POINT('',(-6.E-2,2.E-2,9.65E-1));
#4645=LINE('',#4644,#4643);
#4646=DIRECTION('',(0.E0,0.E0,1.E0));
#4647=VECTOR('',#4646,1.5E-2);
#4648=CARTESIAN_POINT('',(-6.E-2,0.E0,9.85E-1));
#4649=LINE('',#4648,#4647);
#4650=DIRECTION('',(0.E0,-1.E0,0.E0));
#4651=VECTOR('',#4650,6.1E-2);
#4652=CARTESIAN_POINT('',(-6.E-2,0.E0,1.E0));
#4653=LINE('',#4652,#4651);
#4654=DIRECTION('',(0.E0,0.E0,-1.E0));
#4655=VECTOR('',#4654,8.6E-2);
#4656=CARTESIAN_POINT('',(-6.E-2,-6.1E-2,1.E0));
#4657=LINE('',#4656,#4655);
#4658=CARTESIAN_POINT('',(-6.E-2,-1.E-1,9.14E-1));
#4659=DIRECTION('',(-1.E0,0.E0,0.E0));
#4660=DIRECTION('',(0.E0,1.E0,0.E0));
#4661=AXIS2_PLACEMENT_3D('',#4658,#4659,#4660);
#4663=CARTESIAN_POINT('',(-6.E-2,-4.15E-1,-7.4E-1));
#4664=DIRECTION('',(1.E0,0.E0,0.E0));
#4665=DIRECTION('',(0.E0,0.E0,1.E0));
#4666=AXIS2_PLACEMENT_3D('',#4663,#4664,#4665);
#4668=DIRECTION('',(0.E0,-1.E0,0.E0));
#4669=VECTOR('',#4668,2.25E-1);
#4670=CARTESIAN_POINT('',(-6.E-2,-1.3E-1,-6.25E-1));
#4671=LINE('',#4670,#4669);
#4672=DIRECTION('',(0.E0,-7.071067811865E-1,7.071067811865E-1));
#4673=VECTOR('',#4672,2.828427124746E-2);
#4674=CARTESIAN_POINT('',(-6.E-2,-3.55E-1,-6.25E-1));
#4675=LINE('',#4674,#4673);
#4676=DIRECTION('',(0.E0,-1.E0,0.E0));
#4677=VECTOR('',#4676,4.000000000004E-2);
#4678=CARTESIAN_POINT('',(-6.E-2,-3.75E-1,-6.05E-1));
#4679=LINE('',#4678,#4677);
#4680=CARTESIAN_POINT('',(-6.E-2,-4.15E-1,7.4E-1));
#4681=DIRECTION('',(1.E0,0.E0,0.E0));
#4682=DIRECTION('',(0.E0,-6.717910054525E-1,-7.407407407407E-1));
#4683=AXIS2_PLACEMENT_3D('',#4680,#4681,#4682);
#4685=DIRECTION('',(0.E0,1.E0,0.E0));
#4686=VECTOR('',#4685,4.000000000004E-2);
#4687=CARTESIAN_POINT('',(-6.E-2,-4.15E-1,6.05E-1));
#4688=LINE('',#4687,#4686);
#4689=DIRECTION('',(0.E0,7.071067811865E-1,7.071067811865E-1));
#4690=VECTOR('',#4689,2.828427124746E-2);
#4691=CARTESIAN_POINT('',(-6.E-2,-3.75E-1,6.05E-1));
#4692=LINE('',#4691,#4690);
#4693=DIRECTION('',(0.E0,1.E0,0.E0));
#4694=VECTOR('',#4693,2.25E-1);
#4695=CARTESIAN_POINT('',(-6.E-2,-3.55E-1,6.25E-1));
#4696=LINE('',#4695,#4694);
#4697=DIRECTION('',(1.E0,0.E0,0.E0));
#4698=VECTOR('',#4697,1.2E-1);
#4699=CARTESIAN_POINT('',(-6.E-2,-3.E-1,3.7E-1));
#4700=LINE('',#4699,#4698);
#4701=DIRECTION('',(1.E0,0.E0,0.E0));
#4702=VECTOR('',#4701,1.2E-1);
#4703=CARTESIAN_POINT('',(-6.E-2,-3.874637525671E-1,-4.039130061611E-1));
#4704=LINE('',#4703,#4702);
#4705=DIRECTION('',(1.E0,0.E0,0.E0));
#4706=VECTOR('',#4705,1.2E-1);
#4707=CARTESIAN_POINT('',(-6.E-2,-3.E-1,-3.7E-1));
#4708=LINE('',#4707,#4706);
#4709=DIRECTION('',(1.E0,0.E0,0.E0));
#4710=VECTOR('',#4709,1.2E-1);
#4711=CARTESIAN_POINT('',(-6.E-2,-6.1E-2,-9.14E-1));
#4712=LINE('',#4711,#4710);
#4713=DIRECTION('',(1.E0,0.E0,0.E0));
#4714=VECTOR('',#4713,1.2E-1);
#4715=CARTESIAN_POINT('',(-6.E-2,-6.1E-2,-1.E0));
#4716=LINE('',#4715,#4714);
#4717=DIRECTION('',(1.E0,0.E0,0.E0));
#4718=VECTOR('',#4717,1.2E-1);
#4719=CARTESIAN_POINT('',(-6.E-2,0.E0,-1.E0));
#4720=LINE('',#4719,#4718);
#4721=DIRECTION('',(1.E0,0.E0,0.E0));
#4722=VECTOR('',#4721,1.2E-1);
#4723=CARTESIAN_POINT('',(-6.E-2,0.E0,-9.85E-1));
#4724=LINE('',#4723,#4722);
#4725=DIRECTION('',(1.E0,0.E0,0.E0));
#4726=VECTOR('',#4725,1.2E-1);
#4727=CARTESIAN_POINT('',(-6.E-2,2.E-2,-9.65E-1));
#4728=LINE('',#4727,#4726);
#4729=DIRECTION('',(1.E0,0.E0,0.E0));
#4730=VECTOR('',#4729,1.2E-1);
#4731=CARTESIAN_POINT('',(-6.E-2,2.E-2,-9.14E-1));
#4732=LINE('',#4731,#4730);
#4733=DIRECTION('',(1.E0,0.E0,0.E0));
#4734=VECTOR('',#4733,1.2E-1);
#4735=CARTESIAN_POINT('',(-6.E-2,2.E-2,9.14E-1));
#4736=LINE('',#4735,#4734);
#4737=DIRECTION('',(1.E0,0.E0,0.E0));
#4738=VECTOR('',#4737,1.2E-1);
#4739=CARTESIAN_POINT('',(-6.E-2,2.E-2,9.65E-1));
#4740=LINE('',#4739,#4738);
#4741=DIRECTION('',(1.E0,0.E0,0.E0));
#4742=VECTOR('',#4741,1.2E-1);
#4743=CARTESIAN_POINT('',(-6.E-2,0.E0,9.85E-1));
#4744=LINE('',#4743,#4742);
#4745=DIRECTION('',(1.E0,0.E0,0.E0));
#4746=VECTOR('',#4745,1.2E-1);
#4747=CARTESIAN_POINT('',(-6.E-2,0.E0,1.E0));
#4748=LINE('',#4747,#4746);
#4749=DIRECTION('',(1.E0,0.E0,0.E0));
#4750=VECTOR('',#4749,1.2E-1);
#4751=CARTESIAN_POINT('',(-6.E-2,-6.1E-2,1.E0));
#4752=LINE('',#4751,#4750);
#4753=DIRECTION('',(1.E0,0.E0,0.E0));
#4754=VECTOR('',#4753,1.2E-1);
#4755=CARTESIAN_POINT('',(-6.E-2,-6.1E-2,9.14E-1));
#4756=LINE('',#4755,#4754);
#4757=DIRECTION('',(1.E0,0.E0,0.E0));
#4758=VECTOR('',#4757,1.2E-1);
#4759=CARTESIAN_POINT('',(-6.E-2,-4.15E-1,-6.05E-1));
#4760=LINE('',#4759,#4758);
#4761=DIRECTION('',(1.E0,0.E0,0.E0));
#4762=VECTOR('',#4761,1.2E-1);
#4763=CARTESIAN_POINT('',(-6.E-2,-3.75E-1,-6.05E-1));
#4764=LINE('',#4763,#4762);
#4765=DIRECTION('',(1.E0,0.E0,0.E0));
#4766=VECTOR('',#4765,1.2E-1);
#4767=CARTESIAN_POINT('',(-6.E-2,-3.55E-1,-6.25E-1));
#4768=LINE('',#4767,#4766);
#4769=DIRECTION('',(1.E0,0.E0,0.E0));
#4770=VECTOR('',#4769,1.2E-1);
#4771=CARTESIAN_POINT('',(-6.E-2,-4.15E-1,6.05E-1));
#4772=LINE('',#4771,#4770);
#4773=DIRECTION('',(1.E0,0.E0,0.E0));
#4774=VECTOR('',#4773,1.2E-1);
#4775=CARTESIAN_POINT('',(-6.E-2,-3.75E-1,6.05E-1));
#4776=LINE('',#4775,#4774);
#4777=DIRECTION('',(1.E0,0.E0,0.E0));
#4778=VECTOR('',#4777,1.2E-1);
#4779=CARTESIAN_POINT('',(-6.E-2,-3.55E-1,6.25E-1));
#4780=LINE('',#4779,#4778);
#4781=CARTESIAN_POINT('',(-2.9E-1,-4.2E-1,3.2E-1));
#4782=DIRECTION('',(1.E0,0.E0,0.E0));
#4783=DIRECTION('',(0.E0,3.615138603655E-1,9.323667351229E-1));
#4784=AXIS2_PLACEMENT_3D('',#4781,#4782,#4783);
#4786=DIRECTION('',(0.E0,-9.323667351229E-1,3.615138603655E-1));
#4787=VECTOR('',#4786,9.380831519647E-2);
#4788=CARTESIAN_POINT('',(-2.9E-1,-3.E-1,3.7E-1));
#4789=LINE('',#4788,#4787);
#4790=DIRECTION('',(0.E0,3.615138603655E-1,9.323667351229E-1));
#4791=VECTOR('',#4790,3.217618011227E-2);
#4792=CARTESIAN_POINT('',(-2.9E-1,-3.116321350842E-1,3.4E-1));
#4793=LINE('',#4792,#4791);
#4794=DIRECTION('',(0.E0,-3.615138603655E-1,9.323667351229E-1));
#4795=VECTOR('',#4794,3.217618011227E-2);
#4796=CARTESIAN_POINT('',(-2.9E-1,-3.E-1,-3.7E-1));
#4797=LINE('',#4796,#4795);
#4798=DIRECTION('',(0.E0,9.323667351229E-1,3.615138603655E-1));
#4799=VECTOR('',#4798,9.380831519647E-2);
#4800=CARTESIAN_POINT('',(-2.9E-1,-3.874637525671E-1,-4.039130061611E-1));
#4801=LINE('',#4800,#4799);
#4802=CARTESIAN_POINT('',(-2.9E-1,-4.2E-1,-3.2E-1));
#4803=DIRECTION('',(1.E0,0.E0,0.E0));
#4804=DIRECTION('',(0.E0,-9.749960430436E-1,-2.222222222222E-1));
#4805=AXIS2_PLACEMENT_3D('',#4802,#4803,#4804);
#4807=CARTESIAN_POINT('',(-2.9E-1,-1.E-1,-9.14E-1));
#4808=DIRECTION('',(1.E0,0.E0,0.E0));
#4809=DIRECTION('',(0.E0,1.E0,0.E0));
#4810=AXIS2_PLACEMENT_3D('',#4807,#4808,#4809);
#4812=DIRECTION('',(0.E0,0.E0,1.E0));
#4813=VECTOR('',#4812,5.1E-2);
#4814=CARTESIAN_POINT('',(-2.9E-1,2.E-2,-9.65E-1));
#4815=LINE('',#4814,#4813);
#4816=DIRECTION('',(0.E0,7.071067811866E-1,7.071067811865E-1));
#4817=VECTOR('',#4816,2.828427124746E-2);
#4818=CARTESIAN_POINT('',(-2.9E-1,0.E0,-9.85E-1));
#4819=LINE('',#4818,#4817);
#4820=DIRECTION('',(0.E0,0.E0,1.E0));
#4821=VECTOR('',#4820,1.5E-2);
#4822=CARTESIAN_POINT('',(-2.9E-1,0.E0,-1.E0));
#4823=LINE('',#4822,#4821);
#4824=DIRECTION('',(0.E0,1.E0,0.E0));
#4825=VECTOR('',#4824,6.1E-2);
#4826=CARTESIAN_POINT('',(-2.9E-1,-6.1E-2,-1.E0));
#4827=LINE('',#4826,#4825);
#4828=DIRECTION('',(0.E0,0.E0,-1.E0));
#4829=VECTOR('',#4828,8.6E-2);
#4830=CARTESIAN_POINT('',(-2.9E-1,-6.1E-2,-9.14E-1));
#4831=LINE('',#4830,#4829);
#4832=CARTESIAN_POINT('',(-2.9E-1,-1.E-1,-9.14E-1));
#4833=DIRECTION('',(-1.E0,0.E0,0.E0));
#4834=DIRECTION('',(0.E0,0.E0,1.E0));
#4835=AXIS2_PLACEMENT_3D('',#4832,#4833,#4834);
#4837=CARTESIAN_POINT('',(-2.9E-1,-1.E-1,9.14E-1));
#4838=DIRECTION('',(-1.E0,0.E0,0.E0));
#4839=DIRECTION('',(0.E0,1.E0,0.E0));
#4840=AXIS2_PLACEMENT_3D('',#4837,#4838,#4839);
#4842=DIRECTION('',(0.E0,0.E0,-1.E0));
#4843=VECTOR('',#4842,8.6E-2);
#4844=CARTESIAN_POINT('',(-2.9E-1,-6.1E-2,1.E0));
#4845=LINE('',#4844,#4843);
#4846=DIRECTION('',(0.E0,-1.E0,0.E0));
#4847=VECTOR('',#4846,6.1E-2);
#4848=CARTESIAN_POINT('',(-2.9E-1,0.E0,1.E0));
#4849=LINE('',#4848,#4847);
#4850=DIRECTION('',(0.E0,0.E0,1.E0));
#4851=VECTOR('',#4850,1.5E-2);
#4852=CARTESIAN_POINT('',(-2.9E-1,0.E0,9.85E-1));
#4853=LINE('',#4852,#4851);
#4854=DIRECTION('',(0.E0,-7.071067811866E-1,7.071067811865E-1));
#4855=VECTOR('',#4854,2.828427124746E-2);
#4856=CARTESIAN_POINT('',(-2.9E-1,2.E-2,9.65E-1));
#4857=LINE('',#4856,#4855);
#4858=DIRECTION('',(0.E0,0.E0,1.E0));
#4859=VECTOR('',#4858,5.1E-2);
#4860=CARTESIAN_POINT('',(-2.9E-1,2.E-2,9.14E-1));
#4861=LINE('',#4860,#4859);
#4862=CARTESIAN_POINT('',(-2.9E-1,-1.E-1,9.14E-1));
#4863=DIRECTION('',(1.E0,0.E0,0.E0));
#4864=DIRECTION('',(0.E0,0.E0,-1.E0));
#4865=AXIS2_PLACEMENT_3D('',#4862,#4863,#4864);
#4867=CARTESIAN_POINT('',(-2.9E-1,-4.15E-1,-7.4E-1));
#4868=DIRECTION('',(1.E0,0.E0,0.E0));
#4869=DIRECTION('',(0.E0,0.E0,1.E0));
#4870=AXIS2_PLACEMENT_3D('',#4867,#4868,#4869);
#4872=DIRECTION('',(0.E0,-1.E0,0.E0));
#4873=VECTOR('',#4872,4.000000000004E-2);
#4874=CARTESIAN_POINT('',(-2.9E-1,-3.75E-1,-6.05E-1));
#4875=LINE('',#4874,#4873);
#4876=DIRECTION('',(0.E0,-7.071067811865E-1,7.071067811865E-1));
#4877=VECTOR('',#4876,2.828427124746E-2);
#4878=CARTESIAN_POINT('',(-2.9E-1,-3.55E-1,-6.25E-1));
#4879=LINE('',#4878,#4877);
#4880=DIRECTION('',(0.E0,-1.E0,0.E0));
#4881=VECTOR('',#4880,2.25E-1);
#4882=CARTESIAN_POINT('',(-2.9E-1,-1.3E-1,-6.25E-1));
#4883=LINE('',#4882,#4881);
#4884=CARTESIAN_POINT('',(-2.9E-1,-4.15E-1,7.4E-1));
#4885=DIRECTION('',(1.E0,0.E0,0.E0));
#4886=DIRECTION('',(0.E0,-6.717910054525E-1,-7.407407407407E-1));
#4887=AXIS2_PLACEMENT_3D('',#4884,#4885,#4886);
#4889=DIRECTION('',(0.E0,1.E0,0.E0));
#4890=VECTOR('',#4889,2.25E-1);
#4891=CARTESIAN_POINT('',(-2.9E-1,-3.55E-1,6.25E-1));
#4892=LINE('',#4891,#4890);
#4893=DIRECTION('',(0.E0,7.071067811865E-1,7.071067811865E-1));
#4894=VECTOR('',#4893,2.828427124746E-2);
#4895=CARTESIAN_POINT('',(-2.9E-1,-3.75E-1,6.05E-1));
#4896=LINE('',#4895,#4894);
#4897=DIRECTION('',(0.E0,1.E0,0.E0));
#4898=VECTOR('',#4897,4.000000000004E-2);
#4899=CARTESIAN_POINT('',(-2.9E-1,-4.15E-1,6.05E-1));
#4900=LINE('',#4899,#4898);
#4901=DIRECTION('',(1.E0,0.E0,0.E0));
#4902=VECTOR('',#4901,1.2E-1);
#4903=CARTESIAN_POINT('',(-4.1E-1,-3.874637525671E-1,4.039130061611E-1));
#4904=LINE('',#4903,#4902);
#4905=DIRECTION('',(0.E0,3.615138603655E-1,9.323667351229E-1));
#4906=VECTOR('',#4905,3.217618011227E-2);
#4907=CARTESIAN_POINT('',(-4.1E-1,-3.116321350842E-1,3.4E-1));
#4908=LINE('',#4907,#4906);
#4909=DIRECTION('',(0.E0,-9.323667351229E-1,3.615138603655E-1));
#4910=VECTOR('',#4909,9.380831519647E-2);
#4911=CARTESIAN_POINT('',(-4.1E-1,-3.E-1,3.7E-1));
#4912=LINE('',#4911,#4910);
#4913=CARTESIAN_POINT('',(-4.1E-1,-4.2E-1,3.2E-1));
#4914=DIRECTION('',(1.E0,0.E0,0.E0));
#4915=DIRECTION('',(0.E0,3.615138603655E-1,9.323667351229E-1));
#4916=AXIS2_PLACEMENT_3D('',#4913,#4914,#4915);
#4918=CARTESIAN_POINT('',(-4.1E-1,-4.2E-1,-3.2E-1));
#4919=DIRECTION('',(1.E0,0.E0,0.E0));
#4920=DIRECTION('',(0.E0,-9.749960430436E-1,-2.222222222222E-1));
#4921=AXIS2_PLACEMENT_3D('',#4918,#4919,#4920);
#4923=DIRECTION('',(0.E0,9.323667351229E-1,3.615138603655E-1));
#4924=VECTOR('',#4923,9.380831519647E-2);
#4925=CARTESIAN_POINT('',(-4.1E-1,-3.874637525671E-1,-4.039130061611E-1));
#4926=LINE('',#4925,#4924);
#4927=DIRECTION('',(0.E0,-3.615138603655E-1,9.323667351229E-1));
#4928=VECTOR('',#4927,3.217618011227E-2);
#4929=CARTESIAN_POINT('',(-4.1E-1,-3.E-1,-3.7E-1));
#4930=LINE('',#4929,#4928);
#4931=CARTESIAN_POINT('',(-4.1E-1,-1.E-1,-9.14E-1));
#4932=DIRECTION('',(-1.E0,0.E0,0.E0));
#4933=DIRECTION('',(0.E0,0.E0,1.E0));
#4934=AXIS2_PLACEMENT_3D('',#4931,#4932,#4933);
#4936=DIRECTION('',(0.E0,0.E0,-1.E0));
#4937=VECTOR('',#4936,8.6E-2);
#4938=CARTESIAN_POINT('',(-4.1E-1,-6.1E-2,-9.14E-1));
#4939=LINE('',#4938,#4937);
#4940=DIRECTION('',(0.E0,1.E0,0.E0));
#4941=VECTOR('',#4940,6.1E-2);
#4942=CARTESIAN_POINT('',(-4.1E-1,-6.1E-2,-1.E0));
#4943=LINE('',#4942,#4941);
#4944=DIRECTION('',(0.E0,0.E0,1.E0));
#4945=VECTOR('',#4944,1.5E-2);
#4946=CARTESIAN_POINT('',(-4.1E-1,0.E0,-1.E0));
#4947=LINE('',#4946,#4945);
#4948=DIRECTION('',(0.E0,7.071067811866E-1,7.071067811865E-1));
#4949=VECTOR('',#4948,2.828427124746E-2);
#4950=CARTESIAN_POINT('',(-4.1E-1,0.E0,-9.85E-1));
#4951=LINE('',#4950,#4949);
#4952=DIRECTION('',(0.E0,0.E0,1.E0));
#4953=VECTOR('',#4952,5.1E-2);
#4954=CARTESIAN_POINT('',(-4.1E-1,2.E-2,-9.65E-1));
#4955=LINE('',#4954,#4953);
#4956=CARTESIAN_POINT('',(-4.1E-1,-1.E-1,-9.14E-1));
#4957=DIRECTION('',(1.E0,0.E0,0.E0));
#4958=DIRECTION('',(0.E0,1.E0,0.E0));
#4959=AXIS2_PLACEMENT_3D('',#4956,#4957,#4958);
#4961=CARTESIAN_POINT('',(-4.1E-1,-1.E-1,9.14E-1));
#4962=DIRECTION('',(1.E0,0.E0,0.E0));
#4963=DIRECTION('',(0.E0,0.E0,-1.E0));
#4964=AXIS2_PLACEMENT_3D('',#4961,#4962,#4963);
#4966=DIRECTION('',(0.E0,0.E0,1.E0));
#4967=VECTOR('',#4966,5.1E-2);
#4968=CARTESIAN_POINT('',(-4.1E-1,2.E-2,9.14E-1));
#4969=LINE('',#4968,#4967);
#4970=DIRECTION('',(0.E0,-7.071067811866E-1,7.071067811865E-1));
#4971=VECTOR('',#4970,2.828427124746E-2);
#4972=CARTESIAN_POINT('',(-4.1E-1,2.E-2,9.65E-1));
#4973=LINE('',#4972,#4971);
#4974=DIRECTION('',(0.E0,0.E0,1.E0));
#4975=VECTOR('',#4974,1.5E-2);
#4976=CARTESIAN_POINT('',(-4.1E-1,0.E0,9.85E-1));
#4977=LINE('',#4976,#4975);
#4978=DIRECTION('',(0.E0,-1.E0,0.E0));
#4979=VECTOR('',#4978,6.1E-2);
#4980=CARTESIAN_POINT('',(-4.1E-1,0.E0,1.E0));
#4981=LINE('',#4980,#4979);
#4982=DIRECTION('',(0.E0,0.E0,-1.E0));
#4983=VECTOR('',#4982,8.6E-2);
#4984=CARTESIAN_POINT('',(-4.1E-1,-6.1E-2,1.E0));
#4985=LINE('',#4984,#4983);
#4986=CARTESIAN_POINT('',(-4.1E-1,-1.E-1,9.14E-1));
#4987=DIRECTION('',(-1.E0,0.E0,0.E0));
#4988=DIRECTION('',(0.E0,1.E0,0.E0));
#4989=AXIS2_PLACEMENT_3D('',#4986,#4987,#4988);
#4991=CARTESIAN_POINT('',(-4.1E-1,-4.15E-1,-7.4E-1));
#4992=DIRECTION('',(1.E0,0.E0,0.E0));
#4993=DIRECTION('',(0.E0,0.E0,1.E0));
#4994=AXIS2_PLACEMENT_3D('',#4991,#4992,#4993);
#4996=DIRECTION('',(0.E0,-1.E0,0.E0));
#4997=VECTOR('',#4996,2.25E-1);
#4998=CARTESIAN_POINT('',(-4.1E-1,-1.3E-1,-6.25E-1));
#4999=LINE('',#4998,#4997);
#5000=DIRECTION('',(0.E0,-7.071067811865E-1,7.071067811865E-1));
#5001=VECTOR('',#5000,2.828427124746E-2);
#5002=CARTESIAN_POINT('',(-4.1E-1,-3.55E-1,-6.25E-1));
#5003=LINE('',#5002,#5001);
#5004=DIRECTION('',(0.E0,-1.E0,0.E0));
#5005=VECTOR('',#5004,4.000000000004E-2);
#5006=CARTESIAN_POINT('',(-4.1E-1,-3.75E-1,-6.05E-1));
#5007=LINE('',#5006,#5005);
#5008=CARTESIAN_POINT('',(-4.1E-1,-4.15E-1,7.4E-1));
#5009=DIRECTION('',(1.E0,0.E0,0.E0));
#5010=DIRECTION('',(0.E0,-6.717910054525E-1,-7.407407407407E-1));
#5011=AXIS2_PLACEMENT_3D('',#5008,#5009,#5010);
#5013=DIRECTION('',(0.E0,1.E0,0.E0));
#5014=VECTOR('',#5013,4.000000000004E-2);
#5015=CARTESIAN_POINT('',(-4.1E-1,-4.15E-1,6.05E-1));
#5016=LINE('',#5015,#5014);
#5017=DIRECTION('',(0.E0,7.071067811865E-1,7.071067811865E-1));
#5018=VECTOR('',#5017,2.828427124746E-2);
#5019=CARTESIAN_POINT('',(-4.1E-1,-3.75E-1,6.05E-1));
#5020=LINE('',#5019,#5018);
#5021=DIRECTION('',(0.E0,1.E0,0.E0));
#5022=VECTOR('',#5021,2.25E-1);
#5023=CARTESIAN_POINT('',(-4.1E-1,-3.55E-1,6.25E-1));
#5024=LINE('',#5023,#5022);
#5025=DIRECTION('',(1.E0,0.E0,0.E0));
#5026=VECTOR('',#5025,1.2E-1);
#5027=CARTESIAN_POINT('',(-4.1E-1,-3.E-1,3.7E-1));
#5028=LINE('',#5027,#5026);
#5029=DIRECTION('',(1.E0,0.E0,0.E0));
#5030=VECTOR('',#5029,1.2E-1);
#5031=CARTESIAN_POINT('',(-4.1E-1,-3.874637525671E-1,-4.039130061611E-1));
#5032=LINE('',#5031,#5030);
#5033=DIRECTION('',(1.E0,0.E0,0.E0));
#5034=VECTOR('',#5033,1.2E-1);
#5035=CARTESIAN_POINT('',(-4.1E-1,-3.E-1,-3.7E-1));
#5036=LINE('',#5035,#5034);
#5037=DIRECTION('',(1.E0,0.E0,0.E0));
#5038=VECTOR('',#5037,1.2E-1);
#5039=CARTESIAN_POINT('',(-4.1E-1,-6.1E-2,-9.14E-1));
#5040=LINE('',#5039,#5038);
#5041=DIRECTION('',(1.E0,0.E0,0.E0));
#5042=VECTOR('',#5041,1.2E-1);
#5043=CARTESIAN_POINT('',(-4.1E-1,-6.1E-2,-1.E0));
#5044=LINE('',#5043,#5042);
#5045=DIRECTION('',(1.E0,0.E0,0.E0));
#5046=VECTOR('',#5045,1.2E-1);
#5047=CARTESIAN_POINT('',(-4.1E-1,0.E0,-1.E0));
#5048=LINE('',#5047,#5046);
#5049=DIRECTION('',(1.E0,0.E0,0.E0));
#5050=VECTOR('',#5049,1.2E-1);
#5051=CARTESIAN_POINT('',(-4.1E-1,0.E0,-9.85E-1));
#5052=LINE('',#5051,#5050);
#5053=DIRECTION('',(1.E0,0.E0,0.E0));
#5054=VECTOR('',#5053,1.2E-1);
#5055=CARTESIAN_POINT('',(-4.1E-1,2.E-2,-9.65E-1));
#5056=LINE('',#5055,#5054);
#5057=DIRECTION('',(1.E0,0.E0,0.E0));
#5058=VECTOR('',#5057,1.2E-1);
#5059=CARTESIAN_POINT('',(-4.1E-1,2.E-2,-9.14E-1));
#5060=LINE('',#5059,#5058);
#5061=DIRECTION('',(1.E0,0.E0,0.E0));
#5062=VECTOR('',#5061,1.2E-1);
#5063=CARTESIAN_POINT('',(-4.1E-1,2.E-2,9.14E-1));
#5064=LINE('',#5063,#5062);
#5065=DIRECTION('',(1.E0,0.E0,0.E0));
#5066=VECTOR('',#5065,1.2E-1);
#5067=CARTESIAN_POINT('',(-4.1E-1,2.E-2,9.65E-1));
#5068=LINE('',#5067,#5066);
#5069=DIRECTION('',(1.E0,0.E0,0.E0));
#5070=VECTOR('',#5069,1.2E-1);
#5071=CARTESIAN_POINT('',(-4.1E-1,0.E0,9.85E-1));
#5072=LINE('',#5071,#5070);
#5073=DIRECTION('',(1.E0,0.E0,0.E0));
#5074=VECTOR('',#5073,1.2E-1);
#5075=CARTESIAN_POINT('',(-4.1E-1,0.E0,1.E0));
#5076=LINE('',#5075,#5074);
#5077=DIRECTION('',(1.E0,0.E0,0.E0));
#5078=VECTOR('',#5077,1.2E-1);
#5079=CARTESIAN_POINT('',(-4.1E-1,-6.1E-2,1.E0));
#5080=LINE('',#5079,#5078);
#5081=DIRECTION('',(1.E0,0.E0,0.E0));
#5082=VECTOR('',#5081,1.2E-1);
#5083=CARTESIAN_POINT('',(-4.1E-1,-6.1E-2,9.14E-1));
#5084=LINE('',#5083,#5082);
#5085=DIRECTION('',(1.E0,0.E0,0.E0));
#5086=VECTOR('',#5085,1.2E-1);
#5087=CARTESIAN_POINT('',(-4.1E-1,-4.15E-1,-6.05E-1));
#5088=LINE('',#5087,#5086);
#5089=DIRECTION('',(1.E0,0.E0,0.E0));
#5090=VECTOR('',#5089,1.2E-1);
#5091=CARTESIAN_POINT('',(-4.1E-1,-3.75E-1,-6.05E-1));
#5092=LINE('',#5091,#5090);
#5093=DIRECTION('',(1.E0,0.E0,0.E0));
#5094=VECTOR('',#5093,1.2E-1);
#5095=CARTESIAN_POINT('',(-4.1E-1,-3.55E-1,-6.25E-1));
#5096=LINE('',#5095,#5094);
#5097=DIRECTION('',(1.E0,0.E0,0.E0));
#5098=VECTOR('',#5097,1.2E-1);
#5099=CARTESIAN_POINT('',(-4.1E-1,-4.15E-1,6.05E-1));
#5100=LINE('',#5099,#5098);
#5101=DIRECTION('',(1.E0,0.E0,0.E0));
#5102=VECTOR('',#5101,1.2E-1);
#5103=CARTESIAN_POINT('',(-4.1E-1,-3.75E-1,6.05E-1));
#5104=LINE('',#5103,#5102);
#5105=DIRECTION('',(1.E0,0.E0,0.E0));
#5106=VECTOR('',#5105,1.2E-1);
#5107=CARTESIAN_POINT('',(-4.1E-1,-3.55E-1,6.25E-1));
#5108=LINE('',#5107,#5106);
#5109=DIRECTION('',(0.E0,0.E0,1.E0));
#5110=VECTOR('',#5109,1.E-1);
#5111=CARTESIAN_POINT('',(-8.1E-1,-3.8E-1,6.4E-1));
#5112=LINE('',#5111,#5110);
#5113=DIRECTION('',(0.E0,0.E0,1.E0));
#5114=VECTOR('',#5113,1.2E-1);
#5115=CARTESIAN_POINT('',(5.9E-1,-1.E-1,-1.E0));
#5116=LINE('',#5115,#5114);
#5117=DIRECTION('',(0.E0,-1.E0,0.E0));
#5118=VECTOR('',#5117,1.E-1);
#5119=CARTESIAN_POINT('',(5.5E-1,0.E0,-7.6E-1));
#5120=LINE('',#5119,#5118);
#5121=DIRECTION('',(0.E0,-1.E0,0.E0));
#5122=VECTOR('',#5121,1.E-1);
#5123=CARTESIAN_POINT('',(-5.5E-1,0.E0,-7.6E-1));
#5124=LINE('',#5123,#5122);
#5125=DIRECTION('',(0.E0,-1.E0,0.E0));
#5126=VECTOR('',#5125,1.E-1);
#5127=CARTESIAN_POINT('',(-5.5E-1,0.E0,-8.8E-1));
#5128=LINE('',#5127,#5126);
#5129=DIRECTION('',(0.E0,0.E0,-1.E0));
#5130=VECTOR('',#5129,1.2E-1);
#5131=CARTESIAN_POINT('',(-5.9E-1,-1.E-1,-8.8E-1));
#5132=LINE('',#5131,#5130);
#5133=DIRECTION('',(0.E0,-1.E0,0.E0));
#5134=VECTOR('',#5133,3.4E-1);
#5135=CARTESIAN_POINT('',(-5.9E-1,-1.E-1,-8.8E-1));
#5136=LINE('',#5135,#5134);
#5137=DIRECTION('',(0.E0,-1.E0,0.E0));
#5138=VECTOR('',#5137,1.2E-1);
#5139=CARTESIAN_POINT('',(-5.9E-1,-4.4E-1,-6.4E-1));
#5140=LINE('',#5139,#5138);
#5141=DIRECTION('',(0.E0,0.E0,1.E0));
#5142=VECTOR('',#5141,3.683030277982E-1);
#5143=CARTESIAN_POINT('',(-1.63E0,-5.E-2,-9.833030277982E-1));
#5144=LINE('',#5143,#5142);
#5145=DIRECTION('',(-1.E0,0.E0,0.E0));
#5146=VECTOR('',#5145,9.E-2);
#5147=CARTESIAN_POINT('',(-1.5E0,-1.3E-1,6.15E-1));
#5148=LINE('',#5147,#5146);
#5149=DIRECTION('',(7.071067811865E-1,7.071067811866E-1,0.E0));
#5150=VECTOR('',#5149,7.071067811865E-2);
#5151=CARTESIAN_POINT('',(-1.63E0,-5.E-2,6.15E-1));
#5152=LINE('',#5151,#5150);
#5153=DIRECTION('',(1.E0,0.E0,0.E0));
#5154=VECTOR('',#5153,1.2E-1);
#5155=CARTESIAN_POINT('',(-1.75E0,-5.E-2,6.15E-1));
#5156=LINE('',#5155,#5154);
#5157=DIRECTION('',(1.E0,0.E0,0.E0));
#5158=VECTOR('',#5157,1.6E-1);
#5159=CARTESIAN_POINT('',(-1.75E0,-2.5E-1,6.15E-1));
#5160=LINE('',#5159,#5158);
#5161=DIRECTION('',(0.E0,1.E0,0.E0));
#5162=VECTOR('',#5161,1.2E-1);
#5163=CARTESIAN_POINT('',(-1.59E0,-2.5E-1,6.15E-1));
#5164=LINE('',#5163,#5162);
#5165=DIRECTION('',(0.E0,0.E0,-1.E0));
#5166=VECTOR('',#5165,3.683030277982E-1);
#5167=CARTESIAN_POINT('',(-1.63E0,-5.E-2,9.833030277982E-1));
#5168=LINE('',#5167,#5166);
#5169=CARTESIAN_POINT('',(-1.55E0,-2.5E-1,8.E-1));
#5170=DIRECTION('',(0.E0,-1.E0,0.E0));
#5171=DIRECTION('',(0.E0,0.E0,1.E0));
#5172=AXIS2_PLACEMENT_3D('',#5169,#5170,#5171);
#5174=CARTESIAN_POINT('',(-1.55E0,-5.E-2,8.E-1));
#5175=DIRECTION('',(0.E0,-1.E0,0.E0));
#5176=DIRECTION('',(-4.E-1,0.E0,9.165151389912E-1));
#5177=AXIS2_PLACEMENT_3D('',#5174,#5175,#5176);
#5179=CARTESIAN_POINT('',(-1.58E0,0.E0,9.977371993329E-1));
#5180=CARTESIAN_POINT('',(-1.596991906665E0,-1.699190666485E-2,
9.951592463646E-1));
#5181=CARTESIAN_POINT('',(-1.613670506717E0,-3.367050671722E-2,
9.904298029438E-1));
#5182=CARTESIAN_POINT('',(-1.63E0,-5.E-2,9.833030277982E-1));
#5184=DIRECTION('',(0.E0,0.E0,1.E0));
#5185=VECTOR('',#5184,7.E-2);
#5186=CARTESIAN_POINT('',(-1.155E0,-6.E-2,8.8E-1));
#5187=LINE('',#5186,#5185);
#5188=DIRECTION('',(0.E0,0.E0,1.E0));
#5189=VECTOR('',#5188,7.E-2);
#5190=CARTESIAN_POINT('',(-6.8E-1,-6.E-2,8.8E-1));
#5191=LINE('',#5190,#5189);
#5192=DIRECTION('',(0.E0,0.E0,1.E0));
#5193=VECTOR('',#5192,7.E-2);
#5194=CARTESIAN_POINT('',(-6.3E-1,-1.6E-1,8.8E-1));
#5195=LINE('',#5194,#5193);
#5196=DIRECTION('',(0.E0,0.E0,-1.E0));
#5197=VECTOR('',#5196,7.E-2);
#5198=CARTESIAN_POINT('',(-1.155E0,-6.E-2,-8.8E-1));
#5199=LINE('',#5198,#5197);
#5200=DIRECTION('',(0.E0,0.E0,-1.E0));
#5201=VECTOR('',#5200,7.E-2);
#5202=CARTESIAN_POINT('',(-6.8E-1,-6.E-2,-8.8E-1));
#5203=LINE('',#5202,#5201);
#5204=DIRECTION('',(0.E0,0.E0,-1.E0));
#5205=VECTOR('',#5204,7.E-2);
#5206=CARTESIAN_POINT('',(-6.3E-1,-1.6E-1,-8.8E-1));
#5207=LINE('',#5206,#5205);
#5208=DIRECTION('',(0.E0,0.E0,1.E0));
#5209=VECTOR('',#5208,1.2E-1);
#5210=CARTESIAN_POINT('',(-1.235E0,-2.5E-1,8.8E-1));
#5211=LINE('',#5210,#5209);
#5212=DIRECTION('',(0.E0,-1.E0,0.E0));
#5213=VECTOR('',#5212,2.5E-1);
#5214=CARTESIAN_POINT('',(-1.235E0,0.E0,8.8E-1));
#5215=LINE('',#5214,#5213);
#5216=DIRECTION('',(0.E0,0.E0,1.E0));
#5217=VECTOR('',#5216,1.5E0);
#5218=CARTESIAN_POINT('',(-1.421191602831E0,-6.496254549171E-1,-7.5E-1));
#5219=LINE('',#5218,#5217);
#5220=DIRECTION('',(0.E0,0.E0,1.E0));
#5221=VECTOR('',#5220,1.210967741935E0);
#5222=CARTESIAN_POINT('',(-1.281191602831E0,-5.872934389739E-1,
-6.054838709677E-1));
#5223=LINE('',#5222,#5221);
#5224=DIRECTION('',(-6.644455462234E-1,-2.967856773131E-1,-6.858792735210E-1));
#5225=VECTOR('',#5224,4.335704759079E-2);
#5226=CARTESIAN_POINT('',(-1.266191602831E0,-4.601322492645E-1,-5.9E-1));
#5227=LINE('',#5226,#5225);
#5228=DIRECTION('',(6.646337376450E-1,2.959140052234E-1,6.860735356335E-1));
#5229=VECTOR('',#5228,2.106423313629E-1);
#5230=CARTESIAN_POINT('',(-1.421191602831E0,-6.496254549171E-1,-7.5E-1));
#5231=LINE('',#5230,#5229);
#5232=CARTESIAN_POINT('',(-1.281191602831E0,-5.872934389739E-1,
-6.054838709677E-1));
#5233=CARTESIAN_POINT('',(-1.276089648333E0,-5.850219024803E-1,
-6.002173372924E-1));
#5234=CARTESIAN_POINT('',(-1.271086098382E0,-5.823701894868E-1,
-5.950523825047E-1));
#5235=CARTESIAN_POINT('',(-1.266191602831E0,-5.792971553154E-1,-5.9E-1));
#5237=DIRECTION('',(0.E0,0.E0,1.E0));
#5238=VECTOR('',#5237,1.18E0);
#5239=CARTESIAN_POINT('',(-1.21E0,-4.776679840568E-1,-5.9E-1));
#5240=LINE('',#5239,#5238);
#5241=DIRECTION('',(0.E0,1.E0,0.E0));
#5242=VECTOR('',#5241,2.E-1);
#5243=CARTESIAN_POINT('',(1.21E0,-3.3E-1,-1.9E-1));
#5244=LINE('',#5243,#5242);
#5245=DIRECTION('',(7.071067811865E-1,-7.071067811866E-1,0.E0));
#5246=VECTOR('',#5245,4.242640687119E-2);
#5247=CARTESIAN_POINT('',(1.16E0,-1.3E-1,-1.9E-1));
#5248=LINE('',#5247,#5246);
#5249=DIRECTION('',(0.E0,-1.E0,0.E0));
#5250=VECTOR('',#5249,1.7E-1);
#5251=CARTESIAN_POINT('',(1.19E0,-1.6E-1,-1.9E-1));
#5252=LINE('',#5251,#5250);
#5253=DIRECTION('',(1.E0,0.E0,0.E0));
#5254=VECTOR('',#5253,2.E-2);
#5255=CARTESIAN_POINT('',(1.19E0,-3.3E-1,-1.9E-1));
#5256=LINE('',#5255,#5254);
#5257=DIRECTION('',(1.E0,0.E0,0.E0));
#5258=VECTOR('',#5257,2.E-2);
#5259=CARTESIAN_POINT('',(-1.21E0,-3.3E-1,-1.9E-1));
#5260=LINE('',#5259,#5258);
#5261=DIRECTION('',(0.E0,1.E0,0.E0));
#5262=VECTOR('',#5261,1.7E-1);
#5263=CARTESIAN_POINT('',(-1.19E0,-3.3E-1,-1.9E-1));
#5264=LINE('',#5263,#5262);
#5265=DIRECTION('',(7.071067811865E-1,7.071067811866E-1,0.E0));
#5266=VECTOR('',#5265,4.242640687119E-2);
#5267=CARTESIAN_POINT('',(-1.19E0,-1.6E-1,-1.9E-1));
#5268=LINE('',#5267,#5266);
#5269=DIRECTION('',(0.E0,1.E0,0.E0));
#5270=VECTOR('',#5269,2.E-1);
#5271=CARTESIAN_POINT('',(-1.21E0,-3.3E-1,-1.9E-1));
#5272=LINE('',#5271,#5270);
#5273=DIRECTION('',(0.E0,0.E0,1.E0));
#5274=VECTOR('',#5273,3.8E-1);
#5275=CARTESIAN_POINT('',(1.21E0,-3.3E-1,-1.9E-1));
#5276=LINE('',#5275,#5274);
#5277=DIRECTION('',(0.E0,0.E0,1.E0));
#5278=VECTOR('',#5277,3.8E-1);
#5279=CARTESIAN_POINT('',(1.19E0,-3.3E-1,-1.9E-1));
#5280=LINE('',#5279,#5278);
#5281=DIRECTION('',(0.E0,0.E0,1.E0));
#5282=VECTOR('',#5281,3.8E-1);
#5283=CARTESIAN_POINT('',(1.19E0,-1.6E-1,-1.9E-1));
#5284=LINE('',#5283,#5282);
#5285=DIRECTION('',(0.E0,1.E0,0.E0));
#5286=VECTOR('',#5285,2.E-1);
#5287=CARTESIAN_POINT('',(1.21E0,-3.3E-1,1.9E-1));
#5288=LINE('',#5287,#5286);
#5289=DIRECTION('',(1.E0,0.E0,0.E0));
#5290=VECTOR('',#5289,2.E-2);
#5291=CARTESIAN_POINT('',(1.19E0,-3.3E-1,1.9E-1));
#5292=LINE('',#5291,#5290);
#5293=DIRECTION('',(0.E0,-1.E0,0.E0));
#5294=VECTOR('',#5293,1.7E-1);
#5295=CARTESIAN_POINT('',(1.19E0,-1.6E-1,1.9E-1));
#5296=LINE('',#5295,#5294);
#5297=DIRECTION('',(7.071067811865E-1,-7.071067811866E-1,0.E0));
#5298=VECTOR('',#5297,4.242640687119E-2);
#5299=CARTESIAN_POINT('',(1.16E0,-1.3E-1,1.9E-1));
#5300=LINE('',#5299,#5298);
#5301=DIRECTION('',(1.E0,0.E0,0.E0));
#5302=VECTOR('',#5301,2.E-2);
#5303=CARTESIAN_POINT('',(-1.21E0,-3.3E-1,1.9E-1));
#5304=LINE('',#5303,#5302);
#5305=DIRECTION('',(0.E0,1.E0,0.E0));
#5306=VECTOR('',#5305,2.E-1);
#5307=CARTESIAN_POINT('',(-1.21E0,-3.3E-1,1.9E-1));
#5308=LINE('',#5307,#5306);
#5309=DIRECTION('',(7.071067811865E-1,7.071067811866E-1,0.E0));
#5310=VECTOR('',#5309,4.242640687119E-2);
#5311=CARTESIAN_POINT('',(-1.19E0,-1.6E-1,1.9E-1));
#5312=LINE('',#5311,#5310);
#5313=DIRECTION('',(0.E0,1.E0,0.E0));
#5314=VECTOR('',#5313,1.7E-1);
#5315=CARTESIAN_POINT('',(-1.19E0,-3.3E-1,1.9E-1));
#5316=LINE('',#5315,#5314);
#5317=DIRECTION('',(0.E0,0.E0,1.E0));
#5318=VECTOR('',#5317,3.8E-1);
#5319=CARTESIAN_POINT('',(-1.21E0,-3.3E-1,-1.9E-1));
#5320=LINE('',#5319,#5318);
#5321=DIRECTION('',(0.E0,0.E0,1.E0));
#5322=VECTOR('',#5321,3.8E-1);
#5323=CARTESIAN_POINT('',(-1.19E0,-3.3E-1,-1.9E-1));
#5324=LINE('',#5323,#5322);
#5325=DIRECTION('',(0.E0,0.E0,1.E0));
#5326=VECTOR('',#5325,3.8E-1);
#5327=CARTESIAN_POINT('',(-1.19E0,-1.6E-1,-1.9E-1));
#5328=LINE('',#5327,#5326);
#5329=CARTESIAN_POINT('',(-1.63E0,-1.E-1,-5.95E-1));
#5330=DIRECTION('',(0.E0,0.E0,1.E0));
#5331=DIRECTION('',(1.E0,0.E0,0.E0));
#5332=AXIS2_PLACEMENT_3D('',#5329,#5330,#5331);
#5334=CARTESIAN_POINT('',(-1.63E0,-1.E-1,-3.7E-1));
#5335=DIRECTION('',(0.E0,0.E0,-1.E0));
#5336=DIRECTION('',(0.E0,1.E0,0.E0));
#5337=AXIS2_PLACEMENT_3D('',#5334,#5335,#5336);
#5339=DIRECTION('',(0.E0,0.E0,-1.E0));
#5340=VECTOR('',#5339,2.25E-1);
#5341=CARTESIAN_POINT('',(1.63E0,-6.E-2,-3.7E-1));
#5342=LINE('',#5341,#5340);
#5343=DIRECTION('',(1.E0,0.E0,0.E0));
#5344=VECTOR('',#5343,1.E-1);
#5345=CARTESIAN_POINT('',(1.63E0,-6.E-2,-3.7E-1));
#5346=LINE('',#5345,#5344);
#5347=DIRECTION('',(0.E0,0.E0,-1.E0));
#5348=VECTOR('',#5347,2.25E-1);
#5349=CARTESIAN_POINT('',(1.73E0,-6.E-2,-3.7E-1));
#5350=LINE('',#5349,#5348);
#5351=DIRECTION('',(-1.E0,0.E0,0.E0));
#5352=VECTOR('',#5351,1.E-1);
#5353=CARTESIAN_POINT('',(1.73E0,-6.E-2,-5.95E-1));
#5354=LINE('',#5353,#5352);
#5355=DIRECTION('',(0.E0,0.E0,-1.E0));
#5356=VECTOR('',#5355,2.25E-1);
#5357=CARTESIAN_POINT('',(1.63E0,-6.E-2,5.95E-1));
#5358=LINE('',#5357,#5356);
#5359=DIRECTION('',(1.E0,0.E0,0.E0));
#5360=VECTOR('',#5359,1.E-1);
#5361=CARTESIAN_POINT('',(1.63E0,-6.E-2,5.95E-1));
#5362=LINE('',#5361,#5360);
#5363=DIRECTION('',(0.E0,0.E0,-1.E0));
#5364=VECTOR('',#5363,2.25E-1);
#5365=CARTESIAN_POINT('',(1.73E0,-6.E-2,5.95E-1));
#5366=LINE('',#5365,#5364);
#5367=DIRECTION('',(-1.E0,0.E0,0.E0));
#5368=VECTOR('',#5367,1.E-1);
#5369=CARTESIAN_POINT('',(1.73E0,-6.E-2,3.7E-1));
#5370=LINE('',#5369,#5368);
#5371=DIRECTION('',(0.E0,0.E0,1.E0));
#5372=VECTOR('',#5371,2.25E-1);
#5373=CARTESIAN_POINT('',(-1.63E0,-6.E-2,3.7E-1));
#5374=LINE('',#5373,#5372);
#5375=DIRECTION('',(-1.E0,0.E0,0.E0));
#5376=VECTOR('',#5375,1.E-1);
#5377=CARTESIAN_POINT('',(-1.63E0,-6.E-2,3.7E-1));
#5378=LINE('',#5377,#5376);
#5379=DIRECTION('',(0.E0,0.E0,1.E0));
#5380=VECTOR('',#5379,2.25E-1);
#5381=CARTESIAN_POINT('',(-1.73E0,-6.E-2,3.7E-1));
#5382=LINE('',#5381,#5380);
#5383=DIRECTION('',(1.E0,0.E0,0.E0));
#5384=VECTOR('',#5383,1.E-1);
#5385=CARTESIAN_POINT('',(-1.73E0,-6.E-2,5.95E-1));
#5386=LINE('',#5385,#5384);
#5387=DIRECTION('',(0.E0,0.E0,1.E0));
#5388=VECTOR('',#5387,2.25E-1);
#5389=CARTESIAN_POINT('',(-1.63E0,-6.E-2,-5.95E-1));
#5390=LINE('',#5389,#5388);
#5391=DIRECTION('',(-1.E0,0.E0,0.E0));
#5392=VECTOR('',#5391,1.E-1);
#5393=CARTESIAN_POINT('',(-1.63E0,-6.E-2,-5.95E-1));
#5394=LINE('',#5393,#5392);
#5395=DIRECTION('',(0.E0,0.E0,1.E0));
#5396=VECTOR('',#5395,2.25E-1);
#5397=CARTESIAN_POINT('',(-1.73E0,-6.E-2,-5.95E-1));
#5398=LINE('',#5397,#5396);
#5399=DIRECTION('',(1.E0,0.E0,0.E0));
#5400=VECTOR('',#5399,1.E-1);
#5401=CARTESIAN_POINT('',(-1.73E0,-6.E-2,-3.7E-1));
#5402=LINE('',#5401,#5400);
#5403=CARTESIAN_POINT('',(1.63E0,-1.E-1,-3.7E-1));
#5404=DIRECTION('',(0.E0,0.E0,-1.E0));
#5405=DIRECTION('',(-1.E0,0.E0,0.E0));
#5406=AXIS2_PLACEMENT_3D('',#5403,#5404,#5405);
#5408=CARTESIAN_POINT('',(1.63E0,-1.E-1,-5.95E-1));
#5409=DIRECTION('',(0.E0,0.E0,1.E0));
#5410=DIRECTION('',(0.E0,1.E0,0.E0));
#5411=AXIS2_PLACEMENT_3D('',#5408,#5409,#5410);
#5413=DIRECTION('',(0.E0,0.E0,-1.E0));
#5414=VECTOR('',#5413,2.25E-1);
#5415=CARTESIAN_POINT('',(1.73E0,0.E0,-3.7E-1));
#5416=LINE('',#5415,#5414);
#5417=DIRECTION('',(0.E0,-1.E0,0.E0));
#5418=VECTOR('',#5417,6.E-2);
#5419=CARTESIAN_POINT('',(1.73E0,0.E0,-3.7E-1));
#5420=LINE('',#5419,#5418);
#5421=DIRECTION('',(0.E0,0.E0,-1.E0));
#5422=VECTOR('',#5421,2.25E-1);
#5423=CARTESIAN_POINT('',(1.71E0,0.E0,-3.7E-1));
#5424=LINE('',#5423,#5422);
#5425=DIRECTION('',(0.E0,0.E0,-1.E0));
#5426=VECTOR('',#5425,2.25E-1);
#5427=CARTESIAN_POINT('',(1.71E0,0.E0,5.95E-1));
#5428=LINE('',#5427,#5426);
#5429=CARTESIAN_POINT('',(1.63E0,-1.E-1,3.7E-1));
#5430=DIRECTION('',(0.E0,0.E0,-1.E0));
#5431=DIRECTION('',(-1.E0,0.E0,0.E0));
#5432=AXIS2_PLACEMENT_3D('',#5429,#5430,#5431);
#5434=DIRECTION('',(0.E0,1.E0,0.E0));
#5435=VECTOR('',#5434,3.E-2);
#5436=CARTESIAN_POINT('',(1.59E0,-1.3E-1,3.7E-1));
#5437=LINE('',#5436,#5435);
#5438=DIRECTION('',(0.E0,-1.E0,0.E0));
#5439=VECTOR('',#5438,6.E-2);
#5440=CARTESIAN_POINT('',(1.73E0,0.E0,3.7E-1));
#5441=LINE('',#5440,#5439);
#5442=DIRECTION('',(-1.E0,0.E0,0.E0));
#5443=VECTOR('',#5442,2.E-2);
#5444=CARTESIAN_POINT('',(1.73E0,0.E0,3.7E-1));
#5445=LINE('',#5444,#5443);
#5446=DIRECTION('',(7.071067811865E-1,-7.071067811866E-1,0.E0));
#5447=VECTOR('',#5446,2.828427124746E-2);
#5448=CARTESIAN_POINT('',(1.69E0,2.E-2,3.7E-1));
#5449=LINE('',#5448,#5447);
#5450=DIRECTION('',(-1.E0,0.E0,0.E0));
#5451=VECTOR('',#5450,6.E-2);
#5452=CARTESIAN_POINT('',(1.69E0,2.E-2,3.7E-1));
#5453=LINE('',#5452,#5451);
#5454=CARTESIAN_POINT('',(1.63E0,-1.E-1,5.95E-1));
#5455=DIRECTION('',(0.E0,0.E0,1.E0));
#5456=DIRECTION('',(0.E0,1.E0,0.E0));
#5457=AXIS2_PLACEMENT_3D('',#5454,#5455,#5456);
#5459=DIRECTION('',(1.E0,0.E0,0.E0));
#5460=VECTOR('',#5459,6.E-2);
#5461=CARTESIAN_POINT('',(1.63E0,2.E-2,5.95E-1));
#5462=LINE('',#5461,#5460);
#5463=DIRECTION('',(7.071067811865E-1,-7.071067811866E-1,0.E0));
#5464=VECTOR('',#5463,2.828427124746E-2);
#5465=CARTESIAN_POINT('',(1.69E0,2.E-2,5.95E-1));
#5466=LINE('',#5465,#5464);
#5467=DIRECTION('',(-1.E0,0.E0,0.E0));
#5468=VECTOR('',#5467,2.E-2);
#5469=CARTESIAN_POINT('',(1.73E0,0.E0,5.95E-1));
#5470=LINE('',#5469,#5468);
#5471=DIRECTION('',(0.E0,1.E0,0.E0));
#5472=VECTOR('',#5471,3.E-2);
#5473=CARTESIAN_POINT('',(1.51E0,-1.3E-1,5.95E-1));
#5474=LINE('',#5473,#5472);
#5475=DIRECTION('',(0.E0,0.E0,-1.E0));
#5476=VECTOR('',#5475,2.25E-1);
#5477=CARTESIAN_POINT('',(1.73E0,0.E0,5.95E-1));
#5478=LINE('',#5477,#5476);
#5479=DIRECTION('',(0.E0,-1.E0,0.E0));
#5480=VECTOR('',#5479,6.E-2);
#5481=CARTESIAN_POINT('',(1.73E0,0.E0,5.95E-1));
#5482=LINE('',#5481,#5480);
#5483=CARTESIAN_POINT('',(1.63E0,-1.E-1,5.95E-1));
#5484=DIRECTION('',(0.E0,0.E0,-1.E0));
#5485=DIRECTION('',(-1.E0,0.E0,0.E0));
#5486=AXIS2_PLACEMENT_3D('',#5483,#5484,#5485);
#5488=CARTESIAN_POINT('',(1.63E0,-1.E-1,3.7E-1));
#5489=DIRECTION('',(0.E0,0.E0,1.E0));
#5490=DIRECTION('',(0.E0,1.E0,0.E0));
#5491=AXIS2_PLACEMENT_3D('',#5488,#5489,#5490);
#5493=DIRECTION('',(0.E0,0.E0,1.E0));
#5494=VECTOR('',#5493,2.25E-1);
#5495=CARTESIAN_POINT('',(1.51E0,-1.E-1,3.7E-1));
#5496=LINE('',#5495,#5494);
#5497=DIRECTION('',(0.E0,1.E0,0.E0));
#5498=VECTOR('',#5497,3.E-2);
#5499=CARTESIAN_POINT('',(1.51E0,-1.3E-1,3.7E-1));
#5500=LINE('',#5499,#5498);
#5501=CARTESIAN_POINT('',(-1.63E0,-1.E-1,3.7E-1));
#5502=DIRECTION('',(0.E0,0.E0,1.E0));
#5503=DIRECTION('',(1.E0,0.E0,0.E0));
#5504=AXIS2_PLACEMENT_3D('',#5501,#5502,#5503);
#5506=CARTESIAN_POINT('',(-1.63E0,-1.E-1,5.95E-1));
#5507=DIRECTION('',(0.E0,0.E0,-1.E0));
#5508=DIRECTION('',(0.E0,1.E0,0.E0));
#5509=AXIS2_PLACEMENT_3D('',#5506,#5507,#5508);
#5511=CARTESIAN_POINT('',(-1.63E0,-1.E-1,3.7E-1));
#5512=DIRECTION('',(0.E0,0.E0,-1.E0));
#5513=DIRECTION('',(0.E0,1.E0,0.E0));
#5514=AXIS2_PLACEMENT_3D('',#5511,#5512,#5513);
#5516=DIRECTION('',(-1.E0,0.E0,0.E0));
#5517=VECTOR('',#5516,6.E-2);
#5518=CARTESIAN_POINT('',(-1.63E0,2.E-2,3.7E-1));
#5519=LINE('',#5518,#5517);
#5520=DIRECTION('',(7.071067811865E-1,7.071067811866E-1,0.E0));
#5521=VECTOR('',#5520,2.828427124746E-2);
#5522=CARTESIAN_POINT('',(-1.71E0,0.E0,3.7E-1));
#5523=LINE('',#5522,#5521);
#5524=DIRECTION('',(1.E0,0.E0,0.E0));
#5525=VECTOR('',#5524,2.E-2);
#5526=CARTESIAN_POINT('',(-1.73E0,0.E0,3.7E-1));
#5527=LINE('',#5526,#5525);
#5528=DIRECTION('',(0.E0,1.E0,0.E0));
#5529=VECTOR('',#5528,3.E-2);
#5530=CARTESIAN_POINT('',(-1.51E0,-1.3E-1,3.7E-1));
#5531=LINE('',#5530,#5529);
#5532=DIRECTION('',(0.E0,0.E0,-1.E0));
#5533=VECTOR('',#5532,2.25E-1);
#5534=CARTESIAN_POINT('',(-1.51E0,-1.E-1,5.95E-1));
#5535=LINE('',#5534,#5533);
#5536=DIRECTION('',(0.E0,1.E0,0.E0));
#5537=VECTOR('',#5536,3.E-2);
#5538=CARTESIAN_POINT('',(-1.51E0,-1.3E-1,5.95E-1));
#5539=LINE('',#5538,#5537);
#5540=CARTESIAN_POINT('',(-1.63E0,-1.E-1,5.95E-1));
#5541=DIRECTION('',(0.E0,0.E0,1.E0));
#5542=DIRECTION('',(1.E0,0.E0,0.E0));
#5543=AXIS2_PLACEMENT_3D('',#5540,#5541,#5542);
#5545=DIRECTION('',(0.E0,1.E0,0.E0));
#5546=VECTOR('',#5545,3.E-2);
#5547=CARTESIAN_POINT('',(-1.59E0,-1.3E-1,5.95E-1));
#5548=LINE('',#5547,#5546);
#5549=DIRECTION('',(0.E0,-1.E0,0.E0));
#5550=VECTOR('',#5549,6.E-2);
#5551=CARTESIAN_POINT('',(-1.73E0,0.E0,5.95E-1));
#5552=LINE('',#5551,#5550);
#5553=DIRECTION('',(1.E0,0.E0,0.E0));
#5554=VECTOR('',#5553,2.E-2);
#5555=CARTESIAN_POINT('',(-1.73E0,0.E0,5.95E-1));
#5556=LINE('',#5555,#5554);
#5557=DIRECTION('',(7.071067811865E-1,7.071067811866E-1,0.E0));
#5558=VECTOR('',#5557,2.828427124746E-2);
#5559=CARTESIAN_POINT('',(-1.71E0,0.E0,5.95E-1));
#5560=LINE('',#5559,#5558);
#5561=DIRECTION('',(1.E0,0.E0,0.E0));
#5562=VECTOR('',#5561,6.E-2);
#5563=CARTESIAN_POINT('',(-1.69E0,2.E-2,5.95E-1));
#5564=LINE('',#5563,#5562);
#5565=DIRECTION('',(0.E0,0.E0,1.E0));
#5566=VECTOR('',#5565,2.25E-1);
#5567=CARTESIAN_POINT('',(-1.73E0,0.E0,3.7E-1));
#5568=LINE('',#5567,#5566);
#5569=DIRECTION('',(0.E0,-1.E0,0.E0));
#5570=VECTOR('',#5569,6.E-2);
#5571=CARTESIAN_POINT('',(-1.73E0,0.E0,3.7E-1));
#5572=LINE('',#5571,#5570);
#5573=DIRECTION('',(0.E0,0.E0,1.E0));
#5574=VECTOR('',#5573,2.25E-1);
#5575=CARTESIAN_POINT('',(-1.73E0,0.E0,-5.95E-1));
#5576=LINE('',#5575,#5574);
#5577=DIRECTION('',(0.E0,-1.E0,0.E0));
#5578=VECTOR('',#5577,6.E-2);
#5579=CARTESIAN_POINT('',(-1.73E0,0.E0,-5.95E-1));
#5580=LINE('',#5579,#5578);
#5581=DIRECTION('',(0.E0,0.E0,1.E0));
#5582=VECTOR('',#5581,2.25E-1);
#5583=CARTESIAN_POINT('',(1.51E0,-1.E-1,-5.95E-1));
#5584=LINE('',#5583,#5582);
#5585=DIRECTION('',(0.E0,1.E0,0.E0));
#5586=VECTOR('',#5585,3.E-2);
#5587=CARTESIAN_POINT('',(1.51E0,-1.3E-1,-5.95E-1));
#5588=LINE('',#5587,#5586);
#5589=DIRECTION('',(1.E0,0.E0,0.E0));
#5590=VECTOR('',#5589,1.4E-1);
#5591=CARTESIAN_POINT('',(6.3E-1,-3.34E-1,-6.059245686617E-1));
#5592=LINE('',#5591,#5590);
#5593=DIRECTION('',(1.E0,0.E0,0.E0));
#5594=VECTOR('',#5593,1.4E-1);
#5595=CARTESIAN_POINT('',(6.3E-1,-4.380029285193E-1,-5.559245686617E-1));
#5596=LINE('',#5595,#5594);
#5597=DIRECTION('',(1.E0,0.E0,0.E0));
#5598=VECTOR('',#5597,1.4E-1);
#5599=CARTESIAN_POINT('',(6.3E-1,-5.099626665871E-1,-5.714327434188E-1));
#5600=LINE('',#5599,#5598);
#5601=DIRECTION('',(1.E0,0.E0,0.E0));
#5602=VECTOR('',#5601,1.4E-1);
#5603=CARTESIAN_POINT('',(6.3E-1,-5.189439998807E-1,-5.821362796377E-1));
#5604=LINE('',#5603,#5602);
#5605=DIRECTION('',(1.E0,0.E0,0.E0));
#5606=VECTOR('',#5605,1.4E-1);
#5607=CARTESIAN_POINT('',(6.3E-1,-5.4E-1,-6.399871645095E-1));
#5608=LINE('',#5607,#5606);
#5609=DIRECTION('',(-1.E0,0.E0,0.E0));
#5610=VECTOR('',#5609,1.4E-1);
#5611=CARTESIAN_POINT('',(7.7E-1,-5.4E-1,-8.3E-1));
#5612=LINE('',#5611,#5610);
#5613=DIRECTION('',(0.E0,0.E0,-1.E0));
#5614=VECTOR('',#5613,1.900128354905E-1);
#5615=CARTESIAN_POINT('',(7.7E-1,-5.4E-1,-6.399871645095E-1));
#5616=LINE('',#5615,#5614);
#5617=DIRECTION('',(0.E0,0.E0,1.E0));
#5618=VECTOR('',#5617,7.E-2);
#5619=CARTESIAN_POINT('',(6.8E-1,-6.E-2,8.8E-1));
#5620=LINE('',#5619,#5618);
#5621=DIRECTION('',(0.E0,0.E0,1.E0));
#5622=VECTOR('',#5621,7.E-2);
#5623=CARTESIAN_POINT('',(1.155E0,-6.E-2,8.8E-1));
#5624=LINE('',#5623,#5622);
#5625=DIRECTION('',(0.E0,0.E0,1.E0));
#5626=VECTOR('',#5625,7.E-2);
#5627=CARTESIAN_POINT('',(1.155E0,-2.8E-1,8.8E-1));
#5628=LINE('',#5627,#5626);
#5629=DIRECTION('',(0.E0,0.E0,1.E0));
#5630=VECTOR('',#5629,7.E-2);
#5631=CARTESIAN_POINT('',(7.7E-1,-3.76E-1,8.8E-1));
#5632=LINE('',#5631,#5630);
#5633=DIRECTION('',(0.E0,0.E0,1.E0));
#5634=VECTOR('',#5633,7.E-2);
#5635=CARTESIAN_POINT('',(7.85E-1,-3.5E-1,8.8E-1));
#5636=LINE('',#5635,#5634);
#5637=DIRECTION('',(0.E0,0.E0,1.E0));
#5638=VECTOR('',#5637,7.E-2);
#5639=CARTESIAN_POINT('',(7.85E-1,-2.3E-1,8.8E-1));
#5640=LINE('',#5639,#5638);
#5641=DIRECTION('',(0.E0,0.E0,1.E0));
#5642=VECTOR('',#5641,7.E-2);
#5643=CARTESIAN_POINT('',(9.75E-1,-2.3E-1,8.8E-1));
#5644=LINE('',#5643,#5642);
#5645=DIRECTION('',(0.E0,0.E0,1.E0));
#5646=VECTOR('',#5645,7.E-2);
#5647=CARTESIAN_POINT('',(9.75E-1,-3.5E-1,8.8E-1));
#5648=LINE('',#5647,#5646);
#5649=DIRECTION('',(0.E0,0.E0,-1.E0));
#5650=VECTOR('',#5649,1.E-1);
#5651=CARTESIAN_POINT('',(-8.1E-1,-3.8E-1,-6.4E-1));
#5652=LINE('',#5651,#5650);
#5653=DIRECTION('',(0.E0,0.E0,-1.E0));
#5654=VECTOR('',#5653,1.2E-1);
#5655=CARTESIAN_POINT('',(1.235E0,-2.5E-1,1.E0));
#5656=LINE('',#5655,#5654);
#5657=DIRECTION('',(1.E0,0.E0,0.E0));
#5658=VECTOR('',#5657,3.5E-1);
#5659=CARTESIAN_POINT('',(-1.295E0,-3.E-1,-6.3E-1));
#5660=LINE('',#5659,#5658);
#5661=DIRECTION('',(0.E0,1.E0,0.E0));
#5662=VECTOR('',#5661,1.7E-1);
#5663=CARTESIAN_POINT('',(-1.295E0,-3.E-1,-6.3E-1));
#5664=LINE('',#5663,#5662);
#5665=DIRECTION('',(-1.E0,0.E0,0.E0));
#5666=VECTOR('',#5665,5.5E-2);
#5667=CARTESIAN_POINT('',(-8.1E-1,-3.8E-1,-6.3E-1));
#5668=LINE('',#5667,#5666);
#5669=DIRECTION('',(7.071067811865E-1,-7.071067811865E-1,0.E0));
#5670=VECTOR('',#5669,1.131370849898E-1);
#5671=CARTESIAN_POINT('',(-9.45E-1,-3.E-1,-6.3E-1));
#5672=LINE('',#5671,#5670);
#5673=DIRECTION('',(-1.E0,0.E0,0.E0));
#5674=VECTOR('',#5673,2.95E-1);
#5675=CARTESIAN_POINT('',(1.18E0,-3.6E-1,-6.2E-1));
#5676=LINE('',#5675,#5674);
#5677=DIRECTION('',(-1.E0,0.E0,0.E0));
#5678=VECTOR('',#5677,2.95E-1);
#5679=CARTESIAN_POINT('',(1.18E0,-4.84E-1,-6.2E-1));
#5680=LINE('',#5679,#5678);
#5681=CARTESIAN_POINT('',(1.5E0,0.E0,-6.15E-1));
#5682=CARTESIAN_POINT('',(1.5E0,0.E0,-3.5E-1));
#5683=VERTEX_POINT('',#5681);
#5684=VERTEX_POINT('',#5682);
#5685=CARTESIAN_POINT('',(1.75E0,0.E0,-3.5E-1));
#5686=VERTEX_POINT('',#5685);
#5687=CARTESIAN_POINT('',(1.75E0,0.E0,3.5E-1));
#5688=CARTESIAN_POINT('',(1.5E0,0.E0,3.5E-1));
#5689=VERTEX_POINT('',#5687);
#5690=VERTEX_POINT('',#5688);
#5691=CARTESIAN_POINT('',(1.5E0,0.E0,6.15E-1));
#5692=VERTEX_POINT('',#5691);
#5693=CARTESIAN_POINT('',(-1.75E0,0.E0,-3.5E-1));
#5694=CARTESIAN_POINT('',(-1.5E0,0.E0,-3.5E-1));
#5695=VERTEX_POINT('',#5693);
#5696=VERTEX_POINT('',#5694);
#5697=CARTESIAN_POINT('',(-1.5E0,0.E0,-6.15E-1));
#5698=VERTEX_POINT('',#5697);
#5699=CARTESIAN_POINT('',(-1.5E0,0.E0,6.15E-1));
#5700=CARTESIAN_POINT('',(-1.5E0,0.E0,3.5E-1));
#5701=VERTEX_POINT('',#5699);
#5702=VERTEX_POINT('',#5700);
#5703=CARTESIAN_POINT('',(-1.75E0,0.E0,3.5E-1));
#5704=VERTEX_POINT('',#5703);
#5705=CARTESIAN_POINT('',(1.235E0,0.E0,-1.E0));
#5706=CARTESIAN_POINT('',(1.235E0,0.E0,-8.8E-1));
#5707=VERTEX_POINT('',#5705);
#5708=VERTEX_POINT('',#5706);
#5709=CARTESIAN_POINT('',(1.235E0,0.E0,1.E0));
#5710=CARTESIAN_POINT('',(1.235E0,0.E0,8.8E-1));
#5711=VERTEX_POINT('',#5709);
#5712=VERTEX_POINT('',#5710);
#5713=CARTESIAN_POINT('',(-1.235E0,0.E0,-1.E0));
#5714=CARTESIAN_POINT('',(-1.235E0,0.E0,-8.8E-1));
#5715=VERTEX_POINT('',#5713);
#5716=VERTEX_POINT('',#5714);
#5717=CARTESIAN_POINT('',(-1.235E0,0.E0,1.E0));
#5718=CARTESIAN_POINT('',(-1.235E0,0.E0,8.8E-1));
#5719=VERTEX_POINT('',#5717);
#5720=VERTEX_POINT('',#5718);
#5721=CARTESIAN_POINT('',(-1.55E0,0.E0,1.E0));
#5722=VERTEX_POINT('',#5721);
#5723=CARTESIAN_POINT('',(1.55E0,0.E0,1.E0));
#5724=VERTEX_POINT('',#5723);
#5725=CARTESIAN_POINT('',(1.55E0,0.E0,-1.E0));
#5726=VERTEX_POINT('',#5725);
#5727=CARTESIAN_POINT('',(-1.55E0,0.E0,-1.E0));
#5728=VERTEX_POINT('',#5727);
#5729=CARTESIAN_POINT('',(-1.75E0,-5.E-1,-3.5E-1));
#5730=VERTEX_POINT('',#5729);
#5731=CARTESIAN_POINT('',(-1.75E0,-5.E-1,3.5E-1));
#5732=VERTEX_POINT('',#5731);
#5733=CARTESIAN_POINT('',(1.75E0,-5.E-1,-3.5E-1));
#5734=VERTEX_POINT('',#5733);
#5735=CARTESIAN_POINT('',(1.75E0,-5.E-1,3.5E-1));
#5736=VERTEX_POINT('',#5735);
#5737=CARTESIAN_POINT('',(-8.E-1,-1.3E-1,3.4E-1));
#5738=CARTESIAN_POINT('',(8.E-1,-1.3E-1,3.4E-1));
#5739=VERTEX_POINT('',#5737);
#5740=VERTEX_POINT('',#5738);
#5741=CARTESIAN_POINT('',(8.E-1,-1.3E-1,-3.4E-1));
#5742=VERTEX_POINT('',#5741);
#5743=CARTESIAN_POINT('',(-8.E-1,-1.3E-1,-3.4E-1));
#5744=VERTEX_POINT('',#5743);
#5745=CARTESIAN_POINT('',(8.1E-1,-1.3E-1,-6.3E-1));
#5746=CARTESIAN_POINT('',(1.295E0,-1.3E-1,-6.3E-1));
#5747=VERTEX_POINT('',#5745);
#5748=VERTEX_POINT('',#5746);
#5749=CARTESIAN_POINT('',(-8.1E-1,-1.3E-1,6.3E-1));
#5750=CARTESIAN_POINT('',(-1.295E0,-1.3E-1,6.3E-1));
#5751=VERTEX_POINT('',#5749);
#5752=VERTEX_POINT('',#5750);
#5753=CARTESIAN_POINT('',(-1.58E0,0.E0,9.977371993329E-1));
#5754=CARTESIAN_POINT('',(-1.58E0,0.E0,6.15E-1));
#5755=VERTEX_POINT('',#5753);
#5756=VERTEX_POINT('',#5754);
#5757=CARTESIAN_POINT('',(1.58E0,0.E0,9.977371993329E-1));
#5758=CARTESIAN_POINT('',(1.58E0,0.E0,6.15E-1));
#5759=VERTEX_POINT('',#5757);
#5760=VERTEX_POINT('',#5758);
#5761=CARTESIAN_POINT('',(-1.75E0,-5.E-2,8.E-1));
#5762=CARTESIAN_POINT('',(-1.75E0,-5.E-2,6.15E-1));
#5763=VERTEX_POINT('',#5761);
#5764=VERTEX_POINT('',#5762);
#5765=CARTESIAN_POINT('',(1.75E0,-5.E-2,8.E-1));
#5766=CARTESIAN_POINT('',(1.75E0,-5.E-2,6.15E-1));
#5767=VERTEX_POINT('',#5765);
#5768=VERTEX_POINT('',#5766);
#5769=CARTESIAN_POINT('',(1.63E0,-5.E-2,6.15E-1));
#5770=VERTEX_POINT('',#5769);
#5771=CARTESIAN_POINT('',(-1.63E0,-5.E-2,6.15E-1));
#5772=VERTEX_POINT('',#5771);
#5773=VERTEX_POINT('',#3703);
#5774=CARTESIAN_POINT('',(-1.63E0,-5.E-2,9.833030277982E-1));
#5775=VERTEX_POINT('',#5774);
#5776=CARTESIAN_POINT('',(-1.63E0,-5.E-2,-9.833030277982E-1));
#5777=CARTESIAN_POINT('',(-1.63E0,-5.E-2,-6.15E-1));
#5778=VERTEX_POINT('',#5776);
#5779=VERTEX_POINT('',#5777);
#5780=CARTESIAN_POINT('',(1.63E0,-5.E-2,-9.833030277982E-1));
#5781=CARTESIAN_POINT('',(1.63E0,-5.E-2,-6.15E-1));
#5782=VERTEX_POINT('',#5780);
#5783=VERTEX_POINT('',#5781);
#5784=CARTESIAN_POINT('',(-1.58E0,0.E0,-9.977371993329E-1));
#5785=CARTESIAN_POINT('',(-1.58E0,0.E0,-6.15E-1));
#5786=VERTEX_POINT('',#5784);
#5787=VERTEX_POINT('',#5785);
#5788=CARTESIAN_POINT('',(1.58E0,0.E0,-9.977371993329E-1));
#5789=CARTESIAN_POINT('',(1.58E0,0.E0,-6.15E-1));
#5790=VERTEX_POINT('',#5788);
#5791=VERTEX_POINT('',#5789);
#5792=CARTESIAN_POINT('',(-1.75E0,-5.E-2,-8.E-1));
#5793=CARTESIAN_POINT('',(-1.75E0,-5.E-2,-6.15E-1));
#5794=VERTEX_POINT('',#5792);
#5795=VERTEX_POINT('',#5793);
#5796=CARTESIAN_POINT('',(1.75E0,-5.E-2,-8.E-1));
#5797=CARTESIAN_POINT('',(1.75E0,-5.E-2,-6.15E-1));
#5798=VERTEX_POINT('',#5796);
#5799=VERTEX_POINT('',#5797);
#5800=CARTESIAN_POINT('',(-1.75E0,-2.5E-1,-8.E-1));
#5801=CARTESIAN_POINT('',(-1.75E0,-2.5E-1,-6.15E-1));
#5802=VERTEX_POINT('',#5800);
#5803=VERTEX_POINT('',#5801);
#5804=CARTESIAN_POINT('',(-1.75E0,-2.5E-1,6.15E-1));
#5805=CARTESIAN_POINT('',(-1.75E0,-2.5E-1,8.E-1));
#5806=VERTEX_POINT('',#5804);
#5807=VERTEX_POINT('',#5805);
#5808=CARTESIAN_POINT('',(-1.55E0,-2.5E-1,1.E0));
#5809=CARTESIAN_POINT('',(-1.235E0,-2.5E-1,1.E0));
#5810=VERTEX_POINT('',#5808);
#5811=VERTEX_POINT('',#5809);
#5812=CARTESIAN_POINT('',(1.235E0,-2.5E-1,1.E0));
#5813=CARTESIAN_POINT('',(1.55E0,-2.5E-1,1.E0));
#5814=VERTEX_POINT('',#5812);
#5815=VERTEX_POINT('',#5813);
#5816=CARTESIAN_POINT('',(1.75E0,-2.5E-1,8.E-1));
#5817=CARTESIAN_POINT('',(1.75E0,-2.5E-1,6.15E-1));
#5818=VERTEX_POINT('',#5816);
#5819=VERTEX_POINT('',#5817);
#5820=CARTESIAN_POINT('',(1.75E0,-2.5E-1,-6.15E-1));
#5821=CARTESIAN_POINT('',(1.75E0,-2.5E-1,-8.E-1));
#5822=VERTEX_POINT('',#5820);
#5823=VERTEX_POINT('',#5821);
#5824=CARTESIAN_POINT('',(1.55E0,-2.5E-1,-1.E0));
#5825=CARTESIAN_POINT('',(1.235E0,-2.5E-1,-1.E0));
#5826=VERTEX_POINT('',#5824);
#5827=VERTEX_POINT('',#5825);
#5828=CARTESIAN_POINT('',(-1.235E0,-2.5E-1,-1.E0));
#5829=CARTESIAN_POINT('',(-1.55E0,-2.5E-1,-1.E0));
#5830=VERTEX_POINT('',#5828);
#5831=VERTEX_POINT('',#5829);
#5832=CARTESIAN_POINT('',(1.235E0,-2.5E-1,-8.8E-1));
#5833=VERTEX_POINT('',#5832);
#5834=CARTESIAN_POINT('',(1.235E0,-2.5E-1,8.8E-1));
#5835=VERTEX_POINT('',#5834);
#5836=CARTESIAN_POINT('',(-1.235E0,-2.5E-1,-8.8E-1));
#5837=VERTEX_POINT('',#5836);
#5838=CARTESIAN_POINT('',(-1.235E0,-2.5E-1,8.8E-1));
#5839=VERTEX_POINT('',#5838);
#5840=CARTESIAN_POINT('',(-1.5E0,-2.5E-1,-8.8E-1));
#5841=VERTEX_POINT('',#5840);
#5842=CARTESIAN_POINT('',(-1.5E0,-2.5E-1,8.8E-1));
#5843=VERTEX_POINT('',#5842);
#5844=CARTESIAN_POINT('',(1.5E0,-2.5E-1,-8.8E-1));
#5845=VERTEX_POINT('',#5844);
#5846=CARTESIAN_POINT('',(1.5E0,-2.5E-1,8.8E-1));
#5847=VERTEX_POINT('',#5846);
#5848=CARTESIAN_POINT('',(8.1E-1,-5.4E-1,-8.8E-1));
#5849=CARTESIAN_POINT('',(8.1E-1,-4.4E-1,-8.8E-1));
#5850=VERTEX_POINT('',#5848);
#5851=VERTEX_POINT('',#5849);
#5852=CARTESIAN_POINT('',(8.1E-1,-5.4E-1,8.8E-1));
#5853=CARTESIAN_POINT('',(8.1E-1,-4.4E-1,8.8E-1));
#5854=VERTEX_POINT('',#5852);
#5855=VERTEX_POINT('',#5853);
#5856=CARTESIAN_POINT('',(-8.1E-1,-5.4E-1,-8.8E-1));
#5857=CARTESIAN_POINT('',(-8.1E-1,-4.4E-1,-8.8E-1));
#5858=VERTEX_POINT('',#5856);
#5859=VERTEX_POINT('',#5857);
#5860=CARTESIAN_POINT('',(-8.1E-1,-5.4E-1,8.8E-1));
#5861=CARTESIAN_POINT('',(-8.1E-1,-4.4E-1,8.8E-1));
#5862=VERTEX_POINT('',#5860);
#5863=VERTEX_POINT('',#5861);
#5864=CARTESIAN_POINT('',(5.9E-1,-4.4E-1,-6.4E-1));
#5865=CARTESIAN_POINT('',(5.9E-1,-4.4E-1,-8.8E-1));
#5866=VERTEX_POINT('',#5864);
#5867=VERTEX_POINT('',#5865);
#5868=CARTESIAN_POINT('',(5.9E-1,-4.4E-1,8.8E-1));
#5869=CARTESIAN_POINT('',(5.9E-1,-4.4E-1,6.4E-1));
#5870=VERTEX_POINT('',#5868);
#5871=VERTEX_POINT('',#5869);
#5872=CARTESIAN_POINT('',(-5.9E-1,-4.4E-1,-8.8E-1));
#5873=CARTESIAN_POINT('',(-5.9E-1,-4.4E-1,-6.4E-1));
#5874=VERTEX_POINT('',#5872);
#5875=VERTEX_POINT('',#5873);
#5876=CARTESIAN_POINT('',(-5.9E-1,-4.4E-1,6.4E-1));
#5877=CARTESIAN_POINT('',(-5.9E-1,-4.4E-1,8.8E-1));
#5878=VERTEX_POINT('',#5876);
#5879=VERTEX_POINT('',#5877);
#5880=CARTESIAN_POINT('',(5.75E-1,-5.6E-1,3.4E-1));
#5881=CARTESIAN_POINT('',(8.E-1,-3.65E-1,3.4E-1));
#5882=VERTEX_POINT('',#5880);
#5883=VERTEX_POINT('',#5881);
#5884=CARTESIAN_POINT('',(8.E-1,-3.65E-1,-3.4E-1));
#5885=VERTEX_POINT('',#5884);
#5886=CARTESIAN_POINT('',(5.75E-1,-5.6E-1,-3.4E-1));
#5887=VERTEX_POINT('',#5886);
#5888=CARTESIAN_POINT('',(-5.75E-1,-5.6E-1,-3.4E-1));
#5889=CARTESIAN_POINT('',(-8.E-1,-3.65E-1,-3.4E-1));
#5890=VERTEX_POINT('',#5888);
#5891=VERTEX_POINT('',#5889);
#5892=CARTESIAN_POINT('',(-8.E-1,-3.65E-1,3.4E-1));
#5893=VERTEX_POINT('',#5892);
#5894=CARTESIAN_POINT('',(-5.75E-1,-5.6E-1,3.4E-1));
#5895=VERTEX_POINT('',#5894);
#5896=CARTESIAN_POINT('',(-5.9E-1,-5.6E-1,1.E0));
#5897=CARTESIAN_POINT('',(-5.9E-1,-5.6E-1,6.4E-1));
#5898=VERTEX_POINT('',#5896);
#5899=VERTEX_POINT('',#5897);
#5900=CARTESIAN_POINT('',(5.9E-1,-5.6E-1,6.4E-1));
#5901=VERTEX_POINT('',#5900);
#5902=CARTESIAN_POINT('',(5.9E-1,-5.6E-1,1.E0));
#5903=VERTEX_POINT('',#5902);
#5904=CARTESIAN_POINT('',(5.9E-1,-5.6E-1,-1.E0));
#5905=CARTESIAN_POINT('',(5.9E-1,-5.6E-1,-6.4E-1));
#5906=VERTEX_POINT('',#5904);
#5907=VERTEX_POINT('',#5905);
#5908=CARTESIAN_POINT('',(-5.9E-1,-5.6E-1,-6.4E-1));
#5909=VERTEX_POINT('',#5908);
#5910=CARTESIAN_POINT('',(-5.9E-1,-5.6E-1,-1.E0));
#5911=VERTEX_POINT('',#5910);
#5912=CARTESIAN_POINT('',(8.1E-1,-3.8E-1,7.4E-1));
#5913=CARTESIAN_POINT('',(8.65E-1,-3.8E-1,7.4E-1));
#5914=VERTEX_POINT('',#5912);
#5915=VERTEX_POINT('',#5913);
#5916=CARTESIAN_POINT('',(9.45E-1,-3.E-1,7.4E-1));
#5917=CARTESIAN_POINT('',(1.295E0,-3.E-1,7.4E-1));
#5918=VERTEX_POINT('',#5916);
#5919=VERTEX_POINT('',#5917);
#5920=CARTESIAN_POINT('',(8.1E-1,-4.4E-1,7.4E-1));
#5921=CARTESIAN_POINT('',(8.1E-1,-4.4E-1,6.4E-1));
#5922=VERTEX_POINT('',#5920);
#5923=VERTEX_POINT('',#5921);
#5924=CARTESIAN_POINT('',(8.1E-1,-3.8E-1,6.4E-1));
#5925=VERTEX_POINT('',#5924);
#5926=CARTESIAN_POINT('',(8.65E-1,-3.8E-1,6.3E-1));
#5927=VERTEX_POINT('',#5926);
#5928=CARTESIAN_POINT('',(9.45E-1,-3.E-1,6.3E-1));
#5929=VERTEX_POINT('',#5928);
#5930=CARTESIAN_POINT('',(1.295E0,-3.E-1,6.3E-1));
#5931=VERTEX_POINT('',#5930);
#5932=CARTESIAN_POINT('',(-1.295E0,-3.E-1,7.4E-1));
#5933=CARTESIAN_POINT('',(-9.45E-1,-3.E-1,7.4E-1));
#5934=VERTEX_POINT('',#5932);
#5935=VERTEX_POINT('',#5933);
#5936=CARTESIAN_POINT('',(-8.65E-1,-3.8E-1,7.4E-1));
#5937=CARTESIAN_POINT('',(-8.1E-1,-3.8E-1,7.4E-1));
#5938=VERTEX_POINT('',#5936);
#5939=VERTEX_POINT('',#5937);
#5940=CARTESIAN_POINT('',(-1.295E0,-3.E-1,6.3E-1));
#5941=CARTESIAN_POINT('',(-9.45E-1,-3.E-1,6.3E-1));
#5942=VERTEX_POINT('',#5940);
#5943=VERTEX_POINT('',#5941);
#5944=CARTESIAN_POINT('',(-8.65E-1,-3.8E-1,6.3E-1));
#5945=VERTEX_POINT('',#5944);
#5946=CARTESIAN_POINT('',(-8.1E-1,-3.8E-1,6.3E-1));
#5947=VERTEX_POINT('',#5946);
#5948=CARTESIAN_POINT('',(-8.1E-1,-4.4E-1,7.4E-1));
#5949=CARTESIAN_POINT('',(-8.1E-1,-4.4E-1,6.4E-1));
#5950=VERTEX_POINT('',#5948);
#5951=VERTEX_POINT('',#5949);
#5952=CARTESIAN_POINT('',(-8.1E-1,-3.8E-1,6.4E-1));
#5953=VERTEX_POINT('',#5952);
#5954=CARTESIAN_POINT('',(8.1E-1,-3.8E-1,-7.4E-1));
#5955=CARTESIAN_POINT('',(8.65E-1,-3.8E-1,-7.4E-1));
#5956=VERTEX_POINT('',#5954);
#5957=VERTEX_POINT('',#5955);
#5958=CARTESIAN_POINT('',(9.45E-1,-3.E-1,-7.4E-1));
#5959=CARTESIAN_POINT('',(1.295E0,-3.E-1,-7.4E-1));
#5960=VERTEX_POINT('',#5958);
#5961=VERTEX_POINT('',#5959);
#5962=CARTESIAN_POINT('',(8.1E-1,-4.4E-1,-7.4E-1));
#5963=VERTEX_POINT('',#5962);
#5964=CARTESIAN_POINT('',(8.1E-1,-3.8E-1,-6.4E-1));
#5965=VERTEX_POINT('',#5964);
#5966=CARTESIAN_POINT('',(8.65E-1,-3.8E-1,-6.3E-1));
#5967=VERTEX_POINT('',#5966);
#5968=CARTESIAN_POINT('',(9.45E-1,-3.E-1,-6.3E-1));
#5969=VERTEX_POINT('',#5968);
#5970=CARTESIAN_POINT('',(1.295E0,-3.E-1,-6.3E-1));
#5971=VERTEX_POINT('',#5970);
#5972=CARTESIAN_POINT('',(-1.295E0,-3.E-1,-7.4E-1));
#5973=CARTESIAN_POINT('',(-9.45E-1,-3.E-1,-7.4E-1));
#5974=VERTEX_POINT('',#5972);
#5975=VERTEX_POINT('',#5973);
#5976=CARTESIAN_POINT('',(-8.65E-1,-3.8E-1,-7.4E-1));
#5977=CARTESIAN_POINT('',(-8.1E-1,-3.8E-1,-7.4E-1));
#5978=VERTEX_POINT('',#5976);
#5979=VERTEX_POINT('',#5977);
#5980=CARTESIAN_POINT('',(-8.1E-1,-4.4E-1,-7.4E-1));
#5981=VERTEX_POINT('',#5980);
#5982=CARTESIAN_POINT('',(-1.295E0,-3.E-1,-6.3E-1));
#5983=VERTEX_POINT('',#5982);
#5984=CARTESIAN_POINT('',(-9.45E-1,-3.E-1,-6.3E-1));
#5985=VERTEX_POINT('',#5984);
#5986=CARTESIAN_POINT('',(-8.65E-1,-3.8E-1,-6.3E-1));
#5987=VERTEX_POINT('',#5986);
#5988=CARTESIAN_POINT('',(-8.1E-1,-3.8E-1,-6.4E-1));
#5989=VERTEX_POINT('',#5988);
#5990=CARTESIAN_POINT('',(8.1E-1,-3.8E-1,-6.3E-1));
#5991=VERTEX_POINT('',#5990);
#5992=CARTESIAN_POINT('',(8.1E-1,-4.4E-1,-6.4E-1));
#5993=VERTEX_POINT('',#5992);
#5994=CARTESIAN_POINT('',(-8.1E-1,-4.4E-1,-6.4E-1));
#5995=VERTEX_POINT('',#5994);
#5996=CARTESIAN_POINT('',(-1.19E0,-3.3E-1,-1.9E-1));
#5997=CARTESIAN_POINT('',(-1.19E0,-1.6E-1,-1.9E-1));
#5998=VERTEX_POINT('',#5996);
#5999=VERTEX_POINT('',#5997);
#6000=CARTESIAN_POINT('',(1.19E0,-1.6E-1,-1.9E-1));
#6001=CARTESIAN_POINT('',(1.19E0,-3.3E-1,-1.9E-1));
#6002=VERTEX_POINT('',#6000);
#6003=VERTEX_POINT('',#6001);
#6004=CARTESIAN_POINT('',(-1.19E0,-3.3E-1,1.9E-1));
#6005=CARTESIAN_POINT('',(-1.19E0,-1.6E-1,1.9E-1));
#6006=VERTEX_POINT('',#6004);
#6007=VERTEX_POINT('',#6005);
#6008=CARTESIAN_POINT('',(1.19E0,-1.6E-1,1.9E-1));
#6009=CARTESIAN_POINT('',(1.19E0,-3.3E-1,1.9E-1));
#6010=VERTEX_POINT('',#6008);
#6011=VERTEX_POINT('',#6009);
#6012=CARTESIAN_POINT('',(-1.16E0,-1.3E-1,-1.9E-1));
#6013=CARTESIAN_POINT('',(-1.16E0,-1.3E-1,1.9E-1));
#6014=VERTEX_POINT('',#6012);
#6015=VERTEX_POINT('',#6013);
#6016=CARTESIAN_POINT('',(1.16E0,-1.3E-1,-1.9E-1));
#6017=CARTESIAN_POINT('',(1.16E0,-1.3E-1,1.9E-1));
#6018=VERTEX_POINT('',#6016);
#6019=VERTEX_POINT('',#6017);
#6020=CARTESIAN_POINT('',(1.295E0,-4.73E-1,7.4E-1));
#6021=VERTEX_POINT('',#6020);
#6022=CARTESIAN_POINT('',(-1.295E0,-4.73E-1,7.4E-1));
#6023=VERTEX_POINT('',#6022);
#6024=CARTESIAN_POINT('',(1.295E0,-4.73E-1,-7.4E-1));
#6025=VERTEX_POINT('',#6024);
#6026=CARTESIAN_POINT('',(-1.295E0,-4.73E-1,-7.4E-1));
#6027=VERTEX_POINT('',#6026);
#6028=CARTESIAN_POINT('',(-1.310671641791E0,-4.8E-1,7.4E-1));
#6029=VERTEX_POINT('',#6028);
#6030=CARTESIAN_POINT('',(-1.310671641791E0,-4.8E-1,-7.4E-1));
#6031=VERTEX_POINT('',#6030);
#6032=CARTESIAN_POINT('',(-1.445E0,-5.4E-1,8.E-1));
#6033=VERTEX_POINT('',#6032);
#6034=CARTESIAN_POINT('',(-1.445E0,-5.4E-1,-8.E-1));
#6035=VERTEX_POINT('',#6034);
#6036=CARTESIAN_POINT('',(1.310671641791E0,-4.8E-1,-7.4E-1));
#6037=VERTEX_POINT('',#6036);
#6038=CARTESIAN_POINT('',(1.310671641791E0,-4.8E-1,7.4E-1));
#6039=VERTEX_POINT('',#6038);
#6040=CARTESIAN_POINT('',(1.445E0,-5.4E-1,-8.E-1));
#6041=VERTEX_POINT('',#6040);
#6042=CARTESIAN_POINT('',(1.445E0,-5.4E-1,8.E-1));
#6043=VERTEX_POINT('',#6042);
#6044=CARTESIAN_POINT('',(2.9E-1,-1.3E-1,-6.4E-1));
#6045=CARTESIAN_POINT('',(2.9E-1,-1.3E-1,-6.25E-1));
#6046=VERTEX_POINT('',#6044);
#6047=VERTEX_POINT('',#6045);
#6048=CARTESIAN_POINT('',(2.9E-1,-3.116321350842E-1,-3.4E-1));
#6049=CARTESIAN_POINT('',(2.9E-1,-5.077496438739E-1,-3.4E-1));
#6050=VERTEX_POINT('',#6048);
#6051=VERTEX_POINT('',#6049);
#6052=CARTESIAN_POINT('',(2.9E-1,-6.1E-2,-1.E0));
#6053=CARTESIAN_POINT('',(2.9E-1,0.E0,-1.E0));
#6054=VERTEX_POINT('',#6052);
#6055=VERTEX_POINT('',#6053);
#6056=CARTESIAN_POINT('',(2.9E-1,0.E0,-9.85E-1));
#6057=VERTEX_POINT('',#6056);
#6058=CARTESIAN_POINT('',(2.9E-1,-3.55E-1,-6.25E-1));
#6059=CARTESIAN_POINT('',(2.9E-1,-3.75E-1,-6.05E-1));
#6060=VERTEX_POINT('',#6058);
#6061=VERTEX_POINT('',#6059);
#6062=CARTESIAN_POINT('',(2.9E-1,-4.15E-1,-6.05E-1));
#6063=VERTEX_POINT('',#6062);
#6064=CARTESIAN_POINT('',(2.9E-1,-6.1E-2,-9.14E-1));
#6065=VERTEX_POINT('',#6064);
#6066=CARTESIAN_POINT('',(2.9E-1,-3.874637525671E-1,-4.039130061611E-1));
#6067=CARTESIAN_POINT('',(2.9E-1,-3.E-1,-3.7E-1));
#6068=VERTEX_POINT('',#6066);
#6069=VERTEX_POINT('',#6067);
#6070=CARTESIAN_POINT('',(4.1E-1,-6.1E-2,-1.E0));
#6071=CARTESIAN_POINT('',(4.1E-1,0.E0,-1.E0));
#6072=VERTEX_POINT('',#6070);
#6073=VERTEX_POINT('',#6071);
#6074=CARTESIAN_POINT('',(4.1E-1,0.E0,-9.85E-1));
#6075=VERTEX_POINT('',#6074);
#6076=CARTESIAN_POINT('',(4.1E-1,-3.55E-1,-6.25E-1));
#6077=CARTESIAN_POINT('',(4.1E-1,-3.75E-1,-6.05E-1));
#6078=VERTEX_POINT('',#6076);
#6079=VERTEX_POINT('',#6077);
#6080=CARTESIAN_POINT('',(4.1E-1,-4.15E-1,-6.05E-1));
#6081=VERTEX_POINT('',#6080);
#6082=CARTESIAN_POINT('',(4.1E-1,-6.1E-2,-9.14E-1));
#6083=VERTEX_POINT('',#6082);
#6084=CARTESIAN_POINT('',(4.1E-1,-3.874637525671E-1,-4.039130061611E-1));
#6085=CARTESIAN_POINT('',(4.1E-1,-3.E-1,-3.7E-1));
#6086=VERTEX_POINT('',#6084);
#6087=VERTEX_POINT('',#6085);
#6088=CARTESIAN_POINT('',(2.9E-1,2.E-2,-9.14E-1));
#6089=CARTESIAN_POINT('',(2.9E-1,-1.E-1,-7.94E-1));
#6090=VERTEX_POINT('',#6088);
#6091=VERTEX_POINT('',#6089);
#6092=CARTESIAN_POINT('',(2.9E-1,-5.056917857361E-1,-6.4E-1));
#6093=VERTEX_POINT('',#6092);
#6094=CARTESIAN_POINT('',(1.21E0,-4.776679840568E-1,-5.9E-1));
#6095=CARTESIAN_POINT('',(1.21E0,-4.776679840568E-1,5.9E-1));
#6096=VERTEX_POINT('',#6094);
#6097=VERTEX_POINT('',#6095);
#6098=CARTESIAN_POINT('',(1.59E0,-5.E-1,-3.5E-1));
#6099=CARTESIAN_POINT('',(1.59E0,-1.3E-1,-3.5E-1));
#6100=VERTEX_POINT('',#6098);
#6101=VERTEX_POINT('',#6099);
#6102=CARTESIAN_POINT('',(1.5E0,-1.3E-1,-3.5E-1));
#6103=VERTEX_POINT('',#6102);
#6104=CARTESIAN_POINT('',(1.59E0,-5.E-1,3.5E-1));
#6105=CARTESIAN_POINT('',(1.59E0,-1.3E-1,3.5E-1));
#6106=VERTEX_POINT('',#6104);
#6107=VERTEX_POINT('',#6105);
#6108=CARTESIAN_POINT('',(1.5E0,-1.3E-1,3.5E-1));
#6109=VERTEX_POINT('',#6108);
#6110=CARTESIAN_POINT('',(-1.445E0,-5.4E-1,-7.5E-1));
#6111=CARTESIAN_POINT('',(-1.5E0,-5.4E-1,-7.5E-1));
#6112=VERTEX_POINT('',#6110);
#6113=VERTEX_POINT('',#6111);
#6114=CARTESIAN_POINT('',(-1.445E0,-5.4E-1,7.5E-1));
#6115=CARTESIAN_POINT('',(-1.5E0,-5.4E-1,7.5E-1));
#6116=VERTEX_POINT('',#6114);
#6117=VERTEX_POINT('',#6115);
#6118=CARTESIAN_POINT('',(1.5E0,-5.4E-1,-8.8E-1));
#6119=CARTESIAN_POINT('',(1.5E0,-5.4E-1,-7.5E-1));
#6120=VERTEX_POINT('',#6118);
#6121=VERTEX_POINT('',#6119);
#6122=CARTESIAN_POINT('',(1.5E0,-5.4E-1,7.5E-1));
#6123=CARTESIAN_POINT('',(1.5E0,-5.4E-1,8.8E-1));
#6124=VERTEX_POINT('',#6122);
#6125=VERTEX_POINT('',#6123);
#6126=CARTESIAN_POINT('',(1.445E0,-5.4E-1,-7.5E-1));
#6127=VERTEX_POINT('',#6126);
#6128=CARTESIAN_POINT('',(1.445E0,-5.4E-1,7.5E-1));
#6129=VERTEX_POINT('',#6128);
#6130=CARTESIAN_POINT('',(1.5E0,-1.3E-1,-6.15E-1));
#6131=VERTEX_POINT('',#6130);
#6132=CARTESIAN_POINT('',(1.5E0,-1.3E-1,6.15E-1));
#6133=VERTEX_POINT('',#6132);
#6134=CARTESIAN_POINT('',(1.59E0,-5.4E-1,7.5E-1));
#6135=CARTESIAN_POINT('',(1.59E0,-5.4E-1,-7.5E-1));
#6136=VERTEX_POINT('',#6134);
#6137=VERTEX_POINT('',#6135);
#6138=CARTESIAN_POINT('',(1.266191602831E0,-4.601322492645E-1,5.9E-1));
#6139=CARTESIAN_POINT('',(1.266191602831E0,-5.792971553154E-1,5.9E-1));
#6140=VERTEX_POINT('',#6138);
#6141=VERTEX_POINT('',#6139);
#6142=CARTESIAN_POINT('',(1.295E0,-4.73E-1,6.197377003036E-1));
#6143=CARTESIAN_POINT('',(1.421191602831E0,-5.293655825978E-1,7.5E-1));
#6144=VERTEX_POINT('',#6142);
#6145=VERTEX_POINT('',#6143);
#6146=CARTESIAN_POINT('',(1.421191602831E0,-6.496254549171E-1,7.5E-1));
#6147=VERTEX_POINT('',#6146);
#6148=CARTESIAN_POINT('',(1.295E0,-4.73E-1,-6.197377003036E-1));
#6149=CARTESIAN_POINT('',(1.295E0,-4.73E-1,-5.9E-1));
#6150=VERTEX_POINT('',#6148);
#6151=VERTEX_POINT('',#6149);
#6152=CARTESIAN_POINT('',(1.295E0,-4.73E-1,5.9E-1));
#6153=CARTESIAN_POINT('',(1.295E0,-1.3E-1,5.9E-1));
#6154=VERTEX_POINT('',#6152);
#6155=VERTEX_POINT('',#6153);
#6156=VERTEX_POINT('',#754);
#6157=VERTEX_POINT('',#757);
#6158=CARTESIAN_POINT('',(1.266191602831E0,-4.601322492645E-1,-5.9E-1));
#6159=VERTEX_POINT('',#6158);
#6160=CARTESIAN_POINT('',(1.421191602831E0,-5.293655825978E-1,-7.5E-1));
#6161=VERTEX_POINT('',#6160);
#6162=CARTESIAN_POINT('',(1.421191602831E0,-6.496254549171E-1,-7.5E-1));
#6163=VERTEX_POINT('',#6162);
#6164=CARTESIAN_POINT('',(1.295E0,-1.3E-1,-5.9E-1));
#6165=VERTEX_POINT('',#6164);
#6166=VERTEX_POINT('',#817);
#6167=CARTESIAN_POINT('',(1.59E0,-1.3E-1,-5.95E-1));
#6168=CARTESIAN_POINT('',(1.51E0,-1.3E-1,-5.95E-1));
#6169=VERTEX_POINT('',#6167);
#6170=VERTEX_POINT('',#6168);
#6171=CARTESIAN_POINT('',(1.59E0,-1.3E-1,5.95E-1));
#6172=CARTESIAN_POINT('',(1.51E0,-1.3E-1,5.95E-1));
#6173=VERTEX_POINT('',#6171);
#6174=VERTEX_POINT('',#6172);
#6175=CARTESIAN_POINT('',(1.59E0,-1.3E-1,-6.15E-1));
#6176=VERTEX_POINT('',#6175);
#6177=CARTESIAN_POINT('',(1.59E0,-1.3E-1,3.7E-1));
#6178=VERTEX_POINT('',#6177);
#6179=CARTESIAN_POINT('',(1.59E0,-1.E-1,-3.7E-1));
#6180=CARTESIAN_POINT('',(1.59E0,-1.E-1,-5.95E-1));
#6181=VERTEX_POINT('',#6179);
#6182=VERTEX_POINT('',#6180);
#6183=CARTESIAN_POINT('',(1.63E0,-6.E-2,-3.7E-1));
#6184=CARTESIAN_POINT('',(1.63E0,-6.E-2,-5.95E-1));
#6185=VERTEX_POINT('',#6183);
#6186=VERTEX_POINT('',#6184);
#6187=CARTESIAN_POINT('',(5.5E-1,-1.E-1,8.8E-1));
#6188=CARTESIAN_POINT('',(5.5E-1,-1.E-1,7.6E-1));
#6189=VERTEX_POINT('',#6187);
#6190=VERTEX_POINT('',#6188);
#6191=CARTESIAN_POINT('',(-5.5E-1,-1.E-1,7.6E-1));
#6192=VERTEX_POINT('',#6191);
#6193=CARTESIAN_POINT('',(-5.5E-1,-1.E-1,8.8E-1));
#6194=VERTEX_POINT('',#6193);
#6195=CARTESIAN_POINT('',(5.5E-1,0.E0,8.8E-1));
#6196=CARTESIAN_POINT('',(5.5E-1,0.E0,7.6E-1));
#6197=VERTEX_POINT('',#6195);
#6198=VERTEX_POINT('',#6196);
#6199=CARTESIAN_POINT('',(-5.5E-1,0.E0,7.6E-1));
#6200=VERTEX_POINT('',#6199);
#6201=CARTESIAN_POINT('',(-5.5E-1,0.E0,8.8E-1));
#6202=VERTEX_POINT('',#6201);
#6203=CARTESIAN_POINT('',(5.9E-1,-1.E-1,1.E0));
#6204=CARTESIAN_POINT('',(-5.9E-1,-1.E-1,1.E0));
#6205=VERTEX_POINT('',#6203);
#6206=VERTEX_POINT('',#6204);
#6207=CARTESIAN_POINT('',(5.9E-1,-1.E-1,-1.E0));
#6208=CARTESIAN_POINT('',(-5.9E-1,-1.E-1,-1.E0));
#6209=VERTEX_POINT('',#6207);
#6210=VERTEX_POINT('',#6208);
#6211=CARTESIAN_POINT('',(5.9E-1,-1.E-1,-8.8E-1));
#6212=VERTEX_POINT('',#6211);
#6213=CARTESIAN_POINT('',(-5.9E-1,-1.E-1,-8.8E-1));
#6214=VERTEX_POINT('',#6213);
#6215=CARTESIAN_POINT('',(5.9E-1,-1.E-1,8.8E-1));
#6216=VERTEX_POINT('',#6215);
#6217=CARTESIAN_POINT('',(-5.9E-1,-1.E-1,8.8E-1));
#6218=VERTEX_POINT('',#6217);
#6219=CARTESIAN_POINT('',(2.9E-1,-1.E-1,-8.75E-1));
#6220=VERTEX_POINT('',#6219);
#6221=CARTESIAN_POINT('',(4.1E-1,-1.E-1,-8.75E-1));
#6222=VERTEX_POINT('',#6221);
#6223=CARTESIAN_POINT('',(2.9E-1,2.E-2,-9.65E-1));
#6224=VERTEX_POINT('',#6223);
#6225=CARTESIAN_POINT('',(2.9E-1,-6.1E-2,1.E0));
#6226=CARTESIAN_POINT('',(2.9E-1,-6.1E-2,9.14E-1));
#6227=VERTEX_POINT('',#6225);
#6228=VERTEX_POINT('',#6226);
#6229=CARTESIAN_POINT('',(2.9E-1,-4.15E-1,6.05E-1));
#6230=CARTESIAN_POINT('',(2.9E-1,-3.75E-1,6.05E-1));
#6231=VERTEX_POINT('',#6229);
#6232=VERTEX_POINT('',#6230);
#6233=CARTESIAN_POINT('',(2.9E-1,-3.55E-1,6.25E-1));
#6234=VERTEX_POINT('',#6233);
#6235=CARTESIAN_POINT('',(2.9E-1,2.E-2,9.14E-1));
#6236=CARTESIAN_POINT('',(2.9E-1,2.E-2,9.65E-1));
#6237=VERTEX_POINT('',#6235);
#6238=VERTEX_POINT('',#6236);
#6239=CARTESIAN_POINT('',(2.9E-1,0.E0,9.85E-1));
#6240=VERTEX_POINT('',#6239);
#6241=CARTESIAN_POINT('',(2.9E-1,0.E0,1.E0));
#6242=VERTEX_POINT('',#6241);
#6243=CARTESIAN_POINT('',(2.9E-1,-3.E-1,3.7E-1));
#6244=CARTESIAN_POINT('',(2.9E-1,-3.874637525671E-1,4.039130061611E-1));
#6245=VERTEX_POINT('',#6243);
#6246=VERTEX_POINT('',#6244);
#6247=CARTESIAN_POINT('',(4.1E-1,2.E-2,-9.65E-1));
#6248=VERTEX_POINT('',#6247);
#6249=CARTESIAN_POINT('',(4.1E-1,2.E-2,-9.14E-1));
#6250=VERTEX_POINT('',#6249);
#6251=CARTESIAN_POINT('',(4.1E-1,-6.1E-2,1.E0));
#6252=CARTESIAN_POINT('',(4.1E-1,-6.1E-2,9.14E-1));
#6253=VERTEX_POINT('',#6251);
#6254=VERTEX_POINT('',#6252);
#6255=CARTESIAN_POINT('',(4.1E-1,-4.15E-1,6.05E-1));
#6256=CARTESIAN_POINT('',(4.1E-1,-3.75E-1,6.05E-1));
#6257=VERTEX_POINT('',#6255);
#6258=VERTEX_POINT('',#6256);
#6259=CARTESIAN_POINT('',(4.1E-1,-3.55E-1,6.25E-1));
#6260=VERTEX_POINT('',#6259);
#6261=CARTESIAN_POINT('',(4.1E-1,2.E-2,9.14E-1));
#6262=CARTESIAN_POINT('',(4.1E-1,2.E-2,9.65E-1));
#6263=VERTEX_POINT('',#6261);
#6264=VERTEX_POINT('',#6262);
#6265=CARTESIAN_POINT('',(4.1E-1,0.E0,9.85E-1));
#6266=VERTEX_POINT('',#6265);
#6267=CARTESIAN_POINT('',(4.1E-1,0.E0,1.E0));
#6268=VERTEX_POINT('',#6267);
#6269=CARTESIAN_POINT('',(4.1E-1,-3.E-1,3.7E-1));
#6270=CARTESIAN_POINT('',(4.1E-1,-3.874637525671E-1,4.039130061611E-1));
#6271=VERTEX_POINT('',#6269);
#6272=VERTEX_POINT('',#6270);
#6273=CARTESIAN_POINT('',(2.9E-1,-3.116321350842E-1,3.4E-1));
#6274=CARTESIAN_POINT('',(2.9E-1,-5.077496438739E-1,3.4E-1));
#6275=VERTEX_POINT('',#6273);
#6276=VERTEX_POINT('',#6274);
#6277=CARTESIAN_POINT('',(4.1E-1,-3.116321350842E-1,3.4E-1));
#6278=VERTEX_POINT('',#6277);
#6279=CARTESIAN_POINT('',(4.1E-1,-5.077496438739E-1,3.4E-1));
#6280=VERTEX_POINT('',#6279);
#6281=CARTESIAN_POINT('',(4.1E-1,-5.077496438739E-1,-3.4E-1));
#6282=VERTEX_POINT('',#6281);
#6283=CARTESIAN_POINT('',(4.1E-1,-3.116321350842E-1,-3.4E-1));
#6284=VERTEX_POINT('',#6283);
#6285=CARTESIAN_POINT('',(2.9E-1,-1.E-1,7.94E-1));
#6286=CARTESIAN_POINT('',(2.9E-1,-1.E-1,8.75E-1));
#6287=VERTEX_POINT('',#6285);
#6288=VERTEX_POINT('',#6286);
#6289=CARTESIAN_POINT('',(4.1E-1,-1.E-1,-7.94E-1));
#6290=VERTEX_POINT('',#6289);
#6291=CARTESIAN_POINT('',(4.1E-1,-1.E-1,8.75E-1));
#6292=VERTEX_POINT('',#6291);
#6293=CARTESIAN_POINT('',(4.1E-1,-1.E-1,7.94E-1));
#6294=VERTEX_POINT('',#6293);
#6295=CARTESIAN_POINT('',(2.9E-1,-5.056917857361E-1,6.4E-1));
#6296=VERTEX_POINT('',#6295);
#6297=CARTESIAN_POINT('',(4.1E-1,-5.056917857361E-1,-6.4E-1));
#6298=VERTEX_POINT('',#6297);
#6299=CARTESIAN_POINT('',(4.1E-1,-5.056917857361E-1,6.4E-1));
#6300=VERTEX_POINT('',#6299);
#6301=CARTESIAN_POINT('',(1.21E0,-3.3E-1,-1.9E-1));
#6302=CARTESIAN_POINT('',(1.21E0,-1.3E-1,-1.9E-1));
#6303=VERTEX_POINT('',#6301);
#6304=VERTEX_POINT('',#6302);
#6305=CARTESIAN_POINT('',(1.21E0,-3.3E-1,1.9E-1));
#6306=CARTESIAN_POINT('',(1.21E0,-1.3E-1,1.9E-1));
#6307=VERTEX_POINT('',#6305);
#6308=VERTEX_POINT('',#6306);
#6309=CARTESIAN_POINT('',(-1.59E0,-5.E-1,-3.5E-1));
#6310=VERTEX_POINT('',#6309);
#6311=CARTESIAN_POINT('',(-1.59E0,-5.E-1,3.5E-1));
#6312=VERTEX_POINT('',#6311);
#6313=CARTESIAN_POINT('',(-1.21E0,-3.3E-1,-1.9E-1));
#6314=VERTEX_POINT('',#6313);
#6315=CARTESIAN_POINT('',(-1.21E0,-3.3E-1,1.9E-1));
#6316=VERTEX_POINT('',#6315);
#6317=CARTESIAN_POINT('',(1.59E0,-2.5E-1,-7.5E-1));
#6318=CARTESIAN_POINT('',(1.5E0,-2.5E-1,-7.5E-1));
#6319=VERTEX_POINT('',#6317);
#6320=VERTEX_POINT('',#6318);
#6321=CARTESIAN_POINT('',(1.59E0,-2.5E-1,7.5E-1));
#6322=CARTESIAN_POINT('',(1.5E0,-2.5E-1,7.5E-1));
#6323=VERTEX_POINT('',#6321);
#6324=VERTEX_POINT('',#6322);
#6325=CARTESIAN_POINT('',(1.59E0,-2.5E-1,-6.15E-1));
#6326=VERTEX_POINT('',#6325);
#6327=CARTESIAN_POINT('',(1.59E0,-2.5E-1,6.15E-1));
#6328=VERTEX_POINT('',#6327);
#6329=CARTESIAN_POINT('',(1.59E0,-1.3E-1,-3.7E-1));
#6330=CARTESIAN_POINT('',(1.51E0,-1.3E-1,-3.7E-1));
#6331=VERTEX_POINT('',#6329);
#6332=VERTEX_POINT('',#6330);
#6333=CARTESIAN_POINT('',(1.51E0,-1.3E-1,3.7E-1));
#6334=VERTEX_POINT('',#6333);
#6335=CARTESIAN_POINT('',(1.59E0,-1.3E-1,6.15E-1));
#6336=VERTEX_POINT('',#6335);
#6337=CARTESIAN_POINT('',(1.59E0,-1.E-1,5.95E-1));
#6338=CARTESIAN_POINT('',(1.59E0,-1.E-1,3.7E-1));
#6339=VERTEX_POINT('',#6337);
#6340=VERTEX_POINT('',#6338);
#6341=CARTESIAN_POINT('',(1.63E0,-6.E-2,5.95E-1));
#6342=CARTESIAN_POINT('',(1.63E0,-6.E-2,3.7E-1));
#6343=VERTEX_POINT('',#6341);
#6344=VERTEX_POINT('',#6342);
#6345=CARTESIAN_POINT('',(-6.3E-1,-1.6E-1,9.5E-1));
#6346=CARTESIAN_POINT('',(-6.8E-1,-6.E-2,9.5E-1));
#6347=VERTEX_POINT('',#6345);
#6348=VERTEX_POINT('',#6346);
#6349=CARTESIAN_POINT('',(-1.155E0,-6.E-2,9.5E-1));
#6350=VERTEX_POINT('',#6349);
#6351=CARTESIAN_POINT('',(-1.155E0,-2.8E-1,9.5E-1));
#6352=VERTEX_POINT('',#6351);
#6353=CARTESIAN_POINT('',(-8.85E-1,-3.5E-1,9.5E-1));
#6354=CARTESIAN_POINT('',(-9.75E-1,-3.5E-1,9.5E-1));
#6355=VERTEX_POINT('',#6353);
#6356=VERTEX_POINT('',#6354);
#6357=CARTESIAN_POINT('',(-9.75E-1,-2.3E-1,9.5E-1));
#6358=VERTEX_POINT('',#6357);
#6359=CARTESIAN_POINT('',(-7.85E-1,-2.3E-1,9.5E-1));
#6360=VERTEX_POINT('',#6359);
#6361=CARTESIAN_POINT('',(-7.85E-1,-3.5E-1,9.5E-1));
#6362=VERTEX_POINT('',#6361);
#6363=CARTESIAN_POINT('',(-7.7E-1,-3.76E-1,9.5E-1));
#6364=VERTEX_POINT('',#6363);
#6365=CARTESIAN_POINT('',(-6.3E-1,-1.6E-1,8.8E-1));
#6366=CARTESIAN_POINT('',(-6.8E-1,-6.E-2,8.8E-1));
#6367=VERTEX_POINT('',#6365);
#6368=VERTEX_POINT('',#6366);
#6369=CARTESIAN_POINT('',(-1.155E0,-6.E-2,8.8E-1));
#6370=VERTEX_POINT('',#6369);
#6371=CARTESIAN_POINT('',(-1.155E0,-2.8E-1,8.8E-1));
#6372=VERTEX_POINT('',#6371);
#6373=CARTESIAN_POINT('',(-8.85E-1,-3.5E-1,8.8E-1));
#6374=CARTESIAN_POINT('',(-9.75E-1,-3.5E-1,8.8E-1));
#6375=VERTEX_POINT('',#6373);
#6376=VERTEX_POINT('',#6374);
#6377=CARTESIAN_POINT('',(-9.75E-1,-2.3E-1,8.8E-1));
#6378=VERTEX_POINT('',#6377);
#6379=CARTESIAN_POINT('',(-7.85E-1,-2.3E-1,8.8E-1));
#6380=VERTEX_POINT('',#6379);
#6381=CARTESIAN_POINT('',(-7.85E-1,-3.5E-1,8.8E-1));
#6382=VERTEX_POINT('',#6381);
#6383=CARTESIAN_POINT('',(-7.7E-1,-3.76E-1,8.8E-1));
#6384=VERTEX_POINT('',#6383);
#6385=CARTESIAN_POINT('',(-1.35E0,-5.1E-1,8.8E-1));
#6386=CARTESIAN_POINT('',(-1.35E0,-5.1E-1,9.5E-1));
#6387=VERTEX_POINT('',#6385);
#6388=VERTEX_POINT('',#6386);
#6389=CARTESIAN_POINT('',(-6.E-2,-6.1E-2,-1.E0));
#6390=CARTESIAN_POINT('',(-6.E-2,0.E0,-1.E0));
#6391=VERTEX_POINT('',#6389);
#6392=VERTEX_POINT('',#6390);
#6393=CARTESIAN_POINT('',(-6.E-2,0.E0,-9.85E-1));
#6394=VERTEX_POINT('',#6393);
#6395=CARTESIAN_POINT('',(-6.E-2,2.E-2,-9.65E-1));
#6396=VERTEX_POINT('',#6395);
#6397=CARTESIAN_POINT('',(-6.E-2,2.E-2,-9.14E-1));
#6398=VERTEX_POINT('',#6397);
#6399=CARTESIAN_POINT('',(-6.E-2,-3.55E-1,-6.25E-1));
#6400=CARTESIAN_POINT('',(-6.E-2,-3.75E-1,-6.05E-1));
#6401=VERTEX_POINT('',#6399);
#6402=VERTEX_POINT('',#6400);
#6403=CARTESIAN_POINT('',(-6.E-2,-4.15E-1,-6.05E-1));
#6404=VERTEX_POINT('',#6403);
#6405=CARTESIAN_POINT('',(-6.E-2,-6.1E-2,-9.14E-1));
#6406=VERTEX_POINT('',#6405);
#6407=CARTESIAN_POINT('',(-6.E-2,-3.874637525671E-1,-4.039130061611E-1));
#6408=CARTESIAN_POINT('',(-6.E-2,-3.E-1,-3.7E-1));
#6409=VERTEX_POINT('',#6407);
#6410=VERTEX_POINT('',#6408);
#6411=CARTESIAN_POINT('',(-6.E-2,-6.1E-2,1.E0));
#6412=CARTESIAN_POINT('',(-6.E-2,-6.1E-2,9.14E-1));
#6413=VERTEX_POINT('',#6411);
#6414=VERTEX_POINT('',#6412);
#6415=CARTESIAN_POINT('',(-6.E-2,-4.15E-1,6.05E-1));
#6416=CARTESIAN_POINT('',(-6.E-2,-3.75E-1,6.05E-1));
#6417=VERTEX_POINT('',#6415);
#6418=VERTEX_POINT('',#6416);
#6419=CARTESIAN_POINT('',(-6.E-2,-3.55E-1,6.25E-1));
#6420=VERTEX_POINT('',#6419);
#6421=CARTESIAN_POINT('',(-6.E-2,2.E-2,9.14E-1));
#6422=CARTESIAN_POINT('',(-6.E-2,2.E-2,9.65E-1));
#6423=VERTEX_POINT('',#6421);
#6424=VERTEX_POINT('',#6422);
#6425=CARTESIAN_POINT('',(-6.E-2,0.E0,9.85E-1));
#6426=VERTEX_POINT('',#6425);
#6427=CARTESIAN_POINT('',(-6.E-2,0.E0,1.E0));
#6428=VERTEX_POINT('',#6427);
#6429=CARTESIAN_POINT('',(-6.E-2,-3.E-1,3.7E-1));
#6430=CARTESIAN_POINT('',(-6.E-2,-3.874637525671E-1,4.039130061611E-1));
#6431=VERTEX_POINT('',#6429);
#6432=VERTEX_POINT('',#6430);
#6433=CARTESIAN_POINT('',(6.E-2,-6.1E-2,-1.E0));
#6434=CARTESIAN_POINT('',(6.E-2,0.E0,-1.E0));
#6435=VERTEX_POINT('',#6433);
#6436=VERTEX_POINT('',#6434);
#6437=CARTESIAN_POINT('',(6.E-2,0.E0,-9.85E-1));
#6438=VERTEX_POINT('',#6437);
#6439=CARTESIAN_POINT('',(6.E-2,2.E-2,-9.65E-1));
#6440=VERTEX_POINT('',#6439);
#6441=CARTESIAN_POINT('',(6.E-2,2.E-2,-9.14E-1));
#6442=VERTEX_POINT('',#6441);
#6443=CARTESIAN_POINT('',(6.E-2,-3.55E-1,-6.25E-1));
#6444=CARTESIAN_POINT('',(6.E-2,-3.75E-1,-6.05E-1));
#6445=VERTEX_POINT('',#6443);
#6446=VERTEX_POINT('',#6444);
#6447=CARTESIAN_POINT('',(6.E-2,-4.15E-1,-6.05E-1));
#6448=VERTEX_POINT('',#6447);
#6449=CARTESIAN_POINT('',(6.E-2,-6.1E-2,-9.14E-1));
#6450=VERTEX_POINT('',#6449);
#6451=CARTESIAN_POINT('',(6.E-2,-3.874637525671E-1,-4.039130061611E-1));
#6452=CARTESIAN_POINT('',(6.E-2,-3.E-1,-3.7E-1));
#6453=VERTEX_POINT('',#6451);
#6454=VERTEX_POINT('',#6452);
#6455=CARTESIAN_POINT('',(6.E-2,-6.1E-2,1.E0));
#6456=CARTESIAN_POINT('',(6.E-2,-6.1E-2,9.14E-1));
#6457=VERTEX_POINT('',#6455);
#6458=VERTEX_POINT('',#6456);
#6459=CARTESIAN_POINT('',(6.E-2,-4.15E-1,6.05E-1));
#6460=CARTESIAN_POINT('',(6.E-2,-3.75E-1,6.05E-1));
#6461=VERTEX_POINT('',#6459);
#6462=VERTEX_POINT('',#6460);
#6463=CARTESIAN_POINT('',(6.E-2,-3.55E-1,6.25E-1));
#6464=VERTEX_POINT('',#6463);
#6465=CARTESIAN_POINT('',(6.E-2,2.E-2,9.14E-1));
#6466=CARTESIAN_POINT('',(6.E-2,2.E-2,9.65E-1));
#6467=VERTEX_POINT('',#6465);
#6468=VERTEX_POINT('',#6466);
#6469=CARTESIAN_POINT('',(6.E-2,0.E0,9.85E-1));
#6470=VERTEX_POINT('',#6469);
#6471=CARTESIAN_POINT('',(6.E-2,0.E0,1.E0));
#6472=VERTEX_POINT('',#6471);
#6473=CARTESIAN_POINT('',(6.E-2,-3.E-1,3.7E-1));
#6474=CARTESIAN_POINT('',(6.E-2,-3.874637525671E-1,4.039130061611E-1));
#6475=VERTEX_POINT('',#6473);
#6476=VERTEX_POINT('',#6474);
#6477=CARTESIAN_POINT('',(-6.E-2,-3.116321350842E-1,3.4E-1));
#6478=CARTESIAN_POINT('',(-6.E-2,-5.077496438739E-1,3.4E-1));
#6479=VERTEX_POINT('',#6477);
#6480=VERTEX_POINT('',#6478);
#6481=CARTESIAN_POINT('',(6.E-2,-3.116321350842E-1,3.4E-1));
#6482=CARTESIAN_POINT('',(6.E-2,-5.077496438739E-1,3.4E-1));
#6483=VERTEX_POINT('',#6481);
#6484=VERTEX_POINT('',#6482);
#6485=CARTESIAN_POINT('',(-6.E-2,-3.116321350842E-1,-3.4E-1));
#6486=CARTESIAN_POINT('',(-6.E-2,-5.077496438739E-1,-3.4E-1));
#6487=VERTEX_POINT('',#6485);
#6488=VERTEX_POINT('',#6486);
#6489=CARTESIAN_POINT('',(6.E-2,-3.116321350842E-1,-3.4E-1));
#6490=CARTESIAN_POINT('',(6.E-2,-5.077496438739E-1,-3.4E-1));
#6491=VERTEX_POINT('',#6489);
#6492=VERTEX_POINT('',#6490);
#6493=CARTESIAN_POINT('',(-6.E-2,-1.E-1,-8.75E-1));
#6494=CARTESIAN_POINT('',(-6.E-2,-1.E-1,-7.94E-1));
#6495=VERTEX_POINT('',#6493);
#6496=VERTEX_POINT('',#6494);
#6497=CARTESIAN_POINT('',(-6.E-2,-1.E-1,7.94E-1));
#6498=CARTESIAN_POINT('',(-6.E-2,-1.E-1,8.75E-1));
#6499=VERTEX_POINT('',#6497);
#6500=VERTEX_POINT('',#6498);
#6501=CARTESIAN_POINT('',(6.E-2,-1.E-1,-8.75E-1));
#6502=CARTESIAN_POINT('',(6.E-2,-1.E-1,-7.94E-1));
#6503=VERTEX_POINT('',#6501);
#6504=VERTEX_POINT('',#6502);
#6505=CARTESIAN_POINT('',(6.E-2,-1.E-1,7.94E-1));
#6506=CARTESIAN_POINT('',(6.E-2,-1.E-1,8.75E-1));
#6507=VERTEX_POINT('',#6505);
#6508=VERTEX_POINT('',#6506);
#6509=CARTESIAN_POINT('',(-6.E-2,-5.056917857361E-1,-6.4E-1));
#6510=VERTEX_POINT('',#6509);
#6511=CARTESIAN_POINT('',(-6.E-2,-5.056917857361E-1,6.4E-1));
#6512=VERTEX_POINT('',#6511);
#6513=CARTESIAN_POINT('',(6.E-2,-5.056917857361E-1,-6.4E-1));
#6514=VERTEX_POINT('',#6513);
#6515=CARTESIAN_POINT('',(6.E-2,-5.056917857361E-1,6.4E-1));
#6516=VERTEX_POINT('',#6515);
#6517=CARTESIAN_POINT('',(-4.1E-1,-6.1E-2,-1.E0));
#6518=CARTESIAN_POINT('',(-4.1E-1,0.E0,-1.E0));
#6519=VERTEX_POINT('',#6517);
#6520=VERTEX_POINT('',#6518);
#6521=CARTESIAN_POINT('',(-4.1E-1,0.E0,-9.85E-1));
#6522=VERTEX_POINT('',#6521);
#6523=CARTESIAN_POINT('',(-4.1E-1,2.E-2,-9.65E-1));
#6524=VERTEX_POINT('',#6523);
#6525=CARTESIAN_POINT('',(-4.1E-1,2.E-2,-9.14E-1));
#6526=VERTEX_POINT('',#6525);
#6527=CARTESIAN_POINT('',(-4.1E-1,-3.55E-1,-6.25E-1));
#6528=CARTESIAN_POINT('',(-4.1E-1,-3.75E-1,-6.05E-1));
#6529=VERTEX_POINT('',#6527);
#6530=VERTEX_POINT('',#6528);
#6531=CARTESIAN_POINT('',(-4.1E-1,-4.15E-1,-6.05E-1));
#6532=VERTEX_POINT('',#6531);
#6533=CARTESIAN_POINT('',(-4.1E-1,-6.1E-2,-9.14E-1));
#6534=VERTEX_POINT('',#6533);
#6535=CARTESIAN_POINT('',(-4.1E-1,-3.874637525671E-1,-4.039130061611E-1));
#6536=CARTESIAN_POINT('',(-4.1E-1,-3.E-1,-3.7E-1));
#6537=VERTEX_POINT('',#6535);
#6538=VERTEX_POINT('',#6536);
#6539=CARTESIAN_POINT('',(-4.1E-1,-6.1E-2,1.E0));
#6540=CARTESIAN_POINT('',(-4.1E-1,-6.1E-2,9.14E-1));
#6541=VERTEX_POINT('',#6539);
#6542=VERTEX_POINT('',#6540);
#6543=CARTESIAN_POINT('',(-4.1E-1,-4.15E-1,6.05E-1));
#6544=CARTESIAN_POINT('',(-4.1E-1,-3.75E-1,6.05E-1));
#6545=VERTEX_POINT('',#6543);
#6546=VERTEX_POINT('',#6544);
#6547=CARTESIAN_POINT('',(-4.1E-1,-3.55E-1,6.25E-1));
#6548=VERTEX_POINT('',#6547);
#6549=CARTESIAN_POINT('',(-4.1E-1,2.E-2,9.14E-1));
#6550=CARTESIAN_POINT('',(-4.1E-1,2.E-2,9.65E-1));
#6551=VERTEX_POINT('',#6549);
#6552=VERTEX_POINT('',#6550);
#6553=CARTESIAN_POINT('',(-4.1E-1,0.E0,9.85E-1));
#6554=VERTEX_POINT('',#6553);
#6555=CARTESIAN_POINT('',(-4.1E-1,0.E0,1.E0));
#6556=VERTEX_POINT('',#6555);
#6557=CARTESIAN_POINT('',(-4.1E-1,-3.E-1,3.7E-1));
#6558=CARTESIAN_POINT('',(-4.1E-1,-3.874637525671E-1,4.039130061611E-1));
#6559=VERTEX_POINT('',#6557);
#6560=VERTEX_POINT('',#6558);
#6561=CARTESIAN_POINT('',(-2.9E-1,-6.1E-2,-1.E0));
#6562=CARTESIAN_POINT('',(-2.9E-1,0.E0,-1.E0));
#6563=VERTEX_POINT('',#6561);
#6564=VERTEX_POINT('',#6562);
#6565=CARTESIAN_POINT('',(-2.9E-1,0.E0,-9.85E-1));
#6566=VERTEX_POINT('',#6565);
#6567=CARTESIAN_POINT('',(-2.9E-1,2.E-2,-9.65E-1));
#6568=VERTEX_POINT('',#6567);
#6569=CARTESIAN_POINT('',(-2.9E-1,2.E-2,-9.14E-1));
#6570=VERTEX_POINT('',#6569);
#6571=CARTESIAN_POINT('',(-2.9E-1,-3.55E-1,-6.25E-1));
#6572=CARTESIAN_POINT('',(-2.9E-1,-3.75E-1,-6.05E-1));
#6573=VERTEX_POINT('',#6571);
#6574=VERTEX_POINT('',#6572);
#6575=CARTESIAN_POINT('',(-2.9E-1,-4.15E-1,-6.05E-1));
#6576=VERTEX_POINT('',#6575);
#6577=CARTESIAN_POINT('',(-2.9E-1,-6.1E-2,-9.14E-1));
#6578=VERTEX_POINT('',#6577);
#6579=CARTESIAN_POINT('',(-2.9E-1,-3.874637525671E-1,-4.039130061611E-1));
#6580=CARTESIAN_POINT('',(-2.9E-1,-3.E-1,-3.7E-1));
#6581=VERTEX_POINT('',#6579);
#6582=VERTEX_POINT('',#6580);
#6583=CARTESIAN_POINT('',(-2.9E-1,-6.1E-2,1.E0));
#6584=CARTESIAN_POINT('',(-2.9E-1,-6.1E-2,9.14E-1));
#6585=VERTEX_POINT('',#6583);
#6586=VERTEX_POINT('',#6584);
#6587=CARTESIAN_POINT('',(-2.9E-1,-4.15E-1,6.05E-1));
#6588=CARTESIAN_POINT('',(-2.9E-1,-3.75E-1,6.05E-1));
#6589=VERTEX_POINT('',#6587);
#6590=VERTEX_POINT('',#6588);
#6591=CARTESIAN_POINT('',(-2.9E-1,-3.55E-1,6.25E-1));
#6592=VERTEX_POINT('',#6591);
#6593=CARTESIAN_POINT('',(-2.9E-1,2.E-2,9.14E-1));
#6594=CARTESIAN_POINT('',(-2.9E-1,2.E-2,9.65E-1));
#6595=VERTEX_POINT('',#6593);
#6596=VERTEX_POINT('',#6594);
#6597=CARTESIAN_POINT('',(-2.9E-1,0.E0,9.85E-1));
#6598=VERTEX_POINT('',#6597);
#6599=CARTESIAN_POINT('',(-2.9E-1,0.E0,1.E0));
#6600=VERTEX_POINT('',#6599);
#6601=CARTESIAN_POINT('',(-2.9E-1,-3.E-1,3.7E-1));
#6602=CARTESIAN_POINT('',(-2.9E-1,-3.874637525671E-1,4.039130061611E-1));
#6603=VERTEX_POINT('',#6601);
#6604=VERTEX_POINT('',#6602);
#6605=CARTESIAN_POINT('',(-4.1E-1,-3.116321350842E-1,3.4E-1));
#6606=CARTESIAN_POINT('',(-4.1E-1,-5.077496438739E-1,3.4E-1));
#6607=VERTEX_POINT('',#6605);
#6608=VERTEX_POINT('',#6606);
#6609=CARTESIAN_POINT('',(-2.9E-1,-3.116321350842E-1,3.4E-1));
#6610=CARTESIAN_POINT('',(-2.9E-1,-5.077496438739E-1,3.4E-1));
#6611=VERTEX_POINT('',#6609);
#6612=VERTEX_POINT('',#6610);
#6613=CARTESIAN_POINT('',(-4.1E-1,-3.116321350842E-1,-3.4E-1));
#6614=CARTESIAN_POINT('',(-4.1E-1,-5.077496438739E-1,-3.4E-1));
#6615=VERTEX_POINT('',#6613);
#6616=VERTEX_POINT('',#6614);
#6617=CARTESIAN_POINT('',(-2.9E-1,-3.116321350842E-1,-3.4E-1));
#6618=CARTESIAN_POINT('',(-2.9E-1,-5.077496438739E-1,-3.4E-1));
#6619=VERTEX_POINT('',#6617);
#6620=VERTEX_POINT('',#6618);
#6621=CARTESIAN_POINT('',(-4.1E-1,-1.E-1,-8.75E-1));
#6622=CARTESIAN_POINT('',(-4.1E-1,-1.E-1,-7.94E-1));
#6623=VERTEX_POINT('',#6621);
#6624=VERTEX_POINT('',#6622);
#6625=CARTESIAN_POINT('',(-4.1E-1,-1.E-1,7.94E-1));
#6626=CARTESIAN_POINT('',(-4.1E-1,-1.E-1,8.75E-1));
#6627=VERTEX_POINT('',#6625);
#6628=VERTEX_POINT('',#6626);
#6629=CARTESIAN_POINT('',(-2.9E-1,-1.E-1,-8.75E-1));
#6630=CARTESIAN_POINT('',(-2.9E-1,-1.E-1,-7.94E-1));
#6631=VERTEX_POINT('',#6629);
#6632=VERTEX_POINT('',#6630);
#6633=CARTESIAN_POINT('',(-2.9E-1,-1.E-1,7.94E-1));
#6634=CARTESIAN_POINT('',(-2.9E-1,-1.E-1,8.75E-1));
#6635=VERTEX_POINT('',#6633);
#6636=VERTEX_POINT('',#6634);
#6637=CARTESIAN_POINT('',(-4.1E-1,-5.056917857361E-1,-6.4E-1));
#6638=VERTEX_POINT('',#6637);
#6639=CARTESIAN_POINT('',(-4.1E-1,-5.056917857361E-1,6.4E-1));
#6640=VERTEX_POINT('',#6639);
#6641=CARTESIAN_POINT('',(-2.9E-1,-5.056917857361E-1,-6.4E-1));
#6642=VERTEX_POINT('',#6641);
#6643=CARTESIAN_POINT('',(-2.9E-1,-5.056917857361E-1,6.4E-1));
#6644=VERTEX_POINT('',#6643);
#6645=CARTESIAN_POINT('',(-1.21E0,-4.776679840568E-1,-5.9E-1));
#6646=CARTESIAN_POINT('',(-1.21E0,-4.776679840568E-1,5.9E-1));
#6647=VERTEX_POINT('',#6645);
#6648=VERTEX_POINT('',#6646);
#6649=CARTESIAN_POINT('',(-1.5E0,-1.3E-1,-3.5E-1));
#6650=CARTESIAN_POINT('',(-1.59E0,-1.3E-1,-3.5E-1));
#6651=VERTEX_POINT('',#6649);
#6652=VERTEX_POINT('',#6650);
#6653=CARTESIAN_POINT('',(-1.5E0,-1.3E-1,3.5E-1));
#6654=CARTESIAN_POINT('',(-1.59E0,-1.3E-1,3.5E-1));
#6655=VERTEX_POINT('',#6653);
#6656=VERTEX_POINT('',#6654);
#6657=CARTESIAN_POINT('',(-1.21E0,-1.3E-1,-1.9E-1));
#6658=VERTEX_POINT('',#6657);
#6659=CARTESIAN_POINT('',(-1.21E0,-1.3E-1,1.9E-1));
#6660=VERTEX_POINT('',#6659);
#6661=CARTESIAN_POINT('',(-1.295E0,-1.3E-1,-6.3E-1));
#6662=CARTESIAN_POINT('',(-8.1E-1,-1.3E-1,-6.3E-1));
#6663=VERTEX_POINT('',#6661);
#6664=VERTEX_POINT('',#6662);
#6665=CARTESIAN_POINT('',(-8.1E-1,-1.3E-1,-6.4E-1));
#6666=VERTEX_POINT('',#6665);
#6667=CARTESIAN_POINT('',(8.1E-1,-1.3E-1,-6.4E-1));
#6668=VERTEX_POINT('',#6667);
#6669=CARTESIAN_POINT('',(1.295E0,-1.3E-1,6.3E-1));
#6670=CARTESIAN_POINT('',(8.1E-1,-1.3E-1,6.3E-1));
#6671=VERTEX_POINT('',#6669);
#6672=VERTEX_POINT('',#6670);
#6673=CARTESIAN_POINT('',(8.1E-1,-1.3E-1,6.4E-1));
#6674=VERTEX_POINT('',#6673);
#6675=CARTESIAN_POINT('',(-8.1E-1,-1.3E-1,6.4E-1));
#6676=VERTEX_POINT('',#6675);
#6677=CARTESIAN_POINT('',(8.1E-1,-3.8E-1,6.3E-1));
#6678=VERTEX_POINT('',#6677);
#6679=CARTESIAN_POINT('',(-8.1E-1,-3.8E-1,-6.3E-1));
#6680=VERTEX_POINT('',#6679);
#6681=CARTESIAN_POINT('',(-8.1E-1,-4.8E-1,-7.4E-1));
#6682=CARTESIAN_POINT('',(-8.1E-1,-5.4E-1,-8.E-1));
#6683=VERTEX_POINT('',#6681);
#6684=VERTEX_POINT('',#6682);
#6685=CARTESIAN_POINT('',(-8.1E-1,-5.4E-1,8.E-1));
#6686=CARTESIAN_POINT('',(-8.1E-1,-4.8E-1,7.4E-1));
#6687=VERTEX_POINT('',#6685);
#6688=VERTEX_POINT('',#6686);
#6689=CARTESIAN_POINT('',(8.1E-1,-4.8E-1,7.4E-1));
#6690=CARTESIAN_POINT('',(8.1E-1,-5.4E-1,8.E-1));
#6691=VERTEX_POINT('',#6689);
#6692=VERTEX_POINT('',#6690);
#6693=CARTESIAN_POINT('',(8.1E-1,-5.4E-1,-8.E-1));
#6694=CARTESIAN_POINT('',(8.1E-1,-4.8E-1,-7.4E-1));
#6695=VERTEX_POINT('',#6693);
#6696=VERTEX_POINT('',#6694);
#6697=CARTESIAN_POINT('',(2.9E-1,-1.3E-1,6.25E-1));
#6698=CARTESIAN_POINT('',(2.9E-1,-1.3E-1,6.4E-1));
#6699=VERTEX_POINT('',#6697);
#6700=VERTEX_POINT('',#6698);
#6701=CARTESIAN_POINT('',(4.1E-1,-1.3E-1,-6.4E-1));
#6702=CARTESIAN_POINT('',(4.1E-1,-1.3E-1,-6.25E-1));
#6703=VERTEX_POINT('',#6701);
#6704=VERTEX_POINT('',#6702);
#6705=CARTESIAN_POINT('',(4.1E-1,-1.3E-1,6.25E-1));
#6706=CARTESIAN_POINT('',(4.1E-1,-1.3E-1,6.4E-1));
#6707=VERTEX_POINT('',#6705);
#6708=VERTEX_POINT('',#6706);
#6709=CARTESIAN_POINT('',(-6.E-2,-1.3E-1,-6.4E-1));
#6710=CARTESIAN_POINT('',(-6.E-2,-1.3E-1,-6.25E-1));
#6711=VERTEX_POINT('',#6709);
#6712=VERTEX_POINT('',#6710);
#6713=CARTESIAN_POINT('',(-6.E-2,-1.3E-1,6.25E-1));
#6714=CARTESIAN_POINT('',(-6.E-2,-1.3E-1,6.4E-1));
#6715=VERTEX_POINT('',#6713);
#6716=VERTEX_POINT('',#6714);
#6717=CARTESIAN_POINT('',(6.E-2,-1.3E-1,-6.4E-1));
#6718=CARTESIAN_POINT('',(6.E-2,-1.3E-1,-6.25E-1));
#6719=VERTEX_POINT('',#6717);
#6720=VERTEX_POINT('',#6718);
#6721=CARTESIAN_POINT('',(6.E-2,-1.3E-1,6.25E-1));
#6722=CARTESIAN_POINT('',(6.E-2,-1.3E-1,6.4E-1));
#6723=VERTEX_POINT('',#6721);
#6724=VERTEX_POINT('',#6722);
#6725=CARTESIAN_POINT('',(-4.1E-1,-1.3E-1,-6.4E-1));
#6726=CARTESIAN_POINT('',(-4.1E-1,-1.3E-1,-6.25E-1));
#6727=VERTEX_POINT('',#6725);
#6728=VERTEX_POINT('',#6726);
#6729=CARTESIAN_POINT('',(-4.1E-1,-1.3E-1,6.25E-1));
#6730=CARTESIAN_POINT('',(-4.1E-1,-1.3E-1,6.4E-1));
#6731=VERTEX_POINT('',#6729);
#6732=VERTEX_POINT('',#6730);
#6733=CARTESIAN_POINT('',(-2.9E-1,-1.3E-1,-6.4E-1));
#6734=CARTESIAN_POINT('',(-2.9E-1,-1.3E-1,-6.25E-1));
#6735=VERTEX_POINT('',#6733);
#6736=VERTEX_POINT('',#6734);
#6737=CARTESIAN_POINT('',(-2.9E-1,-1.3E-1,6.25E-1));
#6738=CARTESIAN_POINT('',(-2.9E-1,-1.3E-1,6.4E-1));
#6739=VERTEX_POINT('',#6737);
#6740=VERTEX_POINT('',#6738);
#6741=CARTESIAN_POINT('',(-1.295E0,-1.3E-1,-5.9E-1));
#6742=CARTESIAN_POINT('',(-1.21E0,-1.3E-1,-5.9E-1));
#6743=VERTEX_POINT('',#6741);
#6744=VERTEX_POINT('',#6742);
#6745=CARTESIAN_POINT('',(1.21E0,-1.3E-1,-5.9E-1));
#6746=VERTEX_POINT('',#6745);
#6747=CARTESIAN_POINT('',(-1.295E0,-1.3E-1,5.9E-1));
#6748=CARTESIAN_POINT('',(-1.21E0,-1.3E-1,5.9E-1));
#6749=VERTEX_POINT('',#6747);
#6750=VERTEX_POINT('',#6748);
#6751=CARTESIAN_POINT('',(1.21E0,-1.3E-1,5.9E-1));
#6752=VERTEX_POINT('',#6751);
#6753=CARTESIAN_POINT('',(-1.5E0,-1.3E-1,-6.15E-1));
#6754=CARTESIAN_POINT('',(-1.59E0,-1.3E-1,-6.15E-1));
#6755=VERTEX_POINT('',#6753);
#6756=VERTEX_POINT('',#6754);
#6757=CARTESIAN_POINT('',(-1.59E0,-2.5E-1,-6.15E-1));
#6758=VERTEX_POINT('',#6757);
#6759=CARTESIAN_POINT('',(-1.5E0,-1.3E-1,6.15E-1));
#6760=CARTESIAN_POINT('',(-1.59E0,-1.3E-1,6.15E-1));
#6761=VERTEX_POINT('',#6759);
#6762=VERTEX_POINT('',#6760);
#6763=CARTESIAN_POINT('',(-1.59E0,-2.5E-1,6.15E-1));
#6764=VERTEX_POINT('',#6763);
#6765=CARTESIAN_POINT('',(-1.5E0,-2.5E-1,-7.5E-1));
#6766=CARTESIAN_POINT('',(-1.59E0,-2.5E-1,-7.5E-1));
#6767=VERTEX_POINT('',#6765);
#6768=VERTEX_POINT('',#6766);
#6769=CARTESIAN_POINT('',(-1.5E0,-2.5E-1,7.5E-1));
#6770=CARTESIAN_POINT('',(-1.59E0,-2.5E-1,7.5E-1));
#6771=VERTEX_POINT('',#6769);
#6772=VERTEX_POINT('',#6770);
#6773=CARTESIAN_POINT('',(-1.5E0,-5.4E-1,8.8E-1));
#6774=VERTEX_POINT('',#6773);
#6775=CARTESIAN_POINT('',(-1.5E0,-5.4E-1,-8.8E-1));
#6776=VERTEX_POINT('',#6775);
#6777=CARTESIAN_POINT('',(-1.59E0,-5.4E-1,7.5E-1));
#6778=CARTESIAN_POINT('',(-1.59E0,-5.4E-1,-7.5E-1));
#6779=VERTEX_POINT('',#6777);
#6780=VERTEX_POINT('',#6778);
#6781=CARTESIAN_POINT('',(-1.421191602831E0,-5.293655825978E-1,7.5E-1));
#6782=CARTESIAN_POINT('',(-1.295E0,-4.73E-1,6.197377003036E-1));
#6783=VERTEX_POINT('',#6781);
#6784=VERTEX_POINT('',#6782);
#6785=CARTESIAN_POINT('',(-1.266191602831E0,-5.792971553154E-1,5.9E-1));
#6786=CARTESIAN_POINT('',(-1.266191602831E0,-4.601322492645E-1,5.9E-1));
#6787=VERTEX_POINT('',#6785);
#6788=VERTEX_POINT('',#6786);
#6789=CARTESIAN_POINT('',(-1.421191602831E0,-6.496254549171E-1,7.5E-1));
#6790=VERTEX_POINT('',#6789);
#6791=CARTESIAN_POINT('',(-1.295E0,-4.73E-1,5.9E-1));
#6792=VERTEX_POINT('',#6791);
#6793=CARTESIAN_POINT('',(-1.266191602831E0,-4.601322492645E-1,-5.9E-1));
#6794=CARTESIAN_POINT('',(-1.266191602831E0,-5.792971553154E-1,-5.9E-1));
#6795=VERTEX_POINT('',#6793);
#6796=VERTEX_POINT('',#6794);
#6797=CARTESIAN_POINT('',(-1.295E0,-4.73E-1,-6.197377003036E-1));
#6798=CARTESIAN_POINT('',(-1.421191602831E0,-5.293655825978E-1,-7.5E-1));
#6799=VERTEX_POINT('',#6797);
#6800=VERTEX_POINT('',#6798);
#6801=CARTESIAN_POINT('',(-1.421191602831E0,-6.496254549171E-1,-7.5E-1));
#6802=VERTEX_POINT('',#6801);
#6803=CARTESIAN_POINT('',(-1.295E0,-4.73E-1,-5.9E-1));
#6804=VERTEX_POINT('',#6803);
#6805=VERTEX_POINT('',#1329);
#6806=CARTESIAN_POINT('',(-1.281191602831E0,-5.872934389739E-1,
-6.054838709677E-1));
#6807=VERTEX_POINT('',#6806);
#6808=CARTESIAN_POINT('',(-1.59E0,-1.3E-1,-5.95E-1));
#6809=CARTESIAN_POINT('',(-1.51E0,-1.3E-1,-5.95E-1));
#6810=VERTEX_POINT('',#6808);
#6811=VERTEX_POINT('',#6809);
#6812=CARTESIAN_POINT('',(-1.59E0,-1.3E-1,-3.7E-1));
#6813=CARTESIAN_POINT('',(-1.51E0,-1.3E-1,-3.7E-1));
#6814=VERTEX_POINT('',#6812);
#6815=VERTEX_POINT('',#6813);
#6816=CARTESIAN_POINT('',(-1.51E0,-1.3E-1,5.95E-1));
#6817=CARTESIAN_POINT('',(-1.51E0,-1.3E-1,3.7E-1));
#6818=VERTEX_POINT('',#6816);
#6819=VERTEX_POINT('',#6817);
#6820=CARTESIAN_POINT('',(-1.59E0,-1.3E-1,3.7E-1));
#6821=VERTEX_POINT('',#6820);
#6822=CARTESIAN_POINT('',(-1.59E0,-1.3E-1,5.95E-1));
#6823=VERTEX_POINT('',#6822);
#6824=CARTESIAN_POINT('',(1.73E0,-6.E-2,-3.7E-1));
#6825=CARTESIAN_POINT('',(1.73E0,-6.E-2,-5.95E-1));
#6826=VERTEX_POINT('',#6824);
#6827=VERTEX_POINT('',#6825);
#6828=CARTESIAN_POINT('',(1.73E0,-6.E-2,5.95E-1));
#6829=CARTESIAN_POINT('',(1.73E0,-6.E-2,3.7E-1));
#6830=VERTEX_POINT('',#6828);
#6831=VERTEX_POINT('',#6829);
#6832=CARTESIAN_POINT('',(-1.73E0,-6.E-2,-5.95E-1));
#6833=CARTESIAN_POINT('',(-1.73E0,-6.E-2,-3.7E-1));
#6834=VERTEX_POINT('',#6832);
#6835=VERTEX_POINT('',#6833);
#6836=CARTESIAN_POINT('',(-1.73E0,-6.E-2,3.7E-1));
#6837=CARTESIAN_POINT('',(-1.73E0,-6.E-2,5.95E-1));
#6838=VERTEX_POINT('',#6836);
#6839=VERTEX_POINT('',#6837);
#6840=CARTESIAN_POINT('',(-1.59E0,-1.E-1,3.7E-1));
#6841=CARTESIAN_POINT('',(-1.59E0,-1.E-1,5.95E-1));
#6842=VERTEX_POINT('',#6840);
#6843=VERTEX_POINT('',#6841);
#6844=CARTESIAN_POINT('',(-1.63E0,-6.E-2,3.7E-1));
#6845=CARTESIAN_POINT('',(-1.63E0,-6.E-2,5.95E-1));
#6846=VERTEX_POINT('',#6844);
#6847=VERTEX_POINT('',#6845);
#6848=CARTESIAN_POINT('',(-1.59E0,-1.E-1,-5.95E-1));
#6849=CARTESIAN_POINT('',(-1.59E0,-1.E-1,-3.7E-1));
#6850=VERTEX_POINT('',#6848);
#6851=VERTEX_POINT('',#6849);
#6852=CARTESIAN_POINT('',(-1.63E0,-6.E-2,-5.95E-1));
#6853=CARTESIAN_POINT('',(-1.63E0,-6.E-2,-3.7E-1));
#6854=VERTEX_POINT('',#6852);
#6855=VERTEX_POINT('',#6853);
#6856=CARTESIAN_POINT('',(-1.63E0,2.E-2,-5.95E-1));
#6857=CARTESIAN_POINT('',(-1.51E0,-1.E-1,-5.95E-1));
#6858=VERTEX_POINT('',#6856);
#6859=VERTEX_POINT('',#6857);
#6860=CARTESIAN_POINT('',(-1.51E0,-1.E-1,-3.7E-1));
#6861=VERTEX_POINT('',#6860);
#6862=CARTESIAN_POINT('',(-1.63E0,2.E-2,-3.7E-1));
#6863=VERTEX_POINT('',#6862);
#6864=CARTESIAN_POINT('',(-1.63E0,2.E-2,3.7E-1));
#6865=CARTESIAN_POINT('',(-1.51E0,-1.E-1,3.7E-1));
#6866=VERTEX_POINT('',#6864);
#6867=VERTEX_POINT('',#6865);
#6868=CARTESIAN_POINT('',(-1.51E0,-1.E-1,5.95E-1));
#6869=VERTEX_POINT('',#6868);
#6870=CARTESIAN_POINT('',(-1.63E0,2.E-2,5.95E-1));
#6871=VERTEX_POINT('',#6870);
#6872=CARTESIAN_POINT('',(1.63E0,2.E-2,-3.7E-1));
#6873=CARTESIAN_POINT('',(1.51E0,-1.E-1,-3.7E-1));
#6874=VERTEX_POINT('',#6872);
#6875=VERTEX_POINT('',#6873);
#6876=CARTESIAN_POINT('',(1.51E0,-1.E-1,-5.95E-1));
#6877=VERTEX_POINT('',#6876);
#6878=CARTESIAN_POINT('',(1.63E0,2.E-2,-5.95E-1));
#6879=VERTEX_POINT('',#6878);
#6880=CARTESIAN_POINT('',(1.63E0,2.E-2,5.95E-1));
#6881=CARTESIAN_POINT('',(1.51E0,-1.E-1,5.95E-1));
#6882=VERTEX_POINT('',#6880);
#6883=VERTEX_POINT('',#6881);
#6884=CARTESIAN_POINT('',(1.51E0,-1.E-1,3.7E-1));
#6885=VERTEX_POINT('',#6884);
#6886=CARTESIAN_POINT('',(1.63E0,2.E-2,3.7E-1));
#6887=VERTEX_POINT('',#6886);
#6888=CARTESIAN_POINT('',(1.18E0,-3.966037735849E-1,-6.566037735849E-1));
#6889=CARTESIAN_POINT('',(1.308885077187E0,-4.8E-1,-7.4E-1));
#6890=VERTEX_POINT('',#6888);
#6891=VERTEX_POINT('',#6889);
#6892=CARTESIAN_POINT('',(1.35E0,-6.418867924528E-1,-7.666037735849E-1));
#6893=CARTESIAN_POINT('',(1.210909090909E0,-5.858867924528E-1,
-6.766037735849E-1));
#6894=VERTEX_POINT('',#6892);
#6895=VERTEX_POINT('',#6893);
#6896=VERTEX_POINT('',#350);
#6897=CARTESIAN_POINT('',(7.7E-1,-4.380029285193E-1,5.559245686617E-1));
#6898=CARTESIAN_POINT('',(7.7E-1,-3.34E-1,6.059245686617E-1));
#6899=VERTEX_POINT('',#6897);
#6900=VERTEX_POINT('',#6898);
#6901=CARTESIAN_POINT('',(7.7E-1,-5.099626665871E-1,5.714327434188E-1));
#6902=VERTEX_POINT('',#6901);
#6903=CARTESIAN_POINT('',(7.7E-1,-5.189439998807E-1,5.821362796377E-1));
#6904=VERTEX_POINT('',#6903);
#6905=CARTESIAN_POINT('',(7.7E-1,-5.4E-1,6.399871645095E-1));
#6906=VERTEX_POINT('',#6905);
#6907=CARTESIAN_POINT('',(7.7E-1,-5.189439998807E-1,-5.821362796377E-1));
#6908=CARTESIAN_POINT('',(7.7E-1,-5.4E-1,-6.399871645095E-1));
#6909=VERTEX_POINT('',#6907);
#6910=VERTEX_POINT('',#6908);
#6911=CARTESIAN_POINT('',(7.7E-1,-5.099626665871E-1,-5.714327434188E-1));
#6912=VERTEX_POINT('',#6911);
#6913=CARTESIAN_POINT('',(7.7E-1,-4.380029285193E-1,-5.559245686617E-1));
#6914=VERTEX_POINT('',#6913);
#6915=CARTESIAN_POINT('',(7.7E-1,-3.34E-1,-6.059245686617E-1));
#6916=VERTEX_POINT('',#6915);
#6917=CARTESIAN_POINT('',(6.3E-1,-3.34E-1,6.059245686617E-1));
#6918=CARTESIAN_POINT('',(6.3E-1,-4.380029285193E-1,5.559245686617E-1));
#6919=VERTEX_POINT('',#6917);
#6920=VERTEX_POINT('',#6918);
#6921=CARTESIAN_POINT('',(6.3E-1,-5.099626665871E-1,5.714327434188E-1));
#6922=VERTEX_POINT('',#6921);
#6923=CARTESIAN_POINT('',(6.3E-1,-5.189439998807E-1,5.821362796377E-1));
#6924=VERTEX_POINT('',#6923);
#6925=CARTESIAN_POINT('',(6.3E-1,-5.4E-1,6.399871645095E-1));
#6926=VERTEX_POINT('',#6925);
#6927=CARTESIAN_POINT('',(6.3E-1,-5.4E-1,-6.399871645095E-1));
#6928=CARTESIAN_POINT('',(6.3E-1,-5.189439998807E-1,-5.821362796377E-1));
#6929=VERTEX_POINT('',#6927);
#6930=VERTEX_POINT('',#6928);
#6931=CARTESIAN_POINT('',(6.3E-1,-5.099626665871E-1,-5.714327434188E-1));
#6932=VERTEX_POINT('',#6931);
#6933=CARTESIAN_POINT('',(6.3E-1,-4.380029285193E-1,-5.559245686617E-1));
#6934=VERTEX_POINT('',#6933);
#6935=CARTESIAN_POINT('',(6.3E-1,-3.34E-1,-6.059245686617E-1));
#6936=VERTEX_POINT('',#6935);
#6937=CARTESIAN_POINT('',(7.7E-1,-4.4E-1,-8.8E-1));
#6938=CARTESIAN_POINT('',(7.7E-1,-4.4E-1,-6.4E-1));
#6939=VERTEX_POINT('',#6937);
#6940=VERTEX_POINT('',#6938);
#6941=CARTESIAN_POINT('',(7.7E-1,-4.4E-1,6.4E-1));
#6942=CARTESIAN_POINT('',(7.7E-1,-4.4E-1,8.8E-1));
#6943=VERTEX_POINT('',#6941);
#6944=VERTEX_POINT('',#6942);
#6945=CARTESIAN_POINT('',(7.7E-1,-3.503819576157E-1,-6.4E-1));
#6946=VERTEX_POINT('',#6945);
#6947=CARTESIAN_POINT('',(6.3E-1,-3.503819576157E-1,-6.4E-1));
#6948=VERTEX_POINT('',#6947);
#6949=CARTESIAN_POINT('',(7.7E-1,-3.503819576158E-1,6.4E-1));
#6950=VERTEX_POINT('',#6949);
#6951=CARTESIAN_POINT('',(6.3E-1,-3.503819576158E-1,6.4E-1));
#6952=VERTEX_POINT('',#6951);
#6953=CARTESIAN_POINT('',(7.7E-1,-3.76E-1,9.5E-1));
#6954=CARTESIAN_POINT('',(7.85E-1,-3.5E-1,9.5E-1));
#6955=VERTEX_POINT('',#6953);
#6956=VERTEX_POINT('',#6954);
#6957=CARTESIAN_POINT('',(7.85E-1,-2.3E-1,9.5E-1));
#6958=VERTEX_POINT('',#6957);
#6959=CARTESIAN_POINT('',(9.75E-1,-2.3E-1,9.5E-1));
#6960=VERTEX_POINT('',#6959);
#6961=CARTESIAN_POINT('',(9.75E-1,-3.5E-1,9.5E-1));
#6962=VERTEX_POINT('',#6961);
#6963=CARTESIAN_POINT('',(8.85E-1,-3.5E-1,9.5E-1));
#6964=VERTEX_POINT('',#6963);
#6965=CARTESIAN_POINT('',(1.155E0,-2.8E-1,9.5E-1));
#6966=CARTESIAN_POINT('',(1.155E0,-6.E-2,9.5E-1));
#6967=VERTEX_POINT('',#6965);
#6968=VERTEX_POINT('',#6966);
#6969=CARTESIAN_POINT('',(6.8E-1,-6.E-2,9.5E-1));
#6970=VERTEX_POINT('',#6969);
#6971=CARTESIAN_POINT('',(6.3E-1,-1.6E-1,9.5E-1));
#6972=VERTEX_POINT('',#6971);
#6973=CARTESIAN_POINT('',(7.7E-1,-3.76E-1,8.8E-1));
#6974=CARTESIAN_POINT('',(7.85E-1,-3.5E-1,8.8E-1));
#6975=VERTEX_POINT('',#6973);
#6976=VERTEX_POINT('',#6974);
#6977=CARTESIAN_POINT('',(7.85E-1,-2.3E-1,8.8E-1));
#6978=VERTEX_POINT('',#6977);
#6979=CARTESIAN_POINT('',(9.75E-1,-2.3E-1,8.8E-1));
#6980=VERTEX_POINT('',#6979);
#6981=CARTESIAN_POINT('',(9.75E-1,-3.5E-1,8.8E-1));
#6982=VERTEX_POINT('',#6981);
#6983=CARTESIAN_POINT('',(8.85E-1,-3.5E-1,8.8E-1));
#6984=VERTEX_POINT('',#6983);
#6985=CARTESIAN_POINT('',(1.155E0,-2.8E-1,8.8E-1));
#6986=CARTESIAN_POINT('',(1.155E0,-6.E-2,8.8E-1));
#6987=VERTEX_POINT('',#6985);
#6988=VERTEX_POINT('',#6986);
#6989=CARTESIAN_POINT('',(6.8E-1,-6.E-2,8.8E-1));
#6990=VERTEX_POINT('',#6989);
#6991=CARTESIAN_POINT('',(6.3E-1,-1.6E-1,8.8E-1));
#6992=VERTEX_POINT('',#6991);
#6993=CARTESIAN_POINT('',(1.35E0,-5.1E-1,8.8E-1));
#6994=CARTESIAN_POINT('',(1.35E0,-5.1E-1,9.5E-1));
#6995=VERTEX_POINT('',#6993);
#6996=VERTEX_POINT('',#6994);
#6997=CARTESIAN_POINT('',(-6.3E-1,-1.6E-1,-9.5E-1));
#6998=CARTESIAN_POINT('',(-6.8E-1,-6.E-2,-9.5E-1));
#6999=VERTEX_POINT('',#6997);
#7000=VERTEX_POINT('',#6998);
#7001=CARTESIAN_POINT('',(-1.155E0,-6.E-2,-9.5E-1));
#7002=VERTEX_POINT('',#7001);
#7003=CARTESIAN_POINT('',(-1.155E0,-2.8E-1,-9.5E-1));
#7004=VERTEX_POINT('',#7003);
#7005=CARTESIAN_POINT('',(-8.85E-1,-3.5E-1,-9.5E-1));
#7006=CARTESIAN_POINT('',(-9.75E-1,-3.5E-1,-9.5E-1));
#7007=VERTEX_POINT('',#7005);
#7008=VERTEX_POINT('',#7006);
#7009=CARTESIAN_POINT('',(-9.75E-1,-2.3E-1,-9.5E-1));
#7010=VERTEX_POINT('',#7009);
#7011=CARTESIAN_POINT('',(-7.85E-1,-2.3E-1,-9.5E-1));
#7012=VERTEX_POINT('',#7011);
#7013=CARTESIAN_POINT('',(-7.85E-1,-3.5E-1,-9.5E-1));
#7014=VERTEX_POINT('',#7013);
#7015=CARTESIAN_POINT('',(-7.7E-1,-3.76E-1,-9.5E-1));
#7016=VERTEX_POINT('',#7015);
#7017=CARTESIAN_POINT('',(-6.3E-1,-1.6E-1,-8.8E-1));
#7018=VERTEX_POINT('',#7017);
#7019=CARTESIAN_POINT('',(-6.8E-1,-6.E-2,-8.8E-1));
#7020=VERTEX_POINT('',#7019);
#7021=CARTESIAN_POINT('',(-1.155E0,-6.E-2,-8.8E-1));
#7022=VERTEX_POINT('',#7021);
#7023=CARTESIAN_POINT('',(-1.155E0,-2.8E-1,-8.8E-1));
#7024=VERTEX_POINT('',#7023);
#7025=CARTESIAN_POINT('',(-1.35E0,-5.1E-1,-8.8E-1));
#7026=CARTESIAN_POINT('',(-1.35E0,-5.1E-1,-9.5E-1));
#7027=VERTEX_POINT('',#7025);
#7028=VERTEX_POINT('',#7026);
#7029=CARTESIAN_POINT('',(-8.85E-1,-3.5E-1,-8.8E-1));
#7030=VERTEX_POINT('',#7029);
#7031=CARTESIAN_POINT('',(-9.75E-1,-3.5E-1,-8.8E-1));
#7032=VERTEX_POINT('',#7031);
#7033=CARTESIAN_POINT('',(-9.75E-1,-2.3E-1,-8.8E-1));
#7034=VERTEX_POINT('',#7033);
#7035=CARTESIAN_POINT('',(-7.85E-1,-2.3E-1,-8.8E-1));
#7036=VERTEX_POINT('',#7035);
#7037=CARTESIAN_POINT('',(-7.85E-1,-3.5E-1,-8.8E-1));
#7038=VERTEX_POINT('',#7037);
#7039=CARTESIAN_POINT('',(-7.7E-1,-3.76E-1,-8.8E-1));
#7040=VERTEX_POINT('',#7039);
#7041=CARTESIAN_POINT('',(7.7E-1,-3.76E-1,-9.5E-1));
#7042=CARTESIAN_POINT('',(7.85E-1,-3.5E-1,-9.5E-1));
#7043=VERTEX_POINT('',#7041);
#7044=VERTEX_POINT('',#7042);
#7045=CARTESIAN_POINT('',(7.85E-1,-2.3E-1,-9.5E-1));
#7046=VERTEX_POINT('',#7045);
#7047=CARTESIAN_POINT('',(9.75E-1,-2.3E-1,-9.5E-1));
#7048=VERTEX_POINT('',#7047);
#7049=CARTESIAN_POINT('',(9.75E-1,-3.5E-1,-9.5E-1));
#7050=VERTEX_POINT('',#7049);
#7051=CARTESIAN_POINT('',(8.85E-1,-3.5E-1,-9.5E-1));
#7052=VERTEX_POINT('',#7051);
#7053=CARTESIAN_POINT('',(1.155E0,-2.8E-1,-9.5E-1));
#7054=CARTESIAN_POINT('',(1.155E0,-6.E-2,-9.5E-1));
#7055=VERTEX_POINT('',#7053);
#7056=VERTEX_POINT('',#7054);
#7057=CARTESIAN_POINT('',(6.8E-1,-6.E-2,-9.5E-1));
#7058=VERTEX_POINT('',#7057);
#7059=CARTESIAN_POINT('',(6.3E-1,-1.6E-1,-9.5E-1));
#7060=VERTEX_POINT('',#7059);
#7061=CARTESIAN_POINT('',(7.7E-1,-3.76E-1,-8.8E-1));
#7062=VERTEX_POINT('',#7061);
#7063=CARTESIAN_POINT('',(7.85E-1,-3.5E-1,-8.8E-1));
#7064=VERTEX_POINT('',#7063);
#7065=CARTESIAN_POINT('',(7.85E-1,-2.3E-1,-8.8E-1));
#7066=VERTEX_POINT('',#7065);
#7067=CARTESIAN_POINT('',(9.75E-1,-2.3E-1,-8.8E-1));
#7068=VERTEX_POINT('',#7067);
#7069=CARTESIAN_POINT('',(9.75E-1,-3.5E-1,-8.8E-1));
#7070=VERTEX_POINT('',#7069);
#7071=CARTESIAN_POINT('',(8.85E-1,-3.5E-1,-8.8E-1));
#7072=VERTEX_POINT('',#7071);
#7073=CARTESIAN_POINT('',(1.35E0,-5.1E-1,-8.8E-1));
#7074=CARTESIAN_POINT('',(1.35E0,-5.1E-1,-9.5E-1));
#7075=VERTEX_POINT('',#7073);
#7076=VERTEX_POINT('',#7074);
#7077=CARTESIAN_POINT('',(1.155E0,-2.8E-1,-8.8E-1));
#7078=VERTEX_POINT('',#7077);
#7079=CARTESIAN_POINT('',(1.155E0,-6.E-2,-8.8E-1));
#7080=VERTEX_POINT('',#7079);
#7081=CARTESIAN_POINT('',(6.8E-1,-6.E-2,-8.8E-1));
#7082=VERTEX_POINT('',#7081);
#7083=CARTESIAN_POINT('',(6.3E-1,-1.6E-1,-8.8E-1));
#7084=VERTEX_POINT('',#7083);
#7085=CARTESIAN_POINT('',(8.85E-1,-4.84E-1,-6.2E-1));
#7086=CARTESIAN_POINT('',(8.85E-1,-3.6E-1,-6.2E-1));
#7087=VERTEX_POINT('',#7085);
#7088=VERTEX_POINT('',#7086);
#7089=CARTESIAN_POINT('',(8.85E-1,-6.418867924528E-1,-7.666037735849E-1));
#7090=CARTESIAN_POINT('',(8.85E-1,-5.858867924528E-1,-6.766037735849E-1));
#7091=VERTEX_POINT('',#7089);
#7092=VERTEX_POINT('',#7090);
#7093=CARTESIAN_POINT('',(8.85E-1,-4.84E-1,6.2E-1));
#7094=CARTESIAN_POINT('',(8.85E-1,-5.858867924528E-1,6.766037735849E-1));
#7095=VERTEX_POINT('',#7093);
#7096=VERTEX_POINT('',#7094);
#7097=CARTESIAN_POINT('',(8.85E-1,-6.418867924528E-1,7.666037735849E-1));
#7098=VERTEX_POINT('',#7097);
#7099=CARTESIAN_POINT('',(8.85E-1,-3.6E-1,6.2E-1));
#7100=VERTEX_POINT('',#7099);
#7101=CARTESIAN_POINT('',(1.18E0,-4.84E-1,-6.2E-1));
#7102=CARTESIAN_POINT('',(1.18E0,-3.6E-1,-6.2E-1));
#7103=VERTEX_POINT('',#7101);
#7104=VERTEX_POINT('',#7102);
#7105=CARTESIAN_POINT('',(1.18E0,-3.6E-1,6.2E-1));
#7106=CARTESIAN_POINT('',(1.18E0,-4.84E-1,6.2E-1));
#7107=VERTEX_POINT('',#7105);
#7108=VERTEX_POINT('',#7106);
#7109=CARTESIAN_POINT('',(8.85E-1,-5.4E-1,8.E-1));
#7110=CARTESIAN_POINT('',(8.85E-1,-5.4E-1,8.8E-1));
#7111=VERTEX_POINT('',#7109);
#7112=VERTEX_POINT('',#7110);
#7113=CARTESIAN_POINT('',(8.85E-1,-3.6E-1,7.4E-1));
#7114=CARTESIAN_POINT('',(8.85E-1,-4.8E-1,7.4E-1));
#7115=VERTEX_POINT('',#7113);
#7116=VERTEX_POINT('',#7114);
#7117=CARTESIAN_POINT('',(8.85E-1,-3.6E-1,-7.4E-1));
#7118=CARTESIAN_POINT('',(8.85E-1,-4.8E-1,-7.4E-1));
#7119=VERTEX_POINT('',#7117);
#7120=VERTEX_POINT('',#7118);
#7121=CARTESIAN_POINT('',(8.85E-1,-5.4E-1,-8.E-1));
#7122=VERTEX_POINT('',#7121);
#7123=CARTESIAN_POINT('',(8.85E-1,-5.4E-1,9.5E-1));
#7124=VERTEX_POINT('',#7123);
#7125=CARTESIAN_POINT('',(8.85E-1,-5.4E-1,-9.5E-1));
#7126=VERTEX_POINT('',#7125);
#7127=CARTESIAN_POINT('',(8.85E-1,-5.4E-1,-8.8E-1));
#7128=VERTEX_POINT('',#7127);
#7129=CARTESIAN_POINT('',(1.18E0,-3.6E-1,-7.4E-1));
#7130=VERTEX_POINT('',#7129);
#7131=CARTESIAN_POINT('',(1.18E0,-3.6E-1,7.4E-1));
#7132=VERTEX_POINT('',#7131);
#7133=CARTESIAN_POINT('',(6.3E-1,-4.4E-1,-8.8E-1));
#7134=CARTESIAN_POINT('',(6.3E-1,-4.4E-1,-6.4E-1));
#7135=VERTEX_POINT('',#7133);
#7136=VERTEX_POINT('',#7134);
#7137=CARTESIAN_POINT('',(6.3E-1,-4.4E-1,6.4E-1));
#7138=CARTESIAN_POINT('',(6.3E-1,-4.4E-1,8.8E-1));
#7139=VERTEX_POINT('',#7137);
#7140=VERTEX_POINT('',#7138);
#7141=CARTESIAN_POINT('',(1.35E0,-5.4E-1,8.8E-1));
#7142=CARTESIAN_POINT('',(1.35E0,-5.4E-1,8.E-1));
#7143=VERTEX_POINT('',#7141);
#7144=VERTEX_POINT('',#7142);
#7145=CARTESIAN_POINT('',(1.35E0,-5.4E-1,-8.E-1));
#7146=CARTESIAN_POINT('',(1.35E0,-5.4E-1,-8.8E-1));
#7147=VERTEX_POINT('',#7145);
#7148=VERTEX_POINT('',#7146);
#7149=CARTESIAN_POINT('',(1.35E0,-5.4E-1,9.5E-1));
#7150=VERTEX_POINT('',#7149);
#7151=CARTESIAN_POINT('',(1.35E0,-5.4E-1,-9.5E-1));
#7152=VERTEX_POINT('',#7151);
#7153=CARTESIAN_POINT('',(1.35E0,-5.066037735849E-1,-7.666037735849E-1));
#7154=VERTEX_POINT('',#7153);
#7155=CARTESIAN_POINT('',(1.18E0,-4.8E-1,-7.4E-1));
#7156=VERTEX_POINT('',#7155);
#7157=CARTESIAN_POINT('',(1.35E0,-5.066037735849E-1,7.666037735849E-1));
#7158=CARTESIAN_POINT('',(1.308885077187E0,-4.8E-1,7.4E-1));
#7159=VERTEX_POINT('',#7157);
#7160=VERTEX_POINT('',#7158);
#7161=CARTESIAN_POINT('',(1.18E0,-5.702848156962E-1,6.566037735849E-1));
#7162=CARTESIAN_POINT('',(1.18E0,-3.966037735849E-1,6.566037735849E-1));
#7163=VERTEX_POINT('',#7161);
#7164=VERTEX_POINT('',#7162);
#7165=CARTESIAN_POINT('',(1.35E0,-6.418867924528E-1,7.666037735849E-1));
#7166=VERTEX_POINT('',#7165);
#7167=CARTESIAN_POINT('',(1.18E0,-4.8E-1,7.4E-1));
#7168=VERTEX_POINT('',#7167);
#7169=VERTEX_POINT('',#2748);
#7170=CARTESIAN_POINT('',(1.5E0,-2.8E-1,-8.8E-1));
#7171=CARTESIAN_POINT('',(1.5E0,-2.8E-1,-7.5E-1));
#7172=VERTEX_POINT('',#7170);
#7173=VERTEX_POINT('',#7171);
#7174=CARTESIAN_POINT('',(1.5E0,-2.8E-1,7.5E-1));
#7175=CARTESIAN_POINT('',(1.5E0,-2.8E-1,8.8E-1));
#7176=VERTEX_POINT('',#7174);
#7177=VERTEX_POINT('',#7175);
#7178=CARTESIAN_POINT('',(1.5E0,-5.1E-1,-8.8E-1));
#7179=CARTESIAN_POINT('',(1.5E0,-5.1E-1,-7.5E-1));
#7180=VERTEX_POINT('',#7178);
#7181=VERTEX_POINT('',#7179);
#7182=CARTESIAN_POINT('',(1.5E0,-5.1E-1,7.5E-1));
#7183=CARTESIAN_POINT('',(1.5E0,-5.1E-1,8.8E-1));
#7184=VERTEX_POINT('',#7182);
#7185=VERTEX_POINT('',#7183);
#7186=CARTESIAN_POINT('',(1.59E0,-2.8E-1,-7.5E-1));
#7187=VERTEX_POINT('',#7186);
#7188=CARTESIAN_POINT('',(1.59E0,-5.1E-1,-7.5E-1));
#7189=VERTEX_POINT('',#7188);
#7190=CARTESIAN_POINT('',(1.59E0,-2.8E-1,7.5E-1));
#7191=VERTEX_POINT('',#7190);
#7192=CARTESIAN_POINT('',(1.59E0,-5.1E-1,7.5E-1));
#7193=VERTEX_POINT('',#7192);
#7194=CARTESIAN_POINT('',(-7.7E-1,-3.34E-1,6.059245686617E-1));
#7195=CARTESIAN_POINT('',(-7.7E-1,-4.380029285193E-1,5.559245686617E-1));
#7196=VERTEX_POINT('',#7194);
#7197=VERTEX_POINT('',#7195);
#7198=CARTESIAN_POINT('',(-7.7E-1,-5.099626665871E-1,5.714327434188E-1));
#7199=VERTEX_POINT('',#7198);
#7200=CARTESIAN_POINT('',(-7.7E-1,-5.189439998807E-1,5.821362796377E-1));
#7201=VERTEX_POINT('',#7200);
#7202=CARTESIAN_POINT('',(-7.7E-1,-5.4E-1,6.399871645095E-1));
#7203=VERTEX_POINT('',#7202);
#7204=CARTESIAN_POINT('',(-7.7E-1,-5.4E-1,-6.399871645095E-1));
#7205=CARTESIAN_POINT('',(-7.7E-1,-5.189439998807E-1,-5.821362796377E-1));
#7206=VERTEX_POINT('',#7204);
#7207=VERTEX_POINT('',#7205);
#7208=CARTESIAN_POINT('',(-7.7E-1,-5.099626665871E-1,-5.714327434188E-1));
#7209=VERTEX_POINT('',#7208);
#7210=CARTESIAN_POINT('',(-7.7E-1,-4.380029285193E-1,-5.559245686617E-1));
#7211=VERTEX_POINT('',#7210);
#7212=CARTESIAN_POINT('',(-7.7E-1,-3.34E-1,-6.059245686617E-1));
#7213=VERTEX_POINT('',#7212);
#7214=CARTESIAN_POINT('',(-6.3E-1,-3.34E-1,6.059245686617E-1));
#7215=CARTESIAN_POINT('',(-6.3E-1,-4.380029285193E-1,5.559245686617E-1));
#7216=VERTEX_POINT('',#7214);
#7217=VERTEX_POINT('',#7215);
#7218=CARTESIAN_POINT('',(-6.3E-1,-5.099626665871E-1,5.714327434188E-1));
#7219=VERTEX_POINT('',#7218);
#7220=CARTESIAN_POINT('',(-6.3E-1,-5.189439998807E-1,5.821362796377E-1));
#7221=VERTEX_POINT('',#7220);
#7222=CARTESIAN_POINT('',(-6.3E-1,-5.4E-1,6.399871645095E-1));
#7223=VERTEX_POINT('',#7222);
#7224=CARTESIAN_POINT('',(-6.3E-1,-5.4E-1,-6.399871645095E-1));
#7225=CARTESIAN_POINT('',(-6.3E-1,-5.189439998807E-1,-5.821362796377E-1));
#7226=VERTEX_POINT('',#7224);
#7227=VERTEX_POINT('',#7225);
#7228=CARTESIAN_POINT('',(-6.3E-1,-5.099626665871E-1,-5.714327434188E-1));
#7229=VERTEX_POINT('',#7228);
#7230=CARTESIAN_POINT('',(-6.3E-1,-4.380029285193E-1,-5.559245686617E-1));
#7231=VERTEX_POINT('',#7230);
#7232=CARTESIAN_POINT('',(-6.3E-1,-3.34E-1,-6.059245686617E-1));
#7233=VERTEX_POINT('',#7232);
#7234=CARTESIAN_POINT('',(-7.7E-1,-3.503819576158E-1,6.4E-1));
#7235=VERTEX_POINT('',#7234);
#7236=CARTESIAN_POINT('',(-7.7E-1,-3.503819576157E-1,-6.4E-1));
#7237=VERTEX_POINT('',#7236);
#7238=CARTESIAN_POINT('',(-6.3E-1,-3.503819576158E-1,6.4E-1));
#7239=VERTEX_POINT('',#7238);
#7240=CARTESIAN_POINT('',(-6.3E-1,-3.503819576157E-1,-6.4E-1));
#7241=VERTEX_POINT('',#7240);
#7242=CARTESIAN_POINT('',(-8.85E-1,-4.84E-1,-6.2E-1));
#7243=CARTESIAN_POINT('',(-8.85E-1,-3.6E-1,-6.2E-1));
#7244=VERTEX_POINT('',#7242);
#7245=VERTEX_POINT('',#7243);
#7246=CARTESIAN_POINT('',(-8.85E-1,-6.418867924528E-1,-7.666037735849E-1));
#7247=CARTESIAN_POINT('',(-8.85E-1,-5.858867924528E-1,-6.766037735849E-1));
#7248=VERTEX_POINT('',#7246);
#7249=VERTEX_POINT('',#7247);
#7250=CARTESIAN_POINT('',(-8.85E-1,-4.84E-1,6.2E-1));
#7251=CARTESIAN_POINT('',(-8.85E-1,-5.858867924528E-1,6.766037735849E-1));
#7252=VERTEX_POINT('',#7250);
#7253=VERTEX_POINT('',#7251);
#7254=CARTESIAN_POINT('',(-8.85E-1,-6.418867924528E-1,7.666037735849E-1));
#7255=VERTEX_POINT('',#7254);
#7256=CARTESIAN_POINT('',(-8.85E-1,-3.6E-1,6.2E-1));
#7257=VERTEX_POINT('',#7256);
#7258=CARTESIAN_POINT('',(-1.18E0,-4.84E-1,-6.2E-1));
#7259=CARTESIAN_POINT('',(-1.18E0,-3.6E-1,-6.2E-1));
#7260=VERTEX_POINT('',#7258);
#7261=VERTEX_POINT('',#7259);
#7262=CARTESIAN_POINT('',(-1.18E0,-3.6E-1,6.2E-1));
#7263=CARTESIAN_POINT('',(-1.18E0,-4.84E-1,6.2E-1));
#7264=VERTEX_POINT('',#7262);
#7265=VERTEX_POINT('',#7263);
#7266=CARTESIAN_POINT('',(-8.85E-1,-5.4E-1,-9.5E-1));
#7267=VERTEX_POINT('',#7266);
#7268=CARTESIAN_POINT('',(-8.85E-1,-5.4E-1,9.5E-1));
#7269=VERTEX_POINT('',#7268);
#7270=CARTESIAN_POINT('',(-1.18E0,-3.6E-1,-7.4E-1));
#7271=VERTEX_POINT('',#7270);
#7272=CARTESIAN_POINT('',(-1.18E0,-3.6E-1,7.4E-1));
#7273=VERTEX_POINT('',#7272);
#7274=CARTESIAN_POINT('',(-8.85E-1,-3.6E-1,-7.4E-1));
#7275=VERTEX_POINT('',#7274);
#7276=CARTESIAN_POINT('',(-8.85E-1,-3.6E-1,7.4E-1));
#7277=VERTEX_POINT('',#7276);
#7278=CARTESIAN_POINT('',(-7.7E-1,-4.4E-1,-8.8E-1));
#7279=CARTESIAN_POINT('',(-7.7E-1,-4.4E-1,-6.4E-1));
#7280=VERTEX_POINT('',#7278);
#7281=VERTEX_POINT('',#7279);
#7282=CARTESIAN_POINT('',(-7.7E-1,-4.4E-1,6.4E-1));
#7283=CARTESIAN_POINT('',(-7.7E-1,-4.4E-1,8.8E-1));
#7284=VERTEX_POINT('',#7282);
#7285=VERTEX_POINT('',#7283);
#7286=CARTESIAN_POINT('',(-6.3E-1,-4.4E-1,-8.8E-1));
#7287=CARTESIAN_POINT('',(-6.3E-1,-4.4E-1,-6.4E-1));
#7288=VERTEX_POINT('',#7286);
#7289=VERTEX_POINT('',#7287);
#7290=CARTESIAN_POINT('',(-6.3E-1,-4.4E-1,6.4E-1));
#7291=CARTESIAN_POINT('',(-6.3E-1,-4.4E-1,8.8E-1));
#7292=VERTEX_POINT('',#7290);
#7293=VERTEX_POINT('',#7291);
#7294=CARTESIAN_POINT('',(-8.85E-1,-5.4E-1,8.8E-1));
#7295=CARTESIAN_POINT('',(-8.85E-1,-5.4E-1,8.E-1));
#7296=VERTEX_POINT('',#7294);
#7297=VERTEX_POINT('',#7295);
#7298=CARTESIAN_POINT('',(-8.85E-1,-5.4E-1,-8.E-1));
#7299=CARTESIAN_POINT('',(-8.85E-1,-5.4E-1,-8.8E-1));
#7300=VERTEX_POINT('',#7298);
#7301=VERTEX_POINT('',#7299);
#7302=CARTESIAN_POINT('',(-8.85E-1,-4.8E-1,7.4E-1));
#7303=VERTEX_POINT('',#7302);
#7304=CARTESIAN_POINT('',(-8.85E-1,-4.8E-1,-7.4E-1));
#7305=VERTEX_POINT('',#7304);
#7306=CARTESIAN_POINT('',(-1.35E0,-5.4E-1,8.8E-1));
#7307=CARTESIAN_POINT('',(-1.35E0,-5.4E-1,8.E-1));
#7308=VERTEX_POINT('',#7306);
#7309=VERTEX_POINT('',#7307);
#7310=CARTESIAN_POINT('',(-1.35E0,-5.4E-1,-8.E-1));
#7311=CARTESIAN_POINT('',(-1.35E0,-5.4E-1,-8.8E-1));
#7312=VERTEX_POINT('',#7310);
#7313=VERTEX_POINT('',#7311);
#7314=CARTESIAN_POINT('',(-1.35E0,-5.4E-1,9.5E-1));
#7315=VERTEX_POINT('',#7314);
#7316=CARTESIAN_POINT('',(-1.35E0,-5.4E-1,-9.5E-1));
#7317=VERTEX_POINT('',#7316);
#7318=CARTESIAN_POINT('',(-1.5E0,-2.8E-1,8.8E-1));
#7319=CARTESIAN_POINT('',(-1.5E0,-2.8E-1,7.5E-1));
#7320=VERTEX_POINT('',#7318);
#7321=VERTEX_POINT('',#7319);
#7322=CARTESIAN_POINT('',(-1.5E0,-2.8E-1,-7.5E-1));
#7323=CARTESIAN_POINT('',(-1.5E0,-2.8E-1,-8.8E-1));
#7324=VERTEX_POINT('',#7322);
#7325=VERTEX_POINT('',#7323);
#7326=CARTESIAN_POINT('',(-1.5E0,-5.1E-1,8.8E-1));
#7327=CARTESIAN_POINT('',(-1.5E0,-5.1E-1,7.5E-1));
#7328=VERTEX_POINT('',#7326);
#7329=VERTEX_POINT('',#7327);
#7330=CARTESIAN_POINT('',(-1.5E0,-5.1E-1,-7.5E-1));
#7331=CARTESIAN_POINT('',(-1.5E0,-5.1E-1,-8.8E-1));
#7332=VERTEX_POINT('',#7330);
#7333=VERTEX_POINT('',#7331);
#7334=CARTESIAN_POINT('',(-1.59E0,-2.8E-1,-7.5E-1));
#7335=VERTEX_POINT('',#7334);
#7336=CARTESIAN_POINT('',(-1.59E0,-5.1E-1,-7.5E-1));
#7337=VERTEX_POINT('',#7336);
#7338=CARTESIAN_POINT('',(-1.59E0,-2.8E-1,7.5E-1));
#7339=VERTEX_POINT('',#7338);
#7340=CARTESIAN_POINT('',(-1.59E0,-5.1E-1,7.5E-1));
#7341=VERTEX_POINT('',#7340);
#7342=CARTESIAN_POINT('',(-1.18E0,-3.966037735849E-1,6.566037735849E-1));
#7343=CARTESIAN_POINT('',(-1.18E0,-5.702848156962E-1,6.566037735849E-1));
#7344=VERTEX_POINT('',#7342);
#7345=VERTEX_POINT('',#7343);
#7346=CARTESIAN_POINT('',(-1.308885077187E0,-4.8E-1,7.4E-1));
#7347=CARTESIAN_POINT('',(-1.35E0,-5.066037735849E-1,7.666037735849E-1));
#7348=VERTEX_POINT('',#7346);
#7349=VERTEX_POINT('',#7347);
#7350=CARTESIAN_POINT('',(-1.35E0,-6.418867924528E-1,7.666037735849E-1));
#7351=VERTEX_POINT('',#7350);
#7352=CARTESIAN_POINT('',(-1.18E0,-4.8E-1,7.4E-1));
#7353=VERTEX_POINT('',#7352);
#7354=CARTESIAN_POINT('',(-1.35E0,-5.066037735849E-1,-7.666037735849E-1));
#7355=CARTESIAN_POINT('',(-1.308885077187E0,-4.8E-1,-7.4E-1));
#7356=VERTEX_POINT('',#7354);
#7357=VERTEX_POINT('',#7355);
#7358=CARTESIAN_POINT('',(-1.18E0,-5.702848156962E-1,-6.566037735849E-1));
#7359=CARTESIAN_POINT('',(-1.18E0,-3.966037735849E-1,-6.566037735849E-1));
#7360=VERTEX_POINT('',#7358);
#7361=VERTEX_POINT('',#7359);
#7362=CARTESIAN_POINT('',(-1.35E0,-6.418867924528E-1,-7.666037735849E-1));
#7363=VERTEX_POINT('',#7362);
#7364=CARTESIAN_POINT('',(-1.18E0,-4.8E-1,-7.4E-1));
#7365=VERTEX_POINT('',#7364);
#7366=CARTESIAN_POINT('',(-1.210909090909E0,-5.858867924528E-1,
6.766037735849E-1));
#7367=VERTEX_POINT('',#7366);
#7368=VERTEX_POINT('',#3228);
#7369=CARTESIAN_POINT('',(-7.7E-1,-4.2E-1,-9.5E-1));
#7370=CARTESIAN_POINT('',(-7.7E-1,-5.4E-1,-8.3E-1));
#7371=VERTEX_POINT('',#7369);
#7372=VERTEX_POINT('',#7370);
#7373=CARTESIAN_POINT('',(-6.3E-1,-5.4E-1,-8.3E-1));
#7374=VERTEX_POINT('',#7373);
#7375=CARTESIAN_POINT('',(-6.3E-1,-4.2E-1,-9.5E-1));
#7376=VERTEX_POINT('',#7375);
#7377=CARTESIAN_POINT('',(-6.3E-1,-4.2E-1,9.5E-1));
#7378=CARTESIAN_POINT('',(-6.3E-1,-5.4E-1,8.3E-1));
#7379=VERTEX_POINT('',#7377);
#7380=VERTEX_POINT('',#7378);
#7381=CARTESIAN_POINT('',(-7.7E-1,-5.4E-1,8.3E-1));
#7382=VERTEX_POINT('',#7381);
#7383=CARTESIAN_POINT('',(-7.7E-1,-4.2E-1,9.5E-1));
#7384=VERTEX_POINT('',#7383);
#7385=CARTESIAN_POINT('',(6.3E-1,-4.2E-1,-9.5E-1));
#7386=CARTESIAN_POINT('',(6.3E-1,-5.4E-1,-8.3E-1));
#7387=VERTEX_POINT('',#7385);
#7388=VERTEX_POINT('',#7386);
#7389=CARTESIAN_POINT('',(7.7E-1,-5.4E-1,-8.3E-1));
#7390=VERTEX_POINT('',#7389);
#7391=CARTESIAN_POINT('',(7.7E-1,-4.2E-1,-9.5E-1));
#7392=VERTEX_POINT('',#7391);
#7393=CARTESIAN_POINT('',(7.7E-1,-4.2E-1,9.5E-1));
#7394=CARTESIAN_POINT('',(7.7E-1,-5.4E-1,8.3E-1));
#7395=VERTEX_POINT('',#7393);
#7396=VERTEX_POINT('',#7394);
#7397=CARTESIAN_POINT('',(6.3E-1,-5.4E-1,8.3E-1));
#7398=VERTEX_POINT('',#7397);
#7399=CARTESIAN_POINT('',(6.3E-1,-4.2E-1,9.5E-1));
#7400=VERTEX_POINT('',#7399);
#7401=CARTESIAN_POINT('',(1.47E0,-5.1E-1,-9.5E-1));
#7402=CARTESIAN_POINT('',(1.59E0,-5.1E-1,-8.3E-1));
#7403=VERTEX_POINT('',#7401);
#7404=VERTEX_POINT('',#7402);
#7405=CARTESIAN_POINT('',(1.59E0,-2.8E-1,-8.3E-1));
#7406=VERTEX_POINT('',#7405);
#7407=CARTESIAN_POINT('',(1.47E0,-2.8E-1,-9.5E-1));
#7408=VERTEX_POINT('',#7407);
#7409=CARTESIAN_POINT('',(1.47E0,-2.8E-1,9.5E-1));
#7410=CARTESIAN_POINT('',(1.59E0,-2.8E-1,8.3E-1));
#7411=VERTEX_POINT('',#7409);
#7412=VERTEX_POINT('',#7410);
#7413=CARTESIAN_POINT('',(1.59E0,-5.1E-1,8.3E-1));
#7414=VERTEX_POINT('',#7413);
#7415=CARTESIAN_POINT('',(1.47E0,-5.1E-1,9.5E-1));
#7416=VERTEX_POINT('',#7415);
#7417=CARTESIAN_POINT('',(-1.47E0,-5.1E-1,9.5E-1));
#7418=CARTESIAN_POINT('',(-1.59E0,-5.1E-1,8.3E-1));
#7419=VERTEX_POINT('',#7417);
#7420=VERTEX_POINT('',#7418);
#7421=CARTESIAN_POINT('',(-1.59E0,-2.8E-1,8.3E-1));
#7422=VERTEX_POINT('',#7421);
#7423=CARTESIAN_POINT('',(-1.47E0,-2.8E-1,9.5E-1));
#7424=VERTEX_POINT('',#7423);
#7425=CARTESIAN_POINT('',(-1.47E0,-2.8E-1,-9.5E-1));
#7426=CARTESIAN_POINT('',(-1.59E0,-2.8E-1,-8.3E-1));
#7427=VERTEX_POINT('',#7425);
#7428=VERTEX_POINT('',#7426);
#7429=CARTESIAN_POINT('',(-1.59E0,-5.1E-1,-8.3E-1));
#7430=VERTEX_POINT('',#7429);
#7431=CARTESIAN_POINT('',(-1.47E0,-5.1E-1,-9.5E-1));
#7432=VERTEX_POINT('',#7431);
#7433=CARTESIAN_POINT('',(-5.5E-1,-1.E-1,-8.8E-1));
#7434=CARTESIAN_POINT('',(-5.5E-1,-1.E-1,-7.6E-1));
#7435=VERTEX_POINT('',#7433);
#7436=VERTEX_POINT('',#7434);
#7437=CARTESIAN_POINT('',(5.5E-1,-1.E-1,-7.6E-1));
#7438=VERTEX_POINT('',#7437);
#7439=CARTESIAN_POINT('',(5.5E-1,-1.E-1,-8.8E-1));
#7440=VERTEX_POINT('',#7439);
#7441=CARTESIAN_POINT('',(-5.5E-1,0.E0,-8.8E-1));
#7442=CARTESIAN_POINT('',(-5.5E-1,0.E0,-7.6E-1));
#7443=VERTEX_POINT('',#7441);
#7444=VERTEX_POINT('',#7442);
#7445=CARTESIAN_POINT('',(5.5E-1,0.E0,-7.6E-1));
#7446=VERTEX_POINT('',#7445);
#7447=CARTESIAN_POINT('',(5.5E-1,0.E0,-8.8E-1));
#7448=VERTEX_POINT('',#7447);
#7449=CARTESIAN_POINT('',(1.69E0,2.E-2,-5.95E-1));
#7450=CARTESIAN_POINT('',(1.71E0,0.E0,-5.95E-1));
#7451=VERTEX_POINT('',#7449);
#7452=VERTEX_POINT('',#7450);
#7453=CARTESIAN_POINT('',(1.73E0,0.E0,-5.95E-1));
#7454=VERTEX_POINT('',#7453);
#7455=CARTESIAN_POINT('',(1.69E0,2.E-2,-3.7E-1));
#7456=CARTESIAN_POINT('',(1.71E0,0.E0,-3.7E-1));
#7457=VERTEX_POINT('',#7455);
#7458=VERTEX_POINT('',#7456);
#7459=CARTESIAN_POINT('',(1.73E0,0.E0,-3.7E-1));
#7460=VERTEX_POINT('',#7459);
#7461=CARTESIAN_POINT('',(1.69E0,2.E-2,3.7E-1));
#7462=CARTESIAN_POINT('',(1.71E0,0.E0,3.7E-1));
#7463=VERTEX_POINT('',#7461);
#7464=VERTEX_POINT('',#7462);
#7465=CARTESIAN_POINT('',(1.73E0,0.E0,3.7E-1));
#7466=VERTEX_POINT('',#7465);
#7467=CARTESIAN_POINT('',(1.69E0,2.E-2,5.95E-1));
#7468=CARTESIAN_POINT('',(1.71E0,0.E0,5.95E-1));
#7469=VERTEX_POINT('',#7467);
#7470=VERTEX_POINT('',#7468);
#7471=CARTESIAN_POINT('',(1.73E0,0.E0,5.95E-1));
#7472=VERTEX_POINT('',#7471);
#7473=CARTESIAN_POINT('',(-1.69E0,2.E-2,-5.95E-1));
#7474=CARTESIAN_POINT('',(-1.69E0,2.E-2,-3.7E-1));
#7475=VERTEX_POINT('',#7473);
#7476=VERTEX_POINT('',#7474);
#7477=CARTESIAN_POINT('',(-1.69E0,2.E-2,3.7E-1));
#7478=CARTESIAN_POINT('',(-1.69E0,2.E-2,5.95E-1));
#7479=VERTEX_POINT('',#7477);
#7480=VERTEX_POINT('',#7478);
#7481=CARTESIAN_POINT('',(-1.73E0,0.E0,-5.95E-1));
#7482=CARTESIAN_POINT('',(-1.71E0,0.E0,-5.95E-1));
#7483=VERTEX_POINT('',#7481);
#7484=VERTEX_POINT('',#7482);
#7485=CARTESIAN_POINT('',(-1.73E0,0.E0,-3.7E-1));
#7486=CARTESIAN_POINT('',(-1.71E0,0.E0,-3.7E-1));
#7487=VERTEX_POINT('',#7485);
#7488=VERTEX_POINT('',#7486);
#7489=CARTESIAN_POINT('',(-1.73E0,0.E0,3.7E-1));
#7490=CARTESIAN_POINT('',(-1.71E0,0.E0,3.7E-1));
#7491=VERTEX_POINT('',#7489);
#7492=VERTEX_POINT('',#7490);
#7493=CARTESIAN_POINT('',(-1.73E0,0.E0,5.95E-1));
#7494=CARTESIAN_POINT('',(-1.71E0,0.E0,5.95E-1));
#7495=VERTEX_POINT('',#7493);
#7496=VERTEX_POINT('',#7494);
#7497=CARTESIAN_POINT('',(0.E0,0.E0,0.E0));
#7498=DIRECTION('',(0.E0,1.E0,0.E0));
#7499=DIRECTION('',(1.E0,0.E0,0.E0));
#7500=AXIS2_PLACEMENT_3D('',#7497,#7498,#7499);
#7501=PLANE('',#7500);
#7503=ORIENTED_EDGE('',*,*,#7502,.F.);
#7505=ORIENTED_EDGE('',*,*,#7504,.T.);
#7507=ORIENTED_EDGE('',*,*,#7506,.T.);
#7509=ORIENTED_EDGE('',*,*,#7508,.T.);
#7511=ORIENTED_EDGE('',*,*,#7510,.F.);
#7513=ORIENTED_EDGE('',*,*,#7512,.F.);
#7515=ORIENTED_EDGE('',*,*,#7514,.F.);
#7517=ORIENTED_EDGE('',*,*,#7516,.F.);
#7519=ORIENTED_EDGE('',*,*,#7518,.T.);
#7521=ORIENTED_EDGE('',*,*,#7520,.T.);
#7523=ORIENTED_EDGE('',*,*,#7522,.T.);
#7525=ORIENTED_EDGE('',*,*,#7524,.F.);
#7527=ORIENTED_EDGE('',*,*,#7526,.F.);
#7529=ORIENTED_EDGE('',*,*,#7528,.T.);
#7531=ORIENTED_EDGE('',*,*,#7530,.T.);
#7533=ORIENTED_EDGE('',*,*,#7532,.F.);
#7535=ORIENTED_EDGE('',*,*,#7534,.F.);
#7537=ORIENTED_EDGE('',*,*,#7536,.F.);
#7539=ORIENTED_EDGE('',*,*,#7538,.F.);
#7541=ORIENTED_EDGE('',*,*,#7540,.T.);
#7543=ORIENTED_EDGE('',*,*,#7542,.F.);
#7545=ORIENTED_EDGE('',*,*,#7544,.T.);
#7547=ORIENTED_EDGE('',*,*,#7546,.T.);
#7549=ORIENTED_EDGE('',*,*,#7548,.T.);
#7551=ORIENTED_EDGE('',*,*,#7550,.F.);
#7553=ORIENTED_EDGE('',*,*,#7552,.F.);
#7555=ORIENTED_EDGE('',*,*,#7554,.F.);
#7557=ORIENTED_EDGE('',*,*,#7556,.F.);
#7559=ORIENTED_EDGE('',*,*,#7558,.T.);
#7561=ORIENTED_EDGE('',*,*,#7560,.T.);
#7563=ORIENTED_EDGE('',*,*,#7562,.T.);
#7565=ORIENTED_EDGE('',*,*,#7564,.F.);
#7567=ORIENTED_EDGE('',*,*,#7566,.F.);
#7569=ORIENTED_EDGE('',*,*,#7568,.T.);
#7571=ORIENTED_EDGE('',*,*,#7570,.T.);
#7573=ORIENTED_EDGE('',*,*,#7572,.F.);
#7575=ORIENTED_EDGE('',*,*,#7574,.F.);
#7577=ORIENTED_EDGE('',*,*,#7576,.F.);
#7579=ORIENTED_EDGE('',*,*,#7578,.F.);
#7581=ORIENTED_EDGE('',*,*,#7580,.T.);
#7582=EDGE_LOOP('',(#7503,#7505,#7507,#7509,#7511,#7513,#7515,#7517,#7519,#7521,
#7523,#7525,#7527,#7529,#7531,#7533,#7535,#7537,#7539,#7541,#7543,#7545,#7547,
#7549,#7551,#7553,#7555,#7557,#7559,#7561,#7563,#7565,#7567,#7569,#7571,#7573,
#7575,#7577,#7579,#7581));
#7583=FACE_OUTER_BOUND('',#7582,.F.);
#7584=ADVANCED_FACE('',(#7583),#7501,.T.);
#7585=CARTESIAN_POINT('',(1.235E0,0.E0,8.8E-1));
#7586=DIRECTION('',(0.E0,0.E0,-1.E0));
#7587=DIRECTION('',(-1.E0,0.E0,0.E0));
#7588=AXIS2_PLACEMENT_3D('',#7585,#7586,#7587);
#7589=PLANE('',#7588);
#7591=ORIENTED_EDGE('',*,*,#7590,.F.);
#7593=ORIENTED_EDGE('',*,*,#7592,.T.);
#7595=ORIENTED_EDGE('',*,*,#7594,.T.);
#7597=ORIENTED_EDGE('',*,*,#7596,.F.);
#7599=ORIENTED_EDGE('',*,*,#7598,.T.);
#7601=ORIENTED_EDGE('',*,*,#7600,.T.);
#7603=ORIENTED_EDGE('',*,*,#7602,.T.);
#7605=ORIENTED_EDGE('',*,*,#7604,.T.);
#7607=ORIENTED_EDGE('',*,*,#7606,.T.);
#7609=ORIENTED_EDGE('',*,*,#7608,.T.);
#7610=EDGE_LOOP('',(#7591,#7593,#7595,#7597,#7599,#7601,#7603,#7605,#7607,
#7609));
#7611=FACE_OUTER_BOUND('',#7610,.F.);
#7612=ADVANCED_FACE('',(#7611),#7589,.F.);
#7613=CARTESIAN_POINT('',(1.235E0,0.E0,8.8E-1));
#7614=DIRECTION('',(0.E0,0.E0,-1.E0));
#7615=DIRECTION('',(-1.E0,0.E0,0.E0));
#7616=AXIS2_PLACEMENT_3D('',#7613,#7614,#7615);
#7617=PLANE('',#7616);
#7619=ORIENTED_EDGE('',*,*,#7618,.F.);
#7621=ORIENTED_EDGE('',*,*,#7620,.T.);
#7623=ORIENTED_EDGE('',*,*,#7622,.T.);
#7625=ORIENTED_EDGE('',*,*,#7624,.F.);
#7626=EDGE_LOOP('',(#7619,#7621,#7623,#7625));
#7627=FACE_OUTER_BOUND('',#7626,.F.);
#7628=ADVANCED_FACE('',(#7627),#7617,.F.);
#7629=CARTESIAN_POINT('',(1.235E0,0.E0,8.8E-1));
#7630=DIRECTION('',(0.E0,0.E0,-1.E0));
#7631=DIRECTION('',(-1.E0,0.E0,0.E0));
#7632=AXIS2_PLACEMENT_3D('',#7629,#7630,#7631);
#7633=PLANE('',#7632);
#7635=ORIENTED_EDGE('',*,*,#7634,.F.);
#7637=ORIENTED_EDGE('',*,*,#7636,.T.);
#7639=ORIENTED_EDGE('',*,*,#7638,.T.);
#7641=ORIENTED_EDGE('',*,*,#7640,.T.);
#7643=ORIENTED_EDGE('',*,*,#7642,.T.);
#7645=ORIENTED_EDGE('',*,*,#7644,.F.);
#7647=ORIENTED_EDGE('',*,*,#7646,.F.);
#7649=ORIENTED_EDGE('',*,*,#7648,.F.);
#7651=ORIENTED_EDGE('',*,*,#7650,.T.);
#7653=ORIENTED_EDGE('',*,*,#7652,.F.);
#7654=ORIENTED_EDGE('',*,*,#7502,.T.);
#7656=ORIENTED_EDGE('',*,*,#7655,.T.);
#7658=ORIENTED_EDGE('',*,*,#7657,.T.);
#7659=EDGE_LOOP('',(#7635,#7637,#7639,#7641,#7643,#7645,#7647,#7649,#7651,#7653,
#7654,#7656,#7658));
#7660=FACE_OUTER_BOUND('',#7659,.F.);
#7661=ADVANCED_FACE('',(#7660),#7633,.F.);
#7662=CARTESIAN_POINT('',(8.85E-1,-3.5E-1,8.8E-1));
#7663=DIRECTION('',(-1.E0,0.E0,0.E0));
#7664=DIRECTION('',(0.E0,-1.E0,0.E0));
#7665=AXIS2_PLACEMENT_3D('',#7662,#7663,#7664);
#7666=PLANE('',#7665);
#7668=ORIENTED_EDGE('',*,*,#7667,.F.);
#7670=ORIENTED_EDGE('',*,*,#7669,.F.);
#7672=ORIENTED_EDGE('',*,*,#7671,.F.);
#7674=ORIENTED_EDGE('',*,*,#7673,.F.);
#7676=ORIENTED_EDGE('',*,*,#7675,.F.);
#7678=ORIENTED_EDGE('',*,*,#7677,.F.);
#7680=ORIENTED_EDGE('',*,*,#7679,.F.);
#7682=ORIENTED_EDGE('',*,*,#7681,.F.);
#7684=ORIENTED_EDGE('',*,*,#7683,.F.);
#7686=ORIENTED_EDGE('',*,*,#7685,.F.);
#7688=ORIENTED_EDGE('',*,*,#7687,.F.);
#7689=EDGE_LOOP('',(#7668,#7670,#7672,#7674,#7676,#7678,#7680,#7682,#7684,#7686,
#7688));
#7690=FACE_OUTER_BOUND('',#7689,.F.);
#7691=ADVANCED_FACE('',(#7690),#7666,.T.);
#7692=CARTESIAN_POINT('',(8.85E-1,-3.5E-1,8.8E-1));
#7693=DIRECTION('',(-1.E0,0.E0,0.E0));
#7694=DIRECTION('',(0.E0,-1.E0,0.E0));
#7695=AXIS2_PLACEMENT_3D('',#7692,#7693,#7694);
#7696=PLANE('',#7695);
#7698=ORIENTED_EDGE('',*,*,#7697,.T.);
#7700=ORIENTED_EDGE('',*,*,#7699,.F.);
#7702=ORIENTED_EDGE('',*,*,#7701,.F.);
#7704=ORIENTED_EDGE('',*,*,#7703,.F.);
#7706=ORIENTED_EDGE('',*,*,#7705,.F.);
#7708=ORIENTED_EDGE('',*,*,#7707,.F.);
#7710=ORIENTED_EDGE('',*,*,#7709,.T.);
#7712=ORIENTED_EDGE('',*,*,#7711,.T.);
#7714=ORIENTED_EDGE('',*,*,#7713,.T.);
#7715=ORIENTED_EDGE('',*,*,#7590,.T.);
#7717=ORIENTED_EDGE('',*,*,#7716,.T.);
#7718=EDGE_LOOP('',(#7698,#7700,#7702,#7704,#7706,#7708,#7710,#7712,#7714,#7715,
#7717));
#7719=FACE_OUTER_BOUND('',#7718,.F.);
#7720=ADVANCED_FACE('',(#7719),#7696,.T.);
#7721=CARTESIAN_POINT('',(8.85E-1,-5.4E-1,-8.3E-1));
#7722=DIRECTION('',(-1.E0,0.E0,0.E0));
#7723=DIRECTION('',(0.E0,0.E0,-1.E0));
#7724=AXIS2_PLACEMENT_3D('',#7721,#7722,#7723);
#7725=CYLINDRICAL_SURFACE('',#7724,1.2E-1);
#7727=ORIENTED_EDGE('',*,*,#7726,.F.);
#7729=ORIENTED_EDGE('',*,*,#7728,.F.);
#7731=ORIENTED_EDGE('',*,*,#7730,.T.);
#7732=ORIENTED_EDGE('',*,*,#7667,.T.);
#7733=EDGE_LOOP('',(#7727,#7729,#7731,#7732));
#7734=FACE_OUTER_BOUND('',#7733,.F.);
#7735=ADVANCED_FACE('',(#7734),#7725,.T.);
#7736=CARTESIAN_POINT('',(8.85E-1,-6.418867924528E-1,-7.666037735849E-1));
#7737=DIRECTION('',(0.E0,-8.490566037736E-1,5.283018867925E-1));
#7738=DIRECTION('',(0.E0,5.283018867925E-1,8.490566037736E-1));
#7739=AXIS2_PLACEMENT_3D('',#7736,#7737,#7738);
#7740=PLANE('',#7739);
#7742=ORIENTED_EDGE('',*,*,#7741,.F.);
#7744=ORIENTED_EDGE('',*,*,#7743,.F.);
#7745=ORIENTED_EDGE('',*,*,#7726,.T.);
#7746=ORIENTED_EDGE('',*,*,#7687,.T.);
#7747=EDGE_LOOP('',(#7742,#7744,#7745,#7746));
#7748=FACE_OUTER_BOUND('',#7747,.F.);
#7749=ADVANCED_FACE('',(#7748),#7740,.T.);
#7750=CARTESIAN_POINT('',(8.85E-1,-4.84E-1,-7.4E-1));
#7751=DIRECTION('',(-1.E0,0.E0,0.E0));
#7752=DIRECTION('',(0.E0,0.E0,-1.E0));
#7753=AXIS2_PLACEMENT_3D('',#7750,#7751,#7752);
#7754=CYLINDRICAL_SURFACE('',#7753,1.2E-1);
#7756=ORIENTED_EDGE('',*,*,#7755,.T.);
#7758=ORIENTED_EDGE('',*,*,#7757,.F.);
#7759=ORIENTED_EDGE('',*,*,#7741,.T.);
#7760=ORIENTED_EDGE('',*,*,#7685,.T.);
#7762=ORIENTED_EDGE('',*,*,#7761,.F.);
#7763=EDGE_LOOP('',(#7756,#7758,#7759,#7760,#7762));
#7764=FACE_OUTER_BOUND('',#7763,.F.);
#7765=ADVANCED_FACE('',(#7764),#7754,.T.);
#7766=CARTESIAN_POINT('',(1.18E0,0.E0,-8.8E-1));
#7767=DIRECTION('',(-1.E0,0.E0,0.E0));
#7768=DIRECTION('',(0.E0,0.E0,-1.E0));
#7769=AXIS2_PLACEMENT_3D('',#7766,#7767,#7768);
#7770=PLANE('',#7769);
#7772=ORIENTED_EDGE('',*,*,#7771,.T.);
#7773=ORIENTED_EDGE('',*,*,#7755,.F.);
#7775=ORIENTED_EDGE('',*,*,#7774,.T.);
#7777=ORIENTED_EDGE('',*,*,#7776,.F.);
#7779=ORIENTED_EDGE('',*,*,#7778,.F.);
#7781=ORIENTED_EDGE('',*,*,#7780,.F.);
#7782=EDGE_LOOP('',(#7772,#7773,#7775,#7777,#7779,#7781));
#7783=FACE_OUTER_BOUND('',#7782,.F.);
#7784=ADVANCED_FACE('',(#7783),#7770,.F.);
#7785=CARTESIAN_POINT('',(1.18E0,0.E0,-8.8E-1));
#7786=DIRECTION('',(-1.E0,0.E0,0.E0));
#7787=DIRECTION('',(0.E0,0.E0,-1.E0));
#7788=AXIS2_PLACEMENT_3D('',#7785,#7786,#7787);
#7789=PLANE('',#7788);
#7791=ORIENTED_EDGE('',*,*,#7790,.T.);
#7793=ORIENTED_EDGE('',*,*,#7792,.T.);
#7795=ORIENTED_EDGE('',*,*,#7794,.T.);
#7797=ORIENTED_EDGE('',*,*,#7796,.F.);
#7799=ORIENTED_EDGE('',*,*,#7798,.T.);
#7801=ORIENTED_EDGE('',*,*,#7800,.F.);
#7802=EDGE_LOOP('',(#7791,#7793,#7795,#7797,#7799,#7801));
#7803=FACE_OUTER_BOUND('',#7802,.F.);
#7804=ADVANCED_FACE('',(#7803),#7789,.F.);
#7805=CARTESIAN_POINT('',(1.265E0,-5.384442946405E-1,-7.116037735849E-1));
#7806=DIRECTION('',(5.432512781573E-1,0.E0,8.395701571522E-1));
#7807=DIRECTION('',(-8.395701571522E-1,0.E0,5.432512781573E-1));
#7808=AXIS2_PLACEMENT_3D('',#7805,#7806,#7807);
#7809=PLANE('',#7808);
#7811=ORIENTED_EDGE('',*,*,#7810,.T.);
#7813=ORIENTED_EDGE('',*,*,#7812,.T.);
#7815=ORIENTED_EDGE('',*,*,#7814,.T.);
#7816=ORIENTED_EDGE('',*,*,#7743,.T.);
#7817=ORIENTED_EDGE('',*,*,#7757,.T.);
#7818=ORIENTED_EDGE('',*,*,#7771,.F.);
#7819=EDGE_LOOP('',(#7811,#7813,#7815,#7816,#7817,#7818));
#7820=FACE_OUTER_BOUND('',#7819,.F.);
#7821=ADVANCED_FACE('',(#7820),#7809,.T.);
#7822=CARTESIAN_POINT('',(1.0525E0,-5.1E-1,-7.7E-1));
#7823=DIRECTION('',(0.E0,-7.071067811865E-1,7.071067811865E-1));
#7824=DIRECTION('',(0.E0,7.071067811865E-1,7.071067811865E-1));
#7825=AXIS2_PLACEMENT_3D('',#7822,#7823,#7824);
#7826=PLANE('',#7825);
#7827=ORIENTED_EDGE('',*,*,#7810,.F.);
#7828=ORIENTED_EDGE('',*,*,#7780,.T.);
#7830=ORIENTED_EDGE('',*,*,#7829,.F.);
#7831=EDGE_LOOP('',(#7827,#7828,#7830));
#7832=FACE_OUTER_BOUND('',#7831,.F.);
#7833=ADVANCED_FACE('',(#7832),#7826,.F.);
#7834=CARTESIAN_POINT('',(0.E0,-1.3E-1,-7.4E-1));
#7835=DIRECTION('',(0.E0,0.E0,-1.E0));
#7836=DIRECTION('',(1.E0,0.E0,0.E0));
#7837=AXIS2_PLACEMENT_3D('',#7834,#7835,#7836);
#7838=PLANE('',#7837);
#7839=ORIENTED_EDGE('',*,*,#7679,.T.);
#7841=ORIENTED_EDGE('',*,*,#7840,.T.);
#7843=ORIENTED_EDGE('',*,*,#7842,.T.);
#7845=ORIENTED_EDGE('',*,*,#7844,.T.);
#7847=ORIENTED_EDGE('',*,*,#7846,.T.);
#7849=ORIENTED_EDGE('',*,*,#7848,.T.);
#7850=EDGE_LOOP('',(#7839,#7841,#7843,#7845,#7847,#7849));
#7851=FACE_OUTER_BOUND('',#7850,.F.);
#7852=ADVANCED_FACE('',(#7851),#7838,.F.);
#7853=CARTESIAN_POINT('',(0.E0,-1.3E-1,-7.4E-1));
#7854=DIRECTION('',(0.E0,0.E0,-1.E0));
#7855=DIRECTION('',(1.E0,0.E0,0.E0));
#7856=AXIS2_PLACEMENT_3D('',#7853,#7854,#7855);
#7857=PLANE('',#7856);
#7859=ORIENTED_EDGE('',*,*,#7858,.T.);
#7861=ORIENTED_EDGE('',*,*,#7860,.T.);
#7863=ORIENTED_EDGE('',*,*,#7862,.T.);
#7865=ORIENTED_EDGE('',*,*,#7864,.T.);
#7867=ORIENTED_EDGE('',*,*,#7866,.F.);
#7869=ORIENTED_EDGE('',*,*,#7868,.T.);
#7870=EDGE_LOOP('',(#7859,#7861,#7863,#7865,#7867,#7869));
#7871=FACE_OUTER_BOUND('',#7870,.F.);
#7872=ADVANCED_FACE('',(#7871),#7857,.F.);
#7873=CARTESIAN_POINT('',(0.E0,-1.3E-1,-7.4E-1));
#7874=DIRECTION('',(0.E0,0.E0,-1.E0));
#7875=DIRECTION('',(1.E0,0.E0,0.E0));
#7876=AXIS2_PLACEMENT_3D('',#7873,#7874,#7875);
#7877=PLANE('',#7876);
#7878=ORIENTED_EDGE('',*,*,#7829,.T.);
#7879=ORIENTED_EDGE('',*,*,#7778,.T.);
#7881=ORIENTED_EDGE('',*,*,#7880,.T.);
#7883=ORIENTED_EDGE('',*,*,#7882,.T.);
#7885=ORIENTED_EDGE('',*,*,#7884,.T.);
#7887=ORIENTED_EDGE('',*,*,#7886,.T.);
#7889=ORIENTED_EDGE('',*,*,#7888,.F.);
#7891=ORIENTED_EDGE('',*,*,#7890,.T.);
#7892=EDGE_LOOP('',(#7878,#7879,#7881,#7883,#7885,#7887,#7889,#7891));
#7893=FACE_OUTER_BOUND('',#7892,.F.);
#7894=ADVANCED_FACE('',(#7893),#7877,.F.);
#7895=CARTESIAN_POINT('',(0.E0,-1.3E-1,-7.4E-1));
#7896=DIRECTION('',(0.E0,0.E0,-1.E0));
#7897=DIRECTION('',(1.E0,0.E0,0.E0));
#7898=AXIS2_PLACEMENT_3D('',#7895,#7896,#7897);
#7899=PLANE('',#7898);
#7901=ORIENTED_EDGE('',*,*,#7900,.T.);
#7903=ORIENTED_EDGE('',*,*,#7902,.T.);
#7905=ORIENTED_EDGE('',*,*,#7904,.F.);
#7907=ORIENTED_EDGE('',*,*,#7906,.T.);
#7909=ORIENTED_EDGE('',*,*,#7908,.T.);
#7911=ORIENTED_EDGE('',*,*,#7910,.T.);
#7913=ORIENTED_EDGE('',*,*,#7912,.F.);
#7915=ORIENTED_EDGE('',*,*,#7914,.F.);
#7916=EDGE_LOOP('',(#7901,#7903,#7905,#7907,#7909,#7911,#7913,#7915));
#7917=FACE_OUTER_BOUND('',#7916,.F.);
#7918=ADVANCED_FACE('',(#7917),#7899,.F.);
#7919=CARTESIAN_POINT('',(1.0525E0,-5.1E-1,-7.7E-1));
#7920=DIRECTION('',(0.E0,-7.071067811865E-1,7.071067811865E-1));
#7921=DIRECTION('',(0.E0,7.071067811865E-1,7.071067811865E-1));
#7922=AXIS2_PLACEMENT_3D('',#7919,#7920,#7921);
#7923=PLANE('',#7922);
#7924=ORIENTED_EDGE('',*,*,#7677,.T.);
#7926=ORIENTED_EDGE('',*,*,#7925,.T.);
#7928=ORIENTED_EDGE('',*,*,#7927,.T.);
#7929=ORIENTED_EDGE('',*,*,#7840,.F.);
#7930=EDGE_LOOP('',(#7924,#7926,#7928,#7929));
#7931=FACE_OUTER_BOUND('',#7930,.F.);
#7932=ADVANCED_FACE('',(#7931),#7923,.T.);
#7933=CARTESIAN_POINT('',(1.0525E0,-5.1E-1,-7.7E-1));
#7934=DIRECTION('',(0.E0,-7.071067811865E-1,7.071067811865E-1));
#7935=DIRECTION('',(0.E0,7.071067811865E-1,7.071067811865E-1));
#7936=AXIS2_PLACEMENT_3D('',#7933,#7934,#7935);
#7937=PLANE('',#7936);
#7938=ORIENTED_EDGE('',*,*,#7812,.F.);
#7939=ORIENTED_EDGE('',*,*,#7890,.F.);
#7941=ORIENTED_EDGE('',*,*,#7940,.T.);
#7943=ORIENTED_EDGE('',*,*,#7942,.T.);
#7945=ORIENTED_EDGE('',*,*,#7944,.T.);
#7946=EDGE_LOOP('',(#7938,#7939,#7941,#7943,#7945));
#7947=FACE_OUTER_BOUND('',#7946,.F.);
#7948=ADVANCED_FACE('',(#7947),#7937,.T.);
#7949=CARTESIAN_POINT('',(0.E0,-5.4E-1,0.E0));
#7950=DIRECTION('',(0.E0,1.E0,0.E0));
#7951=DIRECTION('',(1.E0,0.E0,0.E0));
#7952=AXIS2_PLACEMENT_3D('',#7949,#7950,#7951);
#7953=PLANE('',#7952);
#7954=ORIENTED_EDGE('',*,*,#7713,.F.);
#7956=ORIENTED_EDGE('',*,*,#7955,.F.);
#7958=ORIENTED_EDGE('',*,*,#7957,.F.);
#7959=ORIENTED_EDGE('',*,*,#7592,.F.);
#7960=EDGE_LOOP('',(#7954,#7956,#7958,#7959));
#7961=FACE_OUTER_BOUND('',#7960,.F.);
#7962=ADVANCED_FACE('',(#7961),#7953,.F.);
#7963=CARTESIAN_POINT('',(0.E0,-5.4E-1,0.E0));
#7964=DIRECTION('',(0.E0,1.E0,0.E0));
#7965=DIRECTION('',(1.E0,0.E0,0.E0));
#7966=AXIS2_PLACEMENT_3D('',#7963,#7964,#7965);
#7967=PLANE('',#7966);
#7968=ORIENTED_EDGE('',*,*,#7925,.F.);
#7969=ORIENTED_EDGE('',*,*,#7675,.T.);
#7971=ORIENTED_EDGE('',*,*,#7970,.F.);
#7973=ORIENTED_EDGE('',*,*,#7972,.F.);
#7974=EDGE_LOOP('',(#7968,#7969,#7971,#7973));
#7975=FACE_OUTER_BOUND('',#7974,.F.);
#7976=ADVANCED_FACE('',(#7975),#7967,.F.);
#7977=CARTESIAN_POINT('',(0.E0,-5.4E-1,0.E0));
#7978=DIRECTION('',(0.E0,1.E0,0.E0));
#7979=DIRECTION('',(1.E0,0.E0,0.E0));
#7980=AXIS2_PLACEMENT_3D('',#7977,#7978,#7979);
#7981=PLANE('',#7980);
#7983=ORIENTED_EDGE('',*,*,#7982,.F.);
#7984=ORIENTED_EDGE('',*,*,#7620,.F.);
#7986=ORIENTED_EDGE('',*,*,#7985,.F.);
#7988=ORIENTED_EDGE('',*,*,#7987,.F.);
#7990=ORIENTED_EDGE('',*,*,#7989,.T.);
#7992=ORIENTED_EDGE('',*,*,#7991,.F.);
#7993=EDGE_LOOP('',(#7983,#7984,#7986,#7988,#7990,#7992));
#7994=FACE_OUTER_BOUND('',#7993,.F.);
#7995=ADVANCED_FACE('',(#7994),#7981,.F.);
#7996=CARTESIAN_POINT('',(0.E0,-5.4E-1,0.E0));
#7997=DIRECTION('',(0.E0,1.E0,0.E0));
#7998=DIRECTION('',(1.E0,0.E0,0.E0));
#7999=AXIS2_PLACEMENT_3D('',#7996,#7997,#7998);
#8000=PLANE('',#7999);
#8002=ORIENTED_EDGE('',*,*,#8001,.F.);
#8003=ORIENTED_EDGE('',*,*,#7942,.F.);
#8005=ORIENTED_EDGE('',*,*,#8004,.T.);
#8007=ORIENTED_EDGE('',*,*,#8006,.T.);
#8009=ORIENTED_EDGE('',*,*,#8008,.F.);
#8011=ORIENTED_EDGE('',*,*,#8010,.F.);
#8012=EDGE_LOOP('',(#8002,#8003,#8005,#8007,#8009,#8011));
#8013=FACE_OUTER_BOUND('',#8012,.F.);
#8014=ADVANCED_FACE('',(#8013),#8000,.F.);
#8015=CARTESIAN_POINT('',(0.E0,-5.4E-1,0.E0));
#8016=DIRECTION('',(0.E0,1.E0,0.E0));
#8017=DIRECTION('',(1.E0,0.E0,0.E0));
#8018=AXIS2_PLACEMENT_3D('',#8015,#8016,#8017);
#8019=PLANE('',#8018);
#8021=ORIENTED_EDGE('',*,*,#8020,.F.);
#8023=ORIENTED_EDGE('',*,*,#8022,.F.);
#8025=ORIENTED_EDGE('',*,*,#8024,.F.);
#8027=ORIENTED_EDGE('',*,*,#8026,.F.);
#8028=EDGE_LOOP('',(#8021,#8023,#8025,#8027));
#8029=FACE_OUTER_BOUND('',#8028,.F.);
#8030=ADVANCED_FACE('',(#8029),#8019,.F.);
#8031=CARTESIAN_POINT('',(0.E0,-5.4E-1,0.E0));
#8032=DIRECTION('',(0.E0,1.E0,0.E0));
#8033=DIRECTION('',(1.E0,0.E0,0.E0));
#8034=AXIS2_PLACEMENT_3D('',#8031,#8032,#8033);
#8035=PLANE('',#8034);
#8037=ORIENTED_EDGE('',*,*,#8036,.F.);
#8039=ORIENTED_EDGE('',*,*,#8038,.F.);
#8041=ORIENTED_EDGE('',*,*,#8040,.F.);
#8043=ORIENTED_EDGE('',*,*,#8042,.F.);
#8044=EDGE_LOOP('',(#8037,#8039,#8041,#8043));
#8045=FACE_OUTER_BOUND('',#8044,.F.);
#8046=ADVANCED_FACE('',(#8045),#8035,.F.);
#8047=CARTESIAN_POINT('',(0.E0,-5.4E-1,0.E0));
#8048=DIRECTION('',(0.E0,1.E0,0.E0));
#8049=DIRECTION('',(1.E0,0.E0,0.E0));
#8050=AXIS2_PLACEMENT_3D('',#8047,#8048,#8049);
#8051=PLANE('',#8050);
#8053=ORIENTED_EDGE('',*,*,#8052,.T.);
#8055=ORIENTED_EDGE('',*,*,#8054,.F.);
#8057=ORIENTED_EDGE('',*,*,#8056,.T.);
#8059=ORIENTED_EDGE('',*,*,#8058,.T.);
#8061=ORIENTED_EDGE('',*,*,#8060,.F.);
#8063=ORIENTED_EDGE('',*,*,#8062,.F.);
#8064=EDGE_LOOP('',(#8053,#8055,#8057,#8059,#8061,#8063));
#8065=FACE_OUTER_BOUND('',#8064,.F.);
#8066=ADVANCED_FACE('',(#8065),#8051,.F.);
#8067=CARTESIAN_POINT('',(0.E0,-5.4E-1,0.E0));
#8068=DIRECTION('',(0.E0,1.E0,0.E0));
#8069=DIRECTION('',(1.E0,0.E0,0.E0));
#8070=AXIS2_PLACEMENT_3D('',#8067,#8068,#8069);
#8071=PLANE('',#8070);
#8073=ORIENTED_EDGE('',*,*,#8072,.T.);
#8075=ORIENTED_EDGE('',*,*,#8074,.F.);
#8077=ORIENTED_EDGE('',*,*,#8076,.F.);
#8079=ORIENTED_EDGE('',*,*,#8078,.F.);
#8081=ORIENTED_EDGE('',*,*,#8080,.T.);
#8083=ORIENTED_EDGE('',*,*,#8082,.F.);
#8084=EDGE_LOOP('',(#8073,#8075,#8077,#8079,#8081,#8083));
#8085=FACE_OUTER_BOUND('',#8084,.F.);
#8086=ADVANCED_FACE('',(#8085),#8071,.F.);
#8087=CARTESIAN_POINT('',(1.0525E0,-5.1E-1,7.7E-1));
#8088=DIRECTION('',(0.E0,-7.071067811865E-1,-7.071067811865E-1));
#8089=DIRECTION('',(0.E0,7.071067811865E-1,-7.071067811865E-1));
#8090=AXIS2_PLACEMENT_3D('',#8087,#8088,#8089);
#8091=PLANE('',#8090);
#8092=ORIENTED_EDGE('',*,*,#7711,.F.);
#8094=ORIENTED_EDGE('',*,*,#8093,.F.);
#8096=ORIENTED_EDGE('',*,*,#8095,.T.);
#8097=ORIENTED_EDGE('',*,*,#7955,.T.);
#8098=EDGE_LOOP('',(#8092,#8094,#8096,#8097));
#8099=FACE_OUTER_BOUND('',#8098,.F.);
#8100=ADVANCED_FACE('',(#8099),#8091,.T.);
#8101=CARTESIAN_POINT('',(1.0525E0,-5.1E-1,7.7E-1));
#8102=DIRECTION('',(0.E0,-7.071067811865E-1,-7.071067811865E-1));
#8103=DIRECTION('',(0.E0,7.071067811865E-1,-7.071067811865E-1));
#8104=AXIS2_PLACEMENT_3D('',#8101,#8102,#8103);
#8105=PLANE('',#8104);
#8107=ORIENTED_EDGE('',*,*,#8106,.F.);
#8109=ORIENTED_EDGE('',*,*,#8108,.F.);
#8110=ORIENTED_EDGE('',*,*,#7991,.T.);
#8112=ORIENTED_EDGE('',*,*,#8111,.F.);
#8114=ORIENTED_EDGE('',*,*,#8113,.F.);
#8115=EDGE_LOOP('',(#8107,#8109,#8110,#8112,#8114));
#8116=FACE_OUTER_BOUND('',#8115,.F.);
#8117=ADVANCED_FACE('',(#8116),#8105,.T.);
#8118=CARTESIAN_POINT('',(0.E0,-1.3E-1,7.4E-1));
#8119=DIRECTION('',(0.E0,0.E0,-1.E0));
#8120=DIRECTION('',(1.E0,0.E0,0.E0));
#8121=AXIS2_PLACEMENT_3D('',#8118,#8119,#8120);
#8122=PLANE('',#8121);
#8123=ORIENTED_EDGE('',*,*,#7709,.F.);
#8125=ORIENTED_EDGE('',*,*,#8124,.F.);
#8127=ORIENTED_EDGE('',*,*,#8126,.F.);
#8129=ORIENTED_EDGE('',*,*,#8128,.F.);
#8131=ORIENTED_EDGE('',*,*,#8130,.F.);
#8132=ORIENTED_EDGE('',*,*,#8093,.T.);
#8133=EDGE_LOOP('',(#8123,#8125,#8127,#8129,#8131,#8132));
#8134=FACE_OUTER_BOUND('',#8133,.F.);
#8135=ADVANCED_FACE('',(#8134),#8122,.T.);
#8136=CARTESIAN_POINT('',(0.E0,-1.3E-1,7.4E-1));
#8137=DIRECTION('',(0.E0,0.E0,-1.E0));
#8138=DIRECTION('',(1.E0,0.E0,0.E0));
#8139=AXIS2_PLACEMENT_3D('',#8136,#8137,#8138);
#8140=PLANE('',#8139);
#8142=ORIENTED_EDGE('',*,*,#8141,.F.);
#8144=ORIENTED_EDGE('',*,*,#8143,.T.);
#8146=ORIENTED_EDGE('',*,*,#8145,.T.);
#8148=ORIENTED_EDGE('',*,*,#8147,.F.);
#8150=ORIENTED_EDGE('',*,*,#8149,.F.);
#8152=ORIENTED_EDGE('',*,*,#8151,.F.);
#8153=EDGE_LOOP('',(#8142,#8144,#8146,#8148,#8150,#8152));
#8154=FACE_OUTER_BOUND('',#8153,.F.);
#8155=ADVANCED_FACE('',(#8154),#8140,.T.);
#8156=CARTESIAN_POINT('',(0.E0,-1.3E-1,7.4E-1));
#8157=DIRECTION('',(0.E0,0.E0,-1.E0));
#8158=DIRECTION('',(1.E0,0.E0,0.E0));
#8159=AXIS2_PLACEMENT_3D('',#8156,#8157,#8158);
#8160=PLANE('',#8159);
#8162=ORIENTED_EDGE('',*,*,#8161,.T.);
#8163=ORIENTED_EDGE('',*,*,#8113,.T.);
#8165=ORIENTED_EDGE('',*,*,#8164,.F.);
#8167=ORIENTED_EDGE('',*,*,#8166,.F.);
#8169=ORIENTED_EDGE('',*,*,#8168,.F.);
#8171=ORIENTED_EDGE('',*,*,#8170,.F.);
#8173=ORIENTED_EDGE('',*,*,#8172,.F.);
#8174=ORIENTED_EDGE('',*,*,#7794,.F.);
#8175=EDGE_LOOP('',(#8162,#8163,#8165,#8167,#8169,#8171,#8173,#8174));
#8176=FACE_OUTER_BOUND('',#8175,.F.);
#8177=ADVANCED_FACE('',(#8176),#8160,.T.);
#8178=CARTESIAN_POINT('',(0.E0,-1.3E-1,7.4E-1));
#8179=DIRECTION('',(0.E0,0.E0,-1.E0));
#8180=DIRECTION('',(1.E0,0.E0,0.E0));
#8181=AXIS2_PLACEMENT_3D('',#8178,#8179,#8180);
#8182=PLANE('',#8181);
#8184=ORIENTED_EDGE('',*,*,#8183,.T.);
#8186=ORIENTED_EDGE('',*,*,#8185,.T.);
#8188=ORIENTED_EDGE('',*,*,#8187,.T.);
#8190=ORIENTED_EDGE('',*,*,#8189,.F.);
#8192=ORIENTED_EDGE('',*,*,#8191,.F.);
#8194=ORIENTED_EDGE('',*,*,#8193,.F.);
#8196=ORIENTED_EDGE('',*,*,#8195,.F.);
#8198=ORIENTED_EDGE('',*,*,#8197,.T.);
#8199=EDGE_LOOP('',(#8184,#8186,#8188,#8190,#8192,#8194,#8196,#8198));
#8200=FACE_OUTER_BOUND('',#8199,.F.);
#8201=ADVANCED_FACE('',(#8200),#8182,.T.);
#8202=CARTESIAN_POINT('',(8.65E-1,-3.8E-1,6.3E-1));
#8203=DIRECTION('',(-7.071067811865E-1,7.071067811865E-1,0.E0));
#8204=DIRECTION('',(7.071067811865E-1,7.071067811865E-1,0.E0));
#8205=AXIS2_PLACEMENT_3D('',#8202,#8203,#8204);
#8206=PLANE('',#8205);
#8207=ORIENTED_EDGE('',*,*,#8124,.T.);
#8208=ORIENTED_EDGE('',*,*,#8170,.T.);
#8210=ORIENTED_EDGE('',*,*,#8209,.F.);
#8212=ORIENTED_EDGE('',*,*,#8211,.F.);
#8214=ORIENTED_EDGE('',*,*,#8213,.T.);
#8215=EDGE_LOOP('',(#8207,#8208,#8210,#8212,#8214));
#8216=FACE_OUTER_BOUND('',#8215,.F.);
#8217=ADVANCED_FACE('',(#8216),#8206,.F.);
#8218=CARTESIAN_POINT('',(9.45E-1,-3.E-1,6.3E-1));
#8219=DIRECTION('',(0.E0,1.E0,0.E0));
#8220=DIRECTION('',(1.E0,0.E0,0.E0));
#8221=AXIS2_PLACEMENT_3D('',#8218,#8219,#8220);
#8222=PLANE('',#8221);
#8223=ORIENTED_EDGE('',*,*,#8209,.T.);
#8224=ORIENTED_EDGE('',*,*,#8168,.T.);
#8226=ORIENTED_EDGE('',*,*,#8225,.F.);
#8228=ORIENTED_EDGE('',*,*,#8227,.T.);
#8229=EDGE_LOOP('',(#8223,#8224,#8226,#8228));
#8230=FACE_OUTER_BOUND('',#8229,.F.);
#8231=ADVANCED_FACE('',(#8230),#8222,.F.);
#8232=CARTESIAN_POINT('',(1.295E0,-5.4E-1,-6.3E-1));
#8233=DIRECTION('',(1.E0,0.E0,0.E0));
#8234=DIRECTION('',(0.E0,0.E0,1.E0));
#8235=AXIS2_PLACEMENT_3D('',#8232,#8233,#8234);
#8236=PLANE('',#8235);
#8238=ORIENTED_EDGE('',*,*,#8237,.F.);
#8240=ORIENTED_EDGE('',*,*,#8239,.F.);
#8241=ORIENTED_EDGE('',*,*,#7886,.F.);
#8243=ORIENTED_EDGE('',*,*,#8242,.F.);
#8245=ORIENTED_EDGE('',*,*,#8244,.T.);
#8247=ORIENTED_EDGE('',*,*,#8246,.T.);
#8249=ORIENTED_EDGE('',*,*,#8248,.F.);
#8250=EDGE_LOOP('',(#8238,#8240,#8241,#8243,#8245,#8247,#8249));
#8251=FACE_OUTER_BOUND('',#8250,.F.);
#8252=ADVANCED_FACE('',(#8251),#8236,.F.);
#8253=CARTESIAN_POINT('',(1.295E0,-5.4E-1,-6.3E-1));
#8254=DIRECTION('',(1.E0,0.E0,0.E0));
#8255=DIRECTION('',(0.E0,0.E0,1.E0));
#8256=AXIS2_PLACEMENT_3D('',#8253,#8254,#8255);
#8257=PLANE('',#8256);
#8259=ORIENTED_EDGE('',*,*,#8258,.T.);
#8261=ORIENTED_EDGE('',*,*,#8260,.T.);
#8263=ORIENTED_EDGE('',*,*,#8262,.F.);
#8264=ORIENTED_EDGE('',*,*,#8225,.T.);
#8265=ORIENTED_EDGE('',*,*,#8166,.T.);
#8267=ORIENTED_EDGE('',*,*,#8266,.F.);
#8269=ORIENTED_EDGE('',*,*,#8268,.F.);
#8270=EDGE_LOOP('',(#8259,#8261,#8263,#8264,#8265,#8267,#8269));
#8271=FACE_OUTER_BOUND('',#8270,.F.);
#8272=ADVANCED_FACE('',(#8271),#8257,.F.);
#8273=CARTESIAN_POINT('',(1.37E0,-5.065E-1,0.E0));
#8274=DIRECTION('',(-4.078321004042E-1,-9.130569412035E-1,0.E0));
#8275=DIRECTION('',(9.130569412035E-1,-4.078321004042E-1,0.E0));
#8276=AXIS2_PLACEMENT_3D('',#8273,#8274,#8275);
#8277=PLANE('',#8276);
#8278=ORIENTED_EDGE('',*,*,#8237,.T.);
#8280=ORIENTED_EDGE('',*,*,#8279,.F.);
#8282=ORIENTED_EDGE('',*,*,#8281,.F.);
#8283=EDGE_LOOP('',(#8278,#8280,#8282));
#8284=FACE_OUTER_BOUND('',#8283,.F.);
#8285=ADVANCED_FACE('',(#8284),#8277,.F.);
#8286=CARTESIAN_POINT('',(0.E0,-5.6E-1,-5.9E-1));
#8287=DIRECTION('',(0.E0,0.E0,1.E0));
#8288=DIRECTION('',(-1.E0,0.E0,0.E0));
#8289=AXIS2_PLACEMENT_3D('',#8286,#8287,#8288);
#8290=PLANE('',#8289);
#8292=ORIENTED_EDGE('',*,*,#8291,.T.);
#8293=ORIENTED_EDGE('',*,*,#8279,.T.);
#8294=ORIENTED_EDGE('',*,*,#8248,.T.);
#8296=ORIENTED_EDGE('',*,*,#8295,.F.);
#8298=ORIENTED_EDGE('',*,*,#8297,.T.);
#8300=ORIENTED_EDGE('',*,*,#8299,.T.);
#8301=EDGE_LOOP('',(#8292,#8293,#8294,#8296,#8298,#8300));
#8302=FACE_OUTER_BOUND('',#8301,.F.);
#8303=ADVANCED_FACE('',(#8302),#8290,.F.);
#8304=CARTESIAN_POINT('',(0.E0,-5.6E-1,-5.9E-1));
#8305=DIRECTION('',(0.E0,0.E0,1.E0));
#8306=DIRECTION('',(-1.E0,0.E0,0.E0));
#8307=AXIS2_PLACEMENT_3D('',#8304,#8305,#8306);
#8308=PLANE('',#8307);
#8310=ORIENTED_EDGE('',*,*,#8309,.T.);
#8312=ORIENTED_EDGE('',*,*,#8311,.T.);
#8314=ORIENTED_EDGE('',*,*,#8313,.T.);
#8316=ORIENTED_EDGE('',*,*,#8315,.F.);
#8318=ORIENTED_EDGE('',*,*,#8317,.F.);
#8320=ORIENTED_EDGE('',*,*,#8319,.F.);
#8321=EDGE_LOOP('',(#8310,#8312,#8314,#8316,#8318,#8320));
#8322=FACE_OUTER_BOUND('',#8321,.F.);
#8323=ADVANCED_FACE('',(#8322),#8308,.F.);
#8324=CARTESIAN_POINT('',(1.343691602831E0,-5.543313689566E-1,-6.7E-1));
#8325=DIRECTION('',(-7.182402227892E-1,0.E0,-6.957952158270E-1));
#8326=DIRECTION('',(-6.957952158270E-1,0.E0,7.182402227892E-1));
#8327=AXIS2_PLACEMENT_3D('',#8324,#8325,#8326);
#8328=PLANE('',#8327);
#8330=ORIENTED_EDGE('',*,*,#8329,.T.);
#8332=ORIENTED_EDGE('',*,*,#8331,.T.);
#8334=ORIENTED_EDGE('',*,*,#8333,.T.);
#8336=ORIENTED_EDGE('',*,*,#8335,.T.);
#8337=ORIENTED_EDGE('',*,*,#8281,.T.);
#8338=ORIENTED_EDGE('',*,*,#8291,.F.);
#8339=EDGE_LOOP('',(#8330,#8332,#8334,#8336,#8337,#8338));
#8340=FACE_OUTER_BOUND('',#8339,.F.);
#8341=ADVANCED_FACE('',(#8340),#8328,.T.);
#8342=CARTESIAN_POINT('',(1.33E0,-4.776679840568E-1,-5.9E-1));
#8343=DIRECTION('',(0.E0,0.E0,1.E0));
#8344=DIRECTION('',(-1.E0,0.E0,0.E0));
#8345=AXIS2_PLACEMENT_3D('',#8342,#8343,#8344);
#8346=CYLINDRICAL_SURFACE('',#8345,1.2E-1);
#8348=ORIENTED_EDGE('',*,*,#8347,.T.);
#8350=ORIENTED_EDGE('',*,*,#8349,.F.);
#8352=ORIENTED_EDGE('',*,*,#8351,.T.);
#8353=ORIENTED_EDGE('',*,*,#8329,.F.);
#8354=ORIENTED_EDGE('',*,*,#8299,.F.);
#8356=ORIENTED_EDGE('',*,*,#8355,.T.);
#8357=EDGE_LOOP('',(#8348,#8350,#8352,#8353,#8354,#8356));
#8358=FACE_OUTER_BOUND('',#8357,.F.);
#8359=ADVANCED_FACE('',(#8358),#8346,.T.);
#8360=CARTESIAN_POINT('',(0.E0,-5.6E-1,5.9E-1));
#8361=DIRECTION('',(0.E0,0.E0,1.E0));
#8362=DIRECTION('',(-1.E0,0.E0,0.E0));
#8363=AXIS2_PLACEMENT_3D('',#8360,#8361,#8362);
#8364=PLANE('',#8363);
#8366=ORIENTED_EDGE('',*,*,#8365,.T.);
#8367=ORIENTED_EDGE('',*,*,#8347,.F.);
#8369=ORIENTED_EDGE('',*,*,#8368,.F.);
#8371=ORIENTED_EDGE('',*,*,#8370,.T.);
#8372=ORIENTED_EDGE('',*,*,#8258,.F.);
#8374=ORIENTED_EDGE('',*,*,#8373,.F.);
#8375=EDGE_LOOP('',(#8366,#8367,#8369,#8371,#8372,#8374));
#8376=FACE_OUTER_BOUND('',#8375,.F.);
#8377=ADVANCED_FACE('',(#8376),#8364,.T.);
#8378=CARTESIAN_POINT('',(0.E0,-5.6E-1,5.9E-1));
#8379=DIRECTION('',(0.E0,0.E0,1.E0));
#8380=DIRECTION('',(-1.E0,0.E0,0.E0));
#8381=AXIS2_PLACEMENT_3D('',#8378,#8379,#8380);
#8382=PLANE('',#8381);
#8384=ORIENTED_EDGE('',*,*,#8383,.T.);
#8386=ORIENTED_EDGE('',*,*,#8385,.T.);
#8388=ORIENTED_EDGE('',*,*,#8387,.T.);
#8390=ORIENTED_EDGE('',*,*,#8389,.T.);
#8392=ORIENTED_EDGE('',*,*,#8391,.F.);
#8394=ORIENTED_EDGE('',*,*,#8393,.F.);
#8395=EDGE_LOOP('',(#8384,#8386,#8388,#8390,#8392,#8394));
#8396=FACE_OUTER_BOUND('',#8395,.F.);
#8397=ADVANCED_FACE('',(#8396),#8382,.T.);
#8398=CARTESIAN_POINT('',(1.343691602831E0,-5.543313689566E-1,6.7E-1));
#8399=DIRECTION('',(-7.182402227892E-1,0.E0,6.957952158270E-1));
#8400=DIRECTION('',(-6.957952158270E-1,0.E0,-7.182402227892E-1));
#8401=AXIS2_PLACEMENT_3D('',#8398,#8399,#8400);
#8402=PLANE('',#8401);
#8403=ORIENTED_EDGE('',*,*,#8365,.F.);
#8405=ORIENTED_EDGE('',*,*,#8404,.T.);
#8407=ORIENTED_EDGE('',*,*,#8406,.T.);
#8409=ORIENTED_EDGE('',*,*,#8408,.T.);
#8411=ORIENTED_EDGE('',*,*,#8410,.T.);
#8412=ORIENTED_EDGE('',*,*,#8349,.T.);
#8413=EDGE_LOOP('',(#8403,#8405,#8407,#8409,#8411,#8412));
#8414=FACE_OUTER_BOUND('',#8413,.F.);
#8415=ADVANCED_FACE('',(#8414),#8402,.T.);
#8416=CARTESIAN_POINT('',(1.37E0,-5.065E-1,0.E0));
#8417=DIRECTION('',(-4.078321004042E-1,-9.130569412035E-1,0.E0));
#8418=DIRECTION('',(9.130569412035E-1,-4.078321004042E-1,0.E0));
#8419=AXIS2_PLACEMENT_3D('',#8416,#8417,#8418);
#8420=PLANE('',#8419);
#8421=ORIENTED_EDGE('',*,*,#8373,.T.);
#8422=ORIENTED_EDGE('',*,*,#8268,.T.);
#8423=ORIENTED_EDGE('',*,*,#8404,.F.);
#8424=EDGE_LOOP('',(#8421,#8422,#8423));
#8425=FACE_OUTER_BOUND('',#8424,.F.);
#8426=ADVANCED_FACE('',(#8425),#8420,.F.);
#8427=CARTESIAN_POINT('',(1.37E0,-5.065E-1,0.E0));
#8428=DIRECTION('',(-4.078321004042E-1,-9.130569412035E-1,0.E0));
#8429=DIRECTION('',(9.130569412035E-1,-4.078321004042E-1,0.E0));
#8430=AXIS2_PLACEMENT_3D('',#8427,#8428,#8429);
#8431=PLANE('',#8430);
#8432=ORIENTED_EDGE('',*,*,#8406,.F.);
#8433=ORIENTED_EDGE('',*,*,#8266,.T.);
#8434=ORIENTED_EDGE('',*,*,#8164,.T.);
#8435=ORIENTED_EDGE('',*,*,#8111,.T.);
#8436=ORIENTED_EDGE('',*,*,#7989,.F.);
#8438=ORIENTED_EDGE('',*,*,#8437,.T.);
#8439=EDGE_LOOP('',(#8432,#8433,#8434,#8435,#8436,#8438));
#8440=FACE_OUTER_BOUND('',#8439,.F.);
#8441=ADVANCED_FACE('',(#8440),#8431,.T.);
#8442=CARTESIAN_POINT('',(1.37E0,-5.065E-1,0.E0));
#8443=DIRECTION('',(-4.078321004042E-1,-9.130569412035E-1,0.E0));
#8444=DIRECTION('',(9.130569412035E-1,-4.078321004042E-1,0.E0));
#8445=AXIS2_PLACEMENT_3D('',#8442,#8443,#8444);
#8446=PLANE('',#8445);
#8447=ORIENTED_EDGE('',*,*,#8335,.F.);
#8449=ORIENTED_EDGE('',*,*,#8448,.F.);
#8450=ORIENTED_EDGE('',*,*,#8004,.F.);
#8451=ORIENTED_EDGE('',*,*,#7940,.F.);
#8452=ORIENTED_EDGE('',*,*,#7888,.T.);
#8453=ORIENTED_EDGE('',*,*,#8239,.T.);
#8454=EDGE_LOOP('',(#8447,#8449,#8450,#8451,#8452,#8453));
#8455=FACE_OUTER_BOUND('',#8454,.F.);
#8456=ADVANCED_FACE('',(#8455),#8446,.T.);
#8457=CARTESIAN_POINT('',(0.E0,0.E0,7.5E-1));
#8458=DIRECTION('',(0.E0,0.E0,1.E0));
#8459=DIRECTION('',(-1.E0,0.E0,0.E0));
#8460=AXIS2_PLACEMENT_3D('',#8457,#8458,#8459);
#8461=PLANE('',#8460);
#8463=ORIENTED_EDGE('',*,*,#8462,.T.);
#8465=ORIENTED_EDGE('',*,*,#8464,.T.);
#8467=ORIENTED_EDGE('',*,*,#8466,.F.);
#8469=ORIENTED_EDGE('',*,*,#8468,.F.);
#8470=EDGE_LOOP('',(#8463,#8465,#8467,#8469));
#8471=FACE_OUTER_BOUND('',#8470,.F.);
#8472=ADVANCED_FACE('',(#8471),#8461,.T.);
#8473=CARTESIAN_POINT('',(0.E0,0.E0,7.5E-1));
#8474=DIRECTION('',(0.E0,0.E0,1.E0));
#8475=DIRECTION('',(-1.E0,0.E0,0.E0));
#8476=AXIS2_PLACEMENT_3D('',#8473,#8474,#8475);
#8477=PLANE('',#8476);
#8479=ORIENTED_EDGE('',*,*,#8478,.F.);
#8481=ORIENTED_EDGE('',*,*,#8480,.F.);
#8483=ORIENTED_EDGE('',*,*,#8482,.F.);
#8485=ORIENTED_EDGE('',*,*,#8484,.F.);
#8486=EDGE_LOOP('',(#8479,#8481,#8483,#8485));
#8487=FACE_OUTER_BOUND('',#8486,.F.);
#8488=ADVANCED_FACE('',(#8487),#8477,.T.);
#8489=CARTESIAN_POINT('',(0.E0,0.E0,7.5E-1));
#8490=DIRECTION('',(0.E0,0.E0,1.E0));
#8491=DIRECTION('',(-1.E0,0.E0,0.E0));
#8492=AXIS2_PLACEMENT_3D('',#8489,#8490,#8491);
#8493=PLANE('',#8492);
#8494=ORIENTED_EDGE('',*,*,#8408,.F.);
#8495=ORIENTED_EDGE('',*,*,#8437,.F.);
#8496=ORIENTED_EDGE('',*,*,#7987,.T.);
#8498=ORIENTED_EDGE('',*,*,#8497,.T.);
#8500=ORIENTED_EDGE('',*,*,#8499,.F.);
#8502=ORIENTED_EDGE('',*,*,#8501,.F.);
#8504=ORIENTED_EDGE('',*,*,#8503,.F.);
#8505=EDGE_LOOP('',(#8494,#8495,#8496,#8498,#8500,#8502,#8504));
#8506=FACE_OUTER_BOUND('',#8505,.F.);
#8507=ADVANCED_FACE('',(#8506),#8493,.T.);
#8508=CARTESIAN_POINT('',(0.E0,0.E0,7.5E-1));
#8509=DIRECTION('',(0.E0,0.E0,1.E0));
#8510=DIRECTION('',(-1.E0,0.E0,0.E0));
#8511=AXIS2_PLACEMENT_3D('',#8508,#8509,#8510);
#8512=PLANE('',#8511);
#8514=ORIENTED_EDGE('',*,*,#8513,.F.);
#8516=ORIENTED_EDGE('',*,*,#8515,.F.);
#8518=ORIENTED_EDGE('',*,*,#8517,.F.);
#8520=ORIENTED_EDGE('',*,*,#8519,.T.);
#8522=ORIENTED_EDGE('',*,*,#8521,.F.);
#8523=ORIENTED_EDGE('',*,*,#8058,.F.);
#8525=ORIENTED_EDGE('',*,*,#8524,.F.);
#8526=EDGE_LOOP('',(#8514,#8516,#8518,#8520,#8522,#8523,#8525));
#8527=FACE_OUTER_BOUND('',#8526,.F.);
#8528=ADVANCED_FACE('',(#8527),#8512,.T.);
#8529=CARTESIAN_POINT('',(1.59E0,-2.8E-1,8.8E-1));
#8530=DIRECTION('',(0.E0,1.E0,0.E0));
#8531=DIRECTION('',(-1.E0,0.E0,0.E0));
#8532=AXIS2_PLACEMENT_3D('',#8529,#8530,#8531);
#8533=PLANE('',#8532);
#8535=ORIENTED_EDGE('',*,*,#8534,.F.);
#8537=ORIENTED_EDGE('',*,*,#8536,.F.);
#8539=ORIENTED_EDGE('',*,*,#8538,.T.);
#8541=ORIENTED_EDGE('',*,*,#8540,.F.);
#8543=ORIENTED_EDGE('',*,*,#8542,.T.);
#8545=ORIENTED_EDGE('',*,*,#8544,.T.);
#8547=ORIENTED_EDGE('',*,*,#8546,.F.);
#8548=EDGE_LOOP('',(#8535,#8537,#8539,#8541,#8543,#8545,#8547));
#8549=FACE_OUTER_BOUND('',#8548,.F.);
#8550=ADVANCED_FACE('',(#8549),#8533,.T.);
#8551=CARTESIAN_POINT('',(1.59E0,-2.8E-1,8.8E-1));
#8552=DIRECTION('',(0.E0,1.E0,0.E0));
#8553=DIRECTION('',(-1.E0,0.E0,0.E0));
#8554=AXIS2_PLACEMENT_3D('',#8551,#8552,#8553);
#8555=PLANE('',#8554);
#8557=ORIENTED_EDGE('',*,*,#8556,.F.);
#8559=ORIENTED_EDGE('',*,*,#8558,.T.);
#8561=ORIENTED_EDGE('',*,*,#8560,.F.);
#8562=ORIENTED_EDGE('',*,*,#7636,.F.);
#8564=ORIENTED_EDGE('',*,*,#8563,.F.);
#8565=ORIENTED_EDGE('',*,*,#8462,.F.);
#8567=ORIENTED_EDGE('',*,*,#8566,.F.);
#8568=EDGE_LOOP('',(#8557,#8559,#8561,#8562,#8564,#8565,#8567));
#8569=FACE_OUTER_BOUND('',#8568,.F.);
#8570=ADVANCED_FACE('',(#8569),#8555,.T.);
#8571=CARTESIAN_POINT('',(1.47E0,9.068419960476E-1,-8.3E-1));
#8572=DIRECTION('',(0.E0,-1.E0,0.E0));
#8573=DIRECTION('',(0.E0,0.E0,-1.E0));
#8574=AXIS2_PLACEMENT_3D('',#8571,#8572,#8573);
#8575=CYLINDRICAL_SURFACE('',#8574,1.2E-1);
#8577=ORIENTED_EDGE('',*,*,#8576,.T.);
#8579=ORIENTED_EDGE('',*,*,#8578,.F.);
#8580=ORIENTED_EDGE('',*,*,#8534,.T.);
#8582=ORIENTED_EDGE('',*,*,#8581,.T.);
#8583=EDGE_LOOP('',(#8577,#8579,#8580,#8582));
#8584=FACE_OUTER_BOUND('',#8583,.F.);
#8585=ADVANCED_FACE('',(#8584),#8575,.T.);
#8586=CARTESIAN_POINT('',(1.35E0,-5.1E-1,8.8E-1));
#8587=DIRECTION('',(0.E0,-1.E0,0.E0));
#8588=DIRECTION('',(1.E0,0.E0,0.E0));
#8589=AXIS2_PLACEMENT_3D('',#8586,#8587,#8588);
#8590=PLANE('',#8589);
#8591=ORIENTED_EDGE('',*,*,#8576,.F.);
#8593=ORIENTED_EDGE('',*,*,#8592,.F.);
#8595=ORIENTED_EDGE('',*,*,#8594,.F.);
#8597=ORIENTED_EDGE('',*,*,#8596,.F.);
#8599=ORIENTED_EDGE('',*,*,#8598,.T.);
#8601=ORIENTED_EDGE('',*,*,#8600,.F.);
#8603=ORIENTED_EDGE('',*,*,#8602,.F.);
#8604=EDGE_LOOP('',(#8591,#8593,#8595,#8597,#8599,#8601,#8603));
#8605=FACE_OUTER_BOUND('',#8604,.F.);
#8606=ADVANCED_FACE('',(#8605),#8590,.T.);
#8607=CARTESIAN_POINT('',(1.35E0,-5.1E-1,8.8E-1));
#8608=DIRECTION('',(0.E0,-1.E0,0.E0));
#8609=DIRECTION('',(1.E0,0.E0,0.E0));
#8610=AXIS2_PLACEMENT_3D('',#8607,#8608,#8609);
#8611=PLANE('',#8610);
#8613=ORIENTED_EDGE('',*,*,#8612,.F.);
#8615=ORIENTED_EDGE('',*,*,#8614,.F.);
#8616=ORIENTED_EDGE('',*,*,#8499,.T.);
#8618=ORIENTED_EDGE('',*,*,#8617,.T.);
#8619=ORIENTED_EDGE('',*,*,#7624,.T.);
#8621=ORIENTED_EDGE('',*,*,#8620,.T.);
#8623=ORIENTED_EDGE('',*,*,#8622,.T.);
#8624=EDGE_LOOP('',(#8613,#8615,#8616,#8618,#8619,#8621,#8623));
#8625=FACE_OUTER_BOUND('',#8624,.F.);
#8626=ADVANCED_FACE('',(#8625),#8611,.T.);
#8627=CARTESIAN_POINT('',(0.E0,0.E0,-9.5E-1));
#8628=DIRECTION('',(0.E0,0.E0,1.E0));
#8629=DIRECTION('',(-1.E0,0.E0,0.E0));
#8630=AXIS2_PLACEMENT_3D('',#8627,#8628,#8629);
#8631=PLANE('',#8630);
#8633=ORIENTED_EDGE('',*,*,#8632,.F.);
#8635=ORIENTED_EDGE('',*,*,#8634,.T.);
#8637=ORIENTED_EDGE('',*,*,#8636,.T.);
#8639=ORIENTED_EDGE('',*,*,#8638,.T.);
#8641=ORIENTED_EDGE('',*,*,#8640,.T.);
#8643=ORIENTED_EDGE('',*,*,#8642,.T.);
#8645=ORIENTED_EDGE('',*,*,#8644,.F.);
#8647=ORIENTED_EDGE('',*,*,#8646,.T.);
#8649=ORIENTED_EDGE('',*,*,#8648,.T.);
#8651=ORIENTED_EDGE('',*,*,#8650,.F.);
#8653=ORIENTED_EDGE('',*,*,#8652,.T.);
#8655=ORIENTED_EDGE('',*,*,#8654,.T.);
#8657=ORIENTED_EDGE('',*,*,#8656,.T.);
#8659=ORIENTED_EDGE('',*,*,#8658,.T.);
#8661=ORIENTED_EDGE('',*,*,#8660,.T.);
#8663=ORIENTED_EDGE('',*,*,#8662,.T.);
#8665=ORIENTED_EDGE('',*,*,#8664,.T.);
#8666=EDGE_LOOP('',(#8633,#8635,#8637,#8639,#8641,#8643,#8645,#8647,#8649,#8651,
#8653,#8655,#8657,#8659,#8661,#8663,#8665));
#8667=FACE_OUTER_BOUND('',#8666,.F.);
#8668=ADVANCED_FACE('',(#8667),#8631,.F.);
#8669=CARTESIAN_POINT('',(0.E0,0.E0,-9.5E-1));
#8670=DIRECTION('',(0.E0,0.E0,1.E0));
#8671=DIRECTION('',(-1.E0,0.E0,0.E0));
#8672=AXIS2_PLACEMENT_3D('',#8669,#8670,#8671);
#8673=PLANE('',#8672);
#8675=ORIENTED_EDGE('',*,*,#8674,.F.);
#8677=ORIENTED_EDGE('',*,*,#8676,.T.);
#8679=ORIENTED_EDGE('',*,*,#8678,.T.);
#8681=ORIENTED_EDGE('',*,*,#8680,.T.);
#8683=ORIENTED_EDGE('',*,*,#8682,.T.);
#8685=ORIENTED_EDGE('',*,*,#8684,.T.);
#8687=ORIENTED_EDGE('',*,*,#8686,.T.);
#8688=ORIENTED_EDGE('',*,*,#7669,.T.);
#8689=ORIENTED_EDGE('',*,*,#7730,.F.);
#8691=ORIENTED_EDGE('',*,*,#8690,.T.);
#8692=ORIENTED_EDGE('',*,*,#8592,.T.);
#8693=ORIENTED_EDGE('',*,*,#8581,.F.);
#8694=ORIENTED_EDGE('',*,*,#8546,.T.);
#8696=ORIENTED_EDGE('',*,*,#8695,.T.);
#8698=ORIENTED_EDGE('',*,*,#8697,.T.);
#8700=ORIENTED_EDGE('',*,*,#8699,.T.);
#8702=ORIENTED_EDGE('',*,*,#8701,.T.);
#8703=EDGE_LOOP('',(#8675,#8677,#8679,#8681,#8683,#8685,#8687,#8688,#8689,#8691,
#8692,#8693,#8694,#8696,#8698,#8700,#8702));
#8704=FACE_OUTER_BOUND('',#8703,.F.);
#8705=ADVANCED_FACE('',(#8704),#8673,.F.);
#8706=CARTESIAN_POINT('',(5.866032209280E0,-4.2E-1,-8.3E-1));
#8707=DIRECTION('',(-1.E0,0.E0,0.E0));
#8708=DIRECTION('',(0.E0,0.E0,-1.E0));
#8709=AXIS2_PLACEMENT_3D('',#8706,#8707,#8708);
#8710=CYLINDRICAL_SURFACE('',#8709,1.2E-1);
#8712=ORIENTED_EDGE('',*,*,#8711,.T.);
#8714=ORIENTED_EDGE('',*,*,#8713,.F.);
#8716=ORIENTED_EDGE('',*,*,#8715,.T.);
#8717=ORIENTED_EDGE('',*,*,#8632,.T.);
#8718=EDGE_LOOP('',(#8712,#8714,#8716,#8717));
#8719=FACE_OUTER_BOUND('',#8718,.F.);
#8720=ADVANCED_FACE('',(#8719),#8710,.T.);
#8721=CARTESIAN_POINT('',(-7.7E-1,-3.76E-1,8.8E-1));
#8722=DIRECTION('',(-1.E0,0.E0,0.E0));
#8723=DIRECTION('',(0.E0,-1.E0,0.E0));
#8724=AXIS2_PLACEMENT_3D('',#8721,#8722,#8723);
#8725=PLANE('',#8724);
#8726=ORIENTED_EDGE('',*,*,#8711,.F.);
#8727=ORIENTED_EDGE('',*,*,#8664,.F.);
#8729=ORIENTED_EDGE('',*,*,#8728,.F.);
#8731=ORIENTED_EDGE('',*,*,#8730,.F.);
#8733=ORIENTED_EDGE('',*,*,#8732,.T.);
#8735=ORIENTED_EDGE('',*,*,#8734,.F.);
#8737=ORIENTED_EDGE('',*,*,#8736,.F.);
#8739=ORIENTED_EDGE('',*,*,#8738,.F.);
#8741=ORIENTED_EDGE('',*,*,#8740,.F.);
#8743=ORIENTED_EDGE('',*,*,#8742,.F.);
#8745=ORIENTED_EDGE('',*,*,#8744,.F.);
#8747=ORIENTED_EDGE('',*,*,#8746,.F.);
#8748=EDGE_LOOP('',(#8726,#8727,#8729,#8731,#8733,#8735,#8737,#8739,#8741,#8743,
#8745,#8747));
#8749=FACE_OUTER_BOUND('',#8748,.F.);
#8750=ADVANCED_FACE('',(#8749),#8725,.T.);
#8751=CARTESIAN_POINT('',(-7.7E-1,-3.76E-1,8.8E-1));
#8752=DIRECTION('',(-1.E0,0.E0,0.E0));
#8753=DIRECTION('',(0.E0,-1.E0,0.E0));
#8754=AXIS2_PLACEMENT_3D('',#8751,#8752,#8753);
#8755=PLANE('',#8754);
#8757=ORIENTED_EDGE('',*,*,#8756,.F.);
#8759=ORIENTED_EDGE('',*,*,#8758,.F.);
#8761=ORIENTED_EDGE('',*,*,#8760,.F.);
#8763=ORIENTED_EDGE('',*,*,#8762,.F.);
#8765=ORIENTED_EDGE('',*,*,#8764,.F.);
#8767=ORIENTED_EDGE('',*,*,#8766,.F.);
#8769=ORIENTED_EDGE('',*,*,#8768,.F.);
#8771=ORIENTED_EDGE('',*,*,#8770,.T.);
#8773=ORIENTED_EDGE('',*,*,#8772,.T.);
#8775=ORIENTED_EDGE('',*,*,#8774,.F.);
#8777=ORIENTED_EDGE('',*,*,#8776,.T.);
#8779=ORIENTED_EDGE('',*,*,#8778,.T.);
#8780=EDGE_LOOP('',(#8757,#8759,#8761,#8763,#8765,#8767,#8769,#8771,#8773,#8775,
#8777,#8779));
#8781=FACE_OUTER_BOUND('',#8780,.F.);
#8782=ADVANCED_FACE('',(#8781),#8755,.T.);
#8783=CARTESIAN_POINT('',(-7.85E-1,-3.5E-1,-8.8E-1));
#8784=DIRECTION('',(8.661855860486E-1,4.997224534896E-1,0.E0));
#8785=DIRECTION('',(4.997224534896E-1,-8.661855860486E-1,0.E0));
#8786=AXIS2_PLACEMENT_3D('',#8783,#8784,#8785);
#8787=PLANE('',#8786);
#8789=ORIENTED_EDGE('',*,*,#8788,.F.);
#8791=ORIENTED_EDGE('',*,*,#8790,.T.);
#8792=ORIENTED_EDGE('',*,*,#8728,.T.);
#8793=ORIENTED_EDGE('',*,*,#8662,.F.);
#8794=EDGE_LOOP('',(#8789,#8791,#8792,#8793));
#8795=FACE_OUTER_BOUND('',#8794,.F.);
#8796=ADVANCED_FACE('',(#8795),#8787,.F.);
#8797=CARTESIAN_POINT('',(-7.85E-1,-2.3E-1,-8.8E-1));
#8798=DIRECTION('',(1.E0,0.E0,0.E0));
#8799=DIRECTION('',(0.E0,-1.E0,0.E0));
#8800=AXIS2_PLACEMENT_3D('',#8797,#8798,#8799);
#8801=PLANE('',#8800);
#8803=ORIENTED_EDGE('',*,*,#8802,.F.);
#8805=ORIENTED_EDGE('',*,*,#8804,.T.);
#8806=ORIENTED_EDGE('',*,*,#8788,.T.);
#8807=ORIENTED_EDGE('',*,*,#8660,.F.);
#8808=EDGE_LOOP('',(#8803,#8805,#8806,#8807));
#8809=FACE_OUTER_BOUND('',#8808,.F.);
#8810=ADVANCED_FACE('',(#8809),#8801,.F.);
#8811=CARTESIAN_POINT('',(-9.75E-1,-2.3E-1,-8.8E-1));
#8812=DIRECTION('',(0.E0,1.E0,0.E0));
#8813=DIRECTION('',(1.E0,0.E0,0.E0));
#8814=AXIS2_PLACEMENT_3D('',#8811,#8812,#8813);
#8815=PLANE('',#8814);
#8817=ORIENTED_EDGE('',*,*,#8816,.F.);
#8819=ORIENTED_EDGE('',*,*,#8818,.T.);
#8820=ORIENTED_EDGE('',*,*,#8802,.T.);
#8821=ORIENTED_EDGE('',*,*,#8658,.F.);
#8822=EDGE_LOOP('',(#8817,#8819,#8820,#8821));
#8823=FACE_OUTER_BOUND('',#8822,.F.);
#8824=ADVANCED_FACE('',(#8823),#8815,.F.);
#8825=CARTESIAN_POINT('',(-9.75E-1,-3.5E-1,-8.8E-1));
#8826=DIRECTION('',(-1.E0,0.E0,0.E0));
#8827=DIRECTION('',(0.E0,1.E0,0.E0));
#8828=AXIS2_PLACEMENT_3D('',#8825,#8826,#8827);
#8829=PLANE('',#8828);
#8831=ORIENTED_EDGE('',*,*,#8830,.F.);
#8833=ORIENTED_EDGE('',*,*,#8832,.T.);
#8834=ORIENTED_EDGE('',*,*,#8816,.T.);
#8835=ORIENTED_EDGE('',*,*,#8656,.F.);
#8836=EDGE_LOOP('',(#8831,#8833,#8834,#8835));
#8837=FACE_OUTER_BOUND('',#8836,.F.);
#8838=ADVANCED_FACE('',(#8837),#8829,.F.);
#8839=CARTESIAN_POINT('',(-8.85E-1,-3.5E-1,-8.8E-1));
#8840=DIRECTION('',(0.E0,-1.E0,0.E0));
#8841=DIRECTION('',(-1.E0,0.E0,0.E0));
#8842=AXIS2_PLACEMENT_3D('',#8839,#8840,#8841);
#8843=PLANE('',#8842);
#8845=ORIENTED_EDGE('',*,*,#8844,.F.);
#8847=ORIENTED_EDGE('',*,*,#8846,.T.);
#8848=ORIENTED_EDGE('',*,*,#8830,.T.);
#8849=ORIENTED_EDGE('',*,*,#8654,.F.);
#8850=EDGE_LOOP('',(#8845,#8847,#8848,#8849));
#8851=FACE_OUTER_BOUND('',#8850,.F.);
#8852=ADVANCED_FACE('',(#8851),#8843,.F.);
#8853=CARTESIAN_POINT('',(-8.85E-1,-5.4E-1,8.8E-1));
#8854=DIRECTION('',(1.E0,0.E0,0.E0));
#8855=DIRECTION('',(0.E0,1.E0,0.E0));
#8856=AXIS2_PLACEMENT_3D('',#8853,#8854,#8855);
#8857=PLANE('',#8856);
#8858=ORIENTED_EDGE('',*,*,#8036,.T.);
#8860=ORIENTED_EDGE('',*,*,#8859,.T.);
#8861=ORIENTED_EDGE('',*,*,#8844,.T.);
#8862=ORIENTED_EDGE('',*,*,#8652,.F.);
#8864=ORIENTED_EDGE('',*,*,#8863,.T.);
#8866=ORIENTED_EDGE('',*,*,#8865,.T.);
#8868=ORIENTED_EDGE('',*,*,#8867,.T.);
#8870=ORIENTED_EDGE('',*,*,#8869,.T.);
#8872=ORIENTED_EDGE('',*,*,#8871,.T.);
#8873=ORIENTED_EDGE('',*,*,#7858,.F.);
#8875=ORIENTED_EDGE('',*,*,#8874,.F.);
#8876=EDGE_LOOP('',(#8858,#8860,#8861,#8862,#8864,#8866,#8868,#8870,#8872,#8873,
#8875));
#8877=FACE_OUTER_BOUND('',#8876,.F.);
#8878=ADVANCED_FACE('',(#8877),#8857,.T.);
#8879=CARTESIAN_POINT('',(-8.85E-1,-5.4E-1,8.8E-1));
#8880=DIRECTION('',(1.E0,0.E0,0.E0));
#8881=DIRECTION('',(0.E0,1.E0,0.E0));
#8882=AXIS2_PLACEMENT_3D('',#8879,#8880,#8881);
#8883=PLANE('',#8882);
#8885=ORIENTED_EDGE('',*,*,#8884,.F.);
#8886=ORIENTED_EDGE('',*,*,#8020,.T.);
#8888=ORIENTED_EDGE('',*,*,#8887,.T.);
#8889=ORIENTED_EDGE('',*,*,#8141,.T.);
#8891=ORIENTED_EDGE('',*,*,#8890,.T.);
#8893=ORIENTED_EDGE('',*,*,#8892,.T.);
#8895=ORIENTED_EDGE('',*,*,#8894,.T.);
#8897=ORIENTED_EDGE('',*,*,#8896,.T.);
#8899=ORIENTED_EDGE('',*,*,#8898,.T.);
#8901=ORIENTED_EDGE('',*,*,#8900,.T.);
#8903=ORIENTED_EDGE('',*,*,#8902,.F.);
#8904=EDGE_LOOP('',(#8885,#8886,#8888,#8889,#8891,#8893,#8895,#8897,#8899,#8901,
#8903));
#8905=FACE_OUTER_BOUND('',#8904,.F.);
#8906=ADVANCED_FACE('',(#8905),#8883,.T.);
#8907=CARTESIAN_POINT('',(-1.235E0,0.E0,-8.8E-1));
#8908=DIRECTION('',(0.E0,0.E0,1.E0));
#8909=DIRECTION('',(1.E0,0.E0,0.E0));
#8910=AXIS2_PLACEMENT_3D('',#8907,#8908,#8909);
#8911=PLANE('',#8910);
#8912=ORIENTED_EDGE('',*,*,#8859,.F.);
#8913=ORIENTED_EDGE('',*,*,#8042,.T.);
#8915=ORIENTED_EDGE('',*,*,#8914,.T.);
#8917=ORIENTED_EDGE('',*,*,#8916,.F.);
#8918=ORIENTED_EDGE('',*,*,#8730,.T.);
#8919=ORIENTED_EDGE('',*,*,#8790,.F.);
#8920=ORIENTED_EDGE('',*,*,#8804,.F.);
#8921=ORIENTED_EDGE('',*,*,#8818,.F.);
#8922=ORIENTED_EDGE('',*,*,#8832,.F.);
#8923=ORIENTED_EDGE('',*,*,#8846,.F.);
#8924=EDGE_LOOP('',(#8912,#8913,#8915,#8917,#8918,#8919,#8920,#8921,#8922,
#8923));
#8925=FACE_OUTER_BOUND('',#8924,.F.);
#8926=ADVANCED_FACE('',(#8925),#8911,.F.);
#8927=CARTESIAN_POINT('',(-1.235E0,0.E0,-8.8E-1));
#8928=DIRECTION('',(0.E0,0.E0,1.E0));
#8929=DIRECTION('',(1.E0,0.E0,0.E0));
#8930=AXIS2_PLACEMENT_3D('',#8927,#8928,#8929);
#8931=PLANE('',#8930);
#8933=ORIENTED_EDGE('',*,*,#8932,.T.);
#8935=ORIENTED_EDGE('',*,*,#8934,.F.);
#8937=ORIENTED_EDGE('',*,*,#8936,.F.);
#8939=ORIENTED_EDGE('',*,*,#8938,.F.);
#8941=ORIENTED_EDGE('',*,*,#8940,.F.);
#8943=ORIENTED_EDGE('',*,*,#8942,.F.);
#8945=ORIENTED_EDGE('',*,*,#8944,.F.);
#8947=ORIENTED_EDGE('',*,*,#8946,.T.);
#8949=ORIENTED_EDGE('',*,*,#8948,.F.);
#8950=ORIENTED_EDGE('',*,*,#7542,.T.);
#8952=ORIENTED_EDGE('',*,*,#8951,.T.);
#8954=ORIENTED_EDGE('',*,*,#8953,.T.);
#8956=ORIENTED_EDGE('',*,*,#8955,.F.);
#8957=EDGE_LOOP('',(#8933,#8935,#8937,#8939,#8941,#8943,#8945,#8947,#8949,#8950,
#8952,#8954,#8956));
#8958=FACE_OUTER_BOUND('',#8957,.F.);
#8959=ADVANCED_FACE('',(#8958),#8931,.F.);
#8960=CARTESIAN_POINT('',(-1.235E0,0.E0,-8.8E-1));
#8961=DIRECTION('',(0.E0,0.E0,1.E0));
#8962=DIRECTION('',(1.E0,0.E0,0.E0));
#8963=AXIS2_PLACEMENT_3D('',#8960,#8961,#8962);
#8964=PLANE('',#8963);
#8966=ORIENTED_EDGE('',*,*,#8965,.F.);
#8968=ORIENTED_EDGE('',*,*,#8967,.F.);
#8969=ORIENTED_EDGE('',*,*,#8074,.T.);
#8971=ORIENTED_EDGE('',*,*,#8970,.T.);
#8972=EDGE_LOOP('',(#8966,#8968,#8969,#8971));
#8973=FACE_OUTER_BOUND('',#8972,.F.);
#8974=ADVANCED_FACE('',(#8973),#8964,.F.);
#8975=CARTESIAN_POINT('',(-8.1E-1,-5.4E-1,-6.3E-1));
#8976=DIRECTION('',(-1.E0,0.E0,0.E0));
#8977=DIRECTION('',(0.E0,0.E0,-1.E0));
#8978=AXIS2_PLACEMENT_3D('',#8975,#8976,#8977);
#8979=PLANE('',#8978);
#8981=ORIENTED_EDGE('',*,*,#8980,.F.);
#8983=ORIENTED_EDGE('',*,*,#8982,.T.);
#8985=ORIENTED_EDGE('',*,*,#8984,.T.);
#8987=ORIENTED_EDGE('',*,*,#8986,.F.);
#8988=EDGE_LOOP('',(#8981,#8983,#8985,#8987));
#8989=FACE_OUTER_BOUND('',#8988,.F.);
#8990=ADVANCED_FACE('',(#8989),#8979,.F.);
#8991=CARTESIAN_POINT('',(-8.1E-1,-5.4E-1,-6.3E-1));
#8992=DIRECTION('',(-1.E0,0.E0,0.E0));
#8993=DIRECTION('',(0.E0,0.E0,-1.E0));
#8994=AXIS2_PLACEMENT_3D('',#8991,#8992,#8993);
#8995=PLANE('',#8994);
#8997=ORIENTED_EDGE('',*,*,#8996,.F.);
#8998=ORIENTED_EDGE('',*,*,#7866,.T.);
#9000=ORIENTED_EDGE('',*,*,#8999,.T.);
#9001=ORIENTED_EDGE('',*,*,#8914,.F.);
#9002=ORIENTED_EDGE('',*,*,#8040,.T.);
#9003=EDGE_LOOP('',(#8997,#8998,#9000,#9001,#9002));
#9004=FACE_OUTER_BOUND('',#9003,.F.);
#9005=ADVANCED_FACE('',(#9004),#8995,.F.);
#9006=CARTESIAN_POINT('',(-8.65E-1,-3.8E-1,-6.3E-1));
#9007=DIRECTION('',(0.E0,-1.E0,0.E0));
#9008=DIRECTION('',(1.E0,0.E0,0.E0));
#9009=AXIS2_PLACEMENT_3D('',#9006,#9007,#9008);
#9010=PLANE('',#9009);
#9012=ORIENTED_EDGE('',*,*,#9011,.F.);
#9014=ORIENTED_EDGE('',*,*,#9013,.F.);
#9015=ORIENTED_EDGE('',*,*,#8980,.T.);
#9017=ORIENTED_EDGE('',*,*,#9016,.T.);
#9018=ORIENTED_EDGE('',*,*,#7862,.F.);
#9019=EDGE_LOOP('',(#9012,#9014,#9015,#9017,#9018));
#9020=FACE_OUTER_BOUND('',#9019,.F.);
#9021=ADVANCED_FACE('',(#9020),#9010,.T.);
#9022=CARTESIAN_POINT('',(-9.45E-1,-3.E-1,-6.3E-1));
#9023=DIRECTION('',(-7.071067811865E-1,-7.071067811865E-1,0.E0));
#9024=DIRECTION('',(7.071067811865E-1,-7.071067811865E-1,0.E0));
#9025=AXIS2_PLACEMENT_3D('',#9022,#9023,#9024);
#9026=PLANE('',#9025);
#9027=ORIENTED_EDGE('',*,*,#7910,.F.);
#9029=ORIENTED_EDGE('',*,*,#9028,.F.);
#9031=ORIENTED_EDGE('',*,*,#9030,.T.);
#9032=ORIENTED_EDGE('',*,*,#9011,.T.);
#9033=ORIENTED_EDGE('',*,*,#7860,.F.);
#9034=EDGE_LOOP('',(#9027,#9029,#9031,#9032,#9033));
#9035=FACE_OUTER_BOUND('',#9034,.F.);
#9036=ADVANCED_FACE('',(#9035),#9026,.T.);
#9037=CARTESIAN_POINT('',(-1.295E0,-3.E-1,-6.3E-1));
#9038=DIRECTION('',(0.E0,-1.E0,0.E0));
#9039=DIRECTION('',(1.E0,0.E0,0.E0));
#9040=AXIS2_PLACEMENT_3D('',#9037,#9038,#9039);
#9041=PLANE('',#9040);
#9043=ORIENTED_EDGE('',*,*,#9042,.F.);
#9045=ORIENTED_EDGE('',*,*,#9044,.T.);
#9046=ORIENTED_EDGE('',*,*,#9028,.T.);
#9047=ORIENTED_EDGE('',*,*,#7908,.F.);
#9048=EDGE_LOOP('',(#9043,#9045,#9046,#9047));
#9049=FACE_OUTER_BOUND('',#9048,.F.);
#9050=ADVANCED_FACE('',(#9049),#9041,.T.);
#9051=CARTESIAN_POINT('',(-1.295E0,-5.4E-1,6.3E-1));
#9052=DIRECTION('',(-1.E0,0.E0,0.E0));
#9053=DIRECTION('',(0.E0,0.E0,-1.E0));
#9054=AXIS2_PLACEMENT_3D('',#9051,#9052,#9053);
#9055=PLANE('',#9054);
#9057=ORIENTED_EDGE('',*,*,#9056,.F.);
#9059=ORIENTED_EDGE('',*,*,#9058,.F.);
#9060=ORIENTED_EDGE('',*,*,#8193,.T.);
#9062=ORIENTED_EDGE('',*,*,#9061,.F.);
#9064=ORIENTED_EDGE('',*,*,#9063,.T.);
#9066=ORIENTED_EDGE('',*,*,#9065,.T.);
#9067=ORIENTED_EDGE('',*,*,#8387,.F.);
#9068=EDGE_LOOP('',(#9057,#9059,#9060,#9062,#9064,#9066,#9067));
#9069=FACE_OUTER_BOUND('',#9068,.F.);
#9070=ADVANCED_FACE('',(#9069),#9055,.F.);
#9071=CARTESIAN_POINT('',(-1.295E0,-5.4E-1,6.3E-1));
#9072=DIRECTION('',(-1.E0,0.E0,0.E0));
#9073=DIRECTION('',(0.E0,0.E0,-1.E0));
#9074=AXIS2_PLACEMENT_3D('',#9071,#9072,#9073);
#9075=PLANE('',#9074);
#9077=ORIENTED_EDGE('',*,*,#9076,.F.);
#9078=ORIENTED_EDGE('',*,*,#8317,.T.);
#9080=ORIENTED_EDGE('',*,*,#9079,.T.);
#9082=ORIENTED_EDGE('',*,*,#9081,.F.);
#9083=ORIENTED_EDGE('',*,*,#9042,.T.);
#9084=ORIENTED_EDGE('',*,*,#7906,.F.);
#9086=ORIENTED_EDGE('',*,*,#9085,.F.);
#9087=EDGE_LOOP('',(#9077,#9078,#9080,#9082,#9083,#9084,#9086));
#9088=FACE_OUTER_BOUND('',#9087,.F.);
#9089=ADVANCED_FACE('',(#9088),#9075,.F.);
#9090=CARTESIAN_POINT('',(-1.37E0,-5.065E-1,0.E0));
#9091=DIRECTION('',(4.078321004042E-1,-9.130569412035E-1,0.E0));
#9092=DIRECTION('',(-9.130569412035E-1,-4.078321004042E-1,0.E0));
#9093=AXIS2_PLACEMENT_3D('',#9090,#9091,#9092);
#9094=PLANE('',#9093);
#9095=ORIENTED_EDGE('',*,*,#9056,.T.);
#9096=ORIENTED_EDGE('',*,*,#8385,.F.);
#9098=ORIENTED_EDGE('',*,*,#9097,.F.);
#9099=EDGE_LOOP('',(#9095,#9096,#9098));
#9100=FACE_OUTER_BOUND('',#9099,.F.);
#9101=ADVANCED_FACE('',(#9100),#9094,.F.);
#9102=CARTESIAN_POINT('',(-1.343691602831E0,-5.543313689566E-1,6.7E-1));
#9103=DIRECTION('',(7.182402227892E-1,0.E0,6.957952158270E-1));
#9104=DIRECTION('',(6.957952158270E-1,0.E0,-7.182402227892E-1));
#9105=AXIS2_PLACEMENT_3D('',#9102,#9103,#9104);
#9106=PLANE('',#9105);
#9108=ORIENTED_EDGE('',*,*,#9107,.T.);
#9109=ORIENTED_EDGE('',*,*,#9097,.T.);
#9110=ORIENTED_EDGE('',*,*,#8383,.F.);
#9112=ORIENTED_EDGE('',*,*,#9111,.T.);
#9114=ORIENTED_EDGE('',*,*,#9113,.T.);
#9115=ORIENTED_EDGE('',*,*,#8513,.T.);
#9116=EDGE_LOOP('',(#9108,#9109,#9110,#9112,#9114,#9115));
#9117=FACE_OUTER_BOUND('',#9116,.F.);
#9118=ADVANCED_FACE('',(#9117),#9106,.T.);
#9119=CARTESIAN_POINT('',(-1.37E0,-5.065E-1,0.E0));
#9120=DIRECTION('',(4.078321004042E-1,-9.130569412035E-1,0.E0));
#9121=DIRECTION('',(-9.130569412035E-1,-4.078321004042E-1,0.E0));
#9122=AXIS2_PLACEMENT_3D('',#9119,#9120,#9121);
#9123=PLANE('',#9122);
#9124=ORIENTED_EDGE('',*,*,#9107,.F.);
#9125=ORIENTED_EDGE('',*,*,#8524,.T.);
#9126=ORIENTED_EDGE('',*,*,#8056,.F.);
#9128=ORIENTED_EDGE('',*,*,#9127,.F.);
#9129=ORIENTED_EDGE('',*,*,#8195,.T.);
#9130=ORIENTED_EDGE('',*,*,#9058,.T.);
#9131=EDGE_LOOP('',(#9124,#9125,#9126,#9128,#9129,#9130));
#9132=FACE_OUTER_BOUND('',#9131,.F.);
#9133=ADVANCED_FACE('',(#9132),#9123,.T.);
#9134=CARTESIAN_POINT('',(-1.37E0,-5.065E-1,0.E0));
#9135=DIRECTION('',(4.078321004042E-1,-9.130569412035E-1,0.E0));
#9136=DIRECTION('',(-9.130569412035E-1,-4.078321004042E-1,0.E0));
#9137=AXIS2_PLACEMENT_3D('',#9134,#9135,#9136);
#9138=PLANE('',#9137);
#9140=ORIENTED_EDGE('',*,*,#9139,.F.);
#9141=ORIENTED_EDGE('',*,*,#9085,.T.);
#9142=ORIENTED_EDGE('',*,*,#7904,.T.);
#9144=ORIENTED_EDGE('',*,*,#9143,.T.);
#9145=ORIENTED_EDGE('',*,*,#8080,.F.);
#9147=ORIENTED_EDGE('',*,*,#9146,.F.);
#9148=EDGE_LOOP('',(#9140,#9141,#9142,#9144,#9145,#9147));
#9149=FACE_OUTER_BOUND('',#9148,.F.);
#9150=ADVANCED_FACE('',(#9149),#9138,.T.);
#9151=CARTESIAN_POINT('',(-1.0525E0,-5.1E-1,7.7E-1));
#9152=DIRECTION('',(0.E0,-7.071067811865E-1,-7.071067811865E-1));
#9153=DIRECTION('',(0.E0,7.071067811865E-1,-7.071067811865E-1));
#9154=AXIS2_PLACEMENT_3D('',#9151,#9152,#9153);
#9155=PLANE('',#9154);
#9156=ORIENTED_EDGE('',*,*,#8887,.F.);
#9157=ORIENTED_EDGE('',*,*,#8026,.T.);
#9159=ORIENTED_EDGE('',*,*,#9158,.T.);
#9160=ORIENTED_EDGE('',*,*,#8143,.F.);
#9161=EDGE_LOOP('',(#9156,#9157,#9159,#9160));
#9162=FACE_OUTER_BOUND('',#9161,.F.);
#9163=ADVANCED_FACE('',(#9162),#9155,.T.);
#9164=CARTESIAN_POINT('',(-1.0525E0,-5.1E-1,7.7E-1));
#9165=DIRECTION('',(0.E0,-7.071067811865E-1,-7.071067811865E-1));
#9166=DIRECTION('',(0.E0,7.071067811865E-1,-7.071067811865E-1));
#9167=AXIS2_PLACEMENT_3D('',#9164,#9165,#9166);
#9168=PLANE('',#9167);
#9170=ORIENTED_EDGE('',*,*,#9169,.F.);
#9171=ORIENTED_EDGE('',*,*,#8197,.F.);
#9172=ORIENTED_EDGE('',*,*,#9127,.T.);
#9173=ORIENTED_EDGE('',*,*,#8054,.T.);
#9175=ORIENTED_EDGE('',*,*,#9174,.T.);
#9176=EDGE_LOOP('',(#9170,#9171,#9172,#9173,#9175));
#9177=FACE_OUTER_BOUND('',#9176,.F.);
#9178=ADVANCED_FACE('',(#9177),#9168,.T.);
#9179=CARTESIAN_POINT('',(-8.1E-1,-5.4E-1,6.4E-1));
#9180=DIRECTION('',(-1.E0,0.E0,1.110223024625E-14));
#9181=DIRECTION('',(-1.110223024625E-14,0.E0,-1.E0));
#9182=AXIS2_PLACEMENT_3D('',#9179,#9180,#9181);
#9183=PLANE('',#9182);
#9185=ORIENTED_EDGE('',*,*,#9184,.T.);
#9187=ORIENTED_EDGE('',*,*,#9186,.T.);
#9189=ORIENTED_EDGE('',*,*,#9188,.T.);
#9191=ORIENTED_EDGE('',*,*,#9190,.F.);
#9192=EDGE_LOOP('',(#9185,#9187,#9189,#9191));
#9193=FACE_OUTER_BOUND('',#9192,.F.);
#9194=ADVANCED_FACE('',(#9193),#9183,.F.);
#9195=CARTESIAN_POINT('',(-8.1E-1,-5.4E-1,6.4E-1));
#9196=DIRECTION('',(-1.E0,0.E0,1.110223024625E-14));
#9197=DIRECTION('',(-1.110223024625E-14,0.E0,-1.E0));
#9198=AXIS2_PLACEMENT_3D('',#9195,#9196,#9197);
#9199=PLANE('',#9198);
#9200=ORIENTED_EDGE('',*,*,#9158,.F.);
#9201=ORIENTED_EDGE('',*,*,#8024,.T.);
#9203=ORIENTED_EDGE('',*,*,#9202,.T.);
#9205=ORIENTED_EDGE('',*,*,#9204,.T.);
#9206=ORIENTED_EDGE('',*,*,#8145,.F.);
#9207=EDGE_LOOP('',(#9200,#9201,#9203,#9205,#9206));
#9208=FACE_OUTER_BOUND('',#9207,.F.);
#9209=ADVANCED_FACE('',(#9208),#9199,.F.);
#9210=CARTESIAN_POINT('',(-8.65E-1,-3.8E-1,6.3E-1));
#9211=DIRECTION('',(0.E0,1.E0,0.E0));
#9212=DIRECTION('',(1.E0,0.E0,0.E0));
#9213=AXIS2_PLACEMENT_3D('',#9210,#9211,#9212);
#9214=PLANE('',#9213);
#9216=ORIENTED_EDGE('',*,*,#9215,.F.);
#9218=ORIENTED_EDGE('',*,*,#9217,.T.);
#9219=ORIENTED_EDGE('',*,*,#8149,.T.);
#9221=ORIENTED_EDGE('',*,*,#9220,.F.);
#9222=ORIENTED_EDGE('',*,*,#9184,.F.);
#9223=EDGE_LOOP('',(#9216,#9218,#9219,#9221,#9222));
#9224=FACE_OUTER_BOUND('',#9223,.F.);
#9225=ADVANCED_FACE('',(#9224),#9214,.F.);
#9226=CARTESIAN_POINT('',(-8.1E-1,-5.4E-1,6.3E-1));
#9227=DIRECTION('',(0.E0,0.E0,1.E0));
#9228=DIRECTION('',(-1.E0,0.E0,0.E0));
#9229=AXIS2_PLACEMENT_3D('',#9226,#9227,#9228);
#9230=PLANE('',#9229);
#9232=ORIENTED_EDGE('',*,*,#9231,.T.);
#9234=ORIENTED_EDGE('',*,*,#9233,.T.);
#9235=ORIENTED_EDGE('',*,*,#9215,.T.);
#9236=ORIENTED_EDGE('',*,*,#9190,.T.);
#9238=ORIENTED_EDGE('',*,*,#9237,.T.);
#9239=ORIENTED_EDGE('',*,*,#9063,.F.);
#9240=EDGE_LOOP('',(#9232,#9234,#9235,#9236,#9238,#9239));
#9241=FACE_OUTER_BOUND('',#9240,.F.);
#9242=ADVANCED_FACE('',(#9241),#9230,.F.);
#9243=CARTESIAN_POINT('',(-1.295E0,-3.E-1,6.3E-1));
#9244=DIRECTION('',(0.E0,1.E0,0.E0));
#9245=DIRECTION('',(1.E0,0.E0,0.E0));
#9246=AXIS2_PLACEMENT_3D('',#9243,#9244,#9245);
#9247=PLANE('',#9246);
#9248=ORIENTED_EDGE('',*,*,#9231,.F.);
#9249=ORIENTED_EDGE('',*,*,#9061,.T.);
#9250=ORIENTED_EDGE('',*,*,#8191,.T.);
#9252=ORIENTED_EDGE('',*,*,#9251,.F.);
#9253=EDGE_LOOP('',(#9248,#9249,#9250,#9252));
#9254=FACE_OUTER_BOUND('',#9253,.F.);
#9255=ADVANCED_FACE('',(#9254),#9247,.F.);
#9256=CARTESIAN_POINT('',(-9.45E-1,-3.E-1,6.3E-1));
#9257=DIRECTION('',(7.071067811865E-1,7.071067811865E-1,0.E0));
#9258=DIRECTION('',(7.071067811865E-1,-7.071067811865E-1,0.E0));
#9259=AXIS2_PLACEMENT_3D('',#9256,#9257,#9258);
#9260=PLANE('',#9259);
#9261=ORIENTED_EDGE('',*,*,#8189,.T.);
#9262=ORIENTED_EDGE('',*,*,#8151,.T.);
#9263=ORIENTED_EDGE('',*,*,#9217,.F.);
#9264=ORIENTED_EDGE('',*,*,#9233,.F.);
#9265=ORIENTED_EDGE('',*,*,#9251,.T.);
#9266=EDGE_LOOP('',(#9261,#9262,#9263,#9264,#9265));
#9267=FACE_OUTER_BOUND('',#9266,.F.);
#9268=ADVANCED_FACE('',(#9267),#9260,.F.);
#9269=CARTESIAN_POINT('',(0.E0,-1.3E-1,0.E0));
#9270=DIRECTION('',(0.E0,-1.E0,0.E0));
#9271=DIRECTION('',(1.E0,0.E0,0.E0));
#9272=AXIS2_PLACEMENT_3D('',#9269,#9270,#9271);
#9273=PLANE('',#9272);
#9274=ORIENTED_EDGE('',*,*,#8315,.T.);
#9276=ORIENTED_EDGE('',*,*,#9275,.T.);
#9278=ORIENTED_EDGE('',*,*,#9277,.T.);
#9280=ORIENTED_EDGE('',*,*,#9279,.T.);
#9282=ORIENTED_EDGE('',*,*,#9281,.F.);
#9284=ORIENTED_EDGE('',*,*,#9283,.T.);
#9285=ORIENTED_EDGE('',*,*,#8389,.F.);
#9286=ORIENTED_EDGE('',*,*,#9065,.F.);
#9287=ORIENTED_EDGE('',*,*,#9237,.F.);
#9288=ORIENTED_EDGE('',*,*,#9188,.F.);
#9290=ORIENTED_EDGE('',*,*,#9289,.F.);
#9292=ORIENTED_EDGE('',*,*,#9291,.F.);
#9294=ORIENTED_EDGE('',*,*,#9293,.T.);
#9296=ORIENTED_EDGE('',*,*,#9295,.T.);
#9298=ORIENTED_EDGE('',*,*,#9297,.F.);
#9300=ORIENTED_EDGE('',*,*,#9299,.F.);
#9302=ORIENTED_EDGE('',*,*,#9301,.T.);
#9304=ORIENTED_EDGE('',*,*,#9303,.T.);
#9306=ORIENTED_EDGE('',*,*,#9305,.F.);
#9308=ORIENTED_EDGE('',*,*,#9307,.F.);
#9310=ORIENTED_EDGE('',*,*,#9309,.T.);
#9312=ORIENTED_EDGE('',*,*,#9311,.T.);
#9314=ORIENTED_EDGE('',*,*,#9313,.F.);
#9316=ORIENTED_EDGE('',*,*,#9315,.F.);
#9318=ORIENTED_EDGE('',*,*,#9317,.F.);
#9319=ORIENTED_EDGE('',*,*,#8260,.F.);
#9320=ORIENTED_EDGE('',*,*,#8370,.F.);
#9322=ORIENTED_EDGE('',*,*,#9321,.F.);
#9324=ORIENTED_EDGE('',*,*,#9323,.F.);
#9326=ORIENTED_EDGE('',*,*,#9325,.F.);
#9328=ORIENTED_EDGE('',*,*,#9327,.T.);
#9330=ORIENTED_EDGE('',*,*,#9329,.F.);
#9331=ORIENTED_EDGE('',*,*,#8295,.T.);
#9332=ORIENTED_EDGE('',*,*,#8246,.F.);
#9334=ORIENTED_EDGE('',*,*,#9333,.F.);
#9336=ORIENTED_EDGE('',*,*,#9335,.F.);
#9338=ORIENTED_EDGE('',*,*,#9337,.F.);
#9340=ORIENTED_EDGE('',*,*,#9339,.T.);
#9342=ORIENTED_EDGE('',*,*,#9341,.F.);
#9344=ORIENTED_EDGE('',*,*,#9343,.F.);
#9346=ORIENTED_EDGE('',*,*,#9345,.F.);
#9348=ORIENTED_EDGE('',*,*,#9347,.T.);
#9350=ORIENTED_EDGE('',*,*,#9349,.F.);
#9352=ORIENTED_EDGE('',*,*,#9351,.F.);
#9354=ORIENTED_EDGE('',*,*,#9353,.F.);
#9356=ORIENTED_EDGE('',*,*,#9355,.T.);
#9358=ORIENTED_EDGE('',*,*,#9357,.F.);
#9360=ORIENTED_EDGE('',*,*,#9359,.F.);
#9362=ORIENTED_EDGE('',*,*,#9361,.F.);
#9363=ORIENTED_EDGE('',*,*,#8984,.F.);
#9365=ORIENTED_EDGE('',*,*,#9364,.F.);
#9366=ORIENTED_EDGE('',*,*,#9079,.F.);
#9367=EDGE_LOOP('',(#9274,#9276,#9278,#9280,#9282,#9284,#9285,#9286,#9287,#9288,
#9290,#9292,#9294,#9296,#9298,#9300,#9302,#9304,#9306,#9308,#9310,#9312,#9314,
#9316,#9318,#9319,#9320,#9322,#9324,#9326,#9328,#9330,#9331,#9332,#9334,#9336,
#9338,#9340,#9342,#9344,#9346,#9348,#9350,#9352,#9354,#9356,#9358,#9360,#9362,
#9363,#9365,#9366));
#9368=FACE_OUTER_BOUND('',#9367,.F.);
#9370=ORIENTED_EDGE('',*,*,#9369,.F.);
#9372=ORIENTED_EDGE('',*,*,#9371,.F.);
#9374=ORIENTED_EDGE('',*,*,#9373,.F.);
#9376=ORIENTED_EDGE('',*,*,#9375,.F.);
#9377=EDGE_LOOP('',(#9370,#9372,#9374,#9376));
#9378=FACE_BOUND('',#9377,.F.);
#9379=ADVANCED_FACE('',(#9368,#9378),#9273,.T.);
#9380=CARTESIAN_POINT('',(-8.E-1,-5.4E-1,3.4E-1));
#9381=DIRECTION('',(0.E0,0.E0,-1.E0));
#9382=DIRECTION('',(1.E0,0.E0,0.E0));
#9383=AXIS2_PLACEMENT_3D('',#9380,#9381,#9382);
#9384=PLANE('',#9383);
#9386=ORIENTED_EDGE('',*,*,#9385,.F.);
#9388=ORIENTED_EDGE('',*,*,#9387,.T.);
#9390=ORIENTED_EDGE('',*,*,#9389,.F.);
#9392=ORIENTED_EDGE('',*,*,#9391,.T.);
#9393=ORIENTED_EDGE('',*,*,#9369,.T.);
#9395=ORIENTED_EDGE('',*,*,#9394,.T.);
#9396=EDGE_LOOP('',(#9386,#9388,#9390,#9392,#9393,#9395));
#9397=FACE_OUTER_BOUND('',#9396,.F.);
#9399=ORIENTED_EDGE('',*,*,#9398,.T.);
#9401=ORIENTED_EDGE('',*,*,#9400,.T.);
#9403=ORIENTED_EDGE('',*,*,#9402,.F.);
#9405=ORIENTED_EDGE('',*,*,#9404,.T.);
#9406=EDGE_LOOP('',(#9399,#9401,#9403,#9405));
#9407=FACE_BOUND('',#9406,.F.);
#9409=ORIENTED_EDGE('',*,*,#9408,.T.);
#9411=ORIENTED_EDGE('',*,*,#9410,.T.);
#9413=ORIENTED_EDGE('',*,*,#9412,.F.);
#9415=ORIENTED_EDGE('',*,*,#9414,.F.);
#9416=EDGE_LOOP('',(#9409,#9411,#9413,#9415));
#9417=FACE_BOUND('',#9416,.F.);
#9419=ORIENTED_EDGE('',*,*,#9418,.T.);
#9421=ORIENTED_EDGE('',*,*,#9420,.T.);
#9423=ORIENTED_EDGE('',*,*,#9422,.F.);
#9425=ORIENTED_EDGE('',*,*,#9424,.F.);
#9426=EDGE_LOOP('',(#9419,#9421,#9423,#9425));
#9427=FACE_BOUND('',#9426,.F.);
#9428=ADVANCED_FACE('',(#9397,#9407,#9417,#9427),#9384,.F.);
#9429=CARTESIAN_POINT('',(6.875E-1,-4.625E-1,0.E0));
#9430=DIRECTION('',(6.549305384178E-1,-7.556890827898E-1,0.E0));
#9431=DIRECTION('',(7.556890827898E-1,6.549305384178E-1,0.E0));
#9432=AXIS2_PLACEMENT_3D('',#9429,#9430,#9431);
#9433=PLANE('',#9432);
#9434=ORIENTED_EDGE('',*,*,#9385,.T.);
#9436=ORIENTED_EDGE('',*,*,#9435,.F.);
#9438=ORIENTED_EDGE('',*,*,#9437,.T.);
#9440=ORIENTED_EDGE('',*,*,#9439,.T.);
#9441=EDGE_LOOP('',(#9434,#9436,#9438,#9440));
#9442=FACE_OUTER_BOUND('',#9441,.F.);
#9443=ADVANCED_FACE('',(#9442),#9433,.T.);
#9444=CARTESIAN_POINT('',(8.E-1,-5.4E-1,3.4E-1));
#9445=DIRECTION('',(-1.E0,0.E0,0.E0));
#9446=DIRECTION('',(0.E0,0.E0,-1.E0));
#9447=AXIS2_PLACEMENT_3D('',#9444,#9445,#9446);
#9448=PLANE('',#9447);
#9449=ORIENTED_EDGE('',*,*,#9435,.T.);
#9450=ORIENTED_EDGE('',*,*,#9394,.F.);
#9451=ORIENTED_EDGE('',*,*,#9375,.T.);
#9453=ORIENTED_EDGE('',*,*,#9452,.T.);
#9454=EDGE_LOOP('',(#9449,#9450,#9451,#9453));
#9455=FACE_OUTER_BOUND('',#9454,.F.);
#9456=ADVANCED_FACE('',(#9455),#9448,.F.);
#9457=CARTESIAN_POINT('',(8.E-1,-5.4E-1,-3.4E-1));
#9458=DIRECTION('',(0.E0,0.E0,1.E0));
#9459=DIRECTION('',(-1.E0,0.E0,0.E0));
#9460=AXIS2_PLACEMENT_3D('',#9457,#9458,#9459);
#9461=PLANE('',#9460);
#9462=ORIENTED_EDGE('',*,*,#9437,.F.);
#9463=ORIENTED_EDGE('',*,*,#9452,.F.);
#9464=ORIENTED_EDGE('',*,*,#9373,.T.);
#9466=ORIENTED_EDGE('',*,*,#9465,.T.);
#9468=ORIENTED_EDGE('',*,*,#9467,.F.);
#9470=ORIENTED_EDGE('',*,*,#9469,.T.);
#9471=EDGE_LOOP('',(#9462,#9463,#9464,#9466,#9468,#9470));
#9472=FACE_OUTER_BOUND('',#9471,.F.);
#9474=ORIENTED_EDGE('',*,*,#9473,.F.);
#9476=ORIENTED_EDGE('',*,*,#9475,.F.);
#9478=ORIENTED_EDGE('',*,*,#9477,.T.);
#9480=ORIENTED_EDGE('',*,*,#9479,.F.);
#9481=EDGE_LOOP('',(#9474,#9476,#9478,#9480));
#9482=FACE_BOUND('',#9481,.F.);
#9484=ORIENTED_EDGE('',*,*,#9483,.F.);
#9486=ORIENTED_EDGE('',*,*,#9485,.T.);
#9488=ORIENTED_EDGE('',*,*,#9487,.T.);
#9490=ORIENTED_EDGE('',*,*,#9489,.F.);
#9491=EDGE_LOOP('',(#9484,#9486,#9488,#9490));
#9492=FACE_BOUND('',#9491,.F.);
#9494=ORIENTED_EDGE('',*,*,#9493,.F.);
#9496=ORIENTED_EDGE('',*,*,#9495,.T.);
#9498=ORIENTED_EDGE('',*,*,#9497,.T.);
#9500=ORIENTED_EDGE('',*,*,#9499,.F.);
#9501=EDGE_LOOP('',(#9494,#9496,#9498,#9500));
#9502=FACE_BOUND('',#9501,.F.);
#9503=ADVANCED_FACE('',(#9472,#9482,#9492,#9502),#9461,.F.);
#9504=CARTESIAN_POINT('',(-8.E-1,-5.4E-1,-3.4E-1));
#9505=DIRECTION('',(1.E0,0.E0,0.E0));
#9506=DIRECTION('',(0.E0,0.E0,1.E0));
#9507=AXIS2_PLACEMENT_3D('',#9504,#9505,#9506);
#9508=PLANE('',#9507);
#9510=ORIENTED_EDGE('',*,*,#9509,.T.);
#9511=ORIENTED_EDGE('',*,*,#9465,.F.);
#9512=ORIENTED_EDGE('',*,*,#9371,.T.);
#9513=ORIENTED_EDGE('',*,*,#9391,.F.);
#9514=EDGE_LOOP('',(#9510,#9511,#9512,#9513));
#9515=FACE_OUTER_BOUND('',#9514,.F.);
#9516=ADVANCED_FACE('',(#9515),#9508,.F.);
#9517=CARTESIAN_POINT('',(-6.875E-1,-4.625E-1,0.E0));
#9518=DIRECTION('',(-6.549305384178E-1,-7.556890827898E-1,0.E0));
#9519=DIRECTION('',(-7.556890827898E-1,6.549305384178E-1,0.E0));
#9520=AXIS2_PLACEMENT_3D('',#9517,#9518,#9519);
#9521=PLANE('',#9520);
#9522=ORIENTED_EDGE('',*,*,#9467,.T.);
#9523=ORIENTED_EDGE('',*,*,#9509,.F.);
#9524=ORIENTED_EDGE('',*,*,#9389,.T.);
#9526=ORIENTED_EDGE('',*,*,#9525,.T.);
#9527=EDGE_LOOP('',(#9522,#9523,#9524,#9526));
#9528=FACE_OUTER_BOUND('',#9527,.F.);
#9529=ADVANCED_FACE('',(#9528),#9521,.T.);
#9530=CARTESIAN_POINT('',(0.E0,-5.6E-1,0.E0));
#9531=DIRECTION('',(0.E0,-1.E0,0.E0));
#9532=DIRECTION('',(1.E0,0.E0,0.E0));
#9533=AXIS2_PLACEMENT_3D('',#9530,#9531,#9532);
#9534=PLANE('',#9533);
#9536=ORIENTED_EDGE('',*,*,#9535,.F.);
#9538=ORIENTED_EDGE('',*,*,#9537,.F.);
#9540=ORIENTED_EDGE('',*,*,#9539,.F.);
#9542=ORIENTED_EDGE('',*,*,#9541,.F.);
#9543=EDGE_LOOP('',(#9536,#9538,#9540,#9542));
#9544=FACE_OUTER_BOUND('',#9543,.F.);
#9545=ADVANCED_FACE('',(#9544),#9534,.T.);
#9546=CARTESIAN_POINT('',(0.E0,-5.6E-1,0.E0));
#9547=DIRECTION('',(0.E0,-1.E0,0.E0));
#9548=DIRECTION('',(1.E0,0.E0,0.E0));
#9549=AXIS2_PLACEMENT_3D('',#9546,#9547,#9548);
#9550=PLANE('',#9549);
#9552=ORIENTED_EDGE('',*,*,#9551,.F.);
#9554=ORIENTED_EDGE('',*,*,#9553,.F.);
#9556=ORIENTED_EDGE('',*,*,#9555,.F.);
#9558=ORIENTED_EDGE('',*,*,#9557,.F.);
#9559=EDGE_LOOP('',(#9552,#9554,#9556,#9558));
#9560=FACE_OUTER_BOUND('',#9559,.F.);
#9561=ADVANCED_FACE('',(#9560),#9550,.T.);
#9562=CARTESIAN_POINT('',(0.E0,-5.6E-1,0.E0));
#9563=DIRECTION('',(0.E0,-1.E0,0.E0));
#9564=DIRECTION('',(1.E0,0.E0,0.E0));
#9565=AXIS2_PLACEMENT_3D('',#9562,#9563,#9564);
#9566=PLANE('',#9565);
#9567=ORIENTED_EDGE('',*,*,#9439,.F.);
#9568=ORIENTED_EDGE('',*,*,#9469,.F.);
#9569=ORIENTED_EDGE('',*,*,#9525,.F.);
#9570=ORIENTED_EDGE('',*,*,#9387,.F.);
#9571=EDGE_LOOP('',(#9567,#9568,#9569,#9570));
#9572=FACE_OUTER_BOUND('',#9571,.F.);
#9573=ADVANCED_FACE('',(#9572),#9566,.T.);
#9574=CARTESIAN_POINT('',(-5.9E-1,0.E0,1.E0));
#9575=DIRECTION('',(1.E0,0.E0,0.E0));
#9576=DIRECTION('',(0.E0,0.E0,-1.E0));
#9577=AXIS2_PLACEMENT_3D('',#9574,#9575,#9576);
#9578=PLANE('',#9577);
#9580=ORIENTED_EDGE('',*,*,#9579,.F.);
#9581=ORIENTED_EDGE('',*,*,#9535,.T.);
#9583=ORIENTED_EDGE('',*,*,#9582,.F.);
#9585=ORIENTED_EDGE('',*,*,#9584,.T.);
#9587=ORIENTED_EDGE('',*,*,#9586,.F.);
#9589=ORIENTED_EDGE('',*,*,#9588,.F.);
#9590=EDGE_LOOP('',(#9580,#9581,#9583,#9585,#9587,#9589));
#9591=FACE_OUTER_BOUND('',#9590,.F.);
#9592=ADVANCED_FACE('',(#9591),#9578,.F.);
#9593=CARTESIAN_POINT('',(-1.75E0,0.E0,1.E0));
#9594=DIRECTION('',(0.E0,0.E0,1.E0));
#9595=DIRECTION('',(1.E0,0.E0,0.E0));
#9596=AXIS2_PLACEMENT_3D('',#9593,#9594,#9595);
#9597=PLANE('',#9596);
#9599=ORIENTED_EDGE('',*,*,#9598,.F.);
#9601=ORIENTED_EDGE('',*,*,#9600,.F.);
#9602=ORIENTED_EDGE('',*,*,#7514,.T.);
#9604=ORIENTED_EDGE('',*,*,#9603,.F.);
#9605=EDGE_LOOP('',(#9599,#9601,#9602,#9604));
#9606=FACE_OUTER_BOUND('',#9605,.F.);
#9607=ADVANCED_FACE('',(#9606),#9597,.T.);
#9608=CARTESIAN_POINT('',(-1.75E0,0.E0,1.E0));
#9609=DIRECTION('',(0.E0,0.E0,1.E0));
#9610=DIRECTION('',(1.E0,0.E0,0.E0));
#9611=AXIS2_PLACEMENT_3D('',#9608,#9609,#9610);
#9612=PLANE('',#9611);
#9614=ORIENTED_EDGE('',*,*,#9613,.F.);
#9616=ORIENTED_EDGE('',*,*,#9615,.T.);
#9617=ORIENTED_EDGE('',*,*,#7578,.T.);
#9619=ORIENTED_EDGE('',*,*,#9618,.T.);
#9620=EDGE_LOOP('',(#9614,#9616,#9617,#9619));
#9621=FACE_OUTER_BOUND('',#9620,.F.);
#9622=ADVANCED_FACE('',(#9621),#9612,.T.);
#9623=CARTESIAN_POINT('',(-1.75E0,0.E0,1.E0));
#9624=DIRECTION('',(0.E0,0.E0,1.E0));
#9625=DIRECTION('',(1.E0,0.E0,0.E0));
#9626=AXIS2_PLACEMENT_3D('',#9623,#9624,#9625);
#9627=PLANE('',#9626);
#9629=ORIENTED_EDGE('',*,*,#9628,.F.);
#9631=ORIENTED_EDGE('',*,*,#9630,.T.);
#9632=ORIENTED_EDGE('',*,*,#9537,.T.);
#9633=ORIENTED_EDGE('',*,*,#9579,.T.);
#9634=EDGE_LOOP('',(#9629,#9631,#9632,#9633));
#9635=FACE_OUTER_BOUND('',#9634,.F.);
#9636=ADVANCED_FACE('',(#9635),#9627,.T.);
#9637=CARTESIAN_POINT('',(0.E0,-2.5E-1,0.E0));
#9638=DIRECTION('',(0.E0,-1.E0,0.E0));
#9639=DIRECTION('',(-1.E0,0.E0,0.E0));
#9640=AXIS2_PLACEMENT_3D('',#9637,#9638,#9639);
#9641=PLANE('',#9640);
#9643=ORIENTED_EDGE('',*,*,#9642,.F.);
#9645=ORIENTED_EDGE('',*,*,#9644,.T.);
#9647=ORIENTED_EDGE('',*,*,#9646,.F.);
#9649=ORIENTED_EDGE('',*,*,#9648,.T.);
#9651=ORIENTED_EDGE('',*,*,#9650,.F.);
#9653=ORIENTED_EDGE('',*,*,#9652,.T.);
#9655=ORIENTED_EDGE('',*,*,#9654,.F.);
#9657=ORIENTED_EDGE('',*,*,#9656,.F.);
#9659=ORIENTED_EDGE('',*,*,#9658,.F.);
#9660=EDGE_LOOP('',(#9643,#9645,#9647,#9649,#9651,#9653,#9655,#9657,#9659));
#9661=FACE_OUTER_BOUND('',#9660,.F.);
#9662=ADVANCED_FACE('',(#9661),#9641,.T.);
#9663=CARTESIAN_POINT('',(0.E0,-2.5E-1,0.E0));
#9664=DIRECTION('',(0.E0,-1.E0,0.E0));
#9665=DIRECTION('',(-1.E0,0.E0,0.E0));
#9666=AXIS2_PLACEMENT_3D('',#9663,#9664,#9665);
#9667=PLANE('',#9666);
#9668=ORIENTED_EDGE('',*,*,#8466,.T.);
#9670=ORIENTED_EDGE('',*,*,#9669,.F.);
#9671=ORIENTED_EDGE('',*,*,#7657,.F.);
#9673=ORIENTED_EDGE('',*,*,#9672,.F.);
#9674=ORIENTED_EDGE('',*,*,#9613,.T.);
#9676=ORIENTED_EDGE('',*,*,#9675,.F.);
#9678=ORIENTED_EDGE('',*,*,#9677,.T.);
#9680=ORIENTED_EDGE('',*,*,#9679,.F.);
#9682=ORIENTED_EDGE('',*,*,#9681,.T.);
#9683=EDGE_LOOP('',(#9668,#9670,#9671,#9673,#9674,#9676,#9678,#9680,#9682));
#9684=FACE_OUTER_BOUND('',#9683,.F.);
#9685=ADVANCED_FACE('',(#9684),#9667,.T.);
#9686=CARTESIAN_POINT('',(0.E0,-2.5E-1,0.E0));
#9687=DIRECTION('',(0.E0,-1.E0,0.E0));
#9688=DIRECTION('',(-1.E0,0.E0,0.E0));
#9689=AXIS2_PLACEMENT_3D('',#9686,#9687,#9688);
#9690=PLANE('',#9689);
#9692=ORIENTED_EDGE('',*,*,#9691,.F.);
#9694=ORIENTED_EDGE('',*,*,#9693,.F.);
#9695=ORIENTED_EDGE('',*,*,#8953,.F.);
#9697=ORIENTED_EDGE('',*,*,#9696,.F.);
#9699=ORIENTED_EDGE('',*,*,#9698,.T.);
#9701=ORIENTED_EDGE('',*,*,#9700,.F.);
#9703=ORIENTED_EDGE('',*,*,#9702,.T.);
#9705=ORIENTED_EDGE('',*,*,#9704,.F.);
#9707=ORIENTED_EDGE('',*,*,#9706,.F.);
#9708=EDGE_LOOP('',(#9692,#9694,#9695,#9697,#9699,#9701,#9703,#9705,#9707));
#9709=FACE_OUTER_BOUND('',#9708,.F.);
#9710=ADVANCED_FACE('',(#9709),#9690,.T.);
#9711=CARTESIAN_POINT('',(0.E0,-2.5E-1,0.E0));
#9712=DIRECTION('',(0.E0,-1.E0,0.E0));
#9713=DIRECTION('',(-1.E0,0.E0,0.E0));
#9714=AXIS2_PLACEMENT_3D('',#9711,#9712,#9713);
#9715=PLANE('',#9714);
#9716=ORIENTED_EDGE('',*,*,#8482,.T.);
#9718=ORIENTED_EDGE('',*,*,#9717,.F.);
#9720=ORIENTED_EDGE('',*,*,#9719,.F.);
#9722=ORIENTED_EDGE('',*,*,#9721,.T.);
#9724=ORIENTED_EDGE('',*,*,#9723,.F.);
#9725=ORIENTED_EDGE('',*,*,#9598,.T.);
#9727=ORIENTED_EDGE('',*,*,#9726,.F.);
#9729=ORIENTED_EDGE('',*,*,#9728,.F.);
#9731=ORIENTED_EDGE('',*,*,#9730,.F.);
#9732=EDGE_LOOP('',(#9716,#9718,#9720,#9722,#9724,#9725,#9727,#9729,#9731));
#9733=FACE_OUTER_BOUND('',#9732,.F.);
#9734=ADVANCED_FACE('',(#9733),#9715,.T.);
#9735=CARTESIAN_POINT('',(0.E0,0.E0,-7.5E-1));
#9736=DIRECTION('',(0.E0,0.E0,1.E0));
#9737=DIRECTION('',(-1.E0,0.E0,0.E0));
#9738=AXIS2_PLACEMENT_3D('',#9735,#9736,#9737);
#9739=PLANE('',#9738);
#9740=ORIENTED_EDGE('',*,*,#8538,.F.);
#9742=ORIENTED_EDGE('',*,*,#9741,.T.);
#9743=ORIENTED_EDGE('',*,*,#9642,.T.);
#9745=ORIENTED_EDGE('',*,*,#9744,.F.);
#9746=EDGE_LOOP('',(#9740,#9742,#9743,#9745));
#9747=FACE_OUTER_BOUND('',#9746,.F.);
#9748=ADVANCED_FACE('',(#9747),#9739,.F.);
#9749=CARTESIAN_POINT('',(0.E0,0.E0,-7.5E-1));
#9750=DIRECTION('',(0.E0,0.E0,1.E0));
#9751=DIRECTION('',(-1.E0,0.E0,0.E0));
#9752=AXIS2_PLACEMENT_3D('',#9749,#9750,#9751);
#9753=PLANE('',#9752);
#9755=ORIENTED_EDGE('',*,*,#9754,.T.);
#9757=ORIENTED_EDGE('',*,*,#9756,.T.);
#9758=ORIENTED_EDGE('',*,*,#9691,.T.);
#9760=ORIENTED_EDGE('',*,*,#9759,.T.);
#9761=EDGE_LOOP('',(#9755,#9757,#9758,#9760));
#9762=FACE_OUTER_BOUND('',#9761,.F.);
#9763=ADVANCED_FACE('',(#9762),#9753,.F.);
#9764=CARTESIAN_POINT('',(0.E0,0.E0,-7.5E-1));
#9765=DIRECTION('',(0.E0,0.E0,1.E0));
#9766=DIRECTION('',(-1.E0,0.E0,0.E0));
#9767=AXIS2_PLACEMENT_3D('',#9764,#9765,#9766);
#9768=PLANE('',#9767);
#9769=ORIENTED_EDGE('',*,*,#8333,.F.);
#9771=ORIENTED_EDGE('',*,*,#9770,.T.);
#9773=ORIENTED_EDGE('',*,*,#9772,.T.);
#9774=ORIENTED_EDGE('',*,*,#8600,.T.);
#9776=ORIENTED_EDGE('',*,*,#9775,.F.);
#9777=ORIENTED_EDGE('',*,*,#8006,.F.);
#9778=ORIENTED_EDGE('',*,*,#8448,.T.);
#9779=EDGE_LOOP('',(#9769,#9771,#9773,#9774,#9776,#9777,#9778));
#9780=FACE_OUTER_BOUND('',#9779,.F.);
#9781=ADVANCED_FACE('',(#9780),#9768,.F.);
#9782=CARTESIAN_POINT('',(0.E0,0.E0,-7.5E-1));
#9783=DIRECTION('',(0.E0,0.E0,1.E0));
#9784=DIRECTION('',(-1.E0,0.E0,0.E0));
#9785=AXIS2_PLACEMENT_3D('',#9782,#9783,#9784);
#9786=PLANE('',#9785);
#9788=ORIENTED_EDGE('',*,*,#9787,.F.);
#9789=ORIENTED_EDGE('',*,*,#9146,.T.);
#9790=ORIENTED_EDGE('',*,*,#8078,.T.);
#9792=ORIENTED_EDGE('',*,*,#9791,.T.);
#9794=ORIENTED_EDGE('',*,*,#9793,.F.);
#9796=ORIENTED_EDGE('',*,*,#9795,.T.);
#9798=ORIENTED_EDGE('',*,*,#9797,.T.);
#9799=EDGE_LOOP('',(#9788,#9789,#9790,#9792,#9794,#9796,#9798));
#9800=FACE_OUTER_BOUND('',#9799,.F.);
#9801=ADVANCED_FACE('',(#9800),#9786,.F.);
#9802=CARTESIAN_POINT('',(1.59E0,-5.4E-1,-5.9E-1));
#9803=DIRECTION('',(1.E0,0.E0,0.E0));
#9804=DIRECTION('',(0.E0,1.E0,0.E0));
#9805=AXIS2_PLACEMENT_3D('',#9802,#9803,#9804);
#9806=PLANE('',#9805);
#9807=ORIENTED_EDGE('',*,*,#8578,.T.);
#9808=ORIENTED_EDGE('',*,*,#8602,.T.);
#9809=ORIENTED_EDGE('',*,*,#9772,.F.);
#9811=ORIENTED_EDGE('',*,*,#9810,.F.);
#9812=ORIENTED_EDGE('',*,*,#8501,.T.);
#9813=ORIENTED_EDGE('',*,*,#8614,.T.);
#9815=ORIENTED_EDGE('',*,*,#9814,.T.);
#9816=ORIENTED_EDGE('',*,*,#8566,.T.);
#9817=ORIENTED_EDGE('',*,*,#8468,.T.);
#9818=ORIENTED_EDGE('',*,*,#9681,.F.);
#9820=ORIENTED_EDGE('',*,*,#9819,.T.);
#9822=ORIENTED_EDGE('',*,*,#9821,.F.);
#9824=ORIENTED_EDGE('',*,*,#9823,.T.);
#9826=ORIENTED_EDGE('',*,*,#9825,.T.);
#9828=ORIENTED_EDGE('',*,*,#9827,.F.);
#9830=ORIENTED_EDGE('',*,*,#9829,.F.);
#9832=ORIENTED_EDGE('',*,*,#9831,.F.);
#9834=ORIENTED_EDGE('',*,*,#9833,.F.);
#9836=ORIENTED_EDGE('',*,*,#9835,.T.);
#9838=ORIENTED_EDGE('',*,*,#9837,.F.);
#9840=ORIENTED_EDGE('',*,*,#9839,.T.);
#9842=ORIENTED_EDGE('',*,*,#9841,.T.);
#9844=ORIENTED_EDGE('',*,*,#9843,.F.);
#9846=ORIENTED_EDGE('',*,*,#9845,.F.);
#9848=ORIENTED_EDGE('',*,*,#9847,.F.);
#9849=ORIENTED_EDGE('',*,*,#9644,.F.);
#9850=ORIENTED_EDGE('',*,*,#9741,.F.);
#9851=ORIENTED_EDGE('',*,*,#8536,.T.);
#9852=EDGE_LOOP('',(#9807,#9808,#9809,#9811,#9812,#9813,#9815,#9816,#9817,#9818,
#9820,#9822,#9824,#9826,#9828,#9830,#9832,#9834,#9836,#9838,#9840,#9842,#9844,
#9846,#9848,#9849,#9850,#9851));
#9853=FACE_OUTER_BOUND('',#9852,.F.);
#9854=ADVANCED_FACE('',(#9853),#9806,.T.);
#9855=CARTESIAN_POINT('',(1.47E0,-5.4E-1,-5.9E-1));
#9856=DIRECTION('',(0.E0,0.E0,1.E0));
#9857=DIRECTION('',(-1.E0,0.E0,0.E0));
#9858=AXIS2_PLACEMENT_3D('',#9855,#9856,#9857);
#9859=CYLINDRICAL_SURFACE('',#9858,1.2E-1);
#9861=ORIENTED_EDGE('',*,*,#9860,.F.);
#9862=ORIENTED_EDGE('',*,*,#8503,.T.);
#9863=ORIENTED_EDGE('',*,*,#9810,.T.);
#9864=ORIENTED_EDGE('',*,*,#9770,.F.);
#9865=EDGE_LOOP('',(#9861,#9862,#9863,#9864));
#9866=FACE_OUTER_BOUND('',#9865,.F.);
#9867=ADVANCED_FACE('',(#9866),#9859,.T.);
#9868=CARTESIAN_POINT('',(1.281191602831E0,-5.872934389739E-1,-5.9E-1));
#9869=DIRECTION('',(-4.067366430758E-1,-9.135454576426E-1,0.E0));
#9870=DIRECTION('',(9.135454576426E-1,-4.067366430758E-1,0.E0));
#9871=AXIS2_PLACEMENT_3D('',#9868,#9869,#9870);
#9872=PLANE('',#9871);
#9873=ORIENTED_EDGE('',*,*,#8351,.F.);
#9874=ORIENTED_EDGE('',*,*,#8410,.F.);
#9875=ORIENTED_EDGE('',*,*,#9860,.T.);
#9876=ORIENTED_EDGE('',*,*,#8331,.F.);
#9877=EDGE_LOOP('',(#9873,#9874,#9875,#9876));
#9878=FACE_OUTER_BOUND('',#9877,.F.);
#9879=ADVANCED_FACE('',(#9878),#9872,.T.);
#9880=CARTESIAN_POINT('',(1.47E0,-1.547144232967E0,8.3E-1));
#9881=DIRECTION('',(0.E0,1.E0,0.E0));
#9882=DIRECTION('',(0.E0,0.E0,1.E0));
#9883=AXIS2_PLACEMENT_3D('',#9880,#9881,#9882);
#9884=CYLINDRICAL_SURFACE('',#9883,1.2E-1);
#9885=ORIENTED_EDGE('',*,*,#8556,.T.);
#9886=ORIENTED_EDGE('',*,*,#9814,.F.);
#9887=ORIENTED_EDGE('',*,*,#8612,.T.);
#9889=ORIENTED_EDGE('',*,*,#9888,.T.);
#9890=EDGE_LOOP('',(#9885,#9886,#9887,#9889));
#9891=FACE_OUTER_BOUND('',#9890,.F.);
#9892=ADVANCED_FACE('',(#9891),#9884,.T.);
#9893=CARTESIAN_POINT('',(0.E0,0.E0,9.5E-1));
#9894=DIRECTION('',(0.E0,0.E0,1.E0));
#9895=DIRECTION('',(-1.E0,0.E0,0.E0));
#9896=AXIS2_PLACEMENT_3D('',#9893,#9894,#9895);
#9897=PLANE('',#9896);
#9899=ORIENTED_EDGE('',*,*,#9898,.F.);
#9900=ORIENTED_EDGE('',*,*,#8778,.F.);
#9902=ORIENTED_EDGE('',*,*,#9901,.F.);
#9904=ORIENTED_EDGE('',*,*,#9903,.F.);
#9906=ORIENTED_EDGE('',*,*,#9905,.F.);
#9908=ORIENTED_EDGE('',*,*,#9907,.F.);
#9910=ORIENTED_EDGE('',*,*,#9909,.F.);
#9911=ORIENTED_EDGE('',*,*,#8900,.F.);
#9913=ORIENTED_EDGE('',*,*,#9912,.F.);
#9915=ORIENTED_EDGE('',*,*,#9914,.F.);
#9917=ORIENTED_EDGE('',*,*,#9916,.F.);
#9919=ORIENTED_EDGE('',*,*,#9918,.F.);
#9921=ORIENTED_EDGE('',*,*,#9920,.F.);
#9923=ORIENTED_EDGE('',*,*,#9922,.F.);
#9925=ORIENTED_EDGE('',*,*,#9924,.F.);
#9927=ORIENTED_EDGE('',*,*,#9926,.F.);
#9929=ORIENTED_EDGE('',*,*,#9928,.F.);
#9930=EDGE_LOOP('',(#9899,#9900,#9902,#9904,#9906,#9908,#9910,#9911,#9913,#9915,
#9917,#9919,#9921,#9923,#9925,#9927,#9929));
#9931=FACE_OUTER_BOUND('',#9930,.F.);
#9932=ADVANCED_FACE('',(#9931),#9897,.T.);
#9933=CARTESIAN_POINT('',(0.E0,0.E0,9.5E-1));
#9934=DIRECTION('',(0.E0,0.E0,1.E0));
#9935=DIRECTION('',(-1.E0,0.E0,0.E0));
#9936=AXIS2_PLACEMENT_3D('',#9933,#9934,#9935);
#9937=PLANE('',#9936);
#9939=ORIENTED_EDGE('',*,*,#9938,.F.);
#9941=ORIENTED_EDGE('',*,*,#9940,.F.);
#9943=ORIENTED_EDGE('',*,*,#9942,.F.);
#9945=ORIENTED_EDGE('',*,*,#9944,.F.);
#9947=ORIENTED_EDGE('',*,*,#9946,.F.);
#9948=ORIENTED_EDGE('',*,*,#8558,.F.);
#9949=ORIENTED_EDGE('',*,*,#9888,.F.);
#9950=ORIENTED_EDGE('',*,*,#8622,.F.);
#9952=ORIENTED_EDGE('',*,*,#9951,.F.);
#9954=ORIENTED_EDGE('',*,*,#9953,.F.);
#9955=ORIENTED_EDGE('',*,*,#7697,.F.);
#9957=ORIENTED_EDGE('',*,*,#9956,.F.);
#9959=ORIENTED_EDGE('',*,*,#9958,.F.);
#9961=ORIENTED_EDGE('',*,*,#9960,.F.);
#9963=ORIENTED_EDGE('',*,*,#9962,.F.);
#9965=ORIENTED_EDGE('',*,*,#9964,.F.);
#9967=ORIENTED_EDGE('',*,*,#9966,.F.);
#9968=EDGE_LOOP('',(#9939,#9941,#9943,#9945,#9947,#9948,#9949,#9950,#9952,#9954,
#9955,#9957,#9959,#9961,#9963,#9965,#9967));
#9969=FACE_OUTER_BOUND('',#9968,.F.);
#9970=ADVANCED_FACE('',(#9969),#9937,.T.);
#9971=CARTESIAN_POINT('',(-5.999199957136E0,-4.2E-1,8.3E-1));
#9972=DIRECTION('',(1.E0,0.E0,0.E0));
#9973=DIRECTION('',(0.E0,0.E0,1.E0));
#9974=AXIS2_PLACEMENT_3D('',#9971,#9972,#9973);
#9975=CYLINDRICAL_SURFACE('',#9974,1.2E-1);
#9977=ORIENTED_EDGE('',*,*,#9976,.T.);
#9979=ORIENTED_EDGE('',*,*,#9978,.F.);
#9980=ORIENTED_EDGE('',*,*,#8756,.T.);
#9981=ORIENTED_EDGE('',*,*,#9898,.T.);
#9982=EDGE_LOOP('',(#9977,#9979,#9980,#9981));
#9983=FACE_OUTER_BOUND('',#9982,.F.);
#9984=ADVANCED_FACE('',(#9983),#9975,.T.);
#9985=CARTESIAN_POINT('',(-6.3E-1,-5.4E-1,8.8E-1));
#9986=DIRECTION('',(1.E0,0.E0,0.E0));
#9987=DIRECTION('',(0.E0,1.E0,0.E0));
#9988=AXIS2_PLACEMENT_3D('',#9985,#9986,#9987);
#9989=PLANE('',#9988);
#9990=ORIENTED_EDGE('',*,*,#8715,.F.);
#9992=ORIENTED_EDGE('',*,*,#9991,.T.);
#9994=ORIENTED_EDGE('',*,*,#9993,.T.);
#9996=ORIENTED_EDGE('',*,*,#9995,.T.);
#9998=ORIENTED_EDGE('',*,*,#9997,.T.);
#10000=ORIENTED_EDGE('',*,*,#9999,.T.);
#10002=ORIENTED_EDGE('',*,*,#10001,.T.);
#10004=ORIENTED_EDGE('',*,*,#10003,.T.);
#10006=ORIENTED_EDGE('',*,*,#10005,.F.);
#10007=ORIENTED_EDGE('',*,*,#8940,.T.);
#10009=ORIENTED_EDGE('',*,*,#10008,.T.);
#10010=ORIENTED_EDGE('',*,*,#8634,.F.);
#10011=EDGE_LOOP('',(#9990,#9992,#9994,#9996,#9998,#10000,#10002,#10004,#10006,
#10007,#10009,#10010));
#10012=FACE_OUTER_BOUND('',#10011,.F.);
#10013=ADVANCED_FACE('',(#10012),#9989,.T.);
#10014=CARTESIAN_POINT('',(-6.3E-1,-5.4E-1,8.8E-1));
#10015=DIRECTION('',(1.E0,0.E0,0.E0));
#10016=DIRECTION('',(0.E0,1.E0,0.E0));
#10017=AXIS2_PLACEMENT_3D('',#10014,#10015,#10016);
#10018=PLANE('',#10017);
#10019=ORIENTED_EDGE('',*,*,#9976,.F.);
#10020=ORIENTED_EDGE('',*,*,#9928,.T.);
#10022=ORIENTED_EDGE('',*,*,#10021,.F.);
#10024=ORIENTED_EDGE('',*,*,#10023,.F.);
#10026=ORIENTED_EDGE('',*,*,#10025,.F.);
#10028=ORIENTED_EDGE('',*,*,#10027,.F.);
#10030=ORIENTED_EDGE('',*,*,#10029,.T.);
#10032=ORIENTED_EDGE('',*,*,#10031,.T.);
#10034=ORIENTED_EDGE('',*,*,#10033,.T.);
#10036=ORIENTED_EDGE('',*,*,#10035,.T.);
#10038=ORIENTED_EDGE('',*,*,#10037,.T.);
#10040=ORIENTED_EDGE('',*,*,#10039,.T.);
#10041=EDGE_LOOP('',(#10019,#10020,#10022,#10024,#10026,#10028,#10030,#10032,
#10034,#10036,#10038,#10040));
#10042=FACE_OUTER_BOUND('',#10041,.F.);
#10043=ADVANCED_FACE('',(#10042),#10018,.T.);
#10044=CARTESIAN_POINT('',(-7.7E-1,-5.4E-1,-8.8E-1));
#10045=DIRECTION('',(0.E0,1.E0,0.E0));
#10046=DIRECTION('',(1.E0,0.E0,0.E0));
#10047=AXIS2_PLACEMENT_3D('',#10044,#10045,#10046);
#10048=PLANE('',#10047);
#10049=ORIENTED_EDGE('',*,*,#8713,.T.);
#10050=ORIENTED_EDGE('',*,*,#8746,.T.);
#10052=ORIENTED_EDGE('',*,*,#10051,.T.);
#10053=ORIENTED_EDGE('',*,*,#9991,.F.);
#10054=EDGE_LOOP('',(#10049,#10050,#10052,#10053));
#10055=FACE_OUTER_BOUND('',#10054,.F.);
#10056=ADVANCED_FACE('',(#10055),#10048,.F.);
#10057=CARTESIAN_POINT('',(-7.7E-1,-4.5E-1,-6.399871645095E-1));
#10058=DIRECTION('',(-1.E0,0.E0,0.E0));
#10059=DIRECTION('',(0.E0,0.E0,-1.E0));
#10060=AXIS2_PLACEMENT_3D('',#10057,#10058,#10059);
#10061=CYLINDRICAL_SURFACE('',#10060,9.E-2);
#10062=ORIENTED_EDGE('',*,*,#8744,.T.);
#10064=ORIENTED_EDGE('',*,*,#10063,.T.);
#10065=ORIENTED_EDGE('',*,*,#9993,.F.);
#10066=ORIENTED_EDGE('',*,*,#10051,.F.);
#10067=EDGE_LOOP('',(#10062,#10064,#10065,#10066));
#10068=FACE_OUTER_BOUND('',#10067,.F.);
#10069=ADVANCED_FACE('',(#10068),#10061,.T.);
#10070=CARTESIAN_POINT('',(-7.7E-1,-5.189439998807E-1,-5.821362796377E-1));
#10071=DIRECTION('',(0.E0,7.660444431190E-1,-6.427876096866E-1));
#10072=DIRECTION('',(0.E0,6.427876096866E-1,7.660444431190E-1));
#10073=AXIS2_PLACEMENT_3D('',#10070,#10071,#10072);
#10074=PLANE('',#10073);
#10075=ORIENTED_EDGE('',*,*,#8742,.T.);
#10077=ORIENTED_EDGE('',*,*,#10076,.T.);
#10078=ORIENTED_EDGE('',*,*,#9995,.F.);
#10079=ORIENTED_EDGE('',*,*,#10063,.F.);
#10080=EDGE_LOOP('',(#10075,#10077,#10078,#10079));
#10081=FACE_OUTER_BOUND('',#10080,.F.);
#10082=ADVANCED_FACE('',(#10081),#10074,.F.);
#10083=CARTESIAN_POINT('',(-7.7E-1,-4.64E-1,-6.1E-1));
#10084=DIRECTION('',(-1.E0,0.E0,0.E0));
#10085=DIRECTION('',(0.E0,0.E0,-1.E0));
#10086=AXIS2_PLACEMENT_3D('',#10083,#10084,#10085);
#10087=CYLINDRICAL_SURFACE('',#10086,6.E-2);
#10088=ORIENTED_EDGE('',*,*,#8740,.T.);
#10090=ORIENTED_EDGE('',*,*,#10089,.T.);
#10091=ORIENTED_EDGE('',*,*,#9997,.F.);
#10092=ORIENTED_EDGE('',*,*,#10076,.F.);
#10093=EDGE_LOOP('',(#10088,#10090,#10091,#10092));
#10094=FACE_OUTER_BOUND('',#10093,.F.);
#10095=ADVANCED_FACE('',(#10094),#10087,.T.);
#10096=CARTESIAN_POINT('',(-7.7E-1,-4.380029285193E-1,-5.559245686617E-1));
#10097=DIRECTION('',(0.E0,-4.332845246781E-1,-9.012571889724E-1));
#10098=DIRECTION('',(0.E0,9.012571889724E-1,-4.332845246781E-1));
#10099=AXIS2_PLACEMENT_3D('',#10096,#10097,#10098);
#10100=PLANE('',#10099);
#10101=ORIENTED_EDGE('',*,*,#8738,.T.);
#10103=ORIENTED_EDGE('',*,*,#10102,.T.);
#10104=ORIENTED_EDGE('',*,*,#9999,.F.);
#10105=ORIENTED_EDGE('',*,*,#10089,.F.);
#10106=EDGE_LOOP('',(#10101,#10103,#10104,#10105));
#10107=FACE_OUTER_BOUND('',#10106,.F.);
#10108=ADVANCED_FACE('',(#10107),#10100,.F.);
#10109=CARTESIAN_POINT('',(-7.7E-1,-3.34E-1,-6.059245686617E-1));
#10110=DIRECTION('',(0.E0,-9.012571889724E-1,4.332845246781E-1));
#10111=DIRECTION('',(0.E0,-4.332845246781E-1,-9.012571889724E-1));
#10112=AXIS2_PLACEMENT_3D('',#10109,#10110,#10111);
#10113=PLANE('',#10112);
#10114=ORIENTED_EDGE('',*,*,#8736,.T.);
#10116=ORIENTED_EDGE('',*,*,#10115,.T.);
#10117=ORIENTED_EDGE('',*,*,#10001,.F.);
#10118=ORIENTED_EDGE('',*,*,#10102,.F.);
#10119=EDGE_LOOP('',(#10114,#10116,#10117,#10118));
#10120=FACE_OUTER_BOUND('',#10119,.F.);
#10121=ADVANCED_FACE('',(#10120),#10113,.F.);
#10122=CARTESIAN_POINT('',(-8.1E-1,-5.4E-1,-6.4E-1));
#10123=DIRECTION('',(0.E0,0.E0,-1.E0));
#10124=DIRECTION('',(1.E0,0.E0,0.E0));
#10125=AXIS2_PLACEMENT_3D('',#10122,#10123,#10124);
#10126=PLANE('',#10125);
#10127=ORIENTED_EDGE('',*,*,#8734,.T.);
#10129=ORIENTED_EDGE('',*,*,#10128,.F.);
#10131=ORIENTED_EDGE('',*,*,#10130,.T.);
#10132=ORIENTED_EDGE('',*,*,#8986,.T.);
#10133=ORIENTED_EDGE('',*,*,#9361,.T.);
#10135=ORIENTED_EDGE('',*,*,#10134,.T.);
#10137=ORIENTED_EDGE('',*,*,#10136,.T.);
#10139=ORIENTED_EDGE('',*,*,#10138,.F.);
#10140=ORIENTED_EDGE('',*,*,#9353,.T.);
#10142=ORIENTED_EDGE('',*,*,#10141,.T.);
#10144=ORIENTED_EDGE('',*,*,#10143,.T.);
#10146=ORIENTED_EDGE('',*,*,#10145,.F.);
#10147=ORIENTED_EDGE('',*,*,#9345,.T.);
#10149=ORIENTED_EDGE('',*,*,#10148,.T.);
#10151=ORIENTED_EDGE('',*,*,#10150,.T.);
#10153=ORIENTED_EDGE('',*,*,#10152,.F.);
#10154=ORIENTED_EDGE('',*,*,#9337,.T.);
#10156=ORIENTED_EDGE('',*,*,#10155,.F.);
#10158=ORIENTED_EDGE('',*,*,#10157,.F.);
#10160=ORIENTED_EDGE('',*,*,#10159,.F.);
#10162=ORIENTED_EDGE('',*,*,#10161,.T.);
#10164=ORIENTED_EDGE('',*,*,#10163,.T.);
#10166=ORIENTED_EDGE('',*,*,#10165,.T.);
#10168=ORIENTED_EDGE('',*,*,#10167,.F.);
#10170=ORIENTED_EDGE('',*,*,#10169,.T.);
#10171=ORIENTED_EDGE('',*,*,#9557,.T.);
#10173=ORIENTED_EDGE('',*,*,#10172,.F.);
#10175=ORIENTED_EDGE('',*,*,#10174,.F.);
#10176=ORIENTED_EDGE('',*,*,#10003,.F.);
#10177=ORIENTED_EDGE('',*,*,#10115,.F.);
#10178=EDGE_LOOP('',(#10127,#10129,#10131,#10132,#10133,#10135,#10137,#10139,
#10140,#10142,#10144,#10146,#10147,#10149,#10151,#10153,#10154,#10156,#10158,
#10160,#10162,#10164,#10166,#10168,#10170,#10171,#10173,#10175,#10176,#10177));
#10179=FACE_OUTER_BOUND('',#10178,.F.);
#10180=ADVANCED_FACE('',(#10179),#10126,.F.);
#10181=CARTESIAN_POINT('',(0.E0,-4.4E-1,0.E0));
#10182=DIRECTION('',(0.E0,-1.E0,0.E0));
#10183=DIRECTION('',(1.E0,0.E0,0.E0));
#10184=AXIS2_PLACEMENT_3D('',#10181,#10182,#10183);
#10185=PLANE('',#10184);
#10187=ORIENTED_EDGE('',*,*,#10186,.T.);
#10188=ORIENTED_EDGE('',*,*,#10159,.T.);
#10190=ORIENTED_EDGE('',*,*,#10189,.F.);
#10192=ORIENTED_EDGE('',*,*,#10191,.F.);
#10194=ORIENTED_EDGE('',*,*,#10193,.F.);
#10195=EDGE_LOOP('',(#10187,#10188,#10190,#10192,#10194));
#10196=FACE_OUTER_BOUND('',#10195,.F.);
#10197=ADVANCED_FACE('',(#10196),#10185,.T.);
#10198=CARTESIAN_POINT('',(0.E0,-4.4E-1,0.E0));
#10199=DIRECTION('',(0.E0,-1.E0,0.E0));
#10200=DIRECTION('',(1.E0,0.E0,0.E0));
#10201=AXIS2_PLACEMENT_3D('',#10198,#10199,#10200);
#10202=PLANE('',#10201);
#10204=ORIENTED_EDGE('',*,*,#10203,.T.);
#10205=ORIENTED_EDGE('',*,*,#7596,.T.);
#10207=ORIENTED_EDGE('',*,*,#10206,.F.);
#10209=ORIENTED_EDGE('',*,*,#10208,.T.);
#10211=ORIENTED_EDGE('',*,*,#10210,.T.);
#10212=EDGE_LOOP('',(#10204,#10205,#10207,#10209,#10211));
#10213=FACE_OUTER_BOUND('',#10212,.F.);
#10214=ADVANCED_FACE('',(#10213),#10202,.T.);
#10215=CARTESIAN_POINT('',(0.E0,-4.4E-1,0.E0));
#10216=DIRECTION('',(0.E0,-1.E0,0.E0));
#10217=DIRECTION('',(1.E0,0.E0,0.E0));
#10218=AXIS2_PLACEMENT_3D('',#10215,#10216,#10217);
#10219=PLANE('',#10218);
#10221=ORIENTED_EDGE('',*,*,#10220,.F.);
#10223=ORIENTED_EDGE('',*,*,#10222,.F.);
#10225=ORIENTED_EDGE('',*,*,#10224,.F.);
#10226=ORIENTED_EDGE('',*,*,#10167,.T.);
#10227=EDGE_LOOP('',(#10221,#10223,#10225,#10226));
#10228=FACE_OUTER_BOUND('',#10227,.F.);
#10229=ADVANCED_FACE('',(#10228),#10219,.T.);
#10230=CARTESIAN_POINT('',(0.E0,-4.4E-1,0.E0));
#10231=DIRECTION('',(0.E0,-1.E0,0.E0));
#10232=DIRECTION('',(1.E0,0.E0,0.E0));
#10233=AXIS2_PLACEMENT_3D('',#10230,#10231,#10232);
#10234=PLANE('',#10233);
#10236=ORIENTED_EDGE('',*,*,#10235,.F.);
#10238=ORIENTED_EDGE('',*,*,#10237,.T.);
#10240=ORIENTED_EDGE('',*,*,#10239,.F.);
#10241=ORIENTED_EDGE('',*,*,#7646,.T.);
#10242=EDGE_LOOP('',(#10236,#10238,#10240,#10241));
#10243=FACE_OUTER_BOUND('',#10242,.F.);
#10244=ADVANCED_FACE('',(#10243),#10234,.T.);
#10245=CARTESIAN_POINT('',(0.E0,-4.4E-1,0.E0));
#10246=DIRECTION('',(0.E0,-1.E0,0.E0));
#10247=DIRECTION('',(1.E0,0.E0,0.E0));
#10248=AXIS2_PLACEMENT_3D('',#10245,#10246,#10247);
#10249=PLANE('',#10248);
#10250=ORIENTED_EDGE('',*,*,#8732,.F.);
#10251=ORIENTED_EDGE('',*,*,#8916,.T.);
#10252=ORIENTED_EDGE('',*,*,#8999,.F.);
#10254=ORIENTED_EDGE('',*,*,#10253,.T.);
#10255=ORIENTED_EDGE('',*,*,#10128,.T.);
#10256=EDGE_LOOP('',(#10250,#10251,#10252,#10254,#10255));
#10257=FACE_OUTER_BOUND('',#10256,.F.);
#10258=ADVANCED_FACE('',(#10257),#10249,.T.);
#10259=CARTESIAN_POINT('',(0.E0,-4.4E-1,0.E0));
#10260=DIRECTION('',(0.E0,-1.E0,0.E0));
#10261=DIRECTION('',(1.E0,0.E0,0.E0));
#10262=AXIS2_PLACEMENT_3D('',#10259,#10260,#10261);
#10263=PLANE('',#10262);
#10264=ORIENTED_EDGE('',*,*,#8772,.F.);
#10266=ORIENTED_EDGE('',*,*,#10265,.T.);
#10268=ORIENTED_EDGE('',*,*,#10267,.F.);
#10269=ORIENTED_EDGE('',*,*,#9204,.F.);
#10271=ORIENTED_EDGE('',*,*,#10270,.F.);
#10272=EDGE_LOOP('',(#10264,#10266,#10268,#10269,#10271));
#10273=FACE_OUTER_BOUND('',#10272,.F.);
#10274=ADVANCED_FACE('',(#10273),#10263,.T.);
#10275=CARTESIAN_POINT('',(0.E0,-4.4E-1,0.E0));
#10276=DIRECTION('',(0.E0,-1.E0,0.E0));
#10277=DIRECTION('',(1.E0,0.E0,0.E0));
#10278=AXIS2_PLACEMENT_3D('',#10275,#10276,#10277);
#10279=PLANE('',#10278);
#10280=ORIENTED_EDGE('',*,*,#10005,.T.);
#10281=ORIENTED_EDGE('',*,*,#10174,.T.);
#10283=ORIENTED_EDGE('',*,*,#10282,.F.);
#10284=ORIENTED_EDGE('',*,*,#8942,.T.);
#10285=EDGE_LOOP('',(#10280,#10281,#10283,#10284));
#10286=FACE_OUTER_BOUND('',#10285,.F.);
#10287=ADVANCED_FACE('',(#10286),#10279,.T.);
#10288=CARTESIAN_POINT('',(0.E0,-4.4E-1,0.E0));
#10289=DIRECTION('',(0.E0,-1.E0,0.E0));
#10290=DIRECTION('',(1.E0,0.E0,0.E0));
#10291=AXIS2_PLACEMENT_3D('',#10288,#10289,#10290);
#10292=PLANE('',#10291);
#10293=ORIENTED_EDGE('',*,*,#10025,.T.);
#10295=ORIENTED_EDGE('',*,*,#10294,.F.);
#10296=ORIENTED_EDGE('',*,*,#9584,.F.);
#10298=ORIENTED_EDGE('',*,*,#10297,.T.);
#10299=EDGE_LOOP('',(#10293,#10295,#10296,#10298));
#10300=FACE_OUTER_BOUND('',#10299,.F.);
#10301=ADVANCED_FACE('',(#10300),#10292,.T.);
#10302=CARTESIAN_POINT('',(7.7E-1,-5.4E-1,8.8E-1));
#10303=DIRECTION('',(1.E0,0.E0,0.E0));
#10304=DIRECTION('',(0.E0,1.E0,0.E0));
#10305=AXIS2_PLACEMENT_3D('',#10302,#10303,#10304);
#10306=PLANE('',#10305);
#10308=ORIENTED_EDGE('',*,*,#10307,.F.);
#10310=ORIENTED_EDGE('',*,*,#10309,.F.);
#10312=ORIENTED_EDGE('',*,*,#10311,.F.);
#10314=ORIENTED_EDGE('',*,*,#10313,.F.);
#10316=ORIENTED_EDGE('',*,*,#10315,.F.);
#10318=ORIENTED_EDGE('',*,*,#10317,.F.);
#10320=ORIENTED_EDGE('',*,*,#10319,.F.);
#10321=ORIENTED_EDGE('',*,*,#10161,.F.);
#10322=ORIENTED_EDGE('',*,*,#10186,.F.);
#10324=ORIENTED_EDGE('',*,*,#10323,.T.);
#10326=ORIENTED_EDGE('',*,*,#10325,.T.);
#10327=ORIENTED_EDGE('',*,*,#8676,.F.);
#10328=EDGE_LOOP('',(#10308,#10310,#10312,#10314,#10316,#10318,#10320,#10321,
#10322,#10324,#10326,#10327));
#10329=FACE_OUTER_BOUND('',#10328,.F.);
#10330=ADVANCED_FACE('',(#10329),#10306,.T.);
#10331=CARTESIAN_POINT('',(7.7E-1,-5.4E-1,8.8E-1));
#10332=DIRECTION('',(1.E0,0.E0,0.E0));
#10333=DIRECTION('',(0.E0,1.E0,0.E0));
#10334=AXIS2_PLACEMENT_3D('',#10331,#10332,#10333);
#10335=PLANE('',#10334);
#10337=ORIENTED_EDGE('',*,*,#10336,.F.);
#10338=ORIENTED_EDGE('',*,*,#9966,.T.);
#10340=ORIENTED_EDGE('',*,*,#10339,.F.);
#10341=ORIENTED_EDGE('',*,*,#7598,.F.);
#10342=ORIENTED_EDGE('',*,*,#10203,.F.);
#10344=ORIENTED_EDGE('',*,*,#10343,.F.);
#10346=ORIENTED_EDGE('',*,*,#10345,.F.);
#10348=ORIENTED_EDGE('',*,*,#10347,.F.);
#10350=ORIENTED_EDGE('',*,*,#10349,.F.);
#10352=ORIENTED_EDGE('',*,*,#10351,.F.);
#10354=ORIENTED_EDGE('',*,*,#10353,.F.);
#10356=ORIENTED_EDGE('',*,*,#10355,.F.);
#10357=EDGE_LOOP('',(#10337,#10338,#10340,#10341,#10342,#10344,#10346,#10348,
#10350,#10352,#10354,#10356));
#10358=FACE_OUTER_BOUND('',#10357,.F.);
#10359=ADVANCED_FACE('',(#10358),#10335,.T.);
#10360=CARTESIAN_POINT('',(5.886941811738E0,-4.2E-1,-8.3E-1));
#10361=DIRECTION('',(-1.E0,0.E0,0.E0));
#10362=DIRECTION('',(0.E0,0.E0,-1.E0));
#10363=AXIS2_PLACEMENT_3D('',#10360,#10361,#10362);
#10364=CYLINDRICAL_SURFACE('',#10363,1.2E-1);
#10366=ORIENTED_EDGE('',*,*,#10365,.T.);
#10368=ORIENTED_EDGE('',*,*,#10367,.F.);
#10369=ORIENTED_EDGE('',*,*,#10307,.T.);
#10370=ORIENTED_EDGE('',*,*,#8674,.T.);
#10371=EDGE_LOOP('',(#10366,#10368,#10369,#10370));
#10372=FACE_OUTER_BOUND('',#10371,.F.);
#10373=ADVANCED_FACE('',(#10372),#10364,.T.);
#10374=CARTESIAN_POINT('',(6.3E-1,-1.6E-1,8.8E-1));
#10375=DIRECTION('',(-1.E0,0.E0,0.E0));
#10376=DIRECTION('',(0.E0,-1.E0,0.E0));
#10377=AXIS2_PLACEMENT_3D('',#10374,#10375,#10376);
#10378=PLANE('',#10377);
#10379=ORIENTED_EDGE('',*,*,#10365,.F.);
#10380=ORIENTED_EDGE('',*,*,#8701,.F.);
#10382=ORIENTED_EDGE('',*,*,#10381,.F.);
#10384=ORIENTED_EDGE('',*,*,#10383,.F.);
#10385=ORIENTED_EDGE('',*,*,#10220,.T.);
#10386=ORIENTED_EDGE('',*,*,#10165,.F.);
#10388=ORIENTED_EDGE('',*,*,#10387,.F.);
#10390=ORIENTED_EDGE('',*,*,#10389,.F.);
#10392=ORIENTED_EDGE('',*,*,#10391,.F.);
#10394=ORIENTED_EDGE('',*,*,#10393,.F.);
#10396=ORIENTED_EDGE('',*,*,#10395,.F.);
#10398=ORIENTED_EDGE('',*,*,#10397,.T.);
#10399=EDGE_LOOP('',(#10379,#10380,#10382,#10384,#10385,#10386,#10388,#10390,
#10392,#10394,#10396,#10398));
#10400=FACE_OUTER_BOUND('',#10399,.F.);
#10401=ADVANCED_FACE('',(#10400),#10378,.T.);
#10402=CARTESIAN_POINT('',(6.3E-1,-1.6E-1,8.8E-1));
#10403=DIRECTION('',(-1.E0,0.E0,0.E0));
#10404=DIRECTION('',(0.E0,-1.E0,0.E0));
#10405=AXIS2_PLACEMENT_3D('',#10402,#10403,#10404);
#10406=PLANE('',#10405);
#10408=ORIENTED_EDGE('',*,*,#10407,.F.);
#10410=ORIENTED_EDGE('',*,*,#10409,.T.);
#10412=ORIENTED_EDGE('',*,*,#10411,.F.);
#10414=ORIENTED_EDGE('',*,*,#10413,.F.);
#10416=ORIENTED_EDGE('',*,*,#10415,.F.);
#10418=ORIENTED_EDGE('',*,*,#10417,.F.);
#10420=ORIENTED_EDGE('',*,*,#10419,.F.);
#10422=ORIENTED_EDGE('',*,*,#10421,.T.);
#10423=ORIENTED_EDGE('',*,*,#10235,.T.);
#10424=ORIENTED_EDGE('',*,*,#7644,.T.);
#10426=ORIENTED_EDGE('',*,*,#10425,.T.);
#10427=ORIENTED_EDGE('',*,*,#9940,.T.);
#10428=EDGE_LOOP('',(#10408,#10410,#10412,#10414,#10416,#10418,#10420,#10422,
#10423,#10424,#10426,#10427));
#10429=FACE_OUTER_BOUND('',#10428,.F.);
#10430=ADVANCED_FACE('',(#10429),#10406,.T.);
#10431=CARTESIAN_POINT('',(6.8E-1,-6.E-2,-8.8E-1));
#10432=DIRECTION('',(8.944271909999E-1,-4.472135955E-1,0.E0));
#10433=DIRECTION('',(-4.472135955E-1,-8.944271909999E-1,0.E0));
#10434=AXIS2_PLACEMENT_3D('',#10431,#10432,#10433);
#10435=PLANE('',#10434);
#10437=ORIENTED_EDGE('',*,*,#10436,.F.);
#10439=ORIENTED_EDGE('',*,*,#10438,.T.);
#10440=ORIENTED_EDGE('',*,*,#10381,.T.);
#10441=ORIENTED_EDGE('',*,*,#8699,.F.);
#10442=EDGE_LOOP('',(#10437,#10439,#10440,#10441));
#10443=FACE_OUTER_BOUND('',#10442,.F.);
#10444=ADVANCED_FACE('',(#10443),#10435,.F.);
#10445=CARTESIAN_POINT('',(1.155E0,-6.E-2,-8.8E-1));
#10446=DIRECTION('',(0.E0,-1.E0,0.E0));
#10447=DIRECTION('',(-1.E0,0.E0,0.E0));
#10448=AXIS2_PLACEMENT_3D('',#10445,#10446,#10447);
#10449=PLANE('',#10448);
#10451=ORIENTED_EDGE('',*,*,#10450,.F.);
#10453=ORIENTED_EDGE('',*,*,#10452,.T.);
#10454=ORIENTED_EDGE('',*,*,#10436,.T.);
#10455=ORIENTED_EDGE('',*,*,#8697,.F.);
#10456=EDGE_LOOP('',(#10451,#10453,#10454,#10455));
#10457=FACE_OUTER_BOUND('',#10456,.F.);
#10458=ADVANCED_FACE('',(#10457),#10449,.F.);
#10459=CARTESIAN_POINT('',(1.155E0,-2.8E-1,-8.8E-1));
#10460=DIRECTION('',(-1.E0,0.E0,0.E0));
#10461=DIRECTION('',(0.E0,1.E0,0.E0));
#10462=AXIS2_PLACEMENT_3D('',#10459,#10460,#10461);
#10463=PLANE('',#10462);
#10464=ORIENTED_EDGE('',*,*,#8544,.F.);
#10466=ORIENTED_EDGE('',*,*,#10465,.T.);
#10467=ORIENTED_EDGE('',*,*,#10450,.T.);
#10468=ORIENTED_EDGE('',*,*,#8695,.F.);
#10469=EDGE_LOOP('',(#10464,#10466,#10467,#10468));
#10470=FACE_OUTER_BOUND('',#10469,.F.);
#10471=ADVANCED_FACE('',(#10470),#10463,.F.);
#10472=CARTESIAN_POINT('',(5.9E-1,0.E0,-8.8E-1));
#10473=DIRECTION('',(0.E0,0.E0,1.E0));
#10474=DIRECTION('',(1.E0,0.E0,0.E0));
#10475=AXIS2_PLACEMENT_3D('',#10472,#10473,#10474);
#10476=PLANE('',#10475);
#10477=ORIENTED_EDGE('',*,*,#7673,.T.);
#10479=ORIENTED_EDGE('',*,*,#10478,.F.);
#10481=ORIENTED_EDGE('',*,*,#10480,.F.);
#10483=ORIENTED_EDGE('',*,*,#10482,.F.);
#10485=ORIENTED_EDGE('',*,*,#10484,.F.);
#10487=ORIENTED_EDGE('',*,*,#10486,.F.);
#10488=ORIENTED_EDGE('',*,*,#10323,.F.);
#10489=ORIENTED_EDGE('',*,*,#10193,.T.);
#10491=ORIENTED_EDGE('',*,*,#10490,.F.);
#10492=ORIENTED_EDGE('',*,*,#7970,.T.);
#10493=EDGE_LOOP('',(#10477,#10479,#10481,#10483,#10485,#10487,#10488,#10489,
#10491,#10492));
#10494=FACE_OUTER_BOUND('',#10493,.F.);
#10495=ADVANCED_FACE('',(#10494),#10476,.F.);
#10496=CARTESIAN_POINT('',(5.9E-1,0.E0,-8.8E-1));
#10497=DIRECTION('',(0.E0,0.E0,1.E0));
#10498=DIRECTION('',(1.E0,0.E0,0.E0));
#10499=AXIS2_PLACEMENT_3D('',#10496,#10497,#10498);
#10500=PLANE('',#10499);
#10501=ORIENTED_EDGE('',*,*,#8596,.T.);
#10503=ORIENTED_EDGE('',*,*,#10502,.F.);
#10504=ORIENTED_EDGE('',*,*,#8010,.T.);
#10506=ORIENTED_EDGE('',*,*,#10505,.T.);
#10507=EDGE_LOOP('',(#10501,#10503,#10504,#10506));
#10508=FACE_OUTER_BOUND('',#10507,.F.);
#10509=ADVANCED_FACE('',(#10508),#10500,.F.);
#10510=CARTESIAN_POINT('',(5.9E-1,0.E0,-8.8E-1));
#10511=DIRECTION('',(0.E0,0.E0,1.E0));
#10512=DIRECTION('',(1.E0,0.E0,0.E0));
#10513=AXIS2_PLACEMENT_3D('',#10510,#10511,#10512);
#10514=PLANE('',#10513);
#10515=ORIENTED_EDGE('',*,*,#8542,.F.);
#10517=ORIENTED_EDGE('',*,*,#10516,.T.);
#10518=ORIENTED_EDGE('',*,*,#9656,.T.);
#10520=ORIENTED_EDGE('',*,*,#10519,.F.);
#10521=ORIENTED_EDGE('',*,*,#7550,.T.);
#10523=ORIENTED_EDGE('',*,*,#10522,.T.);
#10525=ORIENTED_EDGE('',*,*,#10524,.T.);
#10527=ORIENTED_EDGE('',*,*,#10526,.T.);
#10528=ORIENTED_EDGE('',*,*,#10222,.T.);
#10529=ORIENTED_EDGE('',*,*,#10383,.T.);
#10530=ORIENTED_EDGE('',*,*,#10438,.F.);
#10531=ORIENTED_EDGE('',*,*,#10452,.F.);
#10532=ORIENTED_EDGE('',*,*,#10465,.F.);
#10533=EDGE_LOOP('',(#10515,#10517,#10518,#10520,#10521,#10523,#10525,#10527,
#10528,#10529,#10530,#10531,#10532));
#10534=FACE_OUTER_BOUND('',#10533,.F.);
#10535=ADVANCED_FACE('',(#10534),#10514,.F.);
#10536=CARTESIAN_POINT('',(9.75E-1,-3.5E-1,-8.8E-1));
#10537=DIRECTION('',(0.E0,-1.E0,0.E0));
#10538=DIRECTION('',(-1.E0,0.E0,0.E0));
#10539=AXIS2_PLACEMENT_3D('',#10536,#10537,#10538);
#10540=PLANE('',#10539);
#10542=ORIENTED_EDGE('',*,*,#10541,.F.);
#10543=ORIENTED_EDGE('',*,*,#10478,.T.);
#10544=ORIENTED_EDGE('',*,*,#7671,.T.);
#10545=ORIENTED_EDGE('',*,*,#8686,.F.);
#10546=EDGE_LOOP('',(#10542,#10543,#10544,#10545));
#10547=FACE_OUTER_BOUND('',#10546,.F.);
#10548=ADVANCED_FACE('',(#10547),#10540,.F.);
#10549=CARTESIAN_POINT('',(9.75E-1,-2.3E-1,-8.8E-1));
#10550=DIRECTION('',(1.E0,0.E0,0.E0));
#10551=DIRECTION('',(0.E0,-1.E0,0.E0));
#10552=AXIS2_PLACEMENT_3D('',#10549,#10550,#10551);
#10553=PLANE('',#10552);
#10555=ORIENTED_EDGE('',*,*,#10554,.F.);
#10556=ORIENTED_EDGE('',*,*,#10480,.T.);
#10557=ORIENTED_EDGE('',*,*,#10541,.T.);
#10558=ORIENTED_EDGE('',*,*,#8684,.F.);
#10559=EDGE_LOOP('',(#10555,#10556,#10557,#10558));
#10560=FACE_OUTER_BOUND('',#10559,.F.);
#10561=ADVANCED_FACE('',(#10560),#10553,.F.);
#10562=CARTESIAN_POINT('',(7.85E-1,-2.3E-1,-8.8E-1));
#10563=DIRECTION('',(0.E0,1.E0,0.E0));
#10564=DIRECTION('',(1.E0,0.E0,0.E0));
#10565=AXIS2_PLACEMENT_3D('',#10562,#10563,#10564);
#10566=PLANE('',#10565);
#10568=ORIENTED_EDGE('',*,*,#10567,.F.);
#10569=ORIENTED_EDGE('',*,*,#10482,.T.);
#10570=ORIENTED_EDGE('',*,*,#10554,.T.);
#10571=ORIENTED_EDGE('',*,*,#8682,.F.);
#10572=EDGE_LOOP('',(#10568,#10569,#10570,#10571));
#10573=FACE_OUTER_BOUND('',#10572,.F.);
#10574=ADVANCED_FACE('',(#10573),#10566,.F.);
#10575=CARTESIAN_POINT('',(7.85E-1,-3.5E-1,-8.8E-1));
#10576=DIRECTION('',(-1.E0,0.E0,0.E0));
#10577=DIRECTION('',(0.E0,1.E0,0.E0));
#10578=AXIS2_PLACEMENT_3D('',#10575,#10576,#10577);
#10579=PLANE('',#10578);
#10581=ORIENTED_EDGE('',*,*,#10580,.F.);
#10582=ORIENTED_EDGE('',*,*,#10484,.T.);
#10583=ORIENTED_EDGE('',*,*,#10567,.T.);
#10584=ORIENTED_EDGE('',*,*,#8680,.F.);
#10585=EDGE_LOOP('',(#10581,#10582,#10583,#10584));
#10586=FACE_OUTER_BOUND('',#10585,.F.);
#10587=ADVANCED_FACE('',(#10586),#10579,.F.);
#10588=CARTESIAN_POINT('',(7.7E-1,-3.76E-1,-8.8E-1));
#10589=DIRECTION('',(-8.661855860486E-1,4.997224534896E-1,0.E0));
#10590=DIRECTION('',(4.997224534896E-1,8.661855860486E-1,0.E0));
#10591=AXIS2_PLACEMENT_3D('',#10588,#10589,#10590);
#10592=PLANE('',#10591);
#10593=ORIENTED_EDGE('',*,*,#10325,.F.);
#10594=ORIENTED_EDGE('',*,*,#10486,.T.);
#10595=ORIENTED_EDGE('',*,*,#10580,.T.);
#10596=ORIENTED_EDGE('',*,*,#8678,.F.);
#10597=EDGE_LOOP('',(#10593,#10594,#10595,#10596));
#10598=FACE_OUTER_BOUND('',#10597,.F.);
#10599=ADVANCED_FACE('',(#10598),#10592,.F.);
#10600=CARTESIAN_POINT('',(8.1E-1,-5.4E-1,-6.4E-1));
#10601=DIRECTION('',(1.E0,0.E0,0.E0));
#10602=DIRECTION('',(0.E0,0.E0,1.E0));
#10603=AXIS2_PLACEMENT_3D('',#10600,#10601,#10602);
#10604=PLANE('',#10603);
#10606=ORIENTED_EDGE('',*,*,#10605,.T.);
#10607=ORIENTED_EDGE('',*,*,#10155,.T.);
#10608=ORIENTED_EDGE('',*,*,#9335,.T.);
#10610=ORIENTED_EDGE('',*,*,#10609,.F.);
#10611=EDGE_LOOP('',(#10606,#10607,#10608,#10610));
#10612=FACE_OUTER_BOUND('',#10611,.F.);
#10613=ADVANCED_FACE('',(#10612),#10604,.F.);
#10614=CARTESIAN_POINT('',(8.1E-1,-5.4E-1,-6.4E-1));
#10615=DIRECTION('',(1.E0,0.E0,0.E0));
#10616=DIRECTION('',(0.E0,0.E0,1.E0));
#10617=AXIS2_PLACEMENT_3D('',#10614,#10615,#10616);
#10618=PLANE('',#10617);
#10619=ORIENTED_EDGE('',*,*,#7927,.F.);
#10620=ORIENTED_EDGE('',*,*,#7972,.T.);
#10621=ORIENTED_EDGE('',*,*,#10490,.T.);
#10622=ORIENTED_EDGE('',*,*,#10191,.T.);
#10623=ORIENTED_EDGE('',*,*,#7842,.F.);
#10624=EDGE_LOOP('',(#10619,#10620,#10621,#10622,#10623));
#10625=FACE_OUTER_BOUND('',#10624,.F.);
#10626=ADVANCED_FACE('',(#10625),#10618,.F.);
#10627=CARTESIAN_POINT('',(8.1E-1,-3.8E-1,-6.3E-1));
#10628=DIRECTION('',(0.E0,-1.E0,0.E0));
#10629=DIRECTION('',(1.E0,0.E0,0.E0));
#10630=AXIS2_PLACEMENT_3D('',#10627,#10628,#10629);
#10631=PLANE('',#10630);
#10633=ORIENTED_EDGE('',*,*,#10632,.F.);
#10634=ORIENTED_EDGE('',*,*,#10605,.F.);
#10636=ORIENTED_EDGE('',*,*,#10635,.T.);
#10638=ORIENTED_EDGE('',*,*,#10637,.T.);
#10639=ORIENTED_EDGE('',*,*,#7846,.F.);
#10640=EDGE_LOOP('',(#10633,#10634,#10636,#10638,#10639));
#10641=FACE_OUTER_BOUND('',#10640,.F.);
#10642=ADVANCED_FACE('',(#10641),#10631,.T.);
#10643=CARTESIAN_POINT('',(8.1E-1,-5.4E-1,-6.3E-1));
#10644=DIRECTION('',(1.E0,0.E0,0.E0));
#10645=DIRECTION('',(0.E0,1.E0,0.E0));
#10646=AXIS2_PLACEMENT_3D('',#10643,#10644,#10645);
#10647=PLANE('',#10646);
#10648=ORIENTED_EDGE('',*,*,#7844,.F.);
#10649=ORIENTED_EDGE('',*,*,#10189,.T.);
#10650=ORIENTED_EDGE('',*,*,#10157,.T.);
#10651=ORIENTED_EDGE('',*,*,#10632,.T.);
#10652=EDGE_LOOP('',(#10648,#10649,#10650,#10651));
#10653=FACE_OUTER_BOUND('',#10652,.F.);
#10654=ADVANCED_FACE('',(#10653),#10647,.T.);
#10655=CARTESIAN_POINT('',(8.1E-1,-5.4E-1,-6.3E-1));
#10656=DIRECTION('',(0.E0,0.E0,-1.E0));
#10657=DIRECTION('',(1.E0,0.E0,0.E0));
#10658=AXIS2_PLACEMENT_3D('',#10655,#10656,#10657);
#10659=PLANE('',#10658);
#10660=ORIENTED_EDGE('',*,*,#10635,.F.);
#10661=ORIENTED_EDGE('',*,*,#10609,.T.);
#10662=ORIENTED_EDGE('',*,*,#9333,.T.);
#10663=ORIENTED_EDGE('',*,*,#8244,.F.);
#10665=ORIENTED_EDGE('',*,*,#10664,.T.);
#10667=ORIENTED_EDGE('',*,*,#10666,.F.);
#10668=EDGE_LOOP('',(#10660,#10661,#10662,#10663,#10665,#10667));
#10669=FACE_OUTER_BOUND('',#10668,.F.);
#10670=ADVANCED_FACE('',(#10669),#10659,.F.);
#10671=CARTESIAN_POINT('',(9.45E-1,-3.E-1,-6.3E-1));
#10672=DIRECTION('',(0.E0,-1.E0,0.E0));
#10673=DIRECTION('',(1.E0,0.E0,0.E0));
#10674=AXIS2_PLACEMENT_3D('',#10671,#10672,#10673);
#10675=PLANE('',#10674);
#10677=ORIENTED_EDGE('',*,*,#10676,.F.);
#10678=ORIENTED_EDGE('',*,*,#10664,.F.);
#10679=ORIENTED_EDGE('',*,*,#8242,.T.);
#10680=ORIENTED_EDGE('',*,*,#7884,.F.);
#10681=EDGE_LOOP('',(#10677,#10678,#10679,#10680));
#10682=FACE_OUTER_BOUND('',#10681,.F.);
#10683=ADVANCED_FACE('',(#10682),#10675,.T.);
#10684=CARTESIAN_POINT('',(8.65E-1,-3.8E-1,-6.3E-1));
#10685=DIRECTION('',(7.071067811865E-1,-7.071067811865E-1,0.E0));
#10686=DIRECTION('',(7.071067811865E-1,7.071067811865E-1,0.E0));
#10687=AXIS2_PLACEMENT_3D('',#10684,#10685,#10686);
#10688=PLANE('',#10687);
#10689=ORIENTED_EDGE('',*,*,#7848,.F.);
#10690=ORIENTED_EDGE('',*,*,#10637,.F.);
#10691=ORIENTED_EDGE('',*,*,#10666,.T.);
#10692=ORIENTED_EDGE('',*,*,#10676,.T.);
#10693=ORIENTED_EDGE('',*,*,#7882,.F.);
#10694=EDGE_LOOP('',(#10689,#10690,#10691,#10692,#10693));
#10695=FACE_OUTER_BOUND('',#10694,.F.);
#10696=ADVANCED_FACE('',(#10695),#10688,.T.);
#10697=CARTESIAN_POINT('',(1.35E0,-5.4E-1,8.8E-1));
#10698=DIRECTION('',(1.E0,0.E0,0.E0));
#10699=DIRECTION('',(0.E0,1.E0,0.E0));
#10700=AXIS2_PLACEMENT_3D('',#10697,#10698,#10699);
#10701=PLANE('',#10700);
#10702=ORIENTED_EDGE('',*,*,#7814,.F.);
#10703=ORIENTED_EDGE('',*,*,#7944,.F.);
#10704=ORIENTED_EDGE('',*,*,#8001,.T.);
#10705=ORIENTED_EDGE('',*,*,#10502,.T.);
#10706=ORIENTED_EDGE('',*,*,#8594,.T.);
#10707=ORIENTED_EDGE('',*,*,#8690,.F.);
#10708=ORIENTED_EDGE('',*,*,#7728,.T.);
#10709=EDGE_LOOP('',(#10702,#10703,#10704,#10705,#10706,#10707,#10708));
#10710=FACE_OUTER_BOUND('',#10709,.F.);
#10711=ADVANCED_FACE('',(#10710),#10701,.T.);
#10712=CARTESIAN_POINT('',(1.35E0,-5.4E-1,8.8E-1));
#10713=DIRECTION('',(1.E0,0.E0,0.E0));
#10714=DIRECTION('',(0.E0,1.E0,0.E0));
#10715=AXIS2_PLACEMENT_3D('',#10712,#10713,#10714);
#10716=PLANE('',#10715);
#10718=ORIENTED_EDGE('',*,*,#10717,.F.);
#10720=ORIENTED_EDGE('',*,*,#10719,.T.);
#10721=ORIENTED_EDGE('',*,*,#9951,.T.);
#10722=ORIENTED_EDGE('',*,*,#8620,.F.);
#10723=ORIENTED_EDGE('',*,*,#7622,.F.);
#10724=ORIENTED_EDGE('',*,*,#7982,.T.);
#10725=ORIENTED_EDGE('',*,*,#8108,.T.);
#10726=EDGE_LOOP('',(#10718,#10720,#10721,#10722,#10723,#10724,#10725));
#10727=FACE_OUTER_BOUND('',#10726,.F.);
#10728=ADVANCED_FACE('',(#10727),#10716,.T.);
#10729=CARTESIAN_POINT('',(1.265E0,-5.384442946405E-1,7.116037735849E-1));
#10730=DIRECTION('',(5.432512781573E-1,0.E0,-8.395701571522E-1));
#10731=DIRECTION('',(-8.395701571522E-1,0.E0,-5.432512781573E-1));
#10732=AXIS2_PLACEMENT_3D('',#10729,#10730,#10731);
#10733=PLANE('',#10732);
#10734=ORIENTED_EDGE('',*,*,#8106,.T.);
#10736=ORIENTED_EDGE('',*,*,#10735,.T.);
#10737=ORIENTED_EDGE('',*,*,#7790,.F.);
#10739=ORIENTED_EDGE('',*,*,#10738,.T.);
#10741=ORIENTED_EDGE('',*,*,#10740,.T.);
#10742=ORIENTED_EDGE('',*,*,#10717,.T.);
#10743=EDGE_LOOP('',(#10734,#10736,#10737,#10739,#10741,#10742));
#10744=FACE_OUTER_BOUND('',#10743,.F.);
#10745=ADVANCED_FACE('',(#10744),#10733,.T.);
#10746=CARTESIAN_POINT('',(1.0525E0,-5.1E-1,7.7E-1));
#10747=DIRECTION('',(0.E0,-7.071067811865E-1,-7.071067811865E-1));
#10748=DIRECTION('',(0.E0,7.071067811865E-1,-7.071067811865E-1));
#10749=AXIS2_PLACEMENT_3D('',#10746,#10747,#10748);
#10750=PLANE('',#10749);
#10751=ORIENTED_EDGE('',*,*,#8161,.F.);
#10752=ORIENTED_EDGE('',*,*,#7792,.F.);
#10753=ORIENTED_EDGE('',*,*,#10735,.F.);
#10754=EDGE_LOOP('',(#10751,#10752,#10753));
#10755=FACE_OUTER_BOUND('',#10754,.F.);
#10756=ADVANCED_FACE('',(#10755),#10750,.F.);
#10757=CARTESIAN_POINT('',(8.85E-1,-4.84E-1,7.4E-1));
#10758=DIRECTION('',(-1.E0,0.E0,0.E0));
#10759=DIRECTION('',(0.E0,0.E0,-1.E0));
#10760=AXIS2_PLACEMENT_3D('',#10757,#10758,#10759);
#10761=CYLINDRICAL_SURFACE('',#10760,1.2E-1);
#10763=ORIENTED_EDGE('',*,*,#10762,.T.);
#10764=ORIENTED_EDGE('',*,*,#10738,.F.);
#10765=ORIENTED_EDGE('',*,*,#7800,.T.);
#10767=ORIENTED_EDGE('',*,*,#10766,.T.);
#10768=ORIENTED_EDGE('',*,*,#7703,.T.);
#10769=EDGE_LOOP('',(#10763,#10764,#10765,#10767,#10768));
#10770=FACE_OUTER_BOUND('',#10769,.F.);
#10771=ADVANCED_FACE('',(#10770),#10761,.T.);
#10772=CARTESIAN_POINT('',(8.85E-1,-5.858867924528E-1,6.766037735849E-1));
#10773=DIRECTION('',(0.E0,-8.490566037736E-1,-5.283018867925E-1));
#10774=DIRECTION('',(0.E0,-5.283018867925E-1,8.490566037736E-1));
#10775=AXIS2_PLACEMENT_3D('',#10772,#10773,#10774);
#10776=PLANE('',#10775);
#10778=ORIENTED_EDGE('',*,*,#10777,.T.);
#10779=ORIENTED_EDGE('',*,*,#10740,.F.);
#10780=ORIENTED_EDGE('',*,*,#10762,.F.);
#10781=ORIENTED_EDGE('',*,*,#7701,.T.);
#10782=EDGE_LOOP('',(#10778,#10779,#10780,#10781));
#10783=FACE_OUTER_BOUND('',#10782,.F.);
#10784=ADVANCED_FACE('',(#10783),#10776,.T.);
#10785=CARTESIAN_POINT('',(8.85E-1,-5.4E-1,8.3E-1));
#10786=DIRECTION('',(-1.E0,0.E0,0.E0));
#10787=DIRECTION('',(0.E0,0.E0,-1.E0));
#10788=AXIS2_PLACEMENT_3D('',#10785,#10786,#10787);
#10789=CYLINDRICAL_SURFACE('',#10788,1.2E-1);
#10790=ORIENTED_EDGE('',*,*,#10777,.F.);
#10791=ORIENTED_EDGE('',*,*,#7699,.T.);
#10792=ORIENTED_EDGE('',*,*,#9953,.T.);
#10793=ORIENTED_EDGE('',*,*,#10719,.F.);
#10794=EDGE_LOOP('',(#10790,#10791,#10792,#10793));
#10795=FACE_OUTER_BOUND('',#10794,.F.);
#10796=ADVANCED_FACE('',(#10795),#10789,.T.);
#10797=CARTESIAN_POINT('',(8.85E-1,-3.6E-1,6.2E-1));
#10798=DIRECTION('',(0.E0,0.E0,-1.E0));
#10799=DIRECTION('',(0.E0,-1.E0,0.E0));
#10800=AXIS2_PLACEMENT_3D('',#10797,#10798,#10799);
#10801=PLANE('',#10800);
#10802=ORIENTED_EDGE('',*,*,#7705,.T.);
#10803=ORIENTED_EDGE('',*,*,#10766,.F.);
#10804=ORIENTED_EDGE('',*,*,#7798,.F.);
#10806=ORIENTED_EDGE('',*,*,#10805,.T.);
#10807=EDGE_LOOP('',(#10802,#10803,#10804,#10806));
#10808=FACE_OUTER_BOUND('',#10807,.F.);
#10809=ADVANCED_FACE('',(#10808),#10801,.T.);
#10810=CARTESIAN_POINT('',(8.85E-1,-3.6E-1,9.5E-1));
#10811=DIRECTION('',(0.E0,1.E0,0.E0));
#10812=DIRECTION('',(0.E0,0.E0,-1.E0));
#10813=AXIS2_PLACEMENT_3D('',#10810,#10811,#10812);
#10814=PLANE('',#10813);
#10815=ORIENTED_EDGE('',*,*,#7796,.T.);
#10816=ORIENTED_EDGE('',*,*,#8172,.T.);
#10817=ORIENTED_EDGE('',*,*,#7707,.T.);
#10818=ORIENTED_EDGE('',*,*,#10805,.F.);
#10819=EDGE_LOOP('',(#10815,#10816,#10817,#10818));
#10820=FACE_OUTER_BOUND('',#10819,.F.);
#10821=ADVANCED_FACE('',(#10820),#10814,.T.);
#10822=CARTESIAN_POINT('',(1.5E0,0.E0,-6.15E-1));
#10823=DIRECTION('',(-1.E0,0.E0,0.E0));
#10824=DIRECTION('',(0.E0,0.E0,1.E0));
#10825=AXIS2_PLACEMENT_3D('',#10822,#10823,#10824);
#10826=PLANE('',#10825);
#10828=ORIENTED_EDGE('',*,*,#10827,.F.);
#10830=ORIENTED_EDGE('',*,*,#10829,.F.);
#10831=ORIENTED_EDGE('',*,*,#7562,.F.);
#10833=ORIENTED_EDGE('',*,*,#10832,.T.);
#10834=EDGE_LOOP('',(#10828,#10830,#10831,#10833));
#10835=FACE_OUTER_BOUND('',#10834,.F.);
#10836=ADVANCED_FACE('',(#10835),#10826,.F.);
#10837=CARTESIAN_POINT('',(1.5E0,0.E0,-6.15E-1));
#10838=DIRECTION('',(-1.E0,0.E0,0.E0));
#10839=DIRECTION('',(0.E0,0.E0,1.E0));
#10840=AXIS2_PLACEMENT_3D('',#10837,#10838,#10839);
#10841=PLANE('',#10840);
#10843=ORIENTED_EDGE('',*,*,#10842,.F.);
#10845=ORIENTED_EDGE('',*,*,#10844,.F.);
#10846=ORIENTED_EDGE('',*,*,#7570,.F.);
#10848=ORIENTED_EDGE('',*,*,#10847,.T.);
#10849=EDGE_LOOP('',(#10843,#10845,#10846,#10848));
#10850=FACE_OUTER_BOUND('',#10849,.F.);
#10851=ADVANCED_FACE('',(#10850),#10841,.F.);
#10852=CARTESIAN_POINT('',(1.5E0,0.E0,-6.15E-1));
#10853=DIRECTION('',(-1.E0,0.E0,0.E0));
#10854=DIRECTION('',(0.E0,0.E0,1.E0));
#10855=AXIS2_PLACEMENT_3D('',#10852,#10853,#10854);
#10856=PLANE('',#10855);
#10857=ORIENTED_EDGE('',*,*,#8540,.T.);
#10858=ORIENTED_EDGE('',*,*,#9744,.T.);
#10859=ORIENTED_EDGE('',*,*,#9658,.T.);
#10860=ORIENTED_EDGE('',*,*,#10516,.F.);
#10861=EDGE_LOOP('',(#10857,#10858,#10859,#10860));
#10862=FACE_OUTER_BOUND('',#10861,.F.);
#10863=ADVANCED_FACE('',(#10862),#10856,.F.);
#10864=CARTESIAN_POINT('',(1.5E0,0.E0,-6.15E-1));
#10865=DIRECTION('',(-1.E0,0.E0,0.E0));
#10866=DIRECTION('',(0.E0,0.E0,1.E0));
#10867=AXIS2_PLACEMENT_3D('',#10864,#10865,#10866);
#10868=PLANE('',#10867);
#10869=ORIENTED_EDGE('',*,*,#8563,.T.);
#10870=ORIENTED_EDGE('',*,*,#7634,.T.);
#10871=ORIENTED_EDGE('',*,*,#9669,.T.);
#10872=ORIENTED_EDGE('',*,*,#8464,.F.);
#10873=EDGE_LOOP('',(#10869,#10870,#10871,#10872));
#10874=FACE_OUTER_BOUND('',#10873,.F.);
#10875=ADVANCED_FACE('',(#10874),#10868,.F.);
#10876=CARTESIAN_POINT('',(1.5E0,0.E0,-6.15E-1));
#10877=DIRECTION('',(-1.E0,0.E0,0.E0));
#10878=DIRECTION('',(0.E0,0.E0,1.E0));
#10879=AXIS2_PLACEMENT_3D('',#10876,#10877,#10878);
#10880=PLANE('',#10879);
#10881=ORIENTED_EDGE('',*,*,#8598,.F.);
#10882=ORIENTED_EDGE('',*,*,#10505,.F.);
#10883=ORIENTED_EDGE('',*,*,#8008,.T.);
#10884=ORIENTED_EDGE('',*,*,#9775,.T.);
#10885=EDGE_LOOP('',(#10881,#10882,#10883,#10884));
#10886=FACE_OUTER_BOUND('',#10885,.F.);
#10887=ADVANCED_FACE('',(#10886),#10880,.F.);
#10888=CARTESIAN_POINT('',(1.5E0,0.E0,-6.15E-1));
#10889=DIRECTION('',(-1.E0,0.E0,0.E0));
#10890=DIRECTION('',(0.E0,0.E0,1.E0));
#10891=AXIS2_PLACEMENT_3D('',#10888,#10889,#10890);
#10892=PLANE('',#10891);
#10893=ORIENTED_EDGE('',*,*,#8617,.F.);
#10894=ORIENTED_EDGE('',*,*,#8497,.F.);
#10895=ORIENTED_EDGE('',*,*,#7985,.T.);
#10896=ORIENTED_EDGE('',*,*,#7618,.T.);
#10897=EDGE_LOOP('',(#10893,#10894,#10895,#10896));
#10898=FACE_OUTER_BOUND('',#10897,.F.);
#10899=ADVANCED_FACE('',(#10898),#10892,.F.);
#10900=CARTESIAN_POINT('',(1.59E0,-1.3E-1,-5.9E-1));
#10901=DIRECTION('',(0.E0,1.E0,0.E0));
#10902=DIRECTION('',(-1.E0,0.E0,0.E0));
#10903=AXIS2_PLACEMENT_3D('',#10900,#10901,#10902);
#10904=PLANE('',#10903);
#10906=ORIENTED_EDGE('',*,*,#10905,.T.);
#10908=ORIENTED_EDGE('',*,*,#10907,.T.);
#10910=ORIENTED_EDGE('',*,*,#10909,.F.);
#10911=ORIENTED_EDGE('',*,*,#9837,.T.);
#10913=ORIENTED_EDGE('',*,*,#10912,.F.);
#10914=ORIENTED_EDGE('',*,*,#10827,.T.);
#10916=ORIENTED_EDGE('',*,*,#10915,.T.);
#10917=ORIENTED_EDGE('',*,*,#9845,.T.);
#10918=EDGE_LOOP('',(#10906,#10908,#10910,#10911,#10913,#10914,#10916,#10917));
#10919=FACE_OUTER_BOUND('',#10918,.F.);
#10920=ADVANCED_FACE('',(#10919),#10904,.T.);
#10921=CARTESIAN_POINT('',(1.59E0,-1.3E-1,-5.9E-1));
#10922=DIRECTION('',(0.E0,1.E0,0.E0));
#10923=DIRECTION('',(-1.E0,0.E0,0.E0));
#10924=AXIS2_PLACEMENT_3D('',#10921,#10922,#10923);
#10925=PLANE('',#10924);
#10927=ORIENTED_EDGE('',*,*,#10926,.F.);
#10928=ORIENTED_EDGE('',*,*,#9821,.T.);
#10930=ORIENTED_EDGE('',*,*,#10929,.F.);
#10931=ORIENTED_EDGE('',*,*,#10842,.T.);
#10933=ORIENTED_EDGE('',*,*,#10932,.T.);
#10934=ORIENTED_EDGE('',*,*,#9829,.T.);
#10936=ORIENTED_EDGE('',*,*,#10935,.T.);
#10938=ORIENTED_EDGE('',*,*,#10937,.T.);
#10939=EDGE_LOOP('',(#10927,#10928,#10930,#10931,#10933,#10934,#10936,#10938));
#10940=FACE_OUTER_BOUND('',#10939,.F.);
#10941=ADVANCED_FACE('',(#10940),#10925,.T.);
#10942=CARTESIAN_POINT('',(1.59E0,-1.3E-1,-5.95E-1));
#10943=DIRECTION('',(0.E0,0.E0,-1.E0));
#10944=DIRECTION('',(-1.E0,0.E0,0.E0));
#10945=AXIS2_PLACEMENT_3D('',#10942,#10943,#10944);
#10946=PLANE('',#10945);
#10948=ORIENTED_EDGE('',*,*,#10947,.F.);
#10950=ORIENTED_EDGE('',*,*,#10949,.F.);
#10951=ORIENTED_EDGE('',*,*,#10905,.F.);
#10952=ORIENTED_EDGE('',*,*,#9843,.T.);
#10954=ORIENTED_EDGE('',*,*,#10953,.F.);
#10956=ORIENTED_EDGE('',*,*,#10955,.F.);
#10958=ORIENTED_EDGE('',*,*,#10957,.F.);
#10960=ORIENTED_EDGE('',*,*,#10959,.T.);
#10962=ORIENTED_EDGE('',*,*,#10961,.F.);
#10964=ORIENTED_EDGE('',*,*,#10963,.T.);
#10965=EDGE_LOOP('',(#10948,#10950,#10951,#10952,#10954,#10956,#10958,#10960,
#10962,#10964));
#10966=FACE_OUTER_BOUND('',#10965,.F.);
#10967=ADVANCED_FACE('',(#10966),#10946,.T.);
#10968=CARTESIAN_POINT('',(1.63E0,-1.E-1,-4.14828E0));
#10969=DIRECTION('',(0.E0,0.E0,1.E0));
#10970=DIRECTION('',(0.E0,1.E0,0.E0));
#10971=AXIS2_PLACEMENT_3D('',#10968,#10969,#10970);
#10972=CYLINDRICAL_SURFACE('',#10971,1.2E-1);
#10974=ORIENTED_EDGE('',*,*,#10973,.T.);
#10976=ORIENTED_EDGE('',*,*,#10975,.F.);
#10977=ORIENTED_EDGE('',*,*,#10947,.T.);
#10979=ORIENTED_EDGE('',*,*,#10978,.T.);
#10980=EDGE_LOOP('',(#10974,#10976,#10977,#10979));
#10981=FACE_OUTER_BOUND('',#10980,.F.);
#10982=ADVANCED_FACE('',(#10981),#10972,.T.);
#10983=CARTESIAN_POINT('',(1.51E0,-1.3E-1,-3.7E-1));
#10984=DIRECTION('',(0.E0,0.E0,1.E0));
#10985=DIRECTION('',(1.E0,0.E0,0.E0));
#10986=AXIS2_PLACEMENT_3D('',#10983,#10984,#10985);
#10987=PLANE('',#10986);
#10988=ORIENTED_EDGE('',*,*,#10973,.F.);
#10990=ORIENTED_EDGE('',*,*,#10989,.T.);
#10992=ORIENTED_EDGE('',*,*,#10991,.T.);
#10994=ORIENTED_EDGE('',*,*,#10993,.F.);
#10996=ORIENTED_EDGE('',*,*,#10995,.T.);
#10998=ORIENTED_EDGE('',*,*,#10997,.F.);
#11000=ORIENTED_EDGE('',*,*,#10999,.F.);
#11001=ORIENTED_EDGE('',*,*,#9839,.F.);
#11002=ORIENTED_EDGE('',*,*,#10909,.T.);
#11004=ORIENTED_EDGE('',*,*,#11003,.T.);
#11005=EDGE_LOOP('',(#10988,#10990,#10992,#10994,#10996,#10998,#11000,#11001,
#11002,#11004));
#11006=FACE_OUTER_BOUND('',#11005,.F.);
#11007=ADVANCED_FACE('',(#11006),#10987,.T.);
#11008=CARTESIAN_POINT('',(2.9E-1,2.E-2,-9.65E-1));
#11009=DIRECTION('',(0.E0,1.E0,0.E0));
#11010=DIRECTION('',(0.E0,0.E0,1.E0));
#11011=AXIS2_PLACEMENT_3D('',#11008,#11009,#11010);
#11012=PLANE('',#11011);
#11014=ORIENTED_EDGE('',*,*,#11013,.F.);
#11016=ORIENTED_EDGE('',*,*,#11015,.F.);
#11018=ORIENTED_EDGE('',*,*,#11017,.F.);
#11020=ORIENTED_EDGE('',*,*,#11019,.F.);
#11021=EDGE_LOOP('',(#11014,#11016,#11018,#11020));
#11022=FACE_OUTER_BOUND('',#11021,.F.);
#11023=ADVANCED_FACE('',(#11022),#11012,.T.);
#11024=CARTESIAN_POINT('',(2.9E-1,2.E-2,-9.65E-1));
#11025=DIRECTION('',(0.E0,1.E0,0.E0));
#11026=DIRECTION('',(0.E0,0.E0,1.E0));
#11027=AXIS2_PLACEMENT_3D('',#11024,#11025,#11026);
#11028=PLANE('',#11027);
#11030=ORIENTED_EDGE('',*,*,#11029,.F.);
#11032=ORIENTED_EDGE('',*,*,#11031,.F.);
#11034=ORIENTED_EDGE('',*,*,#11033,.F.);
#11036=ORIENTED_EDGE('',*,*,#11035,.F.);
#11037=EDGE_LOOP('',(#11030,#11032,#11034,#11036));
#11038=FACE_OUTER_BOUND('',#11037,.F.);
#11039=ADVANCED_FACE('',(#11038),#11028,.T.);
#11040=CARTESIAN_POINT('',(2.9E-1,2.E-2,-9.65E-1));
#11041=DIRECTION('',(0.E0,1.E0,0.E0));
#11042=DIRECTION('',(0.E0,0.E0,1.E0));
#11043=AXIS2_PLACEMENT_3D('',#11040,#11041,#11042);
#11044=PLANE('',#11043);
#11045=ORIENTED_EDGE('',*,*,#10978,.F.);
#11046=ORIENTED_EDGE('',*,*,#10963,.F.);
#11048=ORIENTED_EDGE('',*,*,#11047,.T.);
#11049=ORIENTED_EDGE('',*,*,#10989,.F.);
#11050=EDGE_LOOP('',(#11045,#11046,#11048,#11049));
#11051=FACE_OUTER_BOUND('',#11050,.F.);
#11052=ADVANCED_FACE('',(#11051),#11044,.T.);
#11053=CARTESIAN_POINT('',(2.9E-1,2.E-2,-9.65E-1));
#11054=DIRECTION('',(0.E0,1.E0,0.E0));
#11055=DIRECTION('',(0.E0,0.E0,1.E0));
#11056=AXIS2_PLACEMENT_3D('',#11053,#11054,#11055);
#11057=PLANE('',#11056);
#11059=ORIENTED_EDGE('',*,*,#11058,.F.);
#11061=ORIENTED_EDGE('',*,*,#11060,.F.);
#11063=ORIENTED_EDGE('',*,*,#11062,.T.);
#11065=ORIENTED_EDGE('',*,*,#11064,.F.);
#11066=EDGE_LOOP('',(#11059,#11061,#11063,#11065));
#11067=FACE_OUTER_BOUND('',#11066,.F.);
#11068=ADVANCED_FACE('',(#11067),#11057,.T.);
#11069=CARTESIAN_POINT('',(-1.63E0,-1.E-1,4.14828E0));
#11070=DIRECTION('',(0.E0,0.E0,-1.E0));
#11071=DIRECTION('',(0.E0,1.E0,0.E0));
#11072=AXIS2_PLACEMENT_3D('',#11069,#11070,#11071);
#11073=CYLINDRICAL_SURFACE('',#11072,1.2E-1);
#11075=ORIENTED_EDGE('',*,*,#11074,.T.);
#11077=ORIENTED_EDGE('',*,*,#11076,.F.);
#11079=ORIENTED_EDGE('',*,*,#11078,.T.);
#11080=ORIENTED_EDGE('',*,*,#11013,.T.);
#11081=EDGE_LOOP('',(#11075,#11077,#11079,#11080));
#11082=FACE_OUTER_BOUND('',#11081,.F.);
#11083=ADVANCED_FACE('',(#11082),#11073,.T.);
#11084=CARTESIAN_POINT('',(-1.51E0,-1.3E-1,-5.95E-1));
#11085=DIRECTION('',(0.E0,0.E0,-1.E0));
#11086=DIRECTION('',(-1.E0,0.E0,0.E0));
#11087=AXIS2_PLACEMENT_3D('',#11084,#11085,#11086);
#11088=PLANE('',#11087);
#11089=ORIENTED_EDGE('',*,*,#11074,.F.);
#11090=ORIENTED_EDGE('',*,*,#11019,.T.);
#11092=ORIENTED_EDGE('',*,*,#11091,.F.);
#11094=ORIENTED_EDGE('',*,*,#11093,.F.);
#11096=ORIENTED_EDGE('',*,*,#11095,.T.);
#11098=ORIENTED_EDGE('',*,*,#11097,.F.);
#11100=ORIENTED_EDGE('',*,*,#11099,.F.);
#11102=ORIENTED_EDGE('',*,*,#11101,.F.);
#11104=ORIENTED_EDGE('',*,*,#11103,.T.);
#11106=ORIENTED_EDGE('',*,*,#11105,.T.);
#11107=EDGE_LOOP('',(#11089,#11090,#11092,#11094,#11096,#11098,#11100,#11102,
#11104,#11106));
#11108=FACE_OUTER_BOUND('',#11107,.F.);
#11109=ADVANCED_FACE('',(#11108),#11088,.T.);
#11110=CARTESIAN_POINT('',(-1.71E0,0.E0,9.5E-1));
#11111=DIRECTION('',(7.071067811866E-1,-7.071067811865E-1,0.E0));
#11112=DIRECTION('',(7.071067811865E-1,7.071067811866E-1,0.E0));
#11113=AXIS2_PLACEMENT_3D('',#11110,#11111,#11112);
#11114=PLANE('',#11113);
#11115=ORIENTED_EDGE('',*,*,#11017,.T.);
#11117=ORIENTED_EDGE('',*,*,#11116,.F.);
#11119=ORIENTED_EDGE('',*,*,#11118,.T.);
#11120=ORIENTED_EDGE('',*,*,#11091,.T.);
#11121=EDGE_LOOP('',(#11115,#11117,#11119,#11120));
#11122=FACE_OUTER_BOUND('',#11121,.F.);
#11123=ADVANCED_FACE('',(#11122),#11114,.F.);
#11124=CARTESIAN_POINT('',(-1.71E0,0.E0,9.5E-1));
#11125=DIRECTION('',(7.071067811866E-1,-7.071067811865E-1,0.E0));
#11126=DIRECTION('',(7.071067811865E-1,7.071067811866E-1,0.E0));
#11127=AXIS2_PLACEMENT_3D('',#11124,#11125,#11126);
#11128=PLANE('',#11127);
#11129=ORIENTED_EDGE('',*,*,#11033,.T.);
#11131=ORIENTED_EDGE('',*,*,#11130,.F.);
#11133=ORIENTED_EDGE('',*,*,#11132,.T.);
#11135=ORIENTED_EDGE('',*,*,#11134,.T.);
#11136=EDGE_LOOP('',(#11129,#11131,#11133,#11135));
#11137=FACE_OUTER_BOUND('',#11136,.F.);
#11138=ADVANCED_FACE('',(#11137),#11128,.F.);
#11139=CARTESIAN_POINT('',(-1.59E0,-1.3E-1,-3.7E-1));
#11140=DIRECTION('',(0.E0,0.E0,1.E0));
#11141=DIRECTION('',(1.E0,0.E0,0.E0));
#11142=AXIS2_PLACEMENT_3D('',#11139,#11140,#11141);
#11143=PLANE('',#11142);
#11144=ORIENTED_EDGE('',*,*,#11078,.F.);
#11146=ORIENTED_EDGE('',*,*,#11145,.F.);
#11148=ORIENTED_EDGE('',*,*,#11147,.F.);
#11150=ORIENTED_EDGE('',*,*,#11149,.T.);
#11152=ORIENTED_EDGE('',*,*,#11151,.F.);
#11154=ORIENTED_EDGE('',*,*,#11153,.F.);
#11156=ORIENTED_EDGE('',*,*,#11155,.F.);
#11158=ORIENTED_EDGE('',*,*,#11157,.T.);
#11159=ORIENTED_EDGE('',*,*,#11116,.T.);
#11160=ORIENTED_EDGE('',*,*,#11015,.T.);
#11161=EDGE_LOOP('',(#11144,#11146,#11148,#11150,#11152,#11154,#11156,#11158,
#11159,#11160));
#11162=FACE_OUTER_BOUND('',#11161,.F.);
#11163=ADVANCED_FACE('',(#11162),#11143,.T.);
#11164=CARTESIAN_POINT('',(-1.51E0,-1.3E-1,-3.7E-1));
#11165=DIRECTION('',(1.E0,0.E0,0.E0));
#11166=DIRECTION('',(0.E0,0.E0,-1.E0));
#11167=AXIS2_PLACEMENT_3D('',#11164,#11165,#11166);
#11168=PLANE('',#11167);
#11169=ORIENTED_EDGE('',*,*,#11076,.T.);
#11170=ORIENTED_EDGE('',*,*,#11105,.F.);
#11172=ORIENTED_EDGE('',*,*,#11171,.F.);
#11173=ORIENTED_EDGE('',*,*,#11145,.T.);
#11174=EDGE_LOOP('',(#11169,#11170,#11172,#11173));
#11175=FACE_OUTER_BOUND('',#11174,.F.);
#11176=ADVANCED_FACE('',(#11175),#11168,.T.);
#11177=CARTESIAN_POINT('',(-1.21E0,-1.3E-1,-5.9E-1));
#11178=DIRECTION('',(0.E0,1.E0,0.E0));
#11179=DIRECTION('',(-1.E0,0.E0,0.E0));
#11180=AXIS2_PLACEMENT_3D('',#11177,#11178,#11179);
#11181=PLANE('',#11180);
#11182=ORIENTED_EDGE('',*,*,#11103,.F.);
#11184=ORIENTED_EDGE('',*,*,#11183,.F.);
#11186=ORIENTED_EDGE('',*,*,#11185,.F.);
#11188=ORIENTED_EDGE('',*,*,#11187,.T.);
#11190=ORIENTED_EDGE('',*,*,#11189,.T.);
#11192=ORIENTED_EDGE('',*,*,#11191,.F.);
#11193=ORIENTED_EDGE('',*,*,#11147,.T.);
#11194=ORIENTED_EDGE('',*,*,#11171,.T.);
#11195=EDGE_LOOP('',(#11182,#11184,#11186,#11188,#11190,#11192,#11193,#11194));
#11196=FACE_OUTER_BOUND('',#11195,.F.);
#11197=ADVANCED_FACE('',(#11196),#11181,.T.);
#11198=CARTESIAN_POINT('',(-1.21E0,-1.3E-1,-5.9E-1));
#11199=DIRECTION('',(0.E0,1.E0,0.E0));
#11200=DIRECTION('',(-1.E0,0.E0,0.E0));
#11201=AXIS2_PLACEMENT_3D('',#11198,#11199,#11200);
#11202=PLANE('',#11201);
#11204=ORIENTED_EDGE('',*,*,#11203,.T.);
#11206=ORIENTED_EDGE('',*,*,#11205,.F.);
#11208=ORIENTED_EDGE('',*,*,#11207,.F.);
#11210=ORIENTED_EDGE('',*,*,#11209,.F.);
#11212=ORIENTED_EDGE('',*,*,#11211,.T.);
#11214=ORIENTED_EDGE('',*,*,#11213,.T.);
#11216=ORIENTED_EDGE('',*,*,#11215,.F.);
#11218=ORIENTED_EDGE('',*,*,#11217,.T.);
#11219=EDGE_LOOP('',(#11204,#11206,#11208,#11210,#11212,#11214,#11216,#11218));
#11220=FACE_OUTER_BOUND('',#11219,.F.);
#11221=ADVANCED_FACE('',(#11220),#11202,.T.);
#11222=CARTESIAN_POINT('',(-1.59E0,-1.3E-1,-5.9E-1));
#11223=DIRECTION('',(-1.E0,0.E0,0.E0));
#11224=DIRECTION('',(0.E0,-1.E0,0.E0));
#11225=AXIS2_PLACEMENT_3D('',#11222,#11223,#11224);
#11226=PLANE('',#11225);
#11228=ORIENTED_EDGE('',*,*,#11227,.T.);
#11230=ORIENTED_EDGE('',*,*,#11229,.T.);
#11231=ORIENTED_EDGE('',*,*,#8517,.T.);
#11233=ORIENTED_EDGE('',*,*,#11232,.T.);
#11234=ORIENTED_EDGE('',*,*,#9795,.F.);
#11236=ORIENTED_EDGE('',*,*,#11235,.T.);
#11238=ORIENTED_EDGE('',*,*,#11237,.T.);
#11240=ORIENTED_EDGE('',*,*,#11239,.T.);
#11241=ORIENTED_EDGE('',*,*,#9759,.F.);
#11242=ORIENTED_EDGE('',*,*,#9706,.T.);
#11244=ORIENTED_EDGE('',*,*,#11243,.T.);
#11245=ORIENTED_EDGE('',*,*,#11183,.T.);
#11246=ORIENTED_EDGE('',*,*,#11101,.T.);
#11248=ORIENTED_EDGE('',*,*,#11247,.T.);
#11249=ORIENTED_EDGE('',*,*,#11149,.F.);
#11250=ORIENTED_EDGE('',*,*,#11191,.T.);
#11252=ORIENTED_EDGE('',*,*,#11251,.F.);
#11254=ORIENTED_EDGE('',*,*,#11253,.T.);
#11256=ORIENTED_EDGE('',*,*,#11255,.T.);
#11257=ORIENTED_EDGE('',*,*,#11207,.T.);
#11259=ORIENTED_EDGE('',*,*,#11258,.T.);
#11261=ORIENTED_EDGE('',*,*,#11260,.T.);
#11263=ORIENTED_EDGE('',*,*,#11262,.F.);
#11264=ORIENTED_EDGE('',*,*,#11215,.T.);
#11266=ORIENTED_EDGE('',*,*,#11265,.F.);
#11267=ORIENTED_EDGE('',*,*,#9717,.T.);
#11268=ORIENTED_EDGE('',*,*,#8480,.T.);
#11270=ORIENTED_EDGE('',*,*,#11269,.T.);
#11271=EDGE_LOOP('',(#11228,#11230,#11231,#11233,#11234,#11236,#11238,#11240,
#11241,#11242,#11244,#11245,#11246,#11248,#11249,#11250,#11252,#11254,#11256,
#11257,#11259,#11261,#11263,#11264,#11266,#11267,#11268,#11270));
#11272=FACE_OUTER_BOUND('',#11271,.F.);
#11273=ADVANCED_FACE('',(#11272),#11226,.T.);
#11274=CARTESIAN_POINT('',(-1.47E0,9.068419960476E-1,8.3E-1));
#11275=DIRECTION('',(0.E0,-1.E0,0.E0));
#11276=DIRECTION('',(0.E0,0.E0,1.E0));
#11277=AXIS2_PLACEMENT_3D('',#11274,#11275,#11276);
#11278=CYLINDRICAL_SURFACE('',#11277,1.2E-1);
#11280=ORIENTED_EDGE('',*,*,#11279,.T.);
#11281=ORIENTED_EDGE('',*,*,#11227,.F.);
#11283=ORIENTED_EDGE('',*,*,#11282,.T.);
#11284=ORIENTED_EDGE('',*,*,#9918,.T.);
#11285=EDGE_LOOP('',(#11280,#11281,#11283,#11284));
#11286=FACE_OUTER_BOUND('',#11285,.F.);
#11287=ADVANCED_FACE('',(#11286),#11278,.T.);
#11288=CARTESIAN_POINT('',(-1.59E0,-5.1E-1,8.8E-1));
#11289=DIRECTION('',(0.E0,-1.E0,0.E0));
#11290=DIRECTION('',(1.E0,0.E0,0.E0));
#11291=AXIS2_PLACEMENT_3D('',#11288,#11289,#11290);
#11292=PLANE('',#11291);
#11293=ORIENTED_EDGE('',*,*,#11279,.F.);
#11294=ORIENTED_EDGE('',*,*,#9916,.T.);
#11296=ORIENTED_EDGE('',*,*,#11295,.F.);
#11298=ORIENTED_EDGE('',*,*,#11297,.F.);
#11300=ORIENTED_EDGE('',*,*,#11299,.T.);
#11301=ORIENTED_EDGE('',*,*,#8519,.F.);
#11302=ORIENTED_EDGE('',*,*,#11229,.F.);
#11303=EDGE_LOOP('',(#11293,#11294,#11296,#11298,#11300,#11301,#11302));
#11304=FACE_OUTER_BOUND('',#11303,.F.);
#11305=ADVANCED_FACE('',(#11304),#11292,.T.);
#11306=CARTESIAN_POINT('',(-1.59E0,-5.1E-1,8.8E-1));
#11307=DIRECTION('',(0.E0,-1.E0,0.E0));
#11308=DIRECTION('',(1.E0,0.E0,0.E0));
#11309=AXIS2_PLACEMENT_3D('',#11306,#11307,#11308);
#11310=PLANE('',#11309);
#11312=ORIENTED_EDGE('',*,*,#11311,.F.);
#11313=ORIENTED_EDGE('',*,*,#11235,.F.);
#11314=ORIENTED_EDGE('',*,*,#9793,.T.);
#11316=ORIENTED_EDGE('',*,*,#11315,.T.);
#11317=ORIENTED_EDGE('',*,*,#8965,.T.);
#11319=ORIENTED_EDGE('',*,*,#11318,.T.);
#11320=ORIENTED_EDGE('',*,*,#8646,.F.);
#11321=EDGE_LOOP('',(#11312,#11313,#11314,#11316,#11317,#11319,#11320));
#11322=FACE_OUTER_BOUND('',#11321,.F.);
#11323=ADVANCED_FACE('',(#11322),#11310,.T.);
#11324=CARTESIAN_POINT('',(-1.35E0,-5.1E-1,8.8E-1));
#11325=DIRECTION('',(-1.E0,0.E0,0.E0));
#11326=DIRECTION('',(0.E0,-1.E0,0.E0));
#11327=AXIS2_PLACEMENT_3D('',#11324,#11325,#11326);
#11328=PLANE('',#11327);
#11330=ORIENTED_EDGE('',*,*,#11329,.F.);
#11331=ORIENTED_EDGE('',*,*,#9174,.F.);
#11332=ORIENTED_EDGE('',*,*,#8052,.F.);
#11334=ORIENTED_EDGE('',*,*,#11333,.T.);
#11335=ORIENTED_EDGE('',*,*,#11295,.T.);
#11336=ORIENTED_EDGE('',*,*,#9914,.T.);
#11338=ORIENTED_EDGE('',*,*,#11337,.F.);
#11339=EDGE_LOOP('',(#11330,#11331,#11332,#11334,#11335,#11336,#11338));
#11340=FACE_OUTER_BOUND('',#11339,.F.);
#11341=ADVANCED_FACE('',(#11340),#11328,.T.);
#11342=CARTESIAN_POINT('',(-1.35E0,-5.1E-1,8.8E-1));
#11343=DIRECTION('',(-1.E0,0.E0,0.E0));
#11344=DIRECTION('',(0.E0,-1.E0,0.E0));
#11345=AXIS2_PLACEMENT_3D('',#11342,#11343,#11344);
#11346=PLANE('',#11345);
#11348=ORIENTED_EDGE('',*,*,#11347,.F.);
#11350=ORIENTED_EDGE('',*,*,#11349,.F.);
#11351=ORIENTED_EDGE('',*,*,#8648,.F.);
#11352=ORIENTED_EDGE('',*,*,#11318,.F.);
#11353=ORIENTED_EDGE('',*,*,#8970,.F.);
#11354=ORIENTED_EDGE('',*,*,#8072,.F.);
#11356=ORIENTED_EDGE('',*,*,#11355,.T.);
#11357=EDGE_LOOP('',(#11348,#11350,#11351,#11352,#11353,#11354,#11356));
#11358=FACE_OUTER_BOUND('',#11357,.F.);
#11359=ADVANCED_FACE('',(#11358),#11346,.T.);
#11360=CARTESIAN_POINT('',(-1.265E0,-5.384442946405E-1,7.116037735849E-1));
#11361=DIRECTION('',(-5.432512781573E-1,0.E0,-8.395701571522E-1));
#11362=DIRECTION('',(8.395701571522E-1,0.E0,-5.432512781573E-1));
#11363=AXIS2_PLACEMENT_3D('',#11360,#11361,#11362);
#11364=PLANE('',#11363);
#11366=ORIENTED_EDGE('',*,*,#11365,.F.);
#11368=ORIENTED_EDGE('',*,*,#11367,.T.);
#11369=ORIENTED_EDGE('',*,*,#9169,.T.);
#11370=ORIENTED_EDGE('',*,*,#11329,.T.);
#11372=ORIENTED_EDGE('',*,*,#11371,.T.);
#11374=ORIENTED_EDGE('',*,*,#11373,.T.);
#11375=EDGE_LOOP('',(#11366,#11368,#11369,#11370,#11372,#11374));
#11376=FACE_OUTER_BOUND('',#11375,.F.);
#11377=ADVANCED_FACE('',(#11376),#11364,.T.);
#11378=CARTESIAN_POINT('',(-1.18E0,0.E0,-8.8E-1));
#11379=DIRECTION('',(-1.E0,0.E0,0.E0));
#11380=DIRECTION('',(0.E0,0.E0,-1.E0));
#11381=AXIS2_PLACEMENT_3D('',#11378,#11379,#11380);
#11382=PLANE('',#11381);
#11383=ORIENTED_EDGE('',*,*,#11365,.T.);
#11385=ORIENTED_EDGE('',*,*,#11384,.F.);
#11387=ORIENTED_EDGE('',*,*,#11386,.F.);
#11389=ORIENTED_EDGE('',*,*,#11388,.F.);
#11390=ORIENTED_EDGE('',*,*,#8185,.F.);
#11392=ORIENTED_EDGE('',*,*,#11391,.F.);
#11393=EDGE_LOOP('',(#11383,#11385,#11387,#11389,#11390,#11392));
#11394=FACE_OUTER_BOUND('',#11393,.F.);
#11395=ADVANCED_FACE('',(#11394),#11382,.T.);
#11396=CARTESIAN_POINT('',(-1.18E0,0.E0,-8.8E-1));
#11397=DIRECTION('',(-1.E0,0.E0,0.E0));
#11398=DIRECTION('',(0.E0,0.E0,-1.E0));
#11399=AXIS2_PLACEMENT_3D('',#11396,#11397,#11398);
#11400=PLANE('',#11399);
#11402=ORIENTED_EDGE('',*,*,#11401,.T.);
#11404=ORIENTED_EDGE('',*,*,#11403,.T.);
#11405=ORIENTED_EDGE('',*,*,#7914,.T.);
#11407=ORIENTED_EDGE('',*,*,#11406,.F.);
#11409=ORIENTED_EDGE('',*,*,#11408,.F.);
#11411=ORIENTED_EDGE('',*,*,#11410,.F.);
#11412=EDGE_LOOP('',(#11402,#11404,#11405,#11407,#11409,#11411));
#11413=FACE_OUTER_BOUND('',#11412,.F.);
#11414=ADVANCED_FACE('',(#11413),#11400,.T.);
#11415=CARTESIAN_POINT('',(-8.85E-1,-4.84E-1,7.4E-1));
#11416=DIRECTION('',(-1.E0,0.E0,0.E0));
#11417=DIRECTION('',(0.E0,0.E0,-1.E0));
#11418=AXIS2_PLACEMENT_3D('',#11415,#11416,#11417);
#11419=CYLINDRICAL_SURFACE('',#11418,1.2E-1);
#11420=ORIENTED_EDGE('',*,*,#11384,.T.);
#11421=ORIENTED_EDGE('',*,*,#11373,.F.);
#11423=ORIENTED_EDGE('',*,*,#11422,.T.);
#11424=ORIENTED_EDGE('',*,*,#8894,.F.);
#11426=ORIENTED_EDGE('',*,*,#11425,.T.);
#11427=EDGE_LOOP('',(#11420,#11421,#11423,#11424,#11426));
#11428=FACE_OUTER_BOUND('',#11427,.F.);
#11429=ADVANCED_FACE('',(#11428),#11419,.T.);
#11430=CARTESIAN_POINT('',(-8.85E-1,-5.858867924528E-1,6.766037735849E-1));
#11431=DIRECTION('',(0.E0,8.490566037736E-1,5.283018867925E-1));
#11432=DIRECTION('',(0.E0,-5.283018867925E-1,8.490566037736E-1));
#11433=AXIS2_PLACEMENT_3D('',#11430,#11431,#11432);
#11434=PLANE('',#11433);
#11435=ORIENTED_EDGE('',*,*,#11422,.F.);
#11436=ORIENTED_EDGE('',*,*,#11371,.F.);
#11438=ORIENTED_EDGE('',*,*,#11437,.T.);
#11439=ORIENTED_EDGE('',*,*,#8896,.F.);
#11440=EDGE_LOOP('',(#11435,#11436,#11438,#11439));
#11441=FACE_OUTER_BOUND('',#11440,.F.);
#11442=ADVANCED_FACE('',(#11441),#11434,.F.);
#11443=CARTESIAN_POINT('',(-8.85E-1,-5.4E-1,8.3E-1));
#11444=DIRECTION('',(-1.E0,0.E0,0.E0));
#11445=DIRECTION('',(0.E0,0.E0,-1.E0));
#11446=AXIS2_PLACEMENT_3D('',#11443,#11444,#11445);
#11447=CYLINDRICAL_SURFACE('',#11446,1.2E-1);
#11448=ORIENTED_EDGE('',*,*,#11437,.F.);
#11449=ORIENTED_EDGE('',*,*,#11337,.T.);
#11450=ORIENTED_EDGE('',*,*,#9912,.T.);
#11451=ORIENTED_EDGE('',*,*,#8898,.F.);
#11452=EDGE_LOOP('',(#11448,#11449,#11450,#11451));
#11453=FACE_OUTER_BOUND('',#11452,.F.);
#11454=ADVANCED_FACE('',(#11453),#11447,.T.);
#11455=CARTESIAN_POINT('',(-8.85E-1,-3.6E-1,6.2E-1));
#11456=DIRECTION('',(0.E0,0.E0,1.E0));
#11457=DIRECTION('',(0.E0,-1.E0,0.E0));
#11458=AXIS2_PLACEMENT_3D('',#11455,#11456,#11457);
#11459=PLANE('',#11458);
#11460=ORIENTED_EDGE('',*,*,#8892,.F.);
#11462=ORIENTED_EDGE('',*,*,#11461,.T.);
#11463=ORIENTED_EDGE('',*,*,#11386,.T.);
#11464=ORIENTED_EDGE('',*,*,#11425,.F.);
#11465=EDGE_LOOP('',(#11460,#11462,#11463,#11464));
#11466=FACE_OUTER_BOUND('',#11465,.F.);
#11467=ADVANCED_FACE('',(#11466),#11459,.F.);
#11468=CARTESIAN_POINT('',(-8.85E-1,-3.6E-1,9.5E-1));
#11469=DIRECTION('',(0.E0,-1.E0,0.E0));
#11470=DIRECTION('',(0.E0,0.E0,-1.E0));
#11471=AXIS2_PLACEMENT_3D('',#11468,#11469,#11470);
#11472=PLANE('',#11471);
#11473=ORIENTED_EDGE('',*,*,#11388,.T.);
#11474=ORIENTED_EDGE('',*,*,#11461,.F.);
#11475=ORIENTED_EDGE('',*,*,#8890,.F.);
#11476=ORIENTED_EDGE('',*,*,#8187,.F.);
#11477=EDGE_LOOP('',(#11473,#11474,#11475,#11476));
#11478=FACE_OUTER_BOUND('',#11477,.F.);
#11479=ADVANCED_FACE('',(#11478),#11472,.F.);
#11480=CARTESIAN_POINT('',(-1.0525E0,-5.1E-1,7.7E-1));
#11481=DIRECTION('',(0.E0,-7.071067811865E-1,-7.071067811865E-1));
#11482=DIRECTION('',(0.E0,7.071067811865E-1,-7.071067811865E-1));
#11483=AXIS2_PLACEMENT_3D('',#11480,#11481,#11482);
#11484=PLANE('',#11483);
#11485=ORIENTED_EDGE('',*,*,#11391,.T.);
#11486=ORIENTED_EDGE('',*,*,#8183,.F.);
#11487=ORIENTED_EDGE('',*,*,#11367,.F.);
#11488=EDGE_LOOP('',(#11485,#11486,#11487));
#11489=FACE_OUTER_BOUND('',#11488,.F.);
#11490=ADVANCED_FACE('',(#11489),#11484,.F.);
#11491=CARTESIAN_POINT('',(-1.265E0,-5.384442946405E-1,-7.116037735849E-1));
#11492=DIRECTION('',(-5.432512781573E-1,0.E0,8.395701571522E-1));
#11493=DIRECTION('',(8.395701571522E-1,0.E0,5.432512781573E-1));
#11494=AXIS2_PLACEMENT_3D('',#11491,#11492,#11493);
#11495=PLANE('',#11494);
#11497=ORIENTED_EDGE('',*,*,#11496,.T.);
#11499=ORIENTED_EDGE('',*,*,#11498,.T.);
#11500=ORIENTED_EDGE('',*,*,#11401,.F.);
#11502=ORIENTED_EDGE('',*,*,#11501,.T.);
#11504=ORIENTED_EDGE('',*,*,#11503,.T.);
#11505=ORIENTED_EDGE('',*,*,#11347,.T.);
#11506=EDGE_LOOP('',(#11497,#11499,#11500,#11502,#11504,#11505));
#11507=FACE_OUTER_BOUND('',#11506,.F.);
#11508=ADVANCED_FACE('',(#11507),#11495,.T.);
#11509=CARTESIAN_POINT('',(-1.0525E0,-5.1E-1,-7.7E-1));
#11510=DIRECTION('',(0.E0,-7.071067811865E-1,7.071067811865E-1));
#11511=DIRECTION('',(0.E0,7.071067811865E-1,7.071067811865E-1));
#11512=AXIS2_PLACEMENT_3D('',#11509,#11510,#11511);
#11513=PLANE('',#11512);
#11514=ORIENTED_EDGE('',*,*,#8874,.T.);
#11515=ORIENTED_EDGE('',*,*,#7868,.F.);
#11516=ORIENTED_EDGE('',*,*,#8996,.T.);
#11517=ORIENTED_EDGE('',*,*,#8038,.T.);
#11518=EDGE_LOOP('',(#11514,#11515,#11516,#11517));
#11519=FACE_OUTER_BOUND('',#11518,.F.);
#11520=ADVANCED_FACE('',(#11519),#11513,.T.);
#11521=CARTESIAN_POINT('',(-1.0525E0,-5.1E-1,-7.7E-1));
#11522=DIRECTION('',(0.E0,-7.071067811865E-1,7.071067811865E-1));
#11523=DIRECTION('',(0.E0,7.071067811865E-1,7.071067811865E-1));
#11524=AXIS2_PLACEMENT_3D('',#11521,#11522,#11523);
#11525=PLANE('',#11524);
#11526=ORIENTED_EDGE('',*,*,#11496,.F.);
#11527=ORIENTED_EDGE('',*,*,#11355,.F.);
#11528=ORIENTED_EDGE('',*,*,#8082,.T.);
#11529=ORIENTED_EDGE('',*,*,#9143,.F.);
#11530=ORIENTED_EDGE('',*,*,#7902,.F.);
#11531=EDGE_LOOP('',(#11526,#11527,#11528,#11529,#11530));
#11532=FACE_OUTER_BOUND('',#11531,.F.);
#11533=ADVANCED_FACE('',(#11532),#11525,.T.);
#11534=CARTESIAN_POINT('',(-1.0525E0,-5.1E-1,-7.7E-1));
#11535=DIRECTION('',(0.E0,-7.071067811865E-1,7.071067811865E-1));
#11536=DIRECTION('',(0.E0,7.071067811865E-1,7.071067811865E-1));
#11537=AXIS2_PLACEMENT_3D('',#11534,#11535,#11536);
#11538=PLANE('',#11537);
#11539=ORIENTED_EDGE('',*,*,#7900,.F.);
#11540=ORIENTED_EDGE('',*,*,#11403,.F.);
#11541=ORIENTED_EDGE('',*,*,#11498,.F.);
#11542=EDGE_LOOP('',(#11539,#11540,#11541));
#11543=FACE_OUTER_BOUND('',#11542,.F.);
#11544=ADVANCED_FACE('',(#11543),#11538,.F.);
#11545=CARTESIAN_POINT('',(-8.85E-1,-4.84E-1,-7.4E-1));
#11546=DIRECTION('',(-1.E0,0.E0,0.E0));
#11547=DIRECTION('',(0.E0,0.E0,-1.E0));
#11548=AXIS2_PLACEMENT_3D('',#11545,#11546,#11547);
#11549=CYLINDRICAL_SURFACE('',#11548,1.2E-1);
#11551=ORIENTED_EDGE('',*,*,#11550,.F.);
#11552=ORIENTED_EDGE('',*,*,#11501,.F.);
#11553=ORIENTED_EDGE('',*,*,#11410,.T.);
#11555=ORIENTED_EDGE('',*,*,#11554,.F.);
#11556=ORIENTED_EDGE('',*,*,#8867,.F.);
#11557=EDGE_LOOP('',(#11551,#11552,#11553,#11555,#11556));
#11558=FACE_OUTER_BOUND('',#11557,.F.);
#11559=ADVANCED_FACE('',(#11558),#11549,.T.);
#11560=CARTESIAN_POINT('',(-8.85E-1,-6.418867924528E-1,-7.666037735849E-1));
#11561=DIRECTION('',(0.E0,8.490566037736E-1,-5.283018867925E-1));
#11562=DIRECTION('',(0.E0,5.283018867925E-1,8.490566037736E-1));
#11563=AXIS2_PLACEMENT_3D('',#11560,#11561,#11562);
#11564=PLANE('',#11563);
#11566=ORIENTED_EDGE('',*,*,#11565,.T.);
#11567=ORIENTED_EDGE('',*,*,#11503,.F.);
#11568=ORIENTED_EDGE('',*,*,#11550,.T.);
#11569=ORIENTED_EDGE('',*,*,#8865,.F.);
#11570=EDGE_LOOP('',(#11566,#11567,#11568,#11569));
#11571=FACE_OUTER_BOUND('',#11570,.F.);
#11572=ADVANCED_FACE('',(#11571),#11564,.F.);
#11573=CARTESIAN_POINT('',(-8.85E-1,-5.4E-1,-8.3E-1));
#11574=DIRECTION('',(-1.E0,0.E0,0.E0));
#11575=DIRECTION('',(0.E0,0.E0,-1.E0));
#11576=AXIS2_PLACEMENT_3D('',#11573,#11574,#11575);
#11577=CYLINDRICAL_SURFACE('',#11576,1.2E-1);
#11578=ORIENTED_EDGE('',*,*,#11565,.F.);
#11579=ORIENTED_EDGE('',*,*,#8863,.F.);
#11580=ORIENTED_EDGE('',*,*,#8650,.T.);
#11581=ORIENTED_EDGE('',*,*,#11349,.T.);
#11582=EDGE_LOOP('',(#11578,#11579,#11580,#11581));
#11583=FACE_OUTER_BOUND('',#11582,.F.);
#11584=ADVANCED_FACE('',(#11583),#11577,.T.);
#11585=CARTESIAN_POINT('',(-8.85E-1,-4.84E-1,-6.2E-1));
#11586=DIRECTION('',(0.E0,0.E0,-1.E0));
#11587=DIRECTION('',(0.E0,1.E0,0.E0));
#11588=AXIS2_PLACEMENT_3D('',#11585,#11586,#11587);
#11589=PLANE('',#11588);
#11590=ORIENTED_EDGE('',*,*,#8869,.F.);
#11591=ORIENTED_EDGE('',*,*,#11554,.T.);
#11592=ORIENTED_EDGE('',*,*,#11408,.T.);
#11594=ORIENTED_EDGE('',*,*,#11593,.F.);
#11595=EDGE_LOOP('',(#11590,#11591,#11592,#11594));
#11596=FACE_OUTER_BOUND('',#11595,.F.);
#11597=ADVANCED_FACE('',(#11596),#11589,.F.);
#11598=CARTESIAN_POINT('',(-8.85E-1,-3.6E-1,-6.2E-1));
#11599=DIRECTION('',(0.E0,-1.E0,0.E0));
#11600=DIRECTION('',(0.E0,0.E0,-1.E0));
#11601=AXIS2_PLACEMENT_3D('',#11598,#11599,#11600);
#11602=PLANE('',#11601);
#11603=ORIENTED_EDGE('',*,*,#11406,.T.);
#11604=ORIENTED_EDGE('',*,*,#7912,.T.);
#11605=ORIENTED_EDGE('',*,*,#8871,.F.);
#11606=ORIENTED_EDGE('',*,*,#11593,.T.);
#11607=EDGE_LOOP('',(#11603,#11604,#11605,#11606));
#11608=FACE_OUTER_BOUND('',#11607,.F.);
#11609=ADVANCED_FACE('',(#11608),#11602,.F.);
#11610=CARTESIAN_POINT('',(-5.9E-1,0.E0,8.8E-1));
#11611=DIRECTION('',(0.E0,0.E0,-1.E0));
#11612=DIRECTION('',(-1.E0,0.E0,0.E0));
#11613=AXIS2_PLACEMENT_3D('',#11610,#11611,#11612);
#11614=PLANE('',#11613);
#11615=ORIENTED_EDGE('',*,*,#8884,.T.);
#11617=ORIENTED_EDGE('',*,*,#11616,.T.);
#11619=ORIENTED_EDGE('',*,*,#11618,.T.);
#11621=ORIENTED_EDGE('',*,*,#11620,.T.);
#11623=ORIENTED_EDGE('',*,*,#11622,.T.);
#11625=ORIENTED_EDGE('',*,*,#11624,.T.);
#11626=ORIENTED_EDGE('',*,*,#8774,.T.);
#11627=ORIENTED_EDGE('',*,*,#10270,.T.);
#11628=ORIENTED_EDGE('',*,*,#9202,.F.);
#11629=ORIENTED_EDGE('',*,*,#8022,.T.);
#11630=EDGE_LOOP('',(#11615,#11617,#11619,#11621,#11623,#11625,#11626,#11627,
#11628,#11629));
#11631=FACE_OUTER_BOUND('',#11630,.F.);
#11632=ADVANCED_FACE('',(#11631),#11614,.F.);
#11633=CARTESIAN_POINT('',(-5.9E-1,0.E0,8.8E-1));
#11634=DIRECTION('',(0.E0,0.E0,-1.E0));
#11635=DIRECTION('',(-1.E0,0.E0,0.E0));
#11636=AXIS2_PLACEMENT_3D('',#11633,#11634,#11635);
#11637=PLANE('',#11636);
#11639=ORIENTED_EDGE('',*,*,#11638,.F.);
#11641=ORIENTED_EDGE('',*,*,#11640,.T.);
#11642=ORIENTED_EDGE('',*,*,#9728,.T.);
#11644=ORIENTED_EDGE('',*,*,#11643,.F.);
#11645=ORIENTED_EDGE('',*,*,#7510,.T.);
#11647=ORIENTED_EDGE('',*,*,#11646,.T.);
#11649=ORIENTED_EDGE('',*,*,#11648,.T.);
#11650=ORIENTED_EDGE('',*,*,#9586,.T.);
#11651=ORIENTED_EDGE('',*,*,#10294,.T.);
#11652=ORIENTED_EDGE('',*,*,#10023,.T.);
#11654=ORIENTED_EDGE('',*,*,#11653,.T.);
#11656=ORIENTED_EDGE('',*,*,#11655,.T.);
#11658=ORIENTED_EDGE('',*,*,#11657,.T.);
#11659=EDGE_LOOP('',(#11639,#11641,#11642,#11644,#11645,#11647,#11649,#11650,
#11651,#11652,#11654,#11656,#11658));
#11660=FACE_OUTER_BOUND('',#11659,.F.);
#11661=ADVANCED_FACE('',(#11660),#11637,.F.);
#11662=CARTESIAN_POINT('',(-5.9E-1,0.E0,8.8E-1));
#11663=DIRECTION('',(0.E0,0.E0,-1.E0));
#11664=DIRECTION('',(-1.E0,0.E0,0.E0));
#11665=AXIS2_PLACEMENT_3D('',#11662,#11663,#11664);
#11666=PLANE('',#11665);
#11667=ORIENTED_EDGE('',*,*,#11297,.T.);
#11668=ORIENTED_EDGE('',*,*,#11333,.F.);
#11669=ORIENTED_EDGE('',*,*,#8062,.T.);
#11671=ORIENTED_EDGE('',*,*,#11670,.T.);
#11672=EDGE_LOOP('',(#11667,#11668,#11669,#11671));
#11673=FACE_OUTER_BOUND('',#11672,.F.);
#11674=ADVANCED_FACE('',(#11673),#11666,.F.);
#11675=CARTESIAN_POINT('',(-8.85E-1,-3.5E-1,8.8E-1));
#11676=DIRECTION('',(0.E0,1.E0,0.E0));
#11677=DIRECTION('',(-1.E0,0.E0,0.E0));
#11678=AXIS2_PLACEMENT_3D('',#11675,#11676,#11677);
#11679=PLANE('',#11678);
#11680=ORIENTED_EDGE('',*,*,#11616,.F.);
#11681=ORIENTED_EDGE('',*,*,#8902,.T.);
#11682=ORIENTED_EDGE('',*,*,#9909,.T.);
#11684=ORIENTED_EDGE('',*,*,#11683,.F.);
#11685=EDGE_LOOP('',(#11680,#11681,#11682,#11684));
#11686=FACE_OUTER_BOUND('',#11685,.F.);
#11687=ADVANCED_FACE('',(#11686),#11679,.T.);
#11688=CARTESIAN_POINT('',(-9.75E-1,-3.5E-1,8.8E-1));
#11689=DIRECTION('',(1.E0,0.E0,0.E0));
#11690=DIRECTION('',(0.E0,1.E0,0.E0));
#11691=AXIS2_PLACEMENT_3D('',#11688,#11689,#11690);
#11692=PLANE('',#11691);
#11693=ORIENTED_EDGE('',*,*,#11618,.F.);
#11694=ORIENTED_EDGE('',*,*,#11683,.T.);
#11695=ORIENTED_EDGE('',*,*,#9907,.T.);
#11697=ORIENTED_EDGE('',*,*,#11696,.F.);
#11698=EDGE_LOOP('',(#11693,#11694,#11695,#11697));
#11699=FACE_OUTER_BOUND('',#11698,.F.);
#11700=ADVANCED_FACE('',(#11699),#11692,.T.);
#11701=CARTESIAN_POINT('',(-9.75E-1,-2.3E-1,8.8E-1));
#11702=DIRECTION('',(0.E0,-1.E0,0.E0));
#11703=DIRECTION('',(1.E0,0.E0,0.E0));
#11704=AXIS2_PLACEMENT_3D('',#11701,#11702,#11703);
#11705=PLANE('',#11704);
#11706=ORIENTED_EDGE('',*,*,#11620,.F.);
#11707=ORIENTED_EDGE('',*,*,#11696,.T.);
#11708=ORIENTED_EDGE('',*,*,#9905,.T.);
#11710=ORIENTED_EDGE('',*,*,#11709,.F.);
#11711=EDGE_LOOP('',(#11706,#11707,#11708,#11710));
#11712=FACE_OUTER_BOUND('',#11711,.F.);
#11713=ADVANCED_FACE('',(#11712),#11705,.T.);
#11714=CARTESIAN_POINT('',(-7.85E-1,-2.3E-1,8.8E-1));
#11715=DIRECTION('',(-1.E0,0.E0,0.E0));
#11716=DIRECTION('',(0.E0,-1.E0,0.E0));
#11717=AXIS2_PLACEMENT_3D('',#11714,#11715,#11716);
#11718=PLANE('',#11717);
#11719=ORIENTED_EDGE('',*,*,#11622,.F.);
#11720=ORIENTED_EDGE('',*,*,#11709,.T.);
#11721=ORIENTED_EDGE('',*,*,#9903,.T.);
#11723=ORIENTED_EDGE('',*,*,#11722,.F.);
#11724=EDGE_LOOP('',(#11719,#11720,#11721,#11723));
#11725=FACE_OUTER_BOUND('',#11724,.F.);
#11726=ADVANCED_FACE('',(#11725),#11718,.T.);
#11727=CARTESIAN_POINT('',(-7.85E-1,-3.5E-1,8.8E-1));
#11728=DIRECTION('',(-8.661855860486E-1,-4.997224534896E-1,0.E0));
#11729=DIRECTION('',(4.997224534896E-1,-8.661855860486E-1,0.E0));
#11730=AXIS2_PLACEMENT_3D('',#11727,#11728,#11729);
#11731=PLANE('',#11730);
#11732=ORIENTED_EDGE('',*,*,#11624,.F.);
#11733=ORIENTED_EDGE('',*,*,#11722,.T.);
#11734=ORIENTED_EDGE('',*,*,#9901,.T.);
#11735=ORIENTED_EDGE('',*,*,#8776,.F.);
#11736=EDGE_LOOP('',(#11732,#11733,#11734,#11735));
#11737=FACE_OUTER_BOUND('',#11736,.F.);
#11738=ADVANCED_FACE('',(#11737),#11731,.T.);
#11739=CARTESIAN_POINT('',(-1.155E0,-2.8E-1,8.8E-1));
#11740=DIRECTION('',(0.E0,1.E0,0.E0));
#11741=DIRECTION('',(-1.E0,0.E0,0.E0));
#11742=AXIS2_PLACEMENT_3D('',#11739,#11740,#11741);
#11743=PLANE('',#11742);
#11744=ORIENTED_EDGE('',*,*,#11282,.F.);
#11745=ORIENTED_EDGE('',*,*,#11269,.F.);
#11746=ORIENTED_EDGE('',*,*,#8478,.T.);
#11748=ORIENTED_EDGE('',*,*,#11747,.F.);
#11749=ORIENTED_EDGE('',*,*,#11638,.T.);
#11751=ORIENTED_EDGE('',*,*,#11750,.T.);
#11752=ORIENTED_EDGE('',*,*,#9920,.T.);
#11753=EDGE_LOOP('',(#11744,#11745,#11746,#11748,#11749,#11751,#11752));
#11754=FACE_OUTER_BOUND('',#11753,.F.);
#11755=ADVANCED_FACE('',(#11754),#11743,.T.);
#11756=CARTESIAN_POINT('',(-1.155E0,-2.8E-1,8.8E-1));
#11757=DIRECTION('',(0.E0,1.E0,0.E0));
#11758=DIRECTION('',(-1.E0,0.E0,0.E0));
#11759=AXIS2_PLACEMENT_3D('',#11756,#11757,#11758);
#11760=PLANE('',#11759);
#11762=ORIENTED_EDGE('',*,*,#11761,.F.);
#11763=ORIENTED_EDGE('',*,*,#8642,.F.);
#11765=ORIENTED_EDGE('',*,*,#11764,.F.);
#11766=ORIENTED_EDGE('',*,*,#8932,.F.);
#11768=ORIENTED_EDGE('',*,*,#11767,.F.);
#11769=ORIENTED_EDGE('',*,*,#9754,.F.);
#11770=ORIENTED_EDGE('',*,*,#11239,.F.);
#11771=EDGE_LOOP('',(#11762,#11763,#11765,#11766,#11768,#11769,#11770));
#11772=FACE_OUTER_BOUND('',#11771,.F.);
#11773=ADVANCED_FACE('',(#11772),#11760,.T.);
#11774=CARTESIAN_POINT('',(-1.5E0,0.E0,-3.5E-1));
#11775=DIRECTION('',(1.E0,0.E0,0.E0));
#11776=DIRECTION('',(0.E0,0.E0,-1.E0));
#11777=AXIS2_PLACEMENT_3D('',#11774,#11775,#11776);
#11778=PLANE('',#11777);
#11779=ORIENTED_EDGE('',*,*,#11187,.F.);
#11781=ORIENTED_EDGE('',*,*,#11780,.F.);
#11782=ORIENTED_EDGE('',*,*,#7530,.F.);
#11784=ORIENTED_EDGE('',*,*,#11783,.T.);
#11785=EDGE_LOOP('',(#11779,#11781,#11782,#11784));
#11786=FACE_OUTER_BOUND('',#11785,.F.);
#11787=ADVANCED_FACE('',(#11786),#11778,.F.);
#11788=CARTESIAN_POINT('',(-1.5E0,0.E0,-3.5E-1));
#11789=DIRECTION('',(1.E0,0.E0,0.E0));
#11790=DIRECTION('',(0.E0,0.E0,-1.E0));
#11791=AXIS2_PLACEMENT_3D('',#11788,#11789,#11790);
#11792=PLANE('',#11791);
#11793=ORIENTED_EDGE('',*,*,#11211,.F.);
#11795=ORIENTED_EDGE('',*,*,#11794,.F.);
#11796=ORIENTED_EDGE('',*,*,#7522,.F.);
#11798=ORIENTED_EDGE('',*,*,#11797,.T.);
#11799=EDGE_LOOP('',(#11793,#11795,#11796,#11798));
#11800=FACE_OUTER_BOUND('',#11799,.F.);
#11801=ADVANCED_FACE('',(#11800),#11792,.F.);
#11802=CARTESIAN_POINT('',(-1.5E0,0.E0,-3.5E-1));
#11803=DIRECTION('',(1.E0,0.E0,0.E0));
#11804=DIRECTION('',(0.E0,0.E0,-1.E0));
#11805=AXIS2_PLACEMENT_3D('',#11802,#11803,#11804);
#11806=PLANE('',#11805);
#11807=ORIENTED_EDGE('',*,*,#11747,.T.);
#11808=ORIENTED_EDGE('',*,*,#8484,.T.);
#11809=ORIENTED_EDGE('',*,*,#9730,.T.);
#11810=ORIENTED_EDGE('',*,*,#11640,.F.);
#11811=EDGE_LOOP('',(#11807,#11808,#11809,#11810));
#11812=FACE_OUTER_BOUND('',#11811,.F.);
#11813=ADVANCED_FACE('',(#11812),#11806,.F.);
#11814=CARTESIAN_POINT('',(-1.5E0,0.E0,-3.5E-1));
#11815=DIRECTION('',(1.E0,0.E0,0.E0));
#11816=DIRECTION('',(0.E0,0.E0,-1.E0));
#11817=AXIS2_PLACEMENT_3D('',#11814,#11815,#11816);
#11818=PLANE('',#11817);
#11819=ORIENTED_EDGE('',*,*,#11767,.T.);
#11820=ORIENTED_EDGE('',*,*,#8955,.T.);
#11821=ORIENTED_EDGE('',*,*,#9693,.T.);
#11822=ORIENTED_EDGE('',*,*,#9756,.F.);
#11823=EDGE_LOOP('',(#11819,#11820,#11821,#11822));
#11824=FACE_OUTER_BOUND('',#11823,.F.);
#11825=ADVANCED_FACE('',(#11824),#11818,.F.);
#11826=CARTESIAN_POINT('',(-1.5E0,0.E0,-3.5E-1));
#11827=DIRECTION('',(1.E0,0.E0,0.E0));
#11828=DIRECTION('',(0.E0,0.E0,-1.E0));
#11829=AXIS2_PLACEMENT_3D('',#11826,#11827,#11828);
#11830=PLANE('',#11829);
#11831=ORIENTED_EDGE('',*,*,#11299,.F.);
#11832=ORIENTED_EDGE('',*,*,#11670,.F.);
#11833=ORIENTED_EDGE('',*,*,#8060,.T.);
#11834=ORIENTED_EDGE('',*,*,#8521,.T.);
#11835=EDGE_LOOP('',(#11831,#11832,#11833,#11834));
#11836=FACE_OUTER_BOUND('',#11835,.F.);
#11837=ADVANCED_FACE('',(#11836),#11830,.F.);
#11838=CARTESIAN_POINT('',(-1.5E0,0.E0,-3.5E-1));
#11839=DIRECTION('',(1.E0,0.E0,0.E0));
#11840=DIRECTION('',(0.E0,0.E0,-1.E0));
#11841=AXIS2_PLACEMENT_3D('',#11838,#11839,#11840);
#11842=PLANE('',#11841);
#11843=ORIENTED_EDGE('',*,*,#11315,.F.);
#11844=ORIENTED_EDGE('',*,*,#9791,.F.);
#11845=ORIENTED_EDGE('',*,*,#8076,.T.);
#11846=ORIENTED_EDGE('',*,*,#8967,.T.);
#11847=EDGE_LOOP('',(#11843,#11844,#11845,#11846));
#11848=FACE_OUTER_BOUND('',#11847,.F.);
#11849=ADVANCED_FACE('',(#11848),#11842,.F.);
#11850=CARTESIAN_POINT('',(-1.5E0,0.E0,-6.15E-1));
#11851=DIRECTION('',(0.E0,0.E0,-1.E0));
#11852=DIRECTION('',(-1.E0,0.E0,0.E0));
#11853=AXIS2_PLACEMENT_3D('',#11850,#11851,#11852);
#11854=PLANE('',#11853);
#11855=ORIENTED_EDGE('',*,*,#11185,.T.);
#11856=ORIENTED_EDGE('',*,*,#11243,.F.);
#11857=ORIENTED_EDGE('',*,*,#9704,.T.);
#11859=ORIENTED_EDGE('',*,*,#11858,.T.);
#11861=ORIENTED_EDGE('',*,*,#11860,.T.);
#11863=ORIENTED_EDGE('',*,*,#11862,.T.);
#11864=ORIENTED_EDGE('',*,*,#7532,.T.);
#11865=ORIENTED_EDGE('',*,*,#11780,.T.);
#11866=EDGE_LOOP('',(#11855,#11856,#11857,#11859,#11861,#11863,#11864,#11865));
#11867=FACE_OUTER_BOUND('',#11866,.F.);
#11868=ADVANCED_FACE('',(#11867),#11854,.F.);
#11869=CARTESIAN_POINT('',(-1.75E0,0.E0,-1.E0));
#11870=DIRECTION('',(-1.E0,0.E0,0.E0));
#11871=DIRECTION('',(0.E0,0.E0,1.E0));
#11872=AXIS2_PLACEMENT_3D('',#11869,#11870,#11871);
#11873=PLANE('',#11872);
#11875=ORIENTED_EDGE('',*,*,#11874,.T.);
#11876=ORIENTED_EDGE('',*,*,#7526,.T.);
#11878=ORIENTED_EDGE('',*,*,#11877,.F.);
#11880=ORIENTED_EDGE('',*,*,#11879,.F.);
#11881=EDGE_LOOP('',(#11875,#11876,#11878,#11880));
#11882=FACE_OUTER_BOUND('',#11881,.F.);
#11883=ADVANCED_FACE('',(#11882),#11873,.T.);
#11884=CARTESIAN_POINT('',(-1.75E0,0.E0,-1.E0));
#11885=DIRECTION('',(-1.E0,0.E0,0.E0));
#11886=DIRECTION('',(0.E0,0.E0,1.E0));
#11887=AXIS2_PLACEMENT_3D('',#11884,#11885,#11886);
#11888=PLANE('',#11887);
#11889=ORIENTED_EDGE('',*,*,#9702,.F.);
#11891=ORIENTED_EDGE('',*,*,#11890,.F.);
#11893=ORIENTED_EDGE('',*,*,#11892,.T.);
#11894=ORIENTED_EDGE('',*,*,#11858,.F.);
#11895=EDGE_LOOP('',(#11889,#11891,#11893,#11894));
#11896=FACE_OUTER_BOUND('',#11895,.F.);
#11897=ADVANCED_FACE('',(#11896),#11888,.T.);
#11898=CARTESIAN_POINT('',(-1.75E0,0.E0,-1.E0));
#11899=DIRECTION('',(-1.E0,0.E0,0.E0));
#11900=DIRECTION('',(0.E0,0.E0,1.E0));
#11901=AXIS2_PLACEMENT_3D('',#11898,#11899,#11900);
#11902=PLANE('',#11901);
#11903=ORIENTED_EDGE('',*,*,#9721,.F.);
#11905=ORIENTED_EDGE('',*,*,#11904,.T.);
#11907=ORIENTED_EDGE('',*,*,#11906,.F.);
#11909=ORIENTED_EDGE('',*,*,#11908,.T.);
#11910=EDGE_LOOP('',(#11903,#11905,#11907,#11909));
#11911=FACE_OUTER_BOUND('',#11910,.F.);
#11912=ADVANCED_FACE('',(#11911),#11902,.T.);
#11913=CARTESIAN_POINT('',(-1.75E0,0.E0,-3.5E-1));
#11914=DIRECTION('',(0.E0,0.E0,1.E0));
#11915=DIRECTION('',(1.E0,0.E0,0.E0));
#11916=AXIS2_PLACEMENT_3D('',#11913,#11914,#11915);
#11917=PLANE('',#11916);
#11919=ORIENTED_EDGE('',*,*,#11918,.T.);
#11920=ORIENTED_EDGE('',*,*,#11251,.T.);
#11921=ORIENTED_EDGE('',*,*,#11189,.F.);
#11922=ORIENTED_EDGE('',*,*,#11783,.F.);
#11923=ORIENTED_EDGE('',*,*,#7528,.F.);
#11924=ORIENTED_EDGE('',*,*,#11874,.F.);
#11925=EDGE_LOOP('',(#11919,#11920,#11921,#11922,#11923,#11924));
#11926=FACE_OUTER_BOUND('',#11925,.F.);
#11927=ADVANCED_FACE('',(#11926),#11917,.F.);
#11928=CARTESIAN_POINT('',(-1.5E0,-5.E-1,3.5E-1));
#11929=DIRECTION('',(0.E0,1.E0,0.E0));
#11930=DIRECTION('',(-1.E0,0.E0,0.E0));
#11931=AXIS2_PLACEMENT_3D('',#11928,#11929,#11930);
#11932=PLANE('',#11931);
#11933=ORIENTED_EDGE('',*,*,#11918,.F.);
#11934=ORIENTED_EDGE('',*,*,#11879,.T.);
#11936=ORIENTED_EDGE('',*,*,#11935,.T.);
#11937=ORIENTED_EDGE('',*,*,#11253,.F.);
#11938=EDGE_LOOP('',(#11933,#11934,#11936,#11937));
#11939=FACE_OUTER_BOUND('',#11938,.F.);
#11940=ADVANCED_FACE('',(#11939),#11932,.F.);
#11941=CARTESIAN_POINT('',(-1.5E0,0.E0,3.5E-1));
#11942=DIRECTION('',(0.E0,0.E0,-1.E0));
#11943=DIRECTION('',(-1.E0,0.E0,0.E0));
#11944=AXIS2_PLACEMENT_3D('',#11941,#11942,#11943);
#11945=PLANE('',#11944);
#11946=ORIENTED_EDGE('',*,*,#11935,.F.);
#11947=ORIENTED_EDGE('',*,*,#11877,.T.);
#11948=ORIENTED_EDGE('',*,*,#7524,.T.);
#11949=ORIENTED_EDGE('',*,*,#11794,.T.);
#11950=ORIENTED_EDGE('',*,*,#11209,.T.);
#11951=ORIENTED_EDGE('',*,*,#11255,.F.);
#11952=EDGE_LOOP('',(#11946,#11947,#11948,#11949,#11950,#11951));
#11953=FACE_OUTER_BOUND('',#11952,.F.);
#11954=ADVANCED_FACE('',(#11953),#11945,.F.);
#11955=CARTESIAN_POINT('',(-1.55E0,7.03944E-1,-8.E-1));
#11956=DIRECTION('',(0.E0,-1.E0,0.E0));
#11957=DIRECTION('',(-1.E0,0.E0,0.E0));
#11958=AXIS2_PLACEMENT_3D('',#11955,#11956,#11957);
#11959=CYLINDRICAL_SURFACE('',#11958,2.E-1);
#11960=ORIENTED_EDGE('',*,*,#9700,.T.);
#11962=ORIENTED_EDGE('',*,*,#11961,.F.);
#11963=ORIENTED_EDGE('',*,*,#7536,.T.);
#11965=ORIENTED_EDGE('',*,*,#11964,.F.);
#11967=ORIENTED_EDGE('',*,*,#11966,.F.);
#11968=ORIENTED_EDGE('',*,*,#11890,.T.);
#11969=EDGE_LOOP('',(#11960,#11962,#11963,#11965,#11967,#11968));
#11970=FACE_OUTER_BOUND('',#11969,.F.);
#11971=ADVANCED_FACE('',(#11970),#11959,.T.);
#11972=CARTESIAN_POINT('',(1.75E0,0.E0,-1.E0));
#11973=DIRECTION('',(0.E0,0.E0,-1.E0));
#11974=DIRECTION('',(-1.E0,0.E0,0.E0));
#11975=AXIS2_PLACEMENT_3D('',#11972,#11973,#11974);
#11976=PLANE('',#11975);
#11977=ORIENTED_EDGE('',*,*,#9652,.F.);
#11979=ORIENTED_EDGE('',*,*,#11978,.F.);
#11980=ORIENTED_EDGE('',*,*,#7554,.T.);
#11982=ORIENTED_EDGE('',*,*,#11981,.F.);
#11983=EDGE_LOOP('',(#11977,#11979,#11980,#11982));
#11984=FACE_OUTER_BOUND('',#11983,.F.);
#11985=ADVANCED_FACE('',(#11984),#11976,.T.);
#11986=CARTESIAN_POINT('',(1.75E0,0.E0,-1.E0));
#11987=DIRECTION('',(0.E0,0.E0,-1.E0));
#11988=DIRECTION('',(-1.E0,0.E0,0.E0));
#11989=AXIS2_PLACEMENT_3D('',#11986,#11987,#11988);
#11990=PLANE('',#11989);
#11991=ORIENTED_EDGE('',*,*,#9698,.F.);
#11993=ORIENTED_EDGE('',*,*,#11992,.T.);
#11994=ORIENTED_EDGE('',*,*,#7538,.T.);
#11995=ORIENTED_EDGE('',*,*,#11961,.T.);
#11996=EDGE_LOOP('',(#11991,#11993,#11994,#11995));
#11997=FACE_OUTER_BOUND('',#11996,.F.);
#11998=ADVANCED_FACE('',(#11997),#11990,.T.);
#11999=CARTESIAN_POINT('',(1.75E0,0.E0,-1.E0));
#12000=DIRECTION('',(0.E0,0.E0,-1.E0));
#12001=DIRECTION('',(-1.E0,0.E0,0.E0));
#12002=AXIS2_PLACEMENT_3D('',#11999,#12000,#12001);
#12003=PLANE('',#12002);
#12005=ORIENTED_EDGE('',*,*,#12004,.T.);
#12007=ORIENTED_EDGE('',*,*,#12006,.T.);
#12008=ORIENTED_EDGE('',*,*,#9553,.T.);
#12010=ORIENTED_EDGE('',*,*,#12009,.T.);
#12011=EDGE_LOOP('',(#12005,#12007,#12008,#12010));
#12012=FACE_OUTER_BOUND('',#12011,.F.);
#12013=ADVANCED_FACE('',(#12012),#12003,.T.);
#12014=CARTESIAN_POINT('',(1.55E0,7.03944E-1,-8.E-1));
#12015=DIRECTION('',(0.E0,-1.E0,0.E0));
#12016=DIRECTION('',(0.E0,0.E0,-1.E0));
#12017=AXIS2_PLACEMENT_3D('',#12014,#12015,#12016);
#12018=CYLINDRICAL_SURFACE('',#12017,2.E-1);
#12019=ORIENTED_EDGE('',*,*,#9650,.T.);
#12021=ORIENTED_EDGE('',*,*,#12020,.F.);
#12023=ORIENTED_EDGE('',*,*,#12022,.F.);
#12025=ORIENTED_EDGE('',*,*,#12024,.F.);
#12026=ORIENTED_EDGE('',*,*,#7556,.T.);
#12027=ORIENTED_EDGE('',*,*,#11978,.T.);
#12028=EDGE_LOOP('',(#12019,#12021,#12023,#12025,#12026,#12027));
#12029=FACE_OUTER_BOUND('',#12028,.F.);
#12030=ADVANCED_FACE('',(#12029),#12018,.T.);
#12031=CARTESIAN_POINT('',(1.75E0,0.E0,1.E0));
#12032=DIRECTION('',(1.E0,0.E0,0.E0));
#12033=DIRECTION('',(0.E0,0.E0,-1.E0));
#12034=AXIS2_PLACEMENT_3D('',#12031,#12032,#12033);
#12035=PLANE('',#12034);
#12037=ORIENTED_EDGE('',*,*,#12036,.F.);
#12039=ORIENTED_EDGE('',*,*,#12038,.T.);
#12041=ORIENTED_EDGE('',*,*,#12040,.T.);
#12042=ORIENTED_EDGE('',*,*,#7566,.T.);
#12043=EDGE_LOOP('',(#12037,#12039,#12041,#12042));
#12044=FACE_OUTER_BOUND('',#12043,.F.);
#12045=ADVANCED_FACE('',(#12044),#12035,.T.);
#12046=CARTESIAN_POINT('',(1.75E0,0.E0,1.E0));
#12047=DIRECTION('',(1.E0,0.E0,0.E0));
#12048=DIRECTION('',(0.E0,0.E0,-1.E0));
#12049=AXIS2_PLACEMENT_3D('',#12046,#12047,#12048);
#12050=PLANE('',#12049);
#12051=ORIENTED_EDGE('',*,*,#9677,.F.);
#12053=ORIENTED_EDGE('',*,*,#12052,.F.);
#12055=ORIENTED_EDGE('',*,*,#12054,.T.);
#12057=ORIENTED_EDGE('',*,*,#12056,.F.);
#12058=EDGE_LOOP('',(#12051,#12053,#12055,#12057));
#12059=FACE_OUTER_BOUND('',#12058,.F.);
#12060=ADVANCED_FACE('',(#12059),#12050,.T.);
#12061=CARTESIAN_POINT('',(1.75E0,0.E0,1.E0));
#12062=DIRECTION('',(1.E0,0.E0,0.E0));
#12063=DIRECTION('',(0.E0,0.E0,-1.E0));
#12064=AXIS2_PLACEMENT_3D('',#12061,#12062,#12063);
#12065=PLANE('',#12064);
#12066=ORIENTED_EDGE('',*,*,#9648,.F.);
#12068=ORIENTED_EDGE('',*,*,#12067,.T.);
#12070=ORIENTED_EDGE('',*,*,#12069,.F.);
#12071=ORIENTED_EDGE('',*,*,#12020,.T.);
#12072=EDGE_LOOP('',(#12066,#12068,#12070,#12071));
#12073=FACE_OUTER_BOUND('',#12072,.F.);
#12074=ADVANCED_FACE('',(#12073),#12065,.T.);
#12075=CARTESIAN_POINT('',(1.5E0,0.E0,-3.5E-1));
#12076=DIRECTION('',(0.E0,0.E0,1.E0));
#12077=DIRECTION('',(1.E0,0.E0,0.E0));
#12078=AXIS2_PLACEMENT_3D('',#12075,#12076,#12077);
#12079=PLANE('',#12078);
#12080=ORIENTED_EDGE('',*,*,#9835,.F.);
#12082=ORIENTED_EDGE('',*,*,#12081,.F.);
#12083=ORIENTED_EDGE('',*,*,#12036,.T.);
#12084=ORIENTED_EDGE('',*,*,#7564,.T.);
#12085=ORIENTED_EDGE('',*,*,#10829,.T.);
#12086=ORIENTED_EDGE('',*,*,#10912,.T.);
#12087=EDGE_LOOP('',(#12080,#12082,#12083,#12084,#12085,#12086));
#12088=FACE_OUTER_BOUND('',#12087,.F.);
#12089=ADVANCED_FACE('',(#12088),#12079,.F.);
#12090=CARTESIAN_POINT('',(1.75E0,-5.E-1,3.5E-1));
#12091=DIRECTION('',(0.E0,1.E0,0.E0));
#12092=DIRECTION('',(-1.E0,0.E0,0.E0));
#12093=AXIS2_PLACEMENT_3D('',#12090,#12091,#12092);
#12094=PLANE('',#12093);
#12095=ORIENTED_EDGE('',*,*,#12081,.T.);
#12096=ORIENTED_EDGE('',*,*,#9833,.T.);
#12098=ORIENTED_EDGE('',*,*,#12097,.F.);
#12099=ORIENTED_EDGE('',*,*,#12038,.F.);
#12100=EDGE_LOOP('',(#12095,#12096,#12098,#12099));
#12101=FACE_OUTER_BOUND('',#12100,.F.);
#12102=ADVANCED_FACE('',(#12101),#12094,.F.);
#12103=CARTESIAN_POINT('',(1.75E0,0.E0,3.5E-1));
#12104=DIRECTION('',(0.E0,0.E0,-1.E0));
#12105=DIRECTION('',(-1.E0,0.E0,0.E0));
#12106=AXIS2_PLACEMENT_3D('',#12103,#12104,#12105);
#12107=PLANE('',#12106);
#12108=ORIENTED_EDGE('',*,*,#9831,.T.);
#12109=ORIENTED_EDGE('',*,*,#10932,.F.);
#12110=ORIENTED_EDGE('',*,*,#10847,.F.);
#12111=ORIENTED_EDGE('',*,*,#7568,.F.);
#12112=ORIENTED_EDGE('',*,*,#12040,.F.);
#12113=ORIENTED_EDGE('',*,*,#12097,.T.);
#12114=EDGE_LOOP('',(#12108,#12109,#12110,#12111,#12112,#12113));
#12115=FACE_OUTER_BOUND('',#12114,.F.);
#12116=ADVANCED_FACE('',(#12115),#12107,.F.);
#12117=CARTESIAN_POINT('',(1.55E0,7.03944E-1,8.E-1));
#12118=DIRECTION('',(0.E0,-1.E0,0.E0));
#12119=DIRECTION('',(1.E0,0.E0,0.E0));
#12120=AXIS2_PLACEMENT_3D('',#12117,#12118,#12119);
#12121=CYLINDRICAL_SURFACE('',#12120,2.E-1);
#12122=ORIENTED_EDGE('',*,*,#9675,.T.);
#12123=ORIENTED_EDGE('',*,*,#9618,.F.);
#12124=ORIENTED_EDGE('',*,*,#7576,.T.);
#12126=ORIENTED_EDGE('',*,*,#12125,.F.);
#12128=ORIENTED_EDGE('',*,*,#12127,.F.);
#12129=ORIENTED_EDGE('',*,*,#12052,.T.);
#12130=EDGE_LOOP('',(#12122,#12123,#12124,#12126,#12128,#12129));
#12131=FACE_OUTER_BOUND('',#12130,.F.);
#12132=ADVANCED_FACE('',(#12131),#12121,.T.);
#12133=CARTESIAN_POINT('',(1.58E0,0.E0,1.E0));
#12134=DIRECTION('',(-7.071067811866E-1,-7.071067811865E-1,0.E0));
#12135=DIRECTION('',(7.071067811865E-1,-7.071067811866E-1,0.E0));
#12136=AXIS2_PLACEMENT_3D('',#12133,#12134,#12135);
#12137=PLANE('',#12136);
#12138=ORIENTED_EDGE('',*,*,#7574,.T.);
#12140=ORIENTED_EDGE('',*,*,#12139,.T.);
#12142=ORIENTED_EDGE('',*,*,#12141,.F.);
#12143=ORIENTED_EDGE('',*,*,#12125,.T.);
#12144=EDGE_LOOP('',(#12138,#12140,#12142,#12143));
#12145=FACE_OUTER_BOUND('',#12144,.F.);
#12146=ADVANCED_FACE('',(#12145),#12137,.F.);
#12147=CARTESIAN_POINT('',(1.5E0,0.E0,6.15E-1));
#12148=DIRECTION('',(0.E0,0.E0,1.E0));
#12149=DIRECTION('',(1.E0,0.E0,0.E0));
#12150=AXIS2_PLACEMENT_3D('',#12147,#12148,#12149);
#12151=PLANE('',#12150);
#12152=ORIENTED_EDGE('',*,*,#9679,.T.);
#12153=ORIENTED_EDGE('',*,*,#12056,.T.);
#12155=ORIENTED_EDGE('',*,*,#12154,.T.);
#12156=ORIENTED_EDGE('',*,*,#12139,.F.);
#12157=ORIENTED_EDGE('',*,*,#7572,.T.);
#12158=ORIENTED_EDGE('',*,*,#10844,.T.);
#12159=ORIENTED_EDGE('',*,*,#10929,.T.);
#12160=ORIENTED_EDGE('',*,*,#9819,.F.);
#12161=EDGE_LOOP('',(#12152,#12153,#12155,#12156,#12157,#12158,#12159,#12160));
#12162=FACE_OUTER_BOUND('',#12161,.F.);
#12163=ADVANCED_FACE('',(#12162),#12151,.F.);
#12164=CARTESIAN_POINT('',(1.63E0,-5.E-2,1.E0));
#12165=DIRECTION('',(0.E0,-1.E0,0.E0));
#12166=DIRECTION('',(1.E0,0.E0,0.E0));
#12167=AXIS2_PLACEMENT_3D('',#12164,#12165,#12166);
#12168=PLANE('',#12167);
#12169=ORIENTED_EDGE('',*,*,#12054,.F.);
#12170=ORIENTED_EDGE('',*,*,#12127,.T.);
#12171=ORIENTED_EDGE('',*,*,#12141,.T.);
#12172=ORIENTED_EDGE('',*,*,#12154,.F.);
#12173=EDGE_LOOP('',(#12169,#12170,#12171,#12172));
#12174=FACE_OUTER_BOUND('',#12173,.F.);
#12175=ADVANCED_FACE('',(#12174),#12168,.F.);
#12176=CARTESIAN_POINT('',(1.75E0,0.E0,-6.15E-1));
#12177=DIRECTION('',(0.E0,0.E0,-1.E0));
#12178=DIRECTION('',(-1.E0,0.E0,0.E0));
#12179=AXIS2_PLACEMENT_3D('',#12176,#12177,#12178);
#12180=PLANE('',#12179);
#12181=ORIENTED_EDGE('',*,*,#9646,.T.);
#12182=ORIENTED_EDGE('',*,*,#9847,.T.);
#12183=ORIENTED_EDGE('',*,*,#10915,.F.);
#12184=ORIENTED_EDGE('',*,*,#10832,.F.);
#12185=ORIENTED_EDGE('',*,*,#7560,.F.);
#12187=ORIENTED_EDGE('',*,*,#12186,.T.);
#12189=ORIENTED_EDGE('',*,*,#12188,.F.);
#12190=ORIENTED_EDGE('',*,*,#12067,.F.);
#12191=EDGE_LOOP('',(#12181,#12182,#12183,#12184,#12185,#12187,#12189,#12190));
#12192=FACE_OUTER_BOUND('',#12191,.F.);
#12193=ADVANCED_FACE('',(#12192),#12180,.F.);
#12194=CARTESIAN_POINT('',(1.58E0,0.E0,-1.E0));
#12195=DIRECTION('',(7.071067811866E-1,7.071067811865E-1,0.E0));
#12196=DIRECTION('',(7.071067811865E-1,-7.071067811866E-1,0.E0));
#12197=AXIS2_PLACEMENT_3D('',#12194,#12195,#12196);
#12198=PLANE('',#12197);
#12200=ORIENTED_EDGE('',*,*,#12199,.T.);
#12201=ORIENTED_EDGE('',*,*,#12186,.F.);
#12202=ORIENTED_EDGE('',*,*,#7558,.F.);
#12203=ORIENTED_EDGE('',*,*,#12024,.T.);
#12204=EDGE_LOOP('',(#12200,#12201,#12202,#12203));
#12205=FACE_OUTER_BOUND('',#12204,.F.);
#12206=ADVANCED_FACE('',(#12205),#12198,.T.);
#12207=CARTESIAN_POINT('',(1.63E0,-5.E-2,-1.E0));
#12208=DIRECTION('',(0.E0,1.E0,0.E0));
#12209=DIRECTION('',(1.E0,0.E0,0.E0));
#12210=AXIS2_PLACEMENT_3D('',#12207,#12208,#12209);
#12211=PLANE('',#12210);
#12212=ORIENTED_EDGE('',*,*,#12199,.F.);
#12213=ORIENTED_EDGE('',*,*,#12022,.T.);
#12214=ORIENTED_EDGE('',*,*,#12069,.T.);
#12215=ORIENTED_EDGE('',*,*,#12188,.T.);
#12216=EDGE_LOOP('',(#12212,#12213,#12214,#12215));
#12217=FACE_OUTER_BOUND('',#12216,.F.);
#12218=ADVANCED_FACE('',(#12217),#12211,.T.);
#12219=CARTESIAN_POINT('',(1.235E0,0.E0,-8.8E-1));
#12220=DIRECTION('',(1.E0,0.E0,0.E0));
#12221=DIRECTION('',(0.E0,0.E0,-1.E0));
#12222=AXIS2_PLACEMENT_3D('',#12219,#12220,#12221);
#12223=PLANE('',#12222);
#12224=ORIENTED_EDGE('',*,*,#9654,.T.);
#12225=ORIENTED_EDGE('',*,*,#11981,.T.);
#12226=ORIENTED_EDGE('',*,*,#7552,.T.);
#12227=ORIENTED_EDGE('',*,*,#10519,.T.);
#12228=EDGE_LOOP('',(#12224,#12225,#12226,#12227));
#12229=FACE_OUTER_BOUND('',#12228,.F.);
#12230=ADVANCED_FACE('',(#12229),#12223,.F.);
#12231=CARTESIAN_POINT('',(-1.235E0,0.E0,-1.E0));
#12232=DIRECTION('',(-1.E0,0.E0,0.E0));
#12233=DIRECTION('',(0.E0,0.E0,1.E0));
#12234=AXIS2_PLACEMENT_3D('',#12231,#12232,#12233);
#12235=PLANE('',#12234);
#12236=ORIENTED_EDGE('',*,*,#9696,.T.);
#12237=ORIENTED_EDGE('',*,*,#8951,.F.);
#12238=ORIENTED_EDGE('',*,*,#7540,.F.);
#12239=ORIENTED_EDGE('',*,*,#11992,.F.);
#12240=EDGE_LOOP('',(#12236,#12237,#12238,#12239));
#12241=FACE_OUTER_BOUND('',#12240,.F.);
#12242=ADVANCED_FACE('',(#12241),#12235,.F.);
#12243=CARTESIAN_POINT('',(0.E0,-1.E-1,0.E0));
#12244=DIRECTION('',(0.E0,1.E0,0.E0));
#12245=DIRECTION('',(-1.E0,0.E0,0.E0));
#12246=AXIS2_PLACEMENT_3D('',#12243,#12244,#12245);
#12247=PLANE('',#12246);
#12248=ORIENTED_EDGE('',*,*,#9628,.T.);
#12249=ORIENTED_EDGE('',*,*,#9588,.T.);
#12250=ORIENTED_EDGE('',*,*,#11648,.F.);
#12252=ORIENTED_EDGE('',*,*,#12251,.F.);
#12254=ORIENTED_EDGE('',*,*,#12253,.F.);
#12256=ORIENTED_EDGE('',*,*,#12255,.F.);
#12257=ORIENTED_EDGE('',*,*,#7650,.F.);
#12259=ORIENTED_EDGE('',*,*,#12258,.T.);
#12260=EDGE_LOOP('',(#12248,#12249,#12250,#12252,#12254,#12256,#12257,#12259));
#12261=FACE_OUTER_BOUND('',#12260,.F.);
#12263=ORIENTED_EDGE('',*,*,#12262,.T.);
#12265=ORIENTED_EDGE('',*,*,#12264,.T.);
#12267=ORIENTED_EDGE('',*,*,#12266,.F.);
#12269=ORIENTED_EDGE('',*,*,#12268,.F.);
#12270=EDGE_LOOP('',(#12263,#12265,#12267,#12269));
#12271=FACE_BOUND('',#12270,.F.);
#12273=ORIENTED_EDGE('',*,*,#12272,.T.);
#12275=ORIENTED_EDGE('',*,*,#12274,.T.);
#12277=ORIENTED_EDGE('',*,*,#12276,.F.);
#12279=ORIENTED_EDGE('',*,*,#12278,.F.);
#12280=EDGE_LOOP('',(#12273,#12275,#12277,#12279));
#12281=FACE_BOUND('',#12280,.F.);
#12283=ORIENTED_EDGE('',*,*,#12282,.T.);
#12285=ORIENTED_EDGE('',*,*,#12284,.T.);
#12287=ORIENTED_EDGE('',*,*,#12286,.F.);
#12289=ORIENTED_EDGE('',*,*,#12288,.F.);
#12290=EDGE_LOOP('',(#12283,#12285,#12287,#12289));
#12291=FACE_BOUND('',#12290,.F.);
#12292=ADVANCED_FACE('',(#12261,#12271,#12281,#12291),#12247,.T.);
#12293=CARTESIAN_POINT('',(0.E0,-1.E-1,0.E0));
#12294=DIRECTION('',(0.E0,1.E0,0.E0));
#12295=DIRECTION('',(-1.E0,0.E0,0.E0));
#12296=AXIS2_PLACEMENT_3D('',#12293,#12294,#12295);
#12297=PLANE('',#12296);
#12298=ORIENTED_EDGE('',*,*,#12004,.F.);
#12300=ORIENTED_EDGE('',*,*,#12299,.T.);
#12301=ORIENTED_EDGE('',*,*,#10524,.F.);
#12303=ORIENTED_EDGE('',*,*,#12302,.F.);
#12305=ORIENTED_EDGE('',*,*,#12304,.F.);
#12307=ORIENTED_EDGE('',*,*,#12306,.F.);
#12308=ORIENTED_EDGE('',*,*,#8946,.F.);
#12310=ORIENTED_EDGE('',*,*,#12309,.T.);
#12311=EDGE_LOOP('',(#12298,#12300,#12301,#12303,#12305,#12307,#12308,#12310));
#12312=FACE_OUTER_BOUND('',#12311,.F.);
#12314=ORIENTED_EDGE('',*,*,#12313,.T.);
#12316=ORIENTED_EDGE('',*,*,#12315,.T.);
#12318=ORIENTED_EDGE('',*,*,#12317,.F.);
#12320=ORIENTED_EDGE('',*,*,#12319,.F.);
#12321=EDGE_LOOP('',(#12314,#12316,#12318,#12320));
#12322=FACE_BOUND('',#12321,.F.);
#12324=ORIENTED_EDGE('',*,*,#12323,.T.);
#12326=ORIENTED_EDGE('',*,*,#12325,.T.);
#12328=ORIENTED_EDGE('',*,*,#12327,.F.);
#12330=ORIENTED_EDGE('',*,*,#12329,.F.);
#12331=EDGE_LOOP('',(#12324,#12326,#12328,#12330));
#12332=FACE_BOUND('',#12331,.F.);
#12334=ORIENTED_EDGE('',*,*,#12333,.T.);
#12336=ORIENTED_EDGE('',*,*,#12335,.T.);
#12338=ORIENTED_EDGE('',*,*,#12337,.F.);
#12340=ORIENTED_EDGE('',*,*,#12339,.F.);
#12341=EDGE_LOOP('',(#12334,#12336,#12338,#12340));
#12342=FACE_BOUND('',#12341,.F.);
#12343=ADVANCED_FACE('',(#12312,#12322,#12332,#12342),#12297,.T.);
#12344=CARTESIAN_POINT('',(-5.5E-1,0.E0,7.6E-1));
#12345=DIRECTION('',(-1.E0,0.E0,0.E0));
#12346=DIRECTION('',(0.E0,0.E0,1.E0));
#12347=AXIS2_PLACEMENT_3D('',#12344,#12345,#12346);
#12348=PLANE('',#12347);
#12349=ORIENTED_EDGE('',*,*,#7508,.F.);
#12351=ORIENTED_EDGE('',*,*,#12350,.T.);
#12352=ORIENTED_EDGE('',*,*,#12251,.T.);
#12353=ORIENTED_EDGE('',*,*,#11646,.F.);
#12354=EDGE_LOOP('',(#12349,#12351,#12352,#12353));
#12355=FACE_OUTER_BOUND('',#12354,.F.);
#12356=ADVANCED_FACE('',(#12355),#12348,.F.);
#12357=CARTESIAN_POINT('',(5.5E-1,0.E0,7.6E-1));
#12358=DIRECTION('',(0.E0,0.E0,-1.E0));
#12359=DIRECTION('',(-1.E0,0.E0,0.E0));
#12360=AXIS2_PLACEMENT_3D('',#12357,#12358,#12359);
#12361=PLANE('',#12360);
#12362=ORIENTED_EDGE('',*,*,#7506,.F.);
#12364=ORIENTED_EDGE('',*,*,#12363,.T.);
#12365=ORIENTED_EDGE('',*,*,#12253,.T.);
#12366=ORIENTED_EDGE('',*,*,#12350,.F.);
#12367=EDGE_LOOP('',(#12362,#12364,#12365,#12366));
#12368=FACE_OUTER_BOUND('',#12367,.F.);
#12369=ADVANCED_FACE('',(#12368),#12361,.F.);
#12370=CARTESIAN_POINT('',(5.5E-1,0.E0,8.8E-1));
#12371=DIRECTION('',(1.E0,0.E0,0.E0));
#12372=DIRECTION('',(0.E0,0.E0,-1.E0));
#12373=AXIS2_PLACEMENT_3D('',#12370,#12371,#12372);
#12374=PLANE('',#12373);
#12375=ORIENTED_EDGE('',*,*,#7504,.F.);
#12376=ORIENTED_EDGE('',*,*,#7652,.T.);
#12377=ORIENTED_EDGE('',*,*,#12255,.T.);
#12378=ORIENTED_EDGE('',*,*,#12363,.F.);
#12379=EDGE_LOOP('',(#12375,#12376,#12377,#12378));
#12380=FACE_OUTER_BOUND('',#12379,.F.);
#12381=ADVANCED_FACE('',(#12380),#12374,.F.);
#12382=CARTESIAN_POINT('',(5.9E-1,0.E0,8.8E-1));
#12383=DIRECTION('',(-1.E0,0.E0,0.E0));
#12384=DIRECTION('',(0.E0,0.E0,1.E0));
#12385=AXIS2_PLACEMENT_3D('',#12382,#12383,#12384);
#12386=PLANE('',#12385);
#12387=ORIENTED_EDGE('',*,*,#9630,.F.);
#12388=ORIENTED_EDGE('',*,*,#12258,.F.);
#12389=ORIENTED_EDGE('',*,*,#7648,.T.);
#12390=ORIENTED_EDGE('',*,*,#10239,.T.);
#12392=ORIENTED_EDGE('',*,*,#12391,.T.);
#12393=ORIENTED_EDGE('',*,*,#9539,.T.);
#12394=EDGE_LOOP('',(#12387,#12388,#12389,#12390,#12392,#12393));
#12395=FACE_OUTER_BOUND('',#12394,.F.);
#12396=ADVANCED_FACE('',(#12395),#12386,.F.);
#12397=CARTESIAN_POINT('',(8.1E-1,-5.4E-1,6.4E-1));
#12398=DIRECTION('',(0.E0,0.E0,1.E0));
#12399=DIRECTION('',(-1.E0,0.E0,0.E0));
#12400=AXIS2_PLACEMENT_3D('',#12397,#12398,#12399);
#12401=PLANE('',#12400);
#12402=ORIENTED_EDGE('',*,*,#8770,.F.);
#12404=ORIENTED_EDGE('',*,*,#12403,.T.);
#12405=ORIENTED_EDGE('',*,*,#10027,.T.);
#12406=ORIENTED_EDGE('',*,*,#10297,.F.);
#12407=ORIENTED_EDGE('',*,*,#9582,.T.);
#12408=ORIENTED_EDGE('',*,*,#9541,.T.);
#12409=ORIENTED_EDGE('',*,*,#12391,.F.);
#12410=ORIENTED_EDGE('',*,*,#10237,.F.);
#12411=ORIENTED_EDGE('',*,*,#10421,.F.);
#12413=ORIENTED_EDGE('',*,*,#12412,.F.);
#12414=ORIENTED_EDGE('',*,*,#10343,.T.);
#12415=ORIENTED_EDGE('',*,*,#10210,.F.);
#12417=ORIENTED_EDGE('',*,*,#12416,.T.);
#12419=ORIENTED_EDGE('',*,*,#12418,.T.);
#12420=ORIENTED_EDGE('',*,*,#9313,.T.);
#12422=ORIENTED_EDGE('',*,*,#12421,.T.);
#12424=ORIENTED_EDGE('',*,*,#12423,.F.);
#12426=ORIENTED_EDGE('',*,*,#12425,.F.);
#12427=ORIENTED_EDGE('',*,*,#9305,.T.);
#12429=ORIENTED_EDGE('',*,*,#12428,.T.);
#12431=ORIENTED_EDGE('',*,*,#12430,.F.);
#12433=ORIENTED_EDGE('',*,*,#12432,.F.);
#12434=ORIENTED_EDGE('',*,*,#9297,.T.);
#12436=ORIENTED_EDGE('',*,*,#12435,.T.);
#12438=ORIENTED_EDGE('',*,*,#12437,.F.);
#12440=ORIENTED_EDGE('',*,*,#12439,.F.);
#12441=ORIENTED_EDGE('',*,*,#9289,.T.);
#12442=ORIENTED_EDGE('',*,*,#9186,.F.);
#12444=ORIENTED_EDGE('',*,*,#12443,.F.);
#12445=ORIENTED_EDGE('',*,*,#10265,.F.);
#12446=EDGE_LOOP('',(#12402,#12404,#12405,#12406,#12407,#12408,#12409,#12410,
#12411,#12413,#12414,#12415,#12417,#12419,#12420,#12422,#12424,#12426,#12427,
#12429,#12431,#12433,#12434,#12436,#12438,#12440,#12441,#12442,#12444,#12445));
#12447=FACE_OUTER_BOUND('',#12446,.F.);
#12448=ADVANCED_FACE('',(#12447),#12401,.F.);
#12449=CARTESIAN_POINT('',(-7.7E-1,-3.599970714807E-1,6.6E-1));
#12450=DIRECTION('',(0.E0,-9.012571889724E-1,-4.332845246781E-1));
#12451=DIRECTION('',(0.E0,4.332845246781E-1,-9.012571889724E-1));
#12452=AXIS2_PLACEMENT_3D('',#12449,#12450,#12451);
#12453=PLANE('',#12452);
#12454=ORIENTED_EDGE('',*,*,#8768,.T.);
#12456=ORIENTED_EDGE('',*,*,#12455,.T.);
#12457=ORIENTED_EDGE('',*,*,#10029,.F.);
#12458=ORIENTED_EDGE('',*,*,#12403,.F.);
#12459=EDGE_LOOP('',(#12454,#12456,#12457,#12458));
#12460=FACE_OUTER_BOUND('',#12459,.F.);
#12461=ADVANCED_FACE('',(#12460),#12453,.F.);
#12462=CARTESIAN_POINT('',(-7.7E-1,-3.34E-1,6.059245686617E-1));
#12463=DIRECTION('',(0.E0,-4.332845246781E-1,9.012571889724E-1));
#12464=DIRECTION('',(0.E0,-9.012571889724E-1,-4.332845246781E-1));
#12465=AXIS2_PLACEMENT_3D('',#12462,#12463,#12464);
#12466=PLANE('',#12465);
#12467=ORIENTED_EDGE('',*,*,#8766,.T.);
#12469=ORIENTED_EDGE('',*,*,#12468,.T.);
#12470=ORIENTED_EDGE('',*,*,#10031,.F.);
#12471=ORIENTED_EDGE('',*,*,#12455,.F.);
#12472=EDGE_LOOP('',(#12467,#12469,#12470,#12471));
#12473=FACE_OUTER_BOUND('',#12472,.F.);
#12474=ADVANCED_FACE('',(#12473),#12466,.F.);
#12475=CARTESIAN_POINT('',(-7.7E-1,-4.64E-1,6.1E-1));
#12476=DIRECTION('',(-1.E0,0.E0,0.E0));
#12477=DIRECTION('',(0.E0,0.E0,-1.E0));
#12478=AXIS2_PLACEMENT_3D('',#12475,#12476,#12477);
#12479=CYLINDRICAL_SURFACE('',#12478,6.E-2);
#12480=ORIENTED_EDGE('',*,*,#8764,.T.);
#12482=ORIENTED_EDGE('',*,*,#12481,.T.);
#12483=ORIENTED_EDGE('',*,*,#10033,.F.);
#12484=ORIENTED_EDGE('',*,*,#12468,.F.);
#12485=EDGE_LOOP('',(#12480,#12482,#12483,#12484));
#12486=FACE_OUTER_BOUND('',#12485,.F.);
#12487=ADVANCED_FACE('',(#12486),#12479,.T.);
#12488=CARTESIAN_POINT('',(-7.7E-1,-5.099626665871E-1,5.714327434188E-1));
#12489=DIRECTION('',(0.E0,7.660444431190E-1,6.427876096866E-1));
#12490=DIRECTION('',(0.E0,-6.427876096866E-1,7.660444431190E-1));
#12491=AXIS2_PLACEMENT_3D('',#12488,#12489,#12490);
#12492=PLANE('',#12491);
#12493=ORIENTED_EDGE('',*,*,#8762,.T.);
#12495=ORIENTED_EDGE('',*,*,#12494,.T.);
#12496=ORIENTED_EDGE('',*,*,#10035,.F.);
#12497=ORIENTED_EDGE('',*,*,#12481,.F.);
#12498=EDGE_LOOP('',(#12493,#12495,#12496,#12497));
#12499=FACE_OUTER_BOUND('',#12498,.F.);
#12500=ADVANCED_FACE('',(#12499),#12492,.F.);
#12501=CARTESIAN_POINT('',(-7.7E-1,-4.5E-1,6.399871645095E-1));
#12502=DIRECTION('',(-1.E0,0.E0,0.E0));
#12503=DIRECTION('',(0.E0,0.E0,-1.E0));
#12504=AXIS2_PLACEMENT_3D('',#12501,#12502,#12503);
#12505=CYLINDRICAL_SURFACE('',#12504,9.E-2);
#12506=ORIENTED_EDGE('',*,*,#8760,.T.);
#12508=ORIENTED_EDGE('',*,*,#12507,.T.);
#12509=ORIENTED_EDGE('',*,*,#10037,.F.);
#12510=ORIENTED_EDGE('',*,*,#12494,.F.);
#12511=EDGE_LOOP('',(#12506,#12508,#12509,#12510));
#12512=FACE_OUTER_BOUND('',#12511,.F.);
#12513=ADVANCED_FACE('',(#12512),#12505,.T.);
#12514=CARTESIAN_POINT('',(-7.7E-1,-5.4E-1,8.8E-1));
#12515=DIRECTION('',(0.E0,-1.E0,0.E0));
#12516=DIRECTION('',(1.E0,0.E0,0.E0));
#12517=AXIS2_PLACEMENT_3D('',#12514,#12515,#12516);
#12518=PLANE('',#12517);
#12519=ORIENTED_EDGE('',*,*,#9978,.T.);
#12520=ORIENTED_EDGE('',*,*,#10039,.F.);
#12521=ORIENTED_EDGE('',*,*,#12507,.F.);
#12522=ORIENTED_EDGE('',*,*,#8758,.T.);
#12523=EDGE_LOOP('',(#12519,#12520,#12521,#12522));
#12524=FACE_OUTER_BOUND('',#12523,.F.);
#12525=ADVANCED_FACE('',(#12524),#12518,.T.);
#12526=CARTESIAN_POINT('',(7.7E-1,-3.599970714807E-1,6.6E-1));
#12527=DIRECTION('',(0.E0,9.012571889724E-1,4.332845246781E-1));
#12528=DIRECTION('',(0.E0,4.332845246781E-1,-9.012571889724E-1));
#12529=AXIS2_PLACEMENT_3D('',#12526,#12527,#12528);
#12530=PLANE('',#12529);
#12531=ORIENTED_EDGE('',*,*,#12412,.T.);
#12532=ORIENTED_EDGE('',*,*,#10419,.T.);
#12534=ORIENTED_EDGE('',*,*,#12533,.T.);
#12535=ORIENTED_EDGE('',*,*,#10345,.T.);
#12536=EDGE_LOOP('',(#12531,#12532,#12534,#12535));
#12537=FACE_OUTER_BOUND('',#12536,.F.);
#12538=ADVANCED_FACE('',(#12537),#12530,.T.);
#12539=CARTESIAN_POINT('',(7.7E-1,-3.34E-1,6.059245686617E-1));
#12540=DIRECTION('',(0.E0,4.332845246781E-1,-9.012571889724E-1));
#12541=DIRECTION('',(0.E0,-9.012571889724E-1,-4.332845246781E-1));
#12542=AXIS2_PLACEMENT_3D('',#12539,#12540,#12541);
#12543=PLANE('',#12542);
#12544=ORIENTED_EDGE('',*,*,#10347,.T.);
#12545=ORIENTED_EDGE('',*,*,#12533,.F.);
#12546=ORIENTED_EDGE('',*,*,#10417,.T.);
#12548=ORIENTED_EDGE('',*,*,#12547,.T.);
#12549=EDGE_LOOP('',(#12544,#12545,#12546,#12548));
#12550=FACE_OUTER_BOUND('',#12549,.F.);
#12551=ADVANCED_FACE('',(#12550),#12543,.T.);
#12552=CARTESIAN_POINT('',(7.7E-1,-4.64E-1,6.1E-1));
#12553=DIRECTION('',(-1.E0,0.E0,0.E0));
#12554=DIRECTION('',(0.E0,0.E0,-1.E0));
#12555=AXIS2_PLACEMENT_3D('',#12552,#12553,#12554);
#12556=CYLINDRICAL_SURFACE('',#12555,6.E-2);
#12557=ORIENTED_EDGE('',*,*,#10349,.T.);
#12558=ORIENTED_EDGE('',*,*,#12547,.F.);
#12559=ORIENTED_EDGE('',*,*,#10415,.T.);
#12561=ORIENTED_EDGE('',*,*,#12560,.T.);
#12562=EDGE_LOOP('',(#12557,#12558,#12559,#12561));
#12563=FACE_OUTER_BOUND('',#12562,.F.);
#12564=ADVANCED_FACE('',(#12563),#12556,.T.);
#12565=CARTESIAN_POINT('',(7.7E-1,-5.099626665871E-1,5.714327434188E-1));
#12566=DIRECTION('',(0.E0,-7.660444431190E-1,-6.427876096866E-1));
#12567=DIRECTION('',(0.E0,-6.427876096866E-1,7.660444431190E-1));
#12568=AXIS2_PLACEMENT_3D('',#12565,#12566,#12567);
#12569=PLANE('',#12568);
#12570=ORIENTED_EDGE('',*,*,#10351,.T.);
#12571=ORIENTED_EDGE('',*,*,#12560,.F.);
#12572=ORIENTED_EDGE('',*,*,#10413,.T.);
#12574=ORIENTED_EDGE('',*,*,#12573,.T.);
#12575=EDGE_LOOP('',(#12570,#12571,#12572,#12574));
#12576=FACE_OUTER_BOUND('',#12575,.F.);
#12577=ADVANCED_FACE('',(#12576),#12569,.T.);
#12578=CARTESIAN_POINT('',(7.7E-1,-4.5E-1,6.399871645095E-1));
#12579=DIRECTION('',(-1.E0,0.E0,0.E0));
#12580=DIRECTION('',(0.E0,0.E0,-1.E0));
#12581=AXIS2_PLACEMENT_3D('',#12578,#12579,#12580);
#12582=CYLINDRICAL_SURFACE('',#12581,9.E-2);
#12583=ORIENTED_EDGE('',*,*,#10353,.T.);
#12584=ORIENTED_EDGE('',*,*,#12573,.F.);
#12585=ORIENTED_EDGE('',*,*,#10411,.T.);
#12587=ORIENTED_EDGE('',*,*,#12586,.T.);
#12588=EDGE_LOOP('',(#12583,#12584,#12585,#12587));
#12589=FACE_OUTER_BOUND('',#12588,.F.);
#12590=ADVANCED_FACE('',(#12589),#12582,.T.);
#12591=CARTESIAN_POINT('',(6.3E-1,-5.4E-1,8.8E-1));
#12592=DIRECTION('',(0.E0,-1.E0,0.E0));
#12593=DIRECTION('',(1.E0,0.E0,0.E0));
#12594=AXIS2_PLACEMENT_3D('',#12591,#12592,#12593);
#12595=PLANE('',#12594);
#12597=ORIENTED_EDGE('',*,*,#12596,.T.);
#12598=ORIENTED_EDGE('',*,*,#10355,.T.);
#12599=ORIENTED_EDGE('',*,*,#12586,.F.);
#12600=ORIENTED_EDGE('',*,*,#10409,.F.);
#12601=EDGE_LOOP('',(#12597,#12598,#12599,#12600));
#12602=FACE_OUTER_BOUND('',#12601,.F.);
#12603=ADVANCED_FACE('',(#12602),#12595,.T.);
#12604=CARTESIAN_POINT('',(-5.765637104708E0,-4.2E-1,8.3E-1));
#12605=DIRECTION('',(1.E0,0.E0,0.E0));
#12606=DIRECTION('',(0.E0,0.E0,1.E0));
#12607=AXIS2_PLACEMENT_3D('',#12604,#12605,#12606);
#12608=CYLINDRICAL_SURFACE('',#12607,1.2E-1);
#12609=ORIENTED_EDGE('',*,*,#10336,.T.);
#12610=ORIENTED_EDGE('',*,*,#12596,.F.);
#12611=ORIENTED_EDGE('',*,*,#10407,.T.);
#12612=ORIENTED_EDGE('',*,*,#9938,.T.);
#12613=EDGE_LOOP('',(#12609,#12610,#12611,#12612));
#12614=FACE_OUTER_BOUND('',#12613,.F.);
#12615=ADVANCED_FACE('',(#12614),#12608,.T.);
#12616=CARTESIAN_POINT('',(8.1E-1,-5.4E-1,6.3E-1));
#12617=DIRECTION('',(-1.E0,0.E0,0.E0));
#12618=DIRECTION('',(0.E0,1.E0,0.E0));
#12619=AXIS2_PLACEMENT_3D('',#12616,#12617,#12618);
#12620=PLANE('',#12619);
#12621=ORIENTED_EDGE('',*,*,#10208,.F.);
#12622=ORIENTED_EDGE('',*,*,#8128,.T.);
#12624=ORIENTED_EDGE('',*,*,#12623,.F.);
#12625=ORIENTED_EDGE('',*,*,#12416,.F.);
#12626=EDGE_LOOP('',(#12621,#12622,#12624,#12625));
#12627=FACE_OUTER_BOUND('',#12626,.F.);
#12628=ADVANCED_FACE('',(#12627),#12620,.F.);
#12629=CARTESIAN_POINT('',(8.1E-1,-3.8E-1,6.3E-1));
#12630=DIRECTION('',(0.E0,1.E0,0.E0));
#12631=DIRECTION('',(1.E0,0.E0,0.E0));
#12632=AXIS2_PLACEMENT_3D('',#12629,#12630,#12631);
#12633=PLANE('',#12632);
#12634=ORIENTED_EDGE('',*,*,#12623,.T.);
#12635=ORIENTED_EDGE('',*,*,#8126,.T.);
#12636=ORIENTED_EDGE('',*,*,#8213,.F.);
#12638=ORIENTED_EDGE('',*,*,#12637,.F.);
#12640=ORIENTED_EDGE('',*,*,#12639,.T.);
#12641=EDGE_LOOP('',(#12634,#12635,#12636,#12638,#12640));
#12642=FACE_OUTER_BOUND('',#12641,.F.);
#12643=ADVANCED_FACE('',(#12642),#12633,.F.);
#12644=CARTESIAN_POINT('',(1.295E0,-5.4E-1,6.3E-1));
#12645=DIRECTION('',(0.E0,0.E0,1.E0));
#12646=DIRECTION('',(-1.E0,0.E0,0.E0));
#12647=AXIS2_PLACEMENT_3D('',#12644,#12645,#12646);
#12648=PLANE('',#12647);
#12649=ORIENTED_EDGE('',*,*,#12637,.T.);
#12650=ORIENTED_EDGE('',*,*,#8211,.T.);
#12651=ORIENTED_EDGE('',*,*,#8227,.F.);
#12652=ORIENTED_EDGE('',*,*,#8262,.T.);
#12653=ORIENTED_EDGE('',*,*,#9317,.T.);
#12655=ORIENTED_EDGE('',*,*,#12654,.F.);
#12656=EDGE_LOOP('',(#12649,#12650,#12651,#12652,#12653,#12655));
#12657=FACE_OUTER_BOUND('',#12656,.F.);
#12658=ADVANCED_FACE('',(#12657),#12648,.F.);
#12659=CARTESIAN_POINT('',(8.1E-1,-5.4E-1,6.3E-1));
#12660=DIRECTION('',(1.E0,0.E0,0.E0));
#12661=DIRECTION('',(0.E0,0.E0,1.E0));
#12662=AXIS2_PLACEMENT_3D('',#12659,#12660,#12661);
#12663=PLANE('',#12662);
#12664=ORIENTED_EDGE('',*,*,#12639,.F.);
#12665=ORIENTED_EDGE('',*,*,#12654,.T.);
#12666=ORIENTED_EDGE('',*,*,#9315,.T.);
#12667=ORIENTED_EDGE('',*,*,#12418,.F.);
#12668=EDGE_LOOP('',(#12664,#12665,#12666,#12667));
#12669=FACE_OUTER_BOUND('',#12668,.F.);
#12670=ADVANCED_FACE('',(#12669),#12663,.F.);
#12671=CARTESIAN_POINT('',(8.1E-1,-5.4E-1,6.3E-1));
#12672=DIRECTION('',(1.E0,0.E0,0.E0));
#12673=DIRECTION('',(0.E0,0.E0,1.E0));
#12674=AXIS2_PLACEMENT_3D('',#12671,#12672,#12673);
#12675=PLANE('',#12674);
#12676=ORIENTED_EDGE('',*,*,#8095,.F.);
#12677=ORIENTED_EDGE('',*,*,#8130,.T.);
#12678=ORIENTED_EDGE('',*,*,#10206,.T.);
#12679=ORIENTED_EDGE('',*,*,#7594,.F.);
#12680=ORIENTED_EDGE('',*,*,#7957,.T.);
#12681=EDGE_LOOP('',(#12676,#12677,#12678,#12679,#12680));
#12682=FACE_OUTER_BOUND('',#12681,.F.);
#12683=ADVANCED_FACE('',(#12682),#12675,.F.);
#12684=CARTESIAN_POINT('',(4.1E-1,-5.6E-1,0.E0));
#12685=DIRECTION('',(1.E0,0.E0,0.E0));
#12686=DIRECTION('',(0.E0,0.E0,1.E0));
#12687=AXIS2_PLACEMENT_3D('',#12684,#12685,#12686);
#12688=PLANE('',#12687);
#12689=ORIENTED_EDGE('',*,*,#9402,.T.);
#12691=ORIENTED_EDGE('',*,*,#12690,.F.);
#12693=ORIENTED_EDGE('',*,*,#12692,.F.);
#12695=ORIENTED_EDGE('',*,*,#12694,.F.);
#12696=EDGE_LOOP('',(#12689,#12691,#12693,#12695));
#12697=FACE_OUTER_BOUND('',#12696,.F.);
#12698=ADVANCED_FACE('',(#12697),#12688,.T.);
#12699=CARTESIAN_POINT('',(4.1E-1,-5.6E-1,0.E0));
#12700=DIRECTION('',(1.E0,0.E0,0.E0));
#12701=DIRECTION('',(0.E0,0.E0,1.E0));
#12702=AXIS2_PLACEMENT_3D('',#12699,#12700,#12701);
#12703=PLANE('',#12702);
#12704=ORIENTED_EDGE('',*,*,#9477,.F.);
#12706=ORIENTED_EDGE('',*,*,#12705,.F.);
#12708=ORIENTED_EDGE('',*,*,#12707,.F.);
#12710=ORIENTED_EDGE('',*,*,#12709,.F.);
#12711=EDGE_LOOP('',(#12704,#12706,#12708,#12710));
#12712=FACE_OUTER_BOUND('',#12711,.F.);
#12713=ADVANCED_FACE('',(#12712),#12703,.T.);
#12714=CARTESIAN_POINT('',(4.1E-1,-5.6E-1,0.E0));
#12715=DIRECTION('',(1.E0,0.E0,0.E0));
#12716=DIRECTION('',(0.E0,0.E0,1.E0));
#12717=AXIS2_PLACEMENT_3D('',#12714,#12715,#12716);
#12718=PLANE('',#12717);
#12719=ORIENTED_EDGE('',*,*,#12317,.T.);
#12721=ORIENTED_EDGE('',*,*,#12720,.F.);
#12723=ORIENTED_EDGE('',*,*,#12722,.F.);
#12725=ORIENTED_EDGE('',*,*,#12724,.F.);
#12727=ORIENTED_EDGE('',*,*,#12726,.F.);
#12729=ORIENTED_EDGE('',*,*,#12728,.F.);
#12731=ORIENTED_EDGE('',*,*,#12730,.F.);
#12733=ORIENTED_EDGE('',*,*,#12732,.F.);
#12734=EDGE_LOOP('',(#12719,#12721,#12723,#12725,#12727,#12729,#12731,#12733));
#12735=FACE_OUTER_BOUND('',#12734,.F.);
#12736=ADVANCED_FACE('',(#12735),#12718,.T.);
#12737=CARTESIAN_POINT('',(4.1E-1,-5.6E-1,0.E0));
#12738=DIRECTION('',(1.E0,0.E0,0.E0));
#12739=DIRECTION('',(0.E0,0.E0,1.E0));
#12740=AXIS2_PLACEMENT_3D('',#12737,#12738,#12739);
#12741=PLANE('',#12740);
#12742=ORIENTED_EDGE('',*,*,#12266,.T.);
#12744=ORIENTED_EDGE('',*,*,#12743,.F.);
#12746=ORIENTED_EDGE('',*,*,#12745,.F.);
#12748=ORIENTED_EDGE('',*,*,#12747,.F.);
#12750=ORIENTED_EDGE('',*,*,#12749,.F.);
#12752=ORIENTED_EDGE('',*,*,#12751,.F.);
#12754=ORIENTED_EDGE('',*,*,#12753,.F.);
#12756=ORIENTED_EDGE('',*,*,#12755,.F.);
#12757=EDGE_LOOP('',(#12742,#12744,#12746,#12748,#12750,#12752,#12754,#12756));
#12758=FACE_OUTER_BOUND('',#12757,.F.);
#12759=ADVANCED_FACE('',(#12758),#12741,.T.);
#12760=CARTESIAN_POINT('',(4.1E-1,-5.6E-1,0.E0));
#12761=DIRECTION('',(1.E0,0.E0,0.E0));
#12762=DIRECTION('',(0.E0,0.E0,1.E0));
#12763=AXIS2_PLACEMENT_3D('',#12760,#12761,#12762);
#12764=PLANE('',#12763);
#12766=ORIENTED_EDGE('',*,*,#12765,.F.);
#12768=ORIENTED_EDGE('',*,*,#12767,.F.);
#12770=ORIENTED_EDGE('',*,*,#12769,.F.);
#12772=ORIENTED_EDGE('',*,*,#12771,.F.);
#12773=ORIENTED_EDGE('',*,*,#9339,.F.);
#12774=ORIENTED_EDGE('',*,*,#10152,.T.);
#12775=EDGE_LOOP('',(#12766,#12768,#12770,#12772,#12773,#12774));
#12776=FACE_OUTER_BOUND('',#12775,.F.);
#12777=ADVANCED_FACE('',(#12776),#12764,.T.);
#12778=CARTESIAN_POINT('',(4.1E-1,-5.6E-1,0.E0));
#12779=DIRECTION('',(1.E0,0.E0,0.E0));
#12780=DIRECTION('',(0.E0,0.E0,1.E0));
#12781=AXIS2_PLACEMENT_3D('',#12778,#12779,#12780);
#12782=PLANE('',#12781);
#12784=ORIENTED_EDGE('',*,*,#12783,.F.);
#12785=ORIENTED_EDGE('',*,*,#12421,.F.);
#12786=ORIENTED_EDGE('',*,*,#9311,.F.);
#12788=ORIENTED_EDGE('',*,*,#12787,.F.);
#12790=ORIENTED_EDGE('',*,*,#12789,.F.);
#12792=ORIENTED_EDGE('',*,*,#12791,.F.);
#12793=EDGE_LOOP('',(#12784,#12785,#12786,#12788,#12790,#12792));
#12794=FACE_OUTER_BOUND('',#12793,.F.);
#12795=ADVANCED_FACE('',(#12794),#12782,.T.);
#12796=CARTESIAN_POINT('',(2.9E-1,-4.2E-1,3.2E-1));
#12797=DIRECTION('',(1.E0,0.E0,0.E0));
#12798=DIRECTION('',(0.E0,0.E0,1.E0));
#12799=AXIS2_PLACEMENT_3D('',#12796,#12797,#12798);
#12800=CYLINDRICAL_SURFACE('',#12799,9.E-2);
#12801=ORIENTED_EDGE('',*,*,#9400,.F.);
#12803=ORIENTED_EDGE('',*,*,#12802,.F.);
#12805=ORIENTED_EDGE('',*,*,#12804,.T.);
#12806=ORIENTED_EDGE('',*,*,#12690,.T.);
#12807=EDGE_LOOP('',(#12801,#12803,#12805,#12806));
#12808=FACE_OUTER_BOUND('',#12807,.F.);
#12809=ADVANCED_FACE('',(#12808),#12800,.T.);
#12810=CARTESIAN_POINT('',(2.9E-1,-5.6E-1,0.E0));
#12811=DIRECTION('',(1.E0,0.E0,0.E0));
#12812=DIRECTION('',(0.E0,0.E0,1.E0));
#12813=AXIS2_PLACEMENT_3D('',#12810,#12811,#12812);
#12814=PLANE('',#12813);
#12815=ORIENTED_EDGE('',*,*,#9343,.T.);
#12817=ORIENTED_EDGE('',*,*,#12816,.T.);
#12819=ORIENTED_EDGE('',*,*,#12818,.T.);
#12821=ORIENTED_EDGE('',*,*,#12820,.T.);
#12823=ORIENTED_EDGE('',*,*,#12822,.T.);
#12824=ORIENTED_EDGE('',*,*,#10148,.F.);
#12825=EDGE_LOOP('',(#12815,#12817,#12819,#12821,#12823,#12824));
#12826=FACE_OUTER_BOUND('',#12825,.F.);
#12827=ADVANCED_FACE('',(#12826),#12814,.F.);
#12828=CARTESIAN_POINT('',(2.9E-1,-5.6E-1,0.E0));
#12829=DIRECTION('',(1.E0,0.E0,0.E0));
#12830=DIRECTION('',(0.E0,0.E0,1.E0));
#12831=AXIS2_PLACEMENT_3D('',#12828,#12829,#12830);
#12832=PLANE('',#12831);
#12833=ORIENTED_EDGE('',*,*,#9473,.T.);
#12835=ORIENTED_EDGE('',*,*,#12834,.T.);
#12837=ORIENTED_EDGE('',*,*,#12836,.T.);
#12839=ORIENTED_EDGE('',*,*,#12838,.T.);
#12840=EDGE_LOOP('',(#12833,#12835,#12837,#12839));
#12841=FACE_OUTER_BOUND('',#12840,.F.);
#12842=ADVANCED_FACE('',(#12841),#12832,.F.);
#12843=CARTESIAN_POINT('',(2.9E-1,-5.6E-1,0.E0));
#12844=DIRECTION('',(1.E0,0.E0,0.E0));
#12845=DIRECTION('',(0.E0,0.E0,1.E0));
#12846=AXIS2_PLACEMENT_3D('',#12843,#12844,#12845);
#12847=PLANE('',#12846);
#12849=ORIENTED_EDGE('',*,*,#12848,.T.);
#12850=ORIENTED_EDGE('',*,*,#12313,.F.);
#12852=ORIENTED_EDGE('',*,*,#12851,.T.);
#12854=ORIENTED_EDGE('',*,*,#12853,.T.);
#12856=ORIENTED_EDGE('',*,*,#12855,.T.);
#12858=ORIENTED_EDGE('',*,*,#12857,.T.);
#12860=ORIENTED_EDGE('',*,*,#12859,.T.);
#12862=ORIENTED_EDGE('',*,*,#12861,.T.);
#12863=EDGE_LOOP('',(#12849,#12850,#12852,#12854,#12856,#12858,#12860,#12862));
#12864=FACE_OUTER_BOUND('',#12863,.F.);
#12865=ADVANCED_FACE('',(#12864),#12847,.F.);
#12866=CARTESIAN_POINT('',(2.9E-1,-5.6E-1,0.E0));
#12867=DIRECTION('',(1.E0,0.E0,0.E0));
#12868=DIRECTION('',(0.E0,0.E0,1.E0));
#12869=AXIS2_PLACEMENT_3D('',#12866,#12867,#12868);
#12870=PLANE('',#12869);
#12871=ORIENTED_EDGE('',*,*,#9398,.F.);
#12873=ORIENTED_EDGE('',*,*,#12872,.T.);
#12875=ORIENTED_EDGE('',*,*,#12874,.T.);
#12876=ORIENTED_EDGE('',*,*,#12802,.T.);
#12877=EDGE_LOOP('',(#12871,#12873,#12875,#12876));
#12878=FACE_OUTER_BOUND('',#12877,.F.);
#12879=ADVANCED_FACE('',(#12878),#12870,.F.);
#12880=CARTESIAN_POINT('',(2.9E-1,-5.6E-1,0.E0));
#12881=DIRECTION('',(1.E0,0.E0,0.E0));
#12882=DIRECTION('',(0.E0,0.E0,1.E0));
#12883=AXIS2_PLACEMENT_3D('',#12880,#12881,#12882);
#12884=PLANE('',#12883);
#12885=ORIENTED_EDGE('',*,*,#12262,.F.);
#12887=ORIENTED_EDGE('',*,*,#12886,.T.);
#12889=ORIENTED_EDGE('',*,*,#12888,.T.);
#12891=ORIENTED_EDGE('',*,*,#12890,.T.);
#12893=ORIENTED_EDGE('',*,*,#12892,.T.);
#12895=ORIENTED_EDGE('',*,*,#12894,.T.);
#12897=ORIENTED_EDGE('',*,*,#12896,.T.);
#12899=ORIENTED_EDGE('',*,*,#12898,.T.);
#12900=EDGE_LOOP('',(#12885,#12887,#12889,#12891,#12893,#12895,#12897,#12899));
#12901=FACE_OUTER_BOUND('',#12900,.F.);
#12902=ADVANCED_FACE('',(#12901),#12884,.F.);
#12903=CARTESIAN_POINT('',(2.9E-1,-5.6E-1,0.E0));
#12904=DIRECTION('',(1.E0,0.E0,0.E0));
#12905=DIRECTION('',(0.E0,0.E0,1.E0));
#12906=AXIS2_PLACEMENT_3D('',#12903,#12904,#12905);
#12907=PLANE('',#12906);
#12909=ORIENTED_EDGE('',*,*,#12908,.T.);
#12911=ORIENTED_EDGE('',*,*,#12910,.T.);
#12913=ORIENTED_EDGE('',*,*,#12912,.T.);
#12915=ORIENTED_EDGE('',*,*,#12914,.T.);
#12916=ORIENTED_EDGE('',*,*,#9307,.T.);
#12917=ORIENTED_EDGE('',*,*,#12425,.T.);
#12918=EDGE_LOOP('',(#12909,#12911,#12913,#12915,#12916,#12917));
#12919=FACE_OUTER_BOUND('',#12918,.F.);
#12920=ADVANCED_FACE('',(#12919),#12907,.F.);
#12921=CARTESIAN_POINT('',(2.9E-1,-1.E-1,-6.25E-1));
#12922=DIRECTION('',(0.E0,0.E0,1.E0));
#12923=DIRECTION('',(0.E0,-1.E0,0.E0));
#12924=AXIS2_PLACEMENT_3D('',#12921,#12922,#12923);
#12925=PLANE('',#12924);
#12926=ORIENTED_EDGE('',*,*,#9341,.T.);
#12927=ORIENTED_EDGE('',*,*,#12771,.T.);
#12929=ORIENTED_EDGE('',*,*,#12928,.F.);
#12930=ORIENTED_EDGE('',*,*,#12816,.F.);
#12931=EDGE_LOOP('',(#12926,#12927,#12929,#12930));
#12932=FACE_OUTER_BOUND('',#12931,.F.);
#12933=ADVANCED_FACE('',(#12932),#12925,.T.);
#12934=CARTESIAN_POINT('',(2.9E-1,-3.55E-1,-6.25E-1));
#12935=DIRECTION('',(0.E0,7.071067811865E-1,7.071067811866E-1));
#12936=DIRECTION('',(0.E0,-7.071067811866E-1,7.071067811865E-1));
#12937=AXIS2_PLACEMENT_3D('',#12934,#12935,#12936);
#12938=PLANE('',#12937);
#12939=ORIENTED_EDGE('',*,*,#12818,.F.);
#12940=ORIENTED_EDGE('',*,*,#12928,.T.);
#12941=ORIENTED_EDGE('',*,*,#12769,.T.);
#12943=ORIENTED_EDGE('',*,*,#12942,.F.);
#12944=EDGE_LOOP('',(#12939,#12940,#12941,#12943));
#12945=FACE_OUTER_BOUND('',#12944,.F.);
#12946=ADVANCED_FACE('',(#12945),#12938,.T.);
#12947=CARTESIAN_POINT('',(2.9E-1,-3.75E-1,-6.05E-1));
#12948=DIRECTION('',(0.E0,0.E0,1.E0));
#12949=DIRECTION('',(0.E0,-1.E0,0.E0));
#12950=AXIS2_PLACEMENT_3D('',#12947,#12948,#12949);
#12951=PLANE('',#12950);
#12952=ORIENTED_EDGE('',*,*,#12820,.F.);
#12953=ORIENTED_EDGE('',*,*,#12942,.T.);
#12954=ORIENTED_EDGE('',*,*,#12767,.T.);
#12956=ORIENTED_EDGE('',*,*,#12955,.F.);
#12957=EDGE_LOOP('',(#12952,#12953,#12954,#12956));
#12958=FACE_OUTER_BOUND('',#12957,.F.);
#12959=ADVANCED_FACE('',(#12958),#12951,.T.);
#12960=CARTESIAN_POINT('',(2.9E-1,-4.15E-1,-7.4E-1));
#12961=DIRECTION('',(1.E0,0.E0,0.E0));
#12962=DIRECTION('',(0.E0,0.E0,1.E0));
#12963=AXIS2_PLACEMENT_3D('',#12960,#12961,#12962);
#12964=CYLINDRICAL_SURFACE('',#12963,1.35E-1);
#12965=ORIENTED_EDGE('',*,*,#12822,.F.);
#12966=ORIENTED_EDGE('',*,*,#12955,.T.);
#12967=ORIENTED_EDGE('',*,*,#12765,.T.);
#12968=ORIENTED_EDGE('',*,*,#10150,.F.);
#12969=EDGE_LOOP('',(#12965,#12966,#12967,#12968));
#12970=FACE_OUTER_BOUND('',#12969,.F.);
#12971=ADVANCED_FACE('',(#12970),#12964,.T.);
#12972=CARTESIAN_POINT('',(2.9E-1,-4.2E-1,-3.2E-1));
#12973=DIRECTION('',(1.E0,0.E0,0.E0));
#12974=DIRECTION('',(0.E0,0.E0,1.E0));
#12975=AXIS2_PLACEMENT_3D('',#12972,#12973,#12974);
#12976=CYLINDRICAL_SURFACE('',#12975,9.E-2);
#12977=ORIENTED_EDGE('',*,*,#9479,.T.);
#12978=ORIENTED_EDGE('',*,*,#12709,.T.);
#12980=ORIENTED_EDGE('',*,*,#12979,.F.);
#12981=ORIENTED_EDGE('',*,*,#12834,.F.);
#12982=EDGE_LOOP('',(#12977,#12978,#12980,#12981));
#12983=FACE_OUTER_BOUND('',#12982,.F.);
#12984=ADVANCED_FACE('',(#12983),#12976,.T.);
#12985=CARTESIAN_POINT('',(2.9E-1,-3.874637525671E-1,-4.039130061611E-1));
#12986=DIRECTION('',(0.E0,3.615138603655E-1,-9.323667351229E-1));
#12987=DIRECTION('',(0.E0,9.323667351229E-1,3.615138603655E-1));
#12988=AXIS2_PLACEMENT_3D('',#12985,#12986,#12987);
#12989=PLANE('',#12988);
#12990=ORIENTED_EDGE('',*,*,#12836,.F.);
#12991=ORIENTED_EDGE('',*,*,#12979,.T.);
#12992=ORIENTED_EDGE('',*,*,#12707,.T.);
#12994=ORIENTED_EDGE('',*,*,#12993,.F.);
#12995=EDGE_LOOP('',(#12990,#12991,#12992,#12994));
#12996=FACE_OUTER_BOUND('',#12995,.F.);
#12997=ADVANCED_FACE('',(#12996),#12989,.T.);
#12998=CARTESIAN_POINT('',(2.9E-1,-3.E-1,-3.7E-1));
#12999=DIRECTION('',(0.E0,9.323667351229E-1,3.615138603655E-1));
#13000=DIRECTION('',(0.E0,-3.615138603655E-1,9.323667351229E-1));
#13001=AXIS2_PLACEMENT_3D('',#12998,#12999,#13000);
#13002=PLANE('',#13001);
#13003=ORIENTED_EDGE('',*,*,#9475,.T.);
#13004=ORIENTED_EDGE('',*,*,#12838,.F.);
#13005=ORIENTED_EDGE('',*,*,#12993,.T.);
#13006=ORIENTED_EDGE('',*,*,#12705,.T.);
#13007=EDGE_LOOP('',(#13003,#13004,#13005,#13006));
#13008=FACE_OUTER_BOUND('',#13007,.F.);
#13009=ADVANCED_FACE('',(#13008),#13002,.T.);
#13010=CARTESIAN_POINT('',(2.9E-1,-1.E-1,-9.14E-1));
#13011=DIRECTION('',(1.E0,0.E0,0.E0));
#13012=DIRECTION('',(0.E0,0.E0,1.E0));
#13013=AXIS2_PLACEMENT_3D('',#13010,#13011,#13012);
#13014=CYLINDRICAL_SURFACE('',#13013,1.2E-1);
#13015=ORIENTED_EDGE('',*,*,#12848,.F.);
#13017=ORIENTED_EDGE('',*,*,#13016,.T.);
#13018=ORIENTED_EDGE('',*,*,#12720,.T.);
#13019=ORIENTED_EDGE('',*,*,#12315,.F.);
#13020=EDGE_LOOP('',(#13015,#13017,#13018,#13019));
#13021=FACE_OUTER_BOUND('',#13020,.F.);
#13022=ADVANCED_FACE('',(#13021),#13014,.T.);
#13023=CARTESIAN_POINT('',(2.9E-1,2.E-2,-9.65E-1));
#13024=DIRECTION('',(0.E0,1.E0,0.E0));
#13025=DIRECTION('',(0.E0,0.E0,1.E0));
#13026=AXIS2_PLACEMENT_3D('',#13023,#13024,#13025);
#13027=PLANE('',#13026);
#13028=ORIENTED_EDGE('',*,*,#12861,.F.);
#13030=ORIENTED_EDGE('',*,*,#13029,.T.);
#13031=ORIENTED_EDGE('',*,*,#12722,.T.);
#13032=ORIENTED_EDGE('',*,*,#13016,.F.);
#13033=EDGE_LOOP('',(#13028,#13030,#13031,#13032));
#13034=FACE_OUTER_BOUND('',#13033,.F.);
#13035=ADVANCED_FACE('',(#13034),#13027,.T.);
#13036=CARTESIAN_POINT('',(2.9E-1,0.E0,-9.85E-1));
#13037=DIRECTION('',(0.E0,7.071067811865E-1,-7.071067811866E-1));
#13038=DIRECTION('',(0.E0,7.071067811866E-1,7.071067811865E-1));
#13039=AXIS2_PLACEMENT_3D('',#13036,#13037,#13038);
#13040=PLANE('',#13039);
#13041=ORIENTED_EDGE('',*,*,#12859,.F.);
#13043=ORIENTED_EDGE('',*,*,#13042,.T.);
#13044=ORIENTED_EDGE('',*,*,#12724,.T.);
#13045=ORIENTED_EDGE('',*,*,#13029,.F.);
#13046=EDGE_LOOP('',(#13041,#13043,#13044,#13045));
#13047=FACE_OUTER_BOUND('',#13046,.F.);
#13048=ADVANCED_FACE('',(#13047),#13040,.T.);
#13049=CARTESIAN_POINT('',(2.9E-1,0.E0,-1.E0));
#13050=DIRECTION('',(0.E0,1.E0,0.E0));
#13051=DIRECTION('',(0.E0,0.E0,1.E0));
#13052=AXIS2_PLACEMENT_3D('',#13049,#13050,#13051);
#13053=PLANE('',#13052);
#13054=ORIENTED_EDGE('',*,*,#12857,.F.);
#13056=ORIENTED_EDGE('',*,*,#13055,.T.);
#13057=ORIENTED_EDGE('',*,*,#12726,.T.);
#13058=ORIENTED_EDGE('',*,*,#13042,.F.);
#13059=EDGE_LOOP('',(#13054,#13056,#13057,#13058));
#13060=FACE_OUTER_BOUND('',#13059,.F.);
#13061=ADVANCED_FACE('',(#13060),#13053,.T.);
#13062=CARTESIAN_POINT('',(2.9E-1,-6.1E-2,-1.E0));
#13063=DIRECTION('',(0.E0,0.E0,-1.E0));
#13064=DIRECTION('',(0.E0,1.E0,0.E0));
#13065=AXIS2_PLACEMENT_3D('',#13062,#13063,#13064);
#13066=PLANE('',#13065);
#13067=ORIENTED_EDGE('',*,*,#12855,.F.);
#13069=ORIENTED_EDGE('',*,*,#13068,.T.);
#13070=ORIENTED_EDGE('',*,*,#12728,.T.);
#13071=ORIENTED_EDGE('',*,*,#13055,.F.);
#13072=EDGE_LOOP('',(#13067,#13069,#13070,#13071));
#13073=FACE_OUTER_BOUND('',#13072,.F.);
#13074=ADVANCED_FACE('',(#13073),#13066,.T.);
#13075=CARTESIAN_POINT('',(2.9E-1,-6.1E-2,-9.14E-1));
#13076=DIRECTION('',(0.E0,-1.E0,0.E0));
#13077=DIRECTION('',(0.E0,0.E0,-1.E0));
#13078=AXIS2_PLACEMENT_3D('',#13075,#13076,#13077);
#13079=PLANE('',#13078);
#13080=ORIENTED_EDGE('',*,*,#12853,.F.);
#13082=ORIENTED_EDGE('',*,*,#13081,.T.);
#13083=ORIENTED_EDGE('',*,*,#12730,.T.);
#13084=ORIENTED_EDGE('',*,*,#13068,.F.);
#13085=EDGE_LOOP('',(#13080,#13082,#13083,#13084));
#13086=FACE_OUTER_BOUND('',#13085,.F.);
#13087=ADVANCED_FACE('',(#13086),#13079,.T.);
#13088=CARTESIAN_POINT('',(2.9E-1,-1.E-1,-9.14E-1));
#13089=DIRECTION('',(1.E0,0.E0,0.E0));
#13090=DIRECTION('',(0.E0,0.E0,1.E0));
#13091=AXIS2_PLACEMENT_3D('',#13088,#13089,#13090);
#13092=CYLINDRICAL_SURFACE('',#13091,3.9E-2);
#13093=ORIENTED_EDGE('',*,*,#12319,.T.);
#13094=ORIENTED_EDGE('',*,*,#12732,.T.);
#13095=ORIENTED_EDGE('',*,*,#13081,.F.);
#13096=ORIENTED_EDGE('',*,*,#12851,.F.);
#13097=EDGE_LOOP('',(#13093,#13094,#13095,#13096));
#13098=FACE_OUTER_BOUND('',#13097,.F.);
#13099=ADVANCED_FACE('',(#13098),#13092,.F.);
#13100=CARTESIAN_POINT('',(2.9E-1,-3.650724948658E-1,2.021739876779E-1));
#13101=DIRECTION('',(0.E0,9.323667351229E-1,-3.615138603655E-1));
#13102=DIRECTION('',(0.E0,3.615138603655E-1,9.323667351229E-1));
#13103=AXIS2_PLACEMENT_3D('',#13100,#13101,#13102);
#13104=PLANE('',#13103);
#13105=ORIENTED_EDGE('',*,*,#9404,.F.);
#13106=ORIENTED_EDGE('',*,*,#12694,.T.);
#13108=ORIENTED_EDGE('',*,*,#13107,.F.);
#13109=ORIENTED_EDGE('',*,*,#12872,.F.);
#13110=EDGE_LOOP('',(#13105,#13106,#13108,#13109));
#13111=FACE_OUTER_BOUND('',#13110,.F.);
#13112=ADVANCED_FACE('',(#13111),#13104,.T.);
#13113=CARTESIAN_POINT('',(2.9E-1,-3.E-1,3.7E-1));
#13114=DIRECTION('',(0.E0,3.615138603655E-1,9.323667351229E-1));
#13115=DIRECTION('',(0.E0,-9.323667351229E-1,3.615138603655E-1));
#13116=AXIS2_PLACEMENT_3D('',#13113,#13114,#13115);
#13117=PLANE('',#13116);
#13118=ORIENTED_EDGE('',*,*,#12874,.F.);
#13119=ORIENTED_EDGE('',*,*,#13107,.T.);
#13120=ORIENTED_EDGE('',*,*,#12692,.T.);
#13121=ORIENTED_EDGE('',*,*,#12804,.F.);
#13122=EDGE_LOOP('',(#13118,#13119,#13120,#13121));
#13123=FACE_OUTER_BOUND('',#13122,.F.);
#13124=ADVANCED_FACE('',(#13123),#13117,.T.);
#13125=CARTESIAN_POINT('',(2.9E-1,-1.E-1,9.14E-1));
#13126=DIRECTION('',(1.E0,0.E0,0.E0));
#13127=DIRECTION('',(0.E0,0.E0,1.E0));
#13128=AXIS2_PLACEMENT_3D('',#13125,#13126,#13127);
#13129=CYLINDRICAL_SURFACE('',#13128,1.2E-1);
#13130=ORIENTED_EDGE('',*,*,#12268,.T.);
#13131=ORIENTED_EDGE('',*,*,#12755,.T.);
#13133=ORIENTED_EDGE('',*,*,#13132,.F.);
#13134=ORIENTED_EDGE('',*,*,#12886,.F.);
#13135=EDGE_LOOP('',(#13130,#13131,#13133,#13134));
#13136=FACE_OUTER_BOUND('',#13135,.F.);
#13137=ADVANCED_FACE('',(#13136),#13129,.T.);
#13138=CARTESIAN_POINT('',(2.9E-1,2.E-2,9.14E-1));
#13139=DIRECTION('',(0.E0,1.E0,0.E0));
#13140=DIRECTION('',(0.E0,0.E0,1.E0));
#13141=AXIS2_PLACEMENT_3D('',#13138,#13139,#13140);
#13142=PLANE('',#13141);
#13143=ORIENTED_EDGE('',*,*,#12888,.F.);
#13144=ORIENTED_EDGE('',*,*,#13132,.T.);
#13145=ORIENTED_EDGE('',*,*,#12753,.T.);
#13147=ORIENTED_EDGE('',*,*,#13146,.F.);
#13148=EDGE_LOOP('',(#13143,#13144,#13145,#13147));
#13149=FACE_OUTER_BOUND('',#13148,.F.);
#13150=ADVANCED_FACE('',(#13149),#13142,.T.);
#13151=CARTESIAN_POINT('',(2.9E-1,2.E-2,9.65E-1));
#13152=DIRECTION('',(0.E0,7.071067811865E-1,7.071067811866E-1));
#13153=DIRECTION('',(0.E0,-7.071067811866E-1,7.071067811865E-1));
#13154=AXIS2_PLACEMENT_3D('',#13151,#13152,#13153);
#13155=PLANE('',#13154);
#13156=ORIENTED_EDGE('',*,*,#12890,.F.);
#13157=ORIENTED_EDGE('',*,*,#13146,.T.);
#13158=ORIENTED_EDGE('',*,*,#12751,.T.);
#13160=ORIENTED_EDGE('',*,*,#13159,.F.);
#13161=EDGE_LOOP('',(#13156,#13157,#13158,#13160));
#13162=FACE_OUTER_BOUND('',#13161,.F.);
#13163=ADVANCED_FACE('',(#13162),#13155,.T.);
#13164=CARTESIAN_POINT('',(2.9E-1,0.E0,9.85E-1));
#13165=DIRECTION('',(0.E0,1.E0,0.E0));
#13166=DIRECTION('',(0.E0,0.E0,1.E0));
#13167=AXIS2_PLACEMENT_3D('',#13164,#13165,#13166);
#13168=PLANE('',#13167);
#13169=ORIENTED_EDGE('',*,*,#12892,.F.);
#13170=ORIENTED_EDGE('',*,*,#13159,.T.);
#13171=ORIENTED_EDGE('',*,*,#12749,.T.);
#13173=ORIENTED_EDGE('',*,*,#13172,.F.);
#13174=EDGE_LOOP('',(#13169,#13170,#13171,#13173));
#13175=FACE_OUTER_BOUND('',#13174,.F.);
#13176=ADVANCED_FACE('',(#13175),#13168,.T.);
#13177=CARTESIAN_POINT('',(2.9E-1,0.E0,1.E0));
#13178=DIRECTION('',(0.E0,0.E0,1.E0));
#13179=DIRECTION('',(0.E0,-1.E0,0.E0));
#13180=AXIS2_PLACEMENT_3D('',#13177,#13178,#13179);
#13181=PLANE('',#13180);
#13182=ORIENTED_EDGE('',*,*,#12894,.F.);
#13183=ORIENTED_EDGE('',*,*,#13172,.T.);
#13184=ORIENTED_EDGE('',*,*,#12747,.T.);
#13186=ORIENTED_EDGE('',*,*,#13185,.F.);
#13187=EDGE_LOOP('',(#13182,#13183,#13184,#13186));
#13188=FACE_OUTER_BOUND('',#13187,.F.);
#13189=ADVANCED_FACE('',(#13188),#13181,.T.);
#13190=CARTESIAN_POINT('',(2.9E-1,-6.1E-2,1.E0));
#13191=DIRECTION('',(0.E0,-1.E0,0.E0));
#13192=DIRECTION('',(0.E0,0.E0,-1.E0));
#13193=AXIS2_PLACEMENT_3D('',#13190,#13191,#13192);
#13194=PLANE('',#13193);
#13195=ORIENTED_EDGE('',*,*,#12896,.F.);
#13196=ORIENTED_EDGE('',*,*,#13185,.T.);
#13197=ORIENTED_EDGE('',*,*,#12745,.T.);
#13199=ORIENTED_EDGE('',*,*,#13198,.F.);
#13200=EDGE_LOOP('',(#13195,#13196,#13197,#13199));
#13201=FACE_OUTER_BOUND('',#13200,.F.);
#13202=ADVANCED_FACE('',(#13201),#13194,.T.);
#13203=CARTESIAN_POINT('',(2.9E-1,-1.E-1,9.14E-1));
#13204=DIRECTION('',(1.E0,0.E0,0.E0));
#13205=DIRECTION('',(0.E0,0.E0,1.E0));
#13206=AXIS2_PLACEMENT_3D('',#13203,#13204,#13205);
#13207=CYLINDRICAL_SURFACE('',#13206,3.9E-2);
#13208=ORIENTED_EDGE('',*,*,#12264,.F.);
#13209=ORIENTED_EDGE('',*,*,#12898,.F.);
#13210=ORIENTED_EDGE('',*,*,#13198,.T.);
#13211=ORIENTED_EDGE('',*,*,#12743,.T.);
#13212=EDGE_LOOP('',(#13208,#13209,#13210,#13211));
#13213=FACE_OUTER_BOUND('',#13212,.F.);
#13214=ADVANCED_FACE('',(#13213),#13207,.F.);
#13215=CARTESIAN_POINT('',(2.9E-1,-4.15E-1,7.4E-1));
#13216=DIRECTION('',(1.E0,0.E0,0.E0));
#13217=DIRECTION('',(0.E0,0.E0,1.E0));
#13218=AXIS2_PLACEMENT_3D('',#13215,#13216,#13217);
#13219=CYLINDRICAL_SURFACE('',#13218,1.35E-1);
#13220=ORIENTED_EDGE('',*,*,#12908,.F.);
#13221=ORIENTED_EDGE('',*,*,#12423,.T.);
#13222=ORIENTED_EDGE('',*,*,#12783,.T.);
#13224=ORIENTED_EDGE('',*,*,#13223,.F.);
#13225=EDGE_LOOP('',(#13220,#13221,#13222,#13224));
#13226=FACE_OUTER_BOUND('',#13225,.F.);
#13227=ADVANCED_FACE('',(#13226),#13219,.T.);
#13228=CARTESIAN_POINT('',(2.9E-1,-4.15E-1,6.05E-1));
#13229=DIRECTION('',(0.E0,0.E0,-1.E0));
#13230=DIRECTION('',(0.E0,1.E0,0.E0));
#13231=AXIS2_PLACEMENT_3D('',#13228,#13229,#13230);
#13232=PLANE('',#13231);
#13233=ORIENTED_EDGE('',*,*,#12910,.F.);
#13234=ORIENTED_EDGE('',*,*,#13223,.T.);
#13235=ORIENTED_EDGE('',*,*,#12791,.T.);
#13237=ORIENTED_EDGE('',*,*,#13236,.F.);
#13238=EDGE_LOOP('',(#13233,#13234,#13235,#13237));
#13239=FACE_OUTER_BOUND('',#13238,.F.);
#13240=ADVANCED_FACE('',(#13239),#13232,.T.);
#13241=CARTESIAN_POINT('',(2.9E-1,-3.75E-1,6.05E-1));
#13242=DIRECTION('',(0.E0,7.071067811865E-1,-7.071067811865E-1));
#13243=DIRECTION('',(0.E0,7.071067811865E-1,7.071067811865E-1));
#13244=AXIS2_PLACEMENT_3D('',#13241,#13242,#13243);
#13245=PLANE('',#13244);
#13246=ORIENTED_EDGE('',*,*,#12912,.F.);
#13247=ORIENTED_EDGE('',*,*,#13236,.T.);
#13248=ORIENTED_EDGE('',*,*,#12789,.T.);
#13250=ORIENTED_EDGE('',*,*,#13249,.F.);
#13251=EDGE_LOOP('',(#13246,#13247,#13248,#13250));
#13252=FACE_OUTER_BOUND('',#13251,.F.);
#13253=ADVANCED_FACE('',(#13252),#13245,.T.);
#13254=CARTESIAN_POINT('',(2.9E-1,-3.55E-1,6.25E-1));
#13255=DIRECTION('',(0.E0,0.E0,-1.E0));
#13256=DIRECTION('',(0.E0,1.E0,0.E0));
#13257=AXIS2_PLACEMENT_3D('',#13254,#13255,#13256);
#13258=PLANE('',#13257);
#13259=ORIENTED_EDGE('',*,*,#9309,.F.);
#13260=ORIENTED_EDGE('',*,*,#12914,.F.);
#13261=ORIENTED_EDGE('',*,*,#13249,.T.);
#13262=ORIENTED_EDGE('',*,*,#12787,.T.);
#13263=EDGE_LOOP('',(#13259,#13260,#13261,#13262));
#13264=FACE_OUTER_BOUND('',#13263,.F.);
#13265=ADVANCED_FACE('',(#13264),#13258,.T.);
#13266=CARTESIAN_POINT('',(6.E-2,-5.6E-1,0.E0));
#13267=DIRECTION('',(1.E0,0.E0,0.E0));
#13268=DIRECTION('',(0.E0,0.E0,1.E0));
#13269=AXIS2_PLACEMENT_3D('',#13266,#13267,#13268);
#13270=PLANE('',#13269);
#13271=ORIENTED_EDGE('',*,*,#9412,.T.);
#13273=ORIENTED_EDGE('',*,*,#13272,.F.);
#13275=ORIENTED_EDGE('',*,*,#13274,.F.);
#13277=ORIENTED_EDGE('',*,*,#13276,.F.);
#13278=EDGE_LOOP('',(#13271,#13273,#13275,#13277));
#13279=FACE_OUTER_BOUND('',#13278,.F.);
#13280=ADVANCED_FACE('',(#13279),#13270,.T.);
#13281=CARTESIAN_POINT('',(6.E-2,-5.6E-1,0.E0));
#13282=DIRECTION('',(1.E0,0.E0,0.E0));
#13283=DIRECTION('',(0.E0,0.E0,1.E0));
#13284=AXIS2_PLACEMENT_3D('',#13281,#13282,#13283);
#13285=PLANE('',#13284);
#13286=ORIENTED_EDGE('',*,*,#9487,.F.);
#13288=ORIENTED_EDGE('',*,*,#13287,.F.);
#13290=ORIENTED_EDGE('',*,*,#13289,.F.);
#13292=ORIENTED_EDGE('',*,*,#13291,.F.);
#13293=EDGE_LOOP('',(#13286,#13288,#13290,#13292));
#13294=FACE_OUTER_BOUND('',#13293,.F.);
#13295=ADVANCED_FACE('',(#13294),#13285,.T.);
#13296=CARTESIAN_POINT('',(6.E-2,-5.6E-1,0.E0));
#13297=DIRECTION('',(1.E0,0.E0,0.E0));
#13298=DIRECTION('',(0.E0,0.E0,1.E0));
#13299=AXIS2_PLACEMENT_3D('',#13296,#13297,#13298);
#13300=PLANE('',#13299);
#13301=ORIENTED_EDGE('',*,*,#12327,.T.);
#13303=ORIENTED_EDGE('',*,*,#13302,.F.);
#13305=ORIENTED_EDGE('',*,*,#13304,.F.);
#13307=ORIENTED_EDGE('',*,*,#13306,.F.);
#13309=ORIENTED_EDGE('',*,*,#13308,.F.);
#13311=ORIENTED_EDGE('',*,*,#13310,.F.);
#13313=ORIENTED_EDGE('',*,*,#13312,.F.);
#13315=ORIENTED_EDGE('',*,*,#13314,.F.);
#13316=EDGE_LOOP('',(#13301,#13303,#13305,#13307,#13309,#13311,#13313,#13315));
#13317=FACE_OUTER_BOUND('',#13316,.F.);
#13318=ADVANCED_FACE('',(#13317),#13300,.T.);
#13319=CARTESIAN_POINT('',(6.E-2,-5.6E-1,0.E0));
#13320=DIRECTION('',(1.E0,0.E0,0.E0));
#13321=DIRECTION('',(0.E0,0.E0,1.E0));
#13322=AXIS2_PLACEMENT_3D('',#13319,#13320,#13321);
#13323=PLANE('',#13322);
#13324=ORIENTED_EDGE('',*,*,#12276,.T.);
#13326=ORIENTED_EDGE('',*,*,#13325,.F.);
#13328=ORIENTED_EDGE('',*,*,#13327,.F.);
#13330=ORIENTED_EDGE('',*,*,#13329,.F.);
#13332=ORIENTED_EDGE('',*,*,#13331,.F.);
#13334=ORIENTED_EDGE('',*,*,#13333,.F.);
#13336=ORIENTED_EDGE('',*,*,#13335,.F.);
#13338=ORIENTED_EDGE('',*,*,#13337,.F.);
#13339=EDGE_LOOP('',(#13324,#13326,#13328,#13330,#13332,#13334,#13336,#13338));
#13340=FACE_OUTER_BOUND('',#13339,.F.);
#13341=ADVANCED_FACE('',(#13340),#13323,.T.);
#13342=CARTESIAN_POINT('',(6.E-2,-5.6E-1,0.E0));
#13343=DIRECTION('',(1.E0,0.E0,0.E0));
#13344=DIRECTION('',(0.E0,0.E0,1.E0));
#13345=AXIS2_PLACEMENT_3D('',#13342,#13343,#13344);
#13346=PLANE('',#13345);
#13348=ORIENTED_EDGE('',*,*,#13347,.F.);
#13350=ORIENTED_EDGE('',*,*,#13349,.F.);
#13352=ORIENTED_EDGE('',*,*,#13351,.F.);
#13354=ORIENTED_EDGE('',*,*,#13353,.F.);
#13355=ORIENTED_EDGE('',*,*,#9347,.F.);
#13356=ORIENTED_EDGE('',*,*,#10145,.T.);
#13357=EDGE_LOOP('',(#13348,#13350,#13352,#13354,#13355,#13356));
#13358=FACE_OUTER_BOUND('',#13357,.F.);
#13359=ADVANCED_FACE('',(#13358),#13346,.T.);
#13360=CARTESIAN_POINT('',(6.E-2,-5.6E-1,0.E0));
#13361=DIRECTION('',(1.E0,0.E0,0.E0));
#13362=DIRECTION('',(0.E0,0.E0,1.E0));
#13363=AXIS2_PLACEMENT_3D('',#13360,#13361,#13362);
#13364=PLANE('',#13363);
#13366=ORIENTED_EDGE('',*,*,#13365,.F.);
#13367=ORIENTED_EDGE('',*,*,#12428,.F.);
#13368=ORIENTED_EDGE('',*,*,#9303,.F.);
#13370=ORIENTED_EDGE('',*,*,#13369,.F.);
#13372=ORIENTED_EDGE('',*,*,#13371,.F.);
#13374=ORIENTED_EDGE('',*,*,#13373,.F.);
#13375=EDGE_LOOP('',(#13366,#13367,#13368,#13370,#13372,#13374));
#13376=FACE_OUTER_BOUND('',#13375,.F.);
#13377=ADVANCED_FACE('',(#13376),#13364,.T.);
#13378=CARTESIAN_POINT('',(-6.E-2,-4.2E-1,3.2E-1));
#13379=DIRECTION('',(1.E0,0.E0,0.E0));
#13380=DIRECTION('',(0.E0,0.E0,1.E0));
#13381=AXIS2_PLACEMENT_3D('',#13378,#13379,#13380);
#13382=CYLINDRICAL_SURFACE('',#13381,9.E-2);
#13384=ORIENTED_EDGE('',*,*,#13383,.F.);
#13386=ORIENTED_EDGE('',*,*,#13385,.T.);
#13387=ORIENTED_EDGE('',*,*,#13272,.T.);
#13388=ORIENTED_EDGE('',*,*,#9410,.F.);
#13389=EDGE_LOOP('',(#13384,#13386,#13387,#13388));
#13390=FACE_OUTER_BOUND('',#13389,.F.);
#13391=ADVANCED_FACE('',(#13390),#13382,.T.);
#13392=CARTESIAN_POINT('',(-6.E-2,-5.6E-1,0.E0));
#13393=DIRECTION('',(1.E0,0.E0,0.E0));
#13394=DIRECTION('',(0.E0,0.E0,1.E0));
#13395=AXIS2_PLACEMENT_3D('',#13392,#13393,#13394);
#13396=PLANE('',#13395);
#13397=ORIENTED_EDGE('',*,*,#9408,.F.);
#13399=ORIENTED_EDGE('',*,*,#13398,.T.);
#13401=ORIENTED_EDGE('',*,*,#13400,.T.);
#13402=ORIENTED_EDGE('',*,*,#13383,.T.);
#13403=EDGE_LOOP('',(#13397,#13399,#13401,#13402));
#13404=FACE_OUTER_BOUND('',#13403,.F.);
#13405=ADVANCED_FACE('',(#13404),#13396,.F.);
#13406=CARTESIAN_POINT('',(-6.E-2,-5.6E-1,0.E0));
#13407=DIRECTION('',(1.E0,0.E0,0.E0));
#13408=DIRECTION('',(0.E0,0.E0,1.E0));
#13409=AXIS2_PLACEMENT_3D('',#13406,#13407,#13408);
#13410=PLANE('',#13409);
#13411=ORIENTED_EDGE('',*,*,#9483,.T.);
#13413=ORIENTED_EDGE('',*,*,#13412,.T.);
#13415=ORIENTED_EDGE('',*,*,#13414,.T.);
#13417=ORIENTED_EDGE('',*,*,#13416,.T.);
#13418=EDGE_LOOP('',(#13411,#13413,#13415,#13417));
#13419=FACE_OUTER_BOUND('',#13418,.F.);
#13420=ADVANCED_FACE('',(#13419),#13410,.F.);
#13421=CARTESIAN_POINT('',(-6.E-2,-5.6E-1,0.E0));
#13422=DIRECTION('',(1.E0,0.E0,0.E0));
#13423=DIRECTION('',(0.E0,0.E0,1.E0));
#13424=AXIS2_PLACEMENT_3D('',#13421,#13422,#13423);
#13425=PLANE('',#13424);
#13426=ORIENTED_EDGE('',*,*,#12323,.F.);
#13428=ORIENTED_EDGE('',*,*,#13427,.T.);
#13430=ORIENTED_EDGE('',*,*,#13429,.T.);
#13432=ORIENTED_EDGE('',*,*,#13431,.T.);
#13434=ORIENTED_EDGE('',*,*,#13433,.T.);
#13436=ORIENTED_EDGE('',*,*,#13435,.T.);
#13438=ORIENTED_EDGE('',*,*,#13437,.T.);
#13440=ORIENTED_EDGE('',*,*,#13439,.T.);
#13441=EDGE_LOOP('',(#13426,#13428,#13430,#13432,#13434,#13436,#13438,#13440));
#13442=FACE_OUTER_BOUND('',#13441,.F.);
#13443=ADVANCED_FACE('',(#13442),#13425,.F.);
#13444=CARTESIAN_POINT('',(-6.E-2,-5.6E-1,0.E0));
#13445=DIRECTION('',(1.E0,0.E0,0.E0));
#13446=DIRECTION('',(0.E0,0.E0,1.E0));
#13447=AXIS2_PLACEMENT_3D('',#13444,#13445,#13446);
#13448=PLANE('',#13447);
#13449=ORIENTED_EDGE('',*,*,#12272,.F.);
#13451=ORIENTED_EDGE('',*,*,#13450,.T.);
#13453=ORIENTED_EDGE('',*,*,#13452,.T.);
#13455=ORIENTED_EDGE('',*,*,#13454,.T.);
#13457=ORIENTED_EDGE('',*,*,#13456,.T.);
#13459=ORIENTED_EDGE('',*,*,#13458,.T.);
#13461=ORIENTED_EDGE('',*,*,#13460,.T.);
#13463=ORIENTED_EDGE('',*,*,#13462,.T.);
#13464=EDGE_LOOP('',(#13449,#13451,#13453,#13455,#13457,#13459,#13461,#13463));
#13465=FACE_OUTER_BOUND('',#13464,.F.);
#13466=ADVANCED_FACE('',(#13465),#13448,.F.);
#13467=CARTESIAN_POINT('',(-6.E-2,-5.6E-1,0.E0));
#13468=DIRECTION('',(1.E0,0.E0,0.E0));
#13469=DIRECTION('',(0.E0,0.E0,1.E0));
#13470=AXIS2_PLACEMENT_3D('',#13467,#13468,#13469);
#13471=PLANE('',#13470);
#13473=ORIENTED_EDGE('',*,*,#13472,.T.);
#13474=ORIENTED_EDGE('',*,*,#10141,.F.);
#13475=ORIENTED_EDGE('',*,*,#9351,.T.);
#13477=ORIENTED_EDGE('',*,*,#13476,.T.);
#13479=ORIENTED_EDGE('',*,*,#13478,.T.);
#13481=ORIENTED_EDGE('',*,*,#13480,.T.);
#13482=EDGE_LOOP('',(#13473,#13474,#13475,#13477,#13479,#13481));
#13483=FACE_OUTER_BOUND('',#13482,.F.);
#13484=ADVANCED_FACE('',(#13483),#13471,.F.);
#13485=CARTESIAN_POINT('',(-6.E-2,-5.6E-1,0.E0));
#13486=DIRECTION('',(1.E0,0.E0,0.E0));
#13487=DIRECTION('',(0.E0,0.E0,1.E0));
#13488=AXIS2_PLACEMENT_3D('',#13485,#13486,#13487);
#13489=PLANE('',#13488);
#13491=ORIENTED_EDGE('',*,*,#13490,.T.);
#13493=ORIENTED_EDGE('',*,*,#13492,.T.);
#13495=ORIENTED_EDGE('',*,*,#13494,.T.);
#13497=ORIENTED_EDGE('',*,*,#13496,.T.);
#13498=ORIENTED_EDGE('',*,*,#9299,.T.);
#13499=ORIENTED_EDGE('',*,*,#12432,.T.);
#13500=EDGE_LOOP('',(#13491,#13493,#13495,#13497,#13498,#13499));
#13501=FACE_OUTER_BOUND('',#13500,.F.);
#13502=ADVANCED_FACE('',(#13501),#13489,.F.);
#13503=CARTESIAN_POINT('',(-6.E-2,-3.650724948658E-1,2.021739876779E-1));
#13504=DIRECTION('',(0.E0,9.323667351229E-1,-3.615138603655E-1));
#13505=DIRECTION('',(0.E0,3.615138603655E-1,9.323667351229E-1));
#13506=AXIS2_PLACEMENT_3D('',#13503,#13504,#13505);
#13507=PLANE('',#13506);
#13508=ORIENTED_EDGE('',*,*,#9414,.T.);
#13509=ORIENTED_EDGE('',*,*,#13276,.T.);
#13511=ORIENTED_EDGE('',*,*,#13510,.F.);
#13512=ORIENTED_EDGE('',*,*,#13398,.F.);
#13513=EDGE_LOOP('',(#13508,#13509,#13511,#13512));
#13514=FACE_OUTER_BOUND('',#13513,.F.);
#13515=ADVANCED_FACE('',(#13514),#13507,.T.);
#13516=CARTESIAN_POINT('',(-6.E-2,-3.E-1,3.7E-1));
#13517=DIRECTION('',(0.E0,3.615138603655E-1,9.323667351229E-1));
#13518=DIRECTION('',(0.E0,-9.323667351229E-1,3.615138603655E-1));
#13519=AXIS2_PLACEMENT_3D('',#13516,#13517,#13518);
#13520=PLANE('',#13519);
#13521=ORIENTED_EDGE('',*,*,#13400,.F.);
#13522=ORIENTED_EDGE('',*,*,#13510,.T.);
#13523=ORIENTED_EDGE('',*,*,#13274,.T.);
#13524=ORIENTED_EDGE('',*,*,#13385,.F.);
#13525=EDGE_LOOP('',(#13521,#13522,#13523,#13524));
#13526=FACE_OUTER_BOUND('',#13525,.F.);
#13527=ADVANCED_FACE('',(#13526),#13520,.T.);
#13528=CARTESIAN_POINT('',(-6.E-2,-4.2E-1,-3.2E-1));
#13529=DIRECTION('',(1.E0,0.E0,0.E0));
#13530=DIRECTION('',(0.E0,0.E0,1.E0));
#13531=AXIS2_PLACEMENT_3D('',#13528,#13529,#13530);
#13532=CYLINDRICAL_SURFACE('',#13531,9.E-2);
#13533=ORIENTED_EDGE('',*,*,#13412,.F.);
#13534=ORIENTED_EDGE('',*,*,#9489,.T.);
#13535=ORIENTED_EDGE('',*,*,#13291,.T.);
#13537=ORIENTED_EDGE('',*,*,#13536,.F.);
#13538=EDGE_LOOP('',(#13533,#13534,#13535,#13537));
#13539=FACE_OUTER_BOUND('',#13538,.F.);
#13540=ADVANCED_FACE('',(#13539),#13532,.T.);
#13541=CARTESIAN_POINT('',(-6.E-2,-3.874637525671E-1,-4.039130061611E-1));
#13542=DIRECTION('',(0.E0,3.615138603655E-1,-9.323667351229E-1));
#13543=DIRECTION('',(0.E0,9.323667351229E-1,3.615138603655E-1));
#13544=AXIS2_PLACEMENT_3D('',#13541,#13542,#13543);
#13545=PLANE('',#13544);
#13546=ORIENTED_EDGE('',*,*,#13414,.F.);
#13547=ORIENTED_EDGE('',*,*,#13536,.T.);
#13548=ORIENTED_EDGE('',*,*,#13289,.T.);
#13550=ORIENTED_EDGE('',*,*,#13549,.F.);
#13551=EDGE_LOOP('',(#13546,#13547,#13548,#13550));
#13552=FACE_OUTER_BOUND('',#13551,.F.);
#13553=ADVANCED_FACE('',(#13552),#13545,.T.);
#13554=CARTESIAN_POINT('',(-6.E-2,-3.E-1,-3.7E-1));
#13555=DIRECTION('',(0.E0,9.323667351229E-1,3.615138603655E-1));
#13556=DIRECTION('',(0.E0,-3.615138603655E-1,9.323667351229E-1));
#13557=AXIS2_PLACEMENT_3D('',#13554,#13555,#13556);
#13558=PLANE('',#13557);
#13559=ORIENTED_EDGE('',*,*,#9485,.F.);
#13560=ORIENTED_EDGE('',*,*,#13416,.F.);
#13561=ORIENTED_EDGE('',*,*,#13549,.T.);
#13562=ORIENTED_EDGE('',*,*,#13287,.T.);
#13563=EDGE_LOOP('',(#13559,#13560,#13561,#13562));
#13564=FACE_OUTER_BOUND('',#13563,.F.);
#13565=ADVANCED_FACE('',(#13564),#13558,.T.);
#13566=CARTESIAN_POINT('',(-6.E-2,-1.E-1,-9.14E-1));
#13567=DIRECTION('',(1.E0,0.E0,0.E0));
#13568=DIRECTION('',(0.E0,0.E0,1.E0));
#13569=AXIS2_PLACEMENT_3D('',#13566,#13567,#13568);
#13570=CYLINDRICAL_SURFACE('',#13569,3.9E-2);
#13571=ORIENTED_EDGE('',*,*,#12329,.T.);
#13572=ORIENTED_EDGE('',*,*,#13314,.T.);
#13574=ORIENTED_EDGE('',*,*,#13573,.F.);
#13575=ORIENTED_EDGE('',*,*,#13427,.F.);
#13576=EDGE_LOOP('',(#13571,#13572,#13574,#13575));
#13577=FACE_OUTER_BOUND('',#13576,.F.);
#13578=ADVANCED_FACE('',(#13577),#13570,.F.);
#13579=CARTESIAN_POINT('',(-6.E-2,-6.1E-2,-9.14E-1));
#13580=DIRECTION('',(0.E0,-1.E0,0.E0));
#13581=DIRECTION('',(0.E0,0.E0,-1.E0));
#13582=AXIS2_PLACEMENT_3D('',#13579,#13580,#13581);
#13583=PLANE('',#13582);
#13584=ORIENTED_EDGE('',*,*,#13429,.F.);
#13585=ORIENTED_EDGE('',*,*,#13573,.T.);
#13586=ORIENTED_EDGE('',*,*,#13312,.T.);
#13588=ORIENTED_EDGE('',*,*,#13587,.F.);
#13589=EDGE_LOOP('',(#13584,#13585,#13586,#13588));
#13590=FACE_OUTER_BOUND('',#13589,.F.);
#13591=ADVANCED_FACE('',(#13590),#13583,.T.);
#13592=CARTESIAN_POINT('',(-6.E-2,-6.1E-2,-1.E0));
#13593=DIRECTION('',(0.E0,0.E0,-1.E0));
#13594=DIRECTION('',(0.E0,1.E0,0.E0));
#13595=AXIS2_PLACEMENT_3D('',#13592,#13593,#13594);
#13596=PLANE('',#13595);
#13597=ORIENTED_EDGE('',*,*,#13431,.F.);
#13598=ORIENTED_EDGE('',*,*,#13587,.T.);
#13599=ORIENTED_EDGE('',*,*,#13310,.T.);
#13601=ORIENTED_EDGE('',*,*,#13600,.F.);
#13602=EDGE_LOOP('',(#13597,#13598,#13599,#13601));
#13603=FACE_OUTER_BOUND('',#13602,.F.);
#13604=ADVANCED_FACE('',(#13603),#13596,.T.);
#13605=CARTESIAN_POINT('',(-6.E-2,0.E0,-1.E0));
#13606=DIRECTION('',(0.E0,1.E0,0.E0));
#13607=DIRECTION('',(0.E0,0.E0,1.E0));
#13608=AXIS2_PLACEMENT_3D('',#13605,#13606,#13607);
#13609=PLANE('',#13608);
#13610=ORIENTED_EDGE('',*,*,#13433,.F.);
#13611=ORIENTED_EDGE('',*,*,#13600,.T.);
#13612=ORIENTED_EDGE('',*,*,#13308,.T.);
#13614=ORIENTED_EDGE('',*,*,#13613,.F.);
#13615=EDGE_LOOP('',(#13610,#13611,#13612,#13614));
#13616=FACE_OUTER_BOUND('',#13615,.F.);
#13617=ADVANCED_FACE('',(#13616),#13609,.T.);
#13618=CARTESIAN_POINT('',(-6.E-2,0.E0,-9.85E-1));
#13619=DIRECTION('',(0.E0,7.071067811865E-1,-7.071067811866E-1));
#13620=DIRECTION('',(0.E0,7.071067811866E-1,7.071067811865E-1));
#13621=AXIS2_PLACEMENT_3D('',#13618,#13619,#13620);
#13622=PLANE('',#13621);
#13623=ORIENTED_EDGE('',*,*,#13435,.F.);
#13624=ORIENTED_EDGE('',*,*,#13613,.T.);
#13625=ORIENTED_EDGE('',*,*,#13306,.T.);
#13627=ORIENTED_EDGE('',*,*,#13626,.F.);
#13628=EDGE_LOOP('',(#13623,#13624,#13625,#13627));
#13629=FACE_OUTER_BOUND('',#13628,.F.);
#13630=ADVANCED_FACE('',(#13629),#13622,.T.);
#13631=CARTESIAN_POINT('',(-6.E-2,2.E-2,-9.65E-1));
#13632=DIRECTION('',(0.E0,1.E0,0.E0));
#13633=DIRECTION('',(0.E0,0.E0,1.E0));
#13634=AXIS2_PLACEMENT_3D('',#13631,#13632,#13633);
#13635=PLANE('',#13634);
#13636=ORIENTED_EDGE('',*,*,#13437,.F.);
#13637=ORIENTED_EDGE('',*,*,#13626,.T.);
#13638=ORIENTED_EDGE('',*,*,#13304,.T.);
#13640=ORIENTED_EDGE('',*,*,#13639,.F.);
#13641=EDGE_LOOP('',(#13636,#13637,#13638,#13640));
#13642=FACE_OUTER_BOUND('',#13641,.F.);
#13643=ADVANCED_FACE('',(#13642),#13635,.T.);
#13644=CARTESIAN_POINT('',(-6.E-2,-1.E-1,-9.14E-1));
#13645=DIRECTION('',(1.E0,0.E0,0.E0));
#13646=DIRECTION('',(0.E0,0.E0,1.E0));
#13647=AXIS2_PLACEMENT_3D('',#13644,#13645,#13646);
#13648=CYLINDRICAL_SURFACE('',#13647,1.2E-1);
#13649=ORIENTED_EDGE('',*,*,#12325,.F.);
#13650=ORIENTED_EDGE('',*,*,#13439,.F.);
#13651=ORIENTED_EDGE('',*,*,#13639,.T.);
#13652=ORIENTED_EDGE('',*,*,#13302,.T.);
#13653=EDGE_LOOP('',(#13649,#13650,#13651,#13652));
#13654=FACE_OUTER_BOUND('',#13653,.F.);
#13655=ADVANCED_FACE('',(#13654),#13648,.T.);
#13656=CARTESIAN_POINT('',(-6.E-2,-1.E-1,9.14E-1));
#13657=DIRECTION('',(1.E0,0.E0,0.E0));
#13658=DIRECTION('',(0.E0,0.E0,1.E0));
#13659=AXIS2_PLACEMENT_3D('',#13656,#13657,#13658);
#13660=CYLINDRICAL_SURFACE('',#13659,1.2E-1);
#13661=ORIENTED_EDGE('',*,*,#12278,.T.);
#13662=ORIENTED_EDGE('',*,*,#13337,.T.);
#13664=ORIENTED_EDGE('',*,*,#13663,.F.);
#13665=ORIENTED_EDGE('',*,*,#13450,.F.);
#13666=EDGE_LOOP('',(#13661,#13662,#13664,#13665));
#13667=FACE_OUTER_BOUND('',#13666,.F.);
#13668=ADVANCED_FACE('',(#13667),#13660,.T.);
#13669=CARTESIAN_POINT('',(-6.E-2,2.E-2,9.14E-1));
#13670=DIRECTION('',(0.E0,1.E0,0.E0));
#13671=DIRECTION('',(0.E0,0.E0,1.E0));
#13672=AXIS2_PLACEMENT_3D('',#13669,#13670,#13671);
#13673=PLANE('',#13672);
#13674=ORIENTED_EDGE('',*,*,#13452,.F.);
#13675=ORIENTED_EDGE('',*,*,#13663,.T.);
#13676=ORIENTED_EDGE('',*,*,#13335,.T.);
#13678=ORIENTED_EDGE('',*,*,#13677,.F.);
#13679=EDGE_LOOP('',(#13674,#13675,#13676,#13678));
#13680=FACE_OUTER_BOUND('',#13679,.F.);
#13681=ADVANCED_FACE('',(#13680),#13673,.T.);
#13682=CARTESIAN_POINT('',(-6.E-2,2.E-2,9.65E-1));
#13683=DIRECTION('',(0.E0,7.071067811865E-1,7.071067811866E-1));
#13684=DIRECTION('',(0.E0,-7.071067811866E-1,7.071067811865E-1));
#13685=AXIS2_PLACEMENT_3D('',#13682,#13683,#13684);
#13686=PLANE('',#13685);
#13687=ORIENTED_EDGE('',*,*,#13454,.F.);
#13688=ORIENTED_EDGE('',*,*,#13677,.T.);
#13689=ORIENTED_EDGE('',*,*,#13333,.T.);
#13691=ORIENTED_EDGE('',*,*,#13690,.F.);
#13692=EDGE_LOOP('',(#13687,#13688,#13689,#13691));
#13693=FACE_OUTER_BOUND('',#13692,.F.);
#13694=ADVANCED_FACE('',(#13693),#13686,.T.);
#13695=CARTESIAN_POINT('',(-6.E-2,0.E0,9.85E-1));
#13696=DIRECTION('',(0.E0,1.E0,0.E0));
#13697=DIRECTION('',(0.E0,0.E0,1.E0));
#13698=AXIS2_PLACEMENT_3D('',#13695,#13696,#13697);
#13699=PLANE('',#13698);
#13700=ORIENTED_EDGE('',*,*,#13456,.F.);
#13701=ORIENTED_EDGE('',*,*,#13690,.T.);
#13702=ORIENTED_EDGE('',*,*,#13331,.T.);
#13704=ORIENTED_EDGE('',*,*,#13703,.F.);
#13705=EDGE_LOOP('',(#13700,#13701,#13702,#13704));
#13706=FACE_OUTER_BOUND('',#13705,.F.);
#13707=ADVANCED_FACE('',(#13706),#13699,.T.);
#13708=CARTESIAN_POINT('',(-6.E-2,0.E0,1.E0));
#13709=DIRECTION('',(0.E0,0.E0,1.E0));
#13710=DIRECTION('',(0.E0,-1.E0,0.E0));
#13711=AXIS2_PLACEMENT_3D('',#13708,#13709,#13710);
#13712=PLANE('',#13711);
#13713=ORIENTED_EDGE('',*,*,#13458,.F.);
#13714=ORIENTED_EDGE('',*,*,#13703,.T.);
#13715=ORIENTED_EDGE('',*,*,#13329,.T.);
#13717=ORIENTED_EDGE('',*,*,#13716,.F.);
#13718=EDGE_LOOP('',(#13713,#13714,#13715,#13717));
#13719=FACE_OUTER_BOUND('',#13718,.F.);
#13720=ADVANCED_FACE('',(#13719),#13712,.T.);
#13721=CARTESIAN_POINT('',(-6.E-2,-6.1E-2,1.E0));
#13722=DIRECTION('',(0.E0,-1.E0,0.E0));
#13723=DIRECTION('',(0.E0,0.E0,-1.E0));
#13724=AXIS2_PLACEMENT_3D('',#13721,#13722,#13723);
#13725=PLANE('',#13724);
#13726=ORIENTED_EDGE('',*,*,#13460,.F.);
#13727=ORIENTED_EDGE('',*,*,#13716,.T.);
#13728=ORIENTED_EDGE('',*,*,#13327,.T.);
#13730=ORIENTED_EDGE('',*,*,#13729,.F.);
#13731=EDGE_LOOP('',(#13726,#13727,#13728,#13730));
#13732=FACE_OUTER_BOUND('',#13731,.F.);
#13733=ADVANCED_FACE('',(#13732),#13725,.T.);
#13734=CARTESIAN_POINT('',(-6.E-2,-1.E-1,9.14E-1));
#13735=DIRECTION('',(1.E0,0.E0,0.E0));
#13736=DIRECTION('',(0.E0,0.E0,1.E0));
#13737=AXIS2_PLACEMENT_3D('',#13734,#13735,#13736);
#13738=CYLINDRICAL_SURFACE('',#13737,3.9E-2);
#13739=ORIENTED_EDGE('',*,*,#12274,.F.);
#13740=ORIENTED_EDGE('',*,*,#13462,.F.);
#13741=ORIENTED_EDGE('',*,*,#13729,.T.);
#13742=ORIENTED_EDGE('',*,*,#13325,.T.);
#13743=EDGE_LOOP('',(#13739,#13740,#13741,#13742));
#13744=FACE_OUTER_BOUND('',#13743,.F.);
#13745=ADVANCED_FACE('',(#13744),#13738,.F.);
#13746=CARTESIAN_POINT('',(-6.E-2,-4.15E-1,-7.4E-1));
#13747=DIRECTION('',(1.E0,0.E0,0.E0));
#13748=DIRECTION('',(0.E0,0.E0,1.E0));
#13749=AXIS2_PLACEMENT_3D('',#13746,#13747,#13748);
#13750=CYLINDRICAL_SURFACE('',#13749,1.35E-1);
#13751=ORIENTED_EDGE('',*,*,#13472,.F.);
#13753=ORIENTED_EDGE('',*,*,#13752,.T.);
#13754=ORIENTED_EDGE('',*,*,#13347,.T.);
#13755=ORIENTED_EDGE('',*,*,#10143,.F.);
#13756=EDGE_LOOP('',(#13751,#13753,#13754,#13755));
#13757=FACE_OUTER_BOUND('',#13756,.F.);
#13758=ADVANCED_FACE('',(#13757),#13750,.T.);
#13759=CARTESIAN_POINT('',(-6.E-2,-3.75E-1,-6.05E-1));
#13760=DIRECTION('',(0.E0,0.E0,1.E0));
#13761=DIRECTION('',(0.E0,-1.E0,0.E0));
#13762=AXIS2_PLACEMENT_3D('',#13759,#13760,#13761);
#13763=PLANE('',#13762);
#13764=ORIENTED_EDGE('',*,*,#13480,.F.);
#13766=ORIENTED_EDGE('',*,*,#13765,.T.);
#13767=ORIENTED_EDGE('',*,*,#13349,.T.);
#13768=ORIENTED_EDGE('',*,*,#13752,.F.);
#13769=EDGE_LOOP('',(#13764,#13766,#13767,#13768));
#13770=FACE_OUTER_BOUND('',#13769,.F.);
#13771=ADVANCED_FACE('',(#13770),#13763,.T.);
#13772=CARTESIAN_POINT('',(-6.E-2,-3.55E-1,-6.25E-1));
#13773=DIRECTION('',(0.E0,7.071067811865E-1,7.071067811866E-1));
#13774=DIRECTION('',(0.E0,-7.071067811866E-1,7.071067811865E-1));
#13775=AXIS2_PLACEMENT_3D('',#13772,#13773,#13774);
#13776=PLANE('',#13775);
#13777=ORIENTED_EDGE('',*,*,#13478,.F.);
#13779=ORIENTED_EDGE('',*,*,#13778,.T.);
#13780=ORIENTED_EDGE('',*,*,#13351,.T.);
#13781=ORIENTED_EDGE('',*,*,#13765,.F.);
#13782=EDGE_LOOP('',(#13777,#13779,#13780,#13781));
#13783=FACE_OUTER_BOUND('',#13782,.F.);
#13784=ADVANCED_FACE('',(#13783),#13776,.T.);
#13785=CARTESIAN_POINT('',(-6.E-2,-1.E-1,-6.25E-1));
#13786=DIRECTION('',(0.E0,0.E0,1.E0));
#13787=DIRECTION('',(0.E0,-1.E0,0.E0));
#13788=AXIS2_PLACEMENT_3D('',#13785,#13786,#13787);
#13789=PLANE('',#13788);
#13790=ORIENTED_EDGE('',*,*,#9349,.T.);
#13791=ORIENTED_EDGE('',*,*,#13353,.T.);
#13792=ORIENTED_EDGE('',*,*,#13778,.F.);
#13793=ORIENTED_EDGE('',*,*,#13476,.F.);
#13794=EDGE_LOOP('',(#13790,#13791,#13792,#13793));
#13795=FACE_OUTER_BOUND('',#13794,.F.);
#13796=ADVANCED_FACE('',(#13795),#13789,.T.);
#13797=CARTESIAN_POINT('',(-6.E-2,-4.15E-1,7.4E-1));
#13798=DIRECTION('',(1.E0,0.E0,0.E0));
#13799=DIRECTION('',(0.E0,0.E0,1.E0));
#13800=AXIS2_PLACEMENT_3D('',#13797,#13798,#13799);
#13801=CYLINDRICAL_SURFACE('',#13800,1.35E-1);
#13802=ORIENTED_EDGE('',*,*,#13490,.F.);
#13803=ORIENTED_EDGE('',*,*,#12430,.T.);
#13804=ORIENTED_EDGE('',*,*,#13365,.T.);
#13806=ORIENTED_EDGE('',*,*,#13805,.F.);
#13807=EDGE_LOOP('',(#13802,#13803,#13804,#13806));
#13808=FACE_OUTER_BOUND('',#13807,.F.);
#13809=ADVANCED_FACE('',(#13808),#13801,.T.);
#13810=CARTESIAN_POINT('',(-6.E-2,-4.15E-1,6.05E-1));
#13811=DIRECTION('',(0.E0,0.E0,-1.E0));
#13812=DIRECTION('',(0.E0,1.E0,0.E0));
#13813=AXIS2_PLACEMENT_3D('',#13810,#13811,#13812);
#13814=PLANE('',#13813);
#13815=ORIENTED_EDGE('',*,*,#13492,.F.);
#13816=ORIENTED_EDGE('',*,*,#13805,.T.);
#13817=ORIENTED_EDGE('',*,*,#13373,.T.);
#13819=ORIENTED_EDGE('',*,*,#13818,.F.);
#13820=EDGE_LOOP('',(#13815,#13816,#13817,#13819));
#13821=FACE_OUTER_BOUND('',#13820,.F.);
#13822=ADVANCED_FACE('',(#13821),#13814,.T.);
#13823=CARTESIAN_POINT('',(-6.E-2,-3.75E-1,6.05E-1));
#13824=DIRECTION('',(0.E0,7.071067811865E-1,-7.071067811865E-1));
#13825=DIRECTION('',(0.E0,7.071067811865E-1,7.071067811865E-1));
#13826=AXIS2_PLACEMENT_3D('',#13823,#13824,#13825);
#13827=PLANE('',#13826);
#13828=ORIENTED_EDGE('',*,*,#13494,.F.);
#13829=ORIENTED_EDGE('',*,*,#13818,.T.);
#13830=ORIENTED_EDGE('',*,*,#13371,.T.);
#13832=ORIENTED_EDGE('',*,*,#13831,.F.);
#13833=EDGE_LOOP('',(#13828,#13829,#13830,#13832));
#13834=FACE_OUTER_BOUND('',#13833,.F.);
#13835=ADVANCED_FACE('',(#13834),#13827,.T.);
#13836=CARTESIAN_POINT('',(-6.E-2,-3.55E-1,6.25E-1));
#13837=DIRECTION('',(0.E0,0.E0,-1.E0));
#13838=DIRECTION('',(0.E0,1.E0,0.E0));
#13839=AXIS2_PLACEMENT_3D('',#13836,#13837,#13838);
#13840=PLANE('',#13839);
#13841=ORIENTED_EDGE('',*,*,#9301,.F.);
#13842=ORIENTED_EDGE('',*,*,#13496,.F.);
#13843=ORIENTED_EDGE('',*,*,#13831,.T.);
#13844=ORIENTED_EDGE('',*,*,#13369,.T.);
#13845=EDGE_LOOP('',(#13841,#13842,#13843,#13844));
#13846=FACE_OUTER_BOUND('',#13845,.F.);
#13847=ADVANCED_FACE('',(#13846),#13840,.T.);
#13848=CARTESIAN_POINT('',(-2.9E-1,-5.6E-1,0.E0));
#13849=DIRECTION('',(1.E0,0.E0,0.E0));
#13850=DIRECTION('',(0.E0,0.E0,1.E0));
#13851=AXIS2_PLACEMENT_3D('',#13848,#13849,#13850);
#13852=PLANE('',#13851);
#13853=ORIENTED_EDGE('',*,*,#9422,.T.);
#13855=ORIENTED_EDGE('',*,*,#13854,.F.);
#13857=ORIENTED_EDGE('',*,*,#13856,.F.);
#13859=ORIENTED_EDGE('',*,*,#13858,.F.);
#13860=EDGE_LOOP('',(#13853,#13855,#13857,#13859));
#13861=FACE_OUTER_BOUND('',#13860,.F.);
#13862=ADVANCED_FACE('',(#13861),#13852,.T.);
#13863=CARTESIAN_POINT('',(-2.9E-1,-5.6E-1,0.E0));
#13864=DIRECTION('',(1.E0,0.E0,0.E0));
#13865=DIRECTION('',(0.E0,0.E0,1.E0));
#13866=AXIS2_PLACEMENT_3D('',#13863,#13864,#13865);
#13867=PLANE('',#13866);
#13868=ORIENTED_EDGE('',*,*,#9497,.F.);
#13870=ORIENTED_EDGE('',*,*,#13869,.F.);
#13872=ORIENTED_EDGE('',*,*,#13871,.F.);
#13874=ORIENTED_EDGE('',*,*,#13873,.F.);
#13875=EDGE_LOOP('',(#13868,#13870,#13872,#13874));
#13876=FACE_OUTER_BOUND('',#13875,.F.);
#13877=ADVANCED_FACE('',(#13876),#13867,.T.);
#13878=CARTESIAN_POINT('',(-2.9E-1,-5.6E-1,0.E0));
#13879=DIRECTION('',(1.E0,0.E0,0.E0));
#13880=DIRECTION('',(0.E0,0.E0,1.E0));
#13881=AXIS2_PLACEMENT_3D('',#13878,#13879,#13880);
#13882=PLANE('',#13881);
#13883=ORIENTED_EDGE('',*,*,#12337,.T.);
#13885=ORIENTED_EDGE('',*,*,#13884,.F.);
#13887=ORIENTED_EDGE('',*,*,#13886,.F.);
#13889=ORIENTED_EDGE('',*,*,#13888,.F.);
#13891=ORIENTED_EDGE('',*,*,#13890,.F.);
#13893=ORIENTED_EDGE('',*,*,#13892,.F.);
#13895=ORIENTED_EDGE('',*,*,#13894,.F.);
#13897=ORIENTED_EDGE('',*,*,#13896,.F.);
#13898=EDGE_LOOP('',(#13883,#13885,#13887,#13889,#13891,#13893,#13895,#13897));
#13899=FACE_OUTER_BOUND('',#13898,.F.);
#13900=ADVANCED_FACE('',(#13899),#13882,.T.);
#13901=CARTESIAN_POINT('',(-2.9E-1,-5.6E-1,0.E0));
#13902=DIRECTION('',(1.E0,0.E0,0.E0));
#13903=DIRECTION('',(0.E0,0.E0,1.E0));
#13904=AXIS2_PLACEMENT_3D('',#13901,#13902,#13903);
#13905=PLANE('',#13904);
#13906=ORIENTED_EDGE('',*,*,#12286,.T.);
#13908=ORIENTED_EDGE('',*,*,#13907,.F.);
#13910=ORIENTED_EDGE('',*,*,#13909,.F.);
#13912=ORIENTED_EDGE('',*,*,#13911,.F.);
#13914=ORIENTED_EDGE('',*,*,#13913,.F.);
#13916=ORIENTED_EDGE('',*,*,#13915,.F.);
#13918=ORIENTED_EDGE('',*,*,#13917,.F.);
#13920=ORIENTED_EDGE('',*,*,#13919,.F.);
#13921=EDGE_LOOP('',(#13906,#13908,#13910,#13912,#13914,#13916,#13918,#13920));
#13922=FACE_OUTER_BOUND('',#13921,.F.);
#13923=ADVANCED_FACE('',(#13922),#13905,.T.);
#13924=CARTESIAN_POINT('',(-2.9E-1,-5.6E-1,0.E0));
#13925=DIRECTION('',(1.E0,0.E0,0.E0));
#13926=DIRECTION('',(0.E0,0.E0,1.E0));
#13927=AXIS2_PLACEMENT_3D('',#13924,#13925,#13926);
#13928=PLANE('',#13927);
#13930=ORIENTED_EDGE('',*,*,#13929,.F.);
#13932=ORIENTED_EDGE('',*,*,#13931,.F.);
#13934=ORIENTED_EDGE('',*,*,#13933,.F.);
#13936=ORIENTED_EDGE('',*,*,#13935,.F.);
#13937=ORIENTED_EDGE('',*,*,#9355,.F.);
#13938=ORIENTED_EDGE('',*,*,#10138,.T.);
#13939=EDGE_LOOP('',(#13930,#13932,#13934,#13936,#13937,#13938));
#13940=FACE_OUTER_BOUND('',#13939,.F.);
#13941=ADVANCED_FACE('',(#13940),#13928,.T.);
#13942=CARTESIAN_POINT('',(-2.9E-1,-5.6E-1,0.E0));
#13943=DIRECTION('',(1.E0,0.E0,0.E0));
#13944=DIRECTION('',(0.E0,0.E0,1.E0));
#13945=AXIS2_PLACEMENT_3D('',#13942,#13943,#13944);
#13946=PLANE('',#13945);
#13948=ORIENTED_EDGE('',*,*,#13947,.F.);
#13949=ORIENTED_EDGE('',*,*,#12435,.F.);
#13950=ORIENTED_EDGE('',*,*,#9295,.F.);
#13952=ORIENTED_EDGE('',*,*,#13951,.F.);
#13954=ORIENTED_EDGE('',*,*,#13953,.F.);
#13956=ORIENTED_EDGE('',*,*,#13955,.F.);
#13957=EDGE_LOOP('',(#13948,#13949,#13950,#13952,#13954,#13956));
#13958=FACE_OUTER_BOUND('',#13957,.F.);
#13959=ADVANCED_FACE('',(#13958),#13946,.T.);
#13960=CARTESIAN_POINT('',(-4.1E-1,-4.2E-1,3.2E-1));
#13961=DIRECTION('',(1.E0,0.E0,0.E0));
#13962=DIRECTION('',(0.E0,0.E0,1.E0));
#13963=AXIS2_PLACEMENT_3D('',#13960,#13961,#13962);
#13964=CYLINDRICAL_SURFACE('',#13963,9.E-2);
#13966=ORIENTED_EDGE('',*,*,#13965,.F.);
#13968=ORIENTED_EDGE('',*,*,#13967,.T.);
#13969=ORIENTED_EDGE('',*,*,#13854,.T.);
#13970=ORIENTED_EDGE('',*,*,#9420,.F.);
#13971=EDGE_LOOP('',(#13966,#13968,#13969,#13970));
#13972=FACE_OUTER_BOUND('',#13971,.F.);
#13973=ADVANCED_FACE('',(#13972),#13964,.T.);
#13974=CARTESIAN_POINT('',(-4.1E-1,-5.6E-1,0.E0));
#13975=DIRECTION('',(1.E0,0.E0,0.E0));
#13976=DIRECTION('',(0.E0,0.E0,1.E0));
#13977=AXIS2_PLACEMENT_3D('',#13974,#13975,#13976);
#13978=PLANE('',#13977);
#13979=ORIENTED_EDGE('',*,*,#9418,.F.);
#13981=ORIENTED_EDGE('',*,*,#13980,.T.);
#13983=ORIENTED_EDGE('',*,*,#13982,.T.);
#13984=ORIENTED_EDGE('',*,*,#13965,.T.);
#13985=EDGE_LOOP('',(#13979,#13981,#13983,#13984));
#13986=FACE_OUTER_BOUND('',#13985,.F.);
#13987=ADVANCED_FACE('',(#13986),#13978,.F.);
#13988=CARTESIAN_POINT('',(-4.1E-1,-5.6E-1,0.E0));
#13989=DIRECTION('',(1.E0,0.E0,0.E0));
#13990=DIRECTION('',(0.E0,0.E0,1.E0));
#13991=AXIS2_PLACEMENT_3D('',#13988,#13989,#13990);
#13992=PLANE('',#13991);
#13993=ORIENTED_EDGE('',*,*,#9493,.T.);
#13995=ORIENTED_EDGE('',*,*,#13994,.T.);
#13997=ORIENTED_EDGE('',*,*,#13996,.T.);
#13999=ORIENTED_EDGE('',*,*,#13998,.T.);
#14000=EDGE_LOOP('',(#13993,#13995,#13997,#13999));
#14001=FACE_OUTER_BOUND('',#14000,.F.);
#14002=ADVANCED_FACE('',(#14001),#13992,.F.);
#14003=CARTESIAN_POINT('',(-4.1E-1,-5.6E-1,0.E0));
#14004=DIRECTION('',(1.E0,0.E0,0.E0));
#14005=DIRECTION('',(0.E0,0.E0,1.E0));
#14006=AXIS2_PLACEMENT_3D('',#14003,#14004,#14005);
#14007=PLANE('',#14006);
#14008=ORIENTED_EDGE('',*,*,#12333,.F.);
#14010=ORIENTED_EDGE('',*,*,#14009,.T.);
#14012=ORIENTED_EDGE('',*,*,#14011,.T.);
#14014=ORIENTED_EDGE('',*,*,#14013,.T.);
#14016=ORIENTED_EDGE('',*,*,#14015,.T.);
#14018=ORIENTED_EDGE('',*,*,#14017,.T.);
#14020=ORIENTED_EDGE('',*,*,#14019,.T.);
#14022=ORIENTED_EDGE('',*,*,#14021,.T.);
#14023=EDGE_LOOP('',(#14008,#14010,#14012,#14014,#14016,#14018,#14020,#14022));
#14024=FACE_OUTER_BOUND('',#14023,.F.);
#14025=ADVANCED_FACE('',(#14024),#14007,.F.);
#14026=CARTESIAN_POINT('',(-4.1E-1,-5.6E-1,0.E0));
#14027=DIRECTION('',(1.E0,0.E0,0.E0));
#14028=DIRECTION('',(0.E0,0.E0,1.E0));
#14029=AXIS2_PLACEMENT_3D('',#14026,#14027,#14028);
#14030=PLANE('',#14029);
#14031=ORIENTED_EDGE('',*,*,#12282,.F.);
#14033=ORIENTED_EDGE('',*,*,#14032,.T.);
#14035=ORIENTED_EDGE('',*,*,#14034,.T.);
#14037=ORIENTED_EDGE('',*,*,#14036,.T.);
#14039=ORIENTED_EDGE('',*,*,#14038,.T.);
#14041=ORIENTED_EDGE('',*,*,#14040,.T.);
#14043=ORIENTED_EDGE('',*,*,#14042,.T.);
#14045=ORIENTED_EDGE('',*,*,#14044,.T.);
#14046=EDGE_LOOP('',(#14031,#14033,#14035,#14037,#14039,#14041,#14043,#14045));
#14047=FACE_OUTER_BOUND('',#14046,.F.);
#14048=ADVANCED_FACE('',(#14047),#14030,.F.);
#14049=CARTESIAN_POINT('',(-4.1E-1,-5.6E-1,0.E0));
#14050=DIRECTION('',(1.E0,0.E0,0.E0));
#14051=DIRECTION('',(0.E0,0.E0,1.E0));
#14052=AXIS2_PLACEMENT_3D('',#14049,#14050,#14051);
#14053=PLANE('',#14052);
#14055=ORIENTED_EDGE('',*,*,#14054,.T.);
#14056=ORIENTED_EDGE('',*,*,#10134,.F.);
#14057=ORIENTED_EDGE('',*,*,#9359,.T.);
#14059=ORIENTED_EDGE('',*,*,#14058,.T.);
#14061=ORIENTED_EDGE('',*,*,#14060,.T.);
#14063=ORIENTED_EDGE('',*,*,#14062,.T.);
#14064=EDGE_LOOP('',(#14055,#14056,#14057,#14059,#14061,#14063));
#14065=FACE_OUTER_BOUND('',#14064,.F.);
#14066=ADVANCED_FACE('',(#14065),#14053,.F.);
#14067=CARTESIAN_POINT('',(-4.1E-1,-5.6E-1,0.E0));
#14068=DIRECTION('',(1.E0,0.E0,0.E0));
#14069=DIRECTION('',(0.E0,0.E0,1.E0));
#14070=AXIS2_PLACEMENT_3D('',#14067,#14068,#14069);
#14071=PLANE('',#14070);
#14073=ORIENTED_EDGE('',*,*,#14072,.T.);
#14075=ORIENTED_EDGE('',*,*,#14074,.T.);
#14077=ORIENTED_EDGE('',*,*,#14076,.T.);
#14079=ORIENTED_EDGE('',*,*,#14078,.T.);
#14080=ORIENTED_EDGE('',*,*,#9291,.T.);
#14081=ORIENTED_EDGE('',*,*,#12439,.T.);
#14082=EDGE_LOOP('',(#14073,#14075,#14077,#14079,#14080,#14081));
#14083=FACE_OUTER_BOUND('',#14082,.F.);
#14084=ADVANCED_FACE('',(#14083),#14071,.F.);
#14085=CARTESIAN_POINT('',(-4.1E-1,-3.650724948658E-1,2.021739876779E-1));
#14086=DIRECTION('',(0.E0,9.323667351229E-1,-3.615138603655E-1));
#14087=DIRECTION('',(0.E0,3.615138603655E-1,9.323667351229E-1));
#14088=AXIS2_PLACEMENT_3D('',#14085,#14086,#14087);
#14089=PLANE('',#14088);
#14090=ORIENTED_EDGE('',*,*,#9424,.T.);
#14091=ORIENTED_EDGE('',*,*,#13858,.T.);
#14093=ORIENTED_EDGE('',*,*,#14092,.F.);
#14094=ORIENTED_EDGE('',*,*,#13980,.F.);
#14095=EDGE_LOOP('',(#14090,#14091,#14093,#14094));
#14096=FACE_OUTER_BOUND('',#14095,.F.);
#14097=ADVANCED_FACE('',(#14096),#14089,.T.);
#14098=CARTESIAN_POINT('',(-4.1E-1,-3.E-1,3.7E-1));
#14099=DIRECTION('',(0.E0,3.615138603655E-1,9.323667351229E-1));
#14100=DIRECTION('',(0.E0,-9.323667351229E-1,3.615138603655E-1));
#14101=AXIS2_PLACEMENT_3D('',#14098,#14099,#14100);
#14102=PLANE('',#14101);
#14103=ORIENTED_EDGE('',*,*,#13982,.F.);
#14104=ORIENTED_EDGE('',*,*,#14092,.T.);
#14105=ORIENTED_EDGE('',*,*,#13856,.T.);
#14106=ORIENTED_EDGE('',*,*,#13967,.F.);
#14107=EDGE_LOOP('',(#14103,#14104,#14105,#14106));
#14108=FACE_OUTER_BOUND('',#14107,.F.);
#14109=ADVANCED_FACE('',(#14108),#14102,.T.);
#14110=CARTESIAN_POINT('',(-4.1E-1,-4.2E-1,-3.2E-1));
#14111=DIRECTION('',(1.E0,0.E0,0.E0));
#14112=DIRECTION('',(0.E0,0.E0,1.E0));
#14113=AXIS2_PLACEMENT_3D('',#14110,#14111,#14112);
#14114=CYLINDRICAL_SURFACE('',#14113,9.E-2);
#14115=ORIENTED_EDGE('',*,*,#13994,.F.);
#14116=ORIENTED_EDGE('',*,*,#9499,.T.);
#14117=ORIENTED_EDGE('',*,*,#13873,.T.);
#14119=ORIENTED_EDGE('',*,*,#14118,.F.);
#14120=EDGE_LOOP('',(#14115,#14116,#14117,#14119));
#14121=FACE_OUTER_BOUND('',#14120,.F.);
#14122=ADVANCED_FACE('',(#14121),#14114,.T.);
#14123=CARTESIAN_POINT('',(-4.1E-1,-3.874637525671E-1,-4.039130061611E-1));
#14124=DIRECTION('',(0.E0,3.615138603655E-1,-9.323667351229E-1));
#14125=DIRECTION('',(0.E0,9.323667351229E-1,3.615138603655E-1));
#14126=AXIS2_PLACEMENT_3D('',#14123,#14124,#14125);
#14127=PLANE('',#14126);
#14128=ORIENTED_EDGE('',*,*,#13996,.F.);
#14129=ORIENTED_EDGE('',*,*,#14118,.T.);
#14130=ORIENTED_EDGE('',*,*,#13871,.T.);
#14132=ORIENTED_EDGE('',*,*,#14131,.F.);
#14133=EDGE_LOOP('',(#14128,#14129,#14130,#14132));
#14134=FACE_OUTER_BOUND('',#14133,.F.);
#14135=ADVANCED_FACE('',(#14134),#14127,.T.);
#14136=CARTESIAN_POINT('',(-4.1E-1,-3.E-1,-3.7E-1));
#14137=DIRECTION('',(0.E0,9.323667351229E-1,3.615138603655E-1));
#14138=DIRECTION('',(0.E0,-3.615138603655E-1,9.323667351229E-1));
#14139=AXIS2_PLACEMENT_3D('',#14136,#14137,#14138);
#14140=PLANE('',#14139);
#14141=ORIENTED_EDGE('',*,*,#9495,.F.);
#14142=ORIENTED_EDGE('',*,*,#13998,.F.);
#14143=ORIENTED_EDGE('',*,*,#14131,.T.);
#14144=ORIENTED_EDGE('',*,*,#13869,.T.);
#14145=EDGE_LOOP('',(#14141,#14142,#14143,#14144));
#14146=FACE_OUTER_BOUND('',#14145,.F.);
#14147=ADVANCED_FACE('',(#14146),#14140,.T.);
#14148=CARTESIAN_POINT('',(-4.1E-1,-1.E-1,-9.14E-1));
#14149=DIRECTION('',(1.E0,0.E0,0.E0));
#14150=DIRECTION('',(0.E0,0.E0,1.E0));
#14151=AXIS2_PLACEMENT_3D('',#14148,#14149,#14150);
#14152=CYLINDRICAL_SURFACE('',#14151,3.9E-2);
#14153=ORIENTED_EDGE('',*,*,#12339,.T.);
#14154=ORIENTED_EDGE('',*,*,#13896,.T.);
#14156=ORIENTED_EDGE('',*,*,#14155,.F.);
#14157=ORIENTED_EDGE('',*,*,#14009,.F.);
#14158=EDGE_LOOP('',(#14153,#14154,#14156,#14157));
#14159=FACE_OUTER_BOUND('',#14158,.F.);
#14160=ADVANCED_FACE('',(#14159),#14152,.F.);
#14161=CARTESIAN_POINT('',(-4.1E-1,-6.1E-2,-9.14E-1));
#14162=DIRECTION('',(0.E0,-1.E0,0.E0));
#14163=DIRECTION('',(0.E0,0.E0,-1.E0));
#14164=AXIS2_PLACEMENT_3D('',#14161,#14162,#14163);
#14165=PLANE('',#14164);
#14166=ORIENTED_EDGE('',*,*,#14011,.F.);
#14167=ORIENTED_EDGE('',*,*,#14155,.T.);
#14168=ORIENTED_EDGE('',*,*,#13894,.T.);
#14170=ORIENTED_EDGE('',*,*,#14169,.F.);
#14171=EDGE_LOOP('',(#14166,#14167,#14168,#14170));
#14172=FACE_OUTER_BOUND('',#14171,.F.);
#14173=ADVANCED_FACE('',(#14172),#14165,.T.);
#14174=CARTESIAN_POINT('',(-4.1E-1,-6.1E-2,-1.E0));
#14175=DIRECTION('',(0.E0,0.E0,-1.E0));
#14176=DIRECTION('',(0.E0,1.E0,0.E0));
#14177=AXIS2_PLACEMENT_3D('',#14174,#14175,#14176);
#14178=PLANE('',#14177);
#14179=ORIENTED_EDGE('',*,*,#14013,.F.);
#14180=ORIENTED_EDGE('',*,*,#14169,.T.);
#14181=ORIENTED_EDGE('',*,*,#13892,.T.);
#14183=ORIENTED_EDGE('',*,*,#14182,.F.);
#14184=EDGE_LOOP('',(#14179,#14180,#14181,#14183));
#14185=FACE_OUTER_BOUND('',#14184,.F.);
#14186=ADVANCED_FACE('',(#14185),#14178,.T.);
#14187=CARTESIAN_POINT('',(-4.1E-1,0.E0,-1.E0));
#14188=DIRECTION('',(0.E0,1.E0,0.E0));
#14189=DIRECTION('',(0.E0,0.E0,1.E0));
#14190=AXIS2_PLACEMENT_3D('',#14187,#14188,#14189);
#14191=PLANE('',#14190);
#14192=ORIENTED_EDGE('',*,*,#14015,.F.);
#14193=ORIENTED_EDGE('',*,*,#14182,.T.);
#14194=ORIENTED_EDGE('',*,*,#13890,.T.);
#14196=ORIENTED_EDGE('',*,*,#14195,.F.);
#14197=EDGE_LOOP('',(#14192,#14193,#14194,#14196));
#14198=FACE_OUTER_BOUND('',#14197,.F.);
#14199=ADVANCED_FACE('',(#14198),#14191,.T.);
#14200=CARTESIAN_POINT('',(-4.1E-1,0.E0,-9.85E-1));
#14201=DIRECTION('',(0.E0,7.071067811865E-1,-7.071067811866E-1));
#14202=DIRECTION('',(0.E0,7.071067811866E-1,7.071067811865E-1));
#14203=AXIS2_PLACEMENT_3D('',#14200,#14201,#14202);
#14204=PLANE('',#14203);
#14205=ORIENTED_EDGE('',*,*,#14017,.F.);
#14206=ORIENTED_EDGE('',*,*,#14195,.T.);
#14207=ORIENTED_EDGE('',*,*,#13888,.T.);
#14209=ORIENTED_EDGE('',*,*,#14208,.F.);
#14210=EDGE_LOOP('',(#14205,#14206,#14207,#14209));
#14211=FACE_OUTER_BOUND('',#14210,.F.);
#14212=ADVANCED_FACE('',(#14211),#14204,.T.);
#14213=CARTESIAN_POINT('',(-4.1E-1,2.E-2,-9.65E-1));
#14214=DIRECTION('',(0.E0,1.E0,0.E0));
#14215=DIRECTION('',(0.E0,0.E0,1.E0));
#14216=AXIS2_PLACEMENT_3D('',#14213,#14214,#14215);
#14217=PLANE('',#14216);
#14218=ORIENTED_EDGE('',*,*,#14019,.F.);
#14219=ORIENTED_EDGE('',*,*,#14208,.T.);
#14220=ORIENTED_EDGE('',*,*,#13886,.T.);
#14222=ORIENTED_EDGE('',*,*,#14221,.F.);
#14223=EDGE_LOOP('',(#14218,#14219,#14220,#14222));
#14224=FACE_OUTER_BOUND('',#14223,.F.);
#14225=ADVANCED_FACE('',(#14224),#14217,.T.);
#14226=CARTESIAN_POINT('',(-4.1E-1,-1.E-1,-9.14E-1));
#14227=DIRECTION('',(1.E0,0.E0,0.E0));
#14228=DIRECTION('',(0.E0,0.E0,1.E0));
#14229=AXIS2_PLACEMENT_3D('',#14226,#14227,#14228);
#14230=CYLINDRICAL_SURFACE('',#14229,1.2E-1);
#14231=ORIENTED_EDGE('',*,*,#12335,.F.);
#14232=ORIENTED_EDGE('',*,*,#14021,.F.);
#14233=ORIENTED_EDGE('',*,*,#14221,.T.);
#14234=ORIENTED_EDGE('',*,*,#13884,.T.);
#14235=EDGE_LOOP('',(#14231,#14232,#14233,#14234));
#14236=FACE_OUTER_BOUND('',#14235,.F.);
#14237=ADVANCED_FACE('',(#14236),#14230,.T.);
#14238=CARTESIAN_POINT('',(-4.1E-1,-1.E-1,9.14E-1));
#14239=DIRECTION('',(1.E0,0.E0,0.E0));
#14240=DIRECTION('',(0.E0,0.E0,1.E0));
#14241=AXIS2_PLACEMENT_3D('',#14238,#14239,#14240);
#14242=CYLINDRICAL_SURFACE('',#14241,1.2E-1);
#14243=ORIENTED_EDGE('',*,*,#12288,.T.);
#14244=ORIENTED_EDGE('',*,*,#13919,.T.);
#14246=ORIENTED_EDGE('',*,*,#14245,.F.);
#14247=ORIENTED_EDGE('',*,*,#14032,.F.);
#14248=EDGE_LOOP('',(#14243,#14244,#14246,#14247));
#14249=FACE_OUTER_BOUND('',#14248,.F.);
#14250=ADVANCED_FACE('',(#14249),#14242,.T.);
#14251=CARTESIAN_POINT('',(-4.1E-1,2.E-2,9.14E-1));
#14252=DIRECTION('',(0.E0,1.E0,0.E0));
#14253=DIRECTION('',(0.E0,0.E0,1.E0));
#14254=AXIS2_PLACEMENT_3D('',#14251,#14252,#14253);
#14255=PLANE('',#14254);
#14256=ORIENTED_EDGE('',*,*,#14034,.F.);
#14257=ORIENTED_EDGE('',*,*,#14245,.T.);
#14258=ORIENTED_EDGE('',*,*,#13917,.T.);
#14260=ORIENTED_EDGE('',*,*,#14259,.F.);
#14261=EDGE_LOOP('',(#14256,#14257,#14258,#14260));
#14262=FACE_OUTER_BOUND('',#14261,.F.);
#14263=ADVANCED_FACE('',(#14262),#14255,.T.);
#14264=CARTESIAN_POINT('',(-4.1E-1,2.E-2,9.65E-1));
#14265=DIRECTION('',(0.E0,7.071067811865E-1,7.071067811866E-1));
#14266=DIRECTION('',(0.E0,-7.071067811866E-1,7.071067811865E-1));
#14267=AXIS2_PLACEMENT_3D('',#14264,#14265,#14266);
#14268=PLANE('',#14267);
#14269=ORIENTED_EDGE('',*,*,#14036,.F.);
#14270=ORIENTED_EDGE('',*,*,#14259,.T.);
#14271=ORIENTED_EDGE('',*,*,#13915,.T.);
#14273=ORIENTED_EDGE('',*,*,#14272,.F.);
#14274=EDGE_LOOP('',(#14269,#14270,#14271,#14273));
#14275=FACE_OUTER_BOUND('',#14274,.F.);
#14276=ADVANCED_FACE('',(#14275),#14268,.T.);
#14277=CARTESIAN_POINT('',(-4.1E-1,0.E0,9.85E-1));
#14278=DIRECTION('',(0.E0,1.E0,0.E0));
#14279=DIRECTION('',(0.E0,0.E0,1.E0));
#14280=AXIS2_PLACEMENT_3D('',#14277,#14278,#14279);
#14281=PLANE('',#14280);
#14282=ORIENTED_EDGE('',*,*,#14038,.F.);
#14283=ORIENTED_EDGE('',*,*,#14272,.T.);
#14284=ORIENTED_EDGE('',*,*,#13913,.T.);
#14286=ORIENTED_EDGE('',*,*,#14285,.F.);
#14287=EDGE_LOOP('',(#14282,#14283,#14284,#14286));
#14288=FACE_OUTER_BOUND('',#14287,.F.);
#14289=ADVANCED_FACE('',(#14288),#14281,.T.);
#14290=CARTESIAN_POINT('',(-4.1E-1,0.E0,1.E0));
#14291=DIRECTION('',(0.E0,0.E0,1.E0));
#14292=DIRECTION('',(0.E0,-1.E0,0.E0));
#14293=AXIS2_PLACEMENT_3D('',#14290,#14291,#14292);
#14294=PLANE('',#14293);
#14295=ORIENTED_EDGE('',*,*,#14040,.F.);
#14296=ORIENTED_EDGE('',*,*,#14285,.T.);
#14297=ORIENTED_EDGE('',*,*,#13911,.T.);
#14299=ORIENTED_EDGE('',*,*,#14298,.F.);
#14300=EDGE_LOOP('',(#14295,#14296,#14297,#14299));
#14301=FACE_OUTER_BOUND('',#14300,.F.);
#14302=ADVANCED_FACE('',(#14301),#14294,.T.);
#14303=CARTESIAN_POINT('',(-4.1E-1,-6.1E-2,1.E0));
#14304=DIRECTION('',(0.E0,-1.E0,0.E0));
#14305=DIRECTION('',(0.E0,0.E0,-1.E0));
#14306=AXIS2_PLACEMENT_3D('',#14303,#14304,#14305);
#14307=PLANE('',#14306);
#14308=ORIENTED_EDGE('',*,*,#14042,.F.);
#14309=ORIENTED_EDGE('',*,*,#14298,.T.);
#14310=ORIENTED_EDGE('',*,*,#13909,.T.);
#14312=ORIENTED_EDGE('',*,*,#14311,.F.);
#14313=EDGE_LOOP('',(#14308,#14309,#14310,#14312));
#14314=FACE_OUTER_BOUND('',#14313,.F.);
#14315=ADVANCED_FACE('',(#14314),#14307,.T.);
#14316=CARTESIAN_POINT('',(-4.1E-1,-1.E-1,9.14E-1));
#14317=DIRECTION('',(1.E0,0.E0,0.E0));
#14318=DIRECTION('',(0.E0,0.E0,1.E0));
#14319=AXIS2_PLACEMENT_3D('',#14316,#14317,#14318);
#14320=CYLINDRICAL_SURFACE('',#14319,3.9E-2);
#14321=ORIENTED_EDGE('',*,*,#12284,.F.);
#14322=ORIENTED_EDGE('',*,*,#14044,.F.);
#14323=ORIENTED_EDGE('',*,*,#14311,.T.);
#14324=ORIENTED_EDGE('',*,*,#13907,.T.);
#14325=EDGE_LOOP('',(#14321,#14322,#14323,#14324));
#14326=FACE_OUTER_BOUND('',#14325,.F.);
#14327=ADVANCED_FACE('',(#14326),#14320,.F.);
#14328=CARTESIAN_POINT('',(-4.1E-1,-4.15E-1,-7.4E-1));
#14329=DIRECTION('',(1.E0,0.E0,0.E0));
#14330=DIRECTION('',(0.E0,0.E0,1.E0));
#14331=AXIS2_PLACEMENT_3D('',#14328,#14329,#14330);
#14332=CYLINDRICAL_SURFACE('',#14331,1.35E-1);
#14333=ORIENTED_EDGE('',*,*,#14054,.F.);
#14335=ORIENTED_EDGE('',*,*,#14334,.T.);
#14336=ORIENTED_EDGE('',*,*,#13929,.T.);
#14337=ORIENTED_EDGE('',*,*,#10136,.F.);
#14338=EDGE_LOOP('',(#14333,#14335,#14336,#14337));
#14339=FACE_OUTER_BOUND('',#14338,.F.);
#14340=ADVANCED_FACE('',(#14339),#14332,.T.);
#14341=CARTESIAN_POINT('',(-4.1E-1,-3.75E-1,-6.05E-1));
#14342=DIRECTION('',(0.E0,0.E0,1.E0));
#14343=DIRECTION('',(0.E0,-1.E0,0.E0));
#14344=AXIS2_PLACEMENT_3D('',#14341,#14342,#14343);
#14345=PLANE('',#14344);
#14346=ORIENTED_EDGE('',*,*,#14062,.F.);
#14348=ORIENTED_EDGE('',*,*,#14347,.T.);
#14349=ORIENTED_EDGE('',*,*,#13931,.T.);
#14350=ORIENTED_EDGE('',*,*,#14334,.F.);
#14351=EDGE_LOOP('',(#14346,#14348,#14349,#14350));
#14352=FACE_OUTER_BOUND('',#14351,.F.);
#14353=ADVANCED_FACE('',(#14352),#14345,.T.);
#14354=CARTESIAN_POINT('',(-4.1E-1,-3.55E-1,-6.25E-1));
#14355=DIRECTION('',(0.E0,7.071067811865E-1,7.071067811866E-1));
#14356=DIRECTION('',(0.E0,-7.071067811866E-1,7.071067811865E-1));
#14357=AXIS2_PLACEMENT_3D('',#14354,#14355,#14356);
#14358=PLANE('',#14357);
#14359=ORIENTED_EDGE('',*,*,#14060,.F.);
#14361=ORIENTED_EDGE('',*,*,#14360,.T.);
#14362=ORIENTED_EDGE('',*,*,#13933,.T.);
#14363=ORIENTED_EDGE('',*,*,#14347,.F.);
#14364=EDGE_LOOP('',(#14359,#14361,#14362,#14363));
#14365=FACE_OUTER_BOUND('',#14364,.F.);
#14366=ADVANCED_FACE('',(#14365),#14358,.T.);
#14367=CARTESIAN_POINT('',(-4.1E-1,-1.E-1,-6.25E-1));
#14368=DIRECTION('',(0.E0,0.E0,1.E0));
#14369=DIRECTION('',(0.E0,-1.E0,0.E0));
#14370=AXIS2_PLACEMENT_3D('',#14367,#14368,#14369);
#14371=PLANE('',#14370);
#14372=ORIENTED_EDGE('',*,*,#9357,.T.);
#14373=ORIENTED_EDGE('',*,*,#13935,.T.);
#14374=ORIENTED_EDGE('',*,*,#14360,.F.);
#14375=ORIENTED_EDGE('',*,*,#14058,.F.);
#14376=EDGE_LOOP('',(#14372,#14373,#14374,#14375));
#14377=FACE_OUTER_BOUND('',#14376,.F.);
#14378=ADVANCED_FACE('',(#14377),#14371,.T.);
#14379=CARTESIAN_POINT('',(-4.1E-1,-4.15E-1,7.4E-1));
#14380=DIRECTION('',(1.E0,0.E0,0.E0));
#14381=DIRECTION('',(0.E0,0.E0,1.E0));
#14382=AXIS2_PLACEMENT_3D('',#14379,#14380,#14381);
#14383=CYLINDRICAL_SURFACE('',#14382,1.35E-1);
#14384=ORIENTED_EDGE('',*,*,#14072,.F.);
#14385=ORIENTED_EDGE('',*,*,#12437,.T.);
#14386=ORIENTED_EDGE('',*,*,#13947,.T.);
#14388=ORIENTED_EDGE('',*,*,#14387,.F.);
#14389=EDGE_LOOP('',(#14384,#14385,#14386,#14388));
#14390=FACE_OUTER_BOUND('',#14389,.F.);
#14391=ADVANCED_FACE('',(#14390),#14383,.T.);
#14392=CARTESIAN_POINT('',(-4.1E-1,-4.15E-1,6.05E-1));
#14393=DIRECTION('',(0.E0,0.E0,-1.E0));
#14394=DIRECTION('',(0.E0,1.E0,0.E0));
#14395=AXIS2_PLACEMENT_3D('',#14392,#14393,#14394);
#14396=PLANE('',#14395);
#14397=ORIENTED_EDGE('',*,*,#14074,.F.);
#14398=ORIENTED_EDGE('',*,*,#14387,.T.);
#14399=ORIENTED_EDGE('',*,*,#13955,.T.);
#14401=ORIENTED_EDGE('',*,*,#14400,.F.);
#14402=EDGE_LOOP('',(#14397,#14398,#14399,#14401));
#14403=FACE_OUTER_BOUND('',#14402,.F.);
#14404=ADVANCED_FACE('',(#14403),#14396,.T.);
#14405=CARTESIAN_POINT('',(-4.1E-1,-3.75E-1,6.05E-1));
#14406=DIRECTION('',(0.E0,7.071067811865E-1,-7.071067811865E-1));
#14407=DIRECTION('',(0.E0,7.071067811865E-1,7.071067811865E-1));
#14408=AXIS2_PLACEMENT_3D('',#14405,#14406,#14407);
#14409=PLANE('',#14408);
#14410=ORIENTED_EDGE('',*,*,#14076,.F.);
#14411=ORIENTED_EDGE('',*,*,#14400,.T.);
#14412=ORIENTED_EDGE('',*,*,#13953,.T.);
#14414=ORIENTED_EDGE('',*,*,#14413,.F.);
#14415=EDGE_LOOP('',(#14410,#14411,#14412,#14414));
#14416=FACE_OUTER_BOUND('',#14415,.F.);
#14417=ADVANCED_FACE('',(#14416),#14409,.T.);
#14418=CARTESIAN_POINT('',(-4.1E-1,-3.55E-1,6.25E-1));
#14419=DIRECTION('',(0.E0,0.E0,-1.E0));
#14420=DIRECTION('',(0.E0,1.E0,0.E0));
#14421=AXIS2_PLACEMENT_3D('',#14418,#14419,#14420);
#14422=PLANE('',#14421);
#14423=ORIENTED_EDGE('',*,*,#9293,.F.);
#14424=ORIENTED_EDGE('',*,*,#14078,.F.);
#14425=ORIENTED_EDGE('',*,*,#14413,.T.);
#14426=ORIENTED_EDGE('',*,*,#13951,.T.);
#14427=EDGE_LOOP('',(#14423,#14424,#14425,#14426));
#14428=FACE_OUTER_BOUND('',#14427,.F.);
#14429=ADVANCED_FACE('',(#14428),#14422,.T.);
#14430=CARTESIAN_POINT('',(-8.1E-1,-3.8E-1,6.3E-1));
#14431=DIRECTION('',(1.E0,0.E0,0.E0));
#14432=DIRECTION('',(0.E0,-1.E0,0.E0));
#14433=AXIS2_PLACEMENT_3D('',#14430,#14431,#14432);
#14434=PLANE('',#14433);
#14435=ORIENTED_EDGE('',*,*,#10267,.T.);
#14436=ORIENTED_EDGE('',*,*,#12443,.T.);
#14437=ORIENTED_EDGE('',*,*,#9220,.T.);
#14438=ORIENTED_EDGE('',*,*,#8147,.T.);
#14439=EDGE_LOOP('',(#14435,#14436,#14437,#14438));
#14440=FACE_OUTER_BOUND('',#14439,.F.);
#14441=ADVANCED_FACE('',(#14440),#14434,.F.);
#14442=CARTESIAN_POINT('',(5.9E-1,0.E0,-1.E0));
#14443=DIRECTION('',(-1.E0,0.E0,0.E0));
#14444=DIRECTION('',(0.E0,0.E0,1.E0));
#14445=AXIS2_PLACEMENT_3D('',#14442,#14443,#14444);
#14446=PLANE('',#14445);
#14447=ORIENTED_EDGE('',*,*,#12299,.F.);
#14448=ORIENTED_EDGE('',*,*,#12009,.F.);
#14449=ORIENTED_EDGE('',*,*,#9551,.T.);
#14450=ORIENTED_EDGE('',*,*,#10169,.F.);
#14451=ORIENTED_EDGE('',*,*,#10224,.T.);
#14452=ORIENTED_EDGE('',*,*,#10526,.F.);
#14453=EDGE_LOOP('',(#14447,#14448,#14449,#14450,#14451,#14452));
#14454=FACE_OUTER_BOUND('',#14453,.F.);
#14455=ADVANCED_FACE('',(#14454),#14446,.F.);
#14456=CARTESIAN_POINT('',(5.5E-1,0.E0,-7.6E-1));
#14457=DIRECTION('',(1.E0,0.E0,0.E0));
#14458=DIRECTION('',(0.E0,0.E0,-1.E0));
#14459=AXIS2_PLACEMENT_3D('',#14456,#14457,#14458);
#14460=PLANE('',#14459);
#14461=ORIENTED_EDGE('',*,*,#7548,.F.);
#14463=ORIENTED_EDGE('',*,*,#14462,.T.);
#14464=ORIENTED_EDGE('',*,*,#12302,.T.);
#14465=ORIENTED_EDGE('',*,*,#10522,.F.);
#14466=EDGE_LOOP('',(#14461,#14463,#14464,#14465));
#14467=FACE_OUTER_BOUND('',#14466,.F.);
#14468=ADVANCED_FACE('',(#14467),#14460,.F.);
#14469=CARTESIAN_POINT('',(-5.5E-1,0.E0,-7.6E-1));
#14470=DIRECTION('',(0.E0,0.E0,1.E0));
#14471=DIRECTION('',(1.E0,0.E0,0.E0));
#14472=AXIS2_PLACEMENT_3D('',#14469,#14470,#14471);
#14473=PLANE('',#14472);
#14474=ORIENTED_EDGE('',*,*,#7546,.F.);
#14476=ORIENTED_EDGE('',*,*,#14475,.T.);
#14477=ORIENTED_EDGE('',*,*,#12304,.T.);
#14478=ORIENTED_EDGE('',*,*,#14462,.F.);
#14479=EDGE_LOOP('',(#14474,#14476,#14477,#14478));
#14480=FACE_OUTER_BOUND('',#14479,.F.);
#14481=ADVANCED_FACE('',(#14480),#14473,.F.);
#14482=CARTESIAN_POINT('',(-5.5E-1,0.E0,-8.8E-1));
#14483=DIRECTION('',(-1.E0,0.E0,0.E0));
#14484=DIRECTION('',(0.E0,0.E0,1.E0));
#14485=AXIS2_PLACEMENT_3D('',#14482,#14483,#14484);
#14486=PLANE('',#14485);
#14487=ORIENTED_EDGE('',*,*,#7544,.F.);
#14488=ORIENTED_EDGE('',*,*,#8948,.T.);
#14489=ORIENTED_EDGE('',*,*,#12306,.T.);
#14490=ORIENTED_EDGE('',*,*,#14475,.F.);
#14491=EDGE_LOOP('',(#14487,#14488,#14489,#14490));
#14492=FACE_OUTER_BOUND('',#14491,.F.);
#14493=ADVANCED_FACE('',(#14492),#14486,.F.);
#14494=CARTESIAN_POINT('',(-5.9E-1,0.E0,-8.8E-1));
#14495=DIRECTION('',(1.E0,0.E0,0.E0));
#14496=DIRECTION('',(0.E0,0.E0,-1.E0));
#14497=AXIS2_PLACEMENT_3D('',#14494,#14495,#14496);
#14498=PLANE('',#14497);
#14499=ORIENTED_EDGE('',*,*,#12309,.F.);
#14500=ORIENTED_EDGE('',*,*,#8944,.T.);
#14501=ORIENTED_EDGE('',*,*,#10282,.T.);
#14502=ORIENTED_EDGE('',*,*,#10172,.T.);
#14503=ORIENTED_EDGE('',*,*,#9555,.T.);
#14504=ORIENTED_EDGE('',*,*,#12006,.F.);
#14505=EDGE_LOOP('',(#14499,#14500,#14501,#14502,#14503,#14504));
#14506=FACE_OUTER_BOUND('',#14505,.F.);
#14507=ADVANCED_FACE('',(#14506),#14498,.F.);
#14508=CARTESIAN_POINT('',(-1.63E0,-5.E-2,-1.E0));
#14509=DIRECTION('',(-7.071067811865E-1,7.071067811865E-1,0.E0));
#14510=DIRECTION('',(7.071067811865E-1,7.071067811865E-1,0.E0));
#14511=AXIS2_PLACEMENT_3D('',#14508,#14509,#14510);
#14512=PLANE('',#14511);
#14514=ORIENTED_EDGE('',*,*,#14513,.F.);
#14515=ORIENTED_EDGE('',*,*,#11964,.T.);
#14516=ORIENTED_EDGE('',*,*,#7534,.T.);
#14517=ORIENTED_EDGE('',*,*,#11862,.F.);
#14518=EDGE_LOOP('',(#14514,#14515,#14516,#14517));
#14519=FACE_OUTER_BOUND('',#14518,.F.);
#14520=ADVANCED_FACE('',(#14519),#14512,.T.);
#14521=CARTESIAN_POINT('',(-1.75E0,-5.E-2,-1.E0));
#14522=DIRECTION('',(0.E0,1.E0,0.E0));
#14523=DIRECTION('',(1.E0,0.E0,0.E0));
#14524=AXIS2_PLACEMENT_3D('',#14521,#14522,#14523);
#14525=PLANE('',#14524);
#14526=ORIENTED_EDGE('',*,*,#14513,.T.);
#14527=ORIENTED_EDGE('',*,*,#11860,.F.);
#14528=ORIENTED_EDGE('',*,*,#11892,.F.);
#14529=ORIENTED_EDGE('',*,*,#11966,.T.);
#14530=EDGE_LOOP('',(#14526,#14527,#14528,#14529));
#14531=FACE_OUTER_BOUND('',#14530,.F.);
#14532=ADVANCED_FACE('',(#14531),#14525,.T.);
#14533=CARTESIAN_POINT('',(-1.75E0,0.E0,6.15E-1));
#14534=DIRECTION('',(0.E0,0.E0,1.E0));
#14535=DIRECTION('',(1.E0,0.E0,0.E0));
#14536=AXIS2_PLACEMENT_3D('',#14533,#14534,#14535);
#14537=PLANE('',#14536);
#14538=ORIENTED_EDGE('',*,*,#11213,.F.);
#14539=ORIENTED_EDGE('',*,*,#11797,.F.);
#14540=ORIENTED_EDGE('',*,*,#7520,.F.);
#14542=ORIENTED_EDGE('',*,*,#14541,.F.);
#14544=ORIENTED_EDGE('',*,*,#14543,.F.);
#14545=ORIENTED_EDGE('',*,*,#11904,.F.);
#14546=ORIENTED_EDGE('',*,*,#9719,.T.);
#14547=ORIENTED_EDGE('',*,*,#11265,.T.);
#14548=EDGE_LOOP('',(#14538,#14539,#14540,#14542,#14544,#14545,#14546,#14547));
#14549=FACE_OUTER_BOUND('',#14548,.F.);
#14550=ADVANCED_FACE('',(#14549),#14537,.F.);
#14551=CARTESIAN_POINT('',(-1.63E0,-5.E-2,1.E0));
#14552=DIRECTION('',(7.071067811865E-1,-7.071067811865E-1,0.E0));
#14553=DIRECTION('',(7.071067811865E-1,7.071067811865E-1,0.E0));
#14554=AXIS2_PLACEMENT_3D('',#14551,#14552,#14553);
#14555=PLANE('',#14554);
#14556=ORIENTED_EDGE('',*,*,#7518,.F.);
#14558=ORIENTED_EDGE('',*,*,#14557,.T.);
#14560=ORIENTED_EDGE('',*,*,#14559,.T.);
#14561=ORIENTED_EDGE('',*,*,#14541,.T.);
#14562=EDGE_LOOP('',(#14556,#14558,#14560,#14561));
#14563=FACE_OUTER_BOUND('',#14562,.F.);
#14564=ADVANCED_FACE('',(#14563),#14555,.F.);
#14565=CARTESIAN_POINT('',(-1.55E0,7.03944E-1,8.E-1));
#14566=DIRECTION('',(0.E0,-1.E0,0.E0));
#14567=DIRECTION('',(0.E0,0.E0,1.E0));
#14568=AXIS2_PLACEMENT_3D('',#14565,#14566,#14567);
#14569=CYLINDRICAL_SURFACE('',#14568,2.E-1);
#14570=ORIENTED_EDGE('',*,*,#9723,.T.);
#14571=ORIENTED_EDGE('',*,*,#11908,.F.);
#14573=ORIENTED_EDGE('',*,*,#14572,.F.);
#14574=ORIENTED_EDGE('',*,*,#14557,.F.);
#14575=ORIENTED_EDGE('',*,*,#7516,.T.);
#14576=ORIENTED_EDGE('',*,*,#9600,.T.);
#14577=EDGE_LOOP('',(#14570,#14571,#14573,#14574,#14575,#14576));
#14578=FACE_OUTER_BOUND('',#14577,.F.);
#14579=ADVANCED_FACE('',(#14578),#14569,.T.);
#14580=CARTESIAN_POINT('',(-1.75E0,-5.E-2,1.E0));
#14581=DIRECTION('',(0.E0,-1.E0,0.E0));
#14582=DIRECTION('',(1.E0,0.E0,0.E0));
#14583=AXIS2_PLACEMENT_3D('',#14580,#14581,#14582);
#14584=PLANE('',#14583);
#14585=ORIENTED_EDGE('',*,*,#11906,.T.);
#14586=ORIENTED_EDGE('',*,*,#14543,.T.);
#14587=ORIENTED_EDGE('',*,*,#14559,.F.);
#14588=ORIENTED_EDGE('',*,*,#14572,.T.);
#14589=EDGE_LOOP('',(#14585,#14586,#14587,#14588));
#14590=FACE_OUTER_BOUND('',#14589,.F.);
#14591=ADVANCED_FACE('',(#14590),#14584,.F.);
#14592=CARTESIAN_POINT('',(-1.155E0,-6.E-2,8.8E-1));
#14593=DIRECTION('',(-1.E0,0.E0,0.E0));
#14594=DIRECTION('',(0.E0,-1.E0,0.E0));
#14595=AXIS2_PLACEMENT_3D('',#14592,#14593,#14594);
#14596=PLANE('',#14595);
#14597=ORIENTED_EDGE('',*,*,#11657,.F.);
#14599=ORIENTED_EDGE('',*,*,#14598,.T.);
#14600=ORIENTED_EDGE('',*,*,#9922,.T.);
#14601=ORIENTED_EDGE('',*,*,#11750,.F.);
#14602=EDGE_LOOP('',(#14597,#14599,#14600,#14601));
#14603=FACE_OUTER_BOUND('',#14602,.F.);
#14604=ADVANCED_FACE('',(#14603),#14596,.T.);
#14605=CARTESIAN_POINT('',(-6.8E-1,-6.E-2,8.8E-1));
#14606=DIRECTION('',(0.E0,1.E0,0.E0));
#14607=DIRECTION('',(-1.E0,0.E0,0.E0));
#14608=AXIS2_PLACEMENT_3D('',#14605,#14606,#14607);
#14609=PLANE('',#14608);
#14610=ORIENTED_EDGE('',*,*,#11655,.F.);
#14612=ORIENTED_EDGE('',*,*,#14611,.T.);
#14613=ORIENTED_EDGE('',*,*,#9924,.T.);
#14614=ORIENTED_EDGE('',*,*,#14598,.F.);
#14615=EDGE_LOOP('',(#14610,#14612,#14613,#14614));
#14616=FACE_OUTER_BOUND('',#14615,.F.);
#14617=ADVANCED_FACE('',(#14616),#14609,.T.);
#14618=CARTESIAN_POINT('',(-6.3E-1,-1.6E-1,8.8E-1));
#14619=DIRECTION('',(8.944271909999E-1,4.472135955E-1,0.E0));
#14620=DIRECTION('',(-4.472135955E-1,8.944271909999E-1,0.E0));
#14621=AXIS2_PLACEMENT_3D('',#14618,#14619,#14620);
#14622=PLANE('',#14621);
#14623=ORIENTED_EDGE('',*,*,#11653,.F.);
#14624=ORIENTED_EDGE('',*,*,#10021,.T.);
#14625=ORIENTED_EDGE('',*,*,#9926,.T.);
#14626=ORIENTED_EDGE('',*,*,#14611,.F.);
#14627=EDGE_LOOP('',(#14623,#14624,#14625,#14626));
#14628=FACE_OUTER_BOUND('',#14627,.F.);
#14629=ADVANCED_FACE('',(#14628),#14622,.T.);
#14630=CARTESIAN_POINT('',(-1.47E0,-1.547144232967E0,-8.3E-1));
#14631=DIRECTION('',(0.E0,1.E0,0.E0));
#14632=DIRECTION('',(0.E0,0.E0,-1.E0));
#14633=AXIS2_PLACEMENT_3D('',#14630,#14631,#14632);
#14634=CYLINDRICAL_SURFACE('',#14633,1.2E-1);
#14635=ORIENTED_EDGE('',*,*,#11761,.T.);
#14636=ORIENTED_EDGE('',*,*,#11237,.F.);
#14637=ORIENTED_EDGE('',*,*,#11311,.T.);
#14638=ORIENTED_EDGE('',*,*,#8644,.T.);
#14639=EDGE_LOOP('',(#14635,#14636,#14637,#14638));
#14640=FACE_OUTER_BOUND('',#14639,.F.);
#14641=ADVANCED_FACE('',(#14640),#14634,.T.);
#14642=CARTESIAN_POINT('',(-1.155E0,-6.E-2,-8.8E-1));
#14643=DIRECTION('',(1.E0,0.E0,0.E0));
#14644=DIRECTION('',(0.E0,-1.E0,0.E0));
#14645=AXIS2_PLACEMENT_3D('',#14642,#14643,#14644);
#14646=PLANE('',#14645);
#14648=ORIENTED_EDGE('',*,*,#14647,.F.);
#14649=ORIENTED_EDGE('',*,*,#8934,.T.);
#14650=ORIENTED_EDGE('',*,*,#11764,.T.);
#14651=ORIENTED_EDGE('',*,*,#8640,.F.);
#14652=EDGE_LOOP('',(#14648,#14649,#14650,#14651));
#14653=FACE_OUTER_BOUND('',#14652,.F.);
#14654=ADVANCED_FACE('',(#14653),#14646,.F.);
#14655=CARTESIAN_POINT('',(-6.8E-1,-6.E-2,-8.8E-1));
#14656=DIRECTION('',(0.E0,-1.E0,0.E0));
#14657=DIRECTION('',(-1.E0,0.E0,0.E0));
#14658=AXIS2_PLACEMENT_3D('',#14655,#14656,#14657);
#14659=PLANE('',#14658);
#14661=ORIENTED_EDGE('',*,*,#14660,.F.);
#14662=ORIENTED_EDGE('',*,*,#8936,.T.);
#14663=ORIENTED_EDGE('',*,*,#14647,.T.);
#14664=ORIENTED_EDGE('',*,*,#8638,.F.);
#14665=EDGE_LOOP('',(#14661,#14662,#14663,#14664));
#14666=FACE_OUTER_BOUND('',#14665,.F.);
#14667=ADVANCED_FACE('',(#14666),#14659,.F.);
#14668=CARTESIAN_POINT('',(-6.3E-1,-1.6E-1,-8.8E-1));
#14669=DIRECTION('',(-8.944271909999E-1,-4.472135955E-1,0.E0));
#14670=DIRECTION('',(-4.472135955E-1,8.944271909999E-1,0.E0));
#14671=AXIS2_PLACEMENT_3D('',#14668,#14669,#14670);
#14672=PLANE('',#14671);
#14673=ORIENTED_EDGE('',*,*,#10008,.F.);
#14674=ORIENTED_EDGE('',*,*,#8938,.T.);
#14675=ORIENTED_EDGE('',*,*,#14660,.T.);
#14676=ORIENTED_EDGE('',*,*,#8636,.F.);
#14677=EDGE_LOOP('',(#14673,#14674,#14675,#14676));
#14678=FACE_OUTER_BOUND('',#14677,.F.);
#14679=ADVANCED_FACE('',(#14678),#14672,.F.);
#14680=CARTESIAN_POINT('',(-1.235E0,0.E0,8.8E-1));
#14681=DIRECTION('',(-1.E0,0.E0,0.E0));
#14682=DIRECTION('',(0.E0,0.E0,1.E0));
#14683=AXIS2_PLACEMENT_3D('',#14680,#14681,#14682);
#14684=PLANE('',#14683);
#14685=ORIENTED_EDGE('',*,*,#9726,.T.);
#14686=ORIENTED_EDGE('',*,*,#9603,.T.);
#14687=ORIENTED_EDGE('',*,*,#7512,.T.);
#14688=ORIENTED_EDGE('',*,*,#11643,.T.);
#14689=EDGE_LOOP('',(#14685,#14686,#14687,#14688));
#14690=FACE_OUTER_BOUND('',#14689,.F.);
#14691=ADVANCED_FACE('',(#14690),#14684,.F.);
#14692=CARTESIAN_POINT('',(-1.47E0,-5.4E-1,-5.9E-1));
#14693=DIRECTION('',(0.E0,0.E0,1.E0));
#14694=DIRECTION('',(-1.E0,0.E0,0.E0));
#14695=AXIS2_PLACEMENT_3D('',#14692,#14693,#14694);
#14696=CYLINDRICAL_SURFACE('',#14695,1.2E-1);
#14698=ORIENTED_EDGE('',*,*,#14697,.F.);
#14699=ORIENTED_EDGE('',*,*,#9797,.F.);
#14700=ORIENTED_EDGE('',*,*,#11232,.F.);
#14701=ORIENTED_EDGE('',*,*,#8515,.T.);
#14702=EDGE_LOOP('',(#14698,#14699,#14700,#14701));
#14703=FACE_OUTER_BOUND('',#14702,.F.);
#14704=ADVANCED_FACE('',(#14703),#14696,.T.);
#14705=CARTESIAN_POINT('',(-1.421191602831E0,-6.496254549171E-1,-5.9E-1));
#14706=DIRECTION('',(4.067366430758E-1,-9.135454576426E-1,0.E0));
#14707=DIRECTION('',(9.135454576426E-1,4.067366430758E-1,0.E0));
#14708=AXIS2_PLACEMENT_3D('',#14705,#14706,#14707);
#14709=PLANE('',#14708);
#14711=ORIENTED_EDGE('',*,*,#14710,.F.);
#14713=ORIENTED_EDGE('',*,*,#14712,.F.);
#14714=ORIENTED_EDGE('',*,*,#14697,.T.);
#14715=ORIENTED_EDGE('',*,*,#9113,.F.);
#14716=EDGE_LOOP('',(#14711,#14713,#14714,#14715));
#14717=FACE_OUTER_BOUND('',#14716,.F.);
#14718=ADVANCED_FACE('',(#14717),#14709,.T.);
#14719=CARTESIAN_POINT('',(-1.33E0,-4.776679840568E-1,-5.9E-1));
#14720=DIRECTION('',(0.E0,0.E0,1.E0));
#14721=DIRECTION('',(-1.E0,0.E0,0.E0));
#14722=AXIS2_PLACEMENT_3D('',#14719,#14720,#14721);
#14723=CYLINDRICAL_SURFACE('',#14722,1.2E-1);
#14724=ORIENTED_EDGE('',*,*,#8311,.F.);
#14726=ORIENTED_EDGE('',*,*,#14725,.F.);
#14727=ORIENTED_EDGE('',*,*,#14710,.T.);
#14728=ORIENTED_EDGE('',*,*,#9111,.F.);
#14729=ORIENTED_EDGE('',*,*,#8393,.T.);
#14731=ORIENTED_EDGE('',*,*,#14730,.F.);
#14732=EDGE_LOOP('',(#14724,#14726,#14727,#14728,#14729,#14731));
#14733=FACE_OUTER_BOUND('',#14732,.F.);
#14734=ADVANCED_FACE('',(#14733),#14723,.T.);
#14735=CARTESIAN_POINT('',(-1.343691602831E0,-5.543313689566E-1,-6.7E-1));
#14736=DIRECTION('',(7.182402227892E-1,0.E0,-6.957952158270E-1));
#14737=DIRECTION('',(6.957952158270E-1,0.E0,7.182402227892E-1));
#14738=AXIS2_PLACEMENT_3D('',#14735,#14736,#14737);
#14739=PLANE('',#14738);
#14740=ORIENTED_EDGE('',*,*,#8309,.F.);
#14742=ORIENTED_EDGE('',*,*,#14741,.T.);
#14743=ORIENTED_EDGE('',*,*,#9139,.T.);
#14744=ORIENTED_EDGE('',*,*,#9787,.T.);
#14745=ORIENTED_EDGE('',*,*,#14712,.T.);
#14746=ORIENTED_EDGE('',*,*,#14725,.T.);
#14747=EDGE_LOOP('',(#14740,#14742,#14743,#14744,#14745,#14746));
#14748=FACE_OUTER_BOUND('',#14747,.F.);
#14749=ADVANCED_FACE('',(#14748),#14739,.T.);
#14750=CARTESIAN_POINT('',(-1.37E0,-5.065E-1,0.E0));
#14751=DIRECTION('',(4.078321004042E-1,-9.130569412035E-1,0.E0));
#14752=DIRECTION('',(-9.130569412035E-1,-4.078321004042E-1,0.E0));
#14753=AXIS2_PLACEMENT_3D('',#14750,#14751,#14752);
#14754=PLANE('',#14753);
#14755=ORIENTED_EDGE('',*,*,#8319,.T.);
#14756=ORIENTED_EDGE('',*,*,#9076,.T.);
#14757=ORIENTED_EDGE('',*,*,#14741,.F.);
#14758=EDGE_LOOP('',(#14755,#14756,#14757));
#14759=FACE_OUTER_BOUND('',#14758,.F.);
#14760=ADVANCED_FACE('',(#14759),#14754,.F.);
#14761=CARTESIAN_POINT('',(-1.21E0,-4.776679840568E-1,-5.9E-1));
#14762=DIRECTION('',(1.E0,0.E0,0.E0));
#14763=DIRECTION('',(0.E0,1.E0,0.E0));
#14764=AXIS2_PLACEMENT_3D('',#14761,#14762,#14763);
#14765=PLANE('',#14764);
#14767=ORIENTED_EDGE('',*,*,#14766,.T.);
#14768=ORIENTED_EDGE('',*,*,#9275,.F.);
#14769=ORIENTED_EDGE('',*,*,#8313,.F.);
#14770=ORIENTED_EDGE('',*,*,#14730,.T.);
#14771=ORIENTED_EDGE('',*,*,#8391,.T.);
#14772=ORIENTED_EDGE('',*,*,#9283,.F.);
#14774=ORIENTED_EDGE('',*,*,#14773,.F.);
#14776=ORIENTED_EDGE('',*,*,#14775,.F.);
#14777=EDGE_LOOP('',(#14767,#14768,#14769,#14770,#14771,#14772,#14774,#14776));
#14778=FACE_OUTER_BOUND('',#14777,.F.);
#14779=ADVANCED_FACE('',(#14778),#14765,.T.);
#14780=CARTESIAN_POINT('',(0.E0,0.E0,-1.9E-1));
#14781=DIRECTION('',(0.E0,0.E0,1.E0));
#14782=DIRECTION('',(1.E0,0.E0,0.E0));
#14783=AXIS2_PLACEMENT_3D('',#14780,#14781,#14782);
#14784=PLANE('',#14783);
#14786=ORIENTED_EDGE('',*,*,#14785,.T.);
#14787=ORIENTED_EDGE('',*,*,#9327,.F.);
#14789=ORIENTED_EDGE('',*,*,#14788,.T.);
#14791=ORIENTED_EDGE('',*,*,#14790,.T.);
#14793=ORIENTED_EDGE('',*,*,#14792,.T.);
#14794=EDGE_LOOP('',(#14786,#14787,#14789,#14791,#14793));
#14795=FACE_OUTER_BOUND('',#14794,.F.);
#14796=ADVANCED_FACE('',(#14795),#14784,.F.);
#14797=CARTESIAN_POINT('',(0.E0,0.E0,-1.9E-1));
#14798=DIRECTION('',(0.E0,0.E0,1.E0));
#14799=DIRECTION('',(1.E0,0.E0,0.E0));
#14800=AXIS2_PLACEMENT_3D('',#14797,#14798,#14799);
#14801=PLANE('',#14800);
#14803=ORIENTED_EDGE('',*,*,#14802,.T.);
#14805=ORIENTED_EDGE('',*,*,#14804,.T.);
#14807=ORIENTED_EDGE('',*,*,#14806,.T.);
#14808=ORIENTED_EDGE('',*,*,#9277,.F.);
#14809=ORIENTED_EDGE('',*,*,#14766,.F.);
#14810=EDGE_LOOP('',(#14803,#14805,#14807,#14808,#14809));
#14811=FACE_OUTER_BOUND('',#14810,.F.);
#14812=ADVANCED_FACE('',(#14811),#14801,.F.);
#14813=CARTESIAN_POINT('',(1.21E0,-1.3E-1,-5.9E-1));
#14814=DIRECTION('',(-1.E0,0.E0,0.E0));
#14815=DIRECTION('',(0.E0,-1.E0,0.E0));
#14816=AXIS2_PLACEMENT_3D('',#14813,#14814,#14815);
#14817=PLANE('',#14816);
#14818=ORIENTED_EDGE('',*,*,#14785,.F.);
#14820=ORIENTED_EDGE('',*,*,#14819,.T.);
#14822=ORIENTED_EDGE('',*,*,#14821,.T.);
#14823=ORIENTED_EDGE('',*,*,#9321,.T.);
#14824=ORIENTED_EDGE('',*,*,#8368,.T.);
#14825=ORIENTED_EDGE('',*,*,#8355,.F.);
#14826=ORIENTED_EDGE('',*,*,#8297,.F.);
#14827=ORIENTED_EDGE('',*,*,#9329,.T.);
#14828=EDGE_LOOP('',(#14818,#14820,#14822,#14823,#14824,#14825,#14826,#14827));
#14829=FACE_OUTER_BOUND('',#14828,.F.);
#14830=ADVANCED_FACE('',(#14829),#14817,.T.);
#14831=CARTESIAN_POINT('',(1.19E0,-3.3E-1,-1.9E-1));
#14832=DIRECTION('',(0.E0,-1.E0,0.E0));
#14833=DIRECTION('',(1.E0,0.E0,0.E0));
#14834=AXIS2_PLACEMENT_3D('',#14831,#14832,#14833);
#14835=PLANE('',#14834);
#14836=ORIENTED_EDGE('',*,*,#14819,.F.);
#14837=ORIENTED_EDGE('',*,*,#14792,.F.);
#14839=ORIENTED_EDGE('',*,*,#14838,.T.);
#14841=ORIENTED_EDGE('',*,*,#14840,.T.);
#14842=EDGE_LOOP('',(#14836,#14837,#14839,#14841));
#14843=FACE_OUTER_BOUND('',#14842,.F.);
#14844=ADVANCED_FACE('',(#14843),#14835,.T.);
#14845=CARTESIAN_POINT('',(1.19E0,-1.6E-1,-1.9E-1));
#14846=DIRECTION('',(-1.E0,0.E0,0.E0));
#14847=DIRECTION('',(0.E0,-1.E0,0.E0));
#14848=AXIS2_PLACEMENT_3D('',#14845,#14846,#14847);
#14849=PLANE('',#14848);
#14850=ORIENTED_EDGE('',*,*,#14790,.F.);
#14852=ORIENTED_EDGE('',*,*,#14851,.T.);
#14854=ORIENTED_EDGE('',*,*,#14853,.T.);
#14855=ORIENTED_EDGE('',*,*,#14838,.F.);
#14856=EDGE_LOOP('',(#14850,#14852,#14854,#14855));
#14857=FACE_OUTER_BOUND('',#14856,.F.);
#14858=ADVANCED_FACE('',(#14857),#14849,.T.);
#14859=CARTESIAN_POINT('',(1.16E0,-1.3E-1,-1.9E-1));
#14860=DIRECTION('',(-7.071067811866E-1,-7.071067811865E-1,0.E0));
#14861=DIRECTION('',(7.071067811865E-1,-7.071067811866E-1,0.E0));
#14862=AXIS2_PLACEMENT_3D('',#14859,#14860,#14861);
#14863=PLANE('',#14862);
#14864=ORIENTED_EDGE('',*,*,#9325,.T.);
#14866=ORIENTED_EDGE('',*,*,#14865,.T.);
#14867=ORIENTED_EDGE('',*,*,#14851,.F.);
#14868=ORIENTED_EDGE('',*,*,#14788,.F.);
#14869=EDGE_LOOP('',(#14864,#14866,#14867,#14868));
#14870=FACE_OUTER_BOUND('',#14869,.F.);
#14871=ADVANCED_FACE('',(#14870),#14863,.T.);
#14872=CARTESIAN_POINT('',(0.E0,0.E0,1.9E-1));
#14873=DIRECTION('',(0.E0,0.E0,1.E0));
#14874=DIRECTION('',(1.E0,0.E0,0.E0));
#14875=AXIS2_PLACEMENT_3D('',#14872,#14873,#14874);
#14876=PLANE('',#14875);
#14877=ORIENTED_EDGE('',*,*,#14821,.F.);
#14878=ORIENTED_EDGE('',*,*,#14840,.F.);
#14879=ORIENTED_EDGE('',*,*,#14853,.F.);
#14880=ORIENTED_EDGE('',*,*,#14865,.F.);
#14881=ORIENTED_EDGE('',*,*,#9323,.T.);
#14882=EDGE_LOOP('',(#14877,#14878,#14879,#14880,#14881));
#14883=FACE_OUTER_BOUND('',#14882,.F.);
#14884=ADVANCED_FACE('',(#14883),#14876,.T.);
#14885=CARTESIAN_POINT('',(0.E0,0.E0,1.9E-1));
#14886=DIRECTION('',(0.E0,0.E0,1.E0));
#14887=DIRECTION('',(1.E0,0.E0,0.E0));
#14888=AXIS2_PLACEMENT_3D('',#14885,#14886,#14887);
#14889=PLANE('',#14888);
#14891=ORIENTED_EDGE('',*,*,#14890,.F.);
#14892=ORIENTED_EDGE('',*,*,#14773,.T.);
#14893=ORIENTED_EDGE('',*,*,#9281,.T.);
#14895=ORIENTED_EDGE('',*,*,#14894,.F.);
#14897=ORIENTED_EDGE('',*,*,#14896,.F.);
#14898=EDGE_LOOP('',(#14891,#14892,#14893,#14895,#14897));
#14899=FACE_OUTER_BOUND('',#14898,.F.);
#14900=ADVANCED_FACE('',(#14899),#14889,.T.);
#14901=CARTESIAN_POINT('',(-1.295E0,-3.3E-1,-1.9E-1));
#14902=DIRECTION('',(0.E0,-1.E0,0.E0));
#14903=DIRECTION('',(1.E0,0.E0,0.E0));
#14904=AXIS2_PLACEMENT_3D('',#14901,#14902,#14903);
#14905=PLANE('',#14904);
#14906=ORIENTED_EDGE('',*,*,#14802,.F.);
#14907=ORIENTED_EDGE('',*,*,#14775,.T.);
#14908=ORIENTED_EDGE('',*,*,#14890,.T.);
#14910=ORIENTED_EDGE('',*,*,#14909,.F.);
#14911=EDGE_LOOP('',(#14906,#14907,#14908,#14910));
#14912=FACE_OUTER_BOUND('',#14911,.F.);
#14913=ADVANCED_FACE('',(#14912),#14905,.T.);
#14914=CARTESIAN_POINT('',(-1.19E0,-3.3E-1,-1.9E-1));
#14915=DIRECTION('',(1.E0,0.E0,0.E0));
#14916=DIRECTION('',(0.E0,1.E0,0.E0));
#14917=AXIS2_PLACEMENT_3D('',#14914,#14915,#14916);
#14918=PLANE('',#14917);
#14919=ORIENTED_EDGE('',*,*,#14804,.F.);
#14920=ORIENTED_EDGE('',*,*,#14909,.T.);
#14921=ORIENTED_EDGE('',*,*,#14896,.T.);
#14923=ORIENTED_EDGE('',*,*,#14922,.F.);
#14924=EDGE_LOOP('',(#14919,#14920,#14921,#14923));
#14925=FACE_OUTER_BOUND('',#14924,.F.);
#14926=ADVANCED_FACE('',(#14925),#14918,.T.);
#14927=CARTESIAN_POINT('',(-1.19E0,-1.6E-1,-1.9E-1));
#14928=DIRECTION('',(7.071067811866E-1,-7.071067811865E-1,0.E0));
#14929=DIRECTION('',(7.071067811865E-1,7.071067811866E-1,0.E0));
#14930=AXIS2_PLACEMENT_3D('',#14927,#14928,#14929);
#14931=PLANE('',#14930);
#14932=ORIENTED_EDGE('',*,*,#9279,.F.);
#14933=ORIENTED_EDGE('',*,*,#14806,.F.);
#14934=ORIENTED_EDGE('',*,*,#14922,.T.);
#14935=ORIENTED_EDGE('',*,*,#14894,.T.);
#14936=EDGE_LOOP('',(#14932,#14933,#14934,#14935));
#14937=FACE_OUTER_BOUND('',#14936,.F.);
#14938=ADVANCED_FACE('',(#14937),#14931,.T.);
#14939=CARTESIAN_POINT('',(-1.63E0,-1.E-1,-4.14828E0));
#14940=DIRECTION('',(0.E0,0.E0,1.E0));
#14941=DIRECTION('',(1.E0,0.E0,0.E0));
#14942=AXIS2_PLACEMENT_3D('',#14939,#14940,#14941);
#14943=CYLINDRICAL_SURFACE('',#14942,4.E-2);
#14944=ORIENTED_EDGE('',*,*,#11247,.F.);
#14945=ORIENTED_EDGE('',*,*,#11099,.T.);
#14947=ORIENTED_EDGE('',*,*,#14946,.T.);
#14948=ORIENTED_EDGE('',*,*,#11151,.T.);
#14949=EDGE_LOOP('',(#14944,#14945,#14947,#14948));
#14950=FACE_OUTER_BOUND('',#14949,.F.);
#14951=ADVANCED_FACE('',(#14950),#14943,.F.);
#14952=CARTESIAN_POINT('',(2.9E-1,-6.E-2,0.E0));
#14953=DIRECTION('',(0.E0,1.E0,0.E0));
#14954=DIRECTION('',(1.E0,0.E0,0.E0));
#14955=AXIS2_PLACEMENT_3D('',#14952,#14953,#14954);
#14956=PLANE('',#14955);
#14958=ORIENTED_EDGE('',*,*,#14957,.F.);
#14959=ORIENTED_EDGE('',*,*,#10997,.T.);
#14961=ORIENTED_EDGE('',*,*,#14960,.T.);
#14962=ORIENTED_EDGE('',*,*,#10955,.T.);
#14963=EDGE_LOOP('',(#14958,#14959,#14961,#14962));
#14964=FACE_OUTER_BOUND('',#14963,.F.);
#14965=ADVANCED_FACE('',(#14964),#14956,.F.);
#14966=CARTESIAN_POINT('',(2.9E-1,-6.E-2,0.E0));
#14967=DIRECTION('',(0.E0,1.E0,0.E0));
#14968=DIRECTION('',(1.E0,0.E0,0.E0));
#14969=AXIS2_PLACEMENT_3D('',#14966,#14967,#14968);
#14970=PLANE('',#14969);
#14972=ORIENTED_EDGE('',*,*,#14971,.F.);
#14974=ORIENTED_EDGE('',*,*,#14973,.T.);
#14976=ORIENTED_EDGE('',*,*,#14975,.T.);
#14978=ORIENTED_EDGE('',*,*,#14977,.T.);
#14979=EDGE_LOOP('',(#14972,#14974,#14976,#14978));
#14980=FACE_OUTER_BOUND('',#14979,.F.);
#14981=ADVANCED_FACE('',(#14980),#14970,.F.);
#14982=CARTESIAN_POINT('',(2.9E-1,-6.E-2,0.E0));
#14983=DIRECTION('',(0.E0,1.E0,0.E0));
#14984=DIRECTION('',(1.E0,0.E0,0.E0));
#14985=AXIS2_PLACEMENT_3D('',#14982,#14983,#14984);
#14986=PLANE('',#14985);
#14988=ORIENTED_EDGE('',*,*,#14987,.F.);
#14990=ORIENTED_EDGE('',*,*,#14989,.T.);
#14992=ORIENTED_EDGE('',*,*,#14991,.T.);
#14994=ORIENTED_EDGE('',*,*,#14993,.T.);
#14995=EDGE_LOOP('',(#14988,#14990,#14992,#14994));
#14996=FACE_OUTER_BOUND('',#14995,.F.);
#14997=ADVANCED_FACE('',(#14996),#14986,.F.);
#14998=CARTESIAN_POINT('',(2.9E-1,-6.E-2,0.E0));
#14999=DIRECTION('',(0.E0,1.E0,0.E0));
#15000=DIRECTION('',(1.E0,0.E0,0.E0));
#15001=AXIS2_PLACEMENT_3D('',#14998,#14999,#15000);
#15002=PLANE('',#15001);
#15003=ORIENTED_EDGE('',*,*,#14946,.F.);
#15004=ORIENTED_EDGE('',*,*,#11097,.T.);
#15006=ORIENTED_EDGE('',*,*,#15005,.T.);
#15007=ORIENTED_EDGE('',*,*,#11153,.T.);
#15008=EDGE_LOOP('',(#15003,#15004,#15006,#15007));
#15009=FACE_OUTER_BOUND('',#15008,.F.);
#15010=ADVANCED_FACE('',(#15009),#15002,.F.);
#15011=CARTESIAN_POINT('',(1.63E0,-1.E-1,4.14828E0));
#15012=DIRECTION('',(0.E0,0.E0,-1.E0));
#15013=DIRECTION('',(-1.E0,0.E0,0.E0));
#15014=AXIS2_PLACEMENT_3D('',#15011,#15012,#15013);
#15015=CYLINDRICAL_SURFACE('',#15014,4.E-2);
#15016=ORIENTED_EDGE('',*,*,#9841,.F.);
#15017=ORIENTED_EDGE('',*,*,#10999,.T.);
#15018=ORIENTED_EDGE('',*,*,#14957,.T.);
#15019=ORIENTED_EDGE('',*,*,#10953,.T.);
#15020=EDGE_LOOP('',(#15016,#15017,#15018,#15019));
#15021=FACE_OUTER_BOUND('',#15020,.F.);
#15022=ADVANCED_FACE('',(#15021),#15015,.F.);
#15023=CARTESIAN_POINT('',(1.73E0,2.E-2,-3.7E-1));
#15024=DIRECTION('',(1.E0,0.E0,0.E0));
#15025=DIRECTION('',(0.E0,0.E0,-1.E0));
#15026=AXIS2_PLACEMENT_3D('',#15023,#15024,#15025);
#15027=PLANE('',#15026);
#15029=ORIENTED_EDGE('',*,*,#15028,.T.);
#15030=ORIENTED_EDGE('',*,*,#10957,.T.);
#15031=ORIENTED_EDGE('',*,*,#14960,.F.);
#15032=ORIENTED_EDGE('',*,*,#10995,.F.);
#15033=EDGE_LOOP('',(#15029,#15030,#15031,#15032));
#15034=FACE_OUTER_BOUND('',#15033,.F.);
#15035=ADVANCED_FACE('',(#15034),#15027,.T.);
#15036=CARTESIAN_POINT('',(1.71E0,0.E0,9.5E-1));
#15037=DIRECTION('',(0.E0,-1.E0,0.E0));
#15038=DIRECTION('',(1.E0,0.E0,0.E0));
#15039=AXIS2_PLACEMENT_3D('',#15036,#15037,#15038);
#15040=PLANE('',#15039);
#15041=ORIENTED_EDGE('',*,*,#10959,.F.);
#15042=ORIENTED_EDGE('',*,*,#15028,.F.);
#15043=ORIENTED_EDGE('',*,*,#10993,.T.);
#15045=ORIENTED_EDGE('',*,*,#15044,.T.);
#15046=EDGE_LOOP('',(#15041,#15042,#15043,#15045));
#15047=FACE_OUTER_BOUND('',#15046,.F.);
#15048=ADVANCED_FACE('',(#15047),#15040,.F.);
#15049=CARTESIAN_POINT('',(1.71E0,0.E0,9.5E-1));
#15050=DIRECTION('',(0.E0,-1.E0,0.E0));
#15051=DIRECTION('',(1.E0,0.E0,0.E0));
#15052=AXIS2_PLACEMENT_3D('',#15049,#15050,#15051);
#15053=PLANE('',#15052);
#15055=ORIENTED_EDGE('',*,*,#15054,.F.);
#15057=ORIENTED_EDGE('',*,*,#15056,.F.);
#15059=ORIENTED_EDGE('',*,*,#15058,.T.);
#15061=ORIENTED_EDGE('',*,*,#15060,.T.);
#15062=EDGE_LOOP('',(#15055,#15057,#15059,#15061));
#15063=FACE_OUTER_BOUND('',#15062,.F.);
#15064=ADVANCED_FACE('',(#15063),#15053,.F.);
#15065=CARTESIAN_POINT('',(1.69E0,2.E-2,9.5E-1));
#15066=DIRECTION('',(-7.071067811866E-1,-7.071067811865E-1,0.E0));
#15067=DIRECTION('',(7.071067811865E-1,-7.071067811866E-1,0.E0));
#15068=AXIS2_PLACEMENT_3D('',#15065,#15066,#15067);
#15069=PLANE('',#15068);
#15070=ORIENTED_EDGE('',*,*,#10961,.T.);
#15071=ORIENTED_EDGE('',*,*,#15044,.F.);
#15072=ORIENTED_EDGE('',*,*,#10991,.F.);
#15073=ORIENTED_EDGE('',*,*,#11047,.F.);
#15074=EDGE_LOOP('',(#15070,#15071,#15072,#15073));
#15075=FACE_OUTER_BOUND('',#15074,.F.);
#15076=ADVANCED_FACE('',(#15075),#15069,.F.);
#15077=CARTESIAN_POINT('',(1.69E0,2.E-2,9.5E-1));
#15078=DIRECTION('',(-7.071067811866E-1,-7.071067811865E-1,0.E0));
#15079=DIRECTION('',(7.071067811865E-1,-7.071067811866E-1,0.E0));
#15080=AXIS2_PLACEMENT_3D('',#15077,#15078,#15079);
#15081=PLANE('',#15080);
#15083=ORIENTED_EDGE('',*,*,#15082,.T.);
#15084=ORIENTED_EDGE('',*,*,#15060,.F.);
#15086=ORIENTED_EDGE('',*,*,#15085,.F.);
#15087=ORIENTED_EDGE('',*,*,#11062,.F.);
#15088=EDGE_LOOP('',(#15083,#15084,#15086,#15087));
#15089=FACE_OUTER_BOUND('',#15088,.F.);
#15090=ADVANCED_FACE('',(#15089),#15081,.F.);
#15091=CARTESIAN_POINT('',(1.59E0,-1.3E-1,3.7E-1));
#15092=DIRECTION('',(0.E0,0.E0,-1.E0));
#15093=DIRECTION('',(-1.E0,0.E0,0.E0));
#15094=AXIS2_PLACEMENT_3D('',#15091,#15092,#15093);
#15095=PLANE('',#15094);
#15097=ORIENTED_EDGE('',*,*,#15096,.F.);
#15099=ORIENTED_EDGE('',*,*,#15098,.F.);
#15100=ORIENTED_EDGE('',*,*,#10935,.F.);
#15101=ORIENTED_EDGE('',*,*,#9827,.T.);
#15103=ORIENTED_EDGE('',*,*,#15102,.F.);
#15104=ORIENTED_EDGE('',*,*,#14977,.F.);
#15106=ORIENTED_EDGE('',*,*,#15105,.F.);
#15107=ORIENTED_EDGE('',*,*,#15054,.T.);
#15108=ORIENTED_EDGE('',*,*,#15082,.F.);
#15109=ORIENTED_EDGE('',*,*,#11060,.T.);
#15110=EDGE_LOOP('',(#15097,#15099,#15100,#15101,#15103,#15104,#15106,#15107,
#15108,#15109));
#15111=FACE_OUTER_BOUND('',#15110,.F.);
#15112=ADVANCED_FACE('',(#15111),#15095,.T.);
#15113=CARTESIAN_POINT('',(1.63E0,-1.E-1,-4.14828E0));
#15114=DIRECTION('',(0.E0,0.E0,1.E0));
#15115=DIRECTION('',(0.E0,1.E0,0.E0));
#15116=AXIS2_PLACEMENT_3D('',#15113,#15114,#15115);
#15117=CYLINDRICAL_SURFACE('',#15116,1.2E-1);
#15119=ORIENTED_EDGE('',*,*,#15118,.T.);
#15121=ORIENTED_EDGE('',*,*,#15120,.F.);
#15122=ORIENTED_EDGE('',*,*,#15096,.T.);
#15123=ORIENTED_EDGE('',*,*,#11058,.T.);
#15124=EDGE_LOOP('',(#15119,#15121,#15122,#15123));
#15125=FACE_OUTER_BOUND('',#15124,.F.);
#15126=ADVANCED_FACE('',(#15125),#15117,.T.);
#15127=CARTESIAN_POINT('',(1.51E0,-1.3E-1,5.95E-1));
#15128=DIRECTION('',(0.E0,0.E0,1.E0));
#15129=DIRECTION('',(1.E0,0.E0,0.E0));
#15130=AXIS2_PLACEMENT_3D('',#15127,#15128,#15129);
#15131=PLANE('',#15130);
#15132=ORIENTED_EDGE('',*,*,#15118,.F.);
#15133=ORIENTED_EDGE('',*,*,#11064,.T.);
#15134=ORIENTED_EDGE('',*,*,#15085,.T.);
#15135=ORIENTED_EDGE('',*,*,#15058,.F.);
#15137=ORIENTED_EDGE('',*,*,#15136,.T.);
#15138=ORIENTED_EDGE('',*,*,#14973,.F.);
#15140=ORIENTED_EDGE('',*,*,#15139,.F.);
#15141=ORIENTED_EDGE('',*,*,#9823,.F.);
#15142=ORIENTED_EDGE('',*,*,#10926,.T.);
#15144=ORIENTED_EDGE('',*,*,#15143,.T.);
#15145=EDGE_LOOP('',(#15132,#15133,#15134,#15135,#15137,#15138,#15140,#15141,
#15142,#15144));
#15146=FACE_OUTER_BOUND('',#15145,.F.);
#15147=ADVANCED_FACE('',(#15146),#15131,.T.);
#15148=CARTESIAN_POINT('',(1.73E0,2.E-2,5.95E-1));
#15149=DIRECTION('',(1.E0,0.E0,0.E0));
#15150=DIRECTION('',(0.E0,0.E0,-1.E0));
#15151=AXIS2_PLACEMENT_3D('',#15148,#15149,#15150);
#15152=PLANE('',#15151);
#15153=ORIENTED_EDGE('',*,*,#15056,.T.);
#15154=ORIENTED_EDGE('',*,*,#15105,.T.);
#15155=ORIENTED_EDGE('',*,*,#14975,.F.);
#15156=ORIENTED_EDGE('',*,*,#15136,.F.);
#15157=EDGE_LOOP('',(#15153,#15154,#15155,#15156));
#15158=FACE_OUTER_BOUND('',#15157,.F.);
#15159=ADVANCED_FACE('',(#15158),#15152,.T.);
#15160=CARTESIAN_POINT('',(1.63E0,-1.E-1,4.14828E0));
#15161=DIRECTION('',(0.E0,0.E0,-1.E0));
#15162=DIRECTION('',(-1.E0,0.E0,0.E0));
#15163=AXIS2_PLACEMENT_3D('',#15160,#15161,#15162);
#15164=CYLINDRICAL_SURFACE('',#15163,4.E-2);
#15165=ORIENTED_EDGE('',*,*,#9825,.F.);
#15166=ORIENTED_EDGE('',*,*,#15139,.T.);
#15167=ORIENTED_EDGE('',*,*,#14971,.T.);
#15168=ORIENTED_EDGE('',*,*,#15102,.T.);
#15169=EDGE_LOOP('',(#15165,#15166,#15167,#15168));
#15170=FACE_OUTER_BOUND('',#15169,.F.);
#15171=ADVANCED_FACE('',(#15170),#15164,.F.);
#15172=CARTESIAN_POINT('',(1.51E0,-1.3E-1,3.7E-1));
#15173=DIRECTION('',(-1.E0,0.E0,0.E0));
#15174=DIRECTION('',(0.E0,0.E0,1.E0));
#15175=AXIS2_PLACEMENT_3D('',#15172,#15173,#15174);
#15176=PLANE('',#15175);
#15177=ORIENTED_EDGE('',*,*,#15120,.T.);
#15178=ORIENTED_EDGE('',*,*,#15143,.F.);
#15179=ORIENTED_EDGE('',*,*,#10937,.F.);
#15180=ORIENTED_EDGE('',*,*,#15098,.T.);
#15181=EDGE_LOOP('',(#15177,#15178,#15179,#15180));
#15182=FACE_OUTER_BOUND('',#15181,.F.);
#15183=ADVANCED_FACE('',(#15182),#15176,.T.);
#15184=CARTESIAN_POINT('',(-1.63E0,-1.E-1,-4.14828E0));
#15185=DIRECTION('',(0.E0,0.E0,1.E0));
#15186=DIRECTION('',(1.E0,0.E0,0.E0));
#15187=AXIS2_PLACEMENT_3D('',#15184,#15185,#15186);
#15188=CYLINDRICAL_SURFACE('',#15187,4.E-2);
#15189=ORIENTED_EDGE('',*,*,#11260,.F.);
#15191=ORIENTED_EDGE('',*,*,#15190,.T.);
#15192=ORIENTED_EDGE('',*,*,#14987,.T.);
#15194=ORIENTED_EDGE('',*,*,#15193,.T.);
#15195=EDGE_LOOP('',(#15189,#15191,#15192,#15194));
#15196=FACE_OUTER_BOUND('',#15195,.F.);
#15197=ADVANCED_FACE('',(#15196),#15188,.F.);
#15198=CARTESIAN_POINT('',(-1.51E0,-1.3E-1,3.7E-1));
#15199=DIRECTION('',(0.E0,0.E0,-1.E0));
#15200=DIRECTION('',(-1.E0,0.E0,0.E0));
#15201=AXIS2_PLACEMENT_3D('',#15198,#15199,#15200);
#15202=PLANE('',#15201);
#15204=ORIENTED_EDGE('',*,*,#15203,.F.);
#15205=ORIENTED_EDGE('',*,*,#11035,.T.);
#15206=ORIENTED_EDGE('',*,*,#11134,.F.);
#15208=ORIENTED_EDGE('',*,*,#15207,.F.);
#15210=ORIENTED_EDGE('',*,*,#15209,.T.);
#15211=ORIENTED_EDGE('',*,*,#14989,.F.);
#15212=ORIENTED_EDGE('',*,*,#15190,.F.);
#15213=ORIENTED_EDGE('',*,*,#11258,.F.);
#15214=ORIENTED_EDGE('',*,*,#11205,.T.);
#15216=ORIENTED_EDGE('',*,*,#15215,.T.);
#15217=EDGE_LOOP('',(#15204,#15205,#15206,#15208,#15210,#15211,#15212,#15213,
#15214,#15216));
#15218=FACE_OUTER_BOUND('',#15217,.F.);
#15219=ADVANCED_FACE('',(#15218),#15202,.T.);
#15220=CARTESIAN_POINT('',(-1.63E0,-1.E-1,4.14828E0));
#15221=DIRECTION('',(0.E0,0.E0,-1.E0));
#15222=DIRECTION('',(0.E0,1.E0,0.E0));
#15223=AXIS2_PLACEMENT_3D('',#15220,#15221,#15222);
#15224=CYLINDRICAL_SURFACE('',#15223,1.2E-1);
#15225=ORIENTED_EDGE('',*,*,#15203,.T.);
#15227=ORIENTED_EDGE('',*,*,#15226,.F.);
#15229=ORIENTED_EDGE('',*,*,#15228,.T.);
#15230=ORIENTED_EDGE('',*,*,#11029,.T.);
#15231=EDGE_LOOP('',(#15225,#15227,#15229,#15230));
#15232=FACE_OUTER_BOUND('',#15231,.F.);
#15233=ADVANCED_FACE('',(#15232),#15224,.T.);
#15234=CARTESIAN_POINT('',(-1.51E0,-1.3E-1,5.95E-1));
#15235=DIRECTION('',(1.E0,0.E0,0.E0));
#15236=DIRECTION('',(0.E0,0.E0,-1.E0));
#15237=AXIS2_PLACEMENT_3D('',#15234,#15235,#15236);
#15238=PLANE('',#15237);
#15239=ORIENTED_EDGE('',*,*,#15226,.T.);
#15240=ORIENTED_EDGE('',*,*,#15215,.F.);
#15241=ORIENTED_EDGE('',*,*,#11203,.F.);
#15243=ORIENTED_EDGE('',*,*,#15242,.T.);
#15244=EDGE_LOOP('',(#15239,#15240,#15241,#15243));
#15245=FACE_OUTER_BOUND('',#15244,.F.);
#15246=ADVANCED_FACE('',(#15245),#15238,.T.);
#15247=CARTESIAN_POINT('',(-1.59E0,-1.3E-1,5.95E-1));
#15248=DIRECTION('',(0.E0,0.E0,1.E0));
#15249=DIRECTION('',(1.E0,0.E0,0.E0));
#15250=AXIS2_PLACEMENT_3D('',#15247,#15248,#15249);
#15251=PLANE('',#15250);
#15252=ORIENTED_EDGE('',*,*,#15228,.F.);
#15253=ORIENTED_EDGE('',*,*,#15242,.F.);
#15254=ORIENTED_EDGE('',*,*,#11217,.F.);
#15255=ORIENTED_EDGE('',*,*,#11262,.T.);
#15256=ORIENTED_EDGE('',*,*,#15193,.F.);
#15257=ORIENTED_EDGE('',*,*,#14993,.F.);
#15259=ORIENTED_EDGE('',*,*,#15258,.F.);
#15261=ORIENTED_EDGE('',*,*,#15260,.T.);
#15262=ORIENTED_EDGE('',*,*,#11130,.T.);
#15263=ORIENTED_EDGE('',*,*,#11031,.T.);
#15264=EDGE_LOOP('',(#15252,#15253,#15254,#15255,#15256,#15257,#15259,#15261,
#15262,#15263));
#15265=FACE_OUTER_BOUND('',#15264,.F.);
#15266=ADVANCED_FACE('',(#15265),#15251,.T.);
#15267=CARTESIAN_POINT('',(-1.73E0,2.E-2,3.7E-1));
#15268=DIRECTION('',(-1.E0,0.E0,0.E0));
#15269=DIRECTION('',(0.E0,0.E0,1.E0));
#15270=AXIS2_PLACEMENT_3D('',#15267,#15268,#15269);
#15271=PLANE('',#15270);
#15273=ORIENTED_EDGE('',*,*,#15272,.T.);
#15274=ORIENTED_EDGE('',*,*,#15258,.T.);
#15275=ORIENTED_EDGE('',*,*,#14991,.F.);
#15276=ORIENTED_EDGE('',*,*,#15209,.F.);
#15277=EDGE_LOOP('',(#15273,#15274,#15275,#15276));
#15278=FACE_OUTER_BOUND('',#15277,.F.);
#15279=ADVANCED_FACE('',(#15278),#15271,.T.);
#15280=CARTESIAN_POINT('',(-1.73E0,0.E0,9.5E-1));
#15281=DIRECTION('',(0.E0,-1.E0,0.E0));
#15282=DIRECTION('',(1.E0,0.E0,0.E0));
#15283=AXIS2_PLACEMENT_3D('',#15280,#15281,#15282);
#15284=PLANE('',#15283);
#15285=ORIENTED_EDGE('',*,*,#11093,.T.);
#15286=ORIENTED_EDGE('',*,*,#11118,.F.);
#15287=ORIENTED_EDGE('',*,*,#11157,.F.);
#15289=ORIENTED_EDGE('',*,*,#15288,.F.);
#15290=EDGE_LOOP('',(#15285,#15286,#15287,#15289));
#15291=FACE_OUTER_BOUND('',#15290,.F.);
#15292=ADVANCED_FACE('',(#15291),#15284,.F.);
#15293=CARTESIAN_POINT('',(-1.73E0,0.E0,9.5E-1));
#15294=DIRECTION('',(0.E0,-1.E0,0.E0));
#15295=DIRECTION('',(1.E0,0.E0,0.E0));
#15296=AXIS2_PLACEMENT_3D('',#15293,#15294,#15295);
#15297=PLANE('',#15296);
#15298=ORIENTED_EDGE('',*,*,#15207,.T.);
#15299=ORIENTED_EDGE('',*,*,#11132,.F.);
#15300=ORIENTED_EDGE('',*,*,#15260,.F.);
#15301=ORIENTED_EDGE('',*,*,#15272,.F.);
#15302=EDGE_LOOP('',(#15298,#15299,#15300,#15301));
#15303=FACE_OUTER_BOUND('',#15302,.F.);
#15304=ADVANCED_FACE('',(#15303),#15297,.F.);
#15305=CARTESIAN_POINT('',(-1.73E0,2.E-2,-5.95E-1));
#15306=DIRECTION('',(-1.E0,0.E0,0.E0));
#15307=DIRECTION('',(0.E0,0.E0,1.E0));
#15308=AXIS2_PLACEMENT_3D('',#15305,#15306,#15307);
#15309=PLANE('',#15308);
#15310=ORIENTED_EDGE('',*,*,#15288,.T.);
#15311=ORIENTED_EDGE('',*,*,#11155,.T.);
#15312=ORIENTED_EDGE('',*,*,#15005,.F.);
#15313=ORIENTED_EDGE('',*,*,#11095,.F.);
#15314=EDGE_LOOP('',(#15310,#15311,#15312,#15313));
#15315=FACE_OUTER_BOUND('',#15314,.F.);
#15316=ADVANCED_FACE('',(#15315),#15309,.T.);
#15317=CARTESIAN_POINT('',(1.51E0,-1.3E-1,-5.95E-1));
#15318=DIRECTION('',(-1.E0,0.E0,0.E0));
#15319=DIRECTION('',(0.E0,0.E0,1.E0));
#15320=AXIS2_PLACEMENT_3D('',#15317,#15318,#15319);
#15321=PLANE('',#15320);
#15322=ORIENTED_EDGE('',*,*,#10975,.T.);
#15323=ORIENTED_EDGE('',*,*,#11003,.F.);
#15324=ORIENTED_EDGE('',*,*,#10907,.F.);
#15325=ORIENTED_EDGE('',*,*,#10949,.T.);
#15326=EDGE_LOOP('',(#15322,#15323,#15324,#15325));
#15327=FACE_OUTER_BOUND('',#15326,.F.);
#15328=ADVANCED_FACE('',(#15327),#15321,.T.);
#15329=CARTESIAN_POINT('',(7.7E-1,-3.34E-1,-6.059245686617E-1));
#15330=DIRECTION('',(0.E0,9.012571889724E-1,-4.332845246781E-1));
#15331=DIRECTION('',(0.E0,-4.332845246781E-1,-9.012571889724E-1));
#15332=AXIS2_PLACEMENT_3D('',#15329,#15330,#15331);
#15333=PLANE('',#15332);
#15334=ORIENTED_EDGE('',*,*,#10163,.F.);
#15335=ORIENTED_EDGE('',*,*,#10319,.T.);
#15337=ORIENTED_EDGE('',*,*,#15336,.F.);
#15338=ORIENTED_EDGE('',*,*,#10387,.T.);
#15339=EDGE_LOOP('',(#15334,#15335,#15337,#15338));
#15340=FACE_OUTER_BOUND('',#15339,.F.);
#15341=ADVANCED_FACE('',(#15340),#15333,.T.);
#15342=CARTESIAN_POINT('',(7.7E-1,-4.380029285193E-1,-5.559245686617E-1));
#15343=DIRECTION('',(0.E0,4.332845246781E-1,9.012571889724E-1));
#15344=DIRECTION('',(0.E0,9.012571889724E-1,-4.332845246781E-1));
#15345=AXIS2_PLACEMENT_3D('',#15342,#15343,#15344);
#15346=PLANE('',#15345);
#15347=ORIENTED_EDGE('',*,*,#10317,.T.);
#15349=ORIENTED_EDGE('',*,*,#15348,.F.);
#15350=ORIENTED_EDGE('',*,*,#10389,.T.);
#15351=ORIENTED_EDGE('',*,*,#15336,.T.);
#15352=EDGE_LOOP('',(#15347,#15349,#15350,#15351));
#15353=FACE_OUTER_BOUND('',#15352,.F.);
#15354=ADVANCED_FACE('',(#15353),#15346,.T.);
#15355=CARTESIAN_POINT('',(7.7E-1,-4.64E-1,-6.1E-1));
#15356=DIRECTION('',(-1.E0,0.E0,0.E0));
#15357=DIRECTION('',(0.E0,0.E0,-1.E0));
#15358=AXIS2_PLACEMENT_3D('',#15355,#15356,#15357);
#15359=CYLINDRICAL_SURFACE('',#15358,6.E-2);
#15360=ORIENTED_EDGE('',*,*,#10315,.T.);
#15362=ORIENTED_EDGE('',*,*,#15361,.F.);
#15363=ORIENTED_EDGE('',*,*,#10391,.T.);
#15364=ORIENTED_EDGE('',*,*,#15348,.T.);
#15365=EDGE_LOOP('',(#15360,#15362,#15363,#15364));
#15366=FACE_OUTER_BOUND('',#15365,.F.);
#15367=ADVANCED_FACE('',(#15366),#15359,.T.);
#15368=CARTESIAN_POINT('',(7.7E-1,-5.189439998807E-1,-5.821362796377E-1));
#15369=DIRECTION('',(0.E0,-7.660444431190E-1,6.427876096866E-1));
#15370=DIRECTION('',(0.E0,6.427876096866E-1,7.660444431190E-1));
#15371=AXIS2_PLACEMENT_3D('',#15368,#15369,#15370);
#15372=PLANE('',#15371);
#15373=ORIENTED_EDGE('',*,*,#10313,.T.);
#15375=ORIENTED_EDGE('',*,*,#15374,.F.);
#15376=ORIENTED_EDGE('',*,*,#10393,.T.);
#15377=ORIENTED_EDGE('',*,*,#15361,.T.);
#15378=EDGE_LOOP('',(#15373,#15375,#15376,#15377));
#15379=FACE_OUTER_BOUND('',#15378,.F.);
#15380=ADVANCED_FACE('',(#15379),#15372,.T.);
#15381=CARTESIAN_POINT('',(7.7E-1,-4.5E-1,-6.399871645095E-1));
#15382=DIRECTION('',(-1.E0,0.E0,0.E0));
#15383=DIRECTION('',(0.E0,0.E0,-1.E0));
#15384=AXIS2_PLACEMENT_3D('',#15381,#15382,#15383);
#15385=CYLINDRICAL_SURFACE('',#15384,9.E-2);
#15386=ORIENTED_EDGE('',*,*,#10311,.T.);
#15388=ORIENTED_EDGE('',*,*,#15387,.F.);
#15389=ORIENTED_EDGE('',*,*,#10395,.T.);
#15390=ORIENTED_EDGE('',*,*,#15374,.T.);
#15391=EDGE_LOOP('',(#15386,#15388,#15389,#15390));
#15392=FACE_OUTER_BOUND('',#15391,.F.);
#15393=ADVANCED_FACE('',(#15392),#15385,.T.);
#15394=CARTESIAN_POINT('',(7.7E-1,-5.4E-1,-9.5E-1));
#15395=DIRECTION('',(0.E0,-1.E0,0.E0));
#15396=DIRECTION('',(0.E0,0.E0,1.E0));
#15397=AXIS2_PLACEMENT_3D('',#15394,#15395,#15396);
#15398=PLANE('',#15397);
#15399=ORIENTED_EDGE('',*,*,#10367,.T.);
#15400=ORIENTED_EDGE('',*,*,#10397,.F.);
#15401=ORIENTED_EDGE('',*,*,#15387,.T.);
#15402=ORIENTED_EDGE('',*,*,#10309,.T.);
#15403=EDGE_LOOP('',(#15399,#15400,#15401,#15402));
#15404=FACE_OUTER_BOUND('',#15403,.F.);
#15405=ADVANCED_FACE('',(#15404),#15398,.T.);
#15406=CARTESIAN_POINT('',(6.8E-1,-6.E-2,8.8E-1));
#15407=DIRECTION('',(-8.944271909999E-1,4.472135955E-1,0.E0));
#15408=DIRECTION('',(-4.472135955E-1,-8.944271909999E-1,0.E0));
#15409=AXIS2_PLACEMENT_3D('',#15406,#15407,#15408);
#15410=PLANE('',#15409);
#15411=ORIENTED_EDGE('',*,*,#7642,.F.);
#15413=ORIENTED_EDGE('',*,*,#15412,.T.);
#15414=ORIENTED_EDGE('',*,*,#9942,.T.);
#15415=ORIENTED_EDGE('',*,*,#10425,.F.);
#15416=EDGE_LOOP('',(#15411,#15413,#15414,#15415));
#15417=FACE_OUTER_BOUND('',#15416,.F.);
#15418=ADVANCED_FACE('',(#15417),#15410,.T.);
#15419=CARTESIAN_POINT('',(1.155E0,-6.E-2,8.8E-1));
#15420=DIRECTION('',(0.E0,1.E0,0.E0));
#15421=DIRECTION('',(-1.E0,0.E0,0.E0));
#15422=AXIS2_PLACEMENT_3D('',#15419,#15420,#15421);
#15423=PLANE('',#15422);
#15424=ORIENTED_EDGE('',*,*,#7640,.F.);
#15426=ORIENTED_EDGE('',*,*,#15425,.T.);
#15427=ORIENTED_EDGE('',*,*,#9944,.T.);
#15428=ORIENTED_EDGE('',*,*,#15412,.F.);
#15429=EDGE_LOOP('',(#15424,#15426,#15427,#15428));
#15430=FACE_OUTER_BOUND('',#15429,.F.);
#15431=ADVANCED_FACE('',(#15430),#15423,.T.);
#15432=CARTESIAN_POINT('',(1.155E0,-2.8E-1,8.8E-1));
#15433=DIRECTION('',(1.E0,0.E0,0.E0));
#15434=DIRECTION('',(0.E0,1.E0,0.E0));
#15435=AXIS2_PLACEMENT_3D('',#15432,#15433,#15434);
#15436=PLANE('',#15435);
#15437=ORIENTED_EDGE('',*,*,#7638,.F.);
#15438=ORIENTED_EDGE('',*,*,#8560,.T.);
#15439=ORIENTED_EDGE('',*,*,#9946,.T.);
#15440=ORIENTED_EDGE('',*,*,#15425,.F.);
#15441=EDGE_LOOP('',(#15437,#15438,#15439,#15440));
#15442=FACE_OUTER_BOUND('',#15441,.F.);
#15443=ADVANCED_FACE('',(#15442),#15436,.T.);
#15444=CARTESIAN_POINT('',(7.7E-1,-3.76E-1,8.8E-1));
#15445=DIRECTION('',(8.661855860486E-1,-4.997224534896E-1,0.E0));
#15446=DIRECTION('',(4.997224534896E-1,8.661855860486E-1,0.E0));
#15447=AXIS2_PLACEMENT_3D('',#15444,#15445,#15446);
#15448=PLANE('',#15447);
#15449=ORIENTED_EDGE('',*,*,#7600,.F.);
#15450=ORIENTED_EDGE('',*,*,#10339,.T.);
#15451=ORIENTED_EDGE('',*,*,#9964,.T.);
#15453=ORIENTED_EDGE('',*,*,#15452,.F.);
#15454=EDGE_LOOP('',(#15449,#15450,#15451,#15453));
#15455=FACE_OUTER_BOUND('',#15454,.F.);
#15456=ADVANCED_FACE('',(#15455),#15448,.T.);
#15457=CARTESIAN_POINT('',(7.85E-1,-3.5E-1,8.8E-1));
#15458=DIRECTION('',(1.E0,0.E0,0.E0));
#15459=DIRECTION('',(0.E0,1.E0,0.E0));
#15460=AXIS2_PLACEMENT_3D('',#15457,#15458,#15459);
#15461=PLANE('',#15460);
#15462=ORIENTED_EDGE('',*,*,#7602,.F.);
#15463=ORIENTED_EDGE('',*,*,#15452,.T.);
#15464=ORIENTED_EDGE('',*,*,#9962,.T.);
#15466=ORIENTED_EDGE('',*,*,#15465,.F.);
#15467=EDGE_LOOP('',(#15462,#15463,#15464,#15466));
#15468=FACE_OUTER_BOUND('',#15467,.F.);
#15469=ADVANCED_FACE('',(#15468),#15461,.T.);
#15470=CARTESIAN_POINT('',(7.85E-1,-2.3E-1,8.8E-1));
#15471=DIRECTION('',(0.E0,-1.E0,0.E0));
#15472=DIRECTION('',(1.E0,0.E0,0.E0));
#15473=AXIS2_PLACEMENT_3D('',#15470,#15471,#15472);
#15474=PLANE('',#15473);
#15475=ORIENTED_EDGE('',*,*,#7604,.F.);
#15476=ORIENTED_EDGE('',*,*,#15465,.T.);
#15477=ORIENTED_EDGE('',*,*,#9960,.T.);
#15479=ORIENTED_EDGE('',*,*,#15478,.F.);
#15480=EDGE_LOOP('',(#15475,#15476,#15477,#15479));
#15481=FACE_OUTER_BOUND('',#15480,.F.);
#15482=ADVANCED_FACE('',(#15481),#15474,.T.);
#15483=CARTESIAN_POINT('',(9.75E-1,-2.3E-1,8.8E-1));
#15484=DIRECTION('',(-1.E0,0.E0,0.E0));
#15485=DIRECTION('',(0.E0,-1.E0,0.E0));
#15486=AXIS2_PLACEMENT_3D('',#15483,#15484,#15485);
#15487=PLANE('',#15486);
#15488=ORIENTED_EDGE('',*,*,#7606,.F.);
#15489=ORIENTED_EDGE('',*,*,#15478,.T.);
#15490=ORIENTED_EDGE('',*,*,#9958,.T.);
#15492=ORIENTED_EDGE('',*,*,#15491,.F.);
#15493=EDGE_LOOP('',(#15488,#15489,#15490,#15492));
#15494=FACE_OUTER_BOUND('',#15493,.F.);
#15495=ADVANCED_FACE('',(#15494),#15487,.T.);
#15496=CARTESIAN_POINT('',(9.75E-1,-3.5E-1,8.8E-1));
#15497=DIRECTION('',(0.E0,1.E0,0.E0));
#15498=DIRECTION('',(-1.E0,0.E0,0.E0));
#15499=AXIS2_PLACEMENT_3D('',#15496,#15497,#15498);
#15500=PLANE('',#15499);
#15501=ORIENTED_EDGE('',*,*,#7608,.F.);
#15502=ORIENTED_EDGE('',*,*,#15491,.T.);
#15503=ORIENTED_EDGE('',*,*,#9956,.T.);
#15504=ORIENTED_EDGE('',*,*,#7716,.F.);
#15505=EDGE_LOOP('',(#15501,#15502,#15503,#15504));
#15506=FACE_OUTER_BOUND('',#15505,.F.);
#15507=ADVANCED_FACE('',(#15506),#15500,.T.);
#15508=CARTESIAN_POINT('',(-8.1E-1,-3.8E-1,-6.3E-1));
#15509=DIRECTION('',(-1.E0,0.E0,0.E0));
#15510=DIRECTION('',(0.E0,-1.E0,0.E0));
#15511=AXIS2_PLACEMENT_3D('',#15508,#15509,#15510);
#15512=PLANE('',#15511);
#15513=ORIENTED_EDGE('',*,*,#7864,.F.);
#15514=ORIENTED_EDGE('',*,*,#9016,.F.);
#15515=ORIENTED_EDGE('',*,*,#10130,.F.);
#15516=ORIENTED_EDGE('',*,*,#10253,.F.);
#15517=EDGE_LOOP('',(#15513,#15514,#15515,#15516));
#15518=FACE_OUTER_BOUND('',#15517,.F.);
#15519=ADVANCED_FACE('',(#15518),#15512,.T.);
#15520=CARTESIAN_POINT('',(1.235E0,0.E0,1.E0));
#15521=DIRECTION('',(1.E0,0.E0,0.E0));
#15522=DIRECTION('',(0.E0,0.E0,-1.E0));
#15523=AXIS2_PLACEMENT_3D('',#15520,#15521,#15522);
#15524=PLANE('',#15523);
#15525=ORIENTED_EDGE('',*,*,#9672,.T.);
#15526=ORIENTED_EDGE('',*,*,#7655,.F.);
#15527=ORIENTED_EDGE('',*,*,#7580,.F.);
#15528=ORIENTED_EDGE('',*,*,#9615,.F.);
#15529=EDGE_LOOP('',(#15525,#15526,#15527,#15528));
#15530=FACE_OUTER_BOUND('',#15529,.F.);
#15531=ADVANCED_FACE('',(#15530),#15524,.F.);
#15532=CARTESIAN_POINT('',(-1.295E0,-5.4E-1,-6.3E-1));
#15533=DIRECTION('',(0.E0,0.E0,-1.E0));
#15534=DIRECTION('',(1.E0,0.E0,0.E0));
#15535=AXIS2_PLACEMENT_3D('',#15532,#15533,#15534);
#15536=PLANE('',#15535);
#15537=ORIENTED_EDGE('',*,*,#9044,.F.);
#15538=ORIENTED_EDGE('',*,*,#9081,.T.);
#15539=ORIENTED_EDGE('',*,*,#9364,.T.);
#15540=ORIENTED_EDGE('',*,*,#8982,.F.);
#15541=ORIENTED_EDGE('',*,*,#9013,.T.);
#15542=ORIENTED_EDGE('',*,*,#9030,.F.);
#15543=EDGE_LOOP('',(#15537,#15538,#15539,#15540,#15541,#15542));
#15544=FACE_OUTER_BOUND('',#15543,.F.);
#15545=ADVANCED_FACE('',(#15544),#15536,.F.);
#15546=CARTESIAN_POINT('',(8.85E-1,-3.6E-1,-6.2E-1));
#15547=DIRECTION('',(0.E0,1.E0,0.E0));
#15548=DIRECTION('',(0.E0,0.E0,-1.E0));
#15549=AXIS2_PLACEMENT_3D('',#15546,#15547,#15548);
#15550=PLANE('',#15549);
#15551=ORIENTED_EDGE('',*,*,#7776,.T.);
#15553=ORIENTED_EDGE('',*,*,#15552,.T.);
#15554=ORIENTED_EDGE('',*,*,#7681,.T.);
#15555=ORIENTED_EDGE('',*,*,#7880,.F.);
#15556=EDGE_LOOP('',(#15551,#15553,#15554,#15555));
#15557=FACE_OUTER_BOUND('',#15556,.F.);
#15558=ADVANCED_FACE('',(#15557),#15550,.T.);
#15559=CARTESIAN_POINT('',(8.85E-1,-4.84E-1,-6.2E-1));
#15560=DIRECTION('',(0.E0,0.E0,1.E0));
#15561=DIRECTION('',(0.E0,1.E0,0.E0));
#15562=AXIS2_PLACEMENT_3D('',#15559,#15560,#15561);
#15563=PLANE('',#15562);
#15564=ORIENTED_EDGE('',*,*,#7683,.T.);
#15565=ORIENTED_EDGE('',*,*,#15552,.F.);
#15566=ORIENTED_EDGE('',*,*,#7774,.F.);
#15567=ORIENTED_EDGE('',*,*,#7761,.T.);
#15568=EDGE_LOOP('',(#15564,#15565,#15566,#15567));
#15569=FACE_OUTER_BOUND('',#15568,.F.);
#15570=ADVANCED_FACE('',(#15569),#15563,.T.);
#15571=CLOSED_SHELL('',(#7584,#7612,#7628,#7661,#7691,#7720,#7735,#7749,#7765,
#7784,#7804,#7821,#7833,#7852,#7872,#7894,#7918,#7932,#7948,#7962,#7976,#7995,
#8014,#8030,#8046,#8066,#8086,#8100,#8117,#8135,#8155,#8177,#8201,#8217,#8231,
#8252,#8272,#8285,#8303,#8323,#8341,#8359,#8377,#8397,#8415,#8426,#8441,#8456,
#8472,#8488,#8507,#8528,#8550,#8570,#8585,#8606,#8626,#8668,#8705,#8720,#8750,
#8782,#8796,#8810,#8824,#8838,#8852,#8878,#8906,#8926,#8959,#8974,#8990,#9005,
#9021,#9036,#9050,#9070,#9089,#9101,#9118,#9133,#9150,#9163,#9178,#9194,#9209,
#9225,#9242,#9255,#9268,#9379,#9428,#9443,#9456,#9503,#9516,#9529,#9545,#9561,
#9573,#9592,#9607,#9622,#9636,#9662,#9685,#9710,#9734,#9748,#9763,#9781,#9801,
#9854,#9867,#9879,#9892,#9932,#9970,#9984,#10013,#10043,#10056,#10069,#10082,
#10095,#10108,#10121,#10180,#10197,#10214,#10229,#10244,#10258,#10274,#10287,
#10301,#10330,#10359,#10373,#10401,#10430,#10444,#10458,#10471,#10495,#10509,
#10535,#10548,#10561,#10574,#10587,#10599,#10613,#10626,#10642,#10654,#10670,
#10683,#10696,#10711,#10728,#10745,#10756,#10771,#10784,#10796,#10809,#10821,
#10836,#10851,#10863,#10875,#10887,#10899,#10920,#10941,#10967,#10982,#11007,
#11023,#11039,#11052,#11068,#11083,#11109,#11123,#11138,#11163,#11176,#11197,
#11221,#11273,#11287,#11305,#11323,#11341,#11359,#11377,#11395,#11414,#11429,
#11442,#11454,#11467,#11479,#11490,#11508,#11520,#11533,#11544,#11559,#11572,
#11584,#11597,#11609,#11632,#11661,#11674,#11687,#11700,#11713,#11726,#11738,
#11755,#11773,#11787,#11801,#11813,#11825,#11837,#11849,#11868,#11883,#11897,
#11912,#11927,#11940,#11954,#11971,#11985,#11998,#12013,#12030,#12045,#12060,
#12074,#12089,#12102,#12116,#12132,#12146,#12163,#12175,#12193,#12206,#12218,
#12230,#12242,#12292,#12343,#12356,#12369,#12381,#12396,#12448,#12461,#12474,
#12487,#12500,#12513,#12525,#12538,#12551,#12564,#12577,#12590,#12603,#12615,
#12628,#12643,#12658,#12670,#12683,#12698,#12713,#12736,#12759,#12777,#12795,
#12809,#12827,#12842,#12865,#12879,#12902,#12920,#12933,#12946,#12959,#12971,
#12984,#12997,#13009,#13022,#13035,#13048,#13061,#13074,#13087,#13099,#13112,
#13124,#13137,#13150,#13163,#13176,#13189,#13202,#13214,#13227,#13240,#13253,
#13265,#13280,#13295,#13318,#13341,#13359,#13377,#13391,#13405,#13420,#13443,
#13466,#13484,#13502,#13515,#13527,#13540,#13553,#13565,#13578,#13591,#13604,
#13617,#13630,#13643,#13655,#13668,#13681,#13694,#13707,#13720,#13733,#13745,
#13758,#13771,#13784,#13796,#13809,#13822,#13835,#13847,#13862,#13877,#13900,
#13923,#13941,#13959,#13973,#13987,#14002,#14025,#14048,#14066,#14084,#14097,
#14109,#14122,#14135,#14147,#14160,#14173,#14186,#14199,#14212,#14225,#14237,
#14250,#14263,#14276,#14289,#14302,#14315,#14327,#14340,#14353,#14366,#14378,
#14391,#14404,#14417,#14429,#14441,#14455,#14468,#14481,#14493,#14507,#14520,
#14532,#14550,#14564,#14579,#14591,#14604,#14617,#14629,#14641,#14654,#14667,
#14679,#14691,#14704,#14718,#14734,#14749,#14760,#14779,#14796,#14812,#14830,
#14844,#14858,#14871,#14884,#14900,#14913,#14926,#14938,#14951,#14965,#14981,
#14997,#15010,#15022,#15035,#15048,#15064,#15076,#15090,#15112,#15126,#15147,
#15159,#15171,#15183,#15197,#15219,#15233,#15246,#15266,#15279,#15292,#15304,
#15316,#15328,#15341,#15354,#15367,#15380,#15393,#15405,#15418,#15431,#15443,
#15456,#15469,#15482,#15495,#15507,#15519,#15531,#15545,#15558,#15570));
#15572=MANIFOLD_SOLID_BREP('',#15571);
#15573=CARTESIAN_POINT('',(0.E0,0.E0,0.E0));
#15574=DIRECTION('',(0.E0,0.E0,1.E0));
#15575=DIRECTION('',(1.E0,0.E0,0.E0));
#15576=AXIS2_PLACEMENT_3D('PRT_CSYS_DEF',#15573,#15574,#15575);
#15577=DIRECTION('',(0.E0,0.E0,-1.E0));
#15578=VECTOR('',#15577,4.E-1);
#15579=CARTESIAN_POINT('',(4.4E-1,0.E0,1.15E0));
#15580=LINE('',#15579,#15578);
#15583=DIRECTION('',(-1.E0,0.E0,0.E0));
#15584=VECTOR('',#15583,1.8E-1);
#15585=CARTESIAN_POINT('',(4.4E-1,0.E0,7.5E-1));
#15586=LINE('',#15585,#15584);
#15589=DIRECTION('',(0.E0,0.E0,1.E0));
#15590=VECTOR('',#15589,4.E-1);
#15591=CARTESIAN_POINT('',(2.6E-1,0.E0,7.5E-1));
#15592=LINE('',#15591,#15590);
#15595=DIRECTION('',(1.E0,0.E0,0.E0));
#15596=VECTOR('',#15595,1.8E-1);
#15597=CARTESIAN_POINT('',(2.6E-1,0.E0,1.15E0));
#15598=LINE('',#15597,#15596);
#15603=DIRECTION('',(-1.E0,0.E0,0.E0));
#15604=VECTOR('',#15603,1.8E-1);
#15605=CARTESIAN_POINT('',(4.4E-1,0.E0,-1.15E0));
#15606=LINE('',#15605,#15604);
#15609=DIRECTION('',(0.E0,0.E0,1.E0));
#15610=VECTOR('',#15609,4.E-1);
#15611=CARTESIAN_POINT('',(2.6E-1,0.E0,-1.15E0));
#15612=LINE('',#15611,#15610);
#15615=DIRECTION('',(1.E0,0.E0,0.E0));
#15616=VECTOR('',#15615,1.8E-1);
#15617=CARTESIAN_POINT('',(2.6E-1,0.E0,-7.5E-1));
#15618=LINE('',#15617,#15616);
#15621=DIRECTION('',(0.E0,0.E0,-1.E0));
#15622=VECTOR('',#15621,4.E-1);
#15623=CARTESIAN_POINT('',(4.4E-1,0.E0,-7.5E-1));
#15624=LINE('',#15623,#15622);
#15628=DIRECTION('',(0.E0,0.E0,-1.E0));
#15629=VECTOR('',#15628,4.E-1);
#15630=CARTESIAN_POINT('',(9.E-2,0.E0,1.15E0));
#15631=LINE('',#15630,#15629);
#15634=DIRECTION('',(-1.E0,0.E0,0.E0));
#15635=VECTOR('',#15634,1.8E-1);
#15636=CARTESIAN_POINT('',(9.E-2,0.E0,7.5E-1));
#15637=LINE('',#15636,#15635);
#15640=DIRECTION('',(0.E0,0.E0,1.E0));
#15641=VECTOR('',#15640,4.E-1);
#15642=CARTESIAN_POINT('',(-9.E-2,0.E0,7.5E-1));
#15643=LINE('',#15642,#15641);
#15646=DIRECTION('',(1.E0,0.E0,0.E0));
#15647=VECTOR('',#15646,1.8E-1);
#15648=CARTESIAN_POINT('',(-9.E-2,0.E0,1.15E0));
#15649=LINE('',#15648,#15647);
#15653=DIRECTION('',(-1.E0,0.E0,0.E0));
#15654=VECTOR('',#15653,1.8E-1);
#15655=CARTESIAN_POINT('',(9.E-2,0.E0,-1.15E0));
#15656=LINE('',#15655,#15654);
#15659=DIRECTION('',(0.E0,0.E0,1.E0));
#15660=VECTOR('',#15659,4.E-1);
#15661=CARTESIAN_POINT('',(-9.E-2,0.E0,-1.15E0));
#15662=LINE('',#15661,#15660);
#15665=DIRECTION('',(1.E0,0.E0,0.E0));
#15666=VECTOR('',#15665,1.8E-1);
#15667=CARTESIAN_POINT('',(-9.E-2,0.E0,-7.5E-1));
#15668=LINE('',#15667,#15666);
#15671=DIRECTION('',(0.E0,0.E0,-1.E0));
#15672=VECTOR('',#15671,4.E-1);
#15673=CARTESIAN_POINT('',(9.E-2,0.E0,-7.5E-1));
#15674=LINE('',#15673,#15672);
#15678=DIRECTION('',(0.E0,0.E0,-1.E0));
#15679=VECTOR('',#15678,4.E-1);
#15680=CARTESIAN_POINT('',(-2.6E-1,0.E0,1.15E0));
#15681=LINE('',#15680,#15679);
#15684=DIRECTION('',(-1.E0,0.E0,0.E0));
#15685=VECTOR('',#15684,1.8E-1);
#15686=CARTESIAN_POINT('',(-2.6E-1,0.E0,7.5E-1));
#15687=LINE('',#15686,#15685);
#15690=DIRECTION('',(0.E0,0.E0,1.E0));
#15691=VECTOR('',#15690,4.E-1);
#15692=CARTESIAN_POINT('',(-4.4E-1,0.E0,7.5E-1));
#15693=LINE('',#15692,#15691);
#15696=DIRECTION('',(1.E0,0.E0,0.E0));
#15697=VECTOR('',#15696,1.8E-1);
#15698=CARTESIAN_POINT('',(-4.4E-1,0.E0,1.15E0));
#15699=LINE('',#15698,#15697);
#15703=DIRECTION('',(-1.E0,0.E0,0.E0));
#15704=VECTOR('',#15703,1.8E-1);
#15705=CARTESIAN_POINT('',(-2.6E-1,0.E0,-1.15E0));
#15706=LINE('',#15705,#15704);
#15709=DIRECTION('',(0.E0,0.E0,1.E0));
#15710=VECTOR('',#15709,4.E-1);
#15711=CARTESIAN_POINT('',(-4.4E-1,0.E0,-1.15E0));
#15712=LINE('',#15711,#15710);
#15715=DIRECTION('',(1.E0,0.E0,0.E0));
#15716=VECTOR('',#15715,1.8E-1);
#15717=CARTESIAN_POINT('',(-4.4E-1,0.E0,-7.5E-1));
#15718=LINE('',#15717,#15716);
#15721=DIRECTION('',(0.E0,0.E0,-1.E0));
#15722=VECTOR('',#15721,4.E-1);
#15723=CARTESIAN_POINT('',(-2.6E-1,0.E0,-7.5E-1));
#15724=LINE('',#15723,#15722);
#15728=DIRECTION('',(0.E0,0.E0,-1.E0));
#15729=VECTOR('',#15728,3.85E-1);
#15730=CARTESIAN_POINT('',(1.83E0,0.E0,6.75E-1));
#15731=LINE('',#15730,#15729);
#15734=DIRECTION('',(-1.E0,0.E0,0.E0));
#15735=VECTOR('',#15734,4.E-1);
#15736=CARTESIAN_POINT('',(1.83E0,0.E0,2.9E-1));
#15737=LINE('',#15736,#15735);
#15740=DIRECTION('',(0.E0,0.E0,1.E0));
#15741=VECTOR('',#15740,3.85E-1);
#15742=CARTESIAN_POINT('',(1.43E0,0.E0,2.9E-1));
#15743=LINE('',#15742,#15741);
#15746=DIRECTION('',(1.E0,0.E0,0.E0));
#15747=VECTOR('',#15746,4.E-1);
#15748=CARTESIAN_POINT('',(1.43E0,0.E0,6.75E-1));
#15749=LINE('',#15748,#15747);
#15753=DIRECTION('',(-1.E0,0.E0,0.E0));
#15754=VECTOR('',#15753,4.E-1);
#15755=CARTESIAN_POINT('',(1.83E0,0.E0,-6.75E-1));
#15756=LINE('',#15755,#15754);
#15759=DIRECTION('',(0.E0,0.E0,1.E0));
#15760=VECTOR('',#15759,3.85E-1);
#15761=CARTESIAN_POINT('',(1.43E0,0.E0,-6.75E-1));
#15762=LINE('',#15761,#15760);
#15765=DIRECTION('',(1.E0,0.E0,0.E0));
#15766=VECTOR('',#15765,4.E-1);
#15767=CARTESIAN_POINT('',(1.43E0,0.E0,-2.9E-1));
#15768=LINE('',#15767,#15766);
#15771=DIRECTION('',(0.E0,0.E0,-1.E0));
#15772=VECTOR('',#15771,3.85E-1);
#15773=CARTESIAN_POINT('',(1.83E0,0.E0,-2.9E-1));
#15774=LINE('',#15773,#15772);
#15778=DIRECTION('',(1.E0,0.E0,0.E0));
#15779=VECTOR('',#15778,4.E-1);
#15780=CARTESIAN_POINT('',(-1.83E0,0.E0,6.75E-1));
#15781=LINE('',#15780,#15779);
#15784=DIRECTION('',(0.E0,0.E0,-1.E0));
#15785=VECTOR('',#15784,3.85E-1);
#15786=CARTESIAN_POINT('',(-1.43E0,0.E0,6.75E-1));
#15787=LINE('',#15786,#15785);
#15790=DIRECTION('',(-1.E0,0.E0,0.E0));
#15791=VECTOR('',#15790,4.E-1);
#15792=CARTESIAN_POINT('',(-1.43E0,0.E0,2.9E-1));
#15793=LINE('',#15792,#15791);
#15796=DIRECTION('',(0.E0,0.E0,1.E0));
#15797=VECTOR('',#15796,3.85E-1);
#15798=CARTESIAN_POINT('',(-1.83E0,0.E0,2.9E-1));
#15799=LINE('',#15798,#15797);
#15803=DIRECTION('',(0.E0,0.E0,1.E0));
#15804=VECTOR('',#15803,3.85E-1);
#15805=CARTESIAN_POINT('',(-1.83E0,0.E0,-6.75E-1));
#15806=LINE('',#15805,#15804);
#15809=DIRECTION('',(1.E0,0.E0,0.E0));
#15810=VECTOR('',#15809,4.E-1);
#15811=CARTESIAN_POINT('',(-1.83E0,0.E0,-2.9E-1));
#15812=LINE('',#15811,#15810);
#15815=DIRECTION('',(0.E0,0.E0,-1.E0));
#15816=VECTOR('',#15815,3.85E-1);
#15817=CARTESIAN_POINT('',(-1.43E0,0.E0,-2.9E-1));
#15818=LINE('',#15817,#15816);
#15821=DIRECTION('',(-1.E0,0.E0,0.E0));
#15822=VECTOR('',#15821,4.E-1);
#15823=CARTESIAN_POINT('',(-1.43E0,0.E0,-6.75E-1));
#15824=LINE('',#15823,#15822);
#15829=DIMENSIONAL_EXPONENTS(0.E0,0.E0,0.E0,0.E0,0.E0,0.E0,0.E0);
#15831=PLANE_ANGLE_MEASURE_WITH_UNIT(PLANE_ANGLE_MEASURE(1.745329251994E-2),
#15830);
#15832=(CONVERSION_BASED_UNIT('DEGREE',#15831)NAMED_UNIT(*)PLANE_ANGLE_UNIT());
#15834=UNCERTAINTY_MEASURE_WITH_UNIT(LENGTH_MEASURE(4.434064391894E-4),#15828,
'closure',
'Maximum model space distance between geometric entities at asserted connectivities');
#15835=(GEOMETRIC_REPRESENTATION_CONTEXT(3)GLOBAL_UNCERTAINTY_ASSIGNED_CONTEXT((
#15834))GLOBAL_UNIT_ASSIGNED_CONTEXT((#15828,#15832,#15833))REPRESENTATION_CONTEXT('ID1','3'));
#15602=GEOMETRIC_SET('',(#15601,#15627,#15652,#15677,#15702,#15727,#15752,
#15777,#15802,#15827));
#15839=SHAPE_REPRESENTATION_RELATIONSHIP('','',#15838,#15836);
#15840=SHAPE_REPRESENTATION_RELATIONSHIP('','',#15838,#15837);
#15841=APPLICATION_CONTEXT(
'CONFIGURATION CONTROLLED 3D DESIGNS OF MECHANICAL PARTS AND ASSEMBLIES');
#15842=APPLICATION_PROTOCOL_DEFINITION('international standard',
'config_control_design',1994,#15841);
#15843=DESIGN_CONTEXT('',#15841,'design');
#15844=MECHANICAL_CONTEXT('',#15841,'mechanical');
#15845=PRODUCT('5052700612','5052700612','NOT SPECIFIED',(#15844));
#15846=PRODUCT_DEFINITION_FORMATION_WITH_SPECIFIED_SOURCE('1','LAST_VERSION',
#15845,.MADE.);
#15850=PRODUCT_CATEGORY('part','');
#15851=PRODUCT_RELATED_PRODUCT_CATEGORY('detail','',(#15845));
#15852=PRODUCT_CATEGORY_RELATIONSHIP('','',#15850,#15851);
#15853=SECURITY_CLASSIFICATION_LEVEL('unclassified');
#15854=SECURITY_CLASSIFICATION('','',#15853);
#15855=CC_DESIGN_SECURITY_CLASSIFICATION(#15854,(#15846));
#15856=APPROVAL_STATUS('approved');
#15857=APPROVAL(#15856,'');
#15858=CC_DESIGN_APPROVAL(#15857,(#15854,#15846,#15847));
#15859=CALENDAR_DATE(118,5,10);
#15860=COORDINATED_UNIVERSAL_TIME_OFFSET(5,30,.AHEAD.);
#15861=LOCAL_TIME(8,31,1.6E1,#15860);
#15862=DATE_AND_TIME(#15859,#15861);
#15863=APPROVAL_DATE_TIME(#15862,#15857);
#15864=DATE_TIME_ROLE('creation_date');
#15865=CC_DESIGN_DATE_AND_TIME_ASSIGNMENT(#15862,#15864,(#15847));
#15866=DATE_TIME_ROLE('classification_date');
#15867=CC_DESIGN_DATE_AND_TIME_ASSIGNMENT(#15862,#15866,(#15854));
#15868=PERSON('UNSPECIFIED','UNSPECIFIED',$,$,$,$);
#15869=ORGANIZATION('UNSPECIFIED','UNSPECIFIED','UNSPECIFIED');
#15870=PERSON_AND_ORGANIZATION(#15868,#15869);
#15871=APPROVAL_ROLE('approver');
#15872=APPROVAL_PERSON_ORGANIZATION(#15870,#15857,#15871);
#15873=PERSON_AND_ORGANIZATION_ROLE('creator');
#15874=CC_DESIGN_PERSON_AND_ORGANIZATION_ASSIGNMENT(#15870,#15873,(#15846,
#15847));
#15875=PERSON_AND_ORGANIZATION_ROLE('design_supplier');
#15876=CC_DESIGN_PERSON_AND_ORGANIZATION_ASSIGNMENT(#15870,#15875,(#15846));
#15877=PERSON_AND_ORGANIZATION_ROLE('classification_officer');
#15878=CC_DESIGN_PERSON_AND_ORGANIZATION_ASSIGNMENT(#15870,#15877,(#15854));
#15879=PERSON_AND_ORGANIZATION_ROLE('design_owner');
#15880=CC_DESIGN_PERSON_AND_ORGANIZATION_ASSIGNMENT(#15870,#15879,(#15845));
#25=CIRCLE('',#24,2.E-1);
#66=CIRCLE('',#65,2.E-1);
#99=CIRCLE('',#98,2.E-1);
#140=CIRCLE('',#139,2.E-1);
#237=CIRCLE('',#236,1.2E-1);
#254=CIRCLE('',#253,1.2E-1);
#263=CIRCLE('',#262,1.2E-1);
#272=CIRCLE('',#271,1.2E-1);
#305=CIRCLE('',#304,1.2E-1);
#338=CIRCLE('',#337,1.2E-1);
#351=B_SPLINE_CURVE_WITH_KNOTS('',3,(#347,#348,#349,#350),.UNSPECIFIED.,.F.,.F.,
(4,4),(0.E0,1.E0),.UNSPECIFIED.);
#736=CIRCLE('',#735,1.2E-1);
#745=CIRCLE('',#744,1.2E-1);
#758=B_SPLINE_CURVE_WITH_KNOTS('',3,(#754,#755,#756,#757),.UNSPECIFIED.,.F.,.F.,
(4,4),(0.E0,1.E0),.UNSPECIFIED.);
#783=CIRCLE('',#782,1.2E-1);
#808=CIRCLE('',#807,1.2E-1);
#821=B_SPLINE_CURVE_WITH_KNOTS('',3,(#817,#818,#819,#820),.UNSPECIFIED.,.F.,.F.,
(4,4),(0.E0,1.E0),.UNSPECIFIED.);
#878=CIRCLE('',#877,1.2E-1);
#887=CIRCLE('',#886,1.2E-1);
#900=CIRCLE('',#899,1.2E-1);
#905=CIRCLE('',#904,1.2E-1);
#910=CIRCLE('',#909,1.2E-1);
#919=CIRCLE('',#918,1.2E-1);
#1056=CIRCLE('',#1055,1.2E-1);
#1073=CIRCLE('',#1072,6.E-2);
#1082=CIRCLE('',#1081,9.E-2);
#1087=CIRCLE('',#1086,1.2E-1);
#1092=CIRCLE('',#1091,9.E-2);
#1101=CIRCLE('',#1100,6.E-2);
#1138=CIRCLE('',#1137,1.2E-1);
#1147=CIRCLE('',#1146,1.2E-1);
#1168=CIRCLE('',#1167,1.2E-1);
#1177=CIRCLE('',#1176,1.2E-1);
#1330=B_SPLINE_CURVE_WITH_KNOTS('',3,(#1326,#1327,#1328,#1329),.UNSPECIFIED.,
.F.,.F.,(4,4),(0.E0,1.E0),.UNSPECIFIED.);
#1959=CIRCLE('',#1958,1.2E-1);
#1984=CIRCLE('',#1983,1.2E-1);
#2165=CIRCLE('',#2164,1.2E-1);
#2174=CIRCLE('',#2173,9.E-2);
#2183=CIRCLE('',#2182,6.E-2);
#2196=CIRCLE('',#2195,1.2E-1);
#2209=CIRCLE('',#2208,6.E-2);
#2218=CIRCLE('',#2217,9.E-2);
#2427=CIRCLE('',#2426,1.2E-1);
#2432=CIRCLE('',#2431,9.E-2);
#2441=CIRCLE('',#2440,6.E-2);
#2454=CIRCLE('',#2453,1.2E-1);
#2467=CIRCLE('',#2466,6.E-2);
#2476=CIRCLE('',#2475,9.E-2);
#2481=CIRCLE('',#2480,1.2E-1);
#2498=CIRCLE('',#2497,6.E-2);
#2507=CIRCLE('',#2506,9.E-2);
#2516=CIRCLE('',#2515,1.2E-1);
#2525=CIRCLE('',#2524,9.E-2);
#2534=CIRCLE('',#2533,6.E-2);
#2731=CIRCLE('',#2730,1.2E-1);
#2740=CIRCLE('',#2739,1.2E-1);
#2749=B_SPLINE_CURVE_WITH_KNOTS('',3,(#2745,#2746,#2747,#2748),.UNSPECIFIED.,
.F.,.F.,(4,4),(0.E0,1.E0),.UNSPECIFIED.);
#2882=CIRCLE('',#2881,1.2E-1);
#2907=CIRCLE('',#2906,1.2E-1);
#2960=CIRCLE('',#2959,1.2E-1);
#2989=CIRCLE('',#2988,1.2E-1);
#3114=CIRCLE('',#3113,1.2E-1);
#3119=CIRCLE('',#3118,1.2E-1);
#3132=CIRCLE('',#3131,1.2E-1);
#3141=CIRCLE('',#3140,1.2E-1);
#3158=B_SPLINE_CURVE_WITH_KNOTS('',3,(#3154,#3155,#3156,#3157),.UNSPECIFIED.,
.F.,.F.,(4,4),(0.E0,1.E0),.UNSPECIFIED.);
#3167=CIRCLE('',#3166,1.2E-1);
#3200=CIRCLE('',#3199,1.2E-1);
#3229=B_SPLINE_CURVE_WITH_KNOTS('',3,(#3225,#3226,#3227,#3228),.UNSPECIFIED.,
.F.,.F.,(4,4),(0.E0,1.E0),.UNSPECIFIED.);
#3386=CIRCLE('',#3385,1.2E-1);
#3395=CIRCLE('',#3394,1.2E-1);
#3560=CIRCLE('',#3559,2.E-1);
#3565=B_SPLINE_CURVE_WITH_KNOTS('',3,(#3561,#3562,#3563,#3564),.UNSPECIFIED.,
.F.,.F.,(4,4),(0.E0,1.E0),.UNSPECIFIED.);
#3570=CIRCLE('',#3569,2.E-1);
#3611=CIRCLE('',#3610,2.E-1);
#3616=CIRCLE('',#3615,2.E-1);
#3621=B_SPLINE_CURVE_WITH_KNOTS('',3,(#3617,#3618,#3619,#3620),.UNSPECIFIED.,
.F.,.F.,(4,4),(0.E0,1.E0),.UNSPECIFIED.);
#3702=CIRCLE('',#3701,2.E-1);
#3707=B_SPLINE_CURVE_WITH_KNOTS('',3,(#3703,#3704,#3705,#3706),.UNSPECIFIED.,
.F.,.F.,(4,4),(0.E0,1.E0),.UNSPECIFIED.);
#3712=CIRCLE('',#3711,2.E-1);
#4129=CIRCLE('',#4128,9.E-2);
#4150=CIRCLE('',#4149,9.E-2);
#4155=CIRCLE('',#4154,1.2E-1);
#4180=CIRCLE('',#4179,3.9E-2);
#4185=CIRCLE('',#4184,3.9E-2);
#4210=CIRCLE('',#4209,1.2E-1);
#4215=CIRCLE('',#4214,1.35E-1);
#4232=CIRCLE('',#4231,1.35E-1);
#4265=CIRCLE('',#4264,1.35E-1);
#4270=CIRCLE('',#4269,9.E-2);
#4283=CIRCLE('',#4282,1.2E-1);
#4288=CIRCLE('',#4287,3.9E-2);
#4321=CIRCLE('',#4320,9.E-2);
#4326=CIRCLE('',#4325,1.2E-1);
#4351=CIRCLE('',#4350,3.9E-2);
#4356=CIRCLE('',#4355,1.35E-1);
#4457=CIRCLE('',#4456,9.E-2);
#4478=CIRCLE('',#4477,9.E-2);
#4483=CIRCLE('',#4482,1.2E-1);
#4508=CIRCLE('',#4507,3.9E-2);
#4513=CIRCLE('',#4512,3.9E-2);
#4538=CIRCLE('',#4537,1.2E-1);
#4543=CIRCLE('',#4542,1.35E-1);
#4560=CIRCLE('',#4559,1.35E-1);
#4589=CIRCLE('',#4588,9.E-2);
#4594=CIRCLE('',#4593,9.E-2);
#4607=CIRCLE('',#4606,3.9E-2);
#4632=CIRCLE('',#4631,1.2E-1);
#4637=CIRCLE('',#4636,1.2E-1);
#4662=CIRCLE('',#4661,3.9E-2);
#4667=CIRCLE('',#4666,1.35E-1);
#4684=CIRCLE('',#4683,1.35E-1);
#4785=CIRCLE('',#4784,9.E-2);
#4806=CIRCLE('',#4805,9.E-2);
#4811=CIRCLE('',#4810,1.2E-1);
#4836=CIRCLE('',#4835,3.9E-2);
#4841=CIRCLE('',#4840,3.9E-2);
#4866=CIRCLE('',#4865,1.2E-1);
#4871=CIRCLE('',#4870,1.35E-1);
#4888=CIRCLE('',#4887,1.35E-1);
#4917=CIRCLE('',#4916,9.E-2);
#4922=CIRCLE('',#4921,9.E-2);
#4935=CIRCLE('',#4934,3.9E-2);
#4960=CIRCLE('',#4959,1.2E-1);
#4965=CIRCLE('',#4964,1.2E-1);
#4990=CIRCLE('',#4989,3.9E-2);
#4995=CIRCLE('',#4994,1.35E-1);
#5012=CIRCLE('',#5011,1.35E-1);
#5173=CIRCLE('',#5172,2.E-1);
#5178=CIRCLE('',#5177,2.E-1);
#5183=B_SPLINE_CURVE_WITH_KNOTS('',3,(#5179,#5180,#5181,#5182),.UNSPECIFIED.,
.F.,.F.,(4,4),(0.E0,1.E0),.UNSPECIFIED.);
#5236=B_SPLINE_CURVE_WITH_KNOTS('',3,(#5232,#5233,#5234,#5235),.UNSPECIFIED.,
.F.,.F.,(4,4),(0.E0,1.E0),.UNSPECIFIED.);
#5333=CIRCLE('',#5332,4.E-2);
#5338=CIRCLE('',#5337,4.E-2);
#5407=CIRCLE('',#5406,4.E-2);
#5412=CIRCLE('',#5411,4.E-2);
#5433=CIRCLE('',#5432,1.2E-1);
#5458=CIRCLE('',#5457,1.2E-1);
#5487=CIRCLE('',#5486,4.E-2);
#5492=CIRCLE('',#5491,4.E-2);
#5505=CIRCLE('',#5504,4.E-2);
#5510=CIRCLE('',#5509,4.E-2);
#5515=CIRCLE('',#5514,1.2E-1);
#5544=CIRCLE('',#5543,1.2E-1);
#7502=EDGE_CURVE('',#6197,#5712,#228,.T.);
#7504=EDGE_CURVE('',#6197,#6198,#4,.T.);
#7506=EDGE_CURVE('',#6198,#6200,#8,.T.);
#7508=EDGE_CURVE('',#6200,#6202,#12,.T.);
#7510=EDGE_CURVE('',#5720,#6202,#3317,.T.);
#7512=EDGE_CURVE('',#5719,#5720,#16,.T.);
#7514=EDGE_CURVE('',#5722,#5719,#20,.T.);
#7516=EDGE_CURVE('',#5755,#5722,#25,.T.);
#7518=EDGE_CURVE('',#5755,#5756,#29,.T.);
#7520=EDGE_CURVE('',#5756,#5701,#33,.T.);
#7522=EDGE_CURVE('',#5701,#5702,#37,.T.);
#7524=EDGE_CURVE('',#5704,#5702,#41,.T.);
#7526=EDGE_CURVE('',#5695,#5704,#45,.T.);
#7528=EDGE_CURVE('',#5695,#5696,#49,.T.);
#7530=EDGE_CURVE('',#5696,#5698,#53,.T.);
#7532=EDGE_CURVE('',#5787,#5698,#57,.T.);
#7534=EDGE_CURVE('',#5786,#5787,#61,.T.);
#7536=EDGE_CURVE('',#5728,#5786,#66,.T.);
#7538=EDGE_CURVE('',#5715,#5728,#70,.T.);
#7540=EDGE_CURVE('',#5715,#5716,#74,.T.);
#7542=EDGE_CURVE('',#7443,#5716,#1245,.T.);
#7544=EDGE_CURVE('',#7443,#7444,#78,.T.);
#7546=EDGE_CURVE('',#7444,#7446,#82,.T.);
#7548=EDGE_CURVE('',#7446,#7448,#86,.T.);
#7550=EDGE_CURVE('',#5708,#7448,#2626,.T.);
#7552=EDGE_CURVE('',#5707,#5708,#90,.T.);
#7554=EDGE_CURVE('',#5726,#5707,#94,.T.);
#7556=EDGE_CURVE('',#5790,#5726,#99,.T.);
#7558=EDGE_CURVE('',#5790,#5791,#103,.T.);
#7560=EDGE_CURVE('',#5791,#5683,#107,.T.);
#7562=EDGE_CURVE('',#5683,#5684,#111,.T.);
#7564=EDGE_CURVE('',#5686,#5684,#115,.T.);
#7566=EDGE_CURVE('',#5689,#5686,#119,.T.);
#7568=EDGE_CURVE('',#5689,#5690,#123,.T.);
#7570=EDGE_CURVE('',#5690,#5692,#127,.T.);
#7572=EDGE_CURVE('',#5760,#5692,#131,.T.);
#7574=EDGE_CURVE('',#5759,#5760,#135,.T.);
#7576=EDGE_CURVE('',#5724,#5759,#140,.T.);
#7578=EDGE_CURVE('',#5711,#5724,#144,.T.);
#7580=EDGE_CURVE('',#5711,#5712,#148,.T.);
#7590=EDGE_CURVE('',#7112,#6984,#152,.T.);
#7592=EDGE_CURVE('',#7112,#5854,#156,.T.);
#7594=EDGE_CURVE('',#5854,#5855,#160,.T.);
#7596=EDGE_CURVE('',#6944,#5855,#164,.T.);
#7598=EDGE_CURVE('',#6944,#6975,#168,.T.);
#7600=EDGE_CURVE('',#6975,#6976,#172,.T.);
#7602=EDGE_CURVE('',#6976,#6978,#176,.T.);
#7604=EDGE_CURVE('',#6978,#6980,#180,.T.);
#7606=EDGE_CURVE('',#6980,#6982,#184,.T.);
#7608=EDGE_CURVE('',#6982,#6984,#188,.T.);
#7618=EDGE_CURVE('',#6125,#7185,#2829,.T.);
#7620=EDGE_CURVE('',#6125,#7143,#192,.T.);
#7622=EDGE_CURVE('',#7143,#6995,#196,.T.);
#7624=EDGE_CURVE('',#7185,#6995,#200,.T.);
#7634=EDGE_CURVE('',#7177,#5847,#2797,.T.);
#7636=EDGE_CURVE('',#7177,#6987,#204,.T.);
#7638=EDGE_CURVE('',#6987,#6988,#208,.T.);
#7640=EDGE_CURVE('',#6988,#6990,#212,.T.);
#7642=EDGE_CURVE('',#6990,#6992,#216,.T.);
#7644=EDGE_CURVE('',#7140,#6992,#220,.T.);
#7646=EDGE_CURVE('',#5870,#7140,#224,.T.);
#7648=EDGE_CURVE('',#6216,#5870,#3932,.T.);
#7650=EDGE_CURVE('',#6216,#6189,#3796,.T.);
#7652=EDGE_CURVE('',#6197,#6189,#3924,.T.);
#7655=EDGE_CURVE('',#5712,#5835,#232,.T.);
#7657=EDGE_CURVE('',#5835,#5847,#1898,.T.);
#7667=EDGE_CURVE('',#7126,#7091,#237,.T.);
#7669=EDGE_CURVE('',#7052,#7126,#1019,.T.);
#7671=EDGE_CURVE('',#7072,#7052,#241,.T.);
#7673=EDGE_CURVE('',#7128,#7072,#2562,.T.);
#7675=EDGE_CURVE('',#7122,#7128,#483,.T.);
#7677=EDGE_CURVE('',#7120,#7122,#455,.T.);
#7679=EDGE_CURVE('',#7119,#7120,#355,.T.);
#7681=EDGE_CURVE('',#7088,#7119,#245,.T.);
#7683=EDGE_CURVE('',#7087,#7088,#249,.T.);
#7685=EDGE_CURVE('',#7092,#7087,#254,.T.);
#7687=EDGE_CURVE('',#7091,#7092,#258,.T.);
#7697=EDGE_CURVE('',#6964,#7124,#2136,.T.);
#7699=EDGE_CURVE('',#7098,#7124,#263,.T.);
#7701=EDGE_CURVE('',#7096,#7098,#267,.T.);
#7703=EDGE_CURVE('',#7095,#7096,#272,.T.);
#7705=EDGE_CURVE('',#7100,#7095,#276,.T.);
#7707=EDGE_CURVE('',#7115,#7100,#280,.T.);
#7709=EDGE_CURVE('',#7115,#7116,#579,.T.);
#7711=EDGE_CURVE('',#7116,#7111,#567,.T.);
#7713=EDGE_CURVE('',#7111,#7112,#471,.T.);
#7716=EDGE_CURVE('',#6984,#6964,#284,.T.);
#7726=EDGE_CURVE('',#6894,#7091,#292,.T.);
#7728=EDGE_CURVE('',#7152,#6894,#2731,.T.);
#7730=EDGE_CURVE('',#7152,#7126,#288,.T.);
#7741=EDGE_CURVE('',#6895,#7092,#296,.T.);
#7743=EDGE_CURVE('',#6894,#6895,#346,.T.);
#7755=EDGE_CURVE('',#7103,#6896,#305,.T.);
#7757=EDGE_CURVE('',#6895,#6896,#351,.T.);
#7761=EDGE_CURVE('',#7103,#7087,#5680,.T.);
#7771=EDGE_CURVE('',#6890,#6896,#300,.T.);
#7774=EDGE_CURVE('',#7103,#7104,#309,.T.);
#7776=EDGE_CURVE('',#7130,#7104,#313,.T.);
#7778=EDGE_CURVE('',#7156,#7130,#399,.T.);
#7780=EDGE_CURVE('',#6890,#7156,#317,.T.);
#7790=EDGE_CURVE('',#7163,#7164,#321,.T.);
#7792=EDGE_CURVE('',#7164,#7168,#325,.T.);
#7794=EDGE_CURVE('',#7168,#7132,#647,.T.);
#7796=EDGE_CURVE('',#7107,#7132,#329,.T.);
#7798=EDGE_CURVE('',#7107,#7108,#333,.T.);
#7800=EDGE_CURVE('',#7163,#7108,#338,.T.);
#7810=EDGE_CURVE('',#6890,#6891,#342,.T.);
#7812=EDGE_CURVE('',#6891,#7154,#459,.T.);
#7814=EDGE_CURVE('',#7154,#6894,#2726,.T.);
#7829=EDGE_CURVE('',#6891,#7156,#395,.T.);
#7840=EDGE_CURVE('',#7120,#6696,#359,.T.);
#7842=EDGE_CURVE('',#6696,#5963,#2694,.T.);
#7844=EDGE_CURVE('',#5963,#5956,#363,.T.);
#7846=EDGE_CURVE('',#5956,#5957,#367,.T.);
#7848=EDGE_CURVE('',#5957,#7119,#371,.T.);
#7858=EDGE_CURVE('',#7305,#7275,#375,.T.);
#7860=EDGE_CURVE('',#7275,#5978,#379,.T.);
#7862=EDGE_CURVE('',#5978,#5979,#383,.T.);
#7864=EDGE_CURVE('',#5979,#5981,#387,.T.);
#7866=EDGE_CURVE('',#6683,#5981,#1277,.T.);
#7868=EDGE_CURVE('',#6683,#7305,#391,.T.);
#7880=EDGE_CURVE('',#7130,#7119,#403,.T.);
#7882=EDGE_CURVE('',#7119,#5960,#407,.T.);
#7884=EDGE_CURVE('',#5960,#5961,#411,.T.);
#7886=EDGE_CURVE('',#5961,#6025,#415,.T.);
#7888=EDGE_CURVE('',#6037,#6025,#845,.T.);
#7890=EDGE_CURVE('',#6037,#6891,#419,.T.);
#7900=EDGE_CURVE('',#7365,#7357,#423,.T.);
#7902=EDGE_CURVE('',#7357,#6031,#427,.T.);
#7904=EDGE_CURVE('',#6027,#6031,#431,.T.);
#7906=EDGE_CURVE('',#6027,#5974,#435,.T.);
#7908=EDGE_CURVE('',#5974,#5975,#439,.T.);
#7910=EDGE_CURVE('',#5975,#7275,#443,.T.);
#7912=EDGE_CURVE('',#7271,#7275,#447,.T.);
#7914=EDGE_CURVE('',#7365,#7271,#451,.T.);
#7925=EDGE_CURVE('',#7122,#6695,#479,.T.);
#7927=EDGE_CURVE('',#6695,#6696,#2686,.T.);
#7940=EDGE_CURVE('',#6037,#6041,#463,.T.);
#7942=EDGE_CURVE('',#6041,#7147,#507,.T.);
#7944=EDGE_CURVE('',#7147,#7154,#467,.T.);
#7955=EDGE_CURVE('',#6692,#7111,#475,.T.);
#7957=EDGE_CURVE('',#5854,#6692,#4124,.T.);
#7970=EDGE_CURVE('',#5850,#7128,#2598,.T.);
#7972=EDGE_CURVE('',#6695,#5850,#2690,.T.);
#7982=EDGE_CURVE('',#7143,#7144,#487,.T.);
#7985=EDGE_CURVE('',#6124,#6125,#2825,.T.);
#7987=EDGE_CURVE('',#6129,#6124,#491,.T.);
#7989=EDGE_CURVE('',#6129,#6043,#495,.T.);
#7991=EDGE_CURVE('',#7144,#6043,#499,.T.);
#8001=EDGE_CURVE('',#7147,#7148,#503,.T.);
#8004=EDGE_CURVE('',#6041,#6127,#511,.T.);
#8006=EDGE_CURVE('',#6127,#6121,#515,.T.);
#8008=EDGE_CURVE('',#6120,#6121,#2809,.T.);
#8010=EDGE_CURVE('',#7148,#6120,#2610,.T.);
#8020=EDGE_CURVE('',#7296,#7297,#519,.T.);
#8022=EDGE_CURVE('',#5862,#7296,#3305,.T.);
#8024=EDGE_CURVE('',#6687,#5862,#1390,.T.);
#8026=EDGE_CURVE('',#7297,#6687,#523,.T.);
#8036=EDGE_CURVE('',#7300,#7301,#527,.T.);
#8038=EDGE_CURVE('',#6684,#7300,#531,.T.);
#8040=EDGE_CURVE('',#5858,#6684,#1281,.T.);
#8042=EDGE_CURVE('',#7301,#5858,#1185,.T.);
#8052=EDGE_CURVE('',#7308,#7309,#535,.T.);
#8054=EDGE_CURVE('',#6033,#7309,#539,.T.);
#8056=EDGE_CURVE('',#6033,#6116,#543,.T.);
#8058=EDGE_CURVE('',#6116,#6117,#547,.T.);
#8060=EDGE_CURVE('',#6774,#6117,#3435,.T.);
#8062=EDGE_CURVE('',#7308,#6774,#3357,.T.);
#8072=EDGE_CURVE('',#7312,#7313,#551,.T.);
#8074=EDGE_CURVE('',#6776,#7313,#1257,.T.);
#8076=EDGE_CURVE('',#6113,#6776,#3451,.T.);
#8078=EDGE_CURVE('',#6112,#6113,#555,.T.);
#8080=EDGE_CURVE('',#6112,#6035,#559,.T.);
#8082=EDGE_CURVE('',#7312,#6035,#563,.T.);
#8093=EDGE_CURVE('',#6691,#7116,#595,.T.);
#8095=EDGE_CURVE('',#6691,#6692,#4116,.T.);
#8106=EDGE_CURVE('',#7159,#7160,#571,.T.);
#8108=EDGE_CURVE('',#7144,#7159,#575,.T.);
#8111=EDGE_CURVE('',#6039,#6043,#829,.T.);
#8113=EDGE_CURVE('',#7160,#6039,#623,.T.);
#8124=EDGE_CURVE('',#5915,#7115,#583,.T.);
#8126=EDGE_CURVE('',#5914,#5915,#587,.T.);
#8128=EDGE_CURVE('',#5922,#5914,#591,.T.);
#8130=EDGE_CURVE('',#6691,#5922,#4120,.T.);
#8141=EDGE_CURVE('',#7303,#7277,#599,.T.);
#8143=EDGE_CURVE('',#7303,#6688,#603,.T.);
#8145=EDGE_CURVE('',#6688,#5950,#1394,.T.);
#8147=EDGE_CURVE('',#5939,#5950,#607,.T.);
#8149=EDGE_CURVE('',#5938,#5939,#611,.T.);
#8151=EDGE_CURVE('',#7277,#5938,#615,.T.);
#8161=EDGE_CURVE('',#7168,#7160,#619,.T.);
#8164=EDGE_CURVE('',#6021,#6039,#627,.T.);
#8166=EDGE_CURVE('',#5919,#6021,#631,.T.);
#8168=EDGE_CURVE('',#5918,#5919,#635,.T.);
#8170=EDGE_CURVE('',#7115,#5918,#639,.T.);
#8172=EDGE_CURVE('',#7132,#7115,#643,.T.);
#8183=EDGE_CURVE('',#7348,#7353,#651,.T.);
#8185=EDGE_CURVE('',#7353,#7273,#655,.T.);
#8187=EDGE_CURVE('',#7273,#7277,#659,.T.);
#8189=EDGE_CURVE('',#5935,#7277,#663,.T.);
#8191=EDGE_CURVE('',#5934,#5935,#667,.T.);
#8193=EDGE_CURVE('',#6023,#5934,#671,.T.);
#8195=EDGE_CURVE('',#6029,#6023,#1346,.T.);
#8197=EDGE_CURVE('',#6029,#7348,#675,.T.);
#8209=EDGE_CURVE('',#5929,#5918,#683,.T.);
#8211=EDGE_CURVE('',#5927,#5929,#4096,.T.);
#8213=EDGE_CURVE('',#5927,#5915,#679,.T.);
#8225=EDGE_CURVE('',#5931,#5919,#711,.T.);
#8227=EDGE_CURVE('',#5931,#5929,#4100,.T.);
#8237=EDGE_CURVE('',#6150,#6151,#687,.T.);
#8239=EDGE_CURVE('',#6025,#6150,#691,.T.);
#8242=EDGE_CURVE('',#5971,#5961,#695,.T.);
#8244=EDGE_CURVE('',#5971,#5748,#699,.T.);
#8246=EDGE_CURVE('',#5748,#6165,#1574,.T.);
#8248=EDGE_CURVE('',#6151,#6165,#703,.T.);
#8258=EDGE_CURVE('',#6154,#6155,#707,.T.);
#8260=EDGE_CURVE('',#6155,#6671,#1542,.T.);
#8262=EDGE_CURVE('',#5931,#6671,#4104,.T.);
#8266=EDGE_CURVE('',#6144,#6021,#715,.T.);
#8268=EDGE_CURVE('',#6154,#6144,#719,.T.);
#8279=EDGE_CURVE('',#6159,#6151,#727,.T.);
#8281=EDGE_CURVE('',#6150,#6159,#766,.T.);
#8291=EDGE_CURVE('',#6156,#6159,#723,.T.);
#8295=EDGE_CURVE('',#6746,#6165,#1570,.T.);
#8297=EDGE_CURVE('',#6746,#6096,#731,.T.);
#8299=EDGE_CURVE('',#6096,#6156,#736,.T.);
#8309=EDGE_CURVE('',#6795,#6796,#740,.T.);
#8311=EDGE_CURVE('',#6796,#6647,#745,.T.);
#8313=EDGE_CURVE('',#6647,#6744,#749,.T.);
#8315=EDGE_CURVE('',#6743,#6744,#1442,.T.);
#8317=EDGE_CURVE('',#6804,#6743,#1317,.T.);
#8319=EDGE_CURVE('',#6795,#6804,#753,.T.);
#8329=EDGE_CURVE('',#6156,#6157,#758,.T.);
#8331=EDGE_CURVE('',#6157,#6163,#762,.T.);
#8333=EDGE_CURVE('',#6163,#6161,#1954,.T.);
#8335=EDGE_CURVE('',#6161,#6150,#837,.T.);
#8347=EDGE_CURVE('',#6097,#6141,#783,.T.);
#8349=EDGE_CURVE('',#6166,#6141,#821,.T.);
#8351=EDGE_CURVE('',#6166,#6157,#770,.T.);
#8355=EDGE_CURVE('',#6096,#6097,#774,.T.);
#8365=EDGE_CURVE('',#6140,#6141,#778,.T.);
#8368=EDGE_CURVE('',#6752,#6097,#787,.T.);
#8370=EDGE_CURVE('',#6752,#6155,#1546,.T.);
#8373=EDGE_CURVE('',#6140,#6154,#791,.T.);
#8383=EDGE_CURVE('',#6787,#6788,#795,.T.);
#8385=EDGE_CURVE('',#6788,#6792,#799,.T.);
#8387=EDGE_CURVE('',#6792,#6749,#1309,.T.);
#8389=EDGE_CURVE('',#6749,#6750,#1466,.T.);
#8391=EDGE_CURVE('',#6648,#6750,#803,.T.);
#8393=EDGE_CURVE('',#6787,#6648,#808,.T.);
#8404=EDGE_CURVE('',#6140,#6144,#812,.T.);
#8406=EDGE_CURVE('',#6144,#6145,#825,.T.);
#8408=EDGE_CURVE('',#6145,#6147,#865,.T.);
#8410=EDGE_CURVE('',#6147,#6166,#816,.T.);
#8437=EDGE_CURVE('',#6129,#6145,#833,.T.);
#8448=EDGE_CURVE('',#6127,#6161,#841,.T.);
#8462=EDGE_CURVE('',#7191,#7176,#849,.T.);
#8464=EDGE_CURVE('',#7176,#6324,#2801,.T.);
#8466=EDGE_CURVE('',#6323,#6324,#1890,.T.);
#8468=EDGE_CURVE('',#7191,#6323,#853,.T.);
#8478=EDGE_CURVE('',#7339,#7321,#857,.T.);
#8480=EDGE_CURVE('',#6772,#7339,#861,.T.);
#8482=EDGE_CURVE('',#6771,#6772,#1922,.T.);
#8484=EDGE_CURVE('',#7321,#6771,#3415,.T.);
#8497=EDGE_CURVE('',#6124,#7184,#2821,.T.);
#8499=EDGE_CURVE('',#7193,#7184,#869,.T.);
#8501=EDGE_CURVE('',#6136,#7193,#873,.T.);
#8503=EDGE_CURVE('',#6147,#6136,#878,.T.);
#8513=EDGE_CURVE('',#6790,#6783,#882,.T.);
#8515=EDGE_CURVE('',#6779,#6790,#887,.T.);
#8517=EDGE_CURVE('',#7341,#6779,#891,.T.);
#8519=EDGE_CURVE('',#7341,#7329,#895,.T.);
#8521=EDGE_CURVE('',#6117,#7329,#3439,.T.);
#8524=EDGE_CURVE('',#6783,#6116,#1342,.T.);
#8534=EDGE_CURVE('',#7406,#7408,#900,.T.);
#8536=EDGE_CURVE('',#7187,#7406,#2024,.T.);
#8538=EDGE_CURVE('',#7187,#7173,#1938,.T.);
#8540=EDGE_CURVE('',#7172,#7173,#2785,.T.);
#8542=EDGE_CURVE('',#7172,#7078,#2618,.T.);
#8544=EDGE_CURVE('',#7078,#7055,#2558,.T.);
#8546=EDGE_CURVE('',#7408,#7055,#1035,.T.);
#8556=EDGE_CURVE('',#7411,#7412,#905,.T.);
#8558=EDGE_CURVE('',#7411,#6967,#2120,.T.);
#8560=EDGE_CURVE('',#6987,#6967,#5628,.T.);
#8563=EDGE_CURVE('',#7176,#7177,#2793,.T.);
#8566=EDGE_CURVE('',#7412,#7191,#2004,.T.);
#8576=EDGE_CURVE('',#7403,#7404,#910,.T.);
#8578=EDGE_CURVE('',#7406,#7404,#1988,.T.);
#8581=EDGE_CURVE('',#7408,#7403,#1031,.T.);
#8592=EDGE_CURVE('',#7076,#7403,#1027,.T.);
#8594=EDGE_CURVE('',#7075,#7076,#914,.T.);
#8596=EDGE_CURVE('',#7180,#7075,#2602,.T.);
#8598=EDGE_CURVE('',#7180,#7181,#2805,.T.);
#8600=EDGE_CURVE('',#7189,#7181,#1967,.T.);
#8602=EDGE_CURVE('',#7404,#7189,#1992,.T.);
#8612=EDGE_CURVE('',#7414,#7416,#919,.T.);
#8614=EDGE_CURVE('',#7193,#7414,#1996,.T.);
#8617=EDGE_CURVE('',#7184,#7185,#2817,.T.);
#8620=EDGE_CURVE('',#6995,#6996,#923,.T.);
#8622=EDGE_CURVE('',#6996,#7416,#2128,.T.);
#8632=EDGE_CURVE('',#7376,#7371,#927,.T.);
#8634=EDGE_CURVE('',#7376,#6999,#931,.T.);
#8636=EDGE_CURVE('',#6999,#7000,#935,.T.);
#8638=EDGE_CURVE('',#7000,#7002,#939,.T.);
#8640=EDGE_CURVE('',#7002,#7004,#943,.T.);
#8642=EDGE_CURVE('',#7004,#7427,#947,.T.);
#8644=EDGE_CURVE('',#7432,#7427,#951,.T.);
#8646=EDGE_CURVE('',#7432,#7028,#955,.T.);
#8648=EDGE_CURVE('',#7028,#7317,#959,.T.);
#8650=EDGE_CURVE('',#7267,#7317,#3257,.T.);
#8652=EDGE_CURVE('',#7267,#7007,#963,.T.);
#8654=EDGE_CURVE('',#7007,#7008,#967,.T.);
#8656=EDGE_CURVE('',#7008,#7010,#971,.T.);
#8658=EDGE_CURVE('',#7010,#7012,#975,.T.);
#8660=EDGE_CURVE('',#7012,#7014,#979,.T.);
#8662=EDGE_CURVE('',#7014,#7016,#983,.T.);
#8664=EDGE_CURVE('',#7016,#7371,#987,.T.);
#8674=EDGE_CURVE('',#7392,#7387,#991,.T.);
#8676=EDGE_CURVE('',#7392,#7043,#995,.T.);
#8678=EDGE_CURVE('',#7043,#7044,#999,.T.);
#8680=EDGE_CURVE('',#7044,#7046,#1003,.T.);
#8682=EDGE_CURVE('',#7046,#7048,#1007,.T.);
#8684=EDGE_CURVE('',#7048,#7050,#1011,.T.);
#8686=EDGE_CURVE('',#7050,#7052,#1015,.T.);
#8690=EDGE_CURVE('',#7152,#7076,#1023,.T.);
#8695=EDGE_CURVE('',#7055,#7056,#1039,.T.);
#8697=EDGE_CURVE('',#7056,#7058,#1043,.T.);
#8699=EDGE_CURVE('',#7058,#7060,#1047,.T.);
#8701=EDGE_CURVE('',#7060,#7387,#1051,.T.);
#8711=EDGE_CURVE('',#7371,#7372,#1056,.T.);
#8713=EDGE_CURVE('',#7374,#7372,#2226,.T.);
#8715=EDGE_CURVE('',#7374,#7376,#2165,.T.);
#8728=EDGE_CURVE('',#7040,#7016,#1060,.T.);
#8730=EDGE_CURVE('',#7280,#7040,#1197,.T.);
#8732=EDGE_CURVE('',#7280,#7281,#2386,.T.);
#8734=EDGE_CURVE('',#7237,#7281,#2254,.T.);
#8736=EDGE_CURVE('',#7213,#7237,#1064,.T.);
#8738=EDGE_CURVE('',#7211,#7213,#1068,.T.);
#8740=EDGE_CURVE('',#7209,#7211,#1073,.T.);
#8742=EDGE_CURVE('',#7207,#7209,#1077,.T.);
#8744=EDGE_CURVE('',#7206,#7207,#1082,.T.);
#8746=EDGE_CURVE('',#7372,#7206,#2230,.T.);
#8756=EDGE_CURVE('',#7382,#7384,#1087,.T.);
#8758=EDGE_CURVE('',#7203,#7382,#4056,.T.);
#8760=EDGE_CURVE('',#7201,#7203,#1092,.T.);
#8762=EDGE_CURVE('',#7199,#7201,#1096,.T.);
#8764=EDGE_CURVE('',#7197,#7199,#1101,.T.);
#8766=EDGE_CURVE('',#7196,#7197,#1105,.T.);
#8768=EDGE_CURVE('',#7235,#7196,#1109,.T.);
#8770=EDGE_CURVE('',#7235,#7284,#3940,.T.);
#8772=EDGE_CURVE('',#7284,#7285,#2398,.T.);
#8774=EDGE_CURVE('',#6384,#7285,#3293,.T.);
#8776=EDGE_CURVE('',#6384,#6364,#1113,.T.);
#8778=EDGE_CURVE('',#6364,#7384,#2040,.T.);
#8788=EDGE_CURVE('',#7038,#7014,#1117,.T.);
#8790=EDGE_CURVE('',#7038,#7040,#1201,.T.);
#8802=EDGE_CURVE('',#7036,#7012,#1121,.T.);
#8804=EDGE_CURVE('',#7036,#7038,#1205,.T.);
#8816=EDGE_CURVE('',#7034,#7010,#1125,.T.);
#8818=EDGE_CURVE('',#7034,#7036,#1209,.T.);
#8830=EDGE_CURVE('',#7032,#7008,#1129,.T.);
#8832=EDGE_CURVE('',#7032,#7034,#1213,.T.);
#8844=EDGE_CURVE('',#7030,#7007,#1133,.T.);
#8846=EDGE_CURVE('',#7030,#7032,#1217,.T.);
#8859=EDGE_CURVE('',#7301,#7030,#1181,.T.);
#8863=EDGE_CURVE('',#7267,#7248,#1138,.T.);
#8865=EDGE_CURVE('',#7248,#7249,#1142,.T.);
#8867=EDGE_CURVE('',#7249,#7244,#1147,.T.);
#8869=EDGE_CURVE('',#7244,#7245,#1151,.T.);
#8871=EDGE_CURVE('',#7245,#7275,#1155,.T.);
#8874=EDGE_CURVE('',#7300,#7305,#3237,.T.);
#8884=EDGE_CURVE('',#7296,#6375,#3269,.T.);
#8887=EDGE_CURVE('',#7297,#7303,#1362,.T.);
#8890=EDGE_CURVE('',#7277,#7257,#1159,.T.);
#8892=EDGE_CURVE('',#7257,#7252,#1163,.T.);
#8894=EDGE_CURVE('',#7252,#7253,#1168,.T.);
#8896=EDGE_CURVE('',#7253,#7255,#1172,.T.);
#8898=EDGE_CURVE('',#7255,#7269,#1177,.T.);
#8900=EDGE_CURVE('',#7269,#6355,#2064,.T.);
#8902=EDGE_CURVE('',#6375,#6355,#3365,.T.);
#8914=EDGE_CURVE('',#5858,#5859,#1189,.T.);
#8916=EDGE_CURVE('',#7280,#5859,#1193,.T.);
#8932=EDGE_CURVE('',#7325,#7024,#1221,.T.);
#8934=EDGE_CURVE('',#7022,#7024,#1225,.T.);
#8936=EDGE_CURVE('',#7020,#7022,#1229,.T.);
#8938=EDGE_CURVE('',#7018,#7020,#1233,.T.);
#8940=EDGE_CURVE('',#7288,#7018,#1237,.T.);
#8942=EDGE_CURVE('',#5874,#7288,#1241,.T.);
#8944=EDGE_CURVE('',#6214,#5874,#5136,.T.);
#8946=EDGE_CURVE('',#6214,#7435,#3816,.T.);
#8948=EDGE_CURVE('',#7443,#7435,#5128,.T.);
#8951=EDGE_CURVE('',#5716,#5837,#1249,.T.);
#8953=EDGE_CURVE('',#5837,#5841,#1914,.T.);
#8955=EDGE_CURVE('',#7325,#5841,#3423,.T.);
#8965=EDGE_CURVE('',#7333,#7027,#1253,.T.);
#8967=EDGE_CURVE('',#6776,#7333,#3455,.T.);
#8970=EDGE_CURVE('',#7313,#7027,#1261,.T.);
#8980=EDGE_CURVE('',#6680,#5989,#1265,.T.);
#8982=EDGE_CURVE('',#6680,#6664,#1269,.T.);
#8984=EDGE_CURVE('',#6664,#6666,#1638,.T.);
#8986=EDGE_CURVE('',#5989,#6666,#2266,.T.);
#8996=EDGE_CURVE('',#6683,#6684,#1273,.T.);
#8999=EDGE_CURVE('',#5981,#5859,#2390,.T.);
#9011=EDGE_CURVE('',#5987,#5978,#1285,.T.);
#9013=EDGE_CURVE('',#6680,#5987,#5668,.T.);
#9016=EDGE_CURVE('',#5989,#5979,#5652,.T.);
#9028=EDGE_CURVE('',#5985,#5975,#1289,.T.);
#9030=EDGE_CURVE('',#5985,#5987,#5672,.T.);
#9042=EDGE_CURVE('',#5983,#5974,#1293,.T.);
#9044=EDGE_CURVE('',#5983,#5985,#5660,.T.);
#9056=EDGE_CURVE('',#6784,#6792,#1297,.T.);
#9058=EDGE_CURVE('',#6023,#6784,#1301,.T.);
#9061=EDGE_CURVE('',#5942,#5934,#1418,.T.);
#9063=EDGE_CURVE('',#5942,#5752,#1305,.T.);
#9065=EDGE_CURVE('',#5752,#6749,#1470,.T.);
#9076=EDGE_CURVE('',#6804,#6799,#1313,.T.);
#9079=EDGE_CURVE('',#6743,#6663,#1646,.T.);
#9081=EDGE_CURVE('',#5983,#6663,#5664,.T.);
#9085=EDGE_CURVE('',#6799,#6027,#1321,.T.);
#9097=EDGE_CURVE('',#6784,#6788,#1325,.T.);
#9107=EDGE_CURVE('',#6783,#6784,#1338,.T.);
#9111=EDGE_CURVE('',#6787,#6805,#1330,.T.);
#9113=EDGE_CURVE('',#6805,#6790,#1334,.T.);
#9127=EDGE_CURVE('',#6029,#6033,#1370,.T.);
#9139=EDGE_CURVE('',#6799,#6800,#1350,.T.);
#9143=EDGE_CURVE('',#6031,#6035,#1354,.T.);
#9146=EDGE_CURVE('',#6800,#6112,#1358,.T.);
#9158=EDGE_CURVE('',#6687,#6688,#1386,.T.);
#9169=EDGE_CURVE('',#7348,#7349,#1366,.T.);
#9174=EDGE_CURVE('',#7309,#7349,#1374,.T.);
#9184=EDGE_CURVE('',#5947,#5953,#1378,.T.);
#9186=EDGE_CURVE('',#5953,#6676,#1382,.T.);
#9188=EDGE_CURVE('',#6676,#5751,#1478,.T.);
#9190=EDGE_CURVE('',#5947,#5751,#1414,.T.);
#9202=EDGE_CURVE('',#5862,#5863,#3301,.T.);
#9204=EDGE_CURVE('',#5863,#5950,#2406,.T.);
#9215=EDGE_CURVE('',#5945,#5947,#1410,.T.);
#9217=EDGE_CURVE('',#5945,#5938,#1398,.T.);
#9220=EDGE_CURVE('',#5953,#5939,#5112,.T.);
#9231=EDGE_CURVE('',#5942,#5943,#1402,.T.);
#9233=EDGE_CURVE('',#5943,#5945,#1406,.T.);
#9237=EDGE_CURVE('',#5751,#5752,#1474,.T.);
#9251=EDGE_CURVE('',#5943,#5935,#1422,.T.);
#9275=EDGE_CURVE('',#6744,#6658,#1446,.T.);
#9277=EDGE_CURVE('',#6658,#6014,#1450,.T.);
#9279=EDGE_CURVE('',#6014,#6015,#1454,.T.);
#9281=EDGE_CURVE('',#6660,#6015,#1458,.T.);
#9283=EDGE_CURVE('',#6660,#6750,#1462,.T.);
#9289=EDGE_CURVE('',#6732,#6676,#1482,.T.);
#9291=EDGE_CURVE('',#6731,#6732,#1486,.T.);
#9293=EDGE_CURVE('',#6731,#6739,#1490,.T.);
#9295=EDGE_CURVE('',#6739,#6740,#1494,.T.);
#9297=EDGE_CURVE('',#6716,#6740,#1498,.T.);
#9299=EDGE_CURVE('',#6715,#6716,#1502,.T.);
#9301=EDGE_CURVE('',#6715,#6723,#1506,.T.);
#9303=EDGE_CURVE('',#6723,#6724,#1510,.T.);
#9305=EDGE_CURVE('',#6700,#6724,#1514,.T.);
#9307=EDGE_CURVE('',#6699,#6700,#1518,.T.);
#9309=EDGE_CURVE('',#6699,#6707,#1522,.T.);
#9311=EDGE_CURVE('',#6707,#6708,#1526,.T.);
#9313=EDGE_CURVE('',#6674,#6708,#1530,.T.);
#9315=EDGE_CURVE('',#6672,#6674,#1534,.T.);
#9317=EDGE_CURVE('',#6671,#6672,#1538,.T.);
#9321=EDGE_CURVE('',#6308,#6752,#1550,.T.);
#9323=EDGE_CURVE('',#6019,#6308,#1554,.T.);
#9325=EDGE_CURVE('',#6018,#6019,#1558,.T.);
#9327=EDGE_CURVE('',#6018,#6304,#1562,.T.);
#9329=EDGE_CURVE('',#6746,#6304,#1566,.T.);
#9333=EDGE_CURVE('',#5747,#5748,#1578,.T.);
#9335=EDGE_CURVE('',#6668,#5747,#1582,.T.);
#9337=EDGE_CURVE('',#6703,#6668,#1586,.T.);
#9339=EDGE_CURVE('',#6703,#6704,#1590,.T.);
#9341=EDGE_CURVE('',#6047,#6704,#1594,.T.);
#9343=EDGE_CURVE('',#6046,#6047,#1598,.T.);
#9345=EDGE_CURVE('',#6719,#6046,#1602,.T.);
#9347=EDGE_CURVE('',#6719,#6720,#1606,.T.);
#9349=EDGE_CURVE('',#6712,#6720,#1610,.T.);
#9351=EDGE_CURVE('',#6711,#6712,#1614,.T.);
#9353=EDGE_CURVE('',#6735,#6711,#1618,.T.);
#9355=EDGE_CURVE('',#6735,#6736,#1622,.T.);
#9357=EDGE_CURVE('',#6728,#6736,#1626,.T.);
#9359=EDGE_CURVE('',#6727,#6728,#1630,.T.);
#9361=EDGE_CURVE('',#6666,#6727,#1634,.T.);
#9364=EDGE_CURVE('',#6663,#6664,#1642,.T.);
#9369=EDGE_CURVE('',#5739,#5740,#1426,.T.);
#9371=EDGE_CURVE('',#5744,#5739,#1430,.T.);
#9373=EDGE_CURVE('',#5742,#5744,#1434,.T.);
#9375=EDGE_CURVE('',#5740,#5742,#1438,.T.);
#9385=EDGE_CURVE('',#5882,#5883,#1650,.T.);
#9387=EDGE_CURVE('',#5882,#5895,#1830,.T.);
#9389=EDGE_CURVE('',#5893,#5895,#1654,.T.);
#9391=EDGE_CURVE('',#5893,#5739,#1658,.T.);
#9394=EDGE_CURVE('',#5740,#5883,#1662,.T.);
#9398=EDGE_CURVE('',#6275,#6276,#1666,.T.);
#9400=EDGE_CURVE('',#6276,#6280,#1670,.T.);
#9402=EDGE_CURVE('',#6278,#6280,#1674,.T.);
#9404=EDGE_CURVE('',#6278,#6275,#1678,.T.);
#9408=EDGE_CURVE('',#6479,#6480,#1682,.T.);
#9410=EDGE_CURVE('',#6480,#6484,#1686,.T.);
#9412=EDGE_CURVE('',#6483,#6484,#1690,.T.);
#9414=EDGE_CURVE('',#6479,#6483,#1694,.T.);
#9418=EDGE_CURVE('',#6607,#6608,#1698,.T.);
#9420=EDGE_CURVE('',#6608,#6612,#1702,.T.);
#9422=EDGE_CURVE('',#6611,#6612,#1706,.T.);
#9424=EDGE_CURVE('',#6607,#6611,#1710,.T.);
#9435=EDGE_CURVE('',#5885,#5883,#1714,.T.);
#9437=EDGE_CURVE('',#5885,#5887,#1722,.T.);
#9439=EDGE_CURVE('',#5887,#5882,#1818,.T.);
#9452=EDGE_CURVE('',#5742,#5885,#1718,.T.);
#9465=EDGE_CURVE('',#5744,#5891,#1726,.T.);
#9467=EDGE_CURVE('',#5890,#5891,#1730,.T.);
#9469=EDGE_CURVE('',#5890,#5887,#1822,.T.);
#9473=EDGE_CURVE('',#6050,#6051,#1734,.T.);
#9475=EDGE_CURVE('',#6284,#6050,#1738,.T.);
#9477=EDGE_CURVE('',#6284,#6282,#1742,.T.);
#9479=EDGE_CURVE('',#6051,#6282,#1746,.T.);
#9483=EDGE_CURVE('',#6487,#6488,#1750,.T.);
#9485=EDGE_CURVE('',#6487,#6491,#1754,.T.);
#9487=EDGE_CURVE('',#6491,#6492,#1758,.T.);
#9489=EDGE_CURVE('',#6488,#6492,#1762,.T.);
#9493=EDGE_CURVE('',#6615,#6616,#1766,.T.);
#9495=EDGE_CURVE('',#6615,#6619,#1770,.T.);
#9497=EDGE_CURVE('',#6619,#6620,#1774,.T.);
#9499=EDGE_CURVE('',#6616,#6620,#1778,.T.);
#9509=EDGE_CURVE('',#5893,#5891,#1782,.T.);
#9525=EDGE_CURVE('',#5895,#5890,#1826,.T.);
#9535=EDGE_CURVE('',#5898,#5899,#1786,.T.);
#9537=EDGE_CURVE('',#5903,#5898,#1790,.T.);
#9539=EDGE_CURVE('',#5901,#5903,#1794,.T.);
#9541=EDGE_CURVE('',#5899,#5901,#1798,.T.);
#9551=EDGE_CURVE('',#5906,#5907,#1802,.T.);
#9553=EDGE_CURVE('',#5911,#5906,#1806,.T.);
#9555=EDGE_CURVE('',#5909,#5911,#1810,.T.);
#9557=EDGE_CURVE('',#5907,#5909,#1814,.T.);
#9579=EDGE_CURVE('',#5898,#6206,#1870,.T.);
#9582=EDGE_CURVE('',#5878,#5899,#3956,.T.);
#9584=EDGE_CURVE('',#5878,#5879,#2422,.T.);
#9586=EDGE_CURVE('',#6218,#5879,#3325,.T.);
#9588=EDGE_CURVE('',#6206,#6218,#1834,.T.);
#9598=EDGE_CURVE('',#5810,#5811,#1838,.T.);
#9600=EDGE_CURVE('',#5722,#5810,#1842,.T.);
#9603=EDGE_CURVE('',#5811,#5719,#1846,.T.);
#9613=EDGE_CURVE('',#5814,#5815,#1850,.T.);
#9615=EDGE_CURVE('',#5814,#5711,#1854,.T.);
#9618=EDGE_CURVE('',#5724,#5815,#1858,.T.);
#9628=EDGE_CURVE('',#6205,#6206,#1862,.T.);
#9630=EDGE_CURVE('',#6205,#5903,#1866,.T.);
#9642=EDGE_CURVE('',#6319,#6320,#1874,.T.);
#9644=EDGE_CURVE('',#6319,#6326,#1878,.T.);
#9646=EDGE_CURVE('',#5822,#6326,#3744,.T.);
#9648=EDGE_CURVE('',#5822,#5823,#3653,.T.);
#9650=EDGE_CURVE('',#5826,#5823,#3611,.T.);
#9652=EDGE_CURVE('',#5826,#5827,#3574,.T.);
#9654=EDGE_CURVE('',#5833,#5827,#3768,.T.);
#9656=EDGE_CURVE('',#5845,#5833,#1882,.T.);
#9658=EDGE_CURVE('',#6320,#5845,#1886,.T.);
#9669=EDGE_CURVE('',#5847,#6324,#1894,.T.);
#9672=EDGE_CURVE('',#5814,#5835,#5656,.T.);
#9675=EDGE_CURVE('',#5818,#5815,#3702,.T.);
#9677=EDGE_CURVE('',#5818,#5819,#3637,.T.);
#9679=EDGE_CURVE('',#6328,#5819,#3716,.T.);
#9681=EDGE_CURVE('',#6328,#6323,#1902,.T.);
#9691=EDGE_CURVE('',#6767,#6768,#1906,.T.);
#9693=EDGE_CURVE('',#5841,#6767,#1910,.T.);
#9696=EDGE_CURVE('',#5830,#5837,#3776,.T.);
#9698=EDGE_CURVE('',#5830,#5831,#3586,.T.);
#9700=EDGE_CURVE('',#5802,#5831,#3560,.T.);
#9702=EDGE_CURVE('',#5802,#5803,#3495,.T.);
#9704=EDGE_CURVE('',#6758,#5803,#3467,.T.);
#9706=EDGE_CURVE('',#6768,#6758,#1918,.T.);
#9717=EDGE_CURVE('',#6764,#6772,#1926,.T.);
#9719=EDGE_CURVE('',#5806,#6764,#5160,.T.);
#9721=EDGE_CURVE('',#5806,#5807,#3511,.T.);
#9723=EDGE_CURVE('',#5810,#5807,#5173,.T.);
#9726=EDGE_CURVE('',#5839,#5811,#5211,.T.);
#9728=EDGE_CURVE('',#5843,#5839,#1930,.T.);
#9730=EDGE_CURVE('',#6771,#5843,#1934,.T.);
#9741=EDGE_CURVE('',#7187,#6319,#1942,.T.);
#9744=EDGE_CURVE('',#7173,#6320,#2789,.T.);
#9754=EDGE_CURVE('',#7335,#7324,#1946,.T.);
#9756=EDGE_CURVE('',#7324,#6767,#3427,.T.);
#9759=EDGE_CURVE('',#6768,#7335,#1950,.T.);
#9770=EDGE_CURVE('',#6163,#6137,#1959,.T.);
#9772=EDGE_CURVE('',#6137,#7189,#1963,.T.);
#9775=EDGE_CURVE('',#6121,#7181,#2813,.T.);
#9787=EDGE_CURVE('',#6800,#6802,#1971,.T.);
#9791=EDGE_CURVE('',#6113,#7332,#3447,.T.);
#9793=EDGE_CURVE('',#7337,#7332,#1975,.T.);
#9795=EDGE_CURVE('',#7337,#6780,#1979,.T.);
#9797=EDGE_CURVE('',#6780,#6802,#1984,.T.);
#9810=EDGE_CURVE('',#6136,#6137,#2028,.T.);
#9814=EDGE_CURVE('',#7414,#7412,#2000,.T.);
#9819=EDGE_CURVE('',#6328,#6336,#3736,.T.);
#9821=EDGE_CURVE('',#6173,#6336,#2861,.T.);
#9823=EDGE_CURVE('',#6173,#6339,#2008,.T.);
#9825=EDGE_CURVE('',#6339,#6340,#2012,.T.);
#9827=EDGE_CURVE('',#6178,#6340,#5437,.T.);
#9829=EDGE_CURVE('',#6107,#6178,#2869,.T.);
#9831=EDGE_CURVE('',#6106,#6107,#3689,.T.);
#9833=EDGE_CURVE('',#6100,#6106,#3685,.T.);
#9835=EDGE_CURVE('',#6100,#6101,#3669,.T.);
#9837=EDGE_CURVE('',#6331,#6101,#2845,.T.);
#9839=EDGE_CURVE('',#6331,#6181,#2016,.T.);
#9841=EDGE_CURVE('',#6181,#6182,#2020,.T.);
#9843=EDGE_CURVE('',#6169,#6182,#2886,.T.);
#9845=EDGE_CURVE('',#6176,#6169,#2853,.T.);
#9847=EDGE_CURVE('',#6326,#6176,#3748,.T.);
#9860=EDGE_CURVE('',#6147,#6163,#2032,.T.);
#9888=EDGE_CURVE('',#7416,#7411,#2124,.T.);
#9898=EDGE_CURVE('',#7384,#7379,#2036,.T.);
#9901=EDGE_CURVE('',#6362,#6364,#2044,.T.);
#9903=EDGE_CURVE('',#6360,#6362,#2048,.T.);
#9905=EDGE_CURVE('',#6358,#6360,#2052,.T.);
#9907=EDGE_CURVE('',#6356,#6358,#2056,.T.);
#9909=EDGE_CURVE('',#6355,#6356,#2060,.T.);
#9912=EDGE_CURVE('',#7315,#7269,#3216,.T.);
#9914=EDGE_CURVE('',#6388,#7315,#2068,.T.);
#9916=EDGE_CURVE('',#7419,#6388,#2072,.T.);
#9918=EDGE_CURVE('',#7424,#7419,#2076,.T.);
#9920=EDGE_CURVE('',#6352,#7424,#2080,.T.);
#9922=EDGE_CURVE('',#6350,#6352,#2084,.T.);
#9924=EDGE_CURVE('',#6348,#6350,#2088,.T.);
#9926=EDGE_CURVE('',#6347,#6348,#2092,.T.);
#9928=EDGE_CURVE('',#7379,#6347,#2096,.T.);
#9938=EDGE_CURVE('',#7400,#7395,#2100,.T.);
#9940=EDGE_CURVE('',#6972,#7400,#2104,.T.);
#9942=EDGE_CURVE('',#6970,#6972,#2108,.T.);
#9944=EDGE_CURVE('',#6968,#6970,#2112,.T.);
#9946=EDGE_CURVE('',#6967,#6968,#2116,.T.);
#9951=EDGE_CURVE('',#7150,#6996,#2132,.T.);
#9953=EDGE_CURVE('',#7124,#7150,#2769,.T.);
#9956=EDGE_CURVE('',#6962,#6964,#2140,.T.);
#9958=EDGE_CURVE('',#6960,#6962,#2144,.T.);
#9960=EDGE_CURVE('',#6958,#6960,#2148,.T.);
#9962=EDGE_CURVE('',#6956,#6958,#2152,.T.);
#9964=EDGE_CURVE('',#6955,#6956,#2156,.T.);
#9966=EDGE_CURVE('',#7395,#6955,#2160,.T.);
#9976=EDGE_CURVE('',#7379,#7380,#2196,.T.);
#9978=EDGE_CURVE('',#7382,#7380,#4048,.T.);
#9991=EDGE_CURVE('',#7374,#7226,#2169,.T.);
#9993=EDGE_CURVE('',#7226,#7227,#2174,.T.);
#9995=EDGE_CURVE('',#7227,#7229,#2178,.T.);
#9997=EDGE_CURVE('',#7229,#7231,#2183,.T.);
#9999=EDGE_CURVE('',#7231,#7233,#2187,.T.);
#10001=EDGE_CURVE('',#7233,#7241,#2191,.T.);
#10003=EDGE_CURVE('',#7241,#7289,#2338,.T.);
#10005=EDGE_CURVE('',#7288,#7289,#2410,.T.);
#10008=EDGE_CURVE('',#7018,#6999,#5207,.T.);
#10021=EDGE_CURVE('',#6367,#6347,#5195,.T.);
#10023=EDGE_CURVE('',#7293,#6367,#3333,.T.);
#10025=EDGE_CURVE('',#7292,#7293,#2418,.T.);
#10027=EDGE_CURVE('',#7239,#7292,#3948,.T.);
#10029=EDGE_CURVE('',#7239,#7216,#2200,.T.);
#10031=EDGE_CURVE('',#7216,#7217,#2204,.T.);
#10033=EDGE_CURVE('',#7217,#7219,#2209,.T.);
#10035=EDGE_CURVE('',#7219,#7221,#2213,.T.);
#10037=EDGE_CURVE('',#7221,#7223,#2218,.T.);
#10039=EDGE_CURVE('',#7223,#7380,#2222,.T.);
#10051=EDGE_CURVE('',#7206,#7226,#2234,.T.);
#10063=EDGE_CURVE('',#7207,#7227,#2238,.T.);
#10076=EDGE_CURVE('',#7209,#7229,#2242,.T.);
#10089=EDGE_CURVE('',#7211,#7231,#2246,.T.);
#10102=EDGE_CURVE('',#7213,#7233,#2250,.T.);
#10115=EDGE_CURVE('',#7237,#7241,#2342,.T.);
#10128=EDGE_CURVE('',#5995,#7281,#2258,.T.);
#10130=EDGE_CURVE('',#5995,#5989,#2262,.T.);
#10134=EDGE_CURVE('',#6727,#6638,#2270,.T.);
#10136=EDGE_CURVE('',#6638,#6642,#2274,.T.);
#10138=EDGE_CURVE('',#6735,#6642,#2278,.T.);
#10141=EDGE_CURVE('',#6711,#6510,#2282,.T.);
#10143=EDGE_CURVE('',#6510,#6514,#2286,.T.);
#10145=EDGE_CURVE('',#6719,#6514,#2290,.T.);
#10148=EDGE_CURVE('',#6046,#6093,#2294,.T.);
#10150=EDGE_CURVE('',#6093,#6298,#2298,.T.);
#10152=EDGE_CURVE('',#6703,#6298,#2302,.T.);
#10155=EDGE_CURVE('',#5965,#6668,#2682,.T.);
#10157=EDGE_CURVE('',#5993,#5965,#2306,.T.);
#10159=EDGE_CURVE('',#6940,#5993,#2310,.T.);
#10161=EDGE_CURVE('',#6940,#6946,#2314,.T.);
#10163=EDGE_CURVE('',#6946,#6948,#2318,.T.);
#10165=EDGE_CURVE('',#6948,#7136,#2322,.T.);
#10167=EDGE_CURVE('',#5866,#7136,#2326,.T.);
#10169=EDGE_CURVE('',#5866,#5907,#2330,.T.);
#10172=EDGE_CURVE('',#5875,#5909,#5140,.T.);
#10174=EDGE_CURVE('',#7289,#5875,#2334,.T.);
#10186=EDGE_CURVE('',#6939,#6940,#2346,.T.);
#10189=EDGE_CURVE('',#5963,#5993,#2350,.T.);
#10191=EDGE_CURVE('',#5851,#5963,#2354,.T.);
#10193=EDGE_CURVE('',#6939,#5851,#2590,.T.);
#10203=EDGE_CURVE('',#6943,#6944,#2358,.T.);
#10206=EDGE_CURVE('',#5922,#5855,#2362,.T.);
#10208=EDGE_CURVE('',#5922,#5923,#2366,.T.);
#10210=EDGE_CURVE('',#5923,#6943,#3976,.T.);
#10220=EDGE_CURVE('',#7135,#7136,#2370,.T.);
#10222=EDGE_CURVE('',#5867,#7135,#2638,.T.);
#10224=EDGE_CURVE('',#5866,#5867,#2374,.T.);
#10235=EDGE_CURVE('',#7139,#7140,#2378,.T.);
#10237=EDGE_CURVE('',#7139,#5871,#3960,.T.);
#10239=EDGE_CURVE('',#5870,#5871,#2382,.T.);
#10253=EDGE_CURVE('',#5981,#5995,#2394,.T.);
#10265=EDGE_CURVE('',#7284,#5951,#4028,.T.);
#10267=EDGE_CURVE('',#5950,#5951,#2402,.T.);
#10270=EDGE_CURVE('',#7285,#5863,#3297,.T.);
#10282=EDGE_CURVE('',#5874,#5875,#2414,.T.);
#10294=EDGE_CURVE('',#5879,#7293,#3329,.T.);
#10297=EDGE_CURVE('',#5878,#7292,#3952,.T.);
#10307=EDGE_CURVE('',#7390,#7392,#2427,.T.);
#10309=EDGE_CURVE('',#6910,#7390,#5616,.T.);
#10311=EDGE_CURVE('',#6909,#6910,#2432,.T.);
#10313=EDGE_CURVE('',#6912,#6909,#2436,.T.);
#10315=EDGE_CURVE('',#6914,#6912,#2441,.T.);
#10317=EDGE_CURVE('',#6916,#6914,#2445,.T.);
#10319=EDGE_CURVE('',#6946,#6916,#2449,.T.);
#10323=EDGE_CURVE('',#6939,#7062,#2586,.T.);
#10325=EDGE_CURVE('',#7062,#7043,#2674,.T.);
#10336=EDGE_CURVE('',#7395,#7396,#2454,.T.);
#10339=EDGE_CURVE('',#6975,#6955,#5632,.T.);
#10343=EDGE_CURVE('',#6950,#6943,#3972,.T.);
#10345=EDGE_CURVE('',#6900,#6950,#2458,.T.);
#10347=EDGE_CURVE('',#6899,#6900,#2462,.T.);
#10349=EDGE_CURVE('',#6902,#6899,#2467,.T.);
#10351=EDGE_CURVE('',#6904,#6902,#2471,.T.);
#10353=EDGE_CURVE('',#6906,#6904,#2476,.T.);
#10355=EDGE_CURVE('',#7396,#6906,#4080,.T.);
#10365=EDGE_CURVE('',#7387,#7388,#2481,.T.);
#10367=EDGE_CURVE('',#7390,#7388,#5612,.T.);
#10381=EDGE_CURVE('',#7084,#7060,#2485,.T.);
#10383=EDGE_CURVE('',#7135,#7084,#2642,.T.);
#10387=EDGE_CURVE('',#6936,#6948,#2489,.T.);
#10389=EDGE_CURVE('',#6934,#6936,#2493,.T.);
#10391=EDGE_CURVE('',#6932,#6934,#2498,.T.);
#10393=EDGE_CURVE('',#6930,#6932,#2502,.T.);
#10395=EDGE_CURVE('',#6929,#6930,#2507,.T.);
#10397=EDGE_CURVE('',#6929,#7388,#2511,.T.);
#10407=EDGE_CURVE('',#7398,#7400,#2516,.T.);
#10409=EDGE_CURVE('',#7398,#6926,#2520,.T.);
#10411=EDGE_CURVE('',#6924,#6926,#2525,.T.);
#10413=EDGE_CURVE('',#6922,#6924,#2529,.T.);
#10415=EDGE_CURVE('',#6920,#6922,#2534,.T.);
#10417=EDGE_CURVE('',#6919,#6920,#2538,.T.);
#10419=EDGE_CURVE('',#6952,#6919,#2542,.T.);
#10421=EDGE_CURVE('',#6952,#7139,#3964,.T.);
#10425=EDGE_CURVE('',#6992,#6972,#2546,.T.);
#10436=EDGE_CURVE('',#7082,#7058,#2550,.T.);
#10438=EDGE_CURVE('',#7082,#7084,#2646,.T.);
#10450=EDGE_CURVE('',#7080,#7056,#2554,.T.);
#10452=EDGE_CURVE('',#7080,#7082,#2650,.T.);
#10465=EDGE_CURVE('',#7078,#7080,#2654,.T.);
#10478=EDGE_CURVE('',#7070,#7072,#2566,.T.);
#10480=EDGE_CURVE('',#7068,#7070,#2570,.T.);
#10482=EDGE_CURVE('',#7066,#7068,#2574,.T.);
#10484=EDGE_CURVE('',#7064,#7066,#2578,.T.);
#10486=EDGE_CURVE('',#7062,#7064,#2582,.T.);
#10490=EDGE_CURVE('',#5850,#5851,#2594,.T.);
#10502=EDGE_CURVE('',#7148,#7075,#2606,.T.);
#10505=EDGE_CURVE('',#6120,#7180,#2614,.T.);
#10516=EDGE_CURVE('',#7172,#5845,#2622,.T.);
#10519=EDGE_CURVE('',#5708,#5833,#3772,.T.);
#10522=EDGE_CURVE('',#7448,#7440,#2630,.T.);
#10524=EDGE_CURVE('',#7440,#6212,#3800,.T.);
#10526=EDGE_CURVE('',#6212,#5867,#2634,.T.);
#10541=EDGE_CURVE('',#7070,#7050,#2658,.T.);
#10554=EDGE_CURVE('',#7068,#7048,#2662,.T.);
#10567=EDGE_CURVE('',#7066,#7046,#2666,.T.);
#10580=EDGE_CURVE('',#7064,#7044,#2670,.T.);
#10605=EDGE_CURVE('',#5991,#5965,#2678,.T.);
#10609=EDGE_CURVE('',#5991,#5747,#2706,.T.);
#10632=EDGE_CURVE('',#5965,#5956,#2698,.T.);
#10635=EDGE_CURVE('',#5991,#5967,#2702,.T.);
#10637=EDGE_CURVE('',#5967,#5957,#2722,.T.);
#10664=EDGE_CURVE('',#5971,#5969,#2710,.T.);
#10666=EDGE_CURVE('',#5967,#5969,#2714,.T.);
#10676=EDGE_CURVE('',#5969,#5960,#2718,.T.);
#10717=EDGE_CURVE('',#7166,#7159,#2735,.T.);
#10719=EDGE_CURVE('',#7166,#7150,#2740,.T.);
#10735=EDGE_CURVE('',#7160,#7164,#2744,.T.);
#10738=EDGE_CURVE('',#7163,#7169,#2749,.T.);
#10740=EDGE_CURVE('',#7169,#7166,#2753,.T.);
#10762=EDGE_CURVE('',#7096,#7169,#2757,.T.);
#10766=EDGE_CURVE('',#7108,#7095,#2761,.T.);
#10777=EDGE_CURVE('',#7098,#7166,#2765,.T.);
#10805=EDGE_CURVE('',#7107,#7100,#2773,.T.);
#10827=EDGE_CURVE('',#6103,#6131,#2849,.T.);
#10829=EDGE_CURVE('',#5684,#6103,#3677,.T.);
#10832=EDGE_CURVE('',#5683,#6131,#2777,.T.);
#10842=EDGE_CURVE('',#6133,#6109,#2865,.T.);
#10844=EDGE_CURVE('',#5692,#6133,#3728,.T.);
#10847=EDGE_CURVE('',#5690,#6109,#2781,.T.);
#10905=EDGE_CURVE('',#6169,#6170,#2833,.T.);
#10907=EDGE_CURVE('',#6170,#6332,#2837,.T.);
#10909=EDGE_CURVE('',#6331,#6332,#2841,.T.);
#10912=EDGE_CURVE('',#6103,#6101,#3681,.T.);
#10915=EDGE_CURVE('',#6131,#6176,#3752,.T.);
#10926=EDGE_CURVE('',#6173,#6174,#2857,.T.);
#10929=EDGE_CURVE('',#6133,#6336,#3732,.T.);
#10932=EDGE_CURVE('',#6109,#6107,#3693,.T.);
#10935=EDGE_CURVE('',#6178,#6334,#2873,.T.);
#10937=EDGE_CURVE('',#6334,#6174,#2877,.T.);
#10947=EDGE_CURVE('',#6877,#6879,#2882,.T.);
#10949=EDGE_CURVE('',#6170,#6877,#5588,.T.);
#10953=EDGE_CURVE('',#6186,#6182,#5412,.T.);
#10955=EDGE_CURVE('',#6827,#6186,#5354,.T.);
#10957=EDGE_CURVE('',#7454,#6827,#2890,.T.);
#10959=EDGE_CURVE('',#7454,#7452,#2894,.T.);
#10961=EDGE_CURVE('',#7451,#7452,#2898,.T.);
#10963=EDGE_CURVE('',#7451,#6879,#2902,.T.);
#10973=EDGE_CURVE('',#6874,#6875,#2907,.T.);
#10975=EDGE_CURVE('',#6877,#6875,#5584,.T.);
#10978=EDGE_CURVE('',#6879,#6874,#2943,.T.);
#10989=EDGE_CURVE('',#6874,#7457,#2911,.T.);
#10991=EDGE_CURVE('',#7457,#7458,#2915,.T.);
#10993=EDGE_CURVE('',#7460,#7458,#2919,.T.);
#10995=EDGE_CURVE('',#7460,#6826,#5420,.T.);
#10997=EDGE_CURVE('',#6185,#6826,#5346,.T.);
#10999=EDGE_CURVE('',#6181,#6185,#5407,.T.);
#11003=EDGE_CURVE('',#6332,#6875,#2923,.T.);
#11013=EDGE_CURVE('',#6863,#6858,#2927,.T.);
#11015=EDGE_CURVE('',#7476,#6863,#3009,.T.);
#11017=EDGE_CURVE('',#7475,#7476,#2931,.T.);
#11019=EDGE_CURVE('',#6858,#7475,#2964,.T.);
#11029=EDGE_CURVE('',#6871,#6866,#2935,.T.);
#11031=EDGE_CURVE('',#7480,#6871,#5564,.T.);
#11033=EDGE_CURVE('',#7479,#7480,#2939,.T.);
#11035=EDGE_CURVE('',#6866,#7479,#5519,.T.);
#11047=EDGE_CURVE('',#7451,#7457,#2947,.T.);
#11058=EDGE_CURVE('',#6887,#6882,#2951,.T.);
#11060=EDGE_CURVE('',#7463,#6887,#5453,.T.);
#11062=EDGE_CURVE('',#7463,#7469,#2955,.T.);
#11064=EDGE_CURVE('',#6882,#7469,#5462,.T.);
#11074=EDGE_CURVE('',#6858,#6859,#2960,.T.);
#11076=EDGE_CURVE('',#6861,#6859,#3013,.T.);
#11078=EDGE_CURVE('',#6861,#6863,#2989,.T.);
#11091=EDGE_CURVE('',#7484,#7475,#2968,.T.);
#11093=EDGE_CURVE('',#7483,#7484,#2972,.T.);
#11095=EDGE_CURVE('',#7483,#6834,#5580,.T.);
#11097=EDGE_CURVE('',#6854,#6834,#5394,.T.);
#11099=EDGE_CURVE('',#6850,#6854,#5333,.T.);
#11101=EDGE_CURVE('',#6810,#6850,#3081,.T.);
#11103=EDGE_CURVE('',#6810,#6811,#3021,.T.);
#11105=EDGE_CURVE('',#6811,#6859,#2976,.T.);
#11116=EDGE_CURVE('',#7488,#7476,#3005,.T.);
#11118=EDGE_CURVE('',#7488,#7484,#2980,.T.);
#11130=EDGE_CURVE('',#7496,#7480,#5560,.T.);
#11132=EDGE_CURVE('',#7496,#7492,#2984,.T.);
#11134=EDGE_CURVE('',#7492,#7479,#5523,.T.);
#11145=EDGE_CURVE('',#6815,#6861,#3017,.T.);
#11147=EDGE_CURVE('',#6814,#6815,#3029,.T.);
#11149=EDGE_CURVE('',#6814,#6851,#2993,.T.);
#11151=EDGE_CURVE('',#6855,#6851,#5338,.T.);
#11153=EDGE_CURVE('',#6835,#6855,#5402,.T.);
#11155=EDGE_CURVE('',#7487,#6835,#2997,.T.);
#11157=EDGE_CURVE('',#7487,#7488,#3001,.T.);
#11171=EDGE_CURVE('',#6815,#6811,#3033,.T.);
#11183=EDGE_CURVE('',#6756,#6810,#3077,.T.);
#11185=EDGE_CURVE('',#6755,#6756,#3459,.T.);
#11187=EDGE_CURVE('',#6755,#6651,#3025,.T.);
#11189=EDGE_CURVE('',#6651,#6652,#3535,.T.);
#11191=EDGE_CURVE('',#6814,#6652,#3089,.T.);
#11203=EDGE_CURVE('',#6818,#6819,#3037,.T.);
#11205=EDGE_CURVE('',#6821,#6819,#3041,.T.);
#11207=EDGE_CURVE('',#6656,#6821,#3093,.T.);
#11209=EDGE_CURVE('',#6655,#6656,#3551,.T.);
#11211=EDGE_CURVE('',#6655,#6761,#3045,.T.);
#11213=EDGE_CURVE('',#6761,#6762,#5148,.T.);
#11215=EDGE_CURVE('',#6823,#6762,#3105,.T.);
#11217=EDGE_CURVE('',#6823,#6818,#3049,.T.);
#11227=EDGE_CURVE('',#7422,#7420,#3053,.T.);
#11229=EDGE_CURVE('',#7420,#7341,#3057,.T.);
#11232=EDGE_CURVE('',#6779,#6780,#3061,.T.);
#11235=EDGE_CURVE('',#7337,#7430,#3065,.T.);
#11237=EDGE_CURVE('',#7430,#7428,#3069,.T.);
#11239=EDGE_CURVE('',#7428,#7335,#3073,.T.);
#11243=EDGE_CURVE('',#6758,#6756,#3463,.T.);
#11247=EDGE_CURVE('',#6850,#6851,#3085,.T.);
#11251=EDGE_CURVE('',#6310,#6652,#3531,.T.);
#11253=EDGE_CURVE('',#6310,#6312,#3539,.T.);
#11255=EDGE_CURVE('',#6312,#6656,#3555,.T.);
#11258=EDGE_CURVE('',#6821,#6842,#3097,.T.);
#11260=EDGE_CURVE('',#6842,#6843,#3101,.T.);
#11262=EDGE_CURVE('',#6823,#6843,#5548,.T.);
#11265=EDGE_CURVE('',#6764,#6762,#5164,.T.);
#11269=EDGE_CURVE('',#7339,#7422,#3109,.T.);
#11279=EDGE_CURVE('',#7419,#7420,#3114,.T.);
#11282=EDGE_CURVE('',#7422,#7424,#3386,.T.);
#11295=EDGE_CURVE('',#6387,#6388,#3127,.T.);
#11297=EDGE_CURVE('',#7328,#6387,#3349,.T.);
#11299=EDGE_CURVE('',#7328,#7329,#3431,.T.);
#11311=EDGE_CURVE('',#7430,#7432,#3119,.T.);
#11315=EDGE_CURVE('',#7332,#7333,#3443,.T.);
#11318=EDGE_CURVE('',#7027,#7028,#3145,.T.);
#11329=EDGE_CURVE('',#7349,#7351,#3123,.T.);
#11333=EDGE_CURVE('',#7308,#6387,#3353,.T.);
#11337=EDGE_CURVE('',#7351,#7315,#3132,.T.);
#11347=EDGE_CURVE('',#7363,#7356,#3136,.T.);
#11349=EDGE_CURVE('',#7317,#7363,#3141,.T.);
#11355=EDGE_CURVE('',#7312,#7356,#3245,.T.);
#11365=EDGE_CURVE('',#7344,#7345,#3162,.T.);
#11367=EDGE_CURVE('',#7344,#7348,#3149,.T.);
#11371=EDGE_CURVE('',#7351,#7367,#3153,.T.);
#11373=EDGE_CURVE('',#7367,#7345,#3158,.T.);
#11384=EDGE_CURVE('',#7265,#7345,#3167,.T.);
#11386=EDGE_CURVE('',#7264,#7265,#3171,.T.);
#11388=EDGE_CURVE('',#7273,#7264,#3175,.T.);
#11391=EDGE_CURVE('',#7344,#7353,#3179,.T.);
#11401=EDGE_CURVE('',#7360,#7361,#3183,.T.);
#11403=EDGE_CURVE('',#7361,#7365,#3187,.T.);
#11406=EDGE_CURVE('',#7261,#7271,#3191,.T.);
#11408=EDGE_CURVE('',#7260,#7261,#3195,.T.);
#11410=EDGE_CURVE('',#7360,#7260,#3200,.T.);
#11422=EDGE_CURVE('',#7367,#7253,#3204,.T.);
#11425=EDGE_CURVE('',#7252,#7265,#3208,.T.);
#11437=EDGE_CURVE('',#7351,#7255,#3212,.T.);
#11461=EDGE_CURVE('',#7257,#7264,#3220,.T.);
#11496=EDGE_CURVE('',#7356,#7357,#3241,.T.);
#11498=EDGE_CURVE('',#7357,#7361,#3224,.T.);
#11501=EDGE_CURVE('',#7360,#7368,#3229,.T.);
#11503=EDGE_CURVE('',#7368,#7363,#3233,.T.);
#11550=EDGE_CURVE('',#7368,#7249,#3253,.T.);
#11554=EDGE_CURVE('',#7244,#7260,#3261,.T.);
#11565=EDGE_CURVE('',#7248,#7363,#3249,.T.);
#11593=EDGE_CURVE('',#7245,#7261,#3265,.T.);
#11616=EDGE_CURVE('',#6375,#6376,#3273,.T.);
#11618=EDGE_CURVE('',#6376,#6378,#3277,.T.);
#11620=EDGE_CURVE('',#6378,#6380,#3281,.T.);
#11622=EDGE_CURVE('',#6380,#6382,#3285,.T.);
#11624=EDGE_CURVE('',#6382,#6384,#3289,.T.);
#11638=EDGE_CURVE('',#7320,#6372,#3309,.T.);
#11640=EDGE_CURVE('',#7320,#5843,#3313,.T.);
#11643=EDGE_CURVE('',#5720,#5839,#5215,.T.);
#11646=EDGE_CURVE('',#6202,#6194,#3321,.T.);
#11648=EDGE_CURVE('',#6194,#6218,#3780,.T.);
#11653=EDGE_CURVE('',#6367,#6368,#3337,.T.);
#11655=EDGE_CURVE('',#6368,#6370,#3341,.T.);
#11657=EDGE_CURVE('',#6370,#6372,#3345,.T.);
#11670=EDGE_CURVE('',#6774,#7328,#3361,.T.);
#11683=EDGE_CURVE('',#6376,#6356,#3369,.T.);
#11696=EDGE_CURVE('',#6378,#6358,#3373,.T.);
#11709=EDGE_CURVE('',#6380,#6360,#3377,.T.);
#11722=EDGE_CURVE('',#6382,#6362,#3381,.T.);
#11747=EDGE_CURVE('',#7320,#7321,#3411,.T.);
#11750=EDGE_CURVE('',#6372,#6352,#3390,.T.);
#11761=EDGE_CURVE('',#7427,#7428,#3395,.T.);
#11764=EDGE_CURVE('',#7024,#7004,#3399,.T.);
#11767=EDGE_CURVE('',#7324,#7325,#3419,.T.);
#11780=EDGE_CURVE('',#5698,#6755,#3479,.T.);
#11783=EDGE_CURVE('',#5696,#6651,#3403,.T.);
#11794=EDGE_CURVE('',#5702,#6655,#3547,.T.);
#11797=EDGE_CURVE('',#5701,#6761,#3407,.T.);
#11858=EDGE_CURVE('',#5803,#5795,#3507,.T.);
#11860=EDGE_CURVE('',#5795,#5779,#3471,.T.);
#11862=EDGE_CURVE('',#5779,#5787,#3475,.T.);
#11874=EDGE_CURVE('',#5730,#5695,#3483,.T.);
#11877=EDGE_CURVE('',#5732,#5704,#3487,.T.);
#11879=EDGE_CURVE('',#5730,#5732,#3491,.T.);
#11890=EDGE_CURVE('',#5794,#5802,#3499,.T.);
#11892=EDGE_CURVE('',#5794,#5795,#3503,.T.);
#11904=EDGE_CURVE('',#5806,#5764,#3515,.T.);
#11906=EDGE_CURVE('',#5763,#5764,#3519,.T.);
#11908=EDGE_CURVE('',#5763,#5807,#3523,.T.);
#11918=EDGE_CURVE('',#5730,#6310,#3527,.T.);
#11935=EDGE_CURVE('',#5732,#6312,#3543,.T.);
#11961=EDGE_CURVE('',#5728,#5831,#3594,.T.);
#11964=EDGE_CURVE('',#5778,#5786,#3565,.T.);
#11966=EDGE_CURVE('',#5794,#5778,#3570,.T.);
#11978=EDGE_CURVE('',#5726,#5826,#3578,.T.);
#11981=EDGE_CURVE('',#5827,#5707,#3582,.T.);
#11992=EDGE_CURVE('',#5830,#5715,#3590,.T.);
#12004=EDGE_CURVE('',#6209,#6210,#3598,.T.);
#12006=EDGE_CURVE('',#6210,#5911,#3602,.T.);
#12009=EDGE_CURVE('',#5906,#6209,#3606,.T.);
#12020=EDGE_CURVE('',#5798,#5823,#3665,.T.);
#12022=EDGE_CURVE('',#5782,#5798,#3616,.T.);
#12024=EDGE_CURVE('',#5790,#5782,#3621,.T.);
#12036=EDGE_CURVE('',#5734,#5686,#3625,.T.);
#12038=EDGE_CURVE('',#5734,#5736,#3629,.T.);
#12040=EDGE_CURVE('',#5736,#5689,#3633,.T.);
#12052=EDGE_CURVE('',#5767,#5818,#3641,.T.);
#12054=EDGE_CURVE('',#5767,#5768,#3645,.T.);
#12056=EDGE_CURVE('',#5819,#5768,#3649,.T.);
#12067=EDGE_CURVE('',#5822,#5799,#3657,.T.);
#12069=EDGE_CURVE('',#5798,#5799,#3661,.T.);
#12081=EDGE_CURVE('',#5734,#6100,#3673,.T.);
#12097=EDGE_CURVE('',#5736,#6106,#3697,.T.);
#12125=EDGE_CURVE('',#5773,#5759,#3707,.T.);
#12127=EDGE_CURVE('',#5767,#5773,#3712,.T.);
#12139=EDGE_CURVE('',#5760,#5770,#3724,.T.);
#12141=EDGE_CURVE('',#5773,#5770,#3740,.T.);
#12154=EDGE_CURVE('',#5768,#5770,#3720,.T.);
#12186=EDGE_CURVE('',#5791,#5783,#3756,.T.);
#12188=EDGE_CURVE('',#5799,#5783,#3760,.T.);
#12199=EDGE_CURVE('',#5782,#5783,#3764,.T.);
#12251=EDGE_CURVE('',#6192,#6194,#3784,.T.);
#12253=EDGE_CURVE('',#6190,#6192,#3788,.T.);
#12255=EDGE_CURVE('',#6189,#6190,#3792,.T.);
#12258=EDGE_CURVE('',#6216,#6205,#3928,.T.);
#12262=EDGE_CURVE('',#6287,#6288,#3836,.T.);
#12264=EDGE_CURVE('',#6288,#6292,#3840,.T.);
#12266=EDGE_CURVE('',#6294,#6292,#3844,.T.);
#12268=EDGE_CURVE('',#6287,#6294,#3848,.T.);
#12272=EDGE_CURVE('',#6499,#6500,#3868,.T.);
#12274=EDGE_CURVE('',#6500,#6508,#3872,.T.);
#12276=EDGE_CURVE('',#6507,#6508,#3876,.T.);
#12278=EDGE_CURVE('',#6499,#6507,#3880,.T.);
#12282=EDGE_CURVE('',#6627,#6628,#3900,.T.);
#12284=EDGE_CURVE('',#6628,#6636,#3904,.T.);
#12286=EDGE_CURVE('',#6635,#6636,#3908,.T.);
#12288=EDGE_CURVE('',#6627,#6635,#3912,.T.);
#12299=EDGE_CURVE('',#6209,#6212,#5116,.T.);
#12302=EDGE_CURVE('',#7438,#7440,#3804,.T.);
#12304=EDGE_CURVE('',#7436,#7438,#3808,.T.);
#12306=EDGE_CURVE('',#7435,#7436,#3812,.T.);
#12309=EDGE_CURVE('',#6214,#6210,#5132,.T.);
#12313=EDGE_CURVE('',#6220,#6091,#3820,.T.);
#12315=EDGE_CURVE('',#6091,#6290,#3824,.T.);
#12317=EDGE_CURVE('',#6222,#6290,#3828,.T.);
#12319=EDGE_CURVE('',#6220,#6222,#3832,.T.);
#12323=EDGE_CURVE('',#6495,#6496,#3852,.T.);
#12325=EDGE_CURVE('',#6496,#6504,#3856,.T.);
#12327=EDGE_CURVE('',#6503,#6504,#3860,.T.);
#12329=EDGE_CURVE('',#6495,#6503,#3864,.T.);
#12333=EDGE_CURVE('',#6623,#6624,#3884,.T.);
#12335=EDGE_CURVE('',#6624,#6632,#3888,.T.);
#12337=EDGE_CURVE('',#6631,#6632,#3892,.T.);
#12339=EDGE_CURVE('',#6623,#6631,#3896,.T.);
#12350=EDGE_CURVE('',#6200,#6192,#3916,.T.);
#12363=EDGE_CURVE('',#6198,#6190,#3920,.T.);
#12391=EDGE_CURVE('',#5871,#5901,#3936,.T.);
#12403=EDGE_CURVE('',#7235,#7239,#3944,.T.);
#12412=EDGE_CURVE('',#6950,#6952,#3968,.T.);
#12416=EDGE_CURVE('',#5923,#5925,#3980,.T.);
#12418=EDGE_CURVE('',#5925,#6674,#3984,.T.);
#12421=EDGE_CURVE('',#6708,#6300,#3988,.T.);
#12423=EDGE_CURVE('',#6296,#6300,#3992,.T.);
#12425=EDGE_CURVE('',#6700,#6296,#3996,.T.);
#12428=EDGE_CURVE('',#6724,#6516,#4000,.T.);
#12430=EDGE_CURVE('',#6512,#6516,#4004,.T.);
#12432=EDGE_CURVE('',#6716,#6512,#4008,.T.);
#12435=EDGE_CURVE('',#6740,#6644,#4012,.T.);
#12437=EDGE_CURVE('',#6640,#6644,#4016,.T.);
#12439=EDGE_CURVE('',#6732,#6640,#4020,.T.);
#12443=EDGE_CURVE('',#5951,#5953,#4024,.T.);
#12455=EDGE_CURVE('',#7196,#7216,#4032,.T.);
#12468=EDGE_CURVE('',#7197,#7217,#4036,.T.);
#12481=EDGE_CURVE('',#7199,#7219,#4040,.T.);
#12494=EDGE_CURVE('',#7201,#7221,#4044,.T.);
#12507=EDGE_CURVE('',#7203,#7223,#4052,.T.);
#12533=EDGE_CURVE('',#6919,#6900,#4060,.T.);
#12547=EDGE_CURVE('',#6920,#6899,#4064,.T.);
#12560=EDGE_CURVE('',#6922,#6902,#4068,.T.);
#12573=EDGE_CURVE('',#6924,#6904,#4072,.T.);
#12586=EDGE_CURVE('',#6926,#6906,#4084,.T.);
#12596=EDGE_CURVE('',#7398,#7396,#4076,.T.);
#12623=EDGE_CURVE('',#5925,#5914,#4088,.T.);
#12637=EDGE_CURVE('',#6678,#5927,#4092,.T.);
#12639=EDGE_CURVE('',#6678,#5925,#4108,.T.);
#12654=EDGE_CURVE('',#6678,#6672,#4112,.T.);
#12690=EDGE_CURVE('',#6272,#6280,#4129,.T.);
#12692=EDGE_CURVE('',#6271,#6272,#4133,.T.);
#12694=EDGE_CURVE('',#6278,#6271,#4137,.T.);
#12705=EDGE_CURVE('',#6087,#6284,#4141,.T.);
#12707=EDGE_CURVE('',#6086,#6087,#4145,.T.);
#12709=EDGE_CURVE('',#6282,#6086,#4150,.T.);
#12720=EDGE_CURVE('',#6250,#6290,#4155,.T.);
#12722=EDGE_CURVE('',#6248,#6250,#4159,.T.);
#12724=EDGE_CURVE('',#6075,#6248,#4163,.T.);
#12726=EDGE_CURVE('',#6073,#6075,#4167,.T.);
#12728=EDGE_CURVE('',#6072,#6073,#4171,.T.);
#12730=EDGE_CURVE('',#6083,#6072,#4175,.T.);
#12732=EDGE_CURVE('',#6222,#6083,#4180,.T.);
#12743=EDGE_CURVE('',#6254,#6292,#4185,.T.);
#12745=EDGE_CURVE('',#6253,#6254,#4189,.T.);
#12747=EDGE_CURVE('',#6268,#6253,#4193,.T.);
#12749=EDGE_CURVE('',#6266,#6268,#4197,.T.);
#12751=EDGE_CURVE('',#6264,#6266,#4201,.T.);
#12753=EDGE_CURVE('',#6263,#6264,#4205,.T.);
#12755=EDGE_CURVE('',#6294,#6263,#4210,.T.);
#12765=EDGE_CURVE('',#6081,#6298,#4215,.T.);
#12767=EDGE_CURVE('',#6079,#6081,#4219,.T.);
#12769=EDGE_CURVE('',#6078,#6079,#4223,.T.);
#12771=EDGE_CURVE('',#6704,#6078,#4227,.T.);
#12783=EDGE_CURVE('',#6300,#6257,#4232,.T.);
#12787=EDGE_CURVE('',#6260,#6707,#4236,.T.);
#12789=EDGE_CURVE('',#6258,#6260,#4240,.T.);
#12791=EDGE_CURVE('',#6257,#6258,#4244,.T.);
#12802=EDGE_CURVE('',#6246,#6276,#4321,.T.);
#12804=EDGE_CURVE('',#6246,#6272,#4248,.T.);
#12816=EDGE_CURVE('',#6047,#6060,#4252,.T.);
#12818=EDGE_CURVE('',#6060,#6061,#4256,.T.);
#12820=EDGE_CURVE('',#6061,#6063,#4260,.T.);
#12822=EDGE_CURVE('',#6063,#6093,#4265,.T.);
#12834=EDGE_CURVE('',#6051,#6068,#4270,.T.);
#12836=EDGE_CURVE('',#6068,#6069,#4274,.T.);
#12838=EDGE_CURVE('',#6069,#6050,#4278,.T.);
#12848=EDGE_CURVE('',#6090,#6091,#4283,.T.);
#12851=EDGE_CURVE('',#6220,#6065,#4288,.T.);
#12853=EDGE_CURVE('',#6065,#6054,#4292,.T.);
#12855=EDGE_CURVE('',#6054,#6055,#4296,.T.);
#12857=EDGE_CURVE('',#6055,#6057,#4300,.T.);
#12859=EDGE_CURVE('',#6057,#6224,#4304,.T.);
#12861=EDGE_CURVE('',#6224,#6090,#4308,.T.);
#12872=EDGE_CURVE('',#6275,#6245,#4312,.T.);
#12874=EDGE_CURVE('',#6245,#6246,#4316,.T.);
#12886=EDGE_CURVE('',#6287,#6237,#4326,.T.);
#12888=EDGE_CURVE('',#6237,#6238,#4330,.T.);
#12890=EDGE_CURVE('',#6238,#6240,#4334,.T.);
#12892=EDGE_CURVE('',#6240,#6242,#4338,.T.);
#12894=EDGE_CURVE('',#6242,#6227,#4342,.T.);
#12896=EDGE_CURVE('',#6227,#6228,#4346,.T.);
#12898=EDGE_CURVE('',#6228,#6288,#4351,.T.);
#12908=EDGE_CURVE('',#6296,#6231,#4356,.T.);
#12910=EDGE_CURVE('',#6231,#6232,#4360,.T.);
#12912=EDGE_CURVE('',#6232,#6234,#4364,.T.);
#12914=EDGE_CURVE('',#6234,#6699,#4368,.T.);
#12928=EDGE_CURVE('',#6060,#6078,#4372,.T.);
#12942=EDGE_CURVE('',#6061,#6079,#4376,.T.);
#12955=EDGE_CURVE('',#6063,#6081,#4380,.T.);
#12979=EDGE_CURVE('',#6068,#6086,#4384,.T.);
#12993=EDGE_CURVE('',#6069,#6087,#4388,.T.);
#13016=EDGE_CURVE('',#6090,#6250,#4392,.T.);
#13029=EDGE_CURVE('',#6224,#6248,#4396,.T.);
#13042=EDGE_CURVE('',#6057,#6075,#4400,.T.);
#13055=EDGE_CURVE('',#6055,#6073,#4404,.T.);
#13068=EDGE_CURVE('',#6054,#6072,#4408,.T.);
#13081=EDGE_CURVE('',#6065,#6083,#4412,.T.);
#13107=EDGE_CURVE('',#6245,#6271,#4416,.T.);
#13132=EDGE_CURVE('',#6237,#6263,#4420,.T.);
#13146=EDGE_CURVE('',#6238,#6264,#4424,.T.);
#13159=EDGE_CURVE('',#6240,#6266,#4428,.T.);
#13172=EDGE_CURVE('',#6242,#6268,#4432,.T.);
#13185=EDGE_CURVE('',#6227,#6253,#4436,.T.);
#13198=EDGE_CURVE('',#6228,#6254,#4440,.T.);
#13223=EDGE_CURVE('',#6231,#6257,#4444,.T.);
#13236=EDGE_CURVE('',#6232,#6258,#4448,.T.);
#13249=EDGE_CURVE('',#6234,#6260,#4452,.T.);
#13272=EDGE_CURVE('',#6476,#6484,#4457,.T.);
#13274=EDGE_CURVE('',#6475,#6476,#4461,.T.);
#13276=EDGE_CURVE('',#6483,#6475,#4465,.T.);
#13287=EDGE_CURVE('',#6454,#6491,#4469,.T.);
#13289=EDGE_CURVE('',#6453,#6454,#4473,.T.);
#13291=EDGE_CURVE('',#6492,#6453,#4478,.T.);
#13302=EDGE_CURVE('',#6442,#6504,#4483,.T.);
#13304=EDGE_CURVE('',#6440,#6442,#4487,.T.);
#13306=EDGE_CURVE('',#6438,#6440,#4491,.T.);
#13308=EDGE_CURVE('',#6436,#6438,#4495,.T.);
#13310=EDGE_CURVE('',#6435,#6436,#4499,.T.);
#13312=EDGE_CURVE('',#6450,#6435,#4503,.T.);
#13314=EDGE_CURVE('',#6503,#6450,#4508,.T.);
#13325=EDGE_CURVE('',#6458,#6508,#4513,.T.);
#13327=EDGE_CURVE('',#6457,#6458,#4517,.T.);
#13329=EDGE_CURVE('',#6472,#6457,#4521,.T.);
#13331=EDGE_CURVE('',#6470,#6472,#4525,.T.);
#13333=EDGE_CURVE('',#6468,#6470,#4529,.T.);
#13335=EDGE_CURVE('',#6467,#6468,#4533,.T.);
#13337=EDGE_CURVE('',#6507,#6467,#4538,.T.);
#13347=EDGE_CURVE('',#6448,#6514,#4543,.T.);
#13349=EDGE_CURVE('',#6446,#6448,#4547,.T.);
#13351=EDGE_CURVE('',#6445,#6446,#4551,.T.);
#13353=EDGE_CURVE('',#6720,#6445,#4555,.T.);
#13365=EDGE_CURVE('',#6516,#6461,#4560,.T.);
#13369=EDGE_CURVE('',#6464,#6723,#4564,.T.);
#13371=EDGE_CURVE('',#6462,#6464,#4568,.T.);
#13373=EDGE_CURVE('',#6461,#6462,#4572,.T.);
#13383=EDGE_CURVE('',#6432,#6480,#4589,.T.);
#13385=EDGE_CURVE('',#6432,#6476,#4576,.T.);
#13398=EDGE_CURVE('',#6479,#6431,#4580,.T.);
#13400=EDGE_CURVE('',#6431,#6432,#4584,.T.);
#13412=EDGE_CURVE('',#6488,#6409,#4594,.T.);
#13414=EDGE_CURVE('',#6409,#6410,#4598,.T.);
#13416=EDGE_CURVE('',#6410,#6487,#4602,.T.);
#13427=EDGE_CURVE('',#6495,#6406,#4607,.T.);
#13429=EDGE_CURVE('',#6406,#6391,#4611,.T.);
#13431=EDGE_CURVE('',#6391,#6392,#4615,.T.);
#13433=EDGE_CURVE('',#6392,#6394,#4619,.T.);
#13435=EDGE_CURVE('',#6394,#6396,#4623,.T.);
#13437=EDGE_CURVE('',#6396,#6398,#4627,.T.);
#13439=EDGE_CURVE('',#6398,#6496,#4632,.T.);
#13450=EDGE_CURVE('',#6499,#6423,#4637,.T.);
#13452=EDGE_CURVE('',#6423,#6424,#4641,.T.);
#13454=EDGE_CURVE('',#6424,#6426,#4645,.T.);
#13456=EDGE_CURVE('',#6426,#6428,#4649,.T.);
#13458=EDGE_CURVE('',#6428,#6413,#4653,.T.);
#13460=EDGE_CURVE('',#6413,#6414,#4657,.T.);
#13462=EDGE_CURVE('',#6414,#6500,#4662,.T.);
#13472=EDGE_CURVE('',#6404,#6510,#4667,.T.);
#13476=EDGE_CURVE('',#6712,#6401,#4671,.T.);
#13478=EDGE_CURVE('',#6401,#6402,#4675,.T.);
#13480=EDGE_CURVE('',#6402,#6404,#4679,.T.);
#13490=EDGE_CURVE('',#6512,#6417,#4684,.T.);
#13492=EDGE_CURVE('',#6417,#6418,#4688,.T.);
#13494=EDGE_CURVE('',#6418,#6420,#4692,.T.);
#13496=EDGE_CURVE('',#6420,#6715,#4696,.T.);
#13510=EDGE_CURVE('',#6431,#6475,#4700,.T.);
#13536=EDGE_CURVE('',#6409,#6453,#4704,.T.);
#13549=EDGE_CURVE('',#6410,#6454,#4708,.T.);
#13573=EDGE_CURVE('',#6406,#6450,#4712,.T.);
#13587=EDGE_CURVE('',#6391,#6435,#4716,.T.);
#13600=EDGE_CURVE('',#6392,#6436,#4720,.T.);
#13613=EDGE_CURVE('',#6394,#6438,#4724,.T.);
#13626=EDGE_CURVE('',#6396,#6440,#4728,.T.);
#13639=EDGE_CURVE('',#6398,#6442,#4732,.T.);
#13663=EDGE_CURVE('',#6423,#6467,#4736,.T.);
#13677=EDGE_CURVE('',#6424,#6468,#4740,.T.);
#13690=EDGE_CURVE('',#6426,#6470,#4744,.T.);
#13703=EDGE_CURVE('',#6428,#6472,#4748,.T.);
#13716=EDGE_CURVE('',#6413,#6457,#4752,.T.);
#13729=EDGE_CURVE('',#6414,#6458,#4756,.T.);
#13752=EDGE_CURVE('',#6404,#6448,#4760,.T.);
#13765=EDGE_CURVE('',#6402,#6446,#4764,.T.);
#13778=EDGE_CURVE('',#6401,#6445,#4768,.T.);
#13805=EDGE_CURVE('',#6417,#6461,#4772,.T.);
#13818=EDGE_CURVE('',#6418,#6462,#4776,.T.);
#13831=EDGE_CURVE('',#6420,#6464,#4780,.T.);
#13854=EDGE_CURVE('',#6604,#6612,#4785,.T.);
#13856=EDGE_CURVE('',#6603,#6604,#4789,.T.);
#13858=EDGE_CURVE('',#6611,#6603,#4793,.T.);
#13869=EDGE_CURVE('',#6582,#6619,#4797,.T.);
#13871=EDGE_CURVE('',#6581,#6582,#4801,.T.);
#13873=EDGE_CURVE('',#6620,#6581,#4806,.T.);
#13884=EDGE_CURVE('',#6570,#6632,#4811,.T.);
#13886=EDGE_CURVE('',#6568,#6570,#4815,.T.);
#13888=EDGE_CURVE('',#6566,#6568,#4819,.T.);
#13890=EDGE_CURVE('',#6564,#6566,#4823,.T.);
#13892=EDGE_CURVE('',#6563,#6564,#4827,.T.);
#13894=EDGE_CURVE('',#6578,#6563,#4831,.T.);
#13896=EDGE_CURVE('',#6631,#6578,#4836,.T.);
#13907=EDGE_CURVE('',#6586,#6636,#4841,.T.);
#13909=EDGE_CURVE('',#6585,#6586,#4845,.T.);
#13911=EDGE_CURVE('',#6600,#6585,#4849,.T.);
#13913=EDGE_CURVE('',#6598,#6600,#4853,.T.);
#13915=EDGE_CURVE('',#6596,#6598,#4857,.T.);
#13917=EDGE_CURVE('',#6595,#6596,#4861,.T.);
#13919=EDGE_CURVE('',#6635,#6595,#4866,.T.);
#13929=EDGE_CURVE('',#6576,#6642,#4871,.T.);
#13931=EDGE_CURVE('',#6574,#6576,#4875,.T.);
#13933=EDGE_CURVE('',#6573,#6574,#4879,.T.);
#13935=EDGE_CURVE('',#6736,#6573,#4883,.T.);
#13947=EDGE_CURVE('',#6644,#6589,#4888,.T.);
#13951=EDGE_CURVE('',#6592,#6739,#4892,.T.);
#13953=EDGE_CURVE('',#6590,#6592,#4896,.T.);
#13955=EDGE_CURVE('',#6589,#6590,#4900,.T.);
#13965=EDGE_CURVE('',#6560,#6608,#4917,.T.);
#13967=EDGE_CURVE('',#6560,#6604,#4904,.T.);
#13980=EDGE_CURVE('',#6607,#6559,#4908,.T.);
#13982=EDGE_CURVE('',#6559,#6560,#4912,.T.);
#13994=EDGE_CURVE('',#6616,#6537,#4922,.T.);
#13996=EDGE_CURVE('',#6537,#6538,#4926,.T.);
#13998=EDGE_CURVE('',#6538,#6615,#4930,.T.);
#14009=EDGE_CURVE('',#6623,#6534,#4935,.T.);
#14011=EDGE_CURVE('',#6534,#6519,#4939,.T.);
#14013=EDGE_CURVE('',#6519,#6520,#4943,.T.);
#14015=EDGE_CURVE('',#6520,#6522,#4947,.T.);
#14017=EDGE_CURVE('',#6522,#6524,#4951,.T.);
#14019=EDGE_CURVE('',#6524,#6526,#4955,.T.);
#14021=EDGE_CURVE('',#6526,#6624,#4960,.T.);
#14032=EDGE_CURVE('',#6627,#6551,#4965,.T.);
#14034=EDGE_CURVE('',#6551,#6552,#4969,.T.);
#14036=EDGE_CURVE('',#6552,#6554,#4973,.T.);
#14038=EDGE_CURVE('',#6554,#6556,#4977,.T.);
#14040=EDGE_CURVE('',#6556,#6541,#4981,.T.);
#14042=EDGE_CURVE('',#6541,#6542,#4985,.T.);
#14044=EDGE_CURVE('',#6542,#6628,#4990,.T.);
#14054=EDGE_CURVE('',#6532,#6638,#4995,.T.);
#14058=EDGE_CURVE('',#6728,#6529,#4999,.T.);
#14060=EDGE_CURVE('',#6529,#6530,#5003,.T.);
#14062=EDGE_CURVE('',#6530,#6532,#5007,.T.);
#14072=EDGE_CURVE('',#6640,#6545,#5012,.T.);
#14074=EDGE_CURVE('',#6545,#6546,#5016,.T.);
#14076=EDGE_CURVE('',#6546,#6548,#5020,.T.);
#14078=EDGE_CURVE('',#6548,#6731,#5024,.T.);
#14092=EDGE_CURVE('',#6559,#6603,#5028,.T.);
#14118=EDGE_CURVE('',#6537,#6581,#5032,.T.);
#14131=EDGE_CURVE('',#6538,#6582,#5036,.T.);
#14155=EDGE_CURVE('',#6534,#6578,#5040,.T.);
#14169=EDGE_CURVE('',#6519,#6563,#5044,.T.);
#14182=EDGE_CURVE('',#6520,#6564,#5048,.T.);
#14195=EDGE_CURVE('',#6522,#6566,#5052,.T.);
#14208=EDGE_CURVE('',#6524,#6568,#5056,.T.);
#14221=EDGE_CURVE('',#6526,#6570,#5060,.T.);
#14245=EDGE_CURVE('',#6551,#6595,#5064,.T.);
#14259=EDGE_CURVE('',#6552,#6596,#5068,.T.);
#14272=EDGE_CURVE('',#6554,#6598,#5072,.T.);
#14285=EDGE_CURVE('',#6556,#6600,#5076,.T.);
#14298=EDGE_CURVE('',#6541,#6585,#5080,.T.);
#14311=EDGE_CURVE('',#6542,#6586,#5084,.T.);
#14334=EDGE_CURVE('',#6532,#6576,#5088,.T.);
#14347=EDGE_CURVE('',#6530,#6574,#5092,.T.);
#14360=EDGE_CURVE('',#6529,#6573,#5096,.T.);
#14387=EDGE_CURVE('',#6545,#6589,#5100,.T.);
#14400=EDGE_CURVE('',#6546,#6590,#5104,.T.);
#14413=EDGE_CURVE('',#6548,#6592,#5108,.T.);
#14462=EDGE_CURVE('',#7446,#7438,#5120,.T.);
#14475=EDGE_CURVE('',#7444,#7436,#5124,.T.);
#14513=EDGE_CURVE('',#5778,#5779,#5144,.T.);
#14541=EDGE_CURVE('',#5772,#5756,#5152,.T.);
#14543=EDGE_CURVE('',#5764,#5772,#5156,.T.);
#14557=EDGE_CURVE('',#5755,#5775,#5183,.T.);
#14559=EDGE_CURVE('',#5775,#5772,#5168,.T.);
#14572=EDGE_CURVE('',#5775,#5763,#5178,.T.);
#14598=EDGE_CURVE('',#6370,#6350,#5187,.T.);
#14611=EDGE_CURVE('',#6368,#6348,#5191,.T.);
#14647=EDGE_CURVE('',#7022,#7002,#5199,.T.);
#14660=EDGE_CURVE('',#7020,#7000,#5203,.T.);
#14697=EDGE_CURVE('',#6802,#6790,#5219,.T.);
#14710=EDGE_CURVE('',#6807,#6805,#5223,.T.);
#14712=EDGE_CURVE('',#6802,#6807,#5231,.T.);
#14725=EDGE_CURVE('',#6807,#6796,#5236,.T.);
#14730=EDGE_CURVE('',#6647,#6648,#5240,.T.);
#14741=EDGE_CURVE('',#6795,#6799,#5227,.T.);
#14766=EDGE_CURVE('',#6314,#6658,#5272,.T.);
#14773=EDGE_CURVE('',#6316,#6660,#5308,.T.);
#14775=EDGE_CURVE('',#6314,#6316,#5320,.T.);
#14785=EDGE_CURVE('',#6303,#6304,#5244,.T.);
#14788=EDGE_CURVE('',#6018,#6002,#5248,.T.);
#14790=EDGE_CURVE('',#6002,#6003,#5252,.T.);
#14792=EDGE_CURVE('',#6003,#6303,#5256,.T.);
#14802=EDGE_CURVE('',#6314,#5998,#5260,.T.);
#14804=EDGE_CURVE('',#5998,#5999,#5264,.T.);
#14806=EDGE_CURVE('',#5999,#6014,#5268,.T.);
#14819=EDGE_CURVE('',#6303,#6307,#5276,.T.);
#14821=EDGE_CURVE('',#6307,#6308,#5288,.T.);
#14838=EDGE_CURVE('',#6003,#6011,#5280,.T.);
#14840=EDGE_CURVE('',#6011,#6307,#5292,.T.);
#14851=EDGE_CURVE('',#6002,#6010,#5284,.T.);
#14853=EDGE_CURVE('',#6010,#6011,#5296,.T.);
#14865=EDGE_CURVE('',#6019,#6010,#5300,.T.);
#14890=EDGE_CURVE('',#6316,#6006,#5304,.T.);
#14894=EDGE_CURVE('',#6007,#6015,#5312,.T.);
#14896=EDGE_CURVE('',#6006,#6007,#5316,.T.);
#14909=EDGE_CURVE('',#5998,#6006,#5324,.T.);
#14922=EDGE_CURVE('',#5999,#6007,#5328,.T.);
#14946=EDGE_CURVE('',#6854,#6855,#5390,.T.);
#14957=EDGE_CURVE('',#6185,#6186,#5342,.T.);
#14960=EDGE_CURVE('',#6826,#6827,#5350,.T.);
#14971=EDGE_CURVE('',#6343,#6344,#5358,.T.);
#14973=EDGE_CURVE('',#6343,#6830,#5362,.T.);
#14975=EDGE_CURVE('',#6830,#6831,#5366,.T.);
#14977=EDGE_CURVE('',#6831,#6344,#5370,.T.);
#14987=EDGE_CURVE('',#6846,#6847,#5374,.T.);
#14989=EDGE_CURVE('',#6846,#6838,#5378,.T.);
#14991=EDGE_CURVE('',#6838,#6839,#5382,.T.);
#14993=EDGE_CURVE('',#6839,#6847,#5386,.T.);
#15005=EDGE_CURVE('',#6834,#6835,#5398,.T.);
#15028=EDGE_CURVE('',#7460,#7454,#5416,.T.);
#15044=EDGE_CURVE('',#7458,#7452,#5424,.T.);
#15054=EDGE_CURVE('',#7466,#7464,#5445,.T.);
#15056=EDGE_CURVE('',#7472,#7466,#5478,.T.);
#15058=EDGE_CURVE('',#7472,#7470,#5470,.T.);
#15060=EDGE_CURVE('',#7470,#7464,#5428,.T.);
#15082=EDGE_CURVE('',#7463,#7464,#5449,.T.);
#15085=EDGE_CURVE('',#7469,#7470,#5466,.T.);
#15096=EDGE_CURVE('',#6885,#6887,#5433,.T.);
#15098=EDGE_CURVE('',#6334,#6885,#5500,.T.);
#15102=EDGE_CURVE('',#6344,#6340,#5492,.T.);
#15105=EDGE_CURVE('',#7466,#6831,#5441,.T.);
#15118=EDGE_CURVE('',#6882,#6883,#5458,.T.);
#15120=EDGE_CURVE('',#6885,#6883,#5496,.T.);
#15136=EDGE_CURVE('',#7472,#6830,#5482,.T.);
#15139=EDGE_CURVE('',#6339,#6343,#5487,.T.);
#15143=EDGE_CURVE('',#6174,#6883,#5474,.T.);
#15190=EDGE_CURVE('',#6842,#6846,#5505,.T.);
#15193=EDGE_CURVE('',#6847,#6843,#5510,.T.);
#15203=EDGE_CURVE('',#6866,#6867,#5515,.T.);
#15207=EDGE_CURVE('',#7491,#7492,#5527,.T.);
#15209=EDGE_CURVE('',#7491,#6838,#5572,.T.);
#15215=EDGE_CURVE('',#6819,#6867,#5531,.T.);
#15226=EDGE_CURVE('',#6869,#6867,#5535,.T.);
#15228=EDGE_CURVE('',#6869,#6871,#5544,.T.);
#15242=EDGE_CURVE('',#6818,#6869,#5539,.T.);
#15258=EDGE_CURVE('',#7495,#6839,#5552,.T.);
#15260=EDGE_CURVE('',#7495,#7496,#5556,.T.);
#15272=EDGE_CURVE('',#7491,#7495,#5568,.T.);
#15288=EDGE_CURVE('',#7483,#7487,#5576,.T.);
#15336=EDGE_CURVE('',#6936,#6916,#5592,.T.);
#15348=EDGE_CURVE('',#6934,#6914,#5596,.T.);
#15361=EDGE_CURVE('',#6932,#6912,#5600,.T.);
#15374=EDGE_CURVE('',#6930,#6909,#5604,.T.);
#15387=EDGE_CURVE('',#6929,#6910,#5608,.T.);
#15412=EDGE_CURVE('',#6990,#6970,#5620,.T.);
#15425=EDGE_CURVE('',#6988,#6968,#5624,.T.);
#15452=EDGE_CURVE('',#6976,#6956,#5636,.T.);
#15465=EDGE_CURVE('',#6978,#6958,#5640,.T.);
#15478=EDGE_CURVE('',#6980,#6960,#5644,.T.);
#15491=EDGE_CURVE('',#6982,#6962,#5648,.T.);
#15552=EDGE_CURVE('',#7104,#7088,#5676,.T.);
#15581=TRIMMED_CURVE('',#15580,(PARAMETER_VALUE(0.E0)),(PARAMETER_VALUE(1.E0)),
.T.,.UNSPECIFIED.);
#15582=COMPOSITE_CURVE_SEGMENT(.CONTINUOUS.,.T.,#15581);
#15587=TRIMMED_CURVE('',#15586,(PARAMETER_VALUE(0.E0)),(PARAMETER_VALUE(1.E0)),
.T.,.UNSPECIFIED.);
#15588=COMPOSITE_CURVE_SEGMENT(.CONTINUOUS.,.T.,#15587);
#15593=TRIMMED_CURVE('',#15592,(PARAMETER_VALUE(0.E0)),(PARAMETER_VALUE(1.E0)),
.T.,.UNSPECIFIED.);
#15594=COMPOSITE_CURVE_SEGMENT(.CONTINUOUS.,.T.,#15593);
#15599=TRIMMED_CURVE('',#15598,(PARAMETER_VALUE(0.E0)),(PARAMETER_VALUE(1.E0)),
.T.,.UNSPECIFIED.);
#15600=COMPOSITE_CURVE_SEGMENT(.CONTINUOUS.,.T.,#15599);
#15601=COMPOSITE_CURVE('',(#15582,#15588,#15594,#15600),.F.);
#15607=TRIMMED_CURVE('',#15606,(PARAMETER_VALUE(0.E0)),(PARAMETER_VALUE(1.E0)),
.T.,.UNSPECIFIED.);
#15608=COMPOSITE_CURVE_SEGMENT(.CONTINUOUS.,.T.,#15607);
#15613=TRIMMED_CURVE('',#15612,(PARAMETER_VALUE(0.E0)),(PARAMETER_VALUE(1.E0)),
.T.,.UNSPECIFIED.);
#15614=COMPOSITE_CURVE_SEGMENT(.CONTINUOUS.,.T.,#15613);
#15619=TRIMMED_CURVE('',#15618,(PARAMETER_VALUE(0.E0)),(PARAMETER_VALUE(1.E0)),
.T.,.UNSPECIFIED.);
#15620=COMPOSITE_CURVE_SEGMENT(.CONTINUOUS.,.T.,#15619);
#15625=TRIMMED_CURVE('',#15624,(PARAMETER_VALUE(0.E0)),(PARAMETER_VALUE(1.E0)),
.T.,.UNSPECIFIED.);
#15626=COMPOSITE_CURVE_SEGMENT(.CONTINUOUS.,.T.,#15625);
#15627=COMPOSITE_CURVE('',(#15608,#15614,#15620,#15626),.F.);
#15632=TRIMMED_CURVE('',#15631,(PARAMETER_VALUE(0.E0)),(PARAMETER_VALUE(1.E0)),
.T.,.UNSPECIFIED.);
#15633=COMPOSITE_CURVE_SEGMENT(.CONTINUOUS.,.T.,#15632);
#15638=TRIMMED_CURVE('',#15637,(PARAMETER_VALUE(0.E0)),(PARAMETER_VALUE(1.E0)),
.T.,.UNSPECIFIED.);
#15639=COMPOSITE_CURVE_SEGMENT(.CONTINUOUS.,.T.,#15638);
#15644=TRIMMED_CURVE('',#15643,(PARAMETER_VALUE(0.E0)),(PARAMETER_VALUE(1.E0)),
.T.,.UNSPECIFIED.);
#15645=COMPOSITE_CURVE_SEGMENT(.CONTINUOUS.,.T.,#15644);
#15650=TRIMMED_CURVE('',#15649,(PARAMETER_VALUE(0.E0)),(PARAMETER_VALUE(1.E0)),
.T.,.UNSPECIFIED.);
#15651=COMPOSITE_CURVE_SEGMENT(.CONTINUOUS.,.T.,#15650);
#15652=COMPOSITE_CURVE('',(#15633,#15639,#15645,#15651),.F.);
#15657=TRIMMED_CURVE('',#15656,(PARAMETER_VALUE(0.E0)),(PARAMETER_VALUE(1.E0)),
.T.,.UNSPECIFIED.);
#15658=COMPOSITE_CURVE_SEGMENT(.CONTINUOUS.,.T.,#15657);
#15663=TRIMMED_CURVE('',#15662,(PARAMETER_VALUE(0.E0)),(PARAMETER_VALUE(1.E0)),
.T.,.UNSPECIFIED.);
#15664=COMPOSITE_CURVE_SEGMENT(.CONTINUOUS.,.T.,#15663);
#15669=TRIMMED_CURVE('',#15668,(PARAMETER_VALUE(0.E0)),(PARAMETER_VALUE(1.E0)),
.T.,.UNSPECIFIED.);
#15670=COMPOSITE_CURVE_SEGMENT(.CONTINUOUS.,.T.,#15669);
#15675=TRIMMED_CURVE('',#15674,(PARAMETER_VALUE(0.E0)),(PARAMETER_VALUE(1.E0)),
.T.,.UNSPECIFIED.);
#15676=COMPOSITE_CURVE_SEGMENT(.CONTINUOUS.,.T.,#15675);
#15677=COMPOSITE_CURVE('',(#15658,#15664,#15670,#15676),.F.);
#15682=TRIMMED_CURVE('',#15681,(PARAMETER_VALUE(0.E0)),(PARAMETER_VALUE(1.E0)),
.T.,.UNSPECIFIED.);
#15683=COMPOSITE_CURVE_SEGMENT(.CONTINUOUS.,.T.,#15682);
#15688=TRIMMED_CURVE('',#15687,(PARAMETER_VALUE(0.E0)),(PARAMETER_VALUE(1.E0)),
.T.,.UNSPECIFIED.);
#15689=COMPOSITE_CURVE_SEGMENT(.CONTINUOUS.,.T.,#15688);
#15694=TRIMMED_CURVE('',#15693,(PARAMETER_VALUE(0.E0)),(PARAMETER_VALUE(1.E0)),
.T.,.UNSPECIFIED.);
#15695=COMPOSITE_CURVE_SEGMENT(.CONTINUOUS.,.T.,#15694);
#15700=TRIMMED_CURVE('',#15699,(PARAMETER_VALUE(0.E0)),(PARAMETER_VALUE(1.E0)),
.T.,.UNSPECIFIED.);
#15701=COMPOSITE_CURVE_SEGMENT(.CONTINUOUS.,.T.,#15700);
#15702=COMPOSITE_CURVE('',(#15683,#15689,#15695,#15701),.F.);
#15707=TRIMMED_CURVE('',#15706,(PARAMETER_VALUE(0.E0)),(PARAMETER_VALUE(1.E0)),
.T.,.UNSPECIFIED.);
#15708=COMPOSITE_CURVE_SEGMENT(.CONTINUOUS.,.T.,#15707);
#15713=TRIMMED_CURVE('',#15712,(PARAMETER_VALUE(0.E0)),(PARAMETER_VALUE(1.E0)),
.T.,.UNSPECIFIED.);
#15714=COMPOSITE_CURVE_SEGMENT(.CONTINUOUS.,.T.,#15713);
#15719=TRIMMED_CURVE('',#15718,(PARAMETER_VALUE(0.E0)),(PARAMETER_VALUE(1.E0)),
.T.,.UNSPECIFIED.);
#15720=COMPOSITE_CURVE_SEGMENT(.CONTINUOUS.,.T.,#15719);
#15725=TRIMMED_CURVE('',#15724,(PARAMETER_VALUE(0.E0)),(PARAMETER_VALUE(1.E0)),
.T.,.UNSPECIFIED.);
#15726=COMPOSITE_CURVE_SEGMENT(.CONTINUOUS.,.T.,#15725);
#15727=COMPOSITE_CURVE('',(#15708,#15714,#15720,#15726),.F.);
#15732=TRIMMED_CURVE('',#15731,(PARAMETER_VALUE(0.E0)),(PARAMETER_VALUE(1.E0)),
.T.,.UNSPECIFIED.);
#15733=COMPOSITE_CURVE_SEGMENT(.CONTINUOUS.,.T.,#15732);
#15738=TRIMMED_CURVE('',#15737,(PARAMETER_VALUE(0.E0)),(PARAMETER_VALUE(1.E0)),
.T.,.UNSPECIFIED.);
#15739=COMPOSITE_CURVE_SEGMENT(.CONTINUOUS.,.T.,#15738);
#15744=TRIMMED_CURVE('',#15743,(PARAMETER_VALUE(0.E0)),(PARAMETER_VALUE(1.E0)),
.T.,.UNSPECIFIED.);
#15745=COMPOSITE_CURVE_SEGMENT(.CONTINUOUS.,.T.,#15744);
#15750=TRIMMED_CURVE('',#15749,(PARAMETER_VALUE(0.E0)),(PARAMETER_VALUE(1.E0)),
.T.,.UNSPECIFIED.);
#15751=COMPOSITE_CURVE_SEGMENT(.CONTINUOUS.,.T.,#15750);
#15752=COMPOSITE_CURVE('',(#15733,#15739,#15745,#15751),.F.);
#15757=TRIMMED_CURVE('',#15756,(PARAMETER_VALUE(0.E0)),(PARAMETER_VALUE(1.E0)),
.T.,.UNSPECIFIED.);
#15758=COMPOSITE_CURVE_SEGMENT(.CONTINUOUS.,.T.,#15757);
#15763=TRIMMED_CURVE('',#15762,(PARAMETER_VALUE(0.E0)),(PARAMETER_VALUE(1.E0)),
.T.,.UNSPECIFIED.);
#15764=COMPOSITE_CURVE_SEGMENT(.CONTINUOUS.,.T.,#15763);
#15769=TRIMMED_CURVE('',#15768,(PARAMETER_VALUE(0.E0)),(PARAMETER_VALUE(1.E0)),
.T.,.UNSPECIFIED.);
#15770=COMPOSITE_CURVE_SEGMENT(.CONTINUOUS.,.T.,#15769);
#15775=TRIMMED_CURVE('',#15774,(PARAMETER_VALUE(0.E0)),(PARAMETER_VALUE(1.E0)),
.T.,.UNSPECIFIED.);
#15776=COMPOSITE_CURVE_SEGMENT(.CONTINUOUS.,.T.,#15775);
#15777=COMPOSITE_CURVE('',(#15758,#15764,#15770,#15776),.F.);
#15782=TRIMMED_CURVE('',#15781,(PARAMETER_VALUE(0.E0)),(PARAMETER_VALUE(1.E0)),
.T.,.UNSPECIFIED.);
#15783=COMPOSITE_CURVE_SEGMENT(.CONTINUOUS.,.T.,#15782);
#15788=TRIMMED_CURVE('',#15787,(PARAMETER_VALUE(0.E0)),(PARAMETER_VALUE(1.E0)),
.T.,.UNSPECIFIED.);
#15789=COMPOSITE_CURVE_SEGMENT(.CONTINUOUS.,.T.,#15788);
#15794=TRIMMED_CURVE('',#15793,(PARAMETER_VALUE(0.E0)),(PARAMETER_VALUE(1.E0)),
.T.,.UNSPECIFIED.);
#15795=COMPOSITE_CURVE_SEGMENT(.CONTINUOUS.,.T.,#15794);
#15800=TRIMMED_CURVE('',#15799,(PARAMETER_VALUE(0.E0)),(PARAMETER_VALUE(1.E0)),
.T.,.UNSPECIFIED.);
#15801=COMPOSITE_CURVE_SEGMENT(.CONTINUOUS.,.T.,#15800);
#15802=COMPOSITE_CURVE('',(#15783,#15789,#15795,#15801),.F.);
#15807=TRIMMED_CURVE('',#15806,(PARAMETER_VALUE(0.E0)),(PARAMETER_VALUE(1.E0)),
.T.,.UNSPECIFIED.);
#15808=COMPOSITE_CURVE_SEGMENT(.CONTINUOUS.,.T.,#15807);
#15813=TRIMMED_CURVE('',#15812,(PARAMETER_VALUE(0.E0)),(PARAMETER_VALUE(1.E0)),
.T.,.UNSPECIFIED.);
#15814=COMPOSITE_CURVE_SEGMENT(.CONTINUOUS.,.T.,#15813);
#15819=TRIMMED_CURVE('',#15818,(PARAMETER_VALUE(0.E0)),(PARAMETER_VALUE(1.E0)),
.T.,.UNSPECIFIED.);
#15820=COMPOSITE_CURVE_SEGMENT(.CONTINUOUS.,.T.,#15819);
#15825=TRIMMED_CURVE('',#15824,(PARAMETER_VALUE(0.E0)),(PARAMETER_VALUE(1.E0)),
.T.,.UNSPECIFIED.);
#15826=COMPOSITE_CURVE_SEGMENT(.CONTINUOUS.,.T.,#15825);
#15827=COMPOSITE_CURVE('',(#15808,#15814,#15820,#15826),.F.);
#15828=(LENGTH_UNIT()NAMED_UNIT(*)SI_UNIT(.MILLI.,.METRE.));
#15830=(NAMED_UNIT(*)PLANE_ANGLE_UNIT()SI_UNIT($,.RADIAN.));
#15833=(NAMED_UNIT(*)SI_UNIT($,.STERADIAN.)SOLID_ANGLE_UNIT());
#15836=ADVANCED_BREP_SHAPE_REPRESENTATION('',(#15572),#15835);
#15837=GEOMETRICALLY_BOUNDED_SURFACE_SHAPE_REPRESENTATION('',(#15602),#15835);
#15838=SHAPE_REPRESENTATION('',(#15576),#15835);
#15847=PRODUCT_DEFINITION('design','',#15846,#15843);
#15848=PRODUCT_DEFINITION_SHAPE('','SHAPE FOR 5052700612.',#15847);
#15849=SHAPE_DEFINITION_REPRESENTATION(#15848,#15838);
ENDSEC;
END-ISO-10303-21;
