ISO-10303-21;
HEADER;
FILE_DESCRIPTION (( 'STEP AP214' ),
    '1' );
FILE_NAME ('BMA530.STEP',
    '2025-01-22T11:33:00',
    ( '' ),
    ( '' ),
    'SwSTEP 2.0',
    'SolidWorks 2016',
    '' );
FILE_SCHEMA (( 'AUTOMOTIVE_DESIGN' ));
ENDSEC;

DATA;
#1 = CARTESIAN_POINT ( 'NONE',  ( 0.3099999999999998900, -0.1100000000000000300, 0.2711269837188121600 ) ) ;
#2 = CARTESIAN_POINT ( 'NONE',  ( -0.1745248830577370300, 0.1899999999999987300, -0.07157109713981710300 ) ) ;
#3 =( LENGTH_UNIT ( ) NAMED_UNIT ( * ) SI_UNIT ( .MILLI., .METRE. ) );
#4 = ADVANCED_FACE ( 'NONE', ( #420 ), #1542, .T. ) ;
#5 = CARTESIAN_POINT ( 'NONE',  ( -0.3100000000000000000, -0.1099999999999999900, -0.3999999999999998600 ) ) ;
#6 = CARTESIAN_POINT ( 'NONE',  ( 0.09000000000000002400, 0.1099999999999999600, 0.4000000000000000200 ) ) ;
#7 = FACE_OUTER_BOUND ( 'NONE', #1474, .T. ) ;
#8 = CARTESIAN_POINT ( 'NONE',  ( 0.09000000000000003800, 0.3300000000082452000, -0.1288730162671125300 ) ) ;
#9 = DIRECTION ( 'NONE',  ( 1.000000000000000000, 0.0000000000000000000, 0.0000000000000000000 ) ) ;
#10 = ADVANCED_FACE ( 'NONE', ( #304 ), #698, .T. ) ;
#11 = CARTESIAN_POINT ( 'NONE',  ( -0.3100000000000000000, 0.1099999999999999600, -0.4000000000000000200 ) ) ;
#12 = CARTESIAN_POINT ( 'NONE',  ( -0.09000000000000002400, 0.1099999999999999700, 0.4000000000000000200 ) ) ;
#13 = CARTESIAN_POINT ( 'NONE',  ( -0.1249196074898876300, 0.1899999999994909900, -0.007933136868111057400 ) ) ;
#14 = ORIENTED_EDGE ( 'NONE', *, *, #719, .T. ) ;
#15 = CARTESIAN_POINT ( 'NONE',  ( -0.1317778925042429900, 0.1899999999999748300, 0.3676620339409018000 ) ) ;
#16 = ORIENTED_EDGE ( 'NONE', *, *, #1586, .T. ) ;
#17 = CLOSED_SHELL ( 'NONE', ( #768, #1050, #158 ) ) ;
#18 = CARTESIAN_POINT ( 'NONE',  ( -0.3750000000000000000, 0.2399999999999999400, -0.02500000000000006400 ) ) ;
#19 = CARTESIAN_POINT ( 'NONE',  ( -0.2500000000000001100, 0.5399999999999999200, -0.3750000000000000600 ) ) ;
#20 = CARTESIAN_POINT ( 'NONE',  ( -0.1258075142399907600, 0.1899999999994911000, 0.3836635809979215300 ) ) ;
#21 = AXIS2_PLACEMENT_3D ( 'NONE', #488, #1668, #1660 ) ;
#22 = DIRECTION ( 'NONE',  ( 0.0000000000000000000, 0.0000000000000000000, 1.000000000000000000 ) ) ;
#23 = CARTESIAN_POINT ( 'NONE',  ( -0.3099999999999998900, 0.3300000000082453100, 0.2711269837328879100 ) ) ;
#24 = CARTESIAN_POINT ( 'NONE',  ( 0.09000000000000003800, 0.3300000000000000200, 1.407537010122278500E-011 ) ) ;
#25 = CARTESIAN_POINT ( 'NONE',  ( -0.1246413588189784200, 0.1899999999994911000, 0.3947002501230118500 ) ) ;
#26 = VECTOR ( 'NONE', #1412, 1000.000000000000100 ) ;
#27 = CARTESIAN_POINT ( 'NONE',  ( -0.09000000000000001100, -0.1099999999999997600, 0.03999999999999994500 ) ) ;
#28 = CARTESIAN_POINT ( 'NONE',  ( 0.2165732289520465000, 0.1899999999999959800, -0.3263431735539510900 ) ) ;
#29 = CARTESIAN_POINT ( 'NONE',  ( 0.3100000000000000000, 0.1099999999999999700, 0.0000000000000000000 ) ) ;
#30 = CARTESIAN_POINT ( 'NONE',  ( -0.2536757449628505600, 0.1899999999997961100, 0.3462383228338301600 ) ) ;
#31 = CARTESIAN_POINT ( 'NONE',  ( -0.2754983443628121200, 0.1899999999820092800, -0.4084500608856889700 ) ) ;
#32 = CARTESIAN_POINT ( 'NONE',  ( 0.2754983443527075900, 0.1899999999999998600, -0.4026480463303876400 ) ) ;
#33 = ORIENTED_EDGE ( 'NONE', *, *, #162, .F. ) ;
#34 = CARTESIAN_POINT ( 'NONE',  ( 0.09000000000000002400, 0.1099999999999999600, 0.0000000000000000000 ) ) ;
#35 = ORIENTED_EDGE ( 'NONE', *, *, #1220, .T. ) ;
#36 = CARTESIAN_POINT ( 'NONE',  ( 0.1245016556472924000, 0.1899999999999998400, -9.797174393178811700E-018 ) ) ;
#37 = ORIENTED_EDGE ( 'NONE', *, *, #1312, .F. ) ;
#38 = CARTESIAN_POINT ( 'NONE',  ( -0.2477294871532869600, 0.1899999999999983100, 0.05910414186081511300 ) ) ;
#39 = CARTESIAN_POINT ( 'NONE',  ( -0.1249196074898876900, 0.1899999999994911000, 0.3920668631318887100 ) ) ;
#40 = ORIENTED_EDGE ( 'NONE', *, *, #1506, .F. ) ;
#41 = EDGE_CURVE ( 'NONE', #1627, #1572, #1535, .T. ) ;
#42 = EDGE_CURVE ( 'NONE', #1554, #1125, #1189, .T. ) ;
#43 = CARTESIAN_POINT ( 'NONE',  ( 0.1245016556379402500, 0.1899999999820092300, 0.002648046333969365900 ) ) ;
#44 = DIRECTION ( 'NONE',  ( 0.0000000000000000000, 1.224646799147353200E-016, 1.000000000000000000 ) ) ;
#45 = CARTESIAN_POINT ( 'NONE',  ( 0.3100000000000000000, 0.1099999999999999900, 0.3999999999999999700 ) ) ;
#46 = AXIS2_PLACEMENT_3D ( 'NONE', #1324, #927, #1626 ) ;
#47 = AXIS2_PLACEMENT_3D ( 'NONE', #1328, #1008, #888 ) ;
#48 = CARTESIAN_POINT ( 'NONE',  ( -0.09000000000000002400, 0.1099999999999999600, 0.4000000000000001300 ) ) ;
#49 = EDGE_CURVE ( 'NONE', #1368, #145, #1157, .T. ) ;
#50 = CARTESIAN_POINT ( 'NONE',  ( 0.1246413588191398900, 0.1899999999994911000, 0.005299749878516211500 ) ) ;
#51 = EDGE_CURVE ( 'NONE', #1501, #103, #1499, .T. ) ;
#52 =( GEOMETRIC_REPRESENTATION_CONTEXT ( 3 ) GLOBAL_UNCERTAINTY_ASSIGNED_CONTEXT ( ( #1201 ) ) GLOBAL_UNIT_ASSIGNED_CONTEXT ( ( #3, #906, #1106 ) ) REPRESENTATION_CONTEXT ( 'NONE', 'WORKASPACE' ) );
#53 = CARTESIAN_POINT ( 'NONE',  ( -0.1315546058521901700, 0.1899999999998402100, 0.03296409484551851600 ) ) ;
#54 = CARTESIAN_POINT ( 'NONE',  ( 0.1751828198241492700, 0.1899999999999959800, 0.3281981121617349500 ) ) ;
#55 = CARTESIAN_POINT ( 'NONE',  ( -0.09000000000000001100, -0.1099999999999999900, 0.8399999999999999700 ) ) ;
#56 = CARTESIAN_POINT ( 'NONE',  ( 0.1258075142399907600, 0.1899999999994911000, 0.01633641900207852300 ) ) ;
#57 = ORIENTED_EDGE ( 'NONE', *, *, #213, .F. ) ;
#58 = ORIENTED_EDGE ( 'NONE', *, *, #42, .F. ) ;
#59 = CARTESIAN_POINT ( 'NONE',  ( 0.1834267710479535500, 0.1899999999999959800, 0.3263431735539510900 ) ) ;
#60 = ORIENTED_EDGE ( 'NONE', *, *, #1133, .F. ) ;
#61 = PRESENTATION_STYLE_ASSIGNMENT (( #210 ) ) ;
#62 = DIRECTION ( 'NONE',  ( 0.0000000000000000000, -0.0000000000000000000, -1.000000000000000000 ) ) ;
#63 = ORIENTED_EDGE ( 'NONE', *, *, #128, .T. ) ;
#64 = CARTESIAN_POINT ( 'NONE',  ( 0.1281585047606642300, 0.1899999999999748300, 0.02470228918133798200 ) ) ;
#65 = PRESENTATION_LAYER_ASSIGNMENT (  '', '', ( #153 ) ) ;
#66 = CARTESIAN_POINT ( 'NONE',  ( -0.2171350701279882200, 0.1899999999999984200, 0.07401211320269177100 ) ) ;
#67 = EDGE_CURVE ( 'NONE', #307, #625, #1143, .T. ) ;
#68 = CARTESIAN_POINT ( 'NONE',  ( 0.1916707222717522800, 0.1899999999999959800, 0.3244882349461684600 ) ) ;
#69 = CARTESIAN_POINT ( 'NONE',  ( -0.2500000000000001100, 0.5900000000000000800, -0.3750000000000000600 ) ) ;
#70 = DIRECTION ( 'NONE',  ( 1.000000000000000000, 0.0000000000000000000, 0.0000000000000000000 ) ) ;
#71 = CARTESIAN_POINT ( 'NONE',  ( 0.2477294871532869600, 0.1899999999999983600, -0.4591041418608151600 ) ) ;
#72 = CARTESIAN_POINT ( 'NONE',  ( 0.2003486205441076300, 0.1899999999999985300, 0.3240310458625672600 ) ) ;
#73 = EDGE_CURVE ( 'NONE', #1592, #402, #976, .T. ) ;
#74 = DIRECTION ( 'NONE',  ( 0.0000000000000000000, -1.000000000000000000, 0.0000000000000000000 ) ) ;
#75 = CARTESIAN_POINT ( 'NONE',  ( 0.2406675688098128000, 0.1899999999999987300, -0.4641681570260378100 ) ) ;
#76 = DIRECTION ( 'NONE',  ( 1.000000000000000000, -0.0000000000000000000, 0.0000000000000000000 ) ) ;
#77 = CARTESIAN_POINT ( 'NONE',  ( 0.1599802026036545600, 0.1899999999999728300, 0.3359811292167877400 ) ) ;
#78 = CARTESIAN_POINT ( 'NONE',  ( 0.3099999999999998900, -0.01887301627415011500, 0.1799999999958774600 ) ) ;
#79 = CARTESIAN_POINT ( 'NONE',  ( -0.1246413588189783900, 0.1899999999994909900, -0.005299749876987972100 ) ) ;
#80 = ORIENTED_EDGE ( 'NONE', *, *, #1312, .T. ) ;
#81 = SURFACE_STYLE_FILL_AREA ( #229 ) ;
#82 = VERTEX_POINT ( 'NONE', #1444 ) ;
#83 = CARTESIAN_POINT ( 'NONE',  ( 0.2330713428760378100, 0.1899999999999987300, -0.4678696270829275100 ) ) ;
#84 = EDGE_LOOP ( 'NONE', ( #1536, #1396, #1665, #606 ) ) ;
#85 = ORIENTED_EDGE ( 'NONE', *, *, #681, .F. ) ;
#86 = CARTESIAN_POINT ( 'NONE',  ( 0.2087418453360481400, 0.1899999999999985300, 0.3250094663299377700 ) ) ;
#87 = CARTESIAN_POINT ( 'NONE',  ( 0.09000000000000002400, 0.1099999999999999600, -1.355252715606880700E-017 ) ) ;
#88 = CARTESIAN_POINT ( 'NONE',  ( 0.09000000000000005200, 0.2388730162882256900, 0.1800000000041227800 ) ) ;
#89 = CARTESIAN_POINT ( 'NONE',  ( 0.2171350701279882200, 0.1899999999999985300, 0.3259878867973082800 ) ) ;
#90 = CARTESIAN_POINT ( 'NONE',  ( -0.2083292777282475000, 0.1899999999999960300, -0.07551176505383154500 ) ) ;
#91 = CARTESIAN_POINT ( 'NONE',  ( -0.09000000000000002400, 0.1099999999999999900, 0.4000000000000001300 ) ) ;
#92 = CARTESIAN_POINT ( 'NONE',  ( 0.2254751169422628000, 0.1899999999999987300, -0.4715710971398172100 ) ) ;
#93 = FILL_AREA_STYLE_COLOUR ( '', #1336 ) ;
#94 = SURFACE_SIDE_STYLE ('',( #1358 ) ) ;
#95 = CARTESIAN_POINT ( 'NONE',  ( -0.2000000000000000100, 0.1099999999999999700, 0.4000000000000000200 ) ) ;
#96 = CARTESIAN_POINT ( 'NONE',  ( 0.2171350701279882200, 0.1899999999999985300, -0.4740121132026917600 ) ) ;
#97 = CLOSED_SHELL ( 'NONE', ( #914, #523, #1565 ) ) ;
#98 = LINE ( 'NONE', #238, #619 ) ;
#99 = EDGE_LOOP ( 'NONE', ( #872, #146 ) ) ;
#100 = EDGE_LOOP ( 'NONE', ( #590, #959, #1142, #1576 ) ) ;
#101 = VECTOR ( 'NONE', #256, 1000.000000000000100 ) ;
#102 = CARTESIAN_POINT ( 'NONE',  ( -0.1916707222717522500, 0.1899999999999960300, 0.4755117650538315300 ) ) ;
#103 = VERTEX_POINT ( 'NONE', #1548 ) ;
#104 = CARTESIAN_POINT ( 'NONE',  ( -0.2740394289447989900, 0.1899999999998403200, -0.4170166533313454700 ) ) ;
#105 = CARTESIAN_POINT ( 'NONE',  ( 0.2536757449628505000, 0.1899999999997961700, -0.3462383228338302100 ) ) ;
#106 = CARTESIAN_POINT ( 'NONE',  ( -0.09000000000000001100, 0.1099999999999999900, 0.3999999999999999700 ) ) ;
#107 = CARTESIAN_POINT ( 'NONE',  ( 0.2754983443527075900, 0.1899999999999998600, -9.797174393178813200E-018 ) ) ;
#108 = CARTESIAN_POINT ( 'NONE',  ( -0.1834267710479535200, 0.1899999999999960300, 0.4736568264460489000 ) ) ;
#109 = STYLED_ITEM ( 'NONE', ( #1391 ), #1314 ) ;
#110 = DIRECTION ( 'NONE',  ( 0.0000000000000000000, 0.0000000000000000000, -1.000000000000000000 ) ) ;
#111 = CARTESIAN_POINT ( 'NONE',  ( -0.09000000000000002400, -0.1099999999999999900, 0.4000000000000000200 ) ) ;
#112 = VECTOR ( 'NONE', #945, 1000.000000000000000 ) ;
#113 = CARTESIAN_POINT ( 'NONE',  ( -0.2536722973780065600, 0.1899999999999983100, 0.05309693488485908000 ) ) ;
#114 = CARTESIAN_POINT ( 'NONE',  ( -0.1599802026036545000, 0.1899999999999728300, 0.4640188707832123000 ) ) ;
#115 = DIRECTION ( 'NONE',  ( 0.0000000000000000000, 0.0000000000000000000, -1.000000000000000000 ) ) ;
#116 = CARTESIAN_POINT ( 'NONE',  ( -0.3100000000000000000, 0.3299999999999998500, 0.8400000000000000800 ) ) ;
#117 = LINE ( 'NONE', #1083, #101 ) ;
#118 = DIRECTION ( 'NONE',  ( 1.000000000000000000, 0.0000000000000000000, 0.0000000000000000000 ) ) ;
#119 = VERTEX_POINT ( 'NONE', #1476 ) ;
#120 = DIRECTION ( 'NONE',  ( 1.000000000000000000, 0.0000000000000000000, 0.0000000000000000000 ) ) ;
#121 = VERTEX_POINT ( 'NONE', #1392 ) ;
#122 = ORIENTED_EDGE ( 'NONE', *, *, #749, .T. ) ;
#123 = STYLED_ITEM ( 'NONE', ( #159 ), #1178 ) ;
#124 = CARTESIAN_POINT ( 'NONE',  ( -0.1751828198241492400, 0.1899999999999960300, 0.4718018878382650400 ) ) ;
#125 = CARTESIAN_POINT ( 'NONE',  ( -0.3100000000000000000, 0.1099999999999999900, -0.4000000000000000200 ) ) ;
#126 = PLANE ( 'NONE',  #1113 ) ;
#127 = ADVANCED_FACE ( 'NONE', ( #1105 ), #1121, .T. ) ;
#128 = EDGE_CURVE ( 'NONE', #402, #750, #937, .T. ) ;
#129 = CARTESIAN_POINT ( 'NONE',  ( -0.1671454372954629700, 0.1899999999999728300, 0.4684980382092431300 ) ) ;
#130 = DIRECTION ( 'NONE',  ( 0.0000000000000000000, 1.000000000000000000, 0.0000000000000000000 ) ) ;
#131 = CARTESIAN_POINT ( 'NONE',  ( 0.3100000000000000000, 0.1099999999999999700, 0.0000000000000000000 ) ) ;
#132 =( NAMED_UNIT ( * ) SI_UNIT ( $, .STERADIAN. ) SOLID_ANGLE_UNIT ( ) );
#133 = SHAPE_DEFINITION_REPRESENTATION ( #506, #792 ) ;
#134 = AXIS2_PLACEMENT_3D ( 'NONE', #794, #839, #849 ) ;
#135 = CYLINDRICAL_SURFACE ( 'NONE', #710, 0.07499999999999998300 ) ;
#136 = PRODUCT_DEFINITION ( 'UNKNOWN', '', #219, #491 ) ;
#137 = ADVANCED_FACE ( 'NONE', ( #1074 ), #701, .F. ) ;
#138 = PLANE ( 'NONE',  #1085 ) ;
#139 = CARTESIAN_POINT ( 'NONE',  ( -0.3100000000000000000, 0.3300000000000000700, -0.3999999999859242800 ) ) ;
#140 = CARTESIAN_POINT ( 'NONE',  ( -0.2754983443527075900, 0.1899999999999998400, -9.797174393178811700E-018 ) ) ;
#141 =( NAMED_UNIT ( * ) PLANE_ANGLE_UNIT ( ) SI_UNIT ( $, .RADIAN. ) );
#142 = EDGE_CURVE ( 'NONE', #1025, #1380, #956, .T. ) ;
#143 = AXIS2_PLACEMENT_3D ( 'NONE', #1558, #1332, #1305 ) ;
#144 = ORIENTED_EDGE ( 'NONE', *, *, #1389, .T. ) ;
#145 = VERTEX_POINT ( 'NONE', #440 ) ;
#146 = ORIENTED_EDGE ( 'NONE', *, *, #1220, .F. ) ;
#147 = CARTESIAN_POINT ( 'NONE',  ( 0.09000000000000002400, 0.1099999999999999700, -1.355252715606880500E-017 ) ) ;
#148 = ORIENTED_EDGE ( 'NONE', *, *, #983, .T. ) ;
#149 = ADVANCED_FACE ( 'NONE', ( #920 ), #1048, .T. ) ;
#150 = CARTESIAN_POINT ( 'NONE',  ( -0.1669286571239622100, 0.1899999999999987300, -0.4678696270829275100 ) ) ;
#151 = CARTESIAN_POINT ( 'NONE',  ( 0.3099999999999998900, 0.3300000000082453100, 0.2711269837328879100 ) ) ;
#152 = CARTESIAN_POINT ( 'NONE',  ( 0.3100000000000000000, 0.1099999999999999700, 0.0000000000000000000 ) ) ;
#153 = STYLED_ITEM ( 'NONE', ( #61 ), #1102 ) ;
#154 = EDGE_CURVE ( 'NONE', #1190, #121, #1139, .T. ) ;
#155 = AXIS2_PLACEMENT_3D ( 'NONE', #378, #115, #232 ) ;
#156 = CARTESIAN_POINT ( 'NONE',  ( -0.2500000000000001100, 0.5399999999999999200, -0.5250000000000000200 ) ) ;
#157 = CARTESIAN_POINT ( 'NONE',  ( 0.09000000000000002400, 0.1099999999999999600, 0.4000000000000000800 ) ) ;
#158 = ADVANCED_FACE ( 'NONE', ( #1100 ), #662, .F. ) ;
#159 = PRESENTATION_STYLE_ASSIGNMENT (( #1298 ) ) ;
#160 = DIRECTION ( 'NONE',  ( -1.000000000000000000, -0.0000000000000000000, 0.0000000000000000000 ) ) ;
#161 = CARTESIAN_POINT ( 'NONE',  ( -0.2000000000000000100, 0.1099999999999999700, -0.4000000000000000200 ) ) ;
#162 = EDGE_CURVE ( 'NONE', #1079, #1279, #994, .T. ) ;
#163 = EDGE_LOOP ( 'NONE', ( #610, #37 ) ) ;
#164 = EDGE_LOOP ( 'NONE', ( #63, #645, #1020 ) ) ;
#165 = ORIENTED_EDGE ( 'NONE', *, *, #829, .T. ) ;
#166 = CARTESIAN_POINT ( 'NONE',  ( -0.2500000000000001100, 0.5399999999999999200, -0.3750000000000000600 ) ) ;
#167 = CARTESIAN_POINT ( 'NONE',  ( 0.1317778925042429900, 0.1899999999999748300, 0.03233796605909827100 ) ) ;
#168 = CARTESIAN_POINT ( 'NONE',  ( -0.3750000000000000000, 0.2399999999999999400, -0.02500000000000004000 ) ) ;
#169 = AXIS2_PLACEMENT_3D ( 'NONE', #1469, #539, #1255 ) ;
#170 = DIRECTION ( 'NONE',  ( 1.000000000000000000, 0.0000000000000000000, 0.0000000000000000000 ) ) ;
#171 = CARTESIAN_POINT ( 'NONE',  ( -0.3100000000000000000, -0.1099999999999999900, 0.8399999999999999700 ) ) ;
#172 = CARTESIAN_POINT ( 'NONE',  ( -0.1245016556472923800, 0.1899999999999998400, -0.002648046330387576500 ) ) ;
#173 = CARTESIAN_POINT ( 'NONE',  ( 0.1353972802477995400, 0.1899999999999748300, 0.03997364293681177100 ) ) ;
#174 = SURFACE_STYLE_FILL_AREA ( #1517 ) ;
#175 = CARTESIAN_POINT ( 'NONE',  ( 0.1249196074898876900, 0.1899999999994911000, 0.007933136868111324500 ) ) ;
#176 = DIRECTION ( 'NONE',  ( 0.0000000000000000000, 1.000000000000000000, -0.0000000000000000000 ) ) ;
#177 = DIRECTION ( 'NONE',  ( 0.0000000000000000000, 0.0000000000000000000, 1.000000000000000000 ) ) ;
#178 = EDGE_LOOP ( 'NONE', ( #1137, #1521, #351, #936 ) ) ;
#179 = EDGE_LOOP ( 'NONE', ( #1073, #1646, #148, #1494 ) ) ;
#180 = CARTESIAN_POINT ( 'NONE',  ( 0.1403848923972717500, 0.1899999999999982500, 0.04708972790890100800 ) ) ;
#181 = EDGE_LOOP ( 'NONE', ( #479, #855, #80, #282 ) ) ;
#182 = CARTESIAN_POINT ( 'NONE',  ( -0.2753586411808601800, 0.1899999999994909900, 0.005299749878516213200 ) ) ;
#183 = EDGE_LOOP ( 'NONE', ( #1435, #144, #1144, #895 ) ) ;
#184 = CARTESIAN_POINT ( 'NONE',  ( 0.2254751169422628000, 0.1899999999999987300, 0.3284289028601828400 ) ) ;
#185 = DIRECTION ( 'NONE',  ( -0.0000000000000000000, -0.0000000000000000000, -1.000000000000000000 ) ) ;
#186 = CARTESIAN_POINT ( 'NONE',  ( 0.1463277026219934300, 0.1899999999999982500, 0.05309693488485911500 ) ) ;
#187 = CARTESIAN_POINT ( 'NONE',  ( -0.2087418453360481200, 0.1899999999999984200, 0.07499053367006226800 ) ) ;
#188 = CARTESIAN_POINT ( 'NONE',  ( 0.2330713428760378100, 0.1899999999999987300, 0.3321303729170725400 ) ) ;
#189 = CARTESIAN_POINT ( 'NONE',  ( -0.2500000000000001100, 0.5399999999999999200, -0.4500000000000000700 ) ) ;
#190 = CARTESIAN_POINT ( 'NONE',  ( 0.1522705128467130600, 0.1899999999999982500, 0.05910414186081514700 ) ) ;
#191 = VECTOR ( 'NONE', #1351, 1000.000000000000000 ) ;
#192 = CARTESIAN_POINT ( 'NONE',  ( 0.2406675688098128000, 0.1899999999999987300, 0.3358318429739621800 ) ) ;
#193 = CARTESIAN_POINT ( 'NONE',  ( 0.3100000000000000000, 0.3299999999999999000, 0.4000000000140757600 ) ) ;
#194 = CARTESIAN_POINT ( 'NONE',  ( 0.3100000000000000500, 0.2388730162882256000, -0.2199999999958774100 ) ) ;
#195 = CARTESIAN_POINT ( 'NONE',  ( 0.09000000000000002400, 0.1099999999999999600, 0.4000000000000001300 ) ) ;
#196 = PRESENTATION_LAYER_ASSIGNMENT (  '', '', ( #109 ) ) ;
#197 = CARTESIAN_POINT ( 'NONE',  ( 0.2003486205441076300, 0.1899999999999985300, -0.4759689541374327900 ) ) ;
#198 =( LENGTH_UNIT ( ) NAMED_UNIT ( * ) SI_UNIT ( .MILLI., .METRE. ) );
#199 = CARTESIAN_POINT ( 'NONE',  ( 0.2477294871532869600, 0.1899999999999983600, 0.3408958581391848800 ) ) ;
#200 = ORIENTED_EDGE ( 'NONE', *, *, #546, .T. ) ;
#201 = CARTESIAN_POINT ( 'NONE',  ( -0.3750000000000000000, 0.2399999999999999400, -0.2000000000000000100 ) ) ;
#202 = ORIENTED_EDGE ( 'NONE', *, *, #1232, .F. ) ;
#203 = EDGE_LOOP ( 'NONE', ( #60, #475, #756, #58 ) ) ;
#204 = DIRECTION ( 'NONE',  ( 1.000000000000000000, -0.0000000000000000000, 0.0000000000000000000 ) ) ;
#205 = CARTESIAN_POINT ( 'NONE',  ( -0.09000000000000002400, -0.1100000000000000300, 0.2711269837188121600 ) ) ;
#206 = CARTESIAN_POINT ( 'NONE',  ( 0.1916707222717522800, 0.1899999999999959800, -0.4755117650538315800 ) ) ;
#207 = CARTESIAN_POINT ( 'NONE',  ( 0.2536722973780065600, 0.1899999999999983600, 0.3469030651151409600 ) ) ;
#208 = AXIS2_PLACEMENT_3D ( 'NONE', #1439, #1408, #1404 ) ;
#209 = CARTESIAN_POINT ( 'NONE',  ( 0.1834267710479535500, 0.1899999999999959800, -0.4736568264460489500 ) ) ;
#210 = SURFACE_STYLE_USAGE ( .BOTH. , #222 ) ;
#211 = CARTESIAN_POINT ( 'NONE',  ( 0.2596151076027282700, 0.1899999999999983600, 0.3529102720910990400 ) ) ;
#212 = EDGE_CURVE ( 'NONE', #1363, #626, #1022, .T. ) ;
#213 = EDGE_CURVE ( 'NONE', #365, #1261, #960, .T. ) ;
#214 = CARTESIAN_POINT ( 'NONE',  ( 0.1751828198241492700, 0.1899999999999959800, -0.4718018878382651000 ) ) ;
#215 = CARTESIAN_POINT ( 'NONE',  ( 0.1410455627350692700, 0.1899999999997961100, 0.3528367269287672700 ) ) ;
#216 = CARTESIAN_POINT ( 'NONE',  ( 0.2646027197522005100, 0.1899999999999747700, 0.3600263570631882500 ) ) ;
#217 = AXIS2_PLACEMENT_3D ( 'NONE', #161, #419, #287 ) ;
#218 = VERTEX_POINT ( 'NONE', #201 ) ;
#219 = PRODUCT_DEFINITION_FORMATION_WITH_SPECIFIED_SOURCE ( 'ANY', '', #727, .NOT_KNOWN. ) ;
#220 = ORIENTED_EDGE ( 'NONE', *, *, #1145, .F. ) ;
#221 = CARTESIAN_POINT ( 'NONE',  ( 0.1671454372954630200, 0.1899999999999728300, -0.4684980382092431300 ) ) ;
#222 = SURFACE_SIDE_STYLE ('',( #81 ) ) ;
#223 = ORIENTED_EDGE ( 'NONE', *, *, #303, .T. ) ;
#224 = ORIENTED_EDGE ( 'NONE', *, *, #1287, .F. ) ;
#225 = CARTESIAN_POINT ( 'NONE',  ( -0.1528149679117952500, 0.1899999999999728300, 0.4595397033571497200 ) ) ;
#226 = CARTESIAN_POINT ( 'NONE',  ( 0.1599802026036545600, 0.1899999999999728300, -0.4640188707832123000 ) ) ;
#227 = CARTESIAN_POINT ( 'NONE',  ( -0.1463242550371494600, 0.1899999999997961700, 0.4537616771661698300 ) ) ;
#228 = CARTESIAN_POINT ( 'NONE',  ( 0.3100000000000000000, 0.1099999999999999700, 0.4000000000000000200 ) ) ;
#229 = FILL_AREA_STYLE ('',( #244 ) ) ;
#230 = VECTOR ( 'NONE', #1367, 1000.000000000000000 ) ;
#231 = EDGE_CURVE ( 'NONE', #218, #1056, #917, .T. ) ;
#232 = DIRECTION ( 'NONE',  ( 1.000000000000000000, 0.0000000000000000000, 0.0000000000000000000 ) ) ;
#233 = CARTESIAN_POINT ( 'NONE',  ( 0.3099999999999999400, 0.1099999999999999900, 0.4000000000000001300 ) ) ;
#234 = CARTESIAN_POINT ( 'NONE',  ( -0.4000000000000000800, 0.1899999999999998900, 0.5999999999999999800 ) ) ;
#235 = ORIENTED_EDGE ( 'NONE', *, *, #1455, .T. ) ;
#236 = CARTESIAN_POINT ( 'NONE',  ( -0.3100000000000000000, 0.1099999999999999900, -0.3999999999999999700 ) ) ;
#237 = CARTESIAN_POINT ( 'NONE',  ( 0.09000000000000003800, -0.1099999999999999900, 0.4000000000000000200 ) ) ;
#238 = CARTESIAN_POINT ( 'NONE',  ( -0.4000000000000000800, 0.5900000000000000800, -0.5999999999999999800 ) ) ;
#239 = CARTESIAN_POINT ( 'NONE',  ( -0.2003486205441076000, 0.1899999999999984200, 0.07596895413743282000 ) ) ;
#240 = EDGE_CURVE ( 'NONE', #1076, #1163, #874, .T. ) ;
#241 = CARTESIAN_POINT ( 'NONE',  ( 0.3100000000000000000, -0.1099999999999999900, 0.4000000000000000200 ) ) ;
#242 = CARTESIAN_POINT ( 'NONE',  ( -0.1410455627350692700, 0.1899999999997961700, 0.4471632730712327100 ) ) ;
#243 = CARTESIAN_POINT ( 'NONE',  ( 0.09000000000000002400, 0.1099999999999999600, 0.4000000000000001300 ) ) ;
#244 = FILL_AREA_STYLE_COLOUR ( '', #319 ) ;
#245 = CARTESIAN_POINT ( 'NONE',  ( -0.1357668704329717000, 0.1899999999997961700, 0.4405648689762737800 ) ) ;
#246 = AXIS2_PLACEMENT_3D ( 'NONE', #820, #913, #918 ) ;
#247 = ADVANCED_FACE ( 'NONE', ( #871 ), #1245, .T. ) ;
#248 = CARTESIAN_POINT ( 'NONE',  ( 0.2000000000000000100, 0.1099999999999999700, 0.0000000000000000000 ) ) ;
#249 = LINE ( 'NONE', #1150, #26 ) ;
#250 = AXIS2_PLACEMENT_3D ( 'NONE', #765, #817, #901 ) ;
#251 = COLOUR_RGB ( '',0.7921568627450980000, 0.8196078431372548800, 0.9333333333333333500 ) ;
#252 = PRESENTATION_LAYER_ASSIGNMENT (  '', '', ( #350 ) ) ;
#253 = CARTESIAN_POINT ( 'NONE',  ( -0.2754983443527075900, 0.1899999999999998400, 0.4000000000000000200 ) ) ;
#254 = CARTESIAN_POINT ( 'NONE',  ( -0.3100000000000000000, -0.1099999999999999900, 0.4000000000000000200 ) ) ;
#255 = CARTESIAN_POINT ( 'NONE',  ( -0.1245016556472923800, 0.1899999999999998400, -9.797174393178811700E-018 ) ) ;
#256 = DIRECTION ( 'NONE',  ( -0.7071067811865474600, -0.0000000000000000000, 0.7071067811865474600 ) ) ;
#257 = EDGE_LOOP ( 'NONE', ( #731, #16, #14, #1518 ) ) ;
#258 = CARTESIAN_POINT ( 'NONE',  ( 0.3100000000000000000, 0.1099999999999999600, -0.4000000000000001300 ) ) ;
#259 = VERTEX_POINT ( 'NONE', #926 ) ;
#260 = ADVANCED_FACE ( 'NONE', ( #997 ), #493, .F. ) ;
#261 = EDGE_LOOP ( 'NONE', ( #642, #943 ) ) ;
#262 = EDGE_LOOP ( 'NONE', ( #202, #1451 ) ) ;
#263 = CARTESIAN_POINT ( 'NONE',  ( -0.3100000000000000000, -0.1099999999999999900, 0.4000000000000000200 ) ) ;
#264 = CARTESIAN_POINT ( 'NONE',  ( 0.1245016556472924000, 0.1899999999999998400, 0.4000000000000000200 ) ) ;
#265 = AXIS2_PLACEMENT_3D ( 'NONE', #248, #390, #483 ) ;
#266 = EDGE_CURVE ( 'NONE', #1279, #1056, #841, .T. ) ;
#267 = ADVANCED_FACE ( 'NONE', ( #826 ), #1624, .F. ) ;
#268 = CARTESIAN_POINT ( 'NONE',  ( -0.3750000000000000000, 0.1899999999999998900, -0.2000000000000000100 ) ) ;
#269 = CARTESIAN_POINT ( 'NONE',  ( 0.2754983443527075900, 0.1899999999999998600, -0.3915499391114079500 ) ) ;
#270 = CARTESIAN_POINT ( 'NONE',  ( 0.3100000000000000000, 0.1099999999999999900, 0.0000000000000000000 ) ) ;
#271 = FACE_OUTER_BOUND ( 'NONE', #482, .T. ) ;
#272 = CARTESIAN_POINT ( 'NONE',  ( -0.2000000000000000100, 0.1099999999999999700, -0.4000000000000000200 ) ) ;
#273 = DIRECTION ( 'NONE',  ( -0.0000000000000000000, 0.0000000000000000000, 1.000000000000000000 ) ) ;
#274 = CARTESIAN_POINT ( 'NONE',  ( -0.2740394289447989900, 0.1899999999998402100, -0.01701665333134565500 ) ) ;
#275 = CARTESIAN_POINT ( 'NONE',  ( 0.3100000000000000000, 0.1099999999999999700, 0.4000000000000000200 ) ) ;
#276 = PRESENTATION_STYLE_ASSIGNMENT (( #1428 ) ) ;
#277 = CARTESIAN_POINT ( 'NONE',  ( -0.4000000000000000800, 0.5900000000000000800, 0.5999999999999999800 ) ) ;
#278 = CARTESIAN_POINT ( 'NONE',  ( -0.09000000000000002400, 0.1099999999999999700, 0.4000000000000001300 ) ) ;
#279 = ORIENTED_EDGE ( 'NONE', *, *, #862, .T. ) ;
#280 = CARTESIAN_POINT ( 'NONE',  ( 0.09000000000000002400, 0.1099999999999999600, -0.4000000000000000200 ) ) ;
#281 = VECTOR ( 'NONE', #70, 1000.000000000000000 ) ;
#282 = ORIENTED_EDGE ( 'NONE', *, *, #1376, .F. ) ;
#283 = CARTESIAN_POINT ( 'NONE',  ( -0.1403848923972717500, 0.1899999999999983600, 0.3529102720910991000 ) ) ;
#284 = MECHANICAL_DESIGN_GEOMETRIC_PRESENTATION_REPRESENTATION (  '', ( #109 ), #372 ) ;
#285 = CARTESIAN_POINT ( 'NONE',  ( -0.09000000000000001100, 0.3300000000000000200, 0.03999999999999978600 ) ) ;
#286 = CARTESIAN_POINT ( 'NONE',  ( 0.3099999999999999400, 0.1099999999999999700, 0.4000000000000001300 ) ) ;
#287 = DIRECTION ( 'NONE',  ( 1.000000000000000000, 0.0000000000000000000, 0.0000000000000000000 ) ) ;
#288 = DIRECTION ( 'NONE',  ( 0.0000000000000000000, -1.000000000000000000, 0.0000000000000000000 ) ) ;
#289 = AXIS2_PLACEMENT_3D ( 'NONE', #1467, #1541, #1442 ) ;
#290 = B_SPLINE_CURVE_WITH_KNOTS ( 'NONE', 3,
 ( #860, #864, #738, #734, #726, #1671, #215, #1420, #1653, #77, #946, #54, #59, #68, #72, #86, #89, #184, #188, #192, #199, #207, #211, #216, #848, #314, #317, #329, #335, #342, #348 ),
 .UNSPECIFIED., .F., .F.,
 ( 4, 3, 3, 3, 3, 3, 3, 3, 3, 3, 4 ),
 ( 0.0002359938886119335100, 0.0002613440712783511700, 0.0002866942539440505100, 0.0003120444366096758600, 0.0003373946192751346700, 0.0003627448019405782000, 0.0003880949846060205400, 0.0004134451672714627600, 0.0004387953499369118700, 0.0004641455326024743900, 0.0004719877772250173600 ),
 .UNSPECIFIED. ) ;
#291 = CARTESIAN_POINT ( 'NONE',  ( 0.3100000000000000000, 0.1099999999999999600, 0.4000000000000000800 ) ) ;
#292 = CARTESIAN_POINT ( 'NONE',  ( -0.2642331295670282100, 0.1899999999997961100, -0.04056486897627401700 ) ) ;
#293 = CARTESIAN_POINT ( 'NONE',  ( 0.1593324311901872500, 0.1899999999999987800, 0.06416815702603785600 ) ) ;
#294 = PRESENTATION_LAYER_ASSIGNMENT (  '', '', ( #123 ) ) ;
#295 = CIRCLE ( 'NONE', #1600, 0.1099999999999999900 ) ;
#296 = CARTESIAN_POINT ( 'NONE',  ( -0.2471850320882047200, 0.1899999999999728300, 0.3404602966428502700 ) ) ;
#297 = CARTESIAN_POINT ( 'NONE',  ( -0.3100000000000000000, 0.1099999999999999700, -0.3999999999999999700 ) ) ;
#298 = CARTESIAN_POINT ( 'NONE',  ( 0.09000000000000005200, -0.1100000000000000300, 0.2711269837188121600 ) ) ;
#299 = CARTESIAN_POINT ( 'NONE',  ( 0.1669286571239622700, 0.1899999999999987800, 0.06786962708292750000 ) ) ;
#300 = DIRECTION ( 'NONE',  ( -0.0000000000000000000, 0.0000000000000000000, 1.000000000000000000 ) ) ;
#301 = EDGE_LOOP ( 'NONE', ( #323, #799, #1569, #905 ) ) ;
#302 = SURFACE_STYLE_FILL_AREA ( #1485 ) ;
#303 = EDGE_CURVE ( 'NONE', #456, #779, #838, .T. ) ;
#304 = FACE_OUTER_BOUND ( 'NONE', #1696, .T. ) ;
#305 = ORIENTED_EDGE ( 'NONE', *, *, #142, .T. ) ;
#306 = CARTESIAN_POINT ( 'NONE',  ( 0.09000000000000002400, 0.1099999999999999000, 0.4000000000000000800 ) ) ;
#307 = VERTEX_POINT ( 'NONE', #69 ) ;
#308 = CARTESIAN_POINT ( 'NONE',  ( 0.1745248830577372800, 0.1899999999999987800, 0.07157109713981717200 ) ) ;
#309 = CARTESIAN_POINT ( 'NONE',  ( -0.2400197973963454600, 0.1899999999999728300, 0.3359811292167877400 ) ) ;
#310 = PRODUCT_RELATED_PRODUCT_CATEGORY ( 'part', '', ( #727 ) ) ;
#311 = CARTESIAN_POINT ( 'NONE',  ( 0.3999999999999999700, 0.1899999999999998900, 0.0000000000000000000 ) ) ;
#312 = CARTESIAN_POINT ( 'NONE',  ( 0.1828649298720118600, 0.1899999999999984200, 0.07401211320269177100 ) ) ;
#313 = CARTESIAN_POINT ( 'NONE',  ( 0.3099999999999999400, 0.1099999999999998900, -0.4000000000000001300 ) ) ;
#314 = CARTESIAN_POINT ( 'NONE',  ( 0.2718414952393358200, 0.1899999999999747700, 0.3752977108186620900 ) ) ;
#315 = CARTESIAN_POINT ( 'NONE',  ( 0.1317778925042429600, 0.1899999999999747700, -0.3676620339409018000 ) ) ;
#316 = CARTESIAN_POINT ( 'NONE',  ( 0.2000000000000000100, 0.1899999999999998600, 0.4000000000000000200 ) ) ;
#317 = CARTESIAN_POINT ( 'NONE',  ( 0.2741924857600092600, 0.1899999999994911000, 0.3836635809979215800 ) ) ;
#318 = CARTESIAN_POINT ( 'NONE',  ( -0.3099999999999998900, -0.1100000000000000300, 0.2711269837188121600 ) ) ;
#319 = COLOUR_RGB ( '',0.7921568627450980000, 0.8196078431372548800, 0.9333333333333333500 ) ;
#320 = CARTESIAN_POINT ( 'NONE',  ( 0.3100000000000000000, 0.1099999999999999700, 0.0000000000000000000 ) ) ;
#321 = ORIENTED_EDGE ( 'NONE', *, *, #51, .T. ) ;
#322 = CARTESIAN_POINT ( 'NONE',  ( -0.2596151076027282100, 0.1899999999999984800, 0.4470897279089010000 ) ) ;
#323 = ORIENTED_EDGE ( 'NONE', *, *, #728, .F. ) ;
#324 = CARTESIAN_POINT ( 'NONE',  ( 0.1249196074898876900, 0.1899999999994911000, -0.3920668631318887700 ) ) ;
#325 = DIRECTION ( 'NONE',  ( 0.0000000000000000000, -0.0000000000000000000, -1.000000000000000000 ) ) ;
#326 = UNCERTAINTY_MEASURE_WITH_UNIT (LENGTH_MEASURE( 1.000000000000000100E-005 ), #1655, 'distance_accuracy_value', 'NONE');
#327 = EDGE_CURVE ( 'NONE', #259, #588, #782, .T. ) ;
#328 = CARTESIAN_POINT ( 'NONE',  ( 0.1245016556379403000, 0.1899999999820092800, 0.4026480463339695000 ) ) ;
#329 = CARTESIAN_POINT ( 'NONE',  ( 0.2750803925101123500, 0.1899999999994911000, 0.3920668631318887700 ) ) ;
#330 = CARTESIAN_POINT ( 'NONE',  ( -0.3100000000000000000, 0.1099999999999999900, 0.4000000000000000200 ) ) ;
#331 = CARTESIAN_POINT ( 'NONE',  ( 0.3100000000000000000, 0.3299999999999999000, -2.694222958124176600E-017 ) ) ;
#332 = CARTESIAN_POINT ( 'NONE',  ( -0.1357668704329716700, 0.1899999999997960500, 0.04056486897627384300 ) ) ;
#333 = CARTESIAN_POINT ( 'NONE',  ( 0.1528149679117953000, 0.1899999999999728300, -0.4595397033571497800 ) ) ;
#334 = CARTESIAN_POINT ( 'NONE',  ( 0.1246413588191398900, 0.1899999999994911000, 0.4052997498785162500 ) ) ;
#335 = CARTESIAN_POINT ( 'NONE',  ( 0.2753586411810216000, 0.1899999999994911000, 0.3947002501230119100 ) ) ;
#336 = CARTESIAN_POINT ( 'NONE',  ( -0.09000000000000001100, 0.1099999999999999900, 0.3999999999999999700 ) ) ;
#337 = CARTESIAN_POINT ( 'NONE',  ( 0.3100000000000000500, -0.01887301627415020500, -0.2200000000041226200 ) ) ;
#338 = CARTESIAN_POINT ( 'NONE',  ( 0.0000000000000000000, 0.2399999999999999400, 0.0000000000000000000 ) ) ;
#339 = CARTESIAN_POINT ( 'NONE',  ( 0.1463242550371494600, 0.1899999999997961100, -0.4537616771661698900 ) ) ;
#340 = CARTESIAN_POINT ( 'NONE',  ( 0.1249196074898876900, 0.1899999999994911000, 0.4079331368681112800 ) ) ;
#341 = VECTOR ( 'NONE', #176, 1000.000000000000000 ) ;
#342 = CARTESIAN_POINT ( 'NONE',  ( 0.2754983443527075900, 0.1899999999999998600, 0.3973519536696124000 ) ) ;
#343 = LINE ( 'NONE', #1633, #1657 ) ;
#344 = CARTESIAN_POINT ( 'NONE',  ( 0.3099999999999999400, 0.1099999999999999600, 0.4000000000000001300 ) ) ;
#345 = CARTESIAN_POINT ( 'NONE',  ( -0.2712424115459345900, 0.1899999999998402100, -0.02499037408948633400 ) ) ;
#346 = CARTESIAN_POINT ( 'NONE',  ( 0.09000000000000005200, -0.01887301627415011500, 0.1799999999958774600 ) ) ;
#347 = AXIS2_PLACEMENT_3D ( 'NONE', #649, #288, #1065 ) ;
#348 = CARTESIAN_POINT ( 'NONE',  ( 0.2754983443527075900, 0.1899999999999998600, 0.4000000000000000200 ) ) ;
#349 = VERTEX_POINT ( 'NONE', #1591 ) ;
#350 = STYLED_ITEM ( 'NONE', ( #608 ), #1034 ) ;
#351 = ORIENTED_EDGE ( 'NONE', *, *, #327, .T. ) ;
#352 = ORIENTED_EDGE ( 'NONE', *, *, #969, .T. ) ;
#353 = CARTESIAN_POINT ( 'NONE',  ( 0.1410455627350692700, 0.1899999999997961100, -0.4471632730712327700 ) ) ;
#354 = CARTESIAN_POINT ( 'NONE',  ( 0.3100000000000000000, 0.3300000000000000200, 0.4399999999999999500 ) ) ;
#355 = CARTESIAN_POINT ( 'NONE',  ( -0.3099999999999998900, -0.01887301627415011500, 0.1799999999958774600 ) ) ;
#356 = CARTESIAN_POINT ( 'NONE',  ( 0.1258075142399907600, 0.1899999999994911000, 0.4163364190020784600 ) ) ;
#357 = CARTESIAN_POINT ( 'NONE',  ( -0.1315546058521901700, 0.1899999999998402100, 0.4329640948455185100 ) ) ;
#358 = EDGE_CURVE ( 'NONE', #496, #548, #797, .T. ) ;
#359 = CARTESIAN_POINT ( 'NONE',  ( -0.3100000000000000000, 0.1099999999999999900, 0.3999999999999999700 ) ) ;
#360 = VECTOR ( 'NONE', #300, 1000.000000000000000 ) ;
#361 = CARTESIAN_POINT ( 'NONE',  ( 0.1357668704329716700, 0.1899999999997961100, -0.4405648689762738400 ) ) ;
#362 = CARTESIAN_POINT ( 'NONE',  ( 0.1281585047606642000, 0.1899999999999747700, 0.4247022891813379600 ) ) ;
#363 = CARTESIAN_POINT ( 'NONE',  ( -0.1287575884540653200, 0.1899999999998402100, 0.4249903740894861400 ) ) ;
#364 = CARTESIAN_POINT ( 'NONE',  ( -0.09000000000000002400, 0.1099999999999999700, 0.4000000000000000200 ) ) ;
#365 = VERTEX_POINT ( 'NONE', #1545 ) ;
#366 = ORIENTED_EDGE ( 'NONE', *, *, #1506, .T. ) ;
#367 = ORIENTED_EDGE ( 'NONE', *, *, #1551, .F. ) ;
#368 = B_SPLINE_CURVE_WITH_KNOTS ( 'NONE', 3,
 ( #376, #382, #369, #363, #357, #245, #242, #227, #225, #114, #129, #124, #108, #102, #1497, #1359, #1354, #1246, #1233, #1110, #673, #442, #322, #1628, #1622, #1619, #1615, #1606, #1602, #1510, #1504 ),
 .UNSPECIFIED., .F., .F.,
 ( 4, 3, 3, 3, 3, 3, 3, 3, 3, 3, 4 ),
 ( 0.0000000000000000000, 2.535018266626515600E-005, 5.070036533245334800E-005, 7.605054799856755000E-005, 0.0001014007306645152500, 0.0001267509133304476100, 0.0001521010959963788400, 0.0001774512786623099100, 0.0002028014613282478600, 0.0002281516439942992200, 0.0002359938886119336400 ),
 .UNSPECIFIED. ) ;
#369 = CARTESIAN_POINT ( 'NONE',  ( -0.1259605710559342200, 0.1899999999998402100, 0.4170166533334359600 ) ) ;
#370 = DIRECTION ( 'NONE',  ( -1.000000000000000000, 0.0000000000000000000, 0.0000000000000000000 ) ) ;
#371 = CARTESIAN_POINT ( 'NONE',  ( -0.09000000000000002400, 0.1099999999999999700, 0.4000000000000000200 ) ) ;
#372 =( GEOMETRIC_REPRESENTATION_CONTEXT ( 3 ) GLOBAL_UNCERTAINTY_ASSIGNED_CONTEXT ( ( #326 ) ) GLOBAL_UNIT_ASSIGNED_CONTEXT ( ( #1655, #1652, #1561 ) ) REPRESENTATION_CONTEXT ( 'NONE', 'WORKASPACE' ) );
#373 = PLANE ( 'NONE',  #831 ) ;
#374 = CARTESIAN_POINT ( 'NONE',  ( 0.1317778925042429600, 0.1899999999999747700, 0.4323379660590982400 ) ) ;
#375 = SURFACE_STYLE_USAGE ( .BOTH. , #813 ) ;
#376 = CARTESIAN_POINT ( 'NONE',  ( -0.1245016556472923800, 0.1899999999999998400, 0.4000000000000000200 ) ) ;
#377 = LINE ( 'NONE', #1492, #360 ) ;
#378 = CARTESIAN_POINT ( 'NONE',  ( 0.2000000000000000100, 0.1099999999999999700, 0.0000000000000000000 ) ) ;
#379 = CARTESIAN_POINT ( 'NONE',  ( 0.3099999999999999400, 0.1099999999999999600, 0.4000000000000001300 ) ) ;
#380 = MECHANICAL_DESIGN_GEOMETRIC_PRESENTATION_REPRESENTATION (  '', ( #123 ), #462 ) ;
#381 = CLOSED_SHELL ( 'NONE', ( #503, #514, #260 ) ) ;
#382 = CARTESIAN_POINT ( 'NONE',  ( -0.1245016556472923800, 0.1899999999999998400, 0.4084500608885920900 ) ) ;
#383 = ORIENTED_EDGE ( 'NONE', *, *, #783, .T. ) ;
#384 = CARTESIAN_POINT ( 'NONE',  ( -0.1522705128467130000, 0.1899999999999983600, -0.4591041418608151100 ) ) ;
#385 = VERTEX_POINT ( 'NONE', #1375 ) ;
#386 = CARTESIAN_POINT ( 'NONE',  ( 0.1353972802477995100, 0.1899999999999747700, 0.4399736429368117900 ) ) ;
#387 =( BOUNDED_SURFACE ( )  B_SPLINE_SURFACE ( 3, 3, ( 
 ( #275, #45, #1424, #1341 ),
 ( #1041, #762, #743, #241 ),
 ( #1699, #1688, #1680, #1674 ),
 ( #1587, #1580, #1566, #1560 ) ),
 .UNSPECIFIED., .F., .F., .T. ) 
 B_SPLINE_SURFACE_WITH_KNOTS ( ( 4, 4 ),
 ( 4, 4 ),
 ( 0.0000000000000000000, 1.000000000000000000 ),
 ( 0.0000000000000000000, 1.000000000000000000 ),
 .UNSPECIFIED. ) 
 GEOMETRIC_REPRESENTATION_ITEM ( )  RATIONAL_B_SPLINE_SURFACE ( (
 ( 1.000000000000000000, 0.3333333333333334300, 0.3333333333333334300, 1.000000000000000000),
 ( 0.3333333333333333700, 0.1111111111111111600, 0.1111111111111111600, 0.3333333333333333700),
 ( 0.3333333333333333700, 0.1111111111111111600, 0.1111111111111111600, 0.3333333333333333700),
 ( 1.000000000000000000, 0.3333333333333334300, 0.3333333333333334300, 1.000000000000000000) ) ) 
 REPRESENTATION_ITEM ( '' )  SURFACE ( )  );
#388 = ADVANCED_FACE ( 'NONE', ( #801 ), #373, .T. ) ;
#389 = CARTESIAN_POINT ( 'NONE',  ( -0.1463277026219933800, 0.1899999999999983600, -0.4530969348848590300 ) ) ;
#390 = DIRECTION ( 'NONE',  ( 0.0000000000000000000, 1.224646799147353200E-016, 1.000000000000000000 ) ) ;
#391 = CARTESIAN_POINT ( 'NONE',  ( 0.3100000000000000000, -0.1099999999999998800, 0.4399999999999999500 ) ) ;
#392 = CARTESIAN_POINT ( 'NONE',  ( -0.1403848923972717500, 0.1899999999999983600, -0.4470897279089009500 ) ) ;
#393 = CARTESIAN_POINT ( 'NONE',  ( -0.3100000000000000000, 0.1100000000070378000, 0.1800000000000001300 ) ) ;
#394 = CIRCLE ( 'NONE', #246, 0.1099999999999999900 ) ;
#395 = CARTESIAN_POINT ( 'NONE',  ( 0.09000000000000003800, 0.2388730162882256000, -0.2199999999958774100 ) ) ;
#396 = UNCERTAINTY_MEASURE_WITH_UNIT (LENGTH_MEASURE( 1.000000000000000100E-005 ), #198, 'distance_accuracy_value', 'NONE');
#397 = CIRCLE ( 'NONE', #1273, 0.1099999999999999900 ) ;
#398 = ADVANCED_FACE ( 'NONE', ( #752 ), #1559, .T. ) ;
#399 = CARTESIAN_POINT ( 'NONE',  ( -0.3100000000000000000, 0.1099999999999999700, 0.3999999999999999700 ) ) ;
#400 = CARTESIAN_POINT ( 'NONE',  ( 0.3100000000000000000, 0.1099999999999999700, 0.0000000000000000000 ) ) ;
#401 = PRESENTATION_STYLE_ASSIGNMENT (( #1188 ) ) ;
#402 = VERTEX_POINT ( 'NONE', #516 ) ;
#403 = CIRCLE ( 'NONE', #1130, 0.07499999999999998300 ) ;
#404 = EDGE_LOOP ( 'NONE', ( #547, #1454 ) ) ;
#405 = B_SPLINE_CURVE_WITH_KNOTS ( 'NONE', 3,
 ( #1486, #1479, #1589, #1595, #1599, #1605, #1607, #30, #296, #309, #795, #412, #428, #665, #1084, #1202, #1219, #1226, #657, #1471, #677, #674, #283, #423, #15, #653, #20, #39, #25, #528, #541 ),
 .UNSPECIFIED., .F., .F.,
 ( 4, 3, 3, 3, 3, 3, 3, 3, 3, 3, 4 ),
 ( 0.0002359938886119336400, 0.0002613440712783513300, 0.0002866942539440506700, 0.0003120444366096760200, 0.0003373946192751348400, 0.0003627448019405783600, 0.0003880949846060207000, 0.0004134451672714630300, 0.0004387953499369120900, 0.0004641455326024746100, 0.0004719877772250176300 ),
 .UNSPECIFIED. ) ;
#406 = ADVANCED_FACE ( 'NONE', ( #732 ), #499, .F. ) ;
#407 = CARTESIAN_POINT ( 'NONE',  ( 0.3100000000000000000, 0.1099999999999999900, -0.3999999999999999700 ) ) ;
#408 = CARTESIAN_POINT ( 'NONE',  ( -0.09000000000000002400, 0.1099999999999999600, 0.4000000000000000800 ) ) ;
#409 = CARTESIAN_POINT ( 'NONE',  ( 0.09000000000000002400, 0.1099999999999999900, -1.649735760928043100E-033 ) ) ;
#410 = CARTESIAN_POINT ( 'NONE',  ( -0.09000000000000002400, 0.3299999999999999000, 0.4000000000000000200 ) ) ;
#411 = CARTESIAN_POINT ( 'NONE',  ( -0.1828649298720115800, 0.1899999999999984200, -0.07401211320269170100 ) ) ;
#412 = CARTESIAN_POINT ( 'NONE',  ( -0.2248171801758507600, 0.1899999999999959800, 0.3281981121617349500 ) ) ;
#413 = CARTESIAN_POINT ( 'NONE',  ( -0.09000000000000002400, 0.1099999999999999700, 0.0000000000000000000 ) ) ;
#414 = DIRECTION ( 'NONE',  ( 0.0000000000000000000, -1.000000000000000000, 0.0000000000000000000 ) ) ;
#415 = CARTESIAN_POINT ( 'NONE',  ( 0.09000000000000003800, -0.1099999999999999900, 5.388445916248353300E-017 ) ) ;
#416 = CARTESIAN_POINT ( 'NONE',  ( -0.09000000000000001100, -0.1099999999999999900, -0.1288730162811878900 ) ) ;
#417 = CARTESIAN_POINT ( 'NONE',  ( 0.3100000000000000000, 0.1099999999999999000, 0.4000000000000000800 ) ) ;
#418 = CLOSED_SHELL ( 'NONE', ( #149, #406, #1315, #10 ) ) ;
#419 = DIRECTION ( 'NONE',  ( 0.0000000000000000000, 1.224646799147353200E-016, 1.000000000000000000 ) ) ;
#420 = FACE_OUTER_BOUND ( 'NONE', #164, .T. ) ;
#421 = CARTESIAN_POINT ( 'NONE',  ( 0.1912581546639519300, 0.1899999999999984200, 0.07499053367006226800 ) ) ;
#422 = CLOSED_SHELL ( 'NONE', ( #1692, #398, #1040 ) ) ;
#423 = CARTESIAN_POINT ( 'NONE',  ( -0.1353972802477995100, 0.1899999999999748300, 0.3600263570631883100 ) ) ;
#424 = EDGE_LOOP ( 'NONE', ( #1192, #843, #57, #35 ) ) ;
#425 = CARTESIAN_POINT ( 'NONE',  ( -0.09000000000000001100, 0.2388730162882256000, -0.2199999999958774100 ) ) ;
#426 = CARTESIAN_POINT ( 'NONE',  ( 0.09000000000000005200, 0.3300000000082453100, 0.2711269837328879100 ) ) ;
#427 = CARTESIAN_POINT ( 'NONE',  ( 0.1996513794558924500, 0.1899999999999984200, 0.07596895413743282000 ) ) ;
#428 = CARTESIAN_POINT ( 'NONE',  ( -0.2165732289520464800, 0.1899999999999959800, 0.3263431735539510900 ) ) ;
#429 = DIRECTION ( 'NONE',  ( 0.0000000000000000000, 1.000000000000000000, 0.0000000000000000000 ) ) ;
#430 = LINE ( 'NONE', #1345, #191 ) ;
#431 = CARTESIAN_POINT ( 'NONE',  ( -0.1916707222717522500, 0.1899999999999959800, 0.07551176505383155900 ) ) ;
#432 =( BOUNDED_SURFACE ( )  B_SPLINE_SURFACE ( 3, 3, ( 
 ( #468, #790, #652, #646 ),
 ( #663, #892, #853, #702 ),
 ( #766, #771, #775, #787 ),
 ( #800, #836, #916, #923 ) ),
 .UNSPECIFIED., .F., .F., .T. ) 
 B_SPLINE_SURFACE_WITH_KNOTS ( ( 4, 4 ),
 ( 4, 4 ),
 ( 0.0000000000000000000, 1.000000000000000000 ),
 ( 0.0000000000000000000, 1.000000000000000000 ),
 .UNSPECIFIED. ) 
 GEOMETRIC_REPRESENTATION_ITEM ( )  RATIONAL_B_SPLINE_SURFACE ( (
 ( 1.000000000000000000, 0.3333333333333334300, 0.3333333333333334300, 1.000000000000000000),
 ( 0.3333333333333333700, 0.1111111111111111600, 0.1111111111111111600, 0.3333333333333333700),
 ( 0.3333333333333333700, 0.1111111111111111600, 0.1111111111111111600, 0.3333333333333333700),
 ( 1.000000000000000000, 0.3333333333333334300, 0.3333333333333334300, 1.000000000000000000) ) ) 
 REPRESENTATION_ITEM ( '' )  SURFACE ( )  );
#433 = DIRECTION ( 'NONE',  ( 0.0000000000000000000, 1.000000000000000000, -0.0000000000000000000 ) ) ;
#434 = CARTESIAN_POINT ( 'NONE',  ( 0.2083292777282477700, 0.1899999999999959800, 0.07551176505383155900 ) ) ;
#435 = EDGE_CURVE ( 'NONE', #1321, #1629, #1470, .T. ) ;
#436 = ORIENTED_EDGE ( 'NONE', *, *, #240, .T. ) ;
#437 = ORIENTED_EDGE ( 'NONE', *, *, #1661, .T. ) ;
#438 = CARTESIAN_POINT ( 'NONE',  ( -0.3750000000000000000, 0.1899999999999998900, -0.02500000000000004000 ) ) ;
#439 = ORIENTED_EDGE ( 'NONE', *, *, #1101, .T. ) ;
#440 = CARTESIAN_POINT ( 'NONE',  ( 0.2754983443527075900, 0.1899999999999998600, 0.4000000000000000200 ) ) ;
#441 = EDGE_LOOP ( 'NONE', ( #1498, #899, #1049, #902 ) ) ;
#442 = CARTESIAN_POINT ( 'NONE',  ( -0.2536722973780065100, 0.1899999999999984800, 0.4530969348848590800 ) ) ;
#443 = CARTESIAN_POINT ( 'NONE',  ( -0.3099999999999998900, 0.2388730162882256900, 0.1800000000041227800 ) ) ;
#444 = CARTESIAN_POINT ( 'NONE',  ( 0.09000000000000003800, 0.3299999999999999000, -2.694222958124176600E-017 ) ) ;
#445 = CARTESIAN_POINT ( 'NONE',  ( 0.2165732289520465000, 0.1899999999999959800, 0.07365682644604894200 ) ) ;
#446 = CARTESIAN_POINT ( 'NONE',  ( -0.3100000000000000000, 0.1099999999999999600, 0.4000000000000000200 ) ) ;
#447 = CARTESIAN_POINT ( 'NONE',  ( -0.2646027197522005100, 0.1899999999999747700, 0.03997364293681175700 ) ) ;
#448 = CARTESIAN_POINT ( 'NONE',  ( -0.2003486205441075700, 0.1899999999999984200, -0.3240310458625672000 ) ) ;
#449 = CARTESIAN_POINT ( 'NONE',  ( -0.09000000000000002400, 0.1099999999999999600, 0.4000000000000001300 ) ) ;
#450 = CARTESIAN_POINT ( 'NONE',  ( -0.2750803925101124000, 0.1899999999994909900, 0.007933136868111322800 ) ) ;
#451 = CARTESIAN_POINT ( 'NONE',  ( 0.1315546058521902300, 0.1899999999998403200, -0.4329640948455185100 ) ) ;
#452 = CARTESIAN_POINT ( 'NONE',  ( 0.1403848923972717500, 0.1899999999999983100, 0.4470897279089010000 ) ) ;
#453 = AXIS2_PLACEMENT_3D ( 'NONE', #922, #854, #863 ) ;
#454 = EDGE_CURVE ( 'NONE', #707, #1107, #1433, .T. ) ;
#455 = CARTESIAN_POINT ( 'NONE',  ( -0.09000000000000001100, 0.3299999999999998500, 0.8400000000000000800 ) ) ;
#456 = VERTEX_POINT ( 'NONE', #532 ) ;
#457 = CARTESIAN_POINT ( 'NONE',  ( -0.3099999999999998900, 0.3300000000082454800, -0.5288730162671123600 ) ) ;
#458 = EDGE_LOOP ( 'NONE', ( #224, #1552, #708, #1398 ) ) ;
#459 = CARTESIAN_POINT ( 'NONE',  ( 0.1287575884540653700, 0.1899999999998403200, -0.4249903740894861400 ) ) ;
#460 = CARTESIAN_POINT ( 'NONE',  ( -0.1259605710559342200, 0.1899999999998402100, -0.3829833466665640800 ) ) ;
#461 = CARTESIAN_POINT ( 'NONE',  ( 0.3100000000000000000, -0.1099999999999999900, 0.4000000000000000200 ) ) ;
#462 =( GEOMETRIC_REPRESENTATION_CONTEXT ( 3 ) GLOBAL_UNCERTAINTY_ASSIGNED_CONTEXT ( ( #1253 ) ) GLOBAL_UNIT_ASSIGNED_CONTEXT ( ( #1292, #1286, #1277 ) ) REPRESENTATION_CONTEXT ( 'NONE', 'WORKASPACE' ) );
#463 = CARTESIAN_POINT ( 'NONE',  ( 0.3100000000000000000, -0.1099999999999999900, 5.388445916248353300E-017 ) ) ;
#464 = CARTESIAN_POINT ( 'NONE',  ( -0.3099999999999999400, 0.1099999999999999600, 0.4000000000000001300 ) ) ;
#465 = CARTESIAN_POINT ( 'NONE',  ( 0.3999999999999999700, 0.5900000000000000800, 0.5999999999999999800 ) ) ;
#466 = CARTESIAN_POINT ( 'NONE',  ( 0.1463277026219934300, 0.1899999999999983100, 0.4530969348848590800 ) ) ;
#467 = CARTESIAN_POINT ( 'NONE',  ( -0.1287575884540653200, 0.1899999999998402100, -0.3750096259105139000 ) ) ;
#468 = CARTESIAN_POINT ( 'NONE',  ( -0.09000000000000002400, 0.1099999999999999700, 0.0000000000000000000 ) ) ;
#469 = CARTESIAN_POINT ( 'NONE',  ( 0.09000000000000003800, 0.3299999999999999000, 0.4000000000140757600 ) ) ;
#470 = AXIS2_PLACEMENT_3D ( 'NONE', #676, #490, #9 ) ;
#471 = CARTESIAN_POINT ( 'NONE',  ( 0.1522705128467130600, 0.1899999999999983100, 0.4591041418608151600 ) ) ;
#472 = B_SPLINE_CURVE_WITH_KNOTS ( 'NONE', 3,
 ( #1064, #1254, #1500, #572, #53, #332, #1013, #1117, #1570, #1556, #1550, #1512, #1432, #431, #239, #187, #66, #809, #933, #1387, #38, #113, #941, #447, #1182, #741, #873, #450, #182, #1366, #1234 ),
 .UNSPECIFIED., .F., .F.,
 ( 4, 3, 3, 3, 3, 3, 3, 3, 3, 3, 4 ),
 ( 0.0000000000000000000, 2.535018266626513600E-005, 5.070036533245335500E-005, 7.605054799856752300E-005, 0.0001014007306645151900, 0.0001267509133304475600, 0.0001521010959963787600, 0.0001774512786623098300, 0.0002028014613282477800, 0.0002281516439942990800, 0.0002359938886119336400 ),
 .UNSPECIFIED. ) ;
#473 = CARTESIAN_POINT ( 'NONE',  ( 0.09000000000000001100, 0.1099999999999999900, 2.710505431213760200E-017 ) ) ;
#474 = DIRECTION ( 'NONE',  ( 0.0000000000000000000, -0.0000000000000000000, 1.000000000000000000 ) ) ;
#475 = ORIENTED_EDGE ( 'NONE', *, *, #327, .F. ) ;
#476 = COLOUR_RGB ( '',0.7921568627450980000, 0.8196078431372548800, 0.9333333333333333500 ) ;
#477 = ORIENTED_EDGE ( 'NONE', *, *, #1046, .T. ) ;
#478 = MECHANICAL_DESIGN_GEOMETRIC_PRESENTATION_REPRESENTATION (  '', ( #350 ), #52 ) ;
#479 = ORIENTED_EDGE ( 'NONE', *, *, #1069, .F. ) ;
#480 = SURFACE_STYLE_FILL_AREA ( #1247 ) ;
#481 = PLANE ( 'NONE',  #169 ) ;
#482 = EDGE_LOOP ( 'NONE', ( #735, #279, #383, #495 ) ) ;
#483 = DIRECTION ( 'NONE',  ( 1.000000000000000000, 0.0000000000000000000, 0.0000000000000000000 ) ) ;
#484 = CARTESIAN_POINT ( 'NONE',  ( 0.1259605710552009800, 0.1899999999998403200, -0.4170166533313454100 ) ) ;
#485 = CARTESIAN_POINT ( 'NONE',  ( -0.09000000000000002400, 0.1099999999999999700, 0.0000000000000000000 ) ) ;
#486 = CARTESIAN_POINT ( 'NONE',  ( -0.3100000000000000000, 0.3299999999999999000, 0.4000000000140757600 ) ) ;
#487 = CARTESIAN_POINT ( 'NONE',  ( 0.1593324311901872200, 0.1899999999999987300, 0.4641681570260378100 ) ) ;
#488 = CARTESIAN_POINT ( 'NONE',  ( -0.2500000000000001100, 0.5900000000000000800, -0.4500000000000000700 ) ) ;
#489 = CARTESIAN_POINT ( 'NONE',  ( -0.09000000000000002400, 0.1099999999999999700, 0.0000000000000000000 ) ) ;
#490 = DIRECTION ( 'NONE',  ( 0.0000000000000000000, 1.224646799147353200E-016, 1.000000000000000000 ) ) ;
#491 = PRODUCT_DEFINITION_CONTEXT ( 'detailed design', #876, 'design' ) ;
#492 = CARTESIAN_POINT ( 'NONE',  ( -0.09000000000000002400, 0.1099999999999999700, 0.0000000000000000000 ) ) ;
#493 = PLANE ( 'NONE',  #584 ) ;
#494 = LINE ( 'NONE', #1616, #281 ) ;
#495 = ORIENTED_EDGE ( 'NONE', *, *, #67, .T. ) ;
#496 = VERTEX_POINT ( 'NONE', #18 ) ;
#497 = ORIENTED_EDGE ( 'NONE', *, *, #829, .F. ) ;
#498 = CARTESIAN_POINT ( 'NONE',  ( -0.09000000000000002400, 0.1099999999999999700, 0.0000000000000000000 ) ) ;
#499 = PLANE ( 'NONE',  #1480 ) ;
#500 = CARTESIAN_POINT ( 'NONE',  ( 0.1669286571239622400, 0.1899999999999987300, 0.4678696270829275100 ) ) ;
#501 = CARTESIAN_POINT ( 'NONE',  ( -0.2500000000000001100, 0.5399999999999999200, -0.4500000000000000700 ) ) ;
#502 = CARTESIAN_POINT ( 'NONE',  ( -0.09000000000000001100, -0.01887301627415020500, -0.2200000000041226200 ) ) ;
#503 = ADVANCED_FACE ( 'NONE', ( #1666 ), #1651, .T. ) ;
#504 = COLOUR_RGB ( '',0.7921568627450980000, 0.8196078431372548800, 0.9333333333333333500 ) ;
#505 = FACE_OUTER_BOUND ( 'NONE', #257, .T. ) ;
#506 = PRODUCT_DEFINITION_SHAPE ( 'NONE', 'NONE',  #136 ) ;
#507 = CARTESIAN_POINT ( 'NONE',  ( -0.09000000000000002400, -0.1099999999999999900, 0.0000000000000000000 ) ) ;
#508 = CARTESIAN_POINT ( 'NONE',  ( -0.09000000000000002400, -0.1099999999999999900, 0.4000000000000000200 ) ) ;
#509 = CARTESIAN_POINT ( 'NONE',  ( 0.3100000000000000000, -0.1099999999999999900, 0.0000000000000000000 ) ) ;
#510 = CARTESIAN_POINT ( 'NONE',  ( 0.1912581546639519100, 0.1899999999999984200, 0.4749905336700622800 ) ) ;
#511 = CARTESIAN_POINT ( 'NONE',  ( 0.3099999999999999400, 0.1099999999999999700, -0.4000000000000001300 ) ) ;
#512 = ORIENTED_EDGE ( 'NONE', *, *, #1151, .T. ) ;
#513 = ORIENTED_EDGE ( 'NONE', *, *, #435, .T. ) ;
#514 = ADVANCED_FACE ( 'NONE', ( #1574 ), #1460, .T. ) ;
#515 = CARTESIAN_POINT ( 'NONE',  ( -0.09000000000000002400, 0.1099999999999999700, 0.0000000000000000000 ) ) ;
#516 = CARTESIAN_POINT ( 'NONE',  ( -0.3750000000000000000, 0.1899999999999998600, -0.02500000000000004600 ) ) ;
#517 = CARTESIAN_POINT ( 'NONE',  ( -0.2500000000000001100, 0.5900000000000000800, -0.4500000000000000700 ) ) ;
#518 = ORIENTED_EDGE ( 'NONE', *, *, #1571, .T. ) ;
#519 = EDGE_CURVE ( 'NONE', #1572, #1627, #1429, .T. ) ;
#520 = CARTESIAN_POINT ( 'NONE',  ( -0.09000000000000002400, 0.1100000000070376800, -0.2199999999999999700 ) ) ;
#521 = CARTESIAN_POINT ( 'NONE',  ( 0.3100000000000000000, 0.1100000000070378000, 0.1800000000000001300 ) ) ;
#522 = CARTESIAN_POINT ( 'NONE',  ( -0.1996513794558921800, 0.1899999999999984200, -0.07596895413743279300 ) ) ;
#523 = ADVANCED_FACE ( 'NONE', ( #1397 ), #1369, .T. ) ;
#524 = CARTESIAN_POINT ( 'NONE',  ( -0.09000000000000001100, 0.3300000000082452000, -0.1288730162671125300 ) ) ;
#525 = CARTESIAN_POINT ( 'NONE',  ( 0.09000000000000002400, 0.1099999999999999600, 0.4000000000000001300 ) ) ;
#526 = CARTESIAN_POINT ( 'NONE',  ( -0.1353972802477995100, 0.1899999999999748300, -0.4399736429368117400 ) ) ;
#527 = CARTESIAN_POINT ( 'NONE',  ( 0.3100000000000000000, 0.3300000000000000200, 1.407537010122278500E-011 ) ) ;
#528 = CARTESIAN_POINT ( 'NONE',  ( -0.1245016556472923800, 0.1899999999999998400, 0.3973519536696123500 ) ) ;
#529 = EDGE_LOOP ( 'NONE', ( #938, #1608, #875, #1023 ) ) ;
#530 = EDGE_LOOP ( 'NONE', ( #672, #1384, #919, #122 ) ) ;
#531 = CARTESIAN_POINT ( 'NONE',  ( -0.1317778925042429900, 0.1899999999999748300, -0.4323379660590982400 ) ) ;
#532 = CARTESIAN_POINT ( 'NONE',  ( -0.09000000000000002400, 0.1099999999999999700, 0.4000000000000000200 ) ) ;
#533 = CARTESIAN_POINT ( 'NONE',  ( 0.09000000000000003800, 0.1100000000070376800, -0.2199999999999999700 ) ) ;
#534 = CARTESIAN_POINT ( 'NONE',  ( 0.2248171801758507800, 0.1899999999999959800, 0.07180188783826506300 ) ) ;
#535 = B_SPLINE_CURVE_WITH_KNOTS ( 'NONE', 3,
 ( #772, #746, #460, #467, #556, #560, #567, #573, #577, #583, #678, #682, #706, #715, #448, #824, #832, #835, #844, #852, #953, #958, #963, #968, #972, #980, #1108, #1114, #1123, #1129, #1248 ),
 .UNSPECIFIED., .F., .F.,
 ( 4, 3, 3, 3, 3, 3, 3, 3, 3, 3, 4 ),
 ( 0.0000000000000000000, 2.535018266626515600E-005, 5.070036533245334800E-005, 7.605054799856755000E-005, 0.0001014007306645152500, 0.0001267509133304476100, 0.0001521010959963788400, 0.0001774512786623099100, 0.0002028014613282478600, 0.0002281516439942992200, 0.0002359938886119336400 ),
 .UNSPECIFIED. ) ;
#536 = CARTESIAN_POINT ( 'NONE',  ( -0.1281585047606642300, 0.1899999999999748300, -0.4247022891813379600 ) ) ;
#537 = DIRECTION ( 'NONE',  ( 0.0000000000000000000, 0.0000000000000000000, 1.000000000000000000 ) ) ;
#538 = CARTESIAN_POINT ( 'NONE',  ( 0.09000000000000002400, 0.1099999999999999600, 3.009265538105056000E-033 ) ) ;
#539 = DIRECTION ( 'NONE',  ( -1.000000000000000000, 0.0000000000000000000, 0.0000000000000000000 ) ) ;
#540 = STYLED_ITEM ( 'NONE', ( #1488 ), #1204 ) ;
#541 = CARTESIAN_POINT ( 'NONE',  ( -0.1245016556472923800, 0.1899999999999998400, 0.4000000000000000200 ) ) ;
#542 = CARTESIAN_POINT ( 'NONE',  ( 0.2000000000000000100, 0.1099999999999999700, -0.4000000000000000200 ) ) ;
#543 = CARTESIAN_POINT ( 'NONE',  ( -0.3100000000000000000, 0.1099999999999999600, 0.4000000000000000200 ) ) ;
#544 = CARTESIAN_POINT ( 'NONE',  ( 0.2328545627045370300, 0.1899999999999728300, 0.06849803820924316200 ) ) ;
#545 = FILL_AREA_STYLE_COLOUR ( '', #504 ) ;
#546 = EDGE_CURVE ( 'NONE', #1321, #1163, #1350, .T. ) ;
#547 = ORIENTED_EDGE ( 'NONE', *, *, #454, .F. ) ;
#548 = VERTEX_POINT ( 'NONE', #1426 ) ;
#549 = ORIENTED_EDGE ( 'NONE', *, *, #1673, .T. ) ;
#550 = COLOUR_RGB ( '',1.000000000000000000, 0.8117647058823529400, 0.5019607843137254800 ) ;
#551 = CARTESIAN_POINT ( 'NONE',  ( -0.1245016556472923800, 0.1899999999999998400, 0.4000000000000000200 ) ) ;
#552 = EDGE_LOOP ( 'NONE', ( #591, #921, #1612, #857 ) ) ;
#553 = CARTESIAN_POINT ( 'NONE',  ( -0.09000000000000002400, 0.1099999999999999000, 0.4000000000000000800 ) ) ;
#554 = CARTESIAN_POINT ( 'NONE',  ( 0.2400197973963454900, 0.1899999999999728300, 0.06401887078321233400 ) ) ;
#555 = FILL_AREA_STYLE_COLOUR ( '', #1343 ) ;
#556 = CARTESIAN_POINT ( 'NONE',  ( -0.1315546058521901700, 0.1899999999998402100, -0.3670359051544815300 ) ) ;
#557 = CARTESIAN_POINT ( 'NONE',  ( -0.3100000000000000000, 0.3299999999999999000, 0.4000000000000000200 ) ) ;
#558 = CARTESIAN_POINT ( 'NONE',  ( 0.2471850320882047200, 0.1899999999999728300, 0.05953970335714977400 ) ) ;
#559 = LINE ( 'NONE', #1003, #1355 ) ;
#560 = CARTESIAN_POINT ( 'NONE',  ( -0.1357668704329717000, 0.1899999999997961700, -0.3594351310237262100 ) ) ;
#561 = CARTESIAN_POINT ( 'NONE',  ( -0.3099999999999998900, 0.2388730162882259600, -0.6199999999958774000 ) ) ;
#562 = UNCERTAINTY_MEASURE_WITH_UNIT (LENGTH_MEASURE( 1.000000000000000100E-005 ), #1447, 'distance_accuracy_value', 'NONE');
#563 = CARTESIAN_POINT ( 'NONE',  ( 0.09000000000000003800, -0.01887301627415020500, -0.2200000000041226200 ) ) ;
#564 = CARTESIAN_POINT ( 'NONE',  ( 0.2536757449628505000, 0.1899999999997961700, 0.05376167716616978700 ) ) ;
#565 = CARTESIAN_POINT ( 'NONE',  ( -0.3099999999999999400, 0.1100000000000000300, -0.4000000000000001900 ) ) ;
#566 = CARTESIAN_POINT ( 'NONE',  ( 0.1828649298720118300, 0.1899999999999984200, 0.4740121132026918200 ) ) ;
#567 = CARTESIAN_POINT ( 'NONE',  ( -0.1410455627350692700, 0.1899999999997961700, -0.3528367269287673300 ) ) ;
#568 = SURFACE_STYLE_FILL_AREA ( #1478 ) ;
#569 = CARTESIAN_POINT ( 'NONE',  ( 0.3099999999999998900, 0.2388730162882256900, 0.1800000000041227800 ) ) ;
#570 = ORIENTED_EDGE ( 'NONE', *, *, #951, .T. ) ;
#571 = CARTESIAN_POINT ( 'NONE',  ( 0.09000000000000002400, 0.1099999999999999900, 0.4000000000000001300 ) ) ;
#572 = CARTESIAN_POINT ( 'NONE',  ( -0.1287575884540653200, 0.1899999999998402100, 0.02499037408948611600 ) ) ;
#573 = CARTESIAN_POINT ( 'NONE',  ( -0.1463242550371494600, 0.1899999999997961700, -0.3462383228338302100 ) ) ;
#574 = CARTESIAN_POINT ( 'NONE',  ( 0.09000000000000001100, 0.1099999999999999700, 2.710505431213760800E-017 ) ) ;
#575 = CARTESIAN_POINT ( 'NONE',  ( -0.2500000000000001100, 0.5399999999999999200, -0.4500000000000000700 ) ) ;
#576 = CARTESIAN_POINT ( 'NONE',  ( 0.1745248830577372500, 0.1899999999999987300, 0.4715710971398172100 ) ) ;
#577 = CARTESIAN_POINT ( 'NONE',  ( -0.1528149679117952500, 0.1899999999999728300, -0.3404602966428503200 ) ) ;
#578 = VECTOR ( 'NONE', #954, 1000.000000000000000 ) ;
#579 = CARTESIAN_POINT ( 'NONE',  ( 0.3999999999999999700, 0.1899999999999998900, -0.5999999999999999800 ) ) ;
#580 = CARTESIAN_POINT ( 'NONE',  ( 0.1996513794558924200, 0.1899999999999984200, -0.3240310458625672000 ) ) ;
#581 = AXIS2_PLACEMENT_3D ( 'NONE', #814, #928, #934 ) ;
#582 = DIRECTION ( 'NONE',  ( 0.0000000000000000000, -0.0000000000000000000, 1.000000000000000000 ) ) ;
#583 = CARTESIAN_POINT ( 'NONE',  ( -0.1599802026036545000, 0.1899999999999728300, -0.3359811292167877400 ) ) ;
#584 = AXIS2_PLACEMENT_3D ( 'NONE', #884, #1128, #1269 ) ;
#585 = CARTESIAN_POINT ( 'NONE',  ( 0.3100000000000000500, 0.3300000000082452000, -0.1288730162671125300 ) ) ;
#586 = CARTESIAN_POINT ( 'NONE',  ( 0.2083292777282477700, 0.1899999999999959800, -0.3244882349461684600 ) ) ;
#587 = LINE ( 'NONE', #694, #686 ) ;
#588 = VERTEX_POINT ( 'NONE', #833 ) ;
#589 = CARTESIAN_POINT ( 'NONE',  ( 0.1996513794558924200, 0.1899999999999984200, 0.4759689541374328400 ) ) ;
#590 = ORIENTED_EDGE ( 'NONE', *, *, #1456, .F. ) ;
#591 = ORIENTED_EDGE ( 'NONE', *, *, #1061, .F. ) ;
#592 = CARTESIAN_POINT ( 'NONE',  ( 0.2750803925101123500, 0.1899999999994911000, -0.4079331368681112800 ) ) ;
#593 = AXIS2_PLACEMENT_3D ( 'NONE', #1452, #1464, #1562 ) ;
#594 = DIRECTION ( 'NONE',  ( 0.0000000000000000000, -1.000000000000000000, 0.0000000000000000000 ) ) ;
#595 = CARTESIAN_POINT ( 'NONE',  ( 0.2083292777282477700, 0.1899999999999959800, 0.4755117650538315800 ) ) ;
#596 = DIRECTION ( 'NONE',  ( 0.0000000000000000000, 1.000000000000000000, 0.0000000000000000000 ) ) ;
#597 = DIRECTION ( 'NONE',  ( 1.000000000000000000, 0.0000000000000000000, 0.0000000000000000000 ) ) ;
#598 = CARTESIAN_POINT ( 'NONE',  ( -0.3099999999999999400, 0.1099999999999999600, 0.4000000000000001300 ) ) ;
#599 = CARTESIAN_POINT ( 'NONE',  ( 0.2165732289520465000, 0.1899999999999959800, 0.4736568264460489500 ) ) ;
#600 = LINE ( 'NONE', #168, #341 ) ;
#601 = CYLINDRICAL_SURFACE ( 'NONE', #1681, 0.07499999999999998300 ) ;
#602 = DIRECTION ( 'NONE',  ( -1.000000000000000000, 0.0000000000000000000, -0.0000000000000000000 ) ) ;
#603 = CARTESIAN_POINT ( 'NONE',  ( -0.3100000000000000500, 0.2388730162882256000, -0.2199999999958774100 ) ) ;
#604 = CARTESIAN_POINT ( 'NONE',  ( -0.3100000000000000000, 0.1099999999999999000, 0.4000000000000000800 ) ) ;
#605 = CARTESIAN_POINT ( 'NONE',  ( 0.2328545627045370500, 0.1899999999999728300, 0.4684980382092431300 ) ) ;
#606 = ORIENTED_EDGE ( 'NONE', *, *, #1673, .F. ) ;
#607 = EDGE_LOOP ( 'NONE', ( #85, #667, #1104, #1632 ) ) ;
#608 = PRESENTATION_STYLE_ASSIGNMENT (( #375 ) ) ;
#609 = DIRECTION ( 'NONE',  ( 0.0000000000000000000, 0.0000000000000000000, -1.000000000000000000 ) ) ;
#610 = ORIENTED_EDGE ( 'NONE', *, *, #51, .F. ) ;
#611 = CARTESIAN_POINT ( 'NONE',  ( -0.3100000000000000000, 0.3300000000000000200, 1.407537010122278500E-011 ) ) ;
#612 = CARTESIAN_POINT ( 'NONE',  ( 0.2400197973963455200, 0.1899999999999728300, 0.4640188707832123000 ) ) ;
#613 = AXIS2_PLACEMENT_3D ( 'NONE', #1546, #1544, #1540 ) ;
#614 = CARTESIAN_POINT ( 'NONE',  ( -0.3100000000000000000, 0.1099999999999999600, -1.355252715606880700E-017 ) ) ;
#615 = DIRECTION ( 'NONE',  ( 0.0000000000000000000, 1.224646799147353200E-016, 1.000000000000000000 ) ) ;
#616 = CARTESIAN_POINT ( 'NONE',  ( 0.2471850320882047200, 0.1899999999999728300, 0.4595397033571497800 ) ) ;
#617 = PLANE ( 'NONE',  #1523 ) ;
#618 = CARTESIAN_POINT ( 'NONE',  ( -0.3100000000000000500, -0.01887301627415020500, -0.2200000000041226200 ) ) ;
#619 = VECTOR ( 'NONE', #76, 1000.000000000000000 ) ;
#620 = CARTESIAN_POINT ( 'NONE',  ( 0.2248171801758507800, 0.1899999999999959800, 0.4718018878382651000 ) ) ;
#621 = DIRECTION ( 'NONE',  ( 0.0000000000000000000, -0.0000000000000000000, -1.000000000000000000 ) ) ;
#622 = FACE_OUTER_BOUND ( 'NONE', #552, .T. ) ;
#623 = DIRECTION ( 'NONE',  ( 1.000000000000000000, 0.0000000000000000000, 0.0000000000000000000 ) ) ;
#624 = ADVANCED_FACE ( 'NONE', ( #1519, #1280 ), #1475, .T. ) ;
#625 = VERTEX_POINT ( 'NONE', #1482 ) ;
#626 = VERTEX_POINT ( 'NONE', #1017 ) ;
#627 = VERTEX_POINT ( 'NONE', #156 ) ;
#628 = AXIS2_PLACEMENT_3D ( 'NONE', #1640, #615, #1362 ) ;
#629 = DIRECTION ( 'NONE',  ( 0.0000000000000000000, 0.0000000000000000000, -1.000000000000000000 ) ) ;
#630 = CARTESIAN_POINT ( 'NONE',  ( -0.2000000000000000400, 0.2399999999999999400, -0.2000000000000000100 ) ) ;
#631 = CARTESIAN_POINT ( 'NONE',  ( -0.2400197973963452400, 0.1899999999999728900, -0.06401887078321244500 ) ) ;
#632 = CARTESIAN_POINT ( 'NONE',  ( 0.2536757449628505000, 0.1899999999997961700, 0.4537616771661698300 ) ) ;
#633 = ADVANCED_FACE ( 'NONE', ( #1516 ), #1340, .T. ) ;
#634 = CARTESIAN_POINT ( 'NONE',  ( -0.3100000000000000500, -0.1099999999999999900, -0.1288730162811878900 ) ) ;
#635 = CARTESIAN_POINT ( 'NONE',  ( 0.09000000000000003800, -0.1099999999999998800, 0.4399999999999999500 ) ) ;
#636 = CIRCLE ( 'NONE', #796, 0.1099999999999999900 ) ;
#637 = FACE_BOUND ( 'NONE', #163, .T. ) ;
#638 = ADVANCED_FACE ( 'NONE', ( #1319 ), #138, .T. ) ;
#639 = CARTESIAN_POINT ( 'NONE',  ( -0.09000000000000002400, 0.3300000000000000200, 1.407537010122278500E-011 ) ) ;
#640 = CARTESIAN_POINT ( 'NONE',  ( 0.0000000000000000000, 0.2399999999999999400, 0.0000000000000000000 ) ) ;
#641 = CARTESIAN_POINT ( 'NONE',  ( 0.09000000000000003800, 0.3300000000000000200, 0.4399999999999999500 ) ) ;
#642 = ORIENTED_EDGE ( 'NONE', *, *, #519, .F. ) ;
#643 = CARTESIAN_POINT ( 'NONE',  ( -0.3100000000000000000, -0.1099999999999999900, 0.0000000000000000000 ) ) ;
#644 = DIRECTION ( 'NONE',  ( 0.0000000000000000000, -0.0000000000000000000, -1.000000000000000000 ) ) ;
#645 = ORIENTED_EDGE ( 'NONE', *, *, #1417, .T. ) ;
#646 = CARTESIAN_POINT ( 'NONE',  ( -0.09000000000000002400, 0.1099999999999999700, 0.0000000000000000000 ) ) ;
#647 = FACE_OUTER_BOUND ( 'NONE', #100, .T. ) ;
#648 = ORIENTED_EDGE ( 'NONE', *, *, #1376, .T. ) ;
#649 = CARTESIAN_POINT ( 'NONE',  ( -0.2000000000000000100, 0.1899999999999998600, 0.0000000000000000000 ) ) ;
#650 = CARTESIAN_POINT ( 'NONE',  ( -0.3100000000000000000, 0.1099999999999999600, 0.0000000000000000000 ) ) ;
#651 = DIRECTION ( 'NONE',  ( 0.0000000000000000000, -1.000000000000000000, 0.0000000000000000000 ) ) ;
#652 = CARTESIAN_POINT ( 'NONE',  ( -0.09000000000000001100, 0.1099999999999999900, 0.0000000000000000000 ) ) ;
#653 = CARTESIAN_POINT ( 'NONE',  ( -0.1281585047606642300, 0.1899999999999748300, 0.3752977108186620900 ) ) ;
#654 = CARTESIAN_POINT ( 'NONE',  ( -0.3100000000000000500, 0.3300000000082452000, -0.1288730162671125300 ) ) ;
#655 = CARTESIAN_POINT ( 'NONE',  ( -0.2471850320882045300, 0.1899999999999728900, -0.05953970335714989900 ) ) ;
#656 = CARTESIAN_POINT ( 'NONE',  ( 0.2589544372649306700, 0.1899999999997961700, 0.04716327307123267800 ) ) ;
#657 = CARTESIAN_POINT ( 'NONE',  ( -0.1669286571239622100, 0.1899999999999987300, 0.3321303729170725400 ) ) ;
#658 = AXIS2_PLACEMENT_3D ( 'NONE', #704, #594, #1641 ) ;
#659 = FACE_OUTER_BOUND ( 'NONE', #1347, .T. ) ;
#660 = EDGE_CURVE ( 'NONE', #1076, #1629, #1212, .T. ) ;
#661 = CARTESIAN_POINT ( 'NONE',  ( -0.3100000000000000000, 0.1100000000070376800, -0.2199999999999999700 ) ) ;
#662 = PLANE ( 'NONE',  #1685 ) ;
#663 = CARTESIAN_POINT ( 'NONE',  ( -0.09000000000000002400, 0.3299999999999999000, -2.694222958124176600E-017 ) ) ;
#664 = CARTESIAN_POINT ( 'NONE',  ( 0.2642331295670282700, 0.1899999999997961700, 0.04056486897627378100 ) ) ;
#665 = CARTESIAN_POINT ( 'NONE',  ( -0.2083292777282477500, 0.1899999999999959800, 0.3244882349461684600 ) ) ;
#666 = MECHANICAL_DESIGN_GEOMETRIC_PRESENTATION_REPRESENTATION (  '', ( #1002 ), #1026 ) ;
#667 = ORIENTED_EDGE ( 'NONE', *, *, #898, .T. ) ;
#668 =( GEOMETRIC_REPRESENTATION_CONTEXT ( 3 ) GLOBAL_UNCERTAINTY_ASSIGNED_CONTEXT ( ( #562 ) ) GLOBAL_UNIT_ASSIGNED_CONTEXT ( ( #1447, #1318, #1309 ) ) REPRESENTATION_CONTEXT ( 'NONE', 'WORKASPACE' ) );
#669 = VERTEX_POINT ( 'NONE', #253 ) ;
#670 = ORIENTED_EDGE ( 'NONE', *, *, #231, .T. ) ;
#671 = CARTESIAN_POINT ( 'NONE',  ( -0.3100000000000000000, 0.1099999999999999600, -7.938886603796800100E-018 ) ) ;
#672 = ORIENTED_EDGE ( 'NONE', *, *, #898, .F. ) ;
#673 = CARTESIAN_POINT ( 'NONE',  ( -0.2477294871532869100, 0.1899999999999984800, 0.4591041418608151100 ) ) ;
#674 = CARTESIAN_POINT ( 'NONE',  ( -0.1463277026219933800, 0.1899999999999983600, 0.3469030651151410200 ) ) ;
#675 = CARTESIAN_POINT ( 'NONE',  ( 0.2684453941478098200, 0.1899999999998402700, 0.03296409484551848800 ) ) ;
#676 = CARTESIAN_POINT ( 'NONE',  ( -0.2000000000000000100, 0.1099999999999999700, 0.4000000000000000200 ) ) ;
#677 = CARTESIAN_POINT ( 'NONE',  ( -0.1522705128467130000, 0.1899999999999983600, 0.3408958581391849400 ) ) ;
#678 = CARTESIAN_POINT ( 'NONE',  ( -0.1671454372954629700, 0.1899999999999728300, -0.3315019617907569200 ) ) ;
#679 = CARTESIAN_POINT ( 'NONE',  ( 0.2712424115459347000, 0.1899999999998402700, 0.02499037408948608400 ) ) ;
#680 = CARTESIAN_POINT ( 'NONE',  ( 0.3099999999999999400, 0.1100000000000000300, -0.4000000000000001300 ) ) ;
#681 = EDGE_CURVE ( 'NONE', #349, #1238, #1495, .T. ) ;
#682 = CARTESIAN_POINT ( 'NONE',  ( -0.1751828198241492400, 0.1899999999999960300, -0.3281981121617350000 ) ) ;
#683 = ORIENTED_EDGE ( 'NONE', *, *, #983, .F. ) ;
#684 = CARTESIAN_POINT ( 'NONE',  ( 0.2740394289440657400, 0.1899999999998402700, 0.01701665333343589000 ) ) ;
#685 = ORIENTED_EDGE ( 'NONE', *, *, #266, .T. ) ;
#686 = VECTOR ( 'NONE', #621, 1000.000000000000000 ) ;
#687 = CARTESIAN_POINT ( 'NONE',  ( 0.09000000000000005200, 0.3300000000082454800, -0.5288730162671123600 ) ) ;
#688 = B_SPLINE_CURVE_WITH_KNOTS ( 'NONE', 3,
 ( #1223, #939, #684, #679, #675, #664, #656, #564, #558, #554, #544, #534, #445, #434, #427, #421, #312, #308, #299, #293, #190, #186, #180, #173, #167, #64, #56, #175, #50, #43, #36 ),
 .UNSPECIFIED., .F., .F.,
 ( 4, 3, 3, 3, 3, 3, 3, 3, 3, 3, 4 ),
 ( 0.0000000000000000000, 2.535018266626509200E-005, 5.070036533245332100E-005, 7.605054799856752300E-005, 0.0001014007306645151600, 0.0001267509133304475000, 0.0001521010959963786800, 0.0001774512786623097700, 0.0002028014613282477000, 0.0002281516439942990000, 0.0002359938886119336400 ),
 .UNSPECIFIED. ) ;
#689 = VERTEX_POINT ( 'NONE', #769 ) ;
#690 =( NAMED_UNIT ( * ) PLANE_ANGLE_UNIT ( ) SI_UNIT ( $, .RADIAN. ) );
#691 = CARTESIAN_POINT ( 'NONE',  ( 0.2471850320882047200, 0.1899999999999728300, -0.3404602966428502700 ) ) ;
#692 = CARTESIAN_POINT ( 'NONE',  ( 0.09000000000000002400, 0.1100000000000000000, -7.938886603796800100E-018 ) ) ;
#693 = CARTESIAN_POINT ( 'NONE',  ( 0.2741924857600092600, 0.1899999999994911000, -0.4163364190020784600 ) ) ;
#694 = CARTESIAN_POINT ( 'NONE',  ( -0.4000000000000000800, 0.1899999999999998900, 0.0000000000000000000 ) ) ;
#695 = CARTESIAN_POINT ( 'NONE',  ( -0.3100000000000000000, 0.1099999999999999600, -0.4000000000000000200 ) ) ;
#696 = CARTESIAN_POINT ( 'NONE',  ( 0.09000000000000003800, 0.3300000000000000700, -0.3999999999859242800 ) ) ;
#697 = AXIS2_PLACEMENT_3D ( 'NONE', #234, #1416, #1410 ) ;
#698 = PLANE ( 'NONE',  #751 ) ;
#699 = LINE ( 'NONE', #1250, #1272 ) ;
#700 =( NAMED_UNIT ( * ) SI_UNIT ( $, .STERADIAN. ) SOLID_ANGLE_UNIT ( ) );
#701 = PLANE ( 'NONE',  #1310 ) ;
#702 = CARTESIAN_POINT ( 'NONE',  ( -0.09000000000000002400, -0.1099999999999999900, 5.388445916248353300E-017 ) ) ;
#703 = CARTESIAN_POINT ( 'NONE',  ( 0.1245016556472924000, 0.1899999999999998400, -0.4000000000000000200 ) ) ;
#704 = CARTESIAN_POINT ( 'NONE',  ( 0.0000000000000000000, 0.1899999999999998900, 0.0000000000000000000 ) ) ;
#705 = CARTESIAN_POINT ( 'NONE',  ( 0.2589544372649306700, 0.1899999999997961700, 0.4471632730712327100 ) ) ;
#706 = CARTESIAN_POINT ( 'NONE',  ( -0.1834267710479535200, 0.1899999999999960300, -0.3263431735539511500 ) ) ;
#707 = VERTEX_POINT ( 'NONE', #166 ) ;
#708 = ORIENTED_EDGE ( 'NONE', *, *, #1091, .T. ) ;
#709 = ORIENTED_EDGE ( 'NONE', *, *, #1061, .T. ) ;
#710 = AXIS2_PLACEMENT_3D ( 'NONE', #1187, #1155, #1399 ) ;
#711 = CARTESIAN_POINT ( 'NONE',  ( -0.1912581546639516600, 0.1899999999999984200, -0.07499053367006221200 ) ) ;
#712 = EDGE_LOOP ( 'NONE', ( #758, #979, #776, #200 ) ) ;
#713 = DIRECTION ( 'NONE',  ( -0.0000000000000000000, -1.000000000000000000, -0.0000000000000000000 ) ) ;
#714 = CARTESIAN_POINT ( 'NONE',  ( 0.2642331295670282700, 0.1899999999997961700, 0.4405648689762737800 ) ) ;
#715 = CARTESIAN_POINT ( 'NONE',  ( -0.1916707222717522500, 0.1899999999999960300, -0.3244882349461685200 ) ) ;
#716 = CARTESIAN_POINT ( 'NONE',  ( 0.09000000000000002400, 0.1099999999999999900, 0.0000000000000000000 ) ) ;
#717 = CARTESIAN_POINT ( 'NONE',  ( 0.2718414952393358200, 0.1899999999999747700, -0.4247022891813379600 ) ) ;
#718 = AXIS2_PLACEMENT_3D ( 'NONE', #1489, #1676, #1597 ) ;
#719 = EDGE_CURVE ( 'NONE', #1125, #259, #1593, .T. ) ;
#720 = CARTESIAN_POINT ( 'NONE',  ( 0.2684453941478098200, 0.1899999999998402700, 0.4329640948455185100 ) ) ;
#721 = LINE ( 'NONE', #1087, #578 ) ;
#722 = CARTESIAN_POINT ( 'NONE',  ( 0.0000000000000000000, 0.1899999999999998900, -0.2000000000000000100 ) ) ;
#723 = CARTESIAN_POINT ( 'NONE',  ( -0.09000000000000002400, 0.3300000000082453100, 0.2711269837328879100 ) ) ;
#724 = LINE ( 'NONE', #1081, #851 ) ;
#725 = CARTESIAN_POINT ( 'NONE',  ( 0.2087418453360481400, 0.1899999999999985300, -0.4749905336700622200 ) ) ;
#726 = CARTESIAN_POINT ( 'NONE',  ( 0.1315546058521902300, 0.1899999999998403200, 0.3670359051544815300 ) ) ;
#727 = PRODUCT ( 'BMA530', 'BMA530', '', ( #881 ) ) ;
#728 = EDGE_CURVE ( 'NONE', #119, #859, #1630, .T. ) ;
#729 = FILL_AREA_STYLE ('',( #1617 ) ) ;
#730 = CARTESIAN_POINT ( 'NONE',  ( -0.1258075142399907600, 0.1899999999994911000, -0.4163364190020785200 ) ) ;
#731 = ORIENTED_EDGE ( 'NONE', *, *, #1661, .F. ) ;
#732 = FACE_OUTER_BOUND ( 'NONE', #404, .T. ) ;
#733 = EDGE_LOOP ( 'NONE', ( #1532, #736, #977, #804 ) ) ;
#734 = CARTESIAN_POINT ( 'NONE',  ( 0.1287575884540653700, 0.1899999999998403200, 0.3750096259105139000 ) ) ;
#735 = ORIENTED_EDGE ( 'NONE', *, *, #951, .F. ) ;
#736 = ORIENTED_EDGE ( 'NONE', *, *, #1151, .F. ) ;
#737 = CARTESIAN_POINT ( 'NONE',  ( -0.1249196074898876900, 0.1899999999994911000, -0.4079331368681113300 ) ) ;
#738 = CARTESIAN_POINT ( 'NONE',  ( 0.1259605710552009800, 0.1899999999998403200, 0.3829833466686545800 ) ) ;
#739 = CARTESIAN_POINT ( 'NONE',  ( -0.09000000000000002400, 0.1099999999999999700, -0.4000000000000000200 ) ) ;
#740 = DIRECTION ( 'NONE',  ( 0.0000000000000000000, -0.0000000000000000000, -1.000000000000000000 ) ) ;
#741 = CARTESIAN_POINT ( 'NONE',  ( -0.2718414952393358200, 0.1899999999999747700, 0.02470228918133796800 ) ) ;
#742 = FACE_OUTER_BOUND ( 'NONE', #458, .T. ) ;
#743 = CARTESIAN_POINT ( 'NONE',  ( 0.3100000000000000000, -0.1099999999999999900, 0.8399999999999999700 ) ) ;
#744 = CARTESIAN_POINT ( 'NONE',  ( -0.1246413588189784200, 0.1899999999994911000, -0.4052997498769881900 ) ) ;
#745 = DIRECTION ( 'NONE',  ( 1.000000000000000000, 0.0000000000000000000, 0.0000000000000000000 ) ) ;
#746 = CARTESIAN_POINT ( 'NONE',  ( -0.1245016556472923800, 0.1899999999999998400, -0.3915499391114079500 ) ) ;
#747 = CARTESIAN_POINT ( 'NONE',  ( 0.09000000000000003800, 0.1100000000070379000, -0.6200000000000002200 ) ) ;
#748 = VECTOR ( 'NONE', #185, 1000.000000000000000 ) ;
#749 = EDGE_CURVE ( 'NONE', #1614, #1400, #1584, .T. ) ;
#750 = VERTEX_POINT ( 'NONE', #268 ) ;
#751 = AXIS2_PLACEMENT_3D ( 'NONE', #1658, #1513, #582 ) ;
#752 = FACE_OUTER_BOUND ( 'NONE', #424, .T. ) ;
#753 = CARTESIAN_POINT ( 'NONE',  ( -0.1245016556472923800, 0.1899999999999998400, -0.4000000000000000200 ) ) ;
#754 = EDGE_LOOP ( 'NONE', ( #439, #978, #1691, #220 ) ) ;
#755 = CARTESIAN_POINT ( 'NONE',  ( -0.2754983443527075900, 0.1899999999999998400, -0.4000000000000000200 ) ) ;
#756 = ORIENTED_EDGE ( 'NONE', *, *, #719, .F. ) ;
#757 = UNCERTAINTY_MEASURE_WITH_UNIT (LENGTH_MEASURE( 1.000000000000000100E-005 ), #1171, 'distance_accuracy_value', 'NONE');
#758 = ORIENTED_EDGE ( 'NONE', *, *, #240, .F. ) ;
#759 = CARTESIAN_POINT ( 'NONE',  ( -0.3100000000000000000, 0.1099999999999999600, -0.4000000000000000200 ) ) ;
#760 = CARTESIAN_POINT ( 'NONE',  ( 0.3100000000000000000, 0.1099999999999999700, -0.4000000000000000200 ) ) ;
#761 = ADVANCED_FACE ( 'NONE', ( #1473 ), #1005, .T. ) ;
#762 = CARTESIAN_POINT ( 'NONE',  ( 0.3100000000000000000, 0.3299999999999998500, 0.8400000000000000800 ) ) ;
#763 =( NAMED_UNIT ( * ) SI_UNIT ( $, .STERADIAN. ) SOLID_ANGLE_UNIT ( ) );
#764 = AXIS2_PLACEMENT_3D ( 'NONE', #942, #1072, #1089 ) ;
#765 = CARTESIAN_POINT ( 'NONE',  ( 0.2000000000000000100, 0.1099999999999999700, 0.4000000000000000200 ) ) ;
#766 = CARTESIAN_POINT ( 'NONE',  ( -0.3100000000000000000, 0.3299999999999999000, -2.694222958124176600E-017 ) ) ;
#767 = CARTESIAN_POINT ( 'NONE',  ( 0.09000000000000005200, 0.2388730162882259600, -0.6199999999958774000 ) ) ;
#768 = ADVANCED_FACE ( 'NONE', ( #1453 ), #1484, .T. ) ;
#769 = CARTESIAN_POINT ( 'NONE',  ( -0.3100000000000000000, 0.1099999999999999600, 0.0000000000000000000 ) ) ;
#770 = COLOUR_RGB ( '',0.7921568627450980000, 0.8196078431372548800, 0.9333333333333333500 ) ;
#771 = CARTESIAN_POINT ( 'NONE',  ( -0.3100000000000000000, 0.3300000000000000200, 0.4399999999999999500 ) ) ;
#772 = CARTESIAN_POINT ( 'NONE',  ( -0.1245016556472923800, 0.1899999999999998400, -0.4000000000000000200 ) ) ;
#773 = AXIS2_PLACEMENT_3D ( 'NONE', #1601, #1352, #1356 ) ;
#774 = CARTESIAN_POINT ( 'NONE',  ( 0.3100000000000000000, 0.3299999999999999000, -0.4000000000000000200 ) ) ;
#775 = CARTESIAN_POINT ( 'NONE',  ( -0.3100000000000000000, -0.1099999999999998800, 0.4399999999999999500 ) ) ;
#776 = ORIENTED_EDGE ( 'NONE', *, *, #435, .F. ) ;
#777 = CARTESIAN_POINT ( 'NONE',  ( 0.09000000000000002400, 0.1099999999999999600, -0.4000000000000000200 ) ) ;
#778 = VECTOR ( 'NONE', #1635, 1000.000000000000000 ) ;
#779 = VERTEX_POINT ( 'NONE', #1459 ) ;
#780 = ADVANCED_FACE ( 'NONE', ( #1297 ), #1115, .F. ) ;
#781 = ORIENTED_EDGE ( 'NONE', *, *, #1417, .F. ) ;
#782 = LINE ( 'NONE', #1330, #778 ) ;
#783 = EDGE_CURVE ( 'NONE', #707, #307, #1415, .T. ) ;
#784 = EDGE_LOOP ( 'NONE', ( #1434, #436, #1024, #513 ) ) ;
#785 = APPLICATION_PROTOCOL_DEFINITION ( 'draft international standard', 'automotive_design', 1998, #876 ) ;
#786 = CARTESIAN_POINT ( 'NONE',  ( -0.2712424115459346500, 0.1899999999998403200, -0.4249903740894861400 ) ) ;
#787 = CARTESIAN_POINT ( 'NONE',  ( -0.3100000000000000000, -0.1099999999999999900, 5.388445916248353300E-017 ) ) ;
#788 = CARTESIAN_POINT ( 'NONE',  ( -0.2684453941478097700, 0.1899999999998403200, -0.4329640948455185100 ) ) ;
#789 = CARTESIAN_POINT ( 'NONE',  ( -0.3750000000000000000, 0.1899999999999998900, 0.0000000000000000000 ) ) ;
#790 = CARTESIAN_POINT ( 'NONE',  ( -0.09000000000000001100, 0.1099999999999999900, 0.0000000000000000000 ) ) ;
#791 = PLANE ( 'NONE',  #581 ) ;
#792 = ADVANCED_BREP_SHAPE_REPRESENTATION ( 'BMA530', ( #1411, #1204, #1291, #1102, #1071, #1062, #1314, #1034, #1178, #47 ), #668 ) ;
#793 = DIRECTION ( 'NONE',  ( -0.0000000000000000000, -1.000000000000000000, 0.0000000000000000000 ) ) ;
#794 = CARTESIAN_POINT ( 'NONE',  ( -0.2500000000000001100, 0.5399999999999999200, -0.4500000000000000700 ) ) ;
#795 = CARTESIAN_POINT ( 'NONE',  ( -0.2328545627045370000, 0.1899999999999728300, 0.3315019617907569200 ) ) ;
#796 = AXIS2_PLACEMENT_3D ( 'NONE', #1004, #998, #990 ) ;
#797 = LINE ( 'NONE', #947, #748 ) ;
#798 = DIRECTION ( 'NONE',  ( 0.0000000000000000000, 1.224646799147353200E-016, 1.000000000000000000 ) ) ;
#799 = ORIENTED_EDGE ( 'NONE', *, *, #1456, .T. ) ;
#800 = CARTESIAN_POINT ( 'NONE',  ( -0.3100000000000000000, 0.1099999999999999900, -1.649735760928043100E-033 ) ) ;
#801 = FACE_OUTER_BOUND ( 'NONE', #842, .T. ) ;
#802 = ORIENTED_EDGE ( 'NONE', *, *, #1455, .F. ) ;
#803 = CARTESIAN_POINT ( 'NONE',  ( 0.3999999999999999700, 0.5900000000000000800, -0.5999999999999999800 ) ) ;
#804 = ORIENTED_EDGE ( 'NONE', *, *, #1686, .T. ) ;
#805 = CARTESIAN_POINT ( 'NONE',  ( 0.1259605710552010000, 0.1899999999998402100, -0.01701665333134565500 ) ) ;
#806 = CARTESIAN_POINT ( 'NONE',  ( -0.2000000000000000100, 0.1099999999999999700, 0.0000000000000000000 ) ) ;
#807 = CARTESIAN_POINT ( 'NONE',  ( 0.09000000000000002400, 0.1099999999999999600, -7.938886603796800100E-018 ) ) ;
#808 = AXIS2_PLACEMENT_3D ( 'NONE', #1141, #1019, #1514 ) ;
#809 = CARTESIAN_POINT ( 'NONE',  ( -0.2254751169422627700, 0.1899999999999987300, 0.07157109713981717200 ) ) ;
#810 = CARTESIAN_POINT ( 'NONE',  ( 0.2754983443527075900, 0.1899999999999998600, -0.4000000000000000200 ) ) ;
#811 = COLOUR_RGB ( '',0.2509803921568627400, 0.2509803921568627400, 0.2509803921568627400 ) ;
#812 = UNCERTAINTY_MEASURE_WITH_UNIT (LENGTH_MEASURE( 1.000000000000000100E-005 ), #1047, 'distance_accuracy_value', 'NONE');
#813 = SURFACE_SIDE_STYLE ('',( #568 ) ) ;
#814 = CARTESIAN_POINT ( 'NONE',  ( -0.4000000000000000800, 0.1899999999999998900, -0.5999999999999999800 ) ) ;
#815 = VECTOR ( 'NONE', #1271, 1000.000000000000100 ) ;
#816 = EDGE_CURVE ( 'NONE', #82, #689, #1610, .T. ) ;
#817 = DIRECTION ( 'NONE',  ( 0.0000000000000000000, 1.224646799147353200E-016, 1.000000000000000000 ) ) ;
#818 = CARTESIAN_POINT ( 'NONE',  ( -0.3750000000000000000, 0.2399999999999999400, -0.02500000000000004000 ) ) ;
#819 = CARTESIAN_POINT ( 'NONE',  ( 0.09000000000000002400, 0.1099999999999999600, -0.4000000000000001300 ) ) ;
#820 = CARTESIAN_POINT ( 'NONE',  ( -0.2000000000000000100, 0.1099999999999999700, 0.4000000000000000200 ) ) ;
#821 = ORIENTED_EDGE ( 'NONE', *, *, #1634, .T. ) ;
#822 = VECTOR ( 'NONE', #1371, 1000.000000000000000 ) ;
#823 = EDGE_LOOP ( 'NONE', ( #940, #570, #352, #1694 ) ) ;
#824 = CARTESIAN_POINT ( 'NONE',  ( -0.2087418453360480900, 0.1899999999999984200, -0.3250094663299377100 ) ) ;
#825 = VERTEX_POINT ( 'NONE', #1361 ) ;
#826 = FACE_OUTER_BOUND ( 'NONE', #1325, .T. ) ;
#827 = CARTESIAN_POINT ( 'NONE',  ( 0.09000000000000003800, 0.1100000000070378000, 0.1800000000000001300 ) ) ;
#828 = ORIENTED_EDGE ( 'NONE', *, *, #67, .F. ) ;
#829 = EDGE_CURVE ( 'NONE', #548, #385, #1539, .T. ) ;
#830 = CARTESIAN_POINT ( 'NONE',  ( 0.09000000000000005200, -0.1099999999999999500, -0.5288730162811878800 ) ) ;
#831 = AXIS2_PLACEMENT_3D ( 'NONE', #338, #414, #62 ) ;
#832 = CARTESIAN_POINT ( 'NONE',  ( -0.2171350701279881900, 0.1899999999999984200, -0.3259878867973082200 ) ) ;
#833 = CARTESIAN_POINT ( 'NONE',  ( -0.4000000000000000800, 0.5900000000000000800, -0.5999999999999999800 ) ) ;
#834 = CARTESIAN_POINT ( 'NONE',  ( 0.09000000000000005200, -0.01887301627415011500, -0.6200000000041228100 ) ) ;
#835 = CARTESIAN_POINT ( 'NONE',  ( -0.2254751169422627400, 0.1899999999999987300, -0.3284289028601828400 ) ) ;
#836 = CARTESIAN_POINT ( 'NONE',  ( -0.3100000000000000000, 0.1099999999999999900, 2.710505431213760200E-017 ) ) ;
#837 = CARTESIAN_POINT ( 'NONE',  ( -0.09000000000000002400, 0.2388730162882256900, 0.1800000000041227800 ) ) ;
#838 = CIRCLE ( 'NONE', #1231, 0.1099999999999999900 ) ;
#839 = DIRECTION ( 'NONE',  ( 0.0000000000000000000, 1.000000000000000000, 0.0000000000000000000 ) ) ;
#840 = ORIENTED_EDGE ( 'NONE', *, *, #1571, .F. ) ;
#841 = LINE ( 'NONE', #1582, #822 ) ;
#842 = EDGE_LOOP ( 'NONE', ( #1611, #366, #1099 ) ) ;
#843 = ORIENTED_EDGE ( 'NONE', *, *, #1287, .T. ) ;
#844 = CARTESIAN_POINT ( 'NONE',  ( -0.2330713428760377800, 0.1899999999999987300, -0.3321303729170725400 ) ) ;
#845 = CARTESIAN_POINT ( 'NONE',  ( 0.2596151076027282700, 0.1899999999999983600, -0.4470897279089010000 ) ) ;
#846 = CARTESIAN_POINT ( 'NONE',  ( 0.1353972802477995100, 0.1899999999999747700, -0.3600263570631882500 ) ) ;
#847 = EDGE_CURVE ( 'NONE', #82, #626, #1339, .T. ) ;
#848 = CARTESIAN_POINT ( 'NONE',  ( 0.2682221074957570900, 0.1899999999999747700, 0.3676620339409018000 ) ) ;
#849 = DIRECTION ( 'NONE',  ( 0.0000000000000000000, 0.0000000000000000000, 1.000000000000000000 ) ) ;
#850 = CARTESIAN_POINT ( 'NONE',  ( -0.09000000000000002400, 0.1099999999999999700, -0.4000000000000001300 ) ) ;
#851 = VECTOR ( 'NONE', #932, 1000.000000000000000 ) ;
#852 = CARTESIAN_POINT ( 'NONE',  ( -0.2406675688098127700, 0.1899999999999987300, -0.3358318429739621800 ) ) ;
#853 = CARTESIAN_POINT ( 'NONE',  ( -0.09000000000000001100, -0.1099999999999998800, 0.4399999999999999500 ) ) ;
#854 = DIRECTION ( 'NONE',  ( 0.0000000000000000000, 1.224646799147353200E-016, 1.000000000000000000 ) ) ;
#855 = ORIENTED_EDGE ( 'NONE', *, *, #1481, .T. ) ;
#856 = VECTOR ( 'NONE', #793, 1000.000000000000000 ) ;
#857 = ORIENTED_EDGE ( 'NONE', *, *, #929, .T. ) ;
#858 =( NAMED_UNIT ( * ) PLANE_ANGLE_UNIT ( ) SI_UNIT ( $, .RADIAN. ) );
#859 = VERTEX_POINT ( 'NONE', #280 ) ;
#860 = CARTESIAN_POINT ( 'NONE',  ( 0.1245016556472924000, 0.1899999999999998400, 0.4000000000000000200 ) ) ;
#861 =( LENGTH_UNIT ( ) NAMED_UNIT ( * ) SI_UNIT ( .MILLI., .METRE. ) );
#862 = EDGE_CURVE ( 'NONE', #1107, #707, #1278, .T. ) ;
#863 = DIRECTION ( 'NONE',  ( 1.000000000000000000, 0.0000000000000000000, 0.0000000000000000000 ) ) ;
#864 = CARTESIAN_POINT ( 'NONE',  ( 0.1245016556371878900, 0.1899999999820092800, 0.3915499391143110200 ) ) ;
#865 = CARTESIAN_POINT ( 'NONE',  ( -0.09000000000000001100, 0.1099999999999999900, -0.3999999999999999700 ) ) ;
#866 = LINE ( 'NONE', #1060, #230 ) ;
#867 = DIRECTION ( 'NONE',  ( -0.0000000000000000000, -1.000000000000000000, -0.0000000000000000000 ) ) ;
#868 = SURFACE_STYLE_USAGE ( .BOTH. , #882 ) ;
#869 = CARTESIAN_POINT ( 'NONE',  ( -0.3100000000000000000, 0.1099999999999999900, 0.0000000000000000000 ) ) ;
#870 = CARTESIAN_POINT ( 'NONE',  ( 0.1258075142399907600, 0.1899999999994911000, -0.3836635809979215800 ) ) ;
#871 = FACE_OUTER_BOUND ( 'NONE', #530, .T. ) ;
#872 = ORIENTED_EDGE ( 'NONE', *, *, #1091, .F. ) ;
#873 = CARTESIAN_POINT ( 'NONE',  ( -0.2741924857600093200, 0.1899999999994909900, 0.01633641900207852300 ) ) ;
#874 = CIRCLE ( 'NONE', #453, 0.1099999999999999900 ) ;
#875 = ORIENTED_EDGE ( 'NONE', *, *, #42, .T. ) ;
#876 = APPLICATION_CONTEXT ( 'automotive_design' ) ;
#877 = AXIS2_PLACEMENT_3D ( 'NONE', #1421, #1303, #1293 ) ;
#878 = CARTESIAN_POINT ( 'NONE',  ( -0.3100000000000000000, 0.1100000000000000000, -1.355252715606880700E-017 ) ) ;
#879 = CARTESIAN_POINT ( 'NONE',  ( -0.09000000000000002400, 0.1099999999999999700, 0.0000000000000000000 ) ) ;
#880 = CARTESIAN_POINT ( 'NONE',  ( 0.3100000000000000000, 0.3300000000000000700, -0.3999999999859242800 ) ) ;
#881 = PRODUCT_CONTEXT ( 'NONE', #1183, 'mechanical' ) ;
#882 = SURFACE_SIDE_STYLE ('',( #1465 ) ) ;
#883 = CARTESIAN_POINT ( 'NONE',  ( -0.09000000000000002400, -0.1099999999999999900, -0.3999999999999998600 ) ) ;
#884 = CARTESIAN_POINT ( 'NONE',  ( -0.2000000000000000100, 0.1899999999999998600, 0.4000000000000000200 ) ) ;
#885 =( NAMED_UNIT ( * ) SI_UNIT ( $, .STERADIAN. ) SOLID_ANGLE_UNIT ( ) );
#886 = CARTESIAN_POINT ( 'NONE',  ( 0.09000000000000003800, -0.1099999999999999900, -0.4000000000000000200 ) ) ;
#887 = PRESENTATION_LAYER_ASSIGNMENT (  '', '', ( #540 ) ) ;
#888 = DIRECTION ( 'NONE',  ( 1.000000000000000000, 0.0000000000000000000, 0.0000000000000000000 ) ) ;
#889 = FILL_AREA_STYLE ('',( #985 ) ) ;
#890 = CARTESIAN_POINT ( 'NONE',  ( -0.3100000000000000000, 0.1100000000000000000, -7.938886603796800100E-018 ) ) ;
#891 = CARTESIAN_POINT ( 'NONE',  ( -0.3750000000000000000, 0.2399999999999999400, -0.2000000000000000100 ) ) ;
#892 = CARTESIAN_POINT ( 'NONE',  ( -0.09000000000000001100, 0.3300000000000000200, 0.4399999999999999500 ) ) ;
#893 = CARTESIAN_POINT ( 'NONE',  ( 0.3099999999999998900, 0.2388730162882259600, -0.6199999999958774000 ) ) ;
#894 = ADVANCED_FACE ( 'NONE', ( #1625 ), #1215, .T. ) ;
#895 = ORIENTED_EDGE ( 'NONE', *, *, #847, .T. ) ;
#896 = AXIS2_PLACEMENT_3D ( 'NONE', #1263, #1644, #1353 ) ;
#897 = VECTOR ( 'NONE', #433, 1000.000000000000000 ) ;
#898 = EDGE_CURVE ( 'NONE', #349, #1400, #1209, .T. ) ;
#899 = ORIENTED_EDGE ( 'NONE', *, *, #1196, .F. ) ;
#900 = CARTESIAN_POINT ( 'NONE',  ( 0.1245016556472924000, 0.1899999999999998400, -9.797174393178811700E-018 ) ) ;
#901 = DIRECTION ( 'NONE',  ( 1.000000000000000000, 0.0000000000000000000, 0.0000000000000000000 ) ) ;
#902 = ORIENTED_EDGE ( 'NONE', *, *, #1252, .F. ) ;
#903 = CARTESIAN_POINT ( 'NONE',  ( 0.3100000000000000000, 0.1099999999999999700, 0.0000000000000000000 ) ) ;
#904 = VECTOR ( 'NONE', #1402, 1000.000000000000100 ) ;
#905 = ORIENTED_EDGE ( 'NONE', *, *, #1016, .T. ) ;
#906 =( NAMED_UNIT ( * ) PLANE_ANGLE_UNIT ( ) SI_UNIT ( $, .RADIAN. ) );
#907 = ADVANCED_FACE ( 'NONE', ( #1382 ), #1177, .T. ) ;
#908 = CARTESIAN_POINT ( 'NONE',  ( 0.1245016556371878600, 0.1899999999820092300, -0.008450060885689185700 ) ) ;
#909 = CARTESIAN_POINT ( 'NONE',  ( -0.09000000000000002400, 0.1099999999999999700, -0.4000000000000000200 ) ) ;
#910 = CARTESIAN_POINT ( 'NONE',  ( 0.3100000000000000500, -0.1099999999999999900, -0.1288730162811878900 ) ) ;
#911 = CARTESIAN_POINT ( 'NONE',  ( -0.09000000000000002400, 0.1099999999999998900, -0.4000000000000001300 ) ) ;
#912 = CARTESIAN_POINT ( 'NONE',  ( -0.2589544372649305600, 0.1899999999997961100, -0.04716327307123288600 ) ) ;
#913 = DIRECTION ( 'NONE',  ( 0.0000000000000000000, 1.224646799147353200E-016, 1.000000000000000000 ) ) ;
#914 = ADVANCED_FACE ( 'NONE', ( #1379 ), #432, .T. ) ;
#915 = CARTESIAN_POINT ( 'NONE',  ( -0.3100000000000000000, 0.3300000000000000200, 0.03999999999999978600 ) ) ;
#916 = CARTESIAN_POINT ( 'NONE',  ( -0.3100000000000000000, 0.1099999999999999700, 2.710505431213760800E-017 ) ) ;
#917 = LINE ( 'NONE', #891, #856 ) ;
#918 = DIRECTION ( 'NONE',  ( 1.000000000000000000, 0.0000000000000000000, 0.0000000000000000000 ) ) ;
#919 = ORIENTED_EDGE ( 'NONE', *, *, #1134, .F. ) ;
#920 = FACE_OUTER_BOUND ( 'NONE', #823, .T. ) ;
#921 = ORIENTED_EDGE ( 'NONE', *, *, #1207, .T. ) ;
#922 = CARTESIAN_POINT ( 'NONE',  ( 0.2000000000000000100, 0.1099999999999999700, 0.0000000000000000000 ) ) ;
#923 = CARTESIAN_POINT ( 'NONE',  ( -0.3100000000000000000, 0.1099999999999999600, 3.009265538105056000E-033 ) ) ;
#924 = UNCERTAINTY_MEASURE_WITH_UNIT (LENGTH_MEASURE( 1.000000000000000100E-005 ), #861, 'distance_accuracy_value', 'NONE');
#925 = CARTESIAN_POINT ( 'NONE',  ( 0.1287575884540654000, 0.1899999999998402100, -0.02499037408948633400 ) ) ;
#926 = CARTESIAN_POINT ( 'NONE',  ( -0.4000000000000000800, 0.5900000000000000800, 0.5999999999999999800 ) ) ;
#927 = DIRECTION ( 'NONE',  ( -1.000000000000000000, 0.0000000000000000000, 0.0000000000000000000 ) ) ;
#928 = DIRECTION ( 'NONE',  ( 0.0000000000000000000, 0.0000000000000000000, -1.000000000000000000 ) ) ;
#929 = EDGE_CURVE ( 'NONE', #1554, #1025, #1689, .T. ) ;
#930 = CARTESIAN_POINT ( 'NONE',  ( -0.1245016556472923800, 0.1899999999999998400, -0.4026480463303877000 ) ) ;
#931 = CARTESIAN_POINT ( 'NONE',  ( -0.09000000000000002400, -0.1099999999999999900, -0.4000000000000000200 ) ) ;
#932 = DIRECTION ( 'NONE',  ( 1.000000000000000000, -0.0000000000000000000, 0.0000000000000000000 ) ) ;
#933 = CARTESIAN_POINT ( 'NONE',  ( -0.2330713428760378100, 0.1899999999999987300, 0.06786962708292748600 ) ) ;
#934 = DIRECTION ( 'NONE',  ( -1.000000000000000000, 0.0000000000000000000, -0.0000000000000000000 ) ) ;
#935 = AXIS2_PLACEMENT_3D ( 'NONE', #517, #1135, #1636 ) ;
#936 = ORIENTED_EDGE ( 'NONE', *, *, #1207, .F. ) ;
#937 = LINE ( 'NONE', #789, #1122 ) ;
#938 = ORIENTED_EDGE ( 'NONE', *, *, #142, .F. ) ;
#939 = CARTESIAN_POINT ( 'NONE',  ( 0.2754983443527075900, 0.1899999999999998600, 0.008450060888592078900 ) ) ;
#940 = ORIENTED_EDGE ( 'NONE', *, *, #454, .T. ) ;
#941 = CARTESIAN_POINT ( 'NONE',  ( -0.2596151076027282700, 0.1899999999999983100, 0.04708972790890098000 ) ) ;
#942 = CARTESIAN_POINT ( 'NONE',  ( 0.0000000000000000000, 0.5900000000000000800, 0.0000000000000000000 ) ) ;
#943 = ORIENTED_EDGE ( 'NONE', *, *, #41, .F. ) ;
#944 = CARTESIAN_POINT ( 'NONE',  ( -0.2000000000000000100, 0.1899999999999998600, -0.4000000000000000200 ) ) ;
#945 = DIRECTION ( 'NONE',  ( -0.0000000000000000000, -0.0000000000000000000, -1.000000000000000000 ) ) ;
#946 = CARTESIAN_POINT ( 'NONE',  ( 0.1671454372954630200, 0.1899999999999728300, 0.3315019617907569200 ) ) ;
#947 = CARTESIAN_POINT ( 'NONE',  ( -0.3750000000000000000, 0.2399999999999999400, -0.02500000000000004000 ) ) ;
#948 = CARTESIAN_POINT ( 'NONE',  ( -0.2500000000000001100, 0.5900000000000000800, -0.3750000000000000600 ) ) ;
#949 = PRESENTATION_STYLE_ASSIGNMENT (( #868 ) ) ;
#950 = CARTESIAN_POINT ( 'NONE',  ( 0.3099999999999998900, 0.3300000000082454800, -0.5288730162671123600 ) ) ;
#951 = EDGE_CURVE ( 'NONE', #1107, #625, #1553, .T. ) ;
#952 = FACE_OUTER_BOUND ( 'NONE', #203, .T. ) ;
#953 = CARTESIAN_POINT ( 'NONE',  ( -0.2477294871532869100, 0.1899999999999984800, -0.3408958581391849400 ) ) ;
#954 = DIRECTION ( 'NONE',  ( 0.0000000000000000000, 1.000000000000000000, -0.0000000000000000000 ) ) ;
#955 = DIRECTION ( 'NONE',  ( 0.0000000000000000000, -1.000000000000000000, 0.0000000000000000000 ) ) ;
#956 = LINE ( 'NONE', #311, #1124 ) ;
#957 = VERTEX_POINT ( 'NONE', #1211 ) ;
#958 = CARTESIAN_POINT ( 'NONE',  ( -0.2536722973780065100, 0.1899999999999984800, -0.3469030651151409600 ) ) ;
#959 = ORIENTED_EDGE ( 'NONE', *, *, #728, .T. ) ;
#960 = CIRCLE ( 'NONE', #250, 0.1099999999999999900 ) ;
#961 = ORIENTED_EDGE ( 'NONE', *, *, #847, .F. ) ;
#962 = CARTESIAN_POINT ( 'NONE',  ( 0.3099999999999998900, -0.01887301627415011500, -0.6200000000041228100 ) ) ;
#963 = CARTESIAN_POINT ( 'NONE',  ( -0.2596151076027282100, 0.1899999999999984800, -0.3529102720910990400 ) ) ;
#964 = CARTESIAN_POINT ( 'NONE',  ( 0.2754983443527075900, 0.1899999999999998600, -0.4000000000000000200 ) ) ;
#965 = CARTESIAN_POINT ( 'NONE',  ( 0.3100000000000000000, 0.1099999999999999700, 0.0000000000000000000 ) ) ;
#966 = STYLED_ITEM ( 'NONE', ( #949 ), #1411 ) ;
#967 =( NAMED_UNIT ( * ) PLANE_ANGLE_UNIT ( ) SI_UNIT ( $, .RADIAN. ) );
#968 = CARTESIAN_POINT ( 'NONE',  ( -0.2646027197522004500, 0.1899999999999748300, -0.3600263570631882500 ) ) ;
#969 = EDGE_CURVE ( 'NONE', #625, #307, #1346, .T. ) ;
#970 = CARTESIAN_POINT ( 'NONE',  ( 0.3100000000000000000, 0.1099999999999999700, 0.0000000000000000000 ) ) ;
#971 =( LENGTH_UNIT ( ) NAMED_UNIT ( * ) SI_UNIT ( .MILLI., .METRE. ) );
#972 = CARTESIAN_POINT ( 'NONE',  ( -0.2682221074957570300, 0.1899999999999748300, -0.3676620339409017400 ) ) ;
#973 = MECHANICAL_DESIGN_GEOMETRIC_PRESENTATION_REPRESENTATION (  '', ( #540 ), #1082 ) ;
#974 = EDGE_LOOP ( 'NONE', ( #165, #1242, #781, #512 ) ) ;
#975 = AXIS2_PLACEMENT_3D ( 'NONE', #542, #629, #597 ) ;
#976 = LINE ( 'NONE', #1257, #904 ) ;
#977 = ORIENTED_EDGE ( 'NONE', *, *, #128, .F. ) ;
#978 = ORIENTED_EDGE ( 'NONE', *, *, #1686, .F. ) ;
#979 = ORIENTED_EDGE ( 'NONE', *, *, #660, .T. ) ;
#980 = CARTESIAN_POINT ( 'NONE',  ( -0.2718414952393357600, 0.1899999999999748300, -0.3752977108186620300 ) ) ;
#981 = CARTESIAN_POINT ( 'NONE',  ( 0.3100000000000000000, 0.1099999999999999700, 0.0000000000000000000 ) ) ;
#982 = DIRECTION ( 'NONE',  ( 0.0000000000000000000, -0.0000000000000000000, 1.000000000000000000 ) ) ;
#983 = EDGE_CURVE ( 'NONE', #626, #82, #472, .T. ) ;
#984 = SURFACE_STYLE_USAGE ( .BOTH. , #987 ) ;
#985 = FILL_AREA_STYLE_COLOUR ( '', #251 ) ;
#986 = CARTESIAN_POINT ( 'NONE',  ( -0.09000000000000002400, 0.1100000000000000700, -0.4000000000000001300 ) ) ;
#987 = SURFACE_SIDE_STYLE ('',( #1621 ) ) ;
#988 = FACE_OUTER_BOUND ( 'NONE', #181, .T. ) ;
#989 = EDGE_CURVE ( 'NONE', #669, #779, #1613, .T. ) ;
#990 = DIRECTION ( 'NONE',  ( 1.000000000000000000, 0.0000000000000000000, 0.0000000000000000000 ) ) ;
#991 = CARTESIAN_POINT ( 'NONE',  ( -0.1245016556472923800, 0.1899999999999998400, -0.4000000000000000200 ) ) ;
#992 = CARTESIAN_POINT ( 'NONE',  ( -0.09000000000000002400, 0.2388730162882259600, -0.6199999999958774000 ) ) ;
#993 = FILL_AREA_STYLE ('',( #1132 ) ) ;
#994 = LINE ( 'NONE', #630, #1055 ) ;
#995 = ORIENTED_EDGE ( 'NONE', *, *, #1634, .F. ) ;
#996 = EDGE_LOOP ( 'NONE', ( #840, #223, #1344, #821 ) ) ;
#997 = FACE_OUTER_BOUND ( 'NONE', #1436, .T. ) ;
#998 = DIRECTION ( 'NONE',  ( 0.0000000000000000000, 0.0000000000000000000, -1.000000000000000000 ) ) ;
#999 = ORIENTED_EDGE ( 'NONE', *, *, #969, .F. ) ;
#1000 = CARTESIAN_POINT ( 'NONE',  ( -0.2165732289520464800, 0.1899999999999959800, -0.4736568264460489500 ) ) ;
#1001 = CARTESIAN_POINT ( 'NONE',  ( -0.09000000000000002400, 0.3299999999999999000, 0.4000000000140757600 ) ) ;
#1002 = STYLED_ITEM ( 'NONE', ( #276 ), #1062 ) ;
#1003 = CARTESIAN_POINT ( 'NONE',  ( -0.4000000000000000800, 0.1899999999999998900, -0.5999999999999999800 ) ) ;
#1004 = CARTESIAN_POINT ( 'NONE',  ( -0.2000000000000000100, 0.1099999999999999700, 0.0000000000000000000 ) ) ;
#1005 = PLANE ( 'NONE',  #773 ) ;
#1006 = CARTESIAN_POINT ( 'NONE',  ( -0.09000000000000002400, -0.01887301627415011500, -0.6200000000041228100 ) ) ;
#1007 = CARTESIAN_POINT ( 'NONE',  ( 0.3100000000000000000, 0.1100000000070379000, -0.6200000000000002200 ) ) ;
#1008 = DIRECTION ( 'NONE',  ( 0.0000000000000000000, 0.0000000000000000000, 1.000000000000000000 ) ) ;
#1009 = CARTESIAN_POINT ( 'NONE',  ( -0.09000000000000002400, 0.1099999999999999700, 0.0000000000000000000 ) ) ;
#1010 = CARTESIAN_POINT ( 'NONE',  ( -0.2642331295670283200, 0.1899999999997961100, -0.4405648689762738400 ) ) ;
#1011 = CARTESIAN_POINT ( 'NONE',  ( -0.09000000000000002400, 0.1100000000000000300, -0.4000000000000001900 ) ) ;
#1012 = PRESENTATION_STYLE_ASSIGNMENT (( #1645 ) ) ;
#1013 = CARTESIAN_POINT ( 'NONE',  ( -0.1410455627350692700, 0.1899999999997960500, 0.04716327307123274100 ) ) ;
#1014 = AXIS2_PLACEMENT_3D ( 'NONE', #1044, #1093, #982 ) ;
#1015 = CARTESIAN_POINT ( 'NONE',  ( -0.3750000000000000000, 0.2399999999999999400, -0.2000000000000000100 ) ) ;
#1016 = EDGE_CURVE ( 'NONE', #1627, #859, #1259, .T. ) ;
#1017 = CARTESIAN_POINT ( 'NONE',  ( -0.1245016556472923800, 0.1899999999999998400, -9.797174393178811700E-018 ) ) ;
#1018 = CARTESIAN_POINT ( 'NONE',  ( -0.09000000000000002400, 0.1099999999999999600, -0.4000000000000001300 ) ) ;
#1019 = DIRECTION ( 'NONE',  ( 0.0000000000000000000, -1.000000000000000000, 0.0000000000000000000 ) ) ;
#1020 = ORIENTED_EDGE ( 'NONE', *, *, #73, .T. ) ;
#1021 = CARTESIAN_POINT ( 'NONE',  ( 0.3100000000000000000, -0.1099999999999999900, -0.4000000000000000200 ) ) ;
#1022 = CIRCLE ( 'NONE', #1405, 0.1099999999999999900 ) ;
#1023 = ORIENTED_EDGE ( 'NONE', *, *, #1586, .F. ) ;
#1024 = ORIENTED_EDGE ( 'NONE', *, *, #1551, .T. ) ;
#1025 = VERTEX_POINT ( 'NONE', #1385 ) ;
#1026 =( GEOMETRIC_REPRESENTATION_CONTEXT ( 3 ) GLOBAL_UNCERTAINTY_ASSIGNED_CONTEXT ( ( #1575 ) ) GLOBAL_UNIT_ASSIGNED_CONTEXT ( ( #1423, #1390, #1378 ) ) REPRESENTATION_CONTEXT ( 'NONE', 'WORKASPACE' ) );
#1027 =( NAMED_UNIT ( * ) SI_UNIT ( $, .STERADIAN. ) SOLID_ANGLE_UNIT ( ) );
#1028 = ADVANCED_FACE ( 'NONE', ( #1237 ), #1088, .T. ) ;
#1029 = CARTESIAN_POINT ( 'NONE',  ( -0.2589544372649307300, 0.1899999999997961100, -0.4471632730712327700 ) ) ;
#1030 = DIRECTION ( 'NONE',  ( 0.0000000000000000000, 1.000000000000000000, 0.0000000000000000000 ) ) ;
#1031 = CARTESIAN_POINT ( 'NONE',  ( -0.3750000000000000000, 0.2399999999999999400, -0.2000000000000000100 ) ) ;
#1032 = CARTESIAN_POINT ( 'NONE',  ( 0.3099999999999998900, -0.1099999999999999500, -0.5288730162811878800 ) ) ;
#1033 =( NAMED_UNIT ( * ) PLANE_ANGLE_UNIT ( ) SI_UNIT ( $, .RADIAN. ) );
#1034 = MANIFOLD_SOLID_BREP ( 'LPattern1[2]', #97 ) ;
#1035 = CARTESIAN_POINT ( 'NONE',  ( -0.2536757449628505600, 0.1899999999997961100, -0.4537616771661698900 ) ) ;
#1036 = CARTESIAN_POINT ( 'NONE',  ( -0.09000000000000002400, 0.1100000000000000300, -0.4000000000000001300 ) ) ;
#1037 = CARTESIAN_POINT ( 'NONE',  ( 0.09000000000000002400, 0.1100000000000000000, -1.355252715606880700E-017 ) ) ;
#1038 = PLANE ( 'NONE',  #808 ) ;
#1039 = CARTESIAN_POINT ( 'NONE',  ( 0.3099999999999999400, 0.1100000000000000300, -0.4000000000000001900 ) ) ;
#1040 = ADVANCED_FACE ( 'NONE', ( #1191 ), #126, .F. ) ;
#1041 = CARTESIAN_POINT ( 'NONE',  ( 0.3100000000000000000, 0.3299999999999999000, 0.4000000000000000200 ) ) ;
#1042 = COLOUR_RGB ( '',1.000000000000000000, 1.000000000000000000, 1.000000000000000000 ) ;
#1043 = CARTESIAN_POINT ( 'NONE',  ( 0.1599802026036547800, 0.1899999999999728900, -0.06401887078321244500 ) ) ;
#1044 = CARTESIAN_POINT ( 'NONE',  ( -0.2500000000000001100, 0.5399999999999999200, -0.4500000000000000700 ) ) ;
#1045 = CARTESIAN_POINT ( 'NONE',  ( 0.3100000000000000000, 0.1100000000000000700, -0.4000000000000001300 ) ) ;
#1046 = EDGE_CURVE ( 'NONE', #825, #957, #587, .T. ) ;
#1047 =( LENGTH_UNIT ( ) NAMED_UNIT ( * ) SI_UNIT ( .MILLI., .METRE. ) );
#1048 = CYLINDRICAL_SURFACE ( 'NONE', #1326, 0.07499999999999998300 ) ;
#1049 = ORIENTED_EDGE ( 'NONE', *, *, #162, .T. ) ;
#1050 = ADVANCED_FACE ( 'NONE', ( #647 ), #1203, .T. ) ;
#1051 = CARTESIAN_POINT ( 'NONE',  ( 0.1751828198241495200, 0.1899999999999960300, -0.07180188783826511900 ) ) ;
#1052 = CARTESIAN_POINT ( 'NONE',  ( -0.09000000000000002400, -0.1099999999999999500, -0.5288730162811878800 ) ) ;
#1053 = ORIENTED_EDGE ( 'NONE', *, *, #303, .F. ) ;
#1054 = CARTESIAN_POINT ( 'NONE',  ( -0.2328545627045367500, 0.1899999999999728900, -0.06849803820924324500 ) ) ;
#1055 = VECTOR ( 'NONE', #713, 1000.000000000000000 ) ;
#1056 = VERTEX_POINT ( 'NONE', #1604 ) ;
#1057 = PLANE ( 'NONE',  #764 ) ;
#1058 = CARTESIAN_POINT ( 'NONE',  ( 0.2003486205441078700, 0.1899999999999984200, -0.07596895413743284800 ) ) ;
#1059 = DIRECTION ( 'NONE',  ( 0.0000000000000000000, 1.000000000000000000, 0.0000000000000000000 ) ) ;
#1060 = CARTESIAN_POINT ( 'NONE',  ( 0.0000000000000000000, 0.1899999999999998900, 0.5999999999999999800 ) ) ;
#1061 = EDGE_CURVE ( 'NONE', #957, #1025, #494, .T. ) ;
#1062 = MANIFOLD_SOLID_BREP ( 'Boss-Extrude2', #1649 ) ;
#1063 = CARTESIAN_POINT ( 'NONE',  ( 0.3100000000000000000, 0.1099999999999999700, -0.4000000000000000200 ) ) ;
#1064 = CARTESIAN_POINT ( 'NONE',  ( -0.1245016556472923800, 0.1899999999999998400, -9.797174393178811700E-018 ) ) ;
#1065 = DIRECTION ( 'NONE',  ( 0.0000000000000000000, -0.0000000000000000000, -1.000000000000000000 ) ) ;
#1066 = PRESENTATION_LAYER_ASSIGNMENT (  '', '', ( #966 ) ) ;
#1067 = CARTESIAN_POINT ( 'NONE',  ( 0.1463242550371496600, 0.1899999999997961100, -0.05376167716616998100 ) ) ;
#1068 = CARTESIAN_POINT ( 'NONE',  ( -0.2248171801758505100, 0.1899999999999960300, -0.07180188783826511900 ) ) ;
#1069 = EDGE_CURVE ( 'NONE', #627, #1594, #403, .T. ) ;
#1070 = PLANE ( 'NONE',  #347 ) ;
#1071 = MANIFOLD_SOLID_BREP ( 'LPattern1[3]', #1282 ) ;
#1072 = DIRECTION ( 'NONE',  ( 0.0000000000000000000, -1.000000000000000000, 0.0000000000000000000 ) ) ;
#1073 = ORIENTED_EDGE ( 'NONE', *, *, #1389, .F. ) ;
#1074 = FACE_OUTER_BOUND ( 'NONE', #262, .T. ) ;
#1075 = ORIENTED_EDGE ( 'NONE', *, *, #1268, .T. ) ;
#1076 = VERTEX_POINT ( 'NONE', #1360 ) ;
#1077 = CARTESIAN_POINT ( 'NONE',  ( 0.1410455627350694400, 0.1899999999997961100, -0.04716327307123288600 ) ) ;
#1078 = CARTESIAN_POINT ( 'NONE',  ( -0.09000000000000002400, 0.1100000000070379000, -0.6200000000000002200 ) ) ;
#1079 = VERTEX_POINT ( 'NONE', #1308 ) ;
#1080 = CARTESIAN_POINT ( 'NONE',  ( 0.09000000000000003800, 0.3299999999999999000, -0.4000000000000000200 ) ) ;
#1081 = CARTESIAN_POINT ( 'NONE',  ( -0.3750000000000000000, 0.2399999999999999400, -0.2000000000000000100 ) ) ;
#1082 =( GEOMETRIC_REPRESENTATION_CONTEXT ( 3 ) GLOBAL_UNCERTAINTY_ASSIGNED_CONTEXT ( ( #1262 ) ) GLOBAL_UNIT_ASSIGNED_CONTEXT ( ( #971, #967, #885 ) ) REPRESENTATION_CONTEXT ( 'NONE', 'WORKASPACE' ) );
#1083 = CARTESIAN_POINT ( 'NONE',  ( -0.2000000000000000400, 0.2399999999999999400, -0.2000000000000000100 ) ) ;
#1084 = CARTESIAN_POINT ( 'NONE',  ( -0.1996513794558924000, 0.1899999999999985300, 0.3240310458625672600 ) ) ;
#1085 = AXIS2_PLACEMENT_3D ( 'NONE', #1430, #370, #22 ) ;
#1086 = CARTESIAN_POINT ( 'NONE',  ( -0.3099999999999999400, 0.1099999999999998900, -0.4000000000000001300 ) ) ;
#1087 = CARTESIAN_POINT ( 'NONE',  ( -0.4000000000000000800, 0.1899999999999998900, 0.5999999999999999800 ) ) ;
#1088 = PLANE ( 'NONE',  #143 ) ;
#1089 = DIRECTION ( 'NONE',  ( 0.0000000000000000000, -0.0000000000000000000, -1.000000000000000000 ) ) ;
#1090 = AXIS2_PLACEMENT_3D ( 'NONE', #640, #1323, #1503 ) ;
#1091 = EDGE_CURVE ( 'NONE', #145, #365, #1244, .T. ) ;
#1092 = VECTOR ( 'NONE', #1288, 1000.000000000000000 ) ;
#1093 = DIRECTION ( 'NONE',  ( 0.0000000000000000000, 1.000000000000000000, 0.0000000000000000000 ) ) ;
#1094 = DIRECTION ( 'NONE',  ( 0.0000000000000000000, 1.000000000000000000, 0.0000000000000000000 ) ) ;
#1095 = CARTESIAN_POINT ( 'NONE',  ( 0.2754983443527075900, 0.1899999999999998600, 0.4000000000000000200 ) ) ;
#1096 = CARTESIAN_POINT ( 'NONE',  ( -0.2754983443527075900, 0.1899999999999998400, -0.4000000000000000200 ) ) ;
#1097 =( LENGTH_UNIT ( ) NAMED_UNIT ( * ) SI_UNIT ( .MILLI., .METRE. ) );
#1098 = CARTESIAN_POINT ( 'NONE',  ( -0.09000000000000002400, 0.3300000000000000700, -0.3999999999859242800 ) ) ;
#1099 = ORIENTED_EDGE ( 'NONE', *, *, #1196, .T. ) ;
#1100 = FACE_OUTER_BOUND ( 'NONE', #261, .T. ) ;
#1101 = EDGE_CURVE ( 'NONE', #385, #496, #117, .T. ) ;
#1102 = MANIFOLD_SOLID_BREP ( 'LPattern1[4]', #381 ) ;
#1103 = ORIENTED_EDGE ( 'NONE', *, *, #1481, .F. ) ;
#1104 = ORIENTED_EDGE ( 'NONE', *, *, #1232, .T. ) ;
#1105 = FACE_OUTER_BOUND ( 'NONE', #1301, .T. ) ;
#1106 =( NAMED_UNIT ( * ) SI_UNIT ( $, .STERADIAN. ) SOLID_ANGLE_UNIT ( ) );
#1107 = VERTEX_POINT ( 'NONE', #1515 ) ;
#1108 = CARTESIAN_POINT ( 'NONE',  ( -0.2741924857600093200, 0.1899999999994909900, -0.3836635809979215300 ) ) ;
#1109 = CARTESIAN_POINT ( 'NONE',  ( 0.2740394289440657400, 0.1899999999998402700, -0.3829833466665640800 ) ) ;
#1110 = CARTESIAN_POINT ( 'NONE',  ( -0.2406675688098127700, 0.1899999999999987300, 0.4641681570260378100 ) ) ;
#1111 = CARTESIAN_POINT ( 'NONE',  ( -0.3100000000000000000, -0.1099999999999999900, -0.4000000000000000200 ) ) ;
#1112 = CARTESIAN_POINT ( 'NONE',  ( 0.09000000000000002400, 0.1100000000000000300, -0.4000000000000001300 ) ) ;
#1113 = AXIS2_PLACEMENT_3D ( 'NONE', #316, #955, #325 ) ;
#1114 = CARTESIAN_POINT ( 'NONE',  ( -0.2750803925101124000, 0.1899999999994909900, -0.3920668631318887100 ) ) ;
#1115 = PLANE ( 'NONE',  #46 ) ;
#1116 = CARTESIAN_POINT ( 'NONE',  ( -0.3100000000000000000, 0.1100000000070379000, -0.6200000000000002200 ) ) ;
#1117 = CARTESIAN_POINT ( 'NONE',  ( -0.1463242550371494600, 0.1899999999997960500, 0.05376167716616983600 ) ) ;
#1118 = DIRECTION ( 'NONE',  ( 0.0000000000000000000, 1.000000000000000000, 0.0000000000000000000 ) ) ;
#1119 = CARTESIAN_POINT ( 'NONE',  ( 0.2712424115459347000, 0.1899999999998402700, -0.3750096259105139000 ) ) ;
#1120 = CARTESIAN_POINT ( 'NONE',  ( 0.09000000000000001100, 0.1099999999999999700, -0.3999999999999999700 ) ) ;
#1121 = PLANE ( 'NONE',  #1014 ) ;
#1122 = VECTOR ( 'NONE', #740, 1000.000000000000000 ) ;
#1123 = CARTESIAN_POINT ( 'NONE',  ( -0.2753586411808601800, 0.1899999999994909900, -0.3947002501214837400 ) ) ;
#1124 = VECTOR ( 'NONE', #273, 1000.000000000000000 ) ;
#1125 = VERTEX_POINT ( 'NONE', #1370 ) ;
#1126 = ORIENTED_EDGE ( 'NONE', *, *, #266, .F. ) ;
#1127 = CARTESIAN_POINT ( 'NONE',  ( 0.09000000000000003800, -0.1099999999999999900, -0.1288730162811878900 ) ) ;
#1128 = DIRECTION ( 'NONE',  ( 0.0000000000000000000, -1.000000000000000000, 0.0000000000000000000 ) ) ;
#1129 = CARTESIAN_POINT ( 'NONE',  ( -0.2754983443620597200, 0.1899999999820092800, -0.3973519536660305400 ) ) ;
#1130 = AXIS2_PLACEMENT_3D ( 'NONE', #1299, #1256, #1251 ) ;
#1131 = CARTESIAN_POINT ( 'NONE',  ( -0.09000000000000002400, 0.3300000000082454800, -0.5288730162671123600 ) ) ;
#1132 = FILL_AREA_STYLE_COLOUR ( '', #811 ) ;
#1133 = EDGE_CURVE ( 'NONE', #588, #1554, #98, .T. ) ;
#1134 = EDGE_CURVE ( 'NONE', #1614, #1238, #1409, .T. ) ;
#1135 = DIRECTION ( 'NONE',  ( -0.0000000000000000000, -1.000000000000000000, -0.0000000000000000000 ) ) ;
#1136 = SURFACE_STYLE_FILL_AREA ( #1394 ) ;
#1137 = ORIENTED_EDGE ( 'NONE', *, *, #1046, .F. ) ;
#1138 = CARTESIAN_POINT ( 'NONE',  ( -0.3100000000000000000, 0.1099999999999999600, -0.4000000000000001300 ) ) ;
#1139 = LINE ( 'NONE', #1637, #897 ) ;
#1140 = CLOSED_SHELL ( 'NONE', ( #633, #247, #137 ) ) ;
#1141 = CARTESIAN_POINT ( 'NONE',  ( 0.2000000000000000100, 0.1899999999999998600, 0.0000000000000000000 ) ) ;
#1142 = ORIENTED_EDGE ( 'NONE', *, *, #1016, .F. ) ;
#1143 = CIRCLE ( 'NONE', #896, 0.07499999999999998300 ) ;
#1144 = ORIENTED_EDGE ( 'NONE', *, *, #816, .F. ) ;
#1145 = EDGE_CURVE ( 'NONE', #385, #1592, #343, .T. ) ;
#1146 = CARTESIAN_POINT ( 'NONE',  ( 0.1315546058521902800, 0.1899999999998402100, -0.03296409484551871700 ) ) ;
#1147 = CARTESIAN_POINT ( 'NONE',  ( -0.3099999999999998900, -0.01887301627415011500, -0.6200000000041228100 ) ) ;
#1148 = CARTESIAN_POINT ( 'NONE',  ( -0.3750000000000000000, 0.1899999999999998900, -0.02500000000000004000 ) ) ;
#1149 = CARTESIAN_POINT ( 'NONE',  ( 0.1357668704329718100, 0.1899999999997961100, -0.04056486897627401000 ) ) ;
#1150 = CARTESIAN_POINT ( 'NONE',  ( -0.2000000000000000400, 0.2399999999999999400, -0.2000000000000000100 ) ) ;
#1151 = EDGE_CURVE ( 'NONE', #750, #548, #1180, .T. ) ;
#1152 = DIRECTION ( 'NONE',  ( 0.0000000000000000000, 0.0000000000000000000, 1.000000000000000000 ) ) ;
#1153 = CARTESIAN_POINT ( 'NONE',  ( 0.1834267710479538000, 0.1899999999999960300, -0.07365682644604895600 ) ) ;
#1154 = CARTESIAN_POINT ( 'NONE',  ( 0.2536722973780065600, 0.1899999999999983600, -0.4530969348848590800 ) ) ;
#1155 = DIRECTION ( 'NONE',  ( 0.0000000000000000000, 1.000000000000000000, 0.0000000000000000000 ) ) ;
#1156 =( NAMED_UNIT ( * ) SI_UNIT ( $, .STERADIAN. ) SOLID_ANGLE_UNIT ( ) );
#1157 = CIRCLE ( 'NONE', #628, 0.1099999999999999900 ) ;
#1158 = SURFACE_STYLE_USAGE ( .BOTH. , #1167 ) ;
#1159 = VECTOR ( 'NONE', #1520, 1000.000000000000000 ) ;
#1160 = CARTESIAN_POINT ( 'NONE',  ( 0.3999999999999999700, 0.1899999999999998900, 0.5999999999999999800 ) ) ;
#1161 = UNCERTAINTY_MEASURE_WITH_UNIT (LENGTH_MEASURE( 1.000000000000000100E-005 ), #1097, 'distance_accuracy_value', 'NONE');
#1162 = MECHANICAL_DESIGN_GEOMETRIC_PRESENTATION_REPRESENTATION (  '', ( #966 ), #1266 ) ;
#1163 = VERTEX_POINT ( 'NONE', #107 ) ;
#1164 = CARTESIAN_POINT ( 'NONE',  ( 0.1671454372954632700, 0.1899999999999728900, -0.06849803820924324500 ) ) ;
#1165 = CARTESIAN_POINT ( 'NONE',  ( 0.2682221074957570900, 0.1899999999999747700, -0.4323379660590982400 ) ) ;
#1166 =( NAMED_UNIT ( * ) PLANE_ANGLE_UNIT ( ) SI_UNIT ( $, .RADIAN. ) );
#1167 = SURFACE_SIDE_STYLE ('',( #1243 ) ) ;
#1168 = CARTESIAN_POINT ( 'NONE',  ( 0.3100000000000000000, 0.1099999999999999700, 0.4000000000000000200 ) ) ;
#1169 = CARTESIAN_POINT ( 'NONE',  ( 0.1528149679117955000, 0.1899999999999728900, -0.05953970335714989900 ) ) ;
#1170 = CARTESIAN_POINT ( 'NONE',  ( -0.09000000000000002400, 0.1100000000070378000, 0.1800000000000001300 ) ) ;
#1171 =( LENGTH_UNIT ( ) NAMED_UNIT ( * ) SI_UNIT ( .MILLI., .METRE. ) );
#1172 = ADVANCED_FACE ( 'NONE', ( #1490 ), #1527, .T. ) ;
#1173 = AXIS2_PLACEMENT_3D ( 'NONE', #1374, #1502, #1507 ) ;
#1174 = FILL_AREA_STYLE ('',( #545 ) ) ;
#1175 = MECHANICAL_DESIGN_GEOMETRIC_PRESENTATION_REPRESENTATION (  '', ( #1227 ), #1275 ) ;
#1176 = AXIS2_PLACEMENT_3D ( 'NONE', #272, #110, #170 ) ;
#1177 =( BOUNDED_SURFACE ( )  B_SPLINE_SURFACE ( 3, 3, ( 
 ( #152, #1639, #270, #320 ),
 ( #331, #354, #391, #463 ),
 ( #444, #641, #635, #415 ),
 ( #409, #473, #574, #538 ) ),
 .UNSPECIFIED., .F., .F., .T. ) 
 B_SPLINE_SURFACE_WITH_KNOTS ( ( 4, 4 ),
 ( 4, 4 ),
 ( 0.0000000000000000000, 1.000000000000000000 ),
 ( 0.0000000000000000000, 1.000000000000000000 ),
 .UNSPECIFIED. ) 
 GEOMETRIC_REPRESENTATION_ITEM ( )  RATIONAL_B_SPLINE_SURFACE ( (
 ( 1.000000000000000000, 0.3333333333333334300, 0.3333333333333334300, 1.000000000000000000),
 ( 0.3333333333333333700, 0.1111111111111111600, 0.1111111111111111600, 0.3333333333333333700),
 ( 0.3333333333333333700, 0.1111111111111111600, 0.1111111111111111600, 0.3333333333333333700),
 ( 1.000000000000000000, 0.3333333333333334300, 0.3333333333333334300, 1.000000000000000000) ) ) 
 REPRESENTATION_ITEM ( '' )  SURFACE ( )  );
#1178 = MANIFOLD_SOLID_BREP ( 'Revolve1', #1140 ) ;
#1179 = CARTESIAN_POINT ( 'NONE',  ( 0.3100000000000000000, 0.1099999999999999700, -0.4000000000000000200 ) ) ;
#1180 = LINE ( 'NONE', #1529, #1228 ) ;
#1181 = CARTESIAN_POINT ( 'NONE',  ( 0.09000000000000002400, 0.1099999999999999900, -0.4000000000000000200 ) ) ;
#1182 = CARTESIAN_POINT ( 'NONE',  ( -0.2682221074957570900, 0.1899999999999747700, 0.03233796605909825700 ) ) ;
#1183 = APPLICATION_CONTEXT ( 'automotive_design' ) ;
#1184 = ADVANCED_FACE ( 'NONE', ( #988 ), #135, .F. ) ;
#1185 = CARTESIAN_POINT ( 'NONE',  ( 0.2684453941478098200, 0.1899999999998402700, -0.3670359051544815300 ) ) ;
#1186 = CARTESIAN_POINT ( 'NONE',  ( 0.09000000000000003800, -0.1099999999999999900, 0.0000000000000000000 ) ) ;
#1187 = CARTESIAN_POINT ( 'NONE',  ( -0.2500000000000001100, 0.5399999999999999200, -0.4500000000000000700 ) ) ;
#1188 = SURFACE_STYLE_USAGE ( .BOTH. , #1225 ) ;
#1189 = LINE ( 'NONE', #465, #1159 ) ;
#1190 = VERTEX_POINT ( 'NONE', #1148 ) ;
#1191 = FACE_OUTER_BOUND ( 'NONE', #99, .T. ) ;
#1192 = ORIENTED_EDGE ( 'NONE', *, *, #49, .F. ) ;
#1193 = CARTESIAN_POINT ( 'NONE',  ( 0.3100000000000000000, 0.3300000000000000200, 0.03999999999999978600 ) ) ;
#1194 = CARTESIAN_POINT ( 'NONE',  ( 0.2642331295670282700, 0.1899999999997961700, -0.3594351310237262100 ) ) ;
#1195 = CARTESIAN_POINT ( 'NONE',  ( -0.1669286571239620200, 0.1899999999999987300, -0.06786962708292741700 ) ) ;
#1196 = EDGE_CURVE ( 'NONE', #1079, #121, #249, .T. ) ;
#1197 = ADVANCED_FACE ( 'NONE', ( #7 ), #1038, .F. ) ;
#1198 = CARTESIAN_POINT ( 'NONE',  ( -0.2471850320882047200, 0.1899999999999728300, -0.4595397033571497800 ) ) ;
#1199 = DIRECTION ( 'NONE',  ( 0.0000000000000000000, -0.0000000000000000000, -1.000000000000000000 ) ) ;
#1200 = CARTESIAN_POINT ( 'NONE',  ( -0.2165732289520462300, 0.1899999999999960300, -0.07365682644604895600 ) ) ;
#1201 = UNCERTAINTY_MEASURE_WITH_UNIT (LENGTH_MEASURE( 1.000000000000000100E-005 ), #3, 'distance_accuracy_value', 'NONE');
#1202 = CARTESIAN_POINT ( 'NONE',  ( -0.1912581546639518800, 0.1899999999999985300, 0.3250094663299377700 ) ) ;
#1203 =( BOUNDED_SURFACE ( )  B_SPLINE_SURFACE ( 3, 3, ( 
 ( #760, #511, #313, #258, #680, #1039, #1045 ),
 ( #1021, #1032, #962, #1007, #893, #950, #880 ),
 ( #886, #830, #834, #747, #767, #687, #696 ),
 ( #777, #819, #1684, #1678, #1112, #1218, #1672 ) ),
 .UNSPECIFIED., .F., .F., .F. ) 
 B_SPLINE_SURFACE_WITH_KNOTS ( ( 4, 4 ),
 ( 4, 3, 4 ),
 ( 0.0000000000000000000, 1.000000000000000000 ),
 ( 0.0000000000000000000, 0.5000000000000000000, 1.000000000000000000 ),
 .UNSPECIFIED. ) 
 GEOMETRIC_REPRESENTATION_ITEM ( )  RATIONAL_B_SPLINE_SURFACE ( (
 ( 1.000000000000000000, 0.8047378541168247500, 0.8047378541168247500, 1.000000000000000000, 0.8047378541168247500, 0.8047378541168247500, 1.000000000000000000),
 ( 0.3333333333333333700, 0.2682459513722749700, 0.2682459513722749700, 0.3333333333333333700, 0.2682459513722749700, 0.2682459513722749700, 0.3333333333333333700),
 ( 0.3333333333333333700, 0.2682459513722749700, 0.2682459513722749700, 0.3333333333333333700, 0.2682459513722749700, 0.2682459513722749700, 0.3333333333333333700),
 ( 1.000000000000000000, 0.8047378541168247500, 0.8047378541168247500, 1.000000000000000000, 0.8047378541168247500, 0.8047378541168247500, 1.000000000000000000) ) ) 
 REPRESENTATION_ITEM ( '' )  SURFACE ( )  );
#1204 = MANIFOLD_SOLID_BREP ( 'Cut-Extrude2', #1239 ) ;
#1205 = CARTESIAN_POINT ( 'NONE',  ( 0.2477294871532871300, 0.1899999999999984200, -0.05910414186081493200 ) ) ;
#1206 = CARTESIAN_POINT ( 'NONE',  ( 0.1463277026219934300, 0.1899999999999983100, -0.3469030651151409600 ) ) ;
#1207 = EDGE_CURVE ( 'NONE', #957, #588, #559, .T. ) ;
#1208 = CARTESIAN_POINT ( 'NONE',  ( -0.2000000000000000400, 0.1899999999999998600, -0.2000000000000000100 ) ) ;
#1209 = CIRCLE ( 'NONE', #217, 0.1099999999999999900 ) ;
#1210 = CARTESIAN_POINT ( 'NONE',  ( 0.2718414952393358700, 0.1899999999999747700, -0.02470228918133771800 ) ) ;
#1211 = CARTESIAN_POINT ( 'NONE',  ( -0.4000000000000000800, 0.1899999999999998900, -0.5999999999999999800 ) ) ;
#1212 = CIRCLE ( 'NONE', #155, 0.1099999999999999900 ) ;
#1213 = EDGE_LOOP ( 'NONE', ( #1053, #518, #235, #1647 ) ) ;
#1214 = PRESENTATION_STYLE_ASSIGNMENT (( #1158 ) ) ;
#1215 =( BOUNDED_SURFACE ( )  B_SPLINE_SURFACE ( 3, 3, ( 
 ( #400, #131, #903, #970, #965, #29, #981 ),
 ( #509, #910, #337, #1395, #194, #585, #527 ),
 ( #1186, #1127, #563, #533, #395, #8, #24 ),
 ( #34, #807, #87, #147, #1037, #692, #716 ) ),
 .UNSPECIFIED., .F., .F., .T. ) 
 B_SPLINE_SURFACE_WITH_KNOTS ( ( 4, 4 ),
 ( 4, 3, 4 ),
 ( 0.0000000000000000000, 1.000000000000000000 ),
 ( 0.0000000000000000000, 0.5000000000000000000, 1.000000000000000000 ),
 .UNSPECIFIED. ) 
 GEOMETRIC_REPRESENTATION_ITEM ( )  RATIONAL_B_SPLINE_SURFACE ( (
 ( 1.000000000000000000, 0.8047378541168249700, 0.8047378541168249700, 1.000000000000000000, 0.8047378541168249700, 0.8047378541168249700, 1.000000000000000000),
 ( 0.3333333333333333700, 0.2682459513722750300, 0.2682459513722750300, 0.3333333333333333700, 0.2682459513722750300, 0.2682459513722750300, 0.3333333333333333700),
 ( 0.3333333333333333700, 0.2682459513722750300, 0.2682459513722750300, 0.3333333333333333700, 0.2682459513722750300, 0.2682459513722750300, 0.3333333333333333700),
 ( 1.000000000000000000, 0.8047378541168249700, 0.8047378541168249700, 1.000000000000000000, 0.8047378541168249700, 0.8047378541168249700, 1.000000000000000000) ) ) 
 REPRESENTATION_ITEM ( '' )  SURFACE ( )  );
#1216 = CARTESIAN_POINT ( 'NONE',  ( -0.2400197973963454600, 0.1899999999999728300, -0.4640188707832123000 ) ) ;
#1217 = CARTESIAN_POINT ( 'NONE',  ( -0.1593324311901870000, 0.1899999999999987300, -0.06416815702603773100 ) ) ;
#1218 = CARTESIAN_POINT ( 'NONE',  ( 0.09000000000000002400, 0.1100000000000000300, -0.4000000000000001900 ) ) ;
#1219 = CARTESIAN_POINT ( 'NONE',  ( -0.1828649298720118100, 0.1899999999999985300, 0.3259878867973082800 ) ) ;
#1220 = EDGE_CURVE ( 'NONE', #365, #145, #290, .T. ) ;
#1221 = CARTESIAN_POINT ( 'NONE',  ( 0.2750803925101123500, 0.1899999999994910500, -0.007933136868111059100 ) ) ;
#1222 = CARTESIAN_POINT ( 'NONE',  ( -0.3099999999999999400, 0.1100000000000000300, -0.4000000000000001300 ) ) ;
#1223 = CARTESIAN_POINT ( 'NONE',  ( 0.2754983443527075900, 0.1899999999999998600, -9.797174393178813200E-018 ) ) ;
#1224 = CYLINDRICAL_SURFACE ( 'NONE', #613, 0.07499999999999998300 ) ;
#1225 = SURFACE_SIDE_STYLE ('',( #480 ) ) ;
#1226 = CARTESIAN_POINT ( 'NONE',  ( -0.1745248830577372200, 0.1899999999999987300, 0.3284289028601828400 ) ) ;
#1227 = STYLED_ITEM ( 'NONE', ( #401 ), #1071 ) ;
#1228 = VECTOR ( 'NONE', #1524, 1000.000000000000000 ) ;
#1229 = STYLED_ITEM ( 'NONE', ( #1214 ), #792 ) ;
#1230 = CARTESIAN_POINT ( 'NONE',  ( 0.2646027197522005100, 0.1899999999999747700, -0.4399736429368117900 ) ) ;
#1231 = AXIS2_PLACEMENT_3D ( 'NONE', #95, #1276, #1670 ) ;
#1232 = EDGE_CURVE ( 'NONE', #1400, #1614, #535, .T. ) ;
#1233 = CARTESIAN_POINT ( 'NONE',  ( -0.2330713428760377800, 0.1899999999999987300, 0.4678696270829275100 ) ) ;
#1234 = CARTESIAN_POINT ( 'NONE',  ( -0.2754983443527075900, 0.1899999999999998400, -9.797174393178811700E-018 ) ) ;
#1235 = CARTESIAN_POINT ( 'NONE',  ( -0.2500000000000001100, 0.5399999999999999200, -0.3750000000000000600 ) ) ;
#1236 = ORIENTED_EDGE ( 'NONE', *, *, #358, .F. ) ;
#1237 = FACE_OUTER_BOUND ( 'NONE', #529, .T. ) ;
#1238 = VERTEX_POINT ( 'NONE', #759 ) ;
#1239 = CLOSED_SHELL ( 'NONE', ( #1184, #624, #1577, #638, #1327, #1028, #780, #1441, #1333, #1585, #388, #1446, #127 ) ) ;
#1240 = VECTOR ( 'NONE', #204, 1000.000000000000000 ) ;
#1241 = CARTESIAN_POINT ( 'NONE',  ( -0.3100000000000000000, 0.1100000000000000700, -0.4000000000000001300 ) ) ;
#1242 = ORIENTED_EDGE ( 'NONE', *, *, #1145, .T. ) ;
#1243 = SURFACE_STYLE_FILL_AREA ( #1174 ) ;
#1244 = B_SPLINE_CURVE_WITH_KNOTS ( 'NONE', 3,
 ( #1095, #1698, #1677, #1697, #720, #714, #705, #632, #616, #612, #605, #620, #599, #595, #589, #510, #566, #576, #500, #487, #471, #466, #452, #386, #374, #362, #356, #340, #334, #328, #264 ),
 .UNSPECIFIED., .F., .F.,
 ( 4, 3, 3, 3, 3, 3, 3, 3, 3, 3, 4 ),
 ( 0.0000000000000000000, 2.535018266626515300E-005, 5.070036533245337500E-005, 7.605054799856752300E-005, 0.0001014007306645152200, 0.0001267509133304475900, 0.0001521010959963787600, 0.0001774512786623098800, 0.0002028014613282478300, 0.0002281516439942992200, 0.0002359938886119335100 ),
 .UNSPECIFIED. ) ;
#1245 =( BOUNDED_SURFACE ( )  B_SPLINE_SURFACE ( 3, 3, ( 
 ( #909, #850, #911, #1018, #1036, #1011, #986 ),
 ( #931, #1052, #1006, #1078, #992, #1131, #1098 ),
 ( #1111, #1383, #1147, #1116, #561, #457, #139 ),
 ( #695, #1508, #1086, #1138, #1222, #565, #1241 ) ),
 .UNSPECIFIED., .F., .F., .T. ) 
 B_SPLINE_SURFACE_WITH_KNOTS ( ( 4, 4 ),
 ( 4, 3, 4 ),
 ( 0.0000000000000000000, 1.000000000000000000 ),
 ( 0.0000000000000000000, 0.5000000000000000000, 1.000000000000000000 ),
 .UNSPECIFIED. ) 
 GEOMETRIC_REPRESENTATION_ITEM ( )  RATIONAL_B_SPLINE_SURFACE ( (
 ( 1.000000000000000000, 0.8047378541168247500, 0.8047378541168247500, 1.000000000000000000, 0.8047378541168247500, 0.8047378541168247500, 1.000000000000000000),
 ( 0.3333333333333333700, 0.2682459513722749700, 0.2682459513722749700, 0.3333333333333333700, 0.2682459513722749700, 0.2682459513722749700, 0.3333333333333333700),
 ( 0.3333333333333333700, 0.2682459513722749700, 0.2682459513722749700, 0.3333333333333333700, 0.2682459513722749700, 0.2682459513722749700, 0.3333333333333333700),
 ( 1.000000000000000000, 0.8047378541168247500, 0.8047378541168247500, 1.000000000000000000, 0.8047378541168247500, 0.8047378541168247500, 1.000000000000000000) ) ) 
 REPRESENTATION_ITEM ( '' )  SURFACE ( )  );
#1246 = CARTESIAN_POINT ( 'NONE',  ( -0.2254751169422627400, 0.1899999999999987300, 0.4715710971398172100 ) ) ;
#1247 = FILL_AREA_STYLE ('',( #1505 ) ) ;
#1248 = CARTESIAN_POINT ( 'NONE',  ( -0.2754983443527075900, 0.1899999999999998400, -0.4000000000000000200 ) ) ;
#1249 = CARTESIAN_POINT ( 'NONE',  ( -0.2500000000000001100, 0.5399999999999999200, -0.4500000000000000700 ) ) ;
#1250 = CARTESIAN_POINT ( 'NONE',  ( -0.2500000000000001100, 0.5399999999999999200, -0.5250000000000000200 ) ) ;
#1251 = DIRECTION ( 'NONE',  ( 0.0000000000000000000, 0.0000000000000000000, 1.000000000000000000 ) ) ;
#1252 = EDGE_CURVE ( 'NONE', #1190, #1279, #1290, .T. ) ;
#1253 = UNCERTAINTY_MEASURE_WITH_UNIT (LENGTH_MEASURE( 1.000000000000000100E-005 ), #1292, 'distance_accuracy_value', 'NONE');
#1254 = CARTESIAN_POINT ( 'NONE',  ( -0.1245016556472923800, 0.1899999999999998400, 0.008450060888592092800 ) ) ;
#1255 = DIRECTION ( 'NONE',  ( 0.0000000000000000000, 0.0000000000000000000, 1.000000000000000000 ) ) ;
#1256 = DIRECTION ( 'NONE',  ( 0.0000000000000000000, 1.000000000000000000, 0.0000000000000000000 ) ) ;
#1257 = CARTESIAN_POINT ( 'NONE',  ( -0.2000000000000000400, 0.1899999999999998900, -0.2000000000000000100 ) ) ;
#1258 = EDGE_LOOP ( 'NONE', ( #1103, #1522, #648, #321 ) ) ;
#1259 = CIRCLE ( 'NONE', #1313, 0.1099999999999999900 ) ;
#1260 = CARTESIAN_POINT ( 'NONE',  ( 0.2000000000000000100, 0.1099999999999999700, -0.4000000000000000200 ) ) ;
#1261 = VERTEX_POINT ( 'NONE', #1267 ) ;
#1262 = UNCERTAINTY_MEASURE_WITH_UNIT (LENGTH_MEASURE( 1.000000000000000100E-005 ), #971, 'distance_accuracy_value', 'NONE');
#1263 = CARTESIAN_POINT ( 'NONE',  ( -0.2500000000000001100, 0.5900000000000000800, -0.4500000000000000700 ) ) ;
#1264 = CARTESIAN_POINT ( 'NONE',  ( 0.09000000000000003800, 0.3300000000000000200, 0.03999999999999978600 ) ) ;
#1265 = CARTESIAN_POINT ( 'NONE',  ( -0.3099999999999999400, 0.1099999999999999600, 0.4000000000000001300 ) ) ;
#1266 =( GEOMETRIC_REPRESENTATION_CONTEXT ( 3 ) GLOBAL_UNCERTAINTY_ASSIGNED_CONTEXT ( ( #924 ) ) GLOBAL_UNIT_ASSIGNED_CONTEXT ( ( #861, #858, #763 ) ) REPRESENTATION_CONTEXT ( 'NONE', 'WORKASPACE' ) );
#1267 = CARTESIAN_POINT ( 'NONE',  ( 0.09000000000000002400, 0.1099999999999999600, 0.4000000000000000200 ) ) ;
#1268 = EDGE_CURVE ( 'NONE', #1594, #627, #1393, .T. ) ;
#1269 = DIRECTION ( 'NONE',  ( 0.0000000000000000000, -0.0000000000000000000, -1.000000000000000000 ) ) ;
#1270 = LINE ( 'NONE', #1284, #1092 ) ;
#1271 = DIRECTION ( 'NONE',  ( 0.7071067811865474600, 0.0000000000000000000, -0.7071067811865474600 ) ) ;
#1272 = VECTOR ( 'NONE', #1094, 1000.000000000000000 ) ;
#1273 = AXIS2_PLACEMENT_3D ( 'NONE', #1620, #1623, #1638 ) ;
#1274 = CARTESIAN_POINT ( 'NONE',  ( -0.1463277026219932700, 0.1899999999999984200, -0.05309693488485887900 ) ) ;
#1275 =( GEOMETRIC_REPRESENTATION_CONTEXT ( 3 ) GLOBAL_UNCERTAINTY_ASSIGNED_CONTEXT ( ( #757 ) ) GLOBAL_UNIT_ASSIGNED_CONTEXT ( ( #1171, #1166, #1156 ) ) REPRESENTATION_CONTEXT ( 'NONE', 'WORKASPACE' ) );
#1276 = DIRECTION ( 'NONE',  ( 0.0000000000000000000, 0.0000000000000000000, -1.000000000000000000 ) ) ;
#1277 =( NAMED_UNIT ( * ) SI_UNIT ( $, .STERADIAN. ) SOLID_ANGLE_UNIT ( ) );
#1278 = CIRCLE ( 'NONE', #134, 0.07499999999999998300 ) ;
#1279 = VERTEX_POINT ( 'NONE', #1381 ) ;
#1280 = FACE_BOUND ( 'NONE', #1448, .T. ) ;
#1281 = CARTESIAN_POINT ( 'NONE',  ( 0.09000000000000002400, 0.1099999999999999600, -0.4000000000000000200 ) ) ;
#1282 = CLOSED_SHELL ( 'NONE', ( #907, #894, #1197 ) ) ;
#1283 = CARTESIAN_POINT ( 'NONE',  ( 0.1745248830577372500, 0.1899999999999987300, -0.3284289028601828400 ) ) ;
#1284 = CARTESIAN_POINT ( 'NONE',  ( -0.2500000000000001100, 0.5399999999999999200, -0.3750000000000000600 ) ) ;
#1285 = CARTESIAN_POINT ( 'NONE',  ( 0.1403848923972717500, 0.1899999999999983100, -0.3529102720910990400 ) ) ;
#1286 =( NAMED_UNIT ( * ) PLANE_ANGLE_UNIT ( ) SI_UNIT ( $, .RADIAN. ) );
#1287 = EDGE_CURVE ( 'NONE', #1368, #1261, #397, .T. ) ;
#1288 = DIRECTION ( 'NONE',  ( 0.0000000000000000000, 1.000000000000000000, 0.0000000000000000000 ) ) ;
#1289 = CARTESIAN_POINT ( 'NONE',  ( -0.2328545627045370000, 0.1899999999999728300, -0.4684980382092431300 ) ) ;
#1290 = LINE ( 'NONE', #438, #815 ) ;
#1291 = MANIFOLD_SOLID_BREP ( 'Boss-Extrude3', #418 ) ;
#1292 =( LENGTH_UNIT ( ) NAMED_UNIT ( * ) SI_UNIT ( .MILLI., .METRE. ) );
#1293 = DIRECTION ( 'NONE',  ( 0.7071067811865474600, 0.0000000000000000000, -0.7071067811865474600 ) ) ;
#1294 = CARTESIAN_POINT ( 'NONE',  ( 0.2536722973780067300, 0.1899999999999984200, -0.05309693488485887900 ) ) ;
#1295 = CARTESIAN_POINT ( 'NONE',  ( 0.2754983443527075900, 0.1899999999999998600, -0.4000000000000000200 ) ) ;
#1296 = PRESENTATION_LAYER_ASSIGNMENT (  '', '', ( #1002 ) ) ;
#1297 = FACE_OUTER_BOUND ( 'NONE', #84, .T. ) ;
#1298 = SURFACE_STYLE_USAGE ( .BOTH. , #1317 ) ;
#1299 = CARTESIAN_POINT ( 'NONE',  ( -0.2500000000000001100, 0.5399999999999999200, -0.4500000000000000700 ) ) ;
#1300 = VECTOR ( 'NONE', #160, 1000.000000000000000 ) ;
#1301 = EDGE_LOOP ( 'NONE', ( #1075, #1472 ) ) ;
#1302 = APPLICATION_PROTOCOL_DEFINITION ( 'draft international standard', 'automotive_design', 1998, #1183 ) ;
#1303 = DIRECTION ( 'NONE',  ( 0.7071067811865475700, -0.0000000000000000000, 0.7071067811865475700 ) ) ;
#1304 = CARTESIAN_POINT ( 'NONE',  ( 0.2646027197522006800, 0.1899999999999747700, -0.03997364293681152800 ) ) ;
#1305 = DIRECTION ( 'NONE',  ( 0.0000000000000000000, 0.0000000000000000000, -1.000000000000000000 ) ) ;
#1306 = CARTESIAN_POINT ( 'NONE',  ( 0.2741924857600092600, 0.1899999999994910500, -0.01633641900207825200 ) ) ;
#1307 = CARTESIAN_POINT ( 'NONE',  ( -0.3099999999999999400, 0.1099999999999999900, 0.4000000000000001300 ) ) ;
#1308 = CARTESIAN_POINT ( 'NONE',  ( -0.2000000000000000400, 0.2399999999999999400, -0.2000000000000000100 ) ) ;
#1309 =( NAMED_UNIT ( * ) SI_UNIT ( $, .STERADIAN. ) SOLID_ANGLE_UNIT ( ) );
#1310 = AXIS2_PLACEMENT_3D ( 'NONE', #944, #74, #1199 ) ;
#1311 = FACE_OUTER_BOUND ( 'NONE', #441, .T. ) ;
#1312 = EDGE_CURVE ( 'NONE', #103, #1501, #1603, .T. ) ;
#1313 = AXIS2_PLACEMENT_3D ( 'NONE', #1260, #44, #120 ) ;
#1314 = MANIFOLD_SOLID_BREP ( 'LPattern1[5]', #422 ) ;
#1315 = ADVANCED_FACE ( 'NONE', ( #271 ), #1224, .T. ) ;
#1316 = CARTESIAN_POINT ( 'NONE',  ( 0.2406675688098129900, 0.1899999999999987300, -0.06416815702603771700 ) ) ;
#1317 = SURFACE_SIDE_STYLE ('',( #1136 ) ) ;
#1318 =( NAMED_UNIT ( * ) PLANE_ANGLE_UNIT ( ) SI_UNIT ( $, .RADIAN. ) );
#1319 = FACE_OUTER_BOUND ( 'NONE', #178, .T. ) ;
#1320 = PRESENTATION_LAYER_ASSIGNMENT (  '', '', ( #1229 ) ) ;
#1321 = VERTEX_POINT ( 'NONE', #1437 ) ;
#1322 = CARTESIAN_POINT ( 'NONE',  ( 0.2330713428760380100, 0.1899999999999987300, -0.06786962708292741700 ) ) ;
#1323 = DIRECTION ( 'NONE',  ( 0.0000000000000000000, -1.000000000000000000, 0.0000000000000000000 ) ) ;
#1324 = CARTESIAN_POINT ( 'NONE',  ( -0.3750000000000000000, 0.2399999999999999400, -0.02500000000000004000 ) ) ;
#1325 = EDGE_LOOP ( 'NONE', ( #497, #1236, #1414 ) ) ;
#1326 = AXIS2_PLACEMENT_3D ( 'NONE', #1249, #1030, #537 ) ;
#1327 = ADVANCED_FACE ( 'NONE', ( #505 ), #1425, .T. ) ;
#1328 = CARTESIAN_POINT ( 'NONE',  ( 0.0000000000000000000, 0.0000000000000000000, 0.0000000000000000000 ) ) ;
#1329 = CARTESIAN_POINT ( 'NONE',  ( 0.2171350701279884700, 0.1899999999999984200, -0.07401211320269175700 ) ) ;
#1330 = CARTESIAN_POINT ( 'NONE',  ( -0.4000000000000000800, 0.5900000000000000800, 0.5999999999999999800 ) ) ;
#1331 = DIRECTION ( 'NONE',  ( 0.0000000000000000000, 1.000000000000000000, 0.0000000000000000000 ) ) ;
#1332 = DIRECTION ( 'NONE',  ( 1.000000000000000000, -0.0000000000000000000, 0.0000000000000000000 ) ) ;
#1333 = ADVANCED_FACE ( 'NONE', ( #1311 ), #1530, .F. ) ;
#1334 = CARTESIAN_POINT ( 'NONE',  ( 0.2254751169422629900, 0.1899999999999987300, -0.07157109713981710300 ) ) ;
#1335 = CARTESIAN_POINT ( 'NONE',  ( 0.1669286571239622400, 0.1899999999999987300, -0.3321303729170725400 ) ) ;
#1336 = COLOUR_RGB ( '',0.7921568627450980000, 0.8196078431372548800, 0.9333333333333333500 ) ;
#1337 = CARTESIAN_POINT ( 'NONE',  ( -0.1403848923972716200, 0.1899999999999984200, -0.04708972790890075100 ) ) ;
#1338 = VECTOR ( 'NONE', #623, 1000.000000000000000 ) ;
#1339 = B_SPLINE_CURVE_WITH_KNOTS ( 'NONE', 3,
 ( #140, #1525, #274, #345, #1445, #292, #912, #1468, #655, #631, #1054, #1068, #1200, #90, #522, #711, #411, #2, #1195, #1217, #1477, #1274, #1337, #1349, #1357, #1401, #1509, #13, #79, #172, #255 ),
 .UNSPECIFIED., .F., .F.,
 ( 4, 3, 3, 3, 3, 3, 3, 3, 3, 3, 4 ),
 ( 0.0002359938886119336700, 0.0002613440712783515400, 0.0002866942539440508900, 0.0003120444366096762900, 0.0003373946192751350500, 0.0003627448019405785300, 0.0003880949846060208600, 0.0004134451672714631400, 0.0004387953499369122500, 0.0004641455326024747200, 0.0004719877772250174700 ),
 .UNSPECIFIED. ) ;
#1340 =( BOUNDED_SURFACE ( )  B_SPLINE_SURFACE ( 3, 3, ( 
 ( #1700, #865, #1669, #739 ),
 ( #1675, #285, #27, #883 ),
 ( #1682, #915, #1596, #5 ),
 ( #125, #236, #297, #11 ) ),
 .UNSPECIFIED., .F., .F., .T. ) 
 B_SPLINE_SURFACE_WITH_KNOTS ( ( 4, 4 ),
 ( 4, 4 ),
 ( 0.0000000000000000000, 1.000000000000000000 ),
 ( 0.0000000000000000000, 1.000000000000000000 ),
 .UNSPECIFIED. ) 
 GEOMETRIC_REPRESENTATION_ITEM ( )  RATIONAL_B_SPLINE_SURFACE ( (
 ( 1.000000000000000000, 0.3333333333333334300, 0.3333333333333334300, 1.000000000000000000),
 ( 0.3333333333333333700, 0.1111111111111111600, 0.1111111111111111600, 0.3333333333333333700),
 ( 0.3333333333333333700, 0.1111111111111111600, 0.1111111111111111600, 0.3333333333333333700),
 ( 1.000000000000000000, 0.3333333333333334300, 0.3333333333333334300, 1.000000000000000000) ) ) 
 REPRESENTATION_ITEM ( '' )  SURFACE ( )  );
#1341 = CARTESIAN_POINT ( 'NONE',  ( 0.3100000000000000000, 0.1099999999999999700, 0.4000000000000000200 ) ) ;
#1342 = CARTESIAN_POINT ( 'NONE',  ( 0.2682221074957572000, 0.1899999999999747700, -0.03233796605909801400 ) ) ;
#1343 = COLOUR_RGB ( '',0.7921568627450980000, 0.8196078431372548800, 0.9333333333333333500 ) ;
#1344 = ORIENTED_EDGE ( 'NONE', *, *, #989, .F. ) ;
#1345 = CARTESIAN_POINT ( 'NONE',  ( 0.3999999999999999700, 0.1899999999999998900, 0.5999999999999999800 ) ) ;
#1346 = CIRCLE ( 'NONE', #935, 0.07499999999999998300 ) ;
#1347 = EDGE_LOOP ( 'NONE', ( #683, #961 ) ) ;
#1348 = CARTESIAN_POINT ( 'NONE',  ( 0.2596151076027283800, 0.1899999999999984200, -0.04708972790890075100 ) ) ;
#1349 = CARTESIAN_POINT ( 'NONE',  ( -0.1353972802477993700, 0.1899999999999747700, -0.03997364293681152800 ) ) ;
#1350 = B_SPLINE_CURVE_WITH_KNOTS ( 'NONE', 3,
 ( #900, #908, #805, #925, #1146, #1149, #1077, #1067, #1169, #1043, #1164, #1051, #1153, #1588, #1058, #1590, #1329, #1334, #1322, #1316, #1205, #1294, #1348, #1304, #1342, #1210, #1306, #1221, #1458, #1463, #1449 ),
 .UNSPECIFIED., .F., .F.,
 ( 4, 3, 3, 3, 3, 3, 3, 3, 3, 3, 4 ),
 ( 0.0002359938886119336400, 0.0002613440712783515400, 0.0002866942539440509400, 0.0003120444366096764000, 0.0003373946192751352700, 0.0003627448019405788500, 0.0003880949846060211900, 0.0004134451672714635200, 0.0004387953499369126900, 0.0004641455326024752100, 0.0004719877772250179500 ),
 .UNSPECIFIED. ) ;
#1351 = DIRECTION ( 'NONE',  ( -0.0000000000000000000, 1.000000000000000000, 0.0000000000000000000 ) ) ;
#1352 = DIRECTION ( 'NONE',  ( 0.0000000000000000000, 0.0000000000000000000, -1.000000000000000000 ) ) ;
#1353 = DIRECTION ( 'NONE',  ( 0.0000000000000000000, 0.0000000000000000000, 1.000000000000000000 ) ) ;
#1354 = CARTESIAN_POINT ( 'NONE',  ( -0.2171350701279881900, 0.1899999999999984200, 0.4740121132026918200 ) ) ;
#1355 = VECTOR ( 'NONE', #1118, 1000.000000000000000 ) ;
#1356 = DIRECTION ( 'NONE',  ( -1.000000000000000000, 0.0000000000000000000, -0.0000000000000000000 ) ) ;
#1357 = CARTESIAN_POINT ( 'NONE',  ( -0.1317778925042428500, 0.1899999999999747700, -0.03233796605909801400 ) ) ;
#1358 = SURFACE_STYLE_FILL_AREA ( #729 ) ;
#1359 = CARTESIAN_POINT ( 'NONE',  ( -0.2087418453360480900, 0.1899999999999984200, 0.4749905336700622800 ) ) ;
#1360 = CARTESIAN_POINT ( 'NONE',  ( 0.3100000000000000000, 0.1099999999999999700, 0.0000000000000000000 ) ) ;
#1361 = CARTESIAN_POINT ( 'NONE',  ( -0.4000000000000000800, 0.1899999999999998900, 0.5999999999999999800 ) ) ;
#1362 = DIRECTION ( 'NONE',  ( 1.000000000000000000, 0.0000000000000000000, 0.0000000000000000000 ) ) ;
#1363 = VERTEX_POINT ( 'NONE', #1009 ) ;
#1364 = DIRECTION ( 'NONE',  ( 1.000000000000000000, 0.0000000000000000000, 0.0000000000000000000 ) ) ;
#1365 = STYLED_ITEM ( 'NONE', ( #1012 ), #1291 ) ;
#1366 = CARTESIAN_POINT ( 'NONE',  ( -0.2754983443620597200, 0.1899999999820092800, 0.002648046333969362800 ) ) ;
#1367 = DIRECTION ( 'NONE',  ( -1.000000000000000000, -0.0000000000000000000, -0.0000000000000000000 ) ) ;
#1368 = VERTEX_POINT ( 'NONE', #1168 ) ;
#1369 =( BOUNDED_SURFACE ( )  B_SPLINE_SURFACE ( 3, 3, ( 
 ( #879, #515, #492, #498, #489, #485, #413 ),
 ( #507, #416, #502, #520, #425, #524, #639 ),
 ( #643, #634, #618, #661, #603, #654, #611 ),
 ( #650, #671, #614, #1438, #878, #890, #869 ) ),
 .UNSPECIFIED., .F., .F., .T. ) 
 B_SPLINE_SURFACE_WITH_KNOTS ( ( 4, 4 ),
 ( 4, 3, 4 ),
 ( 0.0000000000000000000, 1.000000000000000000 ),
 ( 0.0000000000000000000, 0.5000000000000000000, 1.000000000000000000 ),
 .UNSPECIFIED. ) 
 GEOMETRIC_REPRESENTATION_ITEM ( )  RATIONAL_B_SPLINE_SURFACE ( (
 ( 1.000000000000000000, 0.8047378541168249700, 0.8047378541168249700, 1.000000000000000000, 0.8047378541168249700, 0.8047378541168249700, 1.000000000000000000),
 ( 0.3333333333333333700, 0.2682459513722750300, 0.2682459513722750300, 0.3333333333333333700, 0.2682459513722750300, 0.2682459513722750300, 0.3333333333333333700),
 ( 0.3333333333333333700, 0.2682459513722750300, 0.2682459513722750300, 0.3333333333333333700, 0.2682459513722750300, 0.2682459513722750300, 0.3333333333333333700),
 ( 1.000000000000000000, 0.8047378541168249700, 0.8047378541168249700, 1.000000000000000000, 0.8047378541168249700, 0.8047378541168249700, 1.000000000000000000) ) ) 
 REPRESENTATION_ITEM ( '' )  SURFACE ( )  );
#1370 = CARTESIAN_POINT ( 'NONE',  ( 0.3999999999999999700, 0.5900000000000000800, 0.5999999999999999800 ) ) ;
#1371 = DIRECTION ( 'NONE',  ( -1.000000000000000000, -0.0000000000000000000, -0.0000000000000000000 ) ) ;
#1372 = DIRECTION ( 'NONE',  ( 0.0000000000000000000, 1.224646799147353200E-016, 1.000000000000000000 ) ) ;
#1373 = FACE_OUTER_BOUND ( 'NONE', #733, .T. ) ;
#1374 = CARTESIAN_POINT ( 'NONE',  ( -0.2500000000000001100, 0.5399999999999999200, -0.4500000000000000700 ) ) ;
#1375 = CARTESIAN_POINT ( 'NONE',  ( -0.2000000000000000900, 0.2399999999999999400, -0.1999999999999999800 ) ) ;
#1376 = EDGE_CURVE ( 'NONE', #1594, #1501, #1270, .T. ) ;
#1377 = CARTESIAN_POINT ( 'NONE',  ( 0.2000000000000000100, 0.1099999999999999700, -0.4000000000000000200 ) ) ;
#1378 =( NAMED_UNIT ( * ) SI_UNIT ( $, .STERADIAN. ) SOLID_ANGLE_UNIT ( ) );
#1379 = FACE_OUTER_BOUND ( 'NONE', #179, .T. ) ;
#1380 = VERTEX_POINT ( 'NONE', #1160 ) ;
#1381 = CARTESIAN_POINT ( 'NONE',  ( -0.2000000000000000400, 0.1899999999999998900, -0.2000000000000000400 ) ) ;
#1382 = FACE_OUTER_BOUND ( 'NONE', #784, .T. ) ;
#1383 = CARTESIAN_POINT ( 'NONE',  ( -0.3099999999999998900, -0.1099999999999999500, -0.5288730162811878800 ) ) ;
#1384 = ORIENTED_EDGE ( 'NONE', *, *, #681, .T. ) ;
#1385 = CARTESIAN_POINT ( 'NONE',  ( 0.3999999999999999700, 0.1899999999999998900, -0.5999999999999999800 ) ) ;
#1386 = CARTESIAN_POINT ( 'NONE',  ( 0.1828649298720118300, 0.1899999999999984200, -0.3259878867973082200 ) ) ;
#1387 = CARTESIAN_POINT ( 'NONE',  ( -0.2406675688098128000, 0.1899999999999987300, 0.06416815702603784200 ) ) ;
#1388 = FILL_AREA_STYLE_COLOUR ( '', #1042 ) ;
#1389 = EDGE_CURVE ( 'NONE', #1363, #689, #636, .T. ) ;
#1390 =( NAMED_UNIT ( * ) PLANE_ANGLE_UNIT ( ) SI_UNIT ( $, .RADIAN. ) );
#1391 = PRESENTATION_STYLE_ASSIGNMENT (( #1690 ) ) ;
#1392 = CARTESIAN_POINT ( 'NONE',  ( -0.3750000000000000000, 0.2399999999999999400, -0.02500000000000004600 ) ) ;
#1393 = CIRCLE ( 'NONE', #1173, 0.07499999999999998300 ) ;
#1394 = FILL_AREA_STYLE ('',( #93 ) ) ;
#1395 = CARTESIAN_POINT ( 'NONE',  ( 0.3100000000000000000, 0.1100000000070376800, -0.2199999999999999700 ) ) ;
#1396 = ORIENTED_EDGE ( 'NONE', *, *, #1543, .F. ) ;
#1397 = FACE_OUTER_BOUND ( 'NONE', #183, .T. ) ;
#1398 = ORIENTED_EDGE ( 'NONE', *, *, #213, .T. ) ;
#1399 = DIRECTION ( 'NONE',  ( 0.0000000000000000000, 0.0000000000000000000, 1.000000000000000000 ) ) ;
#1400 = VERTEX_POINT ( 'NONE', #753 ) ;
#1401 = CARTESIAN_POINT ( 'NONE',  ( -0.1281585047606641500, 0.1899999999999747700, -0.02470228918133771400 ) ) ;
#1402 = DIRECTION ( 'NONE',  ( -0.7071067811865474600, 0.0000000000000000000, 0.7071067811865474600 ) ) ;
#1403 = MECHANICAL_DESIGN_GEOMETRIC_PRESENTATION_REPRESENTATION (  '', ( #1229 ), #1487 ) ;
#1404 = DIRECTION ( 'NONE',  ( 0.7071067811865474600, 0.0000000000000000000, -0.7071067811865474600 ) ) ;
#1405 = AXIS2_PLACEMENT_3D ( 'NONE', #806, #798, #745 ) ;
#1406 = CARTESIAN_POINT ( 'NONE',  ( 0.09000000000000003800, -0.1099999999999997600, 0.03999999999999994500 ) ) ;
#1407 = AXIS2_PLACEMENT_3D ( 'NONE', #575, #130, #177 ) ;
#1408 = DIRECTION ( 'NONE',  ( 0.7071067811865475700, -0.0000000000000000000, 0.7071067811865475700 ) ) ;
#1409 = CIRCLE ( 'NONE', #1573, 0.1099999999999999900 ) ;
#1410 = DIRECTION ( 'NONE',  ( 1.000000000000000000, 0.0000000000000000000, -0.0000000000000000000 ) ) ;
#1411 = MANIFOLD_SOLID_BREP ( 'LPattern1[1]', #17 ) ;
#1412 = DIRECTION ( 'NONE',  ( -0.7071067811865474600, -0.0000000000000000000, 0.7071067811865474600 ) ) ;
#1413 = VECTOR ( 'NONE', #1695, 1000.000000000000000 ) ;
#1414 = ORIENTED_EDGE ( 'NONE', *, *, #1101, .F. ) ;
#1415 = LINE ( 'NONE', #19, #1663 ) ;
#1416 = DIRECTION ( 'NONE',  ( 0.0000000000000000000, 0.0000000000000000000, 1.000000000000000000 ) ) ;
#1417 = EDGE_CURVE ( 'NONE', #750, #1592, #1564, .T. ) ;
#1418 = EDGE_LOOP ( 'NONE', ( #33, #40, #670, #1126 ) ) ;
#1419 = CARTESIAN_POINT ( 'NONE',  ( -0.2248171801758507600, 0.1899999999999959800, -0.4718018878382651000 ) ) ;
#1420 = CARTESIAN_POINT ( 'NONE',  ( 0.1463242550371494600, 0.1899999999997961100, 0.3462383228338301600 ) ) ;
#1421 = CARTESIAN_POINT ( 'NONE',  ( -0.2000000000000000400, 0.2399999999999999400, -0.2000000000000000100 ) ) ;
#1422 = CARTESIAN_POINT ( 'NONE',  ( -0.2083292777282477500, 0.1899999999999959800, -0.4755117650538315800 ) ) ;
#1423 =( LENGTH_UNIT ( ) NAMED_UNIT ( * ) SI_UNIT ( .MILLI., .METRE. ) );
#1424 = CARTESIAN_POINT ( 'NONE',  ( 0.3100000000000000000, 0.1099999999999999900, 0.3999999999999999700 ) ) ;
#1425 = PLANE ( 'NONE',  #697 ) ;
#1426 = CARTESIAN_POINT ( 'NONE',  ( -0.3750000000000000000, 0.2399999999999999400, -0.2000000000000000100 ) ) ;
#1427 = CARTESIAN_POINT ( 'NONE',  ( 0.1593324311901872200, 0.1899999999999987300, -0.3358318429739621800 ) ) ;
#1428 = SURFACE_STYLE_USAGE ( .BOTH. , #1440 ) ;
#1429 = B_SPLINE_CURVE_WITH_KNOTS ( 'NONE', 3,
 ( #964, #269, #1109, #1119, #1185, #1194, #1533, #105, #691, #1650, #1618, #1555, #28, #586, #580, #1431, #1386, #1283, #1335, #1427, #1511, #1206, #1285, #846, #315, #1450, #870, #324, #1693, #1568, #703 ),
 .UNSPECIFIED., .F., .F.,
 ( 4, 3, 3, 3, 3, 3, 3, 3, 3, 3, 4 ),
 ( 0.0000000000000000000, 2.535018266626515300E-005, 5.070036533245337500E-005, 7.605054799856752300E-005, 0.0001014007306645152200, 0.0001267509133304475900, 0.0001521010959963787600, 0.0001774512786623098800, 0.0002028014613282478300, 0.0002281516439942992200, 0.0002359938886119335100 ),
 .UNSPECIFIED. ) ;
#1430 = CARTESIAN_POINT ( 'NONE',  ( -0.4000000000000000800, 0.1899999999999998900, 0.5999999999999999800 ) ) ;
#1431 = CARTESIAN_POINT ( 'NONE',  ( 0.1912581546639519100, 0.1899999999999984200, -0.3250094663299377100 ) ) ;
#1432 = CARTESIAN_POINT ( 'NONE',  ( -0.1834267710479535200, 0.1899999999999959800, 0.07365682644604894200 ) ) ;
#1433 = CIRCLE ( 'NONE', #1407, 0.07499999999999998300 ) ;
#1434 = ORIENTED_EDGE ( 'NONE', *, *, #660, .F. ) ;
#1435 = ORIENTED_EDGE ( 'NONE', *, *, #212, .F. ) ;
#1436 = EDGE_LOOP ( 'NONE', ( #802, #995 ) ) ;
#1437 = CARTESIAN_POINT ( 'NONE',  ( 0.1245016556472924000, 0.1899999999999998400, -9.797174393178811700E-018 ) ) ;
#1438 = CARTESIAN_POINT ( 'NONE',  ( -0.3100000000000000000, 0.1099999999999999700, -1.355252715606880500E-017 ) ) ;
#1439 = CARTESIAN_POINT ( 'NONE',  ( -0.2000000000000000400, 0.2399999999999999400, -0.2000000000000000100 ) ) ;
#1440 = SURFACE_SIDE_STYLE ('',( #302 ) ) ;
#1441 = ADVANCED_FACE ( 'NONE', ( #1679 ), #617, .F. ) ;
#1442 = DIRECTION ( 'NONE',  ( 0.0000000000000000000, -0.0000000000000000000, -1.000000000000000000 ) ) ;
#1443 = CARTESIAN_POINT ( 'NONE',  ( 0.3100000000000000000, -0.1099999999999997600, 0.03999999999999994500 ) ) ;
#1444 = CARTESIAN_POINT ( 'NONE',  ( -0.2754983443527075900, 0.1899999999999998400, -9.797174393178811700E-018 ) ) ;
#1445 = CARTESIAN_POINT ( 'NONE',  ( -0.2684453941478097100, 0.1899999999998402100, -0.03296409484551871000 ) ) ;
#1446 = ADVANCED_FACE ( 'NONE', ( #1642 ), #601, .F. ) ;
#1447 =( LENGTH_UNIT ( ) NAMED_UNIT ( * ) SI_UNIT ( .MILLI., .METRE. ) );
#1448 = EDGE_LOOP ( 'NONE', ( #685, #549, #1496 ) ) ;
#1449 = CARTESIAN_POINT ( 'NONE',  ( 0.2754983443527075900, 0.1899999999999998600, -9.797174393178813200E-018 ) ) ;
#1450 = CARTESIAN_POINT ( 'NONE',  ( 0.1281585047606642000, 0.1899999999999747700, -0.3752977108186620900 ) ) ;
#1451 = ORIENTED_EDGE ( 'NONE', *, *, #749, .F. ) ;
#1452 = CARTESIAN_POINT ( 'NONE',  ( -0.2000000000000000100, 0.1099999999999999700, 0.0000000000000000000 ) ) ;
#1453 = FACE_OUTER_BOUND ( 'NONE', #301, .T. ) ;
#1454 = ORIENTED_EDGE ( 'NONE', *, *, #862, .F. ) ;
#1455 = EDGE_CURVE ( 'NONE', #1664, #669, #368, .T. ) ;
#1456 = EDGE_CURVE ( 'NONE', #119, #1572, #295, .T. ) ;
#1457 = ADVANCED_FACE ( 'NONE', ( #1373 ), #481, .T. ) ;
#1458 = CARTESIAN_POINT ( 'NONE',  ( 0.2753586411810216000, 0.1899999999994910500, -0.005299749876987973000 ) ) ;
#1459 = CARTESIAN_POINT ( 'NONE',  ( -0.3100000000000000000, 0.1099999999999999600, 0.4000000000000000200 ) ) ;
#1460 =( BOUNDED_SURFACE ( )  B_SPLINE_SURFACE ( 3, 3, ( 
 ( #364, #278, #91, #408, #449, #48, #553 ),
 ( #111, #205, #1493, #1170, #837, #723, #1001 ),
 ( #254, #318, #355, #393, #443, #23, #486 ),
 ( #543, #464, #1307, #1483, #1265, #598, #604 ) ),
 .UNSPECIFIED., .F., .F., .T. ) 
 B_SPLINE_SURFACE_WITH_KNOTS ( ( 4, 4 ),
 ( 4, 3, 4 ),
 ( 0.0000000000000000000, 1.000000000000000000 ),
 ( 0.0000000000000000000, 0.5000000000000000000, 1.000000000000000000 ),
 .UNSPECIFIED. ) 
 GEOMETRIC_REPRESENTATION_ITEM ( )  RATIONAL_B_SPLINE_SURFACE ( (
 ( 1.000000000000000000, 0.8047378541168247500, 0.8047378541168247500, 1.000000000000000000, 0.8047378541168247500, 0.8047378541168247500, 1.000000000000000000),
 ( 0.3333333333333333700, 0.2682459513722749700, 0.2682459513722749700, 0.3333333333333333700, 0.2682459513722749700, 0.2682459513722749700, 0.3333333333333333700),
 ( 0.3333333333333333700, 0.2682459513722749700, 0.2682459513722749700, 0.3333333333333333700, 0.2682459513722749700, 0.2682459513722749700, 0.3333333333333333700),
 ( 1.000000000000000000, 0.8047378541168247500, 0.8047378541168247500, 1.000000000000000000, 0.8047378541168247500, 0.8047378541168247500, 1.000000000000000000) ) ) 
 REPRESENTATION_ITEM ( '' )  SURFACE ( )  );
#1461 = CARTESIAN_POINT ( 'NONE',  ( 0.1245016556472924000, 0.1899999999999998400, -0.4000000000000000200 ) ) ;
#1462 = PRESENTATION_LAYER_ASSIGNMENT (  '', '', ( #1365 ) ) ;
#1463 = CARTESIAN_POINT ( 'NONE',  ( 0.2754983443527075900, 0.1899999999999998600, -0.002648046330387577400 ) ) ;
#1464 = DIRECTION ( 'NONE',  ( 0.0000000000000000000, 1.224646799147353200E-016, 1.000000000000000000 ) ) ;
#1465 = SURFACE_STYLE_FILL_AREA ( #889 ) ;
#1466 = CARTESIAN_POINT ( 'NONE',  ( 0.09000000000000002400, 0.1099999999999999600, 0.0000000000000000000 ) ) ;
#1467 = CARTESIAN_POINT ( 'NONE',  ( 0.0000000000000000000, 0.1899999999999998900, 0.0000000000000000000 ) ) ;
#1468 = CARTESIAN_POINT ( 'NONE',  ( -0.2536757449628503900, 0.1899999999997961100, -0.05376167716616998100 ) ) ;
#1469 = CARTESIAN_POINT ( 'NONE',  ( -0.3750000000000000000, 0.2399999999999999400, -0.02500000000000004000 ) ) ;
#1470 = CIRCLE ( 'NONE', #265, 0.1099999999999999900 ) ;
#1471 = CARTESIAN_POINT ( 'NONE',  ( -0.1593324311901872000, 0.1899999999999987300, 0.3358318429739621800 ) ) ;
#1472 = ORIENTED_EDGE ( 'NONE', *, *, #1069, .T. ) ;
#1473 = FACE_OUTER_BOUND ( 'NONE', #974, .T. ) ;
#1474 = EDGE_LOOP ( 'NONE', ( #367, #1538 ) ) ;
#1475 = PLANE ( 'NONE',  #289 ) ;
#1476 = CARTESIAN_POINT ( 'NONE',  ( 0.3100000000000000000, 0.1099999999999999700, -0.4000000000000000200 ) ) ;
#1477 = CARTESIAN_POINT ( 'NONE',  ( -0.1522705128467128600, 0.1899999999999984200, -0.05910414186081493200 ) ) ;
#1478 = FILL_AREA_STYLE ('',( #555 ) ) ;
#1479 = CARTESIAN_POINT ( 'NONE',  ( -0.2754983443628121200, 0.1899999999820092800, 0.3915499391143110200 ) ) ;
#1480 = AXIS2_PLACEMENT_3D ( 'NONE', #189, #429, #474 ) ;
#1481 = EDGE_CURVE ( 'NONE', #627, #103, #699, .T. ) ;
#1482 = CARTESIAN_POINT ( 'NONE',  ( -0.2500000000000001100, 0.5900000000000000800, -0.5250000000000000200 ) ) ;
#1483 = CARTESIAN_POINT ( 'NONE',  ( -0.3100000000000000000, 0.1099999999999999600, 0.4000000000000000800 ) ) ;
#1484 =( BOUNDED_SURFACE ( )  B_SPLINE_SURFACE ( 3, 3, ( 
 ( #1179, #407, #1578, #1063 ),
 ( #774, #1193, #1443, #1583 ),
 ( #1080, #1264, #1406, #1598 ),
 ( #1181, #1648, #1120, #1281 ) ),
 .UNSPECIFIED., .F., .F., .T. ) 
 B_SPLINE_SURFACE_WITH_KNOTS ( ( 4, 4 ),
 ( 4, 4 ),
 ( 0.0000000000000000000, 1.000000000000000000 ),
 ( 0.0000000000000000000, 1.000000000000000000 ),
 .UNSPECIFIED. ) 
 GEOMETRIC_REPRESENTATION_ITEM ( )  RATIONAL_B_SPLINE_SURFACE ( (
 ( 1.000000000000000000, 0.3333333333333334300, 0.3333333333333334300, 1.000000000000000000),
 ( 0.3333333333333333700, 0.1111111111111111600, 0.1111111111111111600, 0.3333333333333333700),
 ( 0.3333333333333333700, 0.1111111111111111600, 0.1111111111111111600, 0.3333333333333333700),
 ( 1.000000000000000000, 0.3333333333333334300, 0.3333333333333334300, 1.000000000000000000) ) ) 
 REPRESENTATION_ITEM ( '' )  SURFACE ( )  );
#1485 = FILL_AREA_STYLE ('',( #1579 ) ) ;
#1486 = CARTESIAN_POINT ( 'NONE',  ( -0.2754983443527075900, 0.1899999999999998400, 0.4000000000000000200 ) ) ;
#1487 =( GEOMETRIC_REPRESENTATION_CONTEXT ( 3 ) GLOBAL_UNCERTAINTY_ASSIGNED_CONTEXT ( ( #812 ) ) GLOBAL_UNIT_ASSIGNED_CONTEXT ( ( #1047, #1033, #1027 ) ) REPRESENTATION_CONTEXT ( 'NONE', 'WORKASPACE' ) );
#1488 = PRESENTATION_STYLE_ASSIGNMENT (( #984 ) ) ;
#1489 = CARTESIAN_POINT ( 'NONE',  ( -0.2500000000000001100, 0.5900000000000000800, -0.4500000000000000700 ) ) ;
#1490 = FACE_OUTER_BOUND ( 'NONE', #754, .T. ) ;
#1491 = EDGE_CURVE ( 'NONE', #825, #259, #721, .T. ) ;
#1492 = CARTESIAN_POINT ( 'NONE',  ( -0.3750000000000000000, 0.1899999999999998900, 0.0000000000000000000 ) ) ;
#1493 = CARTESIAN_POINT ( 'NONE',  ( -0.09000000000000002400, -0.01887301627415011500, 0.1799999999958774600 ) ) ;
#1494 = ORIENTED_EDGE ( 'NONE', *, *, #816, .T. ) ;
#1495 = CIRCLE ( 'NONE', #1176, 0.1099999999999999900 ) ;
#1496 = ORIENTED_EDGE ( 'NONE', *, *, #1252, .T. ) ;
#1497 = CARTESIAN_POINT ( 'NONE',  ( -0.2003486205441075700, 0.1899999999999984200, 0.4759689541374328400 ) ) ;
#1498 = ORIENTED_EDGE ( 'NONE', *, *, #154, .T. ) ;
#1499 = CIRCLE ( 'NONE', #718, 0.07499999999999998300 ) ;
#1500 = CARTESIAN_POINT ( 'NONE',  ( -0.1259605710559342200, 0.1899999999998402100, 0.01701665333343590700 ) ) ;
#1501 = VERTEX_POINT ( 'NONE', #948 ) ;
#1502 = DIRECTION ( 'NONE',  ( 0.0000000000000000000, 1.000000000000000000, 0.0000000000000000000 ) ) ;
#1503 = DIRECTION ( 'NONE',  ( 0.0000000000000000000, -0.0000000000000000000, -1.000000000000000000 ) ) ;
#1504 = CARTESIAN_POINT ( 'NONE',  ( -0.2754983443527075900, 0.1899999999999998400, 0.4000000000000000200 ) ) ;
#1505 = FILL_AREA_STYLE_COLOUR ( '', #476 ) ;
#1506 = EDGE_CURVE ( 'NONE', #218, #1079, #724, .T. ) ;
#1507 = DIRECTION ( 'NONE',  ( 0.0000000000000000000, 0.0000000000000000000, 1.000000000000000000 ) ) ;
#1508 = CARTESIAN_POINT ( 'NONE',  ( -0.3099999999999999400, 0.1099999999999999600, -0.4000000000000001300 ) ) ;
#1509 = CARTESIAN_POINT ( 'NONE',  ( -0.1258075142399906800, 0.1899999999994909900, -0.01633641900207825900 ) ) ;
#1510 = CARTESIAN_POINT ( 'NONE',  ( -0.2754983443620597200, 0.1899999999820092800, 0.4026480463339695000 ) ) ;
#1511 = CARTESIAN_POINT ( 'NONE',  ( 0.1522705128467130600, 0.1899999999999983100, -0.3408958581391848800 ) ) ;
#1512 = CARTESIAN_POINT ( 'NONE',  ( -0.1751828198241492400, 0.1899999999999959800, 0.07180188783826506300 ) ) ;
#1513 = DIRECTION ( 'NONE',  ( 0.0000000000000000000, 1.000000000000000000, 0.0000000000000000000 ) ) ;
#1514 = DIRECTION ( 'NONE',  ( 0.0000000000000000000, -0.0000000000000000000, -1.000000000000000000 ) ) ;
#1515 = CARTESIAN_POINT ( 'NONE',  ( -0.2500000000000001100, 0.5399999999999999200, -0.5250000000000000200 ) ) ;
#1516 = FACE_OUTER_BOUND ( 'NONE', #607, .T. ) ;
#1517 = FILL_AREA_STYLE ('',( #1388 ) ) ;
#1518 = ORIENTED_EDGE ( 'NONE', *, *, #1491, .F. ) ;
#1519 = FACE_OUTER_BOUND ( 'NONE', #1667, .T. ) ;
#1520 = DIRECTION ( 'NONE',  ( -0.0000000000000000000, -0.0000000000000000000, 1.000000000000000000 ) ) ;
#1521 = ORIENTED_EDGE ( 'NONE', *, *, #1491, .T. ) ;
#1522 = ORIENTED_EDGE ( 'NONE', *, *, #1268, .F. ) ;
#1523 = AXIS2_PLACEMENT_3D ( 'NONE', #1015, #609, #602 ) ;
#1524 = DIRECTION ( 'NONE',  ( 0.0000000000000000000, 1.000000000000000000, 0.0000000000000000000 ) ) ;
#1525 = CARTESIAN_POINT ( 'NONE',  ( -0.2754983443628120600, 0.1899999999820092800, -0.008450060885689182300 ) ) ;
#1526 = CARTESIAN_POINT ( 'NONE',  ( 0.2000000000000000100, 0.1899999999999998600, -0.4000000000000000200 ) ) ;
#1527 = PLANE ( 'NONE',  #208 ) ;
#1528 = CARTESIAN_POINT ( 'NONE',  ( 0.1245016556371878900, 0.1899999999820092800, -0.4084500608856889700 ) ) ;
#1529 = CARTESIAN_POINT ( 'NONE',  ( -0.3750000000000000000, 0.2399999999999999400, -0.2000000000000000100 ) ) ;
#1530 = PLANE ( 'NONE',  #877 ) ;
#1531 = CARTESIAN_POINT ( 'NONE',  ( -0.2500000000000001100, 0.5399999999999999200, -0.5250000000000000200 ) ) ;
#1532 = ORIENTED_EDGE ( 'NONE', *, *, #358, .T. ) ;
#1533 = CARTESIAN_POINT ( 'NONE',  ( 0.2589544372649306700, 0.1899999999997961700, -0.3528367269287673300 ) ) ;
#1534 = VECTOR ( 'NONE', #1059, 1000.000000000000000 ) ;
#1535 = B_SPLINE_CURVE_WITH_KNOTS ( 'NONE', 3,
 ( #1537, #1528, #484, #459, #451, #361, #353, #339, #333, #226, #221, #214, #209, #206, #197, #725, #96, #92, #83, #75, #71, #1154, #845, #1230, #1165, #717, #693, #592, #1683, #32, #1295 ),
 .UNSPECIFIED., .F., .F.,
 ( 4, 3, 3, 3, 3, 3, 3, 3, 3, 3, 4 ),
 ( 0.0002359938886119335100, 0.0002613440712783511700, 0.0002866942539440505100, 0.0003120444366096758600, 0.0003373946192751346700, 0.0003627448019405782000, 0.0003880949846060205400, 0.0004134451672714627600, 0.0004387953499369118700, 0.0004641455326024743900, 0.0004719877772250173600 ),
 .UNSPECIFIED. ) ;
#1536 = ORIENTED_EDGE ( 'NONE', *, *, #231, .F. ) ;
#1537 = CARTESIAN_POINT ( 'NONE',  ( 0.1245016556472924000, 0.1899999999999998400, -0.4000000000000000200 ) ) ;
#1538 = ORIENTED_EDGE ( 'NONE', *, *, #546, .F. ) ;
#1539 = LINE ( 'NONE', #1031, #1240 ) ;
#1540 = DIRECTION ( 'NONE',  ( 0.0000000000000000000, 0.0000000000000000000, 1.000000000000000000 ) ) ;
#1541 = DIRECTION ( 'NONE',  ( 0.0000000000000000000, -1.000000000000000000, 0.0000000000000000000 ) ) ;
#1542 = PLANE ( 'NONE',  #658 ) ;
#1543 = EDGE_CURVE ( 'NONE', #121, #218, #1654, .T. ) ;
#1544 = DIRECTION ( 'NONE',  ( 0.0000000000000000000, 1.000000000000000000, 0.0000000000000000000 ) ) ;
#1545 = CARTESIAN_POINT ( 'NONE',  ( 0.1245016556472924000, 0.1899999999999998400, 0.4000000000000000200 ) ) ;
#1546 = CARTESIAN_POINT ( 'NONE',  ( -0.2500000000000001100, 0.5399999999999999200, -0.4500000000000000700 ) ) ;
#1547 = MECHANICAL_DESIGN_GEOMETRIC_PRESENTATION_REPRESENTATION (  '', ( #1365 ), #1631 ) ;
#1548 = CARTESIAN_POINT ( 'NONE',  ( -0.2500000000000001100, 0.5900000000000000800, -0.5250000000000000200 ) ) ;
#1549 = DIRECTION ( 'NONE',  ( 0.0000000000000000000, 1.224646799147353200E-016, 1.000000000000000000 ) ) ;
#1550 = CARTESIAN_POINT ( 'NONE',  ( -0.1671454372954630000, 0.1899999999999728300, 0.06849803820924312000 ) ) ;
#1551 = EDGE_CURVE ( 'NONE', #1163, #1321, #688, .T. ) ;
#1552 = ORIENTED_EDGE ( 'NONE', *, *, #49, .T. ) ;
#1553 = LINE ( 'NONE', #1531, #1534 ) ;
#1554 = VERTEX_POINT ( 'NONE', #803 ) ;
#1555 = CARTESIAN_POINT ( 'NONE',  ( 0.2248171801758507800, 0.1899999999999959800, -0.3281981121617349500 ) ) ;
#1556 = CARTESIAN_POINT ( 'NONE',  ( -0.1599802026036545300, 0.1899999999999728300, 0.06401887078321229200 ) ) ;
#1557 = CARTESIAN_POINT ( 'NONE',  ( -0.1745248830577372200, 0.1899999999999987300, -0.4715710971398172100 ) ) ;
#1558 = CARTESIAN_POINT ( 'NONE',  ( 0.3999999999999999700, 0.1899999999999998900, 0.5999999999999999800 ) ) ;
#1559 =( BOUNDED_SURFACE ( )  B_SPLINE_SURFACE ( 3, 3, ( 
 ( #228, #286, #233, #291, #344, #379, #417 ),
 ( #461, #1, #78, #521, #569, #151, #193 ),
 ( #237, #298, #346, #827, #88, #426, #469 ),
 ( #6, #525, #571, #157, #195, #243, #306 ) ),
 .UNSPECIFIED., .F., .F., .T. ) 
 B_SPLINE_SURFACE_WITH_KNOTS ( ( 4, 4 ),
 ( 4, 3, 4 ),
 ( 0.0000000000000000000, 1.000000000000000000 ),
 ( 0.0000000000000000000, 0.5000000000000000000, 1.000000000000000000 ),
 .UNSPECIFIED. ) 
 GEOMETRIC_REPRESENTATION_ITEM ( )  RATIONAL_B_SPLINE_SURFACE ( (
 ( 1.000000000000000000, 0.8047378541168247500, 0.8047378541168247500, 1.000000000000000000, 0.8047378541168247500, 0.8047378541168247500, 1.000000000000000000),
 ( 0.3333333333333333700, 0.2682459513722749700, 0.2682459513722749700, 0.3333333333333333700, 0.2682459513722749700, 0.2682459513722749700, 0.3333333333333333700),
 ( 0.3333333333333333700, 0.2682459513722749700, 0.2682459513722749700, 0.3333333333333333700, 0.2682459513722749700, 0.2682459513722749700, 0.3333333333333333700),
 ( 1.000000000000000000, 0.8047378541168247500, 0.8047378541168247500, 1.000000000000000000, 0.8047378541168247500, 0.8047378541168247500, 1.000000000000000000) ) ) 
 REPRESENTATION_ITEM ( '' )  SURFACE ( )  );
#1560 = CARTESIAN_POINT ( 'NONE',  ( 0.09000000000000002400, 0.1099999999999999600, 0.4000000000000000200 ) ) ;
#1561 =( NAMED_UNIT ( * ) SI_UNIT ( $, .STERADIAN. ) SOLID_ANGLE_UNIT ( ) );
#1562 = DIRECTION ( 'NONE',  ( 1.000000000000000000, 0.0000000000000000000, 0.0000000000000000000 ) ) ;
#1563 = CARTESIAN_POINT ( 'NONE',  ( -0.2000000000000000100, 0.1099999999999999700, -0.4000000000000000200 ) ) ;
#1564 = LINE ( 'NONE', #722, #1338 ) ;
#1565 = ADVANCED_FACE ( 'NONE', ( #659 ), #1070, .F. ) ;
#1566 = CARTESIAN_POINT ( 'NONE',  ( 0.09000000000000001100, 0.1099999999999999700, 0.3999999999999999700 ) ) ;
#1567 = CARTESIAN_POINT ( 'NONE',  ( -0.1593324311901872000, 0.1899999999999987300, -0.4641681570260378100 ) ) ;
#1568 = CARTESIAN_POINT ( 'NONE',  ( 0.1245016556379403000, 0.1899999999820092800, -0.3973519536660305400 ) ) ;
#1569 = ORIENTED_EDGE ( 'NONE', *, *, #519, .T. ) ;
#1570 = CARTESIAN_POINT ( 'NONE',  ( -0.1528149679117952700, 0.1899999999999728300, 0.05953970335714973300 ) ) ;
#1571 = EDGE_CURVE ( 'NONE', #456, #1664, #394, .T. ) ;
#1572 = VERTEX_POINT ( 'NONE', #810 ) ;
#1573 = AXIS2_PLACEMENT_3D ( 'NONE', #1563, #1549, #118 ) ;
#1574 = FACE_OUTER_BOUND ( 'NONE', #996, .T. ) ;
#1575 = UNCERTAINTY_MEASURE_WITH_UNIT (LENGTH_MEASURE( 1.000000000000000100E-005 ), #1423, 'distance_accuracy_value', 'NONE');
#1576 = ORIENTED_EDGE ( 'NONE', *, *, #41, .T. ) ;
#1577 = ADVANCED_FACE ( 'NONE', ( #622 ), #791, .T. ) ;
#1578 = CARTESIAN_POINT ( 'NONE',  ( 0.3100000000000000000, 0.1099999999999999900, -0.3999999999999999700 ) ) ;
#1579 = FILL_AREA_STYLE_COLOUR ( '', #550 ) ;
#1580 = CARTESIAN_POINT ( 'NONE',  ( 0.09000000000000001100, 0.1099999999999999900, 0.3999999999999999700 ) ) ;
#1581 = CARTESIAN_POINT ( 'NONE',  ( -0.1996513794558924000, 0.1899999999999985300, -0.4759689541374327900 ) ) ;
#1582 = CARTESIAN_POINT ( 'NONE',  ( 0.0000000000000000000, 0.1899999999999998900, -0.2000000000000000100 ) ) ;
#1583 = CARTESIAN_POINT ( 'NONE',  ( 0.3100000000000000000, -0.1099999999999999900, -0.3999999999999998600 ) ) ;
#1584 = B_SPLINE_CURVE_WITH_KNOTS ( 'NONE', 3,
 ( #755, #31, #104, #786, #788, #1010, #1029, #1035, #1198, #1216, #1289, #1419, #1000, #1422, #1581, #1656, #1662, #1557, #150, #1567, #384, #389, #392, #526, #531, #536, #730, #737, #744, #930, #991 ),
 .UNSPECIFIED., .F., .F.,
 ( 4, 3, 3, 3, 3, 3, 3, 3, 3, 3, 4 ),
 ( 0.0002359938886119336400, 0.0002613440712783513300, 0.0002866942539440506700, 0.0003120444366096760200, 0.0003373946192751348400, 0.0003627448019405783600, 0.0003880949846060207000, 0.0004134451672714630300, 0.0004387953499369120900, 0.0004641455326024746100, 0.0004719877772250176300 ),
 .UNSPECIFIED. ) ;
#1585 = ADVANCED_FACE ( 'NONE', ( #952, #637 ), #1057, .F. ) ;
#1586 = EDGE_CURVE ( 'NONE', #1380, #1125, #430, .T. ) ;
#1587 = CARTESIAN_POINT ( 'NONE',  ( 0.09000000000000002400, 0.1099999999999999900, 0.4000000000000000200 ) ) ;
#1588 = CARTESIAN_POINT ( 'NONE',  ( 0.1916707222717525200, 0.1899999999999960300, -0.07551176505383154500 ) ) ;
#1589 = CARTESIAN_POINT ( 'NONE',  ( -0.2740394289447989900, 0.1899999999998403200, 0.3829833466686545200 ) ) ;
#1590 = CARTESIAN_POINT ( 'NONE',  ( 0.2087418453360483900, 0.1899999999999984200, -0.07499053367006226800 ) ) ;
#1591 = CARTESIAN_POINT ( 'NONE',  ( -0.09000000000000002400, 0.1099999999999999700, -0.4000000000000000200 ) ) ;
#1592 = VERTEX_POINT ( 'NONE', #1208 ) ;
#1593 = LINE ( 'NONE', #277, #1300 ) ;
#1594 = VERTEX_POINT ( 'NONE', #1235 ) ;
#1595 = CARTESIAN_POINT ( 'NONE',  ( -0.2712424115459346500, 0.1899999999998403200, 0.3750096259105139000 ) ) ;
#1596 = CARTESIAN_POINT ( 'NONE',  ( -0.3100000000000000000, -0.1099999999999997600, 0.03999999999999994500 ) ) ;
#1597 = DIRECTION ( 'NONE',  ( 0.0000000000000000000, 0.0000000000000000000, 1.000000000000000000 ) ) ;
#1598 = CARTESIAN_POINT ( 'NONE',  ( 0.09000000000000003800, -0.1099999999999999900, -0.3999999999999998600 ) ) ;
#1599 = CARTESIAN_POINT ( 'NONE',  ( -0.2684453941478097700, 0.1899999999998403200, 0.3670359051544815300 ) ) ;
#1600 = AXIS2_PLACEMENT_3D ( 'NONE', #1377, #1372, #1364 ) ;
#1601 = CARTESIAN_POINT ( 'NONE',  ( -0.3750000000000000000, 0.2399999999999999400, -0.2000000000000000100 ) ) ;
#1602 = CARTESIAN_POINT ( 'NONE',  ( -0.2753586411808601800, 0.1899999999994909900, 0.4052997498785163000 ) ) ;
#1603 = CIRCLE ( 'NONE', #21, 0.07499999999999998300 ) ;
#1604 = CARTESIAN_POINT ( 'NONE',  ( -0.3750000000000000000, 0.1899999999999998900, -0.2000000000000000100 ) ) ;
#1605 = CARTESIAN_POINT ( 'NONE',  ( -0.2642331295670283200, 0.1899999999997961100, 0.3594351310237261500 ) ) ;
#1606 = CARTESIAN_POINT ( 'NONE',  ( -0.2750803925101124000, 0.1899999999994909900, 0.4079331368681113300 ) ) ;
#1607 = CARTESIAN_POINT ( 'NONE',  ( -0.2589544372649307300, 0.1899999999997961100, 0.3528367269287672700 ) ) ;
#1608 = ORIENTED_EDGE ( 'NONE', *, *, #929, .F. ) ;
#1609 = PRESENTATION_LAYER_ASSIGNMENT (  '', '', ( #1227 ) ) ;
#1610 = CIRCLE ( 'NONE', #593, 0.1099999999999999900 ) ;
#1611 = ORIENTED_EDGE ( 'NONE', *, *, #1543, .T. ) ;
#1612 = ORIENTED_EDGE ( 'NONE', *, *, #1133, .T. ) ;
#1613 = CIRCLE ( 'NONE', #470, 0.1099999999999999900 ) ;
#1614 = VERTEX_POINT ( 'NONE', #1096 ) ;
#1615 = CARTESIAN_POINT ( 'NONE',  ( -0.2741924857600093200, 0.1899999999994909900, 0.4163364190020785200 ) ) ;
#1616 = CARTESIAN_POINT ( 'NONE',  ( 0.0000000000000000000, 0.1899999999999998900, -0.5999999999999999800 ) ) ;
#1617 = FILL_AREA_STYLE_COLOUR ( '', #770 ) ;
#1618 = CARTESIAN_POINT ( 'NONE',  ( 0.2328545627045370500, 0.1899999999999728300, -0.3315019617907569200 ) ) ;
#1619 = CARTESIAN_POINT ( 'NONE',  ( -0.2718414952393357600, 0.1899999999999748300, 0.4247022891813380100 ) ) ;
#1620 = CARTESIAN_POINT ( 'NONE',  ( 0.2000000000000000100, 0.1099999999999999700, 0.4000000000000000200 ) ) ;
#1621 = SURFACE_STYLE_FILL_AREA ( #993 ) ;
#1622 = CARTESIAN_POINT ( 'NONE',  ( -0.2682221074957570300, 0.1899999999999748300, 0.4323379660590983000 ) ) ;
#1623 = DIRECTION ( 'NONE',  ( 0.0000000000000000000, 0.0000000000000000000, -1.000000000000000000 ) ) ;
#1624 = PLANE ( 'NONE',  #1090 ) ;
#1625 = FACE_OUTER_BOUND ( 'NONE', #712, .T. ) ;
#1626 = DIRECTION ( 'NONE',  ( 0.0000000000000000000, 0.0000000000000000000, 1.000000000000000000 ) ) ;
#1627 = VERTEX_POINT ( 'NONE', #1461 ) ;
#1628 = CARTESIAN_POINT ( 'NONE',  ( -0.2646027197522004500, 0.1899999999999748300, 0.4399736429368117900 ) ) ;
#1629 = VERTEX_POINT ( 'NONE', #1466 ) ;
#1630 = CIRCLE ( 'NONE', #975, 0.1099999999999999900 ) ;
#1631 =( GEOMETRIC_REPRESENTATION_CONTEXT ( 3 ) GLOBAL_UNCERTAINTY_ASSIGNED_CONTEXT ( ( #1161 ) ) GLOBAL_UNIT_ASSIGNED_CONTEXT ( ( #1097, #690, #700 ) ) REPRESENTATION_CONTEXT ( 'NONE', 'WORKASPACE' ) );
#1632 = ORIENTED_EDGE ( 'NONE', *, *, #1134, .T. ) ;
#1633 = CARTESIAN_POINT ( 'NONE',  ( -0.2000000000000000400, 0.2399999999999999400, -0.2000000000000000100 ) ) ;
#1634 = EDGE_CURVE ( 'NONE', #669, #1664, #405, .T. ) ;
#1635 = DIRECTION ( 'NONE',  ( -0.0000000000000000000, -0.0000000000000000000, -1.000000000000000000 ) ) ;
#1636 = DIRECTION ( 'NONE',  ( 0.0000000000000000000, 0.0000000000000000000, 1.000000000000000000 ) ) ;
#1637 = CARTESIAN_POINT ( 'NONE',  ( -0.3750000000000000000, 0.2399999999999999400, -0.02500000000000004000 ) ) ;
#1638 = DIRECTION ( 'NONE',  ( 1.000000000000000000, 0.0000000000000000000, 0.0000000000000000000 ) ) ;
#1639 = CARTESIAN_POINT ( 'NONE',  ( 0.3100000000000000000, 0.1099999999999999900, 0.0000000000000000000 ) ) ;
#1640 = CARTESIAN_POINT ( 'NONE',  ( 0.2000000000000000100, 0.1099999999999999700, 0.4000000000000000200 ) ) ;
#1641 = DIRECTION ( 'NONE',  ( 0.0000000000000000000, -0.0000000000000000000, -1.000000000000000000 ) ) ;
#1642 = FACE_OUTER_BOUND ( 'NONE', #1258, .T. ) ;
#1643 = SURFACE_SIDE_STYLE ('',( #174 ) ) ;
#1644 = DIRECTION ( 'NONE',  ( -0.0000000000000000000, -1.000000000000000000, -0.0000000000000000000 ) ) ;
#1645 = SURFACE_STYLE_USAGE ( .BOTH. , #1643 ) ;
#1646 = ORIENTED_EDGE ( 'NONE', *, *, #212, .T. ) ;
#1647 = ORIENTED_EDGE ( 'NONE', *, *, #989, .T. ) ;
#1648 = CARTESIAN_POINT ( 'NONE',  ( 0.09000000000000001100, 0.1099999999999999900, -0.3999999999999999700 ) ) ;
#1649 = CLOSED_SHELL ( 'NONE', ( #4, #761, #1457, #1172, #267 ) ) ;
#1650 = CARTESIAN_POINT ( 'NONE',  ( 0.2400197973963455200, 0.1899999999999728300, -0.3359811292167877400 ) ) ;
#1651 =( BOUNDED_SURFACE ( )  B_SPLINE_SURFACE ( 3, 3, ( 
 ( #12, #106, #336, #371 ),
 ( #410, #455, #55, #508 ),
 ( #557, #116, #171, #263 ),
 ( #330, #359, #399, #446 ) ),
 .UNSPECIFIED., .F., .F., .T. ) 
 B_SPLINE_SURFACE_WITH_KNOTS ( ( 4, 4 ),
 ( 4, 4 ),
 ( 0.0000000000000000000, 1.000000000000000000 ),
 ( 0.0000000000000000000, 1.000000000000000000 ),
 .UNSPECIFIED. ) 
 GEOMETRIC_REPRESENTATION_ITEM ( )  RATIONAL_B_SPLINE_SURFACE ( (
 ( 1.000000000000000000, 0.3333333333333334300, 0.3333333333333334300, 1.000000000000000000),
 ( 0.3333333333333333700, 0.1111111111111111600, 0.1111111111111111600, 0.3333333333333333700),
 ( 0.3333333333333333700, 0.1111111111111111600, 0.1111111111111111600, 0.3333333333333333700),
 ( 1.000000000000000000, 0.3333333333333334300, 0.3333333333333334300, 1.000000000000000000) ) ) 
 REPRESENTATION_ITEM ( '' )  SURFACE ( )  );
#1652 =( NAMED_UNIT ( * ) PLANE_ANGLE_UNIT ( ) SI_UNIT ( $, .RADIAN. ) );
#1653 = CARTESIAN_POINT ( 'NONE',  ( 0.1528149679117953000, 0.1899999999999728300, 0.3404602966428502700 ) ) ;
#1654 = LINE ( 'NONE', #818, #112 ) ;
#1655 =( LENGTH_UNIT ( ) NAMED_UNIT ( * ) SI_UNIT ( .MILLI., .METRE. ) );
#1656 = CARTESIAN_POINT ( 'NONE',  ( -0.1912581546639518800, 0.1899999999999985300, -0.4749905336700622200 ) ) ;
#1657 = VECTOR ( 'NONE', #867, 1000.000000000000000 ) ;
#1658 = CARTESIAN_POINT ( 'NONE',  ( -0.2500000000000001100, 0.5900000000000000800, -0.4500000000000000700 ) ) ;
#1659 = MECHANICAL_DESIGN_GEOMETRIC_PRESENTATION_REPRESENTATION (  '', ( #153 ), #1687 ) ;
#1660 = DIRECTION ( 'NONE',  ( 0.0000000000000000000, 0.0000000000000000000, 1.000000000000000000 ) ) ;
#1661 = EDGE_CURVE ( 'NONE', #1380, #825, #866, .T. ) ;
#1662 = CARTESIAN_POINT ( 'NONE',  ( -0.1828649298720118100, 0.1899999999999985300, -0.4740121132026917600 ) ) ;
#1663 = VECTOR ( 'NONE', #1331, 1000.000000000000000 ) ;
#1664 = VERTEX_POINT ( 'NONE', #551 ) ;
#1665 = ORIENTED_EDGE ( 'NONE', *, *, #154, .F. ) ;
#1666 = FACE_OUTER_BOUND ( 'NONE', #1213, .T. ) ;
#1667 = EDGE_LOOP ( 'NONE', ( #477, #709, #305, #437 ) ) ;
#1668 = DIRECTION ( 'NONE',  ( 0.0000000000000000000, 1.000000000000000000, 0.0000000000000000000 ) ) ;
#1669 = CARTESIAN_POINT ( 'NONE',  ( -0.09000000000000001100, 0.1099999999999999900, -0.3999999999999999700 ) ) ;
#1670 = DIRECTION ( 'NONE',  ( 1.000000000000000000, 0.0000000000000000000, 0.0000000000000000000 ) ) ;
#1671 = CARTESIAN_POINT ( 'NONE',  ( 0.1357668704329716700, 0.1899999999997961100, 0.3594351310237261500 ) ) ;
#1672 = CARTESIAN_POINT ( 'NONE',  ( 0.09000000000000002400, 0.1100000000000000700, -0.4000000000000001300 ) ) ;
#1673 = EDGE_CURVE ( 'NONE', #1056, #1190, #377, .T. ) ;
#1674 = CARTESIAN_POINT ( 'NONE',  ( 0.09000000000000003800, -0.1099999999999999900, 0.4000000000000000200 ) ) ;
#1675 = CARTESIAN_POINT ( 'NONE',  ( -0.09000000000000002400, 0.3299999999999999000, -0.4000000000000000200 ) ) ;
#1676 = DIRECTION ( 'NONE',  ( 0.0000000000000000000, 1.000000000000000000, 0.0000000000000000000 ) ) ;
#1677 = CARTESIAN_POINT ( 'NONE',  ( 0.2740394289440657400, 0.1899999999998402700, 0.4170166533334359600 ) ) ;
#1678 = CARTESIAN_POINT ( 'NONE',  ( 0.09000000000000002400, 0.1099999999999999600, -0.4000000000000001300 ) ) ;
#1679 = FACE_OUTER_BOUND ( 'NONE', #1418, .T. ) ;
#1680 = CARTESIAN_POINT ( 'NONE',  ( 0.09000000000000003800, -0.1099999999999999900, 0.8399999999999999700 ) ) ;
#1681 = AXIS2_PLACEMENT_3D ( 'NONE', #501, #596, #1152 ) ;
#1682 = CARTESIAN_POINT ( 'NONE',  ( -0.3100000000000000000, 0.3299999999999999000, -0.4000000000000000200 ) ) ;
#1683 = CARTESIAN_POINT ( 'NONE',  ( 0.2753586411810216000, 0.1899999999994911000, -0.4052997498769881400 ) ) ;
#1684 = CARTESIAN_POINT ( 'NONE',  ( 0.09000000000000002400, 0.1099999999999998900, -0.4000000000000001300 ) ) ;
#1685 = AXIS2_PLACEMENT_3D ( 'NONE', #1526, #651, #644 ) ;
#1686 = EDGE_CURVE ( 'NONE', #402, #496, #600, .T. ) ;
#1687 =( GEOMETRIC_REPRESENTATION_CONTEXT ( 3 ) GLOBAL_UNCERTAINTY_ASSIGNED_CONTEXT ( ( #396 ) ) GLOBAL_UNIT_ASSIGNED_CONTEXT ( ( #198, #141, #132 ) ) REPRESENTATION_CONTEXT ( 'NONE', 'WORKASPACE' ) );
#1688 = CARTESIAN_POINT ( 'NONE',  ( 0.09000000000000003800, 0.3299999999999998500, 0.8400000000000000800 ) ) ;
#1689 = LINE ( 'NONE', #579, #1413 ) ;
#1690 = SURFACE_STYLE_USAGE ( .BOTH. , #94 ) ;
#1691 = ORIENTED_EDGE ( 'NONE', *, *, #73, .F. ) ;
#1692 = ADVANCED_FACE ( 'NONE', ( #742 ), #387, .T. ) ;
#1693 = CARTESIAN_POINT ( 'NONE',  ( 0.1246413588191398900, 0.1899999999994911000, -0.3947002501214838000 ) ) ;
#1694 = ORIENTED_EDGE ( 'NONE', *, *, #783, .F. ) ;
#1695 = DIRECTION ( 'NONE',  ( -0.0000000000000000000, -1.000000000000000000, -0.0000000000000000000 ) ) ;
#1696 = EDGE_LOOP ( 'NONE', ( #828, #999 ) ) ;
#1697 = CARTESIAN_POINT ( 'NONE',  ( 0.2712424115459347000, 0.1899999999998402700, 0.4249903740894861400 ) ) ;
#1698 = CARTESIAN_POINT ( 'NONE',  ( 0.2754983443527075900, 0.1899999999999998600, 0.4084500608885920900 ) ) ;
#1699 = CARTESIAN_POINT ( 'NONE',  ( 0.09000000000000003800, 0.3299999999999999000, 0.4000000000000000200 ) ) ;
#1700 = CARTESIAN_POINT ( 'NONE',  ( -0.09000000000000002400, 0.1099999999999999700, -0.4000000000000000200 ) ) ;
ENDSEC;
END-ISO-10303-21;
